t,Fx,Fy,disp_max,volume
0.00250,-5.387766e-22,0.000000e+00,0.000000e+00,1.255740e-01
0.00500,4.206043e-02,1.142954e-02,7.235770e-06,1.255740e-01
0.00750,5.583831e-02,1.533544e-02,2.463581e-05,1.255740e-01
0.01000,5.401558e-02,1.499640e-02,5.228562e-05,1.255740e-01
0.01250,4.839044e-02,1.356776e-02,8.932197e-05,1.255740e-01
0.01500,4.272693e-02,1.207749e-02,1.347710e-04,1.255740e-01
0.01750,3.799139e-02,1.080574e-02,1.876858e-04,1.255740e-01
0.02000,3.424227e-02,9.782844e-03,2.473127e-04,1.255740e-01
0.02250,3.130816e-02,8.971474e-03,3.130485e-04,1.255740e-01
0.02500,2.899596e-02,8.324404e-03,3.844112e-04,1.255740e-01
0.02750,2.714604e-02,7.801017e-03,4.610119e-04,1.255740e-01
0.03000,2.563867e-02,7.370131e-03,5.425313e-04,1.255740e-01
0.03250,2.438730e-02,7.008848e-03,6.287030e-04,1.255739e-01
0.03500,2.333010e-02,6.700610e-03,7.193010e-04,1.255739e-01
0.03750,2.242277e-02,6.433452e-03,8.141304e-04,1.255739e-01
0.04000,2.163329e-02,6.198666e-03,9.130208e-04,1.255739e-01
0.04250,2.093818e-02,5.989834e-03,1.015822e-03,1.255739e-01
0.04500,2.031992e-02,5.802151e-03,1.122398e-03,1.255739e-01
0.04750,1.976521e-02,5.631965e-03,1.232630e-03,1.255738e-01
0.05000,1.926379e-02,5.476449e-03,1.346405e-03,1.255738e-01
0.05250,1.880758e-02,5.333382e-03,1.463624e-03,1.255738e-01
0.05500,1.839016e-02,5.200992e-03,1.584194e-03,1.255738e-01
0.05750,1.800632e-02,5.077843e-03,1.708030e-03,1.255737e-01
0.06000,1.765180e-02,4.962760e-03,1.835051e-03,1.255737e-01
0.06250,1.732307e-02,4.854769e-03,1.965185e-03,1.255737e-01
0.06500,1.701718e-02,4.753055e-03,2.098361e-03,1.255736e-01
0.06750,1.673162e-02,4.656926e-03,2.234515e-03,1.255736e-01
0.07000,1.646426e-02,4.565795e-03,2.373585e-03,1.255736e-01
0.07250,1.621327e-02,4.479157e-03,2.515514e-03,1.255735e-01
0.07500,1.597709e-02,4.396574e-03,2.660248e-03,1.255735e-01
0.07750,1.575432e-02,4.317665e-03,2.807734e-03,1.255735e-01
0.08000,1.554377e-02,4.242099e-03,2.957922e-03,1.255734e-01
0.08250,1.534439e-02,4.169581e-03,3.110767e-03,1.255734e-01
0.08500,1.515524e-02,4.099855e-03,3.266224e-03,1.255734e-01
0.08750,1.497550e-02,4.032689e-03,3.424248e-03,1.255733e-01
0.09000,1.480442e-02,3.967880e-03,3.584801e-03,1.255733e-01
0.09250,1.464135e-02,3.905245e-03,3.747841e-03,1.255733e-01
0.09500,1.448570e-02,3.844620e-03,3.913331e-03,1.255732e-01
0.09750,1.433693e-02,3.785855e-03,4.081235e-03,1.255732e-01
0.10000,1.419456e-02,3.728819e-03,4.251517e-03,1.255731e-01
0.10250,1.405816e-02,3.673389e-03,4.424144e-03,1.255731e-01
0.10500,1.392732e-02,3.619456e-03,4.599082e-03,1.255731e-01
0.10750,1.380170e-02,3.566918e-03,4.776301e-03,1.255730e-01
0.11000,1.368094e-02,3.515684e-03,4.955768e-03,1.255730e-01
0.11250,1.356476e-02,3.465671e-03,5.137455e-03,1.255729e-01
0.11500,1.345288e-02,3.416800e-03,5.321333e-03,1.255729e-01
0.11750,1.334503e-02,3.369001e-03,5.507372e-03,1.255728e-01
0.12000,1.324099e-02,3.322206e-03,5.695547e-03,1.255728e-01
0.12250,1.314053e-02,3.276355e-03,5.885830e-03,1.255728e-01
0.12500,1.304345e-02,3.231390e-03,6.078194e-03,1.255727e-01
0.12750,1.294956e-02,3.187260e-03,6.272615e-03,1.255727e-01
0.13000,1.285870e-02,3.143915e-03,6.469068e-03,1.255726e-01
0.13250,1.277070e-02,3.101311e-03,6.667528e-03,1.255726e-01
0.13500,1.268541e-02,3.059406e-03,6.867971e-03,1.255726e-01
0.13750,1.260268e-02,3.018161e-03,7.070373e-03,1.255725e-01
0.14000,1.252238e-02,2.977542e-03,7.274712e-03,1.255725e-01
0.14250,1.244439e-02,2.937516e-03,7.480964e-03,1.255725e-01
0.14500,1.236859e-02,2.898055e-03,7.689106e-03,1.255724e-01
0.14750,1.229487e-02,2.859131e-03,7.899118e-03,1.255724e-01
0.15000,1.222312e-02,2.820716e-03,8.110975e-03,1.255724e-01
0.15250,1.215326e-02,2.782786e-03,8.324658e-03,1.255723e-01
0.15500,1.208519e-02,2.745315e-03,8.540143e-03,1.255723e-01
0.15750,1.201883e-02,2.708280e-03,8.757412e-03,1.255723e-01
0.16000,1.195409e-02,2.671658e-03,8.976442e-03,1.255723e-01
0.16250,1.189090e-02,2.635430e-03,9.197213e-03,1.255722e-01
0.16500,1.182918e-02,2.599576e-03,9.419705e-03,1.255722e-01
0.16750,1.176887e-02,2.564076e-03,9.643899e-03,1.255722e-01
0.17000,1.170991e-02,2.528912e-03,9.869773e-03,1.255722e-01
0.17250,1.165223e-02,2.494066e-03,1.009731e-02,1.255722e-01
0.17500,1.159578e-02,2.459527e-03,1.032705e-02,1.255722e-01
0.17750,1.154049e-02,2.425282e-03,1.055844e-02,1.255721e-01
0.18000,1.148632e-02,2.391319e-03,1.079147e-02,1.255721e-01
0.18250,1.143321e-02,2.357630e-03,1.102610e-02,1.255721e-01
0.18500,1.138112e-02,2.324202e-03,1.126233e-02,1.255721e-01
0.18750,1.133000e-02,2.291026e-03,1.150012e-02,1.255721e-01
0.19000,1.127980e-02,2.258091e-03,1.173947e-02,1.255721e-01
0.19250,1.123050e-02,2.225386e-03,1.198035e-02,1.255721e-01
0.19500,1.118203e-02,2.192903e-03,1.222275e-02,1.255722e-01
0.19750,1.113438e-02,2.160629e-03,1.246664e-02,1.255722e-01
0.20000,1.108749e-02,2.128556e-03,1.271201e-02,1.255722e-01
0.20250,1.104135e-02,2.096677e-03,1.295884e-02,1.255722e-01
0.20500,1.099591e-02,2.064983e-03,1.320712e-02,1.255722e-01
0.20750,1.095115e-02,2.033468e-03,1.345681e-02,1.255723e-01
0.21000,1.090702e-02,2.002132e-03,1.370792e-02,1.255723e-01
0.21250,1.086352e-02,1.970971e-03,1.396041e-02,1.255723e-01
0.21500,1.082060e-02,1.939969e-03,1.421427e-02,1.255724e-01
0.21750,1.077825e-02,1.909118e-03,1.446949e-02,1.255724e-01
0.22000,1.073643e-02,1.878417e-03,1.472604e-02,1.255725e-01
0.22250,1.069512e-02,1.847864e-03,1.498391e-02,1.255725e-01
0.22500,1.065431e-02,1.817451e-03,1.524307e-02,1.255726e-01
0.22750,1.061397e-02,1.787170e-03,1.550352e-02,1.255727e-01
0.23000,1.057408e-02,1.757017e-03,1.576523e-02,1.255727e-01
0.23250,1.053463e-02,1.726988e-03,1.602819e-02,1.255728e-01
0.23500,1.049559e-02,1.697081e-03,1.629238e-02,1.255729e-01
0.23750,1.045696e-02,1.667294e-03,1.655778e-02,1.255730e-01
0.24000,1.041872e-02,1.637622e-03,1.682438e-02,1.255731e-01
0.24250,1.038086e-02,1.608061e-03,1.709216e-02,1.255732e-01
0.24500,1.034334e-02,1.578610e-03,1.736110e-02,1.255733e-01
0.24750,1.030615e-02,1.549273e-03,1.763118e-02,1.255734e-01
0.25000,1.026927e-02,1.520054e-03,1.790240e-02,1.255735e-01
0.25250,1.023270e-02,1.490954e-03,1.817473e-02,1.255736e-01
0.25500,1.019641e-02,1.461968e-03,1.844815e-02,1.255737e-01
0.25750,1.016039e-02,1.433095e-03,1.872266e-02,1.255739e-01
0.26000,1.012465e-02,1.404332e-03,1.899945e-02,1.255740e-01
0.26250,1.008915e-02,1.375675e-03,1.927733e-02,1.255741e-01
0.26500,1.005389e-02,1.347119e-03,1.955628e-02,1.255743e-01
0.26750,1.001887e-02,1.318659e-03,1.983627e-02,1.255745e-01
0.27000,9.984063e-03,1.290281e-03,2.011730e-02,1.255746e-01
0.27250,9.949483e-03,1.261969e-03,2.039934e-02,1.255748e-01
0.27500,9.915119e-03,1.233744e-03,2.068237e-02,1.255750e-01
0.27750,9.880960e-03,1.205622e-03,2.096639e-02,1.255752e-01
0.28000,9.846988e-03,1.177599e-03,2.125138e-02,1.255754e-01
0.28250,9.813197e-03,1.149677e-03,2.153732e-02,1.255756e-01
0.28500,9.779588e-03,1.121855e-03,2.182420e-02,1.255758e-01
0.28750,9.746149e-03,1.094128e-03,2.211200e-02,1.255760e-01
0.29000,9.712878e-03,1.066485e-03,2.240071e-02,1.255762e-01
0.29250,9.679772e-03,1.038923e-03,2.269030e-02,1.255764e-01
0.29500,9.646826e-03,1.011442e-03,2.298078e-02,1.255767e-01
0.29750,9.614032e-03,9.840346e-04,2.327211e-02,1.255769e-01
0.30000,9.581381e-03,9.566978e-04,2.356430e-02,1.255772e-01
0.30250,9.548856e-03,9.294462e-04,2.385732e-02,1.255775e-01
0.30500,9.516449e-03,9.022924e-04,2.415116e-02,1.255777e-01
0.30750,9.484153e-03,8.752457e-04,2.444580e-02,1.255780e-01
0.31000,9.451961e-03,8.482975e-04,2.474124e-02,1.255783e-01
0.31250,9.419865e-03,8.214442e-04,2.503745e-02,1.255786e-01
0.31500,9.387860e-03,7.946819e-04,2.533492e-02,1.255789e-01
0.31750,9.355940e-03,7.680091e-04,2.563453e-02,1.255793e-01
0.32000,9.324109e-03,7.414134e-04,2.593490e-02,1.255796e-01
0.32250,9.292377e-03,7.148765e-04,2.623604e-02,1.255799e-01
0.32500,9.260737e-03,6.884055e-04,2.653792e-02,1.255803e-01
0.32750,9.229192e-03,6.619948e-04,2.684053e-02,1.255806e-01
0.33000,9.197748e-03,6.356374e-04,2.714386e-02,1.255810e-01
0.33250,9.166398e-03,6.093370e-04,2.744790e-02,1.255814e-01
0.33500,9.135138e-03,5.830953e-04,2.775262e-02,1.255818e-01
0.33750,9.103969e-03,5.569148e-04,2.805803e-02,1.255822e-01
0.34000,9.072880e-03,5.307989e-04,2.836410e-02,1.255826e-01
0.34250,9.041858e-03,5.047429e-04,2.867082e-02,1.255830e-01
0.34500,9.010885e-03,4.787572e-04,2.897818e-02,1.255834e-01
0.34750,8.979976e-03,4.528509e-04,2.928617e-02,1.255839e-01
0.35000,8.949142e-03,4.270291e-04,2.959478e-02,1.255843e-01
0.35250,8.918383e-03,4.012910e-04,2.990399e-02,1.255848e-01
0.35500,8.887691e-03,3.756322e-04,3.021378e-02,1.255852e-01
0.35750,8.857058e-03,3.500444e-04,3.052416e-02,1.255857e-01
0.36000,8.826477e-03,3.245224e-04,3.083511e-02,1.255862e-01
0.36250,8.795934e-03,2.990576e-04,3.114661e-02,1.255867e-01
0.36500,8.765427e-03,2.736486e-04,3.145865e-02,1.255872e-01
0.36750,8.734957e-03,2.482878e-04,3.177230e-02,1.255878e-01
0.37000,8.704526e-03,2.229786e-04,3.208788e-02,1.255883e-01
0.37250,8.674157e-03,1.977121e-04,3.240401e-02,1.255889e-01
0.37500,8.643857e-03,1.724639e-04,3.272067e-02,1.255894e-01
0.37750,8.613619e-03,1.472378e-04,3.303785e-02,1.255900e-01
0.38000,8.583445e-03,1.220255e-04,3.335554e-02,1.255906e-01
0.38250,8.553331e-03,9.683128e-05,3.367374e-02,1.255912e-01
0.38500,8.523276e-03,7.166256e-05,3.399242e-02,1.255918e-01
0.38750,8.493273e-03,4.651592e-05,3.431158e-02,1.255924e-01
0.39000,8.463314e-03,2.139403e-05,3.463122e-02,1.255930e-01
0.39250,8.433396e-03,-3.690871e-06,3.495131e-02,1.255937e-01
0.39500,8.403515e-03,-2.871942e-05,3.527184e-02,1.255943e-01
0.39750,8.373676e-03,-5.369971e-05,3.559282e-02,1.255950e-01
0.40000,8.343882e-03,-7.865116e-05,3.591422e-02,1.255957e-01
0.40250,8.314126e-03,-1.035911e-04,3.623604e-02,1.255963e-01
0.40500,8.284399e-03,-1.285248e-04,3.655826e-02,1.255970e-01
0.40750,8.254699e-03,-1.534417e-04,3.688088e-02,1.255978e-01
0.41000,8.225024e-03,-1.783517e-04,3.720389e-02,1.255985e-01
0.41250,8.195368e-03,-2.032640e-04,3.752726e-02,1.255992e-01
0.41500,8.165723e-03,-2.281730e-04,3.785101e-02,1.256000e-01
0.41750,8.136099e-03,-2.530601e-04,3.817511e-02,1.256007e-01
0.42000,8.106512e-03,-2.779156e-04,3.849955e-02,1.256015e-01
0.42250,8.076969e-03,-3.027444e-04,3.882433e-02,1.256023e-01
0.42500,8.047474e-03,-3.275222e-04,3.915228e-02,1.256031e-01
0.42750,8.018031e-03,-3.522279e-04,3.948086e-02,1.256039e-01
0.43000,7.988642e-03,-3.768685e-04,3.980978e-02,1.256047e-01
0.43250,7.959307e-03,-4.014420e-04,4.013903e-02,1.256056e-01
0.43500,7.930030e-03,-4.259517e-04,4.046861e-02,1.256064e-01
0.43750,7.900779e-03,-4.503842e-04,4.079851e-02,1.256073e-01
0.44000,7.871545e-03,-4.747636e-04,4.112872e-02,1.256082e-01
0.44250,7.842330e-03,-4.990974e-04,4.145923e-02,1.256091e-01
0.44500,7.813124e-03,-5.233827e-04,4.179003e-02,1.256100e-01
0.44750,7.783947e-03,-5.476302e-04,4.212112e-02,1.256109e-01
0.45000,7.754822e-03,-5.718314e-04,4.245247e-02,1.256118e-01
0.45250,7.725724e-03,-5.959793e-04,4.278410e-02,1.256128e-01
0.45500,7.696665e-03,-6.200397e-04,4.311597e-02,1.256137e-01
0.45750,7.667662e-03,-6.439869e-04,4.344810e-02,1.256147e-01
0.46000,7.638703e-03,-6.678092e-04,4.378046e-02,1.256157e-01
0.46250,7.609769e-03,-6.915202e-04,4.411305e-02,1.256167e-01
0.46500,7.580871e-03,-7.151621e-04,4.444586e-02,1.256177e-01
0.46750,7.552025e-03,-7.387170e-04,4.477889e-02,1.256187e-01
0.47000,7.523221e-03,-7.621581e-04,4.511212e-02,1.256197e-01
0.47250,7.494453e-03,-7.854599e-04,4.544554e-02,1.256208e-01
0.47500,7.465720e-03,-8.086142e-04,4.577916e-02,1.256218e-01
0.47750,7.437026e-03,-8.316482e-04,4.611295e-02,1.256229e-01
0.48000,7.408376e-03,-8.545649e-04,4.644692e-02,1.256240e-01
0.48250,7.379757e-03,-8.773693e-04,4.678105e-02,1.256251e-01
0.48500,7.351177e-03,-9.000808e-04,4.711534e-02,1.256262e-01
0.48750,7.322611e-03,-9.226933e-04,4.744978e-02,1.256273e-01
0.49000,7.294044e-03,-9.452057e-04,4.778437e-02,1.256285e-01
0.49250,7.265476e-03,-9.676022e-04,4.812051e-02,1.256296e-01
0.49500,7.236928e-03,-9.899440e-04,4.845912e-02,1.256308e-01
0.49750,7.208420e-03,-1.012246e-03,4.879788e-02,1.256320e-01
0.50000,7.179975e-03,-1.034506e-03,4.913680e-02,1.256332e-01
0.50250,7.151576e-03,-1.056700e-03,4.947587e-02,1.256344e-01
0.50500,7.123207e-03,-1.078762e-03,4.981507e-02,1.256356e-01
0.50750,7.094874e-03,-1.100698e-03,5.015440e-02,1.256368e-01
0.51000,7.066557e-03,-1.122545e-03,5.049385e-02,1.256381e-01
0.51250,7.038269e-03,-1.144334e-03,5.083341e-02,1.256393e-01
0.51500,7.010010e-03,-1.166080e-03,5.117308e-02,1.256406e-01
0.51750,6.981784e-03,-1.187767e-03,5.151285e-02,1.256419e-01
0.52000,6.953624e-03,-1.209395e-03,5.185272e-02,1.256432e-01
0.52250,6.925552e-03,-1.230898e-03,5.219267e-02,1.256445e-01
0.52500,6.897550e-03,-1.252281e-03,5.253271e-02,1.256458e-01
0.52750,6.869584e-03,-1.273576e-03,5.287282e-02,1.256471e-01
0.53000,6.841646e-03,-1.294813e-03,5.321300e-02,1.256485e-01
0.53250,6.813725e-03,-1.315998e-03,5.355323e-02,1.256499e-01
0.53500,6.785800e-03,-1.337087e-03,5.389353e-02,1.256512e-01
0.53750,6.757878e-03,-1.358106e-03,5.423387e-02,1.256526e-01
0.54000,6.729957e-03,-1.379087e-03,5.457426e-02,1.256540e-01
0.54250,6.702070e-03,-1.400081e-03,5.491469e-02,1.256554e-01
0.54500,6.674221e-03,-1.421141e-03,5.525515e-02,1.256569e-01
0.54750,6.646422e-03,-1.442235e-03,5.559563e-02,1.256583e-01
0.55000,6.618686e-03,-1.463364e-03,5.593614e-02,1.256598e-01
0.55250,6.591017e-03,-1.484562e-03,5.627665e-02,1.256612e-01
0.55500,6.563422e-03,-1.505811e-03,5.661718e-02,1.256627e-01
0.55750,6.535888e-03,-1.527067e-03,5.695771e-02,1.256642e-01
0.56000,6.508394e-03,-1.548341e-03,5.729823e-02,1.256657e-01
0.56250,6.480932e-03,-1.569599e-03,5.763875e-02,1.256672e-01
0.56500,6.453489e-03,-1.590792e-03,5.797925e-02,1.256687e-01
0.56750,6.426075e-03,-1.611971e-03,5.831973e-02,1.256703e-01
0.57000,6.398699e-03,-1.633177e-03,5.866018e-02,1.256718e-01
0.57250,6.371343e-03,-1.654403e-03,5.900060e-02,1.256734e-01
0.57500,6.344010e-03,-1.675650e-03,5.934099e-02,1.256750e-01
0.57750,6.316719e-03,-1.696887e-03,5.968134e-02,1.256766e-01
0.58000,6.289458e-03,-1.718125e-03,6.002164e-02,1.256782e-01
0.58250,6.262210e-03,-1.739413e-03,6.036189e-02,1.256798e-01
0.58500,6.234996e-03,-1.760736e-03,6.070208e-02,1.256814e-01
0.58750,6.207838e-03,-1.782069e-03,6.104222e-02,1.256831e-01
0.59000,6.180743e-03,-1.803385e-03,6.138631e-02,1.256847e-01
0.59250,6.153722e-03,-1.824679e-03,6.173081e-02,1.256864e-01
0.59500,6.126777e-03,-1.845963e-03,6.207527e-02,1.256880e-01
0.59750,6.099927e-03,-1.867259e-03,6.241969e-02,1.256897e-01
0.60000,6.073148e-03,-1.888507e-03,6.276404e-02,1.256914e-01
0.60250,6.046418e-03,-1.909716e-03,6.310834e-02,1.256931e-01
0.60500,6.019704e-03,-1.930862e-03,6.345257e-02,1.256949e-01
0.60750,5.992994e-03,-1.951877e-03,6.379674e-02,1.256966e-01
0.61000,5.966287e-03,-1.972787e-03,6.414083e-02,1.256983e-01
0.61250,5.939582e-03,-1.993574e-03,6.448484e-02,1.257001e-01
0.61500,5.912891e-03,-2.014208e-03,6.482877e-02,1.257019e-01
0.61750,5.886246e-03,-2.034706e-03,6.517261e-02,1.257036e-01
0.62000,5.859672e-03,-2.055113e-03,6.551636e-02,1.257054e-01
0.62250,5.833155e-03,-2.075432e-03,6.586002e-02,1.257072e-01
0.62500,5.806703e-03,-2.095698e-03,6.620357e-02,1.257091e-01
0.62750,5.780285e-03,-2.115905e-03,6.654703e-02,1.257109e-01
0.63000,5.753874e-03,-2.135977e-03,6.689037e-02,1.257127e-01
0.63250,5.727478e-03,-2.155829e-03,6.723360e-02,1.257146e-01
0.63500,5.701123e-03,-2.175508e-03,6.757672e-02,1.257164e-01
0.63750,5.674822e-03,-2.195030e-03,6.791972e-02,1.257183e-01
0.64000,5.648620e-03,-2.214428e-03,6.826665e-02,1.257202e-01
0.64250,5.622487e-03,-2.233685e-03,6.861402e-02,1.257220e-01
0.64500,5.596398e-03,-2.252858e-03,6.896129e-02,1.257239e-01
0.64750,5.570357e-03,-2.271961e-03,6.930844e-02,1.257259e-01
0.65000,5.544354e-03,-2.290936e-03,6.965549e-02,1.257278e-01
0.65250,5.518352e-03,-2.309706e-03,7.000241e-02,1.257297e-01
0.65500,5.492344e-03,-2.328313e-03,7.034922e-02,1.257317e-01
0.65750,5.466377e-03,-2.346862e-03,7.069590e-02,1.257336e-01
0.66000,5.440461e-03,-2.365457e-03,7.104245e-02,1.257356e-01
0.66250,5.414586e-03,-2.384014e-03,7.138886e-02,1.257375e-01
0.66500,5.388768e-03,-2.402457e-03,7.173514e-02,1.257395e-01
0.66750,5.363034e-03,-2.420800e-03,7.208128e-02,1.257415e-01
0.67000,5.337362e-03,-2.439012e-03,7.242727e-02,1.257435e-01
0.67250,5.311729e-03,-2.457096e-03,7.277311e-02,1.257455e-01
0.67500,5.286156e-03,-2.475190e-03,7.311880e-02,1.257475e-01
0.67750,5.260630e-03,-2.493352e-03,7.346434e-02,1.257496e-01
0.68000,5.235129e-03,-2.511538e-03,7.380971e-02,1.257516e-01
0.68250,5.209666e-03,-2.529717e-03,7.415493e-02,1.257537e-01
0.68500,5.184241e-03,-2.547832e-03,7.449998e-02,1.257557e-01
0.68750,5.158874e-03,-2.565946e-03,7.484486e-02,1.257578e-01
0.69000,5.133565e-03,-2.584064e-03,7.518958e-02,1.257599e-01
0.69250,5.108284e-03,-2.602130e-03,7.553411e-02,1.257619e-01
0.69500,5.083026e-03,-2.620164e-03,7.587847e-02,1.257640e-01
0.69750,5.057780e-03,-2.638249e-03,7.622265e-02,1.257661e-01
0.70000,5.032542e-03,-2.656396e-03,7.656664e-02,1.257683e-01
0.70250,5.007314e-03,-2.674596e-03,7.691044e-02,1.257704e-01
0.70500,4.982101e-03,-2.692853e-03,7.725404e-02,1.257725e-01
0.70750,4.956921e-03,-2.711219e-03,7.759745e-02,1.257746e-01
0.71000,4.931831e-03,-2.729684e-03,7.794067e-02,1.257768e-01
0.71250,4.906873e-03,-2.748247e-03,7.828368e-02,1.257789e-01
0.71500,4.882038e-03,-2.766812e-03,7.862650e-02,1.257811e-01
0.71750,4.857285e-03,-2.785288e-03,7.896910e-02,1.257833e-01
0.72000,4.832582e-03,-2.803641e-03,7.931151e-02,1.257855e-01
0.72250,4.807875e-03,-2.821898e-03,7.965370e-02,1.257876e-01
0.72500,4.783164e-03,-2.840126e-03,7.999568e-02,1.257898e-01
0.72750,4.758449e-03,-2.858361e-03,8.033745e-02,1.257920e-01
0.73000,4.733749e-03,-2.876675e-03,8.067900e-02,1.257943e-01
0.73250,4.709094e-03,-2.895181e-03,8.102033e-02,1.257965e-01
0.73500,4.684500e-03,-2.913828e-03,8.136143e-02,1.257987e-01
0.73750,4.660009e-03,-2.932524e-03,8.170231e-02,1.258009e-01
0.74000,4.635638e-03,-2.951192e-03,8.204296e-02,1.258032e-01
0.74250,4.611347e-03,-2.969770e-03,8.238338e-02,1.258054e-01
0.74500,4.587095e-03,-2.988266e-03,8.272356e-02,1.258077e-01
0.74750,4.562851e-03,-3.006603e-03,8.306351e-02,1.258099e-01
0.75000,4.538639e-03,-3.024871e-03,8.340321e-02,1.258122e-01
0.75250,4.514471e-03,-3.043078e-03,8.374268e-02,1.258145e-01
0.75500,4.490352e-03,-3.061156e-03,8.408190e-02,1.258168e-01
0.75750,4.466294e-03,-3.079104e-03,8.442088e-02,1.258191e-01
0.76000,4.442279e-03,-3.096813e-03,8.475962e-02,1.258213e-01
0.76250,4.418323e-03,-3.114312e-03,8.509811e-02,1.258236e-01
0.76500,4.394469e-03,-3.131679e-03,8.543634e-02,1.258260e-01
0.76750,4.370691e-03,-3.148934e-03,8.577433e-02,1.258283e-01
0.77000,4.346950e-03,-3.166200e-03,8.611206e-02,1.258306e-01
0.77250,4.323242e-03,-3.183481e-03,8.644953e-02,1.258329e-01
0.77500,4.299555e-03,-3.200640e-03,8.678675e-02,1.258352e-01
0.77750,4.275877e-03,-3.217587e-03,8.712370e-02,1.258376e-01
0.78000,4.252230e-03,-3.234404e-03,8.746039e-02,1.258399e-01
0.78250,4.228639e-03,-3.251156e-03,8.779681e-02,1.258423e-01
0.78500,4.205081e-03,-3.267768e-03,8.813825e-02,1.258446e-01
0.78750,4.181542e-03,-3.284214e-03,8.847965e-02,1.258470e-01
0.79000,4.158054e-03,-3.300438e-03,8.882079e-02,1.258494e-01
0.79250,4.134646e-03,-3.316531e-03,8.916168e-02,1.258517e-01
0.79500,4.111289e-03,-3.332520e-03,8.950232e-02,1.258541e-01
0.79750,4.087980e-03,-3.348382e-03,8.984270e-02,1.258565e-01
0.80000,4.064714e-03,-3.364190e-03,9.018281e-02,1.258589e-01
0.80250,4.041477e-03,-3.379995e-03,9.052267e-02,1.258613e-01
0.80500,4.018296e-03,-3.395715e-03,9.086227e-02,1.258637e-01
0.80750,3.995154e-03,-3.411312e-03,9.120160e-02,1.258661e-01
0.81000,3.972057e-03,-3.426862e-03,9.154067e-02,1.258685e-01
0.81250,3.949024e-03,-3.442430e-03,9.187948e-02,1.258709e-01
0.81500,3.926090e-03,-3.458098e-03,9.221801e-02,1.258733e-01
0.81750,3.903225e-03,-3.473786e-03,9.255628e-02,1.258757e-01
0.82000,3.880409e-03,-3.489483e-03,9.289426e-02,1.258782e-01
0.82250,3.857631e-03,-3.505186e-03,9.323197e-02,1.258806e-01
0.82500,3.834928e-03,-3.520941e-03,9.356941e-02,1.258830e-01
0.82750,3.812304e-03,-3.536771e-03,9.390656e-02,1.258854e-01
0.83000,3.789726e-03,-3.552680e-03,9.424342e-02,1.258879e-01
0.83250,3.767157e-03,-3.568625e-03,9.458001e-02,1.258903e-01
0.83500,3.744578e-03,-3.584626e-03,9.491631e-02,1.258928e-01
0.83750,3.722007e-03,-3.600705e-03,9.525233e-02,1.258952e-01
0.84000,3.699462e-03,-3.616779e-03,9.558806e-02,1.258977e-01
0.84250,3.676970e-03,-3.632896e-03,9.592351e-02,1.259001e-01
0.84500,3.654545e-03,-3.649139e-03,9.625867e-02,1.259026e-01
0.84750,3.632164e-03,-3.665428e-03,9.659355e-02,1.259051e-01
0.85000,3.609832e-03,-3.681743e-03,9.692814e-02,1.259076e-01
0.85250,3.587553e-03,-3.698033e-03,9.726244e-02,1.259100e-01
0.85500,3.565342e-03,-3.714334e-03,9.759644e-02,1.259125e-01
0.85750,3.543192e-03,-3.730767e-03,9.793015e-02,1.259150e-01
0.86000,3.521116e-03,-3.747392e-03,9.826357e-02,1.259175e-01
0.86250,3.499157e-03,-3.764170e-03,9.859669e-02,1.259199e-01
0.86500,3.477288e-03,-3.780885e-03,9.892951e-02,1.259224e-01
0.86750,3.455481e-03,-3.797525e-03,9.926202e-02,1.259249e-01
0.87000,3.433714e-03,-3.814144e-03,9.959424e-02,1.259274e-01
0.87250,3.411972e-03,-3.830653e-03,9.992616e-02,1.259299e-01
0.87500,3.390238e-03,-3.847014e-03,1.002578e-01,1.259324e-01
0.87750,3.368523e-03,-3.863242e-03,1.005891e-01,1.259349e-01
0.88000,3.346854e-03,-3.879488e-03,1.009201e-01,1.259374e-01
0.88250,3.325252e-03,-3.895770e-03,1.012508e-01,1.259399e-01
0.88500,3.303731e-03,-3.912016e-03,1.015812e-01,1.259424e-01
0.88750,3.282247e-03,-3.928129e-03,1.019113e-01,1.259449e-01
0.89000,3.260823e-03,-3.944119e-03,1.022411e-01,1.259474e-01
0.89250,3.239438e-03,-3.959889e-03,1.025706e-01,1.259500e-01
0.89500,3.218065e-03,-3.975340e-03,1.028998e-01,1.259525e-01
0.89750,3.196716e-03,-3.990457e-03,1.032286e-01,1.259550e-01
0.90000,3.175440e-03,-4.005391e-03,1.035572e-01,1.259575e-01
0.90250,3.154262e-03,-4.020077e-03,1.038854e-01,1.259600e-01
0.90500,3.133152e-03,-4.034478e-03,1.042133e-01,1.259625e-01
0.90750,3.112095e-03,-4.048698e-03,1.045409e-01,1.259650e-01
0.91000,3.091127e-03,-4.062958e-03,1.048682e-01,1.259676e-01
0.91250,3.070249e-03,-4.077283e-03,1.051969e-01,1.259701e-01
0.91500,3.049408e-03,-4.091415e-03,1.055298e-01,1.259726e-01
0.91750,3.028580e-03,-4.105331e-03,1.058624e-01,1.259751e-01
0.92000,3.007722e-03,-4.119067e-03,1.061947e-01,1.259777e-01
0.92250,2.986875e-03,-4.132694e-03,1.065267e-01,1.259802e-01
0.92500,2.966069e-03,-4.146210e-03,1.068584e-01,1.259827e-01
0.92750,2.945323e-03,-4.159785e-03,1.071898e-01,1.259852e-01
0.93000,2.924658e-03,-4.173482e-03,1.075209e-01,1.259878e-01
0.93250,2.904042e-03,-4.187125e-03,1.078517e-01,1.259903e-01
0.93500,2.883507e-03,-4.200704e-03,1.081822e-01,1.259928e-01
0.93750,2.863076e-03,-4.214269e-03,1.085124e-01,1.259954e-01
0.94000,2.842723e-03,-4.227683e-03,1.088423e-01,1.259979e-01
0.94250,2.822385e-03,-4.241005e-03,1.091719e-01,1.260004e-01
0.94500,2.802075e-03,-4.254292e-03,1.095011e-01,1.260029e-01
0.94750,2.781796e-03,-4.267585e-03,1.098301e-01,1.260055e-01
0.95000,2.761568e-03,-4.281019e-03,1.101587e-01,1.260080e-01
0.95250,2.741434e-03,-4.294676e-03,1.104870e-01,1.260105e-01
0.95500,2.721371e-03,-4.308604e-03,1.108150e-01,1.260131e-01
0.95750,2.701349e-03,-4.322892e-03,1.111427e-01,1.260156e-01
0.96000,2.681321e-03,-4.337418e-03,1.114701e-01,1.260181e-01
0.96250,2.661272e-03,-4.351927e-03,1.117972e-01,1.260207e-01
0.96500,2.641201e-03,-4.366389e-03,1.121239e-01,1.260232e-01
0.96750,2.621193e-03,-4.380986e-03,1.124503e-01,1.260257e-01
0.97000,2.601282e-03,-4.395835e-03,1.127765e-01,1.260282e-01
0.97250,2.581429e-03,-4.410812e-03,1.131023e-01,1.260308e-01
0.97500,2.561659e-03,-4.425902e-03,1.134278e-01,1.260333e-01
0.97750,2.541992e-03,-4.441080e-03,1.137529e-01,1.260358e-01
0.98000,2.522430e-03,-4.456276e-03,1.140778e-01,1.260384e-01
0.98250,2.502936e-03,-4.471583e-03,1.144023e-01,1.260409e-01
0.98500,2.483502e-03,-4.487102e-03,1.147265e-01,1.260434e-01
0.98750,2.464150e-03,-4.502782e-03,1.150504e-01,1.260459e-01
0.99000,2.444889e-03,-4.518475e-03,1.153740e-01,1.260484e-01
0.99250,2.425669e-03,-4.534191e-03,1.156972e-01,1.260510e-01
0.99500,2.406434e-03,-4.549789e-03,1.160202e-01,1.260535e-01
0.99750,2.387220e-03,-4.565268e-03,1.163428e-01,1.260560e-01
1.00000,2.368022e-03,-4.580457e-03,1.166651e-01,1.260585e-01
1.00250,2.348831e-03,-4.595162e-03,1.169871e-01,1.260610e-01
1.00500,2.329649e-03,-4.609496e-03,1.173087e-01,1.260635e-01
1.00750,2.310492e-03,-4.623477e-03,1.176300e-01,1.260661e-01
1.01000,2.291358e-03,-4.637011e-03,1.179510e-01,1.260686e-01
1.01250,2.272287e-03,-4.650214e-03,1.182717e-01,1.260711e-01
1.01500,2.253310e-03,-4.663215e-03,1.185921e-01,1.260736e-01
1.01750,2.234467e-03,-4.676145e-03,1.189121e-01,1.260761e-01
1.02000,2.215716e-03,-4.688946e-03,1.192318e-01,1.260786e-01
1.02250,2.196984e-03,-4.701573e-03,1.195512e-01,1.260811e-01
1.02500,2.178286e-03,-4.713939e-03,1.198703e-01,1.260836e-01
1.02750,2.159664e-03,-4.726114e-03,1.201890e-01,1.260861e-01
1.03000,2.141151e-03,-4.738197e-03,1.205074e-01,1.260886e-01
1.03250,2.122715e-03,-4.750245e-03,1.208255e-01,1.260911e-01
1.03500,2.104316e-03,-4.762294e-03,1.211433e-01,1.260936e-01
1.03750,2.085908e-03,-4.774263e-03,1.214607e-01,1.260960e-01
1.04000,2.067523e-03,-4.786093e-03,1.217790e-01,1.260985e-01
1.04250,2.049175e-03,-4.797772e-03,1.221028e-01,1.261010e-01
1.04500,2.030827e-03,-4.809156e-03,1.224263e-01,1.261035e-01
1.04750,2.012506e-03,-4.820331e-03,1.227496e-01,1.261060e-01
1.05000,1.994259e-03,-4.831441e-03,1.230725e-01,1.261085e-01
1.05250,1.976073e-03,-4.842558e-03,1.233951e-01,1.261109e-01
1.05500,1.957904e-03,-4.853806e-03,1.237174e-01,1.261134e-01
1.05750,1.939804e-03,-4.865289e-03,1.240393e-01,1.261159e-01
1.06000,1.921767e-03,-4.876932e-03,1.243610e-01,1.261183e-01
1.06250,1.903804e-03,-4.888631e-03,1.246823e-01,1.261208e-01
1.06500,1.885928e-03,-4.900390e-03,1.250034e-01,1.261233e-01
1.06750,1.868120e-03,-4.912185e-03,1.253241e-01,1.261257e-01
1.07000,1.850420e-03,-4.924245e-03,1.256445e-01,1.261282e-01
1.07250,1.832801e-03,-4.936740e-03,1.259646e-01,1.261306e-01
1.07500,1.815206e-03,-4.949608e-03,1.262844e-01,1.261331e-01
1.07750,1.797628e-03,-4.962892e-03,1.266038e-01,1.261355e-01
1.08000,1.780039e-03,-4.976528e-03,1.269230e-01,1.261380e-01
1.08250,1.762366e-03,-4.990371e-03,1.272418e-01,1.261404e-01
1.08500,1.744687e-03,-5.004484e-03,1.275604e-01,1.261429e-01
1.08750,1.727082e-03,-5.018862e-03,1.278786e-01,1.261453e-01
1.09000,1.709609e-03,-5.033437e-03,1.281965e-01,1.261477e-01
1.09250,1.692256e-03,-5.048076e-03,1.285141e-01,1.261502e-01
1.09500,1.674991e-03,-5.062664e-03,1.288313e-01,1.261526e-01
1.09750,1.657775e-03,-5.077119e-03,1.291483e-01,1.261550e-01
1.10000,1.640608e-03,-5.091502e-03,1.294649e-01,1.261574e-01
1.10250,1.623439e-03,-5.105685e-03,1.297812e-01,1.261598e-01
1.10500,1.606268e-03,-5.119540e-03,1.300973e-01,1.261622e-01
1.10750,1.589111e-03,-5.133149e-03,1.304129e-01,1.261647e-01
1.11000,1.571937e-03,-5.146515e-03,1.307283e-01,1.261671e-01
1.11250,1.554781e-03,-5.159680e-03,1.310434e-01,1.261695e-01
1.11500,1.537669e-03,-5.172580e-03,1.313581e-01,1.261719e-01
1.11750,1.520654e-03,-5.185354e-03,1.316726e-01,1.261743e-01
1.12000,1.503731e-03,-5.197960e-03,1.319867e-01,1.261766e-01
1.12250,1.486849e-03,-5.210182e-03,1.323005e-01,1.261790e-01
1.12500,1.469951e-03,-5.221913e-03,1.326140e-01,1.261814e-01
1.12750,1.453033e-03,-5.233261e-03,1.329272e-01,1.261838e-01
1.13000,1.436173e-03,-5.244309e-03,1.332400e-01,1.261862e-01
1.13250,1.419438e-03,-5.255196e-03,1.335526e-01,1.261885e-01
1.13500,1.402813e-03,-5.265902e-03,1.338648e-01,1.261909e-01
1.13750,1.386264e-03,-5.276324e-03,1.341767e-01,1.261933e-01
1.14000,1.369769e-03,-5.286579e-03,1.344883e-01,1.261956e-01
1.14250,1.353291e-03,-5.296788e-03,1.347996e-01,1.261980e-01
1.14500,1.336813e-03,-5.306875e-03,1.351106e-01,1.262003e-01
1.14750,1.320352e-03,-5.316893e-03,1.354213e-01,1.262027e-01
1.15000,1.303912e-03,-5.326866e-03,1.357316e-01,1.262050e-01
1.15250,1.287515e-03,-5.336799e-03,1.360417e-01,1.262074e-01
1.15500,1.271193e-03,-5.346817e-03,1.363514e-01,1.262097e-01
1.15750,1.254973e-03,-5.356838e-03,1.366608e-01,1.262120e-01
1.16000,1.238798e-03,-5.366717e-03,1.369722e-01,1.262144e-01
1.16250,1.222650e-03,-5.376476e-03,1.372889e-01,1.262167e-01
1.16500,1.206548e-03,-5.386243e-03,1.376053e-01,1.262190e-01
1.16750,1.190455e-03,-5.396123e-03,1.379214e-01,1.262213e-01
1.17000,1.174390e-03,-5.406317e-03,1.382372e-01,1.262236e-01
1.17250,1.158365e-03,-5.416729e-03,1.385528e-01,1.262260e-01
1.17500,1.142405e-03,-5.427468e-03,1.388680e-01,1.262283e-01
1.17750,1.126523e-03,-5.438540e-03,1.391829e-01,1.262306e-01
1.18000,1.110719e-03,-5.449912e-03,1.394976e-01,1.262329e-01
1.18250,1.094996e-03,-5.461543e-03,1.398119e-01,1.262352e-01
1.18500,1.079340e-03,-5.473430e-03,1.401259e-01,1.262374e-01
1.18750,1.063708e-03,-5.485627e-03,1.404396e-01,1.262397e-01
1.19000,1.048085e-03,-5.498093e-03,1.407531e-01,1.262420e-01
1.19250,1.032481e-03,-5.510692e-03,1.410662e-01,1.262443e-01
1.19500,1.016903e-03,-5.523250e-03,1.413790e-01,1.262465e-01
1.19750,1.001322e-03,-5.535737e-03,1.416915e-01,1.262488e-01
1.20000,9.857455e-04,-5.548156e-03,1.420038e-01,1.262511e-01
1.20250,9.701595e-04,-5.560436e-03,1.423157e-01,1.262533e-01
1.20500,9.545319e-04,-5.572525e-03,1.426274e-01,1.262556e-01
1.20750,9.388391e-04,-5.584333e-03,1.429387e-01,1.262578e-01
1.21000,9.231162e-04,-5.595822e-03,1.432498e-01,1.262601e-01
1.21250,9.074227e-04,-5.607092e-03,1.435605e-01,1.262623e-01
1.21500,8.918710e-04,-5.618293e-03,1.438710e-01,1.262645e-01
1.21750,8.765021e-04,-5.629466e-03,1.441811e-01,1.262668e-01
1.22000,8.613043e-04,-5.640533e-03,1.444910e-01,1.262690e-01
1.22250,8.462109e-04,-5.651400e-03,1.448005e-01,1.262712e-01
1.22500,8.311429e-04,-5.662122e-03,1.451098e-01,1.262734e-01
1.22750,8.160754e-04,-5.672732e-03,1.454188e-01,1.262756e-01
1.23000,8.010099e-04,-5.683245e-03,1.457274e-01,1.262778e-01
1.23250,7.859255e-04,-5.693690e-03,1.460358e-01,1.262800e-01
1.23500,7.708178e-04,-5.704005e-03,1.463439e-01,1.262822e-01
1.23750,7.557218e-04,-5.714081e-03,1.466516e-01,1.262844e-01
1.24000,7.406376e-04,-5.723756e-03,1.469591e-01,1.262866e-01
1.24250,7.255581e-04,-5.733148e-03,1.472663e-01,1.262888e-01
1.24500,7.105360e-04,-5.742373e-03,1.475732e-01,1.262910e-01
1.24750,6.955626e-04,-5.751329e-03,1.478798e-01,1.262931e-01
1.25000,6.806518e-04,-5.760114e-03,1.481861e-01,1.262953e-01
1.25250,6.658765e-04,-5.768860e-03,1.484921e-01,1.262975e-01
1.25500,6.511938e-04,-5.777574e-03,1.487978e-01,1.262996e-01
1.25750,6.366213e-04,-5.786276e-03,1.491033e-01,1.263018e-01
1.26000,6.221311e-04,-5.794986e-03,1.494084e-01,1.263039e-01
1.26250,6.077307e-04,-5.803997e-03,1.497132e-01,1.263061e-01
1.26500,5.933515e-04,-5.813388e-03,1.500178e-01,1.263082e-01
1.26750,5.789233e-04,-5.822950e-03,1.503220e-01,1.263103e-01
1.27000,5.644744e-04,-5.832746e-03,1.506328e-01,1.263125e-01
1.27250,5.500618e-04,-5.842755e-03,1.509452e-01,1.263146e-01
1.27500,5.356925e-04,-5.852957e-03,1.512574e-01,1.263167e-01
1.27750,5.213690e-04,-5.863301e-03,1.515693e-01,1.263188e-01
1.28000,5.071382e-04,-5.873856e-03,1.518809e-01,1.263209e-01
1.28250,4.929543e-04,-5.884641e-03,1.521922e-01,1.263230e-01
1.28500,4.787967e-04,-5.895428e-03,1.525033e-01,1.263251e-01
1.28750,4.646858e-04,-5.906047e-03,1.528140e-01,1.263272e-01
1.29000,4.506128e-04,-5.916438e-03,1.531245e-01,1.263293e-01
1.29250,4.365585e-04,-5.926481e-03,1.534347e-01,1.263314e-01
1.29500,4.224866e-04,-5.936058e-03,1.537447e-01,1.263335e-01
1.29750,4.084371e-04,-5.945315e-03,1.540543e-01,1.263356e-01
1.30000,3.944013e-04,-5.954418e-03,1.543637e-01,1.263376e-01
1.30250,3.803475e-04,-5.963346e-03,1.546728e-01,1.263397e-01
1.30500,3.662735e-04,-5.972085e-03,1.549816e-01,1.263418e-01
1.30750,3.522152e-04,-5.980813e-03,1.552902e-01,1.263438e-01
1.31000,3.382111e-04,-5.989360e-03,1.555984e-01,1.263459e-01
1.31250,3.243197e-04,-5.997638e-03,1.559064e-01,1.263479e-01
1.31500,3.105950e-04,-6.005790e-03,1.562141e-01,1.263500e-01
1.31750,2.969806e-04,-6.013937e-03,1.565216e-01,1.263520e-01
1.32000,2.834469e-04,-6.022087e-03,1.568287e-01,1.263540e-01
1.32250,2.699730e-04,-6.030377e-03,1.571356e-01,1.263561e-01
1.32500,2.565168e-04,-6.038957e-03,1.574422e-01,1.263581e-01
1.32750,2.430677e-04,-6.047718e-03,1.577486e-01,1.263601e-01
1.33000,2.295530e-04,-6.056383e-03,1.580547e-01,1.263621e-01
1.33250,2.159649e-04,-6.064776e-03,1.583605e-01,1.263641e-01
1.33500,2.023431e-04,-6.073071e-03,1.586660e-01,1.263661e-01
1.33750,1.887613e-04,-6.081214e-03,1.589712e-01,1.263681e-01
1.34000,1.752597e-04,-6.089396e-03,1.592762e-01,1.263701e-01
1.34250,1.618113e-04,-6.097649e-03,1.595809e-01,1.263721e-01
1.34500,1.484067e-04,-6.105858e-03,1.598853e-01,1.263741e-01
1.34750,1.350756e-04,-6.114082e-03,1.601895e-01,1.263761e-01
1.35000,1.218031e-04,-6.122191e-03,1.604934e-01,1.263780e-01
1.35250,1.086497e-04,-6.130357e-03,1.607970e-01,1.263800e-01
1.35500,9.562355e-05,-6.138927e-03,1.611003e-01,1.263820e-01
1.35750,8.262983e-05,-6.147990e-03,1.614034e-01,1.263839e-01
1.36000,6.966287e-05,-6.157528e-03,1.617062e-01,1.263859e-01
1.36250,5.674276e-05,-6.167367e-03,1.620088e-01,1.263879e-01
1.36500,4.382211e-05,-6.177351e-03,1.623110e-01,1.263898e-01
1.36750,3.089163e-05,-6.187423e-03,1.626206e-01,1.263917e-01
1.37000,1.800508e-05,-6.197653e-03,1.629319e-01,1.263937e-01
1.37250,5.144434e-06,-6.207819e-03,1.632429e-01,1.263956e-01
1.37500,-7.678803e-06,-6.217853e-03,1.635536e-01,1.263975e-01
1.37750,-2.046359e-05,-6.227641e-03,1.638641e-01,1.263995e-01
1.38000,-3.320514e-05,-6.237100e-03,1.641743e-01,1.264014e-01
1.38250,-4.591511e-05,-6.246197e-03,1.644843e-01,1.264033e-01
1.38500,-5.856119e-05,-6.255125e-03,1.647940e-01,1.264052e-01
1.38750,-7.111252e-05,-6.263706e-03,1.651035e-01,1.264071e-01
1.39000,-8.366272e-05,-6.271898e-03,1.654127e-01,1.264090e-01
1.39250,-9.622747e-05,-6.279782e-03,1.657216e-01,1.264109e-01
1.39500,-1.088361e-04,-6.287347e-03,1.660303e-01,1.264128e-01
1.39750,-1.214323e-04,-6.294652e-03,1.663388e-01,1.264147e-01
1.40000,-1.339662e-04,-6.301768e-03,1.666469e-01,1.264166e-01
1.40250,-1.464338e-04,-6.308620e-03,1.669549e-01,1.264184e-01
1.40500,-1.588324e-04,-6.315146e-03,1.672625e-01,1.264203e-01
1.40750,-1.712402e-04,-6.321344e-03,1.675699e-01,1.264222e-01
1.41000,-1.836101e-04,-6.327321e-03,1.678771e-01,1.264240e-01
1.41250,-1.958690e-04,-6.333278e-03,1.681840e-01,1.264259e-01
1.41500,-2.080551e-04,-6.339147e-03,1.684907e-01,1.264277e-01
1.41750,-2.202099e-04,-6.344929e-03,1.687971e-01,1.264296e-01
1.42000,-2.323492e-04,-6.350665e-03,1.691032e-01,1.264314e-01
1.42250,-2.444824e-04,-6.356340e-03,1.694091e-01,1.264333e-01
1.42500,-2.566139e-04,-6.361980e-03,1.697147e-01,1.264351e-01
1.42750,-2.687315e-04,-6.367457e-03,1.700201e-01,1.264369e-01
1.43000,-2.808017e-04,-6.372718e-03,1.703253e-01,1.264388e-01
1.43250,-2.928070e-04,-6.378059e-03,1.706302e-01,1.264406e-01
1.43500,-3.047946e-04,-6.383512e-03,1.709348e-01,1.264424e-01
1.43750,-3.166813e-04,-6.389107e-03,1.712392e-01,1.264442e-01
1.44000,-3.285665e-04,-6.394817e-03,1.715434e-01,1.264460e-01
1.44250,-3.405057e-04,-6.400616e-03,1.718473e-01,1.264478e-01
1.44500,-3.524726e-04,-6.406666e-03,1.721509e-01,1.264496e-01
1.44750,-3.644063e-04,-6.413309e-03,1.724543e-01,1.264514e-01
1.45000,-3.762579e-04,-6.420639e-03,1.727575e-01,1.264532e-01
1.45250,-3.880797e-04,-6.428560e-03,1.730604e-01,1.264550e-01
1.45500,-3.998907e-04,-6.436964e-03,1.733631e-01,1.264568e-01
1.45750,-4.116606e-04,-6.445685e-03,1.736670e-01,1.264586e-01
1.46000,-4.234465e-04,-6.454608e-03,1.739743e-01,1.264604e-01
1.46250,-4.352757e-04,-6.463721e-03,1.742813e-01,1.264621e-01
1.46500,-4.471795e-04,-6.472837e-03,1.745882e-01,1.264639e-01
1.46750,-4.591042e-04,-6.481879e-03,1.748998e-01,1.264657e-01
1.47000,-4.710168e-04,-6.490825e-03,1.752113e-01,1.264674e-01
1.47250,-4.829255e-04,-6.499666e-03,1.755226e-01,1.264692e-01
1.47500,-4.948675e-04,-6.508215e-03,1.758336e-01,1.264709e-01
1.47750,-5.068753e-04,-6.516248e-03,1.761443e-01,1.264727e-01
1.48000,-5.188842e-04,-6.523926e-03,1.764549e-01,1.264744e-01
1.48250,-5.308465e-04,-6.531412e-03,1.767652e-01,1.264761e-01
1.48500,-5.427324e-04,-6.538832e-03,1.770752e-01,1.264779e-01
1.48750,-5.545864e-04,-6.546023e-03,1.773850e-01,1.264796e-01
1.49000,-5.663920e-04,-6.552959e-03,1.776946e-01,1.264813e-01
1.49250,-5.781734e-04,-6.559686e-03,1.780040e-01,1.264831e-01
1.49500,-5.899634e-04,-6.565964e-03,1.783131e-01,1.264848e-01
1.49750,-6.017151e-04,-6.571754e-03,1.786220e-01,1.264865e-01
1.50000,-6.134117e-04,-6.577210e-03,1.789307e-01,1.264882e-01
1.50250,-6.250612e-04,-6.582351e-03,1.792391e-01,1.264899e-01
1.50500,-6.366731e-04,-6.587177e-03,1.795473e-01,1.264916e-01
1.50750,-6.482525e-04,-6.591790e-03,1.798552e-01,1.264933e-01
1.51000,-6.597927e-04,-6.596146e-03,1.801629e-01,1.264950e-01
1.51250,-6.713370e-04,-6.600342e-03,1.804704e-01,1.264967e-01
1.51500,-6.828716e-04,-6.604414e-03,1.807777e-01,1.264984e-01
1.51750,-6.943352e-04,-6.608374e-03,1.810880e-01,1.265000e-01
1.52000,-7.057173e-04,-6.612214e-03,1.814001e-01,1.265017e-01
1.52250,-7.170340e-04,-6.616051e-03,1.817121e-01,1.265034e-01
1.52500,-7.283007e-04,-6.619944e-03,1.820238e-01,1.265050e-01
1.52750,-7.395648e-04,-6.623787e-03,1.823353e-01,1.265067e-01
1.53000,-7.508960e-04,-6.627500e-03,1.826465e-01,1.265084e-01
1.53250,-7.622718e-04,-6.631200e-03,1.829589e-01,1.265100e-01
1.53500,-7.736258e-04,-6.634996e-03,1.832752e-01,1.265117e-01
1.53750,-7.849633e-04,-6.639113e-03,1.835912e-01,1.265133e-01
1.54000,-7.962248e-04,-6.643737e-03,1.839070e-01,1.265150e-01
1.54250,-8.073673e-04,-6.648772e-03,1.842225e-01,1.265166e-01
1.54500,-8.184542e-04,-6.654209e-03,1.845379e-01,1.265183e-01
1.54750,-8.295370e-04,-6.659827e-03,1.848530e-01,1.265199e-01
1.55000,-8.406110e-04,-6.665496e-03,1.851679e-01,1.265215e-01
1.55250,-8.516200e-04,-6.671286e-03,1.854826e-01,1.265231e-01
1.55500,-8.625967e-04,-6.677262e-03,1.857971e-01,1.265248e-01
1.55750,-8.735677e-04,-6.683428e-03,1.861114e-01,1.265264e-01
1.56000,-8.845836e-04,-6.689726e-03,1.864254e-01,1.265280e-01
1.56250,-8.956930e-04,-6.696101e-03,1.867392e-01,1.265296e-01
1.56500,-9.068965e-04,-6.702299e-03,1.870528e-01,1.265312e-01
1.56750,-9.180841e-04,-6.708227e-03,1.873662e-01,1.265328e-01
1.57000,-9.292321e-04,-6.713829e-03,1.876794e-01,1.265344e-01
1.57250,-9.403114e-04,-6.719145e-03,1.879923e-01,1.265360e-01
1.57500,-9.512504e-04,-6.724310e-03,1.883051e-01,1.265376e-01
1.57750,-9.621244e-04,-6.729413e-03,1.886176e-01,1.265392e-01
1.58000,-9.729520e-04,-6.734566e-03,1.889299e-01,1.265408e-01
1.58250,-9.837418e-04,-6.739801e-03,1.892420e-01,1.265424e-01
1.58500,-9.945129e-04,-6.744902e-03,1.895539e-01,1.265440e-01
1.58750,-1.005256e-03,-6.749803e-03,1.898655e-01,1.265455e-01
1.59000,-1.015998e-03,-6.754375e-03,1.901770e-01,1.265471e-01
1.59250,-1.026721e-03,-6.758565e-03,1.904882e-01,1.265487e-01
1.59500,-1.037405e-03,-6.762507e-03,1.908013e-01,1.265502e-01
1.59750,-1.048002e-03,-6.766325e-03,1.911177e-01,1.265518e-01
1.60000,-1.058513e-03,-6.770156e-03,1.914345e-01,1.265534e-01
1.60250,-1.068977e-03,-6.773860e-03,1.917561e-01,1.265549e-01
1.60500,-1.079404e-03,-6.777321e-03,1.920775e-01,1.265565e-01
1.60750,-1.089729e-03,-6.780686e-03,1.923987e-01,1.265580e-01
1.61000,-1.099944e-03,-6.784093e-03,1.927196e-01,1.265596e-01
1.61250,-1.110154e-03,-6.787522e-03,1.930404e-01,1.265611e-01
1.61500,-1.120412e-03,-6.791172e-03,1.933610e-01,1.265626e-01
1.61750,-1.130691e-03,-6.794811e-03,1.936813e-01,1.265642e-01
1.62000,-1.140963e-03,-6.798312e-03,1.940015e-01,1.265657e-01
1.62250,-1.151184e-03,-6.801632e-03,1.943214e-01,1.265672e-01
1.62500,-1.161361e-03,-6.804768e-03,1.946412e-01,1.265688e-01
1.62750,-1.171433e-03,-6.807751e-03,1.949607e-01,1.265703e-01
1.63000,-1.181383e-03,-6.810897e-03,1.952801e-01,1.265718e-01
1.63250,-1.191280e-03,-6.814449e-03,1.955992e-01,1.265733e-01
1.63500,-1.201173e-03,-6.818292e-03,1.959182e-01,1.265748e-01
1.63750,-1.211037e-03,-6.822320e-03,1.962370e-01,1.265763e-01
1.64000,-1.220856e-03,-6.826543e-03,1.965555e-01,1.265778e-01
1.64250,-1.230664e-03,-6.830930e-03,1.968739e-01,1.265793e-01
1.64500,-1.240533e-03,-6.835423e-03,1.971920e-01,1.265808e-01
1.64750,-1.250463e-03,-6.839978e-03,1.975100e-01,1.265823e-01
1.65000,-1.260376e-03,-6.844566e-03,1.978278e-01,1.265838e-01
1.65250,-1.270289e-03,-6.849100e-03,1.981468e-01,1.265853e-01
1.65500,-1.280185e-03,-6.853487e-03,1.984700e-01,1.265868e-01
1.65750,-1.290010e-03,-6.857597e-03,1.987945e-01,1.265883e-01
1.66000,-1.299789e-03,-6.861229e-03,1.991230e-01,1.265898e-01
1.66250,-1.309526e-03,-6.864499e-03,1.994513e-01,1.265913e-01
1.66500,-1.319249e-03,-6.867665e-03,1.997794e-01,1.265927e-01
1.66750,-1.329001e-03,-6.870646e-03,2.001073e-01,1.265942e-01
1.67000,-1.338771e-03,-6.873367e-03,2.004350e-01,1.265957e-01
1.67250,-1.348560e-03,-6.875786e-03,2.007625e-01,1.265972e-01
1.67500,-1.358348e-03,-6.878096e-03,2.010898e-01,1.265986e-01
1.67750,-1.368121e-03,-6.880295e-03,2.014170e-01,1.266001e-01
1.68000,-1.377862e-03,-6.882373e-03,2.017439e-01,1.266015e-01
1.68250,-1.387588e-03,-6.884263e-03,2.020706e-01,1.266030e-01
1.68500,-1.397317e-03,-6.885851e-03,2.023972e-01,1.266045e-01
1.68750,-1.407076e-03,-6.887089e-03,2.027235e-01,1.266059e-01
1.69000,-1.416847e-03,-6.888099e-03,2.030497e-01,1.266074e-01
1.69250,-1.426670e-03,-6.888975e-03,2.033756e-01,1.266088e-01
1.69500,-1.436578e-03,-6.889836e-03,2.037014e-01,1.266103e-01
1.69750,-1.446536e-03,-6.890654e-03,2.040269e-01,1.266117e-01
1.70000,-1.456487e-03,-6.891507e-03,2.043523e-01,1.266131e-01
1.70250,-1.466463e-03,-6.892357e-03,2.046784e-01,1.266146e-01
1.70500,-1.476468e-03,-6.893333e-03,2.050092e-01,1.266160e-01
1.70750,-1.486431e-03,-6.894715e-03,2.053431e-01,1.266174e-01
1.71000,-1.496393e-03,-6.896516e-03,2.056794e-01,1.266189e-01
1.71250,-1.506346e-03,-6.898462e-03,2.060156e-01,1.266203e-01
1.71500,-1.516314e-03,-6.900391e-03,2.063516e-01,1.266217e-01
1.71750,-1.526317e-03,-6.902295e-03,2.066874e-01,1.266231e-01
1.72000,-1.536373e-03,-6.904126e-03,2.070230e-01,1.266246e-01
1.72250,-1.546431e-03,-6.906161e-03,2.073584e-01,1.266260e-01
1.72500,-1.556491e-03,-6.908583e-03,2.076937e-01,1.266274e-01
1.72750,-1.566594e-03,-6.911322e-03,2.080288e-01,1.266288e-01
1.73000,-1.576706e-03,-6.914513e-03,2.083637e-01,1.266302e-01
1.73250,-1.586760e-03,-6.917913e-03,2.086984e-01,1.266316e-01
1.73500,-1.596783e-03,-6.921333e-03,2.090330e-01,1.266330e-01
1.73750,-1.606792e-03,-6.924828e-03,2.093673e-01,1.266344e-01
1.74000,-1.616819e-03,-6.928521e-03,2.097015e-01,1.266358e-01
1.74250,-1.626921e-03,-6.932446e-03,2.100355e-01,1.266372e-01
1.74500,-1.637090e-03,-6.936355e-03,2.103698e-01,1.266386e-01
1.74750,-1.647294e-03,-6.940149e-03,2.107094e-01,1.266400e-01
1.75000,-1.657472e-03,-6.943765e-03,2.110542e-01,1.266414e-01
1.75250,-1.667678e-03,-6.947019e-03,2.113993e-01,1.266428e-01
1.75500,-1.677962e-03,-6.949717e-03,2.117441e-01,1.266442e-01
1.75750,-1.688282e-03,-6.951795e-03,2.120888e-01,1.266455e-01
1.76000,-1.698559e-03,-6.953482e-03,2.124334e-01,1.266469e-01
1.76250,-1.708735e-03,-6.954975e-03,2.127777e-01,1.266483e-01
1.76500,-1.718737e-03,-6.956324e-03,2.131218e-01,1.266497e-01
1.76750,-1.728668e-03,-6.957462e-03,2.134658e-01,1.266510e-01
1.77000,-1.738588e-03,-6.958293e-03,2.138095e-01,1.266524e-01
1.77250,-1.748534e-03,-6.958811e-03,2.141531e-01,1.266538e-01
1.77500,-1.758508e-03,-6.959063e-03,2.144965e-01,1.266551e-01
1.77750,-1.768547e-03,-6.959111e-03,2.148397e-01,1.266565e-01
1.78000,-1.778601e-03,-6.958925e-03,2.151827e-01,1.266579e-01
1.78250,-1.788620e-03,-6.958397e-03,2.155299e-01,1.266592e-01
1.78500,-1.798572e-03,-6.957687e-03,2.158840e-01,1.266606e-01
1.78750,-1.808473e-03,-6.956813e-03,2.162382e-01,1.266619e-01
1.79000,-1.818313e-03,-6.955845e-03,2.165922e-01,1.266633e-01
1.79250,-1.828053e-03,-6.954831e-03,2.169460e-01,1.266647e-01
1.79500,-1.837712e-03,-6.953731e-03,2.172997e-01,1.266660e-01
1.79750,-1.847355e-03,-6.952376e-03,2.176531e-01,1.266673e-01
1.80000,-1.857064e-03,-6.950879e-03,2.180065e-01,1.266687e-01
1.80250,-1.866833e-03,-6.949530e-03,2.183596e-01,1.266700e-01
1.80500,-1.876622e-03,-6.948415e-03,2.187127e-01,1.266714e-01
1.80750,-1.886434e-03,-6.947419e-03,2.190655e-01,1.266727e-01
1.81000,-1.896234e-03,-6.946519e-03,2.194182e-01,1.266741e-01
1.81250,-1.906017e-03,-6.945623e-03,2.197739e-01,1.266754e-01
1.81500,-1.915769e-03,-6.944673e-03,2.201377e-01,1.266767e-01
1.81750,-1.925478e-03,-6.943768e-03,2.205015e-01,1.266781e-01
1.82000,-1.935184e-03,-6.943071e-03,2.208651e-01,1.266794e-01
1.82250,-1.944826e-03,-6.942732e-03,2.212286e-01,1.266807e-01
1.82500,-1.954417e-03,-6.942765e-03,2.215919e-01,1.266820e-01
1.82750,-1.963971e-03,-6.943253e-03,2.219551e-01,1.266834e-01
1.83000,-1.973508e-03,-6.944110e-03,2.223181e-01,1.266847e-01
1.83250,-1.983086e-03,-6.945284e-03,2.226810e-01,1.266860e-01
1.83500,-1.992704e-03,-6.946709e-03,2.230438e-01,1.266873e-01
1.83750,-2.002447e-03,-6.948283e-03,2.234064e-01,1.266887e-01
1.84000,-2.012200e-03,-6.950117e-03,2.237718e-01,1.266900e-01
1.84250,-2.021903e-03,-6.952068e-03,2.241453e-01,1.266913e-01
1.84500,-2.031539e-03,-6.953952e-03,2.245187e-01,1.266926e-01
1.84750,-2.041169e-03,-6.955657e-03,2.248919e-01,1.266939e-01
1.85000,-2.050805e-03,-6.957117e-03,2.252649e-01,1.266952e-01
1.85250,-2.060476e-03,-6.958290e-03,2.256417e-01,1.266965e-01
1.85500,-2.070186e-03,-6.959139e-03,2.260199e-01,1.266978e-01
1.85750,-2.079927e-03,-6.959580e-03,2.263980e-01,1.266991e-01
1.86000,-2.089581e-03,-6.959725e-03,2.267759e-01,1.267004e-01
1.86250,-2.099140e-03,-6.959678e-03,2.271536e-01,1.267017e-01
1.86500,-2.108696e-03,-6.959326e-03,2.275401e-01,1.267030e-01
1.86750,-2.118295e-03,-6.958807e-03,2.279284e-01,1.267043e-01
1.87000,-2.127947e-03,-6.958158e-03,2.283166e-01,1.267056e-01
1.87250,-2.137548e-03,-6.957361e-03,2.287046e-01,1.267069e-01
1.87500,-2.147012e-03,-6.956549e-03,2.290925e-01,1.267082e-01
1.87750,-2.156373e-03,-6.955579e-03,2.294869e-01,1.267095e-01
1.88000,-2.165694e-03,-6.954339e-03,2.298849e-01,1.267108e-01
1.88250,-2.174950e-03,-6.952854e-03,2.302828e-01,1.267121e-01
1.88500,-2.184150e-03,-6.951239e-03,2.306806e-01,1.267134e-01
1.88750,-2.193346e-03,-6.949507e-03,2.310782e-01,1.267147e-01
1.89000,-2.202577e-03,-6.947664e-03,2.314808e-01,1.267160e-01
1.89250,-2.211818e-03,-6.945635e-03,2.318881e-01,1.267172e-01
1.89500,-2.221070e-03,-6.943423e-03,2.322952e-01,1.267185e-01
1.89750,-2.230357e-03,-6.940923e-03,2.327022e-01,1.267198e-01
1.90000,-2.239624e-03,-6.938252e-03,2.331091e-01,1.267211e-01
1.90250,-2.248829e-03,-6.935544e-03,2.335226e-01,1.267224e-01
1.90500,-2.258028e-03,-6.932810e-03,2.339386e-01,1.267236e-01
1.90750,-2.267225e-03,-6.930050e-03,2.343545e-01,1.267249e-01
1.91000,-2.276400e-03,-6.927312e-03,2.347702e-01,1.267262e-01
1.91250,-2.285568e-03,-6.924571e-03,2.351861e-01,1.267274e-01
1.91500,-2.294708e-03,-6.921832e-03,2.356104e-01,1.267287e-01
1.91750,-2.303817e-03,-6.919275e-03,2.360347e-01,1.267300e-01
1.92000,-2.312993e-03,-6.916976e-03,2.364589e-01,1.267312e-01
1.92250,-2.322312e-03,-6.915009e-03,2.368830e-01,1.267325e-01
1.92500,-2.331735e-03,-6.913293e-03,2.373070e-01,1.267337e-01
1.92750,-2.341237e-03,-6.911788e-03,2.377380e-01,1.267350e-01
1.93000,-2.350790e-03,-6.910403e-03,2.381701e-01,1.267363e-01
1.93250,-2.360380e-03,-6.909093e-03,2.386022e-01,1.267375e-01
1.93500,-2.369968e-03,-6.907775e-03,2.390341e-01,1.267388e-01
1.93750,-2.379564e-03,-6.906612e-03,2.394660e-01,1.267400e-01
1.94000,-2.389176e-03,-6.905675e-03,2.398985e-01,1.267413e-01
1.94250,-2.398806e-03,-6.904749e-03,2.403379e-01,1.267425e-01
1.94500,-2.408431e-03,-6.903699e-03,2.407773e-01,1.267438e-01
1.94750,-2.418014e-03,-6.902359e-03,2.412167e-01,1.267450e-01
1.95000,-2.427538e-03,-6.900732e-03,2.416596e-01,1.267463e-01
1.95250,-2.437014e-03,-6.898853e-03,2.421025e-01,1.267475e-01
1.95500,-2.446494e-03,-6.896771e-03,2.425482e-01,1.267488e-01
1.95750,-2.455987e-03,-6.894482e-03,2.429945e-01,1.267500e-01
1.96000,-2.465526e-03,-6.892036e-03,2.434408e-01,1.267512e-01
1.96250,-2.475115e-03,-6.889476e-03,2.438870e-01,1.267525e-01
1.96500,-2.484801e-03,-6.886810e-03,2.443334e-01,1.267537e-01
1.96750,-2.494581e-03,-6.884045e-03,2.447862e-01,1.267550e-01
1.97000,-2.504401e-03,-6.881345e-03,2.452390e-01,1.267562e-01
1.97250,-2.514209e-03,-6.878755e-03,2.456918e-01,1.267574e-01
1.97500,-2.523952e-03,-6.876200e-03,2.461445e-01,1.267587e-01
1.97750,-2.533634e-03,-6.873716e-03,2.465971e-01,1.267599e-01
1.98000,-2.543227e-03,-6.871188e-03,2.470498e-01,1.267611e-01
1.98250,-2.552788e-03,-6.868457e-03,2.475075e-01,1.267624e-01
1.98500,-2.562412e-03,-6.865485e-03,2.479662e-01,1.267636e-01
1.98750,-2.572063e-03,-6.862175e-03,2.484249e-01,1.267648e-01
1.99000,-2.581728e-03,-6.858615e-03,2.488836e-01,1.267660e-01
1.99250,-2.591394e-03,-6.854970e-03,2.493422e-01,1.267673e-01
1.99500,-2.601141e-03,-6.851226e-03,2.498009e-01,1.267685e-01
1.99750,-2.611057e-03,-6.847390e-03,2.502594e-01,1.267697e-01
2.00000,-2.621135e-03,-6.843500e-03,2.507211e-01,1.267709e-01
2.00250,-2.631370e-03,-6.839634e-03,2.511853e-01,1.267722e-01
2.00500,-2.641692e-03,-6.835832e-03,2.516495e-01,1.267734e-01
2.00750,-2.652012e-03,-6.832096e-03,2.521137e-01,1.267746e-01
2.01000,-2.662346e-03,-6.828442e-03,2.525779e-01,1.267758e-01
2.01250,-2.672611e-03,-6.824795e-03,2.530420e-01,1.267770e-01
2.01500,-2.682815e-03,-6.821187e-03,2.535061e-01,1.267783e-01
2.01750,-2.693031e-03,-6.817490e-03,2.539702e-01,1.267795e-01
2.02000,-2.703349e-03,-6.813621e-03,2.544389e-01,1.267807e-01
2.02250,-2.713809e-03,-6.809655e-03,2.549082e-01,1.267819e-01
2.02500,-2.724242e-03,-6.805815e-03,2.553774e-01,1.267831e-01
2.02750,-2.734537e-03,-6.802294e-03,2.558467e-01,1.267843e-01
2.03000,-2.744696e-03,-6.799080e-03,2.563159e-01,1.267855e-01
2.03250,-2.754773e-03,-6.796152e-03,2.567852e-01,1.267867e-01
2.03500,-2.764825e-03,-6.793355e-03,2.572544e-01,1.267880e-01
2.03750,-2.774901e-03,-6.790574e-03,2.577236e-01,1.267892e-01
2.04000,-2.784922e-03,-6.787766e-03,2.581973e-01,1.267904e-01
2.04250,-2.794897e-03,-6.784909e-03,2.586712e-01,1.267916e-01
2.04500,-2.804895e-03,-6.782025e-03,2.591451e-01,1.267928e-01
2.04750,-2.814952e-03,-6.778981e-03,2.596190e-01,1.267940e-01
2.05000,-2.825019e-03,-6.775742e-03,2.600930e-01,1.267952e-01
2.05250,-2.835001e-03,-6.772297e-03,2.605669e-01,1.267964e-01
2.05500,-2.844844e-03,-6.768564e-03,2.610408e-01,1.267976e-01
2.05750,-2.854497e-03,-6.764640e-03,2.615147e-01,1.267988e-01
2.06000,-2.863972e-03,-6.760729e-03,2.619919e-01,1.268000e-01
2.06250,-2.873303e-03,-6.756719e-03,2.624700e-01,1.268012e-01
2.06500,-2.882591e-03,-6.752611e-03,2.629482e-01,1.268024e-01
2.06750,-2.891862e-03,-6.748277e-03,2.634264e-01,1.268036e-01
2.07000,-2.901102e-03,-6.743655e-03,2.639046e-01,1.268047e-01
2.07250,-2.910306e-03,-6.738863e-03,2.643828e-01,1.268059e-01
2.07500,-2.919501e-03,-6.733867e-03,2.648611e-01,1.268071e-01
2.07750,-2.928733e-03,-6.728732e-03,2.653422e-01,1.268083e-01
2.08000,-2.937988e-03,-6.723498e-03,2.658243e-01,1.268095e-01
2.08250,-2.947271e-03,-6.718165e-03,2.663068e-01,1.268107e-01
2.08500,-2.956512e-03,-6.712649e-03,2.667907e-01,1.268119e-01
2.08750,-2.965665e-03,-6.706920e-03,2.672745e-01,1.268131e-01
2.09000,-2.974693e-03,-6.701153e-03,2.677584e-01,1.268142e-01
2.09250,-2.983723e-03,-6.695390e-03,2.682423e-01,1.268154e-01
2.09500,-2.992887e-03,-6.689506e-03,2.687263e-01,1.268166e-01
2.09750,-3.002270e-03,-6.683385e-03,2.692103e-01,1.268178e-01
2.10000,-3.011868e-03,-6.677064e-03,2.696944e-01,1.268190e-01
2.10250,-3.021656e-03,-6.670803e-03,2.701784e-01,1.268201e-01
2.10500,-3.031544e-03,-6.664640e-03,2.706626e-01,1.268213e-01
2.10750,-3.041503e-03,-6.658640e-03,2.711467e-01,1.268225e-01
2.11000,-3.051534e-03,-6.652763e-03,2.716310e-01,1.268237e-01
2.11250,-3.061601e-03,-6.647013e-03,2.721152e-01,1.268249e-01
2.11500,-3.071644e-03,-6.641396e-03,2.725995e-01,1.268260e-01
2.11750,-3.081614e-03,-6.635891e-03,2.730838e-01,1.268272e-01
2.12000,-3.091591e-03,-6.630431e-03,2.735681e-01,1.268284e-01
2.12250,-3.101633e-03,-6.625017e-03,2.740525e-01,1.268295e-01
2.12500,-3.111815e-03,-6.619594e-03,2.745369e-01,1.268307e-01
2.12750,-3.122124e-03,-6.614066e-03,2.750213e-01,1.268319e-01
2.13000,-3.132579e-03,-6.608494e-03,2.755057e-01,1.268330e-01
2.13250,-3.143120e-03,-6.602943e-03,2.759902e-01,1.268342e-01
2.13500,-3.153775e-03,-6.597611e-03,2.764747e-01,1.268354e-01
2.13750,-3.164498e-03,-6.592638e-03,2.769593e-01,1.268366e-01
2.14000,-3.175307e-03,-6.587899e-03,2.774438e-01,1.268377e-01
2.14250,-3.186216e-03,-6.583264e-03,2.779284e-01,1.268389e-01
2.14500,-3.197209e-03,-6.578739e-03,2.784130e-01,1.268400e-01
2.14750,-3.208242e-03,-6.574154e-03,2.788977e-01,1.268412e-01
2.15000,-3.219334e-03,-6.569557e-03,2.793828e-01,1.268424e-01
2.15250,-3.230449e-03,-6.564971e-03,2.798692e-01,1.268435e-01
2.15500,-3.241639e-03,-6.560297e-03,2.803556e-01,1.268447e-01
2.15750,-3.252872e-03,-6.555557e-03,2.808423e-01,1.268459e-01
2.16000,-3.264076e-03,-6.550813e-03,2.813306e-01,1.268470e-01
2.16250,-3.275244e-03,-6.546012e-03,2.818189e-01,1.268482e-01
2.16500,-3.286382e-03,-6.541065e-03,2.823072e-01,1.268493e-01
2.16750,-3.297420e-03,-6.535960e-03,2.827955e-01,1.268505e-01
2.17000,-3.308358e-03,-6.530678e-03,2.832838e-01,1.268516e-01
2.17250,-3.319364e-03,-6.525147e-03,2.837722e-01,1.268528e-01
2.17500,-3.330495e-03,-6.519245e-03,2.842605e-01,1.268540e-01
2.17750,-3.341630e-03,-6.512953e-03,2.847489e-01,1.268551e-01
2.18000,-3.352712e-03,-6.506456e-03,2.852373e-01,1.268563e-01
2.18250,-3.363613e-03,-6.499846e-03,2.857266e-01,1.268574e-01
2.18500,-3.374171e-03,-6.493149e-03,2.862166e-01,1.268586e-01
2.18750,-3.384451e-03,-6.486324e-03,2.867066e-01,1.268597e-01
2.19000,-3.394588e-03,-6.479364e-03,2.871966e-01,1.268609e-01
2.19250,-3.404653e-03,-6.472314e-03,2.876876e-01,1.268620e-01
2.19500,-3.414579e-03,-6.465079e-03,2.881793e-01,1.268632e-01
2.19750,-3.424491e-03,-6.457605e-03,2.886710e-01,1.268643e-01
2.20000,-3.434472e-03,-6.449981e-03,2.891627e-01,1.268654e-01
2.20250,-3.444525e-03,-6.442346e-03,2.896544e-01,1.268666e-01
2.20500,-3.454597e-03,-6.434631e-03,2.901462e-01,1.268677e-01
2.20750,-3.464651e-03,-6.426753e-03,2.906380e-01,1.268689e-01
2.21000,-3.474566e-03,-6.418693e-03,2.911298e-01,1.268700e-01
2.21250,-3.484290e-03,-6.410556e-03,2.916216e-01,1.268712e-01
2.21500,-3.493864e-03,-6.402482e-03,2.921135e-01,1.268723e-01
2.21750,-3.503354e-03,-6.394575e-03,2.926054e-01,1.268734e-01
2.22000,-3.512899e-03,-6.386658e-03,2.930974e-01,1.268746e-01
2.22250,-3.522543e-03,-6.378563e-03,2.935893e-01,1.268757e-01
2.22500,-3.532305e-03,-6.370395e-03,2.940815e-01,1.268768e-01
2.22750,-3.542211e-03,-6.362228e-03,2.945750e-01,1.268780e-01
2.23000,-3.552327e-03,-6.353865e-03,2.950684e-01,1.268791e-01
2.23250,-3.562649e-03,-6.345368e-03,2.955620e-01,1.268802e-01
2.23500,-3.573201e-03,-6.336970e-03,2.960555e-01,1.268814e-01
2.23750,-3.583834e-03,-6.328749e-03,2.965495e-01,1.268825e-01
2.24000,-3.594552e-03,-6.320674e-03,2.970446e-01,1.268836e-01
2.24250,-3.605332e-03,-6.312616e-03,2.975396e-01,1.268848e-01
2.24500,-3.616139e-03,-6.304556e-03,2.980348e-01,1.268859e-01
2.24750,-3.626963e-03,-6.296490e-03,2.985299e-01,1.268870e-01
2.25000,-3.637856e-03,-6.288443e-03,2.990251e-01,1.268882e-01
2.25250,-3.648946e-03,-6.280514e-03,2.995203e-01,1.268893e-01
2.25500,-3.660245e-03,-6.272699e-03,3.000155e-01,1.268904e-01
2.25750,-3.671654e-03,-6.265054e-03,3.005108e-01,1.268915e-01
2.26000,-3.683071e-03,-6.257752e-03,3.010061e-01,1.268927e-01
2.26250,-3.694607e-03,-6.250739e-03,3.015014e-01,1.268938e-01
2.26500,-3.706376e-03,-6.243885e-03,3.019968e-01,1.268949e-01
2.26750,-3.718345e-03,-6.237183e-03,3.024922e-01,1.268960e-01
2.27000,-3.730363e-03,-6.230485e-03,3.029877e-01,1.268972e-01
2.27250,-3.742455e-03,-6.223696e-03,3.034832e-01,1.268983e-01
2.27500,-3.754610e-03,-6.216752e-03,3.039788e-01,1.268994e-01
2.27750,-3.766652e-03,-6.209685e-03,3.044744e-01,1.269005e-01
2.28000,-3.778480e-03,-6.202612e-03,3.049701e-01,1.269016e-01
2.28250,-3.790212e-03,-6.195534e-03,3.054658e-01,1.269028e-01
2.28500,-3.802013e-03,-6.188316e-03,3.059616e-01,1.269039e-01
2.28750,-3.814037e-03,-6.180837e-03,3.064584e-01,1.269050e-01
2.29000,-3.826143e-03,-6.173146e-03,3.069555e-01,1.269061e-01
2.29250,-3.838262e-03,-6.165278e-03,3.074526e-01,1.269072e-01
2.29500,-3.850361e-03,-6.157289e-03,3.079498e-01,1.269083e-01
2.29750,-3.862393e-03,-6.149225e-03,3.084470e-01,1.269095e-01
2.30000,-3.874370e-03,-6.141098e-03,3.089443e-01,1.269106e-01
2.30250,-3.886255e-03,-6.132900e-03,3.094429e-01,1.269117e-01
2.30500,-3.898140e-03,-6.124469e-03,3.099415e-01,1.269128e-01
2.30750,-3.909924e-03,-6.115873e-03,3.104401e-01,1.269139e-01
2.31000,-3.921515e-03,-6.107022e-03,3.109387e-01,1.269150e-01
2.31250,-3.932902e-03,-6.097939e-03,3.114373e-01,1.269161e-01
2.31500,-3.944039e-03,-6.088842e-03,3.119360e-01,1.269172e-01
2.31750,-3.955008e-03,-6.079758e-03,3.124346e-01,1.269184e-01
2.32000,-3.965971e-03,-6.070715e-03,3.129334e-01,1.269195e-01
2.32250,-3.976918e-03,-6.061642e-03,3.134321e-01,1.269206e-01
2.32500,-3.987782e-03,-6.052448e-03,3.139308e-01,1.269217e-01
2.32750,-3.998593e-03,-6.043019e-03,3.144296e-01,1.269228e-01
2.33000,-4.009417e-03,-6.033254e-03,3.149285e-01,1.269239e-01
2.33250,-4.020212e-03,-6.023283e-03,3.154273e-01,1.269250e-01
2.33500,-4.030987e-03,-6.013118e-03,3.159262e-01,1.269261e-01
2.33750,-4.041733e-03,-6.002785e-03,3.164251e-01,1.269272e-01
2.34000,-4.052424e-03,-5.992302e-03,3.169241e-01,1.269283e-01
2.34250,-4.063101e-03,-5.981811e-03,3.174231e-01,1.269294e-01
2.34500,-4.073801e-03,-5.971300e-03,3.179221e-01,1.269305e-01
2.34750,-4.084609e-03,-5.960646e-03,3.184212e-01,1.269316e-01
2.35000,-4.095588e-03,-5.949952e-03,3.189203e-01,1.269327e-01
2.35250,-4.106783e-03,-5.939483e-03,3.194194e-01,1.269338e-01
2.35500,-4.118302e-03,-5.929138e-03,3.199185e-01,1.269349e-01
2.35750,-4.130186e-03,-5.918875e-03,3.204176e-01,1.269359e-01
2.36000,-4.142318e-03,-5.908665e-03,3.209168e-01,1.269370e-01
2.36250,-4.154533e-03,-5.898282e-03,3.214159e-01,1.269381e-01
2.36500,-4.166818e-03,-5.887589e-03,3.219151e-01,1.269392e-01
2.36750,-4.179149e-03,-5.876694e-03,3.224149e-01,1.269403e-01
2.37000,-4.191483e-03,-5.865774e-03,3.229152e-01,1.269414e-01
2.37250,-4.203905e-03,-5.854959e-03,3.234157e-01,1.269425e-01
2.37500,-4.216477e-03,-5.844302e-03,3.239161e-01,1.269436e-01
2.37750,-4.229233e-03,-5.833863e-03,3.244166e-01,1.269447e-01
2.38000,-4.242075e-03,-5.823626e-03,3.249171e-01,1.269458e-01
2.38250,-4.254998e-03,-5.813475e-03,3.254184e-01,1.269468e-01
2.38500,-4.268051e-03,-5.803399e-03,3.259202e-01,1.269479e-01
2.38750,-4.281197e-03,-5.793289e-03,3.264221e-01,1.269490e-01
2.39000,-4.294402e-03,-5.783050e-03,3.269241e-01,1.269501e-01
2.39250,-4.307646e-03,-5.772680e-03,3.274260e-01,1.269512e-01
2.39500,-4.320952e-03,-5.762225e-03,3.279281e-01,1.269523e-01
2.39750,-4.334343e-03,-5.751707e-03,3.284301e-01,1.269534e-01
2.40000,-4.347703e-03,-5.741235e-03,3.289322e-01,1.269544e-01
2.40250,-4.361059e-03,-5.730889e-03,3.294343e-01,1.269555e-01
2.40500,-4.374325e-03,-5.720746e-03,3.299364e-01,1.269566e-01
2.40750,-4.387412e-03,-5.710814e-03,3.304386e-01,1.269577e-01
2.41000,-4.400503e-03,-5.700877e-03,3.309407e-01,1.269588e-01
2.41250,-4.413772e-03,-5.690754e-03,3.314429e-01,1.269598e-01
2.41500,-4.427108e-03,-5.680355e-03,3.319451e-01,1.269609e-01
2.41750,-4.440337e-03,-5.669748e-03,3.324474e-01,1.269620e-01
2.42000,-4.453286e-03,-5.659070e-03,3.329496e-01,1.269631e-01
2.42250,-4.466073e-03,-5.648330e-03,3.334519e-01,1.269642e-01
2.42500,-4.478750e-03,-5.637512e-03,3.339542e-01,1.269652e-01
2.42750,-4.491256e-03,-5.626552e-03,3.344566e-01,1.269663e-01
2.43000,-4.503610e-03,-5.615487e-03,3.349590e-01,1.269674e-01
2.43250,-4.515741e-03,-5.604373e-03,3.354614e-01,1.269685e-01
2.43500,-4.527675e-03,-5.593283e-03,3.359638e-01,1.269695e-01
2.43750,-4.539522e-03,-5.582256e-03,3.364663e-01,1.269706e-01
2.44000,-4.551366e-03,-5.571263e-03,3.369688e-01,1.269717e-01
2.44250,-4.563204e-03,-5.560183e-03,3.374713e-01,1.269728e-01
2.44500,-4.575067e-03,-5.548832e-03,3.379738e-01,1.269738e-01
2.44750,-4.587012e-03,-5.537158e-03,3.384764e-01,1.269749e-01
2.45000,-4.599042e-03,-5.525256e-03,3.389789e-01,1.269760e-01
2.45250,-4.611184e-03,-5.513134e-03,3.394815e-01,1.269770e-01
2.45500,-4.623388e-03,-5.500911e-03,3.399841e-01,1.269781e-01
2.45750,-4.635812e-03,-5.488645e-03,3.404867e-01,1.269792e-01
2.46000,-4.648470e-03,-5.476463e-03,3.409893e-01,1.269802e-01
2.46250,-4.661288e-03,-5.464327e-03,3.414919e-01,1.269813e-01
2.46500,-4.674438e-03,-5.452156e-03,3.419946e-01,1.269823e-01
2.46750,-4.688004e-03,-5.439887e-03,3.424972e-01,1.269834e-01
2.47000,-4.701848e-03,-5.427403e-03,3.430005e-01,1.269845e-01
2.47250,-4.715779e-03,-5.414770e-03,3.435044e-01,1.269855e-01
2.47500,-4.729755e-03,-5.401946e-03,3.440083e-01,1.269866e-01
2.47750,-4.743819e-03,-5.388844e-03,3.445122e-01,1.269876e-01
2.48000,-4.757959e-03,-5.375540e-03,3.450162e-01,1.269887e-01
2.48250,-4.772199e-03,-5.362102e-03,3.455203e-01,1.269898e-01
2.48500,-4.786515e-03,-5.348620e-03,3.460255e-01,1.269908e-01
2.48750,-4.801055e-03,-5.335059e-03,3.465307e-01,1.269919e-01
2.49000,-4.815857e-03,-5.321369e-03,3.470359e-01,1.269929e-01
2.49250,-4.830818e-03,-5.307624e-03,3.475412e-01,1.269940e-01
2.49500,-4.845714e-03,-5.293979e-03,3.480465e-01,1.269950e-01
2.49750,-4.860407e-03,-5.280481e-03,3.485518e-01,1.269961e-01
2.50000,-4.875168e-03,-5.266980e-03,3.490571e-01,1.269972e-01
2.50250,-4.890091e-03,-5.253213e-03,3.495625e-01,1.269982e-01
2.50500,-4.905115e-03,-5.239144e-03,3.500679e-01,1.269993e-01
2.50750,-4.919977e-03,-5.225077e-03,3.505733e-01,1.270003e-01
2.51000,-4.934698e-03,-5.211119e-03,3.510788e-01,1.270014e-01
2.51250,-4.949294e-03,-5.197221e-03,3.515843e-01,1.270024e-01
2.51500,-4.963935e-03,-5.183296e-03,3.520898e-01,1.270035e-01
2.51750,-4.978687e-03,-5.169339e-03,3.525954e-01,1.270045e-01
2.52000,-4.993544e-03,-5.155453e-03,3.531010e-01,1.270055e-01
2.52250,-5.008373e-03,-5.141605e-03,3.536066e-01,1.270066e-01
2.52500,-5.022973e-03,-5.127749e-03,3.541122e-01,1.270076e-01
2.52750,-5.037208e-03,-5.113931e-03,3.546179e-01,1.270087e-01
2.53000,-5.051226e-03,-5.100108e-03,3.551236e-01,1.270097e-01
2.53250,-5.065169e-03,-5.086198e-03,3.556294e-01,1.270108e-01
2.53500,-5.079005e-03,-5.072314e-03,3.561351e-01,1.270118e-01
2.53750,-5.092761e-03,-5.058469e-03,3.566409e-01,1.270129e-01
2.54000,-5.106420e-03,-5.044626e-03,3.571467e-01,1.270139e-01
2.54250,-5.119935e-03,-5.030819e-03,3.576525e-01,1.270149e-01
2.54500,-5.133404e-03,-5.017001e-03,3.581583e-01,1.270160e-01
2.54750,-5.146985e-03,-5.003092e-03,3.586642e-01,1.270170e-01
2.55000,-5.160765e-03,-4.989031e-03,3.591701e-01,1.270181e-01
2.55250,-5.174734e-03,-4.974756e-03,3.596760e-01,1.270191e-01
2.55500,-5.188969e-03,-4.960194e-03,3.601819e-01,1.270201e-01
2.55750,-5.203453e-03,-4.945411e-03,3.606879e-01,1.270212e-01
2.56000,-5.218070e-03,-4.930534e-03,3.611939e-01,1.270222e-01
2.56250,-5.232889e-03,-4.915509e-03,3.617000e-01,1.270233e-01
2.56500,-5.247874e-03,-4.900428e-03,3.622060e-01,1.270243e-01
2.56750,-5.262978e-03,-4.885365e-03,3.627121e-01,1.270253e-01
2.57000,-5.278151e-03,-4.870292e-03,3.632182e-01,1.270264e-01
2.57250,-5.293533e-03,-4.855146e-03,3.637243e-01,1.270274e-01
2.57500,-5.309109e-03,-4.839930e-03,3.642305e-01,1.270284e-01
2.57750,-5.325028e-03,-4.824589e-03,3.647367e-01,1.270295e-01
2.58000,-5.341214e-03,-4.809056e-03,3.652429e-01,1.270305e-01
2.58250,-5.357396e-03,-4.793435e-03,3.657491e-01,1.270316e-01
2.58500,-5.373419e-03,-4.777790e-03,3.662554e-01,1.270326e-01
2.58750,-5.389488e-03,-4.762013e-03,3.667616e-01,1.270336e-01
2.59000,-5.405811e-03,-4.746262e-03,3.672679e-01,1.270347e-01
2.59250,-5.422439e-03,-4.730527e-03,3.677753e-01,1.270357e-01
2.59500,-5.439529e-03,-4.714570e-03,3.682828e-01,1.270367e-01
2.59750,-5.457049e-03,-4.698369e-03,3.687903e-01,1.270378e-01
2.60000,-5.474613e-03,-4.682167e-03,3.692979e-01,1.270388e-01
2.60250,-5.492170e-03,-4.665860e-03,3.698064e-01,1.270398e-01
2.60500,-5.509635e-03,-4.649456e-03,3.703152e-01,1.270409e-01
2.60750,-5.526904e-03,-4.633030e-03,3.708241e-01,1.270419e-01
2.61000,-5.544002e-03,-4.616548e-03,3.713330e-01,1.270429e-01
2.61250,-5.561053e-03,-4.599845e-03,3.718419e-01,1.270439e-01
2.61500,-5.577930e-03,-4.583038e-03,3.723509e-01,1.270450e-01
2.61750,-5.594527e-03,-4.566191e-03,3.728599e-01,1.270460e-01
2.62000,-5.610958e-03,-4.549199e-03,3.733690e-01,1.270470e-01
2.62250,-5.627254e-03,-4.532165e-03,3.738781e-01,1.270481e-01
2.62500,-5.643662e-03,-4.514992e-03,3.743873e-01,1.270491e-01
2.62750,-5.660268e-03,-4.497506e-03,3.748965e-01,1.270501e-01
2.63000,-5.676810e-03,-4.479782e-03,3.754057e-01,1.270511e-01
2.63250,-5.693100e-03,-4.462130e-03,3.759150e-01,1.270522e-01
2.63500,-5.709143e-03,-4.444642e-03,3.764244e-01,1.270532e-01
2.63750,-5.725076e-03,-4.427135e-03,3.769337e-01,1.270542e-01
2.64000,-5.740942e-03,-4.409450e-03,3.774431e-01,1.270552e-01
2.64250,-5.756834e-03,-4.391607e-03,3.779526e-01,1.270563e-01
2.64500,-5.772748e-03,-4.373598e-03,3.784620e-01,1.270573e-01
2.64750,-5.788755e-03,-4.355476e-03,3.789716e-01,1.270583e-01
2.65000,-5.804997e-03,-4.337175e-03,3.794811e-01,1.270593e-01
2.65250,-5.821639e-03,-4.318549e-03,3.799907e-01,1.270603e-01
2.65500,-5.838608e-03,-4.299681e-03,3.805004e-01,1.270614e-01
2.65750,-5.855718e-03,-4.280702e-03,3.810100e-01,1.270624e-01
2.66000,-5.872947e-03,-4.261623e-03,3.815197e-01,1.270634e-01
2.66250,-5.890350e-03,-4.242507e-03,3.820295e-01,1.270644e-01
2.66500,-5.907808e-03,-4.223439e-03,3.825393e-01,1.270654e-01
2.66750,-5.925195e-03,-4.204570e-03,3.830491e-01,1.270665e-01
2.67000,-5.942558e-03,-4.185797e-03,3.835590e-01,1.270675e-01
2.67250,-5.959990e-03,-4.167074e-03,3.840689e-01,1.270685e-01
2.67500,-5.977820e-03,-4.148203e-03,3.845789e-01,1.270695e-01
2.67750,-5.996154e-03,-4.129108e-03,3.850889e-01,1.270705e-01
2.68000,-6.015044e-03,-4.109666e-03,3.855989e-01,1.270716e-01
2.68250,-6.034387e-03,-4.089893e-03,3.861090e-01,1.270726e-01
2.68500,-6.053633e-03,-4.070092e-03,3.866192e-01,1.270736e-01
2.68750,-6.072683e-03,-4.050266e-03,3.871294e-01,1.270746e-01
2.69000,-6.091717e-03,-4.030160e-03,3.876396e-01,1.270756e-01
2.69250,-6.111079e-03,-4.009807e-03,3.881499e-01,1.270767e-01
2.69500,-6.130921e-03,-3.989384e-03,3.886603e-01,1.270777e-01
2.69750,-6.150978e-03,-3.968989e-03,3.891706e-01,1.270787e-01
2.70000,-6.171026e-03,-3.948689e-03,3.896811e-01,1.270797e-01
2.70250,-6.191167e-03,-3.928366e-03,3.901916e-01,1.270807e-01
2.70500,-6.211431e-03,-3.907835e-03,3.907021e-01,1.270818e-01
2.70750,-6.231648e-03,-3.887179e-03,3.912127e-01,1.270828e-01
2.71000,-6.251561e-03,-3.866441e-03,3.917234e-01,1.270838e-01
2.71250,-6.271119e-03,-3.845646e-03,3.922342e-01,1.270848e-01
2.71500,-6.290449e-03,-3.824858e-03,3.927469e-01,1.270858e-01
2.71750,-6.309573e-03,-3.804032e-03,3.932601e-01,1.270869e-01
2.72000,-6.328608e-03,-3.783171e-03,3.937735e-01,1.270879e-01
2.72250,-6.347592e-03,-3.762266e-03,3.942869e-01,1.270889e-01
2.72500,-6.366670e-03,-3.741235e-03,3.948003e-01,1.270899e-01
2.72750,-6.385792e-03,-3.719982e-03,3.953139e-01,1.270910e-01
2.73000,-6.404985e-03,-3.698531e-03,3.958275e-01,1.270920e-01
2.73250,-6.424424e-03,-3.676794e-03,3.963411e-01,1.270930e-01
2.73500,-6.443960e-03,-3.654946e-03,3.968549e-01,1.270940e-01
2.73750,-6.463561e-03,-3.632957e-03,3.973687e-01,1.270950e-01
2.74000,-6.483142e-03,-3.610728e-03,3.978825e-01,1.270961e-01
2.74250,-6.502686e-03,-3.588381e-03,3.983965e-01,1.270971e-01
2.74500,-6.522194e-03,-3.566082e-03,3.989105e-01,1.270981e-01
2.74750,-6.541811e-03,-3.543818e-03,3.994246e-01,1.270991e-01
2.75000,-6.561342e-03,-3.521641e-03,3.999388e-01,1.271002e-01
2.75250,-6.580923e-03,-3.499408e-03,4.004530e-01,1.271012e-01
2.75500,-6.600713e-03,-3.476990e-03,4.009673e-01,1.271022e-01
2.75750,-6.620933e-03,-3.454268e-03,4.014817e-01,1.271032e-01
2.76000,-6.641464e-03,-3.431219e-03,4.019962e-01,1.271043e-01
2.76250,-6.662096e-03,-3.407966e-03,4.025107e-01,1.271053e-01
2.76500,-6.682539e-03,-3.384789e-03,4.030253e-01,1.271063e-01
2.76750,-6.702944e-03,-3.361594e-03,4.035400e-01,1.271074e-01
2.77000,-6.723474e-03,-3.338260e-03,4.040548e-01,1.271084e-01
2.77250,-6.744154e-03,-3.314752e-03,4.045696e-01,1.271094e-01
2.77500,-6.765120e-03,-3.290956e-03,4.050845e-01,1.271105e-01
2.77750,-6.786386e-03,-3.266857e-03,4.055995e-01,1.271115e-01
2.78000,-6.807976e-03,-3.242554e-03,4.061146e-01,1.271125e-01
2.78250,-6.829936e-03,-3.217994e-03,4.066298e-01,1.271136e-01
2.78500,-6.852314e-03,-3.193188e-03,4.071450e-01,1.271146e-01
2.78750,-6.874906e-03,-3.168205e-03,4.076604e-01,1.271157e-01
2.79000,-6.897545e-03,-3.143226e-03,4.081758e-01,1.271167e-01
2.79250,-6.920071e-03,-3.118234e-03,4.086913e-01,1.271177e-01
2.79500,-6.942471e-03,-3.093384e-03,4.092069e-01,1.271188e-01
2.79750,-6.964940e-03,-3.068585e-03,4.097226e-01,1.271198e-01
2.80000,-6.987446e-03,-3.043667e-03,4.102384e-01,1.271209e-01
2.80250,-7.010082e-03,-3.018434e-03,4.107543e-01,1.271219e-01
2.80500,-7.032868e-03,-2.993031e-03,4.112702e-01,1.271230e-01
2.80750,-7.055664e-03,-2.967548e-03,4.117863e-01,1.271240e-01
2.81000,-7.078838e-03,-2.941897e-03,4.123024e-01,1.271251e-01
2.81250,-7.102322e-03,-2.916066e-03,4.128186e-01,1.271261e-01
2.81500,-7.125879e-03,-2.890062e-03,4.133349e-01,1.271272e-01
2.81750,-7.149324e-03,-2.863876e-03,4.138514e-01,1.271282e-01
2.82000,-7.172686e-03,-2.837600e-03,4.143679e-01,1.271293e-01
2.82250,-7.196029e-03,-2.811219e-03,4.148845e-01,1.271303e-01
2.82500,-7.219385e-03,-2.784892e-03,4.154012e-01,1.271314e-01
2.82750,-7.242748e-03,-2.758451e-03,4.159180e-01,1.271325e-01
2.83000,-7.266072e-03,-2.731877e-03,4.164349e-01,1.271335e-01
2.83250,-7.289343e-03,-2.705204e-03,4.169519e-01,1.271346e-01
2.83500,-7.312817e-03,-2.678194e-03,4.174690e-01,1.271356e-01
2.83750,-7.336657e-03,-2.650718e-03,4.179862e-01,1.271367e-01
2.84000,-7.360638e-03,-2.622900e-03,4.185035e-01,1.271378e-01
2.84250,-7.384703e-03,-2.594836e-03,4.190209e-01,1.271388e-01
2.84500,-7.408628e-03,-2.566638e-03,4.195384e-01,1.271399e-01
2.84750,-7.432314e-03,-2.538297e-03,4.200560e-01,1.271410e-01
2.85000,-7.455881e-03,-2.509810e-03,4.205737e-01,1.271420e-01
2.85250,-7.479527e-03,-2.481129e-03,4.210915e-01,1.271431e-01
2.85500,-7.503109e-03,-2.452365e-03,4.216095e-01,1.271442e-01
2.85750,-7.526427e-03,-2.423618e-03,4.221275e-01,1.271453e-01
2.86000,-7.549648e-03,-2.394798e-03,4.226456e-01,1.271464e-01
2.86250,-7.573142e-03,-2.365793e-03,4.231639e-01,1.271475e-01
2.86500,-7.597054e-03,-2.336731e-03,4.236822e-01,1.271486e-01
2.86750,-7.620847e-03,-2.307747e-03,4.242007e-01,1.271496e-01
2.87000,-7.644532e-03,-2.278653e-03,4.247193e-01,1.271507e-01
2.87250,-7.668340e-03,-2.249342e-03,4.252380e-01,1.271518e-01
2.87500,-7.692236e-03,-2.219820e-03,4.257568e-01,1.271529e-01
2.87750,-7.715986e-03,-2.190262e-03,4.262758e-01,1.271541e-01
2.88000,-7.739728e-03,-2.160608e-03,4.267948e-01,1.271552e-01
2.88250,-7.763619e-03,-2.130782e-03,4.273140e-01,1.271563e-01
2.88500,-7.787691e-03,-2.100702e-03,4.278333e-01,1.271574e-01
2.88750,-7.812143e-03,-2.070373e-03,4.283527e-01,1.271585e-01
2.89000,-7.837092e-03,-2.039787e-03,4.288722e-01,1.271596e-01
2.89250,-7.862480e-03,-2.009158e-03,4.293919e-01,1.271608e-01
2.89500,-7.888142e-03,-1.978396e-03,4.299117e-01,1.271619e-01
2.89750,-7.914020e-03,-1.947471e-03,4.304316e-01,1.271630e-01
2.90000,-7.940189e-03,-1.916316e-03,4.309517e-01,1.271642e-01
2.90250,-7.966450e-03,-1.885110e-03,4.314718e-01,1.271653e-01
2.90500,-7.992521e-03,-1.853872e-03,4.319921e-01,1.271665e-01
2.90750,-8.018797e-03,-1.822348e-03,4.325126e-01,1.271676e-01
2.91000,-8.045245e-03,-1.790685e-03,4.330332e-01,1.271688e-01
2.91250,-8.071931e-03,-1.758849e-03,4.335538e-01,1.271699e-01
2.91500,-8.098868e-03,-1.726786e-03,4.340747e-01,1.271711e-01
2.91750,-8.126168e-03,-1.694487e-03,4.345956e-01,1.271722e-01
2.92000,-8.153982e-03,-1.661893e-03,4.351167e-01,1.271734e-01
2.92250,-8.182457e-03,-1.628996e-03,4.356379e-01,1.271746e-01
2.92500,-8.211220e-03,-1.595921e-03,4.361593e-01,1.271758e-01
2.92750,-8.239905e-03,-1.562865e-03,4.366808e-01,1.271769e-01
2.93000,-8.268190e-03,-1.529960e-03,4.372024e-01,1.271781e-01
2.93250,-8.296144e-03,-1.496993e-03,4.377242e-01,1.271793e-01
2.93500,-8.323838e-03,-1.463773e-03,4.382461e-01,1.271805e-01
2.93750,-8.351301e-03,-1.430370e-03,4.387682e-01,1.271817e-01
2.94000,-8.378715e-03,-1.396944e-03,4.392904e-01,1.271829e-01
2.94250,-8.406108e-03,-1.363440e-03,4.398127e-01,1.271841e-01
2.94500,-8.433546e-03,-1.329824e-03,4.403352e-01,1.271854e-01
2.94750,-8.461090e-03,-1.295989e-03,4.408579e-01,1.271866e-01
2.95000,-8.488609e-03,-1.261951e-03,4.413807e-01,1.271878e-01
2.95250,-8.515868e-03,-1.227671e-03,4.419036e-01,1.271890e-01
2.95500,-8.542861e-03,-1.193205e-03,4.424267e-01,1.271903e-01
2.95750,-8.569623e-03,-1.158623e-03,4.429499e-01,1.271915e-01
2.96000,-8.596198e-03,-1.123953e-03,4.434733e-01,1.271928e-01
2.96250,-8.622621e-03,-1.089202e-03,4.439968e-01,1.271940e-01
2.96500,-8.648941e-03,-1.054369e-03,4.445205e-01,1.271953e-01
2.96750,-8.675087e-03,-1.019511e-03,4.450444e-01,1.271966e-01
2.97000,-8.701003e-03,-9.846706e-04,4.455684e-01,1.271978e-01
2.97250,-8.726835e-03,-9.496459e-04,4.460959e-01,1.271991e-01
2.97500,-8.752668e-03,-9.143275e-04,4.466237e-01,1.272004e-01
2.97750,-8.778534e-03,-8.786945e-04,4.471518e-01,1.272017e-01
2.98000,-8.804391e-03,-8.428916e-04,4.476800e-01,1.272030e-01
2.98250,-8.830204e-03,-8.068735e-04,4.482084e-01,1.272043e-01
2.98500,-8.856231e-03,-7.706805e-04,4.487369e-01,1.272057e-01
2.98750,-8.882514e-03,-7.343721e-04,4.492657e-01,1.272070e-01
2.99000,-8.909168e-03,-6.978993e-04,4.497946e-01,1.272083e-01
2.99250,-8.936012e-03,-6.615000e-04,4.503237e-01,1.272097e-01
2.99500,-8.963039e-03,-6.252093e-04,4.508530e-01,1.272110e-01
2.99750,-8.990232e-03,-5.889947e-04,4.513825e-01,1.272124e-01
3.00000,-9.017684e-03,-5.526074e-04,4.519122e-01,1.272138e-01
3.00250,-9.045709e-03,-5.157387e-04,4.524421e-01,1.272152e-01
3.00500,-9.074428e-03,-4.784519e-04,4.529722e-01,1.272165e-01
3.00750,-9.103894e-03,-4.408004e-04,4.535024e-01,1.272179e-01
3.01000,-9.133621e-03,-4.029546e-04,4.540329e-01,1.272193e-01
3.01250,-9.163233e-03,-3.649847e-04,4.545636e-01,1.272208e-01
3.01500,-9.192698e-03,-3.270482e-04,4.550945e-01,1.272222e-01
3.01750,-9.222154e-03,-2.889058e-04,4.556256e-01,1.272236e-01
3.02000,-9.251858e-03,-2.505018e-04,4.561569e-01,1.272251e-01
3.02250,-9.281636e-03,-2.120203e-04,4.566884e-01,1.272265e-01
3.02500,-9.311243e-03,-1.736294e-04,4.572201e-01,1.272280e-01
3.02750,-9.340713e-03,-1.352318e-04,4.577520e-01,1.272295e-01
3.03000,-9.370240e-03,-9.672385e-05,4.582841e-01,1.272309e-01
3.03250,-9.399671e-03,-5.814297e-05,4.588164e-01,1.272324e-01
3.03500,-9.428962e-03,-1.950244e-05,4.593489e-01,1.272339e-01
3.03750,-9.458407e-03,1.933760e-05,4.598816e-01,1.272355e-01
3.04000,-9.488092e-03,5.845885e-05,4.604145e-01,1.272370e-01
3.04250,-9.518154e-03,9.793061e-05,4.609477e-01,1.272385e-01
3.04500,-9.548515e-03,1.377794e-04,4.614810e-01,1.272401e-01
3.04750,-9.579022e-03,1.780593e-04,4.620146e-01,1.272416e-01
3.05000,-9.609277e-03,2.184279e-04,4.625484e-01,1.272432e-01
3.05250,-9.639379e-03,2.589429e-04,4.630824e-01,1.272448e-01
3.05500,-9.669225e-03,2.994212e-04,4.636167e-01,1.272464e-01
3.05750,-9.698418e-03,3.394009e-04,4.641511e-01,1.272480e-01
3.06000,-9.727323e-03,3.790971e-04,4.646858e-01,1.272496e-01
3.06250,-9.756157e-03,4.187005e-04,4.652207e-01,1.272512e-01
3.06500,-9.784579e-03,4.582751e-04,4.657559e-01,1.272529e-01
3.06750,-9.812923e-03,4.980531e-04,4.662912e-01,1.272545e-01
3.07000,-9.841213e-03,5.381405e-04,4.668268e-01,1.272562e-01
3.07250,-9.869712e-03,5.786866e-04,4.673626e-01,1.272579e-01
3.07500,-9.898452e-03,6.196441e-04,4.678987e-01,1.272596e-01
3.07750,-9.926922e-03,6.606940e-04,4.684350e-01,1.272613e-01
3.08000,-9.954773e-03,7.017285e-04,4.689715e-01,1.272630e-01
3.08250,-9.982175e-03,7.427489e-04,4.695083e-01,1.272647e-01
3.08500,-1.000924e-02,7.837945e-04,4.700453e-01,1.272665e-01
3.08750,-1.003630e-02,8.249712e-04,4.705825e-01,1.272683e-01
3.09000,-1.006333e-02,8.664564e-04,4.711200e-01,1.272700e-01
3.09250,-1.009024e-02,9.081200e-04,4.716577e-01,1.272719e-01
3.09500,-1.011723e-02,9.499629e-04,4.721957e-01,1.272737e-01
3.09750,-1.014425e-02,9.918201e-04,4.727369e-01,1.272755e-01
3.10000,-1.017098e-02,1.033689e-03,4.732792e-01,1.272774e-01
3.10250,-1.019728e-02,1.075738e-03,4.738217e-01,1.272792e-01
3.10500,-1.022335e-02,1.117965e-03,4.743646e-01,1.272811e-01
3.10750,-1.024925e-02,1.160314e-03,4.749077e-01,1.272830e-01
3.11000,-1.027504e-02,1.202837e-03,4.754511e-01,1.272850e-01
3.11250,-1.030066e-02,1.245199e-03,4.759948e-01,1.272869e-01
3.11500,-1.032590e-02,1.287132e-03,4.765387e-01,1.272889e-01
3.11750,-1.035110e-02,1.328891e-03,4.770829e-01,1.272908e-01
3.12000,-1.037628e-02,1.370425e-03,4.776274e-01,1.272928e-01
3.12250,-1.040152e-02,1.411815e-03,4.781722e-01,1.272949e-01
3.12500,-1.042722e-02,1.453238e-03,4.787172e-01,1.272969e-01
3.12750,-1.045324e-02,1.494798e-03,4.792626e-01,1.272990e-01
3.13000,-1.047961e-02,1.536540e-03,4.798082e-01,1.273010e-01
3.13250,-1.050662e-02,1.578678e-03,4.803541e-01,1.273031e-01
3.13500,-1.053439e-02,1.621302e-03,4.809003e-01,1.273053e-01
3.13750,-1.056251e-02,1.664272e-03,4.814468e-01,1.273074e-01
3.14000,-1.059065e-02,1.707415e-03,4.819936e-01,1.273096e-01
3.14250,-1.061860e-02,1.750467e-03,4.825407e-01,1.273118e-01
3.14500,-1.064627e-02,1.793335e-03,4.830880e-01,1.273140e-01
3.14750,-1.067359e-02,1.835914e-03,4.836357e-01,1.273162e-01
3.15000,-1.070051e-02,1.878165e-03,4.841837e-01,1.273184e-01
3.15250,-1.072734e-02,1.920444e-03,4.847319e-01,1.273207e-01
3.15500,-1.075445e-02,1.962802e-03,4.852805e-01,1.273230e-01
3.15750,-1.078183e-02,2.005205e-03,4.858294e-01,1.273253e-01
3.16000,-1.080937e-02,2.047698e-03,4.863786e-01,1.273277e-01
3.16250,-1.083691e-02,2.090266e-03,4.869281e-01,1.273300e-01
3.16500,-1.086444e-02,2.133042e-03,4.874778e-01,1.273324e-01
3.16750,-1.089181e-02,2.176123e-03,4.880279e-01,1.273348e-01
3.17000,-1.091896e-02,2.219554e-03,4.885784e-01,1.273373e-01
3.17250,-1.094577e-02,2.263172e-03,4.891291e-01,1.273397e-01
3.17500,-1.097267e-02,2.306633e-03,4.896802e-01,1.273422e-01
3.17750,-1.099995e-02,2.349861e-03,4.902315e-01,1.273448e-01
3.18000,-1.102735e-02,2.392749e-03,4.907832e-01,1.273473e-01
3.18250,-1.105437e-02,2.435127e-03,4.913352e-01,1.273499e-01
3.18500,-1.108083e-02,2.477251e-03,4.918875e-01,1.273525e-01
3.18750,-1.110701e-02,2.519512e-03,4.924402e-01,1.273551e-01
3.19000,-1.113300e-02,2.562031e-03,4.929931e-01,1.273577e-01
3.19250,-1.115840e-02,2.604535e-03,4.935464e-01,1.273604e-01
3.19500,-1.118321e-02,2.647020e-03,4.941001e-01,1.273631e-01
3.19750,-1.120746e-02,2.689624e-03,4.946540e-01,1.273659e-01
3.20000,-1.123138e-02,2.732552e-03,4.952084e-01,1.273686e-01
3.20250,-1.125511e-02,2.775549e-03,4.957630e-01,1.273714e-01
3.20500,-1.127889e-02,2.818674e-03,4.963180e-01,1.273742e-01
3.20750,-1.130270e-02,2.861963e-03,4.968733e-01,1.273771e-01
3.21000,-1.132634e-02,2.905364e-03,4.974290e-01,1.273800e-01
3.21250,-1.134971e-02,2.948711e-03,4.979850e-01,1.273829e-01
3.21500,-1.137253e-02,2.991884e-03,4.985414e-01,1.273859e-01
3.21750,-1.139483e-02,3.034789e-03,4.990981e-01,1.273889e-01
3.22000,-1.141664e-02,3.077424e-03,4.996551e-01,1.273919e-01
3.22250,-1.143789e-02,3.119803e-03,5.002154e-01,1.273949e-01
3.22500,-1.145846e-02,3.161931e-03,5.007774e-01,1.273980e-01
3.22750,-1.147872e-02,3.204012e-03,5.013397e-01,1.274011e-01
3.23000,-1.149910e-02,3.246203e-03,5.019024e-01,1.274043e-01
3.23250,-1.151953e-02,3.288507e-03,5.024655e-01,1.274075e-01
3.23500,-1.153981e-02,3.330752e-03,5.030289e-01,1.274107e-01
3.23750,-1.155998e-02,3.373081e-03,5.035928e-01,1.274139e-01
3.24000,-1.157983e-02,3.415395e-03,5.041570e-01,1.274172e-01
3.24250,-1.159879e-02,3.457158e-03,5.047217e-01,1.274205e-01
3.24500,-1.161705e-02,3.498182e-03,5.052867e-01,1.274239e-01
3.24750,-1.163509e-02,3.538909e-03,5.058521e-01,1.274273e-01
3.25000,-1.165304e-02,3.579559e-03,5.064179e-01,1.274308e-01
3.25250,-1.167081e-02,3.620306e-03,5.069841e-01,1.274342e-01
3.25500,-1.168811e-02,3.660985e-03,5.075508e-01,1.274378e-01
3.25750,-1.170473e-02,3.701337e-03,5.081178e-01,1.274413e-01
3.26000,-1.172118e-02,3.741754e-03,5.086852e-01,1.274449e-01
3.26250,-1.173771e-02,3.782403e-03,5.092530e-01,1.274485e-01
3.26500,-1.175419e-02,3.823153e-03,5.098213e-01,1.274522e-01
3.26750,-1.177054e-02,3.863932e-03,5.103899e-01,1.274559e-01
3.27000,-1.178683e-02,3.904786e-03,5.109589e-01,1.274597e-01
3.27250,-1.180306e-02,3.945630e-03,5.115284e-01,1.274635e-01
3.27500,-1.181914e-02,3.986313e-03,5.120983e-01,1.274674e-01
3.27750,-1.183548e-02,4.026838e-03,5.126686e-01,1.274712e-01
3.28000,-1.185240e-02,4.067309e-03,5.132393e-01,1.274752e-01
3.28250,-1.186949e-02,4.107424e-03,5.138105e-01,1.274792e-01
3.28500,-1.188662e-02,4.147250e-03,5.143820e-01,1.274832e-01
3.28750,-1.190400e-02,4.186790e-03,5.149541e-01,1.274873e-01
3.29000,-1.192160e-02,4.226041e-03,5.155265e-01,1.274914e-01
3.29250,-1.193953e-02,4.265189e-03,5.160993e-01,1.274955e-01
3.29500,-1.195764e-02,4.304249e-03,5.166726e-01,1.274997e-01
3.29750,-1.197560e-02,4.343039e-03,5.172464e-01,1.275040e-01
3.30000,-1.199330e-02,4.381424e-03,5.178206e-01,1.275083e-01
3.30250,-1.201073e-02,4.419423e-03,5.183952e-01,1.275127e-01
3.30500,-1.202786e-02,4.457059e-03,5.189703e-01,1.275171e-01
3.30750,-1.204480e-02,4.494437e-03,5.195458e-01,1.275215e-01
3.31000,-1.206139e-02,4.531819e-03,5.201217e-01,1.275260e-01
3.31250,-1.207791e-02,4.569265e-03,5.206982e-01,1.275305e-01
3.31500,-1.209390e-02,4.606345e-03,5.212751e-01,1.275351e-01
3.31750,-1.210932e-02,4.642856e-03,5.218524e-01,1.275398e-01
3.32000,-1.212441e-02,4.678766e-03,5.224303e-01,1.275445e-01
3.32250,-1.213925e-02,4.714294e-03,5.230086e-01,1.275492e-01
3.32500,-1.215409e-02,4.749930e-03,5.235874e-01,1.275540e-01
3.32750,-1.216920e-02,4.786016e-03,5.241667e-01,1.275588e-01
3.33000,-1.218443e-02,4.822517e-03,5.247464e-01,1.275637e-01
3.33250,-1.219936e-02,4.859008e-03,5.253266e-01,1.275687e-01
3.33500,-1.221380e-02,4.895210e-03,5.259074e-01,1.275737e-01
3.33750,-1.222790e-02,4.930984e-03,5.264886e-01,1.275787e-01
3.34000,-1.224153e-02,4.966220e-03,5.270703e-01,1.275838e-01
3.34250,-1.225481e-02,5.000968e-03,5.276524e-01,1.275890e-01
3.34500,-1.226758e-02,5.035131e-03,5.282351e-01,1.275942e-01
3.34750,-1.228029e-02,5.069055e-03,5.288204e-01,1.275995e-01
3.35000,-1.229333e-02,5.103184e-03,5.294087e-01,1.276048e-01
3.35250,-1.230691e-02,5.137679e-03,5.299975e-01,1.276102e-01
3.35500,-1.232060e-02,5.172174e-03,5.305868e-01,1.276157e-01
3.35750,-1.233415e-02,5.206438e-03,5.311766e-01,1.276212e-01
3.36000,-1.234745e-02,5.240441e-03,5.317670e-01,1.276268e-01
3.36250,-1.235982e-02,5.274047e-03,5.323578e-01,1.276324e-01
3.36500,-1.237168e-02,5.307790e-03,5.329493e-01,1.276381e-01
3.36750,-1.238340e-02,5.341852e-03,5.335412e-01,1.276438e-01
3.37000,-1.239516e-02,5.376113e-03,5.341337e-01,1.276496e-01
3.37250,-1.240651e-02,5.410148e-03,5.347268e-01,1.276555e-01
3.37500,-1.241705e-02,5.443821e-03,5.353204e-01,1.276614e-01
3.37750,-1.242639e-02,5.476948e-03,5.359145e-01,1.276674e-01
3.38000,-1.243468e-02,5.509587e-03,5.365092e-01,1.276735e-01
3.38250,-1.244275e-02,5.542397e-03,5.371044e-01,1.276796e-01
3.38500,-1.245142e-02,5.576115e-03,5.377002e-01,1.276858e-01
3.38750,-1.246052e-02,5.610584e-03,5.382966e-01,1.276920e-01
3.39000,-1.246915e-02,5.645057e-03,5.388936e-01,1.276984e-01
3.39250,-1.247706e-02,5.679028e-03,5.394911e-01,1.277047e-01
3.39500,-1.248415e-02,5.712348e-03,5.400892e-01,1.277112e-01
3.39750,-1.249035e-02,5.744923e-03,5.406878e-01,1.277177e-01
3.40000,-1.249584e-02,5.776525e-03,5.412871e-01,1.277243e-01
3.40250,-1.250114e-02,5.807384e-03,5.418869e-01,1.277309e-01
3.40500,-1.250637e-02,5.838031e-03,5.424874e-01,1.277376e-01
3.40750,-1.251204e-02,5.868830e-03,5.430884e-01,1.277444e-01
3.41000,-1.251824e-02,5.899540e-03,5.436901e-01,1.277512e-01
3.41250,-1.252436e-02,5.929784e-03,5.442923e-01,1.277581e-01
3.41500,-1.253039e-02,5.959683e-03,5.448952e-01,1.277651e-01
3.41750,-1.253638e-02,5.989473e-03,5.454987e-01,1.277722e-01
3.42000,-1.254209e-02,6.018850e-03,5.461028e-01,1.277793e-01
3.42250,-1.254710e-02,6.047594e-03,5.467075e-01,1.277865e-01
3.42500,-1.255176e-02,6.075763e-03,5.473128e-01,1.277938e-01
3.42750,-1.255604e-02,6.103301e-03,5.479188e-01,1.278011e-01
3.43000,-1.255982e-02,6.130233e-03,5.485254e-01,1.278085e-01
3.43250,-1.256313e-02,6.156324e-03,5.491326e-01,1.278160e-01
3.43500,-1.256574e-02,6.181463e-03,5.497404e-01,1.278235e-01
3.43750,-1.256816e-02,6.206130e-03,5.503489e-01,1.278311e-01
3.44000,-1.257098e-02,6.230975e-03,5.509580e-01,1.278388e-01
3.44250,-1.257430e-02,6.256042e-03,5.515677e-01,1.278466e-01
3.44500,-1.257756e-02,6.280759e-03,5.521781e-01,1.278544e-01
3.44750,-1.258048e-02,6.304600e-03,5.527892e-01,1.278623e-01
3.45000,-1.258256e-02,6.327390e-03,5.534009e-01,1.278703e-01
3.45250,-1.258375e-02,6.348812e-03,5.540132e-01,1.278784e-01
3.45500,-1.258448e-02,6.368888e-03,5.546263e-01,1.278865e-01
3.45750,-1.258491e-02,6.388430e-03,5.552400e-01,1.278947e-01
3.46000,-1.258563e-02,6.408403e-03,5.558543e-01,1.279030e-01
3.46250,-1.258645e-02,6.428888e-03,5.564722e-01,1.279114e-01
3.46500,-1.258705e-02,6.449614e-03,5.570929e-01,1.279198e-01
3.46750,-1.258756e-02,6.470851e-03,5.577144e-01,1.279284e-01
3.47000,-1.258813e-02,6.492734e-03,5.583365e-01,1.279370e-01
3.47250,-1.258899e-02,6.515392e-03,5.589594e-01,1.279457e-01
3.47500,-1.259028e-02,6.538646e-03,5.595829e-01,1.279544e-01
3.47750,-1.259165e-02,6.562286e-03,5.602072e-01,1.279633e-01
3.48000,-1.259293e-02,6.586145e-03,5.608322e-01,1.279722e-01
3.48250,-1.259384e-02,6.609881e-03,5.614579e-01,1.279812e-01
3.48500,-1.259487e-02,6.633648e-03,5.620844e-01,1.279903e-01
3.48750,-1.259649e-02,6.657484e-03,5.627115e-01,1.279994e-01
3.49000,-1.259858e-02,6.681479e-03,5.633394e-01,1.280087e-01
3.49250,-1.260150e-02,6.705902e-03,5.639680e-01,1.280180e-01
3.49500,-1.260524e-02,6.730635e-03,5.645974e-01,1.280274e-01
3.49750,-1.260993e-02,6.755783e-03,5.652275e-01,1.280369e-01
3.50000,-1.261489e-02,6.781056e-03,5.658584e-01,1.280465e-01
3.50250,-1.261937e-02,6.805473e-03,5.664900e-01,1.280561e-01
3.50500,-1.262336e-02,6.828124e-03,5.671224e-01,1.280658e-01
3.50750,-1.262718e-02,6.849454e-03,5.677556e-01,1.280756e-01
3.51000,-1.263080e-02,6.869838e-03,5.683895e-01,1.280855e-01
3.51250,-1.263435e-02,6.889632e-03,5.690241e-01,1.280955e-01
3.51500,-1.263799e-02,6.909012e-03,5.696596e-01,1.281055e-01
3.51750,-1.264135e-02,6.927781e-03,5.702958e-01,1.281157e-01
3.52000,-1.264454e-02,6.945909e-03,5.709328e-01,1.281259e-01
3.52250,-1.264739e-02,6.963570e-03,5.715706e-01,1.281362e-01
3.52500,-1.265039e-02,6.981265e-03,5.722092e-01,1.281466e-01
3.52750,-1.265400e-02,6.998916e-03,5.728485e-01,1.281570e-01
3.53000,-1.265758e-02,7.015789e-03,5.734887e-01,1.281676e-01
3.53250,-1.266047e-02,7.030873e-03,5.741296e-01,1.281782e-01
3.53500,-1.266253e-02,7.043884e-03,5.747714e-01,1.281889e-01
3.53750,-1.266450e-02,7.055836e-03,5.754139e-01,1.281997e-01
3.54000,-1.266650e-02,7.067498e-03,5.760572e-01,1.282106e-01
3.54250,-1.266863e-02,7.079662e-03,5.767014e-01,1.282215e-01
3.54500,-1.267030e-02,7.092931e-03,5.773463e-01,1.282326e-01
3.54750,-1.267165e-02,7.107184e-03,5.779921e-01,1.282437e-01
3.55000,-1.267307e-02,7.122309e-03,5.786387e-01,1.282549e-01
3.55250,-1.267510e-02,7.138569e-03,5.792861e-01,1.282662e-01
3.55500,-1.267700e-02,7.155380e-03,5.799344e-01,1.282775e-01
3.55750,-1.267872e-02,7.172240e-03,5.805873e-01,1.282890e-01
3.56000,-1.267950e-02,7.188995e-03,5.812428e-01,1.283005e-01
3.56250,-1.267985e-02,7.205801e-03,5.818991e-01,1.283121e-01
3.56500,-1.267949e-02,7.222552e-03,5.825562e-01,1.283239e-01
3.56750,-1.267915e-02,7.239163e-03,5.832142e-01,1.283356e-01
3.57000,-1.268013e-02,7.256211e-03,5.838731e-01,1.283475e-01
3.57250,-1.268179e-02,7.273923e-03,5.845328e-01,1.283595e-01
3.57500,-1.268390e-02,7.292312e-03,5.851934e-01,1.283715e-01
3.57750,-1.268571e-02,7.310602e-03,5.858549e-01,1.283837e-01
3.58000,-1.268678e-02,7.328049e-03,5.865173e-01,1.283959e-01
3.58250,-1.268790e-02,7.344672e-03,5.871805e-01,1.284082e-01
3.58500,-1.268954e-02,7.360655e-03,5.878446e-01,1.284205e-01
3.58750,-1.269151e-02,7.376077e-03,5.885096e-01,1.284330e-01
3.59000,-1.269370e-02,7.390439e-03,5.891755e-01,1.284455e-01
3.59250,-1.269527e-02,7.403236e-03,5.898423e-01,1.284582e-01
3.59500,-1.269559e-02,7.414412e-03,5.905100e-01,1.284709e-01
3.59750,-1.269614e-02,7.424999e-03,5.911785e-01,1.284837e-01
3.60000,-1.269773e-02,7.435334e-03,5.918480e-01,1.284966e-01
3.60250,-1.270057e-02,7.445116e-03,5.925184e-01,1.285095e-01
3.60500,-1.270414e-02,7.453456e-03,5.931897e-01,1.285226e-01
3.60750,-1.270764e-02,7.459674e-03,5.938620e-01,1.285357e-01
3.61000,-1.271103e-02,7.464622e-03,5.945351e-01,1.285490e-01
3.61250,-1.271457e-02,7.469649e-03,5.952091e-01,1.285623e-01
3.61500,-1.271794e-02,7.475196e-03,5.958840e-01,1.285757e-01
3.61750,-1.272074e-02,7.481952e-03,5.965599e-01,1.285891e-01
3.62000,-1.272340e-02,7.490639e-03,5.972367e-01,1.286027e-01
3.62250,-1.272644e-02,7.501493e-03,5.979144e-01,1.286163e-01
3.62500,-1.272959e-02,7.514301e-03,5.985960e-01,1.286301e-01
3.62750,-1.273192e-02,7.528200e-03,5.992814e-01,1.286439e-01
3.63000,-1.273411e-02,7.542814e-03,5.999677e-01,1.286578e-01
3.63250,-1.273628e-02,7.557947e-03,6.006550e-01,1.286718e-01
3.63500,-1.273851e-02,7.573076e-03,6.013432e-01,1.286858e-01
3.63750,-1.274065e-02,7.587701e-03,6.020324e-01,1.287000e-01
3.64000,-1.274235e-02,7.601498e-03,6.027225e-01,1.287142e-01
3.64250,-1.274376e-02,7.614165e-03,6.034136e-01,1.287285e-01
3.64500,-1.274459e-02,7.625716e-03,6.041056e-01,1.287429e-01
3.64750,-1.274583e-02,7.637118e-03,6.047986e-01,1.287574e-01
3.65000,-1.274766e-02,7.648455e-03,6.054926e-01,1.287719e-01
3.65250,-1.274916e-02,7.659104e-03,6.061875e-01,1.287866e-01
3.65500,-1.274972e-02,7.668319e-03,6.068834e-01,1.288013e-01
3.65750,-1.275013e-02,7.676570e-03,6.075803e-01,1.288161e-01
3.66000,-1.275110e-02,7.683914e-03,6.082782e-01,1.288310e-01
3.66250,-1.275162e-02,7.689882e-03,6.089794e-01,1.288460e-01
3.66500,-1.275172e-02,7.694705e-03,6.096850e-01,1.288611e-01
3.66750,-1.275160e-02,7.698194e-03,6.103917e-01,1.288762e-01
3.67000,-1.275213e-02,7.699706e-03,6.110993e-01,1.288914e-01
3.67250,-1.275395e-02,7.700873e-03,6.118078e-01,1.289068e-01
3.67500,-1.275645e-02,7.703201e-03,6.125173e-01,1.289222e-01
3.67750,-1.275902e-02,7.706665e-03,6.132278e-01,1.289376e-01
3.68000,-1.276114e-02,7.711164e-03,6.139392e-01,1.289532e-01
3.68250,-1.276289e-02,7.716699e-03,6.146517e-01,1.289688e-01
3.68500,-1.276406e-02,7.723363e-03,6.153651e-01,1.289845e-01
3.68750,-1.276482e-02,7.731415e-03,6.160795e-01,1.290003e-01
3.69000,-1.276566e-02,7.741426e-03,6.167948e-01,1.290162e-01
3.69250,-1.276666e-02,7.752702e-03,6.175112e-01,1.290322e-01
3.69500,-1.276773e-02,7.764957e-03,6.182285e-01,1.290482e-01
3.69750,-1.276916e-02,7.778115e-03,6.189467e-01,1.290643e-01
3.70000,-1.277108e-02,7.791432e-03,6.196660e-01,1.290805e-01
3.70250,-1.277360e-02,7.804220e-03,6.203862e-01,1.290968e-01
3.70500,-1.277660e-02,7.816359e-03,6.211074e-01,1.291131e-01
3.70750,-1.277950e-02,7.827293e-03,6.218296e-01,1.291296e-01
3.71000,-1.278182e-02,7.836702e-03,6.225528e-01,1.291461e-01
3.71250,-1.278407e-02,7.844267e-03,6.232769e-01,1.291626e-01
3.71500,-1.278696e-02,7.850620e-03,6.240020e-01,1.291793e-01
3.71750,-1.279085e-02,7.856165e-03,6.247281e-01,1.291960e-01
3.72000,-1.279513e-02,7.861097e-03,6.254551e-01,1.292129e-01
3.72250,-1.280039e-02,7.865491e-03,6.261831e-01,1.292298e-01
3.72500,-1.280572e-02,7.868439e-03,6.269121e-01,1.292467e-01
3.72750,-1.281155e-02,7.869809e-03,6.276420e-01,1.292638e-01
3.73000,-1.281857e-02,7.869469e-03,6.283728e-01,1.292809e-01
3.73250,-1.282605e-02,7.868983e-03,6.291047e-01,1.292981e-01
3.73500,-1.283293e-02,7.870009e-03,6.298375e-01,1.293154e-01
3.73750,-1.283910e-02,7.872138e-03,6.305712e-01,1.293327e-01
3.74000,-1.284496e-02,7.876259e-03,6.313059e-01,1.293501e-01
3.74250,-1.285029e-02,7.882115e-03,6.320416e-01,1.293676e-01
3.74500,-1.285479e-02,7.890034e-03,6.327782e-01,1.293852e-01
3.74750,-1.285875e-02,7.899951e-03,6.335158e-01,1.294028e-01
3.75000,-1.286209e-02,7.910904e-03,6.342543e-01,1.294205e-01
3.75250,-1.286509e-02,7.922640e-03,6.349938e-01,1.294383e-01
3.75500,-1.286815e-02,7.934499e-03,6.357342e-01,1.294562e-01
3.75750,-1.287189e-02,7.946480e-03,6.364756e-01,1.294741e-01
3.76000,-1.287640e-02,7.957207e-03,6.372179e-01,1.294921e-01
3.76250,-1.288157e-02,7.966671e-03,6.379612e-01,1.295101e-01
3.76500,-1.288644e-02,7.974810e-03,6.387053e-01,1.295282e-01
3.76750,-1.289141e-02,7.982317e-03,6.394504e-01,1.295464e-01
3.77000,-1.289732e-02,7.990416e-03,6.401964e-01,1.295647e-01
3.77250,-1.290367e-02,7.998202e-03,6.409434e-01,1.295830e-01
3.77500,-1.290965e-02,8.005167e-03,6.416912e-01,1.296014e-01
3.77750,-1.291564e-02,8.011301e-03,6.424400e-01,1.296199e-01
3.78000,-1.292100e-02,8.015904e-03,6.431897e-01,1.296384e-01
3.78250,-1.292661e-02,8.018953e-03,6.439403e-01,1.296571e-01
3.78500,-1.293372e-02,8.020012e-03,6.446918e-01,1.296757e-01
3.78750,-1.294201e-02,8.020082e-03,6.454481e-01,1.296945e-01
3.79000,-1.294943e-02,8.020642e-03,6.462060e-01,1.297133e-01
3.79250,-1.295615e-02,8.022156e-03,6.469647e-01,1.297321e-01
3.79500,-1.296265e-02,8.025156e-03,6.477243e-01,1.297511e-01
3.79750,-1.296885e-02,8.029751e-03,6.484860e-01,1.297701e-01
3.80000,-1.297490e-02,8.036014e-03,6.492501e-01,1.297892e-01
3.80250,-1.298064e-02,8.043591e-03,6.500150e-01,1.298083e-01
3.80500,-1.298560e-02,8.052444e-03,6.507805e-01,1.298275e-01
3.80750,-1.299036e-02,8.062758e-03,6.515467e-01,1.298467e-01
3.81000,-1.299546e-02,8.073848e-03,6.523136e-01,1.298660e-01
3.81250,-1.300069e-02,8.086023e-03,6.530812e-01,1.298854e-01
3.81500,-1.300647e-02,8.098011e-03,6.538495e-01,1.299048e-01
3.81750,-1.301326e-02,8.110041e-03,6.546184e-01,1.299243e-01
3.82000,-1.302027e-02,8.121174e-03,6.553879e-01,1.299438e-01
3.82250,-1.302667e-02,8.131247e-03,6.561580e-01,1.299635e-01
3.82500,-1.303300e-02,8.139892e-03,6.569287e-01,1.299831e-01
3.82750,-1.303979e-02,8.147316e-03,6.577001e-01,1.300029e-01
3.83000,-1.304759e-02,8.153409e-03,6.584720e-01,1.300226e-01
3.83250,-1.305528e-02,8.157928e-03,6.592445e-01,1.300425e-01
3.83500,-1.306397e-02,8.161194e-03,6.600175e-01,1.300624e-01
3.83750,-1.307356e-02,8.162850e-03,6.607910e-01,1.300824e-01
3.84000,-1.308527e-02,8.162952e-03,6.615651e-01,1.301024e-01
3.84250,-1.309702e-02,8.162030e-03,6.623397e-01,1.301225e-01
3.84500,-1.310741e-02,8.162224e-03,6.631147e-01,1.301426e-01
3.84750,-1.311734e-02,8.164172e-03,6.638902e-01,1.301628e-01
3.85000,-1.312784e-02,8.168589e-03,6.646662e-01,1.301831e-01
3.85250,-1.313819e-02,8.175398e-03,6.654427e-01,1.302034e-01
3.85500,-1.314747e-02,8.183679e-03,6.662195e-01,1.302238e-01
3.85750,-1.315571e-02,8.193528e-03,6.669967e-01,1.302442e-01
3.86000,-1.316313e-02,8.205486e-03,6.677743e-01,1.302647e-01
3.86250,-1.317045e-02,8.218530e-03,6.685523e-01,1.302852e-01
3.86500,-1.317790e-02,8.232639e-03,6.693306e-01,1.303057e-01
3.86750,-1.318650e-02,8.246825e-03,6.701092e-01,1.303264e-01
3.87000,-1.319657e-02,8.259405e-03,6.708881e-01,1.303470e-01
3.87250,-1.320720e-02,8.269560e-03,6.716673e-01,1.303678e-01
3.87500,-1.321723e-02,8.278157e-03,6.724467e-01,1.303886e-01
3.87750,-1.322753e-02,8.285822e-03,6.732263e-01,1.304094e-01
3.88000,-1.323738e-02,8.293022e-03,6.740062e-01,1.304303e-01
3.88250,-1.324721e-02,8.299569e-03,6.747863e-01,1.304513e-01
3.88500,-1.325693e-02,8.305330e-03,6.755665e-01,1.304723e-01
3.88750,-1.326700e-02,8.310450e-03,6.763468e-01,1.304933e-01
3.89000,-1.327875e-02,8.314330e-03,6.771273e-01,1.305144e-01
3.89250,-1.329284e-02,8.316341e-03,6.779079e-01,1.305356e-01
3.89500,-1.330752e-02,8.316799e-03,6.786896e-01,1.305568e-01
3.89750,-1.332111e-02,8.317895e-03,6.794748e-01,1.305780e-01
3.90000,-1.333300e-02,8.320381e-03,6.802603e-01,1.305993e-01
3.90250,-1.334367e-02,8.324983e-03,6.810461e-01,1.306207e-01
3.90500,-1.335291e-02,8.331999e-03,6.818322e-01,1.306421e-01
3.90750,-1.336271e-02,8.340741e-03,6.826185e-01,1.306636e-01
3.91000,-1.337239e-02,8.350989e-03,6.834051e-01,1.306851e-01
3.91250,-1.338157e-02,8.362754e-03,6.841919e-01,1.307066e-01
3.91500,-1.339081e-02,8.374574e-03,6.849788e-01,1.307282e-01
3.91750,-1.339931e-02,8.387373e-03,6.857659e-01,1.307498e-01
3.92000,-1.340778e-02,8.400887e-03,6.865531e-01,1.307715e-01
3.92250,-1.341699e-02,8.413657e-03,6.873405e-01,1.307932e-01
3.92500,-1.342641e-02,8.425212e-03,6.881279e-01,1.308150e-01
3.92750,-1.343551e-02,8.436147e-03,6.889154e-01,1.308368e-01
3.93000,-1.344556e-02,8.446737e-03,6.897029e-01,1.308586e-01
3.93250,-1.345674e-02,8.456339e-03,6.904904e-01,1.308805e-01
3.93500,-1.346853e-02,8.464727e-03,6.912779e-01,1.309025e-01
3.93750,-1.347952e-02,8.471916e-03,6.920654e-01,1.309244e-01
3.94000,-1.349045e-02,8.478164e-03,6.928528e-01,1.309464e-01
3.94250,-1.350215e-02,8.482792e-03,6.936401e-01,1.309685e-01
3.94500,-1.351412e-02,8.485092e-03,6.944272e-01,1.309906e-01
3.94750,-1.352658e-02,8.486363e-03,6.952142e-01,1.310127e-01
3.95000,-1.353884e-02,8.488618e-03,6.960009e-01,1.310349e-01
3.95250,-1.355103e-02,8.492820e-03,6.967874e-01,1.310571e-01
3.95500,-1.356421e-02,8.499003e-03,6.975737e-01,1.310794e-01
3.95750,-1.357668e-02,8.507099e-03,6.983596e-01,1.311017e-01
3.96000,-1.358821e-02,8.516630e-03,6.991452e-01,1.311240e-01
3.96250,-1.359816e-02,8.528365e-03,6.999304e-01,1.311464e-01
3.96500,-1.360694e-02,8.541187e-03,7.007151e-01,1.311688e-01
3.96750,-1.361490e-02,8.554959e-03,7.014995e-01,1.311912e-01
3.97000,-1.362270e-02,8.569701e-03,7.022833e-01,1.312136e-01
3.97250,-1.363221e-02,8.584206e-03,7.030666e-01,1.312361e-01
3.97500,-1.364424e-02,8.596922e-03,7.038493e-01,1.312586e-01
3.97750,-1.365768e-02,8.608015e-03,7.046353e-01,1.312811e-01
3.98000,-1.367100e-02,8.617833e-03,7.054266e-01,1.313037e-01
3.98250,-1.368418e-02,8.626743e-03,7.062177e-01,1.313263e-01
3.98500,-1.369746e-02,8.635430e-03,7.070085e-01,1.313489e-01
3.98750,-1.371019e-02,8.644240e-03,7.077990e-01,1.313715e-01
3.99000,-1.372275e-02,8.652954e-03,7.085891e-01,1.313942e-01
3.99250,-1.373495e-02,8.660947e-03,7.093788e-01,1.314169e-01
3.99500,-1.374893e-02,8.666920e-03,7.101681e-01,1.314396e-01
3.99750,-1.376494e-02,8.670820e-03,7.109569e-01,1.314624e-01
4.00000,-1.378164e-02,8.673849e-03,7.117452e-01,1.314852e-01
4.00250,-1.379701e-02,8.677951e-03,7.125330e-01,1.315080e-01
4.00500,-1.381074e-02,8.684096e-03,7.133201e-01,1.315308e-01
4.00750,-1.382273e-02,8.691494e-03,7.141066e-01,1.315537e-01
4.01000,-1.383372e-02,8.700923e-03,7.148925e-01,1.315766e-01
4.01250,-1.384488e-02,8.711949e-03,7.156776e-01,1.315995e-01
4.01500,-1.385569e-02,8.724507e-03,7.164620e-01,1.316224e-01
4.01750,-1.386675e-02,8.738136e-03,7.172455e-01,1.316453e-01
4.02000,-1.387798e-02,8.751755e-03,7.180281e-01,1.316683e-01
4.02250,-1.388872e-02,8.765503e-03,7.188099e-01,1.316913e-01
4.02500,-1.390060e-02,8.779539e-03,7.195906e-01,1.317142e-01
4.02750,-1.391326e-02,8.792657e-03,7.203703e-01,1.317372e-01
4.03000,-1.392597e-02,8.804944e-03,7.211490e-01,1.317603e-01
4.03250,-1.393869e-02,8.816882e-03,7.219265e-01,1.317833e-01
4.03500,-1.395088e-02,8.827957e-03,7.227028e-01,1.318064e-01
4.03750,-1.396403e-02,8.839073e-03,7.234779e-01,1.318295e-01
4.04000,-1.397782e-02,8.850181e-03,7.242517e-01,1.318526e-01
4.04250,-1.399089e-02,8.860024e-03,7.250240e-01,1.318757e-01
4.04500,-1.400315e-02,8.868178e-03,7.257949e-01,1.318988e-01
4.04750,-1.401701e-02,8.875148e-03,7.265643e-01,1.319220e-01
4.05000,-1.403215e-02,8.880171e-03,7.273322e-01,1.319451e-01
4.05250,-1.404707e-02,8.884082e-03,7.280984e-01,1.319683e-01
4.05500,-1.406149e-02,8.888797e-03,7.288629e-01,1.319915e-01
4.05750,-1.407530e-02,8.894797e-03,7.296256e-01,1.320147e-01
4.06000,-1.408859e-02,8.902814e-03,7.303864e-01,1.320379e-01
4.06250,-1.410126e-02,8.913472e-03,7.311453e-01,1.320612e-01
4.06500,-1.411358e-02,8.926660e-03,7.319022e-01,1.320844e-01
4.06750,-1.412426e-02,8.941587e-03,7.326694e-01,1.321077e-01
4.07000,-1.413519e-02,8.957344e-03,7.334462e-01,1.321310e-01
4.07250,-1.414669e-02,8.973342e-03,7.342216e-01,1.321543e-01
4.07500,-1.415776e-02,8.988731e-03,7.349955e-01,1.321775e-01
4.07750,-1.416823e-02,9.003831e-03,7.357679e-01,1.322008e-01
4.08000,-1.417982e-02,9.018074e-03,7.365387e-01,1.322241e-01
4.08250,-1.419153e-02,9.030912e-03,7.373078e-01,1.322474e-01
4.08500,-1.420361e-02,9.043319e-03,7.380751e-01,1.322708e-01
4.08750,-1.421660e-02,9.055672e-03,7.388407e-01,1.322941e-01
4.09000,-1.422971e-02,9.067602e-03,7.396045e-01,1.323174e-01
4.09250,-1.424294e-02,9.078590e-03,7.403663e-01,1.323408e-01
4.09500,-1.425607e-02,9.087419e-03,7.411260e-01,1.323641e-01
4.09750,-1.426803e-02,9.094461e-03,7.418837e-01,1.323875e-01
4.10000,-1.428049e-02,9.100573e-03,7.426391e-01,1.324108e-01
4.10250,-1.429439e-02,9.105936e-03,7.433923e-01,1.324342e-01
4.10500,-1.430949e-02,9.111679e-03,7.441431e-01,1.324575e-01
4.10750,-1.432509e-02,9.118516e-03,7.448915e-01,1.324809e-01
4.11000,-1.433981e-02,9.127204e-03,7.456373e-01,1.325043e-01
4.11250,-1.435384e-02,9.137512e-03,7.463806e-01,1.325277e-01
4.11500,-1.436719e-02,9.149039e-03,7.471211e-01,1.325511e-01
4.11750,-1.438053e-02,9.161272e-03,7.478589e-01,1.325745e-01
4.12000,-1.439309e-02,9.173938e-03,7.485937e-01,1.325979e-01
4.12250,-1.440418e-02,9.187186e-03,7.493254e-01,1.326212e-01
4.12500,-1.441402e-02,9.200590e-03,7.500541e-01,1.326446e-01
4.12750,-1.442407e-02,9.215280e-03,7.507795e-01,1.326680e-01
4.13000,-1.443361e-02,9.232411e-03,7.515159e-01,1.326914e-01
4.13250,-1.444388e-02,9.250100e-03,7.522673e-01,1.327147e-01
4.13500,-1.445579e-02,9.266324e-03,7.530164e-01,1.327381e-01
4.13750,-1.446723e-02,9.280915e-03,7.537629e-01,1.327615e-01
4.14000,-1.447875e-02,9.294420e-03,7.545068e-01,1.327848e-01
4.14250,-1.449033e-02,9.306610e-03,7.552480e-01,1.328082e-01
4.14500,-1.450313e-02,9.318293e-03,7.559864e-01,1.328315e-01
4.14750,-1.451496e-02,9.328388e-03,7.567220e-01,1.328548e-01
4.15000,-1.452672e-02,9.337061e-03,7.574545e-01,1.328782e-01
4.15250,-1.453992e-02,9.346145e-03,7.581840e-01,1.329015e-01
4.15500,-1.455483e-02,9.354135e-03,7.589103e-01,1.329248e-01
4.15750,-1.457106e-02,9.359587e-03,7.596333e-01,1.329482e-01
4.16000,-1.458698e-02,9.363877e-03,7.603529e-01,1.329715e-01
4.16250,-1.460068e-02,9.368335e-03,7.610690e-01,1.329948e-01
4.16500,-1.461390e-02,9.373995e-03,7.617815e-01,1.330181e-01
4.16750,-1.462765e-02,9.381424e-03,7.624902e-01,1.330413e-01
4.17000,-1.463938e-02,9.392328e-03,7.631951e-01,1.330646e-01
4.17250,-1.464908e-02,9.406831e-03,7.638960e-01,1.330879e-01
4.17500,-1.465831e-02,9.423519e-03,7.645927e-01,1.331111e-01
4.17750,-1.466826e-02,9.441031e-03,7.652853e-01,1.331343e-01
4.18000,-1.467768e-02,9.457708e-03,7.659734e-01,1.331575e-01
4.18250,-1.468538e-02,9.474705e-03,7.666571e-01,1.331807e-01
4.18500,-1.469408e-02,9.492507e-03,7.673360e-01,1.332039e-01
4.18750,-1.470412e-02,9.508479e-03,7.680102e-01,1.332270e-01
4.19000,-1.471424e-02,9.523003e-03,7.687080e-01,1.332502e-01
4.19250,-1.472420e-02,9.536732e-03,7.694163e-01,1.332733e-01
4.19500,-1.473492e-02,9.549947e-03,7.701208e-01,1.332964e-01
4.19750,-1.474647e-02,9.561736e-03,7.708213e-01,1.333195e-01
4.20000,-1.475757e-02,9.571167e-03,7.715179e-01,1.333426e-01
4.20250,-1.476667e-02,9.579488e-03,7.722103e-01,1.333656e-01
4.20500,-1.477539e-02,9.587090e-03,7.728985e-01,1.333886e-01
4.20750,-1.478552e-02,9.593072e-03,7.735822e-01,1.334117e-01
4.21000,-1.479720e-02,9.598155e-03,7.742614e-01,1.334347e-01
4.21250,-1.480825e-02,9.602539e-03,7.749360e-01,1.334576e-01
4.21500,-1.481900e-02,9.606957e-03,7.756057e-01,1.334806e-01
4.21750,-1.482935e-02,9.611517e-03,7.762705e-01,1.335035e-01
4.22000,-1.483840e-02,9.617416e-03,7.769301e-01,1.335264e-01
4.22250,-1.484629e-02,9.625571e-03,7.775845e-01,1.335493e-01
4.22500,-1.485244e-02,9.635156e-03,7.782334e-01,1.335722e-01
4.22750,-1.485888e-02,9.646829e-03,7.788768e-01,1.335950e-01
4.23000,-1.486533e-02,9.659704e-03,7.795145e-01,1.336178e-01
4.23250,-1.487278e-02,9.672513e-03,7.801463e-01,1.336406e-01
4.23500,-1.488018e-02,9.686613e-03,7.807721e-01,1.336634e-01
4.23750,-1.488581e-02,9.702282e-03,7.813915e-01,1.336861e-01
4.24000,-1.489121e-02,9.718845e-03,7.820046e-01,1.337088e-01
4.24250,-1.489653e-02,9.733241e-03,7.826109e-01,1.337315e-01
4.24500,-1.489977e-02,9.745284e-03,7.832160e-01,1.337541e-01
4.24750,-1.490246e-02,9.756245e-03,7.838606e-01,1.337767e-01
4.25000,-1.490610e-02,9.767477e-03,7.845040e-01,1.337993e-01
4.25250,-1.490969e-02,9.778163e-03,7.851417e-01,1.338219e-01
4.25500,-1.491159e-02,9.787606e-03,7.857737e-01,1.338444e-01
4.25750,-1.491337e-02,9.795242e-03,7.863998e-01,1.338669e-01
4.26000,-1.491457e-02,9.800844e-03,7.870199e-01,1.338893e-01
4.26250,-1.491490e-02,9.804702e-03,7.876337e-01,1.339118e-01
4.26500,-1.491527e-02,9.806904e-03,7.882412e-01,1.339342e-01
4.26750,-1.491845e-02,9.807656e-03,7.888421e-01,1.339565e-01
4.27000,-1.492465e-02,9.807330e-03,7.894363e-01,1.339789e-01
4.27250,-1.493191e-02,9.806715e-03,7.900236e-01,1.340011e-01
4.27500,-1.493766e-02,9.806447e-03,7.906037e-01,1.340234e-01
4.27750,-1.494089e-02,9.808001e-03,7.911765e-01,1.340456e-01
4.28000,-1.494023e-02,9.811950e-03,7.917418e-01,1.340677e-01
4.28250,-1.493634e-02,9.818136e-03,7.922995e-01,1.340899e-01
4.28500,-1.493333e-02,9.826586e-03,7.928492e-01,1.341119e-01
4.28750,-1.493150e-02,9.836375e-03,7.933910e-01,1.341339e-01
4.29000,-1.492938e-02,9.847281e-03,7.939244e-01,1.341559e-01
4.29250,-1.492567e-02,9.858482e-03,7.944494e-01,1.341778e-01
4.29500,-1.492095e-02,9.870384e-03,7.949657e-01,1.341996e-01
4.29750,-1.491404e-02,9.881718e-03,7.954732e-01,1.342214e-01
4.30000,-1.490719e-02,9.892842e-03,7.960175e-01,1.342432e-01
4.30250,-1.490309e-02,9.903347e-03,7.965785e-01,1.342649e-01
4.30500,-1.490111e-02,9.913396e-03,7.971322e-01,1.342865e-01
4.30750,-1.489981e-02,9.921888e-03,7.976783e-01,1.343080e-01
4.31000,-1.489673e-02,9.928743e-03,7.982167e-01,1.343295e-01
4.31250,-1.489185e-02,9.933999e-03,7.987473e-01,1.343510e-01
4.31500,-1.488565e-02,9.937620e-03,7.992697e-01,1.343723e-01
4.31750,-1.487999e-02,9.940377e-03,7.997840e-01,1.343936e-01
4.32000,-1.487542e-02,9.942169e-03,8.002898e-01,1.344149e-01
4.32250,-1.486999e-02,9.942388e-03,8.007871e-01,1.344361e-01
4.32500,-1.486502e-02,9.941390e-03,8.012756e-01,1.344572e-01
4.32750,-1.485951e-02,9.938445e-03,8.017551e-01,1.344782e-01
4.33000,-1.485438e-02,9.935515e-03,8.022255e-01,1.344992e-01
4.33250,-1.484832e-02,9.935122e-03,8.026865e-01,1.345200e-01
4.33500,-1.484127e-02,9.937149e-03,8.031380e-01,1.345409e-01
4.33750,-1.483385e-02,9.941672e-03,8.035798e-01,1.345616e-01
4.34000,-1.482590e-02,9.947304e-03,8.040116e-01,1.345822e-01
4.34250,-1.481597e-02,9.953341e-03,8.044333e-01,1.346028e-01
4.34500,-1.480397e-02,9.960673e-03,8.048445e-01,1.346233e-01
4.34750,-1.479081e-02,9.968944e-03,8.052452e-01,1.346437e-01
4.35000,-1.477875e-02,9.977556e-03,8.056571e-01,1.346641e-01
4.35250,-1.476653e-02,9.987105e-03,8.061207e-01,1.346843e-01
4.35500,-1.475263e-02,9.997113e-03,8.065753e-01,1.347044e-01
4.35750,-1.473612e-02,1.000580e-02,8.070208e-01,1.347245e-01
4.36000,-1.472033e-02,1.001214e-02,8.074569e-01,1.347445e-01
4.36250,-1.470319e-02,1.001519e-02,8.078834e-01,1.347643e-01
4.36500,-1.468563e-02,1.001770e-02,8.083002e-01,1.347841e-01
4.36750,-1.466821e-02,1.001978e-02,8.087071e-01,1.348038e-01
4.37000,-1.465193e-02,1.002063e-02,8.091037e-01,1.348234e-01
4.37250,-1.463494e-02,1.001922e-02,8.094900e-01,1.348429e-01
4.37500,-1.461486e-02,1.001417e-02,8.098657e-01,1.348623e-01
4.37750,-1.459330e-02,1.000779e-02,8.102306e-01,1.348816e-01
4.38000,-1.457092e-02,1.000079e-02,8.105845e-01,1.349009e-01
4.38250,-1.455087e-02,9.992710e-03,8.109271e-01,1.349200e-01
4.38500,-1.453189e-02,9.982689e-03,8.112584e-01,1.349390e-01
4.38750,-1.451131e-02,9.971466e-03,8.115779e-01,1.349579e-01
4.39000,-1.448840e-02,9.961160e-03,8.118857e-01,1.349767e-01
4.39250,-1.446406e-02,9.950747e-03,8.121813e-01,1.349954e-01
4.39500,-1.443863e-02,9.941712e-03,8.124648e-01,1.350140e-01
4.39750,-1.441343e-02,9.935005e-03,8.127357e-01,1.350325e-01
4.40000,-1.438730e-02,9.929967e-03,8.130223e-01,1.350509e-01
4.40250,-1.435875e-02,9.926226e-03,8.133659e-01,1.350692e-01
4.40500,-1.432815e-02,9.923530e-03,8.136987e-01,1.350874e-01
4.40750,-1.429699e-02,9.921700e-03,8.140208e-01,1.351054e-01
4.41000,-1.426340e-02,9.920777e-03,8.143319e-01,1.351234e-01
4.41250,-1.423100e-02,9.921216e-03,8.146319e-01,1.351412e-01
4.41500,-1.420097e-02,9.921784e-03,8.149208e-01,1.351589e-01
4.41750,-1.417327e-02,9.921731e-03,8.151983e-01,1.351765e-01
4.42000,-1.414531e-02,9.921204e-03,8.154643e-01,1.351941e-01
4.42250,-1.411502e-02,9.920379e-03,8.157188e-01,1.352115e-01
4.42500,-1.408228e-02,9.917995e-03,8.159614e-01,1.352287e-01
4.42750,-1.404867e-02,9.914518e-03,8.161922e-01,1.352459e-01
4.43000,-1.401593e-02,9.910623e-03,8.164109e-01,1.352630e-01
4.43250,-1.398302e-02,9.906063e-03,8.166174e-01,1.352799e-01
4.43500,-1.395038e-02,9.901109e-03,8.168115e-01,1.352968e-01
4.43750,-1.391712e-02,9.893368e-03,8.169930e-01,1.353135e-01
4.44000,-1.388289e-02,9.882439e-03,8.171619e-01,1.353301e-01
4.44250,-1.384770e-02,9.869472e-03,8.173179e-01,1.353466e-01
4.44500,-1.381304e-02,9.855931e-03,8.174609e-01,1.353630e-01
4.44750,-1.377807e-02,9.842366e-03,8.175907e-01,1.353793e-01
4.45000,-1.374094e-02,9.829444e-03,8.177073e-01,1.353954e-01
4.45250,-1.370130e-02,9.817999e-03,8.178879e-01,1.354114e-01
4.45500,-1.366120e-02,9.807222e-03,8.180860e-01,1.354273e-01
4.45750,-1.361960e-02,9.797288e-03,8.182725e-01,1.354431e-01
4.46000,-1.357557e-02,9.789258e-03,8.184470e-01,1.354588e-01
4.46250,-1.352938e-02,9.782707e-03,8.186094e-01,1.354743e-01
4.46500,-1.348029e-02,9.776623e-03,8.187596e-01,1.354897e-01
4.46750,-1.343013e-02,9.769749e-03,8.188975e-01,1.355050e-01
4.47000,-1.337938e-02,9.762619e-03,8.190228e-01,1.355202e-01
4.47250,-1.333003e-02,9.755731e-03,8.191356e-01,1.355352e-01
4.47500,-1.328243e-02,9.748445e-03,8.192358e-01,1.355501e-01
4.47750,-1.323315e-02,9.740119e-03,8.193231e-01,1.355649e-01
4.48000,-1.318236e-02,9.730260e-03,8.193977e-01,1.355795e-01
4.48250,-1.313139e-02,9.718682e-03,8.194595e-01,1.355941e-01
4.48500,-1.308011e-02,9.706647e-03,8.195085e-01,1.356085e-01
4.48750,-1.302854e-02,9.694243e-03,8.195447e-01,1.356228e-01
4.49000,-1.297564e-02,9.682459e-03,8.196038e-01,1.356370e-01
4.49250,-1.292350e-02,9.671874e-03,8.196708e-01,1.356510e-01
4.49500,-1.287231e-02,9.660693e-03,8.197681e-01,1.356650e-01
4.49750,-1.282165e-02,9.649773e-03,8.198660e-01,1.356788e-01
4.50000,-1.277235e-02,9.637117e-03,8.199522e-01,1.356925e-01
4.50250,-1.272353e-02,9.621053e-03,8.200268e-01,1.357061e-01
4.50500,-1.267460e-02,9.601913e-03,8.200895e-01,1.357195e-01
4.50750,-1.262530e-02,9.581997e-03,8.201404e-01,1.357329e-01
4.51000,-1.257188e-02,9.564339e-03,8.201794e-01,1.357461e-01
4.51250,-1.251520e-02,9.548715e-03,8.202064e-01,1.357592e-01
4.51500,-1.245718e-02,9.535168e-03,8.202213e-01,1.357722e-01
4.51750,-1.239803e-02,9.524674e-03,8.202241e-01,1.357851e-01
4.52000,-1.233945e-02,9.516111e-03,8.202146e-01,1.357978e-01
4.52250,-1.228138e-02,9.506770e-03,8.201927e-01,1.358104e-01
4.52500,-1.222093e-02,9.495818e-03,8.201583e-01,1.358229e-01
4.52750,-1.215672e-02,9.484139e-03,8.201112e-01,1.358353e-01
4.53000,-1.208971e-02,9.473309e-03,8.200515e-01,1.358476e-01
4.53250,-1.202260e-02,9.463733e-03,8.199790e-01,1.358597e-01
4.53500,-1.195641e-02,9.453565e-03,8.198938e-01,1.358717e-01
4.53750,-1.188922e-02,9.442005e-03,8.197959e-01,1.358836e-01
4.54000,-1.181946e-02,9.430441e-03,8.196851e-01,1.358954e-01
4.54250,-1.175192e-02,9.418605e-03,8.195843e-01,1.359070e-01
4.54500,-1.168660e-02,9.406482e-03,8.195408e-01,1.359186e-01
4.54750,-1.161983e-02,9.394841e-03,8.195063e-01,1.359300e-01
4.55000,-1.155257e-02,9.382053e-03,8.194605e-01,1.359413e-01
4.55250,-1.148549e-02,9.368501e-03,8.194032e-01,1.359525e-01
4.55500,-1.141975e-02,9.353296e-03,8.193344e-01,1.359636e-01
4.55750,-1.135380e-02,9.338474e-03,8.192541e-01,1.359746e-01
4.56000,-1.128726e-02,9.323833e-03,8.191623e-01,1.359855e-01
4.56250,-1.122242e-02,9.308127e-03,8.190589e-01,1.359963e-01
4.56500,-1.115651e-02,9.291325e-03,8.189439e-01,1.360069e-01
4.56750,-1.108962e-02,9.273212e-03,8.188171e-01,1.360175e-01
4.57000,-1.102395e-02,9.253583e-03,8.186787e-01,1.360279e-01
4.57250,-1.095605e-02,9.232383e-03,8.185286e-01,1.360382e-01
4.57500,-1.088599e-02,9.212315e-03,8.183666e-01,1.360484e-01
4.57750,-1.081176e-02,9.195725e-03,8.181928e-01,1.360585e-01
4.58000,-1.073628e-02,9.182317e-03,8.180070e-01,1.360685e-01
4.58250,-1.066033e-02,9.169581e-03,8.178092e-01,1.360784e-01
4.58500,-1.058218e-02,9.157148e-03,8.175995e-01,1.360882e-01
4.58750,-1.050186e-02,9.146681e-03,8.173778e-01,1.360978e-01
4.59000,-1.042298e-02,9.135028e-03,8.171441e-01,1.361073e-01
4.59250,-1.034414e-02,9.121706e-03,8.168986e-01,1.361168e-01
4.59500,-1.026440e-02,9.108654e-03,8.167202e-01,1.361261e-01
4.59750,-1.018474e-02,9.098054e-03,8.165647e-01,1.361353e-01
4.60000,-1.010732e-02,9.087627e-03,8.163985e-01,1.361444e-01
4.60250,-1.003016e-02,9.077456e-03,8.162215e-01,1.361534e-01
4.60500,-9.952160e-03,9.068199e-03,8.160337e-01,1.361623e-01
4.60750,-9.875510e-03,9.060378e-03,8.158353e-01,1.361711e-01
4.61000,-9.797916e-03,9.053466e-03,8.156261e-01,1.361798e-01
4.61250,-9.719142e-03,9.046430e-03,8.154061e-01,1.361884e-01
4.61500,-9.641441e-03,9.036994e-03,8.151754e-01,1.361968e-01
4.61750,-9.564432e-03,9.023024e-03,8.149339e-01,1.362052e-01
4.62000,-9.485697e-03,9.006706e-03,8.146816e-01,1.362135e-01
4.62250,-9.402715e-03,8.990922e-03,8.144184e-01,1.362217e-01
4.62500,-9.320351e-03,8.972762e-03,8.141444e-01,1.362298e-01
4.62750,-9.238931e-03,8.951465e-03,8.138595e-01,1.362378e-01
4.63000,-9.156999e-03,8.929242e-03,8.135636e-01,1.362457e-01
4.63250,-9.071945e-03,8.908273e-03,8.132569e-01,1.362535e-01
4.63500,-8.985937e-03,8.887189e-03,8.129393e-01,1.362612e-01
4.63750,-8.901177e-03,8.865444e-03,8.126109e-01,1.362687e-01
4.64000,-8.814621e-03,8.845252e-03,8.122718e-01,1.362762e-01
4.64250,-8.725534e-03,8.827247e-03,8.119220e-01,1.362836e-01
4.64500,-8.637551e-03,8.811121e-03,8.115615e-01,1.362909e-01
4.64750,-8.550241e-03,8.797787e-03,8.112919e-01,1.362982e-01
4.65000,-8.465149e-03,8.788251e-03,8.110215e-01,1.363053e-01
4.65250,-8.381748e-03,8.781769e-03,8.107413e-01,1.363124e-01
4.65500,-8.296431e-03,8.777120e-03,8.104514e-01,1.363193e-01
4.65750,-8.209514e-03,8.773237e-03,8.101516e-01,1.363262e-01
4.66000,-8.123460e-03,8.769434e-03,8.098421e-01,1.363330e-01
4.66250,-8.039486e-03,8.764331e-03,8.095229e-01,1.363396e-01
4.66500,-7.952736e-03,8.759556e-03,8.091939e-01,1.363463e-01
4.66750,-7.861744e-03,8.754776e-03,8.088551e-01,1.363528e-01
4.67000,-7.770660e-03,8.748525e-03,8.085065e-01,1.363592e-01
4.67250,-7.679806e-03,8.742033e-03,8.081481e-01,1.363656e-01
4.67500,-7.588354e-03,8.733805e-03,8.077798e-01,1.363719e-01
4.67750,-7.494073e-03,8.722661e-03,8.074018e-01,1.363781e-01
4.68000,-7.398317e-03,8.708723e-03,8.070140e-01,1.363842e-01
4.68250,-7.304391e-03,8.692148e-03,8.066165e-01,1.363903e-01
4.68500,-7.208816e-03,8.673094e-03,8.062094e-01,1.363963e-01
4.68750,-7.110234e-03,8.653073e-03,8.057928e-01,1.364022e-01
4.69000,-7.012312e-03,8.632503e-03,8.053666e-01,1.364080e-01
4.69250,-6.918535e-03,8.612968e-03,8.049310e-01,1.364138e-01
4.69500,-6.829335e-03,8.594628e-03,8.044861e-01,1.364195e-01
4.69750,-6.740120e-03,8.577036e-03,8.040318e-01,1.364251e-01
4.70000,-6.649908e-03,8.560820e-03,8.036073e-01,1.364307e-01
4.70250,-6.559542e-03,8.546676e-03,8.032411e-01,1.364362e-01
4.70500,-6.469505e-03,8.535398e-03,8.028662e-01,1.364417e-01
4.70750,-6.377147e-03,8.527096e-03,8.024825e-01,1.364471e-01
4.71000,-6.283561e-03,8.520406e-03,8.020900e-01,1.364524e-01
4.71250,-6.188264e-03,8.514351e-03,8.016888e-01,1.364577e-01
4.71500,-6.090791e-03,8.510351e-03,8.012787e-01,1.364629e-01
4.71750,-5.993504e-03,8.507513e-03,8.008598e-01,1.364681e-01
4.72000,-5.896696e-03,8.504048e-03,8.004320e-01,1.364732e-01
4.72250,-5.796716e-03,8.501298e-03,7.999956e-01,1.364783e-01
4.72500,-5.695974e-03,8.497644e-03,7.995504e-01,1.364833e-01
4.72750,-5.593584e-03,8.492023e-03,7.990966e-01,1.364882e-01
4.73000,-5.487994e-03,8.487049e-03,7.986342e-01,1.364931e-01
4.73250,-5.382287e-03,8.481307e-03,7.981633e-01,1.364980e-01
4.73500,-5.277857e-03,8.474412e-03,7.976839e-01,1.365028e-01
4.73750,-5.173885e-03,8.467335e-03,7.971961e-01,1.365076e-01
4.74000,-5.073240e-03,8.460521e-03,7.967000e-01,1.365123e-01
4.74250,-4.975626e-03,8.454562e-03,7.961955e-01,1.365170e-01
4.74500,-4.877183e-03,8.448853e-03,7.956828e-01,1.365217e-01
4.74750,-4.778606e-03,8.442259e-03,7.951618e-01,1.365264e-01
4.75000,-4.678254e-03,8.432347e-03,7.946325e-01,1.365310e-01
4.75250,-4.576965e-03,8.421668e-03,7.940950e-01,1.365356e-01
4.75500,-4.474337e-03,8.411779e-03,7.935492e-01,1.365401e-01
4.75750,-4.371060e-03,8.400979e-03,7.930860e-01,1.365446e-01
4.76000,-4.270174e-03,8.386396e-03,7.926262e-01,1.365491e-01
4.76250,-4.168180e-03,8.370720e-03,7.921584e-01,1.365536e-01
4.76500,-4.065770e-03,8.356453e-03,7.916827e-01,1.365580e-01
4.76750,-3.962276e-03,8.341936e-03,7.911992e-01,1.365625e-01
4.77000,-3.856826e-03,8.329118e-03,7.907079e-01,1.365669e-01
4.77250,-3.749771e-03,8.318411e-03,7.902088e-01,1.365712e-01
4.77500,-3.640458e-03,8.311031e-03,7.897021e-01,1.365756e-01
4.77750,-3.530081e-03,8.306684e-03,7.891876e-01,1.365799e-01
4.78000,-3.424040e-03,8.305428e-03,7.886657e-01,1.365843e-01
4.78250,-3.321209e-03,8.305314e-03,7.881361e-01,1.365886e-01
4.78500,-3.218337e-03,8.306124e-03,7.875991e-01,1.365929e-01
4.78750,-3.110881e-03,8.311289e-03,7.870546e-01,1.365972e-01
4.79000,-3.005014e-03,8.316177e-03,7.865026e-01,1.366015e-01
4.79250,-2.897938e-03,8.322816e-03,7.859431e-01,1.366058e-01
4.79500,-2.787143e-03,8.330296e-03,7.853762e-01,1.366101e-01
4.79750,-2.674225e-03,8.337895e-03,7.848019e-01,1.366144e-01
4.80000,-2.563599e-03,8.343246e-03,7.842202e-01,1.366187e-01
4.80250,-2.455449e-03,8.345912e-03,7.836312e-01,1.366230e-01
4.80500,-2.343151e-03,8.347392e-03,7.830349e-01,1.366273e-01
4.80750,-2.230273e-03,8.345883e-03,7.824314e-01,1.366316e-01
4.81000,-2.117348e-03,8.341732e-03,7.818208e-01,1.366359e-01
4.81250,-2.001594e-03,8.336207e-03,7.812031e-01,1.366402e-01
4.81500,-1.884369e-03,8.328339e-03,7.806144e-01,1.366445e-01
4.81750,-1.765090e-03,8.318621e-03,7.800793e-01,1.366488e-01
4.82000,-1.649026e-03,8.309120e-03,7.795372e-01,1.366532e-01
4.82250,-1.538726e-03,8.297722e-03,7.789882e-01,1.366575e-01
4.82500,-1.432304e-03,8.283038e-03,7.784323e-01,1.366619e-01
4.82750,-1.323352e-03,8.271293e-03,7.778695e-01,1.366663e-01
4.83000,-1.214220e-03,8.262342e-03,7.772999e-01,1.366707e-01
4.83250,-1.105923e-03,8.255341e-03,7.767234e-01,1.366751e-01
4.83500,-9.947212e-04,8.252404e-03,7.761401e-01,1.366795e-01
4.83750,-8.802191e-04,8.254423e-03,7.755500e-01,1.366840e-01
4.84000,-7.658863e-04,8.258814e-03,7.749531e-01,1.366885e-01
4.84250,-6.523130e-04,8.263801e-03,7.743495e-01,1.366930e-01
4.84500,-5.371774e-04,8.271478e-03,7.737391e-01,1.366975e-01
4.84750,-4.190007e-04,8.282392e-03,7.731220e-01,1.367021e-01
4.85000,-2.989292e-04,8.295102e-03,7.724984e-01,1.367067e-01
4.85250,-1.774224e-04,8.307220e-03,7.718683e-01,1.367113e-01
4.85500,-5.351140e-05,8.319245e-03,7.712317e-01,1.367159e-01
4.85750,7.354878e-05,8.331263e-03,7.705887e-01,1.367206e-01
4.86000,2.008947e-04,8.340991e-03,7.699395e-01,1.367253e-01
4.86250,3.230510e-04,8.347196e-03,7.692840e-01,1.367300e-01
4.86500,4.411634e-04,8.352598e-03,7.686224e-01,1.367348e-01
4.86750,5.597395e-04,8.359181e-03,7.679547e-01,1.367396e-01
4.87000,6.795379e-04,8.365533e-03,7.672809e-01,1.367445e-01
4.87250,7.983435e-04,8.369952e-03,7.666011e-01,1.367494e-01
4.87500,9.171337e-04,8.374757e-03,7.659155e-01,1.367543e-01
4.87750,1.038456e-03,8.377283e-03,7.652240e-01,1.367593e-01
4.88000,1.162209e-03,8.378212e-03,7.645304e-01,1.367643e-01
4.88250,1.282630e-03,8.377026e-03,7.639147e-01,1.367693e-01
4.88500,1.402032e-03,8.374323e-03,7.632929e-01,1.367744e-01
4.88750,1.522541e-03,8.370163e-03,7.626649e-01,1.367796e-01
4.89000,1.644426e-03,8.367392e-03,7.620308e-01,1.367848e-01
4.89250,1.767821e-03,8.366703e-03,7.613908e-01,1.367900e-01
4.89500,1.890957e-03,8.368407e-03,7.607448e-01,1.367953e-01
4.89750,2.018237e-03,8.372955e-03,7.600930e-01,1.368007e-01
4.90000,2.147625e-03,8.379024e-03,7.594354e-01,1.368060e-01
4.90250,2.276372e-03,8.386305e-03,7.587721e-01,1.368115e-01
4.90500,2.402582e-03,8.397195e-03,7.581032e-01,1.368170e-01
4.90750,2.526860e-03,8.413000e-03,7.574287e-01,1.368225e-01
4.91000,2.651866e-03,8.432774e-03,7.567487e-01,1.368281e-01
4.91250,2.779948e-03,8.456034e-03,7.560634e-01,1.368337e-01
4.91500,2.908469e-03,8.480840e-03,7.553726e-01,1.368395e-01
4.91750,3.036608e-03,8.505222e-03,7.546766e-01,1.368452e-01
4.92000,3.164884e-03,8.526257e-03,7.539754e-01,1.368510e-01
4.92250,3.295997e-03,8.544444e-03,7.532690e-01,1.368569e-01
4.92500,3.425935e-03,8.558775e-03,7.525577e-01,1.368629e-01
4.92750,3.555193e-03,8.573884e-03,7.518414e-01,1.368689e-01
4.93000,3.686734e-03,8.590478e-03,7.511202e-01,1.368749e-01
4.93250,3.820378e-03,8.605650e-03,7.503943e-01,1.368810e-01
4.93500,3.955465e-03,8.620621e-03,7.496993e-01,1.368872e-01
4.93750,4.089687e-03,8.634506e-03,7.490383e-01,1.368935e-01
4.94000,4.220777e-03,8.643247e-03,7.483720e-01,1.368998e-01
4.94250,4.356178e-03,8.647572e-03,7.477003e-01,1.369062e-01
4.94500,4.492229e-03,8.649261e-03,7.470234e-01,1.369126e-01
4.94750,4.625119e-03,8.650920e-03,7.463413e-01,1.369191e-01
4.95000,4.755381e-03,8.652788e-03,7.456540e-01,1.369257e-01
4.95250,4.886373e-03,8.660085e-03,7.449617e-01,1.369324e-01
4.95500,5.016469e-03,8.671764e-03,7.442644e-01,1.369391e-01
4.95750,5.147237e-03,8.687101e-03,7.435622e-01,1.369459e-01
4.96000,5.278567e-03,8.706480e-03,7.428552e-01,1.369528e-01
4.96250,5.412491e-03,8.729084e-03,7.421435e-01,1.369598e-01
4.96500,5.548040e-03,8.752622e-03,7.414272e-01,1.369668e-01
4.96750,5.685757e-03,8.780438e-03,7.407063e-01,1.369739e-01
4.97000,5.823073e-03,8.811630e-03,7.399808e-01,1.369811e-01
4.97250,5.959350e-03,8.844560e-03,7.392511e-01,1.369883e-01
4.97500,6.098640e-03,8.880501e-03,7.385170e-01,1.369957e-01
4.97750,6.240888e-03,8.915795e-03,7.377787e-01,1.370031e-01
4.98000,6.379758e-03,8.946304e-03,7.370365e-01,1.370106e-01
4.98250,6.519097e-03,8.974410e-03,7.362902e-01,1.370181e-01
4.98500,6.663462e-03,9.002416e-03,7.355402e-01,1.370258e-01
4.98750,6.806132e-03,9.025853e-03,7.347864e-01,1.370335e-01
4.99000,6.945585e-03,9.046243e-03,7.340290e-01,1.370413e-01
4.99250,7.085573e-03,9.068129e-03,7.332681e-01,1.370492e-01
4.99500,7.227415e-03,9.091453e-03,7.325038e-01,1.370572e-01
4.99750,7.368507e-03,9.114332e-03,7.317362e-01,1.370653e-01
5.00000,7.506632e-03,9.134235e-03,7.309655e-01,1.370735e-01
5.00250,7.645959e-03,9.151774e-03,7.301917e-01,1.370817e-01
5.00500,7.785776e-03,9.167268e-03,7.294150e-01,1.370900e-01
5.00750,7.924554e-03,9.182506e-03,7.286354e-01,1.370984e-01
5.01000,8.064534e-03,9.200391e-03,7.278783e-01,1.371069e-01
5.01250,8.205879e-03,9.221071e-03,7.271473e-01,1.371155e-01
5.01500,8.349344e-03,9.247057e-03,7.264124e-01,1.371242e-01
5.01750,8.493220e-03,9.277429e-03,7.256737e-01,1.371330e-01
5.02000,8.634697e-03,9.309989e-03,7.249313e-01,1.371419e-01
5.02250,8.775599e-03,9.344368e-03,7.241854e-01,1.371508e-01
5.02500,8.918077e-03,9.382514e-03,7.234360e-01,1.371598e-01
5.02750,9.063823e-03,9.423626e-03,7.226833e-01,1.371690e-01
5.03000,9.211274e-03,9.464670e-03,7.234769e-01,1.371782e-01
5.03250,9.359978e-03,9.507866e-03,7.243931e-01,1.371875e-01
5.03500,9.507230e-03,9.552680e-03,7.253076e-01,1.371969e-01
5.03750,9.654453e-03,9.597275e-03,7.262201e-01,1.372064e-01
5.04000,9.799177e-03,9.638878e-03,7.271305e-01,1.372160e-01
5.04250,9.943262e-03,9.678123e-03,7.280387e-01,1.372256e-01
5.04500,1.008824e-02,9.715173e-03,7.289446e-01,1.372354e-01
5.04750,1.023620e-02,9.752307e-03,7.298480e-01,1.372452e-01
5.05000,1.038463e-02,9.788976e-03,7.307486e-01,1.372551e-01
5.05250,1.053280e-02,9.824670e-03,7.316462e-01,1.372651e-01
5.05500,1.068043e-02,9.859111e-03,7.325408e-01,1.372752e-01
5.05750,1.083024e-02,9.895327e-03,7.334319e-01,1.372854e-01
5.06000,1.097873e-02,9.930448e-03,7.343196e-01,1.372957e-01
5.06250,1.112450e-02,9.962331e-03,7.352034e-01,1.373060e-01
5.06500,1.127315e-02,9.992863e-03,7.360833e-01,1.373164e-01
5.06750,1.142235e-02,1.002526e-02,7.369589e-01,1.373269e-01
5.07000,1.156960e-02,1.005737e-02,7.378301e-01,1.373375e-01
5.07250,1.171586e-02,1.009205e-02,7.386966e-01,1.373481e-01
5.07500,1.186427e-02,1.013049e-02,7.395582e-01,1.373589e-01
5.07750,1.201380e-02,1.017350e-02,7.404147e-01,1.373697e-01
5.08000,1.216139e-02,1.021851e-02,7.412659e-01,1.373805e-01
5.08250,1.230673e-02,1.026443e-02,7.421115e-01,1.373915e-01
5.08500,1.245011e-02,1.031215e-02,7.429513e-01,1.374025e-01
5.08750,1.259580e-02,1.036461e-02,7.437852e-01,1.374136e-01
5.09000,1.274301e-02,1.042028e-02,7.446127e-01,1.374248e-01
5.09250,1.289137e-02,1.047813e-02,7.454337e-01,1.374360e-01
5.09500,1.304083e-02,1.053594e-02,7.462477e-01,1.374473e-01
5.09750,1.319380e-02,1.059357e-02,7.470544e-01,1.374587e-01
5.10000,1.334916e-02,1.065075e-02,7.478535e-01,1.374701e-01
5.10250,1.350028e-02,1.070389e-02,7.486444e-01,1.374816e-01
5.10500,1.364995e-02,1.075548e-02,7.494270e-01,1.374931e-01
5.10750,1.380101e-02,1.080884e-02,7.502005e-01,1.375047e-01
5.11000,1.395176e-02,1.085934e-02,7.509648e-01,1.375164e-01
5.11250,1.409990e-02,1.090750e-02,7.517193e-01,1.375281e-01
5.11500,1.424889e-02,1.095632e-02,7.524635e-01,1.375398e-01
5.11750,1.439852e-02,1.100221e-02,7.532774e-01,1.375516e-01
5.12000,1.454891e-02,1.104752e-02,7.540909e-01,1.375634e-01
5.12250,1.469546e-02,1.109208e-02,7.548968e-01,1.375753e-01
5.12500,1.483894e-02,1.113576e-02,7.556947e-01,1.375872e-01
5.12750,1.498200e-02,1.117875e-02,7.564858e-01,1.375992e-01
5.13000,1.512707e-02,1.122457e-02,7.573476e-01,1.376112e-01
5.13250,1.527286e-02,1.127435e-02,7.582037e-01,1.376233e-01
5.13500,1.541827e-02,1.132565e-02,7.590540e-01,1.376354e-01
5.13750,1.556222e-02,1.138034e-02,7.598982e-01,1.376476e-01
5.14000,1.570821e-02,1.143920e-02,7.607360e-01,1.376598e-01
5.14250,1.585901e-02,1.150317e-02,7.615671e-01,1.376720e-01
5.14500,1.600786e-02,1.156653e-02,7.623911e-01,1.376843e-01
5.14750,1.615221e-02,1.162979e-02,7.632079e-01,1.376966e-01
5.15000,1.629363e-02,1.169447e-02,7.640170e-01,1.377089e-01
5.15250,1.643626e-02,1.176094e-02,7.648180e-01,1.377212e-01
5.15500,1.658219e-02,1.182984e-02,7.656107e-01,1.377336e-01
5.15750,1.672827e-02,1.189914e-02,7.663945e-01,1.377461e-01
5.16000,1.687381e-02,1.196662e-02,7.671689e-01,1.377585e-01
5.16250,1.702248e-02,1.203300e-02,7.679334e-01,1.377710e-01
5.16500,1.717087e-02,1.209490e-02,7.686875e-01,1.377834e-01
5.16750,1.731610e-02,1.215314e-02,7.694307e-01,1.377959e-01
5.17000,1.746235e-02,1.221288e-02,7.701625e-01,1.378085e-01
5.17250,1.760768e-02,1.227060e-02,7.708822e-01,1.378210e-01
5.17500,1.775147e-02,1.232868e-02,7.715894e-01,1.378336e-01
5.17750,1.788976e-02,1.238612e-02,7.722834e-01,1.378461e-01
5.18000,1.802747e-02,1.244326e-02,7.729637e-01,1.378587e-01
5.18250,1.816668e-02,1.249955e-02,7.736296e-01,1.378713e-01
5.18500,1.830228e-02,1.255421e-02,7.742807e-01,1.378839e-01
5.18750,1.843332e-02,1.260843e-02,7.749162e-01,1.378965e-01
5.19000,1.856307e-02,1.266154e-02,7.755355e-01,1.379091e-01
5.19250,1.869463e-02,1.271530e-02,7.761380e-01,1.379218e-01
5.19500,1.882625e-02,1.277002e-02,7.767847e-01,1.379345e-01
5.19750,1.895831e-02,1.282747e-02,7.775034e-01,1.379471e-01
5.20000,1.908763e-02,1.288487e-02,7.782095e-01,1.379598e-01
5.20250,1.921447e-02,1.294376e-02,7.789024e-01,1.379725e-01
5.20500,1.934329e-02,1.300703e-02,7.795815e-01,1.379852e-01
5.20750,1.947478e-02,1.307324e-02,7.802463e-01,1.379979e-01
5.21000,1.960403e-02,1.313684e-02,7.808959e-01,1.380107e-01
5.21250,1.973007e-02,1.319916e-02,7.815299e-01,1.380234e-01
5.21500,1.985096e-02,1.325943e-02,7.821475e-01,1.380361e-01
5.21750,1.997123e-02,1.331947e-02,7.827479e-01,1.380489e-01
5.22000,2.009280e-02,1.337979e-02,7.833304e-01,1.380616e-01
5.22250,2.021551e-02,1.344152e-02,7.838942e-01,1.380744e-01
5.22500,2.033598e-02,1.350355e-02,7.844385e-01,1.380871e-01
5.22750,2.045545e-02,1.356444e-02,7.849623e-01,1.380999e-01
5.23000,2.057693e-02,1.362539e-02,7.854648e-01,1.381126e-01
5.23250,2.069711e-02,1.368474e-02,7.859452e-01,1.381253e-01
5.23500,2.081621e-02,1.374238e-02,7.864025e-01,1.381380e-01
5.23750,2.093649e-02,1.380264e-02,7.868357e-01,1.381507e-01
5.24000,2.105632e-02,1.386199e-02,7.874137e-01,1.381634e-01
5.24250,2.117173e-02,1.391714e-02,7.880065e-01,1.381761e-01
5.24500,2.128296e-02,1.396979e-02,7.885806e-01,1.381887e-01
5.24750,2.139287e-02,1.402203e-02,7.891352e-01,1.382013e-01
5.25000,2.150133e-02,1.407450e-02,7.896694e-01,1.382139e-01
5.25250,2.160863e-02,1.412625e-02,7.901825e-01,1.382264e-01
5.25500,2.171841e-02,1.417891e-02,7.906734e-01,1.382389e-01
5.25750,2.182876e-02,1.423067e-02,7.911415e-01,1.382514e-01
5.26000,2.193692e-02,1.427948e-02,7.915857e-01,1.382638e-01
5.26250,2.204411e-02,1.432769e-02,7.920054e-01,1.382761e-01
5.26500,2.214902e-02,1.437504e-02,7.923997e-01,1.382884e-01
5.26750,2.225404e-02,1.442212e-02,7.927677e-01,1.383007e-01
5.27000,2.235344e-02,1.446415e-02,7.931088e-01,1.383129e-01
5.27250,2.244806e-02,1.450389e-02,7.934222e-01,1.383250e-01
5.27500,2.254212e-02,1.454490e-02,7.937071e-01,1.383371e-01
5.27750,2.263211e-02,1.458459e-02,7.939829e-01,1.383491e-01
5.28000,2.272241e-02,1.462410e-02,7.944605e-01,1.383610e-01
5.28250,2.281618e-02,1.466625e-02,7.949151e-01,1.383729e-01
5.28500,2.290992e-02,1.470865e-02,7.953459e-01,1.383847e-01
5.28750,2.300202e-02,1.475089e-02,7.957519e-01,1.383964e-01
5.29000,2.309211e-02,1.479202e-02,7.961324e-01,1.384080e-01
5.29250,2.318133e-02,1.483344e-02,7.964865e-01,1.384196e-01
5.29500,2.327221e-02,1.487699e-02,7.968134e-01,1.384310e-01
5.29750,2.335726e-02,1.491848e-02,7.971123e-01,1.384424e-01
5.30000,2.343707e-02,1.495809e-02,7.973824e-01,1.384537e-01
5.30250,2.351520e-02,1.499532e-02,7.976229e-01,1.384648e-01
5.30500,2.359241e-02,1.503104e-02,7.978332e-01,1.384759e-01
5.30750,2.367389e-02,1.507030e-02,7.980124e-01,1.384869e-01
5.31000,2.375754e-02,1.511077e-02,7.981600e-01,1.384978e-01
5.31250,2.383454e-02,1.514651e-02,7.982754e-01,1.385086e-01
5.31500,2.390687e-02,1.517746e-02,7.984374e-01,1.385193e-01
5.31750,2.397971e-02,1.520639e-02,7.987762e-01,1.385299e-01
5.32000,2.405402e-02,1.523649e-02,7.990876e-01,1.385403e-01
5.32250,2.412836e-02,1.526630e-02,7.993710e-01,1.385507e-01
5.32500,2.419423e-02,1.529224e-02,7.996255e-01,1.385609e-01
5.32750,2.425544e-02,1.531686e-02,7.998504e-01,1.385710e-01
5.33000,2.431817e-02,1.534113e-02,8.000449e-01,1.385811e-01
5.33250,2.438209e-02,1.536357e-02,8.002084e-01,1.385910e-01
5.33500,2.444598e-02,1.538516e-02,8.003403e-01,1.386008e-01
5.33750,2.451025e-02,1.540622e-02,8.004400e-01,1.386104e-01
5.34000,2.456939e-02,1.542491e-02,8.005073e-01,1.386200e-01
5.34250,2.462843e-02,1.544240e-02,8.005416e-01,1.386294e-01
5.34500,2.468666e-02,1.545852e-02,8.005428e-01,1.386387e-01
5.34750,2.474466e-02,1.547570e-02,8.005106e-01,1.386479e-01
5.35000,2.480029e-02,1.549057e-02,8.004449e-01,1.386570e-01
5.35250,2.485103e-02,1.550536e-02,8.006465e-01,1.386659e-01
5.35500,2.489935e-02,1.551974e-02,8.008261e-01,1.386748e-01
5.35750,2.494807e-02,1.553183e-02,8.009753e-01,1.386835e-01
5.36000,2.499644e-02,1.554238e-02,8.010936e-01,1.386921e-01
5.36250,2.504694e-02,1.555266e-02,8.011804e-01,1.387005e-01
5.36500,2.509790e-02,1.556276e-02,8.012355e-01,1.387089e-01
5.36750,2.514496e-02,1.557155e-02,8.012584e-01,1.387171e-01
5.37000,2.519296e-02,1.557862e-02,8.012489e-01,1.387252e-01
5.37250,2.524164e-02,1.558432e-02,8.012068e-01,1.387331e-01
5.37500,2.528596e-02,1.558678e-02,8.011320e-01,1.387410e-01
5.37750,2.532561e-02,1.558652e-02,8.010245e-01,1.387487e-01
5.38000,2.536060e-02,1.558584e-02,8.008846e-01,1.387563e-01
5.38250,2.539530e-02,1.558458e-02,8.007123e-01,1.387637e-01
5.38500,2.543439e-02,1.558403e-02,8.005080e-01,1.387711e-01
5.38750,2.547629e-02,1.558421e-02,8.004314e-01,1.387783e-01
5.39000,2.551626e-02,1.558302e-02,8.004760e-01,1.387854e-01
5.39250,2.555320e-02,1.558114e-02,8.004896e-01,1.387924e-01
5.39500,2.558792e-02,1.557800e-02,8.004719e-01,1.387993e-01
5.39750,2.562242e-02,1.557311e-02,8.004226e-01,1.388060e-01
5.40000,2.565768e-02,1.556739e-02,8.003416e-01,1.388126e-01
5.40250,2.569041e-02,1.556054e-02,8.002289e-01,1.388191e-01
5.40500,2.571714e-02,1.555076e-02,8.000846e-01,1.388255e-01
5.40750,2.574038e-02,1.553893e-02,7.999089e-01,1.388318e-01
5.41000,2.576506e-02,1.552730e-02,7.997019e-01,1.388380e-01
5.41250,2.579581e-02,1.551809e-02,7.994640e-01,1.388440e-01
5.41500,2.582585e-02,1.550865e-02,7.991955e-01,1.388500e-01
5.41750,2.585439e-02,1.549855e-02,7.988969e-01,1.388558e-01
5.42000,2.588199e-02,1.548699e-02,7.985686e-01,1.388616e-01
5.42250,2.590763e-02,1.547400e-02,7.982113e-01,1.388672e-01
5.42500,2.593470e-02,1.545992e-02,7.978255e-01,1.388727e-01
5.42750,2.596053e-02,1.544495e-02,7.974119e-01,1.388781e-01
5.43000,2.598329e-02,1.542827e-02,7.972540e-01,1.388834e-01
5.43250,2.600678e-02,1.541013e-02,7.970831e-01,1.388886e-01
5.43500,2.602992e-02,1.539082e-02,7.968828e-01,1.388938e-01
5.43750,2.605189e-02,1.537010e-02,7.966533e-01,1.388988e-01
5.44000,2.607385e-02,1.534855e-02,7.963947e-01,1.389037e-01
5.44250,2.609527e-02,1.532623e-02,7.961075e-01,1.389085e-01
5.44500,2.611724e-02,1.530517e-02,7.957920e-01,1.389132e-01
5.44750,2.613955e-02,1.528476e-02,7.954486e-01,1.389178e-01
5.45000,2.616060e-02,1.526309e-02,7.951001e-01,1.389223e-01
5.45250,2.617659e-02,1.523859e-02,7.949245e-01,1.389267e-01
5.45500,2.619115e-02,1.521303e-02,7.947817e-01,1.389310e-01
5.45750,2.620303e-02,1.518528e-02,7.946097e-01,1.389352e-01
5.46000,2.621420e-02,1.515706e-02,7.944087e-01,1.389393e-01
5.46250,2.622780e-02,1.512910e-02,7.941787e-01,1.389433e-01
5.46500,2.623881e-02,1.509923e-02,7.939200e-01,1.389473e-01
5.46750,2.624953e-02,1.506992e-02,7.936330e-01,1.389511e-01
5.47000,2.625861e-02,1.503960e-02,7.933179e-01,1.389548e-01
5.47250,2.626513e-02,1.500776e-02,7.929751e-01,1.389584e-01
5.47500,2.627050e-02,1.497458e-02,7.926050e-01,1.389619e-01
5.47750,2.627304e-02,1.493986e-02,7.922082e-01,1.389653e-01
5.48000,2.627429e-02,1.490478e-02,7.917852e-01,1.389685e-01
5.48250,2.627588e-02,1.487014e-02,7.913368e-01,1.389717e-01
5.48500,2.627727e-02,1.483476e-02,7.908633e-01,1.389748e-01
5.48750,2.627919e-02,1.479861e-02,7.903655e-01,1.389778e-01
5.49000,2.627899e-02,1.476056e-02,7.898440e-01,1.389807e-01
5.49250,2.627587e-02,1.472031e-02,7.892995e-01,1.389834e-01
5.49500,2.626905e-02,1.467904e-02,7.889380e-01,1.389861e-01
5.49750,2.626126e-02,1.463690e-02,7.886065e-01,1.389886e-01
5.50000,2.625626e-02,1.459540e-02,7.882487e-01,1.389911e-01
5.50250,2.624727e-02,1.455113e-02,7.878649e-01,1.389934e-01
5.50500,2.623621e-02,1.450564e-02,7.874556e-01,1.389956e-01
5.50750,2.622379e-02,1.445997e-02,7.870214e-01,1.389977e-01
5.51000,2.621058e-02,1.441364e-02,7.865626e-01,1.389998e-01
5.51250,2.619718e-02,1.436684e-02,7.860798e-01,1.390017e-01
5.51500,2.618239e-02,1.431849e-02,7.855736e-01,1.390034e-01
5.51750,2.616857e-02,1.427090e-02,7.850446e-01,1.390051e-01
5.52000,2.615404e-02,1.422337e-02,7.844934e-01,1.390067e-01
5.52250,2.613637e-02,1.417466e-02,7.839206e-01,1.390082e-01
5.52500,2.611803e-02,1.412464e-02,7.833270e-01,1.390095e-01
5.52750,2.609862e-02,1.407333e-02,7.827132e-01,1.390108e-01
5.53000,2.607960e-02,1.402118e-02,7.820799e-01,1.390119e-01
5.53250,2.605963e-02,1.396766e-02,7.814983e-01,1.390130e-01
5.53500,2.603626e-02,1.391265e-02,7.810577e-01,1.390139e-01
5.53750,2.601352e-02,1.385871e-02,7.805938e-01,1.390147e-01
5.54000,2.599135e-02,1.380548e-02,7.801069e-01,1.390154e-01
5.54250,2.596798e-02,1.375073e-02,7.795976e-01,1.390161e-01
5.54500,2.594242e-02,1.369435e-02,7.790664e-01,1.390166e-01
5.54750,2.591465e-02,1.363628e-02,7.785136e-01,1.390170e-01
5.55000,2.588820e-02,1.357831e-02,7.779400e-01,1.390172e-01
5.55250,2.586228e-02,1.351994e-02,7.773460e-01,1.390174e-01
5.55500,2.583451e-02,1.346060e-02,7.767323e-01,1.390175e-01
5.55750,2.580662e-02,1.340164e-02,7.760994e-01,1.390175e-01
5.56000,2.577851e-02,1.334210e-02,7.754479e-01,1.390174e-01
5.56250,2.575011e-02,1.328187e-02,7.747783e-01,1.390172e-01
5.56500,2.572096e-02,1.322056e-02,7.740914e-01,1.390168e-01
5.56750,2.568845e-02,1.315704e-02,7.733876e-01,1.390164e-01
5.57000,2.565398e-02,1.309237e-02,7.726676e-01,1.390158e-01
5.57250,2.561846e-02,1.302720e-02,7.719852e-01,1.390152e-01
5.57500,2.558177e-02,1.296119e-02,7.714340e-01,1.390144e-01
5.57750,2.554459e-02,1.289457e-02,7.708626e-01,1.390136e-01
5.58000,2.550678e-02,1.282736e-02,7.702713e-01,1.390126e-01
5.58250,2.546790e-02,1.276022e-02,7.696607e-01,1.390116e-01
5.58500,2.542788e-02,1.269265e-02,7.690312e-01,1.390104e-01
5.58750,2.538692e-02,1.262317e-02,7.683834e-01,1.390091e-01
5.59000,2.534733e-02,1.255387e-02,7.677178e-01,1.390078e-01
5.59250,2.530828e-02,1.248463e-02,7.670349e-01,1.390063e-01
5.59500,2.526887e-02,1.241530e-02,7.663353e-01,1.390047e-01
5.59750,2.523067e-02,1.234692e-02,7.656195e-01,1.390030e-01
5.60000,2.519340e-02,1.227768e-02,7.648881e-01,1.390012e-01
5.60250,2.515462e-02,1.220756e-02,7.641416e-01,1.389994e-01
5.60500,2.511324e-02,1.213544e-02,7.633804e-01,1.389974e-01
5.60750,2.507141e-02,1.206283e-02,7.626052e-01,1.389953e-01
5.61000,2.502839e-02,1.198930e-02,7.618166e-01,1.389931e-01
5.61250,2.498290e-02,1.191366e-02,7.610151e-01,1.389908e-01
5.61500,2.493572e-02,1.183826e-02,7.602821e-01,1.389884e-01
5.61750,2.488985e-02,1.176368e-02,7.596224e-01,1.389859e-01
5.62000,2.484525e-02,1.168969e-02,7.589457e-01,1.389833e-01
5.62250,2.479971e-02,1.161583e-02,7.582523e-01,1.389806e-01
5.62500,2.475054e-02,1.154001e-02,7.575428e-01,1.389779e-01
5.62750,2.469930e-02,1.146267e-02,7.568177e-01,1.389750e-01
5.63000,2.464762e-02,1.138508e-02,7.560774e-01,1.389720e-01
5.63250,2.459367e-02,1.130660e-02,7.553225e-01,1.389689e-01
5.63500,2.453725e-02,1.122745e-02,7.545535e-01,1.389657e-01
5.63750,2.448065e-02,1.114770e-02,7.537709e-01,1.389624e-01
5.64000,2.442419e-02,1.106803e-02,7.529751e-01,1.389590e-01
5.64250,2.436817e-02,1.098888e-02,7.521667e-01,1.389555e-01
5.64500,2.431239e-02,1.090953e-02,7.513460e-01,1.389520e-01
5.64750,2.425608e-02,1.082944e-02,7.505137e-01,1.389483e-01
5.65000,2.419858e-02,1.074808e-02,7.496701e-01,1.389445e-01
5.65250,2.413995e-02,1.066562e-02,7.488157e-01,1.389406e-01
5.65500,2.407975e-02,1.058171e-02,7.479511e-01,1.389367e-01
5.65750,2.401769e-02,1.049708e-02,7.470765e-01,1.389326e-01
5.66000,2.395305e-02,1.041124e-02,7.462787e-01,1.389285e-01
5.66250,2.389044e-02,1.032603e-02,7.455185e-01,1.389242e-01
5.66500,2.383037e-02,1.024286e-02,7.447446e-01,1.389199e-01
5.66750,2.376996e-02,1.015996e-02,7.439574e-01,1.389154e-01
5.67000,2.370617e-02,1.007533e-02,7.431574e-01,1.389109e-01
5.67250,2.364211e-02,9.989365e-03,7.423451e-01,1.389063e-01
5.67500,2.357774e-02,9.902763e-03,7.415208e-01,1.389015e-01
5.67750,2.351277e-02,9.816438e-03,7.406850e-01,1.388967e-01
5.68000,2.344629e-02,9.729075e-03,7.398381e-01,1.388918e-01
5.68250,2.338078e-02,9.641693e-03,7.389804e-01,1.388868e-01
5.68500,2.331667e-02,9.554388e-03,7.381125e-01,1.388817e-01
5.68750,2.325244e-02,9.466718e-03,7.372347e-01,1.388765e-01
5.69000,2.318895e-02,9.379606e-03,7.363474e-01,1.388713e-01
5.69250,2.312620e-02,9.292895e-03,7.354509e-01,1.388659e-01
5.69500,2.306409e-02,9.206344e-03,7.345457e-01,1.388604e-01
5.69750,2.300081e-02,9.119080e-03,7.336321e-01,1.388549e-01
5.70000,2.293493e-02,9.030066e-03,7.327106e-01,1.388493e-01
5.70250,2.286704e-02,8.939453e-03,7.317813e-01,1.388435e-01
5.70500,2.280106e-02,8.848958e-03,7.308448e-01,1.388377e-01
5.70750,2.273697e-02,8.758201e-03,7.299012e-01,1.388318e-01
5.71000,2.267459e-02,8.667597e-03,7.290401e-01,1.388258e-01
5.71250,2.261246e-02,8.576904e-03,7.281817e-01,1.388197e-01
5.71500,2.255034e-02,8.486330e-03,7.273130e-01,1.388136e-01
5.71750,2.248866e-02,8.396446e-03,7.264345e-01,1.388073e-01
5.72000,2.242583e-02,8.305707e-03,7.255463e-01,1.388009e-01
5.72250,2.236180e-02,8.213950e-03,7.246490e-01,1.387945e-01
5.72500,2.230021e-02,8.123484e-03,7.237428e-01,1.387879e-01
5.72750,2.223981e-02,8.033558e-03,7.228282e-01,1.387813e-01
5.73000,2.217761e-02,7.942958e-03,7.219053e-01,1.387746e-01
5.73250,2.211136e-02,7.849798e-03,7.209747e-01,1.387677e-01
5.73500,2.204432e-02,7.756121e-03,7.200365e-01,1.387608e-01
5.73750,2.197687e-02,7.663240e-03,7.190912e-01,1.387538e-01
5.74000,2.190700e-02,7.569999e-03,7.181390e-01,1.387467e-01
5.74250,2.183630e-02,7.477355e-03,7.171802e-01,1.387395e-01
5.74500,2.176613e-02,7.385485e-03,7.162152e-01,1.387322e-01
5.74750,2.169598e-02,7.294593e-03,7.152442e-01,1.387249e-01
5.75000,2.162308e-02,7.202686e-03,7.142674e-01,1.387174e-01
5.75250,2.154760e-02,7.109592e-03,7.132853e-01,1.387099e-01
5.75500,2.147143e-02,7.015668e-03,7.122980e-01,1.387022e-01
5.75750,2.139613e-02,6.922242e-03,7.113057e-01,1.386945e-01
5.76000,2.132112e-02,6.829163e-03,7.103089e-01,1.386866e-01
5.76250,2.124335e-02,6.734712e-03,7.093076e-01,1.386787e-01
5.76500,2.116353e-02,6.639641e-03,7.083021e-01,1.386707e-01
5.76750,2.108518e-02,6.545980e-03,7.072928e-01,1.386626e-01
5.77000,2.100826e-02,6.453314e-03,7.062797e-01,1.386543e-01
5.77250,2.093008e-02,6.360657e-03,7.052691e-01,1.386461e-01
5.77500,2.085152e-02,6.267820e-03,7.043094e-01,1.386377e-01
5.77750,2.077464e-02,6.176033e-03,7.033435e-01,1.386292e-01
5.78000,2.069769e-02,6.084458e-03,7.023717e-01,1.386206e-01
5.78250,2.061818e-02,5.992101e-03,7.013943e-01,1.386119e-01
5.78500,2.053645e-02,5.898318e-03,7.004116e-01,1.386032e-01
5.78750,2.045673e-02,5.805130e-03,6.994237e-01,1.385944e-01
5.79000,2.037871e-02,5.713107e-03,6.984310e-01,1.385854e-01
5.79250,2.030152e-02,5.620802e-03,6.974336e-01,1.385764e-01
5.79500,2.022389e-02,5.528518e-03,6.964318e-01,1.385673e-01
5.79750,2.014748e-02,5.436463e-03,6.954259e-01,1.385581e-01
5.80000,2.007187e-02,5.344608e-03,6.944160e-01,1.385488e-01
5.80250,1.999577e-02,5.251596e-03,6.934023e-01,1.385394e-01
5.80500,1.991966e-02,5.158129e-03,6.923851e-01,1.385300e-01
5.80750,1.984469e-02,5.064469e-03,6.913645e-01,1.385204e-01
5.81000,1.977271e-02,4.972041e-03,6.903408e-01,1.385108e-01
5.81250,1.970164e-02,4.879968e-03,6.893142e-01,1.385011e-01
5.81500,1.962963e-02,4.786639e-03,6.883173e-01,1.384913e-01
5.81750,1.955912e-02,4.693467e-03,6.873280e-01,1.384814e-01
5.82000,1.948968e-02,4.601141e-03,6.863338e-01,1.384714e-01
5.82250,1.942032e-02,4.509361e-03,6.853348e-01,1.384614e-01
5.82500,1.935063e-02,4.417702e-03,6.843312e-01,1.384512e-01
5.82750,1.928077e-02,4.325740e-03,6.833233e-01,1.384410e-01
5.83000,1.921126e-02,4.234987e-03,6.823112e-01,1.384307e-01
5.83250,1.914021e-02,4.144093e-03,6.812952e-01,1.384203e-01
5.83500,1.906757e-02,4.052834e-03,6.802755e-01,1.384098e-01
5.83750,1.899352e-02,3.961025e-03,6.792522e-01,1.383993e-01
5.84000,1.891823e-02,3.869620e-03,6.782256e-01,1.383886e-01
5.84250,1.884102e-02,3.778105e-03,6.771958e-01,1.383779e-01
5.84500,1.876314e-02,3.686624e-03,6.761630e-01,1.383671e-01
5.84750,1.868538e-02,3.595228e-03,6.751273e-01,1.383563e-01
5.85000,1.860802e-02,3.504539e-03,6.740891e-01,1.383453e-01
5.85250,1.852993e-02,3.414344e-03,6.730484e-01,1.383343e-01
5.85500,1.845114e-02,3.325045e-03,6.720053e-01,1.383232e-01
5.85750,1.837167e-02,3.235275e-03,6.709601e-01,1.383120e-01
5.86000,1.829196e-02,3.145951e-03,6.699129e-01,1.383007e-01
5.86250,1.821158e-02,3.056431e-03,6.688639e-01,1.382894e-01
5.86500,1.813071e-02,2.966896e-03,6.678131e-01,1.382780e-01
5.86750,1.804992e-02,2.877246e-03,6.667608e-01,1.382665e-01
5.87000,1.796906e-02,2.787841e-03,6.657070e-01,1.382549e-01
5.87250,1.788786e-02,2.698661e-03,6.646520e-01,1.382432e-01
5.87500,1.780647e-02,2.610618e-03,6.635957e-01,1.382315e-01
5.87750,1.772543e-02,2.522912e-03,6.625384e-01,1.382197e-01
5.88000,1.764491e-02,2.435483e-03,6.614802e-01,1.382079e-01
5.88250,1.756405e-02,2.347783e-03,6.604211e-01,1.381960e-01
5.88500,1.748374e-02,2.260980e-03,6.593614e-01,1.381840e-01
5.88750,1.740396e-02,2.174529e-03,6.583010e-01,1.381719e-01
5.89000,1.732532e-02,2.088584e-03,6.572402e-01,1.381597e-01
5.89250,1.724768e-02,2.002300e-03,6.561790e-01,1.381475e-01
5.89500,1.717155e-02,1.916626e-03,6.551175e-01,1.381353e-01
5.89750,1.709717e-02,1.831712e-03,6.540558e-01,1.381229e-01
5.90000,1.702437e-02,1.747209e-03,6.529940e-01,1.381105e-01
5.90250,1.695170e-02,1.661745e-03,6.519323e-01,1.380980e-01
5.90500,1.688026e-02,1.576880e-03,6.508706e-01,1.380855e-01
5.90750,1.681073e-02,1.492998e-03,6.498090e-01,1.380729e-01
5.91000,1.674215e-02,1.409815e-03,6.487477e-01,1.380603e-01
5.91250,1.667433e-02,1.327205e-03,6.476866e-01,1.380475e-01
5.91500,1.660628e-02,1.244283e-03,6.466260e-01,1.380347e-01
5.91750,1.653773e-02,1.161748e-03,6.455658e-01,1.380219e-01
5.92000,1.646950e-02,1.079870e-03,6.445062e-01,1.380090e-01
5.92250,1.640008e-02,9.979899e-04,6.434471e-01,1.379960e-01
5.92500,1.632929e-02,9.152680e-04,6.423887e-01,1.379830e-01
5.92750,1.625786e-02,8.331326e-04,6.413310e-01,1.379699e-01
5.93000,1.618573e-02,7.518243e-04,6.402740e-01,1.379568e-01
5.93250,1.611288e-02,6.711870e-04,6.392179e-01,1.379436e-01
5.93500,1.603977e-02,5.909826e-04,6.381627e-01,1.379303e-01
5.93750,1.596650e-02,5.107536e-04,6.371085e-01,1.379170e-01
5.94000,1.589336e-02,4.310033e-04,6.360552e-01,1.379036e-01
5.94250,1.581982e-02,3.525187e-04,6.350029e-01,1.378902e-01
5.94500,1.574523e-02,2.742619e-04,6.339518e-01,1.378767e-01
5.94750,1.567051e-02,1.959655e-04,6.329018e-01,1.378632e-01
5.95000,1.559615e-02,1.182304e-04,6.318592e-01,1.378496e-01
5.95250,1.552191e-02,4.185536e-05,6.308645e-01,1.378360e-01
5.95500,1.544702e-02,-3.416075e-05,6.298716e-01,1.378223e-01
5.95750,1.537111e-02,-1.101051e-04,6.288806e-01,1.378086e-01
5.96000,1.529474e-02,-1.865909e-04,6.278913e-01,1.377948e-01
5.96250,1.521770e-02,-2.630425e-04,6.269039e-01,1.377809e-01
5.96500,1.514127e-02,-3.379806e-04,6.259184e-01,1.377670e-01
5.96750,1.506529e-02,-4.123141e-04,6.249347e-01,1.377531e-01
5.97000,1.498980e-02,-4.868056e-04,6.239543e-01,1.377391e-01
5.97250,1.491509e-02,-5.611973e-04,6.230038e-01,1.377251e-01
5.97500,1.484173e-02,-6.345105e-04,6.220552e-01,1.377110e-01
5.97750,1.476809e-02,-7.073488e-04,6.211083e-01,1.376969e-01
5.98000,1.469543e-02,-7.793645e-04,6.201633e-01,1.376827e-01
5.98250,1.462529e-02,-8.508082e-04,6.192202e-01,1.376685e-01
5.98500,1.455678e-02,-9.221911e-04,6.182789e-01,1.376542e-01
5.98750,1.448955e-02,-9.926708e-04,6.173394e-01,1.376399e-01
5.99000,1.442402e-02,-1.062159e-03,6.164018e-01,1.376256e-01
5.99250,1.435950e-02,-1.131607e-03,6.154661e-01,1.376112e-01
5.99500,1.429652e-02,-1.200837e-03,6.145322e-01,1.375967e-01
5.99750,1.423486e-02,-1.269688e-03,6.136001e-01,1.375823e-01
6.00000,1.417311e-02,-1.337684e-03,6.126866e-01,1.375678e-01
6.00250,1.411146e-02,-1.405392e-03,6.117848e-01,1.375532e-01
6.00500,1.405055e-02,-1.473155e-03,6.108847e-01,1.375386e-01
6.00750,1.398986e-02,-1.540936e-03,6.099864e-01,1.375240e-01
6.01000,1.392860e-02,-1.608346e-03,6.090899e-01,1.375093e-01
6.01250,1.386595e-02,-1.674809e-03,6.081951e-01,1.374946e-01
6.01500,1.380231e-02,-1.740822e-03,6.073020e-01,1.374799e-01
6.01750,1.373778e-02,-1.806765e-03,6.064106e-01,1.374651e-01
6.02000,1.367192e-02,-1.872711e-03,6.055210e-01,1.374503e-01
6.02250,1.360623e-02,-1.937641e-03,6.046332e-01,1.374355e-01
6.02500,1.354108e-02,-2.001500e-03,6.037470e-01,1.374206e-01
6.02750,1.347529e-02,-2.065213e-03,6.028626e-01,1.374057e-01
6.03000,1.340918e-02,-2.129158e-03,6.019799e-01,1.373907e-01
6.03250,1.334351e-02,-2.192632e-03,6.010990e-01,1.373758e-01
6.03500,1.327761e-02,-2.255555e-03,6.002197e-01,1.373608e-01
6.03750,1.321145e-02,-2.317747e-03,5.993422e-01,1.373457e-01
6.04000,1.314524e-02,-2.379679e-03,5.984665e-01,1.373306e-01
6.04250,1.307901e-02,-2.441845e-03,5.975924e-01,1.373155e-01
6.04500,1.301309e-02,-2.503246e-03,5.967200e-01,1.373004e-01
6.04750,1.294750e-02,-2.563509e-03,5.958494e-01,1.372852e-01
6.05000,1.288183e-02,-2.623537e-03,5.949805e-01,1.372700e-01
6.05250,1.281619e-02,-2.683060e-03,5.941233e-01,1.372548e-01
6.05500,1.275159e-02,-2.741532e-03,5.932795e-01,1.372395e-01
6.05750,1.268735e-02,-2.799780e-03,5.924373e-01,1.372243e-01
6.06000,1.262273e-02,-2.857615e-03,5.915967e-01,1.372089e-01
6.06250,1.255862e-02,-2.914508e-03,5.907577e-01,1.371936e-01
6.06500,1.249583e-02,-2.971007e-03,5.899202e-01,1.371783e-01
6.06750,1.243513e-02,-3.026877e-03,5.890844e-01,1.371629e-01
6.07000,1.237564e-02,-3.081886e-03,5.882501e-01,1.371475e-01
6.07250,1.231684e-02,-3.136598e-03,5.874174e-01,1.371320e-01
6.07500,1.225945e-02,-3.190958e-03,5.865863e-01,1.371166e-01
6.07750,1.220334e-02,-3.244725e-03,5.857568e-01,1.371011e-01
6.08000,1.214814e-02,-3.298378e-03,5.849288e-01,1.370856e-01
6.08250,1.209370e-02,-3.351815e-03,5.841024e-01,1.370701e-01
6.08500,1.204068e-02,-3.403899e-03,5.832775e-01,1.370546e-01
6.08750,1.198862e-02,-3.455557e-03,5.824542e-01,1.370390e-01
6.09000,1.193644e-02,-3.507837e-03,5.816324e-01,1.370234e-01
6.09250,1.188470e-02,-3.559516e-03,5.808122e-01,1.370078e-01
6.09500,1.183306e-02,-3.610360e-03,5.799935e-01,1.369922e-01
6.09750,1.178091e-02,-3.660667e-03,5.791763e-01,1.369766e-01
6.10000,1.172787e-02,-3.710524e-03,5.783606e-01,1.369609e-01
6.10250,1.167313e-02,-3.760664e-03,5.775465e-01,1.369452e-01
6.10500,1.161680e-02,-3.811196e-03,5.767339e-01,1.369295e-01
6.10750,1.156137e-02,-3.860858e-03,5.759228e-01,1.369138e-01
6.11000,1.150696e-02,-3.908895e-03,5.751132e-01,1.368981e-01
6.11250,1.145209e-02,-3.957059e-03,5.743051e-01,1.368824e-01
6.11500,1.139655e-02,-4.005482e-03,5.734985e-01,1.368666e-01
6.11750,1.134119e-02,-4.053220e-03,5.726934e-01,1.368509e-01
6.12000,1.128584e-02,-4.100696e-03,5.718898e-01,1.368351e-01
6.12250,1.123028e-02,-4.147961e-03,5.710876e-01,1.368193e-01
6.12500,1.117515e-02,-4.194704e-03,5.702870e-01,1.368035e-01
6.12750,1.112024e-02,-4.241096e-03,5.694877e-01,1.367877e-01
6.13000,1.106562e-02,-4.286869e-03,5.686900e-01,1.367719e-01
6.13250,1.101092e-02,-4.331940e-03,5.678937e-01,1.367560e-01
6.13500,1.095622e-02,-4.376281e-03,5.670989e-01,1.367402e-01
6.13750,1.090127e-02,-4.420579e-03,5.663055e-01,1.367243e-01
6.14000,1.084691e-02,-4.464026e-03,5.655135e-01,1.367084e-01
6.14250,1.079348e-02,-4.506320e-03,5.647230e-01,1.366925e-01
6.14500,1.073962e-02,-4.548879e-03,5.639338e-01,1.366766e-01
6.14750,1.068558e-02,-4.591608e-03,5.631462e-01,1.366607e-01
6.15000,1.063234e-02,-4.633884e-03,5.623599e-01,1.366448e-01
6.15250,1.058054e-02,-4.675744e-03,5.615812e-01,1.366289e-01
6.15500,1.052992e-02,-4.717092e-03,5.608136e-01,1.366130e-01
6.15750,1.048102e-02,-4.757857e-03,5.600472e-01,1.365971e-01
6.16000,1.043366e-02,-4.798526e-03,5.592822e-01,1.365811e-01
6.16250,1.038727e-02,-4.839371e-03,5.585185e-01,1.365652e-01
6.16500,1.034175e-02,-4.879758e-03,5.577560e-01,1.365493e-01
6.16750,1.029703e-02,-4.919386e-03,5.569949e-01,1.365333e-01
6.17000,1.025315e-02,-4.958910e-03,5.562350e-01,1.365174e-01
6.17250,1.021087e-02,-4.997709e-03,5.554764e-01,1.365014e-01
6.17500,1.016958e-02,-5.035795e-03,5.547191e-01,1.364854e-01
6.17750,1.012774e-02,-5.074028e-03,5.539631e-01,1.364695e-01
6.18000,1.008523e-02,-5.111847e-03,5.532084e-01,1.364535e-01
6.18250,1.004280e-02,-5.149126e-03,5.524549e-01,1.364376e-01
6.18500,9.999938e-03,-5.186589e-03,5.517027e-01,1.364216e-01
6.18750,9.956518e-03,-5.223755e-03,5.509517e-01,1.364056e-01
6.19000,9.912179e-03,-5.260765e-03,5.502020e-01,1.363897e-01
6.19250,9.866767e-03,-5.297948e-03,5.494535e-01,1.363737e-01
6.19500,9.820906e-03,-5.335384e-03,5.487063e-01,1.363577e-01
6.19750,9.775713e-03,-5.372360e-03,5.479603e-01,1.363418e-01
6.20000,9.730750e-03,-5.409108e-03,5.472155e-01,1.363258e-01
6.20250,9.685887e-03,-5.445442e-03,5.464720e-01,1.363099e-01
6.20500,9.640581e-03,-5.481028e-03,5.457298e-01,1.362939e-01
6.20750,9.595174e-03,-5.516091e-03,5.449887e-01,1.362779e-01
6.21000,9.549557e-03,-5.551200e-03,5.442489e-01,1.362620e-01
6.21250,9.504360e-03,-5.585950e-03,5.435103e-01,1.362460e-01
6.21500,9.459954e-03,-5.619933e-03,5.427729e-01,1.362301e-01
6.21750,9.415764e-03,-5.653322e-03,5.420368e-01,1.362141e-01
6.22000,9.371235e-03,-5.686017e-03,5.413018e-01,1.361982e-01
6.22250,9.326307e-03,-5.718575e-03,5.405681e-01,1.361823e-01
6.22500,9.280985e-03,-5.751425e-03,5.398356e-01,1.361663e-01
6.22750,9.235821e-03,-5.784280e-03,5.391043e-01,1.361504e-01
6.23000,9.191585e-03,-5.816540e-03,5.383741e-01,1.361345e-01
6.23250,9.147886e-03,-5.848176e-03,5.376452e-01,1.361186e-01
6.23500,9.104657e-03,-5.879712e-03,5.369174e-01,1.361027e-01
6.23750,9.062265e-03,-5.910972e-03,5.361909e-01,1.360868e-01
6.24000,9.021170e-03,-5.942176e-03,5.354655e-01,1.360709e-01
6.24250,8.981204e-03,-5.973137e-03,5.347413e-01,1.360550e-01
6.24500,8.942288e-03,-6.003492e-03,5.340182e-01,1.360391e-01
6.24750,8.904620e-03,-6.033074e-03,5.332963e-01,1.360233e-01
6.25000,8.868749e-03,-6.062029e-03,5.325756e-01,1.360074e-01
6.25250,8.834162e-03,-6.090608e-03,5.318560e-01,1.359916e-01
6.25500,8.800238e-03,-6.118749e-03,5.311376e-01,1.359758e-01
6.25750,8.765939e-03,-6.147092e-03,5.304203e-01,1.359599e-01
6.26000,8.732328e-03,-6.174978e-03,5.297042e-01,1.359441e-01
6.26250,8.699424e-03,-6.202326e-03,5.289891e-01,1.359283e-01
6.26500,8.667014e-03,-6.229374e-03,5.282753e-01,1.359125e-01
6.26750,8.634428e-03,-6.256154e-03,5.275625e-01,1.358967e-01
6.27000,8.601152e-03,-6.282941e-03,5.268509e-01,1.358810e-01
6.27250,8.566717e-03,-6.309912e-03,5.261403e-01,1.358652e-01
6.27500,8.530976e-03,-6.336858e-03,5.254309e-01,1.358495e-01
6.27750,8.495196e-03,-6.363354e-03,5.247226e-01,1.358337e-01
6.28000,8.459171e-03,-6.389584e-03,5.240153e-01,1.358180e-01
6.28250,8.423223e-03,-6.415102e-03,5.233092e-01,1.358023e-01
6.28500,8.387030e-03,-6.440538e-03,5.226041e-01,1.357866e-01
6.28750,8.350636e-03,-6.465878e-03,5.219002e-01,1.357709e-01
6.29000,8.313878e-03,-6.491050e-03,5.211973e-01,1.357552e-01
6.29250,8.277432e-03,-6.515711e-03,5.204955e-01,1.357396e-01
6.29500,8.242026e-03,-6.539373e-03,5.197947e-01,1.357239e-01
6.29750,8.206477e-03,-6.562878e-03,5.190950e-01,1.357083e-01
6.30000,8.170575e-03,-6.586156e-03,5.183964e-01,1.356927e-01
6.30250,8.134408e-03,-6.609294e-03,5.176989e-01,1.356771e-01
6.30500,8.098229e-03,-6.632311e-03,5.170024e-01,1.356615e-01
6.30750,8.061925e-03,-6.655414e-03,5.163070e-01,1.356459e-01
6.31000,8.025626e-03,-6.678251e-03,5.156126e-01,1.356304e-01
6.31250,7.989454e-03,-6.700738e-03,5.149193e-01,1.356148e-01
6.31500,7.953801e-03,-6.722880e-03,5.142270e-01,1.355993e-01
6.31750,7.919099e-03,-6.744462e-03,5.135358e-01,1.355838e-01
6.32000,7.884466e-03,-6.766032e-03,5.128456e-01,1.355683e-01
6.32250,7.849634e-03,-6.787595e-03,5.121565e-01,1.355528e-01
6.32500,7.815679e-03,-6.808593e-03,5.114684e-01,1.355374e-01
6.32750,7.783206e-03,-6.828823e-03,5.107814e-01,1.355220e-01
6.33000,7.752326e-03,-6.848453e-03,5.100954e-01,1.355065e-01
6.33250,7.722739e-03,-6.867539e-03,5.094104e-01,1.354911e-01
6.33500,7.694286e-03,-6.886120e-03,5.087265e-01,1.354758e-01
6.33750,7.666241e-03,-6.904591e-03,5.080436e-01,1.354604e-01
6.34000,7.638521e-03,-6.923037e-03,5.073617e-01,1.354451e-01
6.34250,7.611309e-03,-6.941552e-03,5.066809e-01,1.354297e-01
6.34500,7.585085e-03,-6.959307e-03,5.060010e-01,1.354144e-01
6.34750,7.559585e-03,-6.976426e-03,5.053237e-01,1.353991e-01
6.35000,7.534418e-03,-6.993331e-03,5.046561e-01,1.353839e-01
6.35250,7.508976e-03,-7.010035e-03,5.039894e-01,1.353686e-01
6.35500,7.483355e-03,-7.026809e-03,5.033236e-01,1.353534e-01
6.35750,7.457235e-03,-7.043581e-03,5.026588e-01,1.353382e-01
6.36000,7.430638e-03,-7.059877e-03,5.019950e-01,1.353230e-01
6.36250,7.403948e-03,-7.075546e-03,5.013320e-01,1.353078e-01
6.36500,7.377130e-03,-7.090911e-03,5.006700e-01,1.352927e-01
6.36750,7.349400e-03,-7.105911e-03,5.000089e-01,1.352775e-01
6.37000,7.320692e-03,-7.120947e-03,4.993486e-01,1.352624e-01
6.37250,7.291813e-03,-7.136003e-03,4.986893e-01,1.352473e-01
6.37500,7.262941e-03,-7.151082e-03,4.980308e-01,1.352323e-01
6.37750,7.235064e-03,-7.165483e-03,4.973733e-01,1.352172e-01
6.38000,7.207842e-03,-7.179175e-03,4.967166e-01,1.352022e-01
6.38250,7.180320e-03,-7.192781e-03,4.960608e-01,1.351872e-01
6.38500,7.152347e-03,-7.206674e-03,4.954058e-01,1.351722e-01
6.38750,7.124337e-03,-7.220546e-03,4.947517e-01,1.351573e-01
6.39000,7.096324e-03,-7.234247e-03,4.940984e-01,1.351423e-01
6.39250,7.068285e-03,-7.247689e-03,4.934460e-01,1.351274e-01
6.39500,7.040503e-03,-7.260724e-03,4.927945e-01,1.351125e-01
6.39750,7.012182e-03,-7.273702e-03,4.921438e-01,1.350977e-01
6.40000,6.983540e-03,-7.286689e-03,4.914938e-01,1.350828e-01
6.40250,6.955479e-03,-7.299244e-03,4.908447e-01,1.350680e-01
6.40500,6.928130e-03,-7.311444e-03,4.901965e-01,1.350532e-01
6.40750,6.901072e-03,-7.323561e-03,4.895490e-01,1.350384e-01
6.41000,6.874332e-03,-7.335577e-03,4.889024e-01,1.350237e-01
6.41250,6.848044e-03,-7.347215e-03,4.882565e-01,1.350090e-01
6.41500,6.822630e-03,-7.358649e-03,4.876115e-01,1.349943e-01
6.41750,6.798139e-03,-7.370089e-03,4.869672e-01,1.349796e-01
6.42000,6.774232e-03,-7.381531e-03,4.863237e-01,1.349649e-01
6.42250,6.751007e-03,-7.392948e-03,4.856811e-01,1.349503e-01
6.42500,6.728101e-03,-7.404292e-03,4.850392e-01,1.349357e-01
6.42750,6.705638e-03,-7.415526e-03,4.843981e-01,1.349211e-01
6.43000,6.684269e-03,-7.426382e-03,4.837579e-01,1.349066e-01
6.43250,6.664048e-03,-7.436918e-03,4.831184e-01,1.348921e-01
6.43500,6.644422e-03,-7.447498e-03,4.824797e-01,1.348776e-01
6.43750,6.624671e-03,-7.458218e-03,4.818418e-01,1.348631e-01
6.44000,6.604838e-03,-7.468794e-03,4.812048e-01,1.348486e-01
6.44250,6.585137e-03,-7.479327e-03,4.805685e-01,1.348342e-01
6.44500,6.565798e-03,-7.489602e-03,4.799330e-01,1.348198e-01
6.44750,6.546609e-03,-7.499538e-03,4.792983e-01,1.348055e-01
6.45000,6.526838e-03,-7.509371e-03,4.786643e-01,1.347911e-01
6.45250,6.506317e-03,-7.519381e-03,4.780311e-01,1.347768e-01
6.45500,6.485125e-03,-7.529486e-03,4.773987e-01,1.347625e-01
6.45750,6.463419e-03,-7.539616e-03,4.767671e-01,1.347482e-01
6.46000,6.441251e-03,-7.549745e-03,4.761362e-01,1.347340e-01
6.46250,6.419013e-03,-7.559830e-03,4.755060e-01,1.347198e-01
6.46500,6.397500e-03,-7.569488e-03,4.748765e-01,1.347056e-01
6.46750,6.376245e-03,-7.578948e-03,4.742477e-01,1.346915e-01
6.47000,6.354555e-03,-7.588583e-03,4.736197e-01,1.346773e-01
6.47250,6.332082e-03,-7.598414e-03,4.729924e-01,1.346632e-01
6.47500,6.309419e-03,-7.608122e-03,4.723658e-01,1.346492e-01
6.47750,6.286941e-03,-7.617556e-03,4.717398e-01,1.346351e-01
6.48000,6.264832e-03,-7.626686e-03,4.711146e-01,1.346211e-01
6.48250,6.243084e-03,-7.635237e-03,4.704900e-01,1.346071e-01
6.48500,6.221367e-03,-7.643591e-03,4.698661e-01,1.345931e-01
6.48750,6.199306e-03,-7.651868e-03,4.692429e-01,1.345792e-01
6.49000,6.177122e-03,-7.660098e-03,4.686204e-01,1.345653e-01
6.49250,6.154914e-03,-7.668411e-03,4.679985e-01,1.345514e-01
6.49500,6.132768e-03,-7.676806e-03,4.673772e-01,1.345376e-01
6.49750,6.111063e-03,-7.684864e-03,4.667565e-01,1.345238e-01
6.50000,6.089976e-03,-7.692595e-03,4.661365e-01,1.345100e-01
6.50250,6.068837e-03,-7.700334e-03,4.655172e-01,1.344962e-01
6.50500,6.047515e-03,-7.708010e-03,4.648985e-01,1.344825e-01
6.50750,6.026238e-03,-7.715724e-03,4.642804e-01,1.344688e-01
6.51000,6.005700e-03,-7.723305e-03,4.636629e-01,1.344551e-01
6.51250,5.986167e-03,-7.730553e-03,4.630461e-01,1.344414e-01
6.51500,5.967319e-03,-7.737615e-03,4.624298e-01,1.344278e-01
6.51750,5.948919e-03,-7.744515e-03,4.618142e-01,1.344142e-01
6.52000,5.930969e-03,-7.751163e-03,4.611992e-01,1.344007e-01
6.52250,5.913675e-03,-7.757607e-03,4.605848e-01,1.343871e-01
6.52500,5.897072e-03,-7.764028e-03,4.599711e-01,1.343736e-01
6.52750,5.881401e-03,-7.770148e-03,4.593580e-01,1.343601e-01
6.53000,5.866222e-03,-7.776220e-03,4.587455e-01,1.343467e-01
6.53250,5.850994e-03,-7.782207e-03,4.581336e-01,1.343333e-01
6.53500,5.835846e-03,-7.787760e-03,4.575223e-01,1.343199e-01
6.53750,5.820854e-03,-7.792892e-03,4.569117e-01,1.343065e-01
6.54000,5.805710e-03,-7.797950e-03,4.563016e-01,1.342932e-01
6.54250,5.790258e-03,-7.803091e-03,4.556922e-01,1.342799e-01
6.54500,5.774482e-03,-7.808136e-03,4.550833e-01,1.342667e-01
6.54750,5.757979e-03,-7.813147e-03,4.544750e-01,1.342534e-01
6.55000,5.740942e-03,-7.817891e-03,4.538673e-01,1.342402e-01
6.55250,5.724253e-03,-7.821999e-03,4.532602e-01,1.342270e-01
6.55500,5.707643e-03,-7.825632e-03,4.526537e-01,1.342139e-01
6.55750,5.690834e-03,-7.828936e-03,4.520477e-01,1.342008e-01
6.56000,5.673761e-03,-7.832191e-03,4.514422e-01,1.341877e-01
6.56250,5.656307e-03,-7.835490e-03,4.508373e-01,1.341746e-01
6.56500,5.638921e-03,-7.838655e-03,4.502330e-01,1.341616e-01
6.56750,5.621693e-03,-7.841669e-03,4.496291e-01,1.341486e-01
6.57000,5.604692e-03,-7.844224e-03,4.490258e-01,1.341356e-01
6.57250,5.587761e-03,-7.846343e-03,4.484231e-01,1.341227e-01
6.57500,5.570612e-03,-7.848593e-03,4.478208e-01,1.341098e-01
6.57750,5.553025e-03,-7.851163e-03,4.472191e-01,1.340969e-01
6.58000,5.535139e-03,-7.853741e-03,4.466179e-01,1.340841e-01
6.58250,5.517462e-03,-7.856141e-03,4.460172e-01,1.340713e-01
6.58500,5.500154e-03,-7.858209e-03,4.454170e-01,1.340585e-01
6.58750,5.483112e-03,-7.859923e-03,4.448173e-01,1.340457e-01
6.59000,5.466292e-03,-7.861276e-03,4.442181e-01,1.340330e-01
6.59250,5.449477e-03,-7.862695e-03,4.436195e-01,1.340203e-01
6.59500,5.432571e-03,-7.864546e-03,4.430213e-01,1.340076e-01
6.59750,5.415483e-03,-7.866617e-03,4.424236e-01,1.339950e-01
6.60000,5.399002e-03,-7.868437e-03,4.418263e-01,1.339824e-01
6.60250,5.383158e-03,-7.869941e-03,4.412296e-01,1.339698e-01
6.60500,5.367696e-03,-7.871270e-03,4.406334e-01,1.339573e-01
6.60750,5.352246e-03,-7.872497e-03,4.400377e-01,1.339448e-01
6.61000,5.336651e-03,-7.873824e-03,4.394424e-01,1.339323e-01
6.61250,5.320675e-03,-7.875604e-03,4.388477e-01,1.339198e-01
6.61500,5.304777e-03,-7.877450e-03,4.382534e-01,1.339074e-01
6.61750,5.289751e-03,-7.878911e-03,4.376596e-01,1.338950e-01
6.62000,5.275562e-03,-7.880014e-03,4.370662e-01,1.338827e-01
6.62250,5.261994e-03,-7.880934e-03,4.364734e-01,1.338703e-01
6.62500,5.248758e-03,-7.881900e-03,4.358810e-01,1.338580e-01
6.62750,5.235491e-03,-7.883058e-03,4.352891e-01,1.338458e-01
6.63000,5.222597e-03,-7.884450e-03,4.346976e-01,1.338335e-01
6.63250,5.210144e-03,-7.885984e-03,4.341066e-01,1.338213e-01
6.63500,5.197997e-03,-7.887383e-03,4.335161e-01,1.338092e-01
6.63750,5.186004e-03,-7.888532e-03,4.329259e-01,1.337970e-01
6.64000,5.173950e-03,-7.889539e-03,4.323362e-01,1.337849e-01
6.64250,5.161517e-03,-7.890586e-03,4.317470e-01,1.337728e-01
6.64500,5.148507e-03,-7.891773e-03,4.311581e-01,1.337608e-01
6.64750,5.135652e-03,-7.892843e-03,4.305697e-01,1.337488e-01
6.65000,5.123044e-03,-7.894010e-03,4.299817e-01,1.337368e-01
6.65250,5.110391e-03,-7.895363e-03,4.293940e-01,1.337248e-01
6.65500,5.097542e-03,-7.896675e-03,4.288068e-01,1.337129e-01
6.65750,5.084515e-03,-7.897826e-03,4.282199e-01,1.337010e-01
6.66000,5.070990e-03,-7.898942e-03,4.276334e-01,1.336891e-01
6.66250,5.057257e-03,-7.899991e-03,4.270474e-01,1.336773e-01
6.66500,5.043561e-03,-7.900992e-03,4.264617e-01,1.336655e-01
6.66750,5.029714e-03,-7.902039e-03,4.258764e-01,1.336537e-01
6.67000,5.015575e-03,-7.903299e-03,4.252914e-01,1.336419e-01
6.67250,5.001202e-03,-7.904648e-03,4.247068e-01,1.336302e-01
6.67500,4.987008e-03,-7.905921e-03,4.241226e-01,1.336186e-01
6.67750,4.972835e-03,-7.907097e-03,4.235388e-01,1.336069e-01
6.68000,4.958279e-03,-7.908174e-03,4.229553e-01,1.335953e-01
6.68250,4.943523e-03,-7.909274e-03,4.223722e-01,1.335837e-01
6.68500,4.929214e-03,-7.910273e-03,4.217895e-01,1.335721e-01
6.68750,4.915550e-03,-7.911247e-03,4.212120e-01,1.335606e-01
6.69000,4.902032e-03,-7.912526e-03,4.206372e-01,1.335491e-01
6.69250,4.888259e-03,-7.914009e-03,4.200629e-01,1.335376e-01
6.69500,4.874411e-03,-7.915321e-03,4.194888e-01,1.335262e-01
6.69750,4.860782e-03,-7.916159e-03,4.189151e-01,1.335148e-01
6.70000,4.847412e-03,-7.916539e-03,4.183417e-01,1.335034e-01
6.70250,4.834021e-03,-7.917010e-03,4.177686e-01,1.334920e-01
6.70500,4.820667e-03,-7.917511e-03,4.171958e-01,1.334807e-01
6.70750,4.807404e-03,-7.918087e-03,4.166233e-01,1.334694e-01
6.71000,4.794060e-03,-7.918855e-03,4.160511e-01,1.334582e-01
6.71250,4.780455e-03,-7.919606e-03,4.154791e-01,1.334469e-01
6.71500,4.766924e-03,-7.919997e-03,4.149075e-01,1.334357e-01
6.71750,4.753842e-03,-7.919631e-03,4.143362e-01,1.334246e-01
6.72000,4.741128e-03,-7.918744e-03,4.137652e-01,1.334134e-01
6.72250,4.728536e-03,-7.917831e-03,4.131944e-01,1.334023e-01
6.72500,4.716053e-03,-7.917075e-03,4.126240e-01,1.333912e-01
6.72750,4.703843e-03,-7.916337e-03,4.120538e-01,1.333802e-01
6.73000,4.691802e-03,-7.915749e-03,4.114839e-01,1.333692e-01
6.73250,4.680074e-03,-7.914966e-03,4.109143e-01,1.333582e-01
6.73500,4.668855e-03,-7.913658e-03,4.103450e-01,1.333472e-01
6.73750,4.658073e-03,-7.911864e-03,4.097760e-01,1.333363e-01
6.74000,4.647444e-03,-7.909825e-03,4.092072e-01,1.333254e-01
6.74250,4.636398e-03,-7.908179e-03,4.086387e-01,1.333146e-01
6.74500,4.624981e-03,-7.906798e-03,4.080705e-01,1.333037e-01
6.74750,4.613705e-03,-7.905507e-03,4.075025e-01,1.332929e-01
6.75000,4.602575e-03,-7.904491e-03,4.069347e-01,1.332821e-01
6.75250,4.591476e-03,-7.903449e-03,4.063673e-01,1.332714e-01
6.75500,4.580631e-03,-7.901849e-03,4.058000e-01,1.332607e-01
6.75750,4.570102e-03,-7.899653e-03,4.052331e-01,1.332500e-01
6.76000,4.559628e-03,-7.897039e-03,4.046663e-01,1.332393e-01
6.76250,4.548717e-03,-7.894650e-03,4.040999e-01,1.332287e-01
6.76500,4.537541e-03,-7.892580e-03,4.035336e-01,1.332181e-01
6.76750,4.526522e-03,-7.890715e-03,4.029676e-01,1.332075e-01
6.77000,4.515577e-03,-7.889230e-03,4.024018e-01,1.331969e-01
6.77250,4.504787e-03,-7.887988e-03,4.018363e-01,1.331864e-01
6.77500,4.493922e-03,-7.886670e-03,4.012710e-01,1.331759e-01
6.77750,4.482939e-03,-7.885225e-03,4.007059e-01,1.331655e-01
6.78000,4.471758e-03,-7.883584e-03,4.001410e-01,1.331550e-01
6.78250,4.460226e-03,-7.881995e-03,3.995764e-01,1.331446e-01
6.78500,4.448261e-03,-7.880631e-03,3.990120e-01,1.331342e-01
6.78750,4.436230e-03,-7.879302e-03,3.984478e-01,1.331239e-01
6.79000,4.424264e-03,-7.878052e-03,3.978838e-01,1.331136e-01
6.79250,4.412584e-03,-7.876869e-03,3.973201e-01,1.331033e-01
6.79500,4.401380e-03,-7.875472e-03,3.967565e-01,1.330930e-01
6.79750,4.390289e-03,-7.874001e-03,3.961932e-01,1.330828e-01
6.80000,4.379102e-03,-7.872455e-03,3.956301e-01,1.330726e-01
6.80250,4.367888e-03,-7.870701e-03,3.950672e-01,1.330624e-01
6.80500,4.356360e-03,-7.868861e-03,3.945044e-01,1.330522e-01
6.80750,4.344595e-03,-7.867237e-03,3.939418e-01,1.330421e-01
6.81000,4.332680e-03,-7.865869e-03,3.933795e-01,1.330320e-01
6.81250,4.321262e-03,-7.864602e-03,3.928173e-01,1.330219e-01
6.81500,4.310227e-03,-7.863370e-03,3.922552e-01,1.330119e-01
6.81750,4.299049e-03,-7.862211e-03,3.916934e-01,1.330019e-01
6.82000,4.287880e-03,-7.860869e-03,3.911317e-01,1.329919e-01
6.82250,4.276805e-03,-7.859161e-03,3.905702e-01,1.329820e-01
6.82500,4.265573e-03,-7.857232e-03,3.900088e-01,1.329720e-01
6.82750,4.254049e-03,-7.855501e-03,3.894476e-01,1.329621e-01
6.83000,4.242495e-03,-7.854108e-03,3.888865e-01,1.329522e-01
6.83250,4.231029e-03,-7.852979e-03,3.883256e-01,1.329424e-01
6.83500,4.219634e-03,-7.852093e-03,3.877649e-01,1.329326e-01
6.83750,4.208199e-03,-7.851572e-03,3.872043e-01,1.329228e-01
6.84000,4.197043e-03,-7.850948e-03,3.866438e-01,1.329130e-01
6.84250,4.186123e-03,-7.850041e-03,3.860835e-01,1.329033e-01
6.84500,4.175144e-03,-7.848811e-03,3.855233e-01,1.328935e-01
6.84750,4.163922e-03,-7.847444e-03,3.849632e-01,1.328839e-01
6.85000,4.152395e-03,-7.846061e-03,3.844033e-01,1.328742e-01
6.85250,4.140673e-03,-7.844741e-03,3.838435e-01,1.328646e-01
6.85500,4.128900e-03,-7.843535e-03,3.832838e-01,1.328549e-01
6.85750,4.117491e-03,-7.842313e-03,3.827243e-01,1.328454e-01
6.86000,4.106536e-03,-7.841060e-03,3.821649e-01,1.328358e-01
6.86250,4.095962e-03,-7.839687e-03,3.816056e-01,1.328263e-01
6.86500,4.085540e-03,-7.838114e-03,3.810465e-01,1.328168e-01
6.86750,4.075260e-03,-7.836268e-03,3.804875e-01,1.328073e-01
6.87000,4.065101e-03,-7.834240e-03,3.799286e-01,1.327978e-01
6.87250,4.054878e-03,-7.832012e-03,3.793698e-01,1.327884e-01
6.87500,4.044553e-03,-7.829747e-03,3.788111e-01,1.327790e-01
6.87750,4.034281e-03,-7.827554e-03,3.782525e-01,1.327696e-01
6.88000,4.023909e-03,-7.825574e-03,3.776941e-01,1.327603e-01
6.88250,4.013777e-03,-7.823827e-03,3.771357e-01,1.327510e-01
6.88500,4.004066e-03,-7.822191e-03,3.765775e-01,1.327417e-01
6.88750,3.994622e-03,-7.820491e-03,3.760194e-01,1.327324e-01
6.89000,3.985177e-03,-7.818850e-03,3.754614e-01,1.327232e-01
6.89250,3.975517e-03,-7.817295e-03,3.749034e-01,1.327139e-01
6.89500,3.965508e-03,-7.815687e-03,3.743456e-01,1.327047e-01
6.89750,3.955046e-03,-7.813949e-03,3.737879e-01,1.326956e-01
6.90000,3.944326e-03,-7.812271e-03,3.732303e-01,1.326864e-01
6.90250,3.933997e-03,-7.810577e-03,3.726728e-01,1.326773e-01
6.90500,3.924310e-03,-7.808866e-03,3.721154e-01,1.326682e-01
6.90750,3.915122e-03,-7.807124e-03,3.715580e-01,1.326591e-01
6.91000,3.905965e-03,-7.805396e-03,3.710008e-01,1.326500e-01
6.91250,3.896300e-03,-7.803929e-03,3.704436e-01,1.326410e-01
6.91500,3.886144e-03,-7.802692e-03,3.698865e-01,1.326320e-01
6.91750,3.875614e-03,-7.801491e-03,3.693295e-01,1.326230e-01
6.92000,3.864842e-03,-7.800034e-03,3.687726e-01,1.326141e-01
6.92250,3.853860e-03,-7.798154e-03,3.682157e-01,1.326051e-01
6.92500,3.843013e-03,-7.795993e-03,3.676589e-01,1.325962e-01
6.92750,3.832387e-03,-7.793798e-03,3.671022e-01,1.325873e-01
6.93000,3.822093e-03,-7.791636e-03,3.665455e-01,1.325785e-01
6.93250,3.811981e-03,-7.789578e-03,3.659890e-01,1.325696e-01
6.93500,3.802109e-03,-7.787597e-03,3.654324e-01,1.325608e-01
6.93750,3.792184e-03,-7.785701e-03,3.648760e-01,1.325520e-01
6.94000,3.782144e-03,-7.783904e-03,3.643195e-01,1.325433e-01
6.94250,3.772148e-03,-7.782047e-03,3.637632e-01,1.325345e-01
6.94500,3.762167e-03,-7.779981e-03,3.632069e-01,1.325258e-01
6.94750,3.752067e-03,-7.777606e-03,3.626506e-01,1.325171e-01
6.95000,3.741696e-03,-7.775279e-03,3.620944e-01,1.325084e-01
6.95250,3.731254e-03,-7.773067e-03,3.615382e-01,1.324998e-01
6.95500,3.720939e-03,-7.770952e-03,3.609820e-01,1.324911e-01
6.95750,3.710797e-03,-7.768953e-03,3.604259e-01,1.324825e-01
6.96000,3.700613e-03,-7.767033e-03,3.598699e-01,1.324739e-01
6.96250,3.690251e-03,-7.765182e-03,3.593138e-01,1.324653e-01
6.96500,3.679661e-03,-7.763282e-03,3.587578e-01,1.324568e-01
6.96750,3.668843e-03,-7.761383e-03,3.582018e-01,1.324483e-01
6.97000,3.657922e-03,-7.759302e-03,3.576459e-01,1.324398e-01
6.97250,3.646842e-03,-7.756859e-03,3.570899e-01,1.324313e-01
6.97500,3.635593e-03,-7.754246e-03,3.565340e-01,1.324228e-01
6.97750,3.624399e-03,-7.751721e-03,3.559782e-01,1.324144e-01
6.98000,3.613250e-03,-7.749359e-03,3.554223e-01,1.324060e-01
6.98250,3.602085e-03,-7.747366e-03,3.548665e-01,1.323976e-01
6.98500,3.591014e-03,-7.745804e-03,3.543107e-01,1.323892e-01
6.98750,3.580158e-03,-7.744606e-03,3.537549e-01,1.323809e-01
6.99000,3.569429e-03,-7.743580e-03,3.531992e-01,1.323725e-01
6.99250,3.558837e-03,-7.742345e-03,3.526435e-01,1.323642e-01
6.99500,3.548363e-03,-7.740858e-03,3.520878e-01,1.323559e-01
6.99750,3.537868e-03,-7.739228e-03,3.515321e-01,1.323477e-01
7.00000,3.527137e-03,-7.737422e-03,3.509765e-01,1.323394e-01
7.00250,3.516255e-03,-7.735627e-03,3.504209e-01,1.323312e-01
7.00500,3.505497e-03,-7.734005e-03,3.498653e-01,1.323230e-01
7.00750,3.495007e-03,-7.732612e-03,3.493097e-01,1.323148e-01
7.01000,3.484654e-03,-7.731537e-03,3.487542e-01,1.323066e-01
7.01250,3.474074e-03,-7.730947e-03,3.481986e-01,1.322985e-01
7.01500,3.463473e-03,-7.730704e-03,3.476431e-01,1.322904e-01
7.01750,3.453102e-03,-7.730436e-03,3.470876e-01,1.322822e-01
7.02000,3.442999e-03,-7.729884e-03,3.465321e-01,1.322742e-01
7.02250,3.433165e-03,-7.728977e-03,3.459766e-01,1.322661e-01
7.02500,3.423439e-03,-7.727667e-03,3.454211e-01,1.322581e-01
7.02750,3.413768e-03,-7.726025e-03,3.448656e-01,1.322500e-01
7.03000,3.403961e-03,-7.724631e-03,3.443101e-01,1.322420e-01
7.03250,3.393840e-03,-7.723523e-03,3.437546e-01,1.322340e-01
7.03500,3.383362e-03,-7.722811e-03,3.431991e-01,1.322261e-01
7.03750,3.372736e-03,-7.722452e-03,3.426435e-01,1.322181e-01
7.04000,3.362356e-03,-7.722423e-03,3.420880e-01,1.322102e-01
7.04250,3.352425e-03,-7.722490e-03,3.415324e-01,1.322023e-01
7.04500,3.342795e-03,-7.722247e-03,3.409769e-01,1.321944e-01
7.04750,3.333322e-03,-7.721551e-03,3.404213e-01,1.321865e-01
7.05000,3.323847e-03,-7.720296e-03,3.398657e-01,1.321787e-01
7.05250,3.314474e-03,-7.718444e-03,3.393137e-01,1.321708e-01
7.05500,3.305147e-03,-7.716171e-03,3.387657e-01,1.321630e-01
7.05750,3.295699e-03,-7.713812e-03,3.382176e-01,1.321552e-01
7.06000,3.286014e-03,-7.711609e-03,3.376696e-01,1.321474e-01
7.06250,3.276019e-03,-7.709692e-03,3.371215e-01,1.321397e-01
7.06500,3.265976e-03,-7.708209e-03,3.365734e-01,1.321319e-01
7.06750,3.256120e-03,-7.707161e-03,3.360253e-01,1.321242e-01
7.07000,3.246541e-03,-7.706315e-03,3.354772e-01,1.321165e-01
7.07250,3.237211e-03,-7.705321e-03,3.349290e-01,1.321088e-01
7.07500,3.227959e-03,-7.703923e-03,3.343808e-01,1.321011e-01
7.07750,3.218517e-03,-7.702108e-03,3.338326e-01,1.320934e-01
7.08000,3.208535e-03,-7.699916e-03,3.332844e-01,1.320858e-01
7.08250,3.198137e-03,-7.697453e-03,3.327361e-01,1.320782e-01
7.08500,3.187490e-03,-7.694877e-03,3.321879e-01,1.320705e-01
7.08750,3.176617e-03,-7.692346e-03,3.316395e-01,1.320629e-01
7.09000,3.165572e-03,-7.689954e-03,3.310912e-01,1.320554e-01
7.09250,3.154732e-03,-7.687621e-03,3.305427e-01,1.320478e-01
7.09500,3.144243e-03,-7.685359e-03,3.299943e-01,1.320403e-01
7.09750,3.134119e-03,-7.683195e-03,3.294458e-01,1.320327e-01
7.10000,3.124300e-03,-7.681105e-03,3.288973e-01,1.320252e-01
7.10250,3.114578e-03,-7.679240e-03,3.283487e-01,1.320177e-01
7.10500,3.104863e-03,-7.677426e-03,3.278001e-01,1.320103e-01
7.10750,3.094982e-03,-7.675377e-03,3.272515e-01,1.320028e-01
7.11000,3.084770e-03,-7.673149e-03,3.267029e-01,1.319954e-01
7.11250,3.074208e-03,-7.670940e-03,3.261542e-01,1.319879e-01
7.11500,3.063169e-03,-7.668995e-03,3.256055e-01,1.319805e-01
7.11750,3.051830e-03,-7.667233e-03,3.250568e-01,1.319731e-01
7.12000,3.040558e-03,-7.665810e-03,3.245080e-01,1.319658e-01
7.12250,3.029495e-03,-7.664769e-03,3.239591e-01,1.319584e-01
7.12500,3.018618e-03,-7.664012e-03,3.234102e-01,1.319510e-01
7.12750,3.007957e-03,-7.663417e-03,3.228613e-01,1.319437e-01
7.13000,2.997494e-03,-7.663060e-03,3.223123e-01,1.319364e-01
7.13250,2.987076e-03,-7.662970e-03,3.217633e-01,1.319291e-01
7.13500,2.976603e-03,-7.663092e-03,3.212142e-01,1.319218e-01
7.13750,2.965945e-03,-7.663296e-03,3.206651e-01,1.319145e-01
7.14000,2.955169e-03,-7.663397e-03,3.201159e-01,1.319073e-01
7.14250,2.944044e-03,-7.663559e-03,3.195667e-01,1.319000e-01
7.14500,2.932321e-03,-7.663883e-03,3.190175e-01,1.318928e-01
7.14750,2.920178e-03,-7.664217e-03,3.184682e-01,1.318856e-01
7.15000,2.908119e-03,-7.664499e-03,3.179189e-01,1.318784e-01
7.15250,2.896434e-03,-7.664843e-03,3.173695e-01,1.318712e-01
7.15500,2.885202e-03,-7.665198e-03,3.168201e-01,1.318640e-01
7.15750,2.874454e-03,-7.665506e-03,3.162706e-01,1.318569e-01
7.16000,2.864098e-03,-7.665775e-03,3.157211e-01,1.318497e-01
7.16250,2.854022e-03,-7.665990e-03,3.151716e-01,1.318426e-01
7.16500,2.844016e-03,-7.666075e-03,3.146220e-01,1.318355e-01
7.16750,2.833813e-03,-7.666062e-03,3.140723e-01,1.318284e-01
7.17000,2.823263e-03,-7.666122e-03,3.135226e-01,1.318213e-01
7.17250,2.812317e-03,-7.666097e-03,3.129729e-01,1.318143e-01
7.17500,2.801109e-03,-7.665919e-03,3.124230e-01,1.318072e-01
7.17750,2.790043e-03,-7.665263e-03,3.118731e-01,1.318002e-01
7.18000,2.779333e-03,-7.664182e-03,3.113232e-01,1.317931e-01
7.18250,2.768805e-03,-7.662989e-03,3.107732e-01,1.317861e-01
7.18500,2.758514e-03,-7.661643e-03,3.102231e-01,1.317791e-01
7.18750,2.748248e-03,-7.660164e-03,3.096730e-01,1.317721e-01
7.19000,2.737906e-03,-7.658617e-03,3.091229e-01,1.317652e-01
7.19250,2.727476e-03,-7.657036e-03,3.085726e-01,1.317582e-01
7.19500,2.716780e-03,-7.655512e-03,3.080224e-01,1.317512e-01
7.19750,2.705886e-03,-7.653909e-03,3.074721e-01,1.317443e-01
7.20000,2.694900e-03,-7.652146e-03,3.069217e-01,1.317374e-01
7.20250,2.684105e-03,-7.650300e-03,3.063713e-01,1.317305e-01
7.20500,2.673732e-03,-7.648415e-03,3.058208e-01,1.317236e-01
7.20750,2.663580e-03,-7.646536e-03,3.052702e-01,1.317167e-01
7.21000,2.653622e-03,-7.644672e-03,3.047216e-01,1.317098e-01
7.21250,2.644111e-03,-7.642670e-03,3.041800e-01,1.317030e-01
7.21500,2.634905e-03,-7.640753e-03,3.036383e-01,1.316961e-01
7.21750,2.625721e-03,-7.639252e-03,3.030966e-01,1.316893e-01
7.22000,2.616334e-03,-7.638240e-03,3.025548e-01,1.316825e-01
7.22250,2.606703e-03,-7.637638e-03,3.020129e-01,1.316757e-01
7.22500,2.596846e-03,-7.637214e-03,3.014710e-01,1.316689e-01
7.22750,2.586847e-03,-7.636729e-03,3.009290e-01,1.316621e-01
7.23000,2.576672e-03,-7.636117e-03,3.003870e-01,1.316553e-01
7.23250,2.566524e-03,-7.635407e-03,2.998449e-01,1.316485e-01
7.23500,2.556414e-03,-7.634615e-03,2.993028e-01,1.316418e-01
7.23750,2.546283e-03,-7.633808e-03,2.987606e-01,1.316350e-01
7.24000,2.536109e-03,-7.632964e-03,2.982184e-01,1.316283e-01
7.24250,2.525967e-03,-7.631994e-03,2.976762e-01,1.316216e-01
7.24500,2.515819e-03,-7.631020e-03,2.971339e-01,1.316149e-01
7.24750,2.505450e-03,-7.630263e-03,2.965915e-01,1.316082e-01
7.25000,2.494763e-03,-7.629957e-03,2.960491e-01,1.316015e-01
7.25250,2.483846e-03,-7.629975e-03,2.955066e-01,1.315948e-01
7.25500,2.472988e-03,-7.630166e-03,2.949641e-01,1.315882e-01
7.25750,2.462209e-03,-7.630447e-03,2.944215e-01,1.315815e-01
7.26000,2.451339e-03,-7.630873e-03,2.938789e-01,1.315749e-01
7.26250,2.440438e-03,-7.631444e-03,2.933363e-01,1.315683e-01
7.26500,2.429620e-03,-7.632053e-03,2.927935e-01,1.315616e-01
7.26750,2.418851e-03,-7.632536e-03,2.922508e-01,1.315550e-01
7.27000,2.407924e-03,-7.632839e-03,2.917079e-01,1.315484e-01
7.27250,2.396829e-03,-7.633079e-03,2.911650e-01,1.315418e-01
7.27500,2.385447e-03,-7.633421e-03,2.906221e-01,1.315353e-01
7.27750,2.373936e-03,-7.633653e-03,2.900791e-01,1.315287e-01
7.28000,2.362451e-03,-7.633675e-03,2.895360e-01,1.315221e-01
7.28250,2.351058e-03,-7.633614e-03,2.889929e-01,1.315156e-01
7.28500,2.339948e-03,-7.633378e-03,2.884497e-01,1.315091e-01
7.28750,2.329049e-03,-7.633098e-03,2.879065e-01,1.315025e-01
7.29000,2.318128e-03,-7.632962e-03,2.873632e-01,1.314960e-01
7.29250,2.307098e-03,-7.633062e-03,2.868199e-01,1.314895e-01
7.29500,2.295884e-03,-7.633251e-03,2.862765e-01,1.314830e-01
7.29750,2.284506e-03,-7.633444e-03,2.857331e-01,1.314765e-01
7.30000,2.273121e-03,-7.633537e-03,2.851896e-01,1.314701e-01
7.30250,2.261663e-03,-7.633450e-03,2.846461e-01,1.314636e-01
7.30500,2.250277e-03,-7.633208e-03,2.841025e-01,1.314571e-01
7.30750,2.239046e-03,-7.632661e-03,2.835589e-01,1.314507e-01
7.31000,2.228071e-03,-7.631817e-03,2.830152e-01,1.314443e-01
7.31250,2.217303e-03,-7.630990e-03,2.824715e-01,1.314378e-01
7.31500,2.206740e-03,-7.630284e-03,2.819277e-01,1.314314e-01
7.31750,2.196253e-03,-7.629716e-03,2.813839e-01,1.314250e-01
7.32000,2.185678e-03,-7.629231e-03,2.808401e-01,1.314186e-01
7.32250,2.174993e-03,-7.628955e-03,2.802962e-01,1.314122e-01
7.32500,2.164233e-03,-7.628839e-03,2.797522e-01,1.314058e-01
7.32750,2.153401e-03,-7.628854e-03,2.792082e-01,1.313995e-01
7.33000,2.142550e-03,-7.628912e-03,2.786641e-01,1.313931e-01
7.33250,2.131700e-03,-7.628902e-03,2.781200e-01,1.313868e-01
7.33500,2.120772e-03,-7.628945e-03,2.775759e-01,1.313804e-01
7.33750,2.109844e-03,-7.628983e-03,2.770317e-01,1.313741e-01
7.34000,2.098917e-03,-7.628904e-03,2.764874e-01,1.313677e-01
7.34250,2.088079e-03,-7.628654e-03,2.759432e-01,1.313614e-01
7.34500,2.077294e-03,-7.628268e-03,2.753989e-01,1.313551e-01
7.34750,2.066521e-03,-7.627692e-03,2.748545e-01,1.313488e-01
7.35000,2.055724e-03,-7.627048e-03,2.743101e-01,1.313425e-01
7.35250,2.044894e-03,-7.626345e-03,2.737657e-01,1.313362e-01
7.35500,2.034108e-03,-7.625597e-03,2.732213e-01,1.313300e-01
7.35750,2.023405e-03,-7.624783e-03,2.726767e-01,1.313237e-01
7.36000,2.012793e-03,-7.623927e-03,2.721322e-01,1.313174e-01
7.36250,2.002331e-03,-7.623140e-03,2.715876e-01,1.313112e-01
7.36500,1.991949e-03,-7.622374e-03,2.710430e-01,1.313050e-01
7.36750,1.981659e-03,-7.621722e-03,2.704983e-01,1.312987e-01
7.37000,1.971328e-03,-7.621271e-03,2.699536e-01,1.312925e-01
7.37250,1.960894e-03,-7.620991e-03,2.694089e-01,1.312863e-01
7.37500,1.950390e-03,-7.620922e-03,2.688641e-01,1.312801e-01
7.37750,1.939863e-03,-7.620931e-03,2.683235e-01,1.312739e-01
7.38000,1.929446e-03,-7.620805e-03,2.677899e-01,1.312677e-01
7.38250,1.919223e-03,-7.620560e-03,2.672562e-01,1.312615e-01
7.38500,1.909046e-03,-7.620375e-03,2.667224e-01,1.312553e-01
7.38750,1.898759e-03,-7.620323e-03,2.661887e-01,1.312491e-01
7.39000,1.888275e-03,-7.620326e-03,2.656549e-01,1.312430e-01
7.39250,1.877528e-03,-7.620444e-03,2.651210e-01,1.312368e-01
7.39500,1.866554e-03,-7.620638e-03,2.645872e-01,1.312307e-01
7.39750,1.855512e-03,-7.620847e-03,2.640533e-01,1.312245e-01
7.40000,1.844474e-03,-7.621058e-03,2.635193e-01,1.312184e-01
7.40250,1.833528e-03,-7.621405e-03,2.629854e-01,1.312123e-01
7.40500,1.822813e-03,-7.621833e-03,2.624514e-01,1.312061e-01
7.40750,1.812349e-03,-7.622293e-03,2.619174e-01,1.312000e-01
7.41000,1.802143e-03,-7.622876e-03,2.613834e-01,1.311939e-01
7.41250,1.792038e-03,-7.623856e-03,2.614241e-01,1.311878e-01
7.41500,1.781909e-03,-7.625303e-03,2.615785e-01,1.311818e-01
7.41750,1.771756e-03,-7.626960e-03,2.617333e-01,1.311757e-01
7.42000,1.761535e-03,-7.628694e-03,2.618884e-01,1.311696e-01
7.42250,1.751148e-03,-7.630460e-03,2.620440e-01,1.311635e-01
7.42500,1.740536e-03,-7.632239e-03,2.622000e-01,1.311575e-01
7.42750,1.729845e-03,-7.633989e-03,2.623564e-01,1.311514e-01
7.43000,1.719235e-03,-7.635575e-03,2.625132e-01,1.311454e-01
7.43250,1.708679e-03,-7.636894e-03,2.626703e-01,1.311393e-01
7.43500,1.698123e-03,-7.637928e-03,2.628279e-01,1.311333e-01
7.43750,1.687546e-03,-7.638552e-03,2.629858e-01,1.311273e-01
7.44000,1.676980e-03,-7.638785e-03,2.631442e-01,1.311213e-01
7.44250,1.666278e-03,-7.638778e-03,2.633029e-01,1.311153e-01
7.44500,1.655275e-03,-7.638831e-03,2.634620e-01,1.311093e-01
7.44750,1.644027e-03,-7.638971e-03,2.636215e-01,1.311033e-01
7.45000,1.632758e-03,-7.638993e-03,2.637814e-01,1.310973e-01
7.45250,1.621555e-03,-7.638750e-03,2.639474e-01,1.310913e-01
7.45500,1.610477e-03,-7.638266e-03,2.641216e-01,1.310853e-01
7.45750,1.599505e-03,-7.637583e-03,2.642961e-01,1.310793e-01
7.46000,1.588605e-03,-7.636628e-03,2.644709e-01,1.310734e-01
7.46250,1.577757e-03,-7.635435e-03,2.646460e-01,1.310674e-01
7.46500,1.566885e-03,-7.634065e-03,2.648215e-01,1.310615e-01
7.46750,1.555975e-03,-7.632724e-03,2.649972e-01,1.310555e-01
7.47000,1.544962e-03,-7.631665e-03,2.651732e-01,1.310496e-01
7.47250,1.533779e-03,-7.630826e-03,2.653496e-01,1.310436e-01
7.47500,1.522514e-03,-7.629986e-03,2.655262e-01,1.310377e-01
7.47750,1.511323e-03,-7.628926e-03,2.657031e-01,1.310318e-01
7.48000,1.500283e-03,-7.627495e-03,2.658804e-01,1.310259e-01
7.48250,1.489348e-03,-7.625680e-03,2.660579e-01,1.310200e-01
7.48500,1.478305e-03,-7.623819e-03,2.662357e-01,1.310140e-01
7.48750,1.467154e-03,-7.622224e-03,2.664138e-01,1.310082e-01
7.49000,1.455992e-03,-7.620985e-03,2.665923e-01,1.310023e-01
7.49250,1.444940e-03,-7.619950e-03,2.667710e-01,1.309964e-01
7.49500,1.434077e-03,-7.619100e-03,2.669499e-01,1.309905e-01
7.49750,1.423375e-03,-7.618707e-03,2.671292e-01,1.309846e-01
7.50000,1.412838e-03,-7.618875e-03,2.673088e-01,1.309787e-01
7.50250,1.402441e-03,-7.619578e-03,2.674886e-01,1.309729e-01
7.50500,1.392085e-03,-7.620774e-03,2.676688e-01,1.309670e-01
7.50750,1.381674e-03,-7.622344e-03,2.678492e-01,1.309612e-01
7.51000,1.371312e-03,-7.624150e-03,2.680346e-01,1.309553e-01
7.51250,1.360904e-03,-7.626200e-03,2.682269e-01,1.309495e-01
7.51500,1.350440e-03,-7.628546e-03,2.684195e-01,1.309437e-01
7.51750,1.339948e-03,-7.631181e-03,2.686122e-01,1.309378e-01
7.52000,1.329426e-03,-7.633881e-03,2.688052e-01,1.309320e-01
7.52250,1.318779e-03,-7.636470e-03,2.689984e-01,1.309262e-01
7.52500,1.308117e-03,-7.639024e-03,2.691919e-01,1.309204e-01
7.52750,1.297463e-03,-7.641619e-03,2.693855e-01,1.309146e-01
7.53000,1.286775e-03,-7.644045e-03,2.695794e-01,1.309088e-01
7.53250,1.276119e-03,-7.646186e-03,2.697735e-01,1.309030e-01
7.53500,1.265519e-03,-7.648053e-03,2.699677e-01,1.308972e-01
7.53750,1.254887e-03,-7.649574e-03,2.701622e-01,1.308914e-01
7.54000,1.244080e-03,-7.650901e-03,2.703570e-01,1.308856e-01
7.54250,1.233145e-03,-7.651962e-03,2.705519e-01,1.308798e-01
7.54500,1.222149e-03,-7.652731e-03,2.707470e-01,1.308741e-01
7.54750,1.211316e-03,-7.653166e-03,2.709423e-01,1.308683e-01
7.55000,1.200777e-03,-7.653213e-03,2.711379e-01,1.308626e-01
7.55250,1.190539e-03,-7.653028e-03,2.713336e-01,1.308568e-01
7.55500,1.180391e-03,-7.652632e-03,2.715295e-01,1.308511e-01
7.55750,1.170224e-03,-7.651952e-03,2.717257e-01,1.308453e-01
7.56000,1.160064e-03,-7.650941e-03,2.719220e-01,1.308396e-01
7.56250,1.149857e-03,-7.649800e-03,2.721186e-01,1.308338e-01
7.56500,1.139606e-03,-7.648806e-03,2.723153e-01,1.308281e-01
7.56750,1.129365e-03,-7.647900e-03,2.725122e-01,1.308224e-01
7.57000,1.119110e-03,-7.647004e-03,2.727094e-01,1.308167e-01
7.57250,1.108892e-03,-7.645848e-03,2.729067e-01,1.308110e-01
7.57500,1.098763e-03,-7.644382e-03,2.731042e-01,1.308053e-01
7.57750,1.088637e-03,-7.642730e-03,2.733019e-01,1.307996e-01
7.58000,1.078462e-03,-7.641030e-03,2.734998e-01,1.307939e-01
7.58250,1.068180e-03,-7.639168e-03,2.736979e-01,1.307882e-01
7.58500,1.057829e-03,-7.637309e-03,2.739003e-01,1.307825e-01
7.58750,1.047640e-03,-7.635785e-03,2.741078e-01,1.307768e-01
7.59000,1.037612e-03,-7.634746e-03,2.743155e-01,1.307711e-01
7.59250,1.027630e-03,-7.634158e-03,2.745233e-01,1.307655e-01
7.59500,1.017683e-03,-7.633790e-03,2.747313e-01,1.307598e-01
7.59750,1.007736e-03,-7.633696e-03,2.749394e-01,1.307541e-01
7.60000,9.977742e-04,-7.633820e-03,2.751476e-01,1.307485e-01
7.60250,9.879280e-04,-7.634081e-03,2.753559e-01,1.307428e-01
7.60500,9.781418e-04,-7.634659e-03,2.755644e-01,1.307372e-01
7.60750,9.683846e-04,-7.635506e-03,2.757730e-01,1.307315e-01
7.61000,9.585505e-04,-7.636636e-03,2.759817e-01,1.307259e-01
7.61250,9.485329e-04,-7.638238e-03,2.761905e-01,1.307202e-01
7.61500,9.383812e-04,-7.640102e-03,2.763995e-01,1.307146e-01
7.61750,9.282458e-04,-7.642077e-03,2.766086e-01,1.307090e-01
7.62000,9.182169e-04,-7.644316e-03,2.768178e-01,1.307034e-01
7.62250,9.083162e-04,-7.646623e-03,2.770271e-01,1.306977e-01
7.62500,8.984351e-04,-7.648688e-03,2.772366e-01,1.306921e-01
7.62750,8.884499e-04,-7.650623e-03,2.774462e-01,1.306865e-01
7.63000,8.783776e-04,-7.652413e-03,2.776559e-01,1.306809e-01
7.63250,8.683644e-04,-7.654020e-03,2.778657e-01,1.306753e-01
7.63500,8.583304e-04,-7.655391e-03,2.780756e-01,1.306697e-01
7.63750,8.481400e-04,-7.656626e-03,2.782856e-01,1.306641e-01
7.64000,8.379668e-04,-7.657664e-03,2.784958e-01,1.306585e-01
7.64250,8.279938e-04,-7.658543e-03,2.787060e-01,1.306530e-01
7.64500,8.182380e-04,-7.659164e-03,2.789164e-01,1.306474e-01
7.64750,8.086128e-04,-7.659630e-03,2.791269e-01,1.306418e-01
7.65000,7.988917e-04,-7.660046e-03,2.793375e-01,1.306363e-01
7.65250,7.889758e-04,-7.660479e-03,2.795482e-01,1.306307e-01
7.65500,7.788946e-04,-7.660807e-03,2.797590e-01,1.306251e-01
7.65750,7.687768e-04,-7.660971e-03,2.799699e-01,1.306196e-01
7.66000,7.586217e-04,-7.661056e-03,2.801810e-01,1.306140e-01
7.66250,7.485135e-04,-7.660818e-03,2.803921e-01,1.306085e-01
7.66500,7.385355e-04,-7.660185e-03,2.806033e-01,1.306030e-01
7.66750,7.286217e-04,-7.659348e-03,2.808147e-01,1.305974e-01
7.67000,7.187717e-04,-7.658408e-03,2.810261e-01,1.305919e-01
7.67250,7.089969e-04,-7.657187e-03,2.812377e-01,1.305864e-01
7.67500,6.992064e-04,-7.655717e-03,2.814493e-01,1.305808e-01
7.67750,6.894051e-04,-7.654266e-03,2.816611e-01,1.305753e-01
7.68000,6.795229e-04,-7.653227e-03,2.818729e-01,1.305698e-01
7.68250,6.696119e-04,-7.652691e-03,2.820849e-01,1.305643e-01
7.68500,6.597981e-04,-7.652679e-03,2.822969e-01,1.305588e-01
7.68750,6.500919e-04,-7.653023e-03,2.825090e-01,1.305533e-01
7.69000,6.404279e-04,-7.653491e-03,2.827215e-01,1.305478e-01
7.69250,6.308439e-04,-7.653975e-03,2.829405e-01,1.305423e-01
7.69500,6.212546e-04,-7.654483e-03,2.831596e-01,1.305368e-01
7.69750,6.116293e-04,-7.655189e-03,2.833788e-01,1.305314e-01
7.70000,6.019774e-04,-7.656045e-03,2.835979e-01,1.305259e-01
7.70250,5.922395e-04,-7.656975e-03,2.838172e-01,1.305204e-01
7.70500,5.824077e-04,-7.657969e-03,2.840365e-01,1.305149e-01
7.70750,5.724718e-04,-7.659066e-03,2.842558e-01,1.305095e-01
7.71000,5.625175e-04,-7.660072e-03,2.844752e-01,1.305040e-01
7.71250,5.526495e-04,-7.660727e-03,2.846946e-01,1.304985e-01
7.71500,5.429520e-04,-7.660894e-03,2.849141e-01,1.304931e-01
7.71750,5.333744e-04,-7.660741e-03,2.851337e-01,1.304876e-01
7.72000,5.238289e-04,-7.660430e-03,2.853532e-01,1.304822e-01
7.72250,5.142448e-04,-7.660159e-03,2.855729e-01,1.304767e-01
7.72500,5.046600e-04,-7.659753e-03,2.857925e-01,1.304713e-01
7.72750,4.949668e-04,-7.659246e-03,2.860123e-01,1.304659e-01
7.73000,4.852557e-04,-7.658915e-03,2.862320e-01,1.304604e-01
7.73250,4.756402e-04,-7.658714e-03,2.864518e-01,1.304550e-01
7.73500,4.660311e-04,-7.658702e-03,2.866717e-01,1.304496e-01
7.73750,4.564503e-04,-7.659011e-03,2.868916e-01,1.304442e-01
7.74000,4.468943e-04,-7.659685e-03,2.871115e-01,1.304388e-01
7.74250,4.372495e-04,-7.660348e-03,2.873315e-01,1.304334e-01
7.74500,4.274586e-04,-7.660696e-03,2.875515e-01,1.304279e-01
7.74750,4.174573e-04,-7.660711e-03,2.877715e-01,1.304225e-01
7.75000,4.073821e-04,-7.660538e-03,2.879916e-01,1.304172e-01
7.75250,3.973815e-04,-7.660185e-03,2.882117e-01,1.304118e-01
7.75500,3.875375e-04,-7.659702e-03,2.884319e-01,1.304064e-01
7.75750,3.777287e-04,-7.659259e-03,2.886521e-01,1.304010e-01
7.76000,3.679500e-04,-7.658755e-03,2.888723e-01,1.303956e-01
7.76250,3.583202e-04,-7.658257e-03,2.890926e-01,1.303902e-01
7.76500,3.487663e-04,-7.657993e-03,2.893129e-01,1.303849e-01
7.76750,3.392258e-04,-7.658275e-03,2.895332e-01,1.303795e-01
7.77000,3.297530e-04,-7.659125e-03,2.897536e-01,1.303741e-01
7.77250,3.202670e-04,-7.660285e-03,2.899740e-01,1.303688e-01
7.77500,3.108490e-04,-7.661665e-03,2.901944e-01,1.303634e-01
7.77750,3.015007e-04,-7.663303e-03,2.904149e-01,1.303581e-01
7.78000,2.922002e-04,-7.665029e-03,2.906354e-01,1.303527e-01
7.78250,2.830221e-04,-7.666745e-03,2.908559e-01,1.303474e-01
7.78500,2.738936e-04,-7.668346e-03,2.910764e-01,1.303420e-01
7.78750,2.647772e-04,-7.669849e-03,2.912970e-01,1.303367e-01
7.79000,2.555164e-04,-7.671315e-03,2.915176e-01,1.303314e-01
7.79250,2.461311e-04,-7.672714e-03,2.917383e-01,1.303261e-01
7.79500,2.366853e-04,-7.674030e-03,2.919590e-01,1.303207e-01
7.79750,2.271135e-04,-7.675218e-03,2.921796e-01,1.303154e-01
7.80000,2.174774e-04,-7.676055e-03,2.924004e-01,1.303101e-01
7.80250,2.078291e-04,-7.676553e-03,2.926211e-01,1.303048e-01
7.80500,1.982522e-04,-7.676779e-03,2.928419e-01,1.302995e-01
7.80750,1.888333e-04,-7.676703e-03,2.930627e-01,1.302942e-01
7.81000,1.795617e-04,-7.676319e-03,2.932835e-01,1.302889e-01
7.81250,1.703791e-04,-7.675713e-03,2.935043e-01,1.302836e-01
7.81500,1.611706e-04,-7.674923e-03,2.937252e-01,1.302783e-01
7.81750,1.519384e-04,-7.674008e-03,2.939460e-01,1.302730e-01
7.82000,1.426591e-04,-7.672863e-03,2.941669e-01,1.302677e-01
7.82250,1.334576e-04,-7.671372e-03,2.943878e-01,1.302624e-01
7.82500,1.243540e-04,-7.669717e-03,2.946088e-01,1.302572e-01
7.82750,1.153387e-04,-7.668123e-03,2.948297e-01,1.302519e-01
7.83000,1.063701e-04,-7.666443e-03,2.950507e-01,1.302466e-01
7.83250,9.742294e-05,-7.664608e-03,2.952717e-01,1.302414e-01
7.83500,8.846776e-05,-7.662817e-03,2.954927e-01,1.302361e-01
7.83750,7.945438e-05,-7.661105e-03,2.957138e-01,1.302309e-01
7.84000,7.033788e-05,-7.659286e-03,2.959348e-01,1.302256e-01
7.84250,6.119311e-05,-7.657313e-03,2.961559e-01,1.302204e-01
7.84500,5.200773e-05,-7.655412e-03,2.963769e-01,1.302151e-01
7.84750,4.288943e-05,-7.653867e-03,2.965980e-01,1.302099e-01
7.85000,3.385513e-05,-7.652571e-03,2.968191e-01,1.302046e-01
7.85250,2.485892e-05,-7.651547e-03,2.970402e-01,1.301994e-01
7.85500,1.593869e-05,-7.651091e-03,2.972614e-01,1.301942e-01
7.85750,7.042906e-06,-7.651399e-03,2.974825e-01,1.301890e-01
7.86000,-1.816174e-06,-7.652279e-03,2.977036e-01,1.301837e-01
7.86250,-1.070147e-05,-7.653475e-03,2.979248e-01,1.301785e-01
7.86500,-1.947823e-05,-7.654981e-03,2.981474e-01,1.301733e-01
7.86750,-2.818072e-05,-7.656850e-03,2.983725e-01,1.301681e-01
7.87000,-3.689586e-05,-7.658871e-03,2.985977e-01,1.301629e-01
7.87250,-4.563558e-05,-7.660889e-03,2.988228e-01,1.301577e-01
7.87500,-5.436900e-05,-7.662971e-03,2.990480e-01,1.301525e-01
7.87750,-6.315628e-05,-7.665161e-03,2.992731e-01,1.301473e-01
7.88000,-7.198180e-05,-7.667533e-03,2.994981e-01,1.301422e-01
7.88250,-8.080979e-05,-7.670125e-03,2.997232e-01,1.301370e-01
7.88500,-8.963581e-05,-7.673031e-03,2.999483e-01,1.301318e-01
7.88750,-9.852024e-05,-7.675858e-03,3.001733e-01,1.301266e-01
7.89000,-1.074915e-04,-7.678184e-03,3.003983e-01,1.301215e-01
7.89250,-1.164374e-04,-7.679756e-03,3.006232e-01,1.301163e-01
7.89500,-1.253920e-04,-7.680719e-03,3.008482e-01,1.301111e-01
7.89750,-1.343245e-04,-7.681158e-03,3.010731e-01,1.301060e-01
7.90000,-1.431886e-04,-7.681137e-03,3.012980e-01,1.301008e-01
7.90250,-1.519816e-04,-7.680861e-03,3.015229e-01,1.300957e-01
7.90500,-1.607509e-04,-7.680264e-03,3.017478e-01,1.300905e-01
7.90750,-1.695693e-04,-7.679286e-03,3.019726e-01,1.300854e-01
7.91000,-1.784212e-04,-7.677971e-03,3.021974e-01,1.300803e-01
7.91250,-1.871434e-04,-7.676513e-03,3.024222e-01,1.300751e-01
7.91500,-1.957590e-04,-7.674827e-03,3.026470e-01,1.300700e-01
7.91750,-2.043562e-04,-7.673001e-03,3.028717e-01,1.300649e-01
7.92000,-2.129871e-04,-7.671237e-03,3.030964e-01,1.300598e-01
7.92250,-2.215497e-04,-7.669466e-03,3.033211e-01,1.300546e-01
7.92500,-2.300888e-04,-7.667563e-03,3.035457e-01,1.300495e-01
7.92750,-2.386395e-04,-7.665411e-03,3.037704e-01,1.300444e-01
7.93000,-2.472149e-04,-7.663083e-03,3.039950e-01,1.300393e-01
7.93250,-2.558251e-04,-7.660559e-03,3.042195e-01,1.300342e-01
7.93500,-2.644903e-04,-7.657987e-03,3.044441e-01,1.300291e-01
7.93750,-2.731038e-04,-7.655458e-03,3.046686e-01,1.300240e-01
7.94000,-2.816405e-04,-7.652933e-03,3.048931e-01,1.300190e-01
7.94250,-2.900903e-04,-7.650512e-03,3.051176e-01,1.300139e-01
7.94500,-2.984335e-04,-7.648423e-03,3.053420e-01,1.300088e-01
7.94750,-3.067207e-04,-7.646904e-03,3.055664e-01,1.300037e-01
7.95000,-3.150630e-04,-7.645942e-03,3.057908e-01,1.299987e-01
7.95250,-3.233812e-04,-7.645331e-03,3.060151e-01,1.299936e-01
7.95500,-3.316481e-04,-7.645068e-03,3.062394e-01,1.299885e-01
7.95750,-3.399067e-04,-7.645128e-03,3.064637e-01,1.299835e-01
7.96000,-3.481465e-04,-7.645570e-03,3.066879e-01,1.299784e-01
7.96250,-3.563702e-04,-7.646347e-03,3.069122e-01,1.299734e-01
7.96500,-3.645630e-04,-7.647465e-03,3.071363e-01,1.299683e-01
7.96750,-3.727604e-04,-7.648797e-03,3.073605e-01,1.299633e-01
7.97000,-3.809637e-04,-7.650425e-03,3.075846e-01,1.299583e-01
7.97250,-3.892039e-04,-7.652458e-03,3.078087e-01,1.299532e-01
7.97500,-3.974475e-04,-7.654852e-03,3.080328e-01,1.299482e-01
7.97750,-4.056887e-04,-7.657130e-03,3.082568e-01,1.299432e-01
7.98000,-4.139929e-04,-7.658884e-03,3.084808e-01,1.299382e-01
7.98250,-4.222817e-04,-7.660184e-03,3.087047e-01,1.299331e-01
7.98500,-4.305260e-04,-7.660997e-03,3.089286e-01,1.299281e-01
7.98750,-4.388359e-04,-7.661405e-03,3.091525e-01,1.299231e-01
7.99000,-4.472116e-04,-7.661585e-03,3.093764e-01,1.299181e-01
7.99250,-4.555297e-04,-7.661651e-03,3.096002e-01,1.299131e-01
7.99500,-4.637839e-04,-7.661632e-03,3.098240e-01,1.299081e-01
7.99750,-4.720398e-04,-7.661464e-03,3.100477e-01,1.299031e-01
8.00000,-4.803298e-04,-7.661341e-03,3.102714e-01,1.298982e-01
8.00250,-4.885707e-04,-7.661494e-03,3.104951e-01,1.298932e-01
8.00500,-4.967219e-04,-7.661668e-03,3.107187e-01,1.298882e-01
8.00750,-5.048507e-04,-7.661427e-03,3.109423e-01,1.298832e-01
8.01000,-5.130411e-04,-7.660626e-03,3.111659e-01,1.298783e-01
8.01250,-5.212808e-04,-7.659459e-03,3.113894e-01,1.298733e-01
8.01500,-5.295449e-04,-7.658046e-03,3.116129e-01,1.298683e-01
8.01750,-5.378548e-04,-7.656348e-03,3.118364e-01,1.298634e-01
8.02000,-5.461200e-04,-7.654492e-03,3.120598e-01,1.298584e-01
8.02250,-5.543213e-04,-7.652409e-03,3.122832e-01,1.298535e-01
8.02500,-5.624359e-04,-7.650263e-03,3.125065e-01,1.298485e-01
8.02750,-5.705081e-04,-7.648095e-03,3.127298e-01,1.298436e-01
8.03000,-5.785494e-04,-7.645880e-03,3.129531e-01,1.298387e-01
8.03250,-5.865801e-04,-7.643638e-03,3.131763e-01,1.298338e-01
8.03500,-5.945054e-04,-7.641641e-03,3.133995e-01,1.298288e-01
8.03750,-6.023172e-04,-7.640077e-03,3.136227e-01,1.298239e-01
8.04000,-6.100961e-04,-7.638993e-03,3.138458e-01,1.298190e-01
8.04250,-6.179523e-04,-7.638174e-03,3.140689e-01,1.298141e-01
8.04500,-6.258224e-04,-7.637580e-03,3.142919e-01,1.298092e-01
8.04750,-6.336360e-04,-7.637243e-03,3.145149e-01,1.298043e-01
8.05000,-6.413499e-04,-7.637237e-03,3.147379e-01,1.297994e-01
8.05250,-6.489741e-04,-7.637501e-03,3.149608e-01,1.297945e-01
8.05500,-6.565752e-04,-7.637893e-03,3.151836e-01,1.297896e-01
8.05750,-6.642195e-04,-7.638267e-03,3.154065e-01,1.297847e-01
8.06000,-6.719271e-04,-7.638606e-03,3.156293e-01,1.297799e-01
8.06250,-6.796807e-04,-7.638915e-03,3.158520e-01,1.297750e-01
8.06500,-6.875179e-04,-7.639094e-03,3.160748e-01,1.297701e-01
8.06750,-6.953847e-04,-7.639109e-03,3.162974e-01,1.297652e-01
8.07000,-7.033122e-04,-7.638817e-03,3.165201e-01,1.297604e-01
8.07250,-7.113281e-04,-7.638149e-03,3.167427e-01,1.297555e-01
8.07500,-7.192796e-04,-7.637074e-03,3.169652e-01,1.297507e-01
8.07750,-7.271305e-04,-7.635793e-03,3.171877e-01,1.297458e-01
8.08000,-7.348915e-04,-7.634574e-03,3.174102e-01,1.297410e-01
8.08250,-7.425943e-04,-7.633452e-03,3.176326e-01,1.297361e-01
8.08500,-7.503222e-04,-7.632352e-03,3.178550e-01,1.297313e-01
8.08750,-7.580332e-04,-7.631238e-03,3.180773e-01,1.297265e-01
8.09000,-7.657497e-04,-7.630184e-03,3.182996e-01,1.297216e-01
8.09250,-7.734783e-04,-7.629306e-03,3.185219e-01,1.297168e-01
8.09500,-7.811583e-04,-7.628596e-03,3.187441e-01,1.297120e-01
8.09750,-7.887957e-04,-7.627752e-03,3.189662e-01,1.297072e-01
8.10000,-7.964035e-04,-7.626664e-03,3.191884e-01,1.297024e-01
8.10250,-8.040289e-04,-7.625344e-03,3.194104e-01,1.296976e-01
8.10500,-8.117359e-04,-7.623790e-03,3.196325e-01,1.296928e-01
8.10750,-8.195182e-04,-7.622030e-03,3.198545e-01,1.296880e-01
8.11000,-8.272854e-04,-7.620268e-03,3.200764e-01,1.296832e-01
8.11250,-8.349735e-04,-7.618636e-03,3.202983e-01,1.296784e-01
8.11500,-8.426060e-04,-7.617219e-03,3.205201e-01,1.296736e-01
8.11750,-8.502612e-04,-7.616005e-03,3.207420e-01,1.296689e-01
8.12000,-8.578631e-04,-7.614912e-03,3.209637e-01,1.296641e-01
8.12250,-8.654895e-04,-7.613916e-03,3.211854e-01,1.296593e-01
8.12500,-8.731608e-04,-7.613112e-03,3.214071e-01,1.296546e-01
8.12750,-8.808744e-04,-7.612599e-03,3.216287e-01,1.296498e-01
8.13000,-8.884990e-04,-7.612416e-03,3.218503e-01,1.296451e-01
8.13250,-8.960163e-04,-7.612609e-03,3.220718e-01,1.296403e-01
8.13500,-9.035924e-04,-7.612914e-03,3.222933e-01,1.296356e-01
8.13750,-9.112440e-04,-7.613159e-03,3.225147e-01,1.296308e-01
8.14000,-9.188302e-04,-7.613551e-03,3.227361e-01,1.296261e-01
8.14250,-9.262580e-04,-7.614096e-03,3.229575e-01,1.296214e-01
8.14500,-9.336214e-04,-7.614735e-03,3.231788e-01,1.296167e-01
8.14750,-9.410164e-04,-7.615279e-03,3.234000e-01,1.296119e-01
8.15000,-9.484664e-04,-7.615798e-03,3.236212e-01,1.296072e-01
8.15250,-9.560585e-04,-7.616146e-03,3.238423e-01,1.296025e-01
8.15500,-9.637775e-04,-7.616189e-03,3.240634e-01,1.295978e-01
8.15750,-9.715492e-04,-7.615774e-03,3.242845e-01,1.295931e-01
8.16000,-9.792745e-04,-7.614997e-03,3.245055e-01,1.295884e-01
8.16250,-9.868870e-04,-7.613935e-03,3.247264e-01,1.295837e-01
8.16500,-9.944649e-04,-7.612459e-03,3.249473e-01,1.295790e-01
8.16750,-1.002025e-03,-7.610702e-03,3.251682e-01,1.295744e-01
8.17000,-1.009495e-03,-7.608866e-03,3.253890e-01,1.295697e-01
8.17250,-1.016903e-03,-7.606893e-03,3.256097e-01,1.295650e-01
8.17500,-1.024332e-03,-7.604623e-03,3.258304e-01,1.295603e-01
8.17750,-1.031867e-03,-7.602172e-03,3.260511e-01,1.295557e-01
8.18000,-1.039455e-03,-7.599474e-03,3.262717e-01,1.295510e-01
8.18250,-1.047074e-03,-7.596525e-03,3.264922e-01,1.295464e-01
8.18500,-1.054683e-03,-7.593697e-03,3.267127e-01,1.295417e-01
8.18750,-1.062264e-03,-7.590763e-03,3.269332e-01,1.295371e-01
8.19000,-1.069668e-03,-7.587683e-03,3.271536e-01,1.295324e-01
8.19250,-1.076918e-03,-7.584548e-03,3.273739e-01,1.295278e-01
8.19500,-1.084151e-03,-7.581368e-03,3.275942e-01,1.295232e-01
8.19750,-1.091540e-03,-7.578100e-03,3.278144e-01,1.295185e-01
8.20000,-1.098980e-03,-7.574817e-03,3.280346e-01,1.295139e-01
8.20250,-1.106339e-03,-7.571795e-03,3.282548e-01,1.295093e-01
8.20500,-1.113679e-03,-7.569082e-03,3.284748e-01,1.295047e-01
8.20750,-1.121108e-03,-7.566658e-03,3.286949e-01,1.295001e-01
8.21000,-1.128600e-03,-7.564528e-03,3.289149e-01,1.294955e-01
8.21250,-1.136065e-03,-7.562688e-03,3.291348e-01,1.294909e-01
8.21500,-1.143518e-03,-7.561094e-03,3.293547e-01,1.294863e-01
8.21750,-1.150975e-03,-7.559868e-03,3.295745e-01,1.294817e-01
8.22000,-1.158329e-03,-7.559240e-03,3.297942e-01,1.294771e-01
8.22250,-1.165560e-03,-7.559199e-03,3.300140e-01,1.294725e-01
8.22500,-1.172744e-03,-7.559575e-03,3.302336e-01,1.294680e-01
8.22750,-1.180003e-03,-7.560089e-03,3.304532e-01,1.294634e-01
8.23000,-1.187344e-03,-7.560665e-03,3.306728e-01,1.294588e-01
8.23250,-1.194631e-03,-7.561424e-03,3.308923e-01,1.294543e-01
8.23500,-1.201897e-03,-7.562343e-03,3.311117e-01,1.294497e-01
8.23750,-1.209165e-03,-7.563305e-03,3.313311e-01,1.294452e-01
8.24000,-1.216452e-03,-7.564330e-03,3.315505e-01,1.294406e-01
8.24250,-1.223769e-03,-7.565358e-03,3.317698e-01,1.294361e-01
8.24500,-1.231150e-03,-7.566259e-03,3.319890e-01,1.294316e-01
8.24750,-1.238632e-03,-7.566856e-03,3.322082e-01,1.294270e-01
8.25000,-1.246045e-03,-7.567108e-03,3.324273e-01,1.294225e-01
8.25250,-1.253330e-03,-7.567110e-03,3.326464e-01,1.294180e-01
8.25500,-1.260578e-03,-7.566647e-03,3.328654e-01,1.294135e-01
8.25750,-1.267868e-03,-7.565691e-03,3.330844e-01,1.294090e-01
8.26000,-1.275222e-03,-7.564342e-03,3.333033e-01,1.294045e-01
8.26250,-1.282556e-03,-7.562718e-03,3.335221e-01,1.294000e-01
8.26500,-1.289859e-03,-7.560740e-03,3.337409e-01,1.293955e-01
8.26750,-1.297229e-03,-7.558428e-03,3.339597e-01,1.293910e-01
8.27000,-1.304663e-03,-7.555868e-03,3.341784e-01,1.293865e-01
8.27250,-1.312128e-03,-7.553117e-03,3.343970e-01,1.293820e-01
8.27500,-1.319572e-03,-7.550237e-03,3.346156e-01,1.293775e-01
8.27750,-1.326965e-03,-7.547282e-03,3.348341e-01,1.293731e-01
8.28000,-1.334224e-03,-7.544274e-03,3.350526e-01,1.293686e-01
8.28250,-1.341360e-03,-7.541031e-03,3.352710e-01,1.293641e-01
8.28500,-1.348443e-03,-7.537683e-03,3.354893e-01,1.293597e-01
8.28750,-1.355678e-03,-7.534085e-03,3.357076e-01,1.293552e-01
8.29000,-1.363075e-03,-7.530164e-03,3.359258e-01,1.293508e-01
8.29250,-1.370506e-03,-7.526034e-03,3.361440e-01,1.293463e-01
8.29500,-1.377869e-03,-7.522041e-03,3.363621e-01,1.293419e-01
8.29750,-1.385126e-03,-7.518324e-03,3.365802e-01,1.293375e-01
8.30000,-1.392399e-03,-7.514662e-03,3.367981e-01,1.293330e-01
8.30250,-1.399662e-03,-7.511112e-03,3.370161e-01,1.293286e-01
8.30500,-1.406863e-03,-7.507633e-03,3.372339e-01,1.293242e-01
8.30750,-1.413947e-03,-7.504159e-03,3.374517e-01,1.293198e-01
8.31000,-1.420941e-03,-7.500980e-03,3.376695e-01,1.293154e-01
8.31250,-1.427853e-03,-7.498367e-03,3.378871e-01,1.293110e-01
8.31500,-1.434815e-03,-7.496183e-03,3.381048e-01,1.293066e-01
8.31750,-1.441955e-03,-7.494326e-03,3.383223e-01,1.293022e-01
8.32000,-1.449189e-03,-7.492817e-03,3.385398e-01,1.292978e-01
8.32250,-1.456440e-03,-7.491629e-03,3.387572e-01,1.292934e-01
8.32500,-1.463652e-03,-7.490840e-03,3.389746e-01,1.292891e-01
8.32750,-1.470813e-03,-7.490432e-03,3.391919e-01,1.292847e-01
8.33000,-1.477977e-03,-7.490224e-03,3.394091e-01,1.292803e-01
8.33250,-1.485131e-03,-7.490285e-03,3.396263e-01,1.292759e-01
8.33500,-1.492300e-03,-7.490516e-03,3.398434e-01,1.292716e-01
8.33750,-1.499529e-03,-7.490873e-03,3.400604e-01,1.292672e-01
8.34000,-1.506790e-03,-7.491130e-03,3.402774e-01,1.292629e-01
8.34250,-1.514099e-03,-7.491033e-03,3.404943e-01,1.292585e-01
8.34500,-1.521448e-03,-7.490555e-03,3.407111e-01,1.292542e-01
8.34750,-1.528872e-03,-7.489586e-03,3.409279e-01,1.292499e-01
8.35000,-1.536309e-03,-7.488304e-03,3.411446e-01,1.292455e-01
8.35250,-1.543736e-03,-7.486742e-03,3.413613e-01,1.292412e-01
8.35500,-1.551058e-03,-7.485092e-03,3.415779e-01,1.292369e-01
8.35750,-1.558279e-03,-7.483466e-03,3.417944e-01,1.292326e-01
8.36000,-1.565487e-03,-7.481699e-03,3.420108e-01,1.292283e-01
8.36250,-1.572664e-03,-7.479722e-03,3.422272e-01,1.292240e-01
8.36500,-1.579831e-03,-7.477595e-03,3.424435e-01,1.292197e-01
8.36750,-1.586987e-03,-7.475329e-03,3.426598e-01,1.292154e-01
8.37000,-1.594112e-03,-7.472942e-03,3.428760e-01,1.292111e-01
8.37250,-1.601194e-03,-7.470594e-03,3.430921e-01,1.292068e-01
8.37500,-1.608339e-03,-7.468081e-03,3.433082e-01,1.292025e-01
8.37750,-1.615353e-03,-7.465337e-03,3.435242e-01,1.291982e-01
8.38000,-1.622419e-03,-7.462129e-03,3.437401e-01,1.291940e-01
8.38250,-1.629584e-03,-7.458456e-03,3.439560e-01,1.291897e-01
8.38500,-1.636704e-03,-7.454594e-03,3.441718e-01,1.291854e-01
8.38750,-1.643776e-03,-7.450688e-03,3.443875e-01,1.291812e-01
8.39000,-1.650810e-03,-7.446870e-03,3.446032e-01,1.291770e-01
8.39250,-1.657775e-03,-7.443188e-03,3.448188e-01,1.291727e-01
8.39500,-1.664685e-03,-7.439559e-03,3.450343e-01,1.291685e-01
8.39750,-1.671590e-03,-7.435883e-03,3.452498e-01,1.291642e-01
8.40000,-1.678521e-03,-7.432130e-03,3.454652e-01,1.291600e-01
8.40250,-1.685444e-03,-7.428530e-03,3.456806e-01,1.291558e-01
8.40500,-1.692396e-03,-7.425331e-03,3.458958e-01,1.291516e-01
8.40750,-1.699389e-03,-7.422572e-03,3.461111e-01,1.291474e-01
8.41000,-1.706523e-03,-7.420083e-03,3.463262e-01,1.291432e-01
8.41250,-1.713750e-03,-7.417824e-03,3.465413e-01,1.291390e-01
8.41500,-1.720963e-03,-7.415630e-03,3.467564e-01,1.291348e-01
8.41750,-1.728029e-03,-7.413571e-03,3.469720e-01,1.291306e-01
8.42000,-1.734949e-03,-7.411809e-03,3.471875e-01,1.291264e-01
8.42250,-1.741818e-03,-7.410349e-03,3.474030e-01,1.291222e-01
8.42500,-1.748727e-03,-7.409077e-03,3.476183e-01,1.291181e-01
8.42750,-1.755682e-03,-7.407859e-03,3.478337e-01,1.291139e-01
8.43000,-1.762726e-03,-7.406419e-03,3.480489e-01,1.291097e-01
8.43250,-1.769741e-03,-7.404660e-03,3.482641e-01,1.291056e-01
8.43500,-1.776781e-03,-7.402534e-03,3.484792e-01,1.291014e-01
8.43750,-1.783832e-03,-7.400004e-03,3.486942e-01,1.290973e-01
8.44000,-1.790877e-03,-7.397234e-03,3.489091e-01,1.290931e-01
8.44250,-1.797873e-03,-7.394430e-03,3.491240e-01,1.290890e-01
8.44500,-1.804759e-03,-7.391616e-03,3.493388e-01,1.290849e-01
8.44750,-1.811510e-03,-7.388665e-03,3.495536e-01,1.290807e-01
8.45000,-1.818187e-03,-7.385540e-03,3.497682e-01,1.290766e-01
8.45250,-1.824877e-03,-7.382328e-03,3.499828e-01,1.290725e-01
8.45500,-1.831673e-03,-7.379058e-03,3.501974e-01,1.290684e-01
8.45750,-1.838573e-03,-7.375794e-03,3.504118e-01,1.290643e-01
8.46000,-1.845523e-03,-7.372583e-03,3.506262e-01,1.290602e-01
8.46250,-1.852423e-03,-7.369448e-03,3.508405e-01,1.290561e-01
8.46500,-1.859246e-03,-7.366308e-03,3.510547e-01,1.290520e-01
8.46750,-1.865989e-03,-7.363044e-03,3.512689e-01,1.290479e-01
8.47000,-1.872618e-03,-7.359709e-03,3.514829e-01,1.290438e-01
8.47250,-1.879141e-03,-7.356384e-03,3.516969e-01,1.290397e-01
8.47500,-1.885630e-03,-7.352900e-03,3.519109e-01,1.290357e-01
8.47750,-1.892207e-03,-7.349178e-03,3.521247e-01,1.290316e-01
8.48000,-1.898875e-03,-7.345399e-03,3.523385e-01,1.290276e-01
8.48250,-1.905691e-03,-7.341660e-03,3.525522e-01,1.290235e-01
8.48500,-1.912645e-03,-7.338054e-03,3.527658e-01,1.290195e-01
8.48750,-1.919608e-03,-7.334731e-03,3.529794e-01,1.290154e-01
8.49000,-1.926557e-03,-7.331439e-03,3.531929e-01,1.290114e-01
8.49250,-1.933433e-03,-7.328126e-03,3.534063e-01,1.290073e-01
8.49500,-1.940263e-03,-7.324912e-03,3.536196e-01,1.290033e-01
8.49750,-1.947061e-03,-7.321744e-03,3.538329e-01,1.289993e-01
8.50000,-1.953825e-03,-7.318829e-03,3.540460e-01,1.289953e-01
8.50250,-1.960531e-03,-7.316145e-03,3.542591e-01,1.289913e-01
8.50500,-1.967237e-03,-7.313718e-03,3.544722e-01,1.289873e-01
8.50750,-1.974003e-03,-7.311547e-03,3.546851e-01,1.289833e-01
8.51000,-1.980881e-03,-7.309556e-03,3.548980e-01,1.289793e-01
8.51250,-1.987843e-03,-7.307647e-03,3.551108e-01,1.289753e-01
8.51500,-1.994859e-03,-7.305685e-03,3.553235e-01,1.289713e-01
8.51750,-2.001861e-03,-7.303783e-03,3.555361e-01,1.289673e-01
8.52000,-2.008832e-03,-7.301856e-03,3.557487e-01,1.289634e-01
8.52250,-2.015775e-03,-7.299856e-03,3.559612e-01,1.289594e-01
8.52500,-2.022665e-03,-7.297817e-03,3.561736e-01,1.289554e-01
8.52750,-2.029558e-03,-7.295773e-03,3.563859e-01,1.289515e-01
8.53000,-2.036483e-03,-7.293493e-03,3.565981e-01,1.289475e-01
8.53250,-2.043416e-03,-7.290827e-03,3.568103e-01,1.289436e-01
8.53500,-2.050329e-03,-7.287823e-03,3.570223e-01,1.289396e-01
8.53750,-2.057246e-03,-7.284526e-03,3.572343e-01,1.289357e-01
8.54000,-2.064204e-03,-7.280993e-03,3.574462e-01,1.289317e-01
8.54250,-2.071249e-03,-7.277118e-03,3.576579e-01,1.289278e-01
8.54500,-2.078298e-03,-7.272982e-03,3.578697e-01,1.289239e-01
8.54750,-2.085312e-03,-7.268672e-03,3.580813e-01,1.289200e-01
8.55000,-2.092320e-03,-7.264214e-03,3.582928e-01,1.289160e-01
8.55250,-2.099303e-03,-7.259636e-03,3.585042e-01,1.289121e-01
8.55500,-2.106291e-03,-7.254980e-03,3.587156e-01,1.289082e-01
8.55750,-2.113302e-03,-7.250120e-03,3.589268e-01,1.289043e-01
8.56000,-2.120352e-03,-7.245098e-03,3.591380e-01,1.289004e-01
8.56250,-2.127467e-03,-7.239961e-03,3.593491e-01,1.288965e-01
8.56500,-2.134670e-03,-7.234705e-03,3.595600e-01,1.288927e-01
8.56750,-2.141969e-03,-7.229414e-03,3.597709e-01,1.288888e-01
8.57000,-2.149315e-03,-7.224078e-03,3.599817e-01,1.288849e-01
8.57250,-2.156650e-03,-7.218636e-03,3.601924e-01,1.288810e-01
8.57500,-2.163971e-03,-7.213191e-03,3.604030e-01,1.288772e-01
8.57750,-2.171313e-03,-7.207856e-03,3.606135e-01,1.288733e-01
8.58000,-2.178702e-03,-7.202694e-03,3.608240e-01,1.288695e-01
8.58250,-2.186026e-03,-7.197994e-03,3.610343e-01,1.288656e-01
8.58500,-2.193291e-03,-7.193696e-03,3.612445e-01,1.288618e-01
8.58750,-2.200525e-03,-7.189738e-03,3.614547e-01,1.288579e-01
8.59000,-2.207739e-03,-7.185872e-03,3.616647e-01,1.288541e-01
8.59250,-2.214985e-03,-7.182005e-03,3.618747e-01,1.288503e-01
8.59500,-2.222346e-03,-7.177995e-03,3.620845e-01,1.288464e-01
8.59750,-2.229830e-03,-7.174068e-03,3.622943e-01,1.288426e-01
8.60000,-2.237368e-03,-7.170591e-03,3.625040e-01,1.288388e-01
8.60250,-2.244967e-03,-7.167522e-03,3.627135e-01,1.288350e-01
8.60500,-2.252603e-03,-7.164708e-03,3.629230e-01,1.288312e-01
8.60750,-2.260207e-03,-7.162071e-03,3.631324e-01,1.288274e-01
8.61000,-2.267746e-03,-7.159608e-03,3.633417e-01,1.288236e-01
8.61250,-2.275261e-03,-7.157423e-03,3.635509e-01,1.288198e-01
8.61500,-2.282834e-03,-7.155442e-03,3.637600e-01,1.288160e-01
8.61750,-2.290529e-03,-7.153631e-03,3.639690e-01,1.288122e-01
8.62000,-2.298323e-03,-7.151807e-03,3.641780e-01,1.288085e-01
8.62250,-2.306114e-03,-7.149901e-03,3.643868e-01,1.288047e-01
8.62500,-2.313820e-03,-7.147955e-03,3.645955e-01,1.288009e-01
8.62750,-2.321474e-03,-7.145776e-03,3.648041e-01,1.287972e-01
8.63000,-2.329088e-03,-7.143152e-03,3.650126e-01,1.287934e-01
8.63250,-2.336597e-03,-7.139938e-03,3.652211e-01,1.287897e-01
8.63500,-2.344071e-03,-7.136368e-03,3.654294e-01,1.287859e-01
8.63750,-2.351521e-03,-7.132641e-03,3.656376e-01,1.287822e-01
8.64000,-2.358909e-03,-7.128701e-03,3.658457e-01,1.287785e-01
8.64250,-2.366253e-03,-7.124429e-03,3.660538e-01,1.287747e-01
8.64500,-2.373671e-03,-7.119773e-03,3.662617e-01,1.287710e-01
8.64750,-2.381128e-03,-7.114786e-03,3.664695e-01,1.287673e-01
8.65000,-2.388587e-03,-7.109610e-03,3.666772e-01,1.287636e-01
8.65250,-2.396031e-03,-7.104412e-03,3.668848e-01,1.287599e-01
8.65500,-2.403374e-03,-7.099185e-03,3.670924e-01,1.287562e-01
8.65750,-2.410676e-03,-7.093786e-03,3.672998e-01,1.287525e-01
8.66000,-2.417942e-03,-7.088245e-03,3.675071e-01,1.287488e-01
8.66250,-2.425153e-03,-7.082543e-03,3.677143e-01,1.287451e-01
8.66500,-2.432292e-03,-7.076621e-03,3.679214e-01,1.287414e-01
8.66750,-2.439314e-03,-7.070634e-03,3.681284e-01,1.287378e-01
8.67000,-2.446202e-03,-7.064598e-03,3.683353e-01,1.287341e-01
8.67250,-2.453003e-03,-7.058488e-03,3.685421e-01,1.287304e-01
8.67500,-2.459808e-03,-7.052306e-03,3.687488e-01,1.287268e-01
8.67750,-2.466659e-03,-7.045994e-03,3.689554e-01,1.287231e-01
8.68000,-2.473549e-03,-7.039682e-03,3.691619e-01,1.287195e-01
8.68250,-2.480431e-03,-7.033575e-03,3.693683e-01,1.287158e-01
8.68500,-2.487259e-03,-7.027709e-03,3.695745e-01,1.287122e-01
8.68750,-2.494036e-03,-7.021881e-03,3.697807e-01,1.287085e-01
8.69000,-2.500768e-03,-7.015974e-03,3.699867e-01,1.287049e-01
8.69250,-2.507540e-03,-7.010058e-03,3.701926e-01,1.287013e-01
8.69500,-2.514318e-03,-7.004069e-03,3.703985e-01,1.286977e-01
8.69750,-2.521082e-03,-6.998129e-03,3.706042e-01,1.286941e-01
8.70000,-2.527812e-03,-6.992614e-03,3.708098e-01,1.286904e-01
8.70250,-2.534516e-03,-6.987635e-03,3.710152e-01,1.286868e-01
8.70500,-2.541317e-03,-6.982997e-03,3.712206e-01,1.286832e-01
8.70750,-2.548299e-03,-6.978616e-03,3.714258e-01,1.286797e-01
8.71000,-2.555460e-03,-6.974460e-03,3.716309e-01,1.286761e-01
8.71250,-2.562715e-03,-6.970640e-03,3.718359e-01,1.286725e-01
8.71500,-2.569984e-03,-6.966944e-03,3.720407e-01,1.286689e-01
8.71750,-2.577275e-03,-6.963359e-03,3.722454e-01,1.286653e-01
8.72000,-2.584579e-03,-6.959953e-03,3.724500e-01,1.286618e-01
8.72250,-2.591952e-03,-6.956777e-03,3.726545e-01,1.286582e-01
8.72500,-2.599428e-03,-6.953892e-03,3.728588e-01,1.286546e-01
8.72750,-2.606992e-03,-6.951102e-03,3.730630e-01,1.286511e-01
8.73000,-2.614535e-03,-6.948164e-03,3.732670e-01,1.286475e-01
8.73250,-2.622075e-03,-6.944781e-03,3.734709e-01,1.286440e-01
8.73500,-2.629735e-03,-6.940893e-03,3.736747e-01,1.286404e-01
8.73750,-2.637515e-03,-6.936605e-03,3.738784e-01,1.286369e-01
8.74000,-2.645412e-03,-6.932030e-03,3.740819e-01,1.286334e-01
8.74250,-2.653268e-03,-6.927313e-03,3.742853e-01,1.286298e-01
8.74500,-2.661006e-03,-6.922432e-03,3.744885e-01,1.286263e-01
8.74750,-2.668662e-03,-6.917559e-03,3.746916e-01,1.286228e-01
8.75000,-2.676264e-03,-6.912699e-03,3.748946e-01,1.286193e-01
8.75250,-2.683895e-03,-6.907817e-03,3.750974e-01,1.286158e-01
8.75500,-2.691569e-03,-6.902804e-03,3.753001e-01,1.286123e-01
8.75750,-2.699338e-03,-6.897664e-03,3.755026e-01,1.286088e-01
8.76000,-2.707289e-03,-6.892316e-03,3.757050e-01,1.286053e-01
8.76250,-2.715402e-03,-6.886660e-03,3.759073e-01,1.286018e-01
8.76500,-2.723598e-03,-6.880667e-03,3.761094e-01,1.285983e-01
8.76750,-2.731820e-03,-6.874441e-03,3.763113e-01,1.285948e-01
8.77000,-2.740165e-03,-6.868040e-03,3.765132e-01,1.285913e-01
8.77250,-2.748597e-03,-6.861543e-03,3.767149e-01,1.285879e-01
8.77500,-2.756995e-03,-6.855061e-03,3.769164e-01,1.285844e-01
8.77750,-2.765310e-03,-6.848552e-03,3.771178e-01,1.285809e-01
8.78000,-2.773525e-03,-6.841978e-03,3.773191e-01,1.285775e-01
8.78250,-2.781702e-03,-6.835194e-03,3.775202e-01,1.285740e-01
8.78500,-2.790001e-03,-6.828196e-03,3.777211e-01,1.285706e-01
8.78750,-2.798419e-03,-6.821176e-03,3.779219e-01,1.285671e-01
8.79000,-2.806911e-03,-6.814134e-03,3.781226e-01,1.285637e-01
8.79250,-2.815394e-03,-6.807127e-03,3.783231e-01,1.285602e-01
8.79500,-2.823794e-03,-6.800183e-03,3.785235e-01,1.285568e-01
8.79750,-2.832159e-03,-6.793336e-03,3.787237e-01,1.285534e-01
8.80000,-2.840484e-03,-6.786645e-03,3.789237e-01,1.285500e-01
8.80250,-2.848788e-03,-6.780070e-03,3.791236e-01,1.285466e-01
8.80500,-2.857083e-03,-6.773723e-03,3.793233e-01,1.285432e-01
8.80750,-2.865426e-03,-6.767553e-03,3.795229e-01,1.285398e-01
8.81000,-2.873826e-03,-6.761465e-03,3.797223e-01,1.285364e-01
8.81250,-2.882287e-03,-6.755593e-03,3.799216e-01,1.285330e-01
8.81500,-2.890774e-03,-6.749929e-03,3.801207e-01,1.285296e-01
8.81750,-2.899101e-03,-6.744450e-03,3.803197e-01,1.285262e-01
8.82000,-2.907259e-03,-6.738934e-03,3.805185e-01,1.285228e-01
8.82250,-2.915315e-03,-6.733367e-03,3.807171e-01,1.285194e-01
8.82500,-2.923156e-03,-6.727878e-03,3.809156e-01,1.285161e-01
8.82750,-2.930773e-03,-6.722612e-03,3.811140e-01,1.285127e-01
8.83000,-2.938291e-03,-6.717557e-03,3.813121e-01,1.285093e-01
8.83250,-2.945808e-03,-6.712431e-03,3.815101e-01,1.285060e-01
8.83500,-2.953336e-03,-6.707190e-03,3.817080e-01,1.285026e-01
8.83750,-2.960922e-03,-6.701683e-03,3.819056e-01,1.284993e-01
8.84000,-2.968503e-03,-6.695991e-03,3.821031e-01,1.284959e-01
8.84250,-2.976016e-03,-6.690356e-03,3.823005e-01,1.284926e-01
8.84500,-2.983511e-03,-6.684727e-03,3.824976e-01,1.284893e-01
8.84750,-2.990950e-03,-6.679054e-03,3.826946e-01,1.284859e-01
8.85000,-2.998354e-03,-6.673166e-03,3.828914e-01,1.284826e-01
8.85250,-3.005752e-03,-6.667138e-03,3.830881e-01,1.284793e-01
8.85500,-3.013144e-03,-6.661095e-03,3.832845e-01,1.284760e-01
8.85750,-3.020549e-03,-6.655001e-03,3.834808e-01,1.284727e-01
8.86000,-3.027984e-03,-6.648829e-03,3.836768e-01,1.284693e-01
8.86250,-3.035536e-03,-6.642555e-03,3.838727e-01,1.284660e-01
8.86500,-3.043213e-03,-6.636165e-03,3.840684e-01,1.284627e-01
8.86750,-3.051002e-03,-6.629627e-03,3.842638e-01,1.284594e-01
8.87000,-3.058859e-03,-6.622869e-03,3.844591e-01,1.284562e-01
8.87250,-3.066774e-03,-6.616039e-03,3.846542e-01,1.284529e-01
8.87500,-3.074813e-03,-6.609302e-03,3.848491e-01,1.284496e-01
8.87750,-3.083009e-03,-6.602525e-03,3.850437e-01,1.284463e-01
8.88000,-3.091356e-03,-6.595448e-03,3.852382e-01,1.284430e-01
8.88250,-3.099845e-03,-6.588049e-03,3.854324e-01,1.284398e-01
8.88500,-3.108404e-03,-6.580637e-03,3.856265e-01,1.284365e-01
8.88750,-3.116956e-03,-6.573261e-03,3.858203e-01,1.284332e-01
8.89000,-3.125475e-03,-6.565916e-03,3.860140e-01,1.284300e-01
8.89250,-3.134042e-03,-6.558687e-03,3.862074e-01,1.284267e-01
8.89500,-3.142690e-03,-6.551668e-03,3.864006e-01,1.284235e-01
8.89750,-3.151385e-03,-6.544688e-03,3.865936e-01,1.284203e-01
8.90000,-3.160082e-03,-6.537621e-03,3.867864e-01,1.284170e-01
8.90250,-3.168746e-03,-6.530435e-03,3.869789e-01,1.284138e-01
8.90500,-3.177501e-03,-6.523219e-03,3.871713e-01,1.284106e-01
8.90750,-3.186546e-03,-6.515886e-03,3.873634e-01,1.284073e-01
8.91000,-3.195799e-03,-6.508470e-03,3.875553e-01,1.284041e-01
8.91250,-3.205136e-03,-6.501051e-03,3.877470e-01,1.284009e-01
8.91500,-3.214499e-03,-6.493547e-03,3.879385e-01,1.283977e-01
8.91750,-3.223904e-03,-6.486101e-03,3.881298e-01,1.283945e-01
8.92000,-3.233334e-03,-6.478820e-03,3.883208e-01,1.283913e-01
8.92250,-3.242660e-03,-6.471803e-03,3.885117e-01,1.283881e-01
8.92500,-3.251891e-03,-6.464919e-03,3.887022e-01,1.283849e-01
8.92750,-3.261143e-03,-6.458005e-03,3.888926e-01,1.283817e-01
8.93000,-3.270496e-03,-6.451051e-03,3.890827e-01,1.283785e-01
8.93250,-3.280016e-03,-6.444175e-03,3.892726e-01,1.283753e-01
8.93500,-3.289673e-03,-6.437283e-03,3.894623e-01,1.283721e-01
8.93750,-3.299386e-03,-6.430428e-03,3.896517e-01,1.283690e-01
8.94000,-3.309056e-03,-6.423736e-03,3.898409e-01,1.283658e-01
8.94250,-3.318626e-03,-6.417244e-03,3.900298e-01,1.283626e-01
8.94500,-3.328063e-03,-6.410776e-03,3.902185e-01,1.283595e-01
8.94750,-3.337386e-03,-6.404283e-03,3.904070e-01,1.283563e-01
8.95000,-3.346685e-03,-6.397656e-03,3.905952e-01,1.283531e-01
8.95250,-3.355830e-03,-6.390816e-03,3.907832e-01,1.283500e-01
8.95500,-3.364900e-03,-6.383667e-03,3.909710e-01,1.283469e-01
8.95750,-3.374049e-03,-6.376047e-03,3.911585e-01,1.283437e-01
8.96000,-3.383255e-03,-6.368018e-03,3.913458e-01,1.283406e-01
8.96250,-3.392363e-03,-6.359940e-03,3.915328e-01,1.283374e-01
8.96500,-3.401340e-03,-6.351882e-03,3.917196e-01,1.283343e-01
8.96750,-3.410233e-03,-6.343794e-03,3.919061e-01,1.283312e-01
8.97000,-3.418978e-03,-6.335728e-03,3.920924e-01,1.283281e-01
8.97250,-3.427646e-03,-6.327726e-03,3.922784e-01,1.283250e-01
8.97500,-3.436243e-03,-6.319750e-03,3.924642e-01,1.283218e-01
8.97750,-3.444675e-03,-6.311574e-03,3.926497e-01,1.283187e-01
8.98000,-3.452965e-03,-6.303248e-03,3.928349e-01,1.283156e-01
8.98250,-3.461175e-03,-6.294909e-03,3.930199e-01,1.283125e-01
8.98500,-3.469361e-03,-6.286460e-03,3.932046e-01,1.283094e-01
8.98750,-3.477657e-03,-6.277869e-03,3.933891e-01,1.283063e-01
8.99000,-3.486027e-03,-6.269201e-03,3.935732e-01,1.283032e-01
8.99250,-3.494414e-03,-6.260376e-03,3.937571e-01,1.283002e-01
8.99500,-3.502868e-03,-6.251606e-03,3.939407e-01,1.282971e-01
8.99750,-3.511430e-03,-6.243075e-03,3.941240e-01,1.282940e-01
9.00000,-3.520163e-03,-6.234745e-03,3.943070e-01,1.282909e-01
9.00250,-3.529163e-03,-6.226439e-03,3.944897e-01,1.282879e-01
9.00500,-3.538358e-03,-6.218065e-03,3.946721e-01,1.282848e-01
9.00750,-3.547616e-03,-6.209617e-03,3.948542e-01,1.282817e-01
9.01000,-3.556882e-03,-6.201049e-03,3.950360e-01,1.282787e-01
9.01250,-3.566223e-03,-6.192412e-03,3.952174e-01,1.282756e-01
9.01500,-3.575725e-03,-6.183721e-03,3.953986e-01,1.282726e-01
9.01750,-3.585334e-03,-6.175026e-03,3.955795e-01,1.282695e-01
9.02000,-3.594951e-03,-6.166298e-03,3.957600e-01,1.282665e-01
9.02250,-3.604653e-03,-6.157475e-03,3.959403e-01,1.282635e-01
9.02500,-3.614510e-03,-6.148584e-03,3.961202e-01,1.282604e-01
9.02750,-3.624504e-03,-6.139704e-03,3.962998e-01,1.282574e-01
9.03000,-3.634447e-03,-6.131023e-03,3.964791e-01,1.282544e-01
9.03250,-3.644403e-03,-6.122568e-03,3.966581e-01,1.282513e-01
9.03500,-3.654475e-03,-6.114436e-03,3.968367e-01,1.282483e-01
9.03750,-3.664719e-03,-6.106586e-03,3.970150e-01,1.282453e-01
9.04000,-3.675146e-03,-6.098901e-03,3.971930e-01,1.282423e-01
9.04250,-3.685679e-03,-6.091248e-03,3.973707e-01,1.282393e-01
9.04500,-3.696326e-03,-6.083522e-03,3.975481e-01,1.282363e-01
9.04750,-3.707075e-03,-6.075625e-03,3.977251e-01,1.282333e-01
9.05000,-3.717927e-03,-6.067507e-03,3.979018e-01,1.282303e-01
9.05250,-3.728823e-03,-6.059257e-03,3.980782e-01,1.282273e-01
9.05500,-3.739681e-03,-6.050963e-03,3.982542e-01,1.282243e-01
9.05750,-3.750538e-03,-6.042757e-03,3.984299e-01,1.282213e-01
9.06000,-3.761461e-03,-6.034675e-03,3.986052e-01,1.282183e-01
9.06250,-3.772430e-03,-6.026590e-03,3.987802e-01,1.282154e-01
9.06500,-3.783588e-03,-6.018328e-03,3.989548e-01,1.282124e-01
9.06750,-3.794764e-03,-6.010024e-03,3.991291e-01,1.282094e-01
9.07000,-3.805716e-03,-6.001655e-03,3.993030e-01,1.282064e-01
9.07250,-3.816405e-03,-5.993148e-03,3.994766e-01,1.282035e-01
9.07500,-3.826999e-03,-5.984446e-03,3.996498e-01,1.282005e-01
9.07750,-3.837550e-03,-5.975464e-03,3.998226e-01,1.281975e-01
9.08000,-3.848051e-03,-5.966133e-03,3.999951e-01,1.281946e-01
9.08250,-3.858484e-03,-5.956553e-03,4.001673e-01,1.281916e-01
9.08500,-3.868865e-03,-5.946800e-03,4.003390e-01,1.281887e-01
9.08750,-3.879150e-03,-5.936899e-03,4.005104e-01,1.281857e-01
9.09000,-3.889233e-03,-5.926906e-03,4.006815e-01,1.281828e-01
9.09250,-3.899131e-03,-5.916944e-03,4.008521e-01,1.281799e-01
9.09500,-3.908854e-03,-5.907124e-03,4.010224e-01,1.281769e-01
9.09750,-3.918483e-03,-5.897429e-03,4.011923e-01,1.281740e-01
9.10000,-3.928031e-03,-5.887716e-03,4.013619e-01,1.281711e-01
9.10250,-3.937556e-03,-5.877803e-03,4.015310e-01,1.281682e-01
9.10500,-3.947111e-03,-5.867543e-03,4.016998e-01,1.281652e-01
9.10750,-3.956581e-03,-5.856989e-03,4.018682e-01,1.281623e-01
9.11000,-3.966052e-03,-5.846231e-03,4.020361e-01,1.281594e-01
9.11250,-3.975673e-03,-5.835442e-03,4.022037e-01,1.281565e-01
9.11500,-3.985361e-03,-5.824624e-03,4.023709e-01,1.281536e-01
9.11750,-3.995194e-03,-5.813684e-03,4.025377e-01,1.281507e-01
9.12000,-4.005304e-03,-5.802717e-03,4.027040e-01,1.281478e-01
9.12250,-4.015627e-03,-5.791718e-03,4.028699e-01,1.281449e-01
9.12500,-4.026030e-03,-5.780852e-03,4.030354e-01,1.281420e-01
9.12750,-4.036515e-03,-5.770004e-03,4.032004e-01,1.281391e-01
9.13000,-4.047077e-03,-5.759172e-03,4.033650e-01,1.281362e-01
9.13250,-4.057782e-03,-5.748454e-03,4.035292e-01,1.281334e-01
9.13500,-4.068606e-03,-5.737827e-03,4.036929e-01,1.281305e-01
9.13750,-4.079619e-03,-5.727165e-03,4.038562e-01,1.281276e-01
9.14000,-4.090855e-03,-5.716472e-03,4.040190e-01,1.281247e-01
9.14250,-4.102284e-03,-5.705702e-03,4.041814e-01,1.281219e-01
9.14500,-4.113913e-03,-5.694945e-03,4.043433e-01,1.281190e-01
9.14750,-4.125735e-03,-5.684214e-03,4.045048e-01,1.281161e-01
9.15000,-4.137598e-03,-5.673705e-03,4.046658e-01,1.281133e-01
9.15250,-4.149396e-03,-5.663481e-03,4.048264e-01,1.281104e-01
9.15500,-4.161195e-03,-5.653366e-03,4.049865e-01,1.281076e-01
9.15750,-4.172970e-03,-5.643240e-03,4.051461e-01,1.281047e-01
9.16000,-4.184766e-03,-5.633116e-03,4.053053e-01,1.281019e-01
9.16250,-4.196728e-03,-5.622932e-03,4.054640e-01,1.280990e-01
9.16500,-4.208932e-03,-5.612669e-03,4.056222e-01,1.280962e-01
9.16750,-4.221363e-03,-5.602355e-03,4.057813e-01,1.280933e-01
9.17000,-4.233980e-03,-5.592016e-03,4.059410e-01,1.280905e-01
9.17250,-4.246803e-03,-5.581554e-03,4.061001e-01,1.280877e-01
9.17500,-4.259655e-03,-5.570998e-03,4.062588e-01,1.280848e-01
9.17750,-4.272471e-03,-5.560495e-03,4.064170e-01,1.280820e-01
9.18000,-4.285316e-03,-5.550134e-03,4.065746e-01,1.280792e-01
9.18250,-4.298089e-03,-5.539976e-03,4.067318e-01,1.280764e-01
9.18500,-4.310696e-03,-5.529823e-03,4.068885e-01,1.280735e-01
9.18750,-4.323013e-03,-5.519691e-03,4.070446e-01,1.280707e-01
9.19000,-4.334953e-03,-5.509664e-03,4.072003e-01,1.280679e-01
9.19250,-4.346617e-03,-5.499636e-03,4.073555e-01,1.280651e-01
9.19500,-4.358200e-03,-5.489433e-03,4.075101e-01,1.280623e-01
9.19750,-4.369820e-03,-5.478945e-03,4.076642e-01,1.280595e-01
9.20000,-4.381415e-03,-5.468318e-03,4.078178e-01,1.280567e-01
9.20250,-4.393022e-03,-5.457551e-03,4.079709e-01,1.280539e-01
9.20500,-4.404544e-03,-5.446673e-03,4.081235e-01,1.280511e-01
9.20750,-4.416053e-03,-5.435647e-03,4.082756e-01,1.280483e-01
9.21000,-4.427659e-03,-5.424422e-03,4.084271e-01,1.280455e-01
9.21250,-4.439228e-03,-5.413075e-03,4.085781e-01,1.280427e-01
9.21500,-4.450610e-03,-5.401614e-03,4.087286e-01,1.280400e-01
9.21750,-4.462029e-03,-5.389822e-03,4.088785e-01,1.280372e-01
9.22000,-4.473367e-03,-5.377771e-03,4.090279e-01,1.280344e-01
9.22250,-4.484679e-03,-5.365590e-03,4.091767e-01,1.280316e-01
9.22500,-4.496023e-03,-5.353361e-03,4.093250e-01,1.280289e-01
9.22750,-4.507556e-03,-5.341044e-03,4.094726e-01,1.280261e-01
9.23000,-4.519366e-03,-5.328697e-03,4.096198e-01,1.280233e-01
9.23250,-4.531406e-03,-5.316372e-03,4.097663e-01,1.280206e-01
9.23500,-4.543759e-03,-5.303969e-03,4.099123e-01,1.280178e-01
9.23750,-4.556396e-03,-5.291396e-03,4.100576e-01,1.280150e-01
9.24000,-4.569205e-03,-5.278448e-03,4.102023e-01,1.280123e-01
9.24250,-4.581952e-03,-5.265242e-03,4.103465e-01,1.280095e-01
9.24500,-4.594627e-03,-5.251912e-03,4.104900e-01,1.280068e-01
9.24750,-4.607374e-03,-5.238575e-03,4.106329e-01,1.280040e-01
9.25000,-4.620092e-03,-5.225225e-03,4.107752e-01,1.280013e-01
9.25250,-4.632806e-03,-5.211807e-03,4.109169e-01,1.279985e-01
9.25500,-4.645630e-03,-5.198334e-03,4.110579e-01,1.279958e-01
9.25750,-4.658577e-03,-5.184875e-03,4.111983e-01,1.279931e-01
9.26000,-4.671725e-03,-5.171406e-03,4.113381e-01,1.279903e-01
9.26250,-4.685138e-03,-5.157893e-03,4.114773e-01,1.279876e-01
9.26500,-4.698719e-03,-5.144345e-03,4.116158e-01,1.279849e-01
9.26750,-4.712478e-03,-5.130735e-03,4.117537e-01,1.279821e-01
9.27000,-4.726535e-03,-5.117151e-03,4.118910e-01,1.279794e-01
9.27250,-4.740854e-03,-5.103595e-03,4.120276e-01,1.279767e-01
9.27500,-4.755387e-03,-5.089912e-03,4.121636e-01,1.279740e-01
9.27750,-4.770004e-03,-5.076166e-03,4.122989e-01,1.279713e-01
9.28000,-4.784580e-03,-5.062481e-03,4.124336e-01,1.279686e-01
9.28250,-4.799058e-03,-5.048845e-03,4.125676e-01,1.279658e-01
9.28500,-4.813549e-03,-5.035182e-03,4.127009e-01,1.279631e-01
9.28750,-4.828033e-03,-5.021444e-03,4.128336e-01,1.279604e-01
9.29000,-4.842446e-03,-5.007720e-03,4.129655e-01,1.279577e-01
9.29250,-4.856843e-03,-4.994119e-03,4.130968e-01,1.279550e-01
9.29500,-4.871168e-03,-4.980633e-03,4.132274e-01,1.279523e-01
9.29750,-4.885287e-03,-4.967115e-03,4.133573e-01,1.279496e-01
9.30000,-4.899140e-03,-4.953514e-03,4.134865e-01,1.279469e-01
9.30250,-4.912877e-03,-4.939854e-03,4.136150e-01,1.279442e-01
9.30500,-4.926563e-03,-4.926238e-03,4.137427e-01,1.279416e-01
9.30750,-4.940196e-03,-4.912598e-03,4.138698e-01,1.279389e-01
9.31000,-4.953826e-03,-4.898990e-03,4.139961e-01,1.279362e-01
9.31250,-4.967338e-03,-4.885605e-03,4.141218e-01,1.279335e-01
9.31500,-4.980695e-03,-4.872495e-03,4.142467e-01,1.279308e-01
9.31750,-4.994050e-03,-4.859394e-03,4.143708e-01,1.279282e-01
9.32000,-5.007461e-03,-4.846160e-03,4.144943e-01,1.279255e-01
9.32250,-5.021012e-03,-4.832693e-03,4.146170e-01,1.279228e-01
9.32500,-5.034699e-03,-4.819034e-03,4.147389e-01,1.279201e-01
9.32750,-5.048531e-03,-4.805156e-03,4.148601e-01,1.279175e-01
9.33000,-5.062445e-03,-4.790996e-03,4.149806e-01,1.279148e-01
9.33250,-5.076449e-03,-4.776606e-03,4.151003e-01,1.279121e-01
9.33500,-5.090715e-03,-4.761851e-03,4.152192e-01,1.279095e-01
9.33750,-5.105235e-03,-4.746852e-03,4.153374e-01,1.279068e-01
9.34000,-5.119719e-03,-4.731997e-03,4.154548e-01,1.279042e-01
9.34250,-5.134115e-03,-4.717424e-03,4.155715e-01,1.279015e-01
9.34500,-5.148548e-03,-4.703088e-03,4.156873e-01,1.278989e-01
9.34750,-5.162923e-03,-4.688877e-03,4.158023e-01,1.278962e-01
9.35000,-5.177268e-03,-4.674646e-03,4.159165e-01,1.278936e-01
9.35250,-5.191762e-03,-4.660373e-03,4.160299e-01,1.278909e-01
9.35500,-5.206461e-03,-4.646020e-03,4.161425e-01,1.278883e-01
9.35750,-5.221455e-03,-4.631458e-03,4.162542e-01,1.278857e-01
9.36000,-5.236823e-03,-4.616564e-03,4.163651e-01,1.278830e-01
9.36250,-5.252517e-03,-4.601307e-03,4.164752e-01,1.278804e-01
9.36500,-5.268431e-03,-4.585787e-03,4.165844e-01,1.278778e-01
9.36750,-5.284622e-03,-4.570060e-03,4.166927e-01,1.278751e-01
9.37000,-5.301006e-03,-4.554143e-03,4.168002e-01,1.278725e-01
9.37250,-5.317580e-03,-4.538097e-03,4.169069e-01,1.278699e-01
9.37500,-5.334259e-03,-4.521907e-03,4.170127e-01,1.278672e-01
9.37750,-5.351018e-03,-4.505692e-03,4.171176e-01,1.278646e-01
9.38000,-5.367812e-03,-4.489400e-03,4.172217e-01,1.278620e-01
9.38250,-5.384381e-03,-4.473000e-03,4.173251e-01,1.278594e-01
9.38500,-5.400812e-03,-4.456414e-03,4.174304e-01,1.278568e-01
9.38750,-5.417321e-03,-4.439625e-03,4.175348e-01,1.278541e-01
9.39000,-5.433799e-03,-4.422775e-03,4.176383e-01,1.278515e-01
9.39250,-5.450181e-03,-4.405898e-03,4.177409e-01,1.278489e-01
9.39500,-5.466635e-03,-4.388899e-03,4.178426e-01,1.278463e-01
9.39750,-5.483156e-03,-4.371853e-03,4.179434e-01,1.278437e-01
9.40000,-5.499706e-03,-4.354751e-03,4.180432e-01,1.278411e-01
9.40250,-5.516294e-03,-4.337353e-03,4.181421e-01,1.278385e-01
9.40500,-5.533017e-03,-4.319543e-03,4.182400e-01,1.278359e-01
9.40750,-5.549651e-03,-4.301621e-03,4.183370e-01,1.278333e-01
9.41000,-5.566015e-03,-4.283804e-03,4.184330e-01,1.278307e-01
9.41250,-5.581947e-03,-4.266214e-03,4.185280e-01,1.278281e-01
9.41500,-5.597737e-03,-4.248647e-03,4.186220e-01,1.278255e-01
9.41750,-5.613422e-03,-4.231124e-03,4.187151e-01,1.278229e-01
9.42000,-5.629146e-03,-4.213717e-03,4.188072e-01,1.278203e-01
9.42250,-5.645122e-03,-4.196421e-03,4.189037e-01,1.278178e-01
9.42500,-5.661475e-03,-4.179094e-03,4.189992e-01,1.278152e-01
9.42750,-5.678210e-03,-4.161463e-03,4.190937e-01,1.278126e-01
9.43000,-5.695086e-03,-4.143498e-03,4.191872e-01,1.278100e-01
9.43250,-5.712185e-03,-4.125239e-03,4.192797e-01,1.278074e-01
9.43500,-5.729450e-03,-4.106735e-03,4.193712e-01,1.278049e-01
9.43750,-5.746643e-03,-4.088155e-03,4.194617e-01,1.278023e-01
9.44000,-5.763777e-03,-4.069541e-03,4.195511e-01,1.277997e-01
9.44250,-5.780975e-03,-4.050891e-03,4.196395e-01,1.277972e-01
9.44500,-5.798169e-03,-4.032284e-03,4.197269e-01,1.277946e-01
9.44750,-5.815374e-03,-4.013781e-03,4.198131e-01,1.277921e-01
9.45000,-5.832580e-03,-3.995311e-03,4.198984e-01,1.277895e-01
9.45250,-5.849749e-03,-3.976848e-03,4.199825e-01,1.277869e-01
9.45500,-5.866935e-03,-3.958262e-03,4.200655e-01,1.277844e-01
9.45750,-5.884340e-03,-3.939399e-03,4.201477e-01,1.277818e-01
9.46000,-5.902132e-03,-3.920187e-03,4.202353e-01,1.277793e-01
9.46250,-5.920158e-03,-3.900785e-03,4.203230e-01,1.277767e-01
9.46500,-5.938230e-03,-3.881384e-03,4.204096e-01,1.277742e-01
9.46750,-5.956378e-03,-3.861905e-03,4.204950e-01,1.277716e-01
9.47000,-5.974568e-03,-3.842424e-03,4.205792e-01,1.277691e-01
9.47250,-5.992936e-03,-3.822864e-03,4.206623e-01,1.277666e-01
9.47500,-6.011541e-03,-3.803095e-03,4.207443e-01,1.277640e-01
9.47750,-6.030378e-03,-3.783138e-03,4.208250e-01,1.277615e-01
9.48000,-6.049406e-03,-3.763196e-03,4.209047e-01,1.277589e-01
9.48250,-6.068454e-03,-3.743333e-03,4.209831e-01,1.277564e-01
9.48500,-6.087535e-03,-3.723420e-03,4.210604e-01,1.277539e-01
9.48750,-6.106604e-03,-3.703530e-03,4.211364e-01,1.277513e-01
9.49000,-6.125475e-03,-3.683775e-03,4.212139e-01,1.277488e-01
9.49250,-6.144144e-03,-3.664213e-03,4.212931e-01,1.277463e-01
9.49500,-6.162703e-03,-3.644908e-03,4.213727e-01,1.277438e-01
9.49750,-6.181387e-03,-3.625595e-03,4.214550e-01,1.277413e-01
9.50000,-6.200305e-03,-3.606032e-03,4.215360e-01,1.277387e-01
9.50250,-6.219609e-03,-3.586119e-03,4.216158e-01,1.277362e-01
9.50500,-6.239544e-03,-3.565624e-03,4.216944e-01,1.277337e-01
9.50750,-6.259776e-03,-3.544665e-03,4.217717e-01,1.277312e-01
9.51000,-6.279983e-03,-3.523572e-03,4.218476e-01,1.277287e-01
9.51250,-6.300231e-03,-3.502319e-03,4.219223e-01,1.277262e-01
9.51500,-6.320586e-03,-3.480812e-03,4.219957e-01,1.277237e-01
9.51750,-6.340849e-03,-3.459291e-03,4.220678e-01,1.277212e-01
9.52000,-6.360978e-03,-3.437888e-03,4.221386e-01,1.277187e-01
9.52250,-6.380940e-03,-3.416621e-03,4.222129e-01,1.277162e-01
9.52500,-6.400792e-03,-3.395444e-03,4.222883e-01,1.277137e-01
9.52750,-6.420852e-03,-3.374117e-03,4.223623e-01,1.277112e-01
9.53000,-6.441089e-03,-3.352535e-03,4.224373e-01,1.277087e-01
9.53250,-6.461598e-03,-3.330651e-03,4.225158e-01,1.277062e-01
9.53500,-6.482425e-03,-3.308463e-03,4.225930e-01,1.277038e-01
9.53750,-6.503438e-03,-3.285875e-03,4.226689e-01,1.277013e-01
9.54000,-6.524459e-03,-3.263043e-03,4.227434e-01,1.276988e-01
9.54250,-6.545387e-03,-3.240172e-03,4.228165e-01,1.276963e-01
9.54500,-6.566095e-03,-3.217270e-03,4.228883e-01,1.276938e-01
9.54750,-6.586502e-03,-3.194376e-03,4.229587e-01,1.276914e-01
9.55000,-6.606726e-03,-3.171410e-03,4.230277e-01,1.276889e-01
9.55250,-6.626917e-03,-3.148304e-03,4.230953e-01,1.276864e-01
9.55500,-6.647149e-03,-3.125023e-03,4.231629e-01,1.276840e-01
9.55750,-6.667511e-03,-3.101601e-03,4.232369e-01,1.276815e-01
9.56000,-6.687986e-03,-3.078005e-03,4.233094e-01,1.276791e-01
9.56250,-6.708433e-03,-3.054348e-03,4.233805e-01,1.276766e-01
9.56500,-6.728744e-03,-3.030717e-03,4.234502e-01,1.276741e-01
9.56750,-6.748918e-03,-3.007148e-03,4.235261e-01,1.276717e-01
9.57000,-6.769036e-03,-2.983695e-03,4.236021e-01,1.276693e-01
9.57250,-6.789260e-03,-2.960199e-03,4.236766e-01,1.276668e-01
9.57500,-6.809771e-03,-2.936346e-03,4.237497e-01,1.276644e-01
9.57750,-6.830471e-03,-2.912127e-03,4.238213e-01,1.276619e-01
9.58000,-6.851227e-03,-2.887708e-03,4.238914e-01,1.276595e-01
9.58250,-6.871937e-03,-2.863225e-03,4.239600e-01,1.276571e-01
9.58500,-6.892800e-03,-2.838551e-03,4.240270e-01,1.276546e-01
9.58750,-6.914247e-03,-2.813531e-03,4.240926e-01,1.276522e-01
9.59000,-6.935952e-03,-2.788451e-03,4.241565e-01,1.276498e-01
9.59250,-6.957782e-03,-2.763313e-03,4.242253e-01,1.276474e-01
9.59500,-6.979852e-03,-2.738018e-03,4.242976e-01,1.276450e-01
9.59750,-7.002353e-03,-2.712304e-03,4.243684e-01,1.276425e-01
9.60000,-7.025175e-03,-2.686483e-03,4.244375e-01,1.276401e-01
9.60250,-7.048235e-03,-2.660609e-03,4.245051e-01,1.276377e-01
9.60500,-7.071542e-03,-2.634479e-03,4.245765e-01,1.276353e-01
9.60750,-7.094994e-03,-2.608176e-03,4.246524e-01,1.276329e-01
9.61000,-7.118616e-03,-2.581722e-03,4.247267e-01,1.276305e-01
9.61250,-7.142578e-03,-2.555069e-03,4.247993e-01,1.276281e-01
9.61500,-7.166993e-03,-2.528376e-03,4.248704e-01,1.276258e-01
9.61750,-7.191671e-03,-2.501652e-03,4.249398e-01,1.276234e-01
9.62000,-7.216289e-03,-2.474912e-03,4.250075e-01,1.276210e-01
9.62250,-7.240673e-03,-2.448182e-03,4.250736e-01,1.276186e-01
9.62500,-7.265159e-03,-2.421330e-03,4.251380e-01,1.276162e-01
9.62750,-7.289726e-03,-2.394393e-03,4.252007e-01,1.276139e-01
9.63000,-7.314099e-03,-2.367454e-03,4.252617e-01,1.276115e-01
9.63250,-7.338158e-03,-2.340575e-03,4.253340e-01,1.276091e-01
9.63500,-7.362052e-03,-2.313542e-03,4.254058e-01,1.276068e-01
9.63750,-7.385978e-03,-2.286385e-03,4.254758e-01,1.276044e-01
9.64000,-7.410097e-03,-2.259005e-03,4.255441e-01,1.276021e-01
9.64250,-7.434337e-03,-2.231212e-03,4.256106e-01,1.275997e-01
9.64500,-7.458631e-03,-2.203039e-03,4.256816e-01,1.275974e-01
9.64750,-7.482908e-03,-2.174637e-03,4.257591e-01,1.275951e-01
9.65000,-7.507083e-03,-2.146291e-03,4.258348e-01,1.275927e-01
9.65250,-7.530962e-03,-2.118003e-03,4.259088e-01,1.275904e-01
9.65500,-7.554514e-03,-2.089698e-03,4.259811e-01,1.275881e-01
9.65750,-7.577654e-03,-2.061395e-03,4.260515e-01,1.275858e-01
9.66000,-7.600294e-03,-2.033116e-03,4.261202e-01,1.275835e-01
9.66250,-7.622611e-03,-2.004753e-03,4.261871e-01,1.275811e-01
9.66500,-7.645036e-03,-1.976080e-03,4.262522e-01,1.275788e-01
9.66750,-7.667825e-03,-1.946995e-03,4.263154e-01,1.275765e-01
9.67000,-7.690892e-03,-1.917564e-03,4.263768e-01,1.275743e-01
9.67250,-7.713811e-03,-1.887960e-03,4.264363e-01,1.275720e-01
9.67500,-7.736495e-03,-1.858273e-03,4.264991e-01,1.275697e-01
9.67750,-7.759241e-03,-1.828501e-03,4.265714e-01,1.275674e-01
9.68000,-7.782272e-03,-1.798818e-03,4.266418e-01,1.275651e-01
9.68250,-7.805508e-03,-1.769353e-03,4.267104e-01,1.275629e-01
9.68500,-7.829107e-03,-1.739910e-03,4.267778e-01,1.275606e-01
9.68750,-7.852936e-03,-1.710252e-03,4.268595e-01,1.275584e-01
9.69000,-7.877076e-03,-1.680315e-03,4.269393e-01,1.275561e-01
9.69250,-7.901701e-03,-1.650102e-03,4.270171e-01,1.275539e-01
9.69500,-7.926637e-03,-1.619789e-03,4.270931e-01,1.275516e-01
9.69750,-7.951959e-03,-1.589302e-03,4.271671e-01,1.275494e-01
9.70000,-7.977708e-03,-1.558520e-03,4.272393e-01,1.275472e-01
9.70250,-8.003817e-03,-1.527520e-03,4.273094e-01,1.275450e-01
9.70500,-8.030126e-03,-1.496301e-03,4.273776e-01,1.275427e-01
9.70750,-8.056520e-03,-1.464930e-03,4.274438e-01,1.275405e-01
9.71000,-8.082772e-03,-1.433655e-03,4.275081e-01,1.275383e-01
9.71250,-8.109232e-03,-1.402250e-03,4.275703e-01,1.275361e-01
9.71500,-8.136091e-03,-1.370522e-03,4.276305e-01,1.275340e-01
9.71750,-8.163316e-03,-1.338569e-03,4.276887e-01,1.275318e-01
9.72000,-8.190876e-03,-1.306356e-03,4.277593e-01,1.275296e-01
9.72250,-8.218494e-03,-1.273963e-03,4.278337e-01,1.275274e-01
9.72500,-8.246165e-03,-1.241365e-03,4.279061e-01,1.275253e-01
9.72750,-8.273777e-03,-1.208649e-03,4.279765e-01,1.275231e-01
9.73000,-8.301309e-03,-1.175774e-03,4.280448e-01,1.275210e-01
9.73250,-8.328838e-03,-1.142649e-03,4.281209e-01,1.275188e-01
9.73500,-8.356546e-03,-1.109140e-03,4.282055e-01,1.275167e-01
9.73750,-8.384290e-03,-1.075338e-03,4.282879e-01,1.275146e-01
9.74000,-8.411655e-03,-1.041547e-03,4.283683e-01,1.275125e-01
9.74250,-8.438482e-03,-1.007967e-03,4.284465e-01,1.275104e-01
9.74500,-8.464905e-03,-9.746409e-04,4.285227e-01,1.275083e-01
9.74750,-8.491102e-03,-9.414558e-04,4.285967e-01,1.275062e-01
9.75000,-8.517102e-03,-9.084078e-04,4.286685e-01,1.275041e-01
9.75250,-8.543138e-03,-8.752471e-04,4.287382e-01,1.275020e-01
9.75500,-8.569535e-03,-8.416484e-04,4.288056e-01,1.275000e-01
9.75750,-8.596149e-03,-8.076613e-04,4.288709e-01,1.274979e-01
9.76000,-8.623012e-03,-7.733500e-04,4.289339e-01,1.274959e-01
9.76250,-8.650081e-03,-7.387436e-04,4.289946e-01,1.274938e-01
9.76500,-8.677225e-03,-7.038609e-04,4.290531e-01,1.274918e-01
9.76750,-8.704180e-03,-6.688101e-04,4.291152e-01,1.274898e-01
9.77000,-8.730777e-03,-6.335854e-04,4.291934e-01,1.274878e-01
9.77250,-8.757072e-03,-5.983073e-04,4.292693e-01,1.274858e-01
9.77500,-8.783036e-03,-5.632091e-04,4.293430e-01,1.274838e-01
9.77750,-8.808751e-03,-5.281344e-04,4.294144e-01,1.274818e-01
9.78000,-8.834407e-03,-4.928282e-04,4.294834e-01,1.274798e-01
9.78250,-8.860052e-03,-4.573137e-04,4.295681e-01,1.274779e-01
9.78500,-8.885850e-03,-4.217347e-04,4.296569e-01,1.274759e-01
9.78750,-8.911625e-03,-3.861297e-04,4.297435e-01,1.274740e-01
9.79000,-8.937267e-03,-3.503836e-04,4.298277e-01,1.274721e-01
9.79250,-8.962816e-03,-3.143284e-04,4.299096e-01,1.274702e-01
9.79500,-8.988322e-03,-2.778960e-04,4.299891e-01,1.274683e-01
9.79750,-9.013854e-03,-2.411415e-04,4.300663e-01,1.274664e-01
9.80000,-9.039542e-03,-2.041380e-04,4.301411e-01,1.274645e-01
9.80250,-9.065425e-03,-1.670820e-04,4.302135e-01,1.274627e-01
9.80500,-9.091400e-03,-1.300725e-04,4.302835e-01,1.274608e-01
9.80750,-9.117125e-03,-9.329367e-05,4.303510e-01,1.274590e-01
9.81000,-9.142690e-03,-5.672398e-05,4.304161e-01,1.274572e-01
9.81250,-9.167986e-03,-2.047395e-05,4.304787e-01,1.274553e-01
9.81500,-9.193248e-03,1.557823e-05,4.305388e-01,1.274536e-01
9.81750,-9.218922e-03,5.184702e-05,4.305964e-01,1.274518e-01
9.82000,-9.245282e-03,8.855067e-05,4.306776e-01,1.274500e-01
9.82250,-9.272309e-03,1.256578e-04,4.307587e-01,1.274482e-01
9.82500,-9.299529e-03,1.629169e-04,4.308374e-01,1.274465e-01
9.82750,-9.326858e-03,2.003931e-04,4.309136e-01,1.274448e-01
9.83000,-9.354307e-03,2.380976e-04,4.309873e-01,1.274431e-01
9.83250,-9.381985e-03,2.761241e-04,4.310605e-01,1.274414e-01
9.83500,-9.409737e-03,3.141973e-04,4.311578e-01,1.274397e-01
9.83750,-9.437668e-03,3.523126e-04,4.312526e-01,1.274380e-01
9.84000,-9.465596e-03,3.905266e-04,4.313450e-01,1.274364e-01
9.84250,-9.493539e-03,4.289143e-04,4.314347e-01,1.274347e-01
9.84500,-9.521674e-03,4.675166e-04,4.315219e-01,1.274331e-01
9.84750,-9.549922e-03,5.061897e-04,4.316066e-01,1.274315e-01
9.85000,-9.578344e-03,5.449694e-04,4.316886e-01,1.274299e-01
9.85250,-9.606864e-03,5.839227e-04,4.317680e-01,1.274283e-01
9.85500,-9.635354e-03,6.231495e-04,4.318448e-01,1.274268e-01
9.85750,-9.663678e-03,6.625139e-04,4.319188e-01,1.274252e-01
9.86000,-9.691901e-03,7.020048e-04,4.319902e-01,1.274237e-01
9.86250,-9.720230e-03,7.415801e-04,4.320589e-01,1.274222e-01
9.86500,-9.749011e-03,7.812465e-04,4.321248e-01,1.274207e-01
9.86750,-9.778198e-03,8.210243e-04,4.321879e-01,1.274193e-01
9.87000,-9.807366e-03,8.608021e-04,4.322482e-01,1.274178e-01
9.87250,-9.836129e-03,9.004053e-04,4.323311e-01,1.274164e-01
9.87500,-9.864310e-03,9.397671e-04,4.324193e-01,1.274150e-01
9.87750,-9.891863e-03,9.790065e-04,4.325048e-01,1.274136e-01
9.88000,-9.918961e-03,1.018163e-03,4.325875e-01,1.274122e-01
9.88250,-9.945661e-03,1.057509e-03,4.326674e-01,1.274109e-01
9.88500,-9.972064e-03,1.097114e-03,4.327445e-01,1.274096e-01
9.88750,-9.998313e-03,1.137102e-03,4.328399e-01,1.274083e-01
9.89000,-1.002428e-02,1.177227e-03,4.329450e-01,1.274070e-01
9.89250,-1.004973e-02,1.217251e-03,4.330474e-01,1.274057e-01
9.89500,-1.007469e-02,1.257156e-03,4.331469e-01,1.274045e-01
9.89750,-1.009928e-02,1.297019e-03,4.332437e-01,1.274033e-01
9.90000,-1.012369e-02,1.337026e-03,4.333375e-01,1.274021e-01
9.90250,-1.014816e-02,1.377265e-03,4.334285e-01,1.274009e-01
9.90500,-1.017274e-02,1.417622e-03,4.335166e-01,1.273998e-01
9.90750,-1.019733e-02,1.458112e-03,4.336018e-01,1.273986e-01
9.91000,-1.022179e-02,1.498695e-03,4.336840e-01,1.273975e-01
9.91250,-1.024597e-02,1.539248e-03,4.337633e-01,1.273965e-01
9.91500,-1.027004e-02,1.579932e-03,4.338395e-01,1.273954e-01
9.91750,-1.029407e-02,1.620804e-03,4.339127e-01,1.273944e-01
9.92000,-1.031787e-02,1.661691e-03,4.339828e-01,1.273934e-01
9.92250,-1.034135e-02,1.702433e-03,4.340499e-01,1.273924e-01
9.92500,-1.036465e-02,1.743249e-03,4.341138e-01,1.273915e-01
9.92750,-1.038770e-02,1.784125e-03,4.342102e-01,1.273906e-01
9.93000,-1.041065e-02,1.824856e-03,4.343067e-01,1.273897e-01
9.93250,-1.043360e-02,1.865458e-03,4.344001e-01,1.273888e-01
9.93500,-1.045643e-02,1.905987e-03,4.344904e-01,1.273880e-01
9.93750,-1.047895e-02,1.946430e-03,4.345776e-01,1.273872e-01
9.94000,-1.050116e-02,1.986924e-03,4.346618e-01,1.273864e-01
9.94250,-1.052343e-02,2.027710e-03,4.347637e-01,1.273856e-01
9.94500,-1.054591e-02,2.068827e-03,4.348805e-01,1.273849e-01
9.94750,-1.056869e-02,2.110206e-03,4.349943e-01,1.273842e-01
9.95000,-1.059171e-02,2.151788e-03,4.351050e-01,1.273835e-01
9.95250,-1.061479e-02,2.193187e-03,4.352127e-01,1.273829e-01
9.95500,-1.063792e-02,2.234153e-03,4.353172e-01,1.273823e-01
9.95750,-1.066112e-02,2.274822e-03,4.354186e-01,1.273817e-01
9.96000,-1.068450e-02,2.315519e-03,4.355167e-01,1.273812e-01
9.96250,-1.070816e-02,2.356447e-03,4.356116e-01,1.273807e-01
9.96500,-1.073226e-02,2.397743e-03,4.357033e-01,1.273802e-01
9.96750,-1.075640e-02,2.439099e-03,4.357916e-01,1.273798e-01
9.97000,-1.078035e-02,2.480385e-03,4.358767e-01,1.273794e-01
9.97250,-1.080397e-02,2.521572e-03,4.359583e-01,1.273790e-01
9.97500,-1.082720e-02,2.562791e-03,4.360366e-01,1.273787e-01
9.97750,-1.085014e-02,2.604053e-03,4.361114e-01,1.273784e-01
9.98000,-1.087284e-02,2.645195e-03,4.361827e-01,1.273781e-01
9.98250,-1.089548e-02,2.686254e-03,4.362746e-01,1.273779e-01
9.98500,-1.091812e-02,2.727218e-03,4.363833e-01,1.273777e-01
9.98750,-1.094081e-02,2.768087e-03,4.364888e-01,1.273775e-01
9.99000,-1.096365e-02,2.808790e-03,4.365909e-01,1.273774e-01
9.99250,-1.098644e-02,2.849374e-03,4.366896e-01,1.273773e-01
9.99500,-1.100914e-02,2.889950e-03,4.367848e-01,1.273773e-01
9.99750,-1.103211e-02,2.930848e-03,4.368765e-01,1.273773e-01
10.00000,-1.105504e-02,2.971829e-03,4.370054e-01,1.273773e-01
