t,cx,cy,theta,Fx,Fy,Mz,Cx,Cy,Cm
0.00250,0.600000,0.500000,0.000000,-2.769860e-21,0.000000e+00,5.494584e-22,0.0000,-0.0000,-0.0000
0.00500,0.599987,0.499997,-0.000000,1.844931e-01,5.013176e-02,3.314056e-06,-0.9225,-0.2507,-0.0000
0.00750,0.599963,0.499990,0.000000,7.703676e-02,2.587559e-02,3.132148e-04,-0.3852,-0.1294,-0.0039
0.01000,0.599937,0.499983,0.000001,1.154649e-01,4.052354e-02,4.634302e-05,-0.5773,-0.2026,-0.0006
0.01250,0.599908,0.499975,0.000001,6.622810e-02,3.188873e-02,1.631515e-04,-0.3311,-0.1594,-0.0020
0.01500,0.599877,0.499966,0.000002,7.993644e-02,3.726816e-02,-2.684973e-05,-0.3997,-0.1863,0.0003
0.01750,0.599844,0.499957,0.000003,5.814672e-02,3.205072e-02,9.054314e-05,-0.2907,-0.1603,-0.0011
0.02000,0.599809,0.499948,0.000004,6.166098e-02,3.218518e-02,-2.680628e-05,-0.3083,-0.1609,0.0003
0.02250,0.599771,0.499938,0.000005,5.063043e-02,2.827502e-02,7.499345e-05,-0.2532,-0.1414,-0.0009
0.02500,0.599731,0.499928,0.000006,5.005504e-02,2.698358e-02,-6.607137e-06,-0.2503,-0.1349,0.0001
0.02750,0.599690,0.499917,0.000006,4.383774e-02,2.447957e-02,7.030095e-05,-0.2192,-0.1224,-0.0009
0.03000,0.599646,0.499905,0.000007,4.216151e-02,2.333031e-02,8.324313e-06,-0.2108,-0.1167,-0.0001
0.03250,0.599600,0.499894,0.000008,3.841995e-02,2.184358e-02,6.427405e-05,-0.1921,-0.1092,-0.0008
0.03500,0.599552,0.499881,0.000009,3.668979e-02,2.096259e-02,1.711167e-05,-0.1834,-0.1048,-0.0002
0.03750,0.599503,0.499869,0.000010,3.422767e-02,1.995078e-02,5.846870e-05,-0.1711,-0.0998,-0.0007
0.04000,0.599451,0.499855,0.000011,3.265970e-02,1.918149e-02,2.331505e-05,-0.1633,-0.0959,-0.0003
0.04250,0.599397,0.499842,0.000013,3.085453e-02,1.836359e-02,5.432060e-05,-0.1543,-0.0918,-0.0007
0.04500,0.599342,0.499828,0.000014,2.946980e-02,1.766498e-02,2.826131e-05,-0.1473,-0.0883,-0.0004
0.04750,0.599285,0.499813,0.000015,2.804487e-02,1.697730e-02,5.145222e-05,-0.1402,-0.0849,-0.0006
0.05000,0.599226,0.499798,0.000016,2.684669e-02,1.637505e-02,3.200562e-05,-0.1342,-0.0819,-0.0004
0.05250,0.599165,0.499782,0.000017,2.568494e-02,1.581202e-02,4.922631e-05,-0.1284,-0.0791,-0.0006
0.05500,0.599103,0.499766,0.000019,2.466328e-02,1.531531e-02,3.463129e-05,-0.1233,-0.0766,-0.0004
0.05750,0.599038,0.499750,0.000020,2.369815e-02,1.485935e-02,4.737033e-05,-0.1185,-0.0743,-0.0006
0.06000,0.598972,0.499733,0.000021,2.282540e-02,1.445072e-02,3.639291e-05,-0.1141,-0.0723,-0.0005
0.06250,0.598905,0.499716,0.000023,2.200532e-02,1.407378e-02,4.580654e-05,-0.1100,-0.0704,-0.0006
0.06500,0.598835,0.499698,0.000024,2.124770e-02,1.372886e-02,3.753574e-05,-0.1062,-0.0686,-0.0005
0.06750,0.598764,0.499680,0.000026,2.053245e-02,1.340679e-02,4.446546e-05,-0.1027,-0.0670,-0.0006
0.07000,0.598692,0.499661,0.000028,1.986054e-02,1.310681e-02,3.819121e-05,-0.0993,-0.0655,-0.0005
0.07250,0.598617,0.499642,0.000029,1.922143e-02,1.282353e-02,4.323746e-05,-0.0961,-0.0641,-0.0005
0.07500,0.598542,0.499622,0.000031,1.861351e-02,1.255633e-02,3.839820e-05,-0.0931,-0.0628,-0.0005
0.07750,0.598464,0.499603,0.000033,1.803071e-02,1.230170e-02,4.196654e-05,-0.0902,-0.0615,-0.0005
0.08000,0.598385,0.499582,0.000034,1.747094e-02,1.205895e-02,3.812703e-05,-0.0874,-0.0603,-0.0005
0.08250,0.598305,0.499561,0.000036,1.693047e-02,1.182561e-02,4.052788e-05,-0.0847,-0.0591,-0.0005
0.08500,0.598222,0.499540,0.000038,1.640748e-02,1.160109e-02,3.737848e-05,-0.0820,-0.0580,-0.0005
0.08750,0.598139,0.499519,0.000040,1.589955e-02,1.138358e-02,3.885004e-05,-0.0795,-0.0569,-0.0005
0.09000,0.598053,0.499497,0.000042,1.540512e-02,1.117262e-02,3.615167e-05,-0.0770,-0.0559,-0.0005
0.09250,0.597967,0.499474,0.000044,1.492254e-02,1.096691e-02,3.687386e-05,-0.0746,-0.0548,-0.0005
0.09500,0.597878,0.499451,0.000046,1.445071e-02,1.076605e-02,3.446575e-05,-0.0723,-0.0538,-0.0004
0.09750,0.597789,0.499428,0.000048,1.398847e-02,1.056898e-02,3.458746e-05,-0.0699,-0.0528,-0.0004
0.10000,0.597697,0.499405,0.000050,1.353498e-02,1.037540e-02,3.234185e-05,-0.0677,-0.0519,-0.0004
0.10250,0.597605,0.499381,0.000052,1.308948e-02,1.018450e-02,3.194870e-05,-0.0654,-0.0509,-0.0004
0.10500,0.597511,0.499356,0.000054,1.265135e-02,9.996066e-03,2.973841e-05,-0.0633,-0.0500,-0.0004
0.10750,0.597415,0.499332,0.000056,1.222005e-02,9.809340e-03,2.886247e-05,-0.0611,-0.0490,-0.0004
0.11000,0.597318,0.499307,0.000059,1.179511e-02,9.624029e-03,2.659529e-05,-0.0590,-0.0481,-0.0003
0.11250,0.597219,0.499281,0.000061,1.137609e-02,9.439576e-03,2.530563e-05,-0.0569,-0.0472,-0.0003
0.11500,0.597119,0.499255,0.000063,1.096281e-02,9.255678e-03,2.296081e-05,-0.0548,-0.0463,-0.0003
0.11750,0.597018,0.499229,0.000066,1.055503e-02,9.071873e-03,2.130875e-05,-0.0528,-0.0454,-0.0003
0.12000,0.596915,0.499202,0.000068,1.015269e-02,8.887866e-03,1.882524e-05,-0.0508,-0.0444,-0.0002
0.12250,0.596811,0.499175,0.000071,9.755656e-03,8.703257e-03,1.682277e-05,-0.0488,-0.0435,-0.0002
0.12500,0.596705,0.499148,0.000073,9.363934e-03,8.517914e-03,1.417410e-05,-0.0468,-0.0426,-0.0002
0.12750,0.596598,0.499120,0.000076,8.977538e-03,8.331649e-03,1.188300e-05,-0.0449,-0.0417,-0.0001
0.13000,0.596489,0.499092,0.000078,8.596640e-03,8.144425e-03,9.152462e-06,-0.0430,-0.0407,-0.0001
0.13250,0.596380,0.499063,0.000081,8.221403e-03,7.955783e-03,6.745456e-06,-0.0411,-0.0398,-0.0001
0.13500,0.596268,0.499035,0.000083,7.852058e-03,7.765666e-03,4.056256e-06,-0.0393,-0.0388,-0.0001
0.13750,0.596156,0.499005,0.000086,7.488782e-03,7.573478e-03,1.597627e-06,-0.0374,-0.0379,-0.0000
0.14000,0.596042,0.498976,0.000088,7.132011e-03,7.379665e-03,-1.031771e-06,-0.0357,-0.0369,0.0000
0.14250,0.595926,0.498946,0.000091,6.782100e-03,7.184103e-03,-3.432768e-06,-0.0339,-0.0359,0.0000
0.14500,0.595809,0.498916,0.000094,6.439495e-03,6.987063e-03,-5.923604e-06,-0.0322,-0.0349,0.0001
0.14750,0.595691,0.498885,0.000096,6.104624e-03,6.788612e-03,-8.206569e-06,-0.0305,-0.0339,0.0001
0.15000,0.595572,0.498854,0.000099,5.777945e-03,6.588969e-03,-1.051693e-05,-0.0289,-0.0329,0.0001
0.15250,0.595451,0.498823,0.000101,5.460010e-03,6.388197e-03,-1.264670e-05,-0.0273,-0.0319,0.0002
0.15500,0.595328,0.498791,0.000104,5.151298e-03,6.186533e-03,-1.477423e-05,-0.0258,-0.0309,0.0002
0.15750,0.595205,0.498759,0.000107,4.852263e-03,5.984208e-03,-1.671560e-05,-0.0243,-0.0299,0.0002
0.16000,0.595080,0.498727,0.000109,4.563620e-03,5.781628e-03,-1.863014e-05,-0.0228,-0.0289,0.0002
0.16250,0.594954,0.498694,0.000112,4.285886e-03,5.578770e-03,-2.034200e-05,-0.0214,-0.0279,0.0003
0.16500,0.594826,0.498661,0.000115,4.019665e-03,5.375993e-03,-2.199429e-05,-0.0201,-0.0269,0.0003
0.16750,0.594697,0.498627,0.000117,3.765206e-03,5.173546e-03,-2.345322e-05,-0.0188,-0.0259,0.0003
0.17000,0.594567,0.498594,0.000120,3.523070e-03,4.971627e-03,-2.484625e-05,-0.0176,-0.0249,0.0003
0.17250,0.594435,0.498559,0.000122,3.293726e-03,4.770972e-03,-2.607759e-05,-0.0165,-0.0239,0.0003
0.17500,0.594302,0.498525,0.000125,3.077644e-03,4.571843e-03,-2.723724e-05,-0.0154,-0.0229,0.0003
0.17750,0.594168,0.498490,0.000127,2.875058e-03,4.374946e-03,-2.826206e-05,-0.0144,-0.0219,0.0004
0.18000,0.594032,0.498455,0.000130,2.686295e-03,4.180759e-03,-2.920367e-05,-0.0134,-0.0209,0.0004
0.18250,0.593896,0.498420,0.000132,2.511993e-03,3.990425e-03,-2.998327e-05,-0.0126,-0.0200,0.0004
0.18500,0.593757,0.498384,0.000135,2.352586e-03,3.804568e-03,-3.065281e-05,-0.0118,-0.0190,0.0004
0.18750,0.593618,0.498348,0.000137,2.208410e-03,3.623841e-03,-3.117018e-05,-0.0110,-0.0181,0.0004
0.19000,0.593477,0.498311,0.000140,2.079929e-03,3.448955e-03,-3.155065e-05,-0.0104,-0.0172,0.0004
0.19250,0.593335,0.498274,0.000142,1.967410e-03,3.280380e-03,-3.176925e-05,-0.0098,-0.0164,0.0004
0.19500,0.593192,0.498237,0.000144,1.871138e-03,3.118895e-03,-3.184477e-05,-0.0094,-0.0156,0.0004
0.19750,0.593048,0.498200,0.000146,1.791128e-03,2.965390e-03,-3.173633e-05,-0.0090,-0.0148,0.0004
0.20000,0.592902,0.498162,0.000149,1.727265e-03,2.820319e-03,-3.147502e-05,-0.0086,-0.0141,0.0004
0.20250,0.592755,0.498124,0.000151,1.679397e-03,2.684200e-03,-3.102877e-05,-0.0084,-0.0134,0.0004
0.20500,0.592606,0.498085,0.000153,1.647129e-03,2.557202e-03,-3.046097e-05,-0.0082,-0.0128,0.0004
0.20750,0.592457,0.498047,0.000155,1.629858e-03,2.439650e-03,-2.970326e-05,-0.0081,-0.0122,0.0004
0.21000,0.592306,0.498007,0.000157,1.626850e-03,2.331708e-03,-2.887572e-05,-0.0081,-0.0117,0.0004
0.21250,0.592154,0.497968,0.000159,1.637608e-03,2.233504e-03,-2.787527e-05,-0.0082,-0.0112,0.0003
0.21500,0.592001,0.497928,0.000161,1.661799e-03,2.145266e-03,-2.679596e-05,-0.0083,-0.0107,0.0003
0.21750,0.591847,0.497888,0.000162,1.699137e-03,2.067039e-03,-2.556043e-05,-0.0085,-0.0103,0.0003
0.22000,0.591691,0.497848,0.000164,1.749127e-03,1.999015e-03,-2.417700e-05,-0.0087,-0.0100,0.0003
0.22250,0.591534,0.497807,0.000166,1.811321e-03,1.940943e-03,-2.256539e-05,-0.0091,-0.0097,0.0003
0.22500,0.591376,0.497766,0.000167,1.885152e-03,1.892273e-03,-2.081053e-05,-0.0094,-0.0095,0.0003
0.22750,0.591217,0.497725,0.000169,1.969767e-03,1.852640e-03,-1.891457e-05,-0.0098,-0.0093,0.0002
0.23000,0.591057,0.497684,0.000170,2.064066e-03,1.821437e-03,-1.693259e-05,-0.0103,-0.0091,0.0002
0.23250,0.590895,0.497642,0.000171,2.167442e-03,1.797767e-03,-1.490936e-05,-0.0108,-0.0090,0.0002
0.23500,0.590733,0.497600,0.000172,2.278629e-03,1.781453e-03,-1.297551e-05,-0.0114,-0.0089,0.0002
0.23750,0.590569,0.497557,0.000173,2.396748e-03,1.771855e-03,-1.115774e-05,-0.0120,-0.0089,0.0001
0.24000,0.590404,0.497515,0.000174,2.521457e-03,1.768300e-03,-9.431466e-06,-0.0126,-0.0088,0.0001
0.24250,0.590238,0.497472,0.000175,2.652059e-03,1.769712e-03,-7.932347e-06,-0.0133,-0.0088,0.0001
0.24500,0.590071,0.497429,0.000176,2.787512e-03,1.776185e-03,-6.684832e-06,-0.0139,-0.0089,0.0001
0.24750,0.589902,0.497385,0.000177,2.927042e-03,1.788064e-03,-5.876740e-06,-0.0146,-0.0089,0.0001
0.25000,0.589733,0.497342,0.000177,3.070191e-03,1.805289e-03,-5.379229e-06,-0.0154,-0.0090,0.0001
0.25250,0.589562,0.497298,0.000177,3.216535e-03,1.827389e-03,-5.259716e-06,-0.0161,-0.0091,0.0001
0.25500,0.589391,0.497254,0.000178,3.365744e-03,1.853244e-03,-5.488607e-06,-0.0168,-0.0093,0.0001
0.25750,0.589218,0.497209,0.000178,3.517539e-03,1.882884e-03,-6.161314e-06,-0.0176,-0.0094,0.0001
0.26000,0.589044,0.497164,0.000178,3.671499e-03,1.914569e-03,-7.226178e-06,-0.0184,-0.0096,0.0001
0.26250,0.588869,0.497120,0.000178,3.827393e-03,1.948213e-03,-8.862055e-06,-0.0191,-0.0097,0.0001
0.26500,0.588694,0.497074,0.000177,3.984431e-03,1.983159e-03,-1.099171e-05,-0.0199,-0.0099,0.0001
0.26750,0.588517,0.497029,0.000177,4.142432e-03,2.019718e-03,-1.350039e-05,-0.0207,-0.0101,0.0002
0.27000,0.588339,0.496983,0.000176,4.301582e-03,2.057105e-03,-1.634720e-05,-0.0215,-0.0103,0.0002
0.27250,0.588160,0.496938,0.000175,4.461583e-03,2.096454e-03,-1.936687e-05,-0.0223,-0.0105,0.0002
0.27500,0.587980,0.496892,0.000174,4.621769e-03,2.137888e-03,-2.252116e-05,-0.0231,-0.0107,0.0003
0.27750,0.587798,0.496845,0.000173,4.781977e-03,2.181546e-03,-2.574269e-05,-0.0239,-0.0109,0.0003
0.28000,0.587616,0.496799,0.000171,4.942134e-03,2.227585e-03,-2.900324e-05,-0.0247,-0.0111,0.0004
0.28250,0.587433,0.496752,0.000170,5.102651e-03,2.275837e-03,-3.228009e-05,-0.0255,-0.0114,0.0004
0.28500,0.587249,0.496705,0.000168,5.263699e-03,2.327728e-03,-3.553242e-05,-0.0263,-0.0116,0.0004
0.28750,0.587064,0.496658,0.000165,5.425671e-03,2.383106e-03,-3.881029e-05,-0.0271,-0.0119,0.0005
0.29000,0.586878,0.496611,0.000163,5.588757e-03,2.441282e-03,-4.202809e-05,-0.0279,-0.0122,0.0005
0.29250,0.586691,0.496564,0.000160,5.753075e-03,2.502413e-03,-4.528053e-05,-0.0288,-0.0125,0.0006
0.29500,0.586503,0.496516,0.000157,5.919104e-03,2.566884e-03,-4.843682e-05,-0.0296,-0.0128,0.0006
0.29750,0.586314,0.496468,0.000154,6.086985e-03,2.634258e-03,-5.164362e-05,-0.0304,-0.0132,0.0006
0.30000,0.586124,0.496420,0.000150,6.256797e-03,2.704305e-03,-5.470349e-05,-0.0313,-0.0135,0.0007
0.30250,0.585933,0.496372,0.000146,6.428066e-03,2.776666e-03,-5.786521e-05,-0.0321,-0.0139,0.0007
0.30500,0.585741,0.496324,0.000142,6.600914e-03,2.849973e-03,-6.079702e-05,-0.0330,-0.0142,0.0008
0.30750,0.585548,0.496275,0.000137,6.775541e-03,2.923500e-03,-6.382602e-05,-0.0339,-0.0146,0.0008
0.31000,0.585355,0.496227,0.000132,6.951674e-03,2.995716e-03,-6.666536e-05,-0.0348,-0.0150,0.0008
0.31250,0.585160,0.496178,0.000127,7.128399e-03,3.065905e-03,-6.958303e-05,-0.0356,-0.0153,0.0009
0.31500,0.584964,0.496129,0.000121,7.305916e-03,3.133188e-03,-7.236295e-05,-0.0365,-0.0157,0.0009
0.31750,0.584768,0.496080,0.000115,7.483927e-03,3.196860e-03,-7.517108e-05,-0.0374,-0.0160,0.0009
0.32000,0.584570,0.496031,0.000109,7.661629e-03,3.256843e-03,-7.775144e-05,-0.0383,-0.0163,0.0010
0.32250,0.584372,0.495982,0.000102,7.839661e-03,3.313537e-03,-8.023766e-05,-0.0392,-0.0166,0.0010
0.32500,0.584173,0.495932,0.000095,8.017849e-03,3.366802e-03,-8.243900e-05,-0.0401,-0.0168,0.0010
0.32750,0.583973,0.495883,0.000087,8.196169e-03,3.415839e-03,-8.446601e-05,-0.0410,-0.0171,0.0011
0.33000,0.583772,0.495833,0.000079,8.374912e-03,3.459582e-03,-8.633476e-05,-0.0419,-0.0173,0.0011
0.33250,0.583570,0.495783,0.000071,8.553573e-03,3.496412e-03,-8.807882e-05,-0.0428,-0.0175,0.0011
0.33500,0.583368,0.495733,0.000062,8.732379e-03,3.525353e-03,-8.973595e-05,-0.0437,-0.0176,0.0011
0.33750,0.583164,0.495683,0.000052,8.910104e-03,3.546599e-03,-9.130379e-05,-0.0446,-0.0177,0.0011
0.34000,0.582960,0.495633,0.000042,9.086614e-03,3.560253e-03,-9.303520e-05,-0.0454,-0.0178,0.0012
0.34250,0.582755,0.495583,0.000032,9.261290e-03,3.566984e-03,-9.503043e-05,-0.0463,-0.0178,0.0012
0.34500,0.582549,0.495532,0.000021,9.432458e-03,3.568034e-03,-9.766819e-05,-0.0472,-0.0178,0.0012
0.34750,0.582342,0.495482,0.000010,9.599866e-03,3.563112e-03,-1.009324e-04,-0.0480,-0.0178,0.0013
0.35000,0.582134,0.495431,-0.000002,9.762141e-03,3.551399e-03,-1.046944e-04,-0.0488,-0.0178,0.0013
0.35250,0.581925,0.495381,-0.000014,9.918154e-03,3.533995e-03,-1.090678e-04,-0.0496,-0.0177,0.0014
0.35500,0.581716,0.495330,-0.000026,1.006739e-02,3.509720e-03,-1.139434e-04,-0.0503,-0.0175,0.0014
0.35750,0.581506,0.495279,-0.000040,1.020925e-02,3.478074e-03,-1.194216e-04,-0.0510,-0.0174,0.0015
0.36000,0.581295,0.495228,-0.000054,1.034177e-02,3.439498e-03,-1.252746e-04,-0.0517,-0.0172,0.0016
0.36250,0.581083,0.495177,-0.000068,1.046535e-02,3.392237e-03,-1.315091e-04,-0.0523,-0.0170,0.0016
0.36500,0.580871,0.495126,-0.000083,1.057816e-02,3.337324e-03,-1.379378e-04,-0.0529,-0.0167,0.0017
0.36750,0.580658,0.495075,-0.000098,1.068047e-02,3.276596e-03,-1.440813e-04,-0.0534,-0.0164,0.0018
0.37000,0.580443,0.495024,-0.000115,1.076992e-02,3.209225e-03,-1.498605e-04,-0.0538,-0.0160,0.0019
0.37250,0.580229,0.494972,-0.000131,1.084576e-02,3.133608e-03,-1.552479e-04,-0.0542,-0.0157,0.0019
0.37500,0.580013,0.494921,-0.000149,1.090736e-02,3.051870e-03,-1.600246e-04,-0.0545,-0.0153,0.0020
0.37750,0.579797,0.494870,-0.000167,1.095489e-02,2.964503e-03,-1.642333e-04,-0.0548,-0.0148,0.0021
0.38000,0.579579,0.494818,-0.000186,1.098871e-02,2.872638e-03,-1.677898e-04,-0.0549,-0.0144,0.0021
0.38250,0.579361,0.494766,-0.000205,1.101010e-02,2.777238e-03,-1.707402e-04,-0.0551,-0.0139,0.0021
0.38500,0.579143,0.494715,-0.000225,1.101974e-02,2.678433e-03,-1.730767e-04,-0.0551,-0.0134,0.0022
0.38750,0.578923,0.494663,-0.000246,1.101804e-02,2.574456e-03,-1.746508e-04,-0.0551,-0.0129,0.0022
0.39000,0.578703,0.494611,-0.000268,1.100546e-02,2.465920e-03,-1.756844e-04,-0.0550,-0.0123,0.0022
0.39250,0.578482,0.494559,-0.000290,1.098436e-02,2.354004e-03,-1.760759e-04,-0.0549,-0.0118,0.0022
0.39500,0.578260,0.494507,-0.000313,1.095626e-02,2.239086e-03,-1.759939e-04,-0.0548,-0.0112,0.0022
0.39750,0.578038,0.494455,-0.000337,1.092376e-02,2.123264e-03,-1.752458e-04,-0.0546,-0.0106,0.0022
0.40000,0.577815,0.494403,-0.000361,1.088736e-02,2.006595e-03,-1.739645e-04,-0.0544,-0.0100,0.0022
0.40250,0.577591,0.494351,-0.000387,1.084911e-02,1.889444e-03,-1.720323e-04,-0.0542,-0.0094,0.0022
0.40500,0.577366,0.494299,-0.000413,1.080989e-02,1.772111e-03,-1.694973e-04,-0.0540,-0.0089,0.0021
0.40750,0.577141,0.494247,-0.000440,1.077113e-02,1.655915e-03,-1.663013e-04,-0.0539,-0.0083,0.0021
0.41000,0.576915,0.494194,-0.000467,1.073338e-02,1.540465e-03,-1.625276e-04,-0.0537,-0.0077,0.0020
0.41250,0.576688,0.494142,-0.000496,1.069661e-02,1.426063e-03,-1.580917e-04,-0.0535,-0.0071,0.0020
0.41500,0.576460,0.494090,-0.000525,1.066048e-02,1.312521e-03,-1.532405e-04,-0.0533,-0.0066,0.0019
0.41750,0.576232,0.494037,-0.000555,1.062540e-02,1.199261e-03,-1.476763e-04,-0.0531,-0.0060,0.0018
0.42000,0.576003,0.493985,-0.000586,1.059367e-02,1.086859e-03,-1.415804e-04,-0.0530,-0.0054,0.0018
0.42250,0.575773,0.493932,-0.000618,1.056600e-02,9.748826e-04,-1.346777e-04,-0.0528,-0.0049,0.0017
0.42500,0.575543,0.493879,-0.000650,1.054325e-02,8.619208e-04,-1.272667e-04,-0.0527,-0.0043,0.0016
0.42750,0.575312,0.493827,-0.000684,1.052464e-02,7.477479e-04,-1.192247e-04,-0.0526,-0.0037,0.0015
0.43000,0.575080,0.493774,-0.000718,1.051110e-02,6.321756e-04,-1.111303e-04,-0.0526,-0.0032,0.0014
0.43250,0.574847,0.493721,-0.000753,1.050176e-02,5.151107e-04,-1.029264e-04,-0.0525,-0.0026,0.0013
0.43500,0.574614,0.493669,-0.000789,1.049980e-02,3.971710e-04,-9.504839e-05,-0.0525,-0.0020,0.0012
0.43750,0.574380,0.493616,-0.000825,1.050499e-02,2.748562e-04,-8.718212e-05,-0.0525,-0.0014,0.0011
0.44000,0.574145,0.493563,-0.000863,1.051990e-02,1.529707e-04,-8.004196e-05,-0.0526,-0.0008,0.0010
0.44250,0.573910,0.493510,-0.000901,1.054519e-02,3.176510e-05,-7.333027e-05,-0.0527,-0.0002,0.0009
0.44500,0.573674,0.493457,-0.000940,1.058046e-02,-8.771069e-05,-6.733899e-05,-0.0529,0.0004,0.0008
0.44750,0.573437,0.493404,-0.000980,1.062731e-02,-2.057922e-04,-6.203787e-05,-0.0531,0.0010,0.0008
0.45000,0.573200,0.493351,-0.001021,1.068393e-02,-3.241154e-04,-5.753268e-05,-0.0534,0.0016,0.0007
0.45250,0.572962,0.493298,-0.001063,1.075009e-02,-4.420603e-04,-5.385489e-05,-0.0538,0.0022,0.0007
0.45500,0.572723,0.493245,-0.001105,1.082433e-02,-5.580601e-04,-5.059629e-05,-0.0541,0.0028,0.0006
0.45750,0.572484,0.493192,-0.001149,1.090699e-02,-6.736348e-04,-4.785481e-05,-0.0545,0.0034,0.0006
0.46000,0.572244,0.493139,-0.001193,1.099572e-02,-7.855596e-04,-4.502891e-05,-0.0550,0.0039,0.0006
0.46250,0.572003,0.493086,-0.001238,1.108943e-02,-8.951234e-04,-4.244963e-05,-0.0554,0.0045,0.0005
0.46500,0.571761,0.493033,-0.001284,1.118695e-02,-1.000851e-03,-3.967210e-05,-0.0559,0.0050,0.0005
0.46750,0.571519,0.492979,-0.001331,1.128821e-02,-1.102706e-03,-3.710625e-05,-0.0564,0.0055,0.0005
0.47000,0.571277,0.492926,-0.001379,1.139316e-02,-1.199952e-03,-3.432115e-05,-0.0570,0.0060,0.0004
0.47250,0.571033,0.492873,-0.001428,1.150106e-02,-1.294524e-03,-3.155656e-05,-0.0575,0.0065,0.0004
0.47500,0.570790,0.492820,-0.001478,1.161377e-02,-1.385744e-03,-2.866176e-05,-0.0581,0.0069,0.0004
0.47750,0.570545,0.492766,-0.001528,1.172807e-02,-1.474313e-03,-2.566919e-05,-0.0586,0.0074,0.0003
0.48000,0.570300,0.492713,-0.001580,1.184464e-02,-1.559593e-03,-2.252263e-05,-0.0592,0.0078,0.0003
0.48250,0.570054,0.492660,-0.001633,1.196275e-02,-1.643092e-03,-1.926943e-05,-0.0598,0.0082,0.0002
0.48500,0.569808,0.492606,-0.001686,1.208345e-02,-1.724910e-03,-1.586405e-05,-0.0604,0.0086,0.0002
0.48750,0.569561,0.492553,-0.001741,1.220846e-02,-1.806429e-03,-1.229805e-05,-0.0610,0.0090,0.0002
0.49000,0.569313,0.492500,-0.001796,1.233723e-02,-1.887248e-03,-8.610973e-06,-0.0617,0.0094,0.0001
0.49250,0.569065,0.492446,-0.001853,1.246980e-02,-1.968464e-03,-4.859458e-06,-0.0623,0.0098,0.0001
0.49500,0.568816,0.492393,-0.001910,1.260931e-02,-2.047806e-03,-9.145647e-07,-0.0630,0.0102,0.0000
0.49750,0.568567,0.492340,-0.001968,1.275569e-02,-2.125074e-03,3.397259e-06,-0.0638,0.0106,-0.0000
0.50000,0.568317,0.492286,-0.002028,1.290714e-02,-2.201195e-03,7.949109e-06,-0.0645,0.0110,-0.0001
0.50250,0.568066,0.492233,-0.002088,1.306344e-02,-2.276254e-03,1.276636e-05,-0.0653,0.0114,-0.0002
0.50500,0.567815,0.492180,-0.002150,1.322511e-02,-2.351946e-03,1.763008e-05,-0.0661,0.0118,-0.0002
0.50750,0.567563,0.492126,-0.002212,1.339176e-02,-2.428904e-03,2.251874e-05,-0.0670,0.0121,-0.0003
0.51000,0.567311,0.492073,-0.002276,1.356373e-02,-2.504825e-03,2.721248e-05,-0.0678,0.0125,-0.0003
0.51250,0.567058,0.492020,-0.002340,1.374103e-02,-2.577704e-03,3.109437e-05,-0.0687,0.0129,-0.0004
0.51500,0.566805,0.491966,-0.002406,1.392619e-02,-2.643382e-03,3.357376e-05,-0.0696,0.0132,-0.0004
0.51750,0.566551,0.491913,-0.002472,1.411409e-02,-2.702313e-03,3.473238e-05,-0.0706,0.0135,-0.0004
0.52000,0.566297,0.491860,-0.002540,1.430360e-02,-2.753423e-03,3.456098e-05,-0.0715,0.0138,-0.0004
0.52250,0.566042,0.491807,-0.002608,1.449402e-02,-2.796262e-03,3.302815e-05,-0.0725,0.0140,-0.0004
0.52500,0.565786,0.491753,-0.002678,1.468590e-02,-2.830885e-03,3.001825e-05,-0.0734,0.0142,-0.0004
0.52750,0.565530,0.491700,-0.002749,1.487538e-02,-2.858795e-03,2.600923e-05,-0.0744,0.0143,-0.0003
0.53000,0.565274,0.491647,-0.002821,1.506243e-02,-2.880566e-03,2.089479e-05,-0.0753,0.0144,-0.0003
0.53250,0.565017,0.491594,-0.002894,1.524561e-02,-2.891918e-03,1.557413e-05,-0.0762,0.0145,-0.0002
0.53500,0.564759,0.491541,-0.002968,1.542517e-02,-2.892607e-03,1.007805e-05,-0.0771,0.0145,-0.0001
0.53750,0.564501,0.491488,-0.003043,1.559732e-02,-2.886188e-03,4.666672e-06,-0.0780,0.0144,-0.0001
0.54000,0.564243,0.491435,-0.003119,1.576371e-02,-2.872363e-03,-6.666515e-07,-0.0788,0.0144,0.0000
0.54250,0.563984,0.491382,-0.003197,1.592569e-02,-2.849012e-03,-5.518602e-06,-0.0796,0.0142,0.0001
0.54500,0.563724,0.491329,-0.003276,1.608464e-02,-2.816359e-03,-1.015958e-05,-0.0804,0.0141,0.0001
0.54750,0.563464,0.491276,-0.003355,1.623979e-02,-2.774073e-03,-1.411504e-05,-0.0812,0.0139,0.0002
0.55000,0.563204,0.491223,-0.003437,1.639099e-02,-2.722189e-03,-1.774628e-05,-0.0820,0.0136,0.0002
0.55250,0.562943,0.491170,-0.003519,1.653752e-02,-2.664128e-03,-2.073125e-05,-0.0827,0.0133,0.0003
0.55500,0.562682,0.491118,-0.003602,1.668306e-02,-2.598240e-03,-2.349364e-05,-0.0834,0.0130,0.0003
0.55750,0.562420,0.491065,-0.003687,1.682701e-02,-2.525966e-03,-2.570529e-05,-0.0841,0.0126,0.0003
0.56000,0.562158,0.491012,-0.003773,1.696977e-02,-2.446855e-03,-2.750847e-05,-0.0848,0.0122,0.0003
0.56250,0.561895,0.490960,-0.003860,1.710757e-02,-2.363207e-03,-2.857299e-05,-0.0855,0.0118,0.0004
0.56500,0.561632,0.490908,-0.003949,1.724018e-02,-2.277313e-03,-2.885238e-05,-0.0862,0.0114,0.0004
0.56750,0.561368,0.490855,-0.004039,1.736835e-02,-2.190935e-03,-2.831057e-05,-0.0868,0.0110,0.0004
0.57000,0.561104,0.490803,-0.004130,1.748914e-02,-2.105585e-03,-2.707717e-05,-0.0874,0.0105,0.0003
0.57250,0.560839,0.490751,-0.004222,1.760201e-02,-2.024805e-03,-2.486808e-05,-0.0880,0.0101,0.0003
0.57500,0.560574,0.490699,-0.004315,1.770603e-02,-1.948783e-03,-2.182501e-05,-0.0885,0.0097,0.0003
0.57750,0.560309,0.490647,-0.004410,1.780046e-02,-1.881598e-03,-1.777140e-05,-0.0890,0.0094,0.0002
0.58000,0.560043,0.490595,-0.004506,1.788352e-02,-1.825087e-03,-1.254813e-05,-0.0894,0.0091,0.0002
0.58250,0.559777,0.490544,-0.004604,1.795470e-02,-1.782324e-03,-6.102901e-06,-0.0898,0.0089,0.0001
0.58500,0.559510,0.490492,-0.004702,1.801364e-02,-1.755566e-03,1.280225e-06,-0.0901,0.0088,-0.0000
0.58750,0.559243,0.490441,-0.004802,1.805744e-02,-1.741981e-03,9.042312e-06,-0.0903,0.0087,-0.0001
0.59000,0.558976,0.490390,-0.004903,1.809040e-02,-1.746697e-03,1.731360e-05,-0.0905,0.0087,-0.0002
0.59250,0.558708,0.490338,-0.005005,1.811521e-02,-1.769047e-03,2.558542e-05,-0.0906,0.0088,-0.0003
0.59500,0.558440,0.490287,-0.005109,1.813523e-02,-1.810135e-03,3.420336e-05,-0.0907,0.0091,-0.0004
0.59750,0.558171,0.490237,-0.005213,1.815413e-02,-1.863353e-03,4.218798e-05,-0.0908,0.0093,-0.0005
0.60000,0.557902,0.490186,-0.005319,1.817212e-02,-1.931767e-03,5.004877e-05,-0.0909,0.0097,-0.0006
0.60250,0.557632,0.490135,-0.005426,1.818979e-02,-2.013324e-03,5.702179e-05,-0.0909,0.0101,-0.0007
0.60500,0.557362,0.490085,-0.005535,1.820600e-02,-2.109357e-03,6.366733e-05,-0.0910,0.0105,-0.0008
0.60750,0.557092,0.490034,-0.005645,1.821792e-02,-2.216771e-03,6.975344e-05,-0.0911,0.0111,-0.0009
0.61000,0.556821,0.489984,-0.005755,1.822599e-02,-2.335683e-03,7.578501e-05,-0.0911,0.0117,-0.0009
0.61250,0.556550,0.489934,-0.005868,1.823253e-02,-2.462037e-03,8.166279e-05,-0.0912,0.0123,-0.0010
0.61500,0.556279,0.489884,-0.005981,1.823647e-02,-2.593747e-03,8.781554e-05,-0.0912,0.0130,-0.0011
0.61750,0.556007,0.489834,-0.006096,1.823958e-02,-2.729760e-03,9.387519e-05,-0.0912,0.0136,-0.0012
0.62000,0.555734,0.489784,-0.006212,1.824283e-02,-2.867851e-03,1.002596e-04,-0.0912,0.0143,-0.0013
0.62250,0.555462,0.489735,-0.006329,1.824848e-02,-3.009513e-03,1.067614e-04,-0.0912,0.0150,-0.0013
0.62500,0.555188,0.489685,-0.006447,1.825403e-02,-3.152256e-03,1.136363e-04,-0.0913,0.0158,-0.0014
0.62750,0.554915,0.489636,-0.006567,1.826198e-02,-3.297339e-03,1.207273e-04,-0.0913,0.0165,-0.0015
0.63000,0.554641,0.489586,-0.006688,1.827575e-02,-3.443183e-03,1.283336e-04,-0.0914,0.0172,-0.0016
0.63250,0.554367,0.489537,-0.006810,1.829413e-02,-3.589259e-03,1.363617e-04,-0.0915,0.0179,-0.0017
0.63500,0.554092,0.489488,-0.006934,1.831915e-02,-3.735693e-03,1.449304e-04,-0.0916,0.0187,-0.0018
0.63750,0.553817,0.489440,-0.007059,1.835611e-02,-3.880573e-03,1.536830e-04,-0.0918,0.0194,-0.0019
0.64000,0.553542,0.489391,-0.007185,1.840634e-02,-4.024693e-03,1.629410e-04,-0.0920,0.0201,-0.0020
0.64250,0.553266,0.489342,-0.007312,1.846874e-02,-4.167869e-03,1.723904e-04,-0.0923,0.0208,-0.0022
0.64500,0.552990,0.489294,-0.007441,1.854529e-02,-4.310824e-03,1.822784e-04,-0.0927,0.0216,-0.0023
0.64750,0.552713,0.489246,-0.007571,1.863775e-02,-4.451770e-03,1.924595e-04,-0.0932,0.0223,-0.0024
0.65000,0.552436,0.489197,-0.007702,1.874392e-02,-4.590680e-03,2.030501e-04,-0.0937,0.0230,-0.0025
0.65250,0.552159,0.489149,-0.007835,1.886213e-02,-4.728240e-03,2.136779e-04,-0.0943,0.0236,-0.0027
0.65500,0.551882,0.489101,-0.007968,1.899304e-02,-4.861010e-03,2.241765e-04,-0.0950,0.0243,-0.0028
0.65750,0.551604,0.489054,-0.008104,1.913524e-02,-4.987649e-03,2.340104e-04,-0.0957,0.0249,-0.0029
0.66000,0.551325,0.489006,-0.008240,1.928932e-02,-5.104648e-03,2.426704e-04,-0.0964,0.0255,-0.0030
0.66250,0.551047,0.488959,-0.008378,1.945494e-02,-5.208118e-03,2.494906e-04,-0.0973,0.0260,-0.0031
0.66500,0.550768,0.488911,-0.008517,1.962704e-02,-5.296799e-03,2.541706e-04,-0.0981,0.0265,-0.0032
0.66750,0.550489,0.488864,-0.008657,1.980743e-02,-5.373454e-03,2.573513e-04,-0.0990,0.0269,-0.0032
0.67000,0.550209,0.488817,-0.008799,1.999246e-02,-5.436517e-03,2.587482e-04,-0.1000,0.0272,-0.0032
0.67250,0.549929,0.488770,-0.008941,2.018140e-02,-5.487182e-03,2.586657e-04,-0.1009,0.0274,-0.0032
0.67500,0.549649,0.488723,-0.009086,2.037105e-02,-5.526697e-03,2.573169e-04,-0.1019,0.0276,-0.0032
0.67750,0.549368,0.488677,-0.009231,2.055629e-02,-5.554273e-03,2.553331e-04,-0.1028,0.0278,-0.0032
0.68000,0.549087,0.488630,-0.009378,2.073863e-02,-5.568489e-03,2.531363e-04,-0.1037,0.0278,-0.0032
0.68250,0.548806,0.488584,-0.009527,2.091604e-02,-5.570520e-03,2.508227e-04,-0.1046,0.0279,-0.0031
0.68500,0.548525,0.488538,-0.009676,2.108883e-02,-5.561180e-03,2.483322e-04,-0.1054,0.0278,-0.0031
0.68750,0.548243,0.488492,-0.009827,2.125660e-02,-5.539725e-03,2.455906e-04,-0.1063,0.0277,-0.0031
0.69000,0.547961,0.488446,-0.009980,2.141981e-02,-5.505690e-03,2.429869e-04,-0.1071,0.0275,-0.0030
0.69250,0.547678,0.488400,-0.010134,2.158217e-02,-5.458617e-03,2.404306e-04,-0.1079,0.0273,-0.0030
0.69500,0.547396,0.488355,-0.010289,2.174204e-02,-5.397570e-03,2.383457e-04,-0.1087,0.0270,-0.0030
0.69750,0.547113,0.488310,-0.010445,2.190260e-02,-5.325526e-03,2.365978e-04,-0.1095,0.0266,-0.0030
0.70000,0.546830,0.488265,-0.010603,2.206231e-02,-5.242775e-03,2.354898e-04,-0.1103,0.0262,-0.0029
0.70250,0.546546,0.488220,-0.010763,2.221607e-02,-5.153036e-03,2.347132e-04,-0.1111,0.0258,-0.0029
0.70500,0.546263,0.488175,-0.010924,2.236142e-02,-5.059396e-03,2.345625e-04,-0.1118,0.0253,-0.0029
0.70750,0.545979,0.488130,-0.011086,2.249865e-02,-4.963541e-03,2.349557e-04,-0.1125,0.0248,-0.0029
0.71000,0.545694,0.488086,-0.011250,2.262100e-02,-4.868766e-03,2.364992e-04,-0.1131,0.0243,-0.0030
0.71250,0.545410,0.488042,-0.011415,2.272875e-02,-4.779655e-03,2.390488e-04,-0.1136,0.0239,-0.0030
0.71500,0.545125,0.487998,-0.011582,2.282028e-02,-4.698426e-03,2.429390e-04,-0.1141,0.0235,-0.0030
0.71750,0.544840,0.487954,-0.011749,2.289481e-02,-4.627098e-03,2.481536e-04,-0.1145,0.0231,-0.0031
0.72000,0.544555,0.487911,-0.011919,2.294915e-02,-4.570583e-03,2.547011e-04,-0.1147,0.0229,-0.0032
0.72250,0.544269,0.487868,-0.012090,2.298690e-02,-4.528722e-03,2.625122e-04,-0.1149,0.0226,-0.0033
0.72500,0.543983,0.487825,-0.012262,2.300434e-02,-4.504966e-03,2.717650e-04,-0.1150,0.0225,-0.0034
0.72750,0.543697,0.487782,-0.012435,2.300230e-02,-4.499549e-03,2.823467e-04,-0.1150,0.0225,-0.0035
0.73000,0.543411,0.487739,-0.012610,2.298234e-02,-4.513420e-03,2.942382e-04,-0.1149,0.0226,-0.0037
0.73250,0.543125,0.487697,-0.012786,2.294723e-02,-4.545011e-03,3.066367e-04,-0.1147,0.0227,-0.0038
0.73500,0.542838,0.487655,-0.012964,2.290298e-02,-4.594237e-03,3.195252e-04,-0.1145,0.0230,-0.0040
0.73750,0.542551,0.487613,-0.013143,2.285330e-02,-4.660731e-03,3.323634e-04,-0.1143,0.0233,-0.0042
0.74000,0.542264,0.487571,-0.013323,2.280256e-02,-4.742603e-03,3.449159e-04,-0.1140,0.0237,-0.0043
0.74250,0.541976,0.487530,-0.013505,2.274941e-02,-4.838071e-03,3.568507e-04,-0.1137,0.0242,-0.0045
0.74500,0.541688,0.487489,-0.013688,2.269183e-02,-4.944406e-03,3.677480e-04,-0.1135,0.0247,-0.0046
0.74750,0.541400,0.487448,-0.013872,2.262751e-02,-5.063736e-03,3.781945e-04,-0.1131,0.0253,-0.0047
0.75000,0.541112,0.487407,-0.014058,2.255418e-02,-5.193641e-03,3.879441e-04,-0.1128,0.0260,-0.0048
0.75250,0.540823,0.487366,-0.014245,2.247562e-02,-5.331766e-03,3.976035e-04,-0.1124,0.0267,-0.0050
0.75500,0.540535,0.487326,-0.014433,2.239505e-02,-5.476145e-03,4.073197e-04,-0.1120,0.0274,-0.0051
0.75750,0.540246,0.487286,-0.014623,2.231709e-02,-5.623930e-03,4.174909e-04,-0.1116,0.0281,-0.0052
0.76000,0.539956,0.487246,-0.014814,2.224023e-02,-5.777636e-03,4.278085e-04,-0.1112,0.0289,-0.0053
0.76250,0.539667,0.487206,-0.015007,2.216585e-02,-5.934166e-03,4.387747e-04,-0.1108,0.0297,-0.0055
0.76500,0.539377,0.487167,-0.015200,2.209740e-02,-6.093910e-03,4.499854e-04,-0.1105,0.0305,-0.0056
0.76750,0.539087,0.487128,-0.015395,2.204046e-02,-6.253114e-03,4.618884e-04,-0.1102,0.0313,-0.0058
0.77000,0.538797,0.487089,-0.015592,2.199286e-02,-6.413638e-03,4.741335e-04,-0.1100,0.0321,-0.0059
0.77250,0.538507,0.487050,-0.015789,2.196139e-02,-6.574336e-03,4.871027e-04,-0.1098,0.0329,-0.0061
0.77500,0.538216,0.487012,-0.015988,2.194889e-02,-6.732880e-03,5.006941e-04,-0.1097,0.0337,-0.0063
0.77750,0.537925,0.486973,-0.016189,2.195578e-02,-6.890037e-03,5.149173e-04,-0.1098,0.0345,-0.0064
0.78000,0.537634,0.486935,-0.016391,2.198151e-02,-7.044165e-03,5.295635e-04,-0.1099,0.0352,-0.0066
0.78250,0.537342,0.486898,-0.016594,2.202968e-02,-7.195617e-03,5.443633e-04,-0.1101,0.0360,-0.0068
0.78500,0.537051,0.486860,-0.016798,2.210096e-02,-7.341394e-03,5.589001e-04,-0.1105,0.0367,-0.0070
0.78750,0.536759,0.486823,-0.017004,2.219569e-02,-7.480832e-03,5.730679e-04,-0.1110,0.0374,-0.0072
0.79000,0.536467,0.486786,-0.017211,2.231307e-02,-7.612955e-03,5.869035e-04,-0.1116,0.0381,-0.0073
0.79250,0.536174,0.486749,-0.017419,2.245228e-02,-7.735796e-03,5.999385e-04,-0.1123,0.0387,-0.0075
0.79500,0.535882,0.486712,-0.017629,2.261102e-02,-7.847064e-03,6.116216e-04,-0.1131,0.0392,-0.0076
0.79750,0.535589,0.486675,-0.017839,2.279116e-02,-7.943501e-03,6.215965e-04,-0.1140,0.0397,-0.0078
0.80000,0.535296,0.486639,-0.018052,2.298607e-02,-8.024626e-03,6.298051e-04,-0.1149,0.0401,-0.0079
0.80250,0.535003,0.486603,-0.018265,2.319174e-02,-8.092514e-03,6.361141e-04,-0.1160,0.0405,-0.0080
0.80500,0.534709,0.486567,-0.018480,2.340473e-02,-8.147826e-03,6.409292e-04,-0.1170,0.0407,-0.0080
0.80750,0.534416,0.486532,-0.018696,2.362085e-02,-8.189798e-03,6.439779e-04,-0.1181,0.0409,-0.0080
0.81000,0.534122,0.486497,-0.018914,2.384002e-02,-8.220013e-03,6.456721e-04,-0.1192,0.0411,-0.0081
0.81250,0.533828,0.486462,-0.019133,2.405731e-02,-8.236759e-03,6.458702e-04,-0.1203,0.0412,-0.0081
0.81500,0.533534,0.486427,-0.019353,2.427388e-02,-8.236580e-03,6.451397e-04,-0.1214,0.0412,-0.0081
0.81750,0.533240,0.486392,-0.019575,2.449165e-02,-8.219719e-03,6.435102e-04,-0.1225,0.0411,-0.0080
0.82000,0.532945,0.486358,-0.019798,2.471011e-02,-8.186168e-03,6.415823e-04,-0.1236,0.0409,-0.0080
0.82250,0.532650,0.486324,-0.020022,2.492518e-02,-8.139632e-03,6.392159e-04,-0.1246,0.0407,-0.0080
0.82500,0.532356,0.486290,-0.020248,2.513531e-02,-8.085751e-03,6.372632e-04,-0.1257,0.0404,-0.0080
0.82750,0.532061,0.486256,-0.020475,2.533664e-02,-8.025064e-03,6.350638e-04,-0.1267,0.0401,-0.0079
0.83000,0.531765,0.486223,-0.020703,2.552963e-02,-7.956600e-03,6.332095e-04,-0.1276,0.0398,-0.0079
0.83250,0.531470,0.486190,-0.020933,2.571060e-02,-7.880935e-03,6.314672e-04,-0.1286,0.0394,-0.0079
0.83500,0.531175,0.486157,-0.021165,2.587839e-02,-7.802520e-03,6.305632e-04,-0.1294,0.0390,-0.0079
0.83750,0.530879,0.486125,-0.021397,2.603434e-02,-7.721091e-03,6.301274e-04,-0.1302,0.0386,-0.0079
0.84000,0.530583,0.486093,-0.021631,2.617590e-02,-7.642045e-03,6.306158e-04,-0.1309,0.0382,-0.0079
0.84250,0.530288,0.486061,-0.021867,2.630171e-02,-7.567193e-03,6.319585e-04,-0.1315,0.0378,-0.0079
0.84500,0.529992,0.486029,-0.022104,2.641313e-02,-7.497458e-03,6.343179e-04,-0.1321,0.0375,-0.0079
0.84750,0.529695,0.485998,-0.022342,2.650537e-02,-7.434082e-03,6.377432e-04,-0.1325,0.0372,-0.0080
0.85000,0.529399,0.485967,-0.022582,2.658158e-02,-7.381176e-03,6.425894e-04,-0.1329,0.0369,-0.0080
0.85250,0.529103,0.485936,-0.022823,2.664037e-02,-7.337568e-03,6.485823e-04,-0.1332,0.0367,-0.0081
0.85500,0.528806,0.485906,-0.023065,2.668417e-02,-7.304572e-03,6.560037e-04,-0.1334,0.0365,-0.0082
0.85750,0.528509,0.485875,-0.023309,2.671325e-02,-7.278971e-03,6.647631e-04,-0.1336,0.0364,-0.0083
0.86000,0.528213,0.485846,-0.023554,2.672812e-02,-7.262524e-03,6.746605e-04,-0.1336,0.0363,-0.0084
0.86250,0.527916,0.485816,-0.023801,2.672937e-02,-7.256863e-03,6.854784e-04,-0.1336,0.0363,-0.0086
0.86500,0.527619,0.485787,-0.024049,2.671374e-02,-7.263022e-03,6.971354e-04,-0.1336,0.0363,-0.0087
0.86750,0.527322,0.485758,-0.024298,2.668257e-02,-7.282988e-03,7.091841e-04,-0.1334,0.0364,-0.0089
0.87000,0.527024,0.485729,-0.024548,2.663782e-02,-7.319458e-03,7.217260e-04,-0.1332,0.0366,-0.0090
0.87250,0.526727,0.485701,-0.024800,2.658082e-02,-7.373997e-03,7.343529e-04,-0.1329,0.0369,-0.0092
0.87500,0.526429,0.485673,-0.025053,2.651272e-02,-7.449393e-03,7.473054e-04,-0.1326,0.0372,-0.0093
0.87750,0.526131,0.485645,-0.025308,2.643678e-02,-7.540440e-03,7.598004e-04,-0.1322,0.0377,-0.0095
0.88000,0.525834,0.485618,-0.025564,2.635255e-02,-7.649619e-03,7.721972e-04,-0.1318,0.0382,-0.0097
0.88250,0.525536,0.485591,-0.025821,2.626205e-02,-7.774176e-03,7.844595e-04,-0.1313,0.0389,-0.0098
0.88500,0.525238,0.485564,-0.026079,2.616409e-02,-7.910125e-03,7.966588e-04,-0.1308,0.0396,-0.0100
0.88750,0.524939,0.485537,-0.026339,2.606225e-02,-8.054332e-03,8.091130e-04,-0.1303,0.0403,-0.0101
0.89000,0.524641,0.485511,-0.026600,2.595832e-02,-8.203301e-03,8.217303e-04,-0.1298,0.0410,-0.0103
0.89250,0.524343,0.485485,-0.026863,2.585591e-02,-8.355505e-03,8.347331e-04,-0.1293,0.0418,-0.0104
0.89500,0.524044,0.485460,-0.027126,2.576060e-02,-8.508957e-03,8.480962e-04,-0.1288,0.0425,-0.0106
0.89750,0.523745,0.485435,-0.027391,2.567785e-02,-8.662827e-03,8.618294e-04,-0.1284,0.0433,-0.0108
0.90000,0.523446,0.485410,-0.027657,2.561145e-02,-8.816446e-03,8.757578e-04,-0.1281,0.0441,-0.0109
0.90250,0.523147,0.485385,-0.027925,2.556172e-02,-8.969981e-03,8.899369e-04,-0.1278,0.0448,-0.0111
0.90500,0.522848,0.485361,-0.028194,2.552797e-02,-9.120471e-03,9.043445e-04,-0.1276,0.0456,-0.0113
0.90750,0.522549,0.485337,-0.028464,2.551608e-02,-9.267602e-03,9.190645e-04,-0.1276,0.0463,-0.0115
0.91000,0.522249,0.485313,-0.028736,2.552535e-02,-9.411086e-03,9.341480e-04,-0.1276,0.0471,-0.0117
0.91250,0.521950,0.485289,-0.029008,2.555571e-02,-9.551502e-03,9.495163e-04,-0.1278,0.0478,-0.0119
0.91500,0.521650,0.485266,-0.029282,2.560600e-02,-9.690448e-03,9.651814e-04,-0.1280,0.0485,-0.0121
0.91750,0.521350,0.485243,-0.029558,2.567723e-02,-9.828104e-03,9.812423e-04,-0.1284,0.0491,-0.0123
0.92000,0.521050,0.485221,-0.029834,2.577081e-02,-9.963664e-03,9.973424e-04,-0.1289,0.0498,-0.0125
0.92250,0.520750,0.485199,-0.030112,2.588599e-02,-1.009362e-02,1.012990e-03,-0.1294,0.0505,-0.0127
0.92500,0.520450,0.485177,-0.030391,2.602432e-02,-1.021528e-02,1.027568e-03,-0.1301,0.0511,-0.0128
0.92750,0.520149,0.485155,-0.030671,2.618463e-02,-1.032616e-02,1.040792e-03,-0.1309,0.0516,-0.0130
0.93000,0.519849,0.485134,-0.030953,2.636463e-02,-1.042377e-02,1.051967e-03,-0.1318,0.0521,-0.0131
0.93250,0.519548,0.485112,-0.031236,2.655937e-02,-1.050470e-02,1.060822e-03,-0.1328,0.0525,-0.0133
0.93500,0.519248,0.485092,-0.031520,2.675980e-02,-1.057232e-02,1.067816e-03,-0.1338,0.0529,-0.0133
0.93750,0.518947,0.485071,-0.031805,2.696416e-02,-1.062722e-02,1.073216e-03,-0.1348,0.0531,-0.0134
0.94000,0.518646,0.485051,-0.032092,2.716707e-02,-1.067091e-02,1.077198e-03,-0.1358,0.0534,-0.0135
0.94250,0.518345,0.485031,-0.032380,2.736854e-02,-1.070377e-02,1.080155e-03,-0.1368,0.0535,-0.0135
0.94500,0.518044,0.485012,-0.032669,2.756424e-02,-1.072171e-02,1.081998e-03,-0.1378,0.0536,-0.0135
0.94750,0.517743,0.484993,-0.032960,2.775355e-02,-1.072529e-02,1.082995e-03,-0.1388,0.0536,-0.0135
0.95000,0.517442,0.484974,-0.033252,2.793587e-02,-1.071468e-02,1.083479e-03,-0.1397,0.0536,-0.0135
0.95250,0.517141,0.484955,-0.033545,2.811238e-02,-1.069282e-02,1.083719e-03,-0.1406,0.0535,-0.0135
0.95500,0.516840,0.484937,-0.033840,2.827989e-02,-1.066137e-02,1.083466e-03,-0.1414,0.0533,-0.0135
0.95750,0.516538,0.484919,-0.034136,2.843748e-02,-1.062218e-02,1.083116e-03,-0.1422,0.0531,-0.0135
0.96000,0.516237,0.484901,-0.034433,2.858616e-02,-1.058044e-02,1.082829e-03,-0.1429,0.0529,-0.0135
0.96250,0.515935,0.484884,-0.034731,2.872160e-02,-1.053911e-02,1.083205e-03,-0.1436,0.0527,-0.0135
0.96500,0.515634,0.484867,-0.035031,2.884201e-02,-1.050048e-02,1.084167e-03,-0.1442,0.0525,-0.0136
0.96750,0.515332,0.484850,-0.035333,2.894644e-02,-1.046350e-02,1.086154e-03,-0.1447,0.0523,-0.0136
0.97000,0.515030,0.484834,-0.035635,2.903916e-02,-1.042642e-02,1.089007e-03,-0.1452,0.0521,-0.0136
0.97250,0.514729,0.484818,-0.035939,2.912195e-02,-1.038938e-02,1.092976e-03,-0.1456,0.0519,-0.0137
0.97500,0.514427,0.484803,-0.036244,2.919297e-02,-1.035555e-02,1.097785e-03,-0.1460,0.0518,-0.0137
0.97750,0.514125,0.484787,-0.036551,2.925272e-02,-1.032246e-02,1.103124e-03,-0.1463,0.0516,-0.0138
0.98000,0.513823,0.484773,-0.036858,2.930178e-02,-1.029223e-02,1.109169e-03,-0.1465,0.0515,-0.0139
0.98250,0.513521,0.484758,-0.037167,2.934089e-02,-1.026520e-02,1.116008e-03,-0.1467,0.0513,-0.0140
0.98500,0.513219,0.484744,-0.037478,2.936547e-02,-1.024521e-02,1.124016e-03,-0.1468,0.0512,-0.0141
0.98750,0.512917,0.484730,-0.037790,2.937486e-02,-1.023624e-02,1.133266e-03,-0.1469,0.0512,-0.0142
0.99000,0.512615,0.484717,-0.038103,2.936842e-02,-1.024028e-02,1.143977e-03,-0.1468,0.0512,-0.0143
0.99250,0.512313,0.484703,-0.038417,2.934581e-02,-1.025935e-02,1.155884e-03,-0.1467,0.0513,-0.0144
0.99500,0.512011,0.484691,-0.038732,2.930599e-02,-1.028935e-02,1.168611e-03,-0.1465,0.0514,-0.0146
0.99750,0.511708,0.484678,-0.039049,2.925179e-02,-1.033001e-02,1.181732e-03,-0.1463,0.0517,-0.0148
1.00000,0.511406,0.484666,-0.039367,2.918600e-02,-1.037956e-02,1.195436e-03,-0.1459,0.0519,-0.0149
1.00250,0.511104,0.484655,-0.039686,2.910765e-02,-1.043999e-02,1.209529e-03,-0.1455,0.0522,-0.0151
1.00500,0.510801,0.484643,-0.040007,2.902211e-02,-1.051073e-02,1.223831e-03,-0.1451,0.0526,-0.0153
1.00750,0.510499,0.484632,-0.040329,2.892900e-02,-1.059825e-02,1.238798e-03,-0.1446,0.0530,-0.0155
1.01000,0.510196,0.484622,-0.040652,2.883185e-02,-1.069952e-02,1.254031e-03,-0.1442,0.0535,-0.0157
1.01250,0.509894,0.484611,-0.040976,2.873484e-02,-1.081309e-02,1.269573e-03,-0.1437,0.0541,-0.0159
1.01500,0.509591,0.484601,-0.041301,2.863772e-02,-1.093655e-02,1.285556e-03,-0.1432,0.0547,-0.0161
1.01750,0.509288,0.484592,-0.041628,2.854079e-02,-1.106721e-02,1.301819e-03,-0.1427,0.0553,-0.0163
1.02000,0.508986,0.484583,-0.041956,2.844367e-02,-1.120157e-02,1.318061e-03,-0.1422,0.0560,-0.0165
1.02250,0.508683,0.484574,-0.042285,2.834925e-02,-1.133799e-02,1.334216e-03,-0.1417,0.0567,-0.0167
1.02500,0.508380,0.484566,-0.042615,2.825535e-02,-1.147615e-02,1.350533e-03,-0.1413,0.0574,-0.0169
1.02750,0.508077,0.484557,-0.042947,2.816497e-02,-1.161624e-02,1.367039e-03,-0.1408,0.0581,-0.0171
1.03000,0.507774,0.484550,-0.043279,2.808086e-02,-1.175517e-02,1.384018e-03,-0.1404,0.0588,-0.0173
1.03250,0.507471,0.484542,-0.043613,2.800866e-02,-1.189404e-02,1.401327e-03,-0.1400,0.0595,-0.0175
1.03500,0.507168,0.484535,-0.043948,2.795432e-02,-1.203188e-02,1.418850e-03,-0.1398,0.0602,-0.0177
1.03750,0.506865,0.484529,-0.044284,2.791873e-02,-1.217224e-02,1.436728e-03,-0.1396,0.0609,-0.0180
1.04000,0.506561,0.484522,-0.044622,2.790706e-02,-1.231255e-02,1.454956e-03,-0.1395,0.0616,-0.0182
1.04250,0.506258,0.484516,-0.044960,2.791849e-02,-1.245253e-02,1.473274e-03,-0.1396,0.0623,-0.0184
1.04500,0.505955,0.484511,-0.045300,2.795572e-02,-1.259111e-02,1.491868e-03,-0.1398,0.0630,-0.0186
1.04750,0.505651,0.484505,-0.045641,2.801869e-02,-1.272522e-02,1.510191e-03,-0.1401,0.0636,-0.0189
1.05000,0.505348,0.484500,-0.045983,2.810673e-02,-1.285459e-02,1.528229e-03,-0.1405,0.0643,-0.0191
1.05250,0.505044,0.484496,-0.046326,2.821770e-02,-1.297642e-02,1.545174e-03,-0.1411,0.0649,-0.0193
1.05500,0.504741,0.484492,-0.046670,2.835620e-02,-1.308630e-02,1.560774e-03,-0.1418,0.0654,-0.0195
1.05750,0.504437,0.484488,-0.047016,2.851982e-02,-1.318233e-02,1.574207e-03,-0.1426,0.0659,-0.0197
1.06000,0.504133,0.484484,-0.047363,2.870801e-02,-1.326260e-02,1.585523e-03,-0.1435,0.0663,-0.0198
1.06250,0.503830,0.484481,-0.047710,2.890939e-02,-1.332614e-02,1.594174e-03,-0.1445,0.0666,-0.0199
1.06500,0.503526,0.484478,-0.048059,2.912238e-02,-1.337639e-02,1.601272e-03,-0.1456,0.0669,-0.0200
1.06750,0.503222,0.484476,-0.048409,2.933683e-02,-1.341476e-02,1.606483e-03,-0.1467,0.0671,-0.0201
1.07000,0.502918,0.484473,-0.048760,2.954965e-02,-1.344522e-02,1.610815e-03,-0.1477,0.0672,-0.0201
1.07250,0.502614,0.484472,-0.049113,2.975334e-02,-1.346931e-02,1.614269e-03,-0.1488,0.0673,-0.0202
1.07500,0.502311,0.484470,-0.049466,2.994368e-02,-1.348491e-02,1.617602e-03,-0.1497,0.0674,-0.0202
1.07750,0.502007,0.484469,-0.049821,3.011741e-02,-1.349342e-02,1.620699e-03,-0.1506,0.0675,-0.0203
1.08000,0.501703,0.484469,-0.050177,3.027597e-02,-1.349271e-02,1.623805e-03,-0.1514,0.0675,-0.0203
1.08250,0.501399,0.484468,-0.050534,3.041902e-02,-1.348222e-02,1.626440e-03,-0.1521,0.0674,-0.0203
1.08500,0.501095,0.484468,-0.050892,3.055001e-02,-1.346229e-02,1.628863e-03,-0.1528,0.0673,-0.0204
1.08750,0.500791,0.484469,-0.051251,3.067291e-02,-1.343331e-02,1.630996e-03,-0.1534,0.0672,-0.0204
1.09000,0.500487,0.484470,-0.051612,3.078725e-02,-1.339842e-02,1.633363e-03,-0.1539,0.0670,-0.0204
1.09250,0.500184,0.484471,-0.051974,3.089528e-02,-1.335969e-02,1.635949e-03,-0.1545,0.0668,-0.0204
1.09500,0.499880,0.484472,-0.052337,3.099299e-02,-1.332102e-02,1.638965e-03,-0.1550,0.0666,-0.0205
1.09750,0.499576,0.484474,-0.052701,3.108013e-02,-1.328326e-02,1.642397e-03,-0.1554,0.0664,-0.0205
1.10000,0.499272,0.484477,-0.053066,3.115434e-02,-1.324644e-02,1.646035e-03,-0.1558,0.0662,-0.0206
1.10250,0.498968,0.484479,-0.053433,3.121869e-02,-1.321170e-02,1.650048e-03,-0.1561,0.0661,-0.0206
1.10500,0.498664,0.484482,-0.053801,3.127034e-02,-1.317928e-02,1.654858e-03,-0.1564,0.0659,-0.0207
1.10750,0.498360,0.484486,-0.054169,3.131073e-02,-1.315096e-02,1.660848e-03,-0.1566,0.0658,-0.0208
1.11000,0.498057,0.484490,-0.054539,3.133746e-02,-1.313116e-02,1.668254e-03,-0.1567,0.0657,-0.0209
1.11250,0.497753,0.484494,-0.054911,3.135183e-02,-1.312088e-02,1.677330e-03,-0.1568,0.0656,-0.0210
1.11500,0.497449,0.484499,-0.055283,3.135121e-02,-1.312254e-02,1.687969e-03,-0.1568,0.0656,-0.0211
1.11750,0.497145,0.484504,-0.055656,3.133744e-02,-1.313359e-02,1.700076e-03,-0.1567,0.0657,-0.0213
1.12000,0.496841,0.484509,-0.056031,3.130785e-02,-1.315542e-02,1.713403e-03,-0.1565,0.0658,-0.0214
1.12250,0.496538,0.484515,-0.056407,3.126177e-02,-1.318540e-02,1.727852e-03,-0.1563,0.0659,-0.0216
1.12500,0.496234,0.484521,-0.056783,3.120256e-02,-1.322248e-02,1.743194e-03,-0.1560,0.0661,-0.0218
1.12750,0.495930,0.484528,-0.057161,3.113483e-02,-1.326682e-02,1.759231e-03,-0.1557,0.0663,-0.0220
1.13000,0.495626,0.484535,-0.057540,3.106045e-02,-1.332034e-02,1.775745e-03,-0.1553,0.0666,-0.0222
1.13250,0.495322,0.484543,-0.057920,3.098153e-02,-1.338237e-02,1.792607e-03,-0.1549,0.0669,-0.0224
1.13500,0.495019,0.484551,-0.058301,3.089721e-02,-1.345576e-02,1.809651e-03,-0.1545,0.0673,-0.0226
1.13750,0.494715,0.484559,-0.058683,3.081347e-02,-1.354095e-02,1.826884e-03,-0.1541,0.0677,-0.0228
1.14000,0.494411,0.484567,-0.059067,3.072486e-02,-1.363498e-02,1.844377e-03,-0.1536,0.0682,-0.0231
1.14250,0.494107,0.484577,-0.059451,3.063325e-02,-1.373709e-02,1.862034e-03,-0.1532,0.0687,-0.0233
1.14500,0.493804,0.484586,-0.059836,3.054034e-02,-1.384600e-02,1.880042e-03,-0.1527,0.0692,-0.0235
1.14750,0.493500,0.484596,-0.060222,3.044818e-02,-1.396336e-02,1.898366e-03,-0.1522,0.0698,-0.0237
1.15000,0.493196,0.484606,-0.060610,3.035732e-02,-1.408651e-02,1.917152e-03,-0.1518,0.0704,-0.0240
1.15250,0.492892,0.484617,-0.060998,3.027106e-02,-1.421205e-02,1.936090e-03,-0.1514,0.0711,-0.0242
1.15500,0.492588,0.484628,-0.061388,3.019004e-02,-1.433861e-02,1.955364e-03,-0.1510,0.0717,-0.0244
1.15750,0.492285,0.484639,-0.061778,3.011573e-02,-1.446588e-02,1.974982e-03,-0.1506,0.0723,-0.0247
1.16000,0.491981,0.484651,-0.062170,3.004846e-02,-1.459615e-02,1.995017e-03,-0.1502,0.0730,-0.0249
1.16250,0.491677,0.484663,-0.062562,2.999189e-02,-1.472797e-02,2.015502e-03,-0.1500,0.0736,-0.0252
1.16500,0.491373,0.484676,-0.062956,2.994211e-02,-1.486045e-02,2.036314e-03,-0.1497,0.0743,-0.0255
1.16750,0.491069,0.484689,-0.063350,2.990368e-02,-1.499184e-02,2.057228e-03,-0.1495,0.0750,-0.0257
1.17000,0.490766,0.484703,-0.063745,2.988196e-02,-1.512146e-02,2.078327e-03,-0.1494,0.0756,-0.0260
1.17250,0.490462,0.484716,-0.064142,2.988626e-02,-1.524758e-02,2.099117e-03,-0.1494,0.0762,-0.0262
1.17500,0.490158,0.484731,-0.064539,2.991428e-02,-1.537055e-02,2.119584e-03,-0.1496,0.0769,-0.0265
1.17750,0.489854,0.484745,-0.064937,2.996652e-02,-1.548891e-02,2.139149e-03,-0.1498,0.0774,-0.0267
1.18000,0.489550,0.484760,-0.065337,3.004229e-02,-1.560427e-02,2.158127e-03,-0.1502,0.0780,-0.0270
1.18250,0.489247,0.484776,-0.065737,3.014193e-02,-1.571604e-02,2.176049e-03,-0.1507,0.0786,-0.0272
1.18500,0.488943,0.484791,-0.066138,3.026749e-02,-1.582119e-02,2.192694e-03,-0.1513,0.0791,-0.0274
1.18750,0.488639,0.484807,-0.066540,3.041848e-02,-1.591700e-02,2.207669e-03,-0.1521,0.0796,-0.0276
1.19000,0.488335,0.484824,-0.066943,3.058804e-02,-1.599795e-02,2.220199e-03,-0.1529,0.0800,-0.0278
1.19250,0.488031,0.484841,-0.067347,3.077051e-02,-1.606770e-02,2.230878e-03,-0.1539,0.0803,-0.0279
1.19500,0.487728,0.484858,-0.067752,3.095965e-02,-1.612578e-02,2.239829e-03,-0.1548,0.0806,-0.0280
1.19750,0.487424,0.484876,-0.068158,3.115119e-02,-1.617387e-02,2.247245e-03,-0.1558,0.0809,-0.0281
1.20000,0.487120,0.484894,-0.068565,3.134317e-02,-1.621317e-02,2.253423e-03,-0.1567,0.0811,-0.0282
1.20250,0.486816,0.484913,-0.068972,3.153008e-02,-1.624107e-02,2.258613e-03,-0.1577,0.0812,-0.0282
1.20500,0.486513,0.484931,-0.069381,3.171066e-02,-1.625484e-02,2.262834e-03,-0.1586,0.0813,-0.0283
1.20750,0.486209,0.484951,-0.069791,3.188189e-02,-1.625721e-02,2.266290e-03,-0.1594,0.0813,-0.0283
1.21000,0.485906,0.484970,-0.070202,3.204522e-02,-1.624752e-02,2.269098e-03,-0.1602,0.0812,-0.0284
1.21250,0.485602,0.484991,-0.070613,3.219447e-02,-1.622807e-02,2.271459e-03,-0.1610,0.0811,-0.0284
1.21500,0.485299,0.485011,-0.071026,3.232939e-02,-1.620278e-02,2.273857e-03,-0.1616,0.0810,-0.0284
1.21750,0.484995,0.485032,-0.071440,3.244612e-02,-1.617235e-02,2.276209e-03,-0.1622,0.0809,-0.0285
1.22000,0.484692,0.485053,-0.071854,3.254665e-02,-1.613933e-02,2.279109e-03,-0.1627,0.0807,-0.0285
1.22250,0.484388,0.485075,-0.072270,3.263400e-02,-1.610553e-02,2.282410e-03,-0.1632,0.0805,-0.0285
1.22500,0.484085,0.485097,-0.072687,3.270748e-02,-1.607092e-02,2.286005e-03,-0.1635,0.0804,-0.0286
1.22750,0.483782,0.485120,-0.073104,3.277160e-02,-1.603705e-02,2.290355e-03,-0.1639,0.0802,-0.0286
1.23000,0.483479,0.485143,-0.073523,3.282955e-02,-1.600249e-02,2.295349e-03,-0.1641,0.0800,-0.0287
1.23250,0.483176,0.485166,-0.073942,3.288014e-02,-1.597006e-02,2.301208e-03,-0.1644,0.0799,-0.0288
1.23500,0.482872,0.485190,-0.074363,3.292151e-02,-1.593990e-02,2.307901e-03,-0.1646,0.0797,-0.0288
1.23750,0.482569,0.485214,-0.074784,3.295452e-02,-1.591414e-02,2.315731e-03,-0.1648,0.0796,-0.0289
1.24000,0.482266,0.485239,-0.075207,3.297647e-02,-1.589372e-02,2.324900e-03,-0.1649,0.0795,-0.0291
1.24250,0.481964,0.485264,-0.075630,3.298304e-02,-1.587981e-02,2.335398e-03,-0.1649,0.0794,-0.0292
1.24500,0.481661,0.485290,-0.076054,3.297284e-02,-1.587424e-02,2.347311e-03,-0.1649,0.0794,-0.0293
1.24750,0.481358,0.485316,-0.076479,3.294623e-02,-1.587822e-02,2.360651e-03,-0.1647,0.0794,-0.0295
1.25000,0.481055,0.485342,-0.076905,3.290627e-02,-1.589140e-02,2.375197e-03,-0.1645,0.0795,-0.0297
1.25250,0.480752,0.485369,-0.077332,3.285228e-02,-1.591168e-02,2.390509e-03,-0.1643,0.0796,-0.0299
1.25500,0.480450,0.485396,-0.077760,3.278779e-02,-1.593830e-02,2.406311e-03,-0.1639,0.0797,-0.0301
1.25750,0.480147,0.485424,-0.078189,3.271633e-02,-1.597218e-02,2.422946e-03,-0.1636,0.0799,-0.0303
1.26000,0.479845,0.485452,-0.078618,3.263432e-02,-1.601673e-02,2.440411e-03,-0.1632,0.0801,-0.0305
1.26250,0.479542,0.485481,-0.079048,3.254680e-02,-1.607211e-02,2.458771e-03,-0.1627,0.0804,-0.0307
1.26500,0.479240,0.485510,-0.079480,3.245225e-02,-1.614421e-02,2.478318e-03,-0.1623,0.0807,-0.0310
1.26750,0.478937,0.485539,-0.079912,3.235404e-02,-1.622918e-02,2.498629e-03,-0.1618,0.0811,-0.0312
1.27000,0.478635,0.485569,-0.080344,3.225706e-02,-1.632618e-02,2.519677e-03,-0.1613,0.0816,-0.0315
1.27250,0.478333,0.485599,-0.080778,3.216195e-02,-1.643173e-02,2.541388e-03,-0.1608,0.0822,-0.0318
1.27500,0.478030,0.485630,-0.081213,3.207190e-02,-1.654385e-02,2.563593e-03,-0.1604,0.0827,-0.0320
1.27750,0.477728,0.485661,-0.081648,3.198631e-02,-1.666057e-02,2.586047e-03,-0.1599,0.0833,-0.0323
1.28000,0.477426,0.485693,-0.082084,3.190666e-02,-1.678129e-02,2.608666e-03,-0.1595,0.0839,-0.0326
1.28250,0.477124,0.485725,-0.082521,3.182636e-02,-1.690761e-02,2.631692e-03,-0.1591,0.0845,-0.0329
1.28500,0.476822,0.485757,-0.082958,3.174762e-02,-1.703984e-02,2.655162e-03,-0.1587,0.0852,-0.0332
1.28750,0.476520,0.485790,-0.083397,3.166898e-02,-1.717798e-02,2.679374e-03,-0.1583,0.0859,-0.0335
1.29000,0.476218,0.485823,-0.083836,3.159336e-02,-1.732029e-02,2.704208e-03,-0.1580,0.0866,-0.0338
1.29250,0.475916,0.485857,-0.084276,3.152331e-02,-1.746622e-02,2.729340e-03,-0.1576,0.0873,-0.0341
1.29500,0.475614,0.485891,-0.084716,3.146268e-02,-1.761475e-02,2.754533e-03,-0.1573,0.0881,-0.0344
1.29750,0.475312,0.485926,-0.085158,3.141393e-02,-1.776433e-02,2.779847e-03,-0.1571,0.0888,-0.0347
1.30000,0.475010,0.485961,-0.085600,3.137792e-02,-1.791297e-02,2.804861e-03,-0.1569,0.0896,-0.0351
1.30250,0.474708,0.485996,-0.086042,3.136143e-02,-1.806025e-02,2.829698e-03,-0.1568,0.0903,-0.0354
1.30500,0.474406,0.486032,-0.086486,3.136717e-02,-1.820306e-02,2.853976e-03,-0.1568,0.0910,-0.0357
1.30750,0.474104,0.486068,-0.086930,3.139531e-02,-1.834083e-02,2.877506e-03,-0.1570,0.0917,-0.0360
1.31000,0.473803,0.486105,-0.087375,3.145024e-02,-1.847029e-02,2.899788e-03,-0.1573,0.0924,-0.0362
1.31250,0.473501,0.486142,-0.087821,3.153343e-02,-1.858706e-02,2.920005e-03,-0.1577,0.0929,-0.0365
1.31500,0.473199,0.486180,-0.088267,3.164601e-02,-1.869137e-02,2.938138e-03,-0.1582,0.0935,-0.0367
1.31750,0.472898,0.486217,-0.088714,3.178741e-02,-1.877986e-02,2.953581e-03,-0.1589,0.0939,-0.0369
1.32000,0.472596,0.486256,-0.089162,3.195204e-02,-1.885209e-02,2.966509e-03,-0.1598,0.0943,-0.0371
1.32250,0.472295,0.486294,-0.089610,3.213361e-02,-1.891198e-02,2.977548e-03,-0.1607,0.0946,-0.0372
1.32500,0.471993,0.486334,-0.090059,3.232658e-02,-1.896038e-02,2.986916e-03,-0.1616,0.0948,-0.0373
1.32750,0.471692,0.486373,-0.090509,3.252256e-02,-1.900274e-02,2.995291e-03,-0.1626,0.0950,-0.0374
1.33000,0.471391,0.486413,-0.090960,3.271577e-02,-1.903617e-02,3.002378e-03,-0.1636,0.0952,-0.0375
1.33250,0.471090,0.486454,-0.091411,3.290229e-02,-1.906155e-02,3.008920e-03,-0.1645,0.0953,-0.0376
1.33500,0.470788,0.486494,-0.091863,3.308012e-02,-1.907639e-02,3.014461e-03,-0.1654,0.0954,-0.0377
1.33750,0.470487,0.486536,-0.092316,3.324629e-02,-1.907882e-02,3.018925e-03,-0.1662,0.0954,-0.0377
1.34000,0.470186,0.486577,-0.092769,3.340020e-02,-1.906871e-02,3.022216e-03,-0.1670,0.0953,-0.0378
1.34250,0.469885,0.486619,-0.093223,3.354050e-02,-1.904700e-02,3.024423e-03,-0.1677,0.0952,-0.0378
1.34500,0.469585,0.486662,-0.093678,3.367053e-02,-1.901648e-02,3.026221e-03,-0.1684,0.0951,-0.0378
1.34750,0.469284,0.486705,-0.094134,3.379165e-02,-1.897674e-02,3.027399e-03,-0.1690,0.0949,-0.0378
1.35000,0.468983,0.486748,-0.094591,3.389936e-02,-1.893038e-02,3.028620e-03,-0.1695,0.0947,-0.0379
1.35250,0.468683,0.486792,-0.095048,3.399419e-02,-1.887667e-02,3.029567e-03,-0.1700,0.0944,-0.0379
1.35500,0.468382,0.486836,-0.095506,3.407717e-02,-1.881924e-02,3.030938e-03,-0.1704,0.0941,-0.0379
1.35750,0.468082,0.486881,-0.095964,3.414998e-02,-1.875802e-02,3.032380e-03,-0.1707,0.0938,-0.0379
1.36000,0.467781,0.486926,-0.096424,3.421289e-02,-1.869640e-02,3.034595e-03,-0.1711,0.0935,-0.0379
1.36250,0.467481,0.486972,-0.096884,3.426395e-02,-1.863698e-02,3.037566e-03,-0.1713,0.0932,-0.0380
1.36500,0.467181,0.487018,-0.097344,3.430211e-02,-1.858100e-02,3.041606e-03,-0.1715,0.0929,-0.0380
1.36750,0.466881,0.487064,-0.097806,3.432759e-02,-1.853260e-02,3.047186e-03,-0.1716,0.0927,-0.0381
1.37000,0.466581,0.487111,-0.098268,3.434003e-02,-1.849187e-02,3.054124e-03,-0.1717,0.0925,-0.0382
1.37250,0.466281,0.487159,-0.098731,3.433820e-02,-1.845803e-02,3.062467e-03,-0.1717,0.0923,-0.0383
1.37500,0.465982,0.487207,-0.099194,3.432279e-02,-1.843393e-02,3.072428e-03,-0.1716,0.0922,-0.0384
1.37750,0.465682,0.487255,-0.099659,3.429578e-02,-1.841566e-02,3.083754e-03,-0.1715,0.0921,-0.0385
1.38000,0.465382,0.487304,-0.100123,3.425606e-02,-1.840479e-02,3.095904e-03,-0.1713,0.0920,-0.0387
1.38250,0.465083,0.487353,-0.100589,3.420092e-02,-1.840099e-02,3.109479e-03,-0.1710,0.0920,-0.0389
1.38500,0.464784,0.487403,-0.101055,3.413572e-02,-1.840628e-02,3.123829e-03,-0.1707,0.0920,-0.0390
1.38750,0.464484,0.487453,-0.101521,3.405955e-02,-1.842363e-02,3.139801e-03,-0.1703,0.0921,-0.0392
1.39000,0.464185,0.487504,-0.101989,3.397444e-02,-1.845331e-02,3.156814e-03,-0.1699,0.0923,-0.0395
1.39250,0.463886,0.487555,-0.102456,3.388190e-02,-1.849936e-02,3.175712e-03,-0.1694,0.0925,-0.0397
1.39500,0.463587,0.487606,-0.102925,3.378658e-02,-1.855768e-02,3.195451e-03,-0.1689,0.0928,-0.0399
1.39750,0.463288,0.487658,-0.103394,3.368828e-02,-1.863140e-02,3.216635e-03,-0.1684,0.0932,-0.0402
1.40000,0.462989,0.487711,-0.103863,3.358864e-02,-1.871869e-02,3.239092e-03,-0.1679,0.0936,-0.0405
1.40250,0.462691,0.487764,-0.104333,3.348798e-02,-1.881544e-02,3.262670e-03,-0.1674,0.0941,-0.0408
1.40500,0.462392,0.487817,-0.104804,3.338678e-02,-1.892349e-02,3.287159e-03,-0.1669,0.0946,-0.0411
1.40750,0.462093,0.487871,-0.105275,3.328536e-02,-1.903921e-02,3.312516e-03,-0.1664,0.0952,-0.0414
1.41000,0.461795,0.487925,-0.105747,3.318622e-02,-1.916593e-02,3.338875e-03,-0.1659,0.0958,-0.0417
1.41250,0.461496,0.487980,-0.106219,3.309219e-02,-1.930168e-02,3.366289e-03,-0.1655,0.0965,-0.0421
1.41500,0.461198,0.488035,-0.106692,3.300762e-02,-1.944380e-02,3.394467e-03,-0.1650,0.0972,-0.0424
1.41750,0.460899,0.488091,-0.107165,3.293361e-02,-1.959244e-02,3.423139e-03,-0.1647,0.0980,-0.0428
1.42000,0.460601,0.488147,-0.107639,3.286833e-02,-1.974613e-02,3.452342e-03,-0.1643,0.0987,-0.0432
1.42250,0.460303,0.488203,-0.108113,3.281325e-02,-1.990087e-02,3.481605e-03,-0.1641,0.0995,-0.0435
1.42500,0.460005,0.488260,-0.108588,3.277188e-02,-2.005410e-02,3.510712e-03,-0.1639,0.1003,-0.0439
1.42750,0.459707,0.488318,-0.109063,3.274219e-02,-2.020578e-02,3.539628e-03,-0.1637,0.1010,-0.0442
1.43000,0.459409,0.488376,-0.109539,3.272408e-02,-2.035559e-02,3.568069e-03,-0.1636,0.1018,-0.0446
1.43250,0.459111,0.488434,-0.110015,3.271782e-02,-2.050281e-02,3.596255e-03,-0.1636,0.1025,-0.0450
1.43500,0.458813,0.488493,-0.110491,3.272603e-02,-2.064697e-02,3.623909e-03,-0.1636,0.1032,-0.0453
1.43750,0.458516,0.488552,-0.110968,3.275132e-02,-2.078664e-02,3.650769e-03,-0.1638,0.1039,-0.0456
1.44000,0.458218,0.488612,-0.111446,3.280298e-02,-2.091785e-02,3.676420e-03,-0.1640,0.1046,-0.0460
1.44250,0.457920,0.488672,-0.111924,3.288202e-02,-2.103705e-02,3.700093e-03,-0.1644,0.1052,-0.0463
1.44500,0.457623,0.488732,-0.112402,3.298778e-02,-2.114196e-02,3.721520e-03,-0.1649,0.1057,-0.0465
1.44750,0.457326,0.488793,-0.112880,3.312008e-02,-2.123137e-02,3.740187e-03,-0.1656,0.1062,-0.0468
1.45000,0.457028,0.488854,-0.113360,3.327327e-02,-2.130343e-02,3.755852e-03,-0.1664,0.1065,-0.0469
1.45250,0.456731,0.488916,-0.113839,3.344274e-02,-2.135744e-02,3.768445e-03,-0.1672,0.1068,-0.0471
1.45500,0.456434,0.488979,-0.114319,3.362523e-02,-2.139809e-02,3.778984e-03,-0.1681,0.1070,-0.0472
1.45750,0.456137,0.489041,-0.114799,3.381441e-02,-2.142514e-02,3.787070e-03,-0.1691,0.1071,-0.0473
1.46000,0.455840,0.489104,-0.115280,3.400381e-02,-2.144233e-02,3.793549e-03,-0.1700,0.1072,-0.0474
1.46250,0.455543,0.489168,-0.115761,3.419158e-02,-2.144774e-02,3.798353e-03,-0.1710,0.1072,-0.0475
1.46500,0.455246,0.489232,-0.116243,3.437085e-02,-2.144141e-02,3.801356e-03,-0.1719,0.1072,-0.0475
1.46750,0.454950,0.489296,-0.116725,3.454140e-02,-2.142354e-02,3.803146e-03,-0.1727,0.1071,-0.0475
1.47000,0.454653,0.489361,-0.117208,3.470142e-02,-2.139270e-02,3.803411e-03,-0.1735,0.1070,-0.0475
1.47250,0.454357,0.489427,-0.117691,3.485120e-02,-2.134940e-02,3.802573e-03,-0.1743,0.1067,-0.0475
1.47500,0.454061,0.489493,-0.118174,3.498570e-02,-2.129431e-02,3.800445e-03,-0.1749,0.1065,-0.0475
1.47750,0.453765,0.489559,-0.118658,3.510560e-02,-2.123456e-02,3.798507e-03,-0.1755,0.1062,-0.0475
1.48000,0.453469,0.489626,-0.119142,3.521273e-02,-2.116784e-02,3.796105e-03,-0.1761,0.1058,-0.0475
1.48250,0.453173,0.489693,-0.119627,3.530709e-02,-2.109439e-02,3.793446e-03,-0.1765,0.1055,-0.0474
1.48500,0.452877,0.489760,-0.120112,3.538806e-02,-2.101620e-02,3.790688e-03,-0.1769,0.1051,-0.0474
1.48750,0.452581,0.489829,-0.120598,3.545241e-02,-2.093553e-02,3.788503e-03,-0.1773,0.1047,-0.0474
1.49000,0.452286,0.489897,-0.121084,3.549737e-02,-2.085514e-02,3.787204e-03,-0.1775,0.1043,-0.0473
1.49250,0.451990,0.489966,-0.121571,3.552626e-02,-2.077710e-02,3.787145e-03,-0.1776,0.1039,-0.0473
1.49500,0.451695,0.490036,-0.122058,3.554106e-02,-2.070381e-02,3.788429e-03,-0.1777,0.1035,-0.0474
1.49750,0.451400,0.490106,-0.122545,3.554412e-02,-2.063598e-02,3.791340e-03,-0.1777,0.1032,-0.0474
1.50000,0.451105,0.490176,-0.123033,3.553659e-02,-2.057217e-02,3.795284e-03,-0.1777,0.1029,-0.0474
1.50250,0.450810,0.490247,-0.123521,3.552039e-02,-2.051577e-02,3.800754e-03,-0.1776,0.1026,-0.0475
1.50500,0.450515,0.490319,-0.124010,3.549399e-02,-2.046987e-02,3.807928e-03,-0.1775,0.1023,-0.0476
1.50750,0.450221,0.490390,-0.124499,3.545456e-02,-2.043435e-02,3.816603e-03,-0.1773,0.1022,-0.0477
1.51000,0.449926,0.490463,-0.124988,3.540034e-02,-2.041167e-02,3.827166e-03,-0.1770,0.1021,-0.0478
1.51250,0.449632,0.490536,-0.125477,3.533360e-02,-2.040372e-02,3.840002e-03,-0.1767,0.1020,-0.0480
1.51500,0.449338,0.490609,-0.125967,3.525926e-02,-2.040783e-02,3.854640e-03,-0.1763,0.1020,-0.0482
1.51750,0.449044,0.490683,-0.126458,3.518236e-02,-2.042434e-02,3.871164e-03,-0.1759,0.1021,-0.0484
1.52000,0.448750,0.490757,-0.126948,3.510360e-02,-2.045750e-02,3.890115e-03,-0.1755,0.1023,-0.0486
1.52250,0.448456,0.490832,-0.127439,3.502530e-02,-2.050571e-02,3.911021e-03,-0.1751,0.1025,-0.0489
1.52500,0.448162,0.490907,-0.127930,3.494646e-02,-2.057220e-02,3.934167e-03,-0.1747,0.1029,-0.0492
1.52750,0.447868,0.490983,-0.128422,3.486572e-02,-2.065688e-02,3.959542e-03,-0.1743,0.1033,-0.0495
1.53000,0.447575,0.491059,-0.128913,3.478471e-02,-2.075722e-02,3.986671e-03,-0.1739,0.1038,-0.0498
1.53250,0.447281,0.491136,-0.129405,3.470449e-02,-2.087151e-02,4.015614e-03,-0.1735,0.1044,-0.0502
1.53500,0.446988,0.491213,-0.129898,3.462133e-02,-2.099934e-02,4.046162e-03,-0.1731,0.1050,-0.0506
1.53750,0.446695,0.491291,-0.130390,3.453970e-02,-2.113954e-02,4.078694e-03,-0.1727,0.1057,-0.0510
1.54000,0.446402,0.491369,-0.130883,3.446263e-02,-2.129159e-02,4.112957e-03,-0.1723,0.1065,-0.0514
1.54250,0.446109,0.491448,-0.131376,3.439287e-02,-2.145156e-02,4.148691e-03,-0.1720,0.1073,-0.0519
1.54500,0.445816,0.491527,-0.131869,3.433227e-02,-2.161910e-02,4.185358e-03,-0.1717,0.1081,-0.0523
1.54750,0.445523,0.491607,-0.132362,3.428405e-02,-2.179222e-02,4.223148e-03,-0.1714,0.1090,-0.0528
1.55000,0.445230,0.491687,-0.132856,3.424770e-02,-2.196748e-02,4.261165e-03,-0.1712,0.1098,-0.0533
1.55250,0.444938,0.491767,-0.133350,3.422203e-02,-2.214711e-02,4.299707e-03,-0.1711,0.1107,-0.0537
1.55500,0.444645,0.491848,-0.133844,3.420682e-02,-2.232769e-02,4.337988e-03,-0.1710,0.1116,-0.0542
1.55750,0.444353,0.491929,-0.134338,3.420274e-02,-2.251018e-02,4.376572e-03,-0.1710,0.1126,-0.0547
1.56000,0.444061,0.492011,-0.134832,3.421080e-02,-2.269111e-02,4.414428e-03,-0.1711,0.1135,-0.0552
1.56250,0.443769,0.492094,-0.135327,3.423319e-02,-2.286829e-02,4.451987e-03,-0.1712,0.1143,-0.0556
1.56500,0.443477,0.492176,-0.135821,3.426953e-02,-2.304098e-02,4.488227e-03,-0.1713,0.1152,-0.0561
1.56750,0.443185,0.492260,-0.136316,3.432064e-02,-2.320880e-02,4.523316e-03,-0.1716,0.1160,-0.0565
1.57000,0.442893,0.492343,-0.136811,3.438927e-02,-2.336534e-02,4.556235e-03,-0.1719,0.1168,-0.0570
1.57250,0.442601,0.492427,-0.137306,3.447666e-02,-2.351078e-02,4.587192e-03,-0.1724,0.1176,-0.0573
1.57500,0.442310,0.492512,-0.137801,3.458085e-02,-2.364371e-02,4.615576e-03,-0.1729,0.1182,-0.0577
1.57750,0.442018,0.492597,-0.138296,3.470187e-02,-2.376286e-02,4.641206e-03,-0.1735,0.1188,-0.0580
1.58000,0.441727,0.492682,-0.138792,3.484212e-02,-2.386727e-02,4.664271e-03,-0.1742,0.1193,-0.0583
1.58250,0.441436,0.492768,-0.139287,3.499693e-02,-2.395759e-02,4.684441e-03,-0.1750,0.1198,-0.0586
1.58500,0.441145,0.492855,-0.139783,3.516497e-02,-2.403603e-02,4.702458e-03,-0.1758,0.1202,-0.0588
1.58750,0.440854,0.492941,-0.140278,3.534149e-02,-2.410000e-02,4.717747e-03,-0.1767,0.1205,-0.0590
1.59000,0.440563,0.493029,-0.140774,3.552678e-02,-2.415142e-02,4.731137e-03,-0.1776,0.1208,-0.0591
1.59250,0.440273,0.493116,-0.141270,3.571411e-02,-2.418999e-02,4.742013e-03,-0.1786,0.1209,-0.0593
1.59500,0.439982,0.493205,-0.141766,3.590007e-02,-2.421466e-02,4.751067e-03,-0.1795,0.1211,-0.0594
1.59750,0.439692,0.493293,-0.142263,3.608360e-02,-2.422752e-02,4.758419e-03,-0.1804,0.1211,-0.0595
1.60000,0.439402,0.493382,-0.142759,3.626207e-02,-2.422853e-02,4.764265e-03,-0.1813,0.1211,-0.0596
1.60250,0.439112,0.493472,-0.143255,3.643432e-02,-2.422040e-02,4.768490e-03,-0.1822,0.1211,-0.0596
1.60500,0.438822,0.493562,-0.143752,3.659440e-02,-2.420438e-02,4.771856e-03,-0.1830,0.1210,-0.0596
1.60750,0.438532,0.493652,-0.144249,3.673970e-02,-2.418189e-02,4.774402e-03,-0.1837,0.1209,-0.0597
1.61000,0.438242,0.493743,-0.144746,3.686629e-02,-2.415485e-02,4.777183e-03,-0.1843,0.1208,-0.0597
1.61250,0.437953,0.493834,-0.145243,3.697231e-02,-2.412319e-02,4.779525e-03,-0.1849,0.1206,-0.0597
1.61500,0.437664,0.493926,-0.145740,3.705963e-02,-2.408790e-02,4.782190e-03,-0.1853,0.1204,-0.0598
1.61750,0.437375,0.494018,-0.146238,3.712852e-02,-2.404917e-02,4.785173e-03,-0.1856,0.1202,-0.0598
1.62000,0.437086,0.494111,-0.146735,3.718026e-02,-2.400952e-02,4.789019e-03,-0.1859,0.1200,-0.0599
1.62250,0.436797,0.494204,-0.147233,3.721354e-02,-2.396965e-02,4.793606e-03,-0.1861,0.1198,-0.0599
1.62500,0.436508,0.494298,-0.147731,3.722860e-02,-2.392958e-02,4.798713e-03,-0.1861,0.1196,-0.0600
1.62750,0.436220,0.494392,-0.148228,3.722829e-02,-2.389191e-02,4.804862e-03,-0.1861,0.1195,-0.0601
1.63000,0.435932,0.494486,-0.148726,3.721253e-02,-2.385833e-02,4.812266e-03,-0.1861,0.1193,-0.0602
1.63250,0.435644,0.494581,-0.149225,3.718318e-02,-2.382691e-02,4.820474e-03,-0.1859,0.1191,-0.0603
1.63500,0.435356,0.494677,-0.149723,3.714155e-02,-2.380022e-02,4.830238e-03,-0.1857,0.1190,-0.0604
1.63750,0.435068,0.494773,-0.150221,3.709139e-02,-2.377997e-02,4.841553e-03,-0.1855,0.1189,-0.0605
1.64000,0.434780,0.494869,-0.150719,3.702942e-02,-2.376996e-02,4.854932e-03,-0.1851,0.1188,-0.0607
1.64250,0.434493,0.494966,-0.151218,3.695849e-02,-2.377047e-02,4.870097e-03,-0.1848,0.1189,-0.0609
1.64500,0.434205,0.495064,-0.151716,3.688087e-02,-2.378244e-02,4.887622e-03,-0.1844,0.1189,-0.0611
1.64750,0.433918,0.495162,-0.152215,3.679946e-02,-2.380812e-02,4.907244e-03,-0.1840,0.1190,-0.0613
1.65000,0.433631,0.495260,-0.152713,3.671663e-02,-2.384710e-02,4.929244e-03,-0.1836,0.1192,-0.0616
1.65250,0.433344,0.495359,-0.153212,3.663355e-02,-2.389874e-02,4.953065e-03,-0.1832,0.1195,-0.0619
1.65500,0.433058,0.495458,-0.153710,3.654911e-02,-2.396573e-02,4.979496e-03,-0.1827,0.1198,-0.0622
1.65750,0.432771,0.495558,-0.154209,3.646551e-02,-2.404661e-02,5.007685e-03,-0.1823,0.1202,-0.0626
1.66000,0.432485,0.495659,-0.154707,3.638434e-02,-2.414380e-02,5.038407e-03,-0.1819,0.1207,-0.0630
1.66250,0.432199,0.495759,-0.155206,3.630477e-02,-2.425542e-02,5.071100e-03,-0.1815,0.1213,-0.0634
1.66500,0.431912,0.495861,-0.155704,3.623032e-02,-2.438163e-02,5.105904e-03,-0.1812,0.1219,-0.0638
1.66750,0.431626,0.495962,-0.156203,3.615911e-02,-2.452156e-02,5.142873e-03,-0.1808,0.1226,-0.0643
1.67000,0.431341,0.496064,-0.156701,3.609042e-02,-2.467510e-02,5.181914e-03,-0.1805,0.1234,-0.0648
1.67250,0.431055,0.496167,-0.157200,3.602317e-02,-2.484094e-02,5.222837e-03,-0.1801,0.1242,-0.0653
1.67500,0.430769,0.496270,-0.157698,3.595919e-02,-2.501688e-02,5.265324e-03,-0.1798,0.1251,-0.0658
1.67750,0.430484,0.496374,-0.158196,3.589698e-02,-2.520245e-02,5.309150e-03,-0.1795,0.1260,-0.0664
1.68000,0.430199,0.496478,-0.158694,3.583628e-02,-2.539664e-02,5.354419e-03,-0.1792,0.1270,-0.0669
1.68250,0.429914,0.496582,-0.159192,3.577572e-02,-2.559835e-02,5.400905e-03,-0.1789,0.1280,-0.0675
1.68500,0.429629,0.496687,-0.159690,3.571974e-02,-2.580492e-02,5.448707e-03,-0.1786,0.1290,-0.0681
1.68750,0.429344,0.496792,-0.160188,3.567100e-02,-2.601594e-02,5.497135e-03,-0.1784,0.1301,-0.0687
1.69000,0.429059,0.496898,-0.160686,3.563530e-02,-2.622814e-02,5.546048e-03,-0.1782,0.1311,-0.0693
1.69250,0.428774,0.497005,-0.161183,3.561361e-02,-2.644205e-02,5.595060e-03,-0.1781,0.1322,-0.0699
1.69500,0.428490,0.497111,-0.161681,3.560776e-02,-2.665585e-02,5.643822e-03,-0.1780,0.1333,-0.0705
1.69750,0.428206,0.497218,-0.162178,3.561604e-02,-2.686751e-02,5.692028e-03,-0.1781,0.1343,-0.0712
1.70000,0.427922,0.497326,-0.162675,3.564022e-02,-2.707696e-02,5.739610e-03,-0.1782,0.1354,-0.0717
1.70250,0.427638,0.497434,-0.163172,3.568092e-02,-2.728186e-02,5.786084e-03,-0.1784,0.1364,-0.0723
1.70500,0.427354,0.497543,-0.163669,3.573673e-02,-2.748000e-02,5.831116e-03,-0.1787,0.1374,-0.0729
1.70750,0.427070,0.497651,-0.164166,3.580676e-02,-2.767146e-02,5.874498e-03,-0.1790,0.1384,-0.0734
1.71000,0.426786,0.497761,-0.164662,3.589282e-02,-2.785338e-02,5.916114e-03,-0.1795,0.1393,-0.0740
1.71250,0.426503,0.497870,-0.165158,3.599629e-02,-2.802328e-02,5.955162e-03,-0.1800,0.1401,-0.0744
1.71500,0.426220,0.497981,-0.165654,3.611728e-02,-2.818040e-02,5.991460e-03,-0.1806,0.1409,-0.0749
1.71750,0.425936,0.498091,-0.166150,3.625203e-02,-2.832199e-02,6.024268e-03,-0.1813,0.1416,-0.0753
1.72000,0.425654,0.498202,-0.166646,3.639620e-02,-2.844714e-02,6.053651e-03,-0.1820,0.1422,-0.0757
1.72250,0.425371,0.498314,-0.167141,3.654692e-02,-2.855679e-02,6.079832e-03,-0.1827,0.1428,-0.0760
1.72500,0.425088,0.498426,-0.167636,3.670173e-02,-2.865048e-02,6.102785e-03,-0.1835,0.1433,-0.0763
1.72750,0.424806,0.498538,-0.168131,3.685687e-02,-2.873160e-02,6.123060e-03,-0.1843,0.1437,-0.0765
1.73000,0.424523,0.498651,-0.168626,3.700935e-02,-2.879854e-02,6.140773e-03,-0.1850,0.1440,-0.0768
1.73250,0.424241,0.498764,-0.169120,3.715744e-02,-2.885115e-02,6.156248e-03,-0.1858,0.1443,-0.0770
1.73500,0.423959,0.498877,-0.169614,3.729853e-02,-2.888949e-02,6.169626e-03,-0.1865,0.1444,-0.0771
1.73750,0.423677,0.498991,-0.170108,3.742917e-02,-2.891024e-02,6.180224e-03,-0.1871,0.1446,-0.0773
1.74000,0.423396,0.499106,-0.170602,3.754881e-02,-2.891345e-02,6.188236e-03,-0.1877,0.1446,-0.0774
1.74250,0.423114,0.499221,-0.171096,3.765236e-02,-2.890317e-02,6.194302e-03,-0.1883,0.1445,-0.0774
1.74500,0.422833,0.499336,-0.171589,3.774049e-02,-2.888223e-02,6.198808e-03,-0.1887,0.1444,-0.0775
1.74750,0.422552,0.499452,-0.172082,3.781515e-02,-2.885093e-02,6.201796e-03,-0.1891,0.1443,-0.0775
1.75000,0.422271,0.499568,-0.172575,3.787376e-02,-2.881122e-02,6.203565e-03,-0.1894,0.1441,-0.0775
1.75250,0.421990,0.499685,-0.173068,3.791408e-02,-2.876227e-02,6.204142e-03,-0.1896,0.1438,-0.0776
1.75500,0.421709,0.499802,-0.173561,3.793896e-02,-2.870742e-02,6.204544e-03,-0.1897,0.1435,-0.0776
1.75750,0.421429,0.499919,-0.174053,3.795022e-02,-2.864864e-02,6.204628e-03,-0.1898,0.1432,-0.0776
1.76000,0.421149,0.500037,-0.174545,3.795165e-02,-2.858464e-02,6.204448e-03,-0.1898,0.1429,-0.0776
1.76250,0.420869,0.500156,-0.175037,3.794394e-02,-2.851954e-02,6.204538e-03,-0.1897,0.1426,-0.0776
1.76500,0.420589,0.500275,-0.175528,3.792620e-02,-2.845362e-02,6.204920e-03,-0.1896,0.1423,-0.0776
1.76750,0.420309,0.500394,-0.176020,3.789744e-02,-2.839138e-02,6.206487e-03,-0.1895,0.1420,-0.0776
1.77000,0.420030,0.500514,-0.176511,3.785663e-02,-2.833444e-02,6.209501e-03,-0.1893,0.1417,-0.0776
1.77250,0.419750,0.500634,-0.177001,3.780478e-02,-2.828485e-02,6.214044e-03,-0.1890,0.1414,-0.0777
1.77500,0.419471,0.500755,-0.177492,3.774215e-02,-2.824033e-02,6.220200e-03,-0.1887,0.1412,-0.0778
1.77750,0.419192,0.500876,-0.177982,3.766963e-02,-2.820339e-02,6.227807e-03,-0.1883,0.1410,-0.0778
1.78000,0.418913,0.500997,-0.178472,3.759001e-02,-2.817131e-02,6.237042e-03,-0.1880,0.1409,-0.0780
1.78250,0.418635,0.501119,-0.178962,3.750292e-02,-2.814525e-02,6.247221e-03,-0.1875,0.1407,-0.0781
1.78500,0.418356,0.501242,-0.179451,3.740742e-02,-2.812554e-02,6.258929e-03,-0.1870,0.1406,-0.0782
1.78750,0.418078,0.501365,-0.179940,3.730635e-02,-2.811555e-02,6.272273e-03,-0.1865,0.1406,-0.0784
1.79000,0.417800,0.501488,-0.180429,3.720127e-02,-2.811793e-02,6.287683e-03,-0.1860,0.1406,-0.0786
1.79250,0.417522,0.501612,-0.180918,3.709419e-02,-2.813317e-02,6.304941e-03,-0.1855,0.1407,-0.0788
1.79500,0.417244,0.501737,-0.181406,3.698502e-02,-2.816402e-02,6.324618e-03,-0.1849,0.1408,-0.0791
1.79750,0.416966,0.501862,-0.181894,3.687533e-02,-2.820773e-02,6.345687e-03,-0.1844,0.1410,-0.0793
1.80000,0.416689,0.501987,-0.182381,3.676720e-02,-2.826519e-02,6.368508e-03,-0.1838,0.1413,-0.0796
1.80250,0.416411,0.502113,-0.182868,3.666164e-02,-2.833577e-02,6.392821e-03,-0.1833,0.1417,-0.0799
1.80500,0.416134,0.502239,-0.183355,3.656104e-02,-2.841722e-02,6.418826e-03,-0.1828,0.1421,-0.0802
1.80750,0.415857,0.502366,-0.183841,3.646398e-02,-2.850946e-02,6.446278e-03,-0.1823,0.1425,-0.0806
1.81000,0.415580,0.502493,-0.184327,3.636905e-02,-2.861035e-02,6.475321e-03,-0.1818,0.1431,-0.0809
1.81250,0.415303,0.502621,-0.184813,3.627752e-02,-2.872223e-02,6.506131e-03,-0.1814,0.1436,-0.0813
1.81500,0.415027,0.502749,-0.185298,3.618884e-02,-2.884253e-02,6.538286e-03,-0.1809,0.1442,-0.0817
1.81750,0.414750,0.502877,-0.185783,3.610697e-02,-2.897069e-02,6.571706e-03,-0.1805,0.1449,-0.0821
1.82000,0.414474,0.503006,-0.186268,3.603490e-02,-2.910286e-02,6.605642e-03,-0.1802,0.1455,-0.0826
1.82250,0.414198,0.503136,-0.186752,3.597341e-02,-2.924121e-02,6.640568e-03,-0.1799,0.1462,-0.0830
1.82500,0.413922,0.503266,-0.187236,3.592437e-02,-2.938324e-02,6.675983e-03,-0.1796,0.1469,-0.0834
1.82750,0.413646,0.503396,-0.187719,3.588792e-02,-2.952652e-02,6.711933e-03,-0.1794,0.1476,-0.0839
1.83000,0.413370,0.503527,-0.188202,3.586522e-02,-2.966758e-02,6.747374e-03,-0.1793,0.1483,-0.0843
1.83250,0.413095,0.503658,-0.188685,3.585910e-02,-2.980461e-02,6.782530e-03,-0.1793,0.1490,-0.0848
1.83500,0.412819,0.503790,-0.189167,3.586626e-02,-2.993609e-02,6.816198e-03,-0.1793,0.1497,-0.0852
1.83750,0.412544,0.503922,-0.189649,3.588900e-02,-3.006256e-02,6.849262e-03,-0.1794,0.1503,-0.0856
1.84000,0.412269,0.504055,-0.190130,3.592542e-02,-3.018294e-02,6.881137e-03,-0.1796,0.1509,-0.0860
1.84250,0.411994,0.504188,-0.190611,3.597717e-02,-3.029540e-02,6.911625e-03,-0.1799,0.1515,-0.0864
1.84500,0.411719,0.504321,-0.191092,3.604572e-02,-3.040063e-02,6.940397e-03,-0.1802,0.1520,-0.0868
1.84750,0.411444,0.504455,-0.191572,3.613777e-02,-3.049670e-02,6.967409e-03,-0.1807,0.1525,-0.0871
1.85000,0.411170,0.504589,-0.192051,3.625375e-02,-3.058271e-02,6.991799e-03,-0.1813,0.1529,-0.0874
1.85250,0.410895,0.504724,-0.192530,3.639300e-02,-3.065574e-02,7.013701e-03,-0.1820,0.1533,-0.0877
1.85500,0.410621,0.504860,-0.193009,3.655503e-02,-3.071526e-02,7.032347e-03,-0.1828,0.1536,-0.0879
1.85750,0.410347,0.504995,-0.193487,3.673676e-02,-3.076060e-02,7.047646e-03,-0.1837,0.1538,-0.0881
1.86000,0.410073,0.505131,-0.193965,3.693240e-02,-3.078965e-02,7.058966e-03,-0.1847,0.1539,-0.0882
1.86250,0.409800,0.505268,-0.194442,3.713751e-02,-3.080633e-02,7.067247e-03,-0.1857,0.1540,-0.0883
1.86500,0.409526,0.505405,-0.194919,3.734707e-02,-3.081006e-02,7.072002e-03,-0.1867,0.1541,-0.0884
1.86750,0.409253,0.505542,-0.195395,3.755067e-02,-3.080167e-02,7.074096e-03,-0.1878,0.1540,-0.0884
1.87000,0.408980,0.505680,-0.195871,3.775126e-02,-3.078275e-02,7.073902e-03,-0.1888,0.1539,-0.0884
1.87250,0.408707,0.505819,-0.196346,3.794560e-02,-3.075321e-02,7.071715e-03,-0.1897,0.1538,-0.0884
1.87500,0.408434,0.505958,-0.196821,3.813170e-02,-3.071301e-02,7.067416e-03,-0.1907,0.1536,-0.0883
1.87750,0.408161,0.506097,-0.197295,3.830888e-02,-3.066183e-02,7.061548e-03,-0.1915,0.1533,-0.0883
1.88000,0.407889,0.506237,-0.197769,3.847565e-02,-3.060193e-02,7.054186e-03,-0.1924,0.1530,-0.0882
1.88250,0.407617,0.506377,-0.198243,3.862886e-02,-3.053457e-02,7.045951e-03,-0.1931,0.1527,-0.0881
1.88500,0.407345,0.506517,-0.198716,3.876749e-02,-3.046260e-02,7.036984e-03,-0.1938,0.1523,-0.0880
1.88750,0.407073,0.506659,-0.199189,3.889131e-02,-3.038680e-02,7.027759e-03,-0.1945,0.1519,-0.0878
1.89000,0.406801,0.506800,-0.199661,3.900217e-02,-3.030853e-02,7.018406e-03,-0.1950,0.1515,-0.0877
1.89250,0.406530,0.506942,-0.200133,3.909786e-02,-3.022907e-02,7.009281e-03,-0.1955,0.1511,-0.0876
1.89500,0.406259,0.507085,-0.200604,3.918032e-02,-3.014912e-02,7.000378e-03,-0.1959,0.1507,-0.0875
1.89750,0.405988,0.507228,-0.201075,3.925087e-02,-3.007044e-02,6.992099e-03,-0.1963,0.1504,-0.0874
1.90000,0.405717,0.507371,-0.201545,3.930783e-02,-2.999399e-02,6.984595e-03,-0.1965,0.1500,-0.0873
1.90250,0.405447,0.507515,-0.202015,3.934836e-02,-2.992233e-02,6.978749e-03,-0.1967,0.1496,-0.0872
1.90500,0.405176,0.507659,-0.202485,3.937246e-02,-2.985714e-02,6.974696e-03,-0.1969,0.1493,-0.0872
1.90750,0.404906,0.507804,-0.202954,3.938440e-02,-2.979672e-02,6.972320e-03,-0.1969,0.1490,-0.0872
1.91000,0.404636,0.507950,-0.203423,3.938345e-02,-2.974350e-02,6.971690e-03,-0.1969,0.1487,-0.0871
1.91250,0.404367,0.508095,-0.203891,3.936966e-02,-2.969676e-02,6.972616e-03,-0.1968,0.1485,-0.0872
1.91500,0.404097,0.508242,-0.204359,3.934388e-02,-2.965891e-02,6.975142e-03,-0.1967,0.1483,-0.0872
1.91750,0.403828,0.508389,-0.204826,3.930942e-02,-2.962979e-02,6.979398e-03,-0.1965,0.1481,-0.0872
1.92000,0.403559,0.508536,-0.205293,3.926267e-02,-2.961272e-02,6.985891e-03,-0.1963,0.1481,-0.0873
1.92250,0.403290,0.508684,-0.205759,3.920089e-02,-2.960728e-02,6.994798e-03,-0.1960,0.1480,-0.0874
1.92500,0.403021,0.508832,-0.206225,3.912620e-02,-2.961709e-02,7.007017e-03,-0.1956,0.1481,-0.0876
1.92750,0.402752,0.508980,-0.206691,3.903924e-02,-2.964082e-02,7.021901e-03,-0.1952,0.1482,-0.0878
1.93000,0.402484,0.509130,-0.207156,3.894452e-02,-2.968001e-02,7.039795e-03,-0.1947,0.1484,-0.0880
1.93250,0.402216,0.509279,-0.207621,3.884486e-02,-2.973774e-02,7.061174e-03,-0.1942,0.1487,-0.0883
1.93500,0.401948,0.509430,-0.208085,3.874283e-02,-2.981348e-02,7.085806e-03,-0.1937,0.1491,-0.0886
1.93750,0.401680,0.509580,-0.208549,3.864182e-02,-2.990807e-02,7.113757e-03,-0.1932,0.1495,-0.0889
1.94000,0.401413,0.509731,-0.209012,3.854163e-02,-3.002339e-02,7.145446e-03,-0.1927,0.1501,-0.0893
1.94250,0.401146,0.509883,-0.209475,3.844493e-02,-3.015723e-02,7.180338e-03,-0.1922,0.1508,-0.0898
1.94500,0.400878,0.510035,-0.209937,3.835243e-02,-3.030965e-02,7.218853e-03,-0.1918,0.1515,-0.0902
1.94750,0.400611,0.510187,-0.210399,3.826615e-02,-3.047933e-02,7.260634e-03,-0.1913,0.1524,-0.0908
1.95000,0.400345,0.510340,-0.210860,3.818241e-02,-3.066201e-02,7.305055e-03,-0.1909,0.1533,-0.0913
1.95250,0.400078,0.510494,-0.211322,3.810646e-02,-3.085943e-02,7.352377e-03,-0.1905,0.1543,-0.0919
1.95500,0.399812,0.510648,-0.211782,3.803923e-02,-3.107079e-02,7.402781e-03,-0.1902,0.1554,-0.0925
1.95750,0.399545,0.510802,-0.212242,3.798089e-02,-3.129444e-02,7.455611e-03,-0.1899,0.1565,-0.0932
1.96000,0.399279,0.510957,-0.212702,3.792885e-02,-3.152791e-02,7.510967e-03,-0.1896,0.1576,-0.0939
1.96250,0.399013,0.511112,-0.213161,3.788185e-02,-3.177075e-02,7.568307e-03,-0.1894,0.1589,-0.0946
1.96500,0.398748,0.511268,-0.213620,3.783934e-02,-3.201833e-02,7.626914e-03,-0.1892,0.1601,-0.0953
1.96750,0.398482,0.511424,-0.214078,3.780196e-02,-3.227171e-02,7.686893e-03,-0.1890,0.1614,-0.0961
1.97000,0.398217,0.511581,-0.214536,3.776778e-02,-3.252665e-02,7.747423e-03,-0.1888,0.1626,-0.0968
1.97250,0.397952,0.511738,-0.214993,3.773551e-02,-3.278368e-02,7.808268e-03,-0.1887,0.1639,-0.0976
1.97500,0.397687,0.511895,-0.215450,3.770758e-02,-3.303875e-02,7.869017e-03,-0.1885,0.1652,-0.0984
1.97750,0.397422,0.512053,-0.215907,3.768309e-02,-3.328867e-02,7.929011e-03,-0.1884,0.1664,-0.0991
1.98000,0.397157,0.512211,-0.216362,3.766551e-02,-3.352959e-02,7.987450e-03,-0.1883,0.1676,-0.0998
1.98250,0.396893,0.512370,-0.216818,3.765615e-02,-3.376141e-02,8.043979e-03,-0.1883,0.1688,-0.1005
1.98500,0.396629,0.512529,-0.217273,3.765599e-02,-3.398448e-02,8.098934e-03,-0.1883,0.1699,-0.1012
1.98750,0.396365,0.512689,-0.217727,3.766846e-02,-3.419779e-02,8.151465e-03,-0.1883,0.1710,-0.1019
1.99000,0.396101,0.512849,-0.218181,3.769462e-02,-3.439988e-02,8.201884e-03,-0.1885,0.1720,-0.1025
1.99250,0.395837,0.513009,-0.218634,3.773620e-02,-3.458857e-02,8.249235e-03,-0.1887,0.1729,-0.1031
1.99500,0.395573,0.513170,-0.219087,3.779190e-02,-3.476231e-02,8.293396e-03,-0.1890,0.1738,-0.1037
1.99750,0.395310,0.513331,-0.219539,3.786523e-02,-3.492122e-02,8.334034e-03,-0.1893,0.1746,-0.1042
2.00000,0.395047,0.513493,-0.219991,3.795484e-02,-3.506509e-02,8.371277e-03,-0.1898,0.1753,-0.1046
2.00250,0.394784,0.513655,-0.220442,3.806110e-02,-3.519166e-02,8.404362e-03,-0.1903,0.1760,-0.1051
2.00500,0.394521,0.513818,-0.220892,3.817677e-02,-3.530276e-02,8.433699e-03,-0.1909,0.1765,-0.1054
2.00750,0.394259,0.513980,-0.221342,3.830145e-02,-3.539770e-02,8.459122e-03,-0.1915,0.1770,-0.1057
2.01000,0.393996,0.514144,-0.221791,3.842884e-02,-3.547774e-02,8.481044e-03,-0.1921,0.1774,-0.1060
2.01250,0.393734,0.514307,-0.222240,3.855977e-02,-3.554393e-02,8.499660e-03,-0.1928,0.1777,-0.1062
2.01500,0.393472,0.514471,-0.222688,3.869099e-02,-3.559753e-02,8.515345e-03,-0.1935,0.1780,-0.1064
2.01750,0.393210,0.514636,-0.223136,3.882284e-02,-3.564022e-02,8.528906e-03,-0.1941,0.1782,-0.1066
2.02000,0.392949,0.514801,-0.223582,3.895233e-02,-3.567279e-02,8.540566e-03,-0.1948,0.1784,-0.1068
2.02250,0.392687,0.514966,-0.224029,3.907846e-02,-3.569456e-02,8.550370e-03,-0.1954,0.1785,-0.1069
2.02500,0.392426,0.515132,-0.224475,3.919965e-02,-3.570500e-02,8.557950e-03,-0.1960,0.1785,-0.1070
2.02750,0.392165,0.515298,-0.224920,3.931976e-02,-3.570065e-02,8.562722e-03,-0.1966,0.1785,-0.1070
2.03000,0.391904,0.515465,-0.225364,3.943690e-02,-3.568391e-02,8.565029e-03,-0.1972,0.1784,-0.1071
2.03250,0.391644,0.515632,-0.225808,3.955243e-02,-3.565400e-02,8.564858e-03,-0.1978,0.1783,-0.1071
2.03500,0.391383,0.515799,-0.226252,3.966036e-02,-3.561346e-02,8.562836e-03,-0.1983,0.1781,-0.1070
2.03750,0.391123,0.515967,-0.226694,3.976258e-02,-3.556200e-02,8.559027e-03,-0.1988,0.1778,-0.1070
2.04000,0.390863,0.516135,-0.227137,3.986030e-02,-3.550397e-02,8.554306e-03,-0.1993,0.1775,-0.1069
2.04250,0.390604,0.516304,-0.227578,3.995289e-02,-3.544372e-02,8.549423e-03,-0.1998,0.1772,-0.1069
2.04500,0.390344,0.516473,-0.228019,4.003824e-02,-3.538090e-02,8.544224e-03,-0.2002,0.1769,-0.1068
2.04750,0.390085,0.516643,-0.228459,4.011537e-02,-3.531633e-02,8.538936e-03,-0.2006,0.1766,-0.1067
2.05000,0.389826,0.516813,-0.228899,4.017951e-02,-3.524957e-02,8.533089e-03,-0.2009,0.1762,-0.1067
2.05250,0.389567,0.516983,-0.229338,4.023219e-02,-3.518158e-02,8.527205e-03,-0.2012,0.1759,-0.1066
2.05500,0.389309,0.517154,-0.229777,4.026860e-02,-3.511227e-02,8.521086e-03,-0.2013,0.1756,-0.1065
2.05750,0.389050,0.517326,-0.230215,4.029120e-02,-3.504259e-02,8.515014e-03,-0.2015,0.1752,-0.1064
2.06000,0.388792,0.517497,-0.230652,4.029932e-02,-3.497445e-02,8.509301e-03,-0.2015,0.1749,-0.1064
2.06250,0.388534,0.517670,-0.231088,4.029320e-02,-3.490898e-02,8.504489e-03,-0.2015,0.1745,-0.1063
2.06500,0.388276,0.517842,-0.231524,4.027121e-02,-3.484722e-02,8.500754e-03,-0.2014,0.1742,-0.1063
2.06750,0.388019,0.518015,-0.231960,4.023345e-02,-3.478833e-02,8.497822e-03,-0.2012,0.1739,-0.1062
2.07000,0.387762,0.518189,-0.232394,4.018124e-02,-3.473405e-02,8.496091e-03,-0.2009,0.1737,-0.1062
2.07250,0.387505,0.518363,-0.232829,4.011730e-02,-3.468490e-02,8.495622e-03,-0.2006,0.1734,-0.1062
2.07500,0.387248,0.518537,-0.233262,4.004450e-02,-3.464124e-02,8.496312e-03,-0.2002,0.1732,-0.1062
2.07750,0.386991,0.518712,-0.233695,3.996216e-02,-3.460369e-02,8.498326e-03,-0.1998,0.1730,-0.1062
2.08000,0.386735,0.518888,-0.234127,3.987662e-02,-3.456991e-02,8.500906e-03,-0.1994,0.1728,-0.1063
2.08250,0.386478,0.519063,-0.234558,3.978970e-02,-3.454201e-02,8.504432e-03,-0.1989,0.1727,-0.1063
2.08500,0.386222,0.519240,-0.234989,3.969555e-02,-3.452014e-02,8.508934e-03,-0.1985,0.1726,-0.1064
2.08750,0.385967,0.519416,-0.235420,3.959959e-02,-3.450455e-02,8.514327e-03,-0.1980,0.1725,-0.1064
2.09000,0.385711,0.519594,-0.235849,3.949924e-02,-3.450099e-02,8.522148e-03,-0.1975,0.1725,-0.1065
2.09250,0.385456,0.519771,-0.236278,3.939564e-02,-3.450920e-02,8.532141e-03,-0.1970,0.1725,-0.1067
2.09500,0.385200,0.519949,-0.236707,3.928908e-02,-3.453032e-02,8.544719e-03,-0.1964,0.1727,-0.1068
2.09750,0.384945,0.520128,-0.237134,3.918294e-02,-3.456405e-02,8.559807e-03,-0.1959,0.1728,-0.1070
2.10000,0.384690,0.520307,-0.237561,3.907804e-02,-3.461090e-02,8.577769e-03,-0.1954,0.1731,-0.1072
2.10250,0.384436,0.520486,-0.237988,3.897713e-02,-3.466822e-02,8.597932e-03,-0.1949,0.1733,-0.1075
2.10500,0.384181,0.520666,-0.238414,3.887660e-02,-3.473792e-02,8.620652e-03,-0.1944,0.1737,-0.1078
2.10750,0.383927,0.520846,-0.238839,3.877970e-02,-3.482058e-02,8.645868e-03,-0.1939,0.1741,-0.1081
2.11000,0.383673,0.521027,-0.239263,3.868320e-02,-3.491804e-02,8.674180e-03,-0.1934,0.1746,-0.1084
2.11250,0.383419,0.521208,-0.239687,3.858728e-02,-3.503164e-02,8.705840e-03,-0.1929,0.1752,-0.1088
2.11500,0.383166,0.521390,-0.240111,3.849576e-02,-3.515813e-02,8.740268e-03,-0.1925,0.1758,-0.1093
2.11750,0.382912,0.521572,-0.240533,3.840961e-02,-3.529823e-02,8.777691e-03,-0.1920,0.1765,-0.1097
2.12000,0.382659,0.521755,-0.240955,3.833185e-02,-3.545011e-02,8.817898e-03,-0.1917,0.1773,-0.1102
2.12250,0.382406,0.521938,-0.241377,3.826520e-02,-3.561125e-02,8.860175e-03,-0.1913,0.1781,-0.1108
2.12500,0.382153,0.522121,-0.241797,3.821187e-02,-3.578193e-02,8.904361e-03,-0.1911,0.1789,-0.1113
2.12750,0.381900,0.522305,-0.242218,3.817356e-02,-3.596012e-02,8.949708e-03,-0.1909,0.1798,-0.1119
2.13000,0.381647,0.522490,-0.242637,3.814707e-02,-3.614459e-02,8.996224e-03,-0.1907,0.1807,-0.1125
2.13250,0.381395,0.522674,-0.243056,3.813314e-02,-3.633336e-02,9.043260e-03,-0.1907,0.1817,-0.1130
2.13500,0.381143,0.522860,-0.243474,3.813214e-02,-3.652546e-02,9.090778e-03,-0.1907,0.1826,-0.1136
2.13750,0.380891,0.523045,-0.243891,3.814627e-02,-3.671911e-02,9.138069e-03,-0.1907,0.1836,-0.1142
2.14000,0.380639,0.523231,-0.244308,3.817458e-02,-3.691144e-02,9.184693e-03,-0.1909,0.1846,-0.1148
2.14250,0.380387,0.523418,-0.244724,3.821476e-02,-3.710094e-02,9.230118e-03,-0.1911,0.1855,-0.1154
2.14500,0.380136,0.523605,-0.245140,3.827205e-02,-3.728179e-02,9.273013e-03,-0.1914,0.1864,-0.1159
2.14750,0.379885,0.523792,-0.245555,3.834826e-02,-3.745222e-02,9.312928e-03,-0.1917,0.1873,-0.1164
2.15000,0.379634,0.523980,-0.245969,3.844348e-02,-3.761065e-02,9.349501e-03,-0.1922,0.1881,-0.1169
2.15250,0.379383,0.524168,-0.246382,3.855922e-02,-3.775601e-02,9.382598e-03,-0.1928,0.1888,-0.1173
2.15500,0.379132,0.524356,-0.246795,3.869202e-02,-3.788623e-02,9.411672e-03,-0.1935,0.1894,-0.1176
2.15750,0.378882,0.524545,-0.247208,3.883656e-02,-3.800352e-02,9.437444e-03,-0.1942,0.1900,-0.1180
2.16000,0.378631,0.524734,-0.247619,3.898921e-02,-3.810761e-02,9.459922e-03,-0.1949,0.1905,-0.1182
2.16250,0.378381,0.524924,-0.248030,3.914537e-02,-3.820127e-02,9.479784e-03,-0.1957,0.1910,-0.1185
2.16500,0.378132,0.525114,-0.248440,3.930465e-02,-3.828615e-02,9.497237e-03,-0.1965,0.1914,-0.1187
2.16750,0.377882,0.525305,-0.248850,3.946409e-02,-3.836291e-02,9.512652e-03,-0.1973,0.1918,-0.1189
2.17000,0.377632,0.525496,-0.249259,3.962164e-02,-3.843065e-02,9.525949e-03,-0.1981,0.1922,-0.1191
2.17250,0.377383,0.525687,-0.249667,3.977867e-02,-3.848884e-02,9.537257e-03,-0.1989,0.1924,-0.1192
2.17500,0.377134,0.525879,-0.250075,3.993406e-02,-3.853675e-02,9.546395e-03,-0.1997,0.1927,-0.1193
2.17750,0.376885,0.526071,-0.250482,4.008772e-02,-3.857187e-02,9.553335e-03,-0.2004,0.1929,-0.1194
2.18000,0.376637,0.526264,-0.250888,4.023255e-02,-3.860168e-02,9.559517e-03,-0.2012,0.1930,-0.1195
2.18250,0.376389,0.526457,-0.251294,4.036588e-02,-3.862723e-02,9.565506e-03,-0.2018,0.1931,-0.1196
2.18500,0.376141,0.526650,-0.251700,4.048481e-02,-3.865188e-02,9.571659e-03,-0.2024,0.1933,-0.1196
2.18750,0.375893,0.526844,-0.252104,4.059037e-02,-3.867736e-02,9.578862e-03,-0.2030,0.1934,-0.1197
2.19000,0.375645,0.527039,-0.252508,4.068307e-02,-3.870566e-02,9.587216e-03,-0.2034,0.1935,-0.1198
2.19250,0.375398,0.527233,-0.252912,4.076018e-02,-3.873724e-02,9.597179e-03,-0.2038,0.1937,-0.1200
2.19500,0.375150,0.527428,-0.253315,4.082251e-02,-3.877156e-02,9.608497e-03,-0.2041,0.1939,-0.1201
2.19750,0.374903,0.527624,-0.253717,4.087307e-02,-3.881000e-02,9.621682e-03,-0.2044,0.1941,-0.1203
2.20000,0.374657,0.527820,-0.254118,4.091714e-02,-3.885021e-02,9.635934e-03,-0.2046,0.1943,-0.1204
2.20250,0.374410,0.528016,-0.254519,4.095754e-02,-3.889277e-02,9.651364e-03,-0.2048,0.1945,-0.1206
2.20500,0.374164,0.528213,-0.254920,4.099555e-02,-3.893544e-02,9.666872e-03,-0.2050,0.1947,-0.1208
2.20750,0.373918,0.528410,-0.255320,4.103474e-02,-3.897735e-02,9.682355e-03,-0.2052,0.1949,-0.1210
2.21000,0.373672,0.528608,-0.255719,4.107060e-02,-3.901972e-02,9.698051e-03,-0.2054,0.1951,-0.1212
2.21250,0.373427,0.528806,-0.256117,4.110167e-02,-3.906222e-02,9.714052e-03,-0.2055,0.1953,-0.1214
2.21500,0.373181,0.529004,-0.256515,4.112713e-02,-3.910750e-02,9.730785e-03,-0.2056,0.1955,-0.1216
2.21750,0.372936,0.529203,-0.256913,4.114257e-02,-3.915692e-02,9.748972e-03,-0.2057,0.1958,-0.1219
2.22000,0.372691,0.529402,-0.257309,4.114757e-02,-3.921241e-02,9.768775e-03,-0.2057,0.1961,-0.1221
2.22250,0.372447,0.529602,-0.257706,4.114145e-02,-3.927177e-02,9.789736e-03,-0.2057,0.1964,-0.1224
2.22500,0.372202,0.529802,-0.258101,4.112544e-02,-3.933348e-02,9.811665e-03,-0.2056,0.1967,-0.1226
2.22750,0.371958,0.530003,-0.258496,4.109772e-02,-3.939716e-02,9.834295e-03,-0.2055,0.1970,-0.1229
2.23000,0.371714,0.530204,-0.258890,4.105956e-02,-3.946407e-02,9.857966e-03,-0.2053,0.1973,-0.1232
2.23250,0.371471,0.530405,-0.259284,4.100712e-02,-3.953549e-02,9.882955e-03,-0.2050,0.1977,-0.1235
2.23500,0.371227,0.530607,-0.259676,4.094374e-02,-3.961237e-02,9.909397e-03,-0.2047,0.1981,-0.1239
2.23750,0.370984,0.530809,-0.260069,4.087203e-02,-3.969496e-02,9.937197e-03,-0.2044,0.1985,-0.1242
2.24000,0.370741,0.531011,-0.260460,4.079567e-02,-3.978093e-02,9.965637e-03,-0.2040,0.1989,-0.1246
2.24250,0.370498,0.531214,-0.260851,4.071857e-02,-3.987211e-02,9.995208e-03,-0.2036,0.1994,-0.1249
2.24500,0.370255,0.531418,-0.261242,4.063997e-02,-3.996459e-02,1.002492e-02,-0.2032,0.1998,-0.1253
2.24750,0.370013,0.531622,-0.261632,4.056332e-02,-4.005735e-02,1.005456e-02,-0.2028,0.2003,-0.1257
2.25000,0.369771,0.531826,-0.262021,4.048611e-02,-4.014991e-02,1.008384e-02,-0.2024,0.2007,-0.1260
2.25250,0.369529,0.532031,-0.262409,4.040998e-02,-4.024070e-02,1.011271e-02,-0.2020,0.2012,-0.1264
2.25500,0.369287,0.532236,-0.262797,4.033459e-02,-4.032851e-02,1.014052e-02,-0.2017,0.2016,-0.1268
2.25750,0.369046,0.532441,-0.263184,4.025773e-02,-4.041598e-02,1.016823e-02,-0.2013,0.2021,-0.1271
2.26000,0.368804,0.532647,-0.263571,4.017574e-02,-4.050078e-02,1.019520e-02,-0.2009,0.2025,-0.1274
2.26250,0.368563,0.532853,-0.263957,4.008896e-02,-4.058444e-02,1.022223e-02,-0.2004,0.2029,-0.1278
2.26500,0.368322,0.533060,-0.264342,3.999775e-02,-4.066596e-02,1.024891e-02,-0.2000,0.2033,-0.1281
2.26750,0.368082,0.533267,-0.264727,3.990446e-02,-4.074596e-02,1.027519e-02,-0.1995,0.2037,-0.1284
2.27000,0.367841,0.533474,-0.265111,3.981411e-02,-4.082394e-02,1.030076e-02,-0.1991,0.2041,-0.1288
2.27250,0.367601,0.533682,-0.265495,3.972643e-02,-4.089938e-02,1.032555e-02,-0.1986,0.2045,-0.1291
2.27500,0.367361,0.533891,-0.265878,3.964467e-02,-4.097106e-02,1.034917e-02,-0.1982,0.2049,-0.1294
2.27750,0.367121,0.534099,-0.266260,3.957023e-02,-4.103530e-02,1.037072e-02,-0.1979,0.2052,-0.1296
2.28000,0.366881,0.534308,-0.266641,3.950553e-02,-4.108789e-02,1.038913e-02,-0.1975,0.2054,-0.1299
2.28250,0.366642,0.534518,-0.267022,3.945314e-02,-4.113078e-02,1.040486e-02,-0.1973,0.2057,-0.1301
2.28500,0.366403,0.534728,-0.267402,3.941617e-02,-4.116256e-02,1.041765e-02,-0.1971,0.2058,-0.1302
2.28750,0.366164,0.534938,-0.267782,3.939260e-02,-4.118311e-02,1.042743e-02,-0.1970,0.2059,-0.1303
2.29000,0.365925,0.535149,-0.268161,3.938428e-02,-4.119275e-02,1.043463e-02,-0.1969,0.2060,-0.1304
2.29250,0.365686,0.535360,-0.268539,3.939090e-02,-4.119508e-02,1.043963e-02,-0.1970,0.2060,-0.1305
2.29500,0.365448,0.535571,-0.268917,3.941249e-02,-4.118994e-02,1.044256e-02,-0.1971,0.2059,-0.1305
2.29750,0.365209,0.535783,-0.269293,3.945052e-02,-4.117846e-02,1.044344e-02,-0.1973,0.2059,-0.1305
2.30000,0.364971,0.535996,-0.269670,3.950383e-02,-4.116659e-02,1.044387e-02,-0.1975,0.2058,-0.1305
2.30250,0.364733,0.536208,-0.270045,3.957728e-02,-4.115216e-02,1.044276e-02,-0.1979,0.2058,-0.1305
2.30500,0.364496,0.536421,-0.270420,3.967066e-02,-4.114056e-02,1.044139e-02,-0.1984,0.2057,-0.1305
2.30750,0.364258,0.536635,-0.270794,3.978277e-02,-4.113211e-02,1.043963e-02,-0.1989,0.2057,-0.1305
2.31000,0.364021,0.536849,-0.271167,3.991313e-02,-4.112604e-02,1.043750e-02,-0.1996,0.2056,-0.1305
2.31250,0.363784,0.537063,-0.271540,4.006026e-02,-4.112391e-02,1.043504e-02,-0.2003,0.2056,-0.1304
2.31500,0.363547,0.537278,-0.271912,4.022122e-02,-4.112581e-02,1.043249e-02,-0.2011,0.2056,-0.1304
2.31750,0.363311,0.537493,-0.272283,4.039087e-02,-4.112980e-02,1.042902e-02,-0.2020,0.2056,-0.1304
2.32000,0.363074,0.537709,-0.272654,4.056680e-02,-4.114020e-02,1.042619e-02,-0.2028,0.2057,-0.1303
2.32250,0.362838,0.537925,-0.273024,4.074996e-02,-4.116123e-02,1.042475e-02,-0.2037,0.2058,-0.1303
2.32500,0.362602,0.538141,-0.273393,4.093183e-02,-4.119048e-02,1.042483e-02,-0.2047,0.2060,-0.1303
2.32750,0.362367,0.538358,-0.273761,4.111172e-02,-4.122823e-02,1.042667e-02,-0.2056,0.2061,-0.1303
2.33000,0.362131,0.538575,-0.274129,4.128846e-02,-4.127173e-02,1.042978e-02,-0.2064,0.2064,-0.1304
2.33250,0.361896,0.538793,-0.274496,4.146224e-02,-4.132156e-02,1.043449e-02,-0.2073,0.2066,-0.1304
2.33500,0.361661,0.539011,-0.274863,4.162830e-02,-4.137542e-02,1.044049e-02,-0.2081,0.2069,-0.1305
2.33750,0.361426,0.539230,-0.275229,4.178403e-02,-4.142974e-02,1.044687e-02,-0.2089,0.2071,-0.1306
2.34000,0.361192,0.539449,-0.275594,4.192800e-02,-4.148619e-02,1.045436e-02,-0.2096,0.2074,-0.1307
2.34250,0.360957,0.539668,-0.275959,4.206025e-02,-4.154249e-02,1.046211e-02,-0.2103,0.2077,-0.1308
2.34500,0.360723,0.539888,-0.276323,4.217986e-02,-4.159799e-02,1.047025e-02,-0.2109,0.2080,-0.1309
2.34750,0.360490,0.540108,-0.276686,4.228776e-02,-4.165213e-02,1.047827e-02,-0.2114,0.2083,-0.1310
2.35000,0.360256,0.540328,-0.277049,4.238365e-02,-4.170749e-02,1.048740e-02,-0.2119,0.2085,-0.1311
2.35250,0.360023,0.540549,-0.277411,4.247013e-02,-4.176202e-02,1.049674e-02,-0.2124,0.2088,-0.1312
2.35500,0.359790,0.540771,-0.277772,4.254662e-02,-4.181587e-02,1.050665e-02,-0.2127,0.2091,-0.1313
2.35750,0.359557,0.540992,-0.278133,4.261204e-02,-4.187060e-02,1.051726e-02,-0.2131,0.2094,-0.1315
2.36000,0.359325,0.541215,-0.278493,4.267007e-02,-4.192686e-02,1.052891e-02,-0.2134,0.2096,-0.1316
2.36250,0.359092,0.541437,-0.278853,4.271849e-02,-4.198858e-02,1.054224e-02,-0.2136,0.2099,-0.1318
2.36500,0.358860,0.541660,-0.279212,4.275511e-02,-4.205514e-02,1.055761e-02,-0.2138,0.2103,-0.1320
2.36750,0.358628,0.541883,-0.279571,4.277652e-02,-4.212900e-02,1.057572e-02,-0.2139,0.2106,-0.1322
2.37000,0.358397,0.542107,-0.279929,4.278310e-02,-4.220920e-02,1.059646e-02,-0.2139,0.2110,-0.1325
2.37250,0.358166,0.542331,-0.280286,4.277694e-02,-4.229634e-02,1.062007e-02,-0.2139,0.2115,-0.1328
2.37500,0.357935,0.542556,-0.280643,4.275931e-02,-4.239381e-02,1.064727e-02,-0.2138,0.2120,-0.1331
2.37750,0.357704,0.542781,-0.280999,4.272993e-02,-4.250455e-02,1.067887e-02,-0.2136,0.2125,-0.1335
2.38000,0.357473,0.543007,-0.281355,4.268628e-02,-4.262829e-02,1.071475e-02,-0.2134,0.2131,-0.1339
2.38250,0.357243,0.543232,-0.281710,4.263296e-02,-4.276511e-02,1.075462e-02,-0.2132,0.2138,-0.1344
2.38500,0.357013,0.543459,-0.282065,4.257129e-02,-4.291468e-02,1.079818e-02,-0.2129,0.2146,-0.1350
2.38750,0.356783,0.543685,-0.282419,4.250209e-02,-4.307421e-02,1.084477e-02,-0.2125,0.2154,-0.1356
2.39000,0.356554,0.543912,-0.282772,4.242080e-02,-4.324252e-02,1.089419e-02,-0.2121,0.2162,-0.1362
2.39250,0.356325,0.544140,-0.283125,4.233071e-02,-4.341498e-02,1.094549e-02,-0.2117,0.2171,-0.1368
2.39500,0.356095,0.544367,-0.283478,4.223052e-02,-4.358889e-02,1.099789e-02,-0.2112,0.2179,-0.1375
2.39750,0.355867,0.544596,-0.283829,4.212020e-02,-4.376364e-02,1.105118e-02,-0.2106,0.2188,-0.1381
2.40000,0.355638,0.544824,-0.284181,4.200281e-02,-4.393899e-02,1.110495e-02,-0.2100,0.2197,-0.1388
2.40250,0.355410,0.545053,-0.284531,4.188178e-02,-4.411371e-02,1.115898e-02,-0.2094,0.2206,-0.1395
2.40500,0.355181,0.545282,-0.284881,4.175906e-02,-4.428635e-02,1.121233e-02,-0.2088,0.2214,-0.1402
2.40750,0.354954,0.545512,-0.285231,4.163696e-02,-4.445836e-02,1.126532e-02,-0.2082,0.2223,-0.1408
2.41000,0.354726,0.545742,-0.285580,4.151809e-02,-4.462798e-02,1.131704e-02,-0.2076,0.2231,-0.1415
2.41250,0.354498,0.545973,-0.285928,4.140604e-02,-4.479671e-02,1.136768e-02,-0.2070,0.2240,-0.1421
2.41500,0.354271,0.546204,-0.286276,4.129748e-02,-4.496091e-02,1.141683e-02,-0.2065,0.2248,-0.1427
2.41750,0.354044,0.546435,-0.286623,4.119578e-02,-4.512031e-02,1.146414e-02,-0.2060,0.2256,-0.1433
2.42000,0.353817,0.546666,-0.286970,4.109590e-02,-4.527551e-02,1.151009e-02,-0.2055,0.2264,-0.1439
2.42250,0.353591,0.546898,-0.287316,4.100010e-02,-4.542600e-02,1.155422e-02,-0.2050,0.2271,-0.1444
2.42500,0.353364,0.547131,-0.287661,4.090588e-02,-4.557386e-02,1.159747e-02,-0.2045,0.2279,-0.1450
2.42750,0.353138,0.547363,-0.288006,4.081612e-02,-4.571674e-02,1.163901e-02,-0.2041,0.2286,-0.1455
2.43000,0.352912,0.547596,-0.288351,4.073264e-02,-4.585368e-02,1.167873e-02,-0.2037,0.2293,-0.1460
2.43250,0.352686,0.547830,-0.288694,4.065841e-02,-4.598024e-02,1.171531e-02,-0.2033,0.2299,-0.1464
2.43500,0.352461,0.548064,-0.289038,4.059143e-02,-4.609486e-02,1.174864e-02,-0.2030,0.2305,-0.1469
2.43750,0.352235,0.548298,-0.289380,4.053576e-02,-4.619425e-02,1.177769e-02,-0.2027,0.2310,-0.1472
2.44000,0.352010,0.548532,-0.289722,4.049191e-02,-4.627858e-02,1.180252e-02,-0.2025,0.2314,-0.1475
2.44250,0.351785,0.548767,-0.290064,4.046267e-02,-4.634477e-02,1.182253e-02,-0.2023,0.2317,-0.1478
2.44500,0.351561,0.549003,-0.290405,4.044672e-02,-4.639495e-02,1.183803e-02,-0.2022,0.2320,-0.1480
2.44750,0.351336,0.549238,-0.290745,4.044441e-02,-4.642976e-02,1.184950e-02,-0.2022,0.2321,-0.1481
2.45000,0.351112,0.549474,-0.291085,4.045184e-02,-4.645400e-02,1.185771e-02,-0.2023,0.2323,-0.1482
2.45250,0.350888,0.549710,-0.291424,4.046877e-02,-4.646556e-02,1.186246e-02,-0.2023,0.2323,-0.1483
2.45500,0.350664,0.549947,-0.291763,4.049451e-02,-4.646669e-02,1.186391e-02,-0.2025,0.2323,-0.1483
2.45750,0.350440,0.550184,-0.292101,4.052918e-02,-4.645606e-02,1.186229e-02,-0.2026,0.2323,-0.1483
2.46000,0.350217,0.550422,-0.292438,4.057326e-02,-4.643421e-02,1.185738e-02,-0.2029,0.2322,-0.1482
2.46250,0.349993,0.550660,-0.292775,4.062666e-02,-4.640069e-02,1.184959e-02,-0.2031,0.2320,-0.1481
2.46500,0.349770,0.550898,-0.293111,4.069177e-02,-4.635692e-02,1.183871e-02,-0.2035,0.2318,-0.1480
2.46750,0.349547,0.551136,-0.293447,4.076850e-02,-4.630345e-02,1.182508e-02,-0.2038,0.2315,-0.1478
2.47000,0.349325,0.551375,-0.293782,4.086110e-02,-4.624013e-02,1.180827e-02,-0.2043,0.2312,-0.1476
2.47250,0.349102,0.551615,-0.294117,4.096961e-02,-4.616698e-02,1.178805e-02,-0.2048,0.2308,-0.1474
2.47500,0.348880,0.551854,-0.294450,4.109606e-02,-4.609030e-02,1.176570e-02,-0.2055,0.2305,-0.1471
2.47750,0.348658,0.552094,-0.294784,4.123723e-02,-4.601691e-02,1.174274e-02,-0.2062,0.2301,-0.1468
2.48000,0.348436,0.552335,-0.295116,4.139229e-02,-4.594978e-02,1.171999e-02,-0.2070,0.2297,-0.1465
2.48250,0.348215,0.552576,-0.295448,4.156125e-02,-4.589102e-02,1.169782e-02,-0.2078,0.2295,-0.1462
2.48500,0.347994,0.552817,-0.295780,4.174262e-02,-4.584383e-02,1.167728e-02,-0.2087,0.2292,-0.1460
2.48750,0.347772,0.553059,-0.296110,4.193105e-02,-4.581119e-02,1.165918e-02,-0.2097,0.2291,-0.1457
2.49000,0.347552,0.553301,-0.296440,4.212563e-02,-4.579398e-02,1.164380e-02,-0.2106,0.2290,-0.1455
2.49250,0.347331,0.553543,-0.296770,4.232171e-02,-4.579149e-02,1.163106e-02,-0.2116,0.2290,-0.1454
2.49500,0.347111,0.553786,-0.297099,4.251822e-02,-4.579991e-02,1.162032e-02,-0.2126,0.2290,-0.1453
2.49750,0.346891,0.554029,-0.297427,4.271390e-02,-4.581844e-02,1.161142e-02,-0.2136,0.2291,-0.1451
2.50000,0.346671,0.554273,-0.297755,4.290909e-02,-4.584313e-02,1.160356e-02,-0.2145,0.2292,-0.1450
2.50250,0.346451,0.554517,-0.298082,4.309921e-02,-4.587565e-02,1.159761e-02,-0.2155,0.2294,-0.1450
2.50500,0.346232,0.554761,-0.298408,4.328291e-02,-4.591594e-02,1.159381e-02,-0.2164,0.2296,-0.1449
2.50750,0.346013,0.555006,-0.298734,4.345869e-02,-4.596419e-02,1.159241e-02,-0.2173,0.2298,-0.1449
2.51000,0.345794,0.555251,-0.299060,4.362467e-02,-4.601908e-02,1.159318e-02,-0.2181,0.2301,-0.1449
2.51250,0.345575,0.555496,-0.299385,4.378070e-02,-4.608142e-02,1.159636e-02,-0.2189,0.2304,-0.1450
2.51500,0.345357,0.555742,-0.299709,4.392653e-02,-4.615251e-02,1.160238e-02,-0.2196,0.2308,-0.1450
2.51750,0.345139,0.555989,-0.300033,4.406042e-02,-4.623083e-02,1.161105e-02,-0.2203,0.2312,-0.1451
2.52000,0.344921,0.556235,-0.300356,4.418313e-02,-4.631447e-02,1.162217e-02,-0.2209,0.2316,-0.1453
2.52250,0.344703,0.556482,-0.300679,4.429165e-02,-4.640296e-02,1.163578e-02,-0.2215,0.2320,-0.1454
2.52500,0.344486,0.556730,-0.301001,4.438520e-02,-4.649321e-02,1.165112e-02,-0.2219,0.2325,-0.1456
2.52750,0.344269,0.556978,-0.301323,4.446384e-02,-4.658761e-02,1.166903e-02,-0.2223,0.2329,-0.1459
2.53000,0.344052,0.557226,-0.301644,4.452568e-02,-4.668264e-02,1.168862e-02,-0.2226,0.2334,-0.1461
2.53250,0.343836,0.557474,-0.301965,4.456648e-02,-4.677980e-02,1.171064e-02,-0.2228,0.2339,-0.1464
2.53500,0.343620,0.557723,-0.302286,4.458619e-02,-4.688105e-02,1.173548e-02,-0.2229,0.2344,-0.1467
2.53750,0.343404,0.557973,-0.302605,4.458512e-02,-4.698651e-02,1.176285e-02,-0.2229,0.2349,-0.1470
2.54000,0.343188,0.558222,-0.302925,4.456472e-02,-4.709756e-02,1.179367e-02,-0.2228,0.2355,-0.1474
2.54250,0.342973,0.558472,-0.303244,4.452748e-02,-4.721376e-02,1.182691e-02,-0.2226,0.2361,-0.1478
2.54500,0.342758,0.558723,-0.303562,4.447580e-02,-4.733636e-02,1.186317e-02,-0.2224,0.2367,-0.1483
2.54750,0.342543,0.558974,-0.303880,4.441236e-02,-4.746469e-02,1.190175e-02,-0.2221,0.2373,-0.1488
2.55000,0.342328,0.559225,-0.304198,4.433883e-02,-4.760169e-02,1.194357e-02,-0.2217,0.2380,-0.1493
2.55250,0.342114,0.559477,-0.304515,4.425738e-02,-4.774650e-02,1.198796e-02,-0.2213,0.2387,-0.1498
2.55500,0.341900,0.559728,-0.304832,4.416744e-02,-4.789728e-02,1.203486e-02,-0.2208,0.2395,-0.1504
2.55750,0.341686,0.559981,-0.305148,4.407119e-02,-4.805106e-02,1.208307e-02,-0.2204,0.2403,-0.1510
2.56000,0.341472,0.560233,-0.305463,4.397003e-02,-4.820673e-02,1.213262e-02,-0.2199,0.2410,-0.1517
2.56250,0.341259,0.560487,-0.305779,4.386481e-02,-4.836150e-02,1.218229e-02,-0.2193,0.2418,-0.1523
2.56500,0.341046,0.560740,-0.306093,4.375595e-02,-4.851483e-02,1.223231e-02,-0.2188,0.2426,-0.1529
2.56750,0.340833,0.560994,-0.306408,4.364731e-02,-4.866471e-02,1.228145e-02,-0.2182,0.2433,-0.1535
2.57000,0.340620,0.561248,-0.306721,4.353835e-02,-4.881311e-02,1.233049e-02,-0.2177,0.2441,-0.1541
2.57250,0.340408,0.561502,-0.307035,4.342973e-02,-4.895794e-02,1.237854e-02,-0.2171,0.2448,-0.1547
2.57500,0.340196,0.561757,-0.307347,4.332243e-02,-4.910129e-02,1.242604e-02,-0.2166,0.2455,-0.1553
2.57750,0.339984,0.562012,-0.307660,4.321991e-02,-4.923950e-02,1.247181e-02,-0.2161,0.2462,-0.1559
2.58000,0.339772,0.562268,-0.307971,4.312160e-02,-4.936957e-02,1.251505e-02,-0.2156,0.2468,-0.1564
2.58250,0.339560,0.562524,-0.308283,4.302898e-02,-4.948723e-02,1.255468e-02,-0.2151,0.2474,-0.1569
2.58500,0.339349,0.562780,-0.308594,4.294216e-02,-4.959057e-02,1.259024e-02,-0.2147,0.2480,-0.1574
2.58750,0.339138,0.563037,-0.308904,4.286015e-02,-4.968285e-02,1.262265e-02,-0.2143,0.2484,-0.1578
2.59000,0.338927,0.563294,-0.309214,4.278188e-02,-4.976503e-02,1.265237e-02,-0.2139,0.2488,-0.1582
2.59250,0.338717,0.563551,-0.309523,4.270602e-02,-4.983781e-02,1.267895e-02,-0.2135,0.2492,-0.1585
2.59500,0.338507,0.563809,-0.309832,4.263303e-02,-4.990297e-02,1.270330e-02,-0.2132,0.2495,-0.1588
2.59750,0.338296,0.564067,-0.310140,4.256546e-02,-4.996109e-02,1.272520e-02,-0.2128,0.2498,-0.1591
2.60000,0.338087,0.564325,-0.310448,4.250513e-02,-5.001143e-02,1.274446e-02,-0.2125,0.2501,-0.1593
2.60250,0.337877,0.564584,-0.310756,4.245286e-02,-5.005592e-02,1.276132e-02,-0.2123,0.2503,-0.1595
2.60500,0.337667,0.564843,-0.311063,4.240895e-02,-5.009165e-02,1.277527e-02,-0.2120,0.2505,-0.1597
2.60750,0.337458,0.565102,-0.311369,4.237259e-02,-5.011843e-02,1.278618e-02,-0.2119,0.2506,-0.1598
2.61000,0.337249,0.565362,-0.311675,4.234603e-02,-5.012998e-02,1.279232e-02,-0.2117,0.2506,-0.1599
2.61250,0.337040,0.565622,-0.311980,4.232750e-02,-5.012654e-02,1.279368e-02,-0.2116,0.2506,-0.1599
2.61500,0.336832,0.565883,-0.312285,4.231924e-02,-5.010569e-02,1.278950e-02,-0.2116,0.2505,-0.1599
2.61750,0.336623,0.566143,-0.312590,4.232085e-02,-5.007038e-02,1.278040e-02,-0.2116,0.2504,-0.1598
2.62000,0.336415,0.566405,-0.312894,4.233168e-02,-5.002031e-02,1.276659e-02,-0.2117,0.2501,-0.1596
2.62250,0.336207,0.566666,-0.313197,4.234865e-02,-4.996409e-02,1.275066e-02,-0.2117,0.2498,-0.1594
2.62500,0.336000,0.566928,-0.313500,4.237151e-02,-4.990204e-02,1.273267e-02,-0.2119,0.2495,-0.1592
2.62750,0.335792,0.567190,-0.313803,4.240122e-02,-4.983776e-02,1.271328e-02,-0.2120,0.2492,-0.1589
2.63000,0.335585,0.567453,-0.314105,4.243987e-02,-4.977822e-02,1.269426e-02,-0.2122,0.2489,-0.1587
2.63250,0.335378,0.567716,-0.314406,4.248822e-02,-4.973329e-02,1.267797e-02,-0.2124,0.2487,-0.1585
2.63500,0.335171,0.567979,-0.314707,4.254613e-02,-4.970744e-02,1.266581e-02,-0.2127,0.2485,-0.1583
2.63750,0.334965,0.568243,-0.315008,4.261526e-02,-4.970329e-02,1.265825e-02,-0.2131,0.2485,-0.1582
2.64000,0.334758,0.568507,-0.315308,4.269607e-02,-4.972421e-02,1.265631e-02,-0.2135,0.2486,-0.1582
2.64250,0.334552,0.568772,-0.315607,4.278748e-02,-4.977013e-02,1.265978e-02,-0.2139,0.2489,-0.1582
2.64500,0.334346,0.569037,-0.315906,4.289017e-02,-4.984172e-02,1.266917e-02,-0.2145,0.2492,-0.1584
2.64750,0.334140,0.569302,-0.316205,4.299909e-02,-4.993713e-02,1.268408e-02,-0.2150,0.2497,-0.1586
2.65000,0.333935,0.569567,-0.316503,4.311324e-02,-5.005668e-02,1.270512e-02,-0.2156,0.2503,-0.1588
2.65250,0.333730,0.569833,-0.316801,4.323049e-02,-5.019684e-02,1.273125e-02,-0.2162,0.2510,-0.1591
2.65500,0.333525,0.570100,-0.317098,4.335203e-02,-5.035305e-02,1.276138e-02,-0.2168,0.2518,-0.1595
2.65750,0.333320,0.570366,-0.317395,4.347689e-02,-5.052175e-02,1.279482e-02,-0.2174,0.2526,-0.1599
2.66000,0.333116,0.570633,-0.317691,4.360680e-02,-5.069910e-02,1.283014e-02,-0.2180,0.2535,-0.1604
2.66250,0.332911,0.570901,-0.317987,4.374010e-02,-5.087919e-02,1.286569e-02,-0.2187,0.2544,-0.1608
2.66500,0.332707,0.571168,-0.318282,4.387996e-02,-5.106064e-02,1.290090e-02,-0.2194,0.2553,-0.1613
2.66750,0.332504,0.571436,-0.318577,4.402840e-02,-5.124144e-02,1.293516e-02,-0.2201,0.2562,-0.1617
2.67000,0.332300,0.571705,-0.318872,4.418552e-02,-5.141816e-02,1.296729e-02,-0.2209,0.2571,-0.1621
2.67250,0.332097,0.571974,-0.319166,4.434909e-02,-5.158931e-02,1.299749e-02,-0.2217,0.2579,-0.1625
2.67500,0.331894,0.572243,-0.319460,4.451611e-02,-5.175341e-02,1.302540e-02,-0.2226,0.2588,-0.1628
2.67750,0.331691,0.572512,-0.319753,4.468512e-02,-5.191269e-02,1.305212e-02,-0.2234,0.2596,-0.1632
2.68000,0.331489,0.572782,-0.320046,4.485321e-02,-5.206898e-02,1.307838e-02,-0.2243,0.2603,-0.1635
2.68250,0.331286,0.573052,-0.320339,4.501960e-02,-5.222196e-02,1.310427e-02,-0.2251,0.2611,-0.1638
2.68500,0.331085,0.573322,-0.320631,4.518084e-02,-5.237014e-02,1.312949e-02,-0.2259,0.2619,-0.1641
2.68750,0.330883,0.573593,-0.320923,4.533563e-02,-5.251488e-02,1.315485e-02,-0.2267,0.2626,-0.1644
2.69000,0.330681,0.573864,-0.321214,4.547826e-02,-5.265932e-02,1.318107e-02,-0.2274,0.2633,-0.1648
2.69250,0.330480,0.574136,-0.321505,4.560661e-02,-5.280477e-02,1.320898e-02,-0.2280,0.2640,-0.1651
2.69500,0.330279,0.574407,-0.321796,4.572197e-02,-5.294930e-02,1.323749e-02,-0.2286,0.2647,-0.1655
2.69750,0.330079,0.574679,-0.322086,4.582236e-02,-5.309824e-02,1.326879e-02,-0.2291,0.2655,-0.1659
2.70000,0.329878,0.574952,-0.322376,4.591131e-02,-5.324527e-02,1.330037e-02,-0.2296,0.2662,-0.1663
2.70250,0.329678,0.575225,-0.322666,4.598786e-02,-5.339039e-02,1.333282e-02,-0.2299,0.2670,-0.1667
2.70500,0.329479,0.575498,-0.322955,4.605473e-02,-5.352674e-02,1.336381e-02,-0.2303,0.2676,-0.1670
2.70750,0.329279,0.575771,-0.323244,4.611143e-02,-5.365300e-02,1.339341e-02,-0.2306,0.2683,-0.1674
2.71000,0.329080,0.576045,-0.323533,4.615733e-02,-5.377025e-02,1.342134e-02,-0.2308,0.2689,-0.1678
2.71250,0.328881,0.576319,-0.323821,4.619064e-02,-5.387499e-02,1.344703e-02,-0.2310,0.2694,-0.1681
2.71500,0.328682,0.576593,-0.324109,4.621097e-02,-5.396652e-02,1.347020e-02,-0.2311,0.2698,-0.1684
2.71750,0.328484,0.576868,-0.324396,4.621909e-02,-5.404467e-02,1.349086e-02,-0.2311,0.2702,-0.1686
2.72000,0.328285,0.577143,-0.324683,4.621538e-02,-5.410902e-02,1.350869e-02,-0.2311,0.2705,-0.1689
2.72250,0.328087,0.577418,-0.324970,4.620296e-02,-5.415874e-02,1.352320e-02,-0.2310,0.2708,-0.1690
2.72500,0.327890,0.577694,-0.325257,4.618301e-02,-5.419196e-02,1.353373e-02,-0.2309,0.2710,-0.1692
2.72750,0.327692,0.577970,-0.325543,4.615594e-02,-5.421454e-02,1.354201e-02,-0.2308,0.2711,-0.1693
2.73000,0.327495,0.578246,-0.325828,4.612257e-02,-5.422576e-02,1.354803e-02,-0.2306,0.2711,-0.1694
2.73250,0.327298,0.578523,-0.326113,4.608780e-02,-5.422598e-02,1.355125e-02,-0.2304,0.2711,-0.1694
2.73500,0.327102,0.578800,-0.326398,4.605227e-02,-5.421497e-02,1.355178e-02,-0.2303,0.2711,-0.1694
2.73750,0.326906,0.579077,-0.326683,4.602029e-02,-5.419067e-02,1.354870e-02,-0.2301,0.2710,-0.1694
2.74000,0.326709,0.579355,-0.326967,4.599256e-02,-5.414863e-02,1.354071e-02,-0.2300,0.2707,-0.1693
2.74250,0.326514,0.579633,-0.327251,4.596832e-02,-5.408801e-02,1.352728e-02,-0.2298,0.2704,-0.1691
2.74500,0.326318,0.579911,-0.327534,4.594642e-02,-5.400997e-02,1.350892e-02,-0.2297,0.2700,-0.1689
2.74750,0.326123,0.580190,-0.327818,4.592728e-02,-5.391576e-02,1.348609e-02,-0.2296,0.2696,-0.1686
2.75000,0.325928,0.580469,-0.328100,4.590889e-02,-5.380635e-02,1.345909e-02,-0.2295,0.2690,-0.1682
2.75250,0.325733,0.580748,-0.328383,4.589077e-02,-5.368358e-02,1.342850e-02,-0.2295,0.2684,-0.1679
2.75500,0.325538,0.581028,-0.328664,4.587100e-02,-5.354866e-02,1.339462e-02,-0.2294,0.2677,-0.1674
2.75750,0.325344,0.581308,-0.328946,4.584697e-02,-5.339988e-02,1.335697e-02,-0.2292,0.2670,-0.1670
2.76000,0.325150,0.581588,-0.329227,4.581501e-02,-5.324102e-02,1.331723e-02,-0.2291,0.2662,-0.1665
2.76250,0.324956,0.581869,-0.329508,4.577666e-02,-5.307385e-02,1.327549e-02,-0.2289,0.2654,-0.1659
2.76500,0.324763,0.582150,-0.329789,4.573022e-02,-5.290424e-02,1.323366e-02,-0.2287,0.2645,-0.1654
2.76750,0.324569,0.582432,-0.330069,4.568176e-02,-5.273348e-02,1.319152e-02,-0.2284,0.2637,-0.1649
2.77000,0.324376,0.582713,-0.330348,4.563372e-02,-5.256827e-02,1.315098e-02,-0.2282,0.2628,-0.1644
2.77250,0.324184,0.582996,-0.330628,4.558832e-02,-5.241365e-02,1.311289e-02,-0.2279,0.2621,-0.1639
2.77500,0.323991,0.583278,-0.330907,4.554855e-02,-5.228173e-02,1.308038e-02,-0.2277,0.2614,-0.1635
2.77750,0.323799,0.583561,-0.331185,4.551584e-02,-5.218132e-02,1.305538e-02,-0.2276,0.2609,-0.1632
2.78000,0.323607,0.583844,-0.331463,4.548710e-02,-5.211473e-02,1.303875e-02,-0.2274,0.2606,-0.1630
2.78250,0.323415,0.584128,-0.331741,4.546157e-02,-5.208747e-02,1.303179e-02,-0.2273,0.2604,-0.1629
2.78500,0.323223,0.584412,-0.332019,4.544016e-02,-5.209905e-02,1.303434e-02,-0.2272,0.2605,-0.1629
2.78750,0.323032,0.584697,-0.332296,4.542239e-02,-5.215282e-02,1.304737e-02,-0.2271,0.2608,-0.1631
2.79000,0.322841,0.584981,-0.332573,4.540829e-02,-5.224186e-02,1.306883e-02,-0.2270,0.2612,-0.1634
2.79250,0.322650,0.585267,-0.332849,4.539440e-02,-5.236336e-02,1.309860e-02,-0.2270,0.2618,-0.1637
2.79500,0.322459,0.585552,-0.333125,4.538265e-02,-5.251249e-02,1.313532e-02,-0.2269,0.2626,-0.1642
2.79750,0.322269,0.585838,-0.333401,4.537291e-02,-5.268631e-02,1.317863e-02,-0.2269,0.2634,-0.1647
2.80000,0.322079,0.586124,-0.333677,4.536878e-02,-5.288319e-02,1.322798e-02,-0.2268,0.2644,-0.1653
2.80250,0.321889,0.586411,-0.333952,4.536888e-02,-5.309784e-02,1.328223e-02,-0.2268,0.2655,-0.1660
2.80500,0.321700,0.586698,-0.334227,4.537398e-02,-5.333153e-02,1.334149e-02,-0.2269,0.2667,-0.1668
2.80750,0.321510,0.586985,-0.334502,4.538299e-02,-5.358253e-02,1.340566e-02,-0.2269,0.2679,-0.1676
2.81000,0.321321,0.587273,-0.334776,4.539649e-02,-5.384988e-02,1.347432e-02,-0.2270,0.2692,-0.1684
2.81250,0.321132,0.587561,-0.335050,4.541593e-02,-5.413051e-02,1.354661e-02,-0.2271,0.2707,-0.1693
2.81500,0.320943,0.587849,-0.335324,4.544127e-02,-5.442495e-02,1.362265e-02,-0.2272,0.2721,-0.1703
2.81750,0.320755,0.588138,-0.335598,4.547242e-02,-5.472759e-02,1.370114e-02,-0.2274,0.2736,-0.1713
2.82000,0.320567,0.588427,-0.335871,4.550663e-02,-5.503355e-02,1.378026e-02,-0.2275,0.2752,-0.1723
2.82250,0.320379,0.588716,-0.336145,4.554393e-02,-5.534458e-02,1.386078e-02,-0.2277,0.2767,-0.1733
2.82500,0.320191,0.589006,-0.336418,4.558135e-02,-5.565692e-02,1.394166e-02,-0.2279,0.2783,-0.1743
2.82750,0.320004,0.589296,-0.336690,4.561693e-02,-5.596662e-02,1.402228e-02,-0.2281,0.2798,-0.1753
2.83000,0.319817,0.589586,-0.336963,4.564465e-02,-5.627285e-02,1.410307e-02,-0.2282,0.2814,-0.1763
2.83250,0.319630,0.589876,-0.337235,4.566892e-02,-5.657554e-02,1.418360e-02,-0.2283,0.2829,-0.1773
2.83500,0.319443,0.590167,-0.337507,4.568968e-02,-5.687416e-02,1.426351e-02,-0.2284,0.2844,-0.1783
2.83750,0.319257,0.590458,-0.337779,4.571185e-02,-5.716838e-02,1.434236e-02,-0.2286,0.2858,-0.1793
2.84000,0.319070,0.590750,-0.338051,4.573560e-02,-5.745778e-02,1.441988e-02,-0.2287,0.2873,-0.1802
2.84250,0.318884,0.591042,-0.338322,4.576415e-02,-5.773790e-02,1.449441e-02,-0.2288,0.2887,-0.1812
2.84500,0.318699,0.591334,-0.338594,4.579888e-02,-5.800478e-02,1.456493e-02,-0.2290,0.2900,-0.1821
2.84750,0.318513,0.591626,-0.338865,4.584051e-02,-5.825524e-02,1.463030e-02,-0.2292,0.2913,-0.1829
2.85000,0.318328,0.591918,-0.339135,4.588839e-02,-5.848435e-02,1.468924e-02,-0.2294,0.2924,-0.1836
2.85250,0.318143,0.592211,-0.339406,4.594251e-02,-5.869209e-02,1.474191e-02,-0.2297,0.2935,-0.1843
2.85500,0.317958,0.592505,-0.339676,4.600446e-02,-5.887777e-02,1.478771e-02,-0.2300,0.2944,-0.1848
2.85750,0.317774,0.592798,-0.339947,4.607602e-02,-5.904443e-02,1.482722e-02,-0.2304,0.2952,-0.1853
2.86000,0.317590,0.593092,-0.340216,4.615836e-02,-5.919015e-02,1.485984e-02,-0.2308,0.2960,-0.1857
2.86250,0.317406,0.593386,-0.340486,4.624974e-02,-5.931527e-02,1.488608e-02,-0.2312,0.2966,-0.1861
2.86500,0.317222,0.593680,-0.340756,4.635169e-02,-5.941528e-02,1.490428e-02,-0.2318,0.2971,-0.1863
2.86750,0.317038,0.593975,-0.341025,4.646614e-02,-5.948976e-02,1.491429e-02,-0.2323,0.2974,-0.1864
2.87000,0.316855,0.594270,-0.341294,4.659342e-02,-5.953469e-02,1.491490e-02,-0.2330,0.2977,-0.1864
2.87250,0.316672,0.594565,-0.341563,4.673198e-02,-5.955445e-02,1.490728e-02,-0.2337,0.2978,-0.1863
2.87500,0.316490,0.594860,-0.341831,4.687980e-02,-5.955513e-02,1.489365e-02,-0.2344,0.2978,-0.1862
2.87750,0.316307,0.595156,-0.342099,4.703499e-02,-5.954091e-02,1.487535e-02,-0.2352,0.2977,-0.1859
2.88000,0.316125,0.595452,-0.342367,4.719447e-02,-5.950284e-02,1.484988e-02,-0.2360,0.2975,-0.1856
2.88250,0.315943,0.595748,-0.342635,4.735791e-02,-5.944045e-02,1.481730e-02,-0.2368,0.2972,-0.1852
2.88500,0.315762,0.596045,-0.342903,4.751891e-02,-5.935788e-02,1.477894e-02,-0.2376,0.2968,-0.1847
2.88750,0.315580,0.596342,-0.343170,4.767886e-02,-5.925327e-02,1.473429e-02,-0.2384,0.2963,-0.1842
2.89000,0.315399,0.596639,-0.343437,4.783883e-02,-5.912249e-02,1.468191e-02,-0.2392,0.2956,-0.1835
2.89250,0.315218,0.596937,-0.343704,4.799741e-02,-5.896132e-02,1.462101e-02,-0.2400,0.2948,-0.1828
2.89500,0.315038,0.597234,-0.343970,4.815377e-02,-5.877693e-02,1.455341e-02,-0.2408,0.2939,-0.1819
2.89750,0.314857,0.597533,-0.344236,4.831002e-02,-5.856759e-02,1.447860e-02,-0.2416,0.2928,-0.1810
2.90000,0.314677,0.597831,-0.344502,4.846509e-02,-5.833698e-02,1.439765e-02,-0.2423,0.2917,-0.1800
2.90250,0.314498,0.598130,-0.344768,4.861718e-02,-5.809849e-02,1.431461e-02,-0.2431,0.2905,-0.1789
2.90500,0.314318,0.598429,-0.345033,4.876565e-02,-5.785499e-02,1.422991e-02,-0.2438,0.2893,-0.1779
2.90750,0.314139,0.598728,-0.345298,4.891294e-02,-5.761906e-02,1.414719e-02,-0.2446,0.2881,-0.1768
2.91000,0.313960,0.599028,-0.345563,4.905555e-02,-5.740463e-02,1.406991e-02,-0.2453,0.2870,-0.1759
2.91250,0.313782,0.599328,-0.345827,4.919390e-02,-5.721843e-02,1.400044e-02,-0.2460,0.2861,-0.1750
2.91500,0.313603,0.599629,-0.346092,4.932915e-02,-5.706437e-02,1.393941e-02,-0.2466,0.2853,-0.1742
2.91750,0.313425,0.599929,-0.346356,4.946029e-02,-5.694468e-02,1.388808e-02,-0.2473,0.2847,-0.1736
2.92000,0.313248,0.600231,-0.346619,4.958580e-02,-5.686178e-02,1.384737e-02,-0.2479,0.2843,-0.1731
2.92250,0.313070,0.600532,-0.346883,4.970221e-02,-5.681385e-02,1.381749e-02,-0.2485,0.2841,-0.1727
2.92500,0.312893,0.600834,-0.347146,4.981272e-02,-5.679863e-02,1.379725e-02,-0.2491,0.2840,-0.1725
2.92750,0.312716,0.601136,-0.347409,4.991614e-02,-5.681420e-02,1.378659e-02,-0.2496,0.2841,-0.1723
2.93000,0.312540,0.601438,-0.347672,5.001324e-02,-5.685759e-02,1.378458e-02,-0.2501,0.2843,-0.1723
2.93250,0.312364,0.601741,-0.347935,5.009915e-02,-5.692960e-02,1.379197e-02,-0.2505,0.2846,-0.1724
2.93500,0.312188,0.602044,-0.348197,5.017246e-02,-5.702396e-02,1.380682e-02,-0.2509,0.2851,-0.1726
2.93750,0.312012,0.602348,-0.348460,5.023036e-02,-5.713859e-02,1.382890e-02,-0.2512,0.2857,-0.1729
2.94000,0.311837,0.602652,-0.348722,5.027308e-02,-5.726795e-02,1.385694e-02,-0.2514,0.2863,-0.1732
2.94250,0.311662,0.602956,-0.348984,5.030168e-02,-5.740448e-02,1.388822e-02,-0.2515,0.2870,-0.1736
2.94500,0.311487,0.603261,-0.349245,5.031369e-02,-5.754758e-02,1.392317e-02,-0.2516,0.2877,-0.1740
2.94750,0.311312,0.603565,-0.349507,5.030978e-02,-5.769776e-02,1.396180e-02,-0.2515,0.2885,-0.1745
2.95000,0.311138,0.603871,-0.349769,5.028992e-02,-5.785221e-02,1.400327e-02,-0.2514,0.2893,-0.1750
2.95250,0.310964,0.604176,-0.350030,5.025445e-02,-5.801173e-02,1.404762e-02,-0.2513,0.2901,-0.1756
2.95500,0.310791,0.604482,-0.350291,5.020653e-02,-5.817779e-02,1.409513e-02,-0.2510,0.2909,-0.1762
2.95750,0.310617,0.604788,-0.350552,5.014806e-02,-5.835009e-02,1.414553e-02,-0.2507,0.2918,-0.1768
2.96000,0.310444,0.605094,-0.350813,5.008262e-02,-5.852830e-02,1.419865e-02,-0.2504,0.2926,-0.1775
2.96250,0.310272,0.605401,-0.351074,5.001217e-02,-5.871005e-02,1.425333e-02,-0.2501,0.2936,-0.1782
2.96500,0.310099,0.605708,-0.351335,4.993777e-02,-5.889936e-02,1.431108e-02,-0.2497,0.2945,-0.1789
2.96750,0.309927,0.606016,-0.351596,4.986134e-02,-5.909318e-02,1.437054e-02,-0.2493,0.2955,-0.1796
2.97000,0.309755,0.606323,-0.351857,4.978390e-02,-5.928860e-02,1.443076e-02,-0.2489,0.2964,-0.1804
2.97250,0.309584,0.606631,-0.352117,4.970937e-02,-5.948324e-02,1.449078e-02,-0.2485,0.2974,-0.1811
2.97500,0.309412,0.606940,-0.352378,4.963768e-02,-5.967218e-02,1.454935e-02,-0.2482,0.2984,-0.1819
2.97750,0.309241,0.607248,-0.352638,4.956956e-02,-5.985043e-02,1.460462e-02,-0.2478,0.2993,-0.1826
2.98000,0.309070,0.607557,-0.352899,4.950454e-02,-6.001438e-02,1.465578e-02,-0.2475,0.3001,-0.1832
2.98250,0.308900,0.607866,-0.353159,4.944405e-02,-6.016542e-02,1.470298e-02,-0.2472,0.3008,-0.1838
2.98500,0.308729,0.608176,-0.353420,4.939135e-02,-6.029773e-02,1.474375e-02,-0.2470,0.3015,-0.1843
2.98750,0.308559,0.608486,-0.353680,4.934733e-02,-6.041147e-02,1.477873e-02,-0.2467,0.3021,-0.1847
2.99000,0.308390,0.608796,-0.353940,4.930999e-02,-6.050595e-02,1.480750e-02,-0.2465,0.3025,-0.1851
2.99250,0.308220,0.609106,-0.354201,4.927905e-02,-6.058071e-02,1.482993e-02,-0.2464,0.3029,-0.1854
2.99500,0.308051,0.609417,-0.354461,4.925119e-02,-6.063971e-02,1.484783e-02,-0.2463,0.3032,-0.1856
2.99750,0.307882,0.609728,-0.354721,4.922766e-02,-6.068701e-02,1.486164e-02,-0.2461,0.3034,-0.1858
3.00000,0.307713,0.610039,-0.354981,4.920625e-02,-6.072055e-02,1.487137e-02,-0.2460,0.3036,-0.1859
3.00250,0.307545,0.610350,-0.355241,4.918658e-02,-6.073992e-02,1.487684e-02,-0.2459,0.3037,-0.1860
3.00500,0.307377,0.610662,-0.355502,4.916970e-02,-6.074224e-02,1.487700e-02,-0.2458,0.3037,-0.1860
3.00750,0.307209,0.610974,-0.355762,4.915639e-02,-6.072567e-02,1.487129e-02,-0.2458,0.3036,-0.1859
3.01000,0.307041,0.611287,-0.356022,4.914871e-02,-6.069366e-02,1.486063e-02,-0.2457,0.3035,-0.1858
3.01250,0.306874,0.611600,-0.356282,4.915033e-02,-6.064128e-02,1.484283e-02,-0.2458,0.3032,-0.1855
3.01500,0.306707,0.611913,-0.356542,4.916180e-02,-6.056959e-02,1.481841e-02,-0.2458,0.3028,-0.1852
3.01750,0.306540,0.612226,-0.356802,4.918556e-02,-6.048045e-02,1.478738e-02,-0.2459,0.3024,-0.1848
3.02000,0.306373,0.612540,-0.357062,4.922408e-02,-6.037727e-02,1.475065e-02,-0.2461,0.3019,-0.1844
3.02250,0.306207,0.612854,-0.357322,4.927638e-02,-6.026029e-02,1.470854e-02,-0.2464,0.3013,-0.1839
3.02500,0.306041,0.613168,-0.357582,4.934078e-02,-6.013458e-02,1.466317e-02,-0.2467,0.3007,-0.1833
3.02750,0.305875,0.613483,-0.357842,4.941261e-02,-6.000662e-02,1.461631e-02,-0.2471,0.3000,-0.1827
3.03000,0.305710,0.613798,-0.358102,4.949544e-02,-5.987967e-02,1.456877e-02,-0.2475,0.2994,-0.1821
3.03250,0.305544,0.614113,-0.358362,4.958180e-02,-5.976619e-02,1.452504e-02,-0.2479,0.2988,-0.1816
3.03500,0.305379,0.614428,-0.358622,4.967393e-02,-5.966455e-02,1.448396e-02,-0.2484,0.2983,-0.1810
3.03750,0.305215,0.614744,-0.358882,4.976948e-02,-5.959177e-02,1.445042e-02,-0.2488,0.2980,-0.1806
3.04000,0.305050,0.615061,-0.359142,4.986655e-02,-5.955279e-02,1.442619e-02,-0.2493,0.2978,-0.1803
3.04250,0.304886,0.615377,-0.359402,4.996384e-02,-5.955327e-02,1.441273e-02,-0.2498,0.2978,-0.1802
3.04500,0.304722,0.615694,-0.359661,5.006248e-02,-5.959719e-02,1.441113e-02,-0.2503,0.2980,-0.1801
3.04750,0.304559,0.616011,-0.359921,5.016291e-02,-5.968550e-02,1.442173e-02,-0.2508,0.2984,-0.1803
3.05000,0.304395,0.616328,-0.360181,5.026381e-02,-5.981748e-02,1.444447e-02,-0.2513,0.2991,-0.1806
3.05250,0.304232,0.616646,-0.360441,5.036288e-02,-5.999026e-02,1.447922e-02,-0.2518,0.3000,-0.1810
3.05500,0.304069,0.616964,-0.360701,5.046045e-02,-6.020213e-02,1.452590e-02,-0.2523,0.3010,-0.1816
3.05750,0.303907,0.617283,-0.360961,5.055633e-02,-6.044439e-02,1.458180e-02,-0.2528,0.3022,-0.1823
3.06000,0.303745,0.617601,-0.361220,5.064990e-02,-6.070831e-02,1.464460e-02,-0.2532,0.3035,-0.1831
3.06250,0.303583,0.617920,-0.361480,5.074381e-02,-6.098535e-02,1.471139e-02,-0.2537,0.3049,-0.1839
3.06500,0.303421,0.618240,-0.361740,5.083498e-02,-6.127496e-02,1.478248e-02,-0.2542,0.3064,-0.1848
3.06750,0.303260,0.618559,-0.362000,5.092336e-02,-6.157166e-02,1.485601e-02,-0.2546,0.3079,-0.1857
3.07000,0.303099,0.618879,-0.362260,5.100686e-02,-6.187018e-02,1.493103e-02,-0.2550,0.3094,-0.1866
3.07250,0.302938,0.619199,-0.362520,5.108564e-02,-6.216845e-02,1.500667e-02,-0.2554,0.3108,-0.1876
3.07500,0.302777,0.619520,-0.362780,5.116254e-02,-6.246111e-02,1.508097e-02,-0.2558,0.3123,-0.1885
3.07750,0.302617,0.619840,-0.363040,5.123804e-02,-6.275269e-02,1.515531e-02,-0.2562,0.3138,-0.1894
3.08000,0.302457,0.620161,-0.363300,5.130995e-02,-6.303686e-02,1.522816e-02,-0.2565,0.3152,-0.1904
3.08250,0.302298,0.620482,-0.363560,5.137857e-02,-6.331110e-02,1.529879e-02,-0.2569,0.3166,-0.1912
3.08500,0.302138,0.620804,-0.363821,5.144348e-02,-6.357571e-02,1.536699e-02,-0.2572,0.3179,-0.1921
3.08750,0.301979,0.621126,-0.364081,5.150872e-02,-6.383382e-02,1.543265e-02,-0.2575,0.3192,-0.1929
3.09000,0.301820,0.621448,-0.364341,5.156876e-02,-6.408257e-02,1.549607e-02,-0.2578,0.3204,-0.1937
3.09250,0.301662,0.621770,-0.364602,5.162703e-02,-6.431892e-02,1.555540e-02,-0.2581,0.3216,-0.1944
3.09500,0.301504,0.622092,-0.364862,5.168818e-02,-6.454096e-02,1.560986e-02,-0.2584,0.3227,-0.1951
3.09750,0.301346,0.622415,-0.365123,5.175091e-02,-6.474545e-02,1.565910e-02,-0.2588,0.3237,-0.1957
3.10000,0.301188,0.622738,-0.365383,5.181841e-02,-6.492793e-02,1.570170e-02,-0.2591,0.3246,-0.1963
3.10250,0.301031,0.623061,-0.365644,5.188870e-02,-6.508709e-02,1.573707e-02,-0.2594,0.3254,-0.1967
3.10500,0.300874,0.623385,-0.365905,5.195933e-02,-6.522740e-02,1.576729e-02,-0.2598,0.3261,-0.1971
3.10750,0.300717,0.623708,-0.366166,5.203235e-02,-6.534728e-02,1.579138e-02,-0.2602,0.3267,-0.1974
3.11000,0.300561,0.624032,-0.366427,5.211189e-02,-6.544456e-02,1.580824e-02,-0.2606,0.3272,-0.1976
3.11250,0.300405,0.624357,-0.366688,5.219749e-02,-6.551423e-02,1.581623e-02,-0.2610,0.3276,-0.1977
3.11500,0.300249,0.624681,-0.366949,5.228671e-02,-6.556046e-02,1.581726e-02,-0.2614,0.3278,-0.1977
3.11750,0.300093,0.625006,-0.367210,5.237997e-02,-6.558160e-02,1.581053e-02,-0.2619,0.3279,-0.1976
3.12000,0.299938,0.625331,-0.367471,5.248087e-02,-6.557974e-02,1.579602e-02,-0.2624,0.3279,-0.1975
3.12250,0.299783,0.625656,-0.367733,5.259030e-02,-6.555382e-02,1.577362e-02,-0.2630,0.3278,-0.1972
3.12500,0.299628,0.625982,-0.367994,5.271031e-02,-6.550113e-02,1.574190e-02,-0.2636,0.3275,-0.1968
3.12750,0.299474,0.626307,-0.368256,5.283881e-02,-6.542088e-02,1.570098e-02,-0.2642,0.3271,-0.1963
3.13000,0.299320,0.626633,-0.368517,5.297967e-02,-6.531174e-02,1.565019e-02,-0.2649,0.3266,-0.1956
3.13250,0.299166,0.626960,-0.368779,5.313328e-02,-6.517383e-02,1.558932e-02,-0.2657,0.3259,-0.1949
3.13500,0.299013,0.627286,-0.369041,5.329855e-02,-6.500844e-02,1.551894e-02,-0.2665,0.3250,-0.1940
3.13750,0.298860,0.627613,-0.369303,5.346795e-02,-6.481709e-02,1.544046e-02,-0.2673,0.3241,-0.1930
3.14000,0.298707,0.627940,-0.369565,5.363985e-02,-6.459986e-02,1.535403e-02,-0.2682,0.3230,-0.1919
3.14250,0.298554,0.628267,-0.369827,5.381496e-02,-6.435756e-02,1.525997e-02,-0.2691,0.3218,-0.1907
3.14500,0.298402,0.628595,-0.370089,5.399661e-02,-6.409021e-02,1.515730e-02,-0.2700,0.3205,-0.1895
3.14750,0.298250,0.628923,-0.370351,5.418139e-02,-6.380690e-02,1.504969e-02,-0.2709,0.3190,-0.1881
3.15000,0.298099,0.629251,-0.370614,5.437228e-02,-6.350888e-02,1.493599e-02,-0.2719,0.3175,-0.1867
3.15250,0.297947,0.629579,-0.370876,5.456446e-02,-6.320517e-02,1.482037e-02,-0.2728,0.3160,-0.1853
3.15500,0.297796,0.629908,-0.371138,5.475750e-02,-6.290336e-02,1.470440e-02,-0.2738,0.3145,-0.1838
3.15750,0.297646,0.630237,-0.371401,5.494785e-02,-6.262031e-02,1.459409e-02,-0.2747,0.3131,-0.1824
3.16000,0.297496,0.630567,-0.371663,5.513262e-02,-6.236700e-02,1.449224e-02,-0.2757,0.3118,-0.1812
3.16250,0.297346,0.630896,-0.371926,5.530501e-02,-6.215325e-02,1.440331e-02,-0.2765,0.3108,-0.1800
3.16500,0.297196,0.631226,-0.372189,5.546370e-02,-6.199062e-02,1.433075e-02,-0.2773,0.3100,-0.1791
3.16750,0.297047,0.631557,-0.372451,5.560291e-02,-6.188223e-02,1.427698e-02,-0.2780,0.3094,-0.1785
3.17000,0.296898,0.631887,-0.372714,5.572623e-02,-6.182613e-02,1.423983e-02,-0.2786,0.3091,-0.1780
3.17250,0.296749,0.632218,-0.372977,5.583459e-02,-6.181577e-02,1.421799e-02,-0.2792,0.3091,-0.1777
3.17500,0.296601,0.632549,-0.373241,5.592761e-02,-6.184906e-02,1.421054e-02,-0.2796,0.3092,-0.1776
3.17750,0.296453,0.632881,-0.373504,5.600573e-02,-6.192432e-02,1.421760e-02,-0.2800,0.3096,-0.1777
3.18000,0.296306,0.633213,-0.373767,5.606961e-02,-6.203394e-02,1.423686e-02,-0.2803,0.3102,-0.1780
3.18250,0.296158,0.633545,-0.374031,5.612307e-02,-6.216849e-02,1.426505e-02,-0.2806,0.3108,-0.1783
3.18500,0.296012,0.633877,-0.374294,5.616409e-02,-6.232913e-02,1.430307e-02,-0.2808,0.3116,-0.1788
3.18750,0.295865,0.634210,-0.374558,5.619544e-02,-6.250430e-02,1.434694e-02,-0.2810,0.3125,-0.1793
3.19000,0.295719,0.634543,-0.374822,5.621987e-02,-6.268997e-02,1.439521e-02,-0.2811,0.3134,-0.1799
3.19250,0.295573,0.634876,-0.375086,5.623775e-02,-6.288415e-02,1.444693e-02,-0.2812,0.3144,-0.1806
3.19500,0.295427,0.635210,-0.375351,5.624680e-02,-6.308038e-02,1.450061e-02,-0.2812,0.3154,-0.1813
3.19750,0.295282,0.635544,-0.375615,5.625187e-02,-6.328075e-02,1.455557e-02,-0.2813,0.3164,-0.1819
3.20000,0.295137,0.635878,-0.375880,5.625696e-02,-6.348514e-02,1.461165e-02,-0.2813,0.3174,-0.1826
3.20250,0.294993,0.636212,-0.376145,5.626051e-02,-6.368703e-02,1.466650e-02,-0.2813,0.3184,-0.1833
3.20500,0.294849,0.636547,-0.376410,5.626383e-02,-6.388883e-02,1.472135e-02,-0.2813,0.3194,-0.1840
3.20750,0.294705,0.636882,-0.376676,5.627211e-02,-6.409046e-02,1.477493e-02,-0.2814,0.3205,-0.1847
3.21000,0.294561,0.637217,-0.376941,5.628522e-02,-6.429032e-02,1.482729e-02,-0.2814,0.3215,-0.1853
3.21250,0.294418,0.637553,-0.377207,5.630273e-02,-6.448730e-02,1.487793e-02,-0.2815,0.3224,-0.1860
3.21500,0.294275,0.637888,-0.377473,5.632076e-02,-6.467789e-02,1.492615e-02,-0.2816,0.3234,-0.1866
3.21750,0.294133,0.638224,-0.377740,5.634045e-02,-6.485466e-02,1.496941e-02,-0.2817,0.3243,-0.1871
3.22000,0.293990,0.638561,-0.378006,5.636099e-02,-6.500995e-02,1.500577e-02,-0.2818,0.3250,-0.1876
3.22250,0.293848,0.638897,-0.378273,5.638278e-02,-6.513917e-02,1.503355e-02,-0.2819,0.3257,-0.1879
3.22500,0.293707,0.639234,-0.378540,5.640384e-02,-6.524781e-02,1.505561e-02,-0.2820,0.3262,-0.1882
3.22750,0.293566,0.639571,-0.378808,5.642653e-02,-6.533839e-02,1.507227e-02,-0.2821,0.3267,-0.1884
3.23000,0.293425,0.639908,-0.379076,5.645866e-02,-6.540900e-02,1.508177e-02,-0.2823,0.3270,-0.1885
3.23250,0.293284,0.640245,-0.379344,5.649924e-02,-6.545741e-02,1.508365e-02,-0.2825,0.3273,-0.1885
3.23500,0.293144,0.640583,-0.379613,5.654908e-02,-6.548630e-02,1.507855e-02,-0.2827,0.3274,-0.1885
3.23750,0.293004,0.640921,-0.379882,5.660856e-02,-6.549331e-02,1.506607e-02,-0.2830,0.3275,-0.1883
3.24000,0.292864,0.641259,-0.380151,5.667529e-02,-6.547728e-02,1.504585e-02,-0.2834,0.3274,-0.1881
3.24250,0.292725,0.641598,-0.380421,5.674952e-02,-6.543905e-02,1.501778e-02,-0.2837,0.3272,-0.1877
3.24500,0.292586,0.641937,-0.380691,5.682728e-02,-6.538603e-02,1.498517e-02,-0.2841,0.3269,-0.1873
3.24750,0.292447,0.642276,-0.380962,5.691010e-02,-6.531436e-02,1.494652e-02,-0.2846,0.3266,-0.1868
3.25000,0.292309,0.642615,-0.381232,5.699517e-02,-6.521604e-02,1.490016e-02,-0.2850,0.3261,-0.1863
3.25250,0.292171,0.642954,-0.381504,5.708219e-02,-6.509159e-02,1.484568e-02,-0.2854,0.3255,-0.1856
3.25500,0.292034,0.643294,-0.381776,5.717314e-02,-6.494537e-02,1.478471e-02,-0.2859,0.3247,-0.1848
3.25750,0.291896,0.643634,-0.382048,5.726966e-02,-6.477549e-02,1.471643e-02,-0.2863,0.3239,-0.1840
3.26000,0.291760,0.643974,-0.382321,5.737233e-02,-6.457607e-02,1.463831e-02,-0.2869,0.3229,-0.1830
3.26250,0.291623,0.644315,-0.382594,5.747808e-02,-6.435573e-02,1.455321e-02,-0.2874,0.3218,-0.1819
3.26500,0.291487,0.644656,-0.382867,5.758338e-02,-6.411874e-02,1.446343e-02,-0.2879,0.3206,-0.1808
3.26750,0.291351,0.644997,-0.383141,5.768640e-02,-6.387520e-02,1.437211e-02,-0.2884,0.3194,-0.1797
3.27000,0.291215,0.645338,-0.383415,5.778482e-02,-6.363177e-02,1.428117e-02,-0.2889,0.3182,-0.1785
3.27250,0.291080,0.645680,-0.383690,5.788202e-02,-6.339599e-02,1.419261e-02,-0.2894,0.3170,-0.1774
3.27500,0.290945,0.646022,-0.383965,5.798061e-02,-6.319393e-02,1.411368e-02,-0.2899,0.3160,-0.1764
3.27750,0.290811,0.646364,-0.384241,5.807914e-02,-6.303068e-02,1.404657e-02,-0.2904,0.3152,-0.1756
3.28000,0.290677,0.646707,-0.384517,5.817861e-02,-6.292267e-02,1.399578e-02,-0.2909,0.3146,-0.1749
3.28250,0.290543,0.647049,-0.384794,5.827634e-02,-6.287205e-02,1.396253e-02,-0.2914,0.3144,-0.1745
3.28500,0.290409,0.647392,-0.385071,5.836842e-02,-6.287931e-02,1.394835e-02,-0.2918,0.3144,-0.1744
3.28750,0.290276,0.647736,-0.385348,5.845507e-02,-6.293584e-02,1.395032e-02,-0.2923,0.3147,-0.1744
3.29000,0.290144,0.648079,-0.385626,5.853664e-02,-6.303600e-02,1.396719e-02,-0.2927,0.3152,-0.1746
3.29250,0.290011,0.648423,-0.385904,5.861402e-02,-6.318136e-02,1.399891e-02,-0.2931,0.3159,-0.1750
3.29500,0.289879,0.648767,-0.386183,5.868274e-02,-6.336389e-02,1.404427e-02,-0.2934,0.3168,-0.1756
3.29750,0.289748,0.649112,-0.386462,5.874613e-02,-6.357509e-02,1.409915e-02,-0.2937,0.3179,-0.1762
3.30000,0.289616,0.649456,-0.386742,5.879880e-02,-6.381390e-02,1.416436e-02,-0.2940,0.3191,-0.1771
3.30250,0.289485,0.649801,-0.387022,5.884889e-02,-6.407398e-02,1.423642e-02,-0.2942,0.3204,-0.1780
3.30500,0.289355,0.650146,-0.387303,5.889343e-02,-6.434920e-02,1.431394e-02,-0.2945,0.3217,-0.1789
3.30750,0.289225,0.650491,-0.387584,5.892978e-02,-6.463404e-02,1.439569e-02,-0.2946,0.3232,-0.1799
3.31000,0.289095,0.650837,-0.387866,5.896139e-02,-6.492522e-02,1.448003e-02,-0.2948,0.3246,-0.1810
3.31250,0.288965,0.651183,-0.388147,5.899921e-02,-6.521689e-02,1.456326e-02,-0.2950,0.3261,-0.1820
3.31500,0.288836,0.651529,-0.388430,5.904670e-02,-6.550703e-02,1.464401e-02,-0.2952,0.3275,-0.1831
3.31750,0.288707,0.651875,-0.388713,5.910353e-02,-6.578411e-02,1.471847e-02,-0.2955,0.3289,-0.1840
3.32000,0.288579,0.652222,-0.388996,5.917481e-02,-6.604137e-02,1.478361e-02,-0.2959,0.3302,-0.1848
3.32250,0.288451,0.652568,-0.389280,5.926038e-02,-6.627937e-02,1.483919e-02,-0.2963,0.3314,-0.1855
3.32500,0.288323,0.652915,-0.389564,5.935202e-02,-6.649610e-02,1.488659e-02,-0.2968,0.3325,-0.1861
3.32750,0.288196,0.653262,-0.389849,5.944734e-02,-6.668962e-02,1.492547e-02,-0.2972,0.3334,-0.1866
3.33000,0.288069,0.653609,-0.390134,5.955015e-02,-6.685684e-02,1.495485e-02,-0.2978,0.3343,-0.1869
3.33250,0.287942,0.653957,-0.390420,5.966492e-02,-6.700020e-02,1.497477e-02,-0.2983,0.3350,-0.1872
3.33500,0.287816,0.654305,-0.390706,5.978260e-02,-6.711813e-02,1.498713e-02,-0.2989,0.3356,-0.1873
3.33750,0.287690,0.654653,-0.390993,5.990600e-02,-6.720884e-02,1.498984e-02,-0.2995,0.3360,-0.1874
3.34000,0.287565,0.655001,-0.391280,6.003011e-02,-6.727280e-02,1.498377e-02,-0.3002,0.3364,-0.1873
3.34250,0.287439,0.655349,-0.391568,6.015197e-02,-6.730538e-02,1.496850e-02,-0.3008,0.3365,-0.1871
3.34500,0.287315,0.655697,-0.391857,6.027104e-02,-6.731398e-02,1.494612e-02,-0.3014,0.3366,-0.1868
3.34750,0.287190,0.656046,-0.392146,6.038724e-02,-6.729589e-02,1.491629e-02,-0.3019,0.3365,-0.1865
3.35000,0.287066,0.656395,-0.392436,6.050611e-02,-6.725002e-02,1.487770e-02,-0.3025,0.3363,-0.1860
3.35250,0.286943,0.656744,-0.392726,6.062671e-02,-6.718126e-02,1.483251e-02,-0.3031,0.3359,-0.1854
3.35500,0.286819,0.657093,-0.393017,6.074949e-02,-6.708832e-02,1.478043e-02,-0.3037,0.3354,-0.1848
3.35750,0.286696,0.657443,-0.393309,6.087680e-02,-6.696721e-02,1.471963e-02,-0.3044,0.3348,-0.1840
3.36000,0.286574,0.657793,-0.393601,6.101250e-02,-6.681276e-02,1.464744e-02,-0.3051,0.3341,-0.1831
3.36250,0.286452,0.658143,-0.393894,6.115226e-02,-6.662876e-02,1.456610e-02,-0.3058,0.3331,-0.1821
3.36500,0.286330,0.658493,-0.394188,6.129716e-02,-6.641948e-02,1.447644e-02,-0.3065,0.3321,-0.1810
3.36750,0.286209,0.658843,-0.394482,6.144810e-02,-6.618380e-02,1.437822e-02,-0.3072,0.3309,-0.1797
3.37000,0.286088,0.659194,-0.394777,6.160810e-02,-6.592569e-02,1.427150e-02,-0.3080,0.3296,-0.1784
3.37250,0.285967,0.659544,-0.395072,6.177997e-02,-6.564087e-02,1.415483e-02,-0.3089,0.3282,-0.1769
3.37500,0.285847,0.659895,-0.395368,6.195925e-02,-6.532666e-02,1.402836e-02,-0.3098,0.3266,-0.1754
3.37750,0.285727,0.660246,-0.395665,6.214833e-02,-6.499263e-02,1.389432e-02,-0.3107,0.3250,-0.1737
3.38000,0.285608,0.660598,-0.395963,6.233763e-02,-6.465255e-02,1.375876e-02,-0.3117,0.3233,-0.1720
3.38250,0.285489,0.660950,-0.396261,6.252068e-02,-6.431040e-02,1.362397e-02,-0.3126,0.3216,-0.1703
3.38500,0.285370,0.661301,-0.396560,6.269052e-02,-6.398529e-02,1.349704e-02,-0.3135,0.3199,-0.1687
3.38750,0.285252,0.661654,-0.396859,6.284759e-02,-6.368484e-02,1.337985e-02,-0.3142,0.3184,-0.1672
3.39000,0.285135,0.662006,-0.397159,6.299652e-02,-6.342442e-02,1.327624e-02,-0.3150,0.3171,-0.1660
3.39250,0.285017,0.662358,-0.397460,6.313420e-02,-6.320444e-02,1.318703e-02,-0.3157,0.3160,-0.1648
3.39500,0.284901,0.662711,-0.397761,6.325824e-02,-6.302354e-02,1.311168e-02,-0.3163,0.3151,-0.1639
3.39750,0.284784,0.663064,-0.398063,6.337221e-02,-6.288570e-02,1.305062e-02,-0.3169,0.3144,-0.1631
3.40000,0.284668,0.663418,-0.398366,6.346903e-02,-6.279587e-02,1.300717e-02,-0.3173,0.3140,-0.1626
3.40250,0.284552,0.663771,-0.398669,6.355010e-02,-6.275386e-02,1.298107e-02,-0.3178,0.3138,-0.1623
3.40500,0.284437,0.664125,-0.398973,6.361523e-02,-6.275418e-02,1.297092e-02,-0.3181,0.3138,-0.1621
3.40750,0.284323,0.664479,-0.399278,6.366385e-02,-6.278745e-02,1.297381e-02,-0.3183,0.3139,-0.1622
3.41000,0.284208,0.664833,-0.399584,6.370118e-02,-6.285040e-02,1.298881e-02,-0.3185,0.3143,-0.1624
3.41250,0.284094,0.665188,-0.399890,6.372776e-02,-6.294034e-02,1.301470e-02,-0.3186,0.3147,-0.1627
3.41500,0.283981,0.665542,-0.400196,6.374527e-02,-6.304991e-02,1.304880e-02,-0.3187,0.3152,-0.1631
3.41750,0.283868,0.665897,-0.400503,6.375525e-02,-6.317814e-02,1.309030e-02,-0.3188,0.3159,-0.1636
3.42000,0.283755,0.666252,-0.400811,6.375991e-02,-6.331596e-02,1.313580e-02,-0.3188,0.3166,-0.1642
3.42250,0.283643,0.666607,-0.401120,6.376650e-02,-6.345409e-02,1.318016e-02,-0.3188,0.3173,-0.1648
3.42500,0.283531,0.666963,-0.401429,6.377423e-02,-6.359065e-02,1.322312e-02,-0.3189,0.3180,-0.1653
3.42750,0.283420,0.667318,-0.401739,6.379027e-02,-6.371931e-02,1.326078e-02,-0.3190,0.3186,-0.1658
3.43000,0.283309,0.667674,-0.402050,6.381451e-02,-6.383861e-02,1.329310e-02,-0.3191,0.3192,-0.1662
3.43250,0.283198,0.668030,-0.402361,6.386252e-02,-6.395052e-02,1.331685e-02,-0.3193,0.3198,-0.1665
3.43500,0.283088,0.668386,-0.402672,6.392868e-02,-6.405615e-02,1.333540e-02,-0.3196,0.3203,-0.1667
3.43750,0.282979,0.668743,-0.402985,6.401383e-02,-6.415915e-02,1.334872e-02,-0.3201,0.3208,-0.1669
3.44000,0.282869,0.669099,-0.403298,6.411809e-02,-6.426314e-02,1.335894e-02,-0.3206,0.3213,-0.1670
3.44250,0.282761,0.669456,-0.403612,6.423623e-02,-6.436004e-02,1.336434e-02,-0.3212,0.3218,-0.1671
3.44500,0.282652,0.669813,-0.403927,6.437198e-02,-6.444655e-02,1.336340e-02,-0.3219,0.3222,-0.1670
3.44750,0.282544,0.670170,-0.404242,6.452562e-02,-6.452140e-02,1.335482e-02,-0.3226,0.3226,-0.1669
3.45000,0.282437,0.670527,-0.404558,6.469553e-02,-6.457440e-02,1.333617e-02,-0.3235,0.3229,-0.1667
3.45250,0.282330,0.670885,-0.404875,6.489119e-02,-6.460447e-02,1.330545e-02,-0.3245,0.3230,-0.1663
3.45500,0.282223,0.671242,-0.405192,6.511009e-02,-6.459918e-02,1.325953e-02,-0.3256,0.3230,-0.1657
3.45750,0.282117,0.671600,-0.405511,6.534337e-02,-6.455829e-02,1.320043e-02,-0.3267,0.3228,-0.1650
3.46000,0.282011,0.671958,-0.405830,6.558023e-02,-6.448177e-02,1.313014e-02,-0.3279,0.3224,-0.1641
3.46250,0.281906,0.672316,-0.406150,6.582379e-02,-6.437209e-02,1.304794e-02,-0.3291,0.3219,-0.1631
3.46500,0.281801,0.672674,-0.406471,6.606798e-02,-6.423092e-02,1.295609e-02,-0.3303,0.3212,-0.1620
3.46750,0.281697,0.673032,-0.406793,6.630607e-02,-6.405299e-02,1.285384e-02,-0.3315,0.3203,-0.1607
3.47000,0.281593,0.673391,-0.407116,6.653993e-02,-6.383411e-02,1.274033e-02,-0.3327,0.3192,-0.1593
3.47250,0.281489,0.673750,-0.407439,6.676777e-02,-6.357702e-02,1.261630e-02,-0.3338,0.3179,-0.1577
3.47500,0.281386,0.674108,-0.407764,6.699316e-02,-6.328686e-02,1.248270e-02,-0.3350,0.3164,-0.1560
3.47750,0.281284,0.674467,-0.408089,6.720700e-02,-6.295960e-02,1.233979e-02,-0.3360,0.3148,-0.1542
3.48000,0.281182,0.674827,-0.408416,6.740786e-02,-6.260252e-02,1.219029e-02,-0.3370,0.3130,-0.1524
3.48250,0.281081,0.675186,-0.408743,6.759157e-02,-6.221409e-02,1.203486e-02,-0.3380,0.3111,-0.1504
3.48500,0.280980,0.675546,-0.409072,6.776296e-02,-6.179585e-02,1.187265e-02,-0.3388,0.3090,-0.1484
3.48750,0.280879,0.675905,-0.409401,6.792757e-02,-6.135556e-02,1.170508e-02,-0.3396,0.3068,-0.1463
3.49000,0.280779,0.676265,-0.409732,6.808369e-02,-6.089967e-02,1.153408e-02,-0.3404,0.3045,-0.1442
3.49250,0.280679,0.676625,-0.410063,6.823359e-02,-6.043668e-02,1.136231e-02,-0.3412,0.3022,-0.1420
3.49500,0.280580,0.676986,-0.410396,6.837789e-02,-5.997614e-02,1.119173e-02,-0.3419,0.2999,-0.1399
3.49750,0.280482,0.677346,-0.410729,6.851006e-02,-5.953040e-02,1.102789e-02,-0.3426,0.2977,-0.1378
3.50000,0.280384,0.677707,-0.411063,6.862733e-02,-5.910506e-02,1.087187e-02,-0.3431,0.2955,-0.1359
3.50250,0.280287,0.678068,-0.411399,6.871707e-02,-5.872094e-02,1.073392e-02,-0.3436,0.2936,-0.1342
3.50500,0.280190,0.678429,-0.411735,6.877732e-02,-5.838570e-02,1.061710e-02,-0.3439,0.2919,-0.1327
3.50750,0.280093,0.678790,-0.412073,6.881094e-02,-5.810717e-02,1.052347e-02,-0.3441,0.2905,-0.1315
3.51000,0.279997,0.679152,-0.412412,6.882486e-02,-5.788485e-02,1.045181e-02,-0.3441,0.2894,-0.1306
3.51250,0.279902,0.679513,-0.412751,6.881960e-02,-5.772446e-02,1.040441e-02,-0.3441,0.2886,-0.1301
3.51500,0.279807,0.679875,-0.413092,6.879920e-02,-5.763342e-02,1.038329e-02,-0.3440,0.2882,-0.1298
3.51750,0.279712,0.680237,-0.413433,6.876840e-02,-5.759161e-02,1.038094e-02,-0.3438,0.2880,-0.1298
3.52000,0.279619,0.680600,-0.413776,6.874036e-02,-5.759554e-02,1.039356e-02,-0.3437,0.2880,-0.1299
3.52250,0.279525,0.680962,-0.414119,6.871573e-02,-5.763266e-02,1.041655e-02,-0.3436,0.2882,-0.1302
3.52500,0.279432,0.681325,-0.414464,6.869567e-02,-5.768747e-02,1.044509e-02,-0.3435,0.2884,-0.1306
3.52750,0.279340,0.681687,-0.414809,6.868457e-02,-5.775866e-02,1.047707e-02,-0.3434,0.2888,-0.1310
3.53000,0.279248,0.682050,-0.415156,6.868427e-02,-5.783216e-02,1.050770e-02,-0.3434,0.2892,-0.1313
3.53250,0.279157,0.682413,-0.415503,6.870452e-02,-5.790712e-02,1.053426e-02,-0.3435,0.2895,-0.1317
3.53500,0.279066,0.682776,-0.415852,6.874897e-02,-5.798361e-02,1.055552e-02,-0.3437,0.2899,-0.1319
3.53750,0.278976,0.683140,-0.416201,6.881810e-02,-5.805112e-02,1.056756e-02,-0.3441,0.2903,-0.1321
3.54000,0.278886,0.683503,-0.416551,6.892702e-02,-5.812258e-02,1.057138e-02,-0.3446,0.2906,-0.1321
3.54250,0.278797,0.683867,-0.416902,6.907777e-02,-5.820033e-02,1.056699e-02,-0.3454,0.2910,-0.1321
3.54500,0.278708,0.684230,-0.417254,6.926716e-02,-5.829224e-02,1.055835e-02,-0.3463,0.2915,-0.1320
3.54750,0.278620,0.684594,-0.417607,6.948597e-02,-5.838622e-02,1.054374e-02,-0.3474,0.2919,-0.1318
3.55000,0.278532,0.684958,-0.417962,6.974153e-02,-5.847256e-02,1.051813e-02,-0.3487,0.2924,-0.1315
3.55250,0.278445,0.685322,-0.418317,7.003017e-02,-5.853306e-02,1.047674e-02,-0.3502,0.2927,-0.1310
3.55500,0.278358,0.685686,-0.418673,7.034416e-02,-5.856026e-02,1.041987e-02,-0.3517,0.2928,-0.1302
3.55750,0.278272,0.686050,-0.419030,7.068281e-02,-5.856025e-02,1.034869e-02,-0.3534,0.2928,-0.1294
3.56000,0.278187,0.686415,-0.419388,7.102457e-02,-5.852829e-02,1.026778e-02,-0.3551,0.2926,-0.1283
3.56250,0.278102,0.686779,-0.419748,7.137313e-02,-5.845951e-02,1.017225e-02,-0.3569,0.2923,-0.1272
3.56500,0.278017,0.687144,-0.420109,7.172045e-02,-5.833834e-02,1.005982e-02,-0.3586,0.2917,-0.1257
3.56750,0.277934,0.687508,-0.420470,7.207674e-02,-5.817323e-02,9.930149e-03,-0.3604,0.2909,-0.1241
3.57000,0.277850,0.687873,-0.420834,7.242007e-02,-5.796675e-02,9.790366e-03,-0.3621,0.2898,-0.1224
3.57250,0.277768,0.688238,-0.421198,7.274626e-02,-5.771878e-02,9.640261e-03,-0.3637,0.2886,-0.1205
3.57500,0.277686,0.688603,-0.421564,7.304466e-02,-5.743314e-02,9.485090e-03,-0.3652,0.2872,-0.1186
3.57750,0.277604,0.688968,-0.421931,7.331674e-02,-5.711130e-02,9.324028e-03,-0.3666,0.2856,-0.1166
3.58000,0.277523,0.689333,-0.422299,7.355994e-02,-5.676273e-02,9.162252e-03,-0.3678,0.2838,-0.1145
3.58250,0.277443,0.689698,-0.422669,7.377149e-02,-5.637741e-02,8.996360e-03,-0.3689,0.2819,-0.1125
3.58500,0.277363,0.690063,-0.423040,7.394140e-02,-5.595296e-02,8.828466e-03,-0.3697,0.2798,-0.1104
3.58750,0.277284,0.690429,-0.423413,7.408511e-02,-5.547851e-02,8.650433e-03,-0.3704,0.2774,-0.1081
3.59000,0.277206,0.690794,-0.423787,7.421149e-02,-5.495567e-02,8.461302e-03,-0.3711,0.2748,-0.1058
3.59250,0.277128,0.691160,-0.424163,7.431856e-02,-5.438776e-02,8.261656e-03,-0.3716,0.2719,-0.1033
3.59500,0.277051,0.691525,-0.424540,7.440054e-02,-5.379170e-02,8.058983e-03,-0.3720,0.2690,-0.1007
3.59750,0.276975,0.691891,-0.424918,7.444858e-02,-5.317563e-02,7.857891e-03,-0.3722,0.2659,-0.0982
3.60000,0.276899,0.692257,-0.425298,7.446841e-02,-5.255453e-02,7.661437e-03,-0.3723,0.2628,-0.0958
3.60250,0.276823,0.692623,-0.425679,7.445722e-02,-5.194304e-02,7.475902e-03,-0.3723,0.2597,-0.0934
3.60500,0.276749,0.692989,-0.426062,7.443610e-02,-5.136158e-02,7.302422e-03,-0.3722,0.2568,-0.0913
3.60750,0.276675,0.693356,-0.426446,7.440570e-02,-5.082191e-02,7.146128e-03,-0.3720,0.2541,-0.0893
3.61000,0.276601,0.693722,-0.426832,7.437925e-02,-5.035165e-02,7.012847e-03,-0.3719,0.2518,-0.0877
3.61250,0.276529,0.694089,-0.427219,7.435328e-02,-4.994317e-02,6.901201e-03,-0.3718,0.2497,-0.0863
3.61500,0.276456,0.694455,-0.427607,7.433205e-02,-4.958925e-02,6.807407e-03,-0.3717,0.2479,-0.0851
3.61750,0.276385,0.694822,-0.427997,7.431441e-02,-4.928449e-02,6.730984e-03,-0.3716,0.2464,-0.0841
3.62000,0.276314,0.695189,-0.428388,7.429789e-02,-4.902821e-02,6.671751e-03,-0.3715,0.2451,-0.0834
3.62250,0.276244,0.695556,-0.428780,7.428378e-02,-4.881854e-02,6.627780e-03,-0.3714,0.2441,-0.0828
3.62500,0.276174,0.695923,-0.429173,7.426442e-02,-4.865658e-02,6.600578e-03,-0.3713,0.2433,-0.0825
3.62750,0.276105,0.696290,-0.429568,7.424380e-02,-4.852467e-02,6.583747e-03,-0.3712,0.2426,-0.0823
3.63000,0.276037,0.696657,-0.429964,7.423477e-02,-4.842895e-02,6.575875e-03,-0.3712,0.2421,-0.0822
3.63250,0.275970,0.697024,-0.430361,7.422678e-02,-4.835511e-02,6.575383e-03,-0.3711,0.2418,-0.0822
3.63500,0.275903,0.697392,-0.430760,7.424206e-02,-4.829952e-02,6.574075e-03,-0.3712,0.2415,-0.0822
3.63750,0.275836,0.697759,-0.431159,7.428338e-02,-4.825520e-02,6.569775e-03,-0.3714,0.2413,-0.0821
3.64000,0.275771,0.698126,-0.431560,7.436297e-02,-4.822328e-02,6.558534e-03,-0.3718,0.2411,-0.0820
3.64250,0.275706,0.698494,-0.431961,7.448224e-02,-4.818836e-02,6.534837e-03,-0.3724,0.2409,-0.0817
3.64500,0.275641,0.698861,-0.432364,7.464939e-02,-4.813221e-02,6.490574e-03,-0.3732,0.2407,-0.0811
3.64750,0.275578,0.699229,-0.432768,7.488610e-02,-4.806455e-02,6.423973e-03,-0.3744,0.2403,-0.0803
3.65000,0.275515,0.699596,-0.433173,7.519781e-02,-4.797903e-02,6.332366e-03,-0.3760,0.2399,-0.0792
3.65250,0.275452,0.699964,-0.433579,7.555623e-02,-4.785849e-02,6.217871e-03,-0.3778,0.2393,-0.0777
3.65500,0.275391,0.700331,-0.433986,7.596307e-02,-4.770885e-02,6.080729e-03,-0.3798,0.2385,-0.0760
3.65750,0.275330,0.700699,-0.434395,7.639421e-02,-4.752014e-02,5.924272e-03,-0.3820,0.2376,-0.0741
3.66000,0.275269,0.701067,-0.434805,7.685653e-02,-4.729750e-02,5.746839e-03,-0.3843,0.2365,-0.0718
3.66250,0.275210,0.701434,-0.435216,7.732390e-02,-4.704357e-02,5.557341e-03,-0.3866,0.2352,-0.0695
3.66500,0.275151,0.701802,-0.435628,7.778044e-02,-4.676784e-02,5.361638e-03,-0.3889,0.2338,-0.0670
3.66750,0.275093,0.702170,-0.436042,7.822399e-02,-4.646585e-02,5.159623e-03,-0.3911,0.2323,-0.0645
3.67000,0.275035,0.702537,-0.436458,7.865615e-02,-4.613618e-02,4.950894e-03,-0.3933,0.2307,-0.0619
3.67250,0.274978,0.702905,-0.436875,7.906113e-02,-4.576847e-02,4.736741e-03,-0.3953,0.2288,-0.0592
3.67500,0.274923,0.703272,-0.437294,7.945157e-02,-4.535042e-02,4.509315e-03,-0.3973,0.2268,-0.0564
3.67750,0.274867,0.703640,-0.437714,7.982323e-02,-4.487294e-02,4.267723e-03,-0.3991,0.2244,-0.0533
3.68000,0.274813,0.704008,-0.438136,8.018245e-02,-4.433907e-02,4.009876e-03,-0.4009,0.2217,-0.0501
3.68250,0.274759,0.704375,-0.438560,8.050891e-02,-4.374498e-02,3.740941e-03,-0.4025,0.2187,-0.0468
3.68500,0.274706,0.704743,-0.438985,8.079681e-02,-4.310114e-02,3.465011e-03,-0.4040,0.2155,-0.0433
3.68750,0.274654,0.705111,-0.439413,8.104832e-02,-4.240123e-02,3.180524e-03,-0.4052,0.2120,-0.0398
3.69000,0.274603,0.705478,-0.439842,8.125753e-02,-4.164988e-02,2.891894e-03,-0.4063,0.2082,-0.0361
3.69250,0.274552,0.705846,-0.440273,8.141622e-02,-4.086926e-02,2.607808e-03,-0.4071,0.2043,-0.0326
3.69500,0.274503,0.706214,-0.440706,8.150706e-02,-4.006090e-02,2.333245e-03,-0.4075,0.2003,-0.0292
3.69750,0.274454,0.706582,-0.441141,8.154058e-02,-3.923803e-02,2.069207e-03,-0.4077,0.1962,-0.0259
3.70000,0.274406,0.706949,-0.441577,8.153938e-02,-3.841700e-02,1.815753e-03,-0.4077,0.1921,-0.0227
3.70250,0.274358,0.707317,-0.442016,8.151970e-02,-3.760787e-02,1.570734e-03,-0.4076,0.1880,-0.0196
3.70500,0.274312,0.707685,-0.442457,8.148242e-02,-3.681050e-02,1.336850e-03,-0.4074,0.1841,-0.0167
3.70750,0.274266,0.708052,-0.442899,8.144906e-02,-3.604948e-02,1.115660e-03,-0.4072,0.1802,-0.0139
3.71000,0.274221,0.708420,-0.443343,8.138906e-02,-3.531238e-02,9.123393e-04,-0.4069,0.1766,-0.0114
3.71250,0.274177,0.708788,-0.443789,8.130949e-02,-3.461462e-02,7.274697e-04,-0.4065,0.1731,-0.0091
3.71500,0.274134,0.709156,-0.444237,8.119660e-02,-3.395667e-02,5.659449e-04,-0.4060,0.1698,-0.0071
3.71750,0.274092,0.709523,-0.444687,8.104949e-02,-3.334344e-02,4.281367e-04,-0.4052,0.1667,-0.0054
3.72000,0.274050,0.709891,-0.445138,8.088681e-02,-3.278556e-02,3.125510e-04,-0.4044,0.1639,-0.0039
3.72250,0.274010,0.710259,-0.445591,8.070328e-02,-3.229064e-02,2.229803e-04,-0.4035,0.1615,-0.0028
3.72500,0.273970,0.710627,-0.446046,8.051881e-02,-3.185882e-02,1.548330e-04,-0.4026,0.1593,-0.0019
3.72750,0.273931,0.710994,-0.446502,8.034106e-02,-3.149588e-02,1.104369e-04,-0.4017,0.1575,-0.0014
3.73000,0.273893,0.711362,-0.446960,8.018239e-02,-3.121333e-02,9.045090e-05,-0.4009,0.1561,-0.0011
3.73250,0.273855,0.711729,-0.447419,8.002659e-02,-3.100282e-02,9.658636e-05,-0.4001,0.1550,-0.0012
3.73500,0.273819,0.712097,-0.447880,7.987679e-02,-3.082811e-02,1.130894e-04,-0.3994,0.1541,-0.0014
3.73750,0.273783,0.712464,-0.448342,7.974056e-02,-3.067638e-02,1.346097e-04,-0.3987,0.1534,-0.0017
3.74000,0.273748,0.712832,-0.448806,7.962680e-02,-3.052961e-02,1.506588e-04,-0.3981,0.1526,-0.0019
3.74250,0.273714,0.713199,-0.449270,7.955230e-02,-3.036785e-02,1.504446e-04,-0.3978,0.1518,-0.0019
3.74500,0.273681,0.713566,-0.449736,7.951955e-02,-3.017750e-02,1.265051e-04,-0.3976,0.1509,-0.0016
3.74750,0.273648,0.713933,-0.450203,7.955323e-02,-2.992002e-02,5.849492e-05,-0.3978,0.1496,-0.0007
3.75000,0.273617,0.714300,-0.450672,7.965613e-02,-2.958875e-02,-5.642147e-05,-0.3983,0.1479,0.0007
3.75250,0.273586,0.714667,-0.451141,7.983638e-02,-2.916851e-02,-2.253766e-04,-0.3992,0.1458,0.0028
3.75500,0.273556,0.715034,-0.451612,8.010982e-02,-2.869269e-02,-4.405647e-04,-0.4005,0.1435,0.0055
3.75750,0.273527,0.715401,-0.452085,8.043188e-02,-2.818904e-02,-6.781900e-04,-0.4022,0.1409,0.0085
3.76000,0.273499,0.715767,-0.452558,8.080597e-02,-2.768455e-02,-9.304276e-04,-0.4040,0.1384,0.0116
3.76250,0.273472,0.716134,-0.453033,8.122145e-02,-2.717774e-02,-1.194359e-03,-0.4061,0.1359,0.0149
3.76500,0.273446,0.716500,-0.453510,8.167205e-02,-2.662331e-02,-1.486050e-03,-0.4084,0.1331,0.0186
3.76750,0.273420,0.716866,-0.453988,8.214782e-02,-2.601233e-02,-1.802951e-03,-0.4107,0.1301,0.0225
3.77000,0.273396,0.717232,-0.454467,8.267389e-02,-2.535600e-02,-2.147333e-03,-0.4134,0.1268,0.0268
3.77250,0.273372,0.717598,-0.454949,8.321389e-02,-2.464734e-02,-2.511939e-03,-0.4161,0.1232,0.0314
3.77500,0.273349,0.717964,-0.455432,8.375784e-02,-2.387801e-02,-2.898364e-03,-0.4188,0.1194,0.0362
3.77750,0.273328,0.718329,-0.455917,8.429316e-02,-2.303877e-02,-3.304156e-03,-0.4215,0.1152,0.0413
3.78000,0.273307,0.718695,-0.456403,8.481987e-02,-2.214753e-02,-3.724519e-03,-0.4241,0.1107,0.0466
3.78250,0.273287,0.719060,-0.456892,8.531467e-02,-2.118827e-02,-4.158675e-03,-0.4266,0.1059,0.0520
3.78500,0.273268,0.719425,-0.457383,8.576224e-02,-2.018670e-02,-4.595293e-03,-0.4288,0.1009,0.0574
3.78750,0.273250,0.719790,-0.457876,8.615940e-02,-1.914743e-02,-5.032740e-03,-0.4308,0.0957,0.0629
3.79000,0.273233,0.720155,-0.458371,8.650808e-02,-1.808946e-02,-5.462728e-03,-0.4325,0.0904,0.0683
3.79250,0.273218,0.720520,-0.458868,8.683228e-02,-1.699027e-02,-5.898260e-03,-0.4342,0.0850,0.0737
3.79500,0.273203,0.720885,-0.459368,8.711188e-02,-1.585110e-02,-6.331930e-03,-0.4356,0.0793,0.0791
3.79750,0.273189,0.721249,-0.459870,8.735247e-02,-1.467606e-02,-6.764325e-03,-0.4368,0.0734,0.0846
3.80000,0.273176,0.721614,-0.460374,8.752506e-02,-1.346917e-02,-7.185253e-03,-0.4376,0.0673,0.0898
3.80250,0.273165,0.721978,-0.460880,8.764221e-02,-1.223124e-02,-7.599365e-03,-0.4382,0.0612,0.0950
3.80500,0.273154,0.722342,-0.461389,8.769719e-02,-1.096739e-02,-8.005189e-03,-0.4385,0.0548,0.1001
3.80750,0.273144,0.722706,-0.461900,8.765515e-02,-9.711405e-03,-8.380837e-03,-0.4383,0.0486,0.1048
3.81000,0.273136,0.723070,-0.462414,8.753128e-02,-8.488634e-03,-8.723322e-03,-0.4377,0.0424,0.1090
3.81250,0.273128,0.723434,-0.462929,8.733155e-02,-7.315000e-03,-9.028765e-03,-0.4367,0.0366,0.1129
3.81500,0.273122,0.723797,-0.463447,8.707426e-02,-6.186850e-03,-9.302606e-03,-0.4354,0.0309,0.1163
3.81750,0.273117,0.724161,-0.463967,8.679126e-02,-5.116449e-03,-9.548562e-03,-0.4340,0.0256,0.1194
3.82000,0.273113,0.724524,-0.464490,8.648248e-02,-4.116113e-03,-9.761031e-03,-0.4324,0.0206,0.1220
3.82250,0.273110,0.724887,-0.465014,8.615891e-02,-3.250875e-03,-9.920040e-03,-0.4308,0.0163,0.1240
3.82500,0.273107,0.725250,-0.465541,8.578206e-02,-2.505366e-03,-1.002031e-02,-0.4289,0.0125,0.1253
3.82750,0.273107,0.725613,-0.466070,8.538025e-02,-1.849712e-03,-1.008235e-02,-0.4269,0.0092,0.1260
3.83000,0.273107,0.725976,-0.466600,8.493991e-02,-1.269390e-03,-1.010514e-02,-0.4247,0.0063,0.1263
3.83250,0.273108,0.726338,-0.467132,8.448494e-02,-7.572343e-04,-1.010064e-02,-0.4224,0.0038,0.1263
3.83500,0.273110,0.726700,-0.467666,8.401842e-02,-2.860753e-04,-1.007943e-02,-0.4201,0.0014,0.1260
3.83750,0.273114,0.727062,-0.468202,8.354692e-02,1.441786e-04,-1.004419e-02,-0.4177,-0.0007,0.1256
3.84000,0.273118,0.727424,-0.468739,8.306793e-02,5.672357e-04,-1.000571e-02,-0.4153,-0.0028,0.1251
3.84250,0.273124,0.727786,-0.469277,8.259632e-02,9.606224e-04,-9.961483e-03,-0.4130,-0.0048,0.1245
3.84500,0.273130,0.728147,-0.469817,8.211304e-02,1.347786e-03,-9.912270e-03,-0.4106,-0.0067,0.1239
3.84750,0.273138,0.728508,-0.470359,8.165935e-02,1.742262e-03,-9.875168e-03,-0.4083,-0.0087,0.1234
3.85000,0.273146,0.728868,-0.470901,8.123579e-02,2.147278e-03,-9.850557e-03,-0.4062,-0.0107,0.1231
3.85250,0.273156,0.729229,-0.471445,8.084994e-02,2.570793e-03,-9.845484e-03,-0.4042,-0.0129,0.1231
3.85500,0.273167,0.729589,-0.471989,8.053476e-02,3.043159e-03,-9.881183e-03,-0.4027,-0.0152,0.1235
3.85750,0.273179,0.729948,-0.472535,8.032227e-02,3.624491e-03,-9.987584e-03,-0.4016,-0.0181,0.1248
3.86000,0.273192,0.730308,-0.473082,8.024692e-02,4.322056e-03,-1.017578e-02,-0.4012,-0.0216,0.1272
3.86250,0.273206,0.730666,-0.473630,8.032507e-02,5.133471e-03,-1.044666e-02,-0.4016,-0.0257,0.1306
3.86500,0.273221,0.731025,-0.474179,8.055795e-02,6.083175e-03,-1.080771e-02,-0.4028,-0.0304,0.1351
3.86750,0.273237,0.731383,-0.474729,8.089611e-02,7.163301e-03,-1.124020e-02,-0.4045,-0.0358,0.1405
3.87000,0.273255,0.731741,-0.475281,8.133046e-02,8.369927e-03,-1.174284e-02,-0.4067,-0.0418,0.1468
3.87250,0.273273,0.732099,-0.475834,8.182615e-02,9.680909e-03,-1.229723e-02,-0.4091,-0.0484,0.1537
3.87500,0.273293,0.732456,-0.476389,8.238719e-02,1.105671e-02,-1.289341e-02,-0.4119,-0.0553,0.1612
3.87750,0.273313,0.732813,-0.476945,8.296085e-02,1.248342e-02,-1.350781e-02,-0.4148,-0.0624,0.1688
3.88000,0.273335,0.733170,-0.477503,8.355216e-02,1.395868e-02,-1.414518e-02,-0.4178,-0.0698,0.1768
3.88250,0.273358,0.733526,-0.478063,8.415816e-02,1.547248e-02,-1.479881e-02,-0.4208,-0.0774,0.1850
3.88500,0.273382,0.733882,-0.478625,8.472448e-02,1.701198e-02,-1.544940e-02,-0.4236,-0.0851,0.1931
3.88750,0.273408,0.734238,-0.479189,8.527374e-02,1.862609e-02,-1.611968e-02,-0.4264,-0.0931,0.2015
3.89000,0.273434,0.734593,-0.479754,8.579853e-02,2.032338e-02,-1.680972e-02,-0.4290,-0.1016,0.2101
3.89250,0.273462,0.734948,-0.480322,8.630180e-02,2.209750e-02,-1.751850e-02,-0.4315,-0.1105,0.2190
3.89500,0.273491,0.735303,-0.480892,8.673984e-02,2.394148e-02,-1.823122e-02,-0.4337,-0.1197,0.2279
3.89750,0.273522,0.735657,-0.481465,8.709514e-02,2.584931e-02,-1.894189e-02,-0.4355,-0.1292,0.2368
3.90000,0.273554,0.736011,-0.482040,8.737127e-02,2.782079e-02,-1.965036e-02,-0.4369,-0.1391,0.2456
3.90250,0.273587,0.736365,-0.482617,8.756642e-02,2.983565e-02,-2.034931e-02,-0.4378,-0.1492,0.2544
3.90500,0.273621,0.736718,-0.483197,8.765560e-02,3.188913e-02,-2.103092e-02,-0.4383,-0.1594,0.2629
3.90750,0.273656,0.737071,-0.483779,8.760951e-02,3.396738e-02,-2.168105e-02,-0.4380,-0.1698,0.2710
3.91000,0.273693,0.737424,-0.484364,8.741902e-02,3.606345e-02,-2.229604e-02,-0.4371,-0.1803,0.2787
3.91250,0.273732,0.737776,-0.484952,8.708596e-02,3.813580e-02,-2.286132e-02,-0.4354,-0.1907,0.2858
3.91500,0.273771,0.738128,-0.485542,8.663434e-02,4.017220e-02,-2.337962e-02,-0.4332,-0.2009,0.2922
3.91750,0.273812,0.738480,-0.486135,8.610890e-02,4.213816e-02,-2.385130e-02,-0.4305,-0.2107,0.2981
3.92000,0.273855,0.738832,-0.486731,8.552459e-02,4.400730e-02,-2.427017e-02,-0.4276,-0.2200,0.3034
3.92250,0.273898,0.739183,-0.487328,8.488409e-02,4.576933e-02,-2.463353e-02,-0.4244,-0.2288,0.3079
3.92500,0.273943,0.739534,-0.487929,8.417774e-02,4.741873e-02,-2.493725e-02,-0.4209,-0.2371,0.3117
3.92750,0.273990,0.739884,-0.488531,8.341150e-02,4.896946e-02,-2.518663e-02,-0.4171,-0.2448,0.3148
3.93000,0.274038,0.740235,-0.489137,8.258837e-02,5.042096e-02,-2.538369e-02,-0.4129,-0.2521,0.3173
3.93250,0.274087,0.740584,-0.489744,8.169528e-02,5.176617e-02,-2.552052e-02,-0.4085,-0.2588,0.3190
3.93500,0.274137,0.740934,-0.490353,8.076223e-02,5.300865e-02,-2.560722e-02,-0.4038,-0.2650,0.3201
3.93750,0.274189,0.741283,-0.490964,7.977863e-02,5.411539e-02,-2.562646e-02,-0.3989,-0.2706,0.3203
3.94000,0.274242,0.741631,-0.491577,7.877940e-02,5.509222e-02,-2.559474e-02,-0.3939,-0.2755,0.3199
3.94250,0.274297,0.741979,-0.492192,7.775243e-02,5.592980e-02,-2.550418e-02,-0.3888,-0.2796,0.3188
3.94500,0.274352,0.742327,-0.492808,7.670207e-02,5.662464e-02,-2.535859e-02,-0.3835,-0.2831,0.3170
3.94750,0.274409,0.742674,-0.493425,7.561925e-02,5.723867e-02,-2.517293e-02,-0.3781,-0.2862,0.3147
3.95000,0.274468,0.743021,-0.494044,7.454457e-02,5.778716e-02,-2.496822e-02,-0.3727,-0.2889,0.3121
3.95250,0.274528,0.743367,-0.494664,7.348375e-02,5.832110e-02,-2.476055e-02,-0.3674,-0.2916,0.3095
3.95500,0.274589,0.743712,-0.495284,7.246006e-02,5.887165e-02,-2.457356e-02,-0.3623,-0.2944,0.3072
3.95750,0.274651,0.744057,-0.495905,7.147985e-02,5.949488e-02,-2.442681e-02,-0.3574,-0.2975,0.3053
3.96000,0.274715,0.744402,-0.496527,7.057489e-02,6.023635e-02,-2.434851e-02,-0.3529,-0.3012,0.3044
3.96250,0.274780,0.744745,-0.497150,6.977028e-02,6.114857e-02,-2.436323e-02,-0.3489,-0.3057,0.3045
3.96500,0.274846,0.745088,-0.497772,6.908586e-02,6.226541e-02,-2.448900e-02,-0.3454,-0.3113,0.3061
3.96750,0.274913,0.745431,-0.498396,6.855121e-02,6.359016e-02,-2.473463e-02,-0.3428,-0.3180,0.3092
3.97000,0.274982,0.745773,-0.499020,6.818517e-02,6.512140e-02,-2.510496e-02,-0.3409,-0.3256,0.3138
3.97250,0.275052,0.746114,-0.499644,6.798458e-02,6.684025e-02,-2.559198e-02,-0.3399,-0.3342,0.3199
3.97500,0.275123,0.746455,-0.500269,6.794076e-02,6.874030e-02,-2.619102e-02,-0.3397,-0.3437,0.3274
3.97750,0.275196,0.746795,-0.500894,6.802682e-02,7.081537e-02,-2.689143e-02,-0.3401,-0.3541,0.3361
3.98000,0.275269,0.747135,-0.501521,6.821744e-02,7.308244e-02,-2.768981e-02,-0.3411,-0.3654,0.3461
3.98250,0.275345,0.747473,-0.502148,6.851097e-02,7.549882e-02,-2.856930e-02,-0.3426,-0.3775,0.3571
3.98500,0.275421,0.747812,-0.502777,6.887561e-02,7.803052e-02,-2.950756e-02,-0.3444,-0.3902,0.3688
3.98750,0.275499,0.748149,-0.503407,6.929673e-02,8.067342e-02,-3.050058e-02,-0.3465,-0.4034,0.3813
3.99000,0.275578,0.748486,-0.504038,6.972651e-02,8.343037e-02,-3.153668e-02,-0.3486,-0.4172,0.3942
3.99250,0.275659,0.748823,-0.504671,7.012730e-02,8.629813e-02,-3.260207e-02,-0.3506,-0.4315,0.4075
3.99500,0.275741,0.749159,-0.505305,7.047611e-02,8.926051e-02,-3.368592e-02,-0.3524,-0.4463,0.4211
3.99750,0.275824,0.749494,-0.505942,7.072685e-02,9.229950e-02,-3.476836e-02,-0.3536,-0.4615,0.4346
4.00000,0.275909,0.749829,-0.506581,7.085338e-02,9.535379e-02,-3.582044e-02,-0.3543,-0.4768,0.4478
4.00250,0.275996,0.750163,-0.507222,7.083620e-02,9.841413e-02,-3.683220e-02,-0.3542,-0.4921,0.4604
4.00500,0.276083,0.750497,-0.507865,7.067894e-02,1.015125e-01,-3.781242e-02,-0.3534,-0.5076,0.4727
4.00750,0.276173,0.750830,-0.508512,7.039653e-02,1.046063e-01,-3.874942e-02,-0.3520,-0.5230,0.4844
4.01000,0.276264,0.751163,-0.509160,7.001713e-02,1.077387e-01,-3.966574e-02,-0.3501,-0.5387,0.4958
4.01250,0.276356,0.751495,-0.509812,6.949594e-02,1.109223e-01,-4.055367e-02,-0.3475,-0.5546,0.5069
4.01500,0.276450,0.751827,-0.510466,6.887257e-02,1.141771e-01,-4.143260e-02,-0.3444,-0.5709,0.5179
4.01750,0.276545,0.752158,-0.511123,6.813932e-02,1.174845e-01,-4.229127e-02,-0.3407,-0.5874,0.5286
4.02000,0.276642,0.752488,-0.511782,6.729020e-02,1.208288e-01,-4.312418e-02,-0.3365,-0.6041,0.5391
4.02250,0.276740,0.752818,-0.512445,6.631914e-02,1.241993e-01,-4.392573e-02,-0.3316,-0.6210,0.5491
4.02500,0.276840,0.753148,-0.513111,6.521424e-02,1.275974e-01,-4.469272e-02,-0.3261,-0.6380,0.5587
4.02750,0.276941,0.753477,-0.513779,6.397905e-02,1.310217e-01,-4.542617e-02,-0.3199,-0.6551,0.5678
4.03000,0.277044,0.753805,-0.514450,6.261557e-02,1.344314e-01,-4.610975e-02,-0.3131,-0.6722,0.5764
4.03250,0.277149,0.754133,-0.515125,6.115635e-02,1.377566e-01,-4.673221e-02,-0.3058,-0.6888,0.5842
4.03500,0.277255,0.754461,-0.515802,5.955123e-02,1.409472e-01,-4.725860e-02,-0.2978,-0.7047,0.5907
4.03750,0.277363,0.754787,-0.516481,5.785327e-02,1.440178e-01,-4.771540e-02,-0.2893,-0.7201,0.5964
4.04000,0.277472,0.755114,-0.517164,5.603356e-02,1.469391e-01,-4.807394e-02,-0.2802,-0.7347,0.6009
4.04250,0.277582,0.755439,-0.517848,5.411137e-02,1.497172e-01,-4.834805e-02,-0.2706,-0.7486,0.6044
4.04500,0.277695,0.755764,-0.518536,5.210602e-02,1.523100e-01,-4.852750e-02,-0.2605,-0.7615,0.6066
4.04750,0.277808,0.756089,-0.519225,5.001258e-02,1.547547e-01,-4.862642e-02,-0.2501,-0.7738,0.6078
4.05000,0.277924,0.756413,-0.519916,4.785112e-02,1.570339e-01,-4.864375e-02,-0.2393,-0.7852,0.6080
4.05250,0.278041,0.756736,-0.520609,4.565453e-02,1.591644e-01,-4.859722e-02,-0.2283,-0.7958,0.6075
4.05500,0.278159,0.757058,-0.521304,4.341529e-02,1.610996e-01,-4.846850e-02,-0.2171,-0.8055,0.6059
4.05750,0.278279,0.757380,-0.522000,4.109217e-02,1.628534e-01,-4.825000e-02,-0.2055,-0.8143,0.6031
4.06000,0.278400,0.757701,-0.522697,3.873820e-02,1.644591e-01,-4.796950e-02,-0.1937,-0.8223,0.5996
4.06250,0.278523,0.758021,-0.523394,3.634314e-02,1.658969e-01,-4.761656e-02,-0.1817,-0.8295,0.5952
4.06500,0.278647,0.758341,-0.524093,3.393000e-02,1.672022e-01,-4.721415e-02,-0.1697,-0.8360,0.5902
4.06750,0.278772,0.758659,-0.524792,3.150081e-02,1.684275e-01,-4.678324e-02,-0.1575,-0.8421,0.5848
4.07000,0.278899,0.758977,-0.525490,2.909584e-02,1.696784e-01,-4.637419e-02,-0.1455,-0.8484,0.5797
4.07250,0.279027,0.759294,-0.526189,2.675219e-02,1.709875e-01,-4.600729e-02,-0.1338,-0.8549,0.5751
4.07500,0.279157,0.759610,-0.526888,2.448688e-02,1.724360e-01,-4.571640e-02,-0.1224,-0.8622,0.5715
4.07750,0.279288,0.759925,-0.527586,2.237436e-02,1.740430e-01,-4.552939e-02,-0.1119,-0.8702,0.5691
4.08000,0.279420,0.760239,-0.528284,2.039880e-02,1.758299e-01,-4.544931e-02,-0.1020,-0.8791,0.5681
4.08250,0.279554,0.760552,-0.528981,1.861359e-02,1.778807e-01,-4.552436e-02,-0.0931,-0.8894,0.5691
4.08500,0.279689,0.760864,-0.529678,1.701405e-02,1.802222e-01,-4.576292e-02,-0.0851,-0.9011,0.5720
4.08750,0.279825,0.761175,-0.530374,1.562789e-02,1.829219e-01,-4.620096e-02,-0.0781,-0.9146,0.5775
4.09000,0.279962,0.761485,-0.531070,1.448972e-02,1.859881e-01,-4.684790e-02,-0.0724,-0.9299,0.5856
4.09250,0.280101,0.761794,-0.531765,1.357605e-02,1.893491e-01,-4.766956e-02,-0.0679,-0.9467,0.5959
4.09500,0.280241,0.762102,-0.532460,1.285787e-02,1.929782e-01,-4.863957e-02,-0.0643,-0.9649,0.6080
4.09750,0.280383,0.762409,-0.533154,1.232716e-02,1.968017e-01,-4.973277e-02,-0.0616,-0.9840,0.6217
4.10000,0.280525,0.762715,-0.533849,1.193708e-02,2.008432e-01,-5.093901e-02,-0.0597,-1.0042,0.6367
4.10250,0.280669,0.763021,-0.534545,1.166259e-02,2.050744e-01,-5.224398e-02,-0.0583,-1.0254,0.6530
4.10500,0.280815,0.763325,-0.535241,1.146773e-02,2.095609e-01,-5.365557e-02,-0.0573,-1.0478,0.6707
4.10750,0.280962,0.763628,-0.535938,1.139117e-02,2.142497e-01,-5.516478e-02,-0.0570,-1.0712,0.6896
4.11000,0.281110,0.763931,-0.536635,1.137988e-02,2.191026e-01,-5.673712e-02,-0.0569,-1.0955,0.7092
4.11250,0.281259,0.764232,-0.537334,1.145165e-02,2.240678e-01,-5.836030e-02,-0.0573,-1.1203,0.7295
4.11500,0.281410,0.764533,-0.538035,1.155119e-02,2.291662e-01,-6.001963e-02,-0.0578,-1.1458,0.7502
4.11750,0.281563,0.764833,-0.538737,1.172393e-02,2.344358e-01,-6.174642e-02,-0.0586,-1.1722,0.7718
4.12000,0.281717,0.765132,-0.539441,1.197243e-02,2.398780e-01,-6.354061e-02,-0.0599,-1.1994,0.7943
4.12250,0.281872,0.765431,-0.540147,1.222183e-02,2.454237e-01,-6.535448e-02,-0.0611,-1.2271,0.8169
4.12500,0.282029,0.765728,-0.540855,1.240650e-02,2.510326e-01,-6.715830e-02,-0.0620,-1.2552,0.8395
4.12750,0.282188,0.766025,-0.541565,1.251240e-02,2.566525e-01,-6.893296e-02,-0.0626,-1.2833,0.8617
4.13000,0.282348,0.766321,-0.542277,1.254716e-02,2.624060e-01,-7.072325e-02,-0.0627,-1.3120,0.8840
4.13250,0.282509,0.766617,-0.542992,1.251305e-02,2.682957e-01,-7.252787e-02,-0.0626,-1.3415,0.9066
4.13500,0.282673,0.766911,-0.543709,1.241984e-02,2.743091e-01,-7.434642e-02,-0.0621,-1.3715,0.9293
4.13750,0.282838,0.767205,-0.544429,1.224169e-02,2.804356e-01,-7.616230e-02,-0.0612,-1.4022,0.9520
4.14000,0.283005,0.767498,-0.545152,1.196662e-02,2.866723e-01,-7.797615e-02,-0.0598,-1.4334,0.9747
4.14250,0.283173,0.767791,-0.545877,1.161302e-02,2.930550e-01,-7.980672e-02,-0.0581,-1.4653,0.9976
4.14500,0.283343,0.768083,-0.546605,1.114454e-02,2.995521e-01,-8.163383e-02,-0.0557,-1.4978,1.0204
4.14750,0.283515,0.768374,-0.547335,1.057683e-02,3.061328e-01,-8.345193e-02,-0.0529,-1.5307,1.0431
4.15000,0.283689,0.768665,-0.548069,9.862062e-03,3.127432e-01,-8.522715e-02,-0.0493,-1.5637,1.0653
4.15250,0.283864,0.768750,-0.548805,1.520358e-02,3.174722e-01,-8.838852e-02,-0.0760,-1.5874,1.1049
4.15500,0.284040,0.768750,-0.549541,8.934077e-04,3.283987e-01,-8.710059e-02,-0.0045,-1.6420,1.0888
4.15750,0.284218,0.768750,-0.550277,-3.035905e-03,3.340784e-01,-8.781293e-02,0.0152,-1.6704,1.0977
4.16000,0.284396,0.768750,-0.551013,-7.588131e-03,3.395257e-01,-8.782804e-02,0.0379,-1.6976,1.0979
4.16250,0.284574,0.768750,-0.551748,-8.439591e-03,3.434963e-01,-8.881436e-02,0.0422,-1.7175,1.1102
4.16500,0.284753,0.768750,-0.552481,-9.113638e-03,3.472957e-01,-8.949349e-02,0.0456,-1.7365,1.1187
4.16750,0.284933,0.768750,-0.553213,-8.115354e-03,3.505513e-01,-9.073508e-02,0.0406,-1.7528,1.1342
4.17000,0.285114,0.768750,-0.553943,-6.840098e-03,3.536938e-01,-9.182602e-02,0.0342,-1.7685,1.1478
4.17250,0.285294,0.768750,-0.554671,-4.844311e-03,3.566009e-01,-9.321431e-02,0.0242,-1.7830,1.1652
4.17500,0.285476,0.768750,-0.555397,-2.698256e-03,3.593765e-01,-9.447588e-02,0.0135,-1.7969,1.1809
4.17750,0.285657,0.768750,-0.556122,-2.883336e-04,3.619473e-01,-9.584754e-02,0.0014,-1.8097,1.1981
4.18000,0.285840,0.768750,-0.556844,2.165892e-03,3.643596e-01,-9.709806e-02,-0.0108,-1.8218,1.2137
4.18250,0.286022,0.768750,-0.557565,4.710316e-03,3.665891e-01,-9.838016e-02,-0.0236,-1.8329,1.2298
4.18500,0.286206,0.768750,-0.558283,7.235805e-03,3.686504e-01,-9.955005e-02,-0.0362,-1.8433,1.2444
4.18750,0.286390,0.768750,-0.559000,9.734158e-03,3.705419e-01,-1.006993e-01,-0.0487,-1.8527,1.2587
4.19000,0.286574,0.768750,-0.559714,1.216980e-02,3.722822e-01,-1.017494e-01,-0.0608,-1.8614,1.2719
4.19250,0.286759,0.768750,-0.560427,1.455629e-02,3.738858e-01,-1.027701e-01,-0.0728,-1.8694,1.2846
4.19500,0.286945,0.768750,-0.561137,1.686318e-02,3.753743e-01,-1.037119e-01,-0.0843,-1.8769,1.2964
4.19750,0.287131,0.768750,-0.561845,1.911912e-02,3.767785e-01,-1.046303e-01,-0.0956,-1.8839,1.3079
4.20000,0.287318,0.768750,-0.562551,2.127193e-02,3.781067e-01,-1.054833e-01,-0.1064,-1.8905,1.3185
4.20250,0.287505,0.768750,-0.563256,2.333130e-02,3.793833e-01,-1.063079e-01,-0.1167,-1.8969,1.3288
4.20500,0.287694,0.768750,-0.563958,2.526084e-02,3.806157e-01,-1.070765e-01,-0.1263,-1.9031,1.3385
4.20750,0.287883,0.768750,-0.564658,2.707950e-02,3.818252e-01,-1.078191e-01,-0.1354,-1.9091,1.3477
4.21000,0.288072,0.768750,-0.565356,2.877830e-02,3.830162e-01,-1.085212e-01,-0.1439,-1.9151,1.3565
4.21250,0.288262,0.768750,-0.566052,3.037507e-02,3.841826e-01,-1.091947e-01,-0.1519,-1.9209,1.3649
4.21500,0.288453,0.768750,-0.566746,3.189123e-02,3.853277e-01,-1.098373e-01,-0.1595,-1.9266,1.3730
4.21750,0.288645,0.768750,-0.567439,3.334127e-02,3.864672e-01,-1.104683e-01,-0.1667,-1.9323,1.3809
4.22000,0.288837,0.768750,-0.568129,3.474386e-02,3.875977e-01,-1.110848e-01,-0.1737,-1.9380,1.3886
4.22250,0.289031,0.768750,-0.568817,3.608384e-02,3.886843e-01,-1.116717e-01,-0.1804,-1.9434,1.3959
4.22500,0.289224,0.768750,-0.569504,3.738693e-02,3.897249e-01,-1.122336e-01,-0.1869,-1.9486,1.4029
4.22750,0.289419,0.768750,-0.570189,3.865905e-02,3.907103e-01,-1.127722e-01,-0.1933,-1.9536,1.4097
4.23000,0.289614,0.768750,-0.570872,3.983981e-02,3.916378e-01,-1.132669e-01,-0.1992,-1.9582,1.4158
4.23250,0.289810,0.768750,-0.571554,4.094635e-02,3.925110e-01,-1.137264e-01,-0.2047,-1.9626,1.4216
4.23500,0.290007,0.768750,-0.572234,4.195985e-02,3.933388e-01,-1.141468e-01,-0.2098,-1.9667,1.4268
4.23750,0.290205,0.768750,-0.572912,4.285934e-02,3.941173e-01,-1.145162e-01,-0.2143,-1.9706,1.4315
4.24000,0.290403,0.768750,-0.573589,4.364696e-02,3.948788e-01,-1.148499e-01,-0.2182,-1.9744,1.4356
4.24250,0.290602,0.768750,-0.574265,4.431344e-02,3.956347e-01,-1.151478e-01,-0.2216,-1.9782,1.4393
4.24500,0.290802,0.768750,-0.574939,4.482668e-02,3.963862e-01,-1.154025e-01,-0.2241,-1.9819,1.4425
4.24750,0.291002,0.768750,-0.575611,4.519057e-02,3.971262e-01,-1.156106e-01,-0.2260,-1.9856,1.4451
4.25000,0.291203,0.768750,-0.576282,4.545564e-02,3.978512e-01,-1.157893e-01,-0.2273,-1.9893,1.4474
4.25250,0.291405,0.768750,-0.576952,4.559604e-02,3.985473e-01,-1.159223e-01,-0.2280,-1.9927,1.4490
4.25500,0.291608,0.768750,-0.577621,4.560608e-02,3.992185e-01,-1.160140e-01,-0.2280,-1.9961,1.4502
4.25750,0.291811,0.768750,-0.578288,4.547769e-02,3.998948e-01,-1.160765e-01,-0.2274,-1.9995,1.4510
4.26000,0.292016,0.768750,-0.578954,4.519528e-02,4.005670e-01,-1.161007e-01,-0.2260,-2.0028,1.4513
4.26250,0.292221,0.768750,-0.579618,4.477446e-02,4.012444e-01,-1.160967e-01,-0.2239,-2.0062,1.4512
4.26500,0.292426,0.768750,-0.580282,4.420652e-02,4.019179e-01,-1.160545e-01,-0.2210,-2.0096,1.4507
4.26750,0.292632,0.768750,-0.580945,4.353418e-02,4.025879e-01,-1.159880e-01,-0.2177,-2.0129,1.4498
4.27000,0.292839,0.768750,-0.581606,4.275610e-02,4.032399e-01,-1.158898e-01,-0.2138,-2.0162,1.4486
4.27250,0.293047,0.768750,-0.582267,4.189194e-02,4.038556e-01,-1.157613e-01,-0.2095,-2.0193,1.4470
4.27500,0.293255,0.768750,-0.582927,4.095706e-02,4.044231e-01,-1.155987e-01,-0.2048,-2.0221,1.4450
4.27750,0.293464,0.768750,-0.583586,3.998768e-02,4.049230e-01,-1.154055e-01,-0.1999,-2.0246,1.4426
4.28000,0.293674,0.768750,-0.584245,3.893025e-02,4.053443e-01,-1.151631e-01,-0.1947,-2.0267,1.4395
4.28250,0.293884,0.768750,-0.584902,3.781729e-02,4.057029e-01,-1.148877e-01,-0.1891,-2.0285,1.4361
4.28500,0.294094,0.768750,-0.585560,3.662417e-02,4.060031e-01,-1.145722e-01,-0.1831,-2.0300,1.4322
4.28750,0.294306,0.768750,-0.586216,3.538217e-02,4.062723e-01,-1.142349e-01,-0.1769,-2.0314,1.4279
4.29000,0.294518,0.768750,-0.586872,3.407109e-02,4.065117e-01,-1.138707e-01,-0.1704,-2.0326,1.4234
4.29250,0.294730,0.768750,-0.587528,3.267346e-02,4.067352e-01,-1.134783e-01,-0.1634,-2.0337,1.4185
4.29500,0.294943,0.768750,-0.588183,3.117997e-02,4.069383e-01,-1.130532e-01,-0.1559,-2.0347,1.4132
4.29750,0.295157,0.768750,-0.588838,2.957573e-02,4.071138e-01,-1.125874e-01,-0.1479,-2.0356,1.4073
4.30000,0.295371,0.768750,-0.589493,2.786123e-02,4.072516e-01,-1.120791e-01,-0.1393,-2.0363,1.4010
4.30250,0.295585,0.768750,-0.590147,2.599832e-02,4.073516e-01,-1.115182e-01,-0.1300,-2.0368,1.3940
4.30500,0.295800,0.768750,-0.590801,2.404647e-02,4.074183e-01,-1.109227e-01,-0.1202,-2.0371,1.3865
4.30750,0.296016,0.768750,-0.591455,2.205266e-02,4.074514e-01,-1.103037e-01,-0.1103,-2.0373,1.3788
4.31000,0.296232,0.768750,-0.592108,2.006759e-02,4.074528e-01,-1.096768e-01,-0.1003,-2.0373,1.3710
4.31250,0.296448,0.768750,-0.592761,1.814979e-02,4.074046e-01,-1.090512e-01,-0.0907,-2.0370,1.3631
4.31500,0.296665,0.768750,-0.593415,1.634025e-02,4.072971e-01,-1.084353e-01,-0.0817,-2.0365,1.3554
4.31750,0.296882,0.768750,-0.594068,1.464907e-02,4.071081e-01,-1.078211e-01,-0.0732,-2.0355,1.3478
4.32000,0.297100,0.768750,-0.594720,1.301212e-02,4.068228e-01,-1.071888e-01,-0.0651,-2.0341,1.3399
4.32250,0.297318,0.768750,-0.595373,1.142409e-02,4.064735e-01,-1.065504e-01,-0.0571,-2.0324,1.3319
4.32500,0.297536,0.768750,-0.596025,9.922313e-03,4.060638e-01,-1.059195e-01,-0.0496,-2.0303,1.3240
4.32750,0.297755,0.768750,-0.596677,8.464686e-03,4.055868e-01,-1.052795e-01,-0.0423,-2.0279,1.3160
4.33000,0.297974,0.768750,-0.597329,7.071150e-03,4.050517e-01,-1.046384e-01,-0.0354,-2.0253,1.3080
4.33250,0.298193,0.768750,-0.597981,5.757790e-03,4.044689e-01,-1.040030e-01,-0.0288,-2.0223,1.3000
4.33500,0.298413,0.768750,-0.598632,4.572519e-03,4.038581e-01,-1.033963e-01,-0.0229,-2.0193,1.2925
4.33750,0.298633,0.768750,-0.599283,3.471146e-03,4.032189e-01,-1.028064e-01,-0.0174,-2.0161,1.2851
4.34000,0.298853,0.768750,-0.599933,2.461508e-03,4.025504e-01,-1.022317e-01,-0.0123,-2.0128,1.2779
4.34250,0.299074,0.768750,-0.600583,1.567682e-03,4.018387e-01,-1.016727e-01,-0.0078,-2.0092,1.2709
4.34500,0.299295,0.768750,-0.601233,8.276658e-04,4.010900e-01,-1.011401e-01,-0.0041,-2.0055,1.2643
4.34750,0.299517,0.768750,-0.601882,3.041800e-04,4.003124e-01,-1.006482e-01,-0.0015,-2.0016,1.2581
4.35000,0.299738,0.768750,-0.602531,-3.015512e-05,3.995070e-01,-1.001938e-01,0.0002,-1.9975,1.2524
4.35250,0.299960,0.768750,-0.603179,-2.295050e-04,3.986885e-01,-9.976486e-02,0.0011,-1.9934,1.2471
4.35500,0.300183,0.768750,-0.603827,-3.104717e-04,3.978824e-01,-9.936919e-02,0.0016,-1.9894,1.2421
4.35750,0.300405,0.768750,-0.604474,-2.452573e-04,3.971116e-01,-9.901949e-02,0.0012,-1.9856,1.2377
4.36000,0.300628,0.768750,-0.605120,-2.567814e-05,3.964041e-01,-9.873246e-02,0.0001,-1.9820,1.2342
4.36250,0.300852,0.768750,-0.605766,3.208182e-04,3.957590e-01,-9.849773e-02,-0.0016,-1.9788,1.2312
4.36500,0.301076,0.768750,-0.606411,8.181794e-04,3.951796e-01,-9.832358e-02,-0.0041,-1.9759,1.2290
4.36750,0.301300,0.768750,-0.607054,1.451395e-03,3.946580e-01,-9.820119e-02,-0.0073,-1.9733,1.2275
4.37000,0.301524,0.768750,-0.607697,2.167367e-03,3.941982e-01,-9.811985e-02,-0.0108,-1.9710,1.2265
4.37250,0.301749,0.768750,-0.608339,2.969607e-03,3.937940e-01,-9.807762e-02,-0.0148,-1.9690,1.2260
4.37500,0.301974,0.768750,-0.608980,3.783357e-03,3.934507e-01,-9.806223e-02,-0.0189,-1.9673,1.2258
4.37750,0.302200,0.768750,-0.609619,4.574675e-03,3.931546e-01,-9.805931e-02,-0.0229,-1.9658,1.2257
4.38000,0.302426,0.768750,-0.610258,5.269688e-03,3.928982e-01,-9.804916e-02,-0.0263,-1.9645,1.2256
4.38250,0.302652,0.768750,-0.610896,5.845885e-03,3.927011e-01,-9.803259e-02,-0.0292,-1.9635,1.2254
4.38500,0.302879,0.768750,-0.611532,6.304282e-03,3.925668e-01,-9.801189e-02,-0.0315,-1.9628,1.2251
4.38750,0.303106,0.768750,-0.612167,6.669570e-03,3.924944e-01,-9.798921e-02,-0.0333,-1.9625,1.2249
4.39000,0.303334,0.768750,-0.612802,6.993581e-03,3.924792e-01,-9.797979e-02,-0.0350,-1.9624,1.2247
4.39250,0.303562,0.768750,-0.613435,7.236697e-03,3.925107e-01,-9.796447e-02,-0.0362,-1.9626,1.2246
4.39500,0.303790,0.768750,-0.614068,7.406285e-03,3.925846e-01,-9.794328e-02,-0.0370,-1.9629,1.2243
4.39750,0.304019,0.768750,-0.614699,7.561644e-03,3.926970e-01,-9.793032e-02,-0.0378,-1.9635,1.2241
4.40000,0.304248,0.768750,-0.615330,7.694284e-03,3.928347e-01,-9.791437e-02,-0.0385,-1.9642,1.2239
4.40250,0.304478,0.768750,-0.615960,7.852956e-03,3.929812e-01,-9.790437e-02,-0.0393,-1.9649,1.2238
4.40500,0.304708,0.768750,-0.616589,8.003613e-03,3.931265e-01,-9.788489e-02,-0.0400,-1.9656,1.2236
4.40750,0.304939,0.768750,-0.617217,8.129123e-03,3.932713e-01,-9.785592e-02,-0.0406,-1.9664,1.2232
4.41000,0.305169,0.768750,-0.617844,8.150565e-03,3.933916e-01,-9.778417e-02,-0.0408,-1.9670,1.2223
4.41250,0.305401,0.768750,-0.618471,8.088745e-03,3.935268e-01,-9.769476e-02,-0.0404,-1.9676,1.2212
4.41500,0.305632,0.768750,-0.619097,7.932847e-03,3.936546e-01,-9.757089e-02,-0.0397,-1.9683,1.2196
4.41750,0.305864,0.768750,-0.619722,7.666808e-03,3.937828e-01,-9.741541e-02,-0.0383,-1.9689,1.2177
4.42000,0.306097,0.768750,-0.620346,7.325301e-03,3.939070e-01,-9.723477e-02,-0.0366,-1.9695,1.2154
4.42250,0.306330,0.768750,-0.620969,6.941795e-03,3.940455e-01,-9.704545e-02,-0.0347,-1.9702,1.2131
4.42500,0.306563,0.768750,-0.621592,6.572816e-03,3.941960e-01,-9.686231e-02,-0.0329,-1.9710,1.2108
4.42750,0.306797,0.768750,-0.622213,6.223517e-03,3.943814e-01,-9.669905e-02,-0.0311,-1.9719,1.2087
4.43000,0.307031,0.768750,-0.622834,5.861834e-03,3.945960e-01,-9.654348e-02,-0.0293,-1.9730,1.2068
4.43250,0.307265,0.768750,-0.623454,5.484691e-03,3.948643e-01,-9.640553e-02,-0.0274,-1.9743,1.2051
4.43500,0.307500,0.768750,-0.624073,5.082236e-03,3.951804e-01,-9.627802e-02,-0.0254,-1.9759,1.2035
4.43750,0.307735,0.768750,-0.624691,4.673349e-03,3.955368e-01,-9.616614e-02,-0.0234,-1.9777,1.2021
4.44000,0.307971,0.768750,-0.625308,4.261523e-03,3.959096e-01,-9.605996e-02,-0.0213,-1.9795,1.2007
4.44250,0.308207,0.768750,-0.625925,3.863711e-03,3.962826e-01,-9.595818e-02,-0.0193,-1.9814,1.1995
4.44500,0.308443,0.768750,-0.626541,3.477842e-03,3.966242e-01,-9.584809e-02,-0.0174,-1.9831,1.1981
4.44750,0.308680,0.768750,-0.627156,3.093459e-03,3.969082e-01,-9.571866e-02,-0.0155,-1.9845,1.1965
4.45000,0.308917,0.768750,-0.627770,2.750968e-03,3.971358e-01,-9.558221e-02,-0.0138,-1.9857,1.1948
4.45250,0.309155,0.768750,-0.628383,2.324705e-03,3.973014e-01,-9.540457e-02,-0.0116,-1.9865,1.1926
4.45500,0.309393,0.768750,-0.628995,1.896570e-03,3.974392e-01,-9.521951e-02,-0.0095,-1.9872,1.1902
4.45750,0.309631,0.768750,-0.629607,1.412630e-03,3.975343e-01,-9.500490e-02,-0.0071,-1.9877,1.1876
4.46000,0.309869,0.768750,-0.630218,8.851635e-04,3.976104e-01,-9.477013e-02,-0.0044,-1.9881,1.1846
4.46250,0.310108,0.768750,-0.630828,3.116769e-04,3.976554e-01,-9.450941e-02,-0.0016,-1.9883,1.1814
4.46500,0.310348,0.768750,-0.631437,-3.169294e-04,3.976635e-01,-9.421768e-02,0.0016,-1.9883,1.1777
4.46750,0.310587,0.768750,-0.632045,-9.951347e-04,3.976463e-01,-9.389854e-02,0.0050,-1.9882,1.1737
4.47000,0.310827,0.768750,-0.632652,-1.686989e-03,3.976103e-01,-9.357019e-02,0.0084,-1.9881,1.1696
4.47250,0.311067,0.768750,-0.633259,-2.427314e-03,3.975623e-01,-9.322753e-02,0.0121,-1.9878,1.1653
4.47500,0.311308,0.768750,-0.633864,-3.159011e-03,3.975332e-01,-9.289754e-02,0.0158,-1.9877,1.1612
4.47750,0.311549,0.768750,-0.634469,-3.856373e-03,3.975113e-01,-9.258259e-02,0.0193,-1.9876,1.1573
4.48000,0.311790,0.768750,-0.635072,-4.443725e-03,3.974924e-01,-9.229919e-02,0.0222,-1.9875,1.1537
4.48250,0.312032,0.768750,-0.635675,-4.897946e-03,3.974437e-01,-9.203925e-02,0.0245,-1.9872,1.1505
4.48500,0.312274,0.768750,-0.636276,-5.192372e-03,3.973415e-01,-9.180110e-02,0.0260,-1.9867,1.1475
4.48750,0.312516,0.768750,-0.636877,-5.340546e-03,3.971895e-01,-9.158457e-02,0.0267,-1.9859,1.1448
4.49000,0.312759,0.768750,-0.637476,-5.373796e-03,3.969990e-01,-9.139180e-02,0.0269,-1.9850,1.1424
4.49250,0.313002,0.768750,-0.638074,-5.294635e-03,3.967684e-01,-9.121869e-02,0.0265,-1.9838,1.1402
4.49500,0.313245,0.768750,-0.638671,-5.134164e-03,3.964916e-01,-9.105502e-02,0.0257,-1.9825,1.1382
4.49750,0.313489,0.768750,-0.639267,-4.898067e-03,3.961702e-01,-9.089704e-02,0.0245,-1.9809,1.1362
4.50000,0.313733,0.768750,-0.639862,-4.509311e-03,3.958232e-01,-9.077546e-02,0.0225,-1.9791,1.1347
4.50250,0.313977,0.768750,-0.640455,-3.995571e-03,3.954551e-01,-9.068295e-02,0.0200,-1.9773,1.1335
4.50500,0.314222,0.768750,-0.641047,-3.427411e-03,3.950691e-01,-9.060418e-02,0.0171,-1.9753,1.1326
4.50750,0.314467,0.768750,-0.641638,-2.778590e-03,3.946671e-01,-9.054581e-02,0.0139,-1.9733,1.1318
4.51000,0.314713,0.768750,-0.642227,-2.060583e-03,3.942469e-01,-9.050227e-02,0.0103,-1.9712,1.1313
4.51250,0.314959,0.768750,-0.642816,-1.219647e-03,3.938249e-01,-9.049010e-02,0.0061,-1.9691,1.1311
4.51500,0.315205,0.768750,-0.643403,-2.612091e-04,3.933977e-01,-9.050407e-02,0.0013,-1.9670,1.1313
4.51750,0.315452,0.768750,-0.643988,7.390724e-04,3.929737e-01,-9.052964e-02,-0.0037,-1.9649,1.1316
4.52000,0.315699,0.768750,-0.644573,1.779272e-03,3.925770e-01,-9.056899e-02,-0.0089,-1.9629,1.1321
4.52250,0.315947,0.768750,-0.645156,2.902619e-03,3.922288e-01,-9.064795e-02,-0.0145,-1.9611,1.1331
4.52500,0.316195,0.768750,-0.645737,4.119613e-03,3.919181e-01,-9.076050e-02,-0.0206,-1.9596,1.1345
4.52750,0.316444,0.768750,-0.646318,5.406698e-03,3.916372e-01,-9.090172e-02,-0.0270,-1.9582,1.1363
4.53000,0.316693,0.768750,-0.646897,6.763550e-03,3.913644e-01,-9.105912e-02,-0.0338,-1.9568,1.1382
4.53250,0.316942,0.768750,-0.647474,8.150564e-03,3.910892e-01,-9.122247e-02,-0.0408,-1.9554,1.1403
4.53500,0.317192,0.768750,-0.648051,9.526702e-03,3.908370e-01,-9.138998e-02,-0.0476,-1.9542,1.1424
4.53750,0.317443,0.768750,-0.648626,1.088248e-02,3.906135e-01,-9.156518e-02,-0.0544,-1.9531,1.1446
4.54000,0.317694,0.768750,-0.649199,1.213411e-02,3.904338e-01,-9.173550e-02,-0.0607,-1.9522,1.1467
4.54250,0.317946,0.768750,-0.649772,1.324529e-02,3.902919e-01,-9.188716e-02,-0.0662,-1.9515,1.1486
4.54500,0.318198,0.768750,-0.650343,1.415894e-02,3.902110e-01,-9.201428e-02,-0.0708,-1.9511,1.1502
4.54750,0.318451,0.768750,-0.650913,1.487155e-02,3.901879e-01,-9.211349e-02,-0.0744,-1.9509,1.1514
4.55000,0.318704,0.768750,-0.651482,1.536800e-02,3.902168e-01,-9.217849e-02,-0.0768,-1.9511,1.1522
4.55250,0.318958,0.768750,-0.652050,1.572201e-02,3.903020e-01,-9.222823e-02,-0.0786,-1.9515,1.1529
4.55500,0.319212,0.768750,-0.652617,1.588145e-02,3.904113e-01,-9.223508e-02,-0.0794,-1.9521,1.1529
4.55750,0.319467,0.768750,-0.653183,1.587767e-02,3.905247e-01,-9.219751e-02,-0.0794,-1.9526,1.1525
4.56000,0.319722,0.768750,-0.653749,1.578593e-02,3.906297e-01,-9.213189e-02,-0.0789,-1.9531,1.1516
4.56250,0.319978,0.768750,-0.654314,1.561408e-02,3.907008e-01,-9.202549e-02,-0.0781,-1.9535,1.1503
4.56500,0.320234,0.768750,-0.654879,1.542223e-02,3.907123e-01,-9.188788e-02,-0.0771,-1.9536,1.1486
4.56750,0.320491,0.768750,-0.655443,1.516552e-02,3.906465e-01,-9.170139e-02,-0.0758,-1.9532,1.1463
4.57000,0.320748,0.768750,-0.656006,1.479920e-02,3.905060e-01,-9.145788e-02,-0.0740,-1.9525,1.1432
4.57250,0.321006,0.768750,-0.656570,1.428265e-02,3.903094e-01,-9.115194e-02,-0.0714,-1.9515,1.1394
4.57500,0.321264,0.768750,-0.657133,1.365280e-02,3.900887e-01,-9.080521e-02,-0.0683,-1.9504,1.1351
4.57750,0.321523,0.768750,-0.657695,1.286661e-02,3.898307e-01,-9.039898e-02,-0.0643,-1.9492,1.1300
4.58000,0.321782,0.768750,-0.658257,1.196602e-02,3.895410e-01,-8.995238e-02,-0.0598,-1.9477,1.1244
4.58250,0.322042,0.768750,-0.658818,1.101357e-02,3.892227e-01,-8.947832e-02,-0.0551,-1.9461,1.1185
4.58500,0.322302,0.768750,-0.659380,1.003440e-02,3.888915e-01,-8.899200e-02,-0.0502,-1.9445,1.1124
4.58750,0.322563,0.768750,-0.659940,9.065702e-03,3.885735e-01,-8.851580e-02,-0.0453,-1.9429,1.1064
4.59000,0.322824,0.768750,-0.660500,8.056176e-03,3.882693e-01,-8.803690e-02,-0.0403,-1.9413,1.1005
4.59250,0.323085,0.768750,-0.661060,7.042545e-03,3.879968e-01,-8.757214e-02,-0.0352,-1.9400,1.0947
4.59500,0.323347,0.768750,-0.661619,6.022632e-03,3.877368e-01,-8.711129e-02,-0.0301,-1.9387,1.0889
4.59750,0.323609,0.768750,-0.662178,5.034604e-03,3.874795e-01,-8.666394e-02,-0.0252,-1.9374,1.0833
4.60000,0.323872,0.768750,-0.662737,4.092569e-03,3.871961e-01,-8.622144e-02,-0.0205,-1.9360,1.0778
4.60250,0.324135,0.768750,-0.663295,3.197177e-03,3.868623e-01,-8.577824e-02,-0.0160,-1.9343,1.0722
4.60500,0.324399,0.768750,-0.663852,2.347211e-03,3.864564e-01,-8.532572e-02,-0.0117,-1.9323,1.0666
4.60750,0.324662,0.768750,-0.664409,1.560108e-03,3.859604e-01,-8.486168e-02,-0.0078,-1.9298,1.0608
4.61000,0.324927,0.768750,-0.664966,7.980466e-04,3.853887e-01,-8.438292e-02,-0.0040,-1.9269,1.0548
4.61250,0.325191,0.768750,-0.665522,3.819135e-05,3.847746e-01,-8.389166e-02,-0.0002,-1.9239,1.0486
4.61500,0.325456,0.768750,-0.666078,-7.115862e-04,3.841397e-01,-8.340009e-02,0.0036,-1.9207,1.0425
4.61750,0.325721,0.768750,-0.666634,-1.478969e-03,3.834999e-01,-8.290167e-02,0.0074,-1.9175,1.0363
4.62000,0.325987,0.768750,-0.667188,-2.241889e-03,3.828922e-01,-8.241305e-02,0.0112,-1.9145,1.0302
4.62250,0.326253,0.768750,-0.667743,-3.005545e-03,3.823126e-01,-8.192834e-02,0.0150,-1.9116,1.0241
4.62500,0.326519,0.768750,-0.668297,-3.744466e-03,3.817670e-01,-8.145588e-02,0.0187,-1.9088,1.0182
4.62750,0.326786,0.768750,-0.668850,-4.501066e-03,3.812385e-01,-8.098101e-02,0.0225,-1.9062,1.0123
4.63000,0.327053,0.768750,-0.669403,-5.244580e-03,3.807373e-01,-8.052004e-02,0.0262,-1.9037,1.0065
4.63250,0.327320,0.768750,-0.669955,-5.871802e-03,3.802632e-01,-8.009401e-02,0.0294,-1.9013,1.0012
4.63500,0.327588,0.768750,-0.670506,-6.352168e-03,3.798104e-01,-7.971208e-02,0.0318,-1.8991,0.9964
4.63750,0.327856,0.768750,-0.671057,-6.624640e-03,3.793585e-01,-7.938210e-02,0.0331,-1.8968,0.9923
4.64000,0.328124,0.768750,-0.671607,-6.699008e-03,3.788901e-01,-7.909648e-02,0.0335,-1.8945,0.9887
4.64250,0.328393,0.768750,-0.672157,-6.613751e-03,3.783772e-01,-7.883616e-02,0.0331,-1.8919,0.9855
4.64500,0.328662,0.768750,-0.672705,-6.477579e-03,3.778548e-01,-7.859133e-02,0.0324,-1.8893,0.9824
4.64750,0.328931,0.768750,-0.673253,-6.221408e-03,3.773532e-01,-7.839342e-02,0.0311,-1.8868,0.9799
4.65000,0.329201,0.768750,-0.673800,-5.920147e-03,3.768600e-01,-7.821372e-02,0.0296,-1.8843,0.9777
4.65250,0.329471,0.768750,-0.674346,-5.532564e-03,3.763810e-01,-7.806413e-02,0.0277,-1.8819,0.9758
4.65500,0.329742,0.768750,-0.674891,-5.053161e-03,3.759033e-01,-7.794005e-02,0.0253,-1.8795,0.9743
4.65750,0.330013,0.768750,-0.675435,-4.483900e-03,3.754536e-01,-7.785689e-02,0.0224,-1.8773,0.9732
4.66000,0.330284,0.768750,-0.675978,-3.800653e-03,3.750253e-01,-7.780698e-02,0.0190,-1.8751,0.9726
4.66250,0.330556,0.768750,-0.676520,-2.986027e-03,3.746132e-01,-7.779511e-02,0.0149,-1.8731,0.9724
4.66500,0.330828,0.768750,-0.677061,-1.956970e-03,3.742095e-01,-7.783574e-02,0.0098,-1.8710,0.9729
4.66750,0.331100,0.768750,-0.677601,-7.416925e-04,3.738219e-01,-7.792791e-02,0.0037,-1.8691,0.9741
4.67000,0.331373,0.768750,-0.678140,5.792243e-04,3.734443e-01,-7.804742e-02,-0.0029,-1.8672,0.9756
4.67250,0.331646,0.768750,-0.678678,1.963077e-03,3.730887e-01,-7.818783e-02,-0.0098,-1.8654,0.9773
4.67500,0.331920,0.768750,-0.679215,3.393555e-03,3.727535e-01,-7.834187e-02,-0.0170,-1.8638,0.9793
4.67750,0.332195,0.768750,-0.679751,4.837677e-03,3.724698e-01,-7.851609e-02,-0.0242,-1.8623,0.9815
4.68000,0.332469,0.768750,-0.680286,6.309065e-03,3.722263e-01,-7.870762e-02,-0.0315,-1.8611,0.9838
4.68250,0.332745,0.768750,-0.680819,7.777502e-03,3.720158e-01,-7.890816e-02,-0.0389,-1.8601,0.9864
4.68500,0.333021,0.768750,-0.681352,9.227511e-03,3.718198e-01,-7.910911e-02,-0.0461,-1.8591,0.9889
4.68750,0.333297,0.768750,-0.681883,1.056274e-02,3.716274e-01,-7.928318e-02,-0.0528,-1.8581,0.9910
4.69000,0.333574,0.768750,-0.682413,1.175141e-02,3.714617e-01,-7.943303e-02,-0.0588,-1.8573,0.9929
4.69250,0.333851,0.768750,-0.682942,1.279854e-02,3.713179e-01,-7.955509e-02,-0.0640,-1.8566,0.9944
4.69500,0.334129,0.768750,-0.683470,1.365075e-02,3.711938e-01,-7.963770e-02,-0.0683,-1.8560,0.9955
4.69750,0.334408,0.768750,-0.683997,1.429243e-02,3.711073e-01,-7.968297e-02,-0.0715,-1.8555,0.9960
4.70000,0.334687,0.768750,-0.684523,1.472530e-02,3.710645e-01,-7.969259e-02,-0.0736,-1.8553,0.9962
4.70250,0.334967,0.768750,-0.685048,1.495135e-02,3.710699e-01,-7.966705e-02,-0.0748,-1.8553,0.9958
4.70500,0.335247,0.768750,-0.685572,1.502249e-02,3.710991e-01,-7.961136e-02,-0.0751,-1.8555,0.9951
4.70750,0.335528,0.768750,-0.686095,1.493842e-02,3.711445e-01,-7.952659e-02,-0.0747,-1.8557,0.9941
4.71000,0.335809,0.768750,-0.686618,1.475071e-02,3.711758e-01,-7.940534e-02,-0.0738,-1.8559,0.9926
4.71250,0.336091,0.768750,-0.687140,1.447775e-02,3.711582e-01,-7.924553e-02,-0.0724,-1.8558,0.9906
4.71500,0.336373,0.768750,-0.687662,1.418641e-02,3.710805e-01,-7.905950e-02,-0.0709,-1.8554,0.9882
4.71750,0.336656,0.768750,-0.688183,1.378914e-02,3.709099e-01,-7.881451e-02,-0.0689,-1.8545,0.9852
4.72000,0.336939,0.768750,-0.688704,1.335137e-02,3.706621e-01,-7.853449e-02,-0.0668,-1.8533,0.9817
4.72250,0.337223,0.768750,-0.689225,1.285258e-02,3.703257e-01,-7.820013e-02,-0.0643,-1.8516,0.9775
4.72500,0.337508,0.768750,-0.689745,1.232499e-02,3.699384e-01,-7.783769e-02,-0.0616,-1.8497,0.9730
4.72750,0.337792,0.768750,-0.690265,1.174973e-02,3.695138e-01,-7.744474e-02,-0.0587,-1.8476,0.9681
4.73000,0.338078,0.768750,-0.690785,1.112613e-02,3.690555e-01,-7.702342e-02,-0.0556,-1.8453,0.9628
4.73250,0.338364,0.768750,-0.691304,1.051894e-02,3.685723e-01,-7.659382e-02,-0.0526,-1.8429,0.9574
4.73500,0.338650,0.768750,-0.691822,9.962094e-03,3.680538e-01,-7.616676e-02,-0.0498,-1.8403,0.9521
4.73750,0.338937,0.768750,-0.692340,9.349231e-03,3.675191e-01,-7.571878e-02,-0.0467,-1.8376,0.9465
4.74000,0.339224,0.768750,-0.692858,8.748683e-03,3.670279e-01,-7.529569e-02,-0.0437,-1.8351,0.9412
4.74250,0.339512,0.768750,-0.693375,8.096803e-03,3.665719e-01,-7.487358e-02,-0.0405,-1.8329,0.9359
4.74500,0.339800,0.768750,-0.693892,7.445878e-03,3.661517e-01,-7.446782e-02,-0.0372,-1.8308,0.9308
4.74750,0.340088,0.768750,-0.694408,6.824953e-03,3.657576e-01,-7.407648e-02,-0.0341,-1.8288,0.9260
4.75000,0.340377,0.768750,-0.694923,6.283447e-03,3.653639e-01,-7.370833e-02,-0.0314,-1.8268,0.9214
4.75250,0.340667,0.768750,-0.695438,5.884907e-03,3.649528e-01,-7.337000e-02,-0.0294,-1.8248,0.9171
4.75500,0.340957,0.768750,-0.695953,5.646220e-03,3.645041e-01,-7.306603e-02,-0.0282,-1.8225,0.9133
4.75750,0.341247,0.768750,-0.696467,5.500177e-03,3.640051e-01,-7.276916e-02,-0.0275,-1.8200,0.9096
4.76000,0.341538,0.768750,-0.696981,5.462440e-03,3.634799e-01,-7.249481e-02,-0.0273,-1.8174,0.9062
4.76250,0.341830,0.768750,-0.697494,5.473528e-03,3.629183e-01,-7.222330e-02,-0.0274,-1.8146,0.9028
4.76500,0.342121,0.768750,-0.698006,5.523833e-03,3.623854e-01,-7.197767e-02,-0.0276,-1.8119,0.8997
4.76750,0.342414,0.768750,-0.698518,5.632649e-03,3.618825e-01,-7.175636e-02,-0.0282,-1.8094,0.8970
4.77000,0.342706,0.768750,-0.699029,5.758416e-03,3.614196e-01,-7.155254e-02,-0.0288,-1.8071,0.8944
4.77250,0.342999,0.768750,-0.699539,5.789421e-03,3.609832e-01,-7.133461e-02,-0.0289,-1.8049,0.8917
4.77500,0.343293,0.768750,-0.700049,5.691813e-03,3.605713e-01,-7.108992e-02,-0.0285,-1.8029,0.8886
4.77750,0.343587,0.768750,-0.700558,5.532733e-03,3.601981e-01,-7.084224e-02,-0.0277,-1.8010,0.8855
4.78000,0.343882,0.768750,-0.701067,5.323799e-03,3.598056e-01,-7.057333e-02,-0.0266,-1.7990,0.8822
4.78250,0.344176,0.768750,-0.701576,5.123473e-03,3.593634e-01,-7.029390e-02,-0.0256,-1.7968,0.8787
4.78500,0.344472,0.768750,-0.702083,4.970056e-03,3.588533e-01,-7.000400e-02,-0.0249,-1.7943,0.8751
4.78750,0.344768,0.768750,-0.702591,4.924487e-03,3.582652e-01,-6.972122e-02,-0.0246,-1.7913,0.8715
4.79000,0.345064,0.768750,-0.703097,4.921433e-03,3.576022e-01,-6.942165e-02,-0.0246,-1.7880,0.8678
4.79250,0.345361,0.768750,-0.703603,5.014940e-03,3.569228e-01,-6.914130e-02,-0.0251,-1.7846,0.8643
4.79500,0.345658,0.768750,-0.704109,5.232771e-03,3.562358e-01,-6.888983e-02,-0.0262,-1.7812,0.8611
4.79750,0.345956,0.768750,-0.704614,5.562671e-03,3.555493e-01,-6.866927e-02,-0.0278,-1.7777,0.8584
4.80000,0.346254,0.768750,-0.705118,5.993133e-03,3.548881e-01,-6.848193e-02,-0.0300,-1.7744,0.8560
4.80250,0.346553,0.768750,-0.705622,6.505675e-03,3.542382e-01,-6.831865e-02,-0.0325,-1.7712,0.8540
4.80500,0.346852,0.768750,-0.706124,7.136022e-03,3.536223e-01,-6.819650e-02,-0.0357,-1.7681,0.8525
4.80750,0.347151,0.768750,-0.706626,7.859708e-03,3.530319e-01,-6.811126e-02,-0.0393,-1.7652,0.8514
4.81000,0.347452,0.768750,-0.707127,8.712525e-03,3.524687e-01,-6.806842e-02,-0.0436,-1.7623,0.8509
4.81250,0.347752,0.768750,-0.707628,9.665434e-03,3.519072e-01,-6.805322e-02,-0.0483,-1.7595,0.8507
4.81500,0.348053,0.768750,-0.708127,1.069495e-02,3.513553e-01,-6.806253e-02,-0.0535,-1.7568,0.8508
4.81750,0.348355,0.768750,-0.708626,1.181826e-02,3.508184e-01,-6.809796e-02,-0.0591,-1.7541,0.8512
4.82000,0.348658,0.768750,-0.709124,1.300549e-02,3.502916e-01,-6.814729e-02,-0.0650,-1.7515,0.8518
4.82250,0.348960,0.768750,-0.709620,1.420017e-02,3.498204e-01,-6.821449e-02,-0.0710,-1.7491,0.8527
4.82500,0.349264,0.768750,-0.710116,1.536676e-02,3.493896e-01,-6.828777e-02,-0.0768,-1.7469,0.8536
4.82750,0.349568,0.768750,-0.710611,1.645886e-02,3.489918e-01,-6.835370e-02,-0.0823,-1.7450,0.8544
4.83000,0.349872,0.768750,-0.711106,1.741002e-02,3.485929e-01,-6.838455e-02,-0.0871,-1.7430,0.8548
4.83250,0.350177,0.768750,-0.711599,1.823401e-02,3.481956e-01,-6.838014e-02,-0.0912,-1.7410,0.8548
4.83500,0.350483,0.768750,-0.712092,1.886676e-02,3.477993e-01,-6.833286e-02,-0.0943,-1.7390,0.8542
4.83750,0.350790,0.768750,-0.712583,1.925067e-02,3.474286e-01,-6.823022e-02,-0.0963,-1.7371,0.8529
4.84000,0.351096,0.768750,-0.713074,1.937672e-02,3.470878e-01,-6.807545e-02,-0.0969,-1.7354,0.8509
4.84250,0.351404,0.768750,-0.713565,1.925575e-02,3.467809e-01,-6.787186e-02,-0.0963,-1.7339,0.8484
4.84500,0.351712,0.768750,-0.714055,1.895923e-02,3.465059e-01,-6.763711e-02,-0.0948,-1.7325,0.8455
4.84750,0.352021,0.768750,-0.714544,1.859123e-02,3.462315e-01,-6.737644e-02,-0.0930,-1.7312,0.8422
4.85000,0.352330,0.768750,-0.715033,1.817555e-02,3.459537e-01,-6.710118e-02,-0.0909,-1.7298,0.8388
4.85250,0.352640,0.768750,-0.715521,1.786528e-02,3.456966e-01,-6.685498e-02,-0.0893,-1.7285,0.8357
4.85500,0.352950,0.768750,-0.716010,1.758874e-02,3.454142e-01,-6.661045e-02,-0.0879,-1.7271,0.8326
4.85750,0.353261,0.768750,-0.716497,1.731399e-02,3.451019e-01,-6.635301e-02,-0.0866,-1.7255,0.8294
4.86000,0.353572,0.768750,-0.716985,1.709511e-02,3.447684e-01,-6.610336e-02,-0.0855,-1.7238,0.8263
4.86250,0.353884,0.768750,-0.717472,1.689424e-02,3.444000e-01,-6.584515e-02,-0.0845,-1.7220,0.8231
4.86500,0.354196,0.768750,-0.717959,1.665571e-02,3.439749e-01,-6.556007e-02,-0.0833,-1.7199,0.8195
4.86750,0.354509,0.768750,-0.718446,1.631493e-02,3.435026e-01,-6.523533e-02,-0.0816,-1.7175,0.8154
4.87000,0.354823,0.768750,-0.718932,1.600451e-02,3.430227e-01,-6.490649e-02,-0.0800,-1.7151,0.8113
4.87250,0.355137,0.768750,-0.719418,1.571852e-02,3.425505e-01,-6.458311e-02,-0.0786,-1.7128,0.8073
4.87500,0.355452,0.768750,-0.719904,1.536012e-02,3.420828e-01,-6.423928e-02,-0.0768,-1.7104,0.8030
4.87750,0.355767,0.768750,-0.720389,1.495361e-02,3.416464e-01,-6.388830e-02,-0.0748,-1.7082,0.7986
4.88000,0.356082,0.768750,-0.720874,1.451621e-02,3.412115e-01,-6.352978e-02,-0.0726,-1.7061,0.7941
4.88250,0.356399,0.768750,-0.721359,1.407254e-02,3.407699e-01,-6.316569e-02,-0.0704,-1.7038,0.7896
4.88500,0.356715,0.768750,-0.721843,1.369228e-02,3.403230e-01,-6.282208e-02,-0.0685,-1.7016,0.7853
4.88750,0.357033,0.768750,-0.722327,1.338687e-02,3.398401e-01,-6.249038e-02,-0.0669,-1.6992,0.7811
4.89000,0.357350,0.768750,-0.722810,1.314478e-02,3.393060e-01,-6.216301e-02,-0.0657,-1.6965,0.7770
4.89250,0.357668,0.768750,-0.723293,1.299763e-02,3.387060e-01,-6.184646e-02,-0.0650,-1.6935,0.7731
4.89500,0.357987,0.768750,-0.723776,1.292217e-02,3.380190e-01,-6.152729e-02,-0.0646,-1.6901,0.7691
4.89750,0.358306,0.768750,-0.724258,1.292789e-02,3.372605e-01,-6.121675e-02,-0.0646,-1.6863,0.7652
4.90000,0.358626,0.768750,-0.724739,1.295727e-02,3.364173e-01,-6.089328e-02,-0.0648,-1.6821,0.7612
4.90250,0.358947,0.768750,-0.725220,1.295314e-02,3.354975e-01,-6.054240e-02,-0.0648,-1.6775,0.7568
4.90500,0.359267,0.768750,-0.725701,1.293325e-02,3.345842e-01,-6.019732e-02,-0.0647,-1.6729,0.7525
4.90750,0.359589,0.768750,-0.726181,1.295096e-02,3.337147e-01,-5.987765e-02,-0.0648,-1.6686,0.7485
4.91000,0.359911,0.768750,-0.726660,1.299439e-02,3.328874e-01,-5.957591e-02,-0.0650,-1.6644,0.7447
4.91250,0.360233,0.768750,-0.727139,1.318052e-02,3.320895e-01,-5.931478e-02,-0.0659,-1.6604,0.7414
4.91500,0.360556,0.768750,-0.727617,1.345622e-02,3.312771e-01,-5.906341e-02,-0.0673,-1.6564,0.7383
4.91750,0.360879,0.768750,-0.728094,1.379512e-02,3.304779e-01,-5.883432e-02,-0.0690,-1.6524,0.7354
4.92000,0.361203,0.768750,-0.728571,1.426258e-02,3.296993e-01,-5.863891e-02,-0.0713,-1.6485,0.7330
4.92250,0.361528,0.768750,-0.729048,1.484561e-02,3.289093e-01,-5.846901e-02,-0.0742,-1.6445,0.7309
4.92500,0.361853,0.768750,-0.729523,1.548357e-02,3.280833e-01,-5.830369e-02,-0.0774,-1.6404,0.7288
4.92750,0.362178,0.768750,-0.729998,1.604624e-02,3.272432e-01,-5.812226e-02,-0.0802,-1.6362,0.7265
4.93000,0.362504,0.768750,-0.730473,1.666609e-02,3.264411e-01,-5.797287e-02,-0.0833,-1.6322,0.7247
4.93250,0.362831,0.768750,-0.730946,1.735015e-02,3.256610e-01,-5.784549e-02,-0.0868,-1.6283,0.7231
4.93500,0.363158,0.768750,-0.731419,1.811945e-02,3.248986e-01,-5.774062e-02,-0.0906,-1.6245,0.7218
4.93750,0.363486,0.768750,-0.731891,1.894384e-02,3.241607e-01,-5.765668e-02,-0.0947,-1.6208,0.7207
4.94000,0.363815,0.768750,-0.732362,1.990387e-02,3.234791e-01,-5.761807e-02,-0.0995,-1.6174,0.7202
4.94250,0.364144,0.768750,-0.732833,2.090718e-02,3.228482e-01,-5.760686e-02,-0.1045,-1.6142,0.7201
4.94500,0.364473,0.768750,-0.733303,2.194711e-02,3.222840e-01,-5.762255e-02,-0.1097,-1.6114,0.7203
4.94750,0.364804,0.768750,-0.733772,2.292236e-02,3.217915e-01,-5.764975e-02,-0.1146,-1.6090,0.7206
4.95000,0.365134,0.768750,-0.734240,2.383720e-02,3.213787e-01,-5.769067e-02,-0.1192,-1.6069,0.7211
4.95250,0.365466,0.768750,-0.734708,2.463125e-02,3.210264e-01,-5.772535e-02,-0.1232,-1.6051,0.7216
4.95500,0.365798,0.768750,-0.735175,2.524167e-02,3.206978e-01,-5.771948e-02,-0.1262,-1.6035,0.7215
4.95750,0.366131,0.768750,-0.735641,2.568745e-02,3.203980e-01,-5.768319e-02,-0.1284,-1.6020,0.7210
4.96000,0.366464,0.768750,-0.736107,2.602968e-02,3.200932e-01,-5.760580e-02,-0.1301,-1.6005,0.7201
4.96250,0.366798,0.768750,-0.736573,2.632865e-02,3.197881e-01,-5.751058e-02,-0.1316,-1.5989,0.7189
4.96500,0.367133,0.768750,-0.737038,2.660100e-02,3.194734e-01,-5.739642e-02,-0.1330,-1.5974,0.7175
4.96750,0.367468,0.768750,-0.737503,2.671868e-02,3.191200e-01,-5.722206e-02,-0.1336,-1.5956,0.7153
4.97000,0.367804,0.768750,-0.737967,2.669573e-02,3.187906e-01,-5.701443e-02,-0.1335,-1.5940,0.7127
4.97250,0.368141,0.768750,-0.738431,2.646742e-02,3.184626e-01,-5.675240e-02,-0.1323,-1.5923,0.7094
4.97500,0.368478,0.768750,-0.738895,2.612318e-02,3.181552e-01,-5.646659e-02,-0.1306,-1.5908,0.7058
4.97750,0.368815,0.768750,-0.739358,2.574733e-02,3.178594e-01,-5.617002e-02,-0.1287,-1.5893,0.7021
4.98000,0.369154,0.768750,-0.739821,2.538305e-02,3.175611e-01,-5.587832e-02,-0.1269,-1.5878,0.6985
4.98250,0.369493,0.768750,-0.740284,2.505944e-02,3.172650e-01,-5.559476e-02,-0.1253,-1.5863,0.6949
4.98500,0.369832,0.768750,-0.740746,2.475614e-02,3.169839e-01,-5.532511e-02,-0.1238,-1.5849,0.6916
4.98750,0.370172,0.768750,-0.741208,2.455229e-02,3.167127e-01,-5.508499e-02,-0.1228,-1.5836,0.6886
4.99000,0.370513,0.768750,-0.741669,2.445475e-02,3.164075e-01,-5.486587e-02,-0.1223,-1.5820,0.6858
4.99250,0.370854,0.768750,-0.742130,2.449696e-02,3.160338e-01,-5.466694e-02,-0.1225,-1.5802,0.6833
4.99500,0.371196,0.768750,-0.742591,2.461223e-02,3.155696e-01,-5.446626e-02,-0.1231,-1.5778,0.6808
4.99750,0.371539,0.768750,-0.743051,2.477647e-02,3.149780e-01,-5.424684e-02,-0.1239,-1.5749,0.6781
5.00000,0.371882,0.768750,-0.743511,2.490582e-02,3.142639e-01,-5.399072e-02,-0.1245,-1.5713,0.6749
5.00250,0.372226,0.768750,-0.743970,2.499066e-02,3.134812e-01,-5.370931e-02,-0.1250,-1.5674,0.6714
5.00500,0.372570,0.768750,-0.744429,2.496608e-02,3.126819e-01,-5.340337e-02,-0.1248,-1.5634,0.6675
5.00750,0.372915,0.768750,-0.744888,2.483006e-02,3.119193e-01,-5.308203e-02,-0.1242,-1.5596,0.6635
5.01000,0.373261,0.768750,-0.745346,2.462402e-02,3.111924e-01,-5.275098e-02,-0.1231,-1.5560,0.6594
5.01250,0.373607,0.768750,-0.745804,2.435493e-02,3.104558e-01,-5.239554e-02,-0.1218,-1.5523,0.6549
5.01500,0.373954,0.768750,-0.746261,2.398026e-02,3.097167e-01,-5.201339e-02,-0.1199,-1.5486,0.6502
5.01750,0.374301,0.768750,-0.746718,2.369220e-02,3.089845e-01,-5.164953e-02,-0.1185,-1.5449,0.6456
5.02000,0.374649,0.768750,-0.747175,2.355186e-02,3.082491e-01,-5.131841e-02,-0.1178,-1.5412,0.6415
5.02250,0.374997,0.768750,-0.747631,2.365830e-02,3.074685e-01,-5.103704e-02,-0.1183,-1.5373,0.6380
5.02500,0.375346,0.768750,-0.748087,2.401183e-02,3.066050e-01,-5.080041e-02,-0.1201,-1.5330,0.6350
5.02750,0.375696,0.768750,-0.748542,2.433426e-02,3.056296e-01,-5.053180e-02,-0.1217,-1.5281,0.6316
5.03000,0.376046,0.768750,-0.748997,2.469006e-02,3.046191e-01,-5.027348e-02,-0.1235,-1.5231,0.6284
5.03250,0.376397,0.768750,-0.749451,2.502501e-02,3.035570e-01,-5.000489e-02,-0.1251,-1.5178,0.6251
5.03500,0.376749,0.768750,-0.749905,2.529245e-02,3.024559e-01,-4.971689e-02,-0.1265,-1.5123,0.6215
5.03750,0.377101,0.768750,-0.750359,2.551241e-02,3.013698e-01,-4.942233e-02,-0.1276,-1.5068,0.6178
5.04000,0.377453,0.768750,-0.750812,2.572267e-02,3.003449e-01,-4.914948e-02,-0.1286,-1.5017,0.6144
5.04250,0.377807,0.768750,-0.751264,2.604070e-02,2.993764e-01,-4.891358e-02,-0.1302,-1.4969,0.6114
5.04500,0.378161,0.768750,-0.751716,2.646634e-02,2.984220e-01,-4.870421e-02,-0.1323,-1.4921,0.6088
5.04750,0.378515,0.768750,-0.752168,2.703895e-02,2.974751e-01,-4.853231e-02,-0.1352,-1.4874,0.6067
5.05000,0.378870,0.768750,-0.752619,2.774397e-02,2.965520e-01,-4.839225e-02,-0.1387,-1.4828,0.6049
5.05250,0.379226,0.768750,-0.753070,2.859419e-02,2.956682e-01,-4.829050e-02,-0.1430,-1.4783,0.6036
5.05500,0.379582,0.768750,-0.753520,2.953704e-02,2.948259e-01,-4.821610e-02,-0.1477,-1.4741,0.6027
5.05750,0.379940,0.768750,-0.753970,3.061049e-02,2.940764e-01,-4.819964e-02,-0.1531,-1.4704,0.6025
5.06000,0.380297,0.768750,-0.754419,3.166758e-02,2.933990e-01,-4.820114e-02,-0.1583,-1.4670,0.6025
5.06250,0.380656,0.768750,-0.754868,3.268294e-02,2.927784e-01,-4.820683e-02,-0.1634,-1.4639,0.6026
5.06500,0.381015,0.768750,-0.755316,3.353264e-02,2.921515e-01,-4.817240e-02,-0.1677,-1.4608,0.6022
5.06750,0.381375,0.768750,-0.755764,3.420540e-02,2.915699e-01,-4.810923e-02,-0.1710,-1.4578,0.6014
5.07000,0.381735,0.768750,-0.756211,3.452849e-02,2.910255e-01,-4.797409e-02,-0.1726,-1.4551,0.5997
5.07250,0.382096,0.768750,-0.756658,3.458697e-02,2.905681e-01,-4.779819e-02,-0.1729,-1.4528,0.5975
5.07500,0.382458,0.768750,-0.757104,3.441793e-02,2.901795e-01,-4.758196e-02,-0.1721,-1.4509,0.5948
5.07750,0.382820,0.768750,-0.757551,3.411515e-02,2.898403e-01,-4.734074e-02,-0.1706,-1.4492,0.5918
5.08000,0.383183,0.768750,-0.757997,3.373574e-02,2.895216e-01,-4.708050e-02,-0.1687,-1.4476,0.5885
5.08250,0.383547,0.768750,-0.758442,3.344097e-02,2.892253e-01,-4.684599e-02,-0.1672,-1.4461,0.5856
5.08500,0.383911,0.768750,-0.758888,3.323223e-02,2.888738e-01,-4.660334e-02,-0.1662,-1.4444,0.5825
5.08750,0.384276,0.768750,-0.759334,3.308119e-02,2.884730e-01,-4.636234e-02,-0.1654,-1.4424,0.5795
5.09000,0.384642,0.768750,-0.759779,3.303824e-02,2.880276e-01,-4.612793e-02,-0.1652,-1.4401,0.5766
5.09250,0.385008,0.768750,-0.760224,3.308043e-02,2.875234e-01,-4.589648e-02,-0.1654,-1.4376,0.5737
5.09500,0.385375,0.768750,-0.760669,3.313305e-02,2.869462e-01,-4.564108e-02,-0.1657,-1.4347,0.5705
5.09750,0.385743,0.768750,-0.761114,3.317133e-02,2.863314e-01,-4.537585e-02,-0.1659,-1.4317,0.5672
5.10000,0.386111,0.768750,-0.761559,3.319171e-02,2.856815e-01,-4.510083e-02,-0.1660,-1.4284,0.5638
5.10250,0.386480,0.768750,-0.762003,3.308821e-02,2.850198e-01,-4.479315e-02,-0.1654,-1.4251,0.5599
5.10500,0.386849,0.768750,-0.762446,3.292177e-02,2.843943e-01,-4.448104e-02,-0.1646,-1.4220,0.5560
5.10750,0.387219,0.768750,-0.762889,3.273478e-02,2.838102e-01,-4.417381e-02,-0.1637,-1.4191,0.5522
5.11000,0.387590,0.768750,-0.763332,3.262094e-02,2.832625e-01,-4.389862e-02,-0.1631,-1.4163,0.5487
5.11250,0.387962,0.768750,-0.763774,3.261065e-02,2.827238e-01,-4.365730e-02,-0.1631,-1.4136,0.5457
5.11500,0.388334,0.768750,-0.764216,3.270419e-02,2.821360e-01,-4.343241e-02,-0.1635,-1.4107,0.5429
5.11750,0.388706,0.768750,-0.764658,3.290016e-02,2.814524e-01,-4.321271e-02,-0.1645,-1.4073,0.5402
5.12000,0.389080,0.768750,-0.765098,3.329385e-02,2.806612e-01,-4.301638e-02,-0.1665,-1.4033,0.5377
5.12250,0.389454,0.768750,-0.765539,3.379045e-02,2.797515e-01,-4.282473e-02,-0.1690,-1.3988,0.5353
5.12500,0.389828,0.768750,-0.765979,3.431346e-02,2.787134e-01,-4.261173e-02,-0.1716,-1.3936,0.5326
5.12750,0.390204,0.768750,-0.766418,3.484472e-02,2.776016e-01,-4.239064e-02,-0.1742,-1.3880,0.5299
5.13000,0.390580,0.768750,-0.766856,3.529693e-02,2.764877e-01,-4.216788e-02,-0.1765,-1.3824,0.5271
5.13250,0.390956,0.768750,-0.767294,3.567014e-02,2.754190e-01,-4.193725e-02,-0.1784,-1.3771,0.5242
5.13500,0.391334,0.768750,-0.767732,3.600752e-02,2.743940e-01,-4.171430e-02,-0.1800,-1.3720,0.5214
5.13750,0.391712,0.768750,-0.768169,3.632334e-02,2.733990e-01,-4.148406e-02,-0.1816,-1.3670,0.5186
5.14000,0.392090,0.768750,-0.768605,3.662829e-02,2.724495e-01,-4.126695e-02,-0.1831,-1.3622,0.5158
5.14250,0.392469,0.768750,-0.769041,3.693912e-02,2.715101e-01,-4.104912e-02,-0.1847,-1.3576,0.5131
5.14500,0.392849,0.768750,-0.769477,3.734896e-02,2.705378e-01,-4.084635e-02,-0.1867,-1.3527,0.5106
5.14750,0.393230,0.768750,-0.769912,3.771848e-02,2.695019e-01,-4.061800e-02,-0.1886,-1.3475,0.5077
5.15000,0.393611,0.768750,-0.770347,3.810628e-02,2.684531e-01,-4.039937e-02,-0.1905,-1.3423,0.5050
5.15250,0.393993,0.768750,-0.770781,3.855786e-02,2.673893e-01,-4.019327e-02,-0.1928,-1.3369,0.5024
5.15500,0.394376,0.768750,-0.771215,3.910111e-02,2.663369e-01,-4.000968e-02,-0.1955,-1.3317,0.5001
5.15750,0.394759,0.768750,-0.771648,3.968800e-02,2.653061e-01,-3.983988e-02,-0.1984,-1.3265,0.4980
5.16000,0.395143,0.768750,-0.772082,4.037195e-02,2.643072e-01,-3.969785e-02,-0.2019,-1.3215,0.4962
5.16250,0.395528,0.768750,-0.772514,4.103094e-02,2.633672e-01,-3.956517e-02,-0.2052,-1.3168,0.4946
5.16500,0.395913,0.768750,-0.772947,4.158807e-02,2.625206e-01,-3.942998e-02,-0.2079,-1.3126,0.4929
5.16750,0.396300,0.768750,-0.773379,4.202678e-02,2.618045e-01,-3.930661e-02,-0.2101,-1.3090,0.4913
5.17000,0.396686,0.768750,-0.773811,4.232836e-02,2.611655e-01,-3.917290e-02,-0.2116,-1.3058,0.4897
5.17250,0.397074,0.768750,-0.774242,4.241555e-02,2.605515e-01,-3.898839e-02,-0.2121,-1.3028,0.4874
5.17500,0.397462,0.768750,-0.774674,4.235130e-02,2.599551e-01,-3.876987e-02,-0.2118,-1.2998,0.4846
5.17750,0.397851,0.768750,-0.775105,4.224881e-02,2.593211e-01,-3.851450e-02,-0.2112,-1.2966,0.4814
5.18000,0.398241,0.768750,-0.775536,4.222953e-02,2.586257e-01,-3.825708e-02,-0.2111,-1.2931,0.4782
5.18250,0.398631,0.768750,-0.775967,4.223036e-02,2.578381e-01,-3.797095e-02,-0.2112,-1.2892,0.4746
5.18500,0.399022,0.768750,-0.776398,4.217739e-02,2.569868e-01,-3.764960e-02,-0.2109,-1.2849,0.4706
5.18750,0.399413,0.768750,-0.776829,4.203028e-02,2.561233e-01,-3.730092e-02,-0.2102,-1.2806,0.4663
5.19000,0.399806,0.768750,-0.777259,4.185312e-02,2.552411e-01,-3.693654e-02,-0.2093,-1.2762,0.4617
5.19250,0.400199,0.768750,-0.777689,4.173133e-02,2.543893e-01,-3.658963e-02,-0.2087,-1.2719,0.4574
5.19500,0.400592,0.768750,-0.778119,4.170817e-02,2.535933e-01,-3.628292e-02,-0.2085,-1.2680,0.4535
5.19750,0.400987,0.768750,-0.778548,4.177388e-02,2.528738e-01,-3.601973e-02,-0.2089,-1.2644,0.4502
5.20000,0.401382,0.768750,-0.778977,4.188570e-02,2.522508e-01,-3.579885e-02,-0.2094,-1.2613,0.4475
5.20250,0.401777,0.768750,-0.779405,4.209036e-02,2.516895e-01,-3.562174e-02,-0.2105,-1.2584,0.4453
5.20500,0.402174,0.768750,-0.779833,4.239158e-02,2.511046e-01,-3.546854e-02,-0.2120,-1.2555,0.4434
5.20750,0.402571,0.768750,-0.780261,4.280533e-02,2.504329e-01,-3.532589e-02,-0.2140,-1.2522,0.4416
5.21000,0.402969,0.768750,-0.780688,4.331636e-02,2.496217e-01,-3.517638e-02,-0.2166,-1.2481,0.4397
5.21250,0.403367,0.768750,-0.781114,4.391471e-02,2.486640e-01,-3.501557e-02,-0.2196,-1.2433,0.4377
5.21500,0.403766,0.768750,-0.781540,4.454791e-02,2.476277e-01,-3.485203e-02,-0.2227,-1.2381,0.4357
5.21750,0.404166,0.768750,-0.781965,4.518482e-02,2.465568e-01,-3.468728e-02,-0.2259,-1.2328,0.4336
5.22000,0.404567,0.768750,-0.782390,4.579216e-02,2.455102e-01,-3.452629e-02,-0.2290,-1.2276,0.4316
5.22250,0.404968,0.768750,-0.782814,4.634832e-02,2.444839e-01,-3.435923e-02,-0.2317,-1.2224,0.4295
5.22500,0.405370,0.768750,-0.783237,4.673908e-02,2.435004e-01,-3.416215e-02,-0.2337,-1.2175,0.4270
5.22750,0.405773,0.768750,-0.783660,4.716796e-02,2.426105e-01,-3.399217e-02,-0.2358,-1.2131,0.4249
5.23000,0.406176,0.768750,-0.784082,4.766111e-02,2.417833e-01,-3.385711e-02,-0.2383,-1.2089,0.4232
5.23250,0.406580,0.768750,-0.784504,4.828036e-02,2.409620e-01,-3.375515e-02,-0.2414,-1.2048,0.4219
5.23500,0.406985,0.768750,-0.784925,4.893131e-02,2.400361e-01,-3.365168e-02,-0.2447,-1.2002,0.4206
5.23750,0.407391,0.768750,-0.785345,4.937961e-02,2.389711e-01,-3.346600e-02,-0.2469,-1.1949,0.4183
5.24000,0.407797,0.768750,-0.785766,4.978831e-02,2.378228e-01,-3.326403e-02,-0.2489,-1.1891,0.4158
5.24250,0.408204,0.768750,-0.786185,5.015541e-02,2.365762e-01,-3.302835e-02,-0.2508,-1.1829,0.4129
5.24500,0.408612,0.768750,-0.786605,5.043660e-02,2.352720e-01,-3.276591e-02,-0.2522,-1.1764,0.4096
5.24750,0.409020,0.768750,-0.787023,5.069252e-02,2.339525e-01,-3.249007e-02,-0.2535,-1.1698,0.4061
5.25000,0.409429,0.768750,-0.787442,5.098135e-02,2.326281e-01,-3.222782e-02,-0.2549,-1.1631,0.4028
5.25250,0.409839,0.768750,-0.787860,5.125395e-02,2.313071e-01,-3.196071e-02,-0.2563,-1.1565,0.3995
5.25500,0.410250,0.768750,-0.788278,5.158990e-02,2.300064e-01,-3.171316e-02,-0.2579,-1.1500,0.3964
5.25750,0.410662,0.768750,-0.788696,5.189732e-02,2.287684e-01,-3.147048e-02,-0.2595,-1.1438,0.3934
5.26000,0.411074,0.768750,-0.789114,5.218681e-02,2.275950e-01,-3.122746e-02,-0.2609,-1.1380,0.3903
5.26250,0.411487,0.768750,-0.789531,5.250213e-02,2.265304e-01,-3.100752e-02,-0.2625,-1.1327,0.3876
5.26500,0.411900,0.768750,-0.789948,5.288943e-02,2.255802e-01,-3.082686e-02,-0.2644,-1.1279,0.3853
5.26750,0.412314,0.768750,-0.790365,5.328510e-02,2.246422e-01,-3.064311e-02,-0.2664,-1.1232,0.3830
5.27000,0.412730,0.768750,-0.790782,5.363623e-02,2.236644e-01,-3.043351e-02,-0.2682,-1.1183,0.3804
5.27250,0.413145,0.768750,-0.791199,5.390320e-02,2.226644e-01,-3.019563e-02,-0.2695,-1.1133,0.3774
5.27500,0.413562,0.768750,-0.791615,5.398504e-02,2.216889e-01,-2.991829e-02,-0.2699,-1.1084,0.3740
5.27750,0.413979,0.768750,-0.792031,5.385595e-02,2.207535e-01,-2.960506e-02,-0.2693,-1.1038,0.3701
5.28000,0.414397,0.768750,-0.792447,5.361855e-02,2.198876e-01,-2.928657e-02,-0.2681,-1.0994,0.3661
5.28250,0.414816,0.768750,-0.792862,5.336707e-02,2.190732e-01,-2.896637e-02,-0.2668,-1.0954,0.3621
5.28500,0.415235,0.768750,-0.793278,5.328497e-02,2.183523e-01,-2.871146e-02,-0.2664,-1.0918,0.3589
5.28750,0.415656,0.768750,-0.793693,5.338293e-02,2.176781e-01,-2.850909e-02,-0.2669,-1.0884,0.3564
5.29000,0.416076,0.768750,-0.794108,5.361175e-02,2.170224e-01,-2.833707e-02,-0.2681,-1.0851,0.3542
5.29250,0.416498,0.768750,-0.794523,5.408912e-02,2.163678e-01,-2.822371e-02,-0.2704,-1.0818,0.3528
5.29500,0.416920,0.768750,-0.794937,5.466244e-02,2.156313e-01,-2.811423e-02,-0.2733,-1.0782,0.3514
5.29750,0.417343,0.768750,-0.795351,5.532420e-02,2.147944e-01,-2.799701e-02,-0.2766,-1.0740,0.3500
5.30000,0.417767,0.768750,-0.795765,5.619263e-02,2.139117e-01,-2.791713e-02,-0.2810,-1.0696,0.3490
5.30250,0.418192,0.768750,-0.796178,5.701553e-02,2.129565e-01,-2.781914e-02,-0.2851,-1.0648,0.3477
5.30500,0.418617,0.768750,-0.796590,5.772559e-02,2.119815e-01,-2.769274e-02,-0.2886,-1.0599,0.3462
5.30750,0.419043,0.768750,-0.797002,5.826998e-02,2.110062e-01,-2.753978e-02,-0.2913,-1.0550,0.3442
5.31000,0.419470,0.768750,-0.797413,5.868922e-02,2.100577e-01,-2.737411e-02,-0.2934,-1.0503,0.3422
5.31250,0.419897,0.768750,-0.797823,5.913664e-02,2.091296e-01,-2.723131e-02,-0.2957,-1.0456,0.3404
5.31500,0.420326,0.768750,-0.798233,5.957459e-02,2.081875e-01,-2.709221e-02,-0.2979,-1.0409,0.3387
5.31750,0.420755,0.768750,-0.798643,6.015232e-02,2.072114e-01,-2.698128e-02,-0.3008,-1.0361,0.3373
5.32000,0.421185,0.768750,-0.799052,6.083706e-02,2.061344e-01,-2.687615e-02,-0.3042,-1.0307,0.3360
5.32250,0.421615,0.768750,-0.799460,6.170819e-02,2.049491e-01,-2.679254e-02,-0.3085,-1.0247,0.3349
5.32500,0.422047,0.768750,-0.799868,6.266182e-02,2.036791e-01,-2.670804e-02,-0.3133,-1.0184,0.3339
5.32750,0.422479,0.768750,-0.800275,6.366818e-02,2.023887e-01,-2.663266e-02,-0.3183,-1.0119,0.3329
5.33000,0.422912,0.768750,-0.800682,6.466460e-02,2.010815e-01,-2.656046e-02,-0.3233,-1.0054,0.3320
5.33250,0.423346,0.768750,-0.801088,6.553193e-02,1.997329e-01,-2.645522e-02,-0.3277,-0.9987,0.3307
5.33500,0.423781,0.768750,-0.801494,6.619983e-02,1.983247e-01,-2.629509e-02,-0.3310,-0.9916,0.3287
5.33750,0.424216,0.768750,-0.801899,6.666671e-02,1.968789e-01,-2.608704e-02,-0.3333,-0.9844,0.3261
5.34000,0.424652,0.768750,-0.802303,6.687962e-02,1.953926e-01,-2.582191e-02,-0.3344,-0.9770,0.3228
5.34250,0.425089,0.768750,-0.802707,6.675397e-02,1.938438e-01,-2.546541e-02,-0.3338,-0.9692,0.3183
5.34500,0.425527,0.768750,-0.803111,6.656089e-02,1.923324e-01,-2.509717e-02,-0.3328,-0.9617,0.3137
5.34750,0.425966,0.768750,-0.803515,6.633721e-02,1.909012e-01,-2.473473e-02,-0.3317,-0.9545,0.3092
5.35000,0.426405,0.768750,-0.803919,6.612743e-02,1.895178e-01,-2.437132e-02,-0.3306,-0.9476,0.3046
5.35250,0.426845,0.768750,-0.804323,6.590976e-02,1.882171e-01,-2.400949e-02,-0.3295,-0.9411,0.3001
5.35500,0.427286,0.768750,-0.804727,6.580837e-02,1.869985e-01,-2.368023e-02,-0.3290,-0.9350,0.2960
5.35750,0.427728,0.768750,-0.805131,6.580575e-02,1.858692e-01,-2.338203e-02,-0.3290,-0.9293,0.2923
5.36000,0.428170,0.768750,-0.805534,6.582438e-02,1.848350e-01,-2.310677e-02,-0.3291,-0.9242,0.2888
5.36250,0.428613,0.768750,-0.805938,6.595965e-02,1.839194e-01,-2.288468e-02,-0.3298,-0.9196,0.2861
5.36500,0.429057,0.768750,-0.806341,6.615494e-02,1.830670e-01,-2.270042e-02,-0.3308,-0.9153,0.2838
5.36750,0.429502,0.768750,-0.806745,6.633101e-02,1.822492e-01,-2.251459e-02,-0.3317,-0.9112,0.2814
5.37000,0.429947,0.768750,-0.807148,6.659850e-02,1.814300e-01,-2.235642e-02,-0.3330,-0.9071,0.2795
5.37250,0.430393,0.768750,-0.807551,6.685758e-02,1.805692e-01,-2.218165e-02,-0.3343,-0.9028,0.2773
5.37500,0.430840,0.768750,-0.807954,6.711446e-02,1.796607e-01,-2.199408e-02,-0.3356,-0.8983,0.2749
5.37750,0.431288,0.768750,-0.808357,6.735540e-02,1.787057e-01,-2.177550e-02,-0.3368,-0.8935,0.2722
5.38000,0.431736,0.768750,-0.808760,6.776100e-02,1.777722e-01,-2.159122e-02,-0.3388,-0.8889,0.2699
5.38250,0.432185,0.768750,-0.809162,6.830412e-02,1.768262e-01,-2.142640e-02,-0.3415,-0.8841,0.2678
5.38500,0.432635,0.768750,-0.809564,6.909404e-02,1.758918e-01,-2.132503e-02,-0.3455,-0.8795,0.2666
5.38750,0.433086,0.768750,-0.809965,6.992476e-02,1.749925e-01,-2.124757e-02,-0.3496,-0.8750,0.2656
5.39000,0.433538,0.768750,-0.810366,7.086290e-02,1.741780e-01,-2.123778e-02,-0.3543,-0.8709,0.2655
5.39250,0.433990,0.768750,-0.810766,7.181084e-02,1.734133e-01,-2.125443e-02,-0.3591,-0.8671,0.2657
5.39500,0.434443,0.768750,-0.811165,7.289245e-02,1.726526e-01,-2.131796e-02,-0.3645,-0.8633,0.2665
5.39750,0.434898,0.768750,-0.811564,7.415520e-02,1.717839e-01,-2.141642e-02,-0.3708,-0.8589,0.2677
5.40000,0.435352,0.768750,-0.811962,7.543623e-02,1.707697e-01,-2.150305e-02,-0.3772,-0.8538,0.2688
5.40250,0.435808,0.768750,-0.812360,7.666974e-02,1.696103e-01,-2.155422e-02,-0.3833,-0.8481,0.2694
5.40500,0.436265,0.768750,-0.812756,7.779747e-02,1.683097e-01,-2.155346e-02,-0.3890,-0.8415,0.2694
5.40750,0.436722,0.768750,-0.813152,7.893656e-02,1.669643e-01,-2.154528e-02,-0.3947,-0.8348,0.2693
5.41000,0.437180,0.768750,-0.813548,7.987519e-02,1.655288e-01,-2.147483e-02,-0.3994,-0.8276,0.2684
5.41250,0.437639,0.768750,-0.813943,8.055314e-02,1.640125e-01,-2.132170e-02,-0.4028,-0.8201,0.2665
5.41500,0.438099,0.768750,-0.814337,8.108743e-02,1.624807e-01,-2.113738e-02,-0.4054,-0.8124,0.2642
5.41750,0.438560,0.768750,-0.814731,8.174615e-02,1.609511e-01,-2.097325e-02,-0.4087,-0.8048,0.2622
5.42000,0.439022,0.768750,-0.815124,8.244661e-02,1.594095e-01,-2.083469e-02,-0.4122,-0.7970,0.2604
5.42250,0.439484,0.768750,-0.815516,8.304632e-02,1.578464e-01,-2.066997e-02,-0.4152,-0.7892,0.2584
5.42500,0.439948,0.768750,-0.815909,8.352801e-02,1.563184e-01,-2.049821e-02,-0.4176,-0.7816,0.2562
5.42750,0.440412,0.768750,-0.816301,8.380311e-02,1.548252e-01,-2.028674e-02,-0.4190,-0.7741,0.2536
5.43000,0.440877,0.768750,-0.816692,8.385684e-02,1.533337e-01,-2.003345e-02,-0.4193,-0.7667,0.2504
5.43250,0.441343,0.768750,-0.817084,8.369167e-02,1.518304e-01,-1.971951e-02,-0.4185,-0.7592,0.2465
5.43500,0.441809,0.768750,-0.817475,8.325540e-02,1.502905e-01,-1.933368e-02,-0.4163,-0.7515,0.2417
5.43750,0.442277,0.768750,-0.817866,8.273496e-02,1.487408e-01,-1.891384e-02,-0.4137,-0.7437,0.2364
5.44000,0.442745,0.768750,-0.818258,8.214304e-02,1.472134e-01,-1.847701e-02,-0.4107,-0.7361,0.2310
5.44250,0.443214,0.768750,-0.818650,8.171414e-02,1.457972e-01,-1.808274e-02,-0.4086,-0.7290,0.2260
5.44500,0.443684,0.768750,-0.819042,8.143322e-02,1.444772e-01,-1.772707e-02,-0.4072,-0.7224,0.2216
5.44750,0.444155,0.768750,-0.819434,8.139648e-02,1.432955e-01,-1.743670e-02,-0.4070,-0.7165,0.2180
5.45000,0.444627,0.768750,-0.819826,8.165931e-02,1.421769e-01,-1.722904e-02,-0.4083,-0.7109,0.2154
5.45250,0.445099,0.768750,-0.820218,8.211492e-02,1.410919e-01,-1.706184e-02,-0.4106,-0.7055,0.2133
5.45500,0.445572,0.768750,-0.820610,8.261948e-02,1.400343e-01,-1.690325e-02,-0.4131,-0.7002,0.2113
5.45750,0.446046,0.768750,-0.821002,8.317076e-02,1.390452e-01,-1.677128e-02,-0.4159,-0.6952,0.2096
5.46000,0.446521,0.768750,-0.821394,8.372732e-02,1.380711e-01,-1.663821e-02,-0.4186,-0.6904,0.2080
5.46250,0.446996,0.768750,-0.821786,8.441758e-02,1.371554e-01,-1.656378e-02,-0.4221,-0.6858,0.2070
5.46500,0.447473,0.768750,-0.822177,8.514265e-02,1.362276e-01,-1.650165e-02,-0.4257,-0.6811,0.2063
5.46750,0.447950,0.768750,-0.822567,8.600032e-02,1.353321e-01,-1.649350e-02,-0.4300,-0.6767,0.2062
5.47000,0.448428,0.768750,-0.822957,8.711382e-02,1.344717e-01,-1.656515e-02,-0.4356,-0.6724,0.2071
5.47250,0.448907,0.768750,-0.823347,8.846510e-02,1.336140e-01,-1.670280e-02,-0.4423,-0.6681,0.2088
5.47500,0.449386,0.768750,-0.823736,9.005496e-02,1.327025e-01,-1.689282e-02,-0.4503,-0.6635,0.2112
5.47750,0.449867,0.768750,-0.824124,9.180009e-02,1.316792e-01,-1.709663e-02,-0.4590,-0.6584,0.2137
5.48000,0.450349,0.768750,-0.824512,9.351227e-02,1.305774e-01,-1.728508e-02,-0.4676,-0.6529,0.2161
5.48250,0.450831,0.768750,-0.824899,9.518196e-02,1.294243e-01,-1.744791e-02,-0.4759,-0.6471,0.2181
5.48500,0.451315,0.768750,-0.825286,9.666059e-02,1.282207e-01,-1.756450e-02,-0.4833,-0.6411,0.2196
5.48750,0.451799,0.768750,-0.825671,9.794201e-02,1.269231e-01,-1.761537e-02,-0.4897,-0.6346,0.2202
5.49000,0.452284,0.768750,-0.826056,9.892676e-02,1.255355e-01,-1.760239e-02,-0.4946,-0.6277,0.2200
5.49250,0.452770,0.768750,-0.826440,9.989630e-02,1.241053e-01,-1.758275e-02,-0.4995,-0.6205,0.2198
5.49500,0.453257,0.768750,-0.826824,1.008928e-01,1.225962e-01,-1.756955e-02,-0.5045,-0.6130,0.2196
5.49750,0.453745,0.768750,-0.827207,1.018626e-01,1.209478e-01,-1.753366e-02,-0.5093,-0.6047,0.2192
5.50000,0.454234,0.768750,-0.827589,1.025240e-01,1.191753e-01,-1.741372e-02,-0.5126,-0.5959,0.2177
5.50250,0.454724,0.768750,-0.827971,1.031060e-01,1.174080e-01,-1.727787e-02,-0.5155,-0.5870,0.2160
5.50500,0.455215,0.768750,-0.828352,1.034229e-01,1.156158e-01,-1.707153e-02,-0.5171,-0.5781,0.2134
5.50750,0.455706,0.768750,-0.828734,1.036002e-01,1.138775e-01,-1.683574e-02,-0.5180,-0.5694,0.2104
5.51000,0.456199,0.768750,-0.829115,1.036780e-01,1.121596e-01,-1.657779e-02,-0.5184,-0.5608,0.2072
5.51250,0.456692,0.768750,-0.829495,1.035812e-01,1.104402e-01,-1.627690e-02,-0.5179,-0.5522,0.2035
5.51500,0.457187,0.768750,-0.829876,1.032369e-01,1.086971e-01,-1.591962e-02,-0.5162,-0.5435,0.1990
5.51750,0.457682,0.768750,-0.830257,1.025728e-01,1.069871e-01,-1.549348e-02,-0.5129,-0.5349,0.1937
5.52000,0.458178,0.768750,-0.830638,1.016016e-01,1.053509e-01,-1.500495e-02,-0.5080,-0.5268,0.1876
5.52250,0.458675,0.768750,-0.831020,1.006062e-01,1.038490e-01,-1.452564e-02,-0.5030,-0.5192,0.1816
5.52500,0.459173,0.768750,-0.831402,9.974905e-02,1.024047e-01,-1.405815e-02,-0.4987,-0.5120,0.1757
5.52750,0.459671,0.768750,-0.831784,9.916258e-02,1.009955e-01,-1.363748e-02,-0.4958,-0.5050,0.1705
5.53000,0.460170,0.768750,-0.832167,9.883923e-02,9.966781e-02,-1.326990e-02,-0.4942,-0.4983,0.1659
5.53250,0.460671,0.768750,-0.832550,9.881441e-02,9.845709e-02,-1.298109e-02,-0.4941,-0.4923,0.1623
5.53500,0.461172,0.768750,-0.832933,9.905941e-02,9.738885e-02,-1.278709e-02,-0.4953,-0.4869,0.1598
5.53750,0.461673,0.768750,-0.833316,9.956516e-02,9.642938e-02,-1.267415e-02,-0.4978,-0.4821,0.1584
5.54000,0.462176,0.768750,-0.833699,1.004969e-01,9.557276e-02,-1.269375e-02,-0.5025,-0.4779,0.1587
5.54250,0.462680,0.768750,-0.834082,1.016611e-01,9.473356e-02,-1.278475e-02,-0.5083,-0.4737,0.1598
5.54500,0.463184,0.768750,-0.834465,1.030642e-01,9.391443e-02,-1.294899e-02,-0.5153,-0.4696,0.1619
5.54750,0.463689,0.768750,-0.834847,1.046056e-01,9.305309e-02,-1.314795e-02,-0.5230,-0.4653,0.1643
5.55000,0.464195,0.768750,-0.835229,1.060591e-01,9.206974e-02,-1.330791e-02,-0.5303,-0.4603,0.1663
5.55250,0.464703,0.768750,-0.835610,1.077214e-01,9.101277e-02,-1.349914e-02,-0.5386,-0.4551,0.1687
5.55500,0.465210,0.768750,-0.835991,1.093757e-01,8.986746e-02,-1.367671e-02,-0.5469,-0.4493,0.1710
5.55750,0.465719,0.768750,-0.836371,1.110116e-01,8.866135e-02,-1.383583e-02,-0.5551,-0.4433,0.1729
5.56000,0.466229,0.768750,-0.836751,1.126402e-01,8.741501e-02,-1.399638e-02,-0.5632,-0.4371,0.1750
5.56250,0.466740,0.768750,-0.837129,1.143218e-01,8.611989e-02,-1.417777e-02,-0.5716,-0.4306,0.1772
5.56500,0.467252,0.768750,-0.837507,1.160366e-01,8.476831e-02,-1.437724e-02,-0.5802,-0.4238,0.1797
5.56750,0.467764,0.768750,-0.837884,1.177752e-01,8.332121e-02,-1.458338e-02,-0.5889,-0.4166,0.1823
5.57000,0.468278,0.768750,-0.838260,1.194667e-01,8.171370e-02,-1.477050e-02,-0.5973,-0.4086,0.1846
5.57250,0.468793,0.768750,-0.838636,1.210028e-01,7.997564e-02,-1.491232e-02,-0.6050,-0.3999,0.1864
5.57500,0.469308,0.768750,-0.839010,1.222434e-01,7.816932e-02,-1.497383e-02,-0.6112,-0.3908,0.1872
5.57750,0.469825,0.768750,-0.839384,1.231791e-01,7.634851e-02,-1.497155e-02,-0.6159,-0.3817,0.1871
5.58000,0.470343,0.768750,-0.839758,1.237156e-01,7.449220e-02,-1.486849e-02,-0.6186,-0.3725,0.1859
5.58250,0.470861,0.768750,-0.840131,1.239225e-01,7.257562e-02,-1.466955e-02,-0.6196,-0.3629,0.1834
5.58500,0.471381,0.768750,-0.840503,1.238870e-01,7.063607e-02,-1.441466e-02,-0.6194,-0.3532,0.1802
5.58750,0.471901,0.768750,-0.840876,1.235637e-01,6.864161e-02,-1.408822e-02,-0.6178,-0.3432,0.1761
5.59000,0.472422,0.768750,-0.841249,1.229989e-01,6.668227e-02,-1.370647e-02,-0.6150,-0.3334,0.1713
5.59250,0.472945,0.768750,-0.841621,1.221923e-01,6.486360e-02,-1.329859e-02,-0.6110,-0.3243,0.1662
5.59500,0.473468,0.768750,-0.841995,1.210644e-01,6.312932e-02,-1.281965e-02,-0.6053,-0.3156,0.1602
5.59750,0.473992,0.768750,-0.842368,1.195817e-01,6.149289e-02,-1.225524e-02,-0.5979,-0.3075,0.1532
5.60000,0.474517,0.768750,-0.842743,1.181617e-01,5.996710e-02,-1.169711e-02,-0.5908,-0.2998,0.1462
5.60250,0.475042,0.768750,-0.843118,1.167983e-01,5.849070e-02,-1.113593e-02,-0.5840,-0.2925,0.1392
5.60500,0.475569,0.768750,-0.843493,1.158133e-01,5.711568e-02,-1.065815e-02,-0.5791,-0.2856,0.1332
5.60750,0.476096,0.768750,-0.843869,1.153539e-01,5.581626e-02,-1.030557e-02,-0.5768,-0.2791,0.1288
5.61000,0.476624,0.768750,-0.844246,1.154513e-01,5.461187e-02,-1.008824e-02,-0.5773,-0.2731,0.1261
5.61250,0.477153,0.768750,-0.844623,1.161437e-01,5.349291e-02,-1.002496e-02,-0.5807,-0.2675,0.1253
5.61500,0.477683,0.768750,-0.845000,1.172247e-01,5.239270e-02,-1.006152e-02,-0.5861,-0.2620,0.1258
5.61750,0.478213,0.768750,-0.845377,1.186161e-01,5.134182e-02,-1.018050e-02,-0.5931,-0.2567,0.1273
5.62000,0.478745,0.768750,-0.845754,1.201825e-01,5.032350e-02,-1.034573e-02,-0.6009,-0.2516,0.1293
5.62250,0.479277,0.768750,-0.846130,1.219060e-01,4.931936e-02,-1.056032e-02,-0.6095,-0.2466,0.1320
5.62500,0.479811,0.768750,-0.846506,1.238268e-01,4.827708e-02,-1.082228e-02,-0.6191,-0.2414,0.1353
5.62750,0.480345,0.768750,-0.846882,1.256704e-01,4.716582e-02,-1.107372e-02,-0.6284,-0.2358,0.1384
5.63000,0.480880,0.768750,-0.847256,1.276476e-01,4.601193e-02,-1.137503e-02,-0.6382,-0.2301,0.1422
5.63250,0.481416,0.768750,-0.847630,1.297657e-01,4.475719e-02,-1.170860e-02,-0.6488,-0.2238,0.1464
5.63500,0.481953,0.768750,-0.848003,1.320876e-01,4.338368e-02,-1.208890e-02,-0.6604,-0.2169,0.1511
5.63750,0.482491,0.768750,-0.848374,1.344716e-01,4.184481e-02,-1.248030e-02,-0.6724,-0.2092,0.1560
5.64000,0.483030,0.768750,-0.848745,1.367760e-01,4.017876e-02,-1.284305e-02,-0.6839,-0.2009,0.1605
5.64250,0.483571,0.768750,-0.849115,1.389652e-01,3.841494e-02,-1.316186e-02,-0.6948,-0.1921,0.1645
5.64500,0.484112,0.768750,-0.849484,1.409030e-01,3.662240e-02,-1.343863e-02,-0.7045,-0.1831,0.1680
5.64750,0.484654,0.768750,-0.849852,1.423321e-01,3.477735e-02,-1.359829e-02,-0.7117,-0.1739,0.1700
5.65000,0.485197,0.768750,-0.850219,1.433930e-01,3.290233e-02,-1.366571e-02,-0.7170,-0.1645,0.1708
5.65250,0.485741,0.768750,-0.850586,1.442167e-01,3.102190e-02,-1.368408e-02,-0.7211,-0.1551,0.1711
5.65500,0.486286,0.768750,-0.850952,1.447587e-01,2.908621e-02,-1.364095e-02,-0.7238,-0.1454,0.1705
5.65750,0.486832,0.768750,-0.851318,1.449249e-01,2.709241e-02,-1.350427e-02,-0.7246,-0.1355,0.1688
5.66000,0.487379,0.768750,-0.851683,1.447533e-01,2.511078e-02,-1.330022e-02,-0.7238,-0.1256,0.1663
5.66250,0.487927,0.768750,-0.852049,1.441246e-01,2.317281e-02,-1.299665e-02,-0.7206,-0.1159,0.1625
5.66500,0.488476,0.768750,-0.852415,1.431065e-01,2.131216e-02,-1.260806e-02,-0.7155,-0.1066,0.1576
5.66750,0.489026,0.768750,-0.852781,1.416379e-01,1.949745e-02,-1.210659e-02,-0.7082,-0.0975,0.1513
5.67000,0.489577,0.768750,-0.853148,1.397465e-01,1.772466e-02,-1.149310e-02,-0.6987,-0.0886,0.1437
5.67250,0.490128,0.768750,-0.853516,1.378623e-01,1.600969e-02,-1.086062e-02,-0.6893,-0.0800,0.1358
5.67500,0.490681,0.768750,-0.853885,1.362825e-01,1.440539e-02,-1.028257e-02,-0.6814,-0.0720,0.1285
5.67750,0.491234,0.768750,-0.854255,1.351054e-01,1.287725e-02,-9.780307e-03,-0.6755,-0.0644,0.1223
5.68000,0.491788,0.768750,-0.854626,1.345982e-01,1.144948e-02,-9.424606e-03,-0.6730,-0.0572,0.1178
5.68250,0.492343,0.768750,-0.854997,1.348856e-01,1.007774e-02,-9.245665e-03,-0.6744,-0.0504,0.1156
5.68500,0.492899,0.768750,-0.855369,1.356203e-01,8.757229e-03,-9.167521e-03,-0.6781,-0.0438,0.1146
5.68750,0.493455,0.768750,-0.855741,1.367549e-01,7.535769e-03,-9.208065e-03,-0.6838,-0.0377,0.1151
5.69000,0.494013,0.768750,-0.856112,1.382288e-01,6.345367e-03,-9.343606e-03,-0.6911,-0.0317,0.1168
5.69250,0.494571,0.768750,-0.856483,1.401153e-01,5.208800e-03,-9.596993e-03,-0.7006,-0.0260,0.1200
5.69500,0.495130,0.768750,-0.856854,1.423504e-01,4.032205e-03,-9.953493e-03,-0.7118,-0.0202,0.1244
5.69750,0.495690,0.768750,-0.857224,1.448993e-01,2.862019e-03,-1.040988e-02,-0.7245,-0.0143,0.1301
5.70000,0.496251,0.768750,-0.857593,1.477059e-01,1.604727e-03,-1.094381e-02,-0.7385,-0.0080,0.1368
5.70250,0.496814,0.768750,-0.857962,1.506757e-01,2.358518e-04,-1.152181e-02,-0.7534,-0.0012,0.1440
5.70500,0.497377,0.768750,-0.858329,1.537055e-01,-1.308534e-03,-1.209924e-02,-0.7685,0.0065,0.1512
5.70750,0.497941,0.768750,-0.858695,1.566112e-01,-2.978189e-03,-1.264619e-02,-0.7831,0.0149,0.1581
5.71000,0.498506,0.768750,-0.859060,1.592538e-01,-4.755265e-03,-1.312619e-02,-0.7963,0.0238,0.1641
5.71250,0.499072,0.768750,-0.859424,1.615452e-01,-6.596555e-03,-1.353190e-02,-0.8077,0.0330,0.1691
5.71500,0.499640,0.768749,-0.859786,1.635040e-01,-8.476571e-03,-1.385507e-02,-0.8175,0.0424,0.1732
5.71750,0.500208,0.768748,-0.860148,1.652553e-01,-1.032950e-02,-1.415282e-02,-0.8263,0.0516,0.1769
5.72000,0.500777,0.768745,-0.860509,1.667418e-01,-1.223515e-02,-1.439445e-02,-0.8337,0.0612,0.1799
5.72250,0.501348,0.768741,-0.860869,1.679415e-01,-1.425130e-02,-1.457574e-02,-0.8397,0.0713,0.1822
5.72500,0.501919,0.768735,-0.861229,1.686173e-01,-1.631988e-02,-1.462571e-02,-0.8431,0.0816,0.1828
5.72750,0.502492,0.768729,-0.861588,1.687985e-01,-1.837929e-02,-1.457872e-02,-0.8440,0.0919,0.1822
5.73000,0.503065,0.768721,-0.861947,1.684354e-01,-2.039123e-02,-1.439816e-02,-0.8422,0.1020,0.1800
5.73250,0.503639,0.768712,-0.862307,1.674583e-01,-2.240689e-02,-1.407651e-02,-0.8373,0.1120,0.1760
5.73500,0.504214,0.768702,-0.862666,1.659638e-01,-2.445127e-02,-1.361624e-02,-0.8298,0.1223,0.1702
5.73750,0.504790,0.768690,-0.863027,1.638153e-01,-2.650146e-02,-1.299784e-02,-0.8191,0.1325,0.1625
5.74000,0.505367,0.768678,-0.863389,1.612654e-01,-2.846565e-02,-1.226681e-02,-0.8063,0.1423,0.1533
5.74250,0.505945,0.768664,-0.863752,1.587688e-01,-3.028499e-02,-1.151730e-02,-0.7938,0.1514,0.1440
5.74500,0.506523,0.768648,-0.864116,1.567387e-01,-3.201029e-02,-1.084525e-02,-0.7837,0.1601,0.1356
5.74750,0.507103,0.768632,-0.864481,1.554203e-01,-3.368836e-02,-1.029462e-02,-0.7771,0.1684,0.1287
5.75000,0.507682,0.768614,-0.864847,1.548019e-01,-3.528816e-02,-9.898438e-03,-0.7740,0.1764,0.1237
5.75250,0.508263,0.768595,-0.865214,1.548982e-01,-3.677564e-02,-9.668650e-03,-0.7745,0.1839,0.1209
5.75500,0.508845,0.768575,-0.865580,1.558618e-01,-3.818420e-02,-9.660959e-03,-0.7793,0.1909,0.1208
5.75750,0.509427,0.768554,-0.865947,1.574866e-01,-3.951659e-02,-9.833519e-03,-0.7874,0.1976,0.1229
5.76000,0.510010,0.768531,-0.866314,1.596287e-01,-4.085365e-02,-1.015838e-02,-0.7981,0.2043,0.1270
5.76250,0.510594,0.768507,-0.866680,1.621340e-01,-4.223108e-02,-1.059941e-02,-0.8107,0.2112,0.1325
5.76500,0.511178,0.768482,-0.867045,1.650070e-01,-4.365107e-02,-1.114154e-02,-0.8250,0.2183,0.1393
5.76750,0.511764,0.768456,-0.867409,1.681333e-01,-4.516098e-02,-1.174400e-02,-0.8407,0.2258,0.1468
5.77000,0.512350,0.768428,-0.867773,1.714016e-01,-4.678913e-02,-1.238212e-02,-0.8570,0.2339,0.1548
5.77250,0.512937,0.768399,-0.868134,1.746210e-01,-4.846600e-02,-1.302296e-02,-0.8731,0.2423,0.1628
5.77500,0.513525,0.768369,-0.868495,1.776407e-01,-5.022398e-02,-1.363327e-02,-0.8882,0.2511,0.1704
5.77750,0.514114,0.768338,-0.868854,1.803877e-01,-5.204570e-02,-1.419599e-02,-0.9019,0.2602,0.1774
5.78000,0.514704,0.768305,-0.869212,1.828628e-01,-5.395590e-02,-1.471804e-02,-0.9143,0.2698,0.1840
5.78250,0.515295,0.768271,-0.869568,1.851797e-01,-5.594542e-02,-1.521430e-02,-0.9259,0.2797,0.1902
5.78500,0.515886,0.768236,-0.869924,1.873618e-01,-5.802538e-02,-1.567081e-02,-0.9368,0.2901,0.1959
5.78750,0.516479,0.768200,-0.870278,1.890906e-01,-6.015519e-02,-1.602523e-02,-0.9455,0.3008,0.2003
5.79000,0.517072,0.768162,-0.870632,1.902342e-01,-6.227737e-02,-1.626197e-02,-0.9512,0.3114,0.2033
5.79250,0.517666,0.768122,-0.870985,1.907806e-01,-6.439483e-02,-1.636140e-02,-0.9539,0.3220,0.2045
5.79500,0.518261,0.768082,-0.871338,1.906045e-01,-6.653468e-02,-1.629804e-02,-0.9530,0.3327,0.2037
5.79750,0.518857,0.768040,-0.871691,1.897584e-01,-6.873377e-02,-1.605568e-02,-0.9488,0.3437,0.2007
5.80000,0.519453,0.767997,-0.872045,1.881876e-01,-7.094771e-02,-1.565099e-02,-0.9409,0.3547,0.1956
5.80250,0.520051,0.767952,-0.872399,1.858012e-01,-7.316004e-02,-1.504383e-02,-0.9290,0.3658,0.1880
5.80500,0.520648,0.767906,-0.872754,1.826543e-01,-7.527474e-02,-1.425450e-02,-0.9133,0.3764,0.1782
5.80750,0.521247,0.767858,-0.873111,1.791638e-01,-7.724673e-02,-1.335339e-02,-0.8958,0.3862,0.1669
5.81000,0.521845,0.767810,-0.873469,1.759595e-01,-7.912726e-02,-1.245998e-02,-0.8798,0.3956,0.1557
5.81250,0.522445,0.767759,-0.873829,1.733334e-01,-8.095874e-02,-1.164758e-02,-0.8667,0.4048,0.1456
5.81500,0.523044,0.767708,-0.874190,1.716389e-01,-8.267743e-02,-1.101818e-02,-0.8582,0.4134,0.1377
5.81750,0.523645,0.767655,-0.874552,1.710644e-01,-8.430864e-02,-1.063849e-02,-0.8553,0.4215,0.1330
5.82000,0.524245,0.767600,-0.874915,1.715662e-01,-8.589672e-02,-1.051560e-02,-0.8578,0.4295,0.1314
5.82250,0.524846,0.767544,-0.875278,1.731453e-01,-8.742244e-02,-1.066085e-02,-0.8657,0.4371,0.1333
5.82500,0.525448,0.767487,-0.875640,1.753661e-01,-8.894344e-02,-1.098886e-02,-0.8768,0.4447,0.1374
5.82750,0.526050,0.767428,-0.876002,1.780535e-01,-9.043628e-02,-1.145323e-02,-0.8903,0.4522,0.1432
5.83000,0.526653,0.767368,-0.876363,1.807956e-01,-9.196275e-02,-1.195187e-02,-0.9040,0.4598,0.1494
5.83250,0.527257,0.767307,-0.876723,1.836953e-01,-9.349874e-02,-1.251500e-02,-0.9185,0.4675,0.1564
5.83500,0.527861,0.767244,-0.877082,1.866359e-01,-9.512220e-02,-1.310439e-02,-0.9332,0.4756,0.1638
5.83750,0.528465,0.767180,-0.877439,1.896491e-01,-9.674434e-02,-1.374398e-02,-0.9482,0.4837,0.1718
5.84000,0.529070,0.767114,-0.877795,1.926947e-01,-9.840412e-02,-1.441989e-02,-0.9635,0.4920,0.1802
5.84250,0.529676,0.767047,-0.878149,1.956742e-01,-1.001306e-01,-1.511090e-02,-0.9784,0.5007,0.1889
5.84500,0.530282,0.766978,-0.878501,1.985178e-01,-1.019412e-01,-1.577783e-02,-0.9926,0.5097,0.1972
5.84750,0.530889,0.766908,-0.878853,2.009758e-01,-1.038586e-01,-1.636658e-02,-1.0049,0.5193,0.2046
5.85000,0.531496,0.766837,-0.879202,2.028902e-01,-1.058179e-01,-1.683574e-02,-1.0145,0.5291,0.2104
5.85250,0.532104,0.766764,-0.879551,2.043373e-01,-1.077958e-01,-1.720396e-02,-1.0217,0.5390,0.2150
5.85500,0.532713,0.766689,-0.879899,2.051263e-01,-1.097868e-01,-1.741965e-02,-1.0256,0.5489,0.2177
5.85750,0.533322,0.766613,-0.880246,2.051509e-01,-1.117829e-01,-1.745547e-02,-1.0258,0.5589,0.2182
5.86000,0.533932,0.766535,-0.880593,2.045110e-01,-1.137533e-01,-1.734968e-02,-1.0226,0.5688,0.2169
5.86250,0.534542,0.766456,-0.880940,2.029232e-01,-1.157414e-01,-1.703412e-02,-1.0146,0.5787,0.2129
5.86500,0.535152,0.766376,-0.881288,2.005887e-01,-1.176552e-01,-1.653836e-02,-1.0029,0.5883,0.2067
5.86750,0.535762,0.766293,-0.881636,1.973393e-01,-1.195210e-01,-1.583090e-02,-0.9867,0.5976,0.1979
5.87000,0.536373,0.766210,-0.881986,1.932419e-01,-1.213420e-01,-1.488691e-02,-0.9662,0.6067,0.1861
5.87250,0.536984,0.766124,-0.882338,1.888636e-01,-1.230680e-01,-1.383216e-02,-0.9443,0.6153,0.1729
5.87500,0.537595,0.766038,-0.882691,1.849182e-01,-1.247576e-01,-1.281098e-02,-0.9246,0.6238,0.1601
5.87750,0.538206,0.765949,-0.883046,1.817798e-01,-1.263737e-01,-1.193200e-02,-0.9089,0.6319,0.1492
5.88000,0.538818,0.765859,-0.883402,1.798613e-01,-1.279899e-01,-1.127890e-02,-0.8993,0.6399,0.1410
5.88250,0.539429,0.765768,-0.883759,1.792143e-01,-1.295075e-01,-1.089753e-02,-0.8961,0.6475,0.1362
5.88500,0.540041,0.765675,-0.884117,1.797548e-01,-1.309461e-01,-1.078635e-02,-0.8988,0.6547,0.1348
5.88750,0.540652,0.765580,-0.884474,1.811975e-01,-1.322848e-01,-1.090903e-02,-0.9060,0.6614,0.1364
5.89000,0.541264,0.765484,-0.884831,1.832771e-01,-1.335207e-01,-1.121182e-02,-0.9164,0.6676,0.1401
5.89250,0.541876,0.765386,-0.885187,1.857610e-01,-1.347267e-01,-1.165606e-02,-0.9288,0.6736,0.1457
5.89500,0.542487,0.765287,-0.885542,1.884666e-01,-1.359082e-01,-1.219553e-02,-0.9423,0.6795,0.1524
5.89750,0.543099,0.765186,-0.885895,1.911893e-01,-1.371098e-01,-1.278307e-02,-0.9559,0.6855,0.1598
5.90000,0.543712,0.765083,-0.886247,1.941007e-01,-1.383451e-01,-1.344904e-02,-0.9705,0.6917,0.1681
5.90250,0.544324,0.764979,-0.886596,1.971560e-01,-1.396280e-01,-1.417522e-02,-0.9858,0.6981,0.1772
5.90500,0.544937,0.764874,-0.886944,2.001922e-01,-1.409616e-01,-1.492284e-02,-1.0010,0.7048,0.1865
5.90750,0.545549,0.764766,-0.887290,2.029601e-01,-1.423367e-01,-1.562725e-02,-1.0148,0.7117,0.1953
5.91000,0.546162,0.764658,-0.887634,2.054329e-01,-1.437075e-01,-1.626295e-02,-1.0272,0.7185,0.2033
5.91250,0.546775,0.764547,-0.887976,2.074246e-01,-1.451141e-01,-1.679869e-02,-1.0371,0.7256,0.2100
5.91500,0.547388,0.764435,-0.888317,2.088235e-01,-1.465511e-01,-1.720394e-02,-1.0441,0.7328,0.2150
5.91750,0.548002,0.764321,-0.888657,2.096482e-01,-1.480258e-01,-1.747709e-02,-1.0482,0.7401,0.2185
5.92000,0.548615,0.764206,-0.888995,2.098542e-01,-1.495203e-01,-1.762209e-02,-1.0493,0.7476,0.2203
5.92250,0.549229,0.764089,-0.889333,2.093039e-01,-1.510407e-01,-1.760491e-02,-1.0465,0.7552,0.2201
5.92500,0.549842,0.763970,-0.889670,2.078903e-01,-1.525527e-01,-1.738748e-02,-1.0395,0.7628,0.2173
5.92750,0.550455,0.763850,-0.890007,2.054990e-01,-1.540200e-01,-1.695756e-02,-1.0275,0.7701,0.2120
5.93000,0.551069,0.763728,-0.890345,2.021568e-01,-1.554351e-01,-1.629430e-02,-1.0108,0.7772,0.2037
5.93250,0.551682,0.763604,-0.890683,1.979316e-01,-1.567939e-01,-1.541775e-02,-0.9897,0.7840,0.1927
5.93500,0.552295,0.763479,-0.891023,1.930839e-01,-1.581080e-01,-1.436341e-02,-0.9654,0.7905,0.1795
5.93750,0.552907,0.763352,-0.891364,1.885739e-01,-1.593505e-01,-1.330975e-02,-0.9429,0.7968,0.1664
5.94000,0.553519,0.763223,-0.891707,1.847967e-01,-1.604830e-01,-1.236749e-02,-0.9240,0.8024,0.1546
5.94250,0.554131,0.763092,-0.892051,1.820320e-01,-1.614660e-01,-1.160603e-02,-0.9102,0.8073,0.1451
5.94500,0.554742,0.762960,-0.892396,1.805150e-01,-1.623732e-01,-1.109511e-02,-0.9026,0.8119,0.1387
5.94750,0.555353,0.762826,-0.892741,1.801795e-01,-1.631444e-01,-1.084006e-02,-0.9009,0.8157,0.1355
5.95000,0.555964,0.762691,-0.893086,1.808916e-01,-1.638352e-01,-1.083541e-02,-0.9045,0.8192,0.1354
5.95250,0.556574,0.762554,-0.893431,1.824499e-01,-1.643929e-01,-1.106346e-02,-0.9122,0.8220,0.1383
5.95500,0.557184,0.762415,-0.893774,1.846869e-01,-1.648607e-01,-1.148761e-02,-0.9234,0.8243,0.1436
5.95750,0.557793,0.762274,-0.894116,1.873528e-01,-1.652043e-01,-1.206424e-02,-0.9368,0.8260,0.1508
5.96000,0.558402,0.762132,-0.894457,1.903126e-01,-1.655585e-01,-1.275561e-02,-0.9516,0.8278,0.1594
5.96250,0.559011,0.761988,-0.894795,1.933473e-01,-1.658960e-01,-1.349200e-02,-0.9667,0.8295,0.1687
5.96500,0.559620,0.761843,-0.895132,1.964366e-01,-1.663692e-01,-1.426329e-02,-0.9822,0.8318,0.1783
5.96750,0.560228,0.761696,-0.895466,1.994925e-01,-1.668692e-01,-1.503276e-02,-0.9975,0.8343,0.1879
5.97000,0.560836,0.761547,-0.895799,2.023149e-01,-1.674954e-01,-1.577128e-02,-1.0116,0.8375,0.1971
5.97250,0.561444,0.761396,-0.896129,2.047411e-01,-1.681510e-01,-1.642547e-02,-1.0237,0.8408,0.2053
5.97500,0.562051,0.761244,-0.896457,2.067613e-01,-1.688919e-01,-1.700841e-02,-1.0338,0.8445,0.2126
5.97750,0.562659,0.761090,-0.896783,2.083635e-01,-1.696414e-01,-1.749816e-02,-1.0418,0.8482,0.2187
5.98000,0.563266,0.760934,-0.897107,2.095252e-01,-1.704097e-01,-1.790743e-02,-1.0476,0.8520,0.2238
5.98250,0.563872,0.760777,-0.897430,2.103175e-01,-1.711477e-01,-1.823544e-02,-1.0516,0.8557,0.2279
5.98500,0.564478,0.760618,-0.897752,2.104960e-01,-1.718506e-01,-1.844720e-02,-1.0525,0.8593,0.2306
5.98750,0.565084,0.760457,-0.898073,2.099219e-01,-1.724969e-01,-1.850765e-02,-1.0496,0.8625,0.2313
5.99000,0.565690,0.760294,-0.898393,2.085096e-01,-1.730701e-01,-1.838901e-02,-1.0425,0.8654,0.2299
5.99250,0.566295,0.760130,-0.898713,2.061194e-01,-1.736205e-01,-1.806979e-02,-1.0306,0.8681,0.2259
5.99500,0.566899,0.759964,-0.899034,2.027977e-01,-1.741199e-01,-1.752061e-02,-1.0140,0.8706,0.2190
5.99750,0.567503,0.759796,-0.899356,1.986337e-01,-1.745683e-01,-1.675984e-02,-0.9932,0.8728,0.2095
6.00000,0.568106,0.759627,-0.899679,1.941690e-01,-1.749024e-01,-1.587500e-02,-0.9708,0.8745,0.1984
6.00250,0.568708,0.759455,-0.900004,1.901390e-01,-1.751631e-01,-1.501045e-02,-0.9507,0.8758,0.1876
6.00500,0.569309,0.759282,-0.900330,1.868380e-01,-1.753907e-01,-1.424308e-02,-0.9342,0.8770,0.1780
6.00750,0.569910,0.759108,-0.900657,1.846626e-01,-1.755556e-01,-1.367490e-02,-0.9233,0.8778,0.1709
6.01000,0.570510,0.758931,-0.900985,1.836727e-01,-1.757094e-01,-1.335537e-02,-0.9184,0.8785,0.1669
6.01250,0.571109,0.758753,-0.901314,1.839429e-01,-1.758006e-01,-1.332456e-02,-0.9197,0.8790,0.1666
6.01500,0.571707,0.758573,-0.901642,1.852787e-01,-1.758572e-01,-1.355783e-02,-0.9264,0.8793,0.1695
6.01750,0.572304,0.758391,-0.901970,1.873847e-01,-1.758569e-01,-1.399919e-02,-0.9369,0.8793,0.1750
6.02000,0.572901,0.758208,-0.902297,1.899660e-01,-1.758429e-01,-1.458161e-02,-0.9498,0.8792,0.1823
6.02250,0.573497,0.758023,-0.902623,1.928370e-01,-1.757632e-01,-1.526075e-02,-0.9642,0.8788,0.1908
6.02500,0.574092,0.757836,-0.902948,1.958839e-01,-1.756412e-01,-1.600833e-02,-0.9794,0.8782,0.2001
6.02750,0.574686,0.757648,-0.903271,1.988882e-01,-1.755112e-01,-1.676804e-02,-0.9944,0.8776,0.2096
6.03000,0.575280,0.757457,-0.903592,2.018934e-01,-1.753466e-01,-1.754961e-02,-1.0095,0.8767,0.2194
6.03250,0.575873,0.757265,-0.903911,2.047740e-01,-1.752002e-01,-1.832251e-02,-1.0239,0.8760,0.2290
6.03500,0.576466,0.757072,-0.904229,2.073320e-01,-1.751326e-01,-1.904543e-02,-1.0367,0.8757,0.2381
6.03750,0.577057,0.756876,-0.904545,2.094957e-01,-1.751094e-01,-1.969992e-02,-1.0475,0.8755,0.2462
6.04000,0.577648,0.756679,-0.904859,2.113445e-01,-1.751394e-01,-2.030601e-02,-1.0567,0.8757,0.2538
6.04250,0.578238,0.756480,-0.905172,2.128615e-01,-1.752122e-01,-2.084456e-02,-1.0643,0.8761,0.2606
6.04500,0.578828,0.756280,-0.905484,2.139050e-01,-1.753180e-01,-2.129305e-02,-1.0695,0.8766,0.2662
6.04750,0.579416,0.756077,-0.905795,2.144599e-01,-1.754089e-01,-2.163494e-02,-1.0723,0.8770,0.2704
6.05000,0.580004,0.755873,-0.906105,2.144764e-01,-1.754378e-01,-2.186211e-02,-1.0724,0.8772,0.2733
6.05250,0.580591,0.755667,-0.906415,2.138283e-01,-1.753866e-01,-2.195023e-02,-1.0691,0.8769,0.2744
6.05500,0.581178,0.755459,-0.906725,2.124067e-01,-1.753180e-01,-2.186398e-02,-1.0620,0.8766,0.2733
6.05750,0.581763,0.755250,-0.907035,2.101053e-01,-1.753216e-01,-2.157824e-02,-1.0505,0.8766,0.2697
6.06000,0.582347,0.755039,-0.907347,2.069119e-01,-1.754002e-01,-2.108970e-02,-1.0346,0.8770,0.2636
6.06250,0.582930,0.754826,-0.907660,2.028067e-01,-1.754868e-01,-2.038247e-02,-1.0140,0.8774,0.2548
6.06500,0.583512,0.754611,-0.907975,1.980934e-01,-1.755094e-01,-1.949984e-02,-0.9905,0.8775,0.2437
6.06750,0.584093,0.754394,-0.908292,1.936291e-01,-1.755084e-01,-1.859888e-02,-0.9681,0.8775,0.2325
6.07000,0.584672,0.754176,-0.908612,1.897593e-01,-1.754329e-01,-1.777257e-02,-0.9488,0.8772,0.2222
6.07250,0.585250,0.753955,-0.908933,1.868212e-01,-1.752912e-01,-1.710643e-02,-0.9341,0.8765,0.2138
6.07500,0.585827,0.753733,-0.909256,1.849362e-01,-1.750828e-01,-1.664106e-02,-0.9247,0.8754,0.2080
6.07750,0.586402,0.753510,-0.909580,1.841802e-01,-1.747977e-01,-1.640970e-02,-0.9209,0.8740,0.2051
6.08000,0.586976,0.753284,-0.909905,1.843609e-01,-1.744170e-01,-1.637998e-02,-0.9218,0.8721,0.2047
6.08250,0.587549,0.753057,-0.910231,1.852300e-01,-1.740063e-01,-1.651313e-02,-0.9262,0.8700,0.2064
6.08500,0.588121,0.752828,-0.910557,1.865749e-01,-1.735147e-01,-1.677915e-02,-0.9329,0.8676,0.2097
6.08750,0.588691,0.752597,-0.910883,1.881319e-01,-1.728999e-01,-1.711772e-02,-0.9407,0.8645,0.2140
6.09000,0.589260,0.752364,-0.911208,1.896945e-01,-1.722381e-01,-1.748564e-02,-0.9485,0.8612,0.2186
6.09250,0.589827,0.752130,-0.911533,1.911332e-01,-1.715743e-01,-1.784408e-02,-0.9557,0.8579,0.2231
6.09500,0.590393,0.751894,-0.911857,1.925372e-01,-1.709275e-01,-1.820993e-02,-0.9627,0.8546,0.2276
6.09750,0.590958,0.751656,-0.912180,1.938782e-01,-1.702719e-01,-1.856930e-02,-0.9694,0.8514,0.2321
6.10000,0.591522,0.751417,-0.912502,1.951000e-01,-1.696050e-01,-1.891336e-02,-0.9755,0.8480,0.2364
6.10250,0.592084,0.751176,-0.912824,1.961521e-01,-1.690206e-01,-1.922724e-02,-0.9808,0.8451,0.2403
6.10500,0.592645,0.750933,-0.913144,1.970263e-01,-1.685465e-01,-1.950412e-02,-0.9851,0.8427,0.2438
6.10750,0.593204,0.750688,-0.913463,1.975732e-01,-1.682127e-01,-1.971938e-02,-0.9879,0.8411,0.2465
6.11000,0.593763,0.750441,-0.913781,1.976854e-01,-1.680147e-01,-1.984788e-02,-0.9884,0.8401,0.2481
6.11250,0.594319,0.750193,-0.914099,1.974317e-01,-1.678773e-01,-1.989552e-02,-0.9872,0.8394,0.2487
6.11500,0.594875,0.749943,-0.914415,1.967162e-01,-1.677619e-01,-1.984732e-02,-0.9836,0.8388,0.2481
6.11750,0.595429,0.749691,-0.914732,1.954292e-01,-1.676869e-01,-1.966646e-02,-0.9771,0.8384,0.2458
6.12000,0.595981,0.749438,-0.915048,1.936406e-01,-1.676288e-01,-1.936783e-02,-0.9682,0.8381,0.2421
6.12250,0.596532,0.749182,-0.915364,1.912709e-01,-1.675054e-01,-1.894372e-02,-0.9564,0.8375,0.2368
6.12500,0.597081,0.748925,-0.915680,1.883021e-01,-1.672323e-01,-1.839121e-02,-0.9415,0.8362,0.2299
6.12750,0.597629,0.748666,-0.915996,1.847053e-01,-1.668092e-01,-1.770071e-02,-0.9235,0.8340,0.2213
6.13000,0.598175,0.748406,-0.916314,1.804681e-01,-1.662884e-01,-1.685967e-02,-0.9023,0.8314,0.2107
6.13250,0.598719,0.748143,-0.916632,1.756622e-01,-1.656532e-01,-1.587510e-02,-0.8783,0.8283,0.1984
6.13500,0.599261,0.747879,-0.916951,1.706697e-01,-1.649445e-01,-1.481107e-02,-0.8533,0.8247,0.1851
6.13750,0.599801,0.747613,-0.917272,1.660687e-01,-1.641374e-01,-1.377677e-02,-0.8303,0.8207,0.1722
6.14000,0.600339,0.747345,-0.917594,1.621081e-01,-1.632607e-01,-1.284079e-02,-0.8105,0.8163,0.1605
6.14250,0.600875,0.747076,-0.917917,1.591278e-01,-1.622861e-01,-1.208235e-02,-0.7956,0.8114,0.1510
6.14500,0.601410,0.746804,-0.918240,1.571226e-01,-1.612043e-01,-1.151437e-02,-0.7856,0.8060,0.1439
6.14750,0.601942,0.746532,-0.918564,1.560492e-01,-1.600397e-01,-1.113175e-02,-0.7802,0.8002,0.1391
6.15000,0.602472,0.746257,-0.918887,1.558590e-01,-1.588027e-01,-1.095220e-02,-0.7793,0.7940,0.1369
6.15250,0.603001,0.745981,-0.919209,1.563975e-01,-1.574627e-01,-1.093774e-02,-0.7820,0.7873,0.1367
6.15500,0.603527,0.745703,-0.919531,1.574612e-01,-1.561100e-01,-1.105774e-02,-0.7873,0.7805,0.1382
6.15750,0.604051,0.745423,-0.919851,1.588276e-01,-1.547839e-01,-1.127094e-02,-0.7941,0.7739,0.1409
6.16000,0.604574,0.745142,-0.920169,1.603719e-01,-1.535147e-01,-1.155524e-02,-0.8019,0.7676,0.1444
6.16250,0.605094,0.744859,-0.920485,1.619914e-01,-1.522869e-01,-1.189661e-02,-0.8100,0.7614,0.1487
6.16500,0.605613,0.744575,-0.920800,1.636535e-01,-1.511547e-01,-1.227105e-02,-0.8183,0.7558,0.1534
6.16750,0.606130,0.744289,-0.921112,1.653566e-01,-1.502207e-01,-1.268482e-02,-0.8268,0.7511,0.1586
6.17000,0.606645,0.744001,-0.921422,1.671065e-01,-1.494321e-01,-1.312525e-02,-0.8355,0.7472,0.1641
6.17250,0.607158,0.743712,-0.921730,1.687950e-01,-1.487320e-01,-1.356987e-02,-0.8440,0.7437,0.1696
6.17500,0.607669,0.743421,-0.922036,1.704253e-01,-1.480847e-01,-1.401327e-02,-0.8521,0.7404,0.1752
6.17750,0.608179,0.743129,-0.922340,1.719343e-01,-1.474399e-01,-1.444292e-02,-0.8597,0.7372,0.1805
6.18000,0.608686,0.742834,-0.922642,1.733281e-01,-1.467224e-01,-1.486611e-02,-0.8666,0.7336,0.1858
6.18250,0.609192,0.742539,-0.922942,1.744785e-01,-1.459193e-01,-1.525515e-02,-0.8724,0.7296,0.1907
6.18500,0.609696,0.742241,-0.923240,1.753589e-01,-1.450661e-01,-1.559207e-02,-0.8768,0.7253,0.1949
6.18750,0.610198,0.741942,-0.923537,1.759267e-01,-1.442365e-01,-1.586291e-02,-0.8796,0.7212,0.1983
6.19000,0.610698,0.741641,-0.923832,1.760798e-01,-1.434497e-01,-1.605360e-02,-0.8804,0.7172,0.2007
6.19250,0.611197,0.741339,-0.924126,1.758179e-01,-1.426656e-01,-1.615121e-02,-0.8791,0.7133,0.2019
6.19500,0.611693,0.741035,-0.924420,1.751355e-01,-1.419309e-01,-1.615454e-02,-0.8757,0.7097,0.2019
6.19750,0.612188,0.740729,-0.924713,1.740060e-01,-1.411894e-01,-1.606218e-02,-0.8700,0.7059,0.2008
6.20000,0.612680,0.740422,-0.925006,1.724682e-01,-1.404270e-01,-1.587446e-02,-0.8623,0.7021,0.1984
6.20250,0.613171,0.740113,-0.925299,1.705338e-01,-1.396749e-01,-1.560705e-02,-0.8527,0.6984,0.1951
6.20500,0.613659,0.739803,-0.925592,1.681603e-01,-1.389137e-01,-1.524396e-02,-0.8408,0.6946,0.1905
6.20750,0.614146,0.739491,-0.925885,1.653917e-01,-1.381691e-01,-1.479443e-02,-0.8270,0.6908,0.1849
6.21000,0.614630,0.739177,-0.926179,1.624354e-01,-1.374220e-01,-1.428812e-02,-0.8122,0.6871,0.1786
6.21250,0.615112,0.738861,-0.926474,1.596793e-01,-1.366551e-01,-1.379014e-02,-0.7984,0.6833,0.1724
6.21500,0.615592,0.738544,-0.926771,1.572601e-01,-1.359182e-01,-1.333479e-02,-0.7863,0.6796,0.1667
6.21750,0.616070,0.738226,-0.927068,1.553389e-01,-1.351785e-01,-1.295315e-02,-0.7767,0.6759,0.1619
6.22000,0.616545,0.737906,-0.927365,1.539639e-01,-1.343902e-01,-1.266556e-02,-0.7698,0.6720,0.1583
6.22250,0.617018,0.737584,-0.927664,1.531010e-01,-1.334803e-01,-1.247143e-02,-0.7655,0.6674,0.1559
6.22500,0.617489,0.737260,-0.927963,1.527084e-01,-1.323774e-01,-1.236159e-02,-0.7635,0.6619,0.1545
6.22750,0.617958,0.736935,-0.928262,1.527123e-01,-1.311242e-01,-1.232638e-02,-0.7636,0.6556,0.1541
6.23000,0.618424,0.736609,-0.928562,1.529726e-01,-1.297541e-01,-1.234169e-02,-0.7649,0.6488,0.1543
6.23250,0.618888,0.736281,-0.928861,1.534331e-01,-1.282763e-01,-1.240216e-02,-0.7672,0.6414,0.1550
6.23500,0.619350,0.735951,-0.929160,1.539966e-01,-1.266691e-01,-1.249108e-02,-0.7700,0.6333,0.1561
6.23750,0.619809,0.735620,-0.929459,1.545457e-01,-1.250037e-01,-1.258611e-02,-0.7727,0.6250,0.1573
6.24000,0.620267,0.735288,-0.929757,1.550328e-01,-1.233484e-01,-1.266834e-02,-0.7752,0.6167,0.1584
6.24250,0.620722,0.734954,-0.930055,1.554655e-01,-1.217532e-01,-1.273719e-02,-0.7773,0.6088,0.1592
6.24500,0.621174,0.734618,-0.930351,1.558292e-01,-1.202616e-01,-1.279257e-02,-0.7791,0.6013,0.1599
6.24750,0.621625,0.734281,-0.930647,1.561151e-01,-1.188771e-01,-1.282845e-02,-0.7806,0.5944,0.1604
6.25000,0.622073,0.733943,-0.930942,1.563227e-01,-1.175894e-01,-1.284317e-02,-0.7816,0.5879,0.1605
6.25250,0.622519,0.733603,-0.931235,1.564669e-01,-1.163911e-01,-1.284120e-02,-0.7823,0.5820,0.1605
6.25500,0.622962,0.733262,-0.931528,1.565379e-01,-1.152827e-01,-1.282392e-02,-0.7827,0.5764,0.1603
6.25750,0.623404,0.732919,-0.931819,1.564919e-01,-1.142400e-01,-1.278283e-02,-0.7825,0.5712,0.1598
6.26000,0.623843,0.732575,-0.932109,1.562991e-01,-1.132898e-01,-1.271610e-02,-0.7815,0.5664,0.1590
6.26250,0.624280,0.732229,-0.932398,1.559815e-01,-1.123839e-01,-1.262900e-02,-0.7799,0.5619,0.1579
6.26500,0.624714,0.731882,-0.932685,1.555472e-01,-1.114934e-01,-1.251966e-02,-0.7777,0.5575,0.1565
6.26750,0.625146,0.731534,-0.932971,1.549818e-01,-1.105637e-01,-1.238415e-02,-0.7749,0.5528,0.1548
6.27000,0.625576,0.731184,-0.933256,1.543044e-01,-1.095958e-01,-1.222973e-02,-0.7715,0.5480,0.1529
6.27250,0.626004,0.730833,-0.933540,1.534918e-01,-1.086007e-01,-1.204383e-02,-0.7675,0.5430,0.1505
6.27500,0.626429,0.730480,-0.933822,1.525824e-01,-1.076325e-01,-1.184635e-02,-0.7629,0.5382,0.1481
6.27750,0.626852,0.730126,-0.934103,1.515441e-01,-1.066633e-01,-1.162799e-02,-0.7577,0.5333,0.1453
6.28000,0.627272,0.729771,-0.934383,1.503859e-01,-1.056847e-01,-1.140025e-02,-0.7519,0.5284,0.1425
6.28250,0.627690,0.729414,-0.934663,1.491182e-01,-1.046870e-01,-1.115836e-02,-0.7456,0.5234,0.1395
6.28500,0.628106,0.729056,-0.934941,1.477212e-01,-1.036468e-01,-1.090371e-02,-0.7386,0.5182,0.1363
6.28750,0.628519,0.728696,-0.935219,1.461372e-01,-1.026309e-01,-1.061581e-02,-0.7307,0.5132,0.1327
6.29000,0.628930,0.728335,-0.935497,1.444247e-01,-1.016006e-01,-1.030271e-02,-0.7221,0.5080,0.1288
6.29250,0.629338,0.727973,-0.935774,1.424678e-01,-1.005721e-01,-9.938482e-03,-0.7123,0.5029,0.1242
6.29500,0.629744,0.727609,-0.936052,1.403730e-01,-9.956995e-02,-9.529236e-03,-0.7019,0.4978,0.1191
6.29750,0.630147,0.727244,-0.936329,1.382365e-01,-9.865365e-02,-9.100760e-03,-0.6912,0.4933,0.1138
6.30000,0.630548,0.726878,-0.936606,1.362745e-01,-9.784079e-02,-8.682024e-03,-0.6814,0.4892,0.1085
6.30250,0.630946,0.726511,-0.936883,1.345893e-01,-9.709838e-02,-8.305550e-03,-0.6729,0.4855,0.1038
6.30500,0.631342,0.726142,-0.937160,1.332782e-01,-9.637320e-02,-7.991017e-03,-0.6664,0.4819,0.0999
6.30750,0.631735,0.725772,-0.937436,1.323577e-01,-9.560760e-02,-7.748219e-03,-0.6618,0.4780,0.0969
6.31000,0.632126,0.725400,-0.937712,1.318529e-01,-9.478468e-02,-7.590731e-03,-0.6593,0.4739,0.0949
6.31250,0.632514,0.725027,-0.937987,1.317336e-01,-9.389104e-02,-7.525907e-03,-0.6587,0.4695,0.0941
6.31500,0.632899,0.724653,-0.938261,1.319429e-01,-9.290518e-02,-7.548355e-03,-0.6597,0.4645,0.0944
6.31750,0.633282,0.724278,-0.938535,1.323743e-01,-9.179932e-02,-7.638055e-03,-0.6619,0.4590,0.0955
6.32000,0.633662,0.723901,-0.938807,1.329088e-01,-9.057223e-02,-7.764877e-03,-0.6645,0.4529,0.0971
6.32250,0.634040,0.723523,-0.939079,1.334701e-01,-8.928019e-02,-7.911844e-03,-0.6674,0.4464,0.0989
6.32500,0.634415,0.723144,-0.939351,1.340131e-01,-8.795925e-02,-8.068481e-03,-0.6701,0.4398,0.1009
6.32750,0.634788,0.722764,-0.939621,1.344781e-01,-8.663121e-02,-8.215823e-03,-0.6724,0.4332,0.1027
6.33000,0.635158,0.722382,-0.939891,1.348448e-01,-8.525971e-02,-8.342104e-03,-0.6742,0.4263,0.1043
6.33250,0.635526,0.721999,-0.940160,1.351371e-01,-8.385378e-02,-8.448144e-03,-0.6757,0.4193,0.1056
6.33500,0.635891,0.721616,-0.940429,1.353711e-01,-8.242837e-02,-8.536843e-03,-0.6769,0.4121,0.1067
6.33750,0.636254,0.721230,-0.940697,1.355321e-01,-8.101896e-02,-8.597054e-03,-0.6777,0.4051,0.1075
6.34000,0.636614,0.720844,-0.940965,1.356251e-01,-7.967238e-02,-8.627652e-03,-0.6781,0.3984,0.1078
6.34250,0.636972,0.720457,-0.941233,1.356689e-01,-7.837369e-02,-8.628025e-03,-0.6783,0.3919,0.1079
6.34500,0.637327,0.720068,-0.941500,1.356818e-01,-7.713186e-02,-8.607843e-03,-0.6784,0.3857,0.1076
6.34750,0.637680,0.719679,-0.941766,1.356440e-01,-7.592282e-02,-8.562006e-03,-0.6782,0.3796,0.1070
6.35000,0.638030,0.719288,-0.942032,1.355432e-01,-7.474174e-02,-8.496673e-03,-0.6777,0.3737,0.1062
6.35250,0.638378,0.718896,-0.942297,1.353267e-01,-7.358114e-02,-8.399325e-03,-0.6766,0.3679,0.1050
6.35500,0.638723,0.718503,-0.942561,1.349886e-01,-7.244637e-02,-8.275551e-03,-0.6749,0.3622,0.1034
6.35750,0.639066,0.718109,-0.942824,1.345614e-01,-7.135939e-02,-8.138908e-03,-0.6728,0.3568,0.1017
6.36000,0.639406,0.717714,-0.943087,1.340331e-01,-7.035589e-02,-7.985678e-03,-0.6702,0.3518,0.0998
6.36250,0.639744,0.717318,-0.943348,1.334172e-01,-6.942903e-02,-7.819586e-03,-0.6671,0.3471,0.0977
6.36500,0.640079,0.716921,-0.943609,1.327065e-01,-6.856988e-02,-7.629864e-03,-0.6635,0.3428,0.0954
6.36750,0.640412,0.716523,-0.943869,1.319496e-01,-6.773876e-02,-7.433759e-03,-0.6597,0.3387,0.0929
6.37000,0.640742,0.716123,-0.944127,1.311197e-01,-6.690453e-02,-7.218624e-03,-0.6556,0.3345,0.0902
6.37250,0.641070,0.715723,-0.944385,1.302681e-01,-6.606318e-02,-7.000636e-03,-0.6513,0.3303,0.0875
6.37500,0.641395,0.715322,-0.944641,1.294081e-01,-6.518092e-02,-6.777194e-03,-0.6470,0.3259,0.0847
6.37750,0.641717,0.714919,-0.944896,1.285508e-01,-6.424352e-02,-6.551026e-03,-0.6428,0.3212,0.0819
6.38000,0.642037,0.714516,-0.945151,1.277540e-01,-6.326187e-02,-6.342794e-03,-0.6388,0.3163,0.0793
6.38250,0.642355,0.714112,-0.945404,1.269671e-01,-6.225512e-02,-6.144596e-03,-0.6348,0.3113,0.0768
6.38500,0.642670,0.713706,-0.945657,1.261859e-01,-6.123261e-02,-5.957299e-03,-0.6309,0.3062,0.0745
6.38750,0.642982,0.713300,-0.945908,1.253849e-01,-6.022424e-02,-5.778248e-03,-0.6269,0.3011,0.0722
6.39000,0.643292,0.712893,-0.946159,1.245388e-01,-5.921863e-02,-5.587566e-03,-0.6227,0.2961,0.0698
6.39250,0.643599,0.712484,-0.946408,1.236506e-01,-5.824759e-02,-5.393987e-03,-0.6183,0.2912,0.0674
6.39500,0.643904,0.712075,-0.946657,1.227049e-01,-5.733665e-02,-5.192564e-03,-0.6135,0.2867,0.0649
6.39750,0.644206,0.711665,-0.946905,1.216877e-01,-5.648931e-02,-4.983852e-03,-0.6084,0.2824,0.0623
6.40000,0.644505,0.711254,-0.947153,1.205750e-01,-5.568915e-02,-4.757526e-03,-0.6029,0.2784,0.0595
6.40250,0.644802,0.710842,-0.947400,1.193870e-01,-5.496738e-02,-4.521539e-03,-0.5969,0.2748,0.0565
6.40500,0.645096,0.710429,-0.947646,1.181369e-01,-5.429925e-02,-4.276839e-03,-0.5907,0.2715,0.0535
6.40750,0.645388,0.710016,-0.947891,1.168575e-01,-5.366603e-02,-4.028659e-03,-0.5843,0.2683,0.0504
6.41000,0.645677,0.709601,-0.948136,1.156029e-01,-5.304439e-02,-3.786889e-03,-0.5780,0.2652,0.0473
6.41250,0.645963,0.709185,-0.948381,1.144382e-01,-5.240562e-02,-3.566747e-03,-0.5722,0.2620,0.0446
6.41500,0.646247,0.708769,-0.948625,1.133999e-01,-5.171132e-02,-3.376147e-03,-0.5670,0.2586,0.0422
6.41750,0.646528,0.708351,-0.948868,1.125102e-01,-5.098454e-02,-3.221738e-03,-0.5626,0.2549,0.0403
6.42000,0.646807,0.707933,-0.949111,1.117388e-01,-5.020046e-02,-3.097177e-03,-0.5587,0.2510,0.0387
6.42250,0.647083,0.707514,-0.949354,1.110665e-01,-4.935543e-02,-2.997709e-03,-0.5553,0.2468,0.0375
6.42500,0.647356,0.707094,-0.949597,1.104736e-01,-4.844801e-02,-2.914255e-03,-0.5524,0.2422,0.0364
6.42750,0.647626,0.706673,-0.949839,1.099306e-01,-4.747454e-02,-2.835422e-03,-0.5497,0.2374,0.0354
6.43000,0.647894,0.706252,-0.950081,1.094485e-01,-4.644769e-02,-2.759767e-03,-0.5472,0.2322,0.0345
6.43250,0.648160,0.705830,-0.950323,1.090151e-01,-4.536225e-02,-2.684182e-03,-0.5451,0.2268,0.0336
6.43500,0.648422,0.705406,-0.950565,1.085874e-01,-4.425969e-02,-2.591295e-03,-0.5429,0.2213,0.0324
6.43750,0.648682,0.704983,-0.950807,1.081552e-01,-4.315792e-02,-2.486108e-03,-0.5408,0.2158,0.0311
6.44000,0.648940,0.704558,-0.951049,1.076899e-01,-4.206534e-02,-2.363637e-03,-0.5384,0.2103,0.0295
6.44250,0.649194,0.704132,-0.951290,1.072069e-01,-4.093310e-02,-2.224718e-03,-0.5360,0.2047,0.0278
6.44500,0.649446,0.703706,-0.951531,1.067351e-01,-3.977801e-02,-2.077827e-03,-0.5337,0.1989,0.0260
6.44750,0.649696,0.703279,-0.951772,1.062646e-01,-3.862075e-02,-1.924506e-03,-0.5313,0.1931,0.0241
6.45000,0.649943,0.702852,-0.952012,1.057895e-01,-3.746945e-02,-1.767333e-03,-0.5289,0.1873,0.0221
6.45250,0.650187,0.702424,-0.952252,1.053028e-01,-3.633753e-02,-1.603013e-03,-0.5265,0.1817,0.0200
6.45500,0.650429,0.701995,-0.952491,1.048154e-01,-3.527869e-02,-1.439663e-03,-0.5241,0.1764,0.0180
6.45750,0.650668,0.701565,-0.952730,1.043304e-01,-3.429548e-02,-1.276982e-03,-0.5217,0.1715,0.0160
6.46000,0.650904,0.701135,-0.952968,1.038607e-01,-3.339580e-02,-1.115503e-03,-0.5193,0.1670,0.0139
6.46250,0.651138,0.700705,-0.953205,1.034100e-01,-3.258990e-02,-9.583797e-04,-0.5170,0.1629,0.0120
6.46500,0.651369,0.700273,-0.953441,1.029971e-01,-3.183005e-02,-8.104706e-04,-0.5150,0.1592,0.0101
6.46750,0.651598,0.699841,-0.953676,1.026207e-01,-3.109729e-02,-6.723469e-04,-0.5131,0.1555,0.0084
6.47000,0.651824,0.699409,-0.953911,1.022970e-01,-3.035687e-02,-5.459541e-04,-0.5115,0.1518,0.0068
6.47250,0.652048,0.698975,-0.954144,1.020456e-01,-2.960847e-02,-4.373414e-04,-0.5102,0.1480,0.0055
6.47500,0.652269,0.698542,-0.954376,1.018857e-01,-2.887716e-02,-3.525774e-04,-0.5094,0.1444,0.0044
6.47750,0.652487,0.698107,-0.954606,1.018182e-01,-2.816883e-02,-2.924458e-04,-0.5091,0.1408,0.0037
6.48000,0.652703,0.697672,-0.954836,1.018511e-01,-2.748347e-02,-2.613877e-04,-0.5093,0.1374,0.0033
6.48250,0.652917,0.697237,-0.955065,1.019392e-01,-2.683500e-02,-2.501515e-04,-0.5097,0.1342,0.0031
6.48500,0.653128,0.696801,-0.955292,1.020800e-01,-2.619192e-02,-2.578508e-04,-0.5104,0.1310,0.0032
6.48750,0.653336,0.696365,-0.955518,1.022277e-01,-2.553944e-02,-2.685453e-04,-0.5111,0.1277,0.0034
6.49000,0.653542,0.695928,-0.955743,1.023752e-01,-2.491043e-02,-2.865372e-04,-0.5119,0.1246,0.0036
6.49250,0.653746,0.695490,-0.955967,1.024786e-01,-2.428347e-02,-3.017146e-04,-0.5124,0.1214,0.0038
6.49500,0.653947,0.695052,-0.956189,1.025552e-01,-2.366048e-02,-3.206821e-04,-0.5128,0.1183,0.0040
6.49750,0.654146,0.694613,-0.956411,1.025764e-01,-2.303313e-02,-3.326900e-04,-0.5129,0.1152,0.0042
6.50000,0.654342,0.694174,-0.956631,1.025781e-01,-2.239869e-02,-3.435956e-04,-0.5129,0.1120,0.0043
6.50250,0.654536,0.693735,-0.956851,1.025788e-01,-2.174885e-02,-3.561229e-04,-0.5129,0.1087,0.0045
6.50500,0.654727,0.693295,-0.957069,1.025859e-01,-2.109662e-02,-3.721186e-04,-0.5129,0.1055,0.0047
6.50750,0.654916,0.692854,-0.957287,1.025811e-01,-2.043933e-02,-3.892121e-04,-0.5129,0.1022,0.0049
6.51000,0.655103,0.692413,-0.957504,1.025778e-01,-1.974972e-02,-4.086811e-04,-0.5129,0.0987,0.0051
6.51250,0.655287,0.691972,-0.957720,1.025488e-01,-1.905484e-02,-4.239874e-04,-0.5127,0.0953,0.0053
6.51500,0.655469,0.691530,-0.957935,1.025087e-01,-1.837297e-02,-4.411046e-04,-0.5125,0.0919,0.0055
6.51750,0.655649,0.691088,-0.958150,1.023830e-01,-1.767732e-02,-4.423857e-04,-0.5119,0.0884,0.0055
6.52000,0.655826,0.690645,-0.958364,1.021765e-01,-1.694593e-02,-4.205671e-04,-0.5109,0.0847,0.0053
6.52250,0.656001,0.690202,-0.958577,1.018927e-01,-1.618725e-02,-3.781279e-04,-0.5095,0.0809,0.0047
6.52500,0.656173,0.689758,-0.958790,1.015159e-01,-1.541092e-02,-3.072356e-04,-0.5076,0.0771,0.0038
6.52750,0.656344,0.689315,-0.959003,1.010402e-01,-1.461255e-02,-2.069444e-04,-0.5052,0.0731,0.0026
6.53000,0.656511,0.688870,-0.959215,1.004875e-01,-1.379316e-02,-8.548869e-05,-0.5024,0.0690,0.0011
6.53250,0.656677,0.688426,-0.959427,9.984064e-02,-1.294866e-02,5.941960e-05,-0.4992,0.0647,-0.0007
6.53500,0.656840,0.687981,-0.959638,9.912007e-02,-1.206252e-02,2.239626e-04,-0.4956,0.0603,-0.0028
6.53750,0.657001,0.687535,-0.959848,9.835034e-02,-1.112126e-02,4.092078e-04,-0.4918,0.0556,-0.0051
6.54000,0.657159,0.687090,-0.960058,9.755718e-02,-1.017013e-02,6.065428e-04,-0.4878,0.0509,-0.0076
6.54250,0.657315,0.686644,-0.960268,9.673765e-02,-9.200751e-03,8.185039e-04,-0.4837,0.0460,-0.0102
6.54500,0.657469,0.686198,-0.960476,9.591566e-02,-8.233526e-03,1.033569e-03,-0.4796,0.0412,-0.0129
6.54750,0.657620,0.685751,-0.960685,9.506927e-02,-7.286468e-03,1.254330e-03,-0.4753,0.0364,-0.0157
6.55000,0.657769,0.685305,-0.960892,9.420760e-02,-6.370162e-03,1.476107e-03,-0.4710,0.0319,-0.0185
6.55250,0.657916,0.684858,-0.961099,9.334041e-02,-5.486326e-03,1.700136e-03,-0.4667,0.0274,-0.0213
6.55500,0.658060,0.684410,-0.961305,9.249326e-02,-4.650756e-03,1.916421e-03,-0.4625,0.0233,-0.0240
6.55750,0.658202,0.683963,-0.961510,9.164972e-02,-3.822547e-03,2.130863e-03,-0.4582,0.0191,-0.0266
6.56000,0.658342,0.683515,-0.961714,9.082351e-02,-3.022949e-03,2.338721e-03,-0.4541,0.0151,-0.0292
6.56250,0.658479,0.683067,-0.961917,9.001104e-02,-2.263389e-03,2.540259e-03,-0.4501,0.0113,-0.0318
6.56500,0.658614,0.682619,-0.962120,8.926161e-02,-1.556589e-03,2.723630e-03,-0.4463,0.0078,-0.0340
6.56750,0.658746,0.682171,-0.962321,8.857808e-02,-9.103759e-04,2.888115e-03,-0.4429,0.0046,-0.0361
6.57000,0.658877,0.681723,-0.962522,8.798075e-02,-3.158607e-04,3.029752e-03,-0.4399,0.0016,-0.0379
6.57250,0.659004,0.681274,-0.962722,8.742681e-02,2.083749e-04,3.155806e-03,-0.4371,-0.0010,-0.0394
6.57500,0.659130,0.680826,-0.962921,8.691811e-02,6.717458e-04,3.266769e-03,-0.4346,-0.0034,-0.0408
6.57750,0.659253,0.680377,-0.963119,8.646142e-02,1.088563e-03,3.361378e-03,-0.4323,-0.0054,-0.0420
6.58000,0.659374,0.679928,-0.963316,8.604629e-02,1.501816e-03,3.442656e-03,-0.4302,-0.0075,-0.0430
6.58250,0.659493,0.679479,-0.963512,8.564743e-02,1.881777e-03,3.513406e-03,-0.4282,-0.0094,-0.0439
6.58500,0.659609,0.679029,-0.963707,8.524680e-02,2.230520e-03,3.574357e-03,-0.4262,-0.0112,-0.0447
6.58750,0.659723,0.678580,-0.963902,8.484865e-02,2.548768e-03,3.622634e-03,-0.4242,-0.0127,-0.0453
6.59000,0.659835,0.678131,-0.964095,8.444073e-02,2.850817e-03,3.663464e-03,-0.4222,-0.0143,-0.0458
6.59250,0.659945,0.677681,-0.964288,8.402383e-02,3.167512e-03,3.704150e-03,-0.4201,-0.0158,-0.0463
6.59500,0.660052,0.677231,-0.964480,8.358838e-02,3.488780e-03,3.745453e-03,-0.4179,-0.0174,-0.0468
6.59750,0.660157,0.676782,-0.964672,8.314743e-02,3.835784e-03,3.781041e-03,-0.4157,-0.0192,-0.0473
6.60000,0.660260,0.676332,-0.964863,8.267478e-02,4.225510e-03,3.819059e-03,-0.4134,-0.0211,-0.0477
6.60250,0.660360,0.675882,-0.965054,8.215859e-02,4.658311e-03,3.862820e-03,-0.4108,-0.0233,-0.0483
6.60500,0.660458,0.675432,-0.965244,8.159450e-02,5.126323e-03,3.921139e-03,-0.4080,-0.0256,-0.0490
6.60750,0.660554,0.674982,-0.965434,8.098379e-02,5.611254e-03,3.991194e-03,-0.4049,-0.0281,-0.0499
6.61000,0.660648,0.674532,-0.965623,8.033992e-02,6.141887e-03,4.074761e-03,-0.4017,-0.0307,-0.0509
6.61250,0.660740,0.674082,-0.965813,7.967650e-02,6.698490e-03,4.170863e-03,-0.3984,-0.0335,-0.0521
6.61500,0.660829,0.673631,-0.966002,7.897826e-02,7.289720e-03,4.283078e-03,-0.3949,-0.0364,-0.0535
6.61750,0.660916,0.673181,-0.966191,7.826433e-02,7.895416e-03,4.407213e-03,-0.3913,-0.0395,-0.0551
6.62000,0.661001,0.672731,-0.966380,7.753183e-02,8.503571e-03,4.541398e-03,-0.3877,-0.0425,-0.0568
6.62250,0.661083,0.672281,-0.966569,7.678789e-02,9.120498e-03,4.685292e-03,-0.3839,-0.0456,-0.0586
6.62500,0.661164,0.671831,-0.966757,7.602582e-02,9.716857e-03,4.836384e-03,-0.3801,-0.0486,-0.0605
6.62750,0.661242,0.671380,-0.966945,7.526309e-02,1.030563e-02,4.996450e-03,-0.3763,-0.0515,-0.0625
6.63000,0.661318,0.670930,-0.967133,7.453185e-02,1.090218e-02,5.160353e-03,-0.3727,-0.0545,-0.0645
6.63250,0.661391,0.670480,-0.967321,7.383763e-02,1.148917e-02,5.324513e-03,-0.3692,-0.0574,-0.0666
6.63500,0.661463,0.670030,-0.967508,7.317210e-02,1.205814e-02,5.488250e-03,-0.3659,-0.0603,-0.0686
6.63750,0.661532,0.669580,-0.967694,7.254844e-02,1.258212e-02,5.641704e-03,-0.3627,-0.0629,-0.0705
6.64000,0.661599,0.669130,-0.967881,7.196483e-02,1.308922e-02,5.785142e-03,-0.3598,-0.0654,-0.0723
6.64250,0.661664,0.668681,-0.968066,7.143838e-02,1.357159e-02,5.918889e-03,-0.3572,-0.0679,-0.0740
6.64500,0.661727,0.668231,-0.968251,7.097108e-02,1.401389e-02,6.040082e-03,-0.3549,-0.0701,-0.0755
6.64750,0.661787,0.667781,-0.968435,7.055007e-02,1.444210e-02,6.150999e-03,-0.3528,-0.0722,-0.0769
6.65000,0.661845,0.667332,-0.968618,7.018015e-02,1.484243e-02,6.248486e-03,-0.3509,-0.0742,-0.0781
6.65250,0.661902,0.666882,-0.968801,6.987435e-02,1.523064e-02,6.330668e-03,-0.3494,-0.0762,-0.0791
6.65500,0.661956,0.666433,-0.968983,6.963924e-02,1.559576e-02,6.394543e-03,-0.3482,-0.0780,-0.0799
6.65750,0.662008,0.665984,-0.969164,6.945807e-02,1.592071e-02,6.444843e-03,-0.3473,-0.0796,-0.0806
6.66000,0.662057,0.665535,-0.969344,6.932664e-02,1.620886e-02,6.480372e-03,-0.3466,-0.0810,-0.0810
6.66250,0.662105,0.665086,-0.969523,6.922543e-02,1.646831e-02,6.505452e-03,-0.3461,-0.0823,-0.0813
6.66500,0.662151,0.664638,-0.969702,6.915274e-02,1.671364e-02,6.519668e-03,-0.3458,-0.0836,-0.0815
6.66750,0.662194,0.664189,-0.969879,6.911237e-02,1.695067e-02,6.525083e-03,-0.3456,-0.0848,-0.0816
6.67000,0.662236,0.663741,-0.970056,6.911023e-02,1.720154e-02,6.520076e-03,-0.3456,-0.0860,-0.0815
6.67250,0.662275,0.663293,-0.970232,6.910167e-02,1.745918e-02,6.510315e-03,-0.3455,-0.0873,-0.0814
6.67500,0.662312,0.662845,-0.970407,6.908697e-02,1.771283e-02,6.492159e-03,-0.3454,-0.0886,-0.0812
6.67750,0.662348,0.662397,-0.970581,6.904457e-02,1.796174e-02,6.470112e-03,-0.3452,-0.0898,-0.0809
6.68000,0.662381,0.661949,-0.970754,6.896468e-02,1.821032e-02,6.448494e-03,-0.3448,-0.0911,-0.0806
6.68250,0.662412,0.661502,-0.970927,6.885248e-02,1.849114e-02,6.430354e-03,-0.3443,-0.0925,-0.0804
6.68500,0.662442,0.661055,-0.971099,6.871511e-02,1.880886e-02,6.414945e-03,-0.3436,-0.0940,-0.0802
6.68750,0.662469,0.660607,-0.971271,6.852686e-02,1.915588e-02,6.408582e-03,-0.3426,-0.0958,-0.0801
6.69000,0.662494,0.660161,-0.971442,6.830007e-02,1.954541e-02,6.408745e-03,-0.3415,-0.0977,-0.0801
6.69250,0.662518,0.659714,-0.971612,6.801964e-02,1.996116e-02,6.421053e-03,-0.3401,-0.0998,-0.0803
6.69500,0.662539,0.659268,-0.971783,6.770397e-02,2.040543e-02,6.442847e-03,-0.3385,-0.1020,-0.0805
6.69750,0.662559,0.658822,-0.971953,6.735471e-02,2.086363e-02,6.474539e-03,-0.3368,-0.1043,-0.0809
6.70000,0.662576,0.658376,-0.972122,6.695803e-02,2.132436e-02,6.521951e-03,-0.3348,-0.1066,-0.0815
6.70250,0.662592,0.657930,-0.972292,6.651611e-02,2.177338e-02,6.583020e-03,-0.3326,-0.1089,-0.0823
6.70500,0.662606,0.657485,-0.972461,6.604143e-02,2.221468e-02,6.655442e-03,-0.3302,-0.1111,-0.0832
6.70750,0.662617,0.657040,-0.972629,6.552702e-02,2.263383e-02,6.739995e-03,-0.3276,-0.1132,-0.0842
6.71000,0.662627,0.656595,-0.972798,6.499617e-02,2.303990e-02,6.832232e-03,-0.3250,-0.1152,-0.0854
6.71250,0.662635,0.656150,-0.972966,6.444372e-02,2.343729e-02,6.932014e-03,-0.3222,-0.1172,-0.0867
6.71500,0.662641,0.655706,-0.973133,6.388359e-02,2.381916e-02,7.034433e-03,-0.3194,-0.1191,-0.0879
6.71750,0.662645,0.655262,-0.973301,6.331005e-02,2.417868e-02,7.141615e-03,-0.3166,-0.1209,-0.0893
6.72000,0.662647,0.654819,-0.973468,6.277387e-02,2.455734e-02,7.248206e-03,-0.3139,-0.1228,-0.0906
6.72250,0.662647,0.654376,-0.973634,6.227961e-02,2.493777e-02,7.350625e-03,-0.3114,-0.1247,-0.0919
6.72500,0.662646,0.653933,-0.973800,6.182680e-02,2.532811e-02,7.449860e-03,-0.3091,-0.1266,-0.0931
6.72750,0.662642,0.653490,-0.973965,6.141971e-02,2.571106e-02,7.542702e-03,-0.3071,-0.1286,-0.0943
6.73000,0.662636,0.653048,-0.974130,6.105778e-02,2.609296e-02,7.628969e-03,-0.3053,-0.1305,-0.0954
6.73250,0.662629,0.652606,-0.974294,6.074878e-02,2.644272e-02,7.703651e-03,-0.3037,-0.1322,-0.0963
6.73500,0.662620,0.652165,-0.974457,6.048587e-02,2.676766e-02,7.767825e-03,-0.3024,-0.1338,-0.0971
6.73750,0.662609,0.651724,-0.974620,6.025579e-02,2.706552e-02,7.821424e-03,-0.3013,-0.1353,-0.0978
6.74000,0.662596,0.651283,-0.974782,6.005967e-02,2.736014e-02,7.865940e-03,-0.3003,-0.1368,-0.0983
6.74250,0.662581,0.650842,-0.974943,5.989649e-02,2.764054e-02,7.900837e-03,-0.2995,-0.1382,-0.0988
6.74500,0.662565,0.650402,-0.975103,5.975671e-02,2.788730e-02,7.928360e-03,-0.2988,-0.1394,-0.0991
6.74750,0.662546,0.649963,-0.975263,5.964767e-02,2.810520e-02,7.946600e-03,-0.2982,-0.1405,-0.0993
6.75000,0.662526,0.649524,-0.975422,5.954639e-02,2.829206e-02,7.958727e-03,-0.2977,-0.1415,-0.0995
6.75250,0.662504,0.649085,-0.975580,5.946705e-02,2.845389e-02,7.962931e-03,-0.2973,-0.1423,-0.0995
6.75500,0.662480,0.648647,-0.975737,5.939695e-02,2.859799e-02,7.962120e-03,-0.2970,-0.1430,-0.0995
6.75750,0.662455,0.648209,-0.975894,5.934956e-02,2.873068e-02,7.954595e-03,-0.2967,-0.1437,-0.0994
6.76000,0.662428,0.647771,-0.976050,5.929950e-02,2.885567e-02,7.943358e-03,-0.2965,-0.1443,-0.0993
6.76250,0.662399,0.647334,-0.976205,5.924532e-02,2.899157e-02,7.930902e-03,-0.2962,-0.1450,-0.0991
6.76500,0.662368,0.646897,-0.976360,5.917457e-02,2.912794e-02,7.915395e-03,-0.2959,-0.1456,-0.0989
6.76750,0.662335,0.646461,-0.976514,5.908687e-02,2.926914e-02,7.896504e-03,-0.2954,-0.1463,-0.0987
6.77000,0.662301,0.646025,-0.976667,5.895552e-02,2.941581e-02,7.877968e-03,-0.2948,-0.1471,-0.0985
6.77250,0.662265,0.645590,-0.976820,5.878569e-02,2.956427e-02,7.862019e-03,-0.2939,-0.1478,-0.0983
6.77500,0.662228,0.645155,-0.976972,5.857363e-02,2.971458e-02,7.851073e-03,-0.2929,-0.1486,-0.0981
6.77750,0.662189,0.644720,-0.977124,5.833121e-02,2.989540e-02,7.847800e-03,-0.2917,-0.1495,-0.0981
6.78000,0.662148,0.644286,-0.977275,5.805581e-02,3.011311e-02,7.851119e-03,-0.2903,-0.1506,-0.0981
6.78250,0.662105,0.643853,-0.977426,5.776563e-02,3.037153e-02,7.860557e-03,-0.2888,-0.1519,-0.0983
6.78500,0.662061,0.643420,-0.977577,5.745696e-02,3.065428e-02,7.874652e-03,-0.2873,-0.1533,-0.0984
6.78750,0.662015,0.642987,-0.977727,5.711369e-02,3.094400e-02,7.900875e-03,-0.2856,-0.1547,-0.0988
6.79000,0.661967,0.642555,-0.977877,5.673468e-02,3.122351e-02,7.939058e-03,-0.2837,-0.1561,-0.0992
6.79250,0.661918,0.642123,-0.978027,5.633272e-02,3.150820e-02,7.987286e-03,-0.2817,-0.1575,-0.0998
6.79500,0.661867,0.641692,-0.978176,5.591071e-02,3.177690e-02,8.041526e-03,-0.2796,-0.1589,-0.1005
6.79750,0.661814,0.641261,-0.978325,5.548131e-02,3.203800e-02,8.099667e-03,-0.2774,-0.1602,-0.1012
6.80000,0.661760,0.640831,-0.978474,5.503820e-02,3.229533e-02,8.163911e-03,-0.2752,-0.1615,-0.1020
6.80250,0.661704,0.640401,-0.978622,5.459364e-02,3.253973e-02,8.229907e-03,-0.2730,-0.1627,-0.1029
6.80500,0.661647,0.639972,-0.978770,5.415004e-02,3.277603e-02,8.296700e-03,-0.2708,-0.1639,-0.1037
6.80750,0.661588,0.639543,-0.978918,5.372235e-02,3.301288e-02,8.362065e-03,-0.2686,-0.1651,-0.1045
6.81000,0.661527,0.639115,-0.979065,5.331739e-02,3.325274e-02,8.425503e-03,-0.2666,-0.1663,-0.1053
6.81250,0.661464,0.638688,-0.979211,5.294592e-02,3.350479e-02,8.487361e-03,-0.2647,-0.1675,-0.1061
6.81500,0.661400,0.638260,-0.979357,5.260803e-02,3.376370e-02,8.547997e-03,-0.2630,-0.1688,-0.1068
6.81750,0.661335,0.637834,-0.979503,5.231082e-02,3.402199e-02,8.603245e-03,-0.2616,-0.1701,-0.1075
6.82000,0.661268,0.637408,-0.979648,5.205751e-02,3.426827e-02,8.652401e-03,-0.2603,-0.1713,-0.1082
6.82250,0.661199,0.636982,-0.979793,5.185793e-02,3.449045e-02,8.692384e-03,-0.2593,-0.1725,-0.1087
6.82500,0.661129,0.636558,-0.979936,5.169670e-02,3.468014e-02,8.723523e-03,-0.2585,-0.1734,-0.1090
6.82750,0.661057,0.636133,-0.980080,5.157417e-02,3.483054e-02,8.744037e-03,-0.2579,-0.1742,-0.1093
6.83000,0.660983,0.635710,-0.980222,5.147780e-02,3.495672e-02,8.755680e-03,-0.2574,-0.1748,-0.1094
6.83250,0.660908,0.635286,-0.980364,5.139586e-02,3.507104e-02,8.762363e-03,-0.2570,-0.1754,-0.1095
6.83500,0.660832,0.634864,-0.980506,5.133287e-02,3.517051e-02,8.762854e-03,-0.2567,-0.1759,-0.1095
6.83750,0.660754,0.634442,-0.980646,5.128605e-02,3.524694e-02,8.756556e-03,-0.2564,-0.1762,-0.1095
6.84000,0.660674,0.634020,-0.980786,5.125617e-02,3.530895e-02,8.743624e-03,-0.2563,-0.1765,-0.1093
6.84250,0.660593,0.633599,-0.980926,5.123591e-02,3.536264e-02,8.726618e-03,-0.2562,-0.1768,-0.1091
6.84500,0.660510,0.633179,-0.981065,5.121461e-02,3.539254e-02,8.706373e-03,-0.2561,-0.1770,-0.1088
6.84750,0.660426,0.632760,-0.981203,5.118621e-02,3.539999e-02,8.683457e-03,-0.2559,-0.1770,-0.1085
6.85000,0.660341,0.632340,-0.981340,5.115959e-02,3.538927e-02,8.658907e-03,-0.2558,-0.1769,-0.1082
6.85250,0.660254,0.631922,-0.981477,5.113446e-02,3.537773e-02,8.631489e-03,-0.2557,-0.1769,-0.1079
6.85500,0.660165,0.631504,-0.981614,5.109351e-02,3.536912e-02,8.605042e-03,-0.2555,-0.1768,-0.1076
6.85750,0.660075,0.631087,-0.981750,5.104202e-02,3.537945e-02,8.579132e-03,-0.2552,-0.1769,-0.1072
6.86000,0.659984,0.630670,-0.981885,5.098268e-02,3.540941e-02,8.551689e-03,-0.2549,-0.1770,-0.1069
6.86250,0.659891,0.630254,-0.982020,5.090186e-02,3.545192e-02,8.525994e-03,-0.2545,-0.1773,-0.1066
6.86500,0.659797,0.629838,-0.982155,5.078987e-02,3.551182e-02,8.504035e-03,-0.2539,-0.1776,-0.1063
6.86750,0.659702,0.629423,-0.982289,5.065243e-02,3.560502e-02,8.485485e-03,-0.2533,-0.1780,-0.1061
6.87000,0.659605,0.629009,-0.982423,5.048348e-02,3.573037e-02,8.473470e-03,-0.2524,-0.1787,-0.1059
6.87250,0.659506,0.628595,-0.982556,5.029946e-02,3.590714e-02,8.466320e-03,-0.2515,-0.1795,-0.1058
6.87500,0.659406,0.628182,-0.982689,5.010537e-02,3.613541e-02,8.464364e-03,-0.2505,-0.1807,-0.1058
6.87750,0.659305,0.627770,-0.982822,4.990518e-02,3.640040e-02,8.467057e-03,-0.2495,-0.1820,-0.1058
6.88000,0.659203,0.627358,-0.982955,4.968801e-02,3.667802e-02,8.476516e-03,-0.2484,-0.1834,-0.1060
6.88250,0.659099,0.626947,-0.983087,4.945020e-02,3.696425e-02,8.494887e-03,-0.2473,-0.1848,-0.1062
6.88500,0.658993,0.626536,-0.983219,4.919768e-02,3.726080e-02,8.520821e-03,-0.2460,-0.1863,-0.1065
6.88750,0.658887,0.626126,-0.983350,4.893824e-02,3.755718e-02,8.550892e-03,-0.2447,-0.1878,-0.1069
6.89000,0.658779,0.625717,-0.983482,4.867430e-02,3.784060e-02,8.583445e-03,-0.2434,-0.1892,-0.1073
6.89250,0.658669,0.625309,-0.983613,4.840271e-02,3.810984e-02,8.617783e-03,-0.2420,-0.1905,-0.1077
6.89500,0.658559,0.624901,-0.983744,4.812030e-02,3.836712e-02,8.654614e-03,-0.2406,-0.1918,-0.1082
6.89750,0.658447,0.624494,-0.983874,4.783640e-02,3.860383e-02,8.690347e-03,-0.2392,-0.1930,-0.1086
6.90000,0.658333,0.624087,-0.984004,4.754371e-02,3.881655e-02,8.724451e-03,-0.2377,-0.1941,-0.1091
6.90250,0.658218,0.623681,-0.984134,4.723613e-02,3.898774e-02,8.758133e-03,-0.2362,-0.1949,-0.1095
6.90500,0.658102,0.623276,-0.984263,4.692097e-02,3.912571e-02,8.790574e-03,-0.2346,-0.1956,-0.1099
6.90750,0.657985,0.622872,-0.984392,4.661513e-02,3.923178e-02,8.819259e-03,-0.2331,-0.1962,-0.1102
6.91000,0.657866,0.622468,-0.984521,4.630661e-02,3.931036e-02,8.846651e-03,-0.2315,-0.1966,-0.1106
6.91250,0.657746,0.622065,-0.984649,4.600536e-02,3.935810e-02,8.871822e-03,-0.2300,-0.1968,-0.1109
6.91500,0.657625,0.621663,-0.984777,4.571261e-02,3.937485e-02,8.894066e-03,-0.2286,-0.1969,-0.1112
6.91750,0.657502,0.621261,-0.984905,4.543361e-02,3.935902e-02,8.913053e-03,-0.2272,-0.1968,-0.1114
6.92000,0.657378,0.620860,-0.985032,4.517379e-02,3.931650e-02,8.928020e-03,-0.2259,-0.1966,-0.1116
6.92250,0.657253,0.620460,-0.985158,4.493278e-02,3.924989e-02,8.938184e-03,-0.2247,-0.1962,-0.1117
6.92500,0.657126,0.620060,-0.985285,4.470554e-02,3.916139e-02,8.943535e-03,-0.2235,-0.1958,-0.1118
6.92750,0.656998,0.619662,-0.985411,4.449915e-02,3.906035e-02,8.942248e-03,-0.2225,-0.1953,-0.1118
6.93000,0.656869,0.619264,-0.985536,4.429776e-02,3.895635e-02,8.938452e-03,-0.2215,-0.1948,-0.1117
6.93250,0.656738,0.618866,-0.985661,4.411220e-02,3.884662e-02,8.930243e-03,-0.2206,-0.1942,-0.1116
6.93500,0.656607,0.618469,-0.985786,4.393312e-02,3.873321e-02,8.919348e-03,-0.2197,-0.1937,-0.1115
6.93750,0.656474,0.618073,-0.985911,4.375869e-02,3.861802e-02,8.906656e-03,-0.2188,-0.1931,-0.1113
6.94000,0.656340,0.617678,-0.986035,4.359181e-02,3.851471e-02,8.893718e-03,-0.2180,-0.1926,-0.1112
6.94250,0.656204,0.617284,-0.986159,4.343032e-02,3.841557e-02,8.881999e-03,-0.2172,-0.1921,-0.1110
6.94500,0.656068,0.616890,-0.986282,4.328263e-02,3.832436e-02,8.869474e-03,-0.2164,-0.1916,-0.1109
6.94750,0.655930,0.616496,-0.986406,4.314816e-02,3.824574e-02,8.856776e-03,-0.2157,-0.1912,-0.1107
6.95000,0.655791,0.616104,-0.986528,4.303009e-02,3.818348e-02,8.844661e-03,-0.2152,-0.1909,-0.1106
6.95250,0.655650,0.615712,-0.986651,4.292945e-02,3.815718e-02,8.834120e-03,-0.2146,-0.1908,-0.1104
6.95500,0.655509,0.615321,-0.986774,4.284240e-02,3.816672e-02,8.825462e-03,-0.2142,-0.1908,-0.1103
6.95750,0.655366,0.614931,-0.986896,4.277167e-02,3.821477e-02,8.817387e-03,-0.2139,-0.1911,-0.1102
6.96000,0.655222,0.614541,-0.987017,4.270838e-02,3.830021e-02,8.810247e-03,-0.2135,-0.1915,-0.1101
6.96250,0.655077,0.614152,-0.987139,4.265506e-02,3.842142e-02,8.802469e-03,-0.2133,-0.1921,-0.1100
6.96500,0.654931,0.613764,-0.987260,4.260796e-02,3.857693e-02,8.794463e-03,-0.2130,-0.1929,-0.1099
6.96750,0.654783,0.613377,-0.987381,4.255970e-02,3.876690e-02,8.787871e-03,-0.2128,-0.1938,-0.1098
6.97000,0.654634,0.612990,-0.987501,4.250854e-02,3.897820e-02,8.780691e-03,-0.2125,-0.1949,-0.1098
6.97250,0.654485,0.612604,-0.987621,4.244315e-02,3.919693e-02,8.775355e-03,-0.2122,-0.1960,-0.1097
6.97500,0.654334,0.612219,-0.987741,4.236307e-02,3.941773e-02,8.771493e-03,-0.2118,-0.1971,-0.1096
6.97750,0.654182,0.611835,-0.987861,4.226335e-02,3.962598e-02,8.770944e-03,-0.2113,-0.1981,-0.1096
6.98000,0.654028,0.611451,-0.987980,4.214002e-02,3.980810e-02,8.774077e-03,-0.2107,-0.1990,-0.1097
6.98250,0.653874,0.611068,-0.988099,4.199051e-02,3.995464e-02,8.779990e-03,-0.2100,-0.1998,-0.1097
6.98500,0.653719,0.610686,-0.988218,4.182017e-02,4.006631e-02,8.787051e-03,-0.2091,-0.2003,-0.1098
6.98750,0.653562,0.610305,-0.988337,4.163346e-02,4.015010e-02,8.795861e-03,-0.2082,-0.2008,-0.1099
6.99000,0.653404,0.609924,-0.988455,4.143474e-02,4.020240e-02,8.804078e-03,-0.2072,-0.2010,-0.1101
6.99250,0.653245,0.609544,-0.988573,4.122450e-02,4.021583e-02,8.810888e-03,-0.2061,-0.2011,-0.1101
6.99500,0.653085,0.609165,-0.988690,4.099999e-02,4.019641e-02,8.817112e-03,-0.2050,-0.2010,-0.1102
6.99750,0.652924,0.608787,-0.988808,4.076341e-02,4.014893e-02,8.822500e-03,-0.2038,-0.2007,-0.1103
7.00000,0.652762,0.608409,-0.988925,4.051258e-02,4.006955e-02,8.827825e-03,-0.2026,-0.2003,-0.1103
7.00250,0.652599,0.608033,-0.989042,4.025410e-02,3.995474e-02,8.831651e-03,-0.2013,-0.1998,-0.1104
7.00500,0.652434,0.607657,-0.989158,3.998175e-02,3.980441e-02,8.834388e-03,-0.1999,-0.1990,-0.1104
7.00750,0.652269,0.607281,-0.989275,3.970398e-02,3.961688e-02,8.835510e-03,-0.1985,-0.1981,-0.1104
7.01000,0.652102,0.606907,-0.989391,3.941930e-02,3.940225e-02,8.837363e-03,-0.1971,-0.1970,-0.1105
7.01250,0.651934,0.606533,-0.989506,3.913655e-02,3.915912e-02,8.838041e-03,-0.1957,-0.1958,-0.1105
7.01500,0.651766,0.606160,-0.989622,3.886079e-02,3.890682e-02,8.838660e-03,-0.1943,-0.1945,-0.1105
7.01750,0.651596,0.605788,-0.989737,3.860119e-02,3.864490e-02,8.837595e-03,-0.1930,-0.1932,-0.1105
7.02000,0.651425,0.605417,-0.989852,3.836554e-02,3.838923e-02,8.835064e-03,-0.1918,-0.1919,-0.1104
7.02250,0.651253,0.605046,-0.989967,3.816192e-02,3.814272e-02,8.830298e-03,-0.1908,-0.1907,-0.1104
7.02500,0.651080,0.604676,-0.990081,3.799455e-02,3.790764e-02,8.822779e-03,-0.1900,-0.1895,-0.1103
7.02750,0.650905,0.604307,-0.990195,3.786324e-02,3.768261e-02,8.811889e-03,-0.1893,-0.1884,-0.1101
7.03000,0.650730,0.603939,-0.990309,3.776019e-02,3.746407e-02,8.798116e-03,-0.1888,-0.1873,-0.1100
7.03250,0.650554,0.603571,-0.990423,3.768590e-02,3.724545e-02,8.780903e-03,-0.1884,-0.1862,-0.1098
7.03500,0.650377,0.603204,-0.990536,3.762839e-02,3.704209e-02,8.763520e-03,-0.1881,-0.1852,-0.1095
7.03750,0.650198,0.602838,-0.990649,3.759003e-02,3.684545e-02,8.744370e-03,-0.1880,-0.1842,-0.1093
7.04000,0.650019,0.602473,-0.990761,3.756695e-02,3.665313e-02,8.724023e-03,-0.1878,-0.1833,-0.1091
7.04250,0.649839,0.602108,-0.990874,3.755258e-02,3.646740e-02,8.702958e-03,-0.1878,-0.1823,-0.1088
7.04500,0.649657,0.601744,-0.990986,3.754389e-02,3.629222e-02,8.681815e-03,-0.1877,-0.1815,-0.1085
7.04750,0.649475,0.601381,-0.991097,3.753651e-02,3.613020e-02,8.660667e-03,-0.1877,-0.1807,-0.1083
7.05000,0.649292,0.601019,-0.991209,3.752477e-02,3.597084e-02,8.639129e-03,-0.1876,-0.1799,-0.1080
7.05250,0.649107,0.600657,-0.991320,3.750700e-02,3.582253e-02,8.617764e-03,-0.1875,-0.1791,-0.1077
7.05500,0.648922,0.600296,-0.991430,3.748380e-02,3.567913e-02,8.596853e-03,-0.1874,-0.1784,-0.1075
7.05750,0.648735,0.599936,-0.991540,3.745543e-02,3.555370e-02,8.576199e-03,-0.1873,-0.1778,-0.1072
7.06000,0.648548,0.599577,-0.991650,3.741595e-02,3.544432e-02,8.556382e-03,-0.1871,-0.1772,-0.1070
7.06250,0.648360,0.599218,-0.991760,3.736422e-02,3.535355e-02,8.537967e-03,-0.1868,-0.1768,-0.1067
7.06500,0.648171,0.598860,-0.991869,3.729733e-02,3.527350e-02,8.519697e-03,-0.1865,-0.1764,-0.1065
7.06750,0.647980,0.598503,-0.991978,3.721678e-02,3.520233e-02,8.501389e-03,-0.1861,-0.1760,-0.1063
7.07000,0.647789,0.598147,-0.992086,3.712109e-02,3.513939e-02,8.483566e-03,-0.1856,-0.1757,-0.1060
7.07250,0.647597,0.597791,-0.992194,3.700863e-02,3.508616e-02,8.467214e-03,-0.1850,-0.1754,-0.1058
7.07500,0.647404,0.597436,-0.992302,3.688569e-02,3.503579e-02,8.450147e-03,-0.1844,-0.1752,-0.1056
7.07750,0.647210,0.597082,-0.992410,3.674716e-02,3.498219e-02,8.434195e-03,-0.1837,-0.1749,-0.1054
7.08000,0.647015,0.596728,-0.992517,3.659987e-02,3.491984e-02,8.417351e-03,-0.1830,-0.1746,-0.1052
7.08250,0.646819,0.596376,-0.992624,3.644087e-02,3.484544e-02,8.401856e-03,-0.1822,-0.1742,-0.1050
7.08500,0.646623,0.596024,-0.992730,3.627483e-02,3.475857e-02,8.388102e-03,-0.1814,-0.1738,-0.1049
7.08750,0.646425,0.595673,-0.992837,3.610827e-02,3.466262e-02,8.375501e-03,-0.1805,-0.1733,-0.1047
7.09000,0.646226,0.595322,-0.992943,3.594062e-02,3.455737e-02,8.363749e-03,-0.1797,-0.1728,-0.1045
7.09250,0.646027,0.594973,-0.993049,3.577424e-02,3.444942e-02,8.352802e-03,-0.1789,-0.1722,-0.1044
7.09500,0.645826,0.594624,-0.993155,3.561485e-02,3.435327e-02,8.343242e-03,-0.1781,-0.1718,-0.1043
7.09750,0.645625,0.594276,-0.993260,3.546692e-02,3.426760e-02,8.333851e-03,-0.1773,-0.1713,-0.1042
7.10000,0.645422,0.593929,-0.993365,3.533654e-02,3.419812e-02,8.324226e-03,-0.1767,-0.1710,-0.1041
7.10250,0.645219,0.593582,-0.993470,3.522889e-02,3.415500e-02,8.313775e-03,-0.1761,-0.1708,-0.1039
7.10500,0.645015,0.593236,-0.993575,3.513766e-02,3.412749e-02,8.302273e-03,-0.1757,-0.1706,-0.1038
7.10750,0.644810,0.592891,-0.993679,3.506499e-02,3.412456e-02,8.290032e-03,-0.1753,-0.1706,-0.1036
7.11000,0.644604,0.592547,-0.993783,3.500579e-02,3.412890e-02,8.275713e-03,-0.1750,-0.1706,-0.1034
7.11250,0.644397,0.592203,-0.993887,3.496196e-02,3.413131e-02,8.258696e-03,-0.1748,-0.1707,-0.1032
7.11500,0.644190,0.591861,-0.993991,3.492923e-02,3.412344e-02,8.239843e-03,-0.1746,-0.1706,-0.1030
7.11750,0.643981,0.591519,-0.994094,3.490293e-02,3.409976e-02,8.220062e-03,-0.1745,-0.1705,-0.1028
7.12000,0.643772,0.591178,-0.994197,3.487852e-02,3.405797e-02,8.199513e-03,-0.1744,-0.1703,-0.1025
7.12250,0.643561,0.590837,-0.994300,3.485024e-02,3.400110e-02,8.180043e-03,-0.1743,-0.1700,-0.1023
7.12500,0.643350,0.590498,-0.994402,3.481897e-02,3.392534e-02,8.160217e-03,-0.1741,-0.1696,-0.1020
7.12750,0.643138,0.590159,-0.994505,3.478172e-02,3.384181e-02,8.141710e-03,-0.1739,-0.1692,-0.1018
7.13000,0.642926,0.589821,-0.994607,3.474059e-02,3.375266e-02,8.122815e-03,-0.1737,-0.1688,-0.1015
7.13250,0.642712,0.589484,-0.994708,3.469631e-02,3.366426e-02,8.105172e-03,-0.1735,-0.1683,-0.1013
7.13500,0.642497,0.589147,-0.994810,3.465160e-02,3.357591e-02,8.087677e-03,-0.1733,-0.1679,-0.1011
7.13750,0.642282,0.588811,-0.994911,3.461081e-02,3.349269e-02,8.070519e-03,-0.1731,-0.1675,-0.1009
7.14000,0.642066,0.588476,-0.995012,3.457246e-02,3.340910e-02,8.053055e-03,-0.1729,-0.1670,-0.1007
7.14250,0.641849,0.588142,-0.995113,3.453578e-02,3.332654e-02,8.035720e-03,-0.1727,-0.1666,-0.1004
7.14500,0.641631,0.587809,-0.995214,3.450222e-02,3.324454e-02,8.017607e-03,-0.1725,-0.1662,-0.1002
7.14750,0.641413,0.587476,-0.995314,3.446619e-02,3.316337e-02,7.998693e-03,-0.1723,-0.1658,-0.1000
7.15000,0.641193,0.587145,-0.995415,3.442605e-02,3.308587e-02,7.980447e-03,-0.1721,-0.1654,-0.0998
7.15250,0.640973,0.586814,-0.995515,3.437992e-02,3.300975e-02,7.962829e-03,-0.1719,-0.1650,-0.0995
7.15500,0.640752,0.586484,-0.995615,3.432613e-02,3.293332e-02,7.946494e-03,-0.1716,-0.1647,-0.0993
7.15750,0.640530,0.586154,-0.995714,3.426081e-02,3.285921e-02,7.931772e-03,-0.1713,-0.1643,-0.0991
7.16000,0.640308,0.585826,-0.995814,3.418561e-02,3.278984e-02,7.917928e-03,-0.1709,-0.1639,-0.0990
7.16250,0.640084,0.585498,-0.995913,3.409894e-02,3.272487e-02,7.905810e-03,-0.1705,-0.1636,-0.0988
7.16500,0.639860,0.585171,-0.996012,3.401273e-02,3.267422e-02,7.894388e-03,-0.1701,-0.1634,-0.0987
7.16750,0.639635,0.584845,-0.996111,3.393393e-02,3.264446e-02,7.883910e-03,-0.1697,-0.1632,-0.0985
7.17000,0.639410,0.584519,-0.996209,3.386795e-02,3.264195e-02,7.874700e-03,-0.1693,-0.1632,-0.0984
7.17250,0.639183,0.584195,-0.996308,3.381695e-02,3.266797e-02,7.866636e-03,-0.1691,-0.1633,-0.0983
7.17500,0.638956,0.583871,-0.996406,3.378958e-02,3.272204e-02,7.858846e-03,-0.1689,-0.1636,-0.0982
7.17750,0.638728,0.583548,-0.996504,3.378323e-02,3.280048e-02,7.850793e-03,-0.1689,-0.1640,-0.0981
7.18000,0.638499,0.583226,-0.996602,3.379995e-02,3.290593e-02,7.843236e-03,-0.1690,-0.1645,-0.0980
7.18250,0.638270,0.582904,-0.996700,3.383927e-02,3.303861e-02,7.836184e-03,-0.1692,-0.1652,-0.0980
7.18500,0.638040,0.582584,-0.996797,3.389597e-02,3.319216e-02,7.829284e-03,-0.1695,-0.1660,-0.0979
7.18750,0.637809,0.582264,-0.996894,3.396175e-02,3.336288e-02,7.822579e-03,-0.1698,-0.1668,-0.0978
7.19000,0.637577,0.581945,-0.996991,3.402914e-02,3.353526e-02,7.815512e-03,-0.1701,-0.1677,-0.0977
7.19250,0.637345,0.581627,-0.997088,3.409362e-02,3.370304e-02,7.808537e-03,-0.1705,-0.1685,-0.0976
7.19500,0.637112,0.581310,-0.997184,3.415239e-02,3.384949e-02,7.800731e-03,-0.1708,-0.1692,-0.0975
7.19750,0.636878,0.580993,-0.997281,3.420267e-02,3.397019e-02,7.791726e-03,-0.1710,-0.1699,-0.0974
7.20000,0.636643,0.580678,-0.997377,3.424014e-02,3.405184e-02,7.781260e-03,-0.1712,-0.1703,-0.0973
7.20250,0.636408,0.580363,-0.997472,3.426000e-02,3.408889e-02,7.769022e-03,-0.1713,-0.1704,-0.0971
7.20500,0.636172,0.580049,-0.997568,3.425711e-02,3.408144e-02,7.755466e-03,-0.1713,-0.1704,-0.0969
7.20750,0.635936,0.579736,-0.997663,3.422820e-02,3.402472e-02,7.741050e-03,-0.1711,-0.1701,-0.0968
7.21000,0.635698,0.579424,-0.997758,3.417437e-02,3.392280e-02,7.725875e-03,-0.1709,-0.1696,-0.0966
7.21250,0.635460,0.579112,-0.997852,3.410213e-02,3.377757e-02,7.710073e-03,-0.1705,-0.1689,-0.0964
7.21500,0.635222,0.578802,-0.997947,3.401596e-02,3.359419e-02,7.693134e-03,-0.1701,-0.1680,-0.0962
7.21750,0.634982,0.578492,-0.998041,3.392210e-02,3.338287e-02,7.675968e-03,-0.1696,-0.1669,-0.0959
7.22000,0.634742,0.578183,-0.998135,3.381833e-02,3.314283e-02,7.658729e-03,-0.1691,-0.1657,-0.0957
7.22250,0.634501,0.577875,-0.998229,3.370167e-02,3.287981e-02,7.642638e-03,-0.1685,-0.1644,-0.0955
7.22500,0.634260,0.577568,-0.998322,3.357232e-02,3.259774e-02,7.627716e-03,-0.1679,-0.1630,-0.0953
7.22750,0.634018,0.577261,-0.998416,3.343474e-02,3.229891e-02,7.612932e-03,-0.1672,-0.1615,-0.0952
7.23000,0.633775,0.576956,-0.998509,3.329401e-02,3.198406e-02,7.597195e-03,-0.1665,-0.1599,-0.0950
7.23250,0.633532,0.576651,-0.998602,3.315292e-02,3.166128e-02,7.581002e-03,-0.1658,-0.1583,-0.0948
7.23500,0.633288,0.576347,-0.998695,3.301676e-02,3.133149e-02,7.563638e-03,-0.1651,-0.1567,-0.0945
7.23750,0.633043,0.576044,-0.998787,3.288600e-02,3.099989e-02,7.545675e-03,-0.1644,-0.1550,-0.0943
7.24000,0.632797,0.575741,-0.998880,3.276428e-02,3.066987e-02,7.527482e-03,-0.1638,-0.1533,-0.0941
7.24250,0.632551,0.575440,-0.998972,3.265304e-02,3.033626e-02,7.509225e-03,-0.1633,-0.1517,-0.0939
7.24500,0.632305,0.575139,-0.999064,3.255587e-02,3.000365e-02,7.490610e-03,-0.1628,-0.1500,-0.0936
7.24750,0.632057,0.574839,-0.999156,3.247015e-02,2.967390e-02,7.472485e-03,-0.1624,-0.1484,-0.0934
7.25000,0.631809,0.574540,-0.999247,3.239871e-02,2.934941e-02,7.453969e-03,-0.1620,-0.1467,-0.0932
7.25250,0.631560,0.574241,-0.999338,3.234170e-02,2.903082e-02,7.436082e-03,-0.1617,-0.1452,-0.0930
7.25500,0.631311,0.573943,-0.999430,3.230302e-02,2.872645e-02,7.417753e-03,-0.1615,-0.1436,-0.0927
7.25750,0.631061,0.573646,-0.999520,3.228485e-02,2.843192e-02,7.398476e-03,-0.1614,-0.1422,-0.0925
7.26000,0.630811,0.573350,-0.999611,3.227976e-02,2.814853e-02,7.377784e-03,-0.1614,-0.1407,-0.0922
7.26250,0.630559,0.573055,-0.999702,3.228934e-02,2.787298e-02,7.355142e-03,-0.1614,-0.1394,-0.0919
7.26500,0.630307,0.572760,-0.999792,3.230618e-02,2.760449e-02,7.330759e-03,-0.1615,-0.1380,-0.0916
7.26750,0.630055,0.572466,-0.999882,3.233623e-02,2.734575e-02,7.303946e-03,-0.1617,-0.1367,-0.0913
7.27000,0.629802,0.572173,-0.999971,3.237727e-02,2.710017e-02,7.274562e-03,-0.1619,-0.1355,-0.0909
7.27250,0.629548,0.571881,-1.000061,3.242753e-02,2.685914e-02,7.242734e-03,-0.1621,-0.1343,-0.0905
7.27500,0.629294,0.571589,-1.000150,3.248860e-02,2.663236e-02,7.209389e-03,-0.1624,-0.1332,-0.0901
7.27750,0.629039,0.571299,-1.000239,3.255293e-02,2.641903e-02,7.175566e-03,-0.1628,-0.1321,-0.0897
7.28000,0.628783,0.571009,-1.000328,3.262071e-02,2.622376e-02,7.142110e-03,-0.1631,-0.1311,-0.0893
7.28250,0.628527,0.570719,-1.000416,3.268833e-02,2.604397e-02,7.108570e-03,-0.1634,-0.1302,-0.0889
7.28500,0.628271,0.570431,-1.000505,3.275081e-02,2.587804e-02,7.075648e-03,-0.1638,-0.1294,-0.0884
7.28750,0.628013,0.570143,-1.000593,3.280190e-02,2.572144e-02,7.043524e-03,-0.1640,-0.1286,-0.0880
7.29000,0.627756,0.569856,-1.000681,3.283839e-02,2.557876e-02,7.013656e-03,-0.1642,-0.1279,-0.0877
7.29250,0.627497,0.569570,-1.000770,3.285742e-02,2.544935e-02,6.987341e-03,-0.1643,-0.1272,-0.0873
7.29500,0.627238,0.569284,-1.000857,3.285903e-02,2.533534e-02,6.963958e-03,-0.1643,-0.1267,-0.0870
7.29750,0.626979,0.568999,-1.000945,3.284960e-02,2.524569e-02,6.944616e-03,-0.1642,-0.1262,-0.0868
7.30000,0.626719,0.568715,-1.001033,3.283387e-02,2.518562e-02,6.928612e-03,-0.1642,-0.1259,-0.0866
7.30250,0.626458,0.568432,-1.001121,3.281638e-02,2.515739e-02,6.915275e-03,-0.1641,-0.1258,-0.0864
7.30500,0.626197,0.568150,-1.001208,3.280171e-02,2.516030e-02,6.903105e-03,-0.1640,-0.1258,-0.0863
7.30750,0.625935,0.567868,-1.001295,3.278957e-02,2.519388e-02,6.892466e-03,-0.1639,-0.1260,-0.0862
7.31000,0.625673,0.567587,-1.001383,3.278056e-02,2.525738e-02,6.883201e-03,-0.1639,-0.1263,-0.0860
7.31250,0.625410,0.567307,-1.001470,3.277555e-02,2.534891e-02,6.876035e-03,-0.1639,-0.1267,-0.0860
7.31500,0.625146,0.567028,-1.001557,3.277535e-02,2.546644e-02,6.870444e-03,-0.1639,-0.1273,-0.0859
7.31750,0.624882,0.566749,-1.001644,3.278366e-02,2.560931e-02,6.865846e-03,-0.1639,-0.1280,-0.0858
7.32000,0.624618,0.566471,-1.001730,3.280072e-02,2.576990e-02,6.861339e-03,-0.1640,-0.1288,-0.0858
7.32250,0.624353,0.566194,-1.001817,3.282900e-02,2.594507e-02,6.856547e-03,-0.1641,-0.1297,-0.0857
7.32500,0.624087,0.565918,-1.001903,3.286165e-02,2.613053e-02,6.851334e-03,-0.1643,-0.1307,-0.0856
7.32750,0.623821,0.565643,-1.001990,3.289892e-02,2.631858e-02,6.846085e-03,-0.1645,-0.1316,-0.0856
7.33000,0.623555,0.565368,-1.002076,3.293941e-02,2.649697e-02,6.839987e-03,-0.1647,-0.1325,-0.0855
7.33250,0.623287,0.565094,-1.002162,3.297871e-02,2.666105e-02,6.834433e-03,-0.1649,-0.1333,-0.0854
7.33500,0.623020,0.564821,-1.002248,3.301266e-02,2.680130e-02,6.828983e-03,-0.1651,-0.1340,-0.0854
7.33750,0.622752,0.564549,-1.002333,3.303885e-02,2.691398e-02,6.822925e-03,-0.1652,-0.1346,-0.0853
7.34000,0.622483,0.564278,-1.002419,3.305291e-02,2.699977e-02,6.816564e-03,-0.1653,-0.1350,-0.0852
7.34250,0.622214,0.564007,-1.002504,3.305844e-02,2.705699e-02,6.809495e-03,-0.1653,-0.1353,-0.0851
7.34500,0.621944,0.563738,-1.002589,3.305643e-02,2.708794e-02,6.802214e-03,-0.1653,-0.1354,-0.0850
7.34750,0.621674,0.563469,-1.002674,3.304479e-02,2.708558e-02,6.793839e-03,-0.1652,-0.1354,-0.0849
7.35000,0.621403,0.563201,-1.002759,3.301748e-02,2.704448e-02,6.785265e-03,-0.1651,-0.1352,-0.0848
7.35250,0.621132,0.562934,-1.002843,3.297115e-02,2.696170e-02,6.776626e-03,-0.1649,-0.1348,-0.0847
7.35500,0.620861,0.562667,-1.002928,3.290295e-02,2.683617e-02,6.769135e-03,-0.1645,-0.1342,-0.0846
7.35750,0.620589,0.562402,-1.003012,3.281419e-02,2.667545e-02,6.762731e-03,-0.1641,-0.1334,-0.0845
7.36000,0.620316,0.562137,-1.003096,3.270937e-02,2.648056e-02,6.757071e-03,-0.1635,-0.1324,-0.0845
7.36250,0.620043,0.561873,-1.003180,3.258922e-02,2.625170e-02,6.751690e-03,-0.1629,-0.1313,-0.0844
7.36500,0.619769,0.561610,-1.003264,3.245773e-02,2.599237e-02,6.746302e-03,-0.1623,-0.1300,-0.0843
7.36750,0.619495,0.561348,-1.003348,3.231795e-02,2.570860e-02,6.740507e-03,-0.1616,-0.1285,-0.0843
7.37000,0.619221,0.561086,-1.003431,3.217613e-02,2.540277e-02,6.733994e-03,-0.1609,-0.1270,-0.0842
7.37250,0.618946,0.560825,-1.003514,3.203768e-02,2.507832e-02,6.726330e-03,-0.1602,-0.1254,-0.0841
7.37500,0.618670,0.560565,-1.003598,3.190175e-02,2.474355e-02,6.718045e-03,-0.1595,-0.1237,-0.0840
7.37750,0.618394,0.560306,-1.003681,3.177135e-02,2.440106e-02,6.708643e-03,-0.1589,-0.1220,-0.0839
7.38000,0.618118,0.560048,-1.003763,3.164805e-02,2.405272e-02,6.697803e-03,-0.1582,-0.1203,-0.0837
7.38250,0.617841,0.559790,-1.003846,3.153413e-02,2.370436e-02,6.685572e-03,-0.1577,-0.1185,-0.0836
7.38500,0.617563,0.559533,-1.003929,3.143455e-02,2.335838e-02,6.673047e-03,-0.1572,-0.1168,-0.0834
7.38750,0.617285,0.559277,-1.004011,3.135347e-02,2.301636e-02,6.659654e-03,-0.1568,-0.1151,-0.0832
7.39000,0.617007,0.559022,-1.004093,3.128610e-02,2.267975e-02,6.646311e-03,-0.1564,-0.1134,-0.0831
7.39250,0.616728,0.558768,-1.004175,3.123013e-02,2.234948e-02,6.632642e-03,-0.1562,-0.1117,-0.0829
7.39500,0.616449,0.558514,-1.004257,3.118625e-02,2.203009e-02,6.620139e-03,-0.1559,-0.1102,-0.0828
7.39750,0.616169,0.558261,-1.004339,3.115511e-02,2.172181e-02,6.607624e-03,-0.1558,-0.1086,-0.0826
7.40000,0.615889,0.558008,-1.004420,3.113432e-02,2.141991e-02,6.594549e-03,-0.1557,-0.1071,-0.0824
7.40250,0.615608,0.557757,-1.004502,3.112425e-02,2.112598e-02,6.580238e-03,-0.1556,-0.1056,-0.0823
7.40500,0.615327,0.557506,-1.004583,3.112887e-02,2.083597e-02,6.563549e-03,-0.1556,-0.1042,-0.0820
7.40750,0.615045,0.557256,-1.004664,3.114913e-02,2.055280e-02,6.544694e-03,-0.1557,-0.1028,-0.0818
7.41000,0.614763,0.557007,-1.004745,3.118935e-02,2.027927e-02,6.523265e-03,-0.1559,-0.1014,-0.0815
7.41250,0.614481,0.556758,-1.004825,3.124142e-02,2.001660e-02,6.500287e-03,-0.1562,-0.1001,-0.0813
7.41500,0.614198,0.556511,-1.004906,3.130412e-02,1.976428e-02,6.476312e-03,-0.1565,-0.0988,-0.0810
7.41750,0.613915,0.556263,-1.004986,3.137471e-02,1.952447e-02,6.451626e-03,-0.1569,-0.0976,-0.0806
7.42000,0.613631,0.556017,-1.005066,3.145429e-02,1.930223e-02,6.425717e-03,-0.1573,-0.0965,-0.0803
7.42250,0.613347,0.555772,-1.005146,3.154127e-02,1.910326e-02,6.398756e-03,-0.1577,-0.0955,-0.0800
7.42500,0.613062,0.555527,-1.005226,3.163184e-02,1.892409e-02,6.371115e-03,-0.1582,-0.0946,-0.0796
7.42750,0.612777,0.555282,-1.005305,3.172130e-02,1.876462e-02,6.343737e-03,-0.1586,-0.0938,-0.0793
7.43000,0.612491,0.555039,-1.005385,3.181054e-02,1.862457e-02,6.317577e-03,-0.1591,-0.0931,-0.0790
7.43250,0.612206,0.554796,-1.005464,3.189557e-02,1.850238e-02,6.293136e-03,-0.1595,-0.0925,-0.0787
7.43500,0.611919,0.554554,-1.005544,3.197454e-02,1.839501e-02,6.270827e-03,-0.1599,-0.0920,-0.0784
7.43750,0.611633,0.554313,-1.005623,3.204704e-02,1.831109e-02,6.251403e-03,-0.1602,-0.0916,-0.0781
7.44000,0.611346,0.554073,-1.005702,3.211184e-02,1.824436e-02,6.234454e-03,-0.1606,-0.0912,-0.0779
7.44250,0.611058,0.553833,-1.005781,3.216930e-02,1.819868e-02,6.219746e-03,-0.1608,-0.0910,-0.0777
7.44500,0.610770,0.553594,-1.005860,3.221700e-02,1.817384e-02,6.206531e-03,-0.1611,-0.0909,-0.0776
7.44750,0.610482,0.553356,-1.005939,3.225557e-02,1.817215e-02,6.194349e-03,-0.1613,-0.0909,-0.0774
7.45000,0.610193,0.553118,-1.006018,3.228800e-02,1.818841e-02,6.183009e-03,-0.1614,-0.0909,-0.0773
7.45250,0.609904,0.552881,-1.006096,3.231818e-02,1.822775e-02,6.172928e-03,-0.1616,-0.0911,-0.0772
7.45500,0.609615,0.552645,-1.006175,3.234854e-02,1.828413e-02,6.164123e-03,-0.1617,-0.0914,-0.0771
7.45750,0.609325,0.552410,-1.006254,3.238350e-02,1.835847e-02,6.156669e-03,-0.1619,-0.0918,-0.0770
7.46000,0.609035,0.552176,-1.006332,3.242453e-02,1.844828e-02,6.150036e-03,-0.1621,-0.0922,-0.0769
7.46250,0.608744,0.551942,-1.006410,3.246491e-02,1.855267e-02,6.144402e-03,-0.1623,-0.0928,-0.0768
7.46500,0.608454,0.551709,-1.006488,3.251465e-02,1.867245e-02,6.139617e-03,-0.1626,-0.0934,-0.0767
7.46750,0.608162,0.551477,-1.006567,3.257610e-02,1.880634e-02,6.135756e-03,-0.1629,-0.0940,-0.0767
7.47000,0.607871,0.551245,-1.006644,3.264694e-02,1.894877e-02,6.132669e-03,-0.1632,-0.0947,-0.0767
7.47250,0.607579,0.551014,-1.006722,3.272980e-02,1.909571e-02,6.129498e-03,-0.1636,-0.0955,-0.0766
7.47500,0.607286,0.550784,-1.006800,3.281883e-02,1.924236e-02,6.126727e-03,-0.1641,-0.0962,-0.0766
7.47750,0.606994,0.550555,-1.006877,3.291180e-02,1.938817e-02,6.124223e-03,-0.1646,-0.0969,-0.0766
7.48000,0.606701,0.550327,-1.006955,3.300382e-02,1.952786e-02,6.121691e-03,-0.1650,-0.0976,-0.0765
7.48250,0.606407,0.550099,-1.007032,3.309382e-02,1.965506e-02,6.117594e-03,-0.1655,-0.0983,-0.0765
7.48500,0.606114,0.549873,-1.007109,3.317920e-02,1.976669e-02,6.112702e-03,-0.1659,-0.0988,-0.0764
7.48750,0.605820,0.549647,-1.007186,3.325831e-02,1.985265e-02,6.106533e-03,-0.1663,-0.0993,-0.0763
7.49000,0.605525,0.549421,-1.007263,3.332551e-02,1.991079e-02,6.100071e-03,-0.1666,-0.0996,-0.0763
7.49250,0.605230,0.549197,-1.007339,3.337399e-02,1.993139e-02,6.093255e-03,-0.1669,-0.0997,-0.0762
7.49500,0.604935,0.548973,-1.007415,3.340270e-02,1.991153e-02,6.087230e-03,-0.1670,-0.0996,-0.0761
7.49750,0.604640,0.548751,-1.007492,3.340876e-02,1.984784e-02,6.081472e-03,-0.1670,-0.0992,-0.0760
7.50000,0.604344,0.548529,-1.007568,3.339413e-02,1.973904e-02,6.076253e-03,-0.1670,-0.0987,-0.0760
7.50250,0.604048,0.548307,-1.007643,3.335651e-02,1.958550e-02,6.071237e-03,-0.1668,-0.0979,-0.0759
7.50500,0.603752,0.548087,-1.007719,3.329853e-02,1.939058e-02,6.067300e-03,-0.1665,-0.0970,-0.0758
7.50750,0.603455,0.547867,-1.007795,3.322214e-02,1.915829e-02,6.063491e-03,-0.1661,-0.0958,-0.0758
7.51000,0.603158,0.547648,-1.007870,3.312863e-02,1.889563e-02,6.060379e-03,-0.1656,-0.0945,-0.0758
7.51250,0.602861,0.547430,-1.007945,3.302153e-02,1.860972e-02,6.056820e-03,-0.1651,-0.0930,-0.0757
7.51500,0.602564,0.547213,-1.008020,3.290281e-02,1.831061e-02,6.052954e-03,-0.1645,-0.0916,-0.0757
7.51750,0.602266,0.546996,-1.008095,3.277743e-02,1.799688e-02,6.048223e-03,-0.1639,-0.0900,-0.0756
7.52000,0.601967,0.546780,-1.008170,3.265426e-02,1.767869e-02,6.042257e-03,-0.1633,-0.0884,-0.0755
7.52250,0.601669,0.546565,-1.008244,3.253646e-02,1.735779e-02,6.035064e-03,-0.1627,-0.0868,-0.0754
7.52500,0.601370,0.546351,-1.008319,3.243014e-02,1.704252e-02,6.027622e-03,-0.1622,-0.0852,-0.0753
7.52750,0.601071,0.546137,-1.008393,3.233532e-02,1.673499e-02,6.020370e-03,-0.1617,-0.0837,-0.0753
7.53000,0.600771,0.545925,-1.008467,3.225237e-02,1.644014e-02,6.012814e-03,-0.1613,-0.0822,-0.0752
7.53250,0.600471,0.545713,-1.008541,3.218337e-02,1.615024e-02,6.004354e-03,-0.1609,-0.0808,-0.0751
7.53500,0.600171,0.545501,-1.008615,3.212918e-02,1.587087e-02,5.994887e-03,-0.1606,-0.0794,-0.0749
7.53750,0.599871,0.545291,-1.008689,3.208848e-02,1.559602e-02,5.984244e-03,-0.1604,-0.0780,-0.0748
7.54000,0.599570,0.545081,-1.008763,3.205864e-02,1.532865e-02,5.972516e-03,-0.1603,-0.0766,-0.0747
7.54250,0.599269,0.544872,-1.008836,3.204521e-02,1.506642e-02,5.959369e-03,-0.1602,-0.0753,-0.0745
7.54500,0.598968,0.544663,-1.008909,3.205448e-02,1.481282e-02,5.944932e-03,-0.1603,-0.0741,-0.0743
7.54750,0.598666,0.544455,-1.008982,3.208785e-02,1.456893e-02,5.929304e-03,-0.1604,-0.0728,-0.0741
7.55000,0.598364,0.544248,-1.009056,3.213340e-02,1.434001e-02,5.913028e-03,-0.1607,-0.0717,-0.0739
7.55250,0.598062,0.544042,-1.009128,3.218861e-02,1.412239e-02,5.895904e-03,-0.1609,-0.0706,-0.0737
7.55500,0.597759,0.543837,-1.009201,3.225162e-02,1.391929e-02,5.877776e-03,-0.1613,-0.0696,-0.0735
7.55750,0.597456,0.543632,-1.009274,3.232070e-02,1.373400e-02,5.858855e-03,-0.1616,-0.0687,-0.0732
7.56000,0.597153,0.543428,-1.009347,3.239828e-02,1.356505e-02,5.839414e-03,-0.1620,-0.0678,-0.0730
7.56250,0.596850,0.543224,-1.009419,3.247988e-02,1.341326e-02,5.820408e-03,-0.1624,-0.0671,-0.0728
7.56500,0.596546,0.543022,-1.009492,3.256532e-02,1.328177e-02,5.802164e-03,-0.1628,-0.0664,-0.0725
7.56750,0.596242,0.542820,-1.009564,3.264977e-02,1.316124e-02,5.785414e-03,-0.1632,-0.0658,-0.0723
7.57000,0.595938,0.542618,-1.009636,3.272958e-02,1.305823e-02,5.770233e-03,-0.1636,-0.0653,-0.0721
7.57250,0.595633,0.542418,-1.009709,3.280279e-02,1.296426e-02,5.756583e-03,-0.1640,-0.0648,-0.0720
7.57500,0.595328,0.542218,-1.009781,3.286454e-02,1.288254e-02,5.744711e-03,-0.1643,-0.0644,-0.0718
7.57750,0.595023,0.542019,-1.009853,3.290836e-02,1.280771e-02,5.734326e-03,-0.1645,-0.0640,-0.0717
7.58000,0.594718,0.541821,-1.009925,3.292880e-02,1.274090e-02,5.725466e-03,-0.1646,-0.0637,-0.0716
7.58250,0.594412,0.541623,-1.009997,3.292910e-02,1.268179e-02,5.718091e-03,-0.1646,-0.0634,-0.0715
7.58500,0.594106,0.541426,-1.010069,3.291097e-02,1.262541e-02,5.712602e-03,-0.1646,-0.0631,-0.0714
7.58750,0.593800,0.541230,-1.010141,3.287424e-02,1.257147e-02,5.708422e-03,-0.1644,-0.0629,-0.0714
7.59000,0.593494,0.541034,-1.010213,3.282136e-02,1.251774e-02,5.705549e-03,-0.1641,-0.0626,-0.0713
7.59250,0.593187,0.540839,-1.010285,3.276309e-02,1.246881e-02,5.704385e-03,-0.1638,-0.0623,-0.0713
7.59500,0.592881,0.540645,-1.010357,3.271064e-02,1.242739e-02,5.704871e-03,-0.1636,-0.0621,-0.0713
7.59750,0.592573,0.540452,-1.010429,3.266449e-02,1.238939e-02,5.706239e-03,-0.1633,-0.0619,-0.0713
7.60000,0.592266,0.540259,-1.010500,3.262618e-02,1.235976e-02,5.707729e-03,-0.1631,-0.0618,-0.0713
7.60250,0.591958,0.540068,-1.010572,3.260108e-02,1.233304e-02,5.709046e-03,-0.1630,-0.0617,-0.0714
7.60500,0.591651,0.539876,-1.010643,3.259209e-02,1.231521e-02,5.709724e-03,-0.1630,-0.0616,-0.0714
7.60750,0.591342,0.539686,-1.010715,3.259760e-02,1.230076e-02,5.710059e-03,-0.1630,-0.0615,-0.0714
7.61000,0.591034,0.539496,-1.010786,3.261463e-02,1.228838e-02,5.710159e-03,-0.1631,-0.0614,-0.0714
7.61250,0.590725,0.539307,-1.010857,3.264112e-02,1.227528e-02,5.710203e-03,-0.1632,-0.0614,-0.0714
7.61500,0.590417,0.539119,-1.010928,3.268126e-02,1.226635e-02,5.708962e-03,-0.1634,-0.0613,-0.0714
7.61750,0.590108,0.538932,-1.010999,3.273109e-02,1.225795e-02,5.707222e-03,-0.1637,-0.0613,-0.0713
7.62000,0.589798,0.538745,-1.011070,3.278897e-02,1.225575e-02,5.705409e-03,-0.1639,-0.0613,-0.0713
7.62250,0.589489,0.538559,-1.011141,3.285182e-02,1.225154e-02,5.703529e-03,-0.1643,-0.0613,-0.0713
7.62500,0.589179,0.538373,-1.011212,3.291436e-02,1.223876e-02,5.702101e-03,-0.1646,-0.0612,-0.0713
7.62750,0.588869,0.538189,-1.011283,3.297765e-02,1.221140e-02,5.701524e-03,-0.1649,-0.0611,-0.0713
7.63000,0.588559,0.538005,-1.011353,3.304022e-02,1.216038e-02,5.701187e-03,-0.1652,-0.0608,-0.0713
7.63250,0.588248,0.537822,-1.011423,3.309845e-02,1.208271e-02,5.701357e-03,-0.1655,-0.0604,-0.0713
7.63500,0.587938,0.537640,-1.011494,3.314526e-02,1.197701e-02,5.701996e-03,-0.1657,-0.0599,-0.0713
7.63750,0.587627,0.537458,-1.011564,3.317858e-02,1.184424e-02,5.703360e-03,-0.1659,-0.0592,-0.0713
7.64000,0.587316,0.537277,-1.011634,3.319965e-02,1.169190e-02,5.704995e-03,-0.1660,-0.0585,-0.0713
7.64250,0.587004,0.537097,-1.011703,3.320413e-02,1.151887e-02,5.706680e-03,-0.1660,-0.0576,-0.0713
7.64500,0.586693,0.536917,-1.011773,3.319922e-02,1.133085e-02,5.707935e-03,-0.1660,-0.0567,-0.0713
7.64750,0.586381,0.536739,-1.011842,3.318333e-02,1.112698e-02,5.708446e-03,-0.1659,-0.0556,-0.0714
7.65000,0.586069,0.536561,-1.011912,3.316346e-02,1.091379e-02,5.707900e-03,-0.1658,-0.0546,-0.0713
7.65250,0.585757,0.536383,-1.011981,3.314084e-02,1.069785e-02,5.706922e-03,-0.1657,-0.0535,-0.0713
7.65500,0.585444,0.536207,-1.012050,3.311710e-02,1.048010e-02,5.704348e-03,-0.1656,-0.0524,-0.0713
7.65750,0.585132,0.536031,-1.012119,3.309405e-02,1.025887e-02,5.701045e-03,-0.1655,-0.0513,-0.0713
7.66000,0.584819,0.535856,-1.012187,3.307248e-02,1.003365e-02,5.696580e-03,-0.1654,-0.0502,-0.0712
7.66250,0.584506,0.535681,-1.012256,3.305315e-02,9.803484e-03,5.690528e-03,-0.1653,-0.0490,-0.0711
7.66500,0.584193,0.535508,-1.012324,3.303238e-02,9.573355e-03,5.683454e-03,-0.1652,-0.0479,-0.0710
7.66750,0.583880,0.535335,-1.012392,3.301647e-02,9.344527e-03,5.675343e-03,-0.1651,-0.0467,-0.0709
7.67000,0.583566,0.535162,-1.012460,3.300955e-02,9.120834e-03,5.666384e-03,-0.1650,-0.0456,-0.0708
7.67250,0.583252,0.534991,-1.012528,3.301602e-02,8.900749e-03,5.656158e-03,-0.1651,-0.0445,-0.0707
7.67500,0.582938,0.534820,-1.012595,3.303330e-02,8.692075e-03,5.644659e-03,-0.1652,-0.0435,-0.0706
7.67750,0.582624,0.534649,-1.012663,3.306029e-02,8.499680e-03,5.632099e-03,-0.1653,-0.0425,-0.0704
7.68000,0.582310,0.534480,-1.012730,3.309345e-02,8.325949e-03,5.618308e-03,-0.1655,-0.0416,-0.0702
7.68250,0.581995,0.534311,-1.012798,3.313804e-02,8.175219e-03,5.604086e-03,-0.1657,-0.0409,-0.0701
7.68500,0.581680,0.534143,-1.012865,3.319560e-02,8.047023e-03,5.590206e-03,-0.1660,-0.0402,-0.0699
7.68750,0.581365,0.533975,-1.012932,3.326740e-02,7.943178e-03,5.575846e-03,-0.1663,-0.0397,-0.0697
7.69000,0.581050,0.533808,-1.012999,3.335159e-02,7.863230e-03,5.561869e-03,-0.1668,-0.0393,-0.0695
7.69250,0.580735,0.533642,-1.013066,3.344665e-02,7.802056e-03,5.548426e-03,-0.1672,-0.0390,-0.0694
7.69500,0.580420,0.533477,-1.013133,3.354829e-02,7.760869e-03,5.535656e-03,-0.1677,-0.0388,-0.0692
7.69750,0.580104,0.533312,-1.013200,3.365705e-02,7.740086e-03,5.522884e-03,-0.1683,-0.0387,-0.0690
7.70000,0.579788,0.533148,-1.013267,3.376798e-02,7.737415e-03,5.510464e-03,-0.1688,-0.0387,-0.0689
7.70250,0.579472,0.532984,-1.013334,3.388020e-02,7.750918e-03,5.498585e-03,-0.1694,-0.0388,-0.0687
7.70500,0.579156,0.532822,-1.013401,3.398751e-02,7.781936e-03,5.487056e-03,-0.1699,-0.0389,-0.0686
7.70750,0.578840,0.532660,-1.013468,3.409053e-02,7.823052e-03,5.476309e-03,-0.1705,-0.0391,-0.0685
7.71000,0.578523,0.532499,-1.013534,3.418737e-02,7.870692e-03,5.466249e-03,-0.1709,-0.0394,-0.0683
7.71250,0.578207,0.532338,-1.013601,3.427560e-02,7.922164e-03,5.456915e-03,-0.1714,-0.0396,-0.0682
7.71500,0.577890,0.532178,-1.013668,3.435605e-02,7.975169e-03,5.449551e-03,-0.1718,-0.0399,-0.0681
7.71750,0.577573,0.532019,-1.013734,3.442882e-02,8.027021e-03,5.444447e-03,-0.1721,-0.0401,-0.0681
7.72000,0.577256,0.531861,-1.013801,3.449604e-02,8.071766e-03,5.441330e-03,-0.1725,-0.0404,-0.0680
7.72250,0.576939,0.531703,-1.013868,3.455537e-02,8.109005e-03,5.440393e-03,-0.1728,-0.0405,-0.0680
7.72500,0.576622,0.531546,-1.013934,3.460260e-02,8.132855e-03,5.440972e-03,-0.1730,-0.0407,-0.0680
7.72750,0.576304,0.531390,-1.014000,3.463654e-02,8.144395e-03,5.442184e-03,-0.1732,-0.0407,-0.0680
7.73000,0.575987,0.531234,-1.014067,3.465682e-02,8.139779e-03,5.444056e-03,-0.1733,-0.0407,-0.0681
7.73250,0.575669,0.531079,-1.014133,3.466545e-02,8.119610e-03,5.446379e-03,-0.1733,-0.0406,-0.0681
7.73500,0.575351,0.530925,-1.014199,3.466108e-02,8.075291e-03,5.449962e-03,-0.1733,-0.0404,-0.0681
7.73750,0.575033,0.530772,-1.014265,3.464224e-02,8.009448e-03,5.454639e-03,-0.1732,-0.0400,-0.0682
7.74000,0.574715,0.530619,-1.014331,3.461146e-02,7.919249e-03,5.460023e-03,-0.1731,-0.0396,-0.0683
7.74250,0.574397,0.530467,-1.014397,3.456999e-02,7.816665e-03,5.465575e-03,-0.1728,-0.0391,-0.0683
7.74500,0.574078,0.530316,-1.014463,3.451820e-02,7.696753e-03,5.471709e-03,-0.1726,-0.0385,-0.0684
7.74750,0.573760,0.530165,-1.014529,3.445976e-02,7.564503e-03,5.478721e-03,-0.1723,-0.0378,-0.0685
7.75000,0.573441,0.530015,-1.014594,3.439577e-02,7.416295e-03,5.486465e-03,-0.1720,-0.0371,-0.0686
7.75250,0.573122,0.529866,-1.014660,3.433088e-02,7.250025e-03,5.495016e-03,-0.1717,-0.0363,-0.0687
7.75500,0.572803,0.529718,-1.014725,3.426434e-02,7.059783e-03,5.504110e-03,-0.1713,-0.0353,-0.0688
7.75750,0.572484,0.529570,-1.014791,3.419965e-02,6.851594e-03,5.513274e-03,-0.1710,-0.0343,-0.0689
7.76000,0.572165,0.529423,-1.014856,3.413499e-02,6.629855e-03,5.522871e-03,-0.1707,-0.0331,-0.0690
7.76250,0.571846,0.529277,-1.014921,3.406957e-02,6.398023e-03,5.532794e-03,-0.1703,-0.0320,-0.0692
7.76500,0.571526,0.529131,-1.014986,3.400504e-02,6.161329e-03,5.542830e-03,-0.1700,-0.0308,-0.0693
7.76750,0.571207,0.528986,-1.015051,3.394365e-02,5.929660e-03,5.551854e-03,-0.1697,-0.0296,-0.0694
7.77000,0.570887,0.528842,-1.015116,3.388699e-02,5.690032e-03,5.560628e-03,-0.1694,-0.0285,-0.0695
7.77250,0.570567,0.528698,-1.015181,3.383806e-02,5.457083e-03,5.568097e-03,-0.1692,-0.0273,-0.0696
7.77500,0.570247,0.528555,-1.015245,3.379464e-02,5.230219e-03,5.574453e-03,-0.1690,-0.0262,-0.0697
7.77750,0.569927,0.528413,-1.015310,3.376128e-02,5.013293e-03,5.578827e-03,-0.1688,-0.0251,-0.0697
7.78000,0.569607,0.528272,-1.015374,3.373777e-02,4.802175e-03,5.581449e-03,-0.1687,-0.0240,-0.0698
7.78250,0.569286,0.528131,-1.015438,3.372387e-02,4.594062e-03,5.582596e-03,-0.1686,-0.0230,-0.0698
7.78500,0.568966,0.527991,-1.015502,3.371874e-02,4.387418e-03,5.581936e-03,-0.1686,-0.0219,-0.0698
7.78750,0.568645,0.527851,-1.015565,3.372464e-02,4.186832e-03,5.580124e-03,-0.1686,-0.0209,-0.0698
7.79000,0.568324,0.527712,-1.015629,3.374635e-02,3.994817e-03,5.576864e-03,-0.1687,-0.0200,-0.0697
7.79250,0.568004,0.527574,-1.015692,3.378012e-02,3.812249e-03,5.572372e-03,-0.1689,-0.0191,-0.0697
7.79500,0.567683,0.527436,-1.015756,3.382978e-02,3.633792e-03,5.566044e-03,-0.1691,-0.0182,-0.0696
7.79750,0.567361,0.527300,-1.015819,3.389371e-02,3.462260e-03,5.558099e-03,-0.1695,-0.0173,-0.0695
7.80000,0.567040,0.527163,-1.015882,3.397238e-02,3.303300e-03,5.548153e-03,-0.1699,-0.0165,-0.0694
7.80250,0.566719,0.527028,-1.015945,3.406641e-02,3.163235e-03,5.536528e-03,-0.1703,-0.0158,-0.0692
7.80500,0.566397,0.526893,-1.016008,3.417142e-02,3.045686e-03,5.523499e-03,-0.1709,-0.0152,-0.0690
7.80750,0.566076,0.526759,-1.016070,3.428332e-02,2.944781e-03,5.510195e-03,-0.1714,-0.0147,-0.0689
7.81000,0.565754,0.526625,-1.016133,3.440456e-02,2.859046e-03,5.496608e-03,-0.1720,-0.0143,-0.0687
7.81250,0.565433,0.526492,-1.016196,3.452381e-02,2.787561e-03,5.483339e-03,-0.1726,-0.0139,-0.0685
7.81500,0.565111,0.526360,-1.016258,3.463867e-02,2.723509e-03,5.470823e-03,-0.1732,-0.0136,-0.0684
7.81750,0.564789,0.526228,-1.016321,3.474084e-02,2.671748e-03,5.459479e-03,-0.1737,-0.0134,-0.0682
7.82000,0.564467,0.526097,-1.016383,3.482287e-02,2.629847e-03,5.449454e-03,-0.1741,-0.0131,-0.0681
7.82250,0.564145,0.525967,-1.016446,3.488332e-02,2.596832e-03,5.440812e-03,-0.1744,-0.0130,-0.0680
7.82500,0.563822,0.525837,-1.016508,3.492089e-02,2.570997e-03,5.434217e-03,-0.1746,-0.0129,-0.0679
7.82750,0.563500,0.525708,-1.016571,3.493989e-02,2.555777e-03,5.429250e-03,-0.1747,-0.0128,-0.0679
7.83000,0.563178,0.525580,-1.016633,3.493839e-02,2.545289e-03,5.425703e-03,-0.1747,-0.0127,-0.0678
7.83250,0.562855,0.525452,-1.016695,3.492114e-02,2.536739e-03,5.424050e-03,-0.1746,-0.0127,-0.0678
7.83500,0.562533,0.525325,-1.016758,3.489383e-02,2.534838e-03,5.423167e-03,-0.1745,-0.0127,-0.0678
7.83750,0.562210,0.525199,-1.016820,3.486233e-02,2.538469e-03,5.423517e-03,-0.1743,-0.0127,-0.0678
7.84000,0.561888,0.525074,-1.016882,3.482767e-02,2.547008e-03,5.424400e-03,-0.1741,-0.0127,-0.0678
7.84250,0.561565,0.524949,-1.016944,3.478990e-02,2.554088e-03,5.426490e-03,-0.1739,-0.0128,-0.0678
7.84500,0.561242,0.524824,-1.017007,3.475686e-02,2.558994e-03,5.428835e-03,-0.1738,-0.0128,-0.0679
7.84750,0.560919,0.524701,-1.017069,3.472628e-02,2.564258e-03,5.431236e-03,-0.1736,-0.0128,-0.0679
7.85000,0.560596,0.524578,-1.017131,3.469689e-02,2.566773e-03,5.434013e-03,-0.1735,-0.0128,-0.0679
7.85250,0.560273,0.524456,-1.017193,3.467006e-02,2.567439e-03,5.436998e-03,-0.1734,-0.0128,-0.0680
7.85500,0.559950,0.524334,-1.017255,3.464601e-02,2.565773e-03,5.440255e-03,-0.1732,-0.0128,-0.0680
7.85750,0.559627,0.524213,-1.017317,3.462765e-02,2.555462e-03,5.443908e-03,-0.1731,-0.0128,-0.0680
7.86000,0.559303,0.524093,-1.017379,3.461064e-02,2.535313e-03,5.448673e-03,-0.1731,-0.0127,-0.0681
7.86250,0.558980,0.523973,-1.017441,3.459496e-02,2.506287e-03,5.454611e-03,-0.1730,-0.0125,-0.0682
7.86500,0.558656,0.523855,-1.017503,3.458606e-02,2.471925e-03,5.460390e-03,-0.1729,-0.0124,-0.0683
7.86750,0.558333,0.523736,-1.017565,3.458419e-02,2.433939e-03,5.466358e-03,-0.1729,-0.0122,-0.0683
7.87000,0.558009,0.523619,-1.017626,3.459240e-02,2.386352e-03,5.472773e-03,-0.1730,-0.0119,-0.0684
7.87250,0.557685,0.523502,-1.017688,3.460815e-02,2.329930e-03,5.479411e-03,-0.1730,-0.0116,-0.0685
7.87500,0.557362,0.523386,-1.017750,3.462812e-02,2.253881e-03,5.486327e-03,-0.1731,-0.0113,-0.0686
7.87750,0.557038,0.523271,-1.017811,3.464821e-02,2.159230e-03,5.494020e-03,-0.1732,-0.0108,-0.0687
7.88000,0.556714,0.523156,-1.017873,3.466824e-02,2.042070e-03,5.502318e-03,-0.1733,-0.0102,-0.0688
7.88250,0.556390,0.523042,-1.017934,3.468460e-02,1.904245e-03,5.511568e-03,-0.1734,-0.0095,-0.0689
7.88500,0.556066,0.522928,-1.017995,3.469177e-02,1.749441e-03,5.521749e-03,-0.1735,-0.0087,-0.0690
7.88750,0.555742,0.522816,-1.018057,3.469163e-02,1.577175e-03,5.532679e-03,-0.1735,-0.0079,-0.0692
7.89000,0.555418,0.522703,-1.018118,3.468340e-02,1.389839e-03,5.544231e-03,-0.1734,-0.0069,-0.0693
7.89250,0.555093,0.522592,-1.018179,3.466884e-02,1.184508e-03,5.556208e-03,-0.1733,-0.0059,-0.0695
7.89500,0.554769,0.522481,-1.018239,3.464883e-02,9.675720e-04,5.568031e-03,-0.1732,-0.0048,-0.0696
7.89750,0.554445,0.522371,-1.018300,3.462450e-02,7.416267e-04,5.579612e-03,-0.1731,-0.0037,-0.0697
7.90000,0.554120,0.522262,-1.018361,3.460091e-02,5.123542e-04,5.589840e-03,-0.1730,-0.0026,-0.0699
7.90250,0.553796,0.522153,-1.018421,3.457935e-02,2.784949e-04,5.598720e-03,-0.1729,-0.0014,-0.0700
7.90500,0.553471,0.522045,-1.018481,3.456055e-02,3.858387e-05,5.606212e-03,-0.1728,-0.0002,-0.0701
7.90750,0.553147,0.521937,-1.018541,3.455098e-02,-1.977192e-04,5.612796e-03,-0.1728,0.0010,-0.0702
7.91000,0.552822,0.521830,-1.018601,3.455323e-02,-4.295467e-04,5.617633e-03,-0.1728,0.0021,-0.0702
7.91250,0.552497,0.521724,-1.018661,3.456736e-02,-6.535992e-04,5.620634e-03,-0.1728,0.0033,-0.0703
7.91500,0.552173,0.521619,-1.018721,3.459315e-02,-8.696412e-04,5.622105e-03,-0.1730,0.0043,-0.0703
7.91750,0.551848,0.521514,-1.018780,3.462671e-02,-1.077574e-03,5.622069e-03,-0.1731,0.0054,-0.0703
7.92000,0.551523,0.521409,-1.018840,3.467289e-02,-1.272150e-03,5.620228e-03,-0.1734,0.0064,-0.0703
7.92250,0.551198,0.521306,-1.018899,3.473584e-02,-1.443247e-03,5.616516e-03,-0.1737,0.0072,-0.0702
7.92500,0.550873,0.521203,-1.018958,3.481096e-02,-1.590831e-03,5.610696e-03,-0.1741,0.0080,-0.0701
7.92750,0.550548,0.521100,-1.019018,3.489529e-02,-1.707942e-03,5.603248e-03,-0.1745,0.0085,-0.0700
7.93000,0.550223,0.520998,-1.019077,3.498833e-02,-1.805300e-03,5.595138e-03,-0.1749,0.0090,-0.0699
7.93250,0.549898,0.520897,-1.019136,3.508917e-02,-1.884169e-03,5.586780e-03,-0.1754,0.0094,-0.0698
7.93500,0.549573,0.520797,-1.019195,3.519271e-02,-1.949288e-03,5.578601e-03,-0.1760,0.0097,-0.0697
7.93750,0.549248,0.520697,-1.019254,3.529489e-02,-1.998117e-03,5.570939e-03,-0.1765,0.0100,-0.0696
7.94000,0.548922,0.520597,-1.019312,3.539038e-02,-2.027326e-03,5.563626e-03,-0.1770,0.0101,-0.0695
7.94250,0.548597,0.520499,-1.019371,3.547423e-02,-2.043468e-03,5.556592e-03,-0.1774,0.0102,-0.0695
7.94500,0.548272,0.520401,-1.019430,3.555273e-02,-2.041758e-03,5.549705e-03,-0.1778,0.0102,-0.0694
7.94750,0.547947,0.520303,-1.019489,3.562753e-02,-2.025462e-03,5.542770e-03,-0.1781,0.0101,-0.0693
7.95000,0.547621,0.520207,-1.019547,3.570052e-02,-1.992174e-03,5.536381e-03,-0.1785,0.0100,-0.0692
7.95250,0.547296,0.520111,-1.019606,3.577024e-02,-1.944207e-03,5.530350e-03,-0.1789,0.0097,-0.0691
7.95500,0.546971,0.520015,-1.019665,3.584238e-02,-1.883112e-03,5.524711e-03,-0.1792,0.0094,-0.0691
7.95750,0.546645,0.519920,-1.019723,3.591535e-02,-1.809763e-03,5.519315e-03,-0.1796,0.0090,-0.0690
7.96000,0.546320,0.519826,-1.019782,3.599034e-02,-1.726265e-03,5.514144e-03,-0.1800,0.0086,-0.0689
7.96250,0.545995,0.519733,-1.019841,3.606242e-02,-1.638365e-03,5.509823e-03,-0.1803,0.0082,-0.0689
7.96500,0.545669,0.519640,-1.019899,3.613012e-02,-1.554051e-03,5.506395e-03,-0.1807,0.0078,-0.0688
7.96750,0.545344,0.519548,-1.019958,3.619660e-02,-1.472876e-03,5.503411e-03,-0.1810,0.0074,-0.0688
7.97000,0.545018,0.519456,-1.020016,3.625767e-02,-1.399560e-03,5.501923e-03,-0.1813,0.0070,-0.0688
7.97250,0.544693,0.519365,-1.020075,3.631190e-02,-1.332385e-03,5.501211e-03,-0.1816,0.0067,-0.0688
7.97500,0.544367,0.519275,-1.020133,3.635761e-02,-1.278456e-03,5.502049e-03,-0.1818,0.0064,-0.0688
7.97750,0.544042,0.519186,-1.020192,3.639448e-02,-1.236914e-03,5.503552e-03,-0.1820,0.0062,-0.0688
7.98000,0.543716,0.519097,-1.020250,3.641711e-02,-1.212385e-03,5.506999e-03,-0.1821,0.0061,-0.0688
7.98250,0.543391,0.519008,-1.020308,3.642462e-02,-1.205215e-03,5.512534e-03,-0.1821,0.0060,-0.0689
7.98500,0.543066,0.518921,-1.020367,3.642096e-02,-1.222026e-03,5.520103e-03,-0.1821,0.0061,-0.0690
7.98750,0.542740,0.518834,-1.020425,3.640823e-02,-1.251903e-03,5.528928e-03,-0.1820,0.0063,-0.0691
7.99000,0.542415,0.518748,-1.020483,3.638817e-02,-1.302037e-03,5.538990e-03,-0.1819,0.0065,-0.0692
7.99250,0.542089,0.518662,-1.020541,3.636011e-02,-1.375510e-03,5.550329e-03,-0.1818,0.0069,-0.0694
7.99500,0.541764,0.518577,-1.020599,3.632299e-02,-1.473682e-03,5.562460e-03,-0.1816,0.0074,-0.0695
7.99750,0.541438,0.518493,-1.020657,3.627451e-02,-1.597013e-03,5.575765e-03,-0.1814,0.0080,-0.0697
8.00000,0.541113,0.518410,-1.020715,3.621596e-02,-1.742073e-03,5.590681e-03,-0.1811,0.0087,-0.0699
8.00250,0.540787,0.518327,-1.020773,3.614794e-02,-1.911034e-03,5.606647e-03,-0.1807,0.0096,-0.0701
8.00500,0.540462,0.518244,-1.020831,3.607145e-02,-2.098235e-03,5.623965e-03,-0.1804,0.0105,-0.0703
8.00750,0.540136,0.518163,-1.020888,3.598837e-02,-2.299554e-03,5.641716e-03,-0.1799,0.0115,-0.0705
8.01000,0.539811,0.518082,-1.020946,3.590215e-02,-2.515781e-03,5.660079e-03,-0.1795,0.0126,-0.0708
8.01250,0.539485,0.518002,-1.021003,3.581062e-02,-2.743679e-03,5.678359e-03,-0.1791,0.0137,-0.0710
8.01500,0.539160,0.517922,-1.021060,3.571832e-02,-2.981721e-03,5.696121e-03,-0.1786,0.0149,-0.0712
8.01750,0.538834,0.517843,-1.021118,3.563182e-02,-3.224801e-03,5.712228e-03,-0.1782,0.0161,-0.0714
8.02000,0.538509,0.517764,-1.021174,3.555313e-02,-3.469060e-03,5.726739e-03,-0.1778,0.0173,-0.0716
8.02250,0.538183,0.517687,-1.021231,3.548832e-02,-3.712671e-03,5.738825e-03,-0.1774,0.0186,-0.0717
8.02500,0.537858,0.517609,-1.021288,3.543974e-02,-3.953938e-03,5.749386e-03,-0.1772,0.0198,-0.0719
8.02750,0.537532,0.517533,-1.021345,3.540455e-02,-4.190582e-03,5.758273e-03,-0.1770,0.0210,-0.0720
8.03000,0.537206,0.517457,-1.021401,3.538974e-02,-4.420695e-03,5.765470e-03,-0.1769,0.0221,-0.0721
8.03250,0.536881,0.517382,-1.021458,3.539529e-02,-4.640425e-03,5.770908e-03,-0.1770,0.0232,-0.0721
8.03500,0.536555,0.517307,-1.021514,3.542015e-02,-4.850275e-03,5.775125e-03,-0.1771,0.0243,-0.0722
8.03750,0.536230,0.517233,-1.021570,3.546145e-02,-5.046127e-03,5.778082e-03,-0.1773,0.0252,-0.0722
8.04000,0.535904,0.517159,-1.021626,3.552571e-02,-5.222152e-03,5.779693e-03,-0.1776,0.0261,-0.0722
8.04250,0.535579,0.517086,-1.021682,3.561299e-02,-5.373629e-03,5.778986e-03,-0.1781,0.0269,-0.0722
8.04500,0.535253,0.517014,-1.021738,3.572103e-02,-5.498691e-03,5.776109e-03,-0.1786,0.0275,-0.0722
8.04750,0.534927,0.516943,-1.021794,3.584490e-02,-5.593421e-03,5.770919e-03,-0.1792,0.0280,-0.0721
8.05000,0.534602,0.516872,-1.021850,3.598503e-02,-5.664612e-03,5.764131e-03,-0.1799,0.0283,-0.0721
8.05250,0.534276,0.516801,-1.021906,3.613368e-02,-5.718738e-03,5.756638e-03,-0.1807,0.0286,-0.0720
8.05500,0.533951,0.516731,-1.021961,3.629004e-02,-5.761512e-03,5.748870e-03,-0.1815,0.0288,-0.0719
8.05750,0.533625,0.516662,-1.022017,3.644169e-02,-5.790775e-03,5.741680e-03,-0.1822,0.0290,-0.0718
8.06000,0.533300,0.516593,-1.022073,3.658403e-02,-5.805952e-03,5.734515e-03,-0.1829,0.0290,-0.0717
8.06250,0.532974,0.516525,-1.022128,3.671088e-02,-5.810840e-03,5.727840e-03,-0.1836,0.0291,-0.0716
8.06500,0.532649,0.516458,-1.022184,3.682363e-02,-5.806336e-03,5.721708e-03,-0.1841,0.0290,-0.0715
8.06750,0.532324,0.516391,-1.022239,3.692711e-02,-5.786171e-03,5.716002e-03,-0.1846,0.0289,-0.0715
8.07000,0.531998,0.516325,-1.022295,3.701735e-02,-5.755808e-03,5.710843e-03,-0.1851,0.0288,-0.0714
8.07250,0.531673,0.516260,-1.022351,3.709752e-02,-5.711754e-03,5.706366e-03,-0.1855,0.0286,-0.0713
8.07500,0.531348,0.516195,-1.022406,3.716773e-02,-5.660817e-03,5.702704e-03,-0.1858,0.0283,-0.0713
8.07750,0.531022,0.516130,-1.022462,3.722641e-02,-5.604639e-03,5.699797e-03,-0.1861,0.0280,-0.0712
8.08000,0.530697,0.516067,-1.022517,3.727356e-02,-5.545755e-03,5.697694e-03,-0.1864,0.0277,-0.0712
8.08250,0.530372,0.516004,-1.022573,3.730466e-02,-5.487410e-03,5.696166e-03,-0.1865,0.0274,-0.0712
8.08500,0.530047,0.515941,-1.022628,3.732016e-02,-5.434301e-03,5.695750e-03,-0.1866,0.0272,-0.0712
8.08750,0.529722,0.515880,-1.022684,3.732486e-02,-5.391973e-03,5.696668e-03,-0.1866,0.0270,-0.0712
8.09000,0.529397,0.515819,-1.022739,3.731738e-02,-5.357982e-03,5.698658e-03,-0.1866,0.0268,-0.0712
8.09250,0.529072,0.515758,-1.022794,3.730031e-02,-5.337804e-03,5.702056e-03,-0.1865,0.0267,-0.0713
8.09500,0.528747,0.515698,-1.022850,3.727645e-02,-5.331806e-03,5.706984e-03,-0.1864,0.0267,-0.0713
8.09750,0.528422,0.515639,-1.022905,3.724198e-02,-5.340271e-03,5.713025e-03,-0.1862,0.0267,-0.0714
8.10000,0.528097,0.515580,-1.022960,3.719780e-02,-5.364649e-03,5.720851e-03,-0.1860,0.0268,-0.0715
8.10250,0.527772,0.515522,-1.023016,3.714307e-02,-5.406894e-03,5.730674e-03,-0.1857,0.0270,-0.0716
8.10500,0.527447,0.515465,-1.023071,3.708145e-02,-5.466071e-03,5.742415e-03,-0.1854,0.0273,-0.0718
8.10750,0.527122,0.515408,-1.023126,3.701946e-02,-5.541819e-03,5.755758e-03,-0.1851,0.0277,-0.0719
8.11000,0.526798,0.515352,-1.023181,3.695794e-02,-5.633629e-03,5.770297e-03,-0.1848,0.0282,-0.0721
8.11250,0.526473,0.515297,-1.023236,3.689964e-02,-5.743790e-03,5.785574e-03,-0.1845,0.0287,-0.0723
8.11500,0.526148,0.515242,-1.023291,3.683882e-02,-5.874591e-03,5.801514e-03,-0.1842,0.0294,-0.0725
8.11750,0.525824,0.515188,-1.023346,3.677697e-02,-6.019704e-03,5.818159e-03,-0.1839,0.0301,-0.0727
8.12000,0.525499,0.515134,-1.023401,3.670959e-02,-6.176155e-03,5.835375e-03,-0.1835,0.0309,-0.0729
8.12250,0.525174,0.515082,-1.023456,3.663791e-02,-6.348377e-03,5.853718e-03,-0.1832,0.0317,-0.0732
8.12500,0.524850,0.515029,-1.023510,3.656168e-02,-6.532945e-03,5.872663e-03,-0.1828,0.0327,-0.0734
8.12750,0.524525,0.514978,-1.023565,3.648466e-02,-6.727087e-03,5.892769e-03,-0.1824,0.0336,-0.0737
8.13000,0.524201,0.514927,-1.023620,3.640862e-02,-6.931967e-03,5.913100e-03,-0.1820,0.0347,-0.0739
8.13250,0.523876,0.514876,-1.023674,3.633118e-02,-7.143734e-03,5.934006e-03,-0.1817,0.0357,-0.0742
8.13500,0.523552,0.514826,-1.023729,3.625077e-02,-7.365361e-03,5.955275e-03,-0.1813,0.0368,-0.0744
8.13750,0.523228,0.514777,-1.023783,3.617395e-02,-7.589904e-03,5.975626e-03,-0.1809,0.0379,-0.0747
8.14000,0.522903,0.514728,-1.023837,3.610671e-02,-7.814791e-03,5.994626e-03,-0.1805,0.0391,-0.0749
8.14250,0.522579,0.514680,-1.023891,3.605239e-02,-8.034948e-03,6.012041e-03,-0.1803,0.0402,-0.0752
8.14500,0.522255,0.514633,-1.023945,3.601472e-02,-8.248292e-03,6.027118e-03,-0.1801,0.0412,-0.0753
8.14750,0.521931,0.514586,-1.023999,3.599240e-02,-8.457853e-03,6.040572e-03,-0.1800,0.0423,-0.0755
8.15000,0.521606,0.514540,-1.024053,3.598792e-02,-8.659151e-03,6.051782e-03,-0.1799,0.0433,-0.0756
8.15250,0.521282,0.514494,-1.024107,3.600398e-02,-8.850503e-03,6.061375e-03,-0.1800,0.0443,-0.0758
8.15500,0.520958,0.514449,-1.024160,3.603759e-02,-9.031817e-03,6.069209e-03,-0.1802,0.0452,-0.0759
8.15750,0.520634,0.514404,-1.024214,3.609332e-02,-9.194760e-03,6.075471e-03,-0.1805,0.0460,-0.0759
8.16000,0.520310,0.514360,-1.024267,3.617023e-02,-9.342303e-03,6.079616e-03,-0.1809,0.0467,-0.0760
8.16250,0.519986,0.514317,-1.024320,3.626915e-02,-9.468771e-03,6.081435e-03,-0.1813,0.0473,-0.0760
8.16500,0.519662,0.514274,-1.024373,3.638873e-02,-9.571688e-03,6.080320e-03,-0.1819,0.0479,-0.0760
8.16750,0.519338,0.514232,-1.024427,3.652492e-02,-9.649990e-03,6.076708e-03,-0.1826,0.0482,-0.0760
8.17000,0.519014,0.514191,-1.024480,3.667495e-02,-9.707665e-03,6.070648e-03,-0.1834,0.0485,-0.0759
8.17250,0.518690,0.514150,-1.024533,3.683248e-02,-9.748125e-03,6.063059e-03,-0.1842,0.0487,-0.0758
8.17500,0.518366,0.514109,-1.024586,3.699162e-02,-9.779674e-03,6.055016e-03,-0.1850,0.0489,-0.0757
8.17750,0.518043,0.514069,-1.024638,3.714668e-02,-9.797735e-03,6.047690e-03,-0.1857,0.0490,-0.0756
8.18000,0.517719,0.514030,-1.024691,3.729355e-02,-9.801828e-03,6.040774e-03,-0.1865,0.0490,-0.0755
8.18250,0.517395,0.513991,-1.024744,3.742501e-02,-9.794410e-03,6.034001e-03,-0.1871,0.0490,-0.0754
8.18500,0.517072,0.513953,-1.024797,3.754220e-02,-9.775213e-03,6.028005e-03,-0.1877,0.0489,-0.0754
8.18750,0.516748,0.513916,-1.024850,3.764423e-02,-9.744019e-03,6.022255e-03,-0.1882,0.0487,-0.0753
8.19000,0.516425,0.513879,-1.024903,3.773497e-02,-9.699138e-03,6.016765e-03,-0.1887,0.0485,-0.0752
8.19250,0.516102,0.513843,-1.024955,3.781075e-02,-9.641420e-03,6.011136e-03,-0.1891,0.0482,-0.0751
8.19500,0.515779,0.513807,-1.025008,3.787327e-02,-9.579812e-03,6.006570e-03,-0.1894,0.0479,-0.0751
8.19750,0.515455,0.513772,-1.025061,3.792099e-02,-9.514618e-03,6.002716e-03,-0.1896,0.0476,-0.0750
8.20000,0.515132,0.513737,-1.025114,3.794917e-02,-9.449223e-03,6.000221e-03,-0.1897,0.0472,-0.0750
8.20250,0.514809,0.513703,-1.025166,3.796175e-02,-9.386592e-03,5.998464e-03,-0.1898,0.0469,-0.0750
8.20500,0.514486,0.513670,-1.025219,3.795643e-02,-9.327856e-03,5.997665e-03,-0.1898,0.0466,-0.0750
8.20750,0.514164,0.513637,-1.025272,3.793678e-02,-9.277834e-03,5.998185e-03,-0.1897,0.0464,-0.0750
8.21000,0.513841,0.513605,-1.025324,3.790657e-02,-9.236770e-03,5.999477e-03,-0.1895,0.0462,-0.0750
8.21250,0.513518,0.513574,-1.025377,3.786921e-02,-9.205075e-03,6.001987e-03,-0.1893,0.0460,-0.0750
8.21500,0.513195,0.513543,-1.025430,3.782592e-02,-9.190643e-03,6.006071e-03,-0.1891,0.0460,-0.0751
8.21750,0.512873,0.513513,-1.025482,3.777965e-02,-9.185751e-03,6.011505e-03,-0.1889,0.0459,-0.0751
8.22000,0.512550,0.513483,-1.025535,3.772781e-02,-9.195283e-03,6.018743e-03,-0.1886,0.0460,-0.0752
8.22250,0.512228,0.513454,-1.025587,3.767044e-02,-9.217409e-03,6.027511e-03,-0.1884,0.0461,-0.0753
8.22500,0.511906,0.513426,-1.025640,3.760808e-02,-9.255023e-03,6.038449e-03,-0.1880,0.0463,-0.0755
8.22750,0.511583,0.513398,-1.025692,3.754820e-02,-9.306604e-03,6.051212e-03,-0.1877,0.0465,-0.0756
8.23000,0.511261,0.513371,-1.025745,3.749432e-02,-9.376101e-03,6.065841e-03,-0.1875,0.0469,-0.0758
8.23250,0.510939,0.513344,-1.025797,3.744901e-02,-9.460273e-03,6.081098e-03,-0.1872,0.0473,-0.0760
8.23500,0.510617,0.513318,-1.025849,3.741064e-02,-9.564073e-03,6.096904e-03,-0.1871,0.0478,-0.0762
8.23750,0.510295,0.513293,-1.025901,3.737341e-02,-9.679848e-03,6.113166e-03,-0.1869,0.0484,-0.0764
8.24000,0.509973,0.513268,-1.025954,3.733843e-02,-9.807388e-03,6.129939e-03,-0.1867,0.0490,-0.0766
8.24250,0.509651,0.513244,-1.026006,3.730155e-02,-9.943635e-03,6.146786e-03,-0.1865,0.0497,-0.0768
8.24500,0.509330,0.513220,-1.026058,3.726242e-02,-1.009306e-02,6.164580e-03,-0.1863,0.0505,-0.0771
8.24750,0.509008,0.513197,-1.026110,3.722456e-02,-1.025360e-02,6.183375e-03,-0.1861,0.0513,-0.0773
8.25000,0.508686,0.513175,-1.026162,3.718725e-02,-1.042589e-02,6.203259e-03,-0.1859,0.0521,-0.0775
8.25250,0.508365,0.513153,-1.026214,3.715242e-02,-1.060396e-02,6.223837e-03,-0.1858,0.0530,-0.0778
8.25500,0.508043,0.513132,-1.026266,3.711496e-02,-1.079204e-02,6.245264e-03,-0.1856,0.0540,-0.0781
8.25750,0.507722,0.513111,-1.026317,3.707507e-02,-1.098671e-02,6.267107e-03,-0.1854,0.0549,-0.0783
8.26000,0.507400,0.513091,-1.026369,3.704158e-02,-1.118556e-02,6.288764e-03,-0.1852,0.0559,-0.0786
8.26250,0.507079,0.513072,-1.026421,3.701661e-02,-1.138316e-02,6.309087e-03,-0.1851,0.0569,-0.0789
8.26500,0.506758,0.513053,-1.026472,3.699909e-02,-1.157896e-02,6.328012e-03,-0.1850,0.0579,-0.0791
8.26750,0.506437,0.513035,-1.026523,3.699325e-02,-1.177171e-02,6.345617e-03,-0.1850,0.0589,-0.0793
8.27000,0.506116,0.513017,-1.026575,3.699970e-02,-1.196007e-02,6.361293e-03,-0.1850,0.0598,-0.0795
8.27250,0.505795,0.513000,-1.026626,3.701908e-02,-1.214049e-02,6.375308e-03,-0.1851,0.0607,-0.0797
8.27500,0.505474,0.512983,-1.026677,3.705505e-02,-1.231385e-02,6.387809e-03,-0.1853,0.0616,-0.0798
8.27750,0.505153,0.512967,-1.026728,3.710613e-02,-1.247119e-02,6.397930e-03,-0.1855,0.0624,-0.0800
8.28000,0.504832,0.512952,-1.026779,3.717540e-02,-1.261534e-02,6.405896e-03,-0.1859,0.0631,-0.0801
8.28250,0.504512,0.512937,-1.026829,3.726344e-02,-1.274383e-02,6.411243e-03,-0.1863,0.0637,-0.0801
8.28500,0.504191,0.512923,-1.026880,3.736894e-02,-1.285416e-02,6.414321e-03,-0.1868,0.0643,-0.0802
8.28750,0.503871,0.512909,-1.026931,3.749113e-02,-1.294040e-02,6.413940e-03,-0.1875,0.0647,-0.0802
8.29000,0.503550,0.512896,-1.026981,3.762509e-02,-1.301077e-02,6.411623e-03,-0.1881,0.0651,-0.0801
8.29250,0.503230,0.512883,-1.027032,3.776679e-02,-1.306229e-02,6.406909e-03,-0.1888,0.0653,-0.0801
8.29500,0.502910,0.512871,-1.027082,3.791179e-02,-1.310235e-02,6.400911e-03,-0.1896,0.0655,-0.0800
8.29750,0.502589,0.512860,-1.027132,3.805372e-02,-1.312870e-02,6.394601e-03,-0.1903,0.0656,-0.0799
8.30000,0.502269,0.512849,-1.027182,3.819092e-02,-1.314206e-02,6.388882e-03,-0.1910,0.0657,-0.0799
8.30250,0.501949,0.512839,-1.027233,3.832062e-02,-1.314115e-02,6.383576e-03,-0.1916,0.0657,-0.0798
8.30500,0.501630,0.512829,-1.027283,3.843899e-02,-1.312642e-02,6.378170e-03,-0.1922,0.0656,-0.0797
8.30750,0.501310,0.512820,-1.027333,3.854080e-02,-1.310082e-02,6.373297e-03,-0.1927,0.0655,-0.0797
8.31000,0.500990,0.512811,-1.027383,3.862706e-02,-1.306331e-02,6.368255e-03,-0.1931,0.0653,-0.0796
8.31250,0.500671,0.512803,-1.027434,3.869889e-02,-1.301335e-02,6.362641e-03,-0.1935,0.0651,-0.0795
8.31500,0.500351,0.512795,-1.027484,3.875517e-02,-1.295538e-02,6.356871e-03,-0.1938,0.0648,-0.0795
8.31750,0.500032,0.512789,-1.027534,3.879632e-02,-1.289363e-02,6.351737e-03,-0.1940,0.0645,-0.0794
8.32000,0.499713,0.512782,-1.027584,3.881887e-02,-1.283146e-02,6.347629e-03,-0.1941,0.0642,-0.0793
8.32250,0.499394,0.512777,-1.027634,3.882215e-02,-1.276994e-02,6.345081e-03,-0.1941,0.0638,-0.0793
8.32500,0.499075,0.512771,-1.027684,3.881044e-02,-1.271117e-02,6.343265e-03,-0.1941,0.0636,-0.0793
8.32750,0.498756,0.512767,-1.027734,3.878347e-02,-1.265628e-02,6.342370e-03,-0.1939,0.0633,-0.0793
8.33000,0.498437,0.512763,-1.027784,3.874402e-02,-1.260825e-02,6.342781e-03,-0.1937,0.0630,-0.0793
8.33250,0.498118,0.512760,-1.027834,3.869830e-02,-1.256573e-02,6.343553e-03,-0.1935,0.0628,-0.0793
8.33500,0.497800,0.512757,-1.027884,3.864524e-02,-1.253691e-02,6.345688e-03,-0.1932,0.0627,-0.0793
8.33750,0.497481,0.512755,-1.027934,3.859104e-02,-1.251951e-02,6.349315e-03,-0.1930,0.0626,-0.0794
8.34000,0.497163,0.512753,-1.027984,3.853625e-02,-1.251198e-02,6.354486e-03,-0.1927,0.0626,-0.0794
8.34250,0.496845,0.512752,-1.028034,3.847839e-02,-1.251444e-02,6.361126e-03,-0.1924,0.0626,-0.0795
8.34500,0.496527,0.512752,-1.028084,3.841657e-02,-1.252897e-02,6.369399e-03,-0.1921,0.0626,-0.0796
8.34750,0.496209,0.512752,-1.028134,3.835513e-02,-1.255576e-02,6.379560e-03,-0.1918,0.0628,-0.0797
8.35000,0.495891,0.512753,-1.028184,3.829597e-02,-1.260022e-02,6.392112e-03,-0.1915,0.0630,-0.0799
8.35250,0.495573,0.512754,-1.028233,3.824392e-02,-1.266115e-02,6.406601e-03,-0.1912,0.0633,-0.0801
8.35500,0.495255,0.512756,-1.028283,3.820223e-02,-1.274122e-02,6.422313e-03,-0.1910,0.0637,-0.0803
8.35750,0.494938,0.512759,-1.028333,3.816693e-02,-1.283800e-02,6.438900e-03,-0.1908,0.0642,-0.0805
8.36000,0.494620,0.512762,-1.028383,3.813547e-02,-1.294831e-02,6.455938e-03,-0.1907,0.0647,-0.0807
8.36250,0.494303,0.512765,-1.028432,3.810376e-02,-1.307266e-02,6.473897e-03,-0.1905,0.0654,-0.0809
8.36500,0.493985,0.512770,-1.028482,3.807113e-02,-1.320478e-02,6.492024e-03,-0.1904,0.0660,-0.0812
8.36750,0.493668,0.512775,-1.028531,3.803667e-02,-1.335121e-02,6.511280e-03,-0.1902,0.0668,-0.0814
8.37000,0.493351,0.512780,-1.028581,3.800340e-02,-1.350911e-02,6.531722e-03,-0.1900,0.0675,-0.0816
8.37250,0.493034,0.512786,-1.028630,3.796925e-02,-1.367875e-02,6.553655e-03,-0.1898,0.0684,-0.0819
8.37500,0.492717,0.512793,-1.028680,3.793438e-02,-1.385614e-02,6.576558e-03,-0.1897,0.0693,-0.0822
8.37750,0.492400,0.512800,-1.028729,3.789938e-02,-1.404512e-02,6.600828e-03,-0.1895,0.0702,-0.0825
8.38000,0.492084,0.512808,-1.028779,3.786514e-02,-1.423859e-02,6.625542e-03,-0.1893,0.0712,-0.0828
8.38250,0.491767,0.512816,-1.028828,3.783297e-02,-1.444158e-02,6.650977e-03,-0.1892,0.0722,-0.0831
8.38500,0.491450,0.512825,-1.028877,3.780811e-02,-1.464534e-02,6.675440e-03,-0.1890,0.0732,-0.0834
8.38750,0.491134,0.512834,-1.028926,3.778955e-02,-1.484915e-02,6.698914e-03,-0.1889,0.0742,-0.0837
8.39000,0.490818,0.512844,-1.028975,3.777913e-02,-1.504998e-02,6.721143e-03,-0.1889,0.0752,-0.0840
8.39250,0.490502,0.512855,-1.029024,3.777990e-02,-1.524769e-02,6.742436e-03,-0.1889,0.0762,-0.0843
8.39500,0.490185,0.512866,-1.029073,3.779463e-02,-1.543675e-02,6.761901e-03,-0.1890,0.0772,-0.0845
8.39750,0.489869,0.512878,-1.029122,3.782319e-02,-1.561715e-02,6.779182e-03,-0.1891,0.0781,-0.0847
8.40000,0.489554,0.512890,-1.029170,3.786732e-02,-1.578707e-02,6.794378e-03,-0.1893,0.0789,-0.0849
8.40250,0.489238,0.512903,-1.029219,3.792629e-02,-1.594190e-02,6.806530e-03,-0.1896,0.0797,-0.0851
8.40500,0.488922,0.512916,-1.029267,3.800431e-02,-1.608178e-02,6.816272e-03,-0.1900,0.0804,-0.0852
8.40750,0.488606,0.512930,-1.029316,3.810123e-02,-1.620359e-02,6.823195e-03,-0.1905,0.0810,-0.0853
8.41000,0.488291,0.512944,-1.029364,3.821362e-02,-1.630454e-02,6.827229e-03,-0.1911,0.0815,-0.0853
8.41250,0.487976,0.512959,-1.029412,3.834049e-02,-1.638808e-02,6.828510e-03,-0.1917,0.0819,-0.0854
8.41500,0.487660,0.512975,-1.029460,3.847316e-02,-1.645286e-02,6.827691e-03,-0.1924,0.0823,-0.0853
8.41750,0.487345,0.512991,-1.029508,3.861098e-02,-1.650576e-02,6.825221e-03,-0.1931,0.0825,-0.0853
8.42000,0.487030,0.513007,-1.029556,3.874780e-02,-1.654005e-02,6.821283e-03,-0.1937,0.0827,-0.0853
8.42250,0.486716,0.513024,-1.029604,3.888208e-02,-1.655816e-02,6.816822e-03,-0.1944,0.0828,-0.0852
8.42500,0.486401,0.513042,-1.029652,3.901225e-02,-1.656067e-02,6.812328e-03,-0.1951,0.0828,-0.0852
8.42750,0.486086,0.513060,-1.029700,3.913491e-02,-1.654538e-02,6.807391e-03,-0.1957,0.0827,-0.0851
8.43000,0.485772,0.513079,-1.029748,3.924488e-02,-1.651988e-02,6.802581e-03,-0.1962,0.0826,-0.0850
8.43250,0.485457,0.513098,-1.029796,3.933704e-02,-1.648215e-02,6.797315e-03,-0.1967,0.0824,-0.0850
8.43500,0.485143,0.513118,-1.029844,3.941458e-02,-1.643509e-02,6.791633e-03,-0.1971,0.0822,-0.0849
8.43750,0.484829,0.513139,-1.029892,3.947736e-02,-1.637737e-02,6.784871e-03,-0.1974,0.0819,-0.0848
8.44000,0.484515,0.513160,-1.029940,3.952190e-02,-1.631545e-02,6.778270e-03,-0.1976,0.0816,-0.0847
8.44250,0.484201,0.513181,-1.029988,3.954969e-02,-1.624841e-02,6.772231e-03,-0.1977,0.0812,-0.0847
8.44500,0.483888,0.513203,-1.030036,3.955881e-02,-1.618358e-02,6.767594e-03,-0.1978,0.0809,-0.0846
8.44750,0.483574,0.513226,-1.030084,3.955130e-02,-1.611818e-02,6.764095e-03,-0.1978,0.0806,-0.0846
8.45000,0.483261,0.513249,-1.030132,3.953246e-02,-1.605568e-02,6.761620e-03,-0.1977,0.0803,-0.0845
8.45250,0.482948,0.513273,-1.030179,3.950181e-02,-1.599571e-02,6.759925e-03,-0.1975,0.0800,-0.0845
8.45500,0.482634,0.513297,-1.030227,3.946028e-02,-1.594274e-02,6.759263e-03,-0.1973,0.0797,-0.0845
8.45750,0.482321,0.513322,-1.030275,3.941269e-02,-1.589877e-02,6.759366e-03,-0.1971,0.0795,-0.0845
8.46000,0.482009,0.513348,-1.030323,3.936042e-02,-1.586681e-02,6.760918e-03,-0.1968,0.0793,-0.0845
8.46250,0.481696,0.513374,-1.030370,3.930536e-02,-1.584678e-02,6.764445e-03,-0.1965,0.0792,-0.0846
8.46500,0.481383,0.513400,-1.030418,3.924962e-02,-1.583219e-02,6.768921e-03,-0.1962,0.0792,-0.0846
8.46750,0.481071,0.513428,-1.030466,3.918954e-02,-1.582897e-02,6.775148e-03,-0.1959,0.0791,-0.0847
8.47000,0.480758,0.513455,-1.030513,3.912722e-02,-1.583771e-02,6.783176e-03,-0.1956,0.0792,-0.0848
8.47250,0.480446,0.513484,-1.030561,3.906645e-02,-1.586054e-02,6.793407e-03,-0.1953,0.0793,-0.0849
8.47500,0.480134,0.513513,-1.030609,3.900829e-02,-1.590228e-02,6.806410e-03,-0.1950,0.0795,-0.0851
8.47750,0.479822,0.513542,-1.030656,3.895750e-02,-1.595994e-02,6.821068e-03,-0.1948,0.0798,-0.0853
8.48000,0.479510,0.513572,-1.030704,3.891279e-02,-1.603959e-02,6.837945e-03,-0.1946,0.0802,-0.0855
8.48250,0.479199,0.513603,-1.030751,3.887423e-02,-1.613495e-02,6.855870e-03,-0.1944,0.0807,-0.0857
8.48500,0.478887,0.513634,-1.030799,3.883572e-02,-1.624585e-02,6.874690e-03,-0.1942,0.0812,-0.0859
8.48750,0.478576,0.513666,-1.030846,3.879450e-02,-1.636841e-02,6.894536e-03,-0.1940,0.0818,-0.0862
8.49000,0.478264,0.513698,-1.030894,3.874975e-02,-1.650054e-02,6.914740e-03,-0.1937,0.0825,-0.0864
8.49250,0.477953,0.513731,-1.030941,3.870516e-02,-1.664773e-02,6.936729e-03,-0.1935,0.0832,-0.0867
8.49500,0.477642,0.513765,-1.030988,3.866055e-02,-1.680398e-02,6.959194e-03,-0.1933,0.0840,-0.0870
8.49750,0.477331,0.513799,-1.031036,3.861206e-02,-1.697184e-02,6.983475e-03,-0.1931,0.0849,-0.0873
8.50000,0.477020,0.513833,-1.031083,3.856174e-02,-1.714840e-02,7.008651e-03,-0.1928,0.0857,-0.0876
8.50250,0.476710,0.513868,-1.031130,3.851569e-02,-1.733480e-02,7.035164e-03,-0.1926,0.0867,-0.0879
8.50500,0.476399,0.513904,-1.031177,3.847195e-02,-1.752946e-02,7.062585e-03,-0.1924,0.0876,-0.0883
8.50750,0.476089,0.513940,-1.031224,3.843188e-02,-1.773162e-02,7.090460e-03,-0.1922,0.0887,-0.0886
8.51000,0.475778,0.513977,-1.031271,3.839865e-02,-1.793740e-02,7.118112e-03,-0.1920,0.0897,-0.0890
8.51250,0.475468,0.514014,-1.031318,3.837474e-02,-1.814490e-02,7.145048e-03,-0.1919,0.0907,-0.0893
8.51500,0.475158,0.514052,-1.031365,3.835957e-02,-1.834692e-02,7.170675e-03,-0.1918,0.0917,-0.0896
8.51750,0.474848,0.514090,-1.031412,3.835656e-02,-1.854581e-02,7.195698e-03,-0.1918,0.0927,-0.0899
8.52000,0.474538,0.514129,-1.031459,3.836608e-02,-1.873800e-02,7.218790e-03,-0.1918,0.0937,-0.0902
8.52250,0.474229,0.514169,-1.031506,3.839201e-02,-1.892293e-02,7.239673e-03,-0.1920,0.0946,-0.0905
8.52500,0.473919,0.514209,-1.031552,3.843438e-02,-1.909889e-02,7.258492e-03,-0.1922,0.0955,-0.0907
8.52750,0.473609,0.514249,-1.031599,3.849395e-02,-1.925960e-02,7.274391e-03,-0.1925,0.0963,-0.0909
8.53000,0.473300,0.514290,-1.031645,3.857070e-02,-1.940352e-02,7.287191e-03,-0.1929,0.0970,-0.0911
8.53250,0.472991,0.514332,-1.031691,3.866913e-02,-1.953003e-02,7.297509e-03,-0.1933,0.0977,-0.0912
8.53500,0.472682,0.514374,-1.031738,3.878315e-02,-1.963592e-02,7.304781e-03,-0.1939,0.0982,-0.0913
8.53750,0.472373,0.514416,-1.031784,3.891064e-02,-1.972405e-02,7.309438e-03,-0.1946,0.0986,-0.0914
8.54000,0.472064,0.514459,-1.031830,3.904330e-02,-1.979296e-02,7.311445e-03,-0.1952,0.0990,-0.0914
8.54250,0.471756,0.514503,-1.031876,3.918071e-02,-1.984578e-02,7.311626e-03,-0.1959,0.0992,-0.0914
8.54500,0.471447,0.514547,-1.031922,3.931790e-02,-1.988214e-02,7.309774e-03,-0.1966,0.0994,-0.0914
8.54750,0.471139,0.514592,-1.031968,3.945222e-02,-1.989704e-02,7.305873e-03,-0.1973,0.0995,-0.0913
8.55000,0.470830,0.514637,-1.032014,3.958447e-02,-1.989377e-02,7.300967e-03,-0.1979,0.0995,-0.0913
8.55250,0.470522,0.514683,-1.032060,3.971296e-02,-1.987092e-02,7.294672e-03,-0.1986,0.0994,-0.0912
8.55500,0.470214,0.514729,-1.032106,3.983027e-02,-1.983611e-02,7.287775e-03,-0.1992,0.0992,-0.0911
8.55750,0.469907,0.514776,-1.032152,3.993483e-02,-1.979178e-02,7.280819e-03,-0.1997,0.0990,-0.0910
8.56000,0.469599,0.514823,-1.032198,4.002508e-02,-1.973754e-02,7.273127e-03,-0.2001,0.0987,-0.0909
8.56250,0.469292,0.514871,-1.032244,4.010234e-02,-1.967513e-02,7.264558e-03,-0.2005,0.0984,-0.0908
8.56500,0.468984,0.514919,-1.032290,4.016168e-02,-1.960427e-02,7.255325e-03,-0.2008,0.0980,-0.0907
8.56750,0.468677,0.514968,-1.032336,4.020386e-02,-1.952832e-02,7.246522e-03,-0.2010,0.0976,-0.0906
8.57000,0.468370,0.515018,-1.032382,4.023101e-02,-1.944738e-02,7.237913e-03,-0.2012,0.0972,-0.0905
8.57250,0.468064,0.515068,-1.032427,4.024528e-02,-1.936659e-02,7.230472e-03,-0.2012,0.0968,-0.0904
8.57500,0.467757,0.515118,-1.032473,4.024761e-02,-1.928619e-02,7.223989e-03,-0.2012,0.0964,-0.0903
8.57750,0.467450,0.515169,-1.032519,4.023902e-02,-1.920983e-02,7.218493e-03,-0.2012,0.0960,-0.0902
8.58000,0.467144,0.515221,-1.032565,4.021901e-02,-1.913809e-02,7.213703e-03,-0.2011,0.0957,-0.0902
8.58250,0.466838,0.515273,-1.032610,4.018809e-02,-1.907605e-02,7.210743e-03,-0.2009,0.0954,-0.0901
8.58500,0.466532,0.515326,-1.032656,4.015029e-02,-1.902513e-02,7.208764e-03,-0.2008,0.0951,-0.0901
8.58750,0.466226,0.515379,-1.032702,4.010578e-02,-1.898538e-02,7.208928e-03,-0.2005,0.0949,-0.0901
8.59000,0.465920,0.515433,-1.032748,4.005597e-02,-1.895479e-02,7.210697e-03,-0.2003,0.0948,-0.0901
8.59250,0.465615,0.515487,-1.032793,4.000438e-02,-1.893115e-02,7.213726e-03,-0.2000,0.0947,-0.0902
8.59500,0.465309,0.515542,-1.032839,3.994626e-02,-1.891901e-02,7.218257e-03,-0.1997,0.0946,-0.0902
8.59750,0.465004,0.515598,-1.032885,3.988640e-02,-1.891998e-02,7.225288e-03,-0.1994,0.0946,-0.0903
8.60000,0.464699,0.515654,-1.032930,3.982736e-02,-1.893691e-02,7.234858e-03,-0.1991,0.0947,-0.0904
8.60250,0.464394,0.515711,-1.032976,3.976884e-02,-1.897297e-02,7.247408e-03,-0.1988,0.0949,-0.0906
8.60500,0.464089,0.515768,-1.033021,3.971262e-02,-1.902607e-02,7.261988e-03,-0.1986,0.0951,-0.0908
8.60750,0.463785,0.515826,-1.033067,3.965572e-02,-1.910249e-02,7.279444e-03,-0.1983,0.0955,-0.0910
8.61000,0.463480,0.515884,-1.033112,3.960169e-02,-1.919765e-02,7.299043e-03,-0.1980,0.0960,-0.0912
8.61250,0.463176,0.515943,-1.033158,3.954198e-02,-1.930743e-02,7.319925e-03,-0.1977,0.0965,-0.0915
8.61500,0.462872,0.516002,-1.033203,3.947482e-02,-1.942908e-02,7.341954e-03,-0.1974,0.0971,-0.0918
8.61750,0.462567,0.516062,-1.033249,3.940234e-02,-1.956330e-02,7.365166e-03,-0.1970,0.0978,-0.0921
8.62000,0.462264,0.516123,-1.033294,3.932612e-02,-1.971100e-02,7.389957e-03,-0.1966,0.0986,-0.0924
8.62250,0.461960,0.516184,-1.033340,3.924615e-02,-1.986984e-02,7.415987e-03,-0.1962,0.0993,-0.0927
8.62500,0.461656,0.516245,-1.033385,3.916155e-02,-2.003712e-02,7.443121e-03,-0.1958,0.1002,-0.0930
8.62750,0.461353,0.516307,-1.033430,3.907542e-02,-2.021250e-02,7.471241e-03,-0.1954,0.1011,-0.0934
8.63000,0.461049,0.516370,-1.033476,3.899652e-02,-2.039768e-02,7.500526e-03,-0.1950,0.1020,-0.0938
8.63250,0.460746,0.516433,-1.033521,3.892409e-02,-2.059173e-02,7.530970e-03,-0.1946,0.1030,-0.0941
8.63500,0.460443,0.516497,-1.033566,3.885756e-02,-2.079226e-02,7.561446e-03,-0.1943,0.1040,-0.0945
8.63750,0.460140,0.516561,-1.033611,3.879972e-02,-2.099951e-02,7.592279e-03,-0.1940,0.1050,-0.0949
8.64000,0.459837,0.516626,-1.033656,3.875350e-02,-2.120781e-02,7.622606e-03,-0.1938,0.1060,-0.0953
8.64250,0.459535,0.516691,-1.033701,3.872044e-02,-2.141273e-02,7.651930e-03,-0.1936,0.1071,-0.0956
8.64500,0.459232,0.516757,-1.033746,3.870036e-02,-2.161069e-02,7.679638e-03,-0.1935,0.1081,-0.0960
8.64750,0.458930,0.516823,-1.033791,3.869703e-02,-2.180552e-02,7.706161e-03,-0.1935,0.1090,-0.0963
8.65000,0.458627,0.516890,-1.033836,3.871216e-02,-2.199200e-02,7.730657e-03,-0.1936,0.1100,-0.0966
8.65250,0.458325,0.516957,-1.033881,3.874892e-02,-2.216544e-02,7.752562e-03,-0.1937,0.1108,-0.0969
8.65500,0.458023,0.517025,-1.033925,3.880607e-02,-2.232401e-02,7.771705e-03,-0.1940,0.1116,-0.0971
8.65750,0.457722,0.517093,-1.033970,3.888182e-02,-2.246295e-02,7.787222e-03,-0.1944,0.1123,-0.0973
8.66000,0.457420,0.517162,-1.034014,3.897972e-02,-2.258240e-02,7.799687e-03,-0.1949,0.1129,-0.0975
8.66250,0.457118,0.517231,-1.034059,3.909456e-02,-2.268077e-02,7.809007e-03,-0.1955,0.1134,-0.0976
8.66500,0.456817,0.517301,-1.034103,3.922149e-02,-2.276040e-02,7.815383e-03,-0.1961,0.1138,-0.0977
8.66750,0.456516,0.517371,-1.034147,3.935443e-02,-2.281963e-02,7.818559e-03,-0.1968,0.1141,-0.0977
8.67000,0.456215,0.517442,-1.034191,3.949219e-02,-2.286031e-02,7.819102e-03,-0.1975,0.1143,-0.0977
8.67250,0.455914,0.517513,-1.034236,3.963081e-02,-2.288383e-02,7.816937e-03,-0.1982,0.1144,-0.0977
8.67500,0.455613,0.517585,-1.034280,3.976538e-02,-2.288903e-02,7.812328e-03,-0.1988,0.1144,-0.0977
8.67750,0.455312,0.517658,-1.034324,3.990239e-02,-2.287102e-02,7.805134e-03,-0.1995,0.1144,-0.0976
8.68000,0.455012,0.517731,-1.034368,4.003926e-02,-2.283537e-02,7.795970e-03,-0.2002,0.1142,-0.0974
8.68250,0.454712,0.517804,-1.034412,4.017263e-02,-2.278229e-02,7.784709e-03,-0.2009,0.1139,-0.0973
8.68500,0.454412,0.517878,-1.034456,4.029738e-02,-2.272046e-02,7.772872e-03,-0.2015,0.1136,-0.0972
8.68750,0.454112,0.517952,-1.034500,4.041334e-02,-2.264843e-02,7.760570e-03,-0.2021,0.1132,-0.0970
8.69000,0.453812,0.518027,-1.034543,4.051813e-02,-2.256626e-02,7.747278e-03,-0.2026,0.1128,-0.0968
8.69250,0.453512,0.518103,-1.034587,4.061068e-02,-2.247095e-02,7.732808e-03,-0.2031,0.1124,-0.0967
8.69500,0.453213,0.518179,-1.034631,4.068561e-02,-2.236666e-02,7.717338e-03,-0.2034,0.1118,-0.0965
8.69750,0.452914,0.518255,-1.034675,4.074579e-02,-2.225343e-02,7.701600e-03,-0.2037,0.1113,-0.0963
8.70000,0.452615,0.518332,-1.034719,4.079363e-02,-2.213297e-02,7.685247e-03,-0.2040,0.1107,-0.0961
8.70250,0.452316,0.518410,-1.034762,4.082809e-02,-2.201232e-02,7.669519e-03,-0.2041,0.1101,-0.0959
8.70500,0.452017,0.518488,-1.034806,4.085226e-02,-2.189137e-02,7.654137e-03,-0.2043,0.1095,-0.0957
8.70750,0.451719,0.518566,-1.034850,4.086317e-02,-2.177293e-02,7.639953e-03,-0.2043,0.1089,-0.0955
8.71000,0.451420,0.518646,-1.034893,4.086370e-02,-2.165674e-02,7.626763e-03,-0.2043,0.1083,-0.0953
8.71250,0.451122,0.518725,-1.034937,4.085131e-02,-2.154956e-02,7.615034e-03,-0.2043,0.1077,-0.0952
8.71500,0.450824,0.518806,-1.034981,4.082858e-02,-2.145078e-02,7.605087e-03,-0.2041,0.1073,-0.0951
8.71750,0.450527,0.518886,-1.035024,4.079522e-02,-2.136126e-02,7.596815e-03,-0.2040,0.1068,-0.0950
8.72000,0.450229,0.518968,-1.035068,4.075421e-02,-2.128228e-02,7.590548e-03,-0.2038,0.1064,-0.0949
8.72250,0.449931,0.519050,-1.035111,4.070860e-02,-2.121174e-02,7.585602e-03,-0.2035,0.1061,-0.0948
8.72500,0.449634,0.519132,-1.035155,4.065455e-02,-2.115356e-02,7.582284e-03,-0.2033,0.1058,-0.0948
8.72750,0.449337,0.519215,-1.035198,4.059669e-02,-2.111016e-02,7.581482e-03,-0.2030,0.1056,-0.0948
8.73000,0.449040,0.519299,-1.035242,4.053686e-02,-2.108533e-02,7.583805e-03,-0.2027,0.1054,-0.0948
8.73250,0.448743,0.519383,-1.035285,4.047640e-02,-2.107969e-02,7.589247e-03,-0.2024,0.1054,-0.0949
8.73500,0.448447,0.519467,-1.035329,4.041243e-02,-2.109596e-02,7.598167e-03,-0.2021,0.1055,-0.0950
8.73750,0.448150,0.519553,-1.035372,4.034700e-02,-2.113487e-02,7.610240e-03,-0.2017,0.1057,-0.0951
8.74000,0.447854,0.519638,-1.035416,4.028195e-02,-2.119571e-02,7.625644e-03,-0.2014,0.1060,-0.0953
8.74250,0.447558,0.519725,-1.035459,4.021395e-02,-2.127321e-02,7.643233e-03,-0.2011,0.1064,-0.0955
8.74500,0.447262,0.519812,-1.035502,4.014007e-02,-2.136518e-02,7.662521e-03,-0.2007,0.1068,-0.0958
8.74750,0.446966,0.519899,-1.035545,4.006361e-02,-2.147185e-02,7.683857e-03,-0.2003,0.1074,-0.0960
8.75000,0.446671,0.519987,-1.035589,3.998533e-02,-2.159258e-02,7.706889e-03,-0.1999,0.1080,-0.0963
8.75250,0.446375,0.520075,-1.035632,3.990523e-02,-2.172658e-02,7.731825e-03,-0.1995,0.1086,-0.0966
8.75500,0.446080,0.520164,-1.035675,3.982571e-02,-2.186994e-02,7.757852e-03,-0.1991,0.1093,-0.0970
8.75750,0.445785,0.520254,-1.035718,3.974943e-02,-2.202313e-02,7.784795e-03,-0.1987,0.1101,-0.0973
8.76000,0.445490,0.520344,-1.035761,3.967996e-02,-2.218588e-02,7.812719e-03,-0.1984,0.1109,-0.0977
8.76250,0.445195,0.520435,-1.035804,3.962026e-02,-2.236209e-02,7.842236e-03,-0.1981,0.1118,-0.0980
8.76500,0.444901,0.520526,-1.035847,3.956764e-02,-2.255026e-02,7.872880e-03,-0.1978,0.1128,-0.0984
8.76750,0.444606,0.520617,-1.035890,3.952300e-02,-2.274894e-02,7.904740e-03,-0.1976,0.1137,-0.0988
8.77000,0.444312,0.520710,-1.035933,3.948479e-02,-2.295409e-02,7.937587e-03,-0.1974,0.1148,-0.0992
8.77250,0.444018,0.520802,-1.035976,3.945817e-02,-2.315831e-02,7.969917e-03,-0.1973,0.1158,-0.0996
8.77500,0.443724,0.520896,-1.036019,3.944572e-02,-2.335983e-02,8.001499e-03,-0.1972,0.1168,-0.1000
8.77750,0.443430,0.520989,-1.036061,3.944750e-02,-2.355545e-02,8.031460e-03,-0.1972,0.1178,-0.1004
8.78000,0.443136,0.521083,-1.036104,3.946458e-02,-2.374405e-02,8.059884e-03,-0.1973,0.1187,-0.1007
8.78250,0.442842,0.521178,-1.036146,3.949610e-02,-2.392241e-02,8.086118e-03,-0.1975,0.1196,-0.1011
8.78500,0.442549,0.521273,-1.036189,3.954570e-02,-2.408628e-02,8.109262e-03,-0.1977,0.1204,-0.1014
8.78750,0.442256,0.521369,-1.036231,3.961076e-02,-2.423511e-02,8.129173e-03,-0.1981,0.1212,-0.1016
8.79000,0.441963,0.521465,-1.036273,3.969271e-02,-2.436664e-02,8.145506e-03,-0.1985,0.1218,-0.1018
8.79250,0.441670,0.521562,-1.036315,3.979103e-02,-2.448105e-02,8.158786e-03,-0.1990,0.1224,-0.1020
8.79500,0.441377,0.521659,-1.036357,3.990027e-02,-2.457761e-02,8.168459e-03,-0.1995,0.1229,-0.1021
8.79750,0.441085,0.521757,-1.036399,4.001835e-02,-2.466019e-02,8.175846e-03,-0.2001,0.1233,-0.1022
8.80000,0.440792,0.521855,-1.036441,4.014159e-02,-2.472482e-02,8.179910e-03,-0.2007,0.1236,-0.1022
8.80250,0.440500,0.521954,-1.036483,4.027149e-02,-2.477584e-02,8.181808e-03,-0.2014,0.1239,-0.1023
8.80500,0.440208,0.522053,-1.036525,4.040262e-02,-2.481105e-02,8.180741e-03,-0.2020,0.1241,-0.1023
8.80750,0.439916,0.522153,-1.036567,4.053443e-02,-2.483005e-02,8.177716e-03,-0.2027,0.1242,-0.1022
8.81000,0.439625,0.522253,-1.036608,4.066966e-02,-2.483070e-02,8.172050e-03,-0.2033,0.1242,-0.1022
8.81250,0.439333,0.522354,-1.036650,4.080838e-02,-2.481597e-02,8.164547e-03,-0.2040,0.1241,-0.1021
8.81500,0.439042,0.522455,-1.036691,4.094240e-02,-2.478747e-02,8.155104e-03,-0.2047,0.1239,-0.1019
8.81750,0.438751,0.522557,-1.036733,4.106867e-02,-2.475144e-02,8.145205e-03,-0.2053,0.1238,-0.1018
8.82000,0.438460,0.522659,-1.036775,4.118465e-02,-2.470673e-02,8.134766e-03,-0.2059,0.1235,-0.1017
8.82250,0.438169,0.522762,-1.036816,4.128556e-02,-2.465579e-02,8.124453e-03,-0.2064,0.1233,-0.1016
8.82500,0.437879,0.522865,-1.036857,4.136932e-02,-2.459540e-02,8.113023e-03,-0.2068,0.1230,-0.1014
8.82750,0.437588,0.522969,-1.036899,4.143213e-02,-2.452791e-02,8.100792e-03,-0.2072,0.1226,-0.1013
8.83000,0.437298,0.523073,-1.036940,4.147733e-02,-2.445459e-02,8.088201e-03,-0.2074,0.1223,-0.1011
8.83250,0.437008,0.523178,-1.036982,4.150737e-02,-2.437553e-02,8.074800e-03,-0.2075,0.1219,-0.1009
8.83500,0.436718,0.523284,-1.037023,4.152764e-02,-2.429450e-02,8.061237e-03,-0.2076,0.1215,-0.1008
8.83750,0.436429,0.523389,-1.037064,4.154151e-02,-2.421401e-02,8.048267e-03,-0.2077,0.1211,-0.1006
8.84000,0.436140,0.523496,-1.037106,4.154781e-02,-2.413370e-02,8.036014e-03,-0.2077,0.1207,-0.1005
8.84250,0.435850,0.523603,-1.037147,4.154422e-02,-2.405852e-02,8.025317e-03,-0.2077,0.1203,-0.1003
8.84500,0.435561,0.523710,-1.037188,4.153268e-02,-2.399132e-02,8.016178e-03,-0.2077,0.1200,-0.1002
8.84750,0.435273,0.523818,-1.037230,4.150994e-02,-2.393408e-02,8.008893e-03,-0.2075,0.1197,-0.1001
8.85000,0.434984,0.523927,-1.037271,4.148069e-02,-2.388981e-02,8.004100e-03,-0.2074,0.1194,-0.1001
8.85250,0.434696,0.524036,-1.037312,4.144508e-02,-2.385698e-02,8.001490e-03,-0.2072,0.1193,-0.1000
8.85500,0.434407,0.524145,-1.037354,4.140640e-02,-2.383680e-02,8.001303e-03,-0.2070,0.1192,-0.1000
8.85750,0.434119,0.524255,-1.037395,4.136453e-02,-2.382887e-02,8.002900e-03,-0.2068,0.1191,-0.1000
8.86000,0.433832,0.524366,-1.037436,4.131831e-02,-2.383728e-02,8.007628e-03,-0.2066,0.1192,-0.1001
8.86250,0.433544,0.524477,-1.037478,4.127304e-02,-2.386245e-02,8.015608e-03,-0.2064,0.1193,-0.1002
8.86500,0.433257,0.524589,-1.037519,4.122885e-02,-2.390804e-02,8.027461e-03,-0.2061,0.1195,-0.1003
8.86750,0.432969,0.524701,-1.037561,4.118622e-02,-2.397401e-02,8.043268e-03,-0.2059,0.1199,-0.1005
8.87000,0.432682,0.524813,-1.037602,4.114473e-02,-2.406349e-02,8.062926e-03,-0.2057,0.1203,-0.1008
8.87250,0.432395,0.524927,-1.037643,4.110736e-02,-2.417217e-02,8.085947e-03,-0.2055,0.1209,-0.1011
8.87500,0.432109,0.525040,-1.037685,4.107295e-02,-2.430052e-02,8.112184e-03,-0.2054,0.1215,-0.1014
8.87750,0.431822,0.525155,-1.037726,4.104171e-02,-2.444644e-02,8.141307e-03,-0.2052,0.1222,-0.1018
8.88000,0.431536,0.525269,-1.037768,4.100924e-02,-2.460673e-02,8.172553e-03,-0.2050,0.1230,-0.1022
8.88250,0.431250,0.525385,-1.037809,4.098065e-02,-2.478276e-02,8.206106e-03,-0.2049,0.1239,-0.1026
8.88500,0.430964,0.525501,-1.037851,4.095064e-02,-2.497350e-02,8.241661e-03,-0.2048,0.1249,-0.1030
8.88750,0.430678,0.525617,-1.037893,4.091957e-02,-2.517696e-02,8.278952e-03,-0.2046,0.1259,-0.1035
8.89000,0.430392,0.525734,-1.037934,4.088878e-02,-2.539119e-02,8.317711e-03,-0.2044,0.1270,-0.1040
8.89250,0.430107,0.525851,-1.037976,4.085940e-02,-2.561633e-02,8.358205e-03,-0.2043,0.1281,-0.1045
8.89500,0.429822,0.525969,-1.038017,4.083033e-02,-2.584896e-02,8.399846e-03,-0.2042,0.1292,-0.1050
8.89750,0.429537,0.526087,-1.038059,4.080400e-02,-2.609144e-02,8.443330e-03,-0.2040,0.1305,-0.1055
8.90000,0.429252,0.526206,-1.038100,4.078050e-02,-2.634340e-02,8.488678e-03,-0.2039,0.1317,-0.1061
8.90250,0.428967,0.526325,-1.038142,4.075437e-02,-2.660031e-02,8.535273e-03,-0.2038,0.1330,-0.1067
8.90500,0.428683,0.526445,-1.038183,4.072722e-02,-2.686004e-02,8.582616e-03,-0.2036,0.1343,-0.1073
8.90750,0.428398,0.526565,-1.038224,4.070140e-02,-2.711875e-02,8.629744e-03,-0.2035,0.1356,-0.1079
8.91000,0.428114,0.526686,-1.038266,4.068311e-02,-2.737364e-02,8.675647e-03,-0.2034,0.1369,-0.1084
8.91250,0.427830,0.526807,-1.038307,4.067295e-02,-2.762329e-02,8.720051e-03,-0.2034,0.1381,-0.1090
8.91500,0.427547,0.526929,-1.038348,4.067173e-02,-2.786161e-02,8.761329e-03,-0.2034,0.1393,-0.1095
8.91750,0.427263,0.527051,-1.038390,4.068118e-02,-2.809005e-02,8.799898e-03,-0.2034,0.1405,-0.1100
8.92000,0.426980,0.527173,-1.038431,4.070281e-02,-2.830401e-02,8.835022e-03,-0.2035,0.1415,-0.1104
8.92250,0.426696,0.527296,-1.038472,4.073972e-02,-2.850225e-02,8.866168e-03,-0.2037,0.1425,-0.1108
8.92500,0.426413,0.527420,-1.038513,4.079557e-02,-2.868434e-02,8.893817e-03,-0.2040,0.1434,-0.1112
8.92750,0.426130,0.527544,-1.038554,4.086879e-02,-2.884567e-02,8.916977e-03,-0.2043,0.1442,-0.1115
8.93000,0.425848,0.527668,-1.038595,4.095743e-02,-2.898761e-02,8.936159e-03,-0.2048,0.1449,-0.1117
8.93250,0.425565,0.527793,-1.038636,4.105769e-02,-2.911183e-02,8.951936e-03,-0.2053,0.1456,-0.1119
8.93500,0.425283,0.527918,-1.038677,4.116695e-02,-2.921658e-02,8.964310e-03,-0.2058,0.1461,-0.1121
8.93750,0.425001,0.528044,-1.038718,4.128354e-02,-2.930592e-02,8.973911e-03,-0.2064,0.1465,-0.1122
8.94000,0.424719,0.528170,-1.038758,4.140313e-02,-2.937705e-02,8.980574e-03,-0.2070,0.1469,-0.1123
8.94250,0.424437,0.528297,-1.038799,4.152297e-02,-2.943014e-02,8.984307e-03,-0.2076,0.1472,-0.1123
8.94500,0.424156,0.528424,-1.038840,4.164117e-02,-2.946396e-02,8.985258e-03,-0.2082,0.1473,-0.1123
8.94750,0.423875,0.528552,-1.038880,4.175739e-02,-2.947875e-02,8.983383e-03,-0.2088,0.1474,-0.1123
8.95000,0.423594,0.528680,-1.038921,4.187055e-02,-2.947638e-02,8.978930e-03,-0.2094,0.1474,-0.1122
8.95250,0.423313,0.528808,-1.038962,4.197537e-02,-2.946169e-02,8.972985e-03,-0.2099,0.1473,-0.1122
8.95500,0.423032,0.528937,-1.039002,4.206914e-02,-2.943449e-02,8.965619e-03,-0.2103,0.1472,-0.1121
8.95750,0.422751,0.529067,-1.039043,4.214759e-02,-2.939843e-02,8.957821e-03,-0.2107,0.1470,-0.1120
8.96000,0.422471,0.529197,-1.039083,4.221192e-02,-2.935107e-02,8.949365e-03,-0.2111,0.1468,-0.1119
8.96250,0.422191,0.529327,-1.039124,4.226109e-02,-2.929546e-02,8.940467e-03,-0.2113,0.1465,-0.1118
8.96500,0.421911,0.529458,-1.039164,4.229644e-02,-2.923064e-02,8.930341e-03,-0.2115,0.1462,-0.1116
8.96750,0.421632,0.529589,-1.039205,4.231812e-02,-2.916174e-02,8.919791e-03,-0.2116,0.1458,-0.1115
8.97000,0.421352,0.529721,-1.039245,4.233141e-02,-2.908690e-02,8.907923e-03,-0.2117,0.1454,-0.1113
8.97250,0.421073,0.529853,-1.039286,4.233927e-02,-2.900849e-02,8.895342e-03,-0.2117,0.1450,-0.1112
8.97500,0.420794,0.529986,-1.039326,4.234101e-02,-2.892837e-02,8.882954e-03,-0.2117,0.1446,-0.1110
8.97750,0.420515,0.530119,-1.039367,4.233637e-02,-2.884957e-02,8.871280e-03,-0.2117,0.1442,-0.1109
8.98000,0.420237,0.530253,-1.039407,4.232315e-02,-2.877267e-02,8.860522e-03,-0.2116,0.1439,-0.1108
8.98250,0.419958,0.530387,-1.039447,4.229990e-02,-2.870289e-02,8.851814e-03,-0.2115,0.1435,-0.1106
8.98500,0.419680,0.530522,-1.039488,4.226858e-02,-2.863915e-02,8.844468e-03,-0.2113,0.1432,-0.1106
8.98750,0.419402,0.530657,-1.039528,4.222859e-02,-2.858464e-02,8.839163e-03,-0.2111,0.1429,-0.1105
8.99000,0.419124,0.530792,-1.039568,4.218566e-02,-2.853835e-02,8.835685e-03,-0.2109,0.1427,-0.1104
8.99250,0.418847,0.530928,-1.039609,4.213898e-02,-2.849956e-02,8.833498e-03,-0.2107,0.1425,-0.1104
8.99500,0.418569,0.531065,-1.039649,4.209215e-02,-2.846941e-02,8.832630e-03,-0.2105,0.1423,-0.1104
8.99750,0.418292,0.531202,-1.039689,4.204261e-02,-2.844724e-02,8.832953e-03,-0.2102,0.1422,-0.1104
9.00000,0.418015,0.531340,-1.039729,4.199221e-02,-2.843570e-02,8.835398e-03,-0.2100,0.1422,-0.1104
9.00250,0.417738,0.531478,-1.039770,4.194162e-02,-2.843574e-02,8.840195e-03,-0.2097,0.1422,-0.1105
9.00500,0.417462,0.531616,-1.039810,4.189231e-02,-2.844743e-02,8.847467e-03,-0.2095,0.1422,-0.1106
9.00750,0.417185,0.531755,-1.039850,4.184180e-02,-2.847686e-02,8.858350e-03,-0.2092,0.1424,-0.1107
9.01000,0.416909,0.531895,-1.039890,4.179091e-02,-2.851939e-02,8.871484e-03,-0.2090,0.1426,-0.1109
9.01250,0.416633,0.532035,-1.039930,4.173974e-02,-2.857818e-02,8.887585e-03,-0.2087,0.1429,-0.1111
9.01500,0.416357,0.532175,-1.039971,4.168802e-02,-2.865118e-02,8.906182e-03,-0.2084,0.1433,-0.1113
9.01750,0.416082,0.532316,-1.040011,4.163580e-02,-2.873736e-02,8.927339e-03,-0.2082,0.1437,-0.1116
9.02000,0.415806,0.532458,-1.040051,4.157895e-02,-2.883508e-02,8.950115e-03,-0.2079,0.1442,-0.1119
9.02250,0.415531,0.532600,-1.040091,4.151733e-02,-2.894419e-02,8.974607e-03,-0.2076,0.1447,-0.1122
9.02500,0.415256,0.532742,-1.040131,4.145051e-02,-2.906170e-02,9.000386e-03,-0.2073,0.1453,-0.1125
9.02750,0.414981,0.532885,-1.040172,4.138074e-02,-2.918683e-02,9.026947e-03,-0.2069,0.1459,-0.1128
9.03000,0.414707,0.533029,-1.040212,4.131009e-02,-2.931730e-02,9.053765e-03,-0.2066,0.1466,-0.1132
9.03250,0.414432,0.533173,-1.040252,4.124228e-02,-2.945399e-02,9.081357e-03,-0.2062,0.1473,-0.1135
9.03500,0.414158,0.533317,-1.040292,4.117849e-02,-2.959583e-02,9.109201e-03,-0.2059,0.1480,-0.1139
9.03750,0.413884,0.533462,-1.040332,4.112101e-02,-2.974315e-02,9.137673e-03,-0.2056,0.1487,-0.1142
9.04000,0.413610,0.533607,-1.040372,4.106926e-02,-2.989597e-02,9.167476e-03,-0.2053,0.1495,-0.1146
9.04250,0.413336,0.533753,-1.040412,4.102086e-02,-3.005219e-02,9.198282e-03,-0.2051,0.1503,-0.1150
9.04500,0.413063,0.533899,-1.040452,4.097997e-02,-3.020911e-02,9.229110e-03,-0.2049,0.1510,-0.1154
9.04750,0.412789,0.534046,-1.040492,4.095106e-02,-3.036537e-02,9.260140e-03,-0.2048,0.1518,-0.1158
9.05000,0.412516,0.534193,-1.040532,4.093489e-02,-3.051766e-02,9.290451e-03,-0.2047,0.1526,-0.1161
9.05250,0.412243,0.534340,-1.040572,4.093712e-02,-3.066011e-02,9.318432e-03,-0.2047,0.1533,-0.1165
9.05500,0.411971,0.534489,-1.040612,4.095665e-02,-3.079193e-02,9.343819e-03,-0.2048,0.1540,-0.1168
9.05750,0.411698,0.534637,-1.040651,4.099336e-02,-3.090818e-02,9.365261e-03,-0.2050,0.1545,-0.1171
9.06000,0.411426,0.534786,-1.040691,4.104539e-02,-3.100834e-02,9.382850e-03,-0.2052,0.1550,-0.1173
9.06250,0.411153,0.534936,-1.040731,4.111394e-02,-3.109190e-02,9.396617e-03,-0.2056,0.1555,-0.1175
9.06500,0.410881,0.535085,-1.040770,4.120046e-02,-3.115622e-02,9.406294e-03,-0.2060,0.1558,-0.1176
9.06750,0.410610,0.535236,-1.040809,4.130474e-02,-3.120009e-02,9.411767e-03,-0.2065,0.1560,-0.1176
9.07000,0.410338,0.535387,-1.040849,4.142327e-02,-3.122091e-02,9.411998e-03,-0.2071,0.1561,-0.1176
9.07250,0.410066,0.535538,-1.040888,4.154970e-02,-3.122225e-02,9.408146e-03,-0.2077,0.1561,-0.1176
9.07500,0.409795,0.535690,-1.040927,4.168240e-02,-3.120390e-02,9.400209e-03,-0.2084,0.1560,-0.1175
9.07750,0.409524,0.535842,-1.040966,4.181796e-02,-3.116844e-02,9.388652e-03,-0.2091,0.1558,-0.1174
9.08000,0.409253,0.535994,-1.041005,4.195808e-02,-3.111938e-02,9.374062e-03,-0.2098,0.1556,-0.1172
9.08250,0.408983,0.536148,-1.041044,4.210055e-02,-3.105568e-02,9.355919e-03,-0.2105,0.1553,-0.1169
9.08500,0.408712,0.536301,-1.041082,4.224505e-02,-3.098263e-02,9.335410e-03,-0.2112,0.1549,-0.1167
9.08750,0.408442,0.536455,-1.041121,4.239078e-02,-3.089871e-02,9.312195e-03,-0.2120,0.1545,-0.1164
9.09000,0.408172,0.536610,-1.041159,4.253548e-02,-3.080532e-02,9.286808e-03,-0.2127,0.1540,-0.1161
9.09250,0.407902,0.536765,-1.041198,4.268062e-02,-3.070528e-02,9.259975e-03,-0.2134,0.1535,-0.1157
9.09500,0.407633,0.536920,-1.041236,4.282071e-02,-3.060267e-02,9.232545e-03,-0.2141,0.1530,-0.1154
9.09750,0.407364,0.537076,-1.041274,4.295325e-02,-3.049890e-02,9.205054e-03,-0.2148,0.1525,-0.1151
9.10000,0.407094,0.537232,-1.041312,4.307271e-02,-3.039584e-02,9.178531e-03,-0.2154,0.1520,-0.1147
9.10250,0.406826,0.537389,-1.041351,4.317818e-02,-3.029370e-02,9.152956e-03,-0.2159,0.1515,-0.1144
9.10500,0.406557,0.537547,-1.041389,4.326875e-02,-3.019479e-02,9.129039e-03,-0.2163,0.1510,-0.1141
9.10750,0.406289,0.537705,-1.041427,4.334390e-02,-3.009926e-02,9.106405e-03,-0.2167,0.1505,-0.1138
9.11000,0.406020,0.537863,-1.041465,4.340519e-02,-3.000569e-02,9.084364e-03,-0.2170,0.1500,-0.1136
9.11250,0.405752,0.538022,-1.041502,4.345423e-02,-2.991418e-02,9.062814e-03,-0.2173,0.1496,-0.1133
9.11500,0.405485,0.538181,-1.041540,4.349349e-02,-2.982451e-02,9.041689e-03,-0.2175,0.1491,-0.1130
9.11750,0.405217,0.538341,-1.041578,4.352079e-02,-2.973741e-02,9.021611e-03,-0.2176,0.1487,-0.1128
9.12000,0.404950,0.538501,-1.041616,4.353560e-02,-2.965769e-02,9.003554e-03,-0.2177,0.1483,-0.1125
9.12250,0.404683,0.538662,-1.041654,4.353700e-02,-2.958919e-02,8.988311e-03,-0.2177,0.1479,-0.1124
9.12500,0.404416,0.538823,-1.041692,4.352269e-02,-2.953389e-02,8.976538e-03,-0.2176,0.1477,-0.1122
9.12750,0.404149,0.538985,-1.041729,4.349581e-02,-2.949450e-02,8.968584e-03,-0.2175,0.1475,-0.1121
9.13000,0.403883,0.539147,-1.041767,4.345564e-02,-2.947152e-02,8.964492e-03,-0.2173,0.1474,-0.1121
9.13250,0.403617,0.539310,-1.041805,4.340599e-02,-2.946408e-02,8.964019e-03,-0.2170,0.1473,-0.1121
9.13500,0.403351,0.539473,-1.041843,4.334896e-02,-2.947533e-02,8.967489e-03,-0.2167,0.1474,-0.1121
9.13750,0.403085,0.539637,-1.041881,4.328821e-02,-2.950302e-02,8.974213e-03,-0.2164,0.1475,-0.1122
9.14000,0.402820,0.539802,-1.041919,4.322490e-02,-2.954822e-02,8.984540e-03,-0.2161,0.1477,-0.1123
9.14250,0.402555,0.539966,-1.041956,4.316143e-02,-2.960725e-02,8.997893e-03,-0.2158,0.1480,-0.1125
9.14500,0.402289,0.540132,-1.041994,4.310049e-02,-2.968217e-02,9.014812e-03,-0.2155,0.1484,-0.1127
9.14750,0.402025,0.540297,-1.042032,4.304296e-02,-2.977326e-02,9.035443e-03,-0.2152,0.1489,-0.1129
9.15000,0.401760,0.540464,-1.042070,4.299004e-02,-2.987992e-02,9.059696e-03,-0.2150,0.1494,-0.1132
9.15250,0.401496,0.540630,-1.042108,4.293874e-02,-3.000455e-02,9.087856e-03,-0.2147,0.1500,-0.1136
9.15500,0.401231,0.540798,-1.042147,4.289104e-02,-3.014748e-02,9.119809e-03,-0.2145,0.1507,-0.1140
9.15750,0.400967,0.540965,-1.042185,4.284726e-02,-3.030666e-02,9.154660e-03,-0.2142,0.1515,-0.1144
9.16000,0.400704,0.541133,-1.042223,4.280925e-02,-3.048430e-02,9.193125e-03,-0.2140,0.1524,-0.1149
9.16250,0.400440,0.541302,-1.042261,4.277648e-02,-3.067888e-02,9.234481e-03,-0.2139,0.1534,-0.1154
9.16500,0.400177,0.541471,-1.042299,4.274550e-02,-3.088940e-02,9.278338e-03,-0.2137,0.1544,-0.1160
9.16750,0.399914,0.541641,-1.042338,4.271297e-02,-3.111370e-02,9.324758e-03,-0.2136,0.1556,-0.1166
9.17000,0.399651,0.541811,-1.042376,4.267956e-02,-3.135133e-02,9.373716e-03,-0.2134,0.1568,-0.1172
9.17250,0.399388,0.541981,-1.042415,4.264459e-02,-3.159953e-02,9.424653e-03,-0.2132,0.1580,-0.1178
9.17500,0.399126,0.542152,-1.042453,4.261129e-02,-3.185565e-02,9.476951e-03,-0.2131,0.1593,-0.1185
9.17750,0.398863,0.542324,-1.042491,4.257939e-02,-3.211720e-02,9.530422e-03,-0.2129,0.1606,-0.1191
9.18000,0.398601,0.542496,-1.042530,4.254827e-02,-3.238335e-02,9.584698e-03,-0.2127,0.1619,-0.1198
9.18250,0.398339,0.542668,-1.042569,4.251733e-02,-3.265406e-02,9.640136e-03,-0.2126,0.1633,-0.1205
9.18500,0.398078,0.542841,-1.042607,4.248287e-02,-3.292810e-02,9.697050e-03,-0.2124,0.1646,-0.1212
9.18750,0.397816,0.543014,-1.042646,4.244592e-02,-3.320564e-02,9.755454e-03,-0.2122,0.1660,-0.1219
9.19000,0.397555,0.543188,-1.042684,4.240687e-02,-3.348328e-02,9.814254e-03,-0.2120,0.1674,-0.1227
9.19250,0.397294,0.543362,-1.042723,4.237052e-02,-3.376031e-02,9.873202e-03,-0.2119,0.1688,-0.1234
9.19500,0.397033,0.543536,-1.042762,4.233765e-02,-3.403518e-02,9.931591e-03,-0.2117,0.1702,-0.1241
9.19750,0.396773,0.543711,-1.042800,4.231252e-02,-3.430541e-02,9.988612e-03,-0.2116,0.1715,-0.1249
9.20000,0.396512,0.543887,-1.042839,4.229600e-02,-3.456725e-02,1.004346e-02,-0.2115,0.1728,-0.1255
9.20250,0.396252,0.544062,-1.042878,4.229131e-02,-3.481791e-02,1.009537e-02,-0.2115,0.1741,-0.1262
9.20500,0.395992,0.544239,-1.042916,4.229786e-02,-3.505376e-02,1.014336e-02,-0.2115,0.1753,-0.1268
9.20750,0.395732,0.544415,-1.042955,4.231682e-02,-3.527331e-02,1.018697e-02,-0.2116,0.1764,-0.1273
9.21000,0.395473,0.544592,-1.042994,4.235007e-02,-3.547528e-02,1.022626e-02,-0.2118,0.1774,-0.1278
9.21250,0.395213,0.544769,-1.043032,4.239768e-02,-3.565705e-02,1.026069e-02,-0.2120,0.1783,-0.1283
9.21500,0.394954,0.544947,-1.043071,4.246185e-02,-3.581844e-02,1.029028e-02,-0.2123,0.1791,-0.1286
9.21750,0.394695,0.545125,-1.043109,4.253854e-02,-3.595557e-02,1.031430e-02,-0.2127,0.1798,-0.1289
9.22000,0.394436,0.545304,-1.043148,4.262456e-02,-3.607158e-02,1.033347e-02,-0.2131,0.1804,-0.1292
9.22250,0.394178,0.545483,-1.043186,4.271720e-02,-3.616538e-02,1.034809e-02,-0.2136,0.1808,-0.1294
9.22500,0.393920,0.545663,-1.043225,4.281497e-02,-3.624039e-02,1.035887e-02,-0.2141,0.1812,-0.1295
9.22750,0.393662,0.545842,-1.043263,4.291587e-02,-3.629746e-02,1.036591e-02,-0.2146,0.1815,-0.1296
9.23000,0.393404,0.546023,-1.043301,4.302036e-02,-3.633839e-02,1.036953e-02,-0.2151,0.1817,-0.1296
9.23250,0.393146,0.546203,-1.043339,4.312524e-02,-3.636067e-02,1.036925e-02,-0.2156,0.1818,-0.1296
9.23500,0.392889,0.546384,-1.043378,4.322952e-02,-3.636380e-02,1.036498e-02,-0.2161,0.1818,-0.1296
9.23750,0.392631,0.546566,-1.043416,4.333157e-02,-3.634686e-02,1.035710e-02,-0.2167,0.1817,-0.1295
9.24000,0.392374,0.546748,-1.043454,4.343106e-02,-3.630965e-02,1.034551e-02,-0.2172,0.1815,-0.1293
9.24250,0.392118,0.546930,-1.043492,4.352844e-02,-3.625254e-02,1.033052e-02,-0.2176,0.1813,-0.1291
9.24500,0.391861,0.547112,-1.043530,4.362091e-02,-3.617742e-02,1.031239e-02,-0.2181,0.1809,-0.1289
9.24750,0.391605,0.547296,-1.043568,4.370684e-02,-3.608561e-02,1.029174e-02,-0.2185,0.1804,-0.1286
9.25000,0.391349,0.547479,-1.043606,4.378201e-02,-3.598107e-02,1.026895e-02,-0.2189,0.1799,-0.1284
9.25250,0.391093,0.547663,-1.043644,4.384766e-02,-3.586717e-02,1.024490e-02,-0.2192,0.1793,-0.1281
9.25500,0.390837,0.547847,-1.043682,4.390533e-02,-3.574840e-02,1.022024e-02,-0.2195,0.1787,-0.1278
9.25750,0.390582,0.548032,-1.043719,4.395445e-02,-3.562497e-02,1.019486e-02,-0.2198,0.1781,-0.1274
9.26000,0.390327,0.548217,-1.043757,4.399726e-02,-3.549730e-02,1.016826e-02,-0.2200,0.1775,-0.1271
9.26250,0.390072,0.548403,-1.043795,4.403441e-02,-3.536345e-02,1.014021e-02,-0.2202,0.1768,-0.1268
9.26500,0.389817,0.548589,-1.043832,4.406464e-02,-3.522259e-02,1.011081e-02,-0.2203,0.1761,-0.1264
9.26750,0.389563,0.548776,-1.043870,4.408659e-02,-3.507456e-02,1.007999e-02,-0.2204,0.1754,-0.1260
9.27000,0.389309,0.548963,-1.043907,4.409957e-02,-3.492472e-02,1.004878e-02,-0.2205,0.1746,-0.1256
9.27250,0.389055,0.549150,-1.043944,4.410269e-02,-3.477417e-02,1.001785e-02,-0.2205,0.1739,-0.1252
9.27500,0.388801,0.549338,-1.043982,4.409395e-02,-3.462463e-02,9.987482e-03,-0.2205,0.1731,-0.1248
9.27750,0.388547,0.549527,-1.044019,4.407547e-02,-3.447732e-02,9.958076e-03,-0.2204,0.1724,-0.1245
9.28000,0.388294,0.549715,-1.044056,4.405029e-02,-3.433455e-02,9.930134e-03,-0.2203,0.1717,-0.1241
9.28250,0.388041,0.549905,-1.044093,4.402079e-02,-3.419380e-02,9.902944e-03,-0.2201,0.1710,-0.1238
9.28500,0.387788,0.550094,-1.044130,4.398686e-02,-3.406006e-02,9.876977e-03,-0.2199,0.1703,-0.1235
9.28750,0.387536,0.550285,-1.044168,4.395082e-02,-3.393447e-02,9.852620e-03,-0.2198,0.1697,-0.1232
9.29000,0.387283,0.550475,-1.044205,4.391295e-02,-3.381825e-02,9.829982e-03,-0.2196,0.1691,-0.1229
9.29250,0.387031,0.550667,-1.044242,4.387324e-02,-3.370924e-02,9.809116e-03,-0.2194,0.1685,-0.1226
9.29500,0.386779,0.550858,-1.044279,4.383196e-02,-3.360759e-02,9.789947e-03,-0.2192,0.1680,-0.1224
9.29750,0.386527,0.551050,-1.044316,4.378988e-02,-3.351960e-02,9.773708e-03,-0.2189,0.1676,-0.1222
9.30000,0.386276,0.551243,-1.044353,4.374732e-02,-3.344475e-02,9.760319e-03,-0.2187,0.1672,-0.1220
9.30250,0.386025,0.551436,-1.044390,4.370326e-02,-3.338427e-02,9.750388e-03,-0.2185,0.1669,-0.1219
9.30500,0.385774,0.551629,-1.044427,4.365978e-02,-3.334164e-02,9.744131e-03,-0.2183,0.1667,-0.1218
9.30750,0.385523,0.551823,-1.044464,4.361635e-02,-3.331909e-02,9.741891e-03,-0.2181,0.1666,-0.1218
9.31000,0.385272,0.552018,-1.044500,4.357581e-02,-3.332083e-02,9.744097e-03,-0.2179,0.1666,-0.1218
9.31250,0.385022,0.552213,-1.044537,4.353794e-02,-3.334748e-02,9.750997e-03,-0.2177,0.1667,-0.1219
9.31500,0.384772,0.552408,-1.044574,4.350492e-02,-3.340077e-02,9.762896e-03,-0.2175,0.1670,-0.1220
9.31750,0.384522,0.552604,-1.044611,4.347537e-02,-3.347976e-02,9.779574e-03,-0.2174,0.1674,-0.1222
9.32000,0.384272,0.552800,-1.044648,4.344748e-02,-3.358273e-02,9.800846e-03,-0.2172,0.1679,-0.1225
9.32250,0.384023,0.552997,-1.044685,4.342273e-02,-3.370809e-02,9.826469e-03,-0.2171,0.1685,-0.1228
9.32500,0.383774,0.553194,-1.044722,4.340090e-02,-3.385515e-02,9.856561e-03,-0.2170,0.1693,-0.1232
9.32750,0.383525,0.553392,-1.044759,4.338560e-02,-3.401806e-02,9.889731e-03,-0.2169,0.1701,-0.1236
9.33000,0.383276,0.553590,-1.044796,4.337629e-02,-3.419429e-02,9.925438e-03,-0.2169,0.1710,-0.1241
9.33250,0.383027,0.553789,-1.044833,4.337303e-02,-3.438179e-02,9.963474e-03,-0.2169,0.1719,-0.1245
9.33500,0.382779,0.553988,-1.044870,4.337607e-02,-3.458243e-02,1.000437e-02,-0.2169,0.1729,-0.1251
9.33750,0.382531,0.554187,-1.044907,4.338363e-02,-3.479332e-02,1.004788e-02,-0.2169,0.1740,-0.1256
9.34000,0.382283,0.554387,-1.044944,4.339464e-02,-3.501340e-02,1.009371e-02,-0.2170,0.1751,-0.1262
9.34250,0.382035,0.554588,-1.044981,4.340974e-02,-3.524257e-02,1.014218e-02,-0.2170,0.1762,-0.1268
9.34500,0.381788,0.554789,-1.045018,4.342871e-02,-3.548038e-02,1.019279e-02,-0.2171,0.1774,-0.1274
9.34750,0.381540,0.554990,-1.045055,4.345333e-02,-3.572447e-02,1.024499e-02,-0.2173,0.1786,-0.1281
9.35000,0.381293,0.555192,-1.045092,4.348429e-02,-3.597241e-02,1.029804e-02,-0.2174,0.1799,-0.1287
9.35250,0.381046,0.555394,-1.045129,4.352296e-02,-3.621886e-02,1.035078e-02,-0.2176,0.1811,-0.1294
9.35500,0.380800,0.555596,-1.045166,4.357093e-02,-3.646017e-02,1.040218e-02,-0.2179,0.1823,-0.1300
9.35750,0.380554,0.555799,-1.045203,4.362845e-02,-3.669205e-02,1.045094e-02,-0.2181,0.1835,-0.1306
9.36000,0.380307,0.556003,-1.045240,4.369783e-02,-3.691313e-02,1.049635e-02,-0.2185,0.1846,-0.1312
9.36250,0.380061,0.556206,-1.045276,4.377889e-02,-3.711866e-02,1.053691e-02,-0.2189,0.1856,-0.1317
9.36500,0.379816,0.556411,-1.045313,4.387162e-02,-3.730787e-02,1.057251e-02,-0.2194,0.1865,-0.1322
9.36750,0.379570,0.556615,-1.045350,4.397481e-02,-3.747956e-02,1.060300e-02,-0.2199,0.1874,-0.1325
9.37000,0.379325,0.556820,-1.045387,4.408669e-02,-3.763501e-02,1.062904e-02,-0.2204,0.1882,-0.1329
9.37250,0.379080,0.557026,-1.045423,4.420649e-02,-3.777276e-02,1.064966e-02,-0.2210,0.1889,-0.1331
9.37500,0.378835,0.557231,-1.045460,4.432917e-02,-3.789700e-02,1.066649e-02,-0.2216,0.1895,-0.1333
9.37750,0.378591,0.557438,-1.045496,4.445415e-02,-3.800873e-02,1.068021e-02,-0.2223,0.1900,-0.1335
9.38000,0.378347,0.557644,-1.045533,4.457930e-02,-3.811075e-02,1.069140e-02,-0.2229,0.1906,-0.1336
9.38250,0.378103,0.557851,-1.045570,4.470235e-02,-3.820510e-02,1.070090e-02,-0.2235,0.1910,-0.1338
9.38500,0.377859,0.558059,-1.045606,4.482422e-02,-3.829251e-02,1.070899e-02,-0.2241,0.1915,-0.1339
9.38750,0.377615,0.558267,-1.045643,4.494361e-02,-3.837216e-02,1.071550e-02,-0.2247,0.1919,-0.1339
9.39000,0.377372,0.558475,-1.045679,4.505826e-02,-3.844357e-02,1.072048e-02,-0.2253,0.1922,-0.1340
9.39250,0.377129,0.558683,-1.045715,4.516548e-02,-3.850535e-02,1.072417e-02,-0.2258,0.1925,-0.1341
9.39500,0.376886,0.558892,-1.045752,4.526371e-02,-3.855523e-02,1.072654e-02,-0.2263,0.1928,-0.1341
9.39750,0.376644,0.559102,-1.045788,4.535285e-02,-3.859645e-02,1.072806e-02,-0.2268,0.1930,-0.1341
9.40000,0.376401,0.559312,-1.045825,4.543030e-02,-3.862849e-02,1.072855e-02,-0.2272,0.1931,-0.1341
9.40250,0.376159,0.559522,-1.045861,4.549670e-02,-3.865292e-02,1.072849e-02,-0.2275,0.1933,-0.1341
9.40500,0.375918,0.559733,-1.045898,4.555159e-02,-3.867231e-02,1.072864e-02,-0.2278,0.1934,-0.1341
9.40750,0.375676,0.559944,-1.045934,4.559200e-02,-3.868606e-02,1.072864e-02,-0.2280,0.1934,-0.1341
9.41000,0.375435,0.560155,-1.045971,4.562123e-02,-3.869584e-02,1.072903e-02,-0.2281,0.1935,-0.1341
9.41250,0.375194,0.560367,-1.046007,4.564026e-02,-3.870055e-02,1.072912e-02,-0.2282,0.1935,-0.1341
9.41500,0.374953,0.560579,-1.046044,4.565002e-02,-3.870188e-02,1.072916e-02,-0.2283,0.1935,-0.1341
9.41750,0.374713,0.560792,-1.046080,4.565311e-02,-3.869902e-02,1.072893e-02,-0.2283,0.1935,-0.1341
9.42000,0.374472,0.561005,-1.046117,4.565063e-02,-3.869079e-02,1.072818e-02,-0.2283,0.1935,-0.1341
9.42250,0.374232,0.561219,-1.046153,4.563984e-02,-3.867797e-02,1.072663e-02,-0.2282,0.1934,-0.1341
9.42500,0.373993,0.561432,-1.046190,4.561944e-02,-3.866238e-02,1.072493e-02,-0.2281,0.1933,-0.1341
9.42750,0.373753,0.561647,-1.046226,4.559102e-02,-3.864307e-02,1.072292e-02,-0.2280,0.1932,-0.1340
9.43000,0.373514,0.561862,-1.046263,4.555358e-02,-3.862143e-02,1.072116e-02,-0.2278,0.1931,-0.1340
9.43250,0.373275,0.562077,-1.046299,4.550966e-02,-3.859653e-02,1.071918e-02,-0.2275,0.1930,-0.1340
9.43500,0.373036,0.562292,-1.046336,4.545601e-02,-3.856880e-02,1.071742e-02,-0.2273,0.1928,-0.1340
9.43750,0.372797,0.562508,-1.046372,4.539711e-02,-3.853831e-02,1.071580e-02,-0.2270,0.1927,-0.1339
9.44000,0.372559,0.562725,-1.046409,4.533291e-02,-3.850650e-02,1.071462e-02,-0.2267,0.1925,-0.1339
9.44250,0.372321,0.562941,-1.046445,4.526651e-02,-3.847350e-02,1.071341e-02,-0.2263,0.1924,-0.1339
9.44500,0.372083,0.563159,-1.046482,4.519759e-02,-3.844360e-02,1.071276e-02,-0.2260,0.1922,-0.1339
9.44750,0.371846,0.563376,-1.046518,4.512820e-02,-3.841869e-02,1.071282e-02,-0.2256,0.1921,-0.1339
9.45000,0.371609,0.563594,-1.046555,4.505873e-02,-3.839810e-02,1.071355e-02,-0.2253,0.1920,-0.1339
9.45250,0.371371,0.563813,-1.046591,4.499056e-02,-3.838162e-02,1.071505e-02,-0.2250,0.1919,-0.1339
9.45500,0.371135,0.564032,-1.046628,4.492352e-02,-3.836757e-02,1.071719e-02,-0.2246,0.1918,-0.1340
9.45750,0.370898,0.564251,-1.046665,4.485817e-02,-3.835571e-02,1.071982e-02,-0.2243,0.1918,-0.1340
9.46000,0.370662,0.564471,-1.046701,4.479422e-02,-3.834678e-02,1.072322e-02,-0.2240,0.1917,-0.1340
9.46250,0.370426,0.564691,-1.046738,4.473410e-02,-3.834029e-02,1.072719e-02,-0.2237,0.1917,-0.1341
9.46500,0.370190,0.564912,-1.046774,4.467691e-02,-3.833687e-02,1.073192e-02,-0.2234,0.1917,-0.1341
9.46750,0.369954,0.565133,-1.046811,4.462391e-02,-3.833778e-02,1.073758e-02,-0.2231,0.1917,-0.1342
9.47000,0.369719,0.565354,-1.046848,4.457698e-02,-3.833928e-02,1.074317e-02,-0.2229,0.1917,-0.1343
9.47250,0.369483,0.565576,-1.046884,4.453723e-02,-3.834205e-02,1.074856e-02,-0.2227,0.1917,-0.1344
9.47500,0.369248,0.565799,-1.046921,4.450629e-02,-3.834762e-02,1.075380e-02,-0.2225,0.1917,-0.1344
9.47750,0.369014,0.566021,-1.046958,4.448185e-02,-3.835736e-02,1.075938e-02,-0.2224,0.1918,-0.1345
9.48000,0.368779,0.566245,-1.046995,4.446386e-02,-3.836756e-02,1.076460e-02,-0.2223,0.1918,-0.1346
9.48250,0.368545,0.566468,-1.047031,4.445050e-02,-3.837773e-02,1.076926e-02,-0.2223,0.1919,-0.1346
9.48500,0.368311,0.566692,-1.047068,4.444048e-02,-3.839058e-02,1.077381e-02,-0.2222,0.1920,-0.1347
9.48750,0.368077,0.566917,-1.047104,4.443406e-02,-3.840773e-02,1.077889e-02,-0.2222,0.1920,-0.1347
9.49000,0.367843,0.567142,-1.047141,4.443225e-02,-3.842728e-02,1.078372e-02,-0.2222,0.1921,-0.1348
9.49250,0.367610,0.567367,-1.047178,4.443551e-02,-3.845354e-02,1.078909e-02,-0.2222,0.1923,-0.1349
9.49500,0.367377,0.567593,-1.047214,4.444414e-02,-3.849104e-02,1.079587e-02,-0.2222,0.1925,-0.1349
9.49750,0.367144,0.567819,-1.047251,4.445918e-02,-3.854200e-02,1.080466e-02,-0.2223,0.1927,-0.1351
9.50000,0.366911,0.568045,-1.047287,4.447992e-02,-3.860899e-02,1.081637e-02,-0.2224,0.1930,-0.1352
9.50250,0.366679,0.568272,-1.047324,4.450944e-02,-3.869264e-02,1.083135e-02,-0.2225,0.1935,-0.1354
9.50500,0.366447,0.568500,-1.047360,4.454805e-02,-3.879431e-02,1.085021e-02,-0.2227,0.1940,-0.1356
9.50750,0.366215,0.568728,-1.047397,4.459503e-02,-3.891311e-02,1.087261e-02,-0.2230,0.1946,-0.1359
9.51000,0.365983,0.568956,-1.047433,4.464856e-02,-3.904696e-02,1.089834e-02,-0.2232,0.1952,-0.1362
9.51250,0.365751,0.569184,-1.047470,4.470919e-02,-3.919440e-02,1.092717e-02,-0.2235,0.1960,-0.1366
9.51500,0.365520,0.569413,-1.047506,4.477574e-02,-3.935279e-02,1.095863e-02,-0.2239,0.1968,-0.1370
9.51750,0.365289,0.569643,-1.047543,4.484931e-02,-3.952075e-02,1.099239e-02,-0.2242,0.1976,-0.1374
9.52000,0.365058,0.569873,-1.047579,4.493070e-02,-3.969458e-02,1.102749e-02,-0.2247,0.1985,-0.1378
9.52250,0.364828,0.570103,-1.047615,4.502034e-02,-3.987456e-02,1.106369e-02,-0.2251,0.1994,-0.1383
9.52500,0.364597,0.570334,-1.047652,4.512054e-02,-4.005586e-02,1.109961e-02,-0.2256,0.2003,-0.1387
9.52750,0.364367,0.570565,-1.047688,4.522984e-02,-4.023478e-02,1.113406e-02,-0.2261,0.2012,-0.1392
9.53000,0.364138,0.570796,-1.047724,4.534728e-02,-4.040458e-02,1.116554e-02,-0.2267,0.2020,-0.1396
9.53250,0.363908,0.571028,-1.047760,4.547195e-02,-4.056315e-02,1.119366e-02,-0.2274,0.2028,-0.1399
9.53500,0.363679,0.571260,-1.047796,4.560295e-02,-4.070910e-02,1.121790e-02,-0.2280,0.2035,-0.1402
9.53750,0.363450,0.571493,-1.047832,4.573800e-02,-4.084357e-02,1.123838e-02,-0.2287,0.2042,-0.1405
9.54000,0.363221,0.571726,-1.047868,4.587755e-02,-4.096358e-02,1.125447e-02,-0.2294,0.2048,-0.1407
9.54250,0.362992,0.571960,-1.047904,4.601736e-02,-4.107263e-02,1.126731e-02,-0.2301,0.2054,-0.1408
9.54500,0.362764,0.572193,-1.047940,4.615676e-02,-4.117459e-02,1.127767e-02,-0.2308,0.2059,-0.1410
9.54750,0.362536,0.572428,-1.047976,4.629464e-02,-4.126827e-02,1.128548e-02,-0.2315,0.2063,-0.1411
9.55000,0.362308,0.572662,-1.048012,4.642884e-02,-4.135680e-02,1.129177e-02,-0.2321,0.2068,-0.1411
9.55250,0.362081,0.572897,-1.048047,4.655889e-02,-4.144090e-02,1.129675e-02,-0.2328,0.2072,-0.1412
9.55500,0.361853,0.573132,-1.048083,4.668350e-02,-4.152063e-02,1.130081e-02,-0.2334,0.2076,-0.1413
9.55750,0.361626,0.573368,-1.048119,4.680047e-02,-4.159483e-02,1.130414e-02,-0.2340,0.2080,-0.1413
9.56000,0.361400,0.573604,-1.048155,4.690872e-02,-4.166153e-02,1.130666e-02,-0.2345,0.2083,-0.1413
9.56250,0.361173,0.573841,-1.048191,4.700797e-02,-4.171970e-02,1.130823e-02,-0.2350,0.2086,-0.1414
9.56500,0.360947,0.574078,-1.048226,4.709665e-02,-4.177090e-02,1.130956e-02,-0.2355,0.2089,-0.1414
9.56750,0.360721,0.574315,-1.048262,4.717367e-02,-4.181491e-02,1.131073e-02,-0.2359,0.2091,-0.1414
9.57000,0.360496,0.574553,-1.048298,4.723841e-02,-4.185268e-02,1.131169e-02,-0.2362,0.2093,-0.1414
9.57250,0.360270,0.574791,-1.048334,4.729081e-02,-4.188855e-02,1.131364e-02,-0.2365,0.2094,-0.1414
9.57500,0.360045,0.575029,-1.048370,4.733312e-02,-4.192417e-02,1.131698e-02,-0.2367,0.2096,-0.1415
9.57750,0.359820,0.575268,-1.048405,4.736154e-02,-4.196092e-02,1.132174e-02,-0.2368,0.2098,-0.1415
9.58000,0.359596,0.575507,-1.048441,4.738022e-02,-4.199665e-02,1.132756e-02,-0.2369,0.2100,-0.1416
9.58250,0.359372,0.575747,-1.048477,4.739123e-02,-4.202982e-02,1.133382e-02,-0.2370,0.2101,-0.1417
9.58500,0.359148,0.575987,-1.048513,4.739498e-02,-4.206000e-02,1.134042e-02,-0.2370,0.2103,-0.1418
9.58750,0.358924,0.576227,-1.048549,4.739192e-02,-4.208624e-02,1.134704e-02,-0.2370,0.2104,-0.1418
9.59000,0.358701,0.576468,-1.048585,4.738148e-02,-4.210633e-02,1.135294e-02,-0.2369,0.2105,-0.1419
9.59250,0.358477,0.576709,-1.048621,4.736270e-02,-4.212279e-02,1.135876e-02,-0.2368,0.2106,-0.1420
9.59500,0.358255,0.576950,-1.048657,4.733477e-02,-4.213285e-02,1.136385e-02,-0.2367,0.2107,-0.1420
9.59750,0.358032,0.577192,-1.048693,4.729803e-02,-4.213898e-02,1.136895e-02,-0.2365,0.2107,-0.1421
9.60000,0.357810,0.577435,-1.048729,4.725390e-02,-4.213890e-02,1.137312e-02,-0.2363,0.2107,-0.1422
9.60250,0.357587,0.577677,-1.048766,4.720304e-02,-4.213313e-02,1.137669e-02,-0.2360,0.2107,-0.1422
9.60500,0.357366,0.577920,-1.048802,4.714552e-02,-4.212213e-02,1.137969e-02,-0.2357,0.2106,-0.1422
9.60750,0.357144,0.578164,-1.048838,4.708486e-02,-4.210596e-02,1.138209e-02,-0.2354,0.2105,-0.1423
9.61000,0.356923,0.578408,-1.048874,4.702018e-02,-4.208507e-02,1.138414e-02,-0.2351,0.2104,-0.1423
9.61250,0.356702,0.578652,-1.048910,4.695367e-02,-4.206251e-02,1.138598e-02,-0.2348,0.2103,-0.1423
9.61500,0.356481,0.578897,-1.048947,4.688590e-02,-4.204082e-02,1.138800e-02,-0.2344,0.2102,-0.1424
9.61750,0.356260,0.579142,-1.048983,4.681851e-02,-4.201786e-02,1.138915e-02,-0.2341,0.2101,-0.1424
9.62000,0.356040,0.579387,-1.049019,4.675251e-02,-4.199473e-02,1.139013e-02,-0.2338,0.2100,-0.1424
9.62250,0.355820,0.579633,-1.049055,4.668988e-02,-4.196971e-02,1.139016e-02,-0.2334,0.2098,-0.1424
9.62500,0.355600,0.579879,-1.049092,4.663245e-02,-4.194214e-02,1.138976e-02,-0.2332,0.2097,-0.1424
9.62750,0.355381,0.580126,-1.049128,4.657988e-02,-4.191113e-02,1.138828e-02,-0.2329,0.2096,-0.1424
9.63000,0.355162,0.580373,-1.049164,4.653321e-02,-4.187679e-02,1.138560e-02,-0.2327,0.2094,-0.1423
9.63250,0.354943,0.580620,-1.049201,4.649070e-02,-4.183876e-02,1.138176e-02,-0.2325,0.2092,-0.1423
9.63500,0.354724,0.580868,-1.049237,4.645381e-02,-4.179559e-02,1.137631e-02,-0.2323,0.2090,-0.1422
9.63750,0.354505,0.581117,-1.049274,4.642190e-02,-4.174842e-02,1.136961e-02,-0.2321,0.2087,-0.1421
9.64000,0.354287,0.581365,-1.049310,4.639330e-02,-4.169926e-02,1.136196e-02,-0.2320,0.2085,-0.1420
9.64250,0.354069,0.581614,-1.049347,4.636990e-02,-4.164940e-02,1.135318e-02,-0.2318,0.2082,-0.1419
9.64500,0.353851,0.581864,-1.049383,4.635300e-02,-4.160096e-02,1.134390e-02,-0.2318,0.2080,-0.1418
9.64750,0.353634,0.582114,-1.049419,4.634340e-02,-4.155589e-02,1.133476e-02,-0.2317,0.2078,-0.1417
9.65000,0.353417,0.582364,-1.049456,4.634049e-02,-4.151439e-02,1.132579e-02,-0.2317,0.2076,-0.1416
9.65250,0.353200,0.582615,-1.049492,4.634552e-02,-4.147850e-02,1.131725e-02,-0.2317,0.2074,-0.1415
9.65500,0.352983,0.582866,-1.049529,4.635564e-02,-4.144943e-02,1.130951e-02,-0.2318,0.2072,-0.1414
9.65750,0.352766,0.583117,-1.049565,4.637301e-02,-4.143292e-02,1.130369e-02,-0.2319,0.2072,-0.1413
9.66000,0.352550,0.583369,-1.049602,4.639751e-02,-4.143497e-02,1.130089e-02,-0.2320,0.2072,-0.1413
9.66250,0.352334,0.583621,-1.049638,4.642670e-02,-4.146005e-02,1.130257e-02,-0.2321,0.2073,-0.1413
9.66500,0.352118,0.583874,-1.049674,4.646160e-02,-4.150916e-02,1.130900e-02,-0.2323,0.2075,-0.1414
9.66750,0.351903,0.584127,-1.049711,4.650244e-02,-4.158247e-02,1.132032e-02,-0.2325,0.2079,-0.1415
9.67000,0.351688,0.584381,-1.049747,4.654619e-02,-4.168178e-02,1.133754e-02,-0.2327,0.2084,-0.1417
9.67250,0.351473,0.584635,-1.049784,4.659138e-02,-4.180301e-02,1.135999e-02,-0.2330,0.2090,-0.1420
9.67500,0.351258,0.584889,-1.049820,4.663900e-02,-4.194609e-02,1.138772e-02,-0.2332,0.2097,-0.1423
9.67750,0.351043,0.585144,-1.049857,4.669022e-02,-4.210946e-02,1.142060e-02,-0.2335,0.2105,-0.1428
9.68000,0.350829,0.585399,-1.049893,4.674772e-02,-4.229209e-02,1.145851e-02,-0.2337,0.2115,-0.1432
9.68250,0.350615,0.585654,-1.049930,4.681175e-02,-4.249222e-02,1.150119e-02,-0.2341,0.2125,-0.1438
9.68500,0.350402,0.585910,-1.049966,4.688257e-02,-4.270586e-02,1.154708e-02,-0.2344,0.2135,-0.1443
9.68750,0.350188,0.586166,-1.050003,4.695485e-02,-4.293006e-02,1.159595e-02,-0.2348,0.2147,-0.1449
9.69000,0.349975,0.586423,-1.050039,4.703076e-02,-4.315965e-02,1.164653e-02,-0.2352,0.2158,-0.1456
9.69250,0.349762,0.586680,-1.050076,4.710828e-02,-4.339127e-02,1.169786e-02,-0.2355,0.2170,-0.1462
9.69500,0.349550,0.586937,-1.050112,4.718758e-02,-4.362154e-02,1.174908e-02,-0.2359,0.2181,-0.1469
9.69750,0.349337,0.587195,-1.050149,4.726876e-02,-4.384851e-02,1.179938e-02,-0.2363,0.2192,-0.1475
9.70000,0.349125,0.587453,-1.050186,4.735169e-02,-4.406884e-02,1.184787e-02,-0.2368,0.2203,-0.1481
9.70250,0.348913,0.587712,-1.050222,4.743654e-02,-4.428214e-02,1.189367e-02,-0.2372,0.2214,-0.1487
9.70500,0.348702,0.587971,-1.050259,4.752228e-02,-4.448417e-02,1.193604e-02,-0.2376,0.2224,-0.1492
9.70750,0.348490,0.588230,-1.050295,4.761047e-02,-4.467377e-02,1.197422e-02,-0.2381,0.2234,-0.1497
9.71000,0.348279,0.588489,-1.050332,4.770091e-02,-4.484957e-02,1.200773e-02,-0.2385,0.2242,-0.1501
9.71250,0.348069,0.588749,-1.050368,4.779463e-02,-4.501301e-02,1.203689e-02,-0.2390,0.2251,-0.1505
9.71500,0.347858,0.589010,-1.050405,4.789289e-02,-4.516305e-02,1.206131e-02,-0.2395,0.2258,-0.1508
9.71750,0.347648,0.589270,-1.050441,4.799296e-02,-4.530026e-02,1.208195e-02,-0.2400,0.2265,-0.1510
9.72000,0.347438,0.589531,-1.050478,4.809674e-02,-4.542553e-02,1.209907e-02,-0.2405,0.2271,-0.1512
9.72250,0.347228,0.589793,-1.050514,4.820049e-02,-4.554170e-02,1.211406e-02,-0.2410,0.2277,-0.1514
9.72500,0.347019,0.590054,-1.050551,4.830318e-02,-4.565116e-02,1.212767e-02,-0.2415,0.2283,-0.1516
9.72750,0.346810,0.590316,-1.050587,4.840290e-02,-4.575667e-02,1.214082e-02,-0.2420,0.2288,-0.1518
9.73000,0.346601,0.590579,-1.050624,4.849962e-02,-4.585891e-02,1.215385e-02,-0.2425,0.2293,-0.1519
9.73250,0.346393,0.590841,-1.050660,4.859155e-02,-4.595729e-02,1.216693e-02,-0.2430,0.2298,-0.1521
9.73500,0.346185,0.591104,-1.050697,4.867683e-02,-4.604751e-02,1.217933e-02,-0.2434,0.2302,-0.1522
9.73750,0.345977,0.591368,-1.050734,4.875470e-02,-4.612695e-02,1.219052e-02,-0.2438,0.2306,-0.1524
9.74000,0.345769,0.591632,-1.050770,4.882566e-02,-4.619364e-02,1.219977e-02,-0.2441,0.2310,-0.1525
9.74250,0.345562,0.591896,-1.050807,4.889006e-02,-4.624603e-02,1.220665e-02,-0.2445,0.2312,-0.1526
9.74500,0.345355,0.592160,-1.050844,4.894929e-02,-4.628083e-02,1.220973e-02,-0.2447,0.2314,-0.1526
9.74750,0.345148,0.592425,-1.050881,4.900417e-02,-4.630093e-02,1.220966e-02,-0.2450,0.2315,-0.1526
9.75000,0.344941,0.592690,-1.050918,4.905291e-02,-4.630497e-02,1.220635e-02,-0.2453,0.2315,-0.1526
9.75250,0.344735,0.592955,-1.050954,4.909641e-02,-4.629455e-02,1.220022e-02,-0.2455,0.2315,-0.1525
9.75500,0.344529,0.593221,-1.050991,4.913659e-02,-4.627063e-02,1.219137e-02,-0.2457,0.2314,-0.1524
9.75750,0.344324,0.593488,-1.051028,4.917397e-02,-4.623591e-02,1.218065e-02,-0.2459,0.2312,-0.1523
9.76000,0.344118,0.593754,-1.051065,4.921056e-02,-4.618954e-02,1.216770e-02,-0.2461,0.2309,-0.1521
9.76250,0.343913,0.594021,-1.051102,4.924510e-02,-4.613089e-02,1.215238e-02,-0.2462,0.2307,-0.1519
9.76500,0.343708,0.594288,-1.051139,4.927780e-02,-4.606270e-02,1.213509e-02,-0.2464,0.2303,-0.1517
9.76750,0.343504,0.594556,-1.051176,4.930343e-02,-4.598353e-02,1.211563e-02,-0.2465,0.2299,-0.1514
9.77000,0.343300,0.594824,-1.051212,4.932159e-02,-4.589489e-02,1.209412e-02,-0.2466,0.2295,-0.1512
9.77250,0.343096,0.595092,-1.051249,4.933242e-02,-4.579603e-02,1.207070e-02,-0.2467,0.2290,-0.1509
9.77500,0.342892,0.595361,-1.051286,4.933688e-02,-4.568504e-02,1.204480e-02,-0.2467,0.2284,-0.1506
9.77750,0.342689,0.595630,-1.051323,4.933701e-02,-4.556270e-02,1.201647e-02,-0.2467,0.2278,-0.1502
9.78000,0.342486,0.595899,-1.051360,4.933455e-02,-4.542803e-02,1.198504e-02,-0.2467,0.2271,-0.1498
9.78250,0.342283,0.596169,-1.051397,4.933099e-02,-4.528110e-02,1.195010e-02,-0.2467,0.2264,-0.1494
9.78500,0.342081,0.596439,-1.051433,4.932676e-02,-4.512192e-02,1.191185e-02,-0.2466,0.2256,-0.1489
9.78750,0.341879,0.596710,-1.051470,4.932321e-02,-4.494891e-02,1.186995e-02,-0.2466,0.2247,-0.1484
9.79000,0.341677,0.596981,-1.051507,4.931733e-02,-4.476656e-02,1.182530e-02,-0.2466,0.2238,-0.1478
9.79250,0.341475,0.597252,-1.051544,4.930834e-02,-4.457609e-02,1.177862e-02,-0.2465,0.2229,-0.1472
9.79500,0.341274,0.597524,-1.051580,4.929844e-02,-4.438361e-02,1.173080e-02,-0.2465,0.2219,-0.1466
9.79750,0.341073,0.597796,-1.051617,4.928689e-02,-4.419000e-02,1.168273e-02,-0.2464,0.2210,-0.1460
9.80000,0.340872,0.598069,-1.051654,4.927623e-02,-4.400043e-02,1.163527e-02,-0.2464,0.2200,-0.1454
9.80250,0.340672,0.598342,-1.051690,4.926582e-02,-4.382005e-02,1.158997e-02,-0.2463,0.2191,-0.1449
9.80500,0.340471,0.598615,-1.051727,4.925535e-02,-4.365213e-02,1.154730e-02,-0.2463,0.2183,-0.1443
9.80750,0.340272,0.598889,-1.051764,4.924620e-02,-4.350606e-02,1.150923e-02,-0.2462,0.2175,-0.1439
9.81000,0.340072,0.599163,-1.051800,4.924011e-02,-4.338920e-02,1.147744e-02,-0.2462,0.2169,-0.1435
9.81250,0.339873,0.599437,-1.051837,4.923875e-02,-4.330566e-02,1.145321e-02,-0.2462,0.2165,-0.1432
9.81500,0.339674,0.599712,-1.051873,4.924348e-02,-4.326096e-02,1.143808e-02,-0.2462,0.2163,-0.1430
9.81750,0.339475,0.599988,-1.051910,4.924869e-02,-4.325542e-02,1.143255e-02,-0.2462,0.2163,-0.1429
9.82000,0.339276,0.600263,-1.051947,4.925402e-02,-4.328711e-02,1.143645e-02,-0.2463,0.2164,-0.1430
9.82250,0.339078,0.600539,-1.051983,4.925986e-02,-4.335786e-02,1.145026e-02,-0.2463,0.2168,-0.1431
9.82500,0.338880,0.600816,-1.052020,4.926465e-02,-4.346357e-02,1.147322e-02,-0.2463,0.2173,-0.1434
9.82750,0.338683,0.601093,-1.052057,4.926988e-02,-4.360237e-02,1.150514e-02,-0.2463,0.2180,-0.1438
9.83000,0.338486,0.601370,-1.052094,4.927637e-02,-4.377018e-02,1.154493e-02,-0.2464,0.2189,-0.1443
9.83250,0.338289,0.601648,-1.052131,4.928818e-02,-4.396469e-02,1.159169e-02,-0.2464,0.2198,-0.1449
9.83500,0.338092,0.601926,-1.052168,4.930678e-02,-4.418126e-02,1.164400e-02,-0.2465,0.2209,-0.1455
9.83750,0.337895,0.602204,-1.052205,4.933304e-02,-4.441352e-02,1.170008e-02,-0.2467,0.2221,-0.1463
9.84000,0.337699,0.602483,-1.052242,4.936830e-02,-4.465925e-02,1.175924e-02,-0.2468,0.2233,-0.1470
9.84250,0.337503,0.602762,-1.052280,4.941150e-02,-4.491232e-02,1.181996e-02,-0.2471,0.2246,-0.1477
9.84500,0.337308,0.603042,-1.052317,4.945917e-02,-4.517139e-02,1.188191e-02,-0.2473,0.2259,-0.1485
9.84750,0.337112,0.603322,-1.052354,4.950723e-02,-4.543755e-02,1.194543e-02,-0.2475,0.2272,-0.1493
9.85000,0.336917,0.603602,-1.052392,4.955551e-02,-4.570697e-02,1.200984e-02,-0.2478,0.2285,-0.1501
9.85250,0.336723,0.603883,-1.052429,4.960281e-02,-4.597865e-02,1.207474e-02,-0.2480,0.2299,-0.1509
9.85500,0.336528,0.604164,-1.052467,4.964848e-02,-4.624892e-02,1.213904e-02,-0.2482,0.2312,-0.1517
9.85750,0.336334,0.604445,-1.052505,4.969375e-02,-4.651669e-02,1.220199e-02,-0.2485,0.2326,-0.1525
9.86000,0.336140,0.604727,-1.052542,4.973745e-02,-4.677832e-02,1.226310e-02,-0.2487,0.2339,-0.1533
9.86250,0.335947,0.605009,-1.052580,4.978222e-02,-4.703099e-02,1.232131e-02,-0.2489,0.2352,-0.1540
9.86500,0.335754,0.605291,-1.052618,4.982948e-02,-4.727307e-02,1.237653e-02,-0.2491,0.2364,-0.1547
9.86750,0.335561,0.605574,-1.052656,4.988031e-02,-4.750587e-02,1.242885e-02,-0.2494,0.2375,-0.1554
9.87000,0.335368,0.605857,-1.052694,4.993131e-02,-4.773080e-02,1.247913e-02,-0.2497,0.2387,-0.1560
9.87250,0.335176,0.606140,-1.052732,4.998371e-02,-4.794881e-02,1.252736e-02,-0.2499,0.2397,-0.1566
9.87500,0.334983,0.606424,-1.052771,5.003642e-02,-4.815859e-02,1.257348e-02,-0.2502,0.2408,-0.1572
9.87750,0.334792,0.606708,-1.052809,5.009122e-02,-4.836003e-02,1.261769e-02,-0.2505,0.2418,-0.1577
9.88000,0.334600,0.606992,-1.052847,5.014798e-02,-4.854808e-02,1.265903e-02,-0.2507,0.2427,-0.1582
9.88250,0.334409,0.607277,-1.052886,5.020102e-02,-4.872116e-02,1.269767e-02,-0.2510,0.2436,-0.1587
9.88500,0.334218,0.607562,-1.052925,5.025246e-02,-4.887630e-02,1.273253e-02,-0.2513,0.2444,-0.1592
9.88750,0.334027,0.607847,-1.052963,5.030202e-02,-4.901511e-02,1.276378e-02,-0.2515,0.2451,-0.1595
9.89000,0.333837,0.608133,-1.053002,5.035132e-02,-4.913349e-02,1.279027e-02,-0.2518,0.2457,-0.1599
9.89250,0.333647,0.608419,-1.053041,5.039918e-02,-4.923214e-02,1.281229e-02,-0.2520,0.2462,-0.1602
9.89500,0.333457,0.608705,-1.053080,5.044519e-02,-4.931337e-02,1.283017e-02,-0.2522,0.2466,-0.1604
9.89750,0.333268,0.608991,-1.053119,5.048886e-02,-4.937845e-02,1.284468e-02,-0.2524,0.2469,-0.1606
9.90000,0.333079,0.609278,-1.053159,5.053269e-02,-4.942625e-02,1.285549e-02,-0.2527,0.2471,-0.1607
9.90250,0.332890,0.609565,-1.053198,5.057655e-02,-4.945739e-02,1.286285e-02,-0.2529,0.2473,-0.1608
9.90500,0.332702,0.609853,-1.053237,5.062194e-02,-4.947237e-02,1.286618e-02,-0.2531,0.2474,-0.1608
9.90750,0.332514,0.610140,-1.053276,5.067173e-02,-4.946668e-02,1.286406e-02,-0.2534,0.2473,-0.1608
9.91000,0.332326,0.610429,-1.053316,5.072641e-02,-4.944231e-02,1.285646e-02,-0.2536,0.2472,-0.1607
9.91250,0.332138,0.610717,-1.053355,5.078671e-02,-4.939405e-02,1.284200e-02,-0.2539,0.2470,-0.1605
9.91500,0.331951,0.611006,-1.053394,5.085450e-02,-4.931947e-02,1.281987e-02,-0.2543,0.2466,-0.1602
9.91750,0.331764,0.611295,-1.053434,5.093278e-02,-4.922165e-02,1.279046e-02,-0.2547,0.2461,-0.1599
9.92000,0.331577,0.611584,-1.053473,5.101952e-02,-4.910111e-02,1.275405e-02,-0.2551,0.2455,-0.1594
9.92250,0.331391,0.611874,-1.053512,5.111154e-02,-4.895858e-02,1.271062e-02,-0.2556,0.2448,-0.1589
9.92500,0.331205,0.612164,-1.053552,5.120885e-02,-4.879645e-02,1.266114e-02,-0.2560,0.2440,-0.1583
9.92750,0.331019,0.612454,-1.053591,5.130913e-02,-4.861278e-02,1.260538e-02,-0.2565,0.2431,-0.1576
9.93000,0.330834,0.612745,-1.053630,5.141187e-02,-4.840985e-02,1.254399e-02,-0.2571,0.2420,-0.1568
9.93250,0.330648,0.613036,-1.053669,5.151637e-02,-4.819162e-02,1.247812e-02,-0.2576,0.2410,-0.1560
9.93500,0.330464,0.613327,-1.053708,5.162298e-02,-4.796155e-02,1.240848e-02,-0.2581,0.2398,-0.1551
9.93750,0.330279,0.613619,-1.053747,5.172815e-02,-4.772255e-02,1.233647e-02,-0.2586,0.2386,-0.1542
9.94000,0.330095,0.613911,-1.053786,5.183191e-02,-4.747972e-02,1.226303e-02,-0.2592,0.2374,-0.1533
9.94250,0.329911,0.614204,-1.053825,5.193388e-02,-4.723889e-02,1.218938e-02,-0.2597,0.2362,-0.1524
9.94500,0.329728,0.614496,-1.053864,5.203521e-02,-4.701145e-02,1.211779e-02,-0.2602,0.2351,-0.1515
9.94750,0.329545,0.614789,-1.053903,5.213651e-02,-4.680862e-02,1.205042e-02,-0.2607,0.2340,-0.1506
9.95000,0.329362,0.615083,-1.053941,5.223667e-02,-4.663229e-02,1.198833e-02,-0.2612,0.2332,-0.1499
9.95250,0.329179,0.615377,-1.053980,5.233563e-02,-4.648928e-02,1.193397e-02,-0.2617,0.2324,-0.1492
9.95500,0.328997,0.615671,-1.054019,5.243463e-02,-4.638094e-02,1.188829e-02,-0.2622,0.2319,-0.1486
9.95750,0.328815,0.615966,-1.054057,5.253287e-02,-4.631209e-02,1.185308e-02,-0.2627,0.2316,-0.1482
9.96000,0.328634,0.616261,-1.054096,5.262906e-02,-4.627935e-02,1.182788e-02,-0.2631,0.2314,-0.1478
9.96250,0.328452,0.616556,-1.054134,5.272350e-02,-4.627930e-02,1.181186e-02,-0.2636,0.2314,-0.1476
9.96500,0.328271,0.616852,-1.054173,5.281074e-02,-4.630911e-02,1.180510e-02,-0.2641,0.2315,-0.1476
9.96750,0.328091,0.617148,-1.054212,5.288818e-02,-4.636682e-02,1.180760e-02,-0.2644,0.2318,-0.1476
9.97000,0.327911,0.617444,-1.054250,5.295568e-02,-4.644734e-02,1.181788e-02,-0.2648,0.2322,-0.1477
9.97250,0.327731,0.617741,-1.054289,5.301312e-02,-4.654443e-02,1.183414e-02,-0.2651,0.2327,-0.1479
9.97500,0.327551,0.618038,-1.054328,5.306164e-02,-4.665450e-02,1.185507e-02,-0.2653,0.2333,-0.1482
9.97750,0.327372,0.618336,-1.054367,5.310082e-02,-4.677368e-02,1.187980e-02,-0.2655,0.2339,-0.1485
9.98000,0.327193,0.618633,-1.054406,5.312816e-02,-4.689996e-02,1.190797e-02,-0.2656,0.2345,-0.1488
9.98250,0.327015,0.618932,-1.054445,5.314396e-02,-4.703522e-02,1.194000e-02,-0.2657,0.2352,-0.1493
9.98500,0.326837,0.619230,-1.054484,5.314862e-02,-4.717454e-02,1.197447e-02,-0.2657,0.2359,-0.1497
9.98750,0.326659,0.619529,-1.054523,5.314365e-02,-4.731912e-02,1.201181e-02,-0.2657,0.2366,-0.1501
9.99000,0.326481,0.619828,-1.054562,5.313119e-02,-4.746563e-02,1.205089e-02,-0.2657,0.2373,-0.1506
9.99250,0.326304,0.620128,-1.054601,5.311351e-02,-4.761700e-02,1.209176e-02,-0.2656,0.2381,-0.1511
9.99500,0.326127,0.620428,-1.054641,5.309436e-02,-4.776743e-02,1.213254e-02,-0.2655,0.2388,-0.1517
9.99750,0.325951,0.620728,-1.054680,5.307557e-02,-4.791781e-02,1.217307e-02,-0.2654,0.2396,-0.1522
10.00000,0.325774,0.621028,-1.054719,5.306478e-02,-4.806674e-02,1.221231e-02,-0.2653,0.2403,-0.1527
