t,cx,cy,theta,Vc_x,Vc_y,omega
0.00250,0.600000,0.500000,0.000000,0.000000e+00,0.000000e+00,0.000000e+00
0.00500,0.599987,0.499997,-0.000000,-5.005316e-03,-1.378123e-03,-7.961245e-05
0.00750,0.599963,0.499990,0.000000,-9.984326e-03,-2.752020e-03,1.787354e-04
0.01000,0.599937,0.499983,0.000001,-1.010189e-02,-2.809852e-03,1.832967e-04
0.01250,0.599908,0.499975,0.000001,-1.179853e-02,-3.243715e-03,3.154824e-04
0.01500,0.599877,0.499966,0.000002,-1.220817e-02,-3.331966e-03,2.742153e-04
0.01750,0.599844,0.499957,0.000003,-1.338756e-02,-3.604313e-03,3.436277e-04
0.02000,0.599809,0.499948,0.000004,-1.406737e-02,-3.745121e-03,3.048784e-04
0.02250,0.599771,0.499938,0.000005,-1.505441e-02,-3.963928e-03,3.553432e-04
0.02500,0.599731,0.499928,0.000006,-1.582620e-02,-4.132354e-03,3.310238e-04
0.02750,0.599690,0.499917,0.000006,-1.671151e-02,-4.334510e-03,3.731360e-04
0.03000,0.599646,0.499905,0.000007,-1.749926e-02,-4.517393e-03,3.600155e-04
0.03250,0.599600,0.499894,0.000008,-1.832462e-02,-4.714120e-03,3.955946e-04
0.03500,0.599552,0.499881,0.000009,-1.910254e-02,-4.902495e-03,3.901405e-04
0.03750,0.599503,0.499869,0.000010,-1.988860e-02,-5.095623e-03,4.209202e-04
0.04000,0.599451,0.499855,0.000011,-2.064854e-02,-5.284368e-03,4.214550e-04
0.04250,0.599397,0.499842,0.000013,-2.140528e-02,-5.474119e-03,4.491467e-04
0.04500,0.599342,0.499828,0.000014,-2.214517e-02,-5.661210e-03,4.544652e-04
0.04750,0.599285,0.499813,0.000015,-2.287783e-02,-5.847912e-03,4.800307e-04
0.05000,0.599226,0.499798,0.000016,-2.359802e-02,-6.032722e-03,4.888910e-04
0.05250,0.599165,0.499782,0.000017,-2.430992e-02,-6.216569e-03,5.127581e-04
0.05500,0.599103,0.499766,0.000019,-2.501167e-02,-6.398782e-03,5.240992e-04
0.05750,0.599038,0.499750,0.000020,-2.570524e-02,-6.579720e-03,5.465603e-04
0.06000,0.598972,0.499733,0.000021,-2.639009e-02,-6.759065e-03,5.596430e-04
0.06250,0.598905,0.499716,0.000023,-2.706724e-02,-6.936965e-03,5.809923e-04
0.06500,0.598835,0.499698,0.000024,-2.773669e-02,-7.113272e-03,5.953348e-04
0.06750,0.598764,0.499680,0.000026,-2.839904e-02,-7.288072e-03,6.158274e-04
0.07000,0.598692,0.499661,0.000028,-2.905448e-02,-7.461312e-03,6.310872e-04
0.07250,0.598617,0.499642,0.000029,-2.970345e-02,-7.633057e-03,6.509258e-04
0.07500,0.598542,0.499622,0.000031,-3.034619e-02,-7.803297e-03,6.668362e-04
0.07750,0.598464,0.499603,0.000033,-3.098306e-02,-7.972094e-03,6.861368e-04
0.08000,0.598385,0.499582,0.000034,-3.161432e-02,-8.139460e-03,7.024833e-04
0.08250,0.598305,0.499561,0.000036,-3.224026e-02,-8.305453e-03,7.213274e-04
0.08500,0.598222,0.499540,0.000038,-3.286114e-02,-8.470096e-03,7.379269e-04
0.08750,0.598139,0.499519,0.000040,-3.347721e-02,-8.633439e-03,7.563337e-04
0.09000,0.598053,0.499497,0.000042,-3.408870e-02,-8.795512e-03,7.729977e-04
0.09250,0.597967,0.499474,0.000044,-3.469585e-02,-8.956361e-03,7.909244e-04
0.09500,0.597878,0.499451,0.000046,-3.529885e-02,-9.116016e-03,8.074566e-04
0.09750,0.597789,0.499428,0.000048,-3.589792e-02,-9.274522e-03,8.248309e-04
0.10000,0.597697,0.499405,0.000050,-3.649323e-02,-9.431908e-03,8.410566e-04
0.10250,0.597605,0.499381,0.000052,-3.708497e-02,-9.588214e-03,8.577899e-04
0.10500,0.597511,0.499356,0.000054,-3.767330e-02,-9.743471e-03,8.735245e-04
0.10750,0.597415,0.499332,0.000056,-3.825838e-02,-9.897717e-03,8.894753e-04
0.11000,0.597318,0.499307,0.000059,-3.884036e-02,-1.005098e-02,9.044957e-04
0.11250,0.597219,0.499281,0.000061,-3.941938e-02,-1.020329e-02,9.194806e-04
0.11500,0.597119,0.499255,0.000063,-3.999556e-02,-1.035469e-02,9.335748e-04
0.11750,0.597018,0.499229,0.000066,-4.056902e-02,-1.050519e-02,9.474363e-04
0.12000,0.596915,0.499202,0.000068,-4.113988e-02,-1.065484e-02,9.604133e-04
0.12250,0.596811,0.499175,0.000071,-4.170825e-02,-1.080366e-02,9.729843e-04
0.12500,0.596705,0.499148,0.000073,-4.227421e-02,-1.095168e-02,9.846538e-04
0.12750,0.596598,0.499120,0.000076,-4.283786e-02,-1.109892e-02,9.957760e-04
0.13000,0.596489,0.499092,0.000078,-4.339928e-02,-1.124541e-02,1.005970e-03
0.13250,0.596380,0.499063,0.000081,-4.395853e-02,-1.139120e-02,1.015453e-03
0.13500,0.596268,0.499035,0.000083,-4.451569e-02,-1.153632e-02,1.023922e-03
0.13750,0.596156,0.499005,0.000086,-4.507081e-02,-1.168079e-02,1.031536e-03
0.14000,0.596042,0.498976,0.000088,-4.562394e-02,-1.182465e-02,1.038092e-03
0.14250,0.595926,0.498946,0.000091,-4.617512e-02,-1.196793e-02,1.043718e-03
0.14500,0.595809,0.498916,0.000094,-4.672439e-02,-1.211064e-02,1.048271e-03
0.14750,0.595691,0.498885,0.000096,-4.727177e-02,-1.225281e-02,1.051860e-03
0.15000,0.595572,0.498854,0.000099,-4.781729e-02,-1.239446e-02,1.054385e-03
0.15250,0.595451,0.498823,0.000101,-4.836095e-02,-1.253562e-02,1.055914e-03
0.15500,0.595328,0.498791,0.000104,-4.890276e-02,-1.267628e-02,1.056369e-03
0.15750,0.595205,0.498759,0.000107,-4.944272e-02,-1.281647e-02,1.055800e-03
0.16000,0.595080,0.498727,0.000109,-4.998083e-02,-1.295619e-02,1.054115e-03
0.16250,0.594954,0.498694,0.000112,-5.051707e-02,-1.309545e-02,1.051370e-03
0.16500,0.594826,0.498661,0.000115,-5.105142e-02,-1.323425e-02,1.047504e-03
0.16750,0.594697,0.498627,0.000117,-5.158386e-02,-1.337260e-02,1.042573e-03
0.17000,0.594567,0.498594,0.000120,-5.211436e-02,-1.351048e-02,1.036522e-03
0.17250,0.594435,0.498559,0.000122,-5.264288e-02,-1.364791e-02,1.029371e-03
0.17500,0.594302,0.498525,0.000125,-5.316940e-02,-1.378485e-02,1.021073e-03
0.17750,0.594168,0.498490,0.000127,-5.369386e-02,-1.392131e-02,1.011649e-03
0.18000,0.594032,0.498455,0.000130,-5.421622e-02,-1.405725e-02,1.001055e-03
0.18250,0.593896,0.498420,0.000132,-5.473644e-02,-1.419266e-02,9.893143e-04
0.18500,0.593757,0.498384,0.000135,-5.525444e-02,-1.432748e-02,9.764039e-04
0.18750,0.593618,0.498348,0.000137,-5.577019e-02,-1.446170e-02,9.623306e-04
0.19000,0.593477,0.498311,0.000140,-5.628361e-02,-1.459528e-02,9.470756e-04
0.19250,0.593335,0.498274,0.000142,-5.679464e-02,-1.472816e-02,9.306510e-04
0.19500,0.593192,0.498237,0.000144,-5.730322e-02,-1.486031e-02,9.130405e-04
0.19750,0.593048,0.498200,0.000146,-5.780928e-02,-1.499166e-02,8.942511e-04
0.20000,0.592902,0.498162,0.000149,-5.831276e-02,-1.512219e-02,8.742587e-04
0.20250,0.592755,0.498124,0.000151,-5.881359e-02,-1.525182e-02,8.530675e-04
0.20500,0.592606,0.498085,0.000153,-5.931171e-02,-1.538050e-02,8.306645e-04
0.20750,0.592457,0.498047,0.000155,-5.980707e-02,-1.550818e-02,8.070860e-04
0.21000,0.592306,0.498007,0.000157,-6.029961e-02,-1.563480e-02,7.822811e-04
0.21250,0.592154,0.497968,0.000159,-6.078929e-02,-1.576029e-02,7.562862e-04
0.21500,0.592001,0.497928,0.000161,-6.127604e-02,-1.588459e-02,7.290418e-04
0.21750,0.591847,0.497888,0.000162,-6.175984e-02,-1.600765e-02,7.005326e-04
0.22000,0.591691,0.497848,0.000164,-6.224061e-02,-1.612941e-02,6.707100e-04
0.22250,0.591534,0.497807,0.000166,-6.271834e-02,-1.624982e-02,6.395958e-04
0.22500,0.591376,0.497766,0.000167,-6.319297e-02,-1.636884e-02,6.071651e-04
0.22750,0.591217,0.497725,0.000169,-6.366448e-02,-1.648641e-02,5.734452e-04
0.23000,0.591057,0.497684,0.000170,-6.413285e-02,-1.660250e-02,5.384269e-04
0.23250,0.590895,0.497642,0.000171,-6.459805e-02,-1.671707e-02,5.020853e-04
0.23500,0.590733,0.497600,0.000172,-6.506007e-02,-1.683009e-02,4.644056e-04
0.23750,0.590569,0.497557,0.000173,-6.551892e-02,-1.694153e-02,4.252988e-04
0.24000,0.590404,0.497515,0.000174,-6.597458e-02,-1.705138e-02,3.847594e-04
0.24250,0.590238,0.497472,0.000175,-6.642703e-02,-1.715964e-02,3.427432e-04
0.24500,0.590071,0.497429,0.000176,-6.687631e-02,-1.726630e-02,2.991590e-04
0.24750,0.589902,0.497385,0.000177,-6.732241e-02,-1.737132e-02,2.537638e-04
0.25000,0.589733,0.497342,0.000177,-6.776533e-02,-1.747470e-02,2.063879e-04
0.25250,0.589562,0.497298,0.000177,-6.820510e-02,-1.757641e-02,1.567401e-04
0.25500,0.589391,0.497254,0.000178,-6.864172e-02,-1.767644e-02,1.045806e-04
0.25750,0.589218,0.497209,0.000178,-6.907521e-02,-1.777477e-02,4.969059e-05
0.26000,0.589044,0.497164,0.000178,-6.950560e-02,-1.787141e-02,-8.107629e-06
0.26250,0.588869,0.497120,0.000178,-6.993289e-02,-1.796633e-02,-6.906777e-05
0.26500,0.588694,0.497074,0.000177,-7.035714e-02,-1.805952e-02,-1.333547e-04
0.26750,0.588517,0.497029,0.000177,-7.077834e-02,-1.815097e-02,-2.012237e-04
0.27000,0.588339,0.496983,0.000176,-7.119653e-02,-1.824071e-02,-2.730008e-04
0.27250,0.588160,0.496938,0.000175,-7.161172e-02,-1.832874e-02,-3.488197e-04
0.27500,0.587980,0.496892,0.000174,-7.202395e-02,-1.841507e-02,-4.287931e-04
0.27750,0.587798,0.496845,0.000173,-7.243323e-02,-1.849969e-02,-5.129656e-04
0.28000,0.587616,0.496799,0.000171,-7.283959e-02,-1.858262e-02,-6.013580e-04
0.28250,0.587433,0.496752,0.000170,-7.324303e-02,-1.866384e-02,-6.939932e-04
0.28500,0.587249,0.496705,0.000168,-7.364358e-02,-1.874332e-02,-7.908915e-04
0.28750,0.587064,0.496658,0.000165,-7.404123e-02,-1.882106e-02,-8.920738e-04
0.29000,0.586878,0.496611,0.000163,-7.443602e-02,-1.889707e-02,-9.974807e-04
0.29250,0.586691,0.496564,0.000160,-7.482793e-02,-1.897133e-02,-1.107121e-03
0.29500,0.586503,0.496516,0.000157,-7.521699e-02,-1.904382e-02,-1.220865e-03
0.29750,0.586314,0.496468,0.000154,-7.560319e-02,-1.911452e-02,-1.338747e-03
0.30000,0.586124,0.496420,0.000150,-7.598655e-02,-1.918343e-02,-1.460670e-03
0.30250,0.585933,0.496372,0.000146,-7.636708e-02,-1.925053e-02,-1.586694e-03
0.30500,0.585741,0.496324,0.000142,-7.674479e-02,-1.931586e-02,-1.716662e-03
0.30750,0.585548,0.496275,0.000137,-7.711968e-02,-1.937942e-02,-1.850654e-03
0.31000,0.585355,0.496227,0.000132,-7.749176e-02,-1.944125e-02,-1.988494e-03
0.31250,0.585160,0.496178,0.000127,-7.786106e-02,-1.950136e-02,-2.130190e-03
0.31500,0.584964,0.496129,0.000121,-7.822758e-02,-1.955979e-02,-2.275607e-03
0.31750,0.584768,0.496080,0.000115,-7.859134e-02,-1.961656e-02,-2.424786e-03
0.32000,0.584570,0.496031,0.000109,-7.895236e-02,-1.967170e-02,-2.577626e-03
0.32250,0.584372,0.495982,0.000102,-7.931063e-02,-1.972522e-02,-2.734112e-03
0.32500,0.584173,0.495932,0.000095,-7.966618e-02,-1.977716e-02,-2.894030e-03
0.32750,0.583973,0.495883,0.000087,-8.001903e-02,-1.982755e-02,-3.057350e-03
0.33000,0.583772,0.495833,0.000079,-8.036918e-02,-1.987645e-02,-3.224050e-03
0.33250,0.583570,0.495783,0.000071,-8.071666e-02,-1.992392e-02,-3.394142e-03
0.33500,0.583368,0.495733,0.000062,-8.106148e-02,-1.997002e-02,-3.567657e-03
0.33750,0.583164,0.495683,0.000052,-8.140368e-02,-2.001481e-02,-3.744679e-03
0.34000,0.582960,0.495633,0.000042,-8.174326e-02,-2.005834e-02,-3.925324e-03
0.34250,0.582755,0.495583,0.000032,-8.208027e-02,-2.010068e-02,-4.109682e-03
0.34500,0.582549,0.495532,0.000021,-8.241476e-02,-2.014186e-02,-4.298000e-03
0.34750,0.582342,0.495482,0.000010,-8.274676e-02,-2.018195e-02,-4.490517e-03
0.35000,0.582134,0.495431,-0.000002,-8.307633e-02,-2.022098e-02,-4.687560e-03
0.35250,0.581925,0.495381,-0.000014,-8.340352e-02,-2.025897e-02,-4.889580e-03
0.35500,0.581716,0.495330,-0.000026,-8.372839e-02,-2.029595e-02,-5.096914e-03
0.35750,0.581506,0.495279,-0.000040,-8.405100e-02,-2.033194e-02,-5.309974e-03
0.36000,0.581295,0.495228,-0.000054,-8.437146e-02,-2.036696e-02,-5.528972e-03
0.36250,0.581083,0.495177,-0.000068,-8.468981e-02,-2.040105e-02,-5.754072e-03
0.36500,0.580871,0.495126,-0.000083,-8.500615e-02,-2.043422e-02,-5.985328e-03
0.36750,0.580658,0.495075,-0.000098,-8.532056e-02,-2.046648e-02,-6.222759e-03
0.37000,0.580443,0.495024,-0.000115,-8.563314e-02,-2.049794e-02,-6.466481e-03
0.37250,0.580229,0.494972,-0.000131,-8.594400e-02,-2.052866e-02,-6.716558e-03
0.37500,0.580013,0.494921,-0.000149,-8.625323e-02,-2.055868e-02,-6.972819e-03
0.37750,0.579797,0.494870,-0.000167,-8.656090e-02,-2.058805e-02,-7.235095e-03
0.38000,0.579579,0.494818,-0.000186,-8.686710e-02,-2.061679e-02,-7.503143e-03
0.38250,0.579361,0.494766,-0.000205,-8.717191e-02,-2.064492e-02,-7.776793e-03
0.38500,0.579143,0.494715,-0.000225,-8.747539e-02,-2.067247e-02,-8.055810e-03
0.38750,0.578923,0.494663,-0.000246,-8.777763e-02,-2.069949e-02,-8.339827e-03
0.39000,0.578703,0.494611,-0.000268,-8.807869e-02,-2.072598e-02,-8.628588e-03
0.39250,0.578482,0.494559,-0.000290,-8.837861e-02,-2.075196e-02,-8.921735e-03
0.39500,0.578260,0.494507,-0.000313,-8.867742e-02,-2.077741e-02,-9.219054e-03
0.39750,0.578038,0.494455,-0.000337,-8.897514e-02,-2.080232e-02,-9.520176e-03
0.40000,0.577815,0.494403,-0.000361,-8.927180e-02,-2.082670e-02,-9.824870e-03
0.40250,0.577591,0.494351,-0.000387,-8.956741e-02,-2.085053e-02,-1.013281e-02
0.40500,0.577366,0.494299,-0.000413,-8.986196e-02,-2.087382e-02,-1.044376e-02
0.40750,0.577141,0.494247,-0.000440,-9.015545e-02,-2.089655e-02,-1.075748e-02
0.41000,0.576915,0.494194,-0.000467,-9.044787e-02,-2.091873e-02,-1.107375e-02
0.41250,0.576688,0.494142,-0.000496,-9.073921e-02,-2.094033e-02,-1.139226e-02
0.41500,0.576460,0.494090,-0.000525,-9.102947e-02,-2.096135e-02,-1.171285e-02
0.41750,0.576232,0.494037,-0.000555,-9.131864e-02,-2.098179e-02,-1.203515e-02
0.42000,0.576003,0.493985,-0.000586,-9.160666e-02,-2.100164e-02,-1.235910e-02
0.42250,0.575773,0.493932,-0.000618,-9.189351e-02,-2.102090e-02,-1.268440e-02
0.42500,0.575543,0.493879,-0.000650,-9.217916e-02,-2.103961e-02,-1.301095e-02
0.42750,0.575312,0.493827,-0.000684,-9.246359e-02,-2.105776e-02,-1.333844e-02
0.43000,0.575080,0.493774,-0.000718,-9.274676e-02,-2.107537e-02,-1.366682e-02
0.43250,0.574847,0.493721,-0.000753,-9.302866e-02,-2.109246e-02,-1.399593e-02
0.43500,0.574614,0.493669,-0.000789,-9.330920e-02,-2.110905e-02,-1.432582e-02
0.43750,0.574380,0.493616,-0.000825,-9.358835e-02,-2.112526e-02,-1.465623e-02
0.44000,0.574145,0.493563,-0.000863,-9.386603e-02,-2.114101e-02,-1.498752e-02
0.44250,0.573910,0.493510,-0.000901,-9.414218e-02,-2.115632e-02,-1.531998e-02
0.44500,0.573674,0.493457,-0.000940,-9.441676e-02,-2.117115e-02,-1.565415e-02
0.44750,0.573437,0.493404,-0.000980,-9.468967e-02,-2.118549e-02,-1.599035e-02
0.45000,0.573200,0.493351,-0.001021,-9.496091e-02,-2.119935e-02,-1.632893e-02
0.45250,0.572962,0.493298,-0.001063,-9.523041e-02,-2.121266e-02,-1.667020e-02
0.45500,0.572723,0.493245,-0.001105,-9.549814e-02,-2.122540e-02,-1.701448e-02
0.45750,0.572484,0.493192,-0.001149,-9.576404e-02,-2.123761e-02,-1.736230e-02
0.46000,0.572244,0.493139,-0.001193,-9.602810e-02,-2.124924e-02,-1.771356e-02
0.46250,0.572003,0.493086,-0.001238,-9.629028e-02,-2.126032e-02,-1.806850e-02
0.46500,0.571761,0.493033,-0.001284,-9.655057e-02,-2.127079e-02,-1.842693e-02
0.46750,0.571519,0.492979,-0.001331,-9.680893e-02,-2.128064e-02,-1.878906e-02
0.47000,0.571277,0.492926,-0.001379,-9.706534e-02,-2.128983e-02,-1.915467e-02
0.47250,0.571033,0.492873,-0.001428,-9.731979e-02,-2.129836e-02,-1.952377e-02
0.47500,0.570790,0.492820,-0.001478,-9.757223e-02,-2.130617e-02,-1.989621e-02
0.47750,0.570545,0.492766,-0.001528,-9.782271e-02,-2.131326e-02,-2.027188e-02
0.48000,0.570300,0.492713,-0.001580,-9.807121e-02,-2.131956e-02,-2.065068e-02
0.48250,0.570054,0.492660,-0.001633,-9.831773e-02,-2.132508e-02,-2.103249e-02
0.48500,0.569808,0.492606,-0.001686,-9.856226e-02,-2.132983e-02,-2.141710e-02
0.48750,0.569561,0.492553,-0.001741,-9.880476e-02,-2.133380e-02,-2.180432e-02
0.49000,0.569313,0.492500,-0.001796,-9.904523e-02,-2.133699e-02,-2.219397e-02
0.49250,0.569065,0.492446,-0.001853,-9.928366e-02,-2.133939e-02,-2.258593e-02
0.49500,0.568816,0.492393,-0.001910,-9.951996e-02,-2.134096e-02,-2.298005e-02
0.49750,0.568567,0.492340,-0.001968,-9.975413e-02,-2.134169e-02,-2.337618e-02
0.50000,0.568317,0.492286,-0.002028,-9.998617e-02,-2.134158e-02,-2.377419e-02
0.50250,0.568066,0.492233,-0.002088,-1.002161e-01,-2.134063e-02,-2.417390e-02
0.50500,0.567815,0.492180,-0.002150,-1.004438e-01,-2.133885e-02,-2.457531e-02
0.50750,0.567563,0.492126,-0.002212,-1.006693e-01,-2.133625e-02,-2.497849e-02
0.51000,0.567311,0.492073,-0.002276,-1.008925e-01,-2.133283e-02,-2.538353e-02
0.51250,0.567058,0.492020,-0.002340,-1.011136e-01,-2.132857e-02,-2.579066e-02
0.51500,0.566805,0.491966,-0.002406,-1.013323e-01,-2.132342e-02,-2.620037e-02
0.51750,0.566551,0.491913,-0.002472,-1.015488e-01,-2.131738e-02,-2.661306e-02
0.52000,0.566297,0.491860,-0.002540,-1.017630e-01,-2.131036e-02,-2.702936e-02
0.52250,0.566042,0.491807,-0.002608,-1.019751e-01,-2.130228e-02,-2.744997e-02
0.52500,0.565786,0.491753,-0.002678,-1.021849e-01,-2.129306e-02,-2.787562e-02
0.52750,0.565530,0.491700,-0.002749,-1.023925e-01,-2.128262e-02,-2.830666e-02
0.53000,0.565274,0.491647,-0.002821,-1.025980e-01,-2.127087e-02,-2.874342e-02
0.53250,0.565017,0.491594,-0.002894,-1.028014e-01,-2.125770e-02,-2.918584e-02
0.53500,0.564759,0.491541,-0.002968,-1.030028e-01,-2.124308e-02,-2.963412e-02
0.53750,0.564501,0.491488,-0.003043,-1.032023e-01,-2.122705e-02,-3.008826e-02
0.54000,0.564243,0.491435,-0.003119,-1.033998e-01,-2.120954e-02,-3.054828e-02
0.54250,0.563984,0.491382,-0.003197,-1.035954e-01,-2.119050e-02,-3.101386e-02
0.54500,0.563724,0.491329,-0.003276,-1.037890e-01,-2.116989e-02,-3.148493e-02
0.54750,0.563464,0.491276,-0.003355,-1.039808e-01,-2.114767e-02,-3.196096e-02
0.55000,0.563204,0.491223,-0.003437,-1.041708e-01,-2.112379e-02,-3.244168e-02
0.55250,0.562943,0.491170,-0.003519,-1.043590e-01,-2.109827e-02,-3.292657e-02
0.55500,0.562682,0.491118,-0.003602,-1.045454e-01,-2.107102e-02,-3.341526e-02
0.55750,0.562420,0.491065,-0.003687,-1.047300e-01,-2.104201e-02,-3.390721e-02
0.56000,0.562158,0.491012,-0.003773,-1.049128e-01,-2.101118e-02,-3.440210e-02
0.56250,0.561895,0.490960,-0.003860,-1.050940e-01,-2.097855e-02,-3.489936e-02
0.56500,0.561632,0.490908,-0.003949,-1.052736e-01,-2.094413e-02,-3.539843e-02
0.56750,0.561368,0.490855,-0.004039,-1.054515e-01,-2.090793e-02,-3.589887e-02
0.57000,0.561104,0.490803,-0.004130,-1.056280e-01,-2.086999e-02,-3.640031e-02
0.57250,0.560839,0.490751,-0.004222,-1.058030e-01,-2.083039e-02,-3.690225e-02
0.57500,0.560574,0.490699,-0.004315,-1.059765e-01,-2.078914e-02,-3.740445e-02
0.57750,0.560309,0.490647,-0.004410,-1.061488e-01,-2.074637e-02,-3.790659e-02
0.58000,0.560043,0.490595,-0.004506,-1.063199e-01,-2.070217e-02,-3.840828e-02
0.58250,0.559777,0.490544,-0.004604,-1.064897e-01,-2.065666e-02,-3.890917e-02
0.58500,0.559510,0.490492,-0.004702,-1.066585e-01,-2.060997e-02,-3.940907e-02
0.58750,0.559243,0.490441,-0.004802,-1.068264e-01,-2.056218e-02,-3.990785e-02
0.59000,0.558976,0.490390,-0.004903,-1.069933e-01,-2.051353e-02,-4.040530e-02
0.59250,0.558708,0.490338,-0.005005,-1.071593e-01,-2.046417e-02,-4.090131e-02
0.59500,0.558440,0.490287,-0.005109,-1.073245e-01,-2.041426e-02,-4.139579e-02
0.59750,0.558171,0.490237,-0.005213,-1.074888e-01,-2.036381e-02,-4.188941e-02
0.60000,0.557902,0.490186,-0.005319,-1.076523e-01,-2.031300e-02,-4.238254e-02
0.60250,0.557632,0.490135,-0.005426,-1.078150e-01,-2.026186e-02,-4.287596e-02
0.60500,0.557362,0.490085,-0.005535,-1.079769e-01,-2.021046e-02,-4.336997e-02
0.60750,0.557092,0.490034,-0.005645,-1.081380e-01,-2.015884e-02,-4.386509e-02
0.61000,0.556821,0.489984,-0.005755,-1.082985e-01,-2.010706e-02,-4.436156e-02
0.61250,0.556550,0.489934,-0.005868,-1.084582e-01,-2.005516e-02,-4.485975e-02
0.61500,0.556279,0.489884,-0.005981,-1.086172e-01,-2.000316e-02,-4.535961e-02
0.61750,0.556007,0.489834,-0.006096,-1.087755e-01,-1.995109e-02,-4.586140e-02
0.62000,0.555734,0.489784,-0.006212,-1.089330e-01,-1.989893e-02,-4.636500e-02
0.62250,0.555462,0.489735,-0.006329,-1.090897e-01,-1.984674e-02,-4.687057e-02
0.62500,0.555188,0.489685,-0.006447,-1.092456e-01,-1.979447e-02,-4.737795e-02
0.62750,0.554915,0.489636,-0.006567,-1.094008e-01,-1.974214e-02,-4.788715e-02
0.63000,0.554641,0.489586,-0.006688,-1.095550e-01,-1.968975e-02,-4.839790e-02
0.63250,0.554367,0.489537,-0.006810,-1.097083e-01,-1.963726e-02,-4.890991e-02
0.63500,0.554092,0.489488,-0.006934,-1.098607e-01,-1.958467e-02,-4.942282e-02
0.63750,0.553817,0.489440,-0.007059,-1.100119e-01,-1.953194e-02,-4.993648e-02
0.64000,0.553542,0.489391,-0.007185,-1.101620e-01,-1.947907e-02,-5.045049e-02
0.64250,0.553266,0.489342,-0.007312,-1.103108e-01,-1.942605e-02,-5.096475e-02
0.64500,0.552990,0.489294,-0.007441,-1.104583e-01,-1.937287e-02,-5.147907e-02
0.64750,0.552713,0.489246,-0.007571,-1.106044e-01,-1.931947e-02,-5.199335e-02
0.65000,0.552436,0.489197,-0.007702,-1.107490e-01,-1.926585e-02,-5.250744e-02
0.65250,0.552159,0.489149,-0.007835,-1.108920e-01,-1.921201e-02,-5.302148e-02
0.65500,0.551882,0.489101,-0.007968,-1.110334e-01,-1.915785e-02,-5.353546e-02
0.65750,0.551604,0.489054,-0.008104,-1.111730e-01,-1.910335e-02,-5.404957e-02
0.66000,0.551325,0.489006,-0.008240,-1.113109e-01,-1.904845e-02,-5.456416e-02
0.66250,0.551047,0.488959,-0.008378,-1.114469e-01,-1.899305e-02,-5.508010e-02
0.66500,0.550768,0.488911,-0.008517,-1.115811e-01,-1.893707e-02,-5.559823e-02
0.66750,0.550489,0.488864,-0.008657,-1.117134e-01,-1.888044e-02,-5.611889e-02
0.67000,0.550209,0.488817,-0.008799,-1.118438e-01,-1.882303e-02,-5.664270e-02
0.67250,0.549929,0.488770,-0.008941,-1.119724e-01,-1.876471e-02,-5.717013e-02
0.67500,0.549649,0.488723,-0.009086,-1.120991e-01,-1.870538e-02,-5.770156e-02
0.67750,0.549368,0.488677,-0.009231,-1.122241e-01,-1.864492e-02,-5.823715e-02
0.68000,0.549087,0.488630,-0.009378,-1.123473e-01,-1.858324e-02,-5.877684e-02
0.68250,0.548806,0.488584,-0.009527,-1.124688e-01,-1.852028e-02,-5.932050e-02
0.68500,0.548525,0.488538,-0.009676,-1.125887e-01,-1.845598e-02,-5.986801e-02
0.68750,0.548243,0.488492,-0.009827,-1.127070e-01,-1.839026e-02,-6.041925e-02
0.69000,0.547961,0.488446,-0.009980,-1.128236e-01,-1.832305e-02,-6.097388e-02
0.69250,0.547678,0.488400,-0.010134,-1.129387e-01,-1.825430e-02,-6.153176e-02
0.69500,0.547396,0.488355,-0.010289,-1.130522e-01,-1.818391e-02,-6.209233e-02
0.69750,0.547113,0.488310,-0.010445,-1.131640e-01,-1.811188e-02,-6.265519e-02
0.70000,0.546830,0.488265,-0.010603,-1.132744e-01,-1.803816e-02,-6.321971e-02
0.70250,0.546546,0.488220,-0.010763,-1.133832e-01,-1.796274e-02,-6.378557e-02
0.70500,0.546263,0.488175,-0.010924,-1.134907e-01,-1.788562e-02,-6.435228e-02
0.70750,0.545979,0.488130,-0.011086,-1.135968e-01,-1.780679e-02,-6.491946e-02
0.71000,0.545694,0.488086,-0.011250,-1.137018e-01,-1.772629e-02,-6.548640e-02
0.71250,0.545410,0.488042,-0.011415,-1.138056e-01,-1.764420e-02,-6.605274e-02
0.71500,0.545125,0.487998,-0.011582,-1.139084e-01,-1.756060e-02,-6.661788e-02
0.71750,0.544840,0.487954,-0.011749,-1.140104e-01,-1.747557e-02,-6.718130e-02
0.72000,0.544555,0.487911,-0.011919,-1.141116e-01,-1.738925e-02,-6.774267e-02
0.72250,0.544269,0.487868,-0.012090,-1.142122e-01,-1.730173e-02,-6.830169e-02
0.72500,0.543983,0.487825,-0.012262,-1.143123e-01,-1.721319e-02,-6.885812e-02
0.72750,0.543697,0.487782,-0.012435,-1.144121e-01,-1.712377e-02,-6.941170e-02
0.73000,0.543411,0.487739,-0.012610,-1.145115e-01,-1.703363e-02,-6.996215e-02
0.73250,0.543125,0.487697,-0.012786,-1.146108e-01,-1.694292e-02,-7.050944e-02
0.73500,0.542838,0.487655,-0.012964,-1.147098e-01,-1.685181e-02,-7.105338e-02
0.73750,0.542551,0.487613,-0.013143,-1.148087e-01,-1.676049e-02,-7.159427e-02
0.74000,0.542264,0.487571,-0.013323,-1.149075e-01,-1.666904e-02,-7.213239e-02
0.74250,0.541976,0.487530,-0.013505,-1.150062e-01,-1.657753e-02,-7.266843e-02
0.74500,0.541688,0.487489,-0.013688,-1.151048e-01,-1.648599e-02,-7.320324e-02
0.74750,0.541400,0.487448,-0.013872,-1.152035e-01,-1.639451e-02,-7.373739e-02
0.75000,0.541112,0.487407,-0.014058,-1.153023e-01,-1.630309e-02,-7.427164e-02
0.75250,0.540823,0.487366,-0.014245,-1.154012e-01,-1.621175e-02,-7.480628e-02
0.75500,0.540535,0.487326,-0.014433,-1.155000e-01,-1.612051e-02,-7.534143e-02
0.75750,0.540246,0.487286,-0.014623,-1.155989e-01,-1.602938e-02,-7.587682e-02
0.76000,0.539956,0.487246,-0.014814,-1.156978e-01,-1.593843e-02,-7.641251e-02
0.76250,0.539667,0.487206,-0.015007,-1.157967e-01,-1.584763e-02,-7.694814e-02
0.76500,0.539377,0.487167,-0.015200,-1.158955e-01,-1.575702e-02,-7.748371e-02
0.76750,0.539087,0.487128,-0.015395,-1.159940e-01,-1.566654e-02,-7.801882e-02
0.77000,0.538797,0.487089,-0.015592,-1.160922e-01,-1.557624e-02,-7.855350e-02
0.77250,0.538507,0.487050,-0.015789,-1.161900e-01,-1.548608e-02,-7.908746e-02
0.77500,0.538216,0.487012,-0.015988,-1.162872e-01,-1.539602e-02,-7.962058e-02
0.77750,0.537925,0.486973,-0.016189,-1.163836e-01,-1.530604e-02,-8.015265e-02
0.78000,0.537634,0.486935,-0.016391,-1.164792e-01,-1.521611e-02,-8.068344e-02
0.78250,0.537342,0.486898,-0.016594,-1.165738e-01,-1.512621e-02,-8.121295e-02
0.78500,0.537051,0.486860,-0.016798,-1.166673e-01,-1.503624e-02,-8.174127e-02
0.78750,0.536759,0.486823,-0.017004,-1.167594e-01,-1.494618e-02,-8.226846e-02
0.79000,0.536467,0.486786,-0.017211,-1.168500e-01,-1.485596e-02,-8.279444e-02
0.79250,0.536174,0.486749,-0.017419,-1.169391e-01,-1.476551e-02,-8.331946e-02
0.79500,0.535882,0.486712,-0.017629,-1.170265e-01,-1.467474e-02,-8.384405e-02
0.79750,0.535589,0.486675,-0.017839,-1.171120e-01,-1.458354e-02,-8.436892e-02
0.80000,0.535296,0.486639,-0.018052,-1.171957e-01,-1.449183e-02,-8.489491e-02
0.80250,0.535003,0.486603,-0.018265,-1.172775e-01,-1.439953e-02,-8.542284e-02
0.80500,0.534709,0.486567,-0.018480,-1.173573e-01,-1.430652e-02,-8.595302e-02
0.80750,0.534416,0.486532,-0.018696,-1.174353e-01,-1.421267e-02,-8.648569e-02
0.81000,0.534122,0.486497,-0.018914,-1.175113e-01,-1.411790e-02,-8.702105e-02
0.81250,0.533828,0.486462,-0.019133,-1.175855e-01,-1.402206e-02,-8.755950e-02
0.81500,0.533534,0.486427,-0.019353,-1.176578e-01,-1.392501e-02,-8.810096e-02
0.81750,0.533240,0.486392,-0.019575,-1.177283e-01,-1.382668e-02,-8.864545e-02
0.82000,0.532945,0.486358,-0.019798,-1.177970e-01,-1.372697e-02,-8.919271e-02
0.82250,0.532650,0.486324,-0.020022,-1.178639e-01,-1.362586e-02,-8.974267e-02
0.82500,0.532356,0.486290,-0.020248,-1.179291e-01,-1.352336e-02,-9.029479e-02
0.82750,0.532061,0.486256,-0.020475,-1.179928e-01,-1.341938e-02,-9.084910e-02
0.83000,0.531765,0.486223,-0.020703,-1.180549e-01,-1.331387e-02,-9.140508e-02
0.83250,0.531470,0.486190,-0.020933,-1.181157e-01,-1.320679e-02,-9.196250e-02
0.83500,0.531175,0.486157,-0.021165,-1.181751e-01,-1.309822e-02,-9.252082e-02
0.83750,0.530879,0.486125,-0.021397,-1.182332e-01,-1.298814e-02,-9.307972e-02
0.84000,0.530583,0.486093,-0.021631,-1.182902e-01,-1.287666e-02,-9.363869e-02
0.84250,0.530288,0.486061,-0.021867,-1.183462e-01,-1.276380e-02,-9.419739e-02
0.84500,0.529992,0.486029,-0.022104,-1.184012e-01,-1.264961e-02,-9.475548e-02
0.84750,0.529695,0.485998,-0.022342,-1.184555e-01,-1.253411e-02,-9.531261e-02
0.85000,0.529399,0.485967,-0.022582,-1.185091e-01,-1.241745e-02,-9.586846e-02
0.85250,0.529103,0.485936,-0.022823,-1.185621e-01,-1.229967e-02,-9.642266e-02
0.85500,0.528806,0.485906,-0.023065,-1.186147e-01,-1.218086e-02,-9.697467e-02
0.85750,0.528509,0.485875,-0.023309,-1.186668e-01,-1.206106e-02,-9.752398e-02
0.86000,0.528213,0.485846,-0.023554,-1.187186e-01,-1.194040e-02,-9.807025e-02
0.86250,0.527916,0.485816,-0.023801,-1.187702e-01,-1.181899e-02,-9.861317e-02
0.86500,0.527619,0.485787,-0.024049,-1.188218e-01,-1.169692e-02,-9.915251e-02
0.86750,0.527322,0.485758,-0.024298,-1.188733e-01,-1.157436e-02,-9.968846e-02
0.87000,0.527024,0.485729,-0.024548,-1.189249e-01,-1.145147e-02,-1.002212e-01
0.87250,0.526727,0.485701,-0.024800,-1.189766e-01,-1.132841e-02,-1.007513e-01
0.87500,0.526429,0.485673,-0.025053,-1.190285e-01,-1.120534e-02,-1.012791e-01
0.87750,0.526131,0.485645,-0.025308,-1.190806e-01,-1.108227e-02,-1.018053e-01
0.88000,0.525834,0.485618,-0.025564,-1.191331e-01,-1.095938e-02,-1.023304e-01
0.88250,0.525536,0.485591,-0.025821,-1.191859e-01,-1.083669e-02,-1.028549e-01
0.88500,0.525238,0.485564,-0.026079,-1.192391e-01,-1.071423e-02,-1.033791e-01
0.88750,0.524939,0.485537,-0.026339,-1.192927e-01,-1.059199e-02,-1.039030e-01
0.89000,0.524641,0.485511,-0.026600,-1.193467e-01,-1.047000e-02,-1.044264e-01
0.89250,0.524343,0.485485,-0.026863,-1.194010e-01,-1.034828e-02,-1.049491e-01
0.89500,0.524044,0.485460,-0.027126,-1.194556e-01,-1.022682e-02,-1.054709e-01
0.89750,0.523745,0.485435,-0.027391,-1.195104e-01,-1.010563e-02,-1.059918e-01
0.90000,0.523446,0.485410,-0.027657,-1.195651e-01,-9.984706e-03,-1.065118e-01
0.90250,0.523147,0.485385,-0.027925,-1.196198e-01,-9.864020e-03,-1.070306e-01
0.90500,0.522848,0.485361,-0.028194,-1.196742e-01,-9.743503e-03,-1.075482e-01
0.90750,0.522549,0.485337,-0.028464,-1.197282e-01,-9.623131e-03,-1.080644e-01
0.91000,0.522249,0.485313,-0.028736,-1.197818e-01,-9.502885e-03,-1.085791e-01
0.91250,0.521950,0.485289,-0.029008,-1.198346e-01,-9.382757e-03,-1.090922e-01
0.91500,0.521650,0.485266,-0.029282,-1.198867e-01,-9.262755e-03,-1.096037e-01
0.91750,0.521350,0.485243,-0.029558,-1.199378e-01,-9.142877e-03,-1.101136e-01
0.92000,0.521050,0.485221,-0.029834,-1.199877e-01,-9.023090e-03,-1.106220e-01
0.92250,0.520750,0.485199,-0.030112,-1.200364e-01,-8.903309e-03,-1.111290e-01
0.92500,0.520450,0.485177,-0.030391,-1.200836e-01,-8.783464e-03,-1.116349e-01
0.92750,0.520149,0.485155,-0.030671,-1.201293e-01,-8.663478e-03,-1.121400e-01
0.93000,0.519849,0.485134,-0.030953,-1.201732e-01,-8.543230e-03,-1.126454e-01
0.93250,0.519548,0.485112,-0.031236,-1.202155e-01,-8.422552e-03,-1.131521e-01
0.93500,0.519248,0.485092,-0.031520,-1.202561e-01,-8.301383e-03,-1.136607e-01
0.93750,0.518947,0.485071,-0.031805,-1.202950e-01,-8.179601e-03,-1.141718e-01
0.94000,0.518646,0.485051,-0.032092,-1.203323e-01,-8.057125e-03,-1.146858e-01
0.94250,0.518345,0.485031,-0.032380,-1.203679e-01,-7.933864e-03,-1.152029e-01
0.94500,0.518044,0.485012,-0.032669,-1.204020e-01,-7.809669e-03,-1.157228e-01
0.94750,0.517743,0.484993,-0.032960,-1.204346e-01,-7.684489e-03,-1.162454e-01
0.95000,0.517442,0.484974,-0.033252,-1.204657e-01,-7.558251e-03,-1.167702e-01
0.95250,0.517141,0.484955,-0.033545,-1.204955e-01,-7.430931e-03,-1.172967e-01
0.95500,0.516840,0.484937,-0.033840,-1.205240e-01,-7.302474e-03,-1.178249e-01
0.95750,0.516538,0.484919,-0.034136,-1.205513e-01,-7.172841e-03,-1.183544e-01
0.96000,0.516237,0.484901,-0.034433,-1.205775e-01,-7.042073e-03,-1.188852e-01
0.96250,0.515935,0.484884,-0.034731,-1.206027e-01,-6.910176e-03,-1.194167e-01
0.96500,0.515634,0.484867,-0.035031,-1.206271e-01,-6.777165e-03,-1.199485e-01
0.96750,0.515332,0.484850,-0.035333,-1.206507e-01,-6.643023e-03,-1.204801e-01
0.97000,0.515030,0.484834,-0.035635,-1.206737e-01,-6.507746e-03,-1.210109e-01
0.97250,0.514729,0.484818,-0.035939,-1.206959e-01,-6.371376e-03,-1.215405e-01
0.97500,0.514427,0.484803,-0.036244,-1.207176e-01,-6.233995e-03,-1.220684e-01
0.97750,0.514125,0.484787,-0.036551,-1.207389e-01,-6.095583e-03,-1.225943e-01
0.98000,0.513823,0.484773,-0.036858,-1.207597e-01,-5.956213e-03,-1.231180e-01
0.98250,0.513521,0.484758,-0.037167,-1.207801e-01,-5.815929e-03,-1.236393e-01
0.98500,0.513219,0.484744,-0.037478,-1.208003e-01,-5.674848e-03,-1.241581e-01
0.98750,0.512917,0.484730,-0.037790,-1.208204e-01,-5.533093e-03,-1.246742e-01
0.99000,0.512615,0.484717,-0.038103,-1.208405e-01,-5.390762e-03,-1.251869e-01
0.99250,0.512313,0.484703,-0.038417,-1.208605e-01,-5.247965e-03,-1.256964e-01
0.99500,0.512011,0.484691,-0.038732,-1.208808e-01,-5.104723e-03,-1.262028e-01
0.99750,0.511708,0.484678,-0.039049,-1.209013e-01,-4.961140e-03,-1.267065e-01
1.00000,0.511406,0.484666,-0.039367,-1.209220e-01,-4.817292e-03,-1.272073e-01
1.00250,0.511104,0.484655,-0.039686,-1.209431e-01,-4.673294e-03,-1.277059e-01
1.00500,0.510801,0.484643,-0.040007,-1.209645e-01,-4.529235e-03,-1.282025e-01
1.00750,0.510499,0.484632,-0.040329,-1.209864e-01,-4.385315e-03,-1.286971e-01
1.01000,0.510196,0.484622,-0.040652,-1.210087e-01,-4.241537e-03,-1.291901e-01
1.01250,0.509894,0.484611,-0.040976,-1.210314e-01,-4.097971e-03,-1.296815e-01
1.01500,0.509591,0.484601,-0.041301,-1.210545e-01,-3.954665e-03,-1.301713e-01
1.01750,0.509288,0.484592,-0.041628,-1.210780e-01,-3.811638e-03,-1.306594e-01
1.02000,0.508986,0.484583,-0.041956,-1.211020e-01,-3.668872e-03,-1.311458e-01
1.02250,0.508683,0.484574,-0.042285,-1.211263e-01,-3.526374e-03,-1.316306e-01
1.02500,0.508380,0.484566,-0.042615,-1.211511e-01,-3.384151e-03,-1.321137e-01
1.02750,0.508077,0.484557,-0.042947,-1.211761e-01,-3.242209e-03,-1.325950e-01
1.03000,0.507774,0.484550,-0.043279,-1.212015e-01,-3.100492e-03,-1.330740e-01
1.03250,0.507471,0.484542,-0.043613,-1.212269e-01,-2.959019e-03,-1.335508e-01
1.03500,0.507168,0.484535,-0.043948,-1.212523e-01,-2.817772e-03,-1.340250e-01
1.03750,0.506865,0.484529,-0.044284,-1.212775e-01,-2.676813e-03,-1.344965e-01
1.04000,0.506561,0.484522,-0.044622,-1.213024e-01,-2.536085e-03,-1.349651e-01
1.04250,0.506258,0.484516,-0.044960,-1.213267e-01,-2.395590e-03,-1.354307e-01
1.04500,0.505955,0.484511,-0.045300,-1.213504e-01,-2.255309e-03,-1.358936e-01
1.04750,0.505651,0.484505,-0.045641,-1.213732e-01,-2.115181e-03,-1.363537e-01
1.05000,0.505348,0.484500,-0.045983,-1.213951e-01,-1.975191e-03,-1.368115e-01
1.05250,0.505044,0.484496,-0.046326,-1.214157e-01,-1.835263e-03,-1.372672e-01
1.05500,0.504741,0.484492,-0.046670,-1.214350e-01,-1.695291e-03,-1.377213e-01
1.05750,0.504437,0.484488,-0.047016,-1.214528e-01,-1.555199e-03,-1.381748e-01
1.06000,0.504133,0.484484,-0.047363,-1.214690e-01,-1.414853e-03,-1.386286e-01
1.06250,0.503830,0.484481,-0.047710,-1.214836e-01,-1.274101e-03,-1.390839e-01
1.06500,0.503526,0.484478,-0.048059,-1.214965e-01,-1.132864e-03,-1.395415e-01
1.06750,0.503222,0.484476,-0.048409,-1.215078e-01,-9.910260e-04,-1.400019e-01
1.07000,0.502918,0.484473,-0.048760,-1.215175e-01,-8.485387e-04,-1.404655e-01
1.07250,0.502614,0.484472,-0.049113,-1.215257e-01,-7.053295e-04,-1.409323e-01
1.07500,0.502311,0.484470,-0.049466,-1.215325e-01,-5.612998e-04,-1.414020e-01
1.07750,0.502007,0.484469,-0.049821,-1.215382e-01,-4.164321e-04,-1.418743e-01
1.08000,0.501703,0.484469,-0.050177,-1.215426e-01,-2.706434e-04,-1.423482e-01
1.08250,0.501399,0.484468,-0.050534,-1.215460e-01,-1.238906e-04,-1.428234e-01
1.08500,0.501095,0.484468,-0.050892,-1.215483e-01,2.385456e-05,-1.432991e-01
1.08750,0.500791,0.484469,-0.051251,-1.215497e-01,1.726242e-04,-1.437750e-01
1.09000,0.500487,0.484470,-0.051612,-1.215503e-01,3.224102e-04,-1.442505e-01
1.09250,0.500184,0.484471,-0.051974,-1.215500e-01,4.732113e-04,-1.447253e-01
1.09500,0.499880,0.484472,-0.052337,-1.215490e-01,6.249743e-04,-1.451990e-01
1.09750,0.499576,0.484474,-0.052701,-1.215474e-01,7.776989e-04,-1.456713e-01
1.10000,0.499272,0.484477,-0.053066,-1.215453e-01,9.313849e-04,-1.461421e-01
1.10250,0.498968,0.484479,-0.053433,-1.215427e-01,1.085999e-03,-1.466113e-01
1.10500,0.498664,0.484482,-0.053801,-1.215397e-01,1.241516e-03,-1.470785e-01
1.10750,0.498360,0.484486,-0.054169,-1.215365e-01,1.397886e-03,-1.475432e-01
1.11000,0.498057,0.484490,-0.054539,-1.215331e-01,1.555008e-03,-1.480052e-01
1.11250,0.497753,0.484494,-0.054911,-1.215295e-01,1.712822e-03,-1.484641e-01
1.11500,0.497449,0.484499,-0.055283,-1.215260e-01,1.871216e-03,-1.489195e-01
1.11750,0.497145,0.484504,-0.055656,-1.215225e-01,2.030143e-03,-1.493713e-01
1.12000,0.496841,0.484509,-0.056031,-1.215193e-01,2.189471e-03,-1.498194e-01
1.12250,0.496538,0.484515,-0.056407,-1.215163e-01,2.349159e-03,-1.502637e-01
1.12500,0.496234,0.484521,-0.056783,-1.215136e-01,2.509135e-03,-1.507041e-01
1.12750,0.495930,0.484528,-0.057161,-1.215113e-01,2.669293e-03,-1.511408e-01
1.13000,0.495626,0.484535,-0.057540,-1.215093e-01,2.829527e-03,-1.515740e-01
1.13250,0.495322,0.484543,-0.057920,-1.215078e-01,2.989775e-03,-1.520040e-01
1.13500,0.495019,0.484551,-0.058301,-1.215067e-01,3.149935e-03,-1.524313e-01
1.13750,0.494715,0.484559,-0.058683,-1.215060e-01,3.309967e-03,-1.528564e-01
1.14000,0.494411,0.484567,-0.059067,-1.215058e-01,3.469889e-03,-1.532795e-01
1.14250,0.494107,0.484577,-0.059451,-1.215061e-01,3.629659e-03,-1.537008e-01
1.14500,0.493804,0.484586,-0.059836,-1.215068e-01,3.789234e-03,-1.541202e-01
1.14750,0.493500,0.484596,-0.060222,-1.215079e-01,3.948519e-03,-1.545377e-01
1.15000,0.493196,0.484606,-0.060610,-1.215094e-01,4.107519e-03,-1.549531e-01
1.15250,0.492892,0.484617,-0.060998,-1.215112e-01,4.266254e-03,-1.553665e-01
1.15500,0.492588,0.484628,-0.061388,-1.215133e-01,4.424727e-03,-1.557773e-01
1.15750,0.492285,0.484639,-0.061778,-1.215157e-01,4.582923e-03,-1.561852e-01
1.16000,0.491981,0.484651,-0.062170,-1.215183e-01,4.740785e-03,-1.565899e-01
1.16250,0.491677,0.484663,-0.062562,-1.215209e-01,4.898342e-03,-1.569910e-01
1.16500,0.491373,0.484676,-0.062956,-1.215237e-01,5.055594e-03,-1.573884e-01
1.16750,0.491069,0.484689,-0.063350,-1.215263e-01,5.212563e-03,-1.577822e-01
1.17000,0.490766,0.484703,-0.063745,-1.215288e-01,5.369256e-03,-1.581722e-01
1.17250,0.490462,0.484716,-0.064142,-1.215307e-01,5.525703e-03,-1.585587e-01
1.17500,0.490158,0.484731,-0.064539,-1.215321e-01,5.681918e-03,-1.589420e-01
1.17750,0.489854,0.484745,-0.064937,-1.215327e-01,5.837959e-03,-1.593225e-01
1.18000,0.489550,0.484760,-0.065337,-1.215326e-01,5.993823e-03,-1.597007e-01
1.18250,0.489247,0.484776,-0.065737,-1.215314e-01,6.149562e-03,-1.600771e-01
1.18500,0.488943,0.484791,-0.066138,-1.215290e-01,6.305258e-03,-1.604523e-01
1.18750,0.488639,0.484807,-0.066540,-1.215253e-01,6.461008e-03,-1.608271e-01
1.19000,0.488335,0.484824,-0.066943,-1.215202e-01,6.616969e-03,-1.612027e-01
1.19250,0.488031,0.484841,-0.067347,-1.215137e-01,6.773156e-03,-1.615798e-01
1.19500,0.487728,0.484858,-0.067752,-1.215057e-01,6.929691e-03,-1.619591e-01
1.19750,0.487424,0.484876,-0.068158,-1.214964e-01,7.086643e-03,-1.623409e-01
1.20000,0.487120,0.484894,-0.068565,-1.214856e-01,7.244092e-03,-1.627256e-01
1.20250,0.486816,0.484913,-0.068972,-1.214734e-01,7.402168e-03,-1.631129e-01
1.20500,0.486513,0.484931,-0.069381,-1.214600e-01,7.560988e-03,-1.635024e-01
1.20750,0.486209,0.484951,-0.069791,-1.214454e-01,7.720574e-03,-1.638941e-01
1.21000,0.485906,0.484970,-0.070202,-1.214295e-01,7.881026e-03,-1.642871e-01
1.21250,0.485602,0.484991,-0.070613,-1.214126e-01,8.042371e-03,-1.646810e-01
1.21500,0.485299,0.485011,-0.071026,-1.213949e-01,8.204606e-03,-1.650753e-01
1.21750,0.484995,0.485032,-0.071440,-1.213763e-01,8.367780e-03,-1.654698e-01
1.22000,0.484692,0.485053,-0.071854,-1.213570e-01,8.531877e-03,-1.658637e-01
1.22250,0.484388,0.485075,-0.072270,-1.213372e-01,8.696889e-03,-1.662566e-01
1.22500,0.484085,0.485097,-0.072687,-1.213168e-01,8.862841e-03,-1.666482e-01
1.22750,0.483782,0.485120,-0.073104,-1.212959e-01,9.029702e-03,-1.670380e-01
1.23000,0.483479,0.485143,-0.073523,-1.212746e-01,9.197486e-03,-1.674257e-01
1.23250,0.483176,0.485166,-0.073942,-1.212530e-01,9.366121e-03,-1.678110e-01
1.23500,0.482872,0.485190,-0.074363,-1.212310e-01,9.535581e-03,-1.681935e-01
1.23750,0.482569,0.485214,-0.074784,-1.212089e-01,9.705787e-03,-1.685728e-01
1.24000,0.482266,0.485239,-0.075207,-1.211866e-01,9.876669e-03,-1.689484e-01
1.24250,0.481964,0.485264,-0.075630,-1.211643e-01,1.004815e-02,-1.693201e-01
1.24500,0.481661,0.485290,-0.076054,-1.211422e-01,1.022012e-02,-1.696875e-01
1.24750,0.481358,0.485316,-0.076479,-1.211203e-01,1.039249e-02,-1.700502e-01
1.25000,0.481055,0.485342,-0.076905,-1.210987e-01,1.056522e-02,-1.704082e-01
1.25250,0.480752,0.485369,-0.077332,-1.210773e-01,1.073826e-02,-1.707619e-01
1.25500,0.480450,0.485396,-0.077760,-1.210564e-01,1.091156e-02,-1.711113e-01
1.25750,0.480147,0.485424,-0.078189,-1.210359e-01,1.108503e-02,-1.714567e-01
1.26000,0.479845,0.485452,-0.078618,-1.210158e-01,1.125855e-02,-1.717984e-01
1.26250,0.479542,0.485481,-0.079048,-1.209963e-01,1.143204e-02,-1.721365e-01
1.26500,0.479240,0.485510,-0.079480,-1.209773e-01,1.160533e-02,-1.724714e-01
1.26750,0.478937,0.485539,-0.079912,-1.209589e-01,1.177843e-02,-1.728031e-01
1.27000,0.478635,0.485569,-0.080344,-1.209409e-01,1.195124e-02,-1.731318e-01
1.27250,0.478333,0.485599,-0.080778,-1.209234e-01,1.212375e-02,-1.734573e-01
1.27500,0.478030,0.485630,-0.081213,-1.209064e-01,1.229592e-02,-1.737797e-01
1.27750,0.477728,0.485661,-0.081648,-1.208897e-01,1.246774e-02,-1.740990e-01
1.28000,0.477426,0.485693,-0.082084,-1.208734e-01,1.263917e-02,-1.744154e-01
1.28250,0.477124,0.485725,-0.082521,-1.208575e-01,1.281017e-02,-1.747287e-01
1.28500,0.476822,0.485757,-0.082958,-1.208420e-01,1.298070e-02,-1.750393e-01
1.28750,0.476520,0.485790,-0.083397,-1.208268e-01,1.315076e-02,-1.753468e-01
1.29000,0.476218,0.485823,-0.083836,-1.208119e-01,1.332034e-02,-1.756513e-01
1.29250,0.475916,0.485857,-0.084276,-1.207972e-01,1.348944e-02,-1.759524e-01
1.29500,0.475614,0.485891,-0.084716,-1.207827e-01,1.365804e-02,-1.762503e-01
1.29750,0.475312,0.485926,-0.085158,-1.207681e-01,1.382616e-02,-1.765447e-01
1.30000,0.475010,0.485961,-0.085600,-1.207536e-01,1.399382e-02,-1.768359e-01
1.30250,0.474708,0.485996,-0.086042,-1.207387e-01,1.416102e-02,-1.771238e-01
1.30500,0.474406,0.486032,-0.086486,-1.207235e-01,1.432783e-02,-1.774088e-01
1.30750,0.474104,0.486068,-0.086930,-1.207078e-01,1.449427e-02,-1.776911e-01
1.31000,0.473803,0.486105,-0.087375,-1.206913e-01,1.466042e-02,-1.779713e-01
1.31250,0.473501,0.486142,-0.087821,-1.206739e-01,1.482641e-02,-1.782497e-01
1.31500,0.473199,0.486180,-0.088267,-1.206554e-01,1.499226e-02,-1.785273e-01
1.31750,0.472898,0.486217,-0.088714,-1.206356e-01,1.515817e-02,-1.788050e-01
1.32000,0.472596,0.486256,-0.089162,-1.206145e-01,1.532422e-02,-1.790837e-01
1.32250,0.472295,0.486294,-0.089610,-1.205920e-01,1.549051e-02,-1.793643e-01
1.32500,0.471993,0.486334,-0.090059,-1.205681e-01,1.565714e-02,-1.796470e-01
1.32750,0.471692,0.486373,-0.090509,-1.205428e-01,1.582415e-02,-1.799324e-01
1.33000,0.471391,0.486413,-0.090960,-1.205161e-01,1.599169e-02,-1.802204e-01
1.33250,0.471090,0.486454,-0.091411,-1.204882e-01,1.615978e-02,-1.805107e-01
1.33500,0.470788,0.486494,-0.091863,-1.204590e-01,1.632853e-02,-1.808029e-01
1.33750,0.470487,0.486536,-0.092316,-1.204287e-01,1.649804e-02,-1.810968e-01
1.34000,0.470186,0.486577,-0.092769,-1.203972e-01,1.666838e-02,-1.813920e-01
1.34250,0.469885,0.486619,-0.093223,-1.203648e-01,1.683958e-02,-1.816880e-01
1.34500,0.469585,0.486662,-0.093678,-1.203315e-01,1.701168e-02,-1.819842e-01
1.34750,0.469284,0.486705,-0.094134,-1.202973e-01,1.718473e-02,-1.822801e-01
1.35000,0.468983,0.486748,-0.094591,-1.202625e-01,1.735875e-02,-1.825752e-01
1.35250,0.468683,0.486792,-0.095048,-1.202270e-01,1.753379e-02,-1.828692e-01
1.35500,0.468382,0.486836,-0.095506,-1.201909e-01,1.770979e-02,-1.831615e-01
1.35750,0.468082,0.486881,-0.095964,-1.201544e-01,1.788677e-02,-1.834518e-01
1.36000,0.467781,0.486926,-0.096424,-1.201174e-01,1.806470e-02,-1.837393e-01
1.36250,0.467481,0.486972,-0.096884,-1.200802e-01,1.824355e-02,-1.840241e-01
1.36500,0.467181,0.487018,-0.097344,-1.200428e-01,1.842329e-02,-1.843058e-01
1.36750,0.466881,0.487064,-0.097806,-1.200052e-01,1.860380e-02,-1.845841e-01
1.37000,0.466581,0.487111,-0.098268,-1.199676e-01,1.878505e-02,-1.848587e-01
1.37250,0.466281,0.487159,-0.098731,-1.199301e-01,1.896698e-02,-1.851291e-01
1.37500,0.465982,0.487207,-0.099194,-1.198927e-01,1.914947e-02,-1.853951e-01
1.37750,0.465682,0.487255,-0.099659,-1.198555e-01,1.933250e-02,-1.856564e-01
1.38000,0.465382,0.487304,-0.100123,-1.198185e-01,1.951595e-02,-1.859132e-01
1.38250,0.465083,0.487353,-0.100589,-1.197821e-01,1.969978e-02,-1.861653e-01
1.38500,0.464784,0.487403,-0.101055,-1.197460e-01,1.988385e-02,-1.864131e-01
1.38750,0.464484,0.487453,-0.101521,-1.197104e-01,2.006805e-02,-1.866567e-01
1.39000,0.464185,0.487504,-0.101989,-1.196753e-01,2.025227e-02,-1.868962e-01
1.39250,0.463886,0.487555,-0.102456,-1.196408e-01,2.043638e-02,-1.871318e-01
1.39500,0.463587,0.487606,-0.102925,-1.196069e-01,2.062039e-02,-1.873638e-01
1.39750,0.463288,0.487658,-0.103394,-1.195735e-01,2.080414e-02,-1.875923e-01
1.40000,0.462989,0.487711,-0.103863,-1.195407e-01,2.098761e-02,-1.878173e-01
1.40250,0.462691,0.487764,-0.104333,-1.195085e-01,2.117079e-02,-1.880388e-01
1.40500,0.462392,0.487817,-0.104804,-1.194768e-01,2.135355e-02,-1.882570e-01
1.40750,0.462093,0.487871,-0.105275,-1.194457e-01,2.153589e-02,-1.884718e-01
1.41000,0.461795,0.487925,-0.105747,-1.194150e-01,2.171766e-02,-1.886834e-01
1.41250,0.461496,0.487980,-0.106219,-1.193848e-01,2.189885e-02,-1.888916e-01
1.41500,0.461198,0.488035,-0.106692,-1.193549e-01,2.207944e-02,-1.890964e-01
1.41750,0.460899,0.488091,-0.107165,-1.193253e-01,2.225937e-02,-1.892979e-01
1.42000,0.460601,0.488147,-0.107639,-1.192959e-01,2.243866e-02,-1.894960e-01
1.42250,0.460303,0.488203,-0.108113,-1.192667e-01,2.261733e-02,-1.896906e-01
1.42500,0.460005,0.488260,-0.108588,-1.192375e-01,2.279543e-02,-1.898816e-01
1.42750,0.459707,0.488318,-0.109063,-1.192082e-01,2.297294e-02,-1.900691e-01
1.43000,0.459409,0.488376,-0.109539,-1.191789e-01,2.314988e-02,-1.902533e-01
1.43250,0.459111,0.488434,-0.110015,-1.191493e-01,2.332631e-02,-1.904343e-01
1.43500,0.458813,0.488493,-0.110491,-1.191194e-01,2.350223e-02,-1.906121e-01
1.43750,0.458516,0.488552,-0.110968,-1.190891e-01,2.367771e-02,-1.907871e-01
1.44000,0.458218,0.488612,-0.111446,-1.190579e-01,2.385284e-02,-1.909595e-01
1.44250,0.457920,0.488672,-0.111924,-1.190260e-01,2.402771e-02,-1.911297e-01
1.44500,0.457623,0.488732,-0.112402,-1.189929e-01,2.420242e-02,-1.912982e-01
1.44750,0.457326,0.488793,-0.112880,-1.189588e-01,2.437708e-02,-1.914659e-01
1.45000,0.457028,0.488854,-0.113360,-1.189234e-01,2.455187e-02,-1.916335e-01
1.45250,0.456731,0.488916,-0.113839,-1.188866e-01,2.472692e-02,-1.918017e-01
1.45500,0.456434,0.488979,-0.114319,-1.188485e-01,2.490228e-02,-1.919710e-01
1.45750,0.456137,0.489041,-0.114799,-1.188090e-01,2.507808e-02,-1.921419e-01
1.46000,0.455840,0.489104,-0.115280,-1.187682e-01,2.525437e-02,-1.923145e-01
1.46250,0.455543,0.489168,-0.115761,-1.187261e-01,2.543126e-02,-1.924892e-01
1.46500,0.455246,0.489232,-0.116243,-1.186827e-01,2.560885e-02,-1.926658e-01
1.46750,0.454950,0.489296,-0.116725,-1.186382e-01,2.578718e-02,-1.928440e-01
1.47000,0.454653,0.489361,-0.117208,-1.185926e-01,2.596638e-02,-1.930234e-01
1.47250,0.454357,0.489427,-0.117691,-1.185460e-01,2.614649e-02,-1.932037e-01
1.47500,0.454061,0.489493,-0.118174,-1.184986e-01,2.632756e-02,-1.933848e-01
1.47750,0.453765,0.489559,-0.118658,-1.184504e-01,2.650956e-02,-1.935658e-01
1.48000,0.453469,0.489626,-0.119142,-1.184015e-01,2.669258e-02,-1.937464e-01
1.48250,0.453173,0.489693,-0.119627,-1.183520e-01,2.687666e-02,-1.939258e-01
1.48500,0.452877,0.489760,-0.120112,-1.183021e-01,2.706179e-02,-1.941038e-01
1.48750,0.452581,0.489829,-0.120598,-1.182517e-01,2.724795e-02,-1.942799e-01
1.49000,0.452286,0.489897,-0.121084,-1.182012e-01,2.743512e-02,-1.944535e-01
1.49250,0.451990,0.489966,-0.121571,-1.181506e-01,2.762323e-02,-1.946240e-01
1.49500,0.451695,0.490036,-0.122058,-1.180999e-01,2.781223e-02,-1.947910e-01
1.49750,0.451400,0.490106,-0.122545,-1.180492e-01,2.800205e-02,-1.949538e-01
1.50000,0.451105,0.490176,-0.123033,-1.179986e-01,2.819267e-02,-1.951123e-01
1.50250,0.450810,0.490247,-0.123521,-1.179481e-01,2.838395e-02,-1.952662e-01
1.50500,0.450515,0.490319,-0.124010,-1.178978e-01,2.857578e-02,-1.954157e-01
1.50750,0.450221,0.490390,-0.124499,-1.178479e-01,2.876811e-02,-1.955607e-01
1.51000,0.449926,0.490463,-0.124988,-1.177984e-01,2.896080e-02,-1.957014e-01
1.51250,0.449632,0.490536,-0.125477,-1.177494e-01,2.915373e-02,-1.958379e-01
1.51500,0.449338,0.490609,-0.125967,-1.177008e-01,2.934687e-02,-1.959704e-01
1.51750,0.449044,0.490683,-0.126458,-1.176527e-01,2.954010e-02,-1.960988e-01
1.52000,0.448750,0.490757,-0.126948,-1.176051e-01,2.973322e-02,-1.962233e-01
1.52250,0.448456,0.490832,-0.127439,-1.175579e-01,2.992617e-02,-1.963442e-01
1.52500,0.448162,0.490907,-0.127930,-1.175112e-01,3.011879e-02,-1.964616e-01
1.52750,0.447868,0.490983,-0.128422,-1.174650e-01,3.031098e-02,-1.965755e-01
1.53000,0.447575,0.491059,-0.128913,-1.174192e-01,3.050271e-02,-1.966861e-01
1.53250,0.447281,0.491136,-0.129405,-1.173739e-01,3.069389e-02,-1.967935e-01
1.53500,0.446988,0.491213,-0.129898,-1.173291e-01,3.088446e-02,-1.968976e-01
1.53750,0.446695,0.491291,-0.130390,-1.172847e-01,3.107433e-02,-1.969983e-01
1.54000,0.446402,0.491369,-0.130883,-1.172406e-01,3.126344e-02,-1.970953e-01
1.54250,0.446109,0.491448,-0.131376,-1.171968e-01,3.145177e-02,-1.971882e-01
1.54500,0.445816,0.491527,-0.131869,-1.171533e-01,3.163925e-02,-1.972772e-01
1.54750,0.445523,0.491607,-0.132362,-1.171098e-01,3.182587e-02,-1.973617e-01
1.55000,0.445230,0.491687,-0.132856,-1.170664e-01,3.201164e-02,-1.974419e-01
1.55250,0.444938,0.491767,-0.133350,-1.170230e-01,3.219651e-02,-1.975179e-01
1.55500,0.444645,0.491848,-0.133844,-1.169795e-01,3.238052e-02,-1.975899e-01
1.55750,0.444353,0.491929,-0.134338,-1.169358e-01,3.256366e-02,-1.976582e-01
1.56000,0.444061,0.492011,-0.134832,-1.168918e-01,3.274600e-02,-1.977233e-01
1.56250,0.443769,0.492094,-0.135327,-1.168474e-01,3.292758e-02,-1.977849e-01
1.56500,0.443477,0.492176,-0.135821,-1.168026e-01,3.310841e-02,-1.978435e-01
1.56750,0.443185,0.492260,-0.136316,-1.167572e-01,3.328855e-02,-1.978992e-01
1.57000,0.442893,0.492343,-0.136811,-1.167110e-01,3.346815e-02,-1.979521e-01
1.57250,0.442601,0.492427,-0.137306,-1.166641e-01,3.364725e-02,-1.980026e-01
1.57500,0.442310,0.492512,-0.137801,-1.166162e-01,3.382595e-02,-1.980513e-01
1.57750,0.442018,0.492597,-0.138296,-1.165674e-01,3.400439e-02,-1.980987e-01
1.58000,0.441727,0.492682,-0.138792,-1.165174e-01,3.418266e-02,-1.981453e-01
1.58250,0.441436,0.492768,-0.139287,-1.164663e-01,3.436083e-02,-1.981921e-01
1.58500,0.441145,0.492855,-0.139783,-1.164140e-01,3.453901e-02,-1.982394e-01
1.58750,0.440854,0.492941,-0.140278,-1.163604e-01,3.471734e-02,-1.982877e-01
1.59000,0.440563,0.493029,-0.140774,-1.163054e-01,3.489590e-02,-1.983371e-01
1.59250,0.440273,0.493116,-0.141270,-1.162493e-01,3.507480e-02,-1.983882e-01
1.59500,0.439982,0.493205,-0.141766,-1.161918e-01,3.525416e-02,-1.984407e-01
1.59750,0.439692,0.493293,-0.142263,-1.161332e-01,3.543402e-02,-1.984945e-01
1.60000,0.439402,0.493382,-0.142759,-1.160733e-01,3.561446e-02,-1.985495e-01
1.60250,0.439112,0.493472,-0.143255,-1.160124e-01,3.579550e-02,-1.986058e-01
1.60500,0.438822,0.493562,-0.143752,-1.159504e-01,3.597721e-02,-1.986631e-01
1.60750,0.438532,0.493652,-0.144249,-1.158876e-01,3.615962e-02,-1.987212e-01
1.61000,0.438242,0.493743,-0.144746,-1.158241e-01,3.634275e-02,-1.987796e-01
1.61250,0.437953,0.493834,-0.145243,-1.157600e-01,3.652661e-02,-1.988380e-01
1.61500,0.437664,0.493926,-0.145740,-1.156955e-01,3.671121e-02,-1.988958e-01
1.61750,0.437375,0.494018,-0.146238,-1.156306e-01,3.689657e-02,-1.989525e-01
1.62000,0.437086,0.494111,-0.146735,-1.155655e-01,3.708264e-02,-1.990075e-01
1.62250,0.436797,0.494204,-0.147233,-1.155004e-01,3.726944e-02,-1.990603e-01
1.62500,0.436508,0.494298,-0.147731,-1.154353e-01,3.745695e-02,-1.991107e-01
1.62750,0.436220,0.494392,-0.148228,-1.153703e-01,3.764508e-02,-1.991580e-01
1.63000,0.435932,0.494486,-0.148726,-1.153055e-01,3.783378e-02,-1.992017e-01
1.63250,0.435644,0.494581,-0.149225,-1.152410e-01,3.802305e-02,-1.992417e-01
1.63500,0.435356,0.494677,-0.149723,-1.151770e-01,3.821281e-02,-1.992774e-01
1.63750,0.435068,0.494773,-0.150221,-1.151133e-01,3.840296e-02,-1.993088e-01
1.64000,0.434780,0.494869,-0.150719,-1.150501e-01,3.859340e-02,-1.993359e-01
1.64250,0.434493,0.494966,-0.151218,-1.149876e-01,3.878408e-02,-1.993588e-01
1.64500,0.434205,0.495064,-0.151716,-1.149256e-01,3.897490e-02,-1.993775e-01
1.64750,0.433918,0.495162,-0.152215,-1.148641e-01,3.916575e-02,-1.993922e-01
1.65000,0.433631,0.495260,-0.152713,-1.148032e-01,3.935655e-02,-1.994030e-01
1.65250,0.433344,0.495359,-0.153212,-1.147428e-01,3.954721e-02,-1.994101e-01
1.65500,0.433058,0.495458,-0.153710,-1.146829e-01,3.973758e-02,-1.994138e-01
1.65750,0.432771,0.495558,-0.154209,-1.146235e-01,3.992759e-02,-1.994142e-01
1.66000,0.432485,0.495659,-0.154707,-1.145646e-01,4.011710e-02,-1.994113e-01
1.66250,0.432199,0.495759,-0.155206,-1.145062e-01,4.030604e-02,-1.994052e-01
1.66500,0.431912,0.495861,-0.155704,-1.144481e-01,4.049433e-02,-1.993956e-01
1.66750,0.431626,0.495962,-0.156203,-1.143904e-01,4.068190e-02,-1.993823e-01
1.67000,0.431341,0.496064,-0.156701,-1.143331e-01,4.086866e-02,-1.993651e-01
1.67250,0.431055,0.496167,-0.157200,-1.142761e-01,4.105456e-02,-1.993439e-01
1.67500,0.430769,0.496270,-0.157698,-1.142195e-01,4.123958e-02,-1.993191e-01
1.67750,0.430484,0.496374,-0.158196,-1.141631e-01,4.142366e-02,-1.992905e-01
1.68000,0.430199,0.496478,-0.158694,-1.141071e-01,4.160677e-02,-1.992582e-01
1.68250,0.429914,0.496582,-0.159192,-1.140514e-01,4.178890e-02,-1.992221e-01
1.68500,0.429629,0.496687,-0.159690,-1.139960e-01,4.197006e-02,-1.991820e-01
1.68750,0.429344,0.496792,-0.160188,-1.139406e-01,4.215024e-02,-1.991380e-01
1.69000,0.429059,0.496898,-0.160686,-1.138853e-01,4.232944e-02,-1.990899e-01
1.69250,0.428774,0.497005,-0.161183,-1.138300e-01,4.250763e-02,-1.990376e-01
1.69500,0.428490,0.497111,-0.161681,-1.137744e-01,4.268484e-02,-1.989811e-01
1.69750,0.428206,0.497218,-0.162178,-1.137187e-01,4.286110e-02,-1.989204e-01
1.70000,0.427922,0.497326,-0.162675,-1.136626e-01,4.303642e-02,-1.988557e-01
1.70250,0.427638,0.497434,-0.163172,-1.136060e-01,4.321086e-02,-1.987873e-01
1.70500,0.427354,0.497543,-0.163669,-1.135489e-01,4.338447e-02,-1.987152e-01
1.70750,0.427070,0.497651,-0.164166,-1.134911e-01,4.355730e-02,-1.986398e-01
1.71000,0.426786,0.497761,-0.164662,-1.134327e-01,4.372944e-02,-1.985609e-01
1.71250,0.426503,0.497870,-0.165158,-1.133733e-01,4.390096e-02,-1.984790e-01
1.71500,0.426220,0.497981,-0.165654,-1.133130e-01,4.407195e-02,-1.983943e-01
1.71750,0.425936,0.498091,-0.166150,-1.132517e-01,4.424257e-02,-1.983078e-01
1.72000,0.425654,0.498202,-0.166646,-1.131894e-01,4.441294e-02,-1.982201e-01
1.72250,0.425371,0.498314,-0.167141,-1.131260e-01,4.458316e-02,-1.981320e-01
1.72500,0.425088,0.498426,-0.167636,-1.130617e-01,4.475338e-02,-1.980440e-01
1.72750,0.424806,0.498538,-0.168131,-1.129963e-01,4.492367e-02,-1.979566e-01
1.73000,0.424523,0.498651,-0.168626,-1.129300e-01,4.509418e-02,-1.978699e-01
1.73250,0.424241,0.498764,-0.169120,-1.128628e-01,4.526498e-02,-1.977838e-01
1.73500,0.423959,0.498877,-0.169614,-1.127947e-01,4.543617e-02,-1.976982e-01
1.73750,0.423677,0.498991,-0.170108,-1.127259e-01,4.560791e-02,-1.976130e-01
1.74000,0.423396,0.499106,-0.170602,-1.126563e-01,4.578029e-02,-1.975278e-01
1.74250,0.423114,0.499221,-0.171096,-1.125862e-01,4.595335e-02,-1.974425e-01
1.74500,0.422833,0.499336,-0.171589,-1.125157e-01,4.612712e-02,-1.973569e-01
1.74750,0.422552,0.499452,-0.172082,-1.124447e-01,4.630168e-02,-1.972706e-01
1.75000,0.422271,0.499568,-0.172575,-1.123736e-01,4.647709e-02,-1.971837e-01
1.75250,0.421990,0.499685,-0.173068,-1.123023e-01,4.665340e-02,-1.970960e-01
1.75500,0.421709,0.499802,-0.173561,-1.122310e-01,4.683060e-02,-1.970070e-01
1.75750,0.421429,0.499919,-0.174053,-1.121598e-01,4.700867e-02,-1.969166e-01
1.76000,0.421149,0.500037,-0.174545,-1.120886e-01,4.718765e-02,-1.968241e-01
1.76250,0.420869,0.500156,-0.175037,-1.120176e-01,4.736748e-02,-1.967295e-01
1.76500,0.420589,0.500275,-0.175528,-1.119469e-01,4.754817e-02,-1.966326e-01
1.76750,0.420309,0.500394,-0.176020,-1.118765e-01,4.772963e-02,-1.965334e-01
1.77000,0.420030,0.500514,-0.176511,-1.118065e-01,4.791184e-02,-1.964315e-01
1.77250,0.419750,0.500634,-0.177001,-1.117369e-01,4.809473e-02,-1.963269e-01
1.77500,0.419471,0.500755,-0.177492,-1.116679e-01,4.827831e-02,-1.962192e-01
1.77750,0.419192,0.500876,-0.177982,-1.115994e-01,4.846244e-02,-1.961083e-01
1.78000,0.418913,0.500997,-0.178472,-1.115315e-01,4.864713e-02,-1.959940e-01
1.78250,0.418635,0.501119,-0.178962,-1.114642e-01,4.883228e-02,-1.958764e-01
1.78500,0.418356,0.501242,-0.179451,-1.113976e-01,4.901783e-02,-1.957554e-01
1.78750,0.418078,0.501365,-0.179940,-1.113316e-01,4.920367e-02,-1.956314e-01
1.79000,0.417800,0.501488,-0.180429,-1.112663e-01,4.938966e-02,-1.955046e-01
1.79250,0.417522,0.501612,-0.180918,-1.112016e-01,4.957573e-02,-1.953751e-01
1.79500,0.417244,0.501737,-0.181406,-1.111376e-01,4.976172e-02,-1.952433e-01
1.79750,0.416966,0.501862,-0.181894,-1.110743e-01,4.994760e-02,-1.951095e-01
1.80000,0.416689,0.501987,-0.182381,-1.110116e-01,5.013328e-02,-1.949740e-01
1.80250,0.416411,0.502113,-0.182868,-1.109495e-01,5.031867e-02,-1.948369e-01
1.80500,0.416134,0.502239,-0.183355,-1.108880e-01,5.050376e-02,-1.946982e-01
1.80750,0.415857,0.502366,-0.183841,-1.108270e-01,5.068848e-02,-1.945581e-01
1.81000,0.415580,0.502493,-0.184327,-1.107665e-01,5.087279e-02,-1.944163e-01
1.81250,0.415303,0.502621,-0.184813,-1.107065e-01,5.105661e-02,-1.942729e-01
1.81500,0.415027,0.502749,-0.185298,-1.106469e-01,5.123991e-02,-1.941276e-01
1.81750,0.414750,0.502877,-0.185783,-1.105877e-01,5.142266e-02,-1.939803e-01
1.82000,0.414474,0.503006,-0.186268,-1.105287e-01,5.160486e-02,-1.938311e-01
1.82250,0.414198,0.503136,-0.186752,-1.104700e-01,5.178642e-02,-1.936799e-01
1.82500,0.413922,0.503266,-0.187236,-1.104113e-01,5.196738e-02,-1.935266e-01
1.82750,0.413646,0.503396,-0.187719,-1.103527e-01,5.214773e-02,-1.933707e-01
1.83000,0.413370,0.503527,-0.188202,-1.102940e-01,5.232753e-02,-1.932121e-01
1.83250,0.413095,0.503658,-0.188685,-1.102351e-01,5.250679e-02,-1.930502e-01
1.83500,0.412819,0.503790,-0.189167,-1.101760e-01,5.268556e-02,-1.928854e-01
1.83750,0.412544,0.503922,-0.189649,-1.101164e-01,5.286386e-02,-1.927172e-01
1.84000,0.412269,0.504055,-0.190130,-1.100565e-01,5.304173e-02,-1.925459e-01
1.84250,0.411994,0.504188,-0.190611,-1.099959e-01,5.321924e-02,-1.923713e-01
1.84500,0.411719,0.504321,-0.191092,-1.099346e-01,5.339640e-02,-1.921936e-01
1.84750,0.411444,0.504455,-0.191572,-1.098725e-01,5.357330e-02,-1.920127e-01
1.85000,0.411170,0.504589,-0.192051,-1.098093e-01,5.375001e-02,-1.918290e-01
1.85250,0.410895,0.504724,-0.192530,-1.097449e-01,5.392665e-02,-1.916426e-01
1.85500,0.410621,0.504860,-0.193009,-1.096793e-01,5.410329e-02,-1.914543e-01
1.85750,0.410347,0.504995,-0.193487,-1.096123e-01,5.428005e-02,-1.912644e-01
1.86000,0.410073,0.505131,-0.193965,-1.095439e-01,5.445709e-02,-1.910739e-01
1.86250,0.409800,0.505268,-0.194442,-1.094741e-01,5.463445e-02,-1.908832e-01
1.86500,0.409526,0.505405,-0.194919,-1.094029e-01,5.481226e-02,-1.906933e-01
1.86750,0.409253,0.505542,-0.195395,-1.093304e-01,5.499061e-02,-1.905046e-01
1.87000,0.408980,0.505680,-0.195871,-1.092565e-01,5.516953e-02,-1.903177e-01
1.87250,0.408707,0.505819,-0.196346,-1.091814e-01,5.534911e-02,-1.901326e-01
1.87500,0.408434,0.505958,-0.196821,-1.091051e-01,5.552940e-02,-1.899495e-01
1.87750,0.408161,0.506097,-0.197295,-1.090277e-01,5.571050e-02,-1.897678e-01
1.88000,0.407889,0.506237,-0.197769,-1.089493e-01,5.589241e-02,-1.895875e-01
1.88250,0.407617,0.506377,-0.198243,-1.088700e-01,5.607516e-02,-1.894084e-01
1.88500,0.407345,0.506517,-0.198716,-1.087900e-01,5.625875e-02,-1.892306e-01
1.88750,0.407073,0.506659,-0.199189,-1.087093e-01,5.644320e-02,-1.890539e-01
1.89000,0.406801,0.506800,-0.199661,-1.086280e-01,5.662852e-02,-1.888780e-01
1.89250,0.406530,0.506942,-0.200133,-1.085462e-01,5.681470e-02,-1.887025e-01
1.89500,0.406259,0.507085,-0.200604,-1.084640e-01,5.700174e-02,-1.885273e-01
1.89750,0.405988,0.507228,-0.201075,-1.083815e-01,5.718959e-02,-1.883523e-01
1.90000,0.405717,0.507371,-0.201545,-1.082988e-01,5.737822e-02,-1.881775e-01
1.90250,0.405447,0.507515,-0.202015,-1.082160e-01,5.756756e-02,-1.880027e-01
1.90500,0.405176,0.507659,-0.202485,-1.081332e-01,5.775757e-02,-1.878276e-01
1.90750,0.404906,0.507804,-0.202954,-1.080505e-01,5.794821e-02,-1.876517e-01
1.91000,0.404636,0.507950,-0.203423,-1.079679e-01,5.813939e-02,-1.874749e-01
1.91250,0.404367,0.508095,-0.203891,-1.078856e-01,5.833104e-02,-1.872972e-01
1.91500,0.404097,0.508242,-0.204359,-1.078036e-01,5.852305e-02,-1.871188e-01
1.91750,0.403828,0.508389,-0.204826,-1.077219e-01,5.871536e-02,-1.869398e-01
1.92000,0.403559,0.508536,-0.205293,-1.076407e-01,5.890787e-02,-1.867603e-01
1.92250,0.403290,0.508684,-0.205759,-1.075601e-01,5.910049e-02,-1.865802e-01
1.92500,0.403021,0.508832,-0.206225,-1.074801e-01,5.929307e-02,-1.863996e-01
1.92750,0.402752,0.508980,-0.206691,-1.074008e-01,5.948556e-02,-1.862184e-01
1.93000,0.402484,0.509130,-0.207156,-1.073221e-01,5.967783e-02,-1.860369e-01
1.93250,0.402216,0.509279,-0.207621,-1.072441e-01,5.986971e-02,-1.858551e-01
1.93500,0.401948,0.509430,-0.208085,-1.071668e-01,6.006111e-02,-1.856733e-01
1.93750,0.401680,0.509580,-0.208549,-1.070901e-01,6.025189e-02,-1.854918e-01
1.94000,0.401413,0.509731,-0.209012,-1.070140e-01,6.044190e-02,-1.853109e-01
1.94250,0.401146,0.509883,-0.209475,-1.069386e-01,6.063109e-02,-1.851306e-01
1.94500,0.400878,0.510035,-0.209937,-1.068637e-01,6.081934e-02,-1.849507e-01
1.94750,0.400611,0.510187,-0.210399,-1.067893e-01,6.100661e-02,-1.847712e-01
1.95000,0.400345,0.510340,-0.210860,-1.067155e-01,6.119287e-02,-1.845920e-01
1.95250,0.400078,0.510494,-0.211322,-1.066420e-01,6.137798e-02,-1.844128e-01
1.95500,0.399812,0.510648,-0.211782,-1.065689e-01,6.156186e-02,-1.842331e-01
1.95750,0.399545,0.510802,-0.212242,-1.064961e-01,6.174447e-02,-1.840528e-01
1.96000,0.399279,0.510957,-0.212702,-1.064235e-01,6.192578e-02,-1.838712e-01
1.96250,0.399013,0.511112,-0.213161,-1.063511e-01,6.210572e-02,-1.836884e-01
1.96500,0.398748,0.511268,-0.213620,-1.062789e-01,6.228433e-02,-1.835039e-01
1.96750,0.398482,0.511424,-0.214078,-1.062068e-01,6.246155e-02,-1.833174e-01
1.97000,0.398217,0.511581,-0.214536,-1.061348e-01,6.263743e-02,-1.831287e-01
1.97250,0.397952,0.511738,-0.214993,-1.060630e-01,6.281195e-02,-1.829379e-01
1.97500,0.397687,0.511895,-0.215450,-1.059912e-01,6.298518e-02,-1.827445e-01
1.97750,0.397422,0.512053,-0.215907,-1.059195e-01,6.315717e-02,-1.825484e-01
1.98000,0.397157,0.512211,-0.216362,-1.058477e-01,6.332800e-02,-1.823493e-01
1.98250,0.396893,0.512370,-0.216818,-1.057758e-01,6.349772e-02,-1.821471e-01
1.98500,0.396629,0.512529,-0.217273,-1.057037e-01,6.366638e-02,-1.819417e-01
1.98750,0.396365,0.512689,-0.217727,-1.056315e-01,6.383408e-02,-1.817329e-01
1.99000,0.396101,0.512849,-0.218181,-1.055589e-01,6.400092e-02,-1.815205e-01
1.99250,0.395837,0.513009,-0.218634,-1.054858e-01,6.416701e-02,-1.813046e-01
1.99500,0.395573,0.513170,-0.219087,-1.054123e-01,6.433245e-02,-1.810854e-01
1.99750,0.395310,0.513331,-0.219539,-1.053382e-01,6.449733e-02,-1.808630e-01
2.00000,0.395047,0.513493,-0.219991,-1.052634e-01,6.466177e-02,-1.806377e-01
2.00250,0.394784,0.513655,-0.220442,-1.051878e-01,6.482589e-02,-1.804099e-01
2.00500,0.394521,0.513818,-0.220892,-1.051115e-01,6.498979e-02,-1.801800e-01
2.00750,0.394259,0.513980,-0.221342,-1.050344e-01,6.515358e-02,-1.799484e-01
2.01000,0.393996,0.514144,-0.221791,-1.049565e-01,6.531738e-02,-1.797155e-01
2.01250,0.393734,0.514307,-0.222240,-1.048777e-01,6.548128e-02,-1.794817e-01
2.01500,0.393472,0.514471,-0.222688,-1.047982e-01,6.564539e-02,-1.792472e-01
2.01750,0.393210,0.514636,-0.223136,-1.047178e-01,6.580976e-02,-1.790121e-01
2.02000,0.392949,0.514801,-0.223582,-1.046366e-01,6.597449e-02,-1.787766e-01
2.02250,0.392687,0.514966,-0.224029,-1.045547e-01,6.613964e-02,-1.785404e-01
2.02500,0.392426,0.515132,-0.224475,-1.044721e-01,6.630532e-02,-1.783036e-01
2.02750,0.392165,0.515298,-0.224920,-1.043887e-01,6.647165e-02,-1.780662e-01
2.03000,0.391904,0.515465,-0.225364,-1.043047e-01,6.663865e-02,-1.778280e-01
2.03250,0.391644,0.515632,-0.225808,-1.042199e-01,6.680639e-02,-1.775892e-01
2.03500,0.391383,0.515799,-0.226252,-1.041346e-01,6.697492e-02,-1.773497e-01
2.03750,0.391123,0.515967,-0.226694,-1.040488e-01,6.714429e-02,-1.771094e-01
2.04000,0.390863,0.516135,-0.227137,-1.039624e-01,6.731449e-02,-1.768679e-01
2.04250,0.390604,0.516304,-0.227578,-1.038755e-01,6.748548e-02,-1.766250e-01
2.04500,0.390344,0.516473,-0.228019,-1.037882e-01,6.765731e-02,-1.763807e-01
2.04750,0.390085,0.516643,-0.228459,-1.037006e-01,6.783002e-02,-1.761350e-01
2.05000,0.389826,0.516813,-0.228899,-1.036127e-01,6.800360e-02,-1.758883e-01
2.05250,0.389567,0.516983,-0.229338,-1.035248e-01,6.817804e-02,-1.756404e-01
2.05500,0.389309,0.517154,-0.229777,-1.034367e-01,6.835333e-02,-1.753916e-01
2.05750,0.389050,0.517326,-0.230215,-1.033488e-01,6.852943e-02,-1.751419e-01
2.06000,0.388792,0.517497,-0.230652,-1.032609e-01,6.870628e-02,-1.748915e-01
2.06250,0.388534,0.517670,-0.231088,-1.031733e-01,6.888384e-02,-1.746403e-01
2.06500,0.388276,0.517842,-0.231524,-1.030860e-01,6.906208e-02,-1.743885e-01
2.06750,0.388019,0.518015,-0.231960,-1.029992e-01,6.924095e-02,-1.741361e-01
2.07000,0.387762,0.518189,-0.232394,-1.029129e-01,6.942037e-02,-1.738832e-01
2.07250,0.387505,0.518363,-0.232829,-1.028271e-01,6.960032e-02,-1.736298e-01
2.07500,0.387248,0.518537,-0.233262,-1.027419e-01,6.978075e-02,-1.733759e-01
2.07750,0.386991,0.518712,-0.233695,-1.026574e-01,6.996158e-02,-1.731215e-01
2.08000,0.386735,0.518888,-0.234127,-1.025735e-01,7.014279e-02,-1.728667e-01
2.08250,0.386478,0.519063,-0.234558,-1.024902e-01,7.032427e-02,-1.726117e-01
2.08500,0.386222,0.519240,-0.234989,-1.024077e-01,7.050601e-02,-1.723568e-01
2.08750,0.385967,0.519416,-0.235420,-1.023258e-01,7.068794e-02,-1.721025e-01
2.09000,0.385711,0.519594,-0.235849,-1.022446e-01,7.086992e-02,-1.718487e-01
2.09250,0.385456,0.519771,-0.236278,-1.021641e-01,7.105193e-02,-1.715954e-01
2.09500,0.385200,0.519949,-0.236707,-1.020843e-01,7.123388e-02,-1.713426e-01
2.09750,0.384945,0.520128,-0.237134,-1.020051e-01,7.141570e-02,-1.710901e-01
2.10000,0.384690,0.520307,-0.237561,-1.019266e-01,7.159728e-02,-1.708375e-01
2.10250,0.384436,0.520486,-0.237988,-1.018487e-01,7.177858e-02,-1.705845e-01
2.10500,0.384181,0.520666,-0.238414,-1.017715e-01,7.195947e-02,-1.703312e-01
2.10750,0.383927,0.520846,-0.238839,-1.016948e-01,7.213988e-02,-1.700777e-01
2.11000,0.383673,0.521027,-0.239263,-1.016188e-01,7.231972e-02,-1.698240e-01
2.11250,0.383419,0.521208,-0.239687,-1.015433e-01,7.249891e-02,-1.695701e-01
2.11500,0.383166,0.521390,-0.240111,-1.014684e-01,7.267743e-02,-1.693160e-01
2.11750,0.382912,0.521572,-0.240533,-1.013938e-01,7.285515e-02,-1.690616e-01
2.12000,0.382659,0.521755,-0.240955,-1.013197e-01,7.303203e-02,-1.688067e-01
2.12250,0.382406,0.521938,-0.241377,-1.012457e-01,7.320805e-02,-1.685511e-01
2.12500,0.382153,0.522121,-0.241797,-1.011720e-01,7.338314e-02,-1.682946e-01
2.12750,0.381900,0.522305,-0.242218,-1.010983e-01,7.355727e-02,-1.680371e-01
2.13000,0.381647,0.522490,-0.242637,-1.010246e-01,7.373043e-02,-1.677784e-01
2.13250,0.381395,0.522674,-0.243056,-1.009508e-01,7.390259e-02,-1.675186e-01
2.13500,0.381143,0.522860,-0.243474,-1.008768e-01,7.407375e-02,-1.672575e-01
2.13750,0.380891,0.523045,-0.243891,-1.008026e-01,7.424387e-02,-1.669954e-01
2.14000,0.380639,0.523231,-0.244308,-1.007280e-01,7.441300e-02,-1.667324e-01
2.14250,0.380387,0.523418,-0.244724,-1.006529e-01,7.458117e-02,-1.664686e-01
2.14500,0.380136,0.523605,-0.245140,-1.005773e-01,7.474850e-02,-1.662042e-01
2.14750,0.379885,0.523792,-0.245555,-1.005010e-01,7.491506e-02,-1.659392e-01
2.15000,0.379634,0.523980,-0.245969,-1.004238e-01,7.508094e-02,-1.656740e-01
2.15250,0.379383,0.524168,-0.246382,-1.003457e-01,7.524623e-02,-1.654087e-01
2.15500,0.379132,0.524356,-0.246795,-1.002665e-01,7.541105e-02,-1.651439e-01
2.15750,0.378882,0.524545,-0.247208,-1.001864e-01,7.557545e-02,-1.648799e-01
2.16000,0.378631,0.524734,-0.247619,-1.001052e-01,7.573956e-02,-1.646172e-01
2.16250,0.378381,0.524924,-0.248030,-1.000230e-01,7.590345e-02,-1.643562e-01
2.16500,0.378132,0.525114,-0.248440,-9.993967e-02,7.606719e-02,-1.640973e-01
2.16750,0.377882,0.525305,-0.248850,-9.985532e-02,7.623089e-02,-1.638408e-01
2.17000,0.377632,0.525496,-0.249259,-9.976994e-02,7.639463e-02,-1.635868e-01
2.17250,0.377383,0.525687,-0.249667,-9.968352e-02,7.655847e-02,-1.633351e-01
2.17500,0.377134,0.525879,-0.250075,-9.959609e-02,7.672248e-02,-1.630856e-01
2.17750,0.376885,0.526071,-0.250482,-9.950768e-02,7.688678e-02,-1.628379e-01
2.18000,0.376637,0.526264,-0.250888,-9.941844e-02,7.705128e-02,-1.625920e-01
2.18250,0.376389,0.526457,-0.251294,-9.932845e-02,7.721605e-02,-1.623476e-01
2.18500,0.376141,0.526650,-0.251700,-9.923780e-02,7.738108e-02,-1.621046e-01
2.18750,0.375893,0.526844,-0.252104,-9.914656e-02,7.754636e-02,-1.618623e-01
2.19000,0.375645,0.527039,-0.252508,-9.905482e-02,7.771186e-02,-1.616206e-01
2.19250,0.375398,0.527233,-0.252912,-9.896274e-02,7.787757e-02,-1.613791e-01
2.19500,0.375150,0.527428,-0.253315,-9.887040e-02,7.804346e-02,-1.611379e-01
2.19750,0.374903,0.527624,-0.253717,-9.877786e-02,7.820948e-02,-1.608966e-01
2.20000,0.374657,0.527820,-0.254118,-9.868513e-02,7.837561e-02,-1.606547e-01
2.20250,0.374410,0.528016,-0.254519,-9.859226e-02,7.854182e-02,-1.604118e-01
2.20500,0.374164,0.528213,-0.254920,-9.849929e-02,7.870812e-02,-1.601679e-01
2.20750,0.373918,0.528410,-0.255320,-9.840618e-02,7.887451e-02,-1.599228e-01
2.21000,0.373672,0.528608,-0.255719,-9.831304e-02,7.904097e-02,-1.596765e-01
2.21250,0.373427,0.528806,-0.256117,-9.821989e-02,7.920750e-02,-1.594292e-01
2.21500,0.373181,0.529004,-0.256515,-9.812678e-02,7.937405e-02,-1.591811e-01
2.21750,0.372936,0.529203,-0.256913,-9.803380e-02,7.954057e-02,-1.589320e-01
2.22000,0.372691,0.529402,-0.257309,-9.794100e-02,7.970702e-02,-1.586818e-01
2.22250,0.372447,0.529602,-0.257706,-9.784844e-02,7.987341e-02,-1.584308e-01
2.22500,0.372202,0.529802,-0.258101,-9.775617e-02,8.003972e-02,-1.581790e-01
2.22750,0.371958,0.530003,-0.258496,-9.766429e-02,8.020592e-02,-1.579265e-01
2.23000,0.371714,0.530204,-0.258890,-9.757285e-02,8.037196e-02,-1.576737e-01
2.23250,0.371471,0.530405,-0.259284,-9.748197e-02,8.053778e-02,-1.574209e-01
2.23500,0.371227,0.530607,-0.259676,-9.739167e-02,8.070335e-02,-1.571683e-01
2.23750,0.370984,0.530809,-0.260069,-9.730199e-02,8.086863e-02,-1.569160e-01
2.24000,0.370741,0.531011,-0.260460,-9.721291e-02,8.103364e-02,-1.566642e-01
2.24250,0.370498,0.531214,-0.260851,-9.712441e-02,8.119829e-02,-1.564127e-01
2.24500,0.370255,0.531418,-0.261242,-9.703654e-02,8.136265e-02,-1.561614e-01
2.24750,0.370013,0.531622,-0.261632,-9.694924e-02,8.152669e-02,-1.559103e-01
2.25000,0.369771,0.531826,-0.262021,-9.686254e-02,8.169040e-02,-1.556593e-01
2.25250,0.369529,0.532031,-0.262409,-9.677640e-02,8.185381e-02,-1.554081e-01
2.25500,0.369287,0.532236,-0.262797,-9.669081e-02,8.201693e-02,-1.551569e-01
2.25750,0.369046,0.532441,-0.263184,-9.660581e-02,8.217973e-02,-1.549053e-01
2.26000,0.368804,0.532647,-0.263571,-9.652146e-02,8.234230e-02,-1.546533e-01
2.26250,0.368563,0.532853,-0.263957,-9.643774e-02,8.250463e-02,-1.544007e-01
2.26500,0.368322,0.533060,-0.264342,-9.635466e-02,8.266675e-02,-1.541474e-01
2.26750,0.368082,0.533267,-0.264727,-9.627220e-02,8.282867e-02,-1.538933e-01
2.27000,0.367841,0.533474,-0.265111,-9.619029e-02,8.299038e-02,-1.536385e-01
2.27250,0.367601,0.533682,-0.265495,-9.610895e-02,8.315190e-02,-1.533828e-01
2.27500,0.367361,0.533891,-0.265878,-9.602810e-02,8.331327e-02,-1.531262e-01
2.27750,0.367121,0.534099,-0.266260,-9.594769e-02,8.347456e-02,-1.528685e-01
2.28000,0.366881,0.534308,-0.266641,-9.586764e-02,8.363587e-02,-1.526096e-01
2.28250,0.366642,0.534518,-0.267022,-9.578782e-02,8.379719e-02,-1.523492e-01
2.28500,0.366403,0.534728,-0.267402,-9.570811e-02,8.395858e-02,-1.520872e-01
2.28750,0.366164,0.534938,-0.267782,-9.562848e-02,8.412013e-02,-1.518235e-01
2.29000,0.365925,0.535149,-0.268161,-9.554879e-02,8.428190e-02,-1.515576e-01
2.29250,0.365686,0.535360,-0.268539,-9.546894e-02,8.444388e-02,-1.512896e-01
2.29500,0.365448,0.535571,-0.268917,-9.538884e-02,8.460615e-02,-1.510194e-01
2.29750,0.365209,0.535783,-0.269293,-9.530835e-02,8.476873e-02,-1.507469e-01
2.30000,0.364971,0.535996,-0.269670,-9.522740e-02,8.493156e-02,-1.504720e-01
2.30250,0.364733,0.536208,-0.270045,-9.514580e-02,8.509470e-02,-1.501952e-01
2.30500,0.364496,0.536421,-0.270420,-9.506344e-02,8.525806e-02,-1.499165e-01
2.30750,0.364258,0.536635,-0.270794,-9.498023e-02,8.542164e-02,-1.496365e-01
2.31000,0.364021,0.536849,-0.271167,-9.489607e-02,8.558546e-02,-1.493554e-01
2.31250,0.363784,0.537063,-0.271540,-9.481087e-02,8.574946e-02,-1.490738e-01
2.31500,0.363547,0.537278,-0.271912,-9.472455e-02,8.591365e-02,-1.487920e-01
2.31750,0.363311,0.537493,-0.272283,-9.463711e-02,8.607805e-02,-1.485109e-01
2.32000,0.363074,0.537709,-0.272654,-9.454848e-02,8.624255e-02,-1.482309e-01
2.32250,0.362838,0.537925,-0.273024,-9.445862e-02,8.640709e-02,-1.479530e-01
2.32500,0.362602,0.538141,-0.273393,-9.436763e-02,8.657168e-02,-1.476775e-01
2.32750,0.362367,0.538358,-0.273761,-9.427551e-02,8.673631e-02,-1.474048e-01
2.33000,0.362131,0.538575,-0.274129,-9.418225e-02,8.690091e-02,-1.471352e-01
2.33250,0.361896,0.538793,-0.274496,-9.408790e-02,8.706545e-02,-1.468685e-01
2.33500,0.361661,0.539011,-0.274863,-9.399258e-02,8.722992e-02,-1.466047e-01
2.33750,0.361426,0.539230,-0.275229,-9.389639e-02,8.739436e-02,-1.463438e-01
2.34000,0.361192,0.539449,-0.275594,-9.379940e-02,8.755868e-02,-1.460857e-01
2.34250,0.360957,0.539668,-0.275959,-9.370169e-02,8.772291e-02,-1.458307e-01
2.34500,0.360723,0.539888,-0.276323,-9.360337e-02,8.788707e-02,-1.455786e-01
2.34750,0.360490,0.540108,-0.276686,-9.350453e-02,8.805114e-02,-1.453296e-01
2.35000,0.360256,0.540328,-0.277049,-9.340526e-02,8.821509e-02,-1.450833e-01
2.35250,0.360023,0.540549,-0.277411,-9.330559e-02,8.837895e-02,-1.448398e-01
2.35500,0.359790,0.540771,-0.277772,-9.320564e-02,8.854273e-02,-1.445987e-01
2.35750,0.359557,0.540992,-0.278133,-9.310548e-02,8.870638e-02,-1.443600e-01
2.36000,0.359325,0.541215,-0.278493,-9.300512e-02,8.886989e-02,-1.441234e-01
2.36250,0.359092,0.541437,-0.278853,-9.290467e-02,8.903318e-02,-1.438888e-01
2.36500,0.358860,0.541660,-0.279212,-9.280422e-02,8.919627e-02,-1.436563e-01
2.36750,0.358628,0.541883,-0.279571,-9.270388e-02,8.935909e-02,-1.434259e-01
2.37000,0.358397,0.542107,-0.279929,-9.260372e-02,8.952167e-02,-1.431973e-01
2.37250,0.358166,0.542331,-0.280286,-9.250377e-02,8.968395e-02,-1.429699e-01
2.37500,0.357935,0.542556,-0.280643,-9.240411e-02,8.984580e-02,-1.427435e-01
2.37750,0.357704,0.542781,-0.280999,-9.230485e-02,9.000712e-02,-1.425176e-01
2.38000,0.357473,0.543007,-0.281355,-9.220612e-02,9.016788e-02,-1.422921e-01
2.38250,0.357243,0.543232,-0.281710,-9.210790e-02,9.032798e-02,-1.420669e-01
2.38500,0.357013,0.543459,-0.282065,-9.201027e-02,9.048736e-02,-1.418418e-01
2.38750,0.356783,0.543685,-0.282419,-9.191328e-02,9.064600e-02,-1.416166e-01
2.39000,0.356554,0.543912,-0.282772,-9.181706e-02,9.080386e-02,-1.413915e-01
2.39250,0.356325,0.544140,-0.283125,-9.172159e-02,9.096096e-02,-1.411661e-01
2.39500,0.356095,0.544367,-0.283478,-9.162696e-02,9.111728e-02,-1.409401e-01
2.39750,0.355867,0.544596,-0.283829,-9.153321e-02,9.127280e-02,-1.407134e-01
2.40000,0.355638,0.544824,-0.284181,-9.144036e-02,9.142751e-02,-1.404861e-01
2.40250,0.355410,0.545053,-0.284531,-9.134838e-02,9.158141e-02,-1.402580e-01
2.40500,0.355181,0.545282,-0.284881,-9.125729e-02,9.173454e-02,-1.400293e-01
2.40750,0.354954,0.545512,-0.285231,-9.116707e-02,9.188684e-02,-1.398000e-01
2.41000,0.354726,0.545742,-0.285580,-9.107768e-02,9.203836e-02,-1.395704e-01
2.41250,0.354498,0.545973,-0.285928,-9.098906e-02,9.218908e-02,-1.393406e-01
2.41500,0.354271,0.546204,-0.286276,-9.090123e-02,9.233909e-02,-1.391107e-01
2.41750,0.354044,0.546435,-0.286623,-9.081410e-02,9.248841e-02,-1.388811e-01
2.42000,0.353817,0.546666,-0.286970,-9.072774e-02,9.263710e-02,-1.386518e-01
2.42250,0.353591,0.546898,-0.287316,-9.064205e-02,9.278517e-02,-1.384233e-01
2.42500,0.353364,0.547131,-0.287661,-9.055704e-02,9.293269e-02,-1.381952e-01
2.42750,0.353138,0.547363,-0.288006,-9.047263e-02,9.307969e-02,-1.379677e-01
2.43000,0.352912,0.547596,-0.288351,-9.038875e-02,9.322625e-02,-1.377404e-01
2.43250,0.352686,0.547830,-0.288694,-9.030533e-02,9.337247e-02,-1.375135e-01
2.43500,0.352461,0.548064,-0.289038,-9.022235e-02,9.351844e-02,-1.372867e-01
2.43750,0.352235,0.548298,-0.289380,-9.013968e-02,9.366425e-02,-1.370601e-01
2.44000,0.352010,0.548532,-0.289722,-9.005724e-02,9.380998e-02,-1.368335e-01
2.44250,0.351785,0.548767,-0.290064,-8.997489e-02,9.395577e-02,-1.366063e-01
2.44500,0.351561,0.549003,-0.290405,-8.989259e-02,9.410168e-02,-1.363784e-01
2.44750,0.351336,0.549238,-0.290745,-8.981024e-02,9.424780e-02,-1.361493e-01
2.45000,0.351112,0.549474,-0.291085,-8.972782e-02,9.439413e-02,-1.359190e-01
2.45250,0.350888,0.549710,-0.291424,-8.964525e-02,9.454082e-02,-1.356875e-01
2.45500,0.350664,0.549947,-0.291763,-8.956247e-02,9.468789e-02,-1.354548e-01
2.45750,0.350440,0.550184,-0.292101,-8.947941e-02,9.483544e-02,-1.352207e-01
2.46000,0.350217,0.550422,-0.292438,-8.939599e-02,9.498353e-02,-1.349853e-01
2.46250,0.349993,0.550660,-0.292775,-8.931215e-02,9.513221e-02,-1.347482e-01
2.46500,0.349770,0.550898,-0.293111,-8.922778e-02,9.528153e-02,-1.345092e-01
2.46750,0.349547,0.551136,-0.293447,-8.914280e-02,9.543149e-02,-1.342680e-01
2.47000,0.349325,0.551375,-0.293782,-8.905707e-02,9.558217e-02,-1.340245e-01
2.47250,0.349102,0.551615,-0.294117,-8.897048e-02,9.573362e-02,-1.337788e-01
2.47500,0.348880,0.551854,-0.294450,-8.888293e-02,9.588574e-02,-1.335313e-01
2.47750,0.348658,0.552094,-0.294784,-8.879438e-02,9.603848e-02,-1.332823e-01
2.48000,0.348436,0.552335,-0.295116,-8.870474e-02,9.619179e-02,-1.330325e-01
2.48250,0.348215,0.552576,-0.295448,-8.861393e-02,9.634561e-02,-1.327822e-01
2.48500,0.347994,0.552817,-0.295780,-8.852193e-02,9.649982e-02,-1.325320e-01
2.48750,0.347772,0.553059,-0.296110,-8.842878e-02,9.665432e-02,-1.322826e-01
2.49000,0.347552,0.553301,-0.296440,-8.833445e-02,9.680903e-02,-1.320347e-01
2.49250,0.347331,0.553543,-0.296770,-8.823896e-02,9.696389e-02,-1.317890e-01
2.49500,0.347111,0.553786,-0.297099,-8.814232e-02,9.711888e-02,-1.315461e-01
2.49750,0.346891,0.554029,-0.297427,-8.804451e-02,9.727397e-02,-1.313064e-01
2.50000,0.346671,0.554273,-0.297755,-8.794553e-02,9.742916e-02,-1.310704e-01
2.50250,0.346451,0.554517,-0.298082,-8.784546e-02,9.758437e-02,-1.308385e-01
2.50500,0.346232,0.554761,-0.298408,-8.774437e-02,9.773955e-02,-1.306105e-01
2.50750,0.346013,0.555006,-0.298734,-8.764231e-02,9.789464e-02,-1.303866e-01
2.51000,0.345794,0.555251,-0.299060,-8.753937e-02,9.804962e-02,-1.301667e-01
2.51250,0.345575,0.555496,-0.299385,-8.743560e-02,9.820443e-02,-1.299508e-01
2.51500,0.345357,0.555742,-0.299709,-8.733109e-02,9.835899e-02,-1.297387e-01
2.51750,0.345139,0.555989,-0.300033,-8.722594e-02,9.851330e-02,-1.295304e-01
2.52000,0.344921,0.556235,-0.300356,-8.712021e-02,9.866736e-02,-1.293256e-01
2.52250,0.344703,0.556482,-0.300679,-8.701405e-02,9.882111e-02,-1.291237e-01
2.52500,0.344486,0.556730,-0.301001,-8.690756e-02,9.897458e-02,-1.289247e-01
2.52750,0.344269,0.556978,-0.301323,-8.680083e-02,9.912768e-02,-1.287284e-01
2.53000,0.344052,0.557226,-0.301644,-8.669401e-02,9.928046e-02,-1.285344e-01
2.53250,0.343836,0.557474,-0.301965,-8.658727e-02,9.943286e-02,-1.283424e-01
2.53500,0.343620,0.557723,-0.302286,-8.648073e-02,9.958483e-02,-1.281521e-01
2.53750,0.343404,0.557973,-0.302605,-8.637450e-02,9.973637e-02,-1.279631e-01
2.54000,0.343188,0.558222,-0.302925,-8.626870e-02,9.988742e-02,-1.277749e-01
2.54250,0.342973,0.558472,-0.303244,-8.616341e-02,1.000380e-01,-1.275872e-01
2.54500,0.342758,0.558723,-0.303562,-8.605873e-02,1.001879e-01,-1.273997e-01
2.54750,0.342543,0.558974,-0.303880,-8.595472e-02,1.003373e-01,-1.272119e-01
2.55000,0.342328,0.559225,-0.304198,-8.585144e-02,1.004860e-01,-1.270238e-01
2.55250,0.342114,0.559477,-0.304515,-8.574894e-02,1.006340e-01,-1.268351e-01
2.55500,0.341900,0.559728,-0.304832,-8.564730e-02,1.007813e-01,-1.266458e-01
2.55750,0.341686,0.559981,-0.305148,-8.554654e-02,1.009279e-01,-1.264559e-01
2.56000,0.341472,0.560233,-0.305463,-8.544669e-02,1.010739e-01,-1.262651e-01
2.56250,0.341259,0.560487,-0.305779,-8.534774e-02,1.012192e-01,-1.260737e-01
2.56500,0.341046,0.560740,-0.306093,-8.524973e-02,1.013639e-01,-1.258816e-01
2.56750,0.340833,0.560994,-0.306408,-8.515260e-02,1.015080e-01,-1.256890e-01
2.57000,0.340620,0.561248,-0.306721,-8.505636e-02,1.016515e-01,-1.254958e-01
2.57250,0.340408,0.561502,-0.307035,-8.496100e-02,1.017944e-01,-1.253025e-01
2.57500,0.340196,0.561757,-0.307347,-8.486648e-02,1.019368e-01,-1.251090e-01
2.57750,0.339984,0.562012,-0.307660,-8.477271e-02,1.020788e-01,-1.249153e-01
2.58000,0.339772,0.562268,-0.307971,-8.467967e-02,1.022204e-01,-1.247214e-01
2.58250,0.339560,0.562524,-0.308283,-8.458730e-02,1.023618e-01,-1.245273e-01
2.58500,0.339349,0.562780,-0.308594,-8.449554e-02,1.025029e-01,-1.243330e-01
2.58750,0.339138,0.563037,-0.308904,-8.440439e-02,1.026438e-01,-1.241383e-01
2.59000,0.338927,0.563294,-0.309214,-8.431381e-02,1.027845e-01,-1.239433e-01
2.59250,0.338717,0.563551,-0.309523,-8.422380e-02,1.029251e-01,-1.237481e-01
2.59500,0.338507,0.563809,-0.309832,-8.413431e-02,1.030657e-01,-1.235524e-01
2.59750,0.338296,0.564067,-0.310140,-8.404527e-02,1.032063e-01,-1.233565e-01
2.60000,0.338087,0.564325,-0.310448,-8.395662e-02,1.033469e-01,-1.231601e-01
2.60250,0.337877,0.564584,-0.310756,-8.386830e-02,1.034876e-01,-1.229634e-01
2.60500,0.337667,0.564843,-0.311063,-8.378027e-02,1.036285e-01,-1.227665e-01
2.60750,0.337458,0.565102,-0.311369,-8.369246e-02,1.037695e-01,-1.225694e-01
2.61000,0.337249,0.565362,-0.311675,-8.360478e-02,1.039109e-01,-1.223719e-01
2.61250,0.337040,0.565622,-0.311980,-8.351722e-02,1.040527e-01,-1.221741e-01
2.61500,0.336832,0.565883,-0.312285,-8.342967e-02,1.041950e-01,-1.219758e-01
2.61750,0.336623,0.566143,-0.312590,-8.334208e-02,1.043378e-01,-1.217774e-01
2.62000,0.336415,0.566405,-0.312894,-8.325440e-02,1.044813e-01,-1.215791e-01
2.62250,0.336207,0.566666,-0.313197,-8.316660e-02,1.046253e-01,-1.213808e-01
2.62500,0.336000,0.566928,-0.313500,-8.307863e-02,1.047700e-01,-1.211828e-01
2.62750,0.335792,0.567190,-0.313803,-8.299042e-02,1.049154e-01,-1.209853e-01
2.63000,0.335585,0.567453,-0.314105,-8.290187e-02,1.050612e-01,-1.207882e-01
2.63250,0.335378,0.567716,-0.314406,-8.281293e-02,1.052074e-01,-1.205919e-01
2.63500,0.335171,0.567979,-0.314707,-8.272357e-02,1.053538e-01,-1.203964e-01
2.63750,0.334965,0.568243,-0.315008,-8.263370e-02,1.055003e-01,-1.202019e-01
2.64000,0.334758,0.568507,-0.315308,-8.254327e-02,1.056468e-01,-1.200087e-01
2.64250,0.334552,0.568772,-0.315607,-8.245223e-02,1.057930e-01,-1.198169e-01
2.64500,0.334346,0.569037,-0.315906,-8.236050e-02,1.059388e-01,-1.196270e-01
2.64750,0.334140,0.569302,-0.316205,-8.226809e-02,1.060842e-01,-1.194392e-01
2.65000,0.333935,0.569567,-0.316503,-8.217495e-02,1.062289e-01,-1.192535e-01
2.65250,0.333730,0.569833,-0.316801,-8.208108e-02,1.063729e-01,-1.190700e-01
2.65500,0.333525,0.570100,-0.317098,-8.198642e-02,1.065161e-01,-1.188886e-01
2.65750,0.333320,0.570366,-0.317395,-8.189096e-02,1.066586e-01,-1.187093e-01
2.66000,0.333116,0.570633,-0.317691,-8.179466e-02,1.068001e-01,-1.185321e-01
2.66250,0.332911,0.570901,-0.317987,-8.169754e-02,1.069407e-01,-1.183568e-01
2.66500,0.332707,0.571168,-0.318282,-8.159951e-02,1.070805e-01,-1.181836e-01
2.66750,0.332504,0.571436,-0.318577,-8.150053e-02,1.072193e-01,-1.180124e-01
2.67000,0.332300,0.571705,-0.318872,-8.140058e-02,1.073573e-01,-1.178437e-01
2.67250,0.332097,0.571974,-0.319166,-8.129968e-02,1.074945e-01,-1.176775e-01
2.67500,0.331894,0.572243,-0.319460,-8.119785e-02,1.076310e-01,-1.175138e-01
2.67750,0.331691,0.572512,-0.319753,-8.109508e-02,1.077668e-01,-1.173525e-01
2.68000,0.331489,0.572782,-0.320046,-8.099141e-02,1.079020e-01,-1.171937e-01
2.68250,0.331286,0.573052,-0.320339,-8.088686e-02,1.080365e-01,-1.170374e-01
2.68500,0.331085,0.573322,-0.320631,-8.078149e-02,1.081706e-01,-1.168833e-01
2.68750,0.330883,0.573593,-0.320923,-8.067536e-02,1.083041e-01,-1.167310e-01
2.69000,0.330681,0.573864,-0.321214,-8.056863e-02,1.084372e-01,-1.165805e-01
2.69250,0.330480,0.574136,-0.321505,-8.046138e-02,1.085697e-01,-1.164317e-01
2.69500,0.330279,0.574407,-0.321796,-8.035368e-02,1.087019e-01,-1.162847e-01
2.69750,0.330079,0.574679,-0.322086,-8.024567e-02,1.088334e-01,-1.161389e-01
2.70000,0.329878,0.574952,-0.322376,-8.013739e-02,1.089646e-01,-1.159944e-01
2.70250,0.329678,0.575225,-0.322666,-8.002897e-02,1.090954e-01,-1.158507e-01
2.70500,0.329479,0.575498,-0.322955,-7.992044e-02,1.092258e-01,-1.157073e-01
2.70750,0.329279,0.575771,-0.323244,-7.981191e-02,1.093560e-01,-1.155638e-01
2.71000,0.329080,0.576045,-0.323533,-7.970347e-02,1.094859e-01,-1.154203e-01
2.71250,0.328881,0.576319,-0.323821,-7.959521e-02,1.096158e-01,-1.152764e-01
2.71500,0.328682,0.576593,-0.324109,-7.948721e-02,1.097455e-01,-1.151324e-01
2.71750,0.328484,0.576868,-0.324396,-7.937954e-02,1.098753e-01,-1.149879e-01
2.72000,0.328285,0.577143,-0.324683,-7.927226e-02,1.100051e-01,-1.148429e-01
2.72250,0.328087,0.577418,-0.324970,-7.916538e-02,1.101352e-01,-1.146976e-01
2.72500,0.327890,0.577694,-0.325257,-7.905896e-02,1.102655e-01,-1.145521e-01
2.72750,0.327692,0.577970,-0.325543,-7.895304e-02,1.103961e-01,-1.144067e-01
2.73000,0.327495,0.578246,-0.325828,-7.884764e-02,1.105271e-01,-1.142612e-01
2.73250,0.327298,0.578523,-0.326113,-7.874272e-02,1.106585e-01,-1.141155e-01
2.73500,0.327102,0.578800,-0.326398,-7.863832e-02,1.107904e-01,-1.139694e-01
2.73750,0.326906,0.579077,-0.326683,-7.853435e-02,1.109229e-01,-1.138226e-01
2.74000,0.326709,0.579355,-0.326967,-7.843083e-02,1.110562e-01,-1.136750e-01
2.74250,0.326514,0.579633,-0.327251,-7.832772e-02,1.111903e-01,-1.135269e-01
2.74500,0.326318,0.579911,-0.327534,-7.822499e-02,1.113253e-01,-1.133785e-01
2.74750,0.326123,0.580190,-0.327818,-7.812261e-02,1.114612e-01,-1.132295e-01
2.75000,0.325928,0.580469,-0.328100,-7.802055e-02,1.115983e-01,-1.130802e-01
2.75250,0.325733,0.580748,-0.328383,-7.791881e-02,1.117364e-01,-1.129304e-01
2.75500,0.325538,0.581028,-0.328664,-7.781739e-02,1.118757e-01,-1.127802e-01
2.75750,0.325344,0.581308,-0.328946,-7.771633e-02,1.120163e-01,-1.126299e-01
2.76000,0.325150,0.581588,-0.329227,-7.761569e-02,1.121581e-01,-1.124793e-01
2.76250,0.324956,0.581869,-0.329508,-7.751547e-02,1.123012e-01,-1.123287e-01
2.76500,0.324763,0.582150,-0.329789,-7.741572e-02,1.124454e-01,-1.121783e-01
2.76750,0.324569,0.582432,-0.330069,-7.731634e-02,1.125908e-01,-1.120281e-01
2.77000,0.324376,0.582713,-0.330348,-7.721730e-02,1.127372e-01,-1.118781e-01
2.77250,0.324184,0.582996,-0.330628,-7.711858e-02,1.128845e-01,-1.117284e-01
2.77500,0.323991,0.583278,-0.330907,-7.702011e-02,1.130324e-01,-1.115791e-01
2.77750,0.323799,0.583561,-0.331185,-7.692184e-02,1.131807e-01,-1.114309e-01
2.78000,0.323607,0.583844,-0.331463,-7.682379e-02,1.133292e-01,-1.112843e-01
2.78250,0.323415,0.584128,-0.331741,-7.672593e-02,1.134777e-01,-1.111397e-01
2.78500,0.323223,0.584412,-0.332019,-7.662823e-02,1.136260e-01,-1.109975e-01
2.78750,0.323032,0.584697,-0.332296,-7.653067e-02,1.137737e-01,-1.108580e-01
2.79000,0.322841,0.584981,-0.332573,-7.643326e-02,1.139207e-01,-1.107219e-01
2.79250,0.322650,0.585267,-0.332849,-7.633603e-02,1.140669e-01,-1.105896e-01
2.79500,0.322459,0.585552,-0.333125,-7.623891e-02,1.142122e-01,-1.104616e-01
2.79750,0.322269,0.585838,-0.333401,-7.614189e-02,1.143564e-01,-1.103380e-01
2.80000,0.322079,0.586124,-0.333677,-7.604489e-02,1.144994e-01,-1.102185e-01
2.80250,0.321889,0.586411,-0.333952,-7.594793e-02,1.146411e-01,-1.101031e-01
2.80500,0.321700,0.586698,-0.334227,-7.585095e-02,1.147814e-01,-1.099916e-01
2.80750,0.321510,0.586985,-0.334502,-7.575397e-02,1.149202e-01,-1.098836e-01
2.81000,0.321321,0.587273,-0.334776,-7.565694e-02,1.150574e-01,-1.097787e-01
2.81250,0.321132,0.587561,-0.335050,-7.555981e-02,1.151930e-01,-1.096764e-01
2.81500,0.320943,0.587849,-0.335324,-7.546252e-02,1.153270e-01,-1.095766e-01
2.81750,0.320755,0.588138,-0.335598,-7.536506e-02,1.154594e-01,-1.094787e-01
2.82000,0.320567,0.588427,-0.335871,-7.526743e-02,1.155902e-01,-1.093829e-01
2.82250,0.320379,0.588716,-0.336145,-7.516960e-02,1.157194e-01,-1.092890e-01
2.82500,0.320191,0.589006,-0.336418,-7.507160e-02,1.158469e-01,-1.091970e-01
2.82750,0.320004,0.589296,-0.336690,-7.497345e-02,1.159729e-01,-1.091068e-01
2.83000,0.319817,0.589586,-0.336963,-7.487526e-02,1.160974e-01,-1.090180e-01
2.83250,0.319630,0.589876,-0.337235,-7.477698e-02,1.162204e-01,-1.089303e-01
2.83500,0.319443,0.590167,-0.337507,-7.467865e-02,1.163419e-01,-1.088435e-01
2.83750,0.319257,0.590458,-0.337779,-7.458023e-02,1.164620e-01,-1.087570e-01
2.84000,0.319070,0.590750,-0.338051,-7.448173e-02,1.165808e-01,-1.086707e-01
2.84250,0.318884,0.591042,-0.338322,-7.438311e-02,1.166983e-01,-1.085844e-01
2.84500,0.318699,0.591334,-0.338594,-7.428434e-02,1.168147e-01,-1.084979e-01
2.84750,0.318513,0.591626,-0.338865,-7.418541e-02,1.169302e-01,-1.084111e-01
2.85000,0.318328,0.591918,-0.339135,-7.408631e-02,1.170449e-01,-1.083240e-01
2.85250,0.318143,0.592211,-0.339406,-7.398701e-02,1.171589e-01,-1.082362e-01
2.85500,0.317958,0.592505,-0.339676,-7.388745e-02,1.172725e-01,-1.081478e-01
2.85750,0.317774,0.592798,-0.339947,-7.378757e-02,1.173856e-01,-1.080586e-01
2.86000,0.317590,0.593092,-0.340216,-7.368733e-02,1.174985e-01,-1.079689e-01
2.86250,0.317406,0.593386,-0.340486,-7.358670e-02,1.176113e-01,-1.078783e-01
2.86500,0.317222,0.593680,-0.340756,-7.348559e-02,1.177242e-01,-1.077869e-01
2.86750,0.317038,0.593975,-0.341025,-7.338391e-02,1.178373e-01,-1.076944e-01
2.87000,0.316855,0.594270,-0.341294,-7.328157e-02,1.179508e-01,-1.076007e-01
2.87250,0.316672,0.594565,-0.341563,-7.317851e-02,1.180648e-01,-1.075058e-01
2.87500,0.316490,0.594860,-0.341831,-7.307471e-02,1.181794e-01,-1.074095e-01
2.87750,0.316307,0.595156,-0.342099,-7.297016e-02,1.182946e-01,-1.073113e-01
2.88000,0.316125,0.595452,-0.342367,-7.286484e-02,1.184107e-01,-1.072114e-01
2.88250,0.315943,0.595748,-0.342635,-7.275872e-02,1.185277e-01,-1.071095e-01
2.88500,0.315762,0.596045,-0.342903,-7.265191e-02,1.186459e-01,-1.070059e-01
2.88750,0.315580,0.596342,-0.343170,-7.254436e-02,1.187652e-01,-1.069005e-01
2.89000,0.315399,0.596639,-0.343437,-7.243603e-02,1.188858e-01,-1.067936e-01
2.89250,0.315218,0.596937,-0.343704,-7.232695e-02,1.190081e-01,-1.066854e-01
2.89500,0.315038,0.597234,-0.343970,-7.221712e-02,1.191318e-01,-1.065762e-01
2.89750,0.314857,0.597533,-0.344236,-7.210649e-02,1.192574e-01,-1.064662e-01
2.90000,0.314677,0.597831,-0.344502,-7.199510e-02,1.193846e-01,-1.063556e-01
2.90250,0.314498,0.598130,-0.344768,-7.188300e-02,1.195135e-01,-1.062446e-01
2.90500,0.314318,0.598429,-0.345033,-7.177020e-02,1.196441e-01,-1.061336e-01
2.90750,0.314139,0.598728,-0.345298,-7.165670e-02,1.197761e-01,-1.060227e-01
2.91000,0.313960,0.599028,-0.345563,-7.154259e-02,1.199094e-01,-1.059130e-01
2.91250,0.313782,0.599328,-0.345827,-7.142789e-02,1.200437e-01,-1.058050e-01
2.91500,0.313603,0.599629,-0.346092,-7.131258e-02,1.201789e-01,-1.056998e-01
2.91750,0.313425,0.599929,-0.346356,-7.119671e-02,1.203149e-01,-1.055979e-01
2.92000,0.313248,0.600231,-0.346619,-7.108035e-02,1.204512e-01,-1.054995e-01
2.92250,0.313070,0.600532,-0.346883,-7.096358e-02,1.205878e-01,-1.054046e-01
2.92500,0.312893,0.600834,-0.347146,-7.084642e-02,1.207245e-01,-1.053135e-01
2.92750,0.312716,0.601136,-0.347409,-7.072894e-02,1.208611e-01,-1.052264e-01
2.93000,0.312540,0.601438,-0.347672,-7.061116e-02,1.209974e-01,-1.051432e-01
2.93250,0.312364,0.601741,-0.347935,-7.049321e-02,1.211332e-01,-1.050638e-01
2.93500,0.312188,0.602044,-0.348197,-7.037517e-02,1.212685e-01,-1.049880e-01
2.93750,0.312012,0.602348,-0.348460,-7.025717e-02,1.214031e-01,-1.049156e-01
2.94000,0.311837,0.602652,-0.348722,-7.013929e-02,1.215370e-01,-1.048463e-01
2.94250,0.311662,0.602956,-0.348984,-7.002158e-02,1.216702e-01,-1.047806e-01
2.94500,0.311487,0.603261,-0.349245,-6.990419e-02,1.218026e-01,-1.047184e-01
2.94750,0.311312,0.603565,-0.349507,-6.978719e-02,1.219341e-01,-1.046597e-01
2.95000,0.311138,0.603871,-0.349769,-6.967070e-02,1.220648e-01,-1.046043e-01
2.95250,0.310964,0.604176,-0.350030,-6.955479e-02,1.221946e-01,-1.045523e-01
2.95500,0.310791,0.604482,-0.350291,-6.943951e-02,1.223234e-01,-1.045035e-01
2.95750,0.310617,0.604788,-0.350552,-6.932488e-02,1.224512e-01,-1.044579e-01
2.96000,0.310444,0.605094,-0.350813,-6.921094e-02,1.225780e-01,-1.044156e-01
2.96250,0.310272,0.605401,-0.351074,-6.909768e-02,1.227038e-01,-1.043769e-01
2.96500,0.310099,0.605708,-0.351335,-6.898516e-02,1.228286e-01,-1.043412e-01
2.96750,0.309927,0.606016,-0.351596,-6.887337e-02,1.229524e-01,-1.043085e-01
2.97000,0.309755,0.606323,-0.351857,-6.876234e-02,1.230752e-01,-1.042786e-01
2.97250,0.309584,0.606631,-0.352117,-6.865200e-02,1.231970e-01,-1.042513e-01
2.97500,0.309412,0.606940,-0.352378,-6.854236e-02,1.233181e-01,-1.042264e-01
2.97750,0.309241,0.607248,-0.352638,-6.843337e-02,1.234385e-01,-1.042039e-01
2.98000,0.309070,0.607557,-0.352899,-6.832502e-02,1.235582e-01,-1.041834e-01
2.98250,0.308900,0.607866,-0.353159,-6.821724e-02,1.236774e-01,-1.041650e-01
2.98500,0.308729,0.608176,-0.353420,-6.810992e-02,1.237962e-01,-1.041486e-01
2.98750,0.308559,0.608486,-0.353680,-6.800298e-02,1.239148e-01,-1.041338e-01
2.99000,0.308390,0.608796,-0.353940,-6.789642e-02,1.240331e-01,-1.041204e-01
2.99250,0.308220,0.609106,-0.354201,-6.779016e-02,1.241514e-01,-1.041083e-01
2.99500,0.308051,0.609417,-0.354461,-6.768423e-02,1.242696e-01,-1.040970e-01
2.99750,0.307882,0.609728,-0.354721,-6.757856e-02,1.243879e-01,-1.040867e-01
3.00000,0.307713,0.610039,-0.354981,-6.747317e-02,1.245063e-01,-1.040771e-01
3.00250,0.307545,0.610350,-0.355241,-6.736803e-02,1.246249e-01,-1.040682e-01
3.00500,0.307377,0.610662,-0.355502,-6.726310e-02,1.247438e-01,-1.040601e-01
3.00750,0.307209,0.610974,-0.355762,-6.715835e-02,1.248632e-01,-1.040526e-01
3.01000,0.307041,0.611287,-0.356022,-6.705371e-02,1.249830e-01,-1.040453e-01
3.01250,0.306874,0.611600,-0.356282,-6.694906e-02,1.251036e-01,-1.040384e-01
3.01500,0.306707,0.611913,-0.356542,-6.684434e-02,1.252248e-01,-1.040315e-01
3.01750,0.306540,0.612226,-0.356802,-6.673947e-02,1.253468e-01,-1.040248e-01
3.02000,0.306373,0.612540,-0.357062,-6.663432e-02,1.254697e-01,-1.040181e-01
3.02250,0.306207,0.612854,-0.357322,-6.652885e-02,1.255934e-01,-1.040115e-01
3.02500,0.306041,0.613168,-0.357582,-6.642299e-02,1.257180e-01,-1.040045e-01
3.02750,0.305875,0.613483,-0.357842,-6.631671e-02,1.258435e-01,-1.039973e-01
3.03000,0.305710,0.613798,-0.358102,-6.620987e-02,1.259697e-01,-1.039893e-01
3.03250,0.305544,0.614113,-0.358362,-6.610257e-02,1.260966e-01,-1.039803e-01
3.03500,0.305379,0.614428,-0.358622,-6.599469e-02,1.262239e-01,-1.039703e-01
3.03750,0.305215,0.614744,-0.358882,-6.588627e-02,1.263515e-01,-1.039601e-01
3.04000,0.305050,0.615061,-0.359142,-6.577730e-02,1.264791e-01,-1.039504e-01
3.04250,0.304886,0.615377,-0.359402,-6.566780e-02,1.266066e-01,-1.039416e-01
3.04500,0.304722,0.615694,-0.359661,-6.555774e-02,1.267336e-01,-1.039345e-01
3.04750,0.304559,0.616011,-0.359921,-6.544712e-02,1.268599e-01,-1.039292e-01
3.05000,0.304395,0.616328,-0.360181,-6.533596e-02,1.269853e-01,-1.039265e-01
3.05250,0.304232,0.616646,-0.360441,-6.522430e-02,1.271095e-01,-1.039263e-01
3.05500,0.304069,0.616964,-0.360701,-6.511217e-02,1.272324e-01,-1.039284e-01
3.05750,0.303907,0.617283,-0.360961,-6.499960e-02,1.273539e-01,-1.039325e-01
3.06000,0.303745,0.617601,-0.361220,-6.488664e-02,1.274739e-01,-1.039384e-01
3.06250,0.303583,0.617920,-0.361480,-6.477326e-02,1.275923e-01,-1.039462e-01
3.06500,0.303421,0.618240,-0.361740,-6.465955e-02,1.277090e-01,-1.039557e-01
3.06750,0.303260,0.618559,-0.362000,-6.454552e-02,1.278241e-01,-1.039669e-01
3.07000,0.303099,0.618879,-0.362260,-6.443123e-02,1.279375e-01,-1.039795e-01
3.07250,0.302938,0.619199,-0.362520,-6.431670e-02,1.280494e-01,-1.039939e-01
3.07500,0.302777,0.619520,-0.362780,-6.420188e-02,1.281598e-01,-1.040100e-01
3.07750,0.302617,0.619840,-0.363040,-6.408682e-02,1.282686e-01,-1.040278e-01
3.08000,0.302457,0.620161,-0.363300,-6.397159e-02,1.283761e-01,-1.040469e-01
3.08250,0.302298,0.620482,-0.363560,-6.385619e-02,1.284824e-01,-1.040670e-01
3.08500,0.302138,0.620804,-0.363821,-6.374065e-02,1.285874e-01,-1.040884e-01
3.08750,0.301979,0.621126,-0.364081,-6.362490e-02,1.286912e-01,-1.041113e-01
3.09000,0.301820,0.621448,-0.364341,-6.350906e-02,1.287940e-01,-1.041358e-01
3.09250,0.301662,0.621770,-0.364602,-6.339306e-02,1.288958e-01,-1.041622e-01
3.09500,0.301504,0.622092,-0.364862,-6.327685e-02,1.289968e-01,-1.041907e-01
3.09750,0.301346,0.622415,-0.365123,-6.316046e-02,1.290970e-01,-1.042210e-01
3.10000,0.301188,0.622738,-0.365383,-6.304383e-02,1.291968e-01,-1.042528e-01
3.10250,0.301031,0.623061,-0.365644,-6.292702e-02,1.292961e-01,-1.042858e-01
3.10500,0.300874,0.623385,-0.365905,-6.281005e-02,1.293950e-01,-1.043193e-01
3.10750,0.300717,0.623708,-0.366166,-6.269288e-02,1.294937e-01,-1.043530e-01
3.11000,0.300561,0.624032,-0.366427,-6.257542e-02,1.295922e-01,-1.043870e-01
3.11250,0.300405,0.624357,-0.366688,-6.245768e-02,1.296909e-01,-1.044213e-01
3.11500,0.300249,0.624681,-0.366949,-6.233967e-02,1.297898e-01,-1.044557e-01
3.11750,0.300093,0.625006,-0.367210,-6.222132e-02,1.298890e-01,-1.044902e-01
3.12000,0.299938,0.625331,-0.367471,-6.210255e-02,1.299887e-01,-1.045249e-01
3.12250,0.299783,0.625656,-0.367733,-6.198331e-02,1.300890e-01,-1.045593e-01
3.12500,0.299628,0.625982,-0.367994,-6.186351e-02,1.301900e-01,-1.045935e-01
3.12750,0.299474,0.626307,-0.368256,-6.174314e-02,1.302920e-01,-1.046273e-01
3.13000,0.299320,0.626633,-0.368517,-6.162205e-02,1.303952e-01,-1.046607e-01
3.13250,0.299166,0.626960,-0.368779,-6.150014e-02,1.304995e-01,-1.046938e-01
3.13500,0.299013,0.627286,-0.369041,-6.137736e-02,1.306053e-01,-1.047265e-01
3.13750,0.298860,0.627613,-0.369303,-6.125378e-02,1.307126e-01,-1.047587e-01
3.14000,0.298707,0.627940,-0.369565,-6.112935e-02,1.308215e-01,-1.047903e-01
3.14250,0.298554,0.628267,-0.369827,-6.100403e-02,1.309321e-01,-1.048208e-01
3.14500,0.298402,0.628595,-0.370089,-6.087772e-02,1.310445e-01,-1.048504e-01
3.14750,0.298250,0.628923,-0.370351,-6.075047e-02,1.311586e-01,-1.048790e-01
3.15000,0.298099,0.629251,-0.370614,-6.062219e-02,1.312746e-01,-1.049074e-01
3.15250,0.297947,0.629579,-0.370876,-6.049293e-02,1.313923e-01,-1.049355e-01
3.15500,0.297796,0.629908,-0.371138,-6.036262e-02,1.315116e-01,-1.049640e-01
3.15750,0.297646,0.630237,-0.371401,-6.023132e-02,1.316322e-01,-1.049931e-01
3.16000,0.297496,0.630567,-0.371663,-6.009906e-02,1.317540e-01,-1.050239e-01
3.16250,0.297346,0.630896,-0.371926,-5.996600e-02,1.318766e-01,-1.050567e-01
3.16500,0.297196,0.631226,-0.372189,-5.983224e-02,1.319996e-01,-1.050914e-01
3.16750,0.297047,0.631557,-0.372451,-5.969802e-02,1.321228e-01,-1.051278e-01
3.17000,0.296898,0.631887,-0.372714,-5.956338e-02,1.322458e-01,-1.051668e-01
3.17250,0.296749,0.632218,-0.372977,-5.942842e-02,1.323686e-01,-1.052089e-01
3.17500,0.296601,0.632549,-0.373241,-5.929326e-02,1.324908e-01,-1.052546e-01
3.17750,0.296453,0.632881,-0.373504,-5.915800e-02,1.326122e-01,-1.053040e-01
3.18000,0.296306,0.633213,-0.373767,-5.902273e-02,1.327326e-01,-1.053570e-01
3.18250,0.296158,0.633545,-0.374031,-5.888749e-02,1.328521e-01,-1.054139e-01
3.18500,0.296012,0.633877,-0.374294,-5.875242e-02,1.329703e-01,-1.054741e-01
3.18750,0.295865,0.634210,-0.374558,-5.861757e-02,1.330873e-01,-1.055375e-01
3.19000,0.295719,0.634543,-0.374822,-5.848299e-02,1.332030e-01,-1.056037e-01
3.19250,0.295573,0.634876,-0.375086,-5.834873e-02,1.333174e-01,-1.056727e-01
3.19500,0.295427,0.635210,-0.375351,-5.821491e-02,1.334305e-01,-1.057441e-01
3.19750,0.295282,0.635544,-0.375615,-5.808144e-02,1.335423e-01,-1.058183e-01
3.20000,0.295137,0.635878,-0.375880,-5.794828e-02,1.336527e-01,-1.058954e-01
3.20250,0.294993,0.636212,-0.376145,-5.781548e-02,1.337618e-01,-1.059761e-01
3.20500,0.294849,0.636547,-0.376410,-5.768299e-02,1.338697e-01,-1.060605e-01
3.20750,0.294705,0.636882,-0.376676,-5.755072e-02,1.339762e-01,-1.061492e-01
3.21000,0.294561,0.637217,-0.376941,-5.741867e-02,1.340816e-01,-1.062420e-01
3.21250,0.294418,0.637553,-0.377207,-5.728680e-02,1.341858e-01,-1.063390e-01
3.21500,0.294275,0.637888,-0.377473,-5.715513e-02,1.342890e-01,-1.064407e-01
3.21750,0.294133,0.638224,-0.377740,-5.702357e-02,1.343912e-01,-1.065475e-01
3.22000,0.293990,0.638561,-0.378006,-5.689213e-02,1.344927e-01,-1.066595e-01
3.22250,0.293848,0.638897,-0.378273,-5.676075e-02,1.345937e-01,-1.067775e-01
3.22500,0.293707,0.639234,-0.378540,-5.662944e-02,1.346941e-01,-1.069011e-01
3.22750,0.293566,0.639571,-0.378808,-5.649815e-02,1.347941e-01,-1.070301e-01
3.23000,0.293425,0.639908,-0.379076,-5.636675e-02,1.348938e-01,-1.071642e-01
3.23250,0.293284,0.640245,-0.379344,-5.623525e-02,1.349935e-01,-1.073030e-01
3.23500,0.293144,0.640583,-0.379613,-5.610356e-02,1.350932e-01,-1.074465e-01
3.23750,0.293004,0.640921,-0.379882,-5.597162e-02,1.351931e-01,-1.075941e-01
3.24000,0.292864,0.641259,-0.380151,-5.583939e-02,1.352932e-01,-1.077457e-01
3.24250,0.292725,0.641598,-0.380421,-5.570678e-02,1.353938e-01,-1.079014e-01
3.24500,0.292586,0.641937,-0.380691,-5.557380e-02,1.354947e-01,-1.080607e-01
3.24750,0.292447,0.642276,-0.380962,-5.544034e-02,1.355961e-01,-1.082232e-01
3.25000,0.292309,0.642615,-0.381232,-5.530643e-02,1.356982e-01,-1.083879e-01
3.25250,0.292171,0.642954,-0.381504,-5.517206e-02,1.358012e-01,-1.085545e-01
3.25500,0.292034,0.643294,-0.381776,-5.503718e-02,1.359049e-01,-1.087222e-01
3.25750,0.291896,0.643634,-0.382048,-5.490174e-02,1.360096e-01,-1.088904e-01
3.26000,0.291760,0.643974,-0.382321,-5.476568e-02,1.361154e-01,-1.090595e-01
3.26250,0.291623,0.644315,-0.382594,-5.462900e-02,1.362223e-01,-1.092296e-01
3.26500,0.291487,0.644656,-0.382867,-5.449169e-02,1.363303e-01,-1.094003e-01
3.26750,0.291351,0.644997,-0.383141,-5.435375e-02,1.364392e-01,-1.095714e-01
3.27000,0.291215,0.645338,-0.383415,-5.421523e-02,1.365491e-01,-1.097429e-01
3.27250,0.291080,0.645680,-0.383690,-5.407609e-02,1.366598e-01,-1.099149e-01
3.27500,0.290945,0.646022,-0.383965,-5.393632e-02,1.367707e-01,-1.100877e-01
3.27750,0.290811,0.646364,-0.384241,-5.379599e-02,1.368818e-01,-1.102619e-01
3.28000,0.290677,0.646707,-0.384517,-5.365506e-02,1.369927e-01,-1.104380e-01
3.28250,0.290543,0.647049,-0.384794,-5.351359e-02,1.371031e-01,-1.106162e-01
3.28500,0.290409,0.647392,-0.385071,-5.337171e-02,1.372128e-01,-1.107958e-01
3.28750,0.290276,0.647736,-0.385348,-5.322946e-02,1.373216e-01,-1.109767e-01
3.29000,0.290144,0.648079,-0.385626,-5.308688e-02,1.374293e-01,-1.111586e-01
3.29250,0.290011,0.648423,-0.385904,-5.294403e-02,1.375355e-01,-1.113410e-01
3.29500,0.289879,0.648767,-0.386183,-5.280106e-02,1.376401e-01,-1.115233e-01
3.29750,0.289748,0.649112,-0.386462,-5.265796e-02,1.377432e-01,-1.117051e-01
3.30000,0.289616,0.649456,-0.386742,-5.251489e-02,1.378443e-01,-1.118860e-01
3.30250,0.289485,0.649801,-0.387022,-5.237173e-02,1.379436e-01,-1.120661e-01
3.30500,0.289355,0.650146,-0.387303,-5.222861e-02,1.380410e-01,-1.122456e-01
3.30750,0.289225,0.650491,-0.387584,-5.208559e-02,1.381364e-01,-1.124246e-01
3.31000,0.289095,0.650837,-0.387866,-5.194264e-02,1.382298e-01,-1.126032e-01
3.31250,0.288965,0.651183,-0.388147,-5.179962e-02,1.383213e-01,-1.127817e-01
3.31500,0.288836,0.651529,-0.388430,-5.165652e-02,1.384109e-01,-1.129603e-01
3.31750,0.288707,0.651875,-0.388713,-5.151330e-02,1.384988e-01,-1.131400e-01
3.32000,0.288579,0.652222,-0.388996,-5.136980e-02,1.385853e-01,-1.133223e-01
3.32250,0.288451,0.652568,-0.389280,-5.122592e-02,1.386703e-01,-1.135087e-01
3.32500,0.288323,0.652915,-0.389564,-5.108176e-02,1.387540e-01,-1.136996e-01
3.32750,0.288196,0.653262,-0.389849,-5.093727e-02,1.388366e-01,-1.138957e-01
3.33000,0.288069,0.653609,-0.390134,-5.079229e-02,1.389184e-01,-1.140975e-01
3.33250,0.287942,0.653957,-0.390420,-5.064671e-02,1.389993e-01,-1.143052e-01
3.33500,0.287816,0.654305,-0.390706,-5.050063e-02,1.390796e-01,-1.145181e-01
3.33750,0.287690,0.654653,-0.390993,-5.035390e-02,1.391595e-01,-1.147365e-01
3.34000,0.287565,0.655001,-0.391280,-5.020656e-02,1.392390e-01,-1.149606e-01
3.34250,0.287439,0.655349,-0.391568,-5.005862e-02,1.393184e-01,-1.151899e-01
3.34500,0.287315,0.655697,-0.391857,-4.991003e-02,1.393977e-01,-1.154244e-01
3.34750,0.287190,0.656046,-0.392146,-4.976077e-02,1.394771e-01,-1.156635e-01
3.35000,0.287066,0.656395,-0.392436,-4.961075e-02,1.395567e-01,-1.159072e-01
3.35250,0.286943,0.656744,-0.392726,-4.945999e-02,1.396366e-01,-1.161546e-01
3.35500,0.286819,0.657093,-0.393017,-4.930845e-02,1.397169e-01,-1.164050e-01
3.35750,0.286696,0.657443,-0.393309,-4.915607e-02,1.397978e-01,-1.166580e-01
3.36000,0.286574,0.657793,-0.393601,-4.900276e-02,1.398794e-01,-1.169131e-01
3.36250,0.286452,0.658143,-0.393894,-4.884860e-02,1.399619e-01,-1.171698e-01
3.36500,0.286330,0.658493,-0.394188,-4.869353e-02,1.400453e-01,-1.174275e-01
3.36750,0.286209,0.658843,-0.394482,-4.853747e-02,1.401297e-01,-1.176858e-01
3.37000,0.286088,0.659194,-0.394777,-4.838029e-02,1.402152e-01,-1.179448e-01
3.37250,0.285967,0.659544,-0.395072,-4.822192e-02,1.403020e-01,-1.182044e-01
3.37500,0.285847,0.659895,-0.395368,-4.806233e-02,1.403902e-01,-1.184648e-01
3.37750,0.285727,0.660246,-0.395665,-4.790138e-02,1.404798e-01,-1.187262e-01
3.38000,0.285608,0.660598,-0.395963,-4.773916e-02,1.405706e-01,-1.189887e-01
3.38250,0.285489,0.660950,-0.396261,-4.757574e-02,1.406625e-01,-1.192517e-01
3.38500,0.285370,0.661301,-0.396560,-4.741127e-02,1.407554e-01,-1.195142e-01
3.38750,0.285252,0.661654,-0.396859,-4.724577e-02,1.408489e-01,-1.197763e-01
3.39000,0.285135,0.662006,-0.397159,-4.707927e-02,1.409428e-01,-1.200383e-01
3.39250,0.285017,0.662358,-0.397460,-4.691195e-02,1.410369e-01,-1.202998e-01
3.39500,0.284901,0.662711,-0.397761,-4.674393e-02,1.411310e-01,-1.205616e-01
3.39750,0.284784,0.663064,-0.398063,-4.657523e-02,1.412248e-01,-1.208241e-01
3.40000,0.284668,0.663418,-0.398366,-4.640610e-02,1.413180e-01,-1.210872e-01
3.40250,0.284552,0.663771,-0.398669,-4.623660e-02,1.414102e-01,-1.213510e-01
3.40500,0.284437,0.664125,-0.398973,-4.606688e-02,1.415013e-01,-1.216151e-01
3.40750,0.284323,0.664479,-0.399278,-4.589708e-02,1.415912e-01,-1.218790e-01
3.41000,0.284208,0.664833,-0.399584,-4.572725e-02,1.416797e-01,-1.221421e-01
3.41250,0.284094,0.665188,-0.399890,-4.555749e-02,1.417667e-01,-1.224039e-01
3.41500,0.283981,0.665542,-0.400196,-4.538788e-02,1.418520e-01,-1.226639e-01
3.41750,0.283868,0.665897,-0.400503,-4.521849e-02,1.419356e-01,-1.229219e-01
3.42000,0.283755,0.666252,-0.400811,-4.504933e-02,1.420175e-01,-1.231777e-01
3.42250,0.283643,0.666607,-0.401120,-4.488034e-02,1.420978e-01,-1.234323e-01
3.42500,0.283531,0.666963,-0.401429,-4.471158e-02,1.421766e-01,-1.236859e-01
3.42750,0.283420,0.667318,-0.401739,-4.454295e-02,1.422540e-01,-1.239395e-01
3.43000,0.283309,0.667674,-0.402050,-4.437441e-02,1.423299e-01,-1.241942e-01
3.43250,0.283198,0.668030,-0.402361,-4.420557e-02,1.424045e-01,-1.244526e-01
3.43500,0.283088,0.668386,-0.402672,-4.403639e-02,1.424777e-01,-1.247153e-01
3.43750,0.282979,0.668743,-0.402985,-4.386665e-02,1.425495e-01,-1.249838e-01
3.44000,0.282869,0.669099,-0.403298,-4.369619e-02,1.426199e-01,-1.252584e-01
3.44250,0.282761,0.669456,-0.403612,-4.352502e-02,1.426892e-01,-1.255388e-01
3.44500,0.282652,0.669813,-0.403927,-4.335294e-02,1.427573e-01,-1.258253e-01
3.44750,0.282544,0.670170,-0.404242,-4.317983e-02,1.428244e-01,-1.261186e-01
3.45000,0.282437,0.670527,-0.404558,-4.300561e-02,1.428907e-01,-1.264191e-01
3.45250,0.282330,0.670885,-0.404875,-4.282995e-02,1.429563e-01,-1.267273e-01
3.45500,0.282223,0.671242,-0.405192,-4.265275e-02,1.430215e-01,-1.270438e-01
3.45750,0.282117,0.671600,-0.405511,-4.247400e-02,1.430864e-01,-1.273682e-01
3.46000,0.282011,0.671958,-0.405830,-4.229370e-02,1.431511e-01,-1.277004e-01
3.46250,0.281906,0.672316,-0.406150,-4.211166e-02,1.432158e-01,-1.280402e-01
3.46500,0.281801,0.672674,-0.406471,-4.192795e-02,1.432806e-01,-1.283870e-01
3.46750,0.281697,0.673032,-0.406793,-4.174265e-02,1.433459e-01,-1.287408e-01
3.47000,0.281593,0.673391,-0.407116,-4.155568e-02,1.434117e-01,-1.291010e-01
3.47250,0.281489,0.673750,-0.407439,-4.136703e-02,1.434783e-01,-1.294676e-01
3.47500,0.281386,0.674108,-0.407764,-4.117664e-02,1.435459e-01,-1.298405e-01
3.47750,0.281284,0.674467,-0.408089,-4.098472e-02,1.436145e-01,-1.302189e-01
3.48000,0.281182,0.674827,-0.408416,-4.079131e-02,1.436843e-01,-1.306023e-01
3.48250,0.281081,0.675186,-0.408743,-4.059653e-02,1.437553e-01,-1.309896e-01
3.48500,0.280980,0.675546,-0.409072,-4.040030e-02,1.438276e-01,-1.313806e-01
3.48750,0.280879,0.675905,-0.409401,-4.020262e-02,1.439012e-01,-1.317748e-01
3.49000,0.280779,0.676265,-0.409732,-4.000360e-02,1.439760e-01,-1.321717e-01
3.49250,0.280679,0.676625,-0.410063,-3.980324e-02,1.440519e-01,-1.325708e-01
3.49500,0.280580,0.676986,-0.410396,-3.960160e-02,1.441287e-01,-1.329725e-01
3.49750,0.280482,0.677346,-0.410729,-3.939886e-02,1.442062e-01,-1.333765e-01
3.50000,0.280384,0.677707,-0.411063,-3.919513e-02,1.442843e-01,-1.337834e-01
3.50250,0.280287,0.678068,-0.411399,-3.899077e-02,1.443624e-01,-1.341922e-01
3.50500,0.280190,0.678429,-0.411735,-3.878598e-02,1.444402e-01,-1.346016e-01
3.50750,0.280093,0.678790,-0.412073,-3.858087e-02,1.445174e-01,-1.350110e-01
3.51000,0.279997,0.679152,-0.412412,-3.837547e-02,1.445938e-01,-1.354203e-01
3.51250,0.279902,0.679513,-0.412751,-3.816998e-02,1.446689e-01,-1.358281e-01
3.51500,0.279807,0.679875,-0.413092,-3.796452e-02,1.447424e-01,-1.362333e-01
3.51750,0.279712,0.680237,-0.413433,-3.775916e-02,1.448142e-01,-1.366350e-01
3.52000,0.279619,0.680600,-0.413776,-3.755381e-02,1.448840e-01,-1.370330e-01
3.52250,0.279525,0.680962,-0.414119,-3.734856e-02,1.449519e-01,-1.374271e-01
3.52500,0.279432,0.681325,-0.414464,-3.714346e-02,1.450178e-01,-1.378168e-01
3.52750,0.279340,0.681687,-0.414809,-3.693847e-02,1.450816e-01,-1.382020e-01
3.53000,0.279248,0.682050,-0.415156,-3.673355e-02,1.451432e-01,-1.385824e-01
3.53250,0.279157,0.682413,-0.415503,-3.652849e-02,1.452028e-01,-1.389587e-01
3.53500,0.279066,0.682776,-0.415852,-3.632317e-02,1.452602e-01,-1.393321e-01
3.53750,0.278976,0.683140,-0.416201,-3.611745e-02,1.453157e-01,-1.397045e-01
3.54000,0.278886,0.683503,-0.416551,-3.591085e-02,1.453692e-01,-1.400781e-01
3.54250,0.278797,0.683867,-0.416902,-3.570315e-02,1.454205e-01,-1.404557e-01
3.54500,0.278708,0.684230,-0.417254,-3.549419e-02,1.454696e-01,-1.408387e-01
3.54750,0.278620,0.684594,-0.417607,-3.528382e-02,1.455168e-01,-1.412287e-01
3.55000,0.278532,0.684958,-0.417962,-3.507154e-02,1.455622e-01,-1.416281e-01
3.55250,0.278445,0.685322,-0.418317,-3.485717e-02,1.456061e-01,-1.420385e-01
3.55500,0.278358,0.685686,-0.418673,-3.464057e-02,1.456487e-01,-1.424606e-01
3.55750,0.278272,0.686050,-0.419030,-3.442152e-02,1.456898e-01,-1.428953e-01
3.56000,0.278187,0.686415,-0.419388,-3.420023e-02,1.457300e-01,-1.433418e-01
3.56250,0.278102,0.686779,-0.419748,-3.397647e-02,1.457692e-01,-1.438009e-01
3.56500,0.278017,0.687144,-0.420109,-3.375027e-02,1.458082e-01,-1.442732e-01
3.56750,0.277934,0.687508,-0.420470,-3.352136e-02,1.458468e-01,-1.447599e-01
3.57000,0.277850,0.687873,-0.420834,-3.329010e-02,1.458852e-01,-1.452603e-01
3.57250,0.277768,0.688238,-0.421198,-3.305650e-02,1.459237e-01,-1.457744e-01
3.57500,0.277686,0.688603,-0.421564,-3.282075e-02,1.459624e-01,-1.463006e-01
3.57750,0.277604,0.688968,-0.421931,-3.258284e-02,1.460012e-01,-1.468387e-01
3.58000,0.277523,0.689333,-0.422299,-3.234288e-02,1.460403e-01,-1.473866e-01
3.58250,0.277443,0.689698,-0.422669,-3.210111e-02,1.460799e-01,-1.479424e-01
3.58500,0.277363,0.690063,-0.423040,-3.185783e-02,1.461201e-01,-1.485035e-01
3.58750,0.277284,0.690429,-0.423413,-3.161291e-02,1.461612e-01,-1.490693e-01
3.59000,0.277206,0.690794,-0.423787,-3.136635e-02,1.462033e-01,-1.496391e-01
3.59250,0.277128,0.691160,-0.424163,-3.111831e-02,1.462463e-01,-1.502129e-01
3.59500,0.277051,0.691525,-0.424540,-3.086899e-02,1.462901e-01,-1.507891e-01
3.59750,0.276975,0.691891,-0.424918,-3.061869e-02,1.463348e-01,-1.513661e-01
3.60000,0.276899,0.692257,-0.425298,-3.036748e-02,1.463802e-01,-1.519428e-01
3.60250,0.276823,0.692623,-0.425679,-3.011559e-02,1.464259e-01,-1.525174e-01
3.60500,0.276749,0.692989,-0.426062,-2.986285e-02,1.464717e-01,-1.530894e-01
3.60750,0.276675,0.693356,-0.426446,-2.960945e-02,1.465172e-01,-1.536569e-01
3.61000,0.276601,0.693722,-0.426832,-2.935520e-02,1.465619e-01,-1.542198e-01
3.61250,0.276529,0.694089,-0.427219,-2.910031e-02,1.466056e-01,-1.547764e-01
3.61500,0.276456,0.694455,-0.427607,-2.884477e-02,1.466482e-01,-1.553260e-01
3.61750,0.276385,0.694822,-0.427997,-2.858867e-02,1.466894e-01,-1.558666e-01
3.62000,0.276314,0.695189,-0.428388,-2.833209e-02,1.467289e-01,-1.563969e-01
3.62250,0.276244,0.695556,-0.428780,-2.807507e-02,1.467663e-01,-1.569158e-01
3.62500,0.276174,0.695923,-0.429173,-2.781784e-02,1.468015e-01,-1.574224e-01
3.62750,0.276105,0.696290,-0.429568,-2.756037e-02,1.468344e-01,-1.579160e-01
3.63000,0.276037,0.696657,-0.429964,-2.730253e-02,1.468646e-01,-1.583968e-01
3.63250,0.275970,0.697024,-0.430361,-2.704454e-02,1.468924e-01,-1.588650e-01
3.63500,0.275903,0.697392,-0.430760,-2.678601e-02,1.469177e-01,-1.593222e-01
3.63750,0.275836,0.697759,-0.431159,-2.652691e-02,1.469403e-01,-1.597699e-01
3.64000,0.275771,0.698126,-0.431560,-2.626693e-02,1.469603e-01,-1.602112e-01
3.64250,0.275706,0.698494,-0.431961,-2.600596e-02,1.469779e-01,-1.606489e-01
3.64500,0.275641,0.698861,-0.432364,-2.574366e-02,1.469933e-01,-1.610870e-01
3.64750,0.275578,0.699229,-0.432768,-2.547929e-02,1.470064e-01,-1.615304e-01
3.65000,0.275515,0.699596,-0.433173,-2.521245e-02,1.470175e-01,-1.619833e-01
3.65250,0.275452,0.699964,-0.433579,-2.494323e-02,1.470270e-01,-1.624477e-01
3.65500,0.275391,0.700331,-0.433986,-2.467109e-02,1.470349e-01,-1.629263e-01
3.65750,0.275330,0.700699,-0.434395,-2.439607e-02,1.470416e-01,-1.634209e-01
3.66000,0.275269,0.701067,-0.434805,-2.411762e-02,1.470471e-01,-1.639351e-01
3.66250,0.275210,0.701434,-0.435216,-2.383595e-02,1.470515e-01,-1.644696e-01
3.66500,0.275151,0.701802,-0.435628,-2.355105e-02,1.470548e-01,-1.650257e-01
3.66750,0.275093,0.702170,-0.436042,-2.326277e-02,1.470572e-01,-1.656042e-01
3.67000,0.275035,0.702537,-0.436458,-2.297104e-02,1.470588e-01,-1.662049e-01
3.67250,0.274978,0.702905,-0.436875,-2.267618e-02,1.470599e-01,-1.668260e-01
3.67500,0.274923,0.703272,-0.437294,-2.237794e-02,1.470606e-01,-1.674674e-01
3.67750,0.274867,0.703640,-0.437714,-2.207649e-02,1.470613e-01,-1.681276e-01
3.68000,0.274813,0.704008,-0.438136,-2.177177e-02,1.470621e-01,-1.688068e-01
3.68250,0.274759,0.704375,-0.438560,-2.146423e-02,1.470632e-01,-1.695032e-01
3.68500,0.274706,0.704743,-0.438985,-2.115392e-02,1.470645e-01,-1.702158e-01
3.68750,0.274654,0.705111,-0.439413,-2.084089e-02,1.470664e-01,-1.709427e-01
3.69000,0.274603,0.705478,-0.439842,-2.052532e-02,1.470690e-01,-1.716819e-01
3.69250,0.274552,0.705846,-0.440273,-2.020747e-02,1.470721e-01,-1.724307e-01
3.69500,0.274503,0.706214,-0.440706,-1.988787e-02,1.470758e-01,-1.731851e-01
3.69750,0.274454,0.706582,-0.441141,-1.956655e-02,1.470799e-01,-1.739420e-01
3.70000,0.274406,0.706949,-0.441577,-1.924337e-02,1.470842e-01,-1.746993e-01
3.70250,0.274358,0.707317,-0.442016,-1.891849e-02,1.470883e-01,-1.754561e-01
3.70500,0.274312,0.707685,-0.442457,-1.859210e-02,1.470923e-01,-1.762100e-01
3.70750,0.274266,0.708052,-0.442899,-1.826395e-02,1.470956e-01,-1.769601e-01
3.71000,0.274221,0.708420,-0.443343,-1.793480e-02,1.470983e-01,-1.777022e-01
3.71250,0.274177,0.708788,-0.443789,-1.760457e-02,1.470998e-01,-1.784349e-01
3.71500,0.274134,0.709156,-0.444237,-1.727377e-02,1.470999e-01,-1.791544e-01
3.71750,0.274092,0.709523,-0.444687,-1.694257e-02,1.470984e-01,-1.798591e-01
3.72000,0.274050,0.709891,-0.445138,-1.661083e-02,1.470948e-01,-1.805480e-01
3.72250,0.274010,0.710259,-0.445591,-1.627903e-02,1.470886e-01,-1.812192e-01
3.72500,0.273970,0.710627,-0.446046,-1.594703e-02,1.470796e-01,-1.818725e-01
3.72750,0.273931,0.710994,-0.446502,-1.561484e-02,1.470674e-01,-1.825067e-01
3.73000,0.273893,0.711362,-0.446960,-1.528228e-02,1.470513e-01,-1.831214e-01
3.73250,0.273855,0.711729,-0.447419,-1.494967e-02,1.470313e-01,-1.837150e-01
3.73500,0.273819,0.712097,-0.447880,-1.461702e-02,1.470077e-01,-1.842877e-01
3.73750,0.273783,0.712464,-0.448342,-1.428429e-02,1.469802e-01,-1.848382e-01
3.74000,0.273748,0.712832,-0.448806,-1.395141e-02,1.469492e-01,-1.853681e-01
3.74250,0.273714,0.713199,-0.449270,-1.361812e-02,1.469148e-01,-1.858799e-01
3.74500,0.273681,0.713566,-0.449736,-1.328430e-02,1.468772e-01,-1.863781e-01
3.74750,0.273648,0.713933,-0.450203,-1.294942e-02,1.468373e-01,-1.868683e-01
3.75000,0.273617,0.714300,-0.450672,-1.261328e-02,1.467953e-01,-1.873565e-01
3.75250,0.273586,0.714667,-0.451141,-1.227523e-02,1.467518e-01,-1.878509e-01
3.75500,0.273556,0.715034,-0.451612,-1.193443e-02,1.467065e-01,-1.883590e-01
3.75750,0.273527,0.715401,-0.452085,-1.159107e-02,1.466593e-01,-1.888839e-01
3.76000,0.273499,0.715767,-0.452558,-1.124432e-02,1.466102e-01,-1.894293e-01
3.76250,0.273472,0.716134,-0.453033,-1.089385e-02,1.465594e-01,-1.899972e-01
3.76500,0.273446,0.716500,-0.453510,-1.053944e-02,1.465078e-01,-1.905906e-01
3.76750,0.273420,0.716866,-0.453988,-1.018082e-02,1.464554e-01,-1.912109e-01
3.77000,0.273396,0.717232,-0.454467,-9.817063e-03,1.464022e-01,-1.918603e-01
3.77250,0.273372,0.717598,-0.454949,-9.448668e-03,1.463485e-01,-1.925385e-01
3.77500,0.273349,0.717964,-0.455432,-9.075558e-03,1.462946e-01,-1.932451e-01
3.77750,0.273328,0.718329,-0.455917,-8.697782e-03,1.462408e-01,-1.939781e-01
3.78000,0.273307,0.718695,-0.456403,-8.315100e-03,1.461870e-01,-1.947379e-01
3.78250,0.273287,0.719060,-0.456892,-7.927836e-03,1.461336e-01,-1.955237e-01
3.78500,0.273268,0.719425,-0.457383,-7.536155e-03,1.460804e-01,-1.963352e-01
3.78750,0.273250,0.719790,-0.457876,-7.140170e-03,1.460275e-01,-1.971714e-01
3.79000,0.273233,0.720155,-0.458371,-6.739968e-03,1.459746e-01,-1.980298e-01
3.79250,0.273218,0.720520,-0.458868,-6.335209e-03,1.459222e-01,-1.989095e-01
3.79500,0.273203,0.720885,-0.459368,-5.926392e-03,1.458703e-01,-1.998071e-01
3.79750,0.273189,0.721249,-0.459870,-5.513526e-03,1.458187e-01,-2.007189e-01
3.80000,0.273176,0.721614,-0.460374,-5.097226e-03,1.457673e-01,-2.016406e-01
3.80250,0.273165,0.721978,-0.460880,-4.677235e-03,1.457161e-01,-2.025700e-01
3.80500,0.273154,0.722342,-0.461389,-4.254055e-03,1.456650e-01,-2.035039e-01
3.80750,0.273144,0.722706,-0.461900,-3.828673e-03,1.456133e-01,-2.044370e-01
3.81000,0.273136,0.723070,-0.462414,-3.401167e-03,1.455605e-01,-2.053658e-01
3.81250,0.273128,0.723434,-0.462929,-2.972165e-03,1.455063e-01,-2.062856e-01
3.81500,0.273122,0.723797,-0.463447,-2.541893e-03,1.454506e-01,-2.071931e-01
3.81750,0.273117,0.724161,-0.463967,-2.110333e-03,1.453928e-01,-2.080851e-01
3.82000,0.273113,0.724524,-0.464490,-1.677930e-03,1.453323e-01,-2.089584e-01
3.82250,0.273110,0.724887,-0.465014,-1.244686e-03,1.452676e-01,-2.098096e-01
3.82500,0.273107,0.725250,-0.465541,-8.114896e-04,1.451987e-01,-2.106337e-01
3.82750,0.273107,0.725613,-0.466070,-3.780818e-04,1.451256e-01,-2.114275e-01
3.83000,0.273107,0.725976,-0.466600,5.476894e-05,1.450478e-01,-2.121853e-01
3.83250,0.273108,0.726338,-0.467132,4.871295e-04,1.449651e-01,-2.129060e-01
3.83500,0.273110,0.726700,-0.467666,9.185993e-04,1.448773e-01,-2.135887e-01
3.83750,0.273114,0.727062,-0.468202,1.348996e-03,1.447842e-01,-2.142341e-01
3.84000,0.273118,0.727424,-0.468739,1.778156e-03,1.446861e-01,-2.148440e-01
3.84250,0.273124,0.727786,-0.469277,2.206189e-03,1.445824e-01,-2.154199e-01
3.84500,0.273130,0.728147,-0.469817,2.632662e-03,1.444736e-01,-2.159626e-01
3.84750,0.273138,0.728508,-0.470359,3.058379e-03,1.443599e-01,-2.164757e-01
3.85000,0.273146,0.728868,-0.470901,3.483235e-03,1.442413e-01,-2.169613e-01
3.85250,0.273156,0.729229,-0.471445,3.907462e-03,1.441181e-01,-2.174240e-01
3.85500,0.273167,0.729589,-0.471989,4.331645e-03,1.439910e-01,-2.178697e-01
3.85750,0.273179,0.729948,-0.472535,4.756380e-03,1.438611e-01,-2.183069e-01
3.86000,0.273192,0.730308,-0.473082,5.182676e-03,1.437288e-01,-2.187467e-01
3.86250,0.273206,0.730666,-0.473630,5.611620e-03,1.435945e-01,-2.192000e-01
3.86500,0.273221,0.731025,-0.474179,6.044108e-03,1.434593e-01,-2.196748e-01
3.86750,0.273237,0.731383,-0.474729,6.480341e-03,1.433236e-01,-2.201752e-01
3.87000,0.273255,0.731741,-0.475281,6.921300e-03,1.431877e-01,-2.207061e-01
3.87250,0.273273,0.732099,-0.475834,7.367339e-03,1.430521e-01,-2.212710e-01
3.87500,0.273293,0.732456,-0.476389,7.819345e-03,1.429165e-01,-2.218740e-01
3.87750,0.273313,0.732813,-0.476945,8.276975e-03,1.427812e-01,-2.225141e-01
3.88000,0.273335,0.733170,-0.477503,8.741088e-03,1.426464e-01,-2.231952e-01
3.88250,0.273358,0.733526,-0.478063,9.211887e-03,1.425120e-01,-2.239162e-01
3.88500,0.273382,0.733882,-0.478625,9.688531e-03,1.423781e-01,-2.246747e-01
3.88750,0.273408,0.734238,-0.479189,1.017171e-02,1.422455e-01,-2.254700e-01
3.89000,0.273434,0.734593,-0.479754,1.066139e-02,1.421143e-01,-2.263015e-01
3.89250,0.273462,0.734948,-0.480322,1.115774e-02,1.419844e-01,-2.271690e-01
3.89500,0.273491,0.735303,-0.480892,1.165992e-02,1.418557e-01,-2.280694e-01
3.89750,0.273522,0.735657,-0.481465,1.216756e-02,1.417283e-01,-2.289996e-01
3.90000,0.273554,0.736011,-0.482040,1.268077e-02,1.416023e-01,-2.299576e-01
3.90250,0.273587,0.736365,-0.482617,1.319938e-02,1.414774e-01,-2.309415e-01
3.90500,0.273621,0.736718,-0.483197,1.372275e-02,1.413536e-01,-2.319488e-01
3.90750,0.273656,0.737071,-0.483779,1.425018e-02,1.412305e-01,-2.329744e-01
3.91000,0.273693,0.737424,-0.484364,1.478111e-02,1.411079e-01,-2.340120e-01
3.91250,0.273732,0.737776,-0.484952,1.531501e-02,1.409848e-01,-2.350547e-01
3.91500,0.273771,0.738128,-0.485542,1.585160e-02,1.408608e-01,-2.360965e-01
3.91750,0.273812,0.738480,-0.486135,1.639077e-02,1.407349e-01,-2.371315e-01
3.92000,0.273855,0.738832,-0.486731,1.693188e-02,1.406064e-01,-2.381537e-01
3.92250,0.273898,0.739183,-0.487328,1.747423e-02,1.404747e-01,-2.391579e-01
3.92500,0.273943,0.739534,-0.487929,1.801703e-02,1.403391e-01,-2.401388e-01
3.92750,0.273990,0.739884,-0.488531,1.855991e-02,1.401994e-01,-2.410901e-01
3.93000,0.274038,0.740235,-0.489137,1.910230e-02,1.400547e-01,-2.420066e-01
3.93250,0.274087,0.740584,-0.489744,1.964351e-02,1.399045e-01,-2.428821e-01
3.93500,0.274137,0.740934,-0.490353,2.018353e-02,1.397481e-01,-2.437111e-01
3.93750,0.274189,0.741283,-0.490964,2.072165e-02,1.395845e-01,-2.444863e-01
3.94000,0.274242,0.741631,-0.491577,2.125807e-02,1.394135e-01,-2.452055e-01
3.94250,0.274297,0.741979,-0.492192,2.179193e-02,1.392342e-01,-2.458636e-01
3.94500,0.274352,0.742327,-0.492808,2.232281e-02,1.390462e-01,-2.464586e-01
3.94750,0.274409,0.742674,-0.493425,2.285021e-02,1.388500e-01,-2.469873e-01
3.95000,0.274468,0.743021,-0.494044,2.337467e-02,1.386453e-01,-2.474523e-01
3.95250,0.274528,0.743367,-0.494664,2.389598e-02,1.384325e-01,-2.478541e-01
3.95500,0.274589,0.743712,-0.495284,2.441430e-02,1.382118e-01,-2.481974e-01
3.95750,0.274651,0.744057,-0.495905,2.492949e-02,1.379840e-01,-2.484866e-01
3.96000,0.274715,0.744402,-0.496527,2.544214e-02,1.377501e-01,-2.487309e-01
3.96250,0.274780,0.744745,-0.497150,2.595269e-02,1.375113e-01,-2.489406e-01
3.96500,0.274846,0.745088,-0.497772,2.646194e-02,1.372688e-01,-2.491296e-01
3.96750,0.274913,0.745431,-0.498396,2.697118e-02,1.370236e-01,-2.493128e-01
3.97000,0.274982,0.745773,-0.499020,2.748138e-02,1.367766e-01,-2.495037e-01
3.97250,0.275052,0.746114,-0.499644,2.799334e-02,1.365288e-01,-2.497149e-01
3.97500,0.275123,0.746455,-0.500269,2.850800e-02,1.362810e-01,-2.499579e-01
3.97750,0.275196,0.746795,-0.500894,2.902609e-02,1.360342e-01,-2.502425e-01
3.98000,0.275269,0.747135,-0.501521,2.954845e-02,1.357895e-01,-2.505766e-01
3.98250,0.275345,0.747473,-0.502148,3.007643e-02,1.355469e-01,-2.509677e-01
3.98500,0.275421,0.747812,-0.502777,3.061056e-02,1.353066e-01,-2.514195e-01
3.98750,0.275499,0.748149,-0.503407,3.115146e-02,1.350690e-01,-2.519349e-01
3.99000,0.275578,0.748486,-0.504038,3.169896e-02,1.348348e-01,-2.525161e-01
3.99250,0.275659,0.748823,-0.504671,3.225327e-02,1.346041e-01,-2.531647e-01
3.99500,0.275741,0.749159,-0.505305,3.281451e-02,1.343768e-01,-2.538818e-01
3.99750,0.275824,0.749494,-0.505942,3.338216e-02,1.341527e-01,-2.546669e-01
4.00000,0.275909,0.749829,-0.506581,3.395601e-02,1.339308e-01,-2.555182e-01
4.00250,0.275996,0.750163,-0.507222,3.453564e-02,1.337110e-01,-2.564307e-01
4.00500,0.276083,0.750497,-0.507865,3.512083e-02,1.334936e-01,-2.573968e-01
4.00750,0.276173,0.750830,-0.508512,3.571144e-02,1.332772e-01,-2.584086e-01
4.01000,0.276264,0.751163,-0.509160,3.630727e-02,1.330627e-01,-2.594585e-01
4.01250,0.276356,0.751495,-0.509812,3.690675e-02,1.328499e-01,-2.605378e-01
4.01500,0.276450,0.751827,-0.510466,3.751028e-02,1.326386e-01,-2.616431e-01
4.01750,0.276545,0.752158,-0.511123,3.811731e-02,1.324285e-01,-2.627687e-01
4.02000,0.276642,0.752488,-0.511782,3.872737e-02,1.322190e-01,-2.639099e-01
4.02250,0.276740,0.752818,-0.512445,3.934017e-02,1.320100e-01,-2.650627e-01
4.02500,0.276840,0.753148,-0.513111,3.995508e-02,1.318014e-01,-2.662218e-01
4.02750,0.276941,0.753477,-0.513779,4.057184e-02,1.315928e-01,-2.673821e-01
4.03000,0.277044,0.753805,-0.514450,4.119021e-02,1.313830e-01,-2.685363e-01
4.03250,0.277149,0.754133,-0.515125,4.181017e-02,1.311705e-01,-2.696777e-01
4.03500,0.277255,0.754461,-0.515802,4.243021e-02,1.309539e-01,-2.707970e-01
4.03750,0.277363,0.754787,-0.516481,4.305070e-02,1.307332e-01,-2.718897e-01
4.04000,0.277472,0.755114,-0.517164,4.367003e-02,1.305072e-01,-2.729399e-01
4.04250,0.277582,0.755439,-0.517848,4.428766e-02,1.302751e-01,-2.739378e-01
4.04500,0.277695,0.755764,-0.518536,4.490265e-02,1.300355e-01,-2.748706e-01
4.04750,0.277808,0.756089,-0.519225,4.551376e-02,1.297883e-01,-2.757309e-01
4.05000,0.277924,0.756413,-0.519916,4.612054e-02,1.295322e-01,-2.765123e-01
4.05250,0.278041,0.756736,-0.520609,4.672299e-02,1.292669e-01,-2.772134e-01
4.05500,0.278159,0.757058,-0.521304,4.732010e-02,1.289904e-01,-2.778283e-01
4.05750,0.278279,0.757380,-0.522000,4.791044e-02,1.287025e-01,-2.783512e-01
4.06000,0.278400,0.757701,-0.522697,4.849462e-02,1.284030e-01,-2.787808e-01
4.06250,0.278523,0.758021,-0.523394,4.907187e-02,1.280906e-01,-2.791150e-01
4.06500,0.278647,0.758341,-0.524093,4.964209e-02,1.277654e-01,-2.793545e-01
4.06750,0.278772,0.758659,-0.524792,5.020471e-02,1.274276e-01,-2.795015e-01
4.07000,0.278899,0.758977,-0.525490,5.076003e-02,1.270786e-01,-2.795629e-01
4.07250,0.279027,0.759294,-0.526189,5.130830e-02,1.267185e-01,-2.795453e-01
4.07500,0.279157,0.759610,-0.526888,5.184964e-02,1.263494e-01,-2.794591e-01
4.07750,0.279288,0.759925,-0.527586,5.238537e-02,1.259718e-01,-2.793148e-01
4.08000,0.279420,0.760239,-0.528284,5.291517e-02,1.255871e-01,-2.791224e-01
4.08250,0.279554,0.760552,-0.528981,5.344052e-02,1.251977e-01,-2.788978e-01
4.08500,0.279689,0.760864,-0.529678,5.396164e-02,1.248051e-01,-2.786563e-01
4.08750,0.279825,0.761175,-0.530374,5.447989e-02,1.244120e-01,-2.784210e-01
4.09000,0.279962,0.761485,-0.531070,5.499714e-02,1.240197e-01,-2.782153e-01
4.09250,0.280101,0.761794,-0.531765,5.551462e-02,1.236289e-01,-2.780597e-01
4.09500,0.280241,0.762102,-0.532460,5.603371e-02,1.232409e-01,-2.779659e-01
4.09750,0.280383,0.762409,-0.533154,5.655618e-02,1.228562e-01,-2.779454e-01
4.10000,0.280525,0.762715,-0.533849,5.708273e-02,1.224764e-01,-2.780038e-01
4.10250,0.280669,0.763021,-0.534545,5.761466e-02,1.221017e-01,-2.781487e-01
4.10500,0.280815,0.763325,-0.535241,5.815276e-02,1.217340e-01,-2.783838e-01
4.10750,0.280962,0.763628,-0.535938,5.869904e-02,1.213725e-01,-2.787103e-01
4.11000,0.281110,0.763931,-0.536635,5.925345e-02,1.210174e-01,-2.791248e-01
4.11250,0.281259,0.764232,-0.537334,5.981728e-02,1.206683e-01,-2.796224e-01
4.11500,0.281410,0.764533,-0.538035,6.039019e-02,1.203262e-01,-2.801936e-01
4.11750,0.281563,0.764833,-0.538737,6.097402e-02,1.199919e-01,-2.808373e-01
4.12000,0.281717,0.765132,-0.539441,6.156924e-02,1.196655e-01,-2.815507e-01
4.12250,0.281872,0.765431,-0.540147,6.217498e-02,1.193462e-01,-2.823266e-01
4.12500,0.282029,0.765728,-0.540855,6.279072e-02,1.190334e-01,-2.831587e-01
4.12750,0.282188,0.766025,-0.541565,6.341671e-02,1.187266e-01,-2.840421e-01
4.13000,0.282348,0.766321,-0.542277,6.405297e-02,1.184278e-01,-2.849718e-01
4.13250,0.282509,0.766617,-0.542992,6.469939e-02,1.181364e-01,-2.859408e-01
4.13500,0.282673,0.766911,-0.543709,6.535594e-02,1.178520e-01,-2.869441e-01
4.13750,0.282838,0.767205,-0.544429,6.602182e-02,1.175743e-01,-2.879710e-01
4.14000,0.283005,0.767498,-0.545152,6.669659e-02,1.173032e-01,-2.890155e-01
4.14250,0.283173,0.767791,-0.545877,6.738022e-02,1.170390e-01,-2.900737e-01
4.14500,0.283343,0.768083,-0.546605,6.807173e-02,1.167807e-01,-2.911436e-01
4.14750,0.283515,0.768374,-0.547335,6.877117e-02,1.165276e-01,-2.922229e-01
4.15000,0.283689,0.768665,-0.548069,6.947731e-02,1.162786e-01,-2.933062e-01
4.15250,0.283864,0.768750,-0.548805,7.019014e-02,1.160322e-01,-2.943845e-01
4.15500,0.284040,0.768750,-0.549541,7.043183e-02,1.159542e-01,-2.945175e-01
4.15750,0.284218,0.768750,-0.550277,7.086256e-02,1.157941e-01,-2.945887e-01
4.16000,0.284396,0.768750,-0.551013,7.117156e-02,1.156964e-01,-2.942452e-01
4.16250,0.284574,0.768750,-0.551748,7.147268e-02,1.156186e-01,-2.938969e-01
4.16500,0.284753,0.768750,-0.552481,7.170629e-02,1.155807e-01,-2.933004e-01
4.16750,0.284933,0.768750,-0.553213,7.192838e-02,1.155626e-01,-2.927169e-01
4.17000,0.285114,0.768750,-0.553943,7.212419e-02,1.155674e-01,-2.919940e-01
4.17250,0.285294,0.768750,-0.554671,7.231804e-02,1.155863e-01,-2.912961e-01
4.17500,0.285476,0.768750,-0.555397,7.250704e-02,1.156187e-01,-2.905229e-01
4.17750,0.285657,0.768750,-0.556122,7.270111e-02,1.156607e-01,-2.897717e-01
4.18000,0.285840,0.768750,-0.556844,7.289985e-02,1.157119e-01,-2.889764e-01
4.18250,0.286022,0.768750,-0.557565,7.310706e-02,1.157705e-01,-2.881974e-01
4.18500,0.286206,0.768750,-0.558283,7.332173e-02,1.158358e-01,-2.873907e-01
4.18750,0.286390,0.768750,-0.559000,7.354446e-02,1.159068e-01,-2.865929e-01
4.19000,0.286574,0.768750,-0.559714,7.377460e-02,1.159829e-01,-2.857760e-01
4.19250,0.286759,0.768750,-0.560427,7.401223e-02,1.160632e-01,-2.849644e-01
4.19500,0.286945,0.768750,-0.561137,7.425636e-02,1.161473e-01,-2.841413e-01
4.19750,0.287131,0.768750,-0.561845,7.450715e-02,1.162348e-01,-2.833225e-01
4.20000,0.287318,0.768750,-0.562551,7.476315e-02,1.163252e-01,-2.824972e-01
4.20250,0.287505,0.768750,-0.563256,7.502429e-02,1.164182e-01,-2.816774e-01
4.20500,0.287694,0.768750,-0.563958,7.528950e-02,1.165133e-01,-2.808570e-01
4.20750,0.287883,0.768750,-0.564658,7.555878e-02,1.166107e-01,-2.800453e-01
4.21000,0.288072,0.768750,-0.565356,7.583152e-02,1.167099e-01,-2.792404e-01
4.21250,0.288262,0.768750,-0.566052,7.610764e-02,1.168105e-01,-2.784478e-01
4.21500,0.288453,0.768750,-0.566746,7.638709e-02,1.169126e-01,-2.776654e-01
4.21750,0.288645,0.768750,-0.567439,7.666964e-02,1.170162e-01,-2.768996e-01
4.22000,0.288837,0.768750,-0.568129,7.695513e-02,1.171211e-01,-2.761495e-01
4.22250,0.289031,0.768750,-0.568817,7.724294e-02,1.172266e-01,-2.754154e-01
4.22500,0.289224,0.768750,-0.569504,7.753338e-02,1.173326e-01,-2.746971e-01
4.22750,0.289419,0.768750,-0.570189,7.782616e-02,1.174390e-01,-2.739960e-01
4.23000,0.289614,0.768750,-0.570872,7.811999e-02,1.175456e-01,-2.733112e-01
4.23250,0.289810,0.768750,-0.571554,7.841534e-02,1.176520e-01,-2.726450e-01
4.23500,0.290007,0.768750,-0.572234,7.871175e-02,1.177582e-01,-2.719976e-01
4.23750,0.290205,0.768750,-0.572912,7.900888e-02,1.178638e-01,-2.713663e-01
4.24000,0.290403,0.768750,-0.573589,7.930674e-02,1.179691e-01,-2.707520e-01
4.24250,0.290602,0.768750,-0.574265,7.960492e-02,1.180738e-01,-2.701535e-01
4.24500,0.290802,0.768750,-0.574939,7.990257e-02,1.181778e-01,-2.695709e-01
4.24750,0.291002,0.768750,-0.575611,8.019959e-02,1.182807e-01,-2.690026e-01
4.25000,0.291203,0.768750,-0.576282,8.049638e-02,1.183821e-01,-2.684495e-01
4.25250,0.291405,0.768750,-0.576952,8.079172e-02,1.184818e-01,-2.679079e-01
4.25500,0.291608,0.768750,-0.577621,8.108504e-02,1.185798e-01,-2.673788e-01
4.25750,0.291811,0.768750,-0.578288,8.137570e-02,1.186766e-01,-2.668669e-01
4.26000,0.292016,0.768750,-0.578954,8.166297e-02,1.187717e-01,-2.663744e-01
4.26250,0.292221,0.768750,-0.579618,8.194665e-02,1.188654e-01,-2.659060e-01
4.26500,0.292426,0.768750,-0.580282,8.222609e-02,1.189573e-01,-2.654627e-01
4.26750,0.292632,0.768750,-0.580945,8.250161e-02,1.190476e-01,-2.650472e-01
4.27000,0.292839,0.768750,-0.581606,8.277263e-02,1.191360e-01,-2.646604e-01
4.27250,0.293047,0.768750,-0.582267,8.303911e-02,1.192221e-01,-2.643033e-01
4.27500,0.293255,0.768750,-0.582927,8.330094e-02,1.193057e-01,-2.639734e-01
4.27750,0.293464,0.768750,-0.583586,8.355829e-02,1.193864e-01,-2.636675e-01
4.28000,0.293674,0.768750,-0.584245,8.380980e-02,1.194639e-01,-2.633825e-01
4.28250,0.293884,0.768750,-0.584902,8.405602e-02,1.195383e-01,-2.631183e-01
4.28500,0.294094,0.768750,-0.585560,8.429633e-02,1.196093e-01,-2.628736e-01
4.28750,0.294306,0.768750,-0.586216,8.453131e-02,1.196771e-01,-2.626490e-01
4.29000,0.294518,0.768750,-0.586872,8.476050e-02,1.197416e-01,-2.624449e-01
4.29250,0.294730,0.768750,-0.587528,8.498370e-02,1.198028e-01,-2.622609e-01
4.29500,0.294943,0.768750,-0.588183,8.520085e-02,1.198604e-01,-2.620962e-01
4.29750,0.295157,0.768750,-0.588838,8.541168e-02,1.199142e-01,-2.619482e-01
4.30000,0.295371,0.768750,-0.589493,8.561604e-02,1.199640e-01,-2.618152e-01
4.30250,0.295585,0.768750,-0.590147,8.581311e-02,1.200095e-01,-2.616967e-01
4.30500,0.295800,0.768750,-0.590801,8.600393e-02,1.200506e-01,-2.615919e-01
4.30750,0.296016,0.768750,-0.591455,8.618884e-02,1.200871e-01,-2.614986e-01
4.31000,0.296232,0.768750,-0.592108,8.636835e-02,1.201191e-01,-2.614158e-01
4.31250,0.296448,0.768750,-0.592761,8.654316e-02,1.201461e-01,-2.613400e-01
4.31500,0.296665,0.768750,-0.593415,8.671360e-02,1.201679e-01,-2.612673e-01
4.31750,0.296882,0.768750,-0.594068,8.687962e-02,1.201841e-01,-2.611911e-01
4.32000,0.297100,0.768750,-0.594720,8.704010e-02,1.201946e-01,-2.611077e-01
4.32250,0.297318,0.768750,-0.595373,8.719547e-02,1.201998e-01,-2.610178e-01
4.32500,0.297536,0.768750,-0.596025,8.734665e-02,1.201995e-01,-2.609225e-01
4.32750,0.297755,0.768750,-0.596677,8.749293e-02,1.201935e-01,-2.608200e-01
4.33000,0.297974,0.768750,-0.597329,8.763500e-02,1.201818e-01,-2.607093e-01
4.33250,0.298193,0.768750,-0.597981,8.777339e-02,1.201648e-01,-2.605900e-01
4.33500,0.298413,0.768750,-0.598632,8.790913e-02,1.201426e-01,-2.604645e-01
4.33750,0.298633,0.768750,-0.599283,8.804154e-02,1.201154e-01,-2.603348e-01
4.34000,0.298853,0.768750,-0.599933,8.817131e-02,1.200831e-01,-2.601996e-01
4.34250,0.299074,0.768750,-0.600583,8.829924e-02,1.200456e-01,-2.600560e-01
4.34500,0.299295,0.768750,-0.601233,8.842639e-02,1.200031e-01,-2.599010e-01
4.34750,0.299517,0.768750,-0.601882,8.855433e-02,1.199558e-01,-2.597285e-01
4.35000,0.299738,0.768750,-0.602531,8.868289e-02,1.199040e-01,-2.595356e-01
4.35250,0.299960,0.768750,-0.603179,8.881192e-02,1.198480e-01,-2.593183e-01
4.35500,0.300183,0.768750,-0.603827,8.894210e-02,1.197882e-01,-2.590764e-01
4.35750,0.300405,0.768750,-0.604474,8.907466e-02,1.197251e-01,-2.588085e-01
4.36000,0.300628,0.768750,-0.605120,8.921012e-02,1.196594e-01,-2.585177e-01
4.36250,0.300852,0.768750,-0.605766,8.934845e-02,1.195910e-01,-2.582041e-01
4.36500,0.301076,0.768750,-0.606411,8.949061e-02,1.195205e-01,-2.578686e-01
4.36750,0.301300,0.768750,-0.607054,8.963654e-02,1.194482e-01,-2.575099e-01
4.37000,0.301524,0.768750,-0.607697,8.978564e-02,1.193748e-01,-2.571293e-01
4.37250,0.301749,0.768750,-0.608339,8.993839e-02,1.193004e-01,-2.567276e-01
4.37500,0.301974,0.768750,-0.608980,9.009358e-02,1.192258e-01,-2.563099e-01
4.37750,0.302200,0.768750,-0.609619,9.025088e-02,1.191510e-01,-2.558793e-01
4.38000,0.302426,0.768750,-0.610258,9.040897e-02,1.190763e-01,-2.554412e-01
4.38250,0.302652,0.768750,-0.610896,9.056755e-02,1.190024e-01,-2.550024e-01
4.38500,0.302879,0.768750,-0.611532,9.072655e-02,1.189293e-01,-2.545706e-01
4.38750,0.303106,0.768750,-0.612167,9.088615e-02,1.188573e-01,-2.541491e-01
4.39000,0.303334,0.768750,-0.612802,9.104672e-02,1.187864e-01,-2.537419e-01
4.39250,0.303562,0.768750,-0.613435,9.120699e-02,1.187168e-01,-2.533492e-01
4.39500,0.303790,0.768750,-0.614068,9.136717e-02,1.186486e-01,-2.529730e-01
4.39750,0.304019,0.768750,-0.614699,9.152822e-02,1.185819e-01,-2.526137e-01
4.40000,0.304248,0.768750,-0.615330,9.168970e-02,1.185167e-01,-2.522687e-01
4.40250,0.304478,0.768750,-0.615960,9.185252e-02,1.184530e-01,-2.519358e-01
4.40500,0.304708,0.768750,-0.616589,9.201598e-02,1.183904e-01,-2.516103e-01
4.40750,0.304939,0.768750,-0.617217,9.217998e-02,1.183292e-01,-2.512908e-01
4.41000,0.305169,0.768750,-0.617844,9.234323e-02,1.182686e-01,-2.509721e-01
4.41250,0.305401,0.768750,-0.618471,9.250638e-02,1.182093e-01,-2.506554e-01
4.41500,0.305632,0.768750,-0.619097,9.266900e-02,1.181505e-01,-2.503356e-01
4.41750,0.305864,0.768750,-0.619722,9.283053e-02,1.180923e-01,-2.500124e-01
4.42000,0.306097,0.768750,-0.620346,9.299120e-02,1.180344e-01,-2.496827e-01
4.42250,0.306330,0.768750,-0.620969,9.315112e-02,1.179769e-01,-2.493454e-01
4.42500,0.306563,0.768750,-0.621592,9.331085e-02,1.179199e-01,-2.490000e-01
4.42750,0.306797,0.768750,-0.622213,9.346995e-02,1.178635e-01,-2.486495e-01
4.43000,0.307031,0.768750,-0.622834,9.362771e-02,1.178079e-01,-2.482955e-01
4.43250,0.307265,0.768750,-0.623454,9.378427e-02,1.177535e-01,-2.479428e-01
4.43500,0.307500,0.768750,-0.624073,9.393952e-02,1.177003e-01,-2.475941e-01
4.43750,0.307735,0.768750,-0.624691,9.409382e-02,1.176483e-01,-2.472534e-01
4.44000,0.307971,0.768750,-0.625308,9.424709e-02,1.175974e-01,-2.469204e-01
4.44250,0.308207,0.768750,-0.625925,9.439955e-02,1.175474e-01,-2.465945e-01
4.44500,0.308443,0.768750,-0.626541,9.455099e-02,1.174979e-01,-2.462719e-01
4.44750,0.308680,0.768750,-0.627156,9.470121e-02,1.174486e-01,-2.459496e-01
4.45000,0.308917,0.768750,-0.627770,9.485083e-02,1.173993e-01,-2.456250e-01
4.45250,0.309155,0.768750,-0.628383,9.499754e-02,1.173500e-01,-2.452987e-01
4.45500,0.309393,0.768750,-0.628995,9.514333e-02,1.173009e-01,-2.449725e-01
4.45750,0.309631,0.768750,-0.629607,9.528710e-02,1.172515e-01,-2.446455e-01
4.46000,0.309869,0.768750,-0.630218,9.542944e-02,1.172019e-01,-2.443173e-01
4.46250,0.310108,0.768750,-0.630828,9.557041e-02,1.171516e-01,-2.439852e-01
4.46500,0.310348,0.768750,-0.631437,9.570983e-02,1.171004e-01,-2.436453e-01
4.46750,0.310587,0.768750,-0.632045,9.584777e-02,1.170482e-01,-2.432929e-01
4.47000,0.310827,0.768750,-0.632652,9.598463e-02,1.169948e-01,-2.429285e-01
4.47250,0.311067,0.768750,-0.633259,9.611951e-02,1.169403e-01,-2.425547e-01
4.47500,0.311308,0.768750,-0.633864,9.625351e-02,1.168848e-01,-2.421760e-01
4.47750,0.311549,0.768750,-0.634469,9.638692e-02,1.168282e-01,-2.417947e-01
4.48000,0.311790,0.768750,-0.635072,9.652090e-02,1.167703e-01,-2.414096e-01
4.48250,0.312032,0.768750,-0.635675,9.665554e-02,1.167107e-01,-2.410153e-01
4.48500,0.312274,0.768750,-0.636276,9.679128e-02,1.166492e-01,-2.406063e-01
4.48750,0.312516,0.768750,-0.636877,9.692797e-02,1.165860e-01,-2.401802e-01
4.49000,0.312759,0.768750,-0.637476,9.706533e-02,1.165215e-01,-2.397395e-01
4.49250,0.313002,0.768750,-0.638074,9.720371e-02,1.164554e-01,-2.392844e-01
4.49500,0.313245,0.768750,-0.638671,9.734293e-02,1.163877e-01,-2.388160e-01
4.49750,0.313489,0.768750,-0.639267,9.748350e-02,1.163185e-01,-2.383341e-01
4.50000,0.313733,0.768750,-0.639862,9.762712e-02,1.162480e-01,-2.378412e-01
4.50250,0.313977,0.768750,-0.640455,9.777327e-02,1.161762e-01,-2.373387e-01
4.50500,0.314222,0.768750,-0.641047,9.792114e-02,1.161030e-01,-2.368298e-01
4.50750,0.314467,0.768750,-0.641638,9.807182e-02,1.160285e-01,-2.363171e-01
4.51000,0.314713,0.768750,-0.642227,9.822559e-02,1.159526e-01,-2.358035e-01
4.51250,0.314959,0.768750,-0.642816,9.838402e-02,1.158757e-01,-2.352899e-01
4.51500,0.315205,0.768750,-0.643403,9.854726e-02,1.157976e-01,-2.347742e-01
4.51750,0.315452,0.768750,-0.643988,9.871439e-02,1.157186e-01,-2.342565e-01
4.52000,0.315699,0.768750,-0.644573,9.888607e-02,1.156390e-01,-2.337341e-01
4.52250,0.315947,0.768750,-0.645156,9.906333e-02,1.155592e-01,-2.332107e-01
4.52500,0.316195,0.768750,-0.645737,9.924632e-02,1.154789e-01,-2.326846e-01
4.52750,0.316444,0.768750,-0.646318,9.943466e-02,1.153983e-01,-2.321570e-01
4.53000,0.316693,0.768750,-0.646897,9.962846e-02,1.153171e-01,-2.316237e-01
4.53250,0.316942,0.768750,-0.647474,9.982698e-02,1.152354e-01,-2.310841e-01
4.53500,0.317192,0.768750,-0.648051,1.000296e-01,1.151539e-01,-2.305403e-01
4.53750,0.317443,0.768750,-0.648626,1.002362e-01,1.150726e-01,-2.299973e-01
4.54000,0.317694,0.768750,-0.649199,1.004450e-01,1.149918e-01,-2.294633e-01
4.54250,0.317946,0.768750,-0.649772,1.006553e-01,1.149115e-01,-2.289441e-01
4.54500,0.318198,0.768750,-0.650343,1.008660e-01,1.148322e-01,-2.284492e-01
4.54750,0.318451,0.768750,-0.650913,1.010767e-01,1.147539e-01,-2.279865e-01
4.55000,0.318704,0.768750,-0.651482,1.012867e-01,1.146765e-01,-2.275626e-01
4.55250,0.318958,0.768750,-0.652050,1.014969e-01,1.146003e-01,-2.271809e-01
4.55500,0.319212,0.768750,-0.652617,1.017053e-01,1.145249e-01,-2.268411e-01
4.55750,0.319467,0.768750,-0.653183,1.019122e-01,1.144501e-01,-2.265414e-01
4.56000,0.319722,0.768750,-0.653749,1.021183e-01,1.143760e-01,-2.262798e-01
4.56250,0.319978,0.768750,-0.654314,1.023231e-01,1.143022e-01,-2.260485e-01
4.56500,0.320234,0.768750,-0.654879,1.025273e-01,1.142281e-01,-2.258409e-01
4.56750,0.320491,0.768750,-0.655443,1.027298e-01,1.141533e-01,-2.256496e-01
4.57000,0.320748,0.768750,-0.656006,1.029296e-01,1.140775e-01,-2.254696e-01
4.57250,0.321006,0.768750,-0.656570,1.031262e-01,1.140008e-01,-2.252967e-01
4.57500,0.321264,0.768750,-0.657133,1.033201e-01,1.139230e-01,-2.251280e-01
4.57750,0.321523,0.768750,-0.657695,1.035100e-01,1.138435e-01,-2.249593e-01
4.58000,0.321782,0.768750,-0.658257,1.036965e-01,1.137620e-01,-2.247904e-01
4.58250,0.322042,0.768750,-0.658818,1.038800e-01,1.136785e-01,-2.246165e-01
4.58500,0.322302,0.768750,-0.659380,1.040606e-01,1.135930e-01,-2.244373e-01
4.58750,0.322563,0.768750,-0.659940,1.042382e-01,1.135060e-01,-2.242550e-01
4.59000,0.322824,0.768750,-0.660500,1.044117e-01,1.134173e-01,-2.240714e-01
4.59250,0.323085,0.768750,-0.661060,1.045818e-01,1.133274e-01,-2.238906e-01
4.59500,0.323347,0.768750,-0.661619,1.047482e-01,1.132360e-01,-2.237136e-01
4.59750,0.323609,0.768750,-0.662178,1.049117e-01,1.131432e-01,-2.235427e-01
4.60000,0.323872,0.768750,-0.662737,1.050723e-01,1.130485e-01,-2.233759e-01
4.60250,0.324135,0.768750,-0.663295,1.052300e-01,1.129519e-01,-2.232117e-01
4.60500,0.324399,0.768750,-0.663852,1.053847e-01,1.128529e-01,-2.230459e-01
4.60750,0.324662,0.768750,-0.664409,1.055368e-01,1.127512e-01,-2.228740e-01
4.61000,0.324927,0.768750,-0.664966,1.056856e-01,1.126469e-01,-2.226956e-01
4.61250,0.325191,0.768750,-0.665522,1.058313e-01,1.125403e-01,-2.225104e-01
4.61500,0.325456,0.768750,-0.666078,1.059743e-01,1.124314e-01,-2.223205e-01
4.61750,0.325721,0.768750,-0.666634,1.061146e-01,1.123204e-01,-2.221271e-01
4.62000,0.325987,0.768750,-0.667188,1.062528e-01,1.122078e-01,-2.219312e-01
4.62250,0.326253,0.768750,-0.667743,1.063894e-01,1.120933e-01,-2.217309e-01
4.62500,0.326519,0.768750,-0.668297,1.065247e-01,1.119773e-01,-2.215232e-01
4.62750,0.326786,0.768750,-0.668850,1.066582e-01,1.118594e-01,-2.213070e-01
4.63000,0.327053,0.768750,-0.669403,1.067907e-01,1.117402e-01,-2.210845e-01
4.63250,0.327320,0.768750,-0.669955,1.069239e-01,1.116196e-01,-2.208524e-01
4.63500,0.327588,0.768750,-0.670506,1.070583e-01,1.114978e-01,-2.206096e-01
4.63750,0.327856,0.768750,-0.671057,1.071949e-01,1.113746e-01,-2.203503e-01
4.64000,0.328124,0.768750,-0.671607,1.073335e-01,1.112500e-01,-2.200684e-01
4.64250,0.328393,0.768750,-0.672157,1.074735e-01,1.111235e-01,-2.197600e-01
4.64500,0.328662,0.768750,-0.672705,1.076137e-01,1.109961e-01,-2.194298e-01
4.64750,0.328931,0.768750,-0.673253,1.077562e-01,1.108681e-01,-2.190845e-01
4.65000,0.329201,0.768750,-0.673800,1.078997e-01,1.107392e-01,-2.187273e-01
4.65250,0.329471,0.768750,-0.674346,1.080455e-01,1.106097e-01,-2.183615e-01
4.65500,0.329742,0.768750,-0.674891,1.081939e-01,1.104796e-01,-2.179874e-01
4.65750,0.330013,0.768750,-0.675435,1.083451e-01,1.103496e-01,-2.176133e-01
4.66000,0.330284,0.768750,-0.675978,1.084999e-01,1.102195e-01,-2.172367e-01
4.66250,0.330556,0.768750,-0.676520,1.086590e-01,1.100893e-01,-2.168557e-01
4.66500,0.330828,0.768750,-0.677061,1.088242e-01,1.099592e-01,-2.164639e-01
4.66750,0.331100,0.768750,-0.677601,1.089950e-01,1.098296e-01,-2.160610e-01
4.67000,0.331373,0.768750,-0.678140,1.091709e-01,1.097004e-01,-2.156469e-01
4.67250,0.331646,0.768750,-0.678678,1.093522e-01,1.095719e-01,-2.152212e-01
4.67500,0.331920,0.768750,-0.679215,1.095392e-01,1.094442e-01,-2.147828e-01
4.67750,0.332195,0.768750,-0.679751,1.097321e-01,1.093179e-01,-2.143372e-01
4.68000,0.332469,0.768750,-0.680286,1.099312e-01,1.091926e-01,-2.138837e-01
4.68250,0.332745,0.768750,-0.680819,1.101360e-01,1.090684e-01,-2.134232e-01
4.68500,0.333021,0.768750,-0.681352,1.103460e-01,1.089451e-01,-2.129579e-01
4.68750,0.333297,0.768750,-0.681883,1.105593e-01,1.088229e-01,-2.124915e-01
4.69000,0.333574,0.768750,-0.682413,1.107753e-01,1.087020e-01,-2.120318e-01
4.69250,0.333851,0.768750,-0.682942,1.109940e-01,1.085824e-01,-2.115823e-01
4.69500,0.334129,0.768750,-0.683470,1.112134e-01,1.084639e-01,-2.111475e-01
4.69750,0.334408,0.768750,-0.683997,1.114327e-01,1.083468e-01,-2.107327e-01
4.70000,0.334687,0.768750,-0.684523,1.116513e-01,1.082312e-01,-2.103441e-01
4.70250,0.334967,0.768750,-0.685048,1.118685e-01,1.081173e-01,-2.099871e-01
4.70500,0.335247,0.768750,-0.685572,1.120845e-01,1.080046e-01,-2.096642e-01
4.70750,0.335528,0.768750,-0.686095,1.122984e-01,1.078933e-01,-2.093799e-01
4.71000,0.335809,0.768750,-0.686618,1.125107e-01,1.077829e-01,-2.091292e-01
4.71250,0.336091,0.768750,-0.687140,1.127209e-01,1.076730e-01,-2.089092e-01
4.71500,0.336373,0.768750,-0.687662,1.129298e-01,1.075634e-01,-2.087146e-01
4.71750,0.336656,0.768750,-0.688183,1.131353e-01,1.074532e-01,-2.085409e-01
4.72000,0.336939,0.768750,-0.688704,1.133390e-01,1.073424e-01,-2.083849e-01
4.72250,0.337223,0.768750,-0.689225,1.135403e-01,1.072304e-01,-2.082355e-01
4.72500,0.337508,0.768750,-0.689745,1.137399e-01,1.071175e-01,-2.080889e-01
4.72750,0.337792,0.768750,-0.690265,1.139374e-01,1.070032e-01,-2.079396e-01
4.73000,0.338078,0.768750,-0.690785,1.141327e-01,1.068872e-01,-2.077834e-01
4.73250,0.338364,0.768750,-0.691304,1.143270e-01,1.067694e-01,-2.076163e-01
4.73500,0.338650,0.768750,-0.691822,1.145202e-01,1.066492e-01,-2.074356e-01
4.73750,0.338937,0.768750,-0.692340,1.147102e-01,1.065272e-01,-2.072408e-01
4.74000,0.339224,0.768750,-0.692858,1.148986e-01,1.064042e-01,-2.070410e-01
4.74250,0.339512,0.768750,-0.693375,1.150839e-01,1.062799e-01,-2.068397e-01
4.74500,0.339800,0.768750,-0.693892,1.152672e-01,1.061545e-01,-2.066410e-01
4.74750,0.340088,0.768750,-0.694408,1.154488e-01,1.060281e-01,-2.064438e-01
4.75000,0.340377,0.768750,-0.694923,1.156295e-01,1.059005e-01,-2.062486e-01
4.75250,0.340667,0.768750,-0.695438,1.158104e-01,1.057715e-01,-2.060498e-01
4.75500,0.340957,0.768750,-0.695953,1.159914e-01,1.056410e-01,-2.058456e-01
4.75750,0.341247,0.768750,-0.696467,1.161716e-01,1.055088e-01,-2.056308e-01
4.76000,0.341538,0.768750,-0.696981,1.163519e-01,1.053753e-01,-2.054048e-01
4.76250,0.341830,0.768750,-0.697494,1.165318e-01,1.052402e-01,-2.051672e-01
4.76500,0.342121,0.768750,-0.698006,1.167117e-01,1.051046e-01,-2.049259e-01
4.76750,0.342414,0.768750,-0.698518,1.168926e-01,1.049682e-01,-2.046819e-01
4.77000,0.342706,0.768750,-0.699029,1.170739e-01,1.048314e-01,-2.044377e-01
4.77250,0.342999,0.768750,-0.699539,1.172541e-01,1.046940e-01,-2.041979e-01
4.77500,0.343293,0.768750,-0.700049,1.174333e-01,1.045561e-01,-2.039648e-01
4.77750,0.343587,0.768750,-0.700558,1.176128e-01,1.044182e-01,-2.037420e-01
4.78000,0.343882,0.768750,-0.701067,1.177926e-01,1.042791e-01,-2.035278e-01
4.78250,0.344176,0.768750,-0.701576,1.179734e-01,1.041386e-01,-2.033212e-01
4.78500,0.344472,0.768750,-0.702083,1.181554e-01,1.039964e-01,-2.031164e-01
4.78750,0.344768,0.768750,-0.702591,1.183391e-01,1.038520e-01,-2.029086e-01
4.79000,0.345064,0.768750,-0.703097,1.185230e-01,1.037053e-01,-2.026890e-01
4.79250,0.345361,0.768750,-0.703603,1.187085e-01,1.035571e-01,-2.024567e-01
4.79500,0.345658,0.768750,-0.704109,1.188959e-01,1.034072e-01,-2.022106e-01
4.79750,0.345956,0.768750,-0.704614,1.190853e-01,1.032557e-01,-2.019516e-01
4.80000,0.346254,0.768750,-0.705118,1.192767e-01,1.031030e-01,-2.016788e-01
4.80250,0.346553,0.768750,-0.705622,1.194701e-01,1.029491e-01,-2.013913e-01
4.80500,0.346852,0.768750,-0.706124,1.196664e-01,1.027947e-01,-2.010906e-01
4.80750,0.347151,0.768750,-0.706626,1.198654e-01,1.026398e-01,-2.007811e-01
4.81000,0.347452,0.768750,-0.707127,1.200681e-01,1.024847e-01,-2.004617e-01
4.81250,0.347752,0.768750,-0.707628,1.202741e-01,1.023292e-01,-2.001325e-01
4.81500,0.348053,0.768750,-0.708127,1.204836e-01,1.021735e-01,-1.997959e-01
4.81750,0.348355,0.768750,-0.708626,1.206977e-01,1.020179e-01,-1.994514e-01
4.82000,0.348658,0.768750,-0.709124,1.209161e-01,1.018627e-01,-1.990977e-01
4.82250,0.348960,0.768750,-0.709620,1.211386e-01,1.017087e-01,-1.987398e-01
4.82500,0.349264,0.768750,-0.710116,1.213651e-01,1.015556e-01,-1.983827e-01
4.82750,0.349568,0.768750,-0.710611,1.215951e-01,1.014032e-01,-1.980306e-01
4.83000,0.349872,0.768750,-0.711106,1.218274e-01,1.012509e-01,-1.976853e-01
4.83250,0.350177,0.768750,-0.711599,1.220622e-01,1.010989e-01,-1.973461e-01
4.83500,0.350483,0.768750,-0.712092,1.222976e-01,1.009470e-01,-1.970192e-01
4.83750,0.350790,0.768750,-0.712583,1.225319e-01,1.007957e-01,-1.967083e-01
4.84000,0.351096,0.768750,-0.713074,1.227644e-01,1.006449e-01,-1.964210e-01
4.84250,0.351404,0.768750,-0.713565,1.229941e-01,1.004946e-01,-1.961624e-01
4.84500,0.351712,0.768750,-0.714055,1.232214e-01,1.003449e-01,-1.959356e-01
4.84750,0.352021,0.768750,-0.714544,1.234472e-01,1.001952e-01,-1.957333e-01
4.85000,0.352330,0.768750,-0.715033,1.236708e-01,1.000458e-01,-1.955552e-01
4.85250,0.352640,0.768750,-0.715521,1.238946e-01,9.989725e-02,-1.953960e-01
4.85500,0.352950,0.768750,-0.716010,1.241165e-01,9.974860e-02,-1.952532e-01
4.85750,0.353261,0.768750,-0.716497,1.243363e-01,9.959991e-02,-1.951221e-01
4.86000,0.353572,0.768750,-0.716985,1.245554e-01,9.945122e-02,-1.950006e-01
4.86250,0.353884,0.768750,-0.717472,1.247732e-01,9.930204e-02,-1.948834e-01
4.86500,0.354196,0.768750,-0.717959,1.249889e-01,9.915186e-02,-1.947694e-01
4.86750,0.354509,0.768750,-0.718446,1.252021e-01,9.900072e-02,-1.946596e-01
4.87000,0.354823,0.768750,-0.718932,1.254157e-01,9.884904e-02,-1.945467e-01
4.87250,0.355137,0.768750,-0.719418,1.256290e-01,9.869678e-02,-1.944272e-01
4.87500,0.355452,0.768750,-0.719904,1.258400e-01,9.854375e-02,-1.942996e-01
4.87750,0.355767,0.768750,-0.720389,1.260497e-01,9.839040e-02,-1.941635e-01
4.88000,0.356082,0.768750,-0.720874,1.262580e-01,9.823613e-02,-1.940194e-01
4.88250,0.356399,0.768750,-0.721359,1.264654e-01,9.808098e-02,-1.938663e-01
4.88500,0.356715,0.768750,-0.721843,1.266728e-01,9.792500e-02,-1.937074e-01
4.88750,0.357033,0.768750,-0.722327,1.268800e-01,9.776765e-02,-1.935412e-01
4.89000,0.357350,0.768750,-0.722810,1.270868e-01,9.760868e-02,-1.933666e-01
4.89250,0.357668,0.768750,-0.723293,1.272940e-01,9.744776e-02,-1.931841e-01
4.89500,0.357987,0.768750,-0.723776,1.275011e-01,9.728438e-02,-1.929928e-01
4.89750,0.358306,0.768750,-0.724258,1.277085e-01,9.711865e-02,-1.927948e-01
4.90000,0.358626,0.768750,-0.724739,1.279153e-01,9.694993e-02,-1.925885e-01
4.90250,0.358947,0.768750,-0.725220,1.281206e-01,9.677826e-02,-1.923732e-01
4.90500,0.359267,0.768750,-0.725701,1.283252e-01,9.660486e-02,-1.921560e-01
4.90750,0.359589,0.768750,-0.726181,1.285298e-01,9.643008e-02,-1.919395e-01
4.91000,0.359911,0.768750,-0.726660,1.287342e-01,9.625381e-02,-1.917239e-01
4.91250,0.360233,0.768750,-0.727139,1.289408e-01,9.607594e-02,-1.915046e-01
4.91500,0.360556,0.768750,-0.727617,1.291484e-01,9.589609e-02,-1.912743e-01
4.91750,0.360879,0.768750,-0.728094,1.293575e-01,9.571506e-02,-1.910370e-01
4.92000,0.361203,0.768750,-0.728571,1.295701e-01,9.553291e-02,-1.907893e-01
4.92250,0.361528,0.768750,-0.729048,1.297861e-01,9.534902e-02,-1.905297e-01
4.92500,0.361853,0.768750,-0.729523,1.300049e-01,9.516300e-02,-1.902570e-01
4.92750,0.362178,0.768750,-0.729998,1.302248e-01,9.497528e-02,-1.899788e-01
4.93000,0.362504,0.768750,-0.730473,1.304489e-01,9.478663e-02,-1.897009e-01
4.93250,0.362831,0.768750,-0.730946,1.306768e-01,9.459678e-02,-1.894214e-01
4.93500,0.363158,0.768750,-0.731419,1.309088e-01,9.440596e-02,-1.891362e-01
4.93750,0.363486,0.768750,-0.731891,1.311441e-01,9.421464e-02,-1.888462e-01
4.94000,0.363815,0.768750,-0.732362,1.313839e-01,9.402364e-02,-1.885463e-01
4.94250,0.364144,0.768750,-0.732833,1.316261e-01,9.383307e-02,-1.882386e-01
4.94500,0.364473,0.768750,-0.733303,1.318707e-01,9.364351e-02,-1.879249e-01
4.94750,0.364804,0.768750,-0.733772,1.321162e-01,9.345524e-02,-1.876169e-01
4.95000,0.365134,0.768750,-0.734240,1.323631e-01,9.326859e-02,-1.873227e-01
4.95250,0.365466,0.768750,-0.734708,1.326103e-01,9.308348e-02,-1.870508e-01
4.95500,0.365798,0.768750,-0.735175,1.328568e-01,9.289965e-02,-1.868045e-01
4.95750,0.366131,0.768750,-0.735641,1.331035e-01,9.271752e-02,-1.865904e-01
4.96000,0.366464,0.768750,-0.736107,1.333513e-01,9.253657e-02,-1.864001e-01
4.96250,0.366798,0.768750,-0.736573,1.336011e-01,9.235695e-02,-1.862302e-01
4.96500,0.367133,0.768750,-0.737038,1.338527e-01,9.217831e-02,-1.860710e-01
4.96750,0.367468,0.768750,-0.737503,1.341033e-01,9.200002e-02,-1.859145e-01
4.97000,0.367804,0.768750,-0.737967,1.343531e-01,9.182306e-02,-1.857604e-01
4.97250,0.368141,0.768750,-0.738431,1.346005e-01,9.164663e-02,-1.856100e-01
4.97500,0.368478,0.768750,-0.738895,1.348462e-01,9.147094e-02,-1.854638e-01
4.97750,0.368815,0.768750,-0.739358,1.350911e-01,9.129577e-02,-1.853174e-01
4.98000,0.369154,0.768750,-0.739821,1.353348e-01,9.112092e-02,-1.851715e-01
4.98250,0.369493,0.768750,-0.740284,1.355772e-01,9.094657e-02,-1.850212e-01
4.98500,0.369832,0.768750,-0.740746,1.358179e-01,9.077297e-02,-1.848711e-01
4.98750,0.370172,0.768750,-0.741208,1.360585e-01,9.059997e-02,-1.847220e-01
4.99000,0.370513,0.768750,-0.741669,1.362992e-01,9.042678e-02,-1.845738e-01
4.99250,0.370854,0.768750,-0.742130,1.365409e-01,9.025290e-02,-1.844245e-01
4.99500,0.371196,0.768750,-0.742591,1.367827e-01,9.007791e-02,-1.842717e-01
4.99750,0.371539,0.768750,-0.743051,1.370246e-01,8.990091e-02,-1.841109e-01
5.00000,0.371882,0.768750,-0.743511,1.372655e-01,8.972175e-02,-1.839417e-01
5.00250,0.372226,0.768750,-0.743970,1.375056e-01,8.954090e-02,-1.837658e-01
5.00500,0.372570,0.768750,-0.744429,1.377438e-01,8.935871e-02,-1.835909e-01
5.00750,0.372915,0.768750,-0.744888,1.379803e-01,8.917568e-02,-1.834226e-01
5.01000,0.373261,0.768750,-0.745346,1.382158e-01,8.899150e-02,-1.832619e-01
5.01250,0.373607,0.768750,-0.745804,1.384500e-01,8.880545e-02,-1.831046e-01
5.01500,0.373954,0.768750,-0.746261,1.386819e-01,8.861781e-02,-1.829535e-01
5.01750,0.374301,0.768750,-0.746718,1.389151e-01,8.842867e-02,-1.828038e-01
5.02000,0.374649,0.768750,-0.747175,1.391500e-01,8.823782e-02,-1.826510e-01
5.02250,0.374997,0.768750,-0.747631,1.393883e-01,8.804449e-02,-1.824887e-01
5.02500,0.375346,0.768750,-0.748087,1.396295e-01,8.784805e-02,-1.823120e-01
5.02750,0.375696,0.768750,-0.748542,1.398693e-01,8.764809e-02,-1.821233e-01
5.03000,0.376046,0.768750,-0.748997,1.401105e-01,8.744579e-02,-1.819303e-01
5.03250,0.376397,0.768750,-0.749451,1.403519e-01,8.724042e-02,-1.817361e-01
5.03500,0.376749,0.768750,-0.749905,1.405928e-01,8.703219e-02,-1.815445e-01
5.03750,0.377101,0.768750,-0.750359,1.408335e-01,8.682203e-02,-1.813575e-01
5.04000,0.377453,0.768750,-0.750812,1.410744e-01,8.661065e-02,-1.811834e-01
5.04250,0.377807,0.768750,-0.751264,1.413171e-01,8.639803e-02,-1.810161e-01
5.04500,0.378161,0.768750,-0.751716,1.415613e-01,8.618369e-02,-1.808501e-01
5.04750,0.378515,0.768750,-0.752168,1.418077e-01,8.596789e-02,-1.806817e-01
5.05000,0.378870,0.768750,-0.752619,1.420568e-01,8.575116e-02,-1.805059e-01
5.05250,0.379226,0.768750,-0.753070,1.423097e-01,8.553388e-02,-1.803186e-01
5.05500,0.379582,0.768750,-0.753520,1.425665e-01,8.531629e-02,-1.801181e-01
5.05750,0.379940,0.768750,-0.753970,1.428288e-01,8.509947e-02,-1.799088e-01
5.06000,0.380297,0.768750,-0.754419,1.430945e-01,8.488309e-02,-1.796959e-01
5.06250,0.380656,0.768750,-0.754868,1.433639e-01,8.466716e-02,-1.794812e-01
5.06500,0.381015,0.768750,-0.755316,1.436347e-01,8.445096e-02,-1.792688e-01
5.06750,0.381375,0.768750,-0.755764,1.439064e-01,8.423575e-02,-1.790648e-01
5.07000,0.381735,0.768750,-0.756211,1.441750e-01,8.402142e-02,-1.788802e-01
5.07250,0.382096,0.768750,-0.756658,1.444416e-01,8.380898e-02,-1.787220e-01
5.07500,0.382458,0.768750,-0.757104,1.447055e-01,8.359805e-02,-1.785923e-01
5.07750,0.382820,0.768750,-0.757551,1.449669e-01,8.338857e-02,-1.784892e-01
5.08000,0.383183,0.768750,-0.757997,1.452259e-01,8.318044e-02,-1.784093e-01
5.08250,0.383547,0.768750,-0.758442,1.454848e-01,8.297396e-02,-1.783492e-01
5.08500,0.383911,0.768750,-0.758888,1.457427e-01,8.276784e-02,-1.782935e-01
5.08750,0.384276,0.768750,-0.759334,1.459994e-01,8.256236e-02,-1.782408e-01
5.09000,0.384642,0.768750,-0.759779,1.462565e-01,8.235732e-02,-1.781796e-01
5.09250,0.385008,0.768750,-0.760224,1.465139e-01,8.215216e-02,-1.781032e-01
5.09500,0.385375,0.768750,-0.760669,1.467711e-01,8.194643e-02,-1.780043e-01
5.09750,0.385743,0.768750,-0.761114,1.470283e-01,8.174043e-02,-1.778867e-01
5.10000,0.386111,0.768750,-0.761559,1.472856e-01,8.153373e-02,-1.777511e-01
5.10250,0.386480,0.768750,-0.762003,1.475412e-01,8.132641e-02,-1.775998e-01
5.10500,0.386849,0.768750,-0.762446,1.477961e-01,8.111906e-02,-1.774375e-01
5.10750,0.387219,0.768750,-0.762889,1.480508e-01,8.091160e-02,-1.772675e-01
5.11000,0.387590,0.768750,-0.763332,1.483065e-01,8.070398e-02,-1.770938e-01
5.11250,0.387962,0.768750,-0.763774,1.485630e-01,8.049581e-02,-1.769174e-01
5.11500,0.388334,0.768750,-0.764216,1.488201e-01,8.028622e-02,-1.767362e-01
5.11750,0.388706,0.768750,-0.764658,1.490781e-01,8.007465e-02,-1.765487e-01
5.12000,0.389080,0.768750,-0.765098,1.493390e-01,7.986088e-02,-1.763479e-01
5.12250,0.389454,0.768750,-0.765539,1.496008e-01,7.964444e-02,-1.761333e-01
5.12500,0.389828,0.768750,-0.765979,1.498627e-01,7.942475e-02,-1.759028e-01
5.12750,0.390204,0.768750,-0.766418,1.501251e-01,7.920243e-02,-1.756619e-01
5.13000,0.390580,0.768750,-0.766856,1.503868e-01,7.897832e-02,-1.754260e-01
5.13250,0.390956,0.768750,-0.767294,1.506485e-01,7.875288e-02,-1.751975e-01
5.13500,0.391334,0.768750,-0.767732,1.509109e-01,7.852587e-02,-1.749822e-01
5.13750,0.391712,0.768750,-0.768169,1.511741e-01,7.829720e-02,-1.747748e-01
5.14000,0.392090,0.768750,-0.768605,1.514386e-01,7.806731e-02,-1.745826e-01
5.14250,0.392469,0.768750,-0.769041,1.517046e-01,7.783563e-02,-1.744015e-01
5.14500,0.392849,0.768750,-0.769477,1.519738e-01,7.760144e-02,-1.742262e-01
5.14750,0.393230,0.768750,-0.769912,1.522431e-01,7.736439e-02,-1.740551e-01
5.15000,0.393611,0.768750,-0.770347,1.525141e-01,7.712543e-02,-1.738938e-01
5.15250,0.393993,0.768750,-0.770781,1.527875e-01,7.688438e-02,-1.737392e-01
5.15500,0.394376,0.768750,-0.771215,1.530634e-01,7.664179e-02,-1.735872e-01
5.15750,0.394759,0.768750,-0.771648,1.533410e-01,7.639796e-02,-1.734361e-01
5.16000,0.395143,0.768750,-0.772082,1.536212e-01,7.615321e-02,-1.732804e-01
5.16250,0.395528,0.768750,-0.772514,1.539014e-01,7.590816e-02,-1.731223e-01
5.16500,0.395913,0.768750,-0.772947,1.541805e-01,7.566362e-02,-1.729677e-01
5.16750,0.396300,0.768750,-0.773379,1.544587e-01,7.542047e-02,-1.728296e-01
5.17000,0.396686,0.768750,-0.773811,1.547353e-01,7.517807e-02,-1.727141e-01
5.17250,0.397074,0.768750,-0.774242,1.550092e-01,7.493618e-02,-1.726232e-01
5.17500,0.397462,0.768750,-0.774674,1.552817e-01,7.469521e-02,-1.725596e-01
5.17750,0.397851,0.768750,-0.775105,1.555544e-01,7.445437e-02,-1.725087e-01
5.18000,0.398241,0.768750,-0.775536,1.558290e-01,7.421334e-02,-1.724613e-01
5.18250,0.398631,0.768750,-0.775967,1.561036e-01,7.397142e-02,-1.724040e-01
5.18500,0.399022,0.768750,-0.776398,1.563768e-01,7.372881e-02,-1.723317e-01
5.18750,0.399413,0.768750,-0.776829,1.566483e-01,7.348578e-02,-1.722461e-01
5.19000,0.399806,0.768750,-0.777259,1.569192e-01,7.324160e-02,-1.721435e-01
5.19250,0.400199,0.768750,-0.777689,1.571904e-01,7.299689e-02,-1.720201e-01
5.19500,0.400592,0.768750,-0.778119,1.574622e-01,7.275187e-02,-1.718766e-01
5.19750,0.400987,0.768750,-0.778548,1.577341e-01,7.250703e-02,-1.717152e-01
5.20000,0.401382,0.768750,-0.778977,1.580056e-01,7.226288e-02,-1.715439e-01
5.20250,0.401777,0.768750,-0.779405,1.582779e-01,7.201910e-02,-1.713669e-01
5.20500,0.402174,0.768750,-0.779833,1.585514e-01,7.177481e-02,-1.711857e-01
5.20750,0.402571,0.768750,-0.780261,1.588265e-01,7.152944e-02,-1.709964e-01
5.21000,0.402969,0.768750,-0.780688,1.591031e-01,7.128221e-02,-1.707922e-01
5.21250,0.403367,0.768750,-0.781114,1.593813e-01,7.103291e-02,-1.705687e-01
5.21500,0.403766,0.768750,-0.781540,1.596605e-01,7.078232e-02,-1.703298e-01
5.21750,0.404166,0.768750,-0.781965,1.599409e-01,7.053050e-02,-1.700815e-01
5.22000,0.404567,0.768750,-0.782390,1.602225e-01,7.027789e-02,-1.698317e-01
5.22250,0.404968,0.768750,-0.782814,1.605053e-01,7.002401e-02,-1.695832e-01
5.22500,0.405370,0.768750,-0.783237,1.607873e-01,6.976923e-02,-1.693416e-01
5.22750,0.405773,0.768750,-0.783660,1.610728e-01,6.951429e-02,-1.691065e-01
5.23000,0.406176,0.768750,-0.784082,1.613613e-01,6.925870e-02,-1.688816e-01
5.23250,0.406580,0.768750,-0.784504,1.616534e-01,6.900176e-02,-1.686624e-01
5.23500,0.406985,0.768750,-0.784925,1.619468e-01,6.874188e-02,-1.684519e-01
5.23750,0.407391,0.768750,-0.785345,1.622377e-01,6.847896e-02,-1.682490e-01
5.24000,0.407797,0.768750,-0.785766,1.625297e-01,6.821383e-02,-1.680617e-01
5.24250,0.408204,0.768750,-0.786185,1.628218e-01,6.794579e-02,-1.678847e-01
5.24500,0.408612,0.768750,-0.786605,1.631128e-01,6.767537e-02,-1.677232e-01
5.24750,0.409020,0.768750,-0.787023,1.634038e-01,6.740295e-02,-1.675744e-01
5.25000,0.409429,0.768750,-0.787442,1.636951e-01,6.712836e-02,-1.674409e-01
5.25250,0.409839,0.768750,-0.787860,1.639855e-01,6.685155e-02,-1.673199e-01
5.25500,0.410250,0.768750,-0.788278,1.642766e-01,6.657275e-02,-1.672103e-01
5.25750,0.410662,0.768750,-0.788696,1.645668e-01,6.629283e-02,-1.671139e-01
5.26000,0.411074,0.768750,-0.789114,1.648574e-01,6.601198e-02,-1.670261e-01
5.26250,0.411487,0.768750,-0.789531,1.651494e-01,6.573129e-02,-1.669448e-01
5.26500,0.411900,0.768750,-0.789948,1.654438e-01,6.545101e-02,-1.668678e-01
5.26750,0.412314,0.768750,-0.790365,1.657392e-01,6.516960e-02,-1.667879e-01
5.27000,0.412730,0.768750,-0.790782,1.660348e-01,6.488678e-02,-1.667002e-01
5.27250,0.413145,0.768750,-0.791199,1.663298e-01,6.460318e-02,-1.666032e-01
5.27500,0.413562,0.768750,-0.791615,1.666220e-01,6.431957e-02,-1.665020e-01
5.27750,0.413979,0.768750,-0.792031,1.669109e-01,6.403612e-02,-1.664069e-01
5.28000,0.414397,0.768750,-0.792447,1.671979e-01,6.375335e-02,-1.663226e-01
5.28250,0.414816,0.768750,-0.792862,1.674837e-01,6.347115e-02,-1.662415e-01
5.28500,0.415235,0.768750,-0.793278,1.677709e-01,6.319053e-02,-1.661650e-01
5.28750,0.415656,0.768750,-0.793693,1.680587e-01,6.291088e-02,-1.660869e-01
5.29000,0.416076,0.768750,-0.794108,1.683466e-01,6.263217e-02,-1.660003e-01
5.29250,0.416498,0.768750,-0.794523,1.686376e-01,6.235435e-02,-1.658961e-01
5.29500,0.416920,0.768750,-0.794937,1.689292e-01,6.207605e-02,-1.657684e-01
5.29750,0.417343,0.768750,-0.795351,1.692230e-01,6.179703e-02,-1.656101e-01
5.30000,0.417767,0.768750,-0.795765,1.695219e-01,6.151785e-02,-1.654158e-01
5.30250,0.418192,0.768750,-0.796178,1.698214e-01,6.123753e-02,-1.651929e-01
5.30500,0.418617,0.768750,-0.796590,1.701218e-01,6.095677e-02,-1.649476e-01
5.30750,0.419043,0.768750,-0.797002,1.704223e-01,6.067547e-02,-1.646959e-01
5.31000,0.419470,0.768750,-0.797413,1.707239e-01,6.039383e-02,-1.644506e-01
5.31250,0.419897,0.768750,-0.797823,1.710283e-01,6.011155e-02,-1.642180e-01
5.31500,0.420326,0.768750,-0.798233,1.713337e-01,5.982806e-02,-1.640017e-01
5.31750,0.420755,0.768750,-0.798643,1.716423e-01,5.954309e-02,-1.637949e-01
5.32000,0.421185,0.768750,-0.799052,1.719529e-01,5.925560e-02,-1.635912e-01
5.32250,0.421615,0.768750,-0.799460,1.722669e-01,5.896556e-02,-1.633783e-01
5.32500,0.422047,0.768750,-0.799868,1.725824e-01,5.867316e-02,-1.631499e-01
5.32750,0.422479,0.768750,-0.800275,1.728999e-01,5.837914e-02,-1.629090e-01
5.33000,0.422912,0.768750,-0.800682,1.732188e-01,5.808311e-02,-1.626644e-01
5.33250,0.423346,0.768750,-0.801088,1.735374e-01,5.778438e-02,-1.624240e-01
5.33500,0.423781,0.768750,-0.801494,1.738552e-01,5.748262e-02,-1.621969e-01
5.33750,0.424216,0.768750,-0.801899,1.741725e-01,5.717814e-02,-1.619945e-01
5.34000,0.424652,0.768750,-0.802303,1.744877e-01,5.687053e-02,-1.618279e-01
5.34250,0.425089,0.768750,-0.802707,1.747991e-01,5.655912e-02,-1.617031e-01
5.34500,0.425527,0.768750,-0.803111,1.751109e-01,5.624561e-02,-1.616172e-01
5.34750,0.425966,0.768750,-0.803515,1.754217e-01,5.593042e-02,-1.615667e-01
5.35000,0.426405,0.768750,-0.803919,1.757310e-01,5.561306e-02,-1.615380e-01
5.35250,0.426845,0.768750,-0.804323,1.760381e-01,5.529469e-02,-1.615230e-01
5.35500,0.427286,0.768750,-0.804727,1.763450e-01,5.497553e-02,-1.615102e-01
5.35750,0.427728,0.768750,-0.805131,1.766508e-01,5.465604e-02,-1.614889e-01
5.36000,0.428170,0.768750,-0.805534,1.769545e-01,5.433684e-02,-1.614587e-01
5.36250,0.428613,0.768750,-0.805938,1.772581e-01,5.401881e-02,-1.614199e-01
5.36500,0.429057,0.768750,-0.806341,1.775608e-01,5.370157e-02,-1.613799e-01
5.36750,0.429502,0.768750,-0.806745,1.778620e-01,5.338541e-02,-1.613403e-01
5.37000,0.429947,0.768750,-0.807148,1.781645e-01,5.307010e-02,-1.613051e-01
5.37250,0.430393,0.768750,-0.807551,1.784664e-01,5.275522e-02,-1.612694e-01
5.37500,0.430840,0.768750,-0.807954,1.787687e-01,5.244091e-02,-1.612301e-01
5.37750,0.431288,0.768750,-0.808357,1.790716e-01,5.212717e-02,-1.611702e-01
5.38000,0.431736,0.768750,-0.808760,1.793783e-01,5.181470e-02,-1.610772e-01
5.38250,0.432185,0.768750,-0.809162,1.796879e-01,5.150219e-02,-1.609400e-01
5.38500,0.432635,0.768750,-0.809564,1.800024e-01,5.118991e-02,-1.607546e-01
5.38750,0.433086,0.768750,-0.809965,1.803181e-01,5.087821e-02,-1.605282e-01
5.39000,0.433538,0.768750,-0.810366,1.806372e-01,5.056783e-02,-1.602802e-01
5.39250,0.433990,0.768750,-0.810766,1.809581e-01,5.025815e-02,-1.600215e-01
5.39500,0.434443,0.768750,-0.811165,1.812837e-01,4.994852e-02,-1.597598e-01
5.39750,0.434898,0.768750,-0.811564,1.816145e-01,4.963724e-02,-1.594948e-01
5.40000,0.435352,0.768750,-0.811962,1.819472e-01,4.932403e-02,-1.592297e-01
5.40250,0.435808,0.768750,-0.812360,1.822814e-01,4.900871e-02,-1.589643e-01
5.40500,0.436265,0.768750,-0.812756,1.826169e-01,4.869104e-02,-1.586998e-01
5.40750,0.436722,0.768750,-0.813152,1.829562e-01,4.837224e-02,-1.584360e-01
5.41000,0.437180,0.768750,-0.813548,1.832948e-01,4.805061e-02,-1.581797e-01
5.41250,0.437639,0.768750,-0.813943,1.836323e-01,4.772601e-02,-1.579331e-01
5.41500,0.438099,0.768750,-0.814337,1.839712e-01,4.739916e-02,-1.577036e-01
5.41750,0.438560,0.768750,-0.814731,1.843152e-01,4.706963e-02,-1.574781e-01
5.42000,0.439022,0.768750,-0.815124,1.846610e-01,4.673674e-02,-1.572645e-01
5.42250,0.439484,0.768750,-0.815516,1.850057e-01,4.640021e-02,-1.570621e-01
5.42500,0.439948,0.768750,-0.815909,1.853491e-01,4.606097e-02,-1.568846e-01
5.42750,0.440412,0.768750,-0.816301,1.856893e-01,4.571895e-02,-1.567390e-01
5.43000,0.440877,0.768750,-0.816692,1.860259e-01,4.537398e-02,-1.566368e-01
5.43250,0.441343,0.768750,-0.817084,1.863581e-01,4.502631e-02,-1.565753e-01
5.43500,0.441809,0.768750,-0.817475,1.866844e-01,4.467581e-02,-1.565593e-01
5.43750,0.442277,0.768750,-0.817866,1.870074e-01,4.432319e-02,-1.565789e-01
5.44000,0.442745,0.768750,-0.818258,1.873260e-01,4.396899e-02,-1.566314e-01
5.44250,0.443214,0.768750,-0.818650,1.876442e-01,4.361471e-02,-1.566999e-01
5.44500,0.443684,0.768750,-0.819042,1.879610e-01,4.326033e-02,-1.567731e-01
5.44750,0.444155,0.768750,-0.819434,1.882791e-01,4.290712e-02,-1.568362e-01
5.45000,0.444627,0.768750,-0.819826,1.885999e-01,4.255406e-02,-1.568823e-01
5.45250,0.445099,0.768750,-0.820218,1.889221e-01,4.220126e-02,-1.568945e-01
5.45500,0.445572,0.768750,-0.820610,1.892445e-01,4.184908e-02,-1.568668e-01
5.45750,0.446046,0.768750,-0.821002,1.895683e-01,4.149833e-02,-1.568021e-01
5.46000,0.446521,0.768750,-0.821394,1.898931e-01,4.114804e-02,-1.566986e-01
5.46250,0.446996,0.768750,-0.821786,1.902211e-01,4.079918e-02,-1.565672e-01
5.46500,0.447473,0.768750,-0.822177,1.905503e-01,4.045069e-02,-1.564100e-01
5.46750,0.447950,0.768750,-0.822567,1.908828e-01,4.010367e-02,-1.562368e-01
5.47000,0.448428,0.768750,-0.822957,1.912207e-01,3.975809e-02,-1.560500e-01
5.47250,0.448907,0.768750,-0.823347,1.915637e-01,3.941335e-02,-1.558493e-01
5.47500,0.449386,0.768750,-0.823736,1.919125e-01,3.906861e-02,-1.556305e-01
5.47750,0.449867,0.768750,-0.824124,1.922663e-01,3.872311e-02,-1.553849e-01
5.48000,0.450349,0.768750,-0.824512,1.926233e-01,3.837744e-02,-1.551193e-01
5.48250,0.450831,0.768750,-0.824899,1.929847e-01,3.803153e-02,-1.548317e-01
5.48500,0.451315,0.768750,-0.825286,1.933482e-01,3.768471e-02,-1.545342e-01
5.48750,0.451799,0.768750,-0.825671,1.937139e-01,3.733571e-02,-1.542263e-01
5.49000,0.452284,0.768750,-0.826056,1.940796e-01,3.698423e-02,-1.539328e-01
5.49250,0.452770,0.768750,-0.826440,1.944502e-01,3.663061e-02,-1.536547e-01
5.49500,0.453257,0.768750,-0.826824,1.948242e-01,3.627357e-02,-1.533956e-01
5.49750,0.453745,0.768750,-0.827207,1.951991e-01,3.591176e-02,-1.531530e-01
5.50000,0.454234,0.768750,-0.827589,1.955696e-01,3.554540e-02,-1.529399e-01
5.50250,0.454724,0.768750,-0.827971,1.959403e-01,3.517638e-02,-1.527572e-01
5.50500,0.455215,0.768750,-0.828352,1.963063e-01,3.480365e-02,-1.526064e-01
5.50750,0.455706,0.768750,-0.828734,1.966697e-01,3.442852e-02,-1.524860e-01
5.51000,0.456199,0.768750,-0.829115,1.970303e-01,3.405019e-02,-1.523953e-01
5.51250,0.456692,0.768750,-0.829495,1.973861e-01,3.366845e-02,-1.523379e-01
5.51500,0.457187,0.768750,-0.829876,1.977357e-01,3.328309e-02,-1.523250e-01
5.51750,0.457682,0.768750,-0.830257,1.980779e-01,3.289549e-02,-1.523651e-01
5.52000,0.458178,0.768750,-0.830638,1.984132e-01,3.250667e-02,-1.524663e-01
5.52250,0.458675,0.768750,-0.831020,1.987462e-01,3.211783e-02,-1.526215e-01
5.52500,0.459173,0.768750,-0.831402,1.990779e-01,3.172784e-02,-1.527992e-01
5.52750,0.459671,0.768750,-0.831784,1.994092e-01,3.133698e-02,-1.529719e-01
5.53000,0.460170,0.768750,-0.832167,1.997396e-01,3.094658e-02,-1.531147e-01
5.53250,0.460671,0.768750,-0.832550,2.000700e-01,3.055746e-02,-1.532125e-01
5.53500,0.461172,0.768750,-0.832933,2.004007e-01,3.017034e-02,-1.532648e-01
5.53750,0.461673,0.768750,-0.833316,2.007327e-01,2.978525e-02,-1.532685e-01
5.54000,0.462176,0.768750,-0.833699,2.010704e-01,2.940280e-02,-1.532281e-01
5.54250,0.462680,0.768750,-0.834082,2.014109e-01,2.902190e-02,-1.531505e-01
5.54500,0.463184,0.768750,-0.834465,2.017564e-01,2.864313e-02,-1.530422e-01
5.54750,0.463689,0.768750,-0.834847,2.021064e-01,2.826559e-02,-1.529072e-01
5.55000,0.464195,0.768750,-0.835229,2.024586e-01,2.788814e-02,-1.527495e-01
5.55250,0.464703,0.768750,-0.835610,2.028197e-01,2.751136e-02,-1.525552e-01
5.55500,0.465210,0.768750,-0.835991,2.031848e-01,2.713423e-02,-1.523249e-01
5.55750,0.465719,0.768750,-0.836371,2.035547e-01,2.675680e-02,-1.520564e-01
5.56000,0.466229,0.768750,-0.836751,2.039295e-01,2.637892e-02,-1.517582e-01
5.56250,0.466740,0.768750,-0.837129,2.043101e-01,2.599988e-02,-1.514394e-01
5.56500,0.467252,0.768750,-0.837507,2.046954e-01,2.561912e-02,-1.511108e-01
5.56750,0.467764,0.768750,-0.837884,2.050849e-01,2.523546e-02,-1.507805e-01
5.57000,0.468278,0.768750,-0.838260,2.054771e-01,2.484738e-02,-1.504563e-01
5.57250,0.468793,0.768750,-0.838636,2.058699e-01,2.445513e-02,-1.501441e-01
5.57500,0.469308,0.768750,-0.839010,2.062612e-01,2.405927e-02,-1.498514e-01
5.57750,0.469825,0.768750,-0.839384,2.066506e-01,2.366028e-02,-1.495947e-01
5.58000,0.470343,0.768750,-0.839758,2.070358e-01,2.325737e-02,-1.493808e-01
5.58250,0.470861,0.768750,-0.840131,2.074174e-01,2.285017e-02,-1.492116e-01
5.58500,0.471381,0.768750,-0.840503,2.077958e-01,2.243932e-02,-1.490950e-01
5.58750,0.471901,0.768750,-0.840876,2.081688e-01,2.202395e-02,-1.490364e-01
5.59000,0.472422,0.768750,-0.841249,2.085359e-01,2.160549e-02,-1.490364e-01
5.59250,0.472945,0.768750,-0.841621,2.088958e-01,2.118552e-02,-1.491096e-01
5.59500,0.473468,0.768750,-0.841995,2.092461e-01,2.076311e-02,-1.492563e-01
5.59750,0.473992,0.768750,-0.842368,2.095858e-01,2.033924e-02,-1.494711e-01
5.60000,0.474517,0.768750,-0.842743,2.099215e-01,1.991478e-02,-1.497277e-01
5.60250,0.475042,0.768750,-0.843118,2.102508e-01,1.948945e-02,-1.499999e-01
5.60500,0.475569,0.768750,-0.843493,2.105789e-01,1.906497e-02,-1.502597e-01
5.60750,0.476096,0.768750,-0.843869,2.109077e-01,1.864140e-02,-1.504862e-01
5.61000,0.476624,0.768750,-0.844246,2.112388e-01,1.821976e-02,-1.506617e-01
5.61250,0.477153,0.768750,-0.844623,2.115747e-01,1.780011e-02,-1.507774e-01
5.61500,0.477683,0.768750,-0.845000,2.119140e-01,1.738174e-02,-1.508308e-01
5.61750,0.478213,0.768750,-0.845377,2.122587e-01,1.696579e-02,-1.508163e-01
5.62000,0.478745,0.768750,-0.845754,2.126085e-01,1.655203e-02,-1.507312e-01
5.62250,0.479277,0.768750,-0.846130,2.129645e-01,1.614002e-02,-1.505806e-01
5.62500,0.479811,0.768750,-0.846506,2.133280e-01,1.572874e-02,-1.503629e-01
5.62750,0.480345,0.768750,-0.846882,2.136945e-01,1.531776e-02,-1.500965e-01
5.63000,0.480880,0.768750,-0.847256,2.140689e-01,1.490721e-02,-1.497965e-01
5.63250,0.481416,0.768750,-0.847630,2.144509e-01,1.449544e-02,-1.494662e-01
5.63500,0.481953,0.768750,-0.848003,2.148412e-01,1.408159e-02,-1.491104e-01
5.63750,0.482491,0.768750,-0.848374,2.152371e-01,1.366432e-02,-1.487389e-01
5.64000,0.483030,0.768750,-0.848745,2.156366e-01,1.324395e-02,-1.483541e-01
5.64250,0.483571,0.768750,-0.849115,2.160399e-01,1.282040e-02,-1.479574e-01
5.64500,0.484112,0.768750,-0.849484,2.164444e-01,1.239434e-02,-1.475732e-01
5.64750,0.484654,0.768750,-0.849852,2.168460e-01,1.196474e-02,-1.472206e-01
5.65000,0.485197,0.768750,-0.850219,2.172474e-01,1.153171e-02,-1.469056e-01
5.65250,0.485741,0.768750,-0.850586,2.176494e-01,1.109540e-02,-1.466382e-01
5.65500,0.486286,0.768750,-0.850952,2.180492e-01,1.065450e-02,-1.464290e-01
5.65750,0.486832,0.768750,-0.851318,2.184435e-01,1.020898e-02,-1.462835e-01
5.66000,0.487379,0.768750,-0.851683,2.188317e-01,9.760143e-03,-1.462165e-01
5.66250,0.487927,0.768750,-0.852049,2.192102e-01,9.308486e-03,-1.462391e-01
5.66500,0.488476,0.768750,-0.852415,2.195788e-01,8.854723e-03,-1.463554e-01
5.66750,0.489026,0.768750,-0.852781,2.199345e-01,8.398549e-03,-1.465626e-01
5.67000,0.489577,0.768750,-0.853148,2.202766e-01,7.940362e-03,-1.468542e-01
5.67250,0.490128,0.768750,-0.853516,2.206120e-01,7.481039e-03,-1.472041e-01
5.67500,0.490681,0.768750,-0.853885,2.209436e-01,7.022147e-03,-1.475786e-01
5.67750,0.491234,0.768750,-0.854255,2.212727e-01,6.563757e-03,-1.479457e-01
5.68000,0.491788,0.768750,-0.854626,2.216052e-01,6.106777e-03,-1.482698e-01
5.68250,0.492343,0.768750,-0.854997,2.219440e-01,5.650715e-03,-1.485122e-01
5.68500,0.492899,0.768750,-0.855369,2.222845e-01,5.195929e-03,-1.486559e-01
5.68750,0.493455,0.768750,-0.855741,2.226288e-01,4.743335e-03,-1.487048e-01
5.69000,0.494013,0.768750,-0.856112,2.229782e-01,4.291908e-03,-1.486598e-01
5.69250,0.494571,0.768750,-0.856483,2.233359e-01,3.842493e-03,-1.485222e-01
5.69500,0.495130,0.768750,-0.856854,2.237019e-01,3.393644e-03,-1.483032e-01
5.69750,0.495690,0.768750,-0.857224,2.240769e-01,2.946290e-03,-1.480166e-01
5.70000,0.496251,0.768750,-0.857593,2.244614e-01,2.498438e-03,-1.476787e-01
5.70250,0.496814,0.768750,-0.857962,2.248549e-01,2.049339e-03,-1.472981e-01
5.70500,0.497377,0.768750,-0.858329,2.252565e-01,1.597319e-03,-1.468766e-01
5.70750,0.497941,0.768750,-0.858695,2.256639e-01,1.142795e-03,-1.464297e-01
5.71000,0.498506,0.768750,-0.859060,2.260755e-01,6.853754e-04,-1.459726e-01
5.71250,0.499072,0.768750,-0.859424,2.264898e-01,2.250455e-04,-1.455245e-01
5.71500,0.499640,0.768749,-0.859786,2.269065e-01,-2.385434e-04,-1.450928e-01
5.71750,0.500208,0.768748,-0.860148,2.273260e-01,-7.047265e-04,-1.446971e-01
5.72000,0.500777,0.768745,-0.860509,2.277449e-01,-1.175324e-03,-1.443469e-01
5.72250,0.501348,0.768741,-0.860869,2.281613e-01,-1.651206e-03,-1.440569e-01
5.72500,0.501919,0.768735,-0.861229,2.285692e-01,-2.131256e-03,-1.438361e-01
5.72750,0.502492,0.768729,-0.861588,2.289684e-01,-2.614680e-03,-1.437082e-01
5.73000,0.503065,0.768721,-0.861947,2.293556e-01,-3.100995e-03,-1.436747e-01
5.73250,0.503639,0.768712,-0.862307,2.297275e-01,-3.591177e-03,-1.437520e-01
5.73500,0.504214,0.768702,-0.862666,2.300840e-01,-4.085195e-03,-1.439382e-01
5.73750,0.504790,0.768690,-0.863027,2.304208e-01,-4.582252e-03,-1.442448e-01
5.74000,0.505367,0.768678,-0.863389,2.307418e-01,-5.080329e-03,-1.446579e-01
5.74250,0.505945,0.768664,-0.863752,2.310535e-01,-5.578133e-03,-1.451355e-01
5.74500,0.506523,0.768648,-0.864116,2.313605e-01,-6.076465e-03,-1.456271e-01
5.74750,0.507103,0.768632,-0.864481,2.316653e-01,-6.575419e-03,-1.460670e-01
5.75000,0.507682,0.768614,-0.864847,2.319675e-01,-7.073769e-03,-1.464218e-01
5.75250,0.508263,0.768595,-0.865214,2.322693e-01,-7.570779e-03,-1.466630e-01
5.75500,0.508845,0.768575,-0.865580,2.325758e-01,-8.066826e-03,-1.467749e-01
5.75750,0.509427,0.768554,-0.865947,2.328855e-01,-8.561366e-03,-1.467564e-01
5.76000,0.510010,0.768531,-0.866314,2.331995e-01,-9.055647e-03,-1.466244e-01
5.76250,0.510594,0.768507,-0.866680,2.335186e-01,-9.550021e-03,-1.464031e-01
5.76500,0.511178,0.768482,-0.867045,2.338458e-01,-1.004466e-02,-1.460983e-01
5.76750,0.511764,0.768456,-0.867409,2.341810e-01,-1.054084e-02,-1.457125e-01
5.77000,0.512350,0.768428,-0.867773,2.345236e-01,-1.103918e-02,-1.452545e-01
5.77250,0.512937,0.768399,-0.868134,2.348716e-01,-1.153901e-02,-1.447412e-01
5.77500,0.513525,0.768369,-0.868495,2.352230e-01,-1.204174e-02,-1.441963e-01
5.77750,0.514114,0.768338,-0.868854,2.355764e-01,-1.254776e-02,-1.436464e-01
5.78000,0.514704,0.768305,-0.869212,2.359314e-01,-1.305832e-02,-1.431233e-01
5.78250,0.515295,0.768271,-0.869568,2.362890e-01,-1.357374e-02,-1.426395e-01
5.78500,0.515886,0.768236,-0.869924,2.366474e-01,-1.409489e-02,-1.421922e-01
5.78750,0.516479,0.768200,-0.870278,2.369992e-01,-1.462139e-02,-1.417994e-01
5.79000,0.517072,0.768162,-0.870632,2.373417e-01,-1.515234e-02,-1.414874e-01
5.79250,0.517666,0.768122,-0.870985,2.376738e-01,-1.568754e-02,-1.412694e-01
5.79500,0.518261,0.768082,-0.871338,2.379915e-01,-1.622724e-02,-1.411689e-01
5.79750,0.518857,0.768040,-0.871691,2.382940e-01,-1.677198e-02,-1.411891e-01
5.80000,0.519453,0.767997,-0.872045,2.385779e-01,-1.732093e-02,-1.413532e-01
5.80250,0.520051,0.767952,-0.872399,2.388390e-01,-1.787392e-02,-1.416661e-01
5.80500,0.520648,0.767906,-0.872754,2.390764e-01,-1.842905e-02,-1.421299e-01
5.80750,0.521247,0.767858,-0.873111,2.392956e-01,-1.898536e-02,-1.427080e-01
5.81000,0.521845,0.767810,-0.873469,2.395041e-01,-1.954334e-02,-1.433296e-01
5.81250,0.522445,0.767759,-0.873829,2.397033e-01,-2.010297e-02,-1.439289e-01
5.81500,0.523044,0.767708,-0.874190,2.398984e-01,-2.066255e-02,-1.444452e-01
5.81750,0.523645,0.767655,-0.874552,2.400934e-01,-2.122234e-02,-1.448318e-01
5.82000,0.524245,0.767600,-0.874915,2.402901e-01,-2.178235e-02,-1.450622e-01
5.82250,0.524846,0.767544,-0.875278,2.404928e-01,-2.234199e-02,-1.451238e-01
5.82500,0.525448,0.767487,-0.875640,2.406983e-01,-2.290240e-02,-1.450335e-01
5.82750,0.526050,0.767428,-0.876002,2.409091e-01,-2.346290e-02,-1.448034e-01
5.83000,0.526653,0.767368,-0.876363,2.411219e-01,-2.402450e-02,-1.444538e-01
5.83250,0.527257,0.767307,-0.876723,2.413416e-01,-2.458708e-02,-1.440034e-01
5.83500,0.527861,0.767244,-0.877082,2.415664e-01,-2.515275e-02,-1.434689e-01
5.83750,0.528465,0.767180,-0.877439,2.417973e-01,-2.572020e-02,-1.428766e-01
5.84000,0.529070,0.767114,-0.877795,2.420336e-01,-2.629087e-02,-1.422525e-01
5.84250,0.529676,0.767047,-0.878149,2.422732e-01,-2.686559e-02,-1.416277e-01
5.84500,0.530282,0.766978,-0.878501,2.425147e-01,-2.744513e-02,-1.410155e-01
5.84750,0.530889,0.766908,-0.878853,2.427528e-01,-2.803032e-02,-1.404404e-01
5.85000,0.531496,0.766837,-0.879202,2.429848e-01,-2.862038e-02,-1.399228e-01
5.85250,0.532104,0.766764,-0.879551,2.432113e-01,-2.921536e-02,-1.394808e-01
5.85500,0.532713,0.766689,-0.879899,2.434268e-01,-2.981517e-02,-1.391309e-01
5.85750,0.533322,0.766613,-0.880246,2.436281e-01,-3.041942e-02,-1.388914e-01
5.86000,0.533932,0.766535,-0.880593,2.438149e-01,-3.102743e-02,-1.387830e-01
5.86250,0.534542,0.766456,-0.880940,2.439790e-01,-3.163970e-02,-1.388319e-01
5.86500,0.535152,0.766376,-0.881288,2.441216e-01,-3.225439e-02,-1.390409e-01
5.86750,0.535762,0.766293,-0.881636,2.442355e-01,-3.287215e-02,-1.394260e-01
5.87000,0.536373,0.766210,-0.881986,2.443196e-01,-3.349262e-02,-1.399673e-01
5.87250,0.536984,0.766124,-0.882338,2.443819e-01,-3.411440e-02,-1.406192e-01
5.87500,0.537595,0.766038,-0.882691,2.444308e-01,-3.473796e-02,-1.413029e-01
5.87750,0.538206,0.765949,-0.883046,2.444696e-01,-3.536192e-02,-1.419515e-01
5.88000,0.538818,0.765859,-0.883402,2.445053e-01,-3.598717e-02,-1.424873e-01
5.88250,0.539429,0.765768,-0.883759,2.445406e-01,-3.661177e-02,-1.428611e-01
5.88500,0.540041,0.765675,-0.884117,2.445780e-01,-3.723667e-02,-1.430412e-01
5.88750,0.540652,0.765580,-0.884474,2.446179e-01,-3.786114e-02,-1.430184e-01
5.89000,0.541264,0.765484,-0.884831,2.446610e-01,-3.848501e-02,-1.427975e-01
5.89250,0.541876,0.765386,-0.885187,2.447077e-01,-3.910955e-02,-1.424094e-01
5.89500,0.542487,0.765287,-0.885542,2.447582e-01,-3.973446e-02,-1.418833e-01
5.89750,0.543099,0.765186,-0.885895,2.448114e-01,-4.036055e-02,-1.412618e-01
5.90000,0.543712,0.765083,-0.886247,2.448722e-01,-4.098853e-02,-1.405739e-01
5.90250,0.544324,0.764979,-0.886596,2.449398e-01,-4.161948e-02,-1.398433e-01
5.90500,0.544937,0.764874,-0.886944,2.450111e-01,-4.225410e-02,-1.390949e-01
5.90750,0.545549,0.764766,-0.887290,2.450820e-01,-4.289243e-02,-1.383509e-01
5.91000,0.546162,0.764658,-0.887634,2.451525e-01,-4.353393e-02,-1.376233e-01
5.91250,0.546775,0.764547,-0.887976,2.452186e-01,-4.417947e-02,-1.369414e-01
5.91500,0.547388,0.764435,-0.888317,2.452776e-01,-4.482889e-02,-1.363255e-01
5.91750,0.548002,0.764321,-0.888657,2.453282e-01,-4.548272e-02,-1.357882e-01
5.92000,0.548615,0.764206,-0.888995,2.453673e-01,-4.614096e-02,-1.353536e-01
5.92250,0.549229,0.764089,-0.889333,2.453894e-01,-4.680383e-02,-1.350427e-01
5.92500,0.549842,0.763970,-0.889670,2.453900e-01,-4.747048e-02,-1.348727e-01
5.92750,0.550455,0.763850,-0.890007,2.453641e-01,-4.814009e-02,-1.348724e-01
5.93000,0.551069,0.763728,-0.890345,2.453092e-01,-4.881223e-02,-1.350463e-01
5.93250,0.551682,0.763604,-0.890683,2.452232e-01,-4.948634e-02,-1.353996e-01
5.93500,0.552295,0.763479,-0.891023,2.451082e-01,-5.016228e-02,-1.359068e-01
5.93750,0.552907,0.763352,-0.891364,2.449782e-01,-5.083885e-02,-1.364848e-01
5.94000,0.553519,0.763223,-0.891707,2.448362e-01,-5.151476e-02,-1.370619e-01
5.94250,0.554131,0.763092,-0.892051,2.446867e-01,-5.218906e-02,-1.375626e-01
5.94500,0.554742,0.762960,-0.892396,2.445354e-01,-5.286282e-02,-1.379220e-01
5.94750,0.555353,0.762826,-0.892741,2.443835e-01,-5.353474e-02,-1.380937e-01
5.95000,0.555964,0.762691,-0.893086,2.442330e-01,-5.420618e-02,-1.380628e-01
5.95250,0.556574,0.762554,-0.893431,2.440853e-01,-5.487595e-02,-1.378356e-01
5.95500,0.557184,0.762415,-0.893774,2.439424e-01,-5.554452e-02,-1.374242e-01
5.95750,0.557793,0.762274,-0.894116,2.438046e-01,-5.621067e-02,-1.368632e-01
5.96000,0.558402,0.762132,-0.894457,2.436737e-01,-5.687656e-02,-1.361918e-01
5.96250,0.559011,0.761988,-0.894795,2.435486e-01,-5.754134e-02,-1.354390e-01
5.96500,0.559620,0.761843,-0.895132,2.434310e-01,-5.820837e-02,-1.346306e-01
5.96750,0.560228,0.761696,-0.895466,2.433196e-01,-5.887622e-02,-1.337761e-01
5.97000,0.560836,0.761547,-0.895799,2.432110e-01,-5.954739e-02,-1.329085e-01
5.97250,0.561444,0.761396,-0.896129,2.431024e-01,-6.022070e-02,-1.320492e-01
5.97500,0.562051,0.761244,-0.896457,2.429930e-01,-6.089788e-02,-1.312266e-01
5.97750,0.562659,0.761090,-0.896783,2.428807e-01,-6.157797e-02,-1.304535e-01
5.98000,0.563266,0.760934,-0.897107,2.427631e-01,-6.226177e-02,-1.297592e-01
5.98250,0.563872,0.760777,-0.897430,2.426387e-01,-6.294869e-02,-1.291498e-01
5.98500,0.564478,0.760618,-0.897752,2.425005e-01,-6.363904e-02,-1.286554e-01
5.98750,0.565084,0.760457,-0.898073,2.423443e-01,-6.433228e-02,-1.283004e-01
5.99000,0.565690,0.760294,-0.898393,2.421665e-01,-6.502755e-02,-1.281096e-01
5.99250,0.566295,0.760130,-0.898713,2.419617e-01,-6.572503e-02,-1.281172e-01
5.99500,0.566899,0.759964,-0.899034,2.417279e-01,-6.642302e-02,-1.283239e-01
5.99750,0.567503,0.759796,-0.899356,2.414640e-01,-6.712083e-02,-1.287252e-01
6.00000,0.568106,0.759627,-0.899679,2.411777e-01,-6.781676e-02,-1.292719e-01
6.00250,0.568708,0.759455,-0.900004,2.408779e-01,-6.851153e-02,-1.298759e-01
6.00500,0.569309,0.759282,-0.900330,2.405663e-01,-6.920538e-02,-1.304560e-01
6.00750,0.569910,0.759108,-0.900657,2.402493e-01,-6.989744e-02,-1.309325e-01
6.01000,0.570510,0.758931,-0.900985,2.399292e-01,-7.058891e-02,-1.312628e-01
6.01250,0.571109,0.758753,-0.901314,2.396107e-01,-7.127894e-02,-1.314149e-01
6.01500,0.571707,0.758573,-0.901642,2.392948e-01,-7.196827e-02,-1.313839e-01
6.01750,0.572304,0.758391,-0.901970,2.389816e-01,-7.265674e-02,-1.311836e-01
6.02000,0.572901,0.758208,-0.902297,2.386717e-01,-7.334549e-02,-1.308393e-01
6.02250,0.573497,0.758023,-0.902623,2.383672e-01,-7.403355e-02,-1.303750e-01
6.02500,0.574092,0.757836,-0.902948,2.380695e-01,-7.472145e-02,-1.298133e-01
6.02750,0.574686,0.757648,-0.903271,2.377769e-01,-7.540940e-02,-1.291772e-01
6.03000,0.575280,0.757457,-0.903592,2.374915e-01,-7.609676e-02,-1.284876e-01
6.03250,0.575873,0.757265,-0.903911,2.372109e-01,-7.678495e-02,-1.277689e-01
6.03500,0.576466,0.757072,-0.904229,2.369305e-01,-7.747541e-02,-1.270502e-01
6.03750,0.577057,0.756876,-0.904545,2.366489e-01,-7.816779e-02,-1.263592e-01
6.04000,0.577648,0.756679,-0.904859,2.363662e-01,-7.886292e-02,-1.257233e-01
6.04250,0.578238,0.756480,-0.905172,2.360796e-01,-7.956104e-02,-1.251571e-01
6.04500,0.578828,0.756280,-0.905484,2.357844e-01,-8.026246e-02,-1.246849e-01
6.04750,0.579416,0.756077,-0.905795,2.354787e-01,-8.096635e-02,-1.243184e-01
6.05000,0.580004,0.755873,-0.906105,2.351598e-01,-8.167192e-02,-1.240729e-01
6.05250,0.580591,0.755667,-0.906415,2.348230e-01,-8.237879e-02,-1.239695e-01
6.05500,0.581178,0.755459,-0.906725,2.344644e-01,-8.308764e-02,-1.240209e-01
6.05750,0.581763,0.755250,-0.907035,2.340802e-01,-8.379939e-02,-1.242453e-01
6.06000,0.582347,0.755039,-0.907347,2.336679e-01,-8.451344e-02,-1.246586e-01
6.06250,0.582930,0.754826,-0.907660,2.332238e-01,-8.522812e-02,-1.252609e-01
6.06500,0.583512,0.754611,-0.907975,2.327511e-01,-8.594211e-02,-1.260213e-01
6.06750,0.584093,0.754394,-0.908292,2.322611e-01,-8.665594e-02,-1.268609e-01
6.07000,0.584672,0.754176,-0.908612,2.317556e-01,-8.736853e-02,-1.277109e-01
6.07250,0.585250,0.753955,-0.908933,2.312391e-01,-8.808021e-02,-1.285051e-01
6.07500,0.585827,0.753733,-0.909256,2.307148e-01,-8.879078e-02,-1.291901e-01
6.07750,0.586402,0.753510,-0.909580,2.301871e-01,-8.949955e-02,-1.297271e-01
6.08000,0.586976,0.753284,-0.909905,2.296568e-01,-9.020609e-02,-1.300945e-01
6.08250,0.587549,0.753057,-0.910231,2.291252e-01,-9.091176e-02,-1.302960e-01
6.08500,0.588121,0.752828,-0.910557,2.285940e-01,-9.161553e-02,-1.303520e-01
6.08750,0.588691,0.752597,-0.910883,2.280631e-01,-9.231660e-02,-1.302867e-01
6.09000,0.589260,0.752364,-0.911208,2.275323e-01,-9.301618e-02,-1.301282e-01
6.09250,0.589827,0.752130,-0.911533,2.270018e-01,-9.371465e-02,-1.298972e-01
6.09500,0.590393,0.751894,-0.911857,2.264738e-01,-9.441211e-02,-1.296087e-01
6.09750,0.590958,0.751656,-0.912180,2.259470e-01,-9.510799e-02,-1.292691e-01
6.10000,0.591522,0.751417,-0.912502,2.254197e-01,-9.580258e-02,-1.288918e-01
6.10250,0.592084,0.751176,-0.912824,2.248906e-01,-9.649797e-02,-1.284923e-01
6.10500,0.592645,0.750933,-0.913144,2.243587e-01,-9.719498e-02,-1.280821e-01
6.10750,0.593204,0.750688,-0.913463,2.238200e-01,-9.789483e-02,-1.276813e-01
6.11000,0.593763,0.750441,-0.913781,2.232720e-01,-9.859802e-02,-1.273098e-01
6.11250,0.594319,0.750193,-0.914099,2.227149e-01,-9.930366e-02,-1.269803e-01
6.11500,0.594875,0.749943,-0.914415,2.221452e-01,-1.000117e-01,-1.267103e-01
6.11750,0.595429,0.749691,-0.914732,2.215592e-01,-1.007229e-01,-1.265099e-01
6.12000,0.595981,0.749438,-0.915048,2.209569e-01,-1.014364e-01,-1.263864e-01
6.12250,0.596532,0.749182,-0.915364,2.203347e-01,-1.021506e-01,-1.263566e-01
6.12500,0.597081,0.748925,-0.915680,2.196902e-01,-1.028638e-01,-1.264325e-01
6.12750,0.597629,0.748666,-0.915996,2.190202e-01,-1.035760e-01,-1.266248e-01
6.13000,0.598175,0.748406,-0.916314,2.183220e-01,-1.042868e-01,-1.269338e-01
6.13250,0.598719,0.748143,-0.916632,2.175948e-01,-1.049947e-01,-1.273487e-01
6.13500,0.599261,0.747879,-0.916951,2.168437e-01,-1.056993e-01,-1.278326e-01
6.13750,0.599801,0.747613,-0.917272,2.160763e-01,-1.063993e-01,-1.283217e-01
6.14000,0.600339,0.747345,-0.917594,2.152950e-01,-1.070947e-01,-1.287649e-01
6.14250,0.600875,0.747076,-0.917917,2.145062e-01,-1.077844e-01,-1.291103e-01
6.14500,0.601410,0.746804,-0.918240,2.137117e-01,-1.084681e-01,-1.293200e-01
6.14750,0.601942,0.746532,-0.918564,2.129150e-01,-1.091464e-01,-1.293694e-01
6.15000,0.602472,0.746257,-0.918887,2.121203e-01,-1.098192e-01,-1.292565e-01
6.15250,0.603001,0.745981,-0.919209,2.113302e-01,-1.104860e-01,-1.289787e-01
6.15500,0.603527,0.745703,-0.919531,2.105455e-01,-1.111486e-01,-1.285495e-01
6.15750,0.604051,0.745423,-0.919851,2.097665e-01,-1.118075e-01,-1.279896e-01
6.16000,0.604574,0.745142,-0.920169,2.089942e-01,-1.124631e-01,-1.273234e-01
6.16250,0.605094,0.744859,-0.920485,2.082284e-01,-1.131152e-01,-1.265789e-01
6.16500,0.605613,0.744575,-0.920800,2.074697e-01,-1.137653e-01,-1.257740e-01
6.16750,0.606130,0.744289,-0.921112,2.067183e-01,-1.144159e-01,-1.249355e-01
6.17000,0.606645,0.744001,-0.921422,2.059742e-01,-1.150669e-01,-1.240761e-01
6.17250,0.607158,0.743712,-0.921730,2.052353e-01,-1.157183e-01,-1.232108e-01
6.17500,0.607669,0.743421,-0.922036,2.045010e-01,-1.163705e-01,-1.223495e-01
6.17750,0.608179,0.743129,-0.922340,2.037698e-01,-1.170232e-01,-1.215064e-01
6.18000,0.608686,0.742834,-0.922642,2.030410e-01,-1.176754e-01,-1.207007e-01
6.18250,0.609192,0.742539,-0.922942,2.023116e-01,-1.183273e-01,-1.199537e-01
6.18500,0.609696,0.742241,-0.923240,2.015804e-01,-1.189792e-01,-1.192758e-01
6.18750,0.610198,0.741942,-0.923537,2.008456e-01,-1.196320e-01,-1.186754e-01
6.19000,0.610698,0.741641,-0.923832,2.001043e-01,-1.202858e-01,-1.181676e-01
6.19250,0.611197,0.741339,-0.924126,1.993551e-01,-1.209396e-01,-1.177550e-01
6.19500,0.611693,0.741035,-0.924420,1.985957e-01,-1.215944e-01,-1.174395e-01
6.19750,0.612188,0.740729,-0.924713,1.978234e-01,-1.222486e-01,-1.172260e-01
6.20000,0.612680,0.740422,-0.925006,1.970368e-01,-1.229020e-01,-1.171110e-01
6.20250,0.613171,0.740113,-0.925299,1.962336e-01,-1.235548e-01,-1.171007e-01
6.20500,0.613659,0.739803,-0.925592,1.954110e-01,-1.242067e-01,-1.171978e-01
6.20750,0.614146,0.739491,-0.925885,1.945684e-01,-1.248578e-01,-1.174050e-01
6.21000,0.614630,0.739177,-0.926179,1.937082e-01,-1.255074e-01,-1.177068e-01
6.21250,0.615112,0.738861,-0.926474,1.928357e-01,-1.261548e-01,-1.180639e-01
6.21500,0.615592,0.738544,-0.926771,1.919514e-01,-1.268007e-01,-1.184416e-01
6.21750,0.616070,0.738226,-0.927068,1.910585e-01,-1.274443e-01,-1.188057e-01
6.22000,0.616545,0.737906,-0.927365,1.901592e-01,-1.280851e-01,-1.191324e-01
6.22250,0.617018,0.737584,-0.927664,1.892551e-01,-1.287220e-01,-1.194061e-01
6.22500,0.617489,0.737260,-0.927963,1.883482e-01,-1.293538e-01,-1.196107e-01
6.22750,0.617958,0.736935,-0.928262,1.874400e-01,-1.299808e-01,-1.197364e-01
6.23000,0.618424,0.736609,-0.928562,1.865308e-01,-1.306029e-01,-1.197823e-01
6.23250,0.618888,0.736281,-0.928861,1.856221e-01,-1.312194e-01,-1.197500e-01
6.23500,0.619350,0.735951,-0.929160,1.847139e-01,-1.318288e-01,-1.196449e-01
6.23750,0.619809,0.735620,-0.929459,1.838053e-01,-1.324318e-01,-1.194770e-01
6.24000,0.620267,0.735288,-0.929757,1.828965e-01,-1.330287e-01,-1.192530e-01
6.24250,0.620722,0.734954,-0.930055,1.819883e-01,-1.336201e-01,-1.189793e-01
6.24500,0.621174,0.734618,-0.930351,1.810805e-01,-1.342068e-01,-1.186623e-01
6.24750,0.621625,0.734281,-0.930647,1.801728e-01,-1.347895e-01,-1.183050e-01
6.25000,0.622073,0.733943,-0.930942,1.792652e-01,-1.353687e-01,-1.179096e-01
6.25250,0.622519,0.733603,-0.931235,1.783573e-01,-1.359451e-01,-1.174763e-01
6.25500,0.622962,0.733262,-0.931528,1.774487e-01,-1.365193e-01,-1.170090e-01
6.25750,0.623404,0.732919,-0.931819,1.765381e-01,-1.370917e-01,-1.165146e-01
6.26000,0.623843,0.732575,-0.932109,1.756251e-01,-1.376630e-01,-1.160012e-01
6.26250,0.624280,0.732229,-0.932398,1.747097e-01,-1.382328e-01,-1.154764e-01
6.26500,0.624714,0.731882,-0.932685,1.737914e-01,-1.388007e-01,-1.149462e-01
6.26750,0.625146,0.731534,-0.932971,1.728696e-01,-1.393662e-01,-1.144187e-01
6.27000,0.625576,0.731184,-0.933256,1.719438e-01,-1.399294e-01,-1.139020e-01
6.27250,0.626004,0.730833,-0.933540,1.710132e-01,-1.404904e-01,-1.133985e-01
6.27500,0.626429,0.730480,-0.933822,1.700777e-01,-1.410501e-01,-1.129186e-01
6.27750,0.626852,0.730126,-0.934103,1.691362e-01,-1.416077e-01,-1.124715e-01
6.28000,0.627272,0.729771,-0.934383,1.681887e-01,-1.421632e-01,-1.120719e-01
6.28250,0.627690,0.729414,-0.934663,1.672346e-01,-1.427161e-01,-1.117249e-01
6.28500,0.628106,0.729056,-0.934941,1.662730e-01,-1.432658e-01,-1.114401e-01
6.28750,0.628519,0.728696,-0.935219,1.653022e-01,-1.438133e-01,-1.112192e-01
6.29000,0.628930,0.728335,-0.935497,1.643226e-01,-1.443572e-01,-1.110611e-01
6.29250,0.629338,0.727973,-0.935774,1.633313e-01,-1.448976e-01,-1.109631e-01
6.29500,0.629744,0.727609,-0.936052,1.623300e-01,-1.454345e-01,-1.109075e-01
6.29750,0.630147,0.727244,-0.936329,1.613196e-01,-1.459689e-01,-1.108800e-01
6.30000,0.630548,0.726878,-0.936606,1.603035e-01,-1.465013e-01,-1.108500e-01
6.30250,0.630946,0.726511,-0.936883,1.592826e-01,-1.470314e-01,-1.107960e-01
6.30500,0.631342,0.726142,-0.937160,1.582589e-01,-1.475589e-01,-1.106973e-01
6.30750,0.631735,0.725772,-0.937436,1.572334e-01,-1.480833e-01,-1.105415e-01
6.31000,0.632126,0.725400,-0.937712,1.562082e-01,-1.486045e-01,-1.103245e-01
6.31250,0.632514,0.725027,-0.937987,1.551846e-01,-1.491226e-01,-1.100553e-01
6.31500,0.632899,0.724653,-0.938261,1.541636e-01,-1.496370e-01,-1.097474e-01
6.31750,0.633282,0.724278,-0.938535,1.531454e-01,-1.501469e-01,-1.094190e-01
6.32000,0.633662,0.723901,-0.938807,1.521297e-01,-1.506519e-01,-1.090855e-01
6.32250,0.634040,0.723523,-0.939079,1.511167e-01,-1.511523e-01,-1.087612e-01
6.32500,0.634415,0.723144,-0.939351,1.501066e-01,-1.516478e-01,-1.084588e-01
6.32750,0.634788,0.722764,-0.939621,1.490987e-01,-1.521381e-01,-1.081845e-01
6.33000,0.635158,0.722382,-0.939891,1.480927e-01,-1.526221e-01,-1.079396e-01
6.33250,0.635526,0.721999,-0.940160,1.470890e-01,-1.530998e-01,-1.077220e-01
6.33500,0.635891,0.721616,-0.940429,1.460872e-01,-1.535713e-01,-1.075278e-01
6.33750,0.636254,0.721230,-0.940697,1.450866e-01,-1.540371e-01,-1.073470e-01
6.34000,0.636614,0.720844,-0.940965,1.440871e-01,-1.544978e-01,-1.071698e-01
6.34250,0.636972,0.720457,-0.941233,1.430888e-01,-1.549534e-01,-1.069845e-01
6.34500,0.637327,0.720068,-0.941500,1.420917e-01,-1.554044e-01,-1.067811e-01
6.34750,0.637680,0.719679,-0.941766,1.410951e-01,-1.558508e-01,-1.065494e-01
6.35000,0.638030,0.719288,-0.942032,1.400986e-01,-1.562929e-01,-1.062894e-01
6.35250,0.638378,0.718896,-0.942297,1.391011e-01,-1.567308e-01,-1.059998e-01
6.35500,0.638723,0.718503,-0.942561,1.381024e-01,-1.571650e-01,-1.056834e-01
6.35750,0.639066,0.718109,-0.942824,1.371025e-01,-1.575958e-01,-1.053456e-01
6.36000,0.639406,0.717714,-0.943087,1.361006e-01,-1.580239e-01,-1.049887e-01
6.36250,0.639744,0.717318,-0.943348,1.350963e-01,-1.584494e-01,-1.046167e-01
6.36500,0.640079,0.716921,-0.943609,1.340892e-01,-1.588723e-01,-1.042281e-01
6.36750,0.640412,0.716523,-0.943869,1.330799e-01,-1.592922e-01,-1.038288e-01
6.37000,0.640742,0.716123,-0.944127,1.320676e-01,-1.597090e-01,-1.034204e-01
6.37250,0.641070,0.715723,-0.944385,1.310535e-01,-1.601229e-01,-1.030077e-01
6.37500,0.641395,0.715322,-0.944641,1.300374e-01,-1.605331e-01,-1.025908e-01
6.37750,0.641717,0.714919,-0.944896,1.290198e-01,-1.609394e-01,-1.021714e-01
6.38000,0.642037,0.714516,-0.945151,1.280019e-01,-1.613417e-01,-1.017553e-01
6.38250,0.642355,0.714112,-0.945404,1.269827e-01,-1.617399e-01,-1.013478e-01
6.38500,0.642670,0.713706,-0.945657,1.259623e-01,-1.621338e-01,-1.009542e-01
6.38750,0.642982,0.713300,-0.945908,1.249403e-01,-1.625237e-01,-1.005809e-01
6.39000,0.643292,0.712893,-0.946159,1.239161e-01,-1.629092e-01,-1.002237e-01
6.39250,0.643599,0.712484,-0.946408,1.228897e-01,-1.632910e-01,-9.988505e-02
6.39500,0.643904,0.712075,-0.946657,1.218607e-01,-1.636695e-01,-9.956423e-02
6.39750,0.644206,0.711665,-0.946905,1.208286e-01,-1.640447e-01,-9.926387e-02
6.40000,0.644505,0.711254,-0.947153,1.197927e-01,-1.644167e-01,-9.898063e-02
6.40250,0.644802,0.710842,-0.947400,1.187532e-01,-1.647862e-01,-9.871388e-02
6.40500,0.645096,0.710429,-0.947646,1.177100e-01,-1.651531e-01,-9.846301e-02
6.40750,0.645388,0.710016,-0.947891,1.166630e-01,-1.655173e-01,-9.822577e-02
6.41000,0.645677,0.709601,-0.948136,1.156128e-01,-1.658786e-01,-9.800048e-02
6.41250,0.645963,0.709185,-0.948381,1.145602e-01,-1.662366e-01,-9.778822e-02
6.41500,0.646247,0.708769,-0.948625,1.135060e-01,-1.665907e-01,-9.759088e-02
6.41750,0.646528,0.708351,-0.948868,1.124509e-01,-1.669413e-01,-9.741043e-02
6.42000,0.646807,0.707933,-0.949111,1.113947e-01,-1.672876e-01,-9.725136e-02
6.42250,0.647083,0.707514,-0.949354,1.103381e-01,-1.676293e-01,-9.711769e-02
6.42500,0.647356,0.707094,-0.949597,1.092815e-01,-1.679659e-01,-9.701013e-02
6.42750,0.647626,0.706673,-0.949839,1.082250e-01,-1.682970e-01,-9.692688e-02
6.43000,0.647894,0.706252,-0.950081,1.071695e-01,-1.686225e-01,-9.686305e-02
6.43250,0.648160,0.705830,-0.950323,1.061149e-01,-1.689417e-01,-9.681328e-02
6.43500,0.648422,0.705406,-0.950565,1.050608e-01,-1.692553e-01,-9.676453e-02
6.43750,0.648682,0.704983,-0.950807,1.040075e-01,-1.695631e-01,-9.671006e-02
6.44000,0.648940,0.704558,-0.951049,1.029547e-01,-1.698651e-01,-9.664415e-02
6.44250,0.649194,0.704132,-0.951290,1.019029e-01,-1.701603e-01,-9.655968e-02
6.44500,0.649446,0.703706,-0.951531,1.008528e-01,-1.704489e-01,-9.645011e-02
6.44750,0.649696,0.703279,-0.951772,9.980401e-02,-1.707313e-01,-9.631205e-02
6.45000,0.649943,0.702852,-0.952012,9.875647e-02,-1.710074e-01,-9.614385e-02
6.45250,0.650187,0.702424,-0.952252,9.771029e-02,-1.712774e-01,-9.594366e-02
6.45500,0.650429,0.701995,-0.952491,9.666581e-02,-1.715423e-01,-9.571323e-02
6.45750,0.650668,0.701565,-0.952730,9.562322e-02,-1.718020e-01,-9.545266e-02
6.46000,0.650904,0.701135,-0.952968,9.458289e-02,-1.720571e-01,-9.515956e-02
6.46250,0.651138,0.700705,-0.953205,9.354506e-02,-1.723082e-01,-9.483277e-02
6.46500,0.651369,0.700273,-0.953441,9.251021e-02,-1.725547e-01,-9.447404e-02
6.46750,0.651598,0.699841,-0.953676,9.147851e-02,-1.727970e-01,-9.408682e-02
6.47000,0.651824,0.699409,-0.953911,9.045051e-02,-1.730348e-01,-9.367389e-02
6.47250,0.652048,0.698975,-0.954144,8.942696e-02,-1.732685e-01,-9.323953e-02
6.47500,0.652269,0.698542,-0.954376,8.840853e-02,-1.734986e-01,-9.278831e-02
6.47750,0.652487,0.698107,-0.954606,8.739546e-02,-1.737253e-01,-9.232442e-02
6.48000,0.652703,0.697672,-0.954836,8.638804e-02,-1.739488e-01,-9.185275e-02
6.48250,0.652917,0.697237,-0.955065,8.538579e-02,-1.741694e-01,-9.137738e-02
6.48500,0.653128,0.696801,-0.955292,8.438901e-02,-1.743866e-01,-9.090225e-02
6.48750,0.653336,0.696365,-0.955518,8.339715e-02,-1.746005e-01,-9.042652e-02
6.49000,0.653542,0.695928,-0.955743,8.241026e-02,-1.748116e-01,-8.995376e-02
6.49250,0.653746,0.695490,-0.955967,8.142780e-02,-1.750197e-01,-8.948938e-02
6.49500,0.653947,0.695052,-0.956189,8.045010e-02,-1.752246e-01,-8.903945e-02
6.49750,0.654146,0.694613,-0.956411,7.947632e-02,-1.754261e-01,-8.860598e-02
6.50000,0.654342,0.694174,-0.956631,7.850678e-02,-1.756242e-01,-8.819031e-02
6.50250,0.654536,0.693735,-0.956851,7.754151e-02,-1.758188e-01,-8.779293e-02
6.50500,0.654727,0.693295,-0.957069,7.658045e-02,-1.760099e-01,-8.741406e-02
6.50750,0.654916,0.692854,-0.957287,7.562330e-02,-1.761974e-01,-8.705689e-02
6.51000,0.655103,0.692413,-0.957504,7.467017e-02,-1.763807e-01,-8.672374e-02
6.51250,0.655287,0.691972,-0.957720,7.372043e-02,-1.765603e-01,-8.641452e-02
6.51500,0.655469,0.691530,-0.957935,7.277411e-02,-1.767366e-01,-8.613092e-02
6.51750,0.655649,0.691088,-0.958150,7.182962e-02,-1.769088e-01,-8.587372e-02
6.52000,0.655826,0.690645,-0.958364,7.088700e-02,-1.770766e-01,-8.563910e-02
6.52250,0.656001,0.690202,-0.958577,6.994594e-02,-1.772401e-01,-8.542467e-02
6.52500,0.656173,0.689758,-0.958790,6.900571e-02,-1.773992e-01,-8.522284e-02
6.52750,0.656344,0.689315,-0.959003,6.806595e-02,-1.775537e-01,-8.502691e-02
6.53000,0.656511,0.688870,-0.959215,6.712656e-02,-1.777033e-01,-8.483246e-02
6.53250,0.656677,0.688426,-0.959427,6.618668e-02,-1.778475e-01,-8.463616e-02
6.53500,0.656840,0.687981,-0.959638,6.524628e-02,-1.779859e-01,-8.443645e-02
6.53750,0.657001,0.687535,-0.959848,6.430545e-02,-1.781181e-01,-8.422859e-02
6.54000,0.657159,0.687090,-0.960058,6.336434e-02,-1.782446e-01,-8.400885e-02
6.54250,0.657315,0.686644,-0.960268,6.242282e-02,-1.783652e-01,-8.377329e-02
6.54500,0.657469,0.686198,-0.960476,6.148126e-02,-1.784801e-01,-8.352165e-02
6.54750,0.657620,0.685751,-0.960685,6.053930e-02,-1.785895e-01,-8.325353e-02
6.55000,0.657769,0.685305,-0.960892,5.959723e-02,-1.786935e-01,-8.297034e-02
6.55250,0.657916,0.684858,-0.961099,5.865537e-02,-1.787921e-01,-8.267090e-02
6.55500,0.658060,0.684410,-0.961305,5.771410e-02,-1.788857e-01,-8.235634e-02
6.55750,0.658202,0.683963,-0.961510,5.677317e-02,-1.789736e-01,-8.202941e-02
6.56000,0.658342,0.683515,-0.961714,5.583298e-02,-1.790566e-01,-8.169327e-02
6.56250,0.658479,0.683067,-0.961917,5.489360e-02,-1.791351e-01,-8.134931e-02
6.56500,0.658614,0.682619,-0.962120,5.395612e-02,-1.792093e-01,-8.099959e-02
6.56750,0.658746,0.682171,-0.962321,5.302070e-02,-1.792798e-01,-8.064493e-02
6.57000,0.658877,0.681723,-0.962522,5.208782e-02,-1.793466e-01,-8.028562e-02
6.57250,0.659004,0.681274,-0.962722,5.115701e-02,-1.794105e-01,-7.992228e-02
6.57500,0.659130,0.680826,-0.962921,5.022872e-02,-1.794715e-01,-7.955609e-02
6.57750,0.659253,0.680377,-0.963119,4.930330e-02,-1.795297e-01,-7.918878e-02
6.58000,0.659374,0.679928,-0.963316,4.838066e-02,-1.795848e-01,-7.882222e-02
6.58250,0.659493,0.679479,-0.963512,4.746061e-02,-1.796378e-01,-7.845990e-02
6.58500,0.659609,0.679029,-0.963707,4.654323e-02,-1.796886e-01,-7.810702e-02
6.58750,0.659723,0.678580,-0.963902,4.562884e-02,-1.797373e-01,-7.776970e-02
6.59000,0.659835,0.678131,-0.964095,4.471715e-02,-1.797836e-01,-7.745222e-02
6.59250,0.659945,0.677681,-0.964288,4.380811e-02,-1.798273e-01,-7.715463e-02
6.59500,0.660052,0.677231,-0.964480,4.290143e-02,-1.798686e-01,-7.687826e-02
6.59750,0.660157,0.676782,-0.964672,4.199739e-02,-1.799070e-01,-7.662940e-02
6.60000,0.660260,0.676332,-0.964863,4.109534e-02,-1.799421e-01,-7.641203e-02
6.60250,0.660360,0.675882,-0.965054,4.019485e-02,-1.799739e-01,-7.622907e-02
6.60500,0.660458,0.675432,-0.965244,3.929561e-02,-1.800021e-01,-7.607661e-02
6.60750,0.660554,0.674982,-0.965434,3.839739e-02,-1.800269e-01,-7.595208e-02
6.61000,0.660648,0.674532,-0.965623,3.750029e-02,-1.800474e-01,-7.585093e-02
6.61250,0.660740,0.674082,-0.965813,3.660434e-02,-1.800638e-01,-7.576708e-02
6.61500,0.660829,0.673631,-0.966002,3.570907e-02,-1.800756e-01,-7.569297e-02
6.61750,0.660916,0.673181,-0.966191,3.481472e-02,-1.800830e-01,-7.562221e-02
6.62000,0.661001,0.672731,-0.966380,3.392105e-02,-1.800859e-01,-7.555015e-02
6.62250,0.661083,0.672281,-0.966569,3.302821e-02,-1.800840e-01,-7.547259e-02
6.62500,0.661164,0.671831,-0.966757,3.213604e-02,-1.800780e-01,-7.538712e-02
6.62750,0.661242,0.671380,-0.966945,3.124498e-02,-1.800674e-01,-7.528791e-02
6.63000,0.661318,0.670930,-0.967133,3.035564e-02,-1.800522e-01,-7.516919e-02
6.63250,0.661391,0.670480,-0.967321,2.946814e-02,-1.800326e-01,-7.502594e-02
6.63500,0.661463,0.670030,-0.967508,2.858254e-02,-1.800090e-01,-7.485509e-02
6.63750,0.661532,0.669580,-0.967694,2.769939e-02,-1.799818e-01,-7.465833e-02
6.64000,0.661599,0.669130,-0.967881,2.681894e-02,-1.799506e-01,-7.443828e-02
6.64250,0.661664,0.668681,-0.968066,2.594181e-02,-1.799156e-01,-7.419532e-02
6.64500,0.661727,0.668231,-0.968251,2.506816e-02,-1.798775e-01,-7.393056e-02
6.64750,0.661787,0.667781,-0.968435,2.419813e-02,-1.798357e-01,-7.364744e-02
6.65000,0.661845,0.667332,-0.968618,2.333229e-02,-1.797908e-01,-7.334988e-02
6.65250,0.661902,0.666882,-0.968801,2.247119e-02,-1.797425e-01,-7.304055e-02
6.65500,0.661956,0.666433,-0.968983,2.161513e-02,-1.796914e-01,-7.272163e-02
6.65750,0.662008,0.665984,-0.969164,2.076400e-02,-1.796379e-01,-7.239235e-02
6.66000,0.662057,0.665535,-0.969344,1.991801e-02,-1.795821e-01,-7.205453e-02
6.66250,0.662105,0.665086,-0.969523,1.907702e-02,-1.795239e-01,-7.170968e-02
6.66500,0.662151,0.664638,-0.969702,1.824117e-02,-1.794635e-01,-7.136131e-02
6.66750,0.662194,0.664189,-0.969879,1.741067e-02,-1.794008e-01,-7.101151e-02
6.67000,0.662236,0.663741,-0.970056,1.658564e-02,-1.793355e-01,-7.066318e-02
6.67250,0.662275,0.663293,-0.970232,1.576545e-02,-1.792681e-01,-7.032024e-02
6.67500,0.662312,0.662845,-0.970407,1.495034e-02,-1.791985e-01,-6.998833e-02
6.67750,0.662348,0.662397,-0.970581,1.413988e-02,-1.791269e-01,-6.967244e-02
6.68000,0.662381,0.661949,-0.970754,1.333392e-02,-1.790531e-01,-6.937683e-02
6.68250,0.662412,0.661502,-0.970927,1.253239e-02,-1.789765e-01,-6.910358e-02
6.68500,0.662442,0.661055,-0.971099,1.173502e-02,-1.788969e-01,-6.885393e-02
6.68750,0.662469,0.660607,-0.971271,1.094116e-02,-1.788143e-01,-6.862904e-02
6.69000,0.662494,0.660161,-0.971442,1.015080e-02,-1.787282e-01,-6.843093e-02
6.69250,0.662518,0.659714,-0.971612,9.363325e-03,-1.786387e-01,-6.825756e-02
6.69500,0.662539,0.659268,-0.971783,8.578718e-03,-1.785455e-01,-6.810608e-02
6.69750,0.662559,0.658822,-0.971953,7.796568e-03,-1.784487e-01,-6.797222e-02
6.70000,0.662576,0.658376,-0.972122,7.016440e-03,-1.783482e-01,-6.784916e-02
6.70250,0.662592,0.657930,-0.972292,6.238190e-03,-1.782442e-01,-6.773126e-02
6.70500,0.662606,0.657485,-0.972461,5.461787e-03,-1.781366e-01,-6.761342e-02
6.70750,0.662617,0.657040,-0.972629,4.686962e-03,-1.780257e-01,-6.749158e-02
6.71000,0.662627,0.656595,-0.972798,3.914018e-03,-1.779115e-01,-6.736287e-02
6.71250,0.662635,0.656150,-0.972966,3.142743e-03,-1.777938e-01,-6.722537e-02
6.71500,0.662641,0.655706,-0.973133,2.373251e-03,-1.776730e-01,-6.707762e-02
6.71750,0.662645,0.655262,-0.973301,1.605439e-03,-1.775492e-01,-6.691746e-02
6.72000,0.662647,0.654819,-0.973468,8.402220e-04,-1.774217e-01,-6.674196e-02
6.72250,0.662647,0.654376,-0.973634,7.758777e-05,-1.772910e-01,-6.654949e-02
6.72500,0.662646,0.653933,-0.973800,-6.823198e-04,-1.771570e-01,-6.633875e-02
6.72750,0.662642,0.653490,-0.973965,-1.439179e-03,-1.770199e-01,-6.611005e-02
6.73000,0.662636,0.653048,-0.974130,-2.192674e-03,-1.768796e-01,-6.586397e-02
6.73250,0.662629,0.652606,-0.974294,-2.942332e-03,-1.767368e-01,-6.560306e-02
6.73500,0.662620,0.652165,-0.974457,-3.687992e-03,-1.765912e-01,-6.532991e-02
6.73750,0.662609,0.651724,-0.974620,-4.429526e-03,-1.764430e-01,-6.504818e-02
6.74000,0.662596,0.651283,-0.974782,-5.166622e-03,-1.762920e-01,-6.476052e-02
6.74250,0.662581,0.650842,-0.974943,-5.899221e-03,-1.761385e-01,-6.446891e-02
6.74500,0.662565,0.650402,-0.975103,-6.627382e-03,-1.759828e-01,-6.417388e-02
6.74750,0.662546,0.649963,-0.975263,-7.350922e-03,-1.758252e-01,-6.387613e-02
6.75000,0.662526,0.649524,-0.975422,-8.070164e-03,-1.756658e-01,-6.357652e-02
6.75250,0.662504,0.649085,-0.975580,-8.784753e-03,-1.755048e-01,-6.327639e-02
6.75500,0.662480,0.648647,-0.975737,-9.494918e-03,-1.753421e-01,-6.297711e-02
6.75750,0.662455,0.648209,-0.975894,-1.020042e-02,-1.751778e-01,-6.268012e-02
6.76000,0.662428,0.647771,-0.976050,-1.090175e-02,-1.750121e-01,-6.238804e-02
6.76250,0.662399,0.647334,-0.976205,-1.159885e-02,-1.748445e-01,-6.210257e-02
6.76500,0.662368,0.646897,-0.976360,-1.229186e-02,-1.746755e-01,-6.182739e-02
6.76750,0.662335,0.646461,-0.976514,-1.298090e-02,-1.745049e-01,-6.156566e-02
6.77000,0.662301,0.646025,-0.976667,-1.366659e-02,-1.743326e-01,-6.132118e-02
6.77250,0.662265,0.645590,-0.976820,-1.434897e-02,-1.741587e-01,-6.109548e-02
6.77500,0.662228,0.645155,-0.976972,-1.502827e-02,-1.739831e-01,-6.088929e-02
6.77750,0.662189,0.644720,-0.977124,-1.570449e-02,-1.738051e-01,-6.070169e-02
6.78000,0.662148,0.644286,-0.977275,-1.637800e-02,-1.736245e-01,-6.053300e-02
6.78250,0.662105,0.643853,-0.977426,-1.704876e-02,-1.734413e-01,-6.038108e-02
6.78500,0.662061,0.643420,-0.977577,-1.771722e-02,-1.732553e-01,-6.024414e-02
6.78750,0.662015,0.642987,-0.977727,-1.838387e-02,-1.730669e-01,-6.011636e-02
6.79000,0.661967,0.642555,-0.977877,-1.904875e-02,-1.728760e-01,-5.999331e-02
6.79250,0.661918,0.642123,-0.978027,-1.971179e-02,-1.726824e-01,-5.987044e-02
6.79500,0.661867,0.641692,-0.978176,-2.037312e-02,-1.724864e-01,-5.974431e-02
6.79750,0.661814,0.641261,-0.978325,-2.103261e-02,-1.722881e-01,-5.961296e-02
6.80000,0.661760,0.640831,-0.978474,-2.169045e-02,-1.720872e-01,-5.947432e-02
6.80250,0.661704,0.640401,-0.978622,-2.234635e-02,-1.718841e-01,-5.932807e-02
6.80500,0.661647,0.639972,-0.978770,-2.300037e-02,-1.716787e-01,-5.917338e-02
6.80750,0.661588,0.639543,-0.978918,-2.365227e-02,-1.714708e-01,-5.900956e-02
6.81000,0.661527,0.639115,-0.979065,-2.430189e-02,-1.712604e-01,-5.883622e-02
6.81250,0.661464,0.638688,-0.979211,-2.494894e-02,-1.710475e-01,-5.865195e-02
6.81500,0.661400,0.638260,-0.979357,-2.559324e-02,-1.708321e-01,-5.845488e-02
6.81750,0.661335,0.637834,-0.979503,-2.623450e-02,-1.706144e-01,-5.824501e-02
6.82000,0.661268,0.637408,-0.979648,-2.687241e-02,-1.703945e-01,-5.802264e-02
6.82250,0.661199,0.636982,-0.979793,-2.750651e-02,-1.701726e-01,-5.778919e-02
6.82500,0.661129,0.636558,-0.979936,-2.813676e-02,-1.699490e-01,-5.754652e-02
6.82750,0.661057,0.636133,-0.980080,-2.876282e-02,-1.697240e-01,-5.729702e-02
6.83000,0.660983,0.635710,-0.980222,-2.938473e-02,-1.694973e-01,-5.704343e-02
6.83250,0.660908,0.635286,-0.980364,-3.000257e-02,-1.692690e-01,-5.678690e-02
6.83500,0.660832,0.634864,-0.980506,-3.061613e-02,-1.690393e-01,-5.652939e-02
6.83750,0.660754,0.634442,-0.980646,-3.122540e-02,-1.688086e-01,-5.627335e-02
6.84000,0.660674,0.634020,-0.980786,-3.183036e-02,-1.685768e-01,-5.602055e-02
6.84250,0.660593,0.633599,-0.980926,-3.243115e-02,-1.683439e-01,-5.577141e-02
6.84500,0.660510,0.633179,-0.981065,-3.302800e-02,-1.681102e-01,-5.552610e-02
6.84750,0.660426,0.632760,-0.981203,-3.362098e-02,-1.678760e-01,-5.528617e-02
6.85000,0.660341,0.632340,-0.981340,-3.420996e-02,-1.676411e-01,-5.505151e-02
6.85250,0.660254,0.631922,-0.981477,-3.479506e-02,-1.674053e-01,-5.482347e-02
6.85500,0.660165,0.631504,-0.981614,-3.537664e-02,-1.671688e-01,-5.460288e-02
6.85750,0.660075,0.631087,-0.981750,-3.595462e-02,-1.669311e-01,-5.439086e-02
6.86000,0.659984,0.630670,-0.981885,-3.652910e-02,-1.666923e-01,-5.418949e-02
6.86250,0.659891,0.630254,-0.982020,-3.710045e-02,-1.664525e-01,-5.399917e-02
6.86500,0.659797,0.629838,-0.982155,-3.766891e-02,-1.662114e-01,-5.382027e-02
6.86750,0.659702,0.629423,-0.982289,-3.823448e-02,-1.659686e-01,-5.365390e-02
6.87000,0.659605,0.629009,-0.982423,-3.879739e-02,-1.657241e-01,-5.349996e-02
6.87250,0.659506,0.628595,-0.982556,-3.935753e-02,-1.654772e-01,-5.335858e-02
6.87500,0.659406,0.628182,-0.982689,-3.991508e-02,-1.652278e-01,-5.322882e-02
6.87750,0.659305,0.627770,-0.982822,-4.047023e-02,-1.649758e-01,-5.310886e-02
6.88000,0.659203,0.627358,-0.982955,-4.102328e-02,-1.647216e-01,-5.299595e-02
6.88250,0.659099,0.626947,-0.983087,-4.157429e-02,-1.644648e-01,-5.288642e-02
6.88500,0.658993,0.626536,-0.983219,-4.212320e-02,-1.642053e-01,-5.277715e-02
6.88750,0.658887,0.626126,-0.983350,-4.267003e-02,-1.639433e-01,-5.266572e-02
6.89000,0.658779,0.625717,-0.983482,-4.321486e-02,-1.636790e-01,-5.254976e-02
6.89250,0.658669,0.625309,-0.983613,-4.375781e-02,-1.634124e-01,-5.242840e-02
6.89500,0.658559,0.624901,-0.983744,-4.429889e-02,-1.631434e-01,-5.230131e-02
6.89750,0.658447,0.624494,-0.983874,-4.483797e-02,-1.628724e-01,-5.216936e-02
6.90000,0.658333,0.624087,-0.984004,-4.537523e-02,-1.625994e-01,-5.203344e-02
6.90250,0.658218,0.623681,-0.984134,-4.591083e-02,-1.623249e-01,-5.189361e-02
6.90500,0.658102,0.623276,-0.984263,-4.644453e-02,-1.620489e-01,-5.175075e-02
6.90750,0.657985,0.622872,-0.984392,-4.697609e-02,-1.617715e-01,-5.160540e-02
6.91000,0.657866,0.622468,-0.984521,-4.750575e-02,-1.614929e-01,-5.145741e-02
6.91250,0.657746,0.622065,-0.984649,-4.803328e-02,-1.612135e-01,-5.130655e-02
6.91500,0.657625,0.621663,-0.984777,-4.855865e-02,-1.609333e-01,-5.115311e-02
6.91750,0.657502,0.621261,-0.984905,-4.908171e-02,-1.606526e-01,-5.099746e-02
6.92000,0.657378,0.620860,-0.985032,-4.960228e-02,-1.603716e-01,-5.084011e-02
6.92250,0.657253,0.620460,-0.985158,-5.012033e-02,-1.600903e-01,-5.068181e-02
6.92500,0.657126,0.620060,-0.985285,-5.063582e-02,-1.598089e-01,-5.052389e-02
6.92750,0.656998,0.619662,-0.985411,-5.114860e-02,-1.595273e-01,-5.036873e-02
6.93000,0.656869,0.619264,-0.985536,-5.165887e-02,-1.592456e-01,-5.021756e-02
6.93250,0.656738,0.618866,-0.985661,-5.216639e-02,-1.589638e-01,-5.007177e-02
6.93500,0.656607,0.618469,-0.985786,-5.267132e-02,-1.586821e-01,-4.993178e-02
6.93750,0.656474,0.618073,-0.985911,-5.317367e-02,-1.584002e-01,-4.979821e-02
6.94000,0.656340,0.617678,-0.986035,-5.367341e-02,-1.581180e-01,-4.967045e-02
6.94250,0.656204,0.617284,-0.986159,-5.417058e-02,-1.578356e-01,-4.954661e-02
6.94500,0.656068,0.616890,-0.986282,-5.466503e-02,-1.575529e-01,-4.942594e-02
6.94750,0.655930,0.616496,-0.986406,-5.515683e-02,-1.572697e-01,-4.930711e-02
6.95000,0.655791,0.616104,-0.986528,-5.564590e-02,-1.569859e-01,-4.918863e-02
6.95250,0.655650,0.615712,-0.986651,-5.613222e-02,-1.567011e-01,-4.906942e-02
6.95500,0.655509,0.615321,-0.986774,-5.661574e-02,-1.564151e-01,-4.894854e-02
6.95750,0.655366,0.614931,-0.986896,-5.709636e-02,-1.561279e-01,-4.882540e-02
6.96000,0.655222,0.614541,-0.987017,-5.757420e-02,-1.558391e-01,-4.869995e-02
6.96250,0.655077,0.614152,-0.987139,-5.804912e-02,-1.555487e-01,-4.857336e-02
6.96500,0.654931,0.613764,-0.987260,-5.852115e-02,-1.552565e-01,-4.844693e-02
6.96750,0.654783,0.613377,-0.987381,-5.899035e-02,-1.549622e-01,-4.832150e-02
6.97000,0.654634,0.612990,-0.987501,-5.945671e-02,-1.546660e-01,-4.819898e-02
6.97250,0.654485,0.612604,-0.987621,-5.992049e-02,-1.543679e-01,-4.807969e-02
6.97500,0.654334,0.612219,-0.987741,-6.038177e-02,-1.540679e-01,-4.796399e-02
6.97750,0.654182,0.611835,-0.987861,-6.084076e-02,-1.537661e-01,-4.785085e-02
6.98000,0.654028,0.611451,-0.987980,-6.129759e-02,-1.534629e-01,-4.773887e-02
6.98250,0.653874,0.611068,-0.988099,-6.175242e-02,-1.531584e-01,-4.762711e-02
6.98500,0.653719,0.610686,-0.988218,-6.220532e-02,-1.528527e-01,-4.751516e-02
6.98750,0.653562,0.610305,-0.988337,-6.265636e-02,-1.525459e-01,-4.740201e-02
6.99000,0.653404,0.609924,-0.988455,-6.310565e-02,-1.522382e-01,-4.728797e-02
6.99250,0.653245,0.609544,-0.988573,-6.355329e-02,-1.519301e-01,-4.717350e-02
6.99500,0.653085,0.609165,-0.988690,-6.399939e-02,-1.516216e-01,-4.705932e-02
6.99750,0.652924,0.608787,-0.988808,-6.444398e-02,-1.513128e-01,-4.694608e-02
7.00000,0.652762,0.608409,-0.988925,-6.488714e-02,-1.510040e-01,-4.683396e-02
7.00250,0.652599,0.608033,-0.989042,-6.532883e-02,-1.506954e-01,-4.672352e-02
7.00500,0.652434,0.607657,-0.989158,-6.576918e-02,-1.503872e-01,-4.661539e-02
7.00750,0.652269,0.607281,-0.989275,-6.620807e-02,-1.500797e-01,-4.650977e-02
7.01000,0.652102,0.606907,-0.989391,-6.664560e-02,-1.497729e-01,-4.640521e-02
7.01250,0.651934,0.606533,-0.989506,-6.708163e-02,-1.494671e-01,-4.630109e-02
7.01500,0.651766,0.606160,-0.989622,-6.751611e-02,-1.491621e-01,-4.619650e-02
7.01750,0.651596,0.605788,-0.989737,-6.794885e-02,-1.488581e-01,-4.609117e-02
7.02000,0.651425,0.605417,-0.989852,-6.837964e-02,-1.485549e-01,-4.598463e-02
7.02250,0.651253,0.605046,-0.989967,-6.880826e-02,-1.482524e-01,-4.587640e-02
7.02500,0.651080,0.604676,-0.990081,-6.923454e-02,-1.479505e-01,-4.576592e-02
7.02750,0.650905,0.604307,-0.990195,-6.965833e-02,-1.476494e-01,-4.565318e-02
7.03000,0.650730,0.603939,-0.990309,-7.007959e-02,-1.473489e-01,-4.553819e-02
7.03250,0.650554,0.603571,-0.990423,-7.049813e-02,-1.470491e-01,-4.542117e-02
7.03500,0.650377,0.603204,-0.990536,-7.091403e-02,-1.467495e-01,-4.530137e-02
7.03750,0.650198,0.602838,-0.990649,-7.132711e-02,-1.464505e-01,-4.517864e-02
7.04000,0.650019,0.602473,-0.990761,-7.173738e-02,-1.461518e-01,-4.505244e-02
7.04250,0.649839,0.602108,-0.990874,-7.214488e-02,-1.458535e-01,-4.492279e-02
7.04500,0.649657,0.601744,-0.990986,-7.254963e-02,-1.455552e-01,-4.478981e-02
7.04750,0.649475,0.601381,-0.991097,-7.295171e-02,-1.452571e-01,-4.465368e-02
7.05000,0.649292,0.601019,-0.991209,-7.335124e-02,-1.449592e-01,-4.451478e-02
7.05250,0.649107,0.600657,-0.991320,-7.374829e-02,-1.446611e-01,-4.437352e-02
7.05500,0.648922,0.600296,-0.991430,-7.414288e-02,-1.443631e-01,-4.423027e-02
7.05750,0.648735,0.599936,-0.991540,-7.453507e-02,-1.440648e-01,-4.408606e-02
7.06000,0.648548,0.599577,-0.991650,-7.492500e-02,-1.437662e-01,-4.394198e-02
7.06250,0.648360,0.599218,-0.991760,-7.531276e-02,-1.434671e-01,-4.379859e-02
7.06500,0.648171,0.598860,-0.991869,-7.569849e-02,-1.431676e-01,-4.365704e-02
7.06750,0.647980,0.598503,-0.991978,-7.608225e-02,-1.428676e-01,-4.351824e-02
7.07000,0.647789,0.598147,-0.992086,-7.646419e-02,-1.425672e-01,-4.338318e-02
7.07250,0.647597,0.597791,-0.992194,-7.684441e-02,-1.422661e-01,-4.325245e-02
7.07500,0.647404,0.597436,-0.992302,-7.722290e-02,-1.419646e-01,-4.312724e-02
7.07750,0.647210,0.597082,-0.992410,-7.759984e-02,-1.416626e-01,-4.300752e-02
7.08000,0.647015,0.596728,-0.992517,-7.797522e-02,-1.413603e-01,-4.289389e-02
7.08250,0.646819,0.596376,-0.992624,-7.834919e-02,-1.410576e-01,-4.278533e-02
7.08500,0.646623,0.596024,-0.992730,-7.872172e-02,-1.407547e-01,-4.268053e-02
7.08750,0.646425,0.595673,-0.992837,-7.909276e-02,-1.404516e-01,-4.257804e-02
7.09000,0.646226,0.595322,-0.992943,-7.946239e-02,-1.401483e-01,-4.247669e-02
7.09250,0.646027,0.594973,-0.993049,-7.983060e-02,-1.398447e-01,-4.237561e-02
7.09500,0.645826,0.594624,-0.993155,-8.019732e-02,-1.395406e-01,-4.227363e-02
7.09750,0.645625,0.594276,-0.993260,-8.056246e-02,-1.392360e-01,-4.217018e-02
7.10000,0.645422,0.593929,-0.993365,-8.092589e-02,-1.389309e-01,-4.206488e-02
7.10250,0.645219,0.593582,-0.993470,-8.128745e-02,-1.386249e-01,-4.195765e-02
7.10500,0.645015,0.593236,-0.993575,-8.164718e-02,-1.383183e-01,-4.184891e-02
7.10750,0.644810,0.592891,-0.993679,-8.200490e-02,-1.380106e-01,-4.173919e-02
7.11000,0.644604,0.592547,-0.993783,-8.236055e-02,-1.377021e-01,-4.162994e-02
7.11250,0.644397,0.592203,-0.993887,-8.271397e-02,-1.373929e-01,-4.152251e-02
7.11500,0.644190,0.591861,-0.993991,-8.306512e-02,-1.370831e-01,-4.141740e-02
7.11750,0.643981,0.591519,-0.994094,-8.341399e-02,-1.367726e-01,-4.131444e-02
7.12000,0.643772,0.591178,-0.994197,-8.376060e-02,-1.364616e-01,-4.121351e-02
7.12250,0.643561,0.590837,-0.994300,-8.410500e-02,-1.361502e-01,-4.111370e-02
7.12500,0.643350,0.590498,-0.994402,-8.444717e-02,-1.358385e-01,-4.101517e-02
7.12750,0.643138,0.590159,-0.994505,-8.478718e-02,-1.355263e-01,-4.091748e-02
7.13000,0.642926,0.589821,-0.994607,-8.512505e-02,-1.352139e-01,-4.082130e-02
7.13250,0.642712,0.589484,-0.994708,-8.546078e-02,-1.349011e-01,-4.072608e-02
7.13500,0.642497,0.589147,-0.994810,-8.579438e-02,-1.345880e-01,-4.063215e-02
7.13750,0.642282,0.588811,-0.994911,-8.612584e-02,-1.342745e-01,-4.053932e-02
7.14000,0.642066,0.588476,-0.995012,-8.645525e-02,-1.339608e-01,-4.044752e-02
7.14250,0.641849,0.588142,-0.995113,-8.678263e-02,-1.336468e-01,-4.035660e-02
7.14500,0.641631,0.587809,-0.995214,-8.710795e-02,-1.333324e-01,-4.026727e-02
7.14750,0.641413,0.587476,-0.995314,-8.743134e-02,-1.330177e-01,-4.018009e-02
7.15000,0.641193,0.587145,-0.995415,-8.775286e-02,-1.327026e-01,-4.009486e-02
7.15250,0.640973,0.586814,-0.995515,-8.807259e-02,-1.323871e-01,-4.001156e-02
7.15500,0.640752,0.586484,-0.995615,-8.839060e-02,-1.320713e-01,-3.992996e-02
7.15750,0.640530,0.586154,-0.995714,-8.870698e-02,-1.317552e-01,-3.984989e-02
7.16000,0.640308,0.585826,-0.995814,-8.902179e-02,-1.314386e-01,-3.977154e-02
7.16250,0.640084,0.585498,-0.995913,-8.933515e-02,-1.311216e-01,-3.969456e-02
7.16500,0.639860,0.585171,-0.996012,-8.964694e-02,-1.308041e-01,-3.961859e-02
7.16750,0.639635,0.584845,-0.996111,-8.995712e-02,-1.304857e-01,-3.954277e-02
7.17000,0.639410,0.584519,-0.996209,-9.026564e-02,-1.301664e-01,-3.946643e-02
7.17250,0.639183,0.584195,-0.996308,-9.057243e-02,-1.298460e-01,-3.938910e-02
7.17500,0.638956,0.583871,-0.996406,-9.087727e-02,-1.295243e-01,-3.931027e-02
7.17750,0.638728,0.583548,-0.996504,-9.118016e-02,-1.292014e-01,-3.922993e-02
7.18000,0.638499,0.583226,-0.996602,-9.148093e-02,-1.288770e-01,-3.914721e-02
7.18250,0.638270,0.582904,-0.996700,-9.177949e-02,-1.285509e-01,-3.906111e-02
7.18500,0.638040,0.582584,-0.996797,-9.207582e-02,-1.282233e-01,-3.897127e-02
7.18750,0.637809,0.582264,-0.996894,-9.236994e-02,-1.278941e-01,-3.887774e-02
7.19000,0.637577,0.581945,-0.996991,-9.266190e-02,-1.275634e-01,-3.878105e-02
7.19250,0.637345,0.581627,-0.997088,-9.295170e-02,-1.272313e-01,-3.868133e-02
7.19500,0.637112,0.581310,-0.997184,-9.323938e-02,-1.268981e-01,-3.857927e-02
7.19750,0.636878,0.580993,-0.997281,-9.352501e-02,-1.265638e-01,-3.847569e-02
7.20000,0.636643,0.580678,-0.997377,-9.380870e-02,-1.262290e-01,-3.837142e-02
7.20250,0.636408,0.580363,-0.997472,-9.409057e-02,-1.258939e-01,-3.826755e-02
7.20500,0.636172,0.580049,-0.997568,-9.437080e-02,-1.255587e-01,-3.816492e-02
7.20750,0.635936,0.579736,-0.997663,-9.464954e-02,-1.252238e-01,-3.806434e-02
7.21000,0.635698,0.579424,-0.997758,-9.492695e-02,-1.248894e-01,-3.796628e-02
7.21250,0.635460,0.579112,-0.997852,-9.520307e-02,-1.245557e-01,-3.787088e-02
7.21500,0.635222,0.578802,-0.997947,-9.547800e-02,-1.242228e-01,-3.777866e-02
7.21750,0.634982,0.578492,-0.998041,-9.575177e-02,-1.238908e-01,-3.768925e-02
7.22000,0.634742,0.578183,-0.998135,-9.602453e-02,-1.235599e-01,-3.760238e-02
7.22250,0.634501,0.577875,-0.998229,-9.629639e-02,-1.232303e-01,-3.751708e-02
7.22500,0.634260,0.577568,-0.998322,-9.656738e-02,-1.229019e-01,-3.743257e-02
7.22750,0.634018,0.577261,-0.998416,-9.683748e-02,-1.225751e-01,-3.734846e-02
7.23000,0.633775,0.576956,-0.998509,-9.710666e-02,-1.222498e-01,-3.726500e-02
7.23250,0.633532,0.576651,-0.998602,-9.737490e-02,-1.219261e-01,-3.718248e-02
7.23500,0.633288,0.576347,-0.998695,-9.764212e-02,-1.216039e-01,-3.710144e-02
7.23750,0.633043,0.576044,-0.998787,-9.790828e-02,-1.212833e-01,-3.702180e-02
7.24000,0.632797,0.575741,-0.998880,-9.817330e-02,-1.209641e-01,-3.694309e-02
7.24250,0.632551,0.575440,-0.998972,-9.843713e-02,-1.206466e-01,-3.686449e-02
7.24500,0.632305,0.575139,-0.999064,-9.869967e-02,-1.203306e-01,-3.678536e-02
7.24750,0.632057,0.574839,-0.999156,-9.896092e-02,-1.200159e-01,-3.670475e-02
7.25000,0.631809,0.574540,-0.999247,-9.922076e-02,-1.197027e-01,-3.662219e-02
7.25250,0.631560,0.574241,-0.999338,-9.947911e-02,-1.193907e-01,-3.653649e-02
7.25500,0.631311,0.573943,-0.999430,-9.973583e-02,-1.190799e-01,-3.644752e-02
7.25750,0.631061,0.573646,-0.999520,-9.999079e-02,-1.187702e-01,-3.635539e-02
7.26000,0.630811,0.573350,-0.999611,-1.002440e-01,-1.184616e-01,-3.626074e-02
7.26250,0.630559,0.573055,-0.999702,-1.004954e-01,-1.181540e-01,-3.616425e-02
7.26500,0.630307,0.572760,-0.999792,-1.007451e-01,-1.178473e-01,-3.606672e-02
7.26750,0.630055,0.572466,-0.999882,-1.009927e-01,-1.175414e-01,-3.596940e-02
7.27000,0.629802,0.572173,-0.999971,-1.012385e-01,-1.172362e-01,-3.587385e-02
7.27250,0.629548,0.571881,-1.000061,-1.014822e-01,-1.169317e-01,-3.578152e-02
7.27500,0.629294,0.571589,-1.000150,-1.017239e-01,-1.166277e-01,-3.569335e-02
7.27750,0.629039,0.571299,-1.000239,-1.019636e-01,-1.163242e-01,-3.561001e-02
7.28000,0.628783,0.571009,-1.000328,-1.022013e-01,-1.160209e-01,-3.553163e-02
7.28250,0.628527,0.570719,-1.000416,-1.024371e-01,-1.157179e-01,-3.545867e-02
7.28500,0.628271,0.570431,-1.000505,-1.026710e-01,-1.154150e-01,-3.539125e-02
7.28750,0.628013,0.570143,-1.000593,-1.029031e-01,-1.151123e-01,-3.532973e-02
7.29000,0.627756,0.569856,-1.000681,-1.031337e-01,-1.148095e-01,-3.527365e-02
7.29250,0.627497,0.569570,-1.000770,-1.033628e-01,-1.145066e-01,-3.522198e-02
7.29500,0.627238,0.569284,-1.000857,-1.035905e-01,-1.142034e-01,-3.517422e-02
7.29750,0.626979,0.568999,-1.000945,-1.038169e-01,-1.138996e-01,-3.512866e-02
7.30000,0.626719,0.568715,-1.001033,-1.040420e-01,-1.135951e-01,-3.508403e-02
7.30250,0.626458,0.568432,-1.001121,-1.042658e-01,-1.132897e-01,-3.503942e-02
7.30500,0.626197,0.568150,-1.001208,-1.044883e-01,-1.129832e-01,-3.499464e-02
7.30750,0.625935,0.567868,-1.001295,-1.047095e-01,-1.126755e-01,-3.494913e-02
7.31000,0.625673,0.567587,-1.001383,-1.049294e-01,-1.123665e-01,-3.490250e-02
7.31250,0.625410,0.567307,-1.001470,-1.051481e-01,-1.120559e-01,-3.485404e-02
7.31500,0.625146,0.567028,-1.001557,-1.053654e-01,-1.117435e-01,-3.480324e-02
7.31750,0.624882,0.566749,-1.001644,-1.055814e-01,-1.114294e-01,-3.474965e-02
7.32000,0.624618,0.566471,-1.001730,-1.057959e-01,-1.111135e-01,-3.469336e-02
7.32250,0.624353,0.566194,-1.001817,-1.060089e-01,-1.107958e-01,-3.463461e-02
7.32500,0.624087,0.565918,-1.001903,-1.062204e-01,-1.104762e-01,-3.457392e-02
7.32750,0.623821,0.565643,-1.001990,-1.064304e-01,-1.101549e-01,-3.451132e-02
7.33000,0.623555,0.565368,-1.002076,-1.066388e-01,-1.098320e-01,-3.444745e-02
7.33250,0.623287,0.565094,-1.002162,-1.068458e-01,-1.095075e-01,-3.438188e-02
7.33500,0.623020,0.564821,-1.002248,-1.070513e-01,-1.091819e-01,-3.431456e-02
7.33750,0.622752,0.564549,-1.002333,-1.072554e-01,-1.088551e-01,-3.424599e-02
7.34000,0.622483,0.564278,-1.002419,-1.074582e-01,-1.085275e-01,-3.417664e-02
7.34250,0.622214,0.564007,-1.002504,-1.076596e-01,-1.081992e-01,-3.410713e-02
7.34500,0.621944,0.563738,-1.002589,-1.078598e-01,-1.078703e-01,-3.403782e-02
7.34750,0.621674,0.563469,-1.002674,-1.080589e-01,-1.075413e-01,-3.396961e-02
7.35000,0.621403,0.563201,-1.002759,-1.082570e-01,-1.072124e-01,-3.390287e-02
7.35250,0.621132,0.562934,-1.002843,-1.084543e-01,-1.068838e-01,-3.383791e-02
7.35500,0.620861,0.562667,-1.002928,-1.086508e-01,-1.065560e-01,-3.377418e-02
7.35750,0.620589,0.562402,-1.003012,-1.088468e-01,-1.062290e-01,-3.371113e-02
7.36000,0.620316,0.562137,-1.003096,-1.090422e-01,-1.059031e-01,-3.364835e-02
7.36250,0.620043,0.561873,-1.003180,-1.092371e-01,-1.055786e-01,-3.358553e-02
7.36500,0.619769,0.561610,-1.003264,-1.094316e-01,-1.052554e-01,-3.352234e-02
7.36750,0.619495,0.561348,-1.003348,-1.096258e-01,-1.049338e-01,-3.345884e-02
7.37000,0.619221,0.561086,-1.003431,-1.098196e-01,-1.046138e-01,-3.339504e-02
7.37250,0.618946,0.560825,-1.003514,-1.100130e-01,-1.042955e-01,-3.333100e-02
7.37500,0.618670,0.560565,-1.003598,-1.102059e-01,-1.039790e-01,-3.326682e-02
7.37750,0.618394,0.560306,-1.003681,-1.103983e-01,-1.036642e-01,-3.320268e-02
7.38000,0.618118,0.560048,-1.003763,-1.105902e-01,-1.033512e-01,-3.313888e-02
7.38250,0.617841,0.559790,-1.003846,-1.107815e-01,-1.030399e-01,-3.307571e-02
7.38500,0.617563,0.559533,-1.003929,-1.109719e-01,-1.027303e-01,-3.301278e-02
7.38750,0.617285,0.559277,-1.004011,-1.111615e-01,-1.024223e-01,-3.295002e-02
7.39000,0.617007,0.559022,-1.004093,-1.113502e-01,-1.021160e-01,-3.288676e-02
7.39250,0.616728,0.558768,-1.004175,-1.115379e-01,-1.018112e-01,-3.282260e-02
7.39500,0.616449,0.558514,-1.004257,-1.117245e-01,-1.015078e-01,-3.275617e-02
7.39750,0.616169,0.558261,-1.004339,-1.119099e-01,-1.012057e-01,-3.268712e-02
7.40000,0.615889,0.558008,-1.004420,-1.120942e-01,-1.009048e-01,-3.261527e-02
7.40250,0.615608,0.557757,-1.004502,-1.122772e-01,-1.006052e-01,-3.254091e-02
7.40500,0.615327,0.557506,-1.004583,-1.124589e-01,-1.003068e-01,-3.246501e-02
7.40750,0.615045,0.557256,-1.004664,-1.126390e-01,-1.000095e-01,-3.238878e-02
7.41000,0.614763,0.557007,-1.004745,-1.128176e-01,-9.971316e-02,-3.231357e-02
7.41250,0.614481,0.556758,-1.004825,-1.129946e-01,-9.941779e-02,-3.224001e-02
7.41500,0.614198,0.556511,-1.004906,-1.131700e-01,-9.912328e-02,-3.216815e-02
7.41750,0.613915,0.556263,-1.004986,-1.133436e-01,-9.882949e-02,-3.209831e-02
7.42000,0.613631,0.556017,-1.005066,-1.135156e-01,-9.853622e-02,-3.203146e-02
7.42250,0.613347,0.555772,-1.005146,-1.136858e-01,-9.824329e-02,-3.196874e-02
7.42500,0.613062,0.555527,-1.005226,-1.138543e-01,-9.795064e-02,-3.191106e-02
7.42750,0.612777,0.555282,-1.005305,-1.140211e-01,-9.765814e-02,-3.185884e-02
7.43000,0.612491,0.555039,-1.005385,-1.141863e-01,-9.736564e-02,-3.181173e-02
7.43250,0.612206,0.554796,-1.005464,-1.143499e-01,-9.707304e-02,-3.176897e-02
7.43500,0.611919,0.554554,-1.005544,-1.145119e-01,-9.678025e-02,-3.172962e-02
7.43750,0.611633,0.554313,-1.005623,-1.146725e-01,-9.648698e-02,-3.169250e-02
7.44000,0.611346,0.554073,-1.005702,-1.148317e-01,-9.619327e-02,-3.165673e-02
7.44250,0.611058,0.553833,-1.005781,-1.149896e-01,-9.589894e-02,-3.162134e-02
7.44500,0.610770,0.553594,-1.005860,-1.151462e-01,-9.560388e-02,-3.158590e-02
7.44750,0.610482,0.553356,-1.005939,-1.153016e-01,-9.530792e-02,-3.155038e-02
7.45000,0.610193,0.553118,-1.006018,-1.154558e-01,-9.501100e-02,-3.151494e-02
7.45250,0.609904,0.552881,-1.006096,-1.156089e-01,-9.471288e-02,-3.147922e-02
7.45500,0.609615,0.552645,-1.006175,-1.157608e-01,-9.441356e-02,-3.144264e-02
7.45750,0.609325,0.552410,-1.006254,-1.159115e-01,-9.411290e-02,-3.140462e-02
7.46000,0.609035,0.552176,-1.006332,-1.160610e-01,-9.381088e-02,-3.136506e-02
7.46250,0.608744,0.551942,-1.006410,-1.162093e-01,-9.350743e-02,-3.132376e-02
7.46500,0.608454,0.551709,-1.006488,-1.163563e-01,-9.320246e-02,-3.128028e-02
7.46750,0.608162,0.551477,-1.006567,-1.165020e-01,-9.289590e-02,-3.123378e-02
7.47000,0.607871,0.551245,-1.006644,-1.166463e-01,-9.258781e-02,-3.118354e-02
7.47250,0.607579,0.551014,-1.006722,-1.167891e-01,-9.227822e-02,-3.112952e-02
7.47500,0.607286,0.550784,-1.006800,-1.169305e-01,-9.196721e-02,-3.107144e-02
7.47750,0.606994,0.550555,-1.006877,-1.170704e-01,-9.165480e-02,-3.100923e-02
7.48000,0.606701,0.550327,-1.006955,-1.172088e-01,-9.134113e-02,-3.094331e-02
7.48250,0.606407,0.550099,-1.007032,-1.173458e-01,-9.102634e-02,-3.087511e-02
7.48500,0.606114,0.549873,-1.007109,-1.174814e-01,-9.071058e-02,-3.080552e-02
7.48750,0.605820,0.549647,-1.007186,-1.176157e-01,-9.039411e-02,-3.073599e-02
7.49000,0.605525,0.549421,-1.007263,-1.177487e-01,-9.007710e-02,-3.066703e-02
7.49250,0.605230,0.549197,-1.007339,-1.178807e-01,-8.975991e-02,-3.059935e-02
7.49500,0.604935,0.548973,-1.007415,-1.180118e-01,-8.944285e-02,-3.053286e-02
7.49750,0.604640,0.548751,-1.007492,-1.181421e-01,-8.912623e-02,-3.046790e-02
7.50000,0.604344,0.548529,-1.007568,-1.182717e-01,-8.881031e-02,-3.040403e-02
7.50250,0.604048,0.548307,-1.007643,-1.184008e-01,-8.849533e-02,-3.034085e-02
7.50500,0.603752,0.548087,-1.007719,-1.185296e-01,-8.818149e-02,-3.027744e-02
7.50750,0.603455,0.547867,-1.007795,-1.186582e-01,-8.786903e-02,-3.021377e-02
7.51000,0.603158,0.547648,-1.007870,-1.187865e-01,-8.755811e-02,-3.014945e-02
7.51250,0.602861,0.547430,-1.007945,-1.189148e-01,-8.724880e-02,-3.008494e-02
7.51500,0.602564,0.547213,-1.008020,-1.190430e-01,-8.694112e-02,-3.002044e-02
7.51750,0.602266,0.546996,-1.008095,-1.191711e-01,-8.663521e-02,-2.995651e-02
7.52000,0.601967,0.546780,-1.008170,-1.192990e-01,-8.633097e-02,-2.989381e-02
7.52250,0.601669,0.546565,-1.008244,-1.194268e-01,-8.602843e-02,-2.983293e-02
7.52500,0.601370,0.546351,-1.008319,-1.195543e-01,-8.572750e-02,-2.977361e-02
7.52750,0.601071,0.546137,-1.008393,-1.196814e-01,-8.542813e-02,-2.971529e-02
7.53000,0.600771,0.545925,-1.008467,-1.198081e-01,-8.513021e-02,-2.965765e-02
7.53250,0.600471,0.545713,-1.008541,-1.199342e-01,-8.483378e-02,-2.960052e-02
7.53500,0.600171,0.545501,-1.008615,-1.200598e-01,-8.453863e-02,-2.954377e-02
7.53750,0.599871,0.545291,-1.008689,-1.201847e-01,-8.424481e-02,-2.948751e-02
7.54000,0.599570,0.545081,-1.008763,-1.203088e-01,-8.395219e-02,-2.943199e-02
7.54250,0.599269,0.544872,-1.008836,-1.204320e-01,-8.366079e-02,-2.937772e-02
7.54500,0.598968,0.544663,-1.008909,-1.205541e-01,-8.337049e-02,-2.932506e-02
7.54750,0.598666,0.544455,-1.008982,-1.206749e-01,-8.308121e-02,-2.927416e-02
7.55000,0.598364,0.544248,-1.009056,-1.207945e-01,-8.279278e-02,-2.922481e-02
7.55250,0.598062,0.544042,-1.009128,-1.209128e-01,-8.250517e-02,-2.917724e-02
7.55500,0.597759,0.543837,-1.009201,-1.210299e-01,-8.221815e-02,-2.913220e-02
7.55750,0.597456,0.543632,-1.009274,-1.211455e-01,-8.193154e-02,-2.909062e-02
7.56000,0.597153,0.543428,-1.009347,-1.212598e-01,-8.164528e-02,-2.905299e-02
7.56250,0.596850,0.543224,-1.009419,-1.213727e-01,-8.135921e-02,-2.901942e-02
7.56500,0.596546,0.543022,-1.009492,-1.214842e-01,-8.107316e-02,-2.898959e-02
7.56750,0.596242,0.542820,-1.009564,-1.215943e-01,-8.078715e-02,-2.896264e-02
7.57000,0.595938,0.542618,-1.009636,-1.217032e-01,-8.050098e-02,-2.893789e-02
7.57250,0.595633,0.542418,-1.009709,-1.218109e-01,-8.021469e-02,-2.891466e-02
7.57500,0.595328,0.542218,-1.009781,-1.219175e-01,-7.992816e-02,-2.889231e-02
7.57750,0.595023,0.542019,-1.009853,-1.220232e-01,-7.964142e-02,-2.887068e-02
7.58000,0.594718,0.541821,-1.009925,-1.221281e-01,-7.935437e-02,-2.884961e-02
7.58250,0.594412,0.541623,-1.009997,-1.222323e-01,-7.906695e-02,-2.882899e-02
7.58500,0.594106,0.541426,-1.010069,-1.223360e-01,-7.877919e-02,-2.880814e-02
7.58750,0.593800,0.541230,-1.010141,-1.224392e-01,-7.849107e-02,-2.878689e-02
7.59000,0.593494,0.541034,-1.010213,-1.225421e-01,-7.820259e-02,-2.876528e-02
7.59250,0.593187,0.540839,-1.010285,-1.226446e-01,-7.791368e-02,-2.874286e-02
7.59500,0.592881,0.540645,-1.010357,-1.227466e-01,-7.762430e-02,-2.871887e-02
7.59750,0.592573,0.540452,-1.010429,-1.228481e-01,-7.733453e-02,-2.869279e-02
7.60000,0.592266,0.540259,-1.010500,-1.229491e-01,-7.704425e-02,-2.866427e-02
7.60250,0.591958,0.540068,-1.010572,-1.230494e-01,-7.675357e-02,-2.863335e-02
7.60500,0.591651,0.539876,-1.010643,-1.231490e-01,-7.646237e-02,-2.860027e-02
7.60750,0.591342,0.539686,-1.010715,-1.232478e-01,-7.617081e-02,-2.856522e-02
7.61000,0.591034,0.539496,-1.010786,-1.233457e-01,-7.587889e-02,-2.852830e-02
7.61250,0.590725,0.539307,-1.010857,-1.234427e-01,-7.558662e-02,-2.848947e-02
7.61500,0.590417,0.539119,-1.010928,-1.235387e-01,-7.529390e-02,-2.844962e-02
7.61750,0.590108,0.538932,-1.010999,-1.236336e-01,-7.500079e-02,-2.840905e-02
7.62000,0.589798,0.538745,-1.011070,-1.237274e-01,-7.470721e-02,-2.836774e-02
7.62250,0.589489,0.538559,-1.011141,-1.238201e-01,-7.441333e-02,-2.832580e-02
7.62500,0.589179,0.538373,-1.011212,-1.239118e-01,-7.411931e-02,-2.828310e-02
7.62750,0.588869,0.538189,-1.011283,-1.240023e-01,-7.382530e-02,-2.823901e-02
7.63000,0.588559,0.538005,-1.011353,-1.240918e-01,-7.353151e-02,-2.819298e-02
7.63250,0.588248,0.537822,-1.011423,-1.241803e-01,-7.323809e-02,-2.814417e-02
7.63500,0.587938,0.537640,-1.011494,-1.242680e-01,-7.294521e-02,-2.809190e-02
7.63750,0.587627,0.537458,-1.011564,-1.243549e-01,-7.265303e-02,-2.803572e-02
7.64000,0.587316,0.537277,-1.011634,-1.244410e-01,-7.236160e-02,-2.797591e-02
7.64250,0.587004,0.537097,-1.011703,-1.245266e-01,-7.207108e-02,-2.791296e-02
7.64500,0.586693,0.536917,-1.011773,-1.246115e-01,-7.178150e-02,-2.784723e-02
7.64750,0.586381,0.536739,-1.011842,-1.246960e-01,-7.149296e-02,-2.777941e-02
7.65000,0.586069,0.536561,-1.011912,-1.247800e-01,-7.120540e-02,-2.771021e-02
7.65250,0.585757,0.536383,-1.011981,-1.248635e-01,-7.091882e-02,-2.764015e-02
7.65500,0.585444,0.536207,-1.012050,-1.249466e-01,-7.063327e-02,-2.757043e-02
7.65750,0.585132,0.536031,-1.012119,-1.250292e-01,-7.034885e-02,-2.750124e-02
7.66000,0.584819,0.535856,-1.012187,-1.251114e-01,-7.006556e-02,-2.743321e-02
7.66250,0.584506,0.535681,-1.012256,-1.251930e-01,-6.978339e-02,-2.736701e-02
7.66500,0.584193,0.535508,-1.012324,-1.252742e-01,-6.950226e-02,-2.730299e-02
7.66750,0.583880,0.535335,-1.012392,-1.253548e-01,-6.922214e-02,-2.724150e-02
7.67000,0.583566,0.535162,-1.012460,-1.254347e-01,-6.894298e-02,-2.718266e-02
7.67250,0.583252,0.534991,-1.012528,-1.255138e-01,-6.866484e-02,-2.712704e-02
7.67500,0.582938,0.534820,-1.012595,-1.255920e-01,-6.838755e-02,-2.707528e-02
7.67750,0.582624,0.534649,-1.012663,-1.256695e-01,-6.811096e-02,-2.702750e-02
7.68000,0.582310,0.534480,-1.012730,-1.257460e-01,-6.783486e-02,-2.698408e-02
7.68250,0.581995,0.534311,-1.012798,-1.258215e-01,-6.755901e-02,-2.694490e-02
7.68500,0.581680,0.534143,-1.012865,-1.258960e-01,-6.728326e-02,-2.690964e-02
7.68750,0.581365,0.533975,-1.012932,-1.259692e-01,-6.700739e-02,-2.687835e-02
7.69000,0.581050,0.533808,-1.012999,-1.260413e-01,-6.673128e-02,-2.685053e-02
7.69250,0.580735,0.533642,-1.013066,-1.261121e-01,-6.645488e-02,-2.682553e-02
7.69500,0.580420,0.533477,-1.013133,-1.261817e-01,-6.617801e-02,-2.680269e-02
7.69750,0.580104,0.533312,-1.013200,-1.262500e-01,-6.590055e-02,-2.678170e-02
7.70000,0.579788,0.533148,-1.013267,-1.263170e-01,-6.562243e-02,-2.676217e-02
7.70250,0.579472,0.532984,-1.013334,-1.263828e-01,-6.534357e-02,-2.674392e-02
7.70500,0.579156,0.532822,-1.013401,-1.264473e-01,-6.506382e-02,-2.672716e-02
7.70750,0.578840,0.532660,-1.013468,-1.265107e-01,-6.478324e-02,-2.671141e-02
7.71000,0.578523,0.532499,-1.013534,-1.265729e-01,-6.450177e-02,-2.669640e-02
7.71250,0.578207,0.532338,-1.013601,-1.266341e-01,-6.421939e-02,-2.668182e-02
7.71500,0.577890,0.532178,-1.013668,-1.266943e-01,-6.393608e-02,-2.666670e-02
7.71750,0.577573,0.532019,-1.013734,-1.267535e-01,-6.365187e-02,-2.665020e-02
7.72000,0.577256,0.531861,-1.013801,-1.268118e-01,-6.336691e-02,-2.663179e-02
7.72250,0.576939,0.531703,-1.013868,-1.268692e-01,-6.308128e-02,-2.661074e-02
7.72500,0.576622,0.531546,-1.013934,-1.269258e-01,-6.279513e-02,-2.658674e-02
7.72750,0.576304,0.531390,-1.014000,-1.269819e-01,-6.250853e-02,-2.655982e-02
7.73000,0.575987,0.531234,-1.014067,-1.270373e-01,-6.222169e-02,-2.653052e-02
7.73250,0.575669,0.531079,-1.014133,-1.270922e-01,-6.193475e-02,-2.649971e-02
7.73500,0.575351,0.530925,-1.014199,-1.271467e-01,-6.164802e-02,-2.646765e-02
7.73750,0.575033,0.530772,-1.014265,-1.272008e-01,-6.136154e-02,-2.643451e-02
7.74000,0.574715,0.530619,-1.014331,-1.272547e-01,-6.107545e-02,-2.640080e-02
7.74250,0.574397,0.530467,-1.014397,-1.273084e-01,-6.078967e-02,-2.636710e-02
7.74500,0.574078,0.530316,-1.014463,-1.273620e-01,-6.050447e-02,-2.633352e-02
7.74750,0.573760,0.530165,-1.014529,-1.274154e-01,-6.021987e-02,-2.630001e-02
7.75000,0.573441,0.530015,-1.014594,-1.274688e-01,-5.993606e-02,-2.626650e-02
7.75250,0.573122,0.529866,-1.014660,-1.275221e-01,-5.965322e-02,-2.623212e-02
7.75500,0.572803,0.529718,-1.014725,-1.275753e-01,-5.937157e-02,-2.619627e-02
7.75750,0.572484,0.529570,-1.014791,-1.276285e-01,-5.909109e-02,-2.615832e-02
7.76000,0.572165,0.529423,-1.014856,-1.276816e-01,-5.881185e-02,-2.611720e-02
7.76250,0.571846,0.529277,-1.014921,-1.277347e-01,-5.853390e-02,-2.607235e-02
7.76500,0.571526,0.529131,-1.014986,-1.277876e-01,-5.825718e-02,-2.602383e-02
7.76750,0.571207,0.528986,-1.015051,-1.278405e-01,-5.798160e-02,-2.597204e-02
7.77000,0.570887,0.528842,-1.015116,-1.278931e-01,-5.770741e-02,-2.591695e-02
7.77250,0.570567,0.528698,-1.015181,-1.279455e-01,-5.743426e-02,-2.585899e-02
7.77500,0.570247,0.528555,-1.015245,-1.279977e-01,-5.716217e-02,-2.579874e-02
7.77750,0.569927,0.528413,-1.015310,-1.280494e-01,-5.689104e-02,-2.573732e-02
7.78000,0.569607,0.528272,-1.015374,-1.281008e-01,-5.662095e-02,-2.567539e-02
7.78250,0.569286,0.528131,-1.015438,-1.281517e-01,-5.635190e-02,-2.561346e-02
7.78500,0.568966,0.527991,-1.015502,-1.282021e-01,-5.608383e-02,-2.555218e-02
7.78750,0.568645,0.527851,-1.015565,-1.282518e-01,-5.581663e-02,-2.549169e-02
7.79000,0.568324,0.527712,-1.015629,-1.283007e-01,-5.555016e-02,-2.543222e-02
7.79250,0.568004,0.527574,-1.015692,-1.283488e-01,-5.528440e-02,-2.537403e-02
7.79500,0.567683,0.527436,-1.015756,-1.283959e-01,-5.501941e-02,-2.531793e-02
7.79750,0.567361,0.527300,-1.015819,-1.284420e-01,-5.475511e-02,-2.526482e-02
7.80000,0.567040,0.527163,-1.015882,-1.284870e-01,-5.449136e-02,-2.521569e-02
7.80250,0.566719,0.527028,-1.015945,-1.285307e-01,-5.422790e-02,-2.517096e-02
7.80500,0.566397,0.526893,-1.016008,-1.285733e-01,-5.396451e-02,-2.513097e-02
7.80750,0.566076,0.526759,-1.016070,-1.286146e-01,-5.370115e-02,-2.509589e-02
7.81000,0.565754,0.526625,-1.016133,-1.286546e-01,-5.343765e-02,-2.506581e-02
7.81250,0.565433,0.526492,-1.016196,-1.286934e-01,-5.317393e-02,-2.504055e-02
7.81500,0.565111,0.526360,-1.016258,-1.287311e-01,-5.291002e-02,-2.501963e-02
7.81750,0.564789,0.526228,-1.016321,-1.287678e-01,-5.264577e-02,-2.500244e-02
7.82000,0.564467,0.526097,-1.016383,-1.288037e-01,-5.238115e-02,-2.498828e-02
7.82250,0.564145,0.525967,-1.016446,-1.288389e-01,-5.211613e-02,-2.497656e-02
7.82500,0.563822,0.525837,-1.016508,-1.288735e-01,-5.185069e-02,-2.496657e-02
7.82750,0.563500,0.525708,-1.016571,-1.289077e-01,-5.158470e-02,-2.495772e-02
7.83000,0.563178,0.525580,-1.016633,-1.289415e-01,-5.131825e-02,-2.494970e-02
7.83250,0.562855,0.525452,-1.016695,-1.289750e-01,-5.105133e-02,-2.494141e-02
7.83500,0.562533,0.525325,-1.016758,-1.290083e-01,-5.078378e-02,-2.493237e-02
7.83750,0.562210,0.525199,-1.016820,-1.290414e-01,-5.051559e-02,-2.492214e-02
7.84000,0.561888,0.525074,-1.016882,-1.290743e-01,-5.024673e-02,-2.491087e-02
7.84250,0.561565,0.524949,-1.016944,-1.291071e-01,-4.997731e-02,-2.489834e-02
7.84500,0.561242,0.524824,-1.017007,-1.291396e-01,-4.970735e-02,-2.488497e-02
7.84750,0.560919,0.524701,-1.017069,-1.291719e-01,-4.943686e-02,-2.487069e-02
7.85000,0.560596,0.524578,-1.017131,-1.292040e-01,-4.916594e-02,-2.485522e-02
7.85250,0.560273,0.524456,-1.017193,-1.292359e-01,-4.889461e-02,-2.483850e-02
7.85500,0.559950,0.524334,-1.017255,-1.292675e-01,-4.862298e-02,-2.482092e-02
7.85750,0.559627,0.524213,-1.017317,-1.292988e-01,-4.835119e-02,-2.480276e-02
7.86000,0.559303,0.524093,-1.017379,-1.293298e-01,-4.807930e-02,-2.478376e-02
7.86250,0.558980,0.523973,-1.017441,-1.293605e-01,-4.780731e-02,-2.476361e-02
7.86500,0.558656,0.523855,-1.017503,-1.293907e-01,-4.753519e-02,-2.474254e-02
7.86750,0.558333,0.523736,-1.017565,-1.294205e-01,-4.726300e-02,-2.472044e-02
7.87000,0.558009,0.523619,-1.017626,-1.294498e-01,-4.699093e-02,-2.469733e-02
7.87250,0.557685,0.523502,-1.017688,-1.294786e-01,-4.671902e-02,-2.467307e-02
7.87500,0.557362,0.523386,-1.017750,-1.295068e-01,-4.644759e-02,-2.464744e-02
7.87750,0.557038,0.523271,-1.017811,-1.295346e-01,-4.617668e-02,-2.461970e-02
7.88000,0.556714,0.523156,-1.017873,-1.295618e-01,-4.590649e-02,-2.458927e-02
7.88250,0.556390,0.523042,-1.017934,-1.295886e-01,-4.563709e-02,-2.455544e-02
7.88500,0.556066,0.522928,-1.017995,-1.296149e-01,-4.536855e-02,-2.451792e-02
7.88750,0.555742,0.522816,-1.018057,-1.296410e-01,-4.510100e-02,-2.447661e-02
7.89000,0.555418,0.522703,-1.018118,-1.296667e-01,-4.483451e-02,-2.443146e-02
7.89250,0.555093,0.522592,-1.018179,-1.296921e-01,-4.456923e-02,-2.438269e-02
7.89500,0.554769,0.522481,-1.018239,-1.297172e-01,-4.430512e-02,-2.433055e-02
7.89750,0.554445,0.522371,-1.018300,-1.297422e-01,-4.404220e-02,-2.427573e-02
7.90000,0.554120,0.522262,-1.018361,-1.297669e-01,-4.378045e-02,-2.421915e-02
7.90250,0.553796,0.522153,-1.018421,-1.297913e-01,-4.351997e-02,-2.416162e-02
7.90500,0.553471,0.522045,-1.018481,-1.298154e-01,-4.326080e-02,-2.410393e-02
7.90750,0.553147,0.521937,-1.018541,-1.298391e-01,-4.300278e-02,-2.404594e-02
7.91000,0.552822,0.521830,-1.018601,-1.298623e-01,-4.274593e-02,-2.398850e-02
7.91250,0.552497,0.521724,-1.018661,-1.298849e-01,-4.249014e-02,-2.393241e-02
7.91500,0.552173,0.521619,-1.018721,-1.299070e-01,-4.223538e-02,-2.387814e-02
7.91750,0.551848,0.521514,-1.018780,-1.299284e-01,-4.198161e-02,-2.382632e-02
7.92000,0.551523,0.521409,-1.018840,-1.299491e-01,-4.172868e-02,-2.377776e-02
7.92250,0.551198,0.521306,-1.018899,-1.299688e-01,-4.147633e-02,-2.373285e-02
7.92500,0.550873,0.521203,-1.018958,-1.299876e-01,-4.122438e-02,-2.369218e-02
7.92750,0.550548,0.521100,-1.019018,-1.300054e-01,-4.097246e-02,-2.365606e-02
7.93000,0.550223,0.520998,-1.019077,-1.300223e-01,-4.072058e-02,-2.362451e-02
7.93250,0.549898,0.520897,-1.019136,-1.300381e-01,-4.046856e-02,-2.359744e-02
7.93500,0.549573,0.520797,-1.019195,-1.300528e-01,-4.021634e-02,-2.357446e-02
7.93750,0.549248,0.520697,-1.019254,-1.300666e-01,-3.996377e-02,-2.355479e-02
7.94000,0.548922,0.520597,-1.019312,-1.300795e-01,-3.971071e-02,-2.353786e-02
7.94250,0.548597,0.520499,-1.019371,-1.300916e-01,-3.945714e-02,-2.352323e-02
7.94500,0.548272,0.520401,-1.019430,-1.301029e-01,-3.920288e-02,-2.351069e-02
7.94750,0.547947,0.520303,-1.019489,-1.301133e-01,-3.894786e-02,-2.350012e-02
7.95000,0.547621,0.520207,-1.019547,-1.301229e-01,-3.869198e-02,-2.349084e-02
7.95250,0.547296,0.520111,-1.019606,-1.301317e-01,-3.843520e-02,-2.348253e-02
7.95500,0.546971,0.520015,-1.019665,-1.301397e-01,-3.817745e-02,-2.347435e-02
7.95750,0.546645,0.519920,-1.019723,-1.301470e-01,-3.791862e-02,-2.346579e-02
7.96000,0.546320,0.519826,-1.019782,-1.301534e-01,-3.765867e-02,-2.345671e-02
7.96250,0.545995,0.519733,-1.019841,-1.301592e-01,-3.739763e-02,-2.344698e-02
7.96500,0.545669,0.519640,-1.019899,-1.301643e-01,-3.713563e-02,-2.343664e-02
7.96750,0.545344,0.519548,-1.019958,-1.301687e-01,-3.687270e-02,-2.342551e-02
7.97000,0.545018,0.519456,-1.020016,-1.301724e-01,-3.660897e-02,-2.341299e-02
7.97250,0.544693,0.519365,-1.020075,-1.301756e-01,-3.634450e-02,-2.339902e-02
7.97500,0.544367,0.519275,-1.020133,-1.301782e-01,-3.607949e-02,-2.338350e-02
7.97750,0.544042,0.519186,-1.020192,-1.301804e-01,-3.581402e-02,-2.336712e-02
7.98000,0.543716,0.519097,-1.020250,-1.301823e-01,-3.554826e-02,-2.334965e-02
7.98250,0.543391,0.519008,-1.020308,-1.301839e-01,-3.528233e-02,-2.333090e-02
7.98500,0.543066,0.518921,-1.020367,-1.301853e-01,-3.501643e-02,-2.331078e-02
7.98750,0.542740,0.518834,-1.020425,-1.301866e-01,-3.475048e-02,-2.328902e-02
7.99000,0.542415,0.518748,-1.020483,-1.301877e-01,-3.448479e-02,-2.326561e-02
7.99250,0.542089,0.518662,-1.020541,-1.301888e-01,-3.421957e-02,-2.324062e-02
7.99500,0.541764,0.518577,-1.020599,-1.301899e-01,-3.395500e-02,-2.321424e-02
7.99750,0.541438,0.518493,-1.020657,-1.301911e-01,-3.369122e-02,-2.318601e-02
8.00000,0.541113,0.518410,-1.020715,-1.301925e-01,-3.342835e-02,-2.315499e-02
8.00250,0.540787,0.518327,-1.020773,-1.301941e-01,-3.316657e-02,-2.312087e-02
8.00500,0.540462,0.518244,-1.020831,-1.301959e-01,-3.290591e-02,-2.308323e-02
8.00750,0.540136,0.518163,-1.020888,-1.301980e-01,-3.264641e-02,-2.304214e-02
8.01000,0.539811,0.518082,-1.020946,-1.302005e-01,-3.238823e-02,-2.299744e-02
8.01250,0.539485,0.518002,-1.021003,-1.302032e-01,-3.213142e-02,-2.294961e-02
8.01500,0.539160,0.517922,-1.021060,-1.302063e-01,-3.187602e-02,-2.289921e-02
8.01750,0.538834,0.517843,-1.021118,-1.302096e-01,-3.162200e-02,-2.284753e-02
8.02000,0.538509,0.517764,-1.021174,-1.302131e-01,-3.136930e-02,-2.279558e-02
8.02250,0.538183,0.517687,-1.021231,-1.302165e-01,-3.111792e-02,-2.274469e-02
8.02500,0.537858,0.517609,-1.021288,-1.302198e-01,-3.086785e-02,-2.269521e-02
8.02750,0.537532,0.517533,-1.021345,-1.302231e-01,-3.061903e-02,-2.264738e-02
8.03000,0.537206,0.517457,-1.021401,-1.302259e-01,-3.037142e-02,-2.260155e-02
8.03250,0.536881,0.517382,-1.021458,-1.302283e-01,-3.012490e-02,-2.255794e-02
8.03500,0.536555,0.517307,-1.021514,-1.302301e-01,-2.987941e-02,-2.251675e-02
8.03750,0.536230,0.517233,-1.021570,-1.302312e-01,-2.963479e-02,-2.247795e-02
8.04000,0.535904,0.517159,-1.021626,-1.302315e-01,-2.939088e-02,-2.244111e-02
8.04250,0.535579,0.517086,-1.021682,-1.302307e-01,-2.914749e-02,-2.240680e-02
8.04500,0.535253,0.517014,-1.021738,-1.302287e-01,-2.890440e-02,-2.237551e-02
8.04750,0.534927,0.516943,-1.021794,-1.302256e-01,-2.866128e-02,-2.234769e-02
8.05000,0.534602,0.516872,-1.021850,-1.302212e-01,-2.841805e-02,-2.232345e-02
8.05250,0.534276,0.516801,-1.021906,-1.302156e-01,-2.817461e-02,-2.230284e-02
8.05500,0.533951,0.516731,-1.021961,-1.302085e-01,-2.793090e-02,-2.228586e-02
8.05750,0.533625,0.516662,-1.022017,-1.302003e-01,-2.768675e-02,-2.227195e-02
8.06000,0.533300,0.516593,-1.022073,-1.301910e-01,-2.744209e-02,-2.226087e-02
8.06250,0.532974,0.516525,-1.022128,-1.301807e-01,-2.719690e-02,-2.225210e-02
8.06500,0.532649,0.516458,-1.022184,-1.301695e-01,-2.695107e-02,-2.224507e-02
8.06750,0.532324,0.516391,-1.022239,-1.301573e-01,-2.670444e-02,-2.223902e-02
8.07000,0.531998,0.516325,-1.022295,-1.301444e-01,-2.645706e-02,-2.223360e-02
8.07250,0.531673,0.516260,-1.022351,-1.301307e-01,-2.620884e-02,-2.222814e-02
8.07500,0.531348,0.516195,-1.022406,-1.301164e-01,-2.595984e-02,-2.222216e-02
8.07750,0.531022,0.516130,-1.022462,-1.301015e-01,-2.571001e-02,-2.221509e-02
8.08000,0.530697,0.516067,-1.022517,-1.300863e-01,-2.545932e-02,-2.220655e-02
8.08250,0.530372,0.516004,-1.022573,-1.300708e-01,-2.520779e-02,-2.219692e-02
8.08500,0.530047,0.515941,-1.022628,-1.300551e-01,-2.495554e-02,-2.218640e-02
8.08750,0.529722,0.515880,-1.022684,-1.300392e-01,-2.470271e-02,-2.217496e-02
8.09000,0.529397,0.515819,-1.022739,-1.300232e-01,-2.444934e-02,-2.216260e-02
8.09250,0.529072,0.515758,-1.022794,-1.300071e-01,-2.419563e-02,-2.214921e-02
8.09500,0.528747,0.515698,-1.022850,-1.299911e-01,-2.394166e-02,-2.213486e-02
8.09750,0.528422,0.515639,-1.022905,-1.299752e-01,-2.368755e-02,-2.212014e-02
8.10000,0.528097,0.515580,-1.022960,-1.299594e-01,-2.343343e-02,-2.210495e-02
8.10250,0.527772,0.515522,-1.023016,-1.299438e-01,-2.317946e-02,-2.208932e-02
8.10500,0.527447,0.515465,-1.023071,-1.299285e-01,-2.292571e-02,-2.207316e-02
8.10750,0.527122,0.515408,-1.023126,-1.299133e-01,-2.267229e-02,-2.205622e-02
8.11000,0.526798,0.515352,-1.023181,-1.298983e-01,-2.241934e-02,-2.203824e-02
8.11250,0.526473,0.515297,-1.023236,-1.298834e-01,-2.216707e-02,-2.201932e-02
8.11500,0.526148,0.515242,-1.023291,-1.298687e-01,-2.191563e-02,-2.199968e-02
8.11750,0.525824,0.515188,-1.023346,-1.298542e-01,-2.166500e-02,-2.197899e-02
8.12000,0.525499,0.515134,-1.023401,-1.298400e-01,-2.141526e-02,-2.195688e-02
8.12250,0.525174,0.515082,-1.023456,-1.298261e-01,-2.116659e-02,-2.193271e-02
8.12500,0.524850,0.515029,-1.023510,-1.298124e-01,-2.091897e-02,-2.190631e-02
8.12750,0.524525,0.514978,-1.023565,-1.297990e-01,-2.067245e-02,-2.187694e-02
8.13000,0.524201,0.514927,-1.023620,-1.297858e-01,-2.042712e-02,-2.184465e-02
8.13250,0.523876,0.514876,-1.023674,-1.297730e-01,-2.018303e-02,-2.180895e-02
8.13500,0.523552,0.514826,-1.023729,-1.297604e-01,-1.994029e-02,-2.177002e-02
8.13750,0.523228,0.514777,-1.023783,-1.297481e-01,-1.969879e-02,-2.172851e-02
8.14000,0.522903,0.514728,-1.023837,-1.297358e-01,-1.945851e-02,-2.168520e-02
8.14250,0.522579,0.514680,-1.023891,-1.297235e-01,-1.921933e-02,-2.164077e-02
8.14500,0.522255,0.514633,-1.023945,-1.297110e-01,-1.898123e-02,-2.159619e-02
8.14750,0.521931,0.514586,-1.023999,-1.296984e-01,-1.874424e-02,-2.155195e-02
8.15000,0.521606,0.514540,-1.024053,-1.296854e-01,-1.850822e-02,-2.150850e-02
8.15250,0.521282,0.514494,-1.024107,-1.296720e-01,-1.827313e-02,-2.146592e-02
8.15500,0.520958,0.514449,-1.024160,-1.296579e-01,-1.803887e-02,-2.142467e-02
8.15750,0.520634,0.514404,-1.024214,-1.296431e-01,-1.780521e-02,-2.138449e-02
8.16000,0.520310,0.514360,-1.024267,-1.296275e-01,-1.757214e-02,-2.134566e-02
8.16250,0.519986,0.514317,-1.024320,-1.296107e-01,-1.733943e-02,-2.130853e-02
8.16500,0.519662,0.514274,-1.024373,-1.295929e-01,-1.710689e-02,-2.127419e-02
8.16750,0.519338,0.514232,-1.024427,-1.295738e-01,-1.687428e-02,-2.124325e-02
8.17000,0.519014,0.514191,-1.024480,-1.295535e-01,-1.664149e-02,-2.121646e-02
8.17250,0.518690,0.514150,-1.024533,-1.295319e-01,-1.640838e-02,-2.119406e-02
8.17500,0.518366,0.514109,-1.024586,-1.295090e-01,-1.617496e-02,-2.117613e-02
8.17750,0.518043,0.514069,-1.024638,-1.294850e-01,-1.594102e-02,-2.116190e-02
8.18000,0.517719,0.514030,-1.024691,-1.294599e-01,-1.570648e-02,-2.115089e-02
8.18250,0.517395,0.513991,-1.024744,-1.294338e-01,-1.547132e-02,-2.114261e-02
8.18500,0.517072,0.513953,-1.024797,-1.294068e-01,-1.523542e-02,-2.113577e-02
8.18750,0.516748,0.513916,-1.024850,-1.293790e-01,-1.499872e-02,-2.112980e-02
8.19000,0.516425,0.513879,-1.024903,-1.293505e-01,-1.476113e-02,-2.112410e-02
8.19250,0.516102,0.513843,-1.024955,-1.293214e-01,-1.452264e-02,-2.111861e-02
8.19500,0.515779,0.513807,-1.025008,-1.292918e-01,-1.428338e-02,-2.111281e-02
8.19750,0.515455,0.513772,-1.025061,-1.292618e-01,-1.404328e-02,-2.110644e-02
8.20000,0.515132,0.513737,-1.025114,-1.292317e-01,-1.380235e-02,-2.109882e-02
8.20250,0.514809,0.513703,-1.025166,-1.292014e-01,-1.356062e-02,-2.108993e-02
8.20500,0.514486,0.513670,-1.025219,-1.291711e-01,-1.331812e-02,-2.107991e-02
8.20750,0.514164,0.513637,-1.025272,-1.291408e-01,-1.307498e-02,-2.106908e-02
8.21000,0.513841,0.513605,-1.025324,-1.291106e-01,-1.283127e-02,-2.105796e-02
8.21250,0.513518,0.513574,-1.025377,-1.290806e-01,-1.258710e-02,-2.104632e-02
8.21500,0.513195,0.513543,-1.025430,-1.290507e-01,-1.234267e-02,-2.103436e-02
8.21750,0.512873,0.513513,-1.025482,-1.290210e-01,-1.209794e-02,-2.102201e-02
8.22000,0.512550,0.513483,-1.025535,-1.289915e-01,-1.185312e-02,-2.100937e-02
8.22250,0.512228,0.513454,-1.025587,-1.289623e-01,-1.160826e-02,-2.099649e-02
8.22500,0.511906,0.513426,-1.025640,-1.289334e-01,-1.136352e-02,-2.098320e-02
8.22750,0.511583,0.513398,-1.025692,-1.289046e-01,-1.111897e-02,-2.096911e-02
8.23000,0.511261,0.513371,-1.025745,-1.288760e-01,-1.087480e-02,-2.095386e-02
8.23250,0.510939,0.513344,-1.025797,-1.288474e-01,-1.063111e-02,-2.093751e-02
8.23500,0.510617,0.513318,-1.025849,-1.288189e-01,-1.038810e-02,-2.092034e-02
8.23750,0.510295,0.513293,-1.025901,-1.287905e-01,-1.014572e-02,-2.090231e-02
8.24000,0.509973,0.513268,-1.025954,-1.287621e-01,-9.904075e-03,-2.088343e-02
8.24250,0.509651,0.513244,-1.026006,-1.287338e-01,-9.663181e-03,-2.086371e-02
8.24500,0.509330,0.513220,-1.026058,-1.287056e-01,-9.423185e-03,-2.084264e-02
8.24750,0.509008,0.513197,-1.026110,-1.286774e-01,-9.184117e-03,-2.081970e-02
8.25000,0.508686,0.513175,-1.026162,-1.286493e-01,-8.946055e-03,-2.079448e-02
8.25250,0.508365,0.513153,-1.026214,-1.286212e-01,-8.709002e-03,-2.076632e-02
8.25500,0.508043,0.513132,-1.026266,-1.285932e-01,-8.473143e-03,-2.073510e-02
8.25750,0.507722,0.513111,-1.026317,-1.285653e-01,-8.238443e-03,-2.070071e-02
8.26000,0.507400,0.513091,-1.026369,-1.285374e-01,-8.004884e-03,-2.066335e-02
8.26250,0.507079,0.513072,-1.026421,-1.285093e-01,-7.772371e-03,-2.062385e-02
8.26500,0.506758,0.513053,-1.026472,-1.284810e-01,-7.540893e-03,-2.058285e-02
8.26750,0.506437,0.513035,-1.026523,-1.284525e-01,-7.310424e-03,-2.054100e-02
8.27000,0.506116,0.513017,-1.026575,-1.284237e-01,-7.080902e-03,-2.049909e-02
8.27250,0.505795,0.513000,-1.026626,-1.283945e-01,-6.852268e-03,-2.045711e-02
8.27500,0.505474,0.512983,-1.026677,-1.283647e-01,-6.624491e-03,-2.041523e-02
8.27750,0.505153,0.512967,-1.026728,-1.283344e-01,-6.397346e-03,-2.037375e-02
8.28000,0.504832,0.512952,-1.026779,-1.283033e-01,-6.170813e-03,-2.033311e-02
8.28250,0.504512,0.512937,-1.026829,-1.282713e-01,-5.944750e-03,-2.029397e-02
8.28500,0.504191,0.512923,-1.026880,-1.282383e-01,-5.718989e-03,-2.025683e-02
8.28750,0.503871,0.512909,-1.026931,-1.282043e-01,-5.493278e-03,-2.022286e-02
8.29000,0.503550,0.512896,-1.026981,-1.281692e-01,-5.267591e-03,-2.019266e-02
8.29250,0.503230,0.512883,-1.027032,-1.281330e-01,-5.041701e-03,-2.016689e-02
8.29500,0.502910,0.512871,-1.027082,-1.280958e-01,-4.815580e-03,-2.014573e-02
8.29750,0.502589,0.512860,-1.027132,-1.280575e-01,-4.589059e-03,-2.012869e-02
8.30000,0.502269,0.512849,-1.027182,-1.280182e-01,-4.362062e-03,-2.011496e-02
8.30250,0.501949,0.512839,-1.027233,-1.279779e-01,-4.134468e-03,-2.010384e-02
8.30500,0.501630,0.512829,-1.027283,-1.279368e-01,-3.906205e-03,-2.009462e-02
8.30750,0.501310,0.512820,-1.027333,-1.278951e-01,-3.677244e-03,-2.008615e-02
8.31000,0.500990,0.512811,-1.027383,-1.278527e-01,-3.447483e-03,-2.007814e-02
8.31250,0.500671,0.512803,-1.027434,-1.278098e-01,-3.216866e-03,-2.007052e-02
8.31500,0.500351,0.512795,-1.027484,-1.277665e-01,-2.985439e-03,-2.006337e-02
8.31750,0.500032,0.512789,-1.027534,-1.277230e-01,-2.753252e-03,-2.005650e-02
8.32000,0.499713,0.512782,-1.027584,-1.276793e-01,-2.520333e-03,-2.004948e-02
8.32250,0.499394,0.512777,-1.027634,-1.276357e-01,-2.286665e-03,-2.004155e-02
8.32500,0.499075,0.512771,-1.027684,-1.275921e-01,-2.052279e-03,-2.003262e-02
8.32750,0.498756,0.512767,-1.027734,-1.275486e-01,-1.817214e-03,-2.002279e-02
8.33000,0.498437,0.512763,-1.027784,-1.275054e-01,-1.581539e-03,-2.001239e-02
8.33250,0.498118,0.512760,-1.027834,-1.274624e-01,-1.345280e-03,-2.000204e-02
8.33500,0.497800,0.512757,-1.027884,-1.274197e-01,-1.108665e-03,-1.999188e-02
8.33750,0.497481,0.512755,-1.027934,-1.273773e-01,-8.717149e-04,-1.998166e-02
8.34000,0.497163,0.512753,-1.027984,-1.273351e-01,-6.345119e-04,-1.997126e-02
8.34250,0.496845,0.512752,-1.028034,-1.272932e-01,-3.971435e-04,-1.996088e-02
8.34500,0.496527,0.512752,-1.028084,-1.272517e-01,-1.597259e-04,-1.995062e-02
8.34750,0.496209,0.512752,-1.028134,-1.272104e-01,7.764579e-05,-1.994026e-02
8.35000,0.495891,0.512753,-1.028184,-1.271694e-01,3.147602e-04,-1.992937e-02
8.35250,0.495573,0.512754,-1.028233,-1.271284e-01,5.515176e-04,-1.991767e-02
8.35500,0.495255,0.512756,-1.028283,-1.270876e-01,7.877380e-04,-1.990516e-02
8.35750,0.494938,0.512759,-1.028333,-1.270469e-01,1.023360e-03,-1.989189e-02
8.36000,0.494620,0.512762,-1.028383,-1.270062e-01,1.258327e-03,-1.987813e-02
8.36250,0.494303,0.512765,-1.028432,-1.269656e-01,1.492564e-03,-1.986403e-02
8.36500,0.493985,0.512770,-1.028482,-1.269252e-01,1.726096e-03,-1.984962e-02
8.36750,0.493668,0.512775,-1.028531,-1.268848e-01,1.958718e-03,-1.983445e-02
8.37000,0.493351,0.512780,-1.028581,-1.268445e-01,2.190407e-03,-1.981797e-02
8.37250,0.493034,0.512786,-1.028630,-1.268042e-01,2.421084e-03,-1.979962e-02
8.37500,0.492717,0.512793,-1.028680,-1.267641e-01,2.650713e-03,-1.977889e-02
8.37750,0.492400,0.512800,-1.028729,-1.267240e-01,2.879129e-03,-1.975534e-02
8.38000,0.492084,0.512808,-1.028779,-1.266840e-01,3.106393e-03,-1.972874e-02
8.38250,0.491767,0.512816,-1.028828,-1.266440e-01,3.332386e-03,-1.969911e-02
8.38500,0.491450,0.512825,-1.028877,-1.266039e-01,3.557261e-03,-1.966717e-02
8.38750,0.491134,0.512834,-1.028926,-1.265637e-01,3.781013e-03,-1.963347e-02
8.39000,0.490818,0.512844,-1.028975,-1.265234e-01,4.003698e-03,-1.959866e-02
8.39250,0.490502,0.512855,-1.029024,-1.264829e-01,4.225342e-03,-1.956298e-02
8.39500,0.490185,0.512866,-1.029073,-1.264419e-01,4.446058e-03,-1.952661e-02
8.39750,0.489869,0.512878,-1.029122,-1.264006e-01,4.665860e-03,-1.948980e-02
8.40000,0.489554,0.512890,-1.029170,-1.263587e-01,4.884846e-03,-1.945279e-02
8.40250,0.489238,0.512903,-1.029219,-1.263163e-01,5.103191e-03,-1.941643e-02
8.40500,0.488922,0.512916,-1.029267,-1.262730e-01,5.320971e-03,-1.938113e-02
8.40750,0.488606,0.512930,-1.029316,-1.262289e-01,5.538359e-03,-1.934752e-02
8.41000,0.488291,0.512944,-1.029364,-1.261838e-01,5.755535e-03,-1.931630e-02
8.41250,0.487976,0.512959,-1.029412,-1.261377e-01,5.972605e-03,-1.928848e-02
8.41500,0.487660,0.512975,-1.029460,-1.260906e-01,6.189746e-03,-1.926443e-02
8.41750,0.487345,0.512991,-1.029508,-1.260426e-01,6.407000e-03,-1.924436e-02
8.42000,0.487030,0.513007,-1.029556,-1.259935e-01,6.624648e-03,-1.922801e-02
8.42250,0.486716,0.513024,-1.029604,-1.259435e-01,6.842739e-03,-1.921475e-02
8.42500,0.486401,0.513042,-1.029652,-1.258926e-01,7.061392e-03,-1.920376e-02
8.42750,0.486086,0.513060,-1.029700,-1.258408e-01,7.280744e-03,-1.919436e-02
8.43000,0.485772,0.513079,-1.029748,-1.257883e-01,7.500751e-03,-1.918595e-02
8.43250,0.485457,0.513098,-1.029796,-1.257352e-01,7.721554e-03,-1.917803e-02
8.43500,0.485143,0.513118,-1.029844,-1.256816e-01,7.943169e-03,-1.917051e-02
8.43750,0.484829,0.513139,-1.029892,-1.256276e-01,8.165659e-03,-1.916367e-02
8.44000,0.484515,0.513160,-1.029940,-1.255734e-01,8.388935e-03,-1.915754e-02
8.44250,0.484201,0.513181,-1.029988,-1.255190e-01,8.613017e-03,-1.915175e-02
8.44500,0.483888,0.513203,-1.030036,-1.254647e-01,8.837792e-03,-1.914578e-02
8.44750,0.483574,0.513226,-1.030084,-1.254104e-01,9.063332e-03,-1.913890e-02
8.45000,0.483261,0.513249,-1.030132,-1.253562e-01,9.289577e-03,-1.913090e-02
8.45250,0.482948,0.513273,-1.030179,-1.253022e-01,9.516523e-03,-1.912207e-02
8.45500,0.482634,0.513297,-1.030227,-1.252485e-01,9.744086e-03,-1.911291e-02
8.45750,0.482321,0.513322,-1.030275,-1.251951e-01,9.972181e-03,-1.910393e-02
8.46000,0.482009,0.513348,-1.030323,-1.251420e-01,1.020068e-02,-1.909500e-02
8.46250,0.481696,0.513374,-1.030370,-1.250893e-01,1.042949e-02,-1.908591e-02
8.46500,0.481383,0.513400,-1.030418,-1.250368e-01,1.065865e-02,-1.907677e-02
8.46750,0.481071,0.513428,-1.030466,-1.249847e-01,1.088794e-02,-1.906772e-02
8.47000,0.480758,0.513455,-1.030513,-1.249329e-01,1.111731e-02,-1.905882e-02
8.47250,0.480446,0.513484,-1.030561,-1.248815e-01,1.134660e-02,-1.904984e-02
8.47500,0.480134,0.513513,-1.030609,-1.248303e-01,1.157560e-02,-1.904040e-02
8.47750,0.479822,0.513542,-1.030656,-1.247792e-01,1.180425e-02,-1.903036e-02
8.48000,0.479510,0.513572,-1.030704,-1.247283e-01,1.203231e-02,-1.901946e-02
8.48250,0.479199,0.513603,-1.030751,-1.246776e-01,1.225978e-02,-1.900780e-02
8.48500,0.478887,0.513634,-1.030799,-1.246271e-01,1.248659e-02,-1.899576e-02
8.48750,0.478576,0.513666,-1.030846,-1.245768e-01,1.271272e-02,-1.898345e-02
8.49000,0.478264,0.513698,-1.030894,-1.245267e-01,1.293812e-02,-1.897092e-02
8.49250,0.477953,0.513731,-1.030941,-1.244767e-01,1.316259e-02,-1.895748e-02
8.49500,0.477642,0.513765,-1.030988,-1.244269e-01,1.338615e-02,-1.894319e-02
8.49750,0.477331,0.513799,-1.031036,-1.243774e-01,1.360869e-02,-1.892747e-02
8.50000,0.477020,0.513833,-1.031083,-1.243280e-01,1.383017e-02,-1.891005e-02
8.50250,0.476710,0.513868,-1.031130,-1.242788e-01,1.405048e-02,-1.889023e-02
8.50500,0.476399,0.513904,-1.031177,-1.242297e-01,1.426958e-02,-1.886789e-02
8.50750,0.476089,0.513940,-1.031224,-1.241807e-01,1.448745e-02,-1.884322e-02
8.51000,0.475778,0.513977,-1.031271,-1.241317e-01,1.470414e-02,-1.881652e-02
8.51250,0.475468,0.514014,-1.031318,-1.240827e-01,1.491965e-02,-1.878837e-02
8.51500,0.475158,0.514052,-1.031365,-1.240336e-01,1.513413e-02,-1.875914e-02
8.51750,0.474848,0.514090,-1.031412,-1.239843e-01,1.534753e-02,-1.872883e-02
8.52000,0.474538,0.514129,-1.031459,-1.239347e-01,1.555995e-02,-1.869784e-02
8.52250,0.474229,0.514169,-1.031506,-1.238847e-01,1.577141e-02,-1.866640e-02
8.52500,0.473919,0.514209,-1.031552,-1.238342e-01,1.598200e-02,-1.863468e-02
8.52750,0.473609,0.514249,-1.031599,-1.237832e-01,1.619192e-02,-1.860315e-02
8.53000,0.473300,0.514290,-1.031645,-1.237314e-01,1.640127e-02,-1.857238e-02
8.53250,0.472991,0.514332,-1.031691,-1.236787e-01,1.661017e-02,-1.854251e-02
8.53500,0.472682,0.514374,-1.031738,-1.236251e-01,1.681880e-02,-1.851420e-02
8.53750,0.472373,0.514416,-1.031784,-1.235705e-01,1.702728e-02,-1.848818e-02
8.54000,0.472064,0.514459,-1.031830,-1.235150e-01,1.723580e-02,-1.846505e-02
8.54250,0.471756,0.514503,-1.031876,-1.234585e-01,1.744443e-02,-1.844462e-02
8.54500,0.471447,0.514547,-1.031922,-1.234010e-01,1.765337e-02,-1.842708e-02
8.54750,0.471139,0.514592,-1.031968,-1.233426e-01,1.786284e-02,-1.841222e-02
8.55000,0.470830,0.514637,-1.032014,-1.232833e-01,1.807291e-02,-1.839932e-02
8.55250,0.470522,0.514683,-1.032060,-1.232231e-01,1.828371e-02,-1.838797e-02
8.55500,0.470214,0.514729,-1.032106,-1.231621e-01,1.849522e-02,-1.837806e-02
8.55750,0.469907,0.514776,-1.032152,-1.231005e-01,1.870751e-02,-1.836903e-02
8.56000,0.469599,0.514823,-1.032198,-1.230383e-01,1.892069e-02,-1.836069e-02
8.56250,0.469292,0.514871,-1.032244,-1.229756e-01,1.913477e-02,-1.835322e-02
8.56500,0.468984,0.514919,-1.032290,-1.229126e-01,1.934977e-02,-1.834668e-02
8.56750,0.468677,0.514968,-1.032336,-1.228494e-01,1.956563e-02,-1.834082e-02
8.57000,0.468370,0.515018,-1.032382,-1.227861e-01,1.978237e-02,-1.833541e-02
8.57250,0.468064,0.515068,-1.032427,-1.227227e-01,1.999990e-02,-1.832961e-02
8.57500,0.467757,0.515118,-1.032473,-1.226593e-01,2.021823e-02,-1.832293e-02
8.57750,0.467450,0.515169,-1.032519,-1.225960e-01,2.043732e-02,-1.831556e-02
8.58000,0.467144,0.515221,-1.032565,-1.225329e-01,2.065718e-02,-1.830805e-02
8.58250,0.466838,0.515273,-1.032610,-1.224701e-01,2.087765e-02,-1.830040e-02
8.58500,0.466532,0.515326,-1.032656,-1.224075e-01,2.109868e-02,-1.829304e-02
8.58750,0.466226,0.515379,-1.032702,-1.223452e-01,2.132015e-02,-1.828554e-02
8.59000,0.465920,0.515433,-1.032748,-1.222833e-01,2.154202e-02,-1.827799e-02
8.59250,0.465615,0.515487,-1.032793,-1.222216e-01,2.176423e-02,-1.827046e-02
8.59500,0.465309,0.515542,-1.032839,-1.221604e-01,2.198661e-02,-1.826326e-02
8.59750,0.465004,0.515598,-1.032885,-1.220996e-01,2.220904e-02,-1.825618e-02
8.60000,0.464699,0.515654,-1.032930,-1.220390e-01,2.243135e-02,-1.824919e-02
8.60250,0.464394,0.515711,-1.032976,-1.219787e-01,2.265340e-02,-1.824183e-02
8.60500,0.464089,0.515768,-1.033021,-1.219188e-01,2.287506e-02,-1.823396e-02
8.60750,0.463785,0.515826,-1.033067,-1.218592e-01,2.309611e-02,-1.822536e-02
8.61000,0.463480,0.515884,-1.033112,-1.217999e-01,2.331654e-02,-1.821570e-02
8.61250,0.463176,0.515943,-1.033158,-1.217409e-01,2.353634e-02,-1.820541e-02
8.61500,0.462872,0.516002,-1.033203,-1.216825e-01,2.375546e-02,-1.819468e-02
8.61750,0.462567,0.516062,-1.033249,-1.216244e-01,2.397377e-02,-1.818338e-02
8.62000,0.462264,0.516123,-1.033294,-1.215668e-01,2.419117e-02,-1.817107e-02
8.62250,0.461960,0.516184,-1.033340,-1.215096e-01,2.440759e-02,-1.815781e-02
8.62500,0.461656,0.516245,-1.033385,-1.214528e-01,2.462303e-02,-1.814344e-02
8.62750,0.461353,0.516307,-1.033430,-1.213966e-01,2.483740e-02,-1.812758e-02
8.63000,0.461049,0.516370,-1.033476,-1.213406e-01,2.505061e-02,-1.810966e-02
8.63250,0.460746,0.516433,-1.033521,-1.212849e-01,2.526261e-02,-1.808952e-02
8.63500,0.460443,0.516497,-1.033566,-1.212296e-01,2.547341e-02,-1.806761e-02
8.63750,0.460140,0.516561,-1.033611,-1.211744e-01,2.568295e-02,-1.804406e-02
8.64000,0.459837,0.516626,-1.033656,-1.211194e-01,2.589133e-02,-1.801928e-02
8.64250,0.459535,0.516691,-1.033701,-1.210643e-01,2.609862e-02,-1.799357e-02
8.64500,0.459232,0.516757,-1.033746,-1.210092e-01,2.630491e-02,-1.796727e-02
8.64750,0.458930,0.516823,-1.033791,-1.209539e-01,2.651013e-02,-1.794030e-02
8.65000,0.458627,0.516890,-1.033836,-1.208982e-01,2.671442e-02,-1.791260e-02
8.65250,0.458325,0.516957,-1.033881,-1.208420e-01,2.691792e-02,-1.788411e-02
8.65500,0.458023,0.517025,-1.033925,-1.207853e-01,2.712072e-02,-1.785499e-02
8.65750,0.457722,0.517093,-1.033970,-1.207278e-01,2.732302e-02,-1.782563e-02
8.66000,0.457420,0.517162,-1.034014,-1.206695e-01,2.752490e-02,-1.779605e-02
8.66250,0.457118,0.517231,-1.034059,-1.206102e-01,2.772653e-02,-1.776667e-02
8.66500,0.456817,0.517301,-1.034103,-1.205500e-01,2.792804e-02,-1.773813e-02
8.66750,0.456516,0.517371,-1.034147,-1.204889e-01,2.812962e-02,-1.771114e-02
8.67000,0.456215,0.517442,-1.034191,-1.204267e-01,2.833139e-02,-1.768580e-02
8.67250,0.455914,0.517513,-1.034236,-1.203636e-01,2.853349e-02,-1.766247e-02
8.67500,0.455613,0.517585,-1.034280,-1.202996e-01,2.873613e-02,-1.764136e-02
8.67750,0.455312,0.517658,-1.034324,-1.202345e-01,2.893950e-02,-1.762199e-02
8.68000,0.455012,0.517731,-1.034368,-1.201684e-01,2.914361e-02,-1.760420e-02
8.68250,0.454712,0.517804,-1.034412,-1.201015e-01,2.934861e-02,-1.758813e-02
8.68500,0.454412,0.517878,-1.034456,-1.200337e-01,2.955444e-02,-1.757358e-02
8.68750,0.454112,0.517952,-1.034500,-1.199652e-01,2.976125e-02,-1.756006e-02
8.69000,0.453812,0.518027,-1.034543,-1.198961e-01,2.996910e-02,-1.754743e-02
8.69250,0.453512,0.518103,-1.034587,-1.198263e-01,3.017808e-02,-1.753546e-02
8.69500,0.453213,0.518179,-1.034631,-1.197562e-01,3.038814e-02,-1.752441e-02
8.69750,0.452914,0.518255,-1.034675,-1.196857e-01,3.059931e-02,-1.751402e-02
8.70000,0.452615,0.518332,-1.034719,-1.196149e-01,3.081155e-02,-1.750416e-02
8.70250,0.452316,0.518410,-1.034762,-1.195440e-01,3.102479e-02,-1.749442e-02
8.70500,0.452017,0.518488,-1.034806,-1.194730e-01,3.123906e-02,-1.748470e-02
8.70750,0.451719,0.518566,-1.034850,-1.194020e-01,3.145437e-02,-1.747487e-02
8.71000,0.451420,0.518646,-1.034893,-1.193310e-01,3.167070e-02,-1.746502e-02
8.71250,0.451122,0.518725,-1.034937,-1.192602e-01,3.188788e-02,-1.745530e-02
8.71500,0.450824,0.518806,-1.034981,-1.191897e-01,3.210588e-02,-1.744540e-02
8.71750,0.450527,0.518886,-1.035024,-1.191194e-01,3.232461e-02,-1.743535e-02
8.72000,0.450229,0.518968,-1.035068,-1.190494e-01,3.254394e-02,-1.742518e-02
8.72250,0.449931,0.519050,-1.035111,-1.189797e-01,3.276383e-02,-1.741505e-02
8.72500,0.449634,0.519132,-1.035155,-1.189105e-01,3.298412e-02,-1.740545e-02
8.72750,0.449337,0.519215,-1.035198,-1.188416e-01,3.320464e-02,-1.739649e-02
8.73000,0.449040,0.519299,-1.035242,-1.187731e-01,3.342523e-02,-1.738813e-02
8.73250,0.448743,0.519383,-1.035285,-1.187049e-01,3.364574e-02,-1.737996e-02
8.73500,0.448447,0.519467,-1.035329,-1.186372e-01,3.386598e-02,-1.737163e-02
8.73750,0.448150,0.519553,-1.035372,-1.185699e-01,3.408581e-02,-1.736290e-02
8.74000,0.447854,0.519638,-1.035416,-1.185030e-01,3.430513e-02,-1.735307e-02
8.74250,0.447558,0.519725,-1.035459,-1.184365e-01,3.452393e-02,-1.734217e-02
8.74500,0.447262,0.519812,-1.035502,-1.183705e-01,3.474214e-02,-1.733048e-02
8.74750,0.446966,0.519899,-1.035545,-1.183050e-01,3.495963e-02,-1.731774e-02
8.75000,0.446671,0.519987,-1.035589,-1.182399e-01,3.517630e-02,-1.730371e-02
8.75250,0.446375,0.520075,-1.035632,-1.181753e-01,3.539204e-02,-1.728821e-02
8.75500,0.446080,0.520164,-1.035675,-1.181111e-01,3.560686e-02,-1.727121e-02
8.75750,0.445785,0.520254,-1.035718,-1.180473e-01,3.582066e-02,-1.725279e-02
8.76000,0.445490,0.520344,-1.035761,-1.179837e-01,3.603339e-02,-1.723269e-02
8.76250,0.445195,0.520435,-1.035804,-1.179204e-01,3.624490e-02,-1.721088e-02
8.76500,0.444901,0.520526,-1.035847,-1.178573e-01,3.645516e-02,-1.718765e-02
8.76750,0.444606,0.520617,-1.035890,-1.177943e-01,3.666414e-02,-1.716301e-02
8.77000,0.444312,0.520710,-1.035933,-1.177315e-01,3.687186e-02,-1.713689e-02
8.77250,0.444018,0.520802,-1.035976,-1.176686e-01,3.707842e-02,-1.710958e-02
8.77500,0.443724,0.520896,-1.036019,-1.176057e-01,3.728382e-02,-1.708119e-02
8.77750,0.443430,0.520989,-1.036061,-1.175425e-01,3.748814e-02,-1.705187e-02
8.78000,0.443136,0.521083,-1.036104,-1.174789e-01,3.769143e-02,-1.702132e-02
8.78250,0.442842,0.521178,-1.036146,-1.174150e-01,3.789379e-02,-1.698948e-02
8.78500,0.442549,0.521273,-1.036189,-1.173505e-01,3.809534e-02,-1.695662e-02
8.78750,0.442256,0.521369,-1.036231,-1.172855e-01,3.829619e-02,-1.692313e-02
8.79000,0.441963,0.521465,-1.036273,-1.172197e-01,3.849648e-02,-1.688939e-02
8.79250,0.441670,0.521562,-1.036315,-1.171531e-01,3.869630e-02,-1.685576e-02
8.79500,0.441377,0.521659,-1.036357,-1.170856e-01,3.889580e-02,-1.682318e-02
8.79750,0.441085,0.521757,-1.036399,-1.170174e-01,3.909505e-02,-1.679194e-02
8.80000,0.440792,0.521855,-1.036441,-1.169482e-01,3.929428e-02,-1.676267e-02
8.80250,0.440500,0.521954,-1.036483,-1.168781e-01,3.949354e-02,-1.673541e-02
8.80500,0.440208,0.522053,-1.036525,-1.168071e-01,3.969302e-02,-1.671068e-02
8.80750,0.439916,0.522153,-1.036567,-1.167352e-01,3.989286e-02,-1.668816e-02
8.81000,0.439625,0.522253,-1.036608,-1.166623e-01,4.009321e-02,-1.666765e-02
8.81250,0.439333,0.522354,-1.036650,-1.165884e-01,4.029411e-02,-1.664880e-02
8.81500,0.439042,0.522455,-1.036691,-1.165137e-01,4.049564e-02,-1.663184e-02
8.81750,0.438751,0.522557,-1.036733,-1.164383e-01,4.069780e-02,-1.661648e-02
8.82000,0.438460,0.522659,-1.036775,-1.163621e-01,4.090068e-02,-1.660227e-02
8.82250,0.438169,0.522762,-1.036816,-1.162853e-01,4.110430e-02,-1.658887e-02
8.82500,0.437879,0.522865,-1.036857,-1.162082e-01,4.130874e-02,-1.657652e-02
8.82750,0.437588,0.522969,-1.036899,-1.161307e-01,4.151398e-02,-1.656554e-02
8.83000,0.437298,0.523073,-1.036940,-1.160530e-01,4.172000e-02,-1.655605e-02
8.83250,0.437008,0.523178,-1.036982,-1.159752e-01,4.192679e-02,-1.654831e-02
8.83500,0.436718,0.523284,-1.037023,-1.158973e-01,4.213432e-02,-1.654220e-02
8.83750,0.436429,0.523389,-1.037064,-1.158194e-01,4.234256e-02,-1.653736e-02
8.84000,0.436140,0.523496,-1.037106,-1.157415e-01,4.255155e-02,-1.653360e-02
8.84250,0.435850,0.523603,-1.037147,-1.156638e-01,4.276120e-02,-1.653086e-02
8.84500,0.435561,0.523710,-1.037188,-1.155862e-01,4.297143e-02,-1.652933e-02
8.84750,0.435273,0.523818,-1.037230,-1.155089e-01,4.318216e-02,-1.652901e-02
8.85000,0.434984,0.523927,-1.037271,-1.154319e-01,4.339328e-02,-1.652971e-02
8.85250,0.434696,0.524036,-1.037312,-1.153551e-01,4.360471e-02,-1.653150e-02
8.85500,0.434407,0.524145,-1.037354,-1.152787e-01,4.381634e-02,-1.653437e-02
8.85750,0.434119,0.524255,-1.037395,-1.152025e-01,4.402807e-02,-1.653876e-02
8.86000,0.433832,0.524366,-1.037436,-1.151267e-01,4.423973e-02,-1.654472e-02
8.86250,0.433544,0.524477,-1.037478,-1.150511e-01,4.445119e-02,-1.655208e-02
8.86500,0.433257,0.524589,-1.037519,-1.149759e-01,4.466226e-02,-1.656047e-02
8.86750,0.432969,0.524701,-1.037561,-1.149009e-01,4.487280e-02,-1.656925e-02
8.87000,0.432682,0.524813,-1.037602,-1.148262e-01,4.508263e-02,-1.657823e-02
8.87250,0.432395,0.524927,-1.037643,-1.147516e-01,4.529171e-02,-1.658674e-02
8.87500,0.432109,0.525040,-1.037685,-1.146773e-01,4.549990e-02,-1.659426e-02
8.87750,0.431822,0.525155,-1.037726,-1.146032e-01,4.570714e-02,-1.660048e-02
8.88000,0.431536,0.525269,-1.037768,-1.145292e-01,4.591340e-02,-1.660558e-02
8.88250,0.431250,0.525385,-1.037809,-1.144554e-01,4.611854e-02,-1.660948e-02
8.88500,0.430964,0.525501,-1.037851,-1.143818e-01,4.632245e-02,-1.661227e-02
8.88750,0.430678,0.525617,-1.037893,-1.143084e-01,4.652509e-02,-1.661390e-02
8.89000,0.430392,0.525734,-1.037934,-1.142350e-01,4.672640e-02,-1.661437e-02
8.89250,0.430107,0.525851,-1.037976,-1.141619e-01,4.692632e-02,-1.661352e-02
8.89500,0.429822,0.525969,-1.038017,-1.140888e-01,4.712485e-02,-1.661110e-02
8.89750,0.429537,0.526087,-1.038059,-1.140158e-01,4.732186e-02,-1.660668e-02
8.90000,0.429252,0.526206,-1.038100,-1.139429e-01,4.751732e-02,-1.659987e-02
8.90250,0.428967,0.526325,-1.038142,-1.138702e-01,4.771125e-02,-1.659045e-02
8.90500,0.428683,0.526445,-1.038183,-1.137977e-01,4.790365e-02,-1.657843e-02
8.90750,0.428398,0.526565,-1.038224,-1.137252e-01,4.809459e-02,-1.656393e-02
8.91000,0.428114,0.526686,-1.038266,-1.136527e-01,4.828411e-02,-1.654731e-02
8.91250,0.427830,0.526807,-1.038307,-1.135802e-01,4.847227e-02,-1.652882e-02
8.91500,0.427547,0.526929,-1.038348,-1.135075e-01,4.865922e-02,-1.650905e-02
8.91750,0.427263,0.527051,-1.038390,-1.134347e-01,4.884497e-02,-1.648827e-02
8.92000,0.426980,0.527173,-1.038431,-1.133616e-01,4.902971e-02,-1.646684e-02
8.92250,0.426696,0.527296,-1.038472,-1.132881e-01,4.921354e-02,-1.644528e-02
8.92500,0.426413,0.527420,-1.038513,-1.132141e-01,4.939657e-02,-1.642367e-02
8.92750,0.426130,0.527544,-1.038554,-1.131395e-01,4.957899e-02,-1.640249e-02
8.93000,0.425848,0.527668,-1.038595,-1.130643e-01,4.976091e-02,-1.638214e-02
8.93250,0.425565,0.527793,-1.038636,-1.129884e-01,4.994246e-02,-1.636288e-02
8.93500,0.425283,0.527918,-1.038677,-1.129118e-01,5.012380e-02,-1.634480e-02
8.93750,0.425001,0.528044,-1.038718,-1.128343e-01,5.030503e-02,-1.632797e-02
8.94000,0.424719,0.528170,-1.038758,-1.127562e-01,5.048635e-02,-1.631240e-02
8.94250,0.424437,0.528297,-1.038799,-1.126772e-01,5.066790e-02,-1.629812e-02
8.94500,0.424156,0.528424,-1.038840,-1.125976e-01,5.084983e-02,-1.628487e-02
8.94750,0.423875,0.528552,-1.038880,-1.125172e-01,5.103225e-02,-1.627249e-02
8.95000,0.423594,0.528680,-1.038921,-1.124360e-01,5.121524e-02,-1.626094e-02
8.95250,0.423313,0.528808,-1.038962,-1.123543e-01,5.139884e-02,-1.625016e-02
8.95500,0.423032,0.528937,-1.039002,-1.122721e-01,5.158317e-02,-1.623998e-02
8.95750,0.422751,0.529067,-1.039043,-1.121895e-01,5.176822e-02,-1.623003e-02
8.96000,0.422471,0.529197,-1.039083,-1.121066e-01,5.195412e-02,-1.621986e-02
8.96250,0.422191,0.529327,-1.039124,-1.120235e-01,5.214084e-02,-1.620941e-02
8.96500,0.421911,0.529458,-1.039164,-1.119403e-01,5.232845e-02,-1.619902e-02
8.96750,0.421632,0.529589,-1.039205,-1.118570e-01,5.251686e-02,-1.618890e-02
8.97000,0.421352,0.529721,-1.039245,-1.117737e-01,5.270615e-02,-1.617942e-02
8.97250,0.421073,0.529853,-1.039286,-1.116904e-01,5.289629e-02,-1.617058e-02
8.97500,0.420794,0.529986,-1.039326,-1.116072e-01,5.308726e-02,-1.616215e-02
8.97750,0.420515,0.530119,-1.039367,-1.115242e-01,5.327903e-02,-1.615404e-02
8.98000,0.420237,0.530253,-1.039407,-1.114413e-01,5.347159e-02,-1.614624e-02
8.98250,0.419958,0.530387,-1.039447,-1.113588e-01,5.366485e-02,-1.613859e-02
8.98500,0.419680,0.530522,-1.039488,-1.112766e-01,5.385879e-02,-1.613113e-02
8.98750,0.419402,0.530657,-1.039528,-1.111947e-01,5.405329e-02,-1.612380e-02
8.99000,0.419124,0.530792,-1.039568,-1.111131e-01,5.424830e-02,-1.611651e-02
8.99250,0.418847,0.530928,-1.039609,-1.110319e-01,5.444375e-02,-1.610960e-02
8.99500,0.418569,0.531065,-1.039649,-1.109510e-01,5.463954e-02,-1.610352e-02
8.99750,0.418292,0.531202,-1.039689,-1.108705e-01,5.483561e-02,-1.609884e-02
9.00000,0.418015,0.531340,-1.039729,-1.107903e-01,5.503183e-02,-1.609556e-02
9.00250,0.417738,0.531478,-1.039770,-1.107106e-01,5.522810e-02,-1.609354e-02
9.00500,0.417462,0.531616,-1.039810,-1.106311e-01,5.542431e-02,-1.609233e-02
9.00750,0.417185,0.531755,-1.039850,-1.105520e-01,5.562027e-02,-1.609144e-02
9.01000,0.416909,0.531895,-1.039890,-1.104733e-01,5.581599e-02,-1.609062e-02
9.01250,0.416633,0.532035,-1.039930,-1.103948e-01,5.601132e-02,-1.608937e-02
9.01500,0.416357,0.532175,-1.039971,-1.103167e-01,5.620623e-02,-1.608730e-02
9.01750,0.416082,0.532316,-1.040011,-1.102390e-01,5.640063e-02,-1.608396e-02
9.02000,0.415806,0.532458,-1.040051,-1.101616e-01,5.659451e-02,-1.607972e-02
9.02250,0.415531,0.532600,-1.040091,-1.100847e-01,5.678776e-02,-1.607473e-02
9.02500,0.415256,0.532742,-1.040131,-1.100081e-01,5.698036e-02,-1.606893e-02
9.02750,0.414981,0.532885,-1.040172,-1.099320e-01,5.717225e-02,-1.606239e-02
9.03000,0.414707,0.533029,-1.040212,-1.098563e-01,5.736342e-02,-1.605535e-02
9.03250,0.414432,0.533173,-1.040252,-1.097809e-01,5.755379e-02,-1.604774e-02
9.03500,0.414158,0.533317,-1.040292,-1.097058e-01,5.774336e-02,-1.603973e-02
9.03750,0.413884,0.533462,-1.040332,-1.096310e-01,5.793208e-02,-1.603113e-02
9.04000,0.413610,0.533607,-1.040372,-1.095564e-01,5.811991e-02,-1.602134e-02
9.04250,0.413336,0.533753,-1.040412,-1.094822e-01,5.830688e-02,-1.600999e-02
9.04500,0.413063,0.533899,-1.040452,-1.094081e-01,5.849300e-02,-1.599689e-02
9.04750,0.412789,0.534046,-1.040492,-1.093340e-01,5.867828e-02,-1.598134e-02
9.05000,0.412516,0.534193,-1.040532,-1.092599e-01,5.886278e-02,-1.596299e-02
9.05250,0.412243,0.534340,-1.040572,-1.091855e-01,5.904663e-02,-1.594163e-02
9.05500,0.411971,0.534489,-1.040612,-1.091109e-01,5.922989e-02,-1.591733e-02
9.05750,0.411698,0.534637,-1.040651,-1.090359e-01,5.941271e-02,-1.589040e-02
9.06000,0.411426,0.534786,-1.040691,-1.089604e-01,5.959518e-02,-1.586098e-02
9.06250,0.411153,0.534936,-1.040731,-1.088844e-01,5.977741e-02,-1.582912e-02
9.06500,0.410881,0.535085,-1.040770,-1.088075e-01,5.995953e-02,-1.579467e-02
9.06750,0.410610,0.535236,-1.040809,-1.087299e-01,6.014169e-02,-1.575766e-02
9.07000,0.410338,0.535387,-1.040849,-1.086514e-01,6.032405e-02,-1.571877e-02
9.07250,0.410066,0.535538,-1.040888,-1.085720e-01,6.050671e-02,-1.567839e-02
9.07500,0.409795,0.535690,-1.040927,-1.084917e-01,6.068981e-02,-1.563699e-02
9.07750,0.409524,0.535842,-1.040966,-1.084105e-01,6.087347e-02,-1.559503e-02
9.08000,0.409253,0.535994,-1.041005,-1.083283e-01,6.105777e-02,-1.555289e-02
9.08250,0.408983,0.536148,-1.041044,-1.082452e-01,6.124287e-02,-1.551116e-02
9.08500,0.408712,0.536301,-1.041082,-1.081610e-01,6.142877e-02,-1.547032e-02
9.08750,0.408442,0.536455,-1.041121,-1.080760e-01,6.161560e-02,-1.543091e-02
9.09000,0.408172,0.536610,-1.041159,-1.079899e-01,6.180337e-02,-1.539336e-02
9.09250,0.407902,0.536765,-1.041198,-1.079030e-01,6.199211e-02,-1.535780e-02
9.09500,0.407633,0.536920,-1.041236,-1.078152e-01,6.218179e-02,-1.532457e-02
9.09750,0.407364,0.537076,-1.041274,-1.077266e-01,6.237243e-02,-1.529389e-02
9.10000,0.407094,0.537232,-1.041312,-1.076373e-01,6.256399e-02,-1.526563e-02
9.10250,0.406826,0.537389,-1.041351,-1.075475e-01,6.275646e-02,-1.523973e-02
9.10500,0.406557,0.537547,-1.041389,-1.074573e-01,6.294977e-02,-1.521608e-02
9.10750,0.406289,0.537705,-1.041427,-1.073667e-01,6.314390e-02,-1.519484e-02
9.11000,0.406020,0.537863,-1.041465,-1.072758e-01,6.333883e-02,-1.517619e-02
9.11250,0.405752,0.538022,-1.041502,-1.071847e-01,6.353452e-02,-1.516028e-02
9.11500,0.405485,0.538181,-1.041540,-1.070935e-01,6.373092e-02,-1.514718e-02
9.11750,0.405217,0.538341,-1.041578,-1.070023e-01,6.392800e-02,-1.513673e-02
9.12000,0.404950,0.538501,-1.041616,-1.069111e-01,6.412562e-02,-1.512883e-02
9.12250,0.404683,0.538662,-1.041654,-1.068201e-01,6.432369e-02,-1.512341e-02
9.12500,0.404416,0.538823,-1.041692,-1.067294e-01,6.452212e-02,-1.512029e-02
9.12750,0.404149,0.538985,-1.041729,-1.066390e-01,6.472078e-02,-1.511928e-02
9.13000,0.403883,0.539147,-1.041767,-1.065490e-01,6.491960e-02,-1.512031e-02
9.13250,0.403617,0.539310,-1.041805,-1.064594e-01,6.511846e-02,-1.512333e-02
9.13500,0.403351,0.539473,-1.041843,-1.063703e-01,6.531719e-02,-1.512847e-02
9.13750,0.403085,0.539637,-1.041881,-1.062817e-01,6.551570e-02,-1.513590e-02
9.14000,0.402820,0.539802,-1.041919,-1.061935e-01,6.571385e-02,-1.514584e-02
9.14250,0.402555,0.539966,-1.041956,-1.061059e-01,6.591161e-02,-1.515832e-02
9.14500,0.402289,0.540132,-1.041994,-1.060186e-01,6.610879e-02,-1.517304e-02
9.14750,0.402025,0.540297,-1.042032,-1.059318e-01,6.630529e-02,-1.518951e-02
9.15000,0.401760,0.540464,-1.042070,-1.058453e-01,6.650101e-02,-1.520712e-02
9.15250,0.401496,0.540630,-1.042108,-1.057592e-01,6.669579e-02,-1.522545e-02
9.15500,0.401231,0.540798,-1.042147,-1.056733e-01,6.688955e-02,-1.524396e-02
9.15750,0.400967,0.540965,-1.042185,-1.055878e-01,6.708222e-02,-1.526239e-02
9.16000,0.400704,0.541133,-1.042223,-1.055025e-01,6.727368e-02,-1.528029e-02
9.16250,0.400440,0.541302,-1.042261,-1.054173e-01,6.746385e-02,-1.529770e-02
9.16500,0.400177,0.541471,-1.042299,-1.053324e-01,6.765267e-02,-1.531494e-02
9.16750,0.399914,0.541641,-1.042338,-1.052477e-01,6.784011e-02,-1.533220e-02
9.17000,0.399651,0.541811,-1.042376,-1.051632e-01,6.802608e-02,-1.534938e-02
9.17250,0.399388,0.541981,-1.042415,-1.050789e-01,6.821056e-02,-1.536637e-02
9.17500,0.399126,0.542152,-1.042453,-1.049948e-01,6.839351e-02,-1.538306e-02
9.17750,0.398863,0.542324,-1.042491,-1.049108e-01,6.857492e-02,-1.539919e-02
9.18000,0.398601,0.542496,-1.042530,-1.048269e-01,6.875475e-02,-1.541470e-02
9.18250,0.398339,0.542668,-1.042569,-1.047433e-01,6.893296e-02,-1.542918e-02
9.18500,0.398078,0.542841,-1.042607,-1.046599e-01,6.910956e-02,-1.544205e-02
9.18750,0.397816,0.543014,-1.042646,-1.045767e-01,6.928453e-02,-1.545271e-02
9.19000,0.397555,0.543188,-1.042684,-1.044938e-01,6.945792e-02,-1.546091e-02
9.19250,0.397294,0.543362,-1.042723,-1.044110e-01,6.962974e-02,-1.546638e-02
9.19500,0.397033,0.543536,-1.042762,-1.043285e-01,6.980003e-02,-1.546924e-02
9.19750,0.396773,0.543711,-1.042800,-1.042460e-01,6.996886e-02,-1.546954e-02
9.20000,0.396512,0.543887,-1.042839,-1.041635e-01,7.013634e-02,-1.546738e-02
9.20250,0.396252,0.544062,-1.042878,-1.040810e-01,7.030258e-02,-1.546290e-02
9.20500,0.395992,0.544239,-1.042916,-1.039984e-01,7.046774e-02,-1.545653e-02
9.20750,0.395732,0.544415,-1.042955,-1.039155e-01,7.063191e-02,-1.544864e-02
9.21000,0.395473,0.544592,-1.042994,-1.038324e-01,7.079521e-02,-1.543922e-02
9.21250,0.395213,0.544769,-1.043032,-1.037489e-01,7.095779e-02,-1.542832e-02
9.21500,0.394954,0.544947,-1.043071,-1.036649e-01,7.111981e-02,-1.541593e-02
9.21750,0.394695,0.545125,-1.043109,-1.035804e-01,7.128146e-02,-1.540236e-02
9.22000,0.394436,0.545304,-1.043148,-1.034953e-01,7.144286e-02,-1.538790e-02
9.22250,0.394178,0.545483,-1.043186,-1.034097e-01,7.160420e-02,-1.537252e-02
9.22500,0.393920,0.545663,-1.043225,-1.033234e-01,7.176558e-02,-1.535628e-02
9.22750,0.393662,0.545842,-1.043263,-1.032365e-01,7.192715e-02,-1.533929e-02
9.23000,0.393404,0.546023,-1.043301,-1.031490e-01,7.208903e-02,-1.532156e-02
9.23250,0.393146,0.546203,-1.043339,-1.030608e-01,7.225139e-02,-1.530333e-02
9.23500,0.392889,0.546384,-1.043378,-1.029720e-01,7.241436e-02,-1.528477e-02
9.23750,0.392631,0.546566,-1.043416,-1.028826e-01,7.257807e-02,-1.526585e-02
9.24000,0.392374,0.546748,-1.043454,-1.027926e-01,7.274263e-02,-1.524649e-02
9.24250,0.392118,0.546930,-1.043492,-1.027020e-01,7.290816e-02,-1.522631e-02
9.24500,0.391861,0.547112,-1.043530,-1.026109e-01,7.307472e-02,-1.520524e-02
9.24750,0.391605,0.547296,-1.043568,-1.025193e-01,7.324240e-02,-1.518310e-02
9.25000,0.391349,0.547479,-1.043606,-1.024274e-01,7.341123e-02,-1.516027e-02
9.25250,0.391093,0.547663,-1.043644,-1.023351e-01,7.358121e-02,-1.513672e-02
9.25500,0.390837,0.547847,-1.043682,-1.022425e-01,7.375233e-02,-1.511254e-02
9.25750,0.390582,0.548032,-1.043719,-1.021498e-01,7.392465e-02,-1.508791e-02
9.26000,0.390327,0.548217,-1.043757,-1.020568e-01,7.409817e-02,-1.506330e-02
9.26250,0.390072,0.548403,-1.043795,-1.019637e-01,7.427297e-02,-1.503901e-02
9.26500,0.389817,0.548589,-1.043832,-1.018705e-01,7.444905e-02,-1.501524e-02
9.26750,0.389563,0.548776,-1.043870,-1.017772e-01,7.462643e-02,-1.499215e-02
9.27000,0.389309,0.548963,-1.043907,-1.016840e-01,7.480501e-02,-1.496997e-02
9.27250,0.389055,0.549150,-1.043944,-1.015909e-01,7.498479e-02,-1.494865e-02
9.27500,0.388801,0.549338,-1.043982,-1.014981e-01,7.516573e-02,-1.492836e-02
9.27750,0.388547,0.549527,-1.044019,-1.014054e-01,7.534779e-02,-1.490905e-02
9.28000,0.388294,0.549715,-1.044056,-1.013130e-01,7.553091e-02,-1.489055e-02
9.28250,0.388041,0.549905,-1.044093,-1.012208e-01,7.571509e-02,-1.487284e-02
9.28500,0.387788,0.550094,-1.044130,-1.011290e-01,7.590018e-02,-1.485641e-02
9.28750,0.387536,0.550285,-1.044168,-1.010374e-01,7.608611e-02,-1.484138e-02
9.29000,0.387283,0.550475,-1.044205,-1.009462e-01,7.627279e-02,-1.482801e-02
9.29250,0.387031,0.550667,-1.044242,-1.008553e-01,7.646021e-02,-1.481632e-02
9.29500,0.386779,0.550858,-1.044279,-1.007647e-01,7.664828e-02,-1.480626e-02
9.29750,0.386527,0.551050,-1.044316,-1.006744e-01,7.683678e-02,-1.479781e-02
9.30000,0.386276,0.551243,-1.044353,-1.005844e-01,7.702566e-02,-1.479080e-02
9.30250,0.386025,0.551436,-1.044390,-1.004948e-01,7.721478e-02,-1.478480e-02
9.30500,0.385774,0.551629,-1.044427,-1.004054e-01,7.740398e-02,-1.477964e-02
9.30750,0.385523,0.551823,-1.044464,-1.003162e-01,7.759311e-02,-1.477518e-02
9.31000,0.385272,0.552018,-1.044500,-1.002273e-01,7.778200e-02,-1.477154e-02
9.31250,0.385022,0.552213,-1.044537,-1.001387e-01,7.797050e-02,-1.476872e-02
9.31500,0.384772,0.552408,-1.044574,-1.000502e-01,7.815845e-02,-1.476677e-02
9.31750,0.384522,0.552604,-1.044611,-9.996189e-02,7.834572e-02,-1.476591e-02
9.32000,0.384272,0.552800,-1.044648,-9.987376e-02,7.853221e-02,-1.476636e-02
9.32250,0.384023,0.552997,-1.044685,-9.978573e-02,7.871780e-02,-1.476812e-02
9.32500,0.383774,0.553194,-1.044722,-9.969780e-02,7.890237e-02,-1.477110e-02
9.32750,0.383525,0.553392,-1.044759,-9.960986e-02,7.908587e-02,-1.477509e-02
9.33000,0.383276,0.553590,-1.044796,-9.952191e-02,7.926822e-02,-1.477998e-02
9.33250,0.383027,0.553789,-1.044833,-9.943392e-02,7.944935e-02,-1.478550e-02
9.33500,0.382779,0.553988,-1.044870,-9.934586e-02,7.962913e-02,-1.479117e-02
9.33750,0.382531,0.554187,-1.044907,-9.925772e-02,7.980755e-02,-1.479638e-02
9.34000,0.382283,0.554387,-1.044944,-9.916949e-02,7.998456e-02,-1.480060e-02
9.34250,0.382035,0.554588,-1.044981,-9.908110e-02,8.016011e-02,-1.480314e-02
9.34500,0.381788,0.554789,-1.045018,-9.899256e-02,8.033417e-02,-1.480368e-02
9.34750,0.381540,0.554990,-1.045055,-9.890380e-02,8.050674e-02,-1.480188e-02
9.35000,0.381293,0.555192,-1.045092,-9.881478e-02,8.067784e-02,-1.479754e-02
9.35250,0.381046,0.555394,-1.045129,-9.872546e-02,8.084755e-02,-1.479038e-02
9.35500,0.380800,0.555596,-1.045166,-9.863576e-02,8.101594e-02,-1.478028e-02
9.35750,0.380554,0.555799,-1.045203,-9.854562e-02,8.118310e-02,-1.476737e-02
9.36000,0.380307,0.556003,-1.045240,-9.845497e-02,8.134912e-02,-1.475213e-02
9.36250,0.380061,0.556206,-1.045276,-9.836373e-02,8.151414e-02,-1.473528e-02
9.36500,0.379816,0.556411,-1.045313,-9.827184e-02,8.167824e-02,-1.471740e-02
9.36750,0.379570,0.556615,-1.045350,-9.817925e-02,8.184155e-02,-1.469899e-02
9.37000,0.379325,0.556820,-1.045387,-9.808593e-02,8.200417e-02,-1.468047e-02
9.37250,0.379080,0.557026,-1.045423,-9.799184e-02,8.216627e-02,-1.466283e-02
9.37500,0.378835,0.557231,-1.045460,-9.789701e-02,8.232791e-02,-1.464666e-02
9.37750,0.378591,0.557438,-1.045496,-9.780141e-02,8.248920e-02,-1.463222e-02
9.38000,0.378347,0.557644,-1.045533,-9.770507e-02,8.265021e-02,-1.461978e-02
9.38250,0.378103,0.557851,-1.045570,-9.760803e-02,8.281099e-02,-1.460940e-02
9.38500,0.377859,0.558059,-1.045606,-9.751025e-02,8.297162e-02,-1.460088e-02
9.38750,0.377615,0.558267,-1.045643,-9.741180e-02,8.313216e-02,-1.459410e-02
9.39000,0.377372,0.558475,-1.045679,-9.731272e-02,8.329270e-02,-1.458909e-02
9.39250,0.377129,0.558683,-1.045715,-9.721310e-02,8.345329e-02,-1.458568e-02
9.39500,0.376886,0.558892,-1.045752,-9.711300e-02,8.361402e-02,-1.458340e-02
9.39750,0.376644,0.559102,-1.045788,-9.701248e-02,8.377490e-02,-1.458201e-02
9.40000,0.376401,0.559312,-1.045825,-9.691164e-02,8.393601e-02,-1.458146e-02
9.40250,0.376159,0.559522,-1.045861,-9.681054e-02,8.409735e-02,-1.458158e-02
9.40500,0.375918,0.559733,-1.045898,-9.670927e-02,8.425893e-02,-1.458220e-02
9.40750,0.375676,0.559944,-1.045934,-9.660798e-02,8.442082e-02,-1.458342e-02
9.41000,0.375435,0.560155,-1.045971,-9.650668e-02,8.458302e-02,-1.458491e-02
9.41250,0.375194,0.560367,-1.046007,-9.640542e-02,8.474556e-02,-1.458665e-02
9.41500,0.374953,0.560579,-1.046044,-9.630428e-02,8.490846e-02,-1.458853e-02
9.41750,0.374713,0.560792,-1.046080,-9.620325e-02,8.507176e-02,-1.459039e-02
9.42000,0.374472,0.561005,-1.046117,-9.610238e-02,8.523550e-02,-1.459209e-02
9.42250,0.374232,0.561219,-1.046153,-9.600177e-02,8.539969e-02,-1.459397e-02
9.42500,0.373993,0.561432,-1.046190,-9.590148e-02,8.556432e-02,-1.459619e-02
9.42750,0.373753,0.561647,-1.046226,-9.580151e-02,8.572940e-02,-1.459874e-02
9.43000,0.373514,0.561862,-1.046263,-9.570195e-02,8.589493e-02,-1.460148e-02
9.43250,0.373275,0.562077,-1.046299,-9.560280e-02,8.606092e-02,-1.460435e-02
9.43500,0.373036,0.562292,-1.046336,-9.550416e-02,8.622738e-02,-1.460730e-02
9.43750,0.372797,0.562508,-1.046372,-9.540600e-02,8.639432e-02,-1.461008e-02
9.44000,0.372559,0.562725,-1.046409,-9.530835e-02,8.656169e-02,-1.461253e-02
9.44250,0.372321,0.562941,-1.046445,-9.521119e-02,8.672951e-02,-1.461469e-02
9.44500,0.372083,0.563159,-1.046482,-9.511458e-02,8.689767e-02,-1.461696e-02
9.44750,0.371846,0.563376,-1.046518,-9.501849e-02,8.706614e-02,-1.461979e-02
9.45000,0.371609,0.563594,-1.046555,-9.492292e-02,8.723489e-02,-1.462350e-02
9.45250,0.371371,0.563813,-1.046591,-9.482784e-02,8.740390e-02,-1.462818e-02
9.45500,0.371135,0.564032,-1.046628,-9.473325e-02,8.757316e-02,-1.463374e-02
9.45750,0.370898,0.564251,-1.046665,-9.463911e-02,8.774262e-02,-1.463991e-02
9.46000,0.370662,0.564471,-1.046701,-9.454543e-02,8.791222e-02,-1.464647e-02
9.46250,0.370426,0.564691,-1.046738,-9.445213e-02,8.808194e-02,-1.465310e-02
9.46500,0.370190,0.564912,-1.046774,-9.435922e-02,8.825174e-02,-1.465943e-02
9.46750,0.369954,0.565133,-1.046811,-9.426662e-02,8.842159e-02,-1.466496e-02
9.47000,0.369719,0.565354,-1.046848,-9.417428e-02,8.859153e-02,-1.466921e-02
9.47250,0.369483,0.565576,-1.046884,-9.408213e-02,8.876152e-02,-1.467195e-02
9.47500,0.369248,0.565799,-1.046921,-9.399011e-02,8.893152e-02,-1.467310e-02
9.47750,0.369014,0.566021,-1.046958,-9.389819e-02,8.910151e-02,-1.467261e-02
9.48000,0.368779,0.566245,-1.046995,-9.380633e-02,8.927153e-02,-1.467037e-02
9.48250,0.368545,0.566468,-1.047031,-9.371449e-02,8.944158e-02,-1.466639e-02
9.48500,0.368311,0.566692,-1.047068,-9.362265e-02,8.961160e-02,-1.466093e-02
9.48750,0.368077,0.566917,-1.047104,-9.353078e-02,8.978155e-02,-1.465414e-02
9.49000,0.367843,0.567142,-1.047141,-9.343882e-02,8.995145e-02,-1.464631e-02
9.49250,0.367610,0.567367,-1.047178,-9.334678e-02,9.012117e-02,-1.463793e-02
9.49500,0.367377,0.567593,-1.047214,-9.325460e-02,9.029059e-02,-1.462962e-02
9.49750,0.367144,0.567819,-1.047251,-9.316226e-02,9.045963e-02,-1.462177e-02
9.50000,0.366911,0.568045,-1.047287,-9.306973e-02,9.062818e-02,-1.461438e-02
9.50250,0.366679,0.568272,-1.047324,-9.297691e-02,9.079615e-02,-1.460731e-02
9.50500,0.366447,0.568500,-1.047360,-9.288376e-02,9.096344e-02,-1.460023e-02
9.50750,0.366215,0.568728,-1.047397,-9.279024e-02,9.112997e-02,-1.459304e-02
9.51000,0.365983,0.568956,-1.047433,-9.269633e-02,9.129568e-02,-1.458554e-02
9.51250,0.365751,0.569184,-1.047470,-9.260197e-02,9.146051e-02,-1.457731e-02
9.51500,0.365520,0.569413,-1.047506,-9.250714e-02,9.162440e-02,-1.456799e-02
9.51750,0.365289,0.569643,-1.047543,-9.241178e-02,9.178731e-02,-1.455721e-02
9.52000,0.365058,0.569873,-1.047579,-9.231586e-02,9.194924e-02,-1.454464e-02
9.52250,0.364828,0.570103,-1.047615,-9.221933e-02,9.211011e-02,-1.453013e-02
9.52500,0.364597,0.570334,-1.047652,-9.212210e-02,9.226998e-02,-1.451362e-02
9.52750,0.364367,0.570565,-1.047688,-9.202415e-02,9.242892e-02,-1.449550e-02
9.53000,0.364138,0.570796,-1.047724,-9.192544e-02,9.258704e-02,-1.447607e-02
9.53250,0.363908,0.571028,-1.047760,-9.182593e-02,9.274439e-02,-1.445553e-02
9.53500,0.363679,0.571260,-1.047796,-9.172560e-02,9.290106e-02,-1.443418e-02
9.53750,0.363450,0.571493,-1.047832,-9.162444e-02,9.305713e-02,-1.441278e-02
9.54000,0.363221,0.571726,-1.047868,-9.152243e-02,9.321275e-02,-1.439204e-02
9.54250,0.362992,0.571960,-1.047904,-9.141962e-02,9.336796e-02,-1.437249e-02
9.54500,0.362764,0.572193,-1.047940,-9.131599e-02,9.352281e-02,-1.435482e-02
9.54750,0.362536,0.572428,-1.047976,-9.121157e-02,9.367741e-02,-1.433952e-02
9.55000,0.362308,0.572662,-1.048012,-9.110640e-02,9.383177e-02,-1.432690e-02
9.55250,0.362081,0.572897,-1.048047,-9.100051e-02,9.398594e-02,-1.431715e-02
9.55500,0.361853,0.573132,-1.048083,-9.089397e-02,9.413996e-02,-1.431032e-02
9.55750,0.361626,0.573368,-1.048119,-9.078686e-02,9.429387e-02,-1.430633e-02
9.56000,0.361400,0.573604,-1.048155,-9.067924e-02,9.444774e-02,-1.430499e-02
9.56250,0.361173,0.573841,-1.048191,-9.057117e-02,9.460161e-02,-1.430601e-02
9.56500,0.360947,0.574078,-1.048226,-9.046272e-02,9.475550e-02,-1.430897e-02
9.56750,0.360721,0.574315,-1.048262,-9.035400e-02,9.490946e-02,-1.431350e-02
9.57000,0.360496,0.574553,-1.048298,-9.024507e-02,9.506350e-02,-1.431961e-02
9.57250,0.360270,0.574791,-1.048334,-9.013602e-02,9.521758e-02,-1.432712e-02
9.57500,0.360045,0.575029,-1.048370,-9.002689e-02,9.537171e-02,-1.433566e-02
9.57750,0.359820,0.575268,-1.048405,-8.991784e-02,9.552590e-02,-1.434531e-02
9.58000,0.359596,0.575507,-1.048441,-8.980887e-02,9.568018e-02,-1.435571e-02
9.58250,0.359372,0.575747,-1.048477,-8.970002e-02,9.583460e-02,-1.436660e-02
9.58500,0.359148,0.575987,-1.048513,-8.959134e-02,9.598917e-02,-1.437763e-02
9.58750,0.358924,0.576227,-1.048549,-8.948287e-02,9.614393e-02,-1.438859e-02
9.59000,0.358701,0.576468,-1.048585,-8.937466e-02,9.629892e-02,-1.439942e-02
9.59250,0.358477,0.576709,-1.048621,-8.926677e-02,9.645411e-02,-1.441026e-02
9.59500,0.358255,0.576950,-1.048657,-8.915924e-02,9.660958e-02,-1.442115e-02
9.59750,0.358032,0.577192,-1.048693,-8.905212e-02,9.676528e-02,-1.443191e-02
9.60000,0.357810,0.577435,-1.048729,-8.894543e-02,9.692130e-02,-1.444259e-02
9.60250,0.357587,0.577677,-1.048766,-8.883920e-02,9.707764e-02,-1.445310e-02
9.60500,0.357366,0.577920,-1.048802,-8.873347e-02,9.723432e-02,-1.446342e-02
9.60750,0.357144,0.578164,-1.048838,-8.862821e-02,9.739136e-02,-1.447327e-02
9.61000,0.356923,0.578408,-1.048874,-8.852348e-02,9.754876e-02,-1.448233e-02
9.61250,0.356702,0.578652,-1.048910,-8.841926e-02,9.770647e-02,-1.449073e-02
9.61500,0.356481,0.578897,-1.048947,-8.831557e-02,9.786448e-02,-1.449869e-02
9.61750,0.356260,0.579142,-1.048983,-8.821238e-02,9.802284e-02,-1.450673e-02
9.62000,0.356040,0.579387,-1.049019,-8.810968e-02,9.818150e-02,-1.451490e-02
9.62250,0.355820,0.579633,-1.049055,-8.800744e-02,9.834049e-02,-1.452331e-02
9.62500,0.355600,0.579879,-1.049092,-8.790560e-02,9.849980e-02,-1.453141e-02
9.62750,0.355381,0.580126,-1.049128,-8.780415e-02,9.865944e-02,-1.453921e-02
9.63000,0.355162,0.580373,-1.049164,-8.770301e-02,9.881941e-02,-1.454663e-02
9.63250,0.354943,0.580620,-1.049201,-8.760218e-02,9.897971e-02,-1.455354e-02
9.63500,0.354724,0.580868,-1.049237,-8.750157e-02,9.914040e-02,-1.455974e-02
9.63750,0.354505,0.581117,-1.049274,-8.740115e-02,9.930145e-02,-1.456491e-02
9.64000,0.354287,0.581365,-1.049310,-8.730090e-02,9.946285e-02,-1.456893e-02
9.64250,0.354069,0.581614,-1.049347,-8.720073e-02,9.962459e-02,-1.457196e-02
9.64500,0.353851,0.581864,-1.049383,-8.710059e-02,9.978664e-02,-1.457394e-02
9.64750,0.353634,0.582114,-1.049419,-8.700042e-02,9.994895e-02,-1.457468e-02
9.65000,0.353417,0.582364,-1.049456,-8.690020e-02,1.001115e-01,-1.457416e-02
9.65250,0.353200,0.582615,-1.049492,-8.679986e-02,1.002743e-01,-1.457245e-02
9.65500,0.352983,0.582866,-1.049529,-8.669942e-02,1.004372e-01,-1.456982e-02
9.65750,0.352766,0.583117,-1.049565,-8.659878e-02,1.006001e-01,-1.456681e-02
9.66000,0.352550,0.583369,-1.049602,-8.649793e-02,1.007628e-01,-1.456426e-02
9.66250,0.352334,0.583621,-1.049638,-8.639688e-02,1.009252e-01,-1.456284e-02
9.66500,0.352118,0.583874,-1.049674,-8.629556e-02,1.010873e-01,-1.456312e-02
9.66750,0.351903,0.584127,-1.049711,-8.619390e-02,1.012487e-01,-1.456539e-02
9.67000,0.351688,0.584381,-1.049747,-8.609195e-02,1.014095e-01,-1.456963e-02
9.67250,0.351473,0.584635,-1.049784,-8.598969e-02,1.015694e-01,-1.457568e-02
9.67500,0.351258,0.584889,-1.049820,-8.588707e-02,1.017284e-01,-1.458323e-02
9.67750,0.351043,0.585144,-1.049857,-8.578409e-02,1.018862e-01,-1.459175e-02
9.68000,0.350829,0.585399,-1.049893,-8.568069e-02,1.020429e-01,-1.460051e-02
9.68250,0.350615,0.585654,-1.049930,-8.557685e-02,1.021983e-01,-1.460880e-02
9.68500,0.350402,0.585910,-1.049966,-8.547254e-02,1.023524e-01,-1.461634e-02
9.68750,0.350188,0.586166,-1.050003,-8.536784e-02,1.025052e-01,-1.462281e-02
9.69000,0.349975,0.586423,-1.050039,-8.526265e-02,1.026566e-01,-1.462767e-02
9.69250,0.349762,0.586680,-1.050076,-8.515702e-02,1.028067e-01,-1.463065e-02
9.69500,0.349550,0.586937,-1.050112,-8.505093e-02,1.029556e-01,-1.463150e-02
9.69750,0.349337,0.587195,-1.050149,-8.494436e-02,1.031032e-01,-1.463034e-02
9.70000,0.349125,0.587453,-1.050186,-8.483733e-02,1.032497e-01,-1.462722e-02
9.70250,0.348913,0.587712,-1.050222,-8.472981e-02,1.033950e-01,-1.462281e-02
9.70500,0.348702,0.587971,-1.050259,-8.462183e-02,1.035393e-01,-1.461755e-02
9.70750,0.348490,0.588230,-1.050295,-8.451335e-02,1.036827e-01,-1.461215e-02
9.71000,0.348279,0.588489,-1.050332,-8.440437e-02,1.038252e-01,-1.460722e-02
9.71250,0.348069,0.588749,-1.050368,-8.429487e-02,1.039670e-01,-1.460335e-02
9.71500,0.347858,0.589010,-1.050405,-8.418482e-02,1.041081e-01,-1.460120e-02
9.71750,0.347648,0.589270,-1.050441,-8.407424e-02,1.042486e-01,-1.460114e-02
9.72000,0.347438,0.589531,-1.050478,-8.396307e-02,1.043887e-01,-1.460332e-02
9.72250,0.347228,0.589793,-1.050514,-8.385137e-02,1.045284e-01,-1.460763e-02
9.72500,0.347019,0.590054,-1.050551,-8.373915e-02,1.046677e-01,-1.461390e-02
9.72750,0.346810,0.590316,-1.050587,-8.362645e-02,1.048067e-01,-1.462198e-02
9.73000,0.346601,0.590579,-1.050624,-8.351328e-02,1.049454e-01,-1.463151e-02
9.73250,0.346393,0.590841,-1.050660,-8.339972e-02,1.050839e-01,-1.464219e-02
9.73500,0.346185,0.591104,-1.050697,-8.328582e-02,1.052223e-01,-1.465351e-02
9.73750,0.345977,0.591368,-1.050734,-8.317165e-02,1.053606e-01,-1.466501e-02
9.74000,0.345769,0.591632,-1.050770,-8.305722e-02,1.054990e-01,-1.467631e-02
9.74250,0.345562,0.591896,-1.050807,-8.294258e-02,1.056374e-01,-1.468713e-02
9.74500,0.345355,0.592160,-1.050844,-8.282773e-02,1.057761e-01,-1.469756e-02
9.74750,0.345148,0.592425,-1.050881,-8.271271e-02,1.059151e-01,-1.470759e-02
9.75000,0.344941,0.592690,-1.050918,-8.259756e-02,1.060545e-01,-1.471721e-02
9.75250,0.344735,0.592955,-1.050954,-8.248230e-02,1.061944e-01,-1.472640e-02
9.75500,0.344529,0.593221,-1.050991,-8.236691e-02,1.063347e-01,-1.473493e-02
9.75750,0.344324,0.593488,-1.051028,-8.225141e-02,1.064757e-01,-1.474232e-02
9.76000,0.344118,0.593754,-1.051065,-8.213578e-02,1.066172e-01,-1.474803e-02
9.76250,0.343913,0.594021,-1.051102,-8.202007e-02,1.067595e-01,-1.475171e-02
9.76500,0.343708,0.594288,-1.051139,-8.190427e-02,1.069026e-01,-1.475323e-02
9.76750,0.343504,0.594556,-1.051176,-8.178850e-02,1.070464e-01,-1.475283e-02
9.77000,0.343300,0.594824,-1.051212,-8.167277e-02,1.071912e-01,-1.475076e-02
9.77250,0.343096,0.595092,-1.051249,-8.155714e-02,1.073368e-01,-1.474709e-02
9.77500,0.342892,0.595361,-1.051286,-8.144162e-02,1.074834e-01,-1.474199e-02
9.77750,0.342689,0.595630,-1.051323,-8.132622e-02,1.076310e-01,-1.473569e-02
9.78000,0.342486,0.595899,-1.051360,-8.121091e-02,1.077797e-01,-1.472855e-02
9.78250,0.342283,0.596169,-1.051397,-8.109570e-02,1.079295e-01,-1.472088e-02
9.78500,0.342081,0.596439,-1.051433,-8.098057e-02,1.080804e-01,-1.471280e-02
9.78750,0.341879,0.596710,-1.051470,-8.086550e-02,1.082326e-01,-1.470427e-02
9.79000,0.341677,0.596981,-1.051507,-8.075055e-02,1.083860e-01,-1.469560e-02
9.79250,0.341475,0.597252,-1.051544,-8.063571e-02,1.085407e-01,-1.468695e-02
9.79500,0.341274,0.597524,-1.051580,-8.052095e-02,1.086964e-01,-1.467878e-02
9.79750,0.341073,0.597796,-1.051617,-8.040632e-02,1.088534e-01,-1.467102e-02
9.80000,0.340872,0.598069,-1.051654,-8.029176e-02,1.090114e-01,-1.466387e-02
9.80250,0.340672,0.598342,-1.051690,-8.017731e-02,1.091703e-01,-1.465747e-02
9.80500,0.340471,0.598615,-1.051727,-8.006298e-02,1.093301e-01,-1.465225e-02
9.80750,0.340272,0.598889,-1.051764,-7.994873e-02,1.094904e-01,-1.464889e-02
9.81000,0.340072,0.599163,-1.051800,-7.983453e-02,1.096512e-01,-1.464807e-02
9.81250,0.339873,0.599437,-1.051837,-7.972035e-02,1.098121e-01,-1.465024e-02
9.81500,0.339674,0.599712,-1.051873,-7.960613e-02,1.099729e-01,-1.465570e-02
9.81750,0.339475,0.599988,-1.051910,-7.949195e-02,1.101334e-01,-1.466493e-02
9.82000,0.339276,0.600263,-1.051947,-7.937776e-02,1.102934e-01,-1.467791e-02
9.82250,0.339078,0.600539,-1.051983,-7.926356e-02,1.104525e-01,-1.469449e-02
9.82500,0.338880,0.600816,-1.052020,-7.914936e-02,1.106108e-01,-1.471441e-02
9.82750,0.338683,0.601093,-1.052057,-7.903513e-02,1.107679e-01,-1.473719e-02
9.83000,0.338486,0.601370,-1.052094,-7.892087e-02,1.109237e-01,-1.476242e-02
9.83250,0.338289,0.601648,-1.052131,-7.880650e-02,1.110782e-01,-1.478937e-02
9.83500,0.338092,0.601926,-1.052168,-7.869201e-02,1.112311e-01,-1.481729e-02
9.83750,0.337895,0.602204,-1.052205,-7.857737e-02,1.113825e-01,-1.484559e-02
9.84000,0.337699,0.602483,-1.052242,-7.846252e-02,1.115323e-01,-1.487389e-02
9.84250,0.337503,0.602762,-1.052280,-7.834744e-02,1.116804e-01,-1.490188e-02
9.84500,0.337308,0.603042,-1.052317,-7.823215e-02,1.118270e-01,-1.492953e-02
9.84750,0.337112,0.603322,-1.052354,-7.811668e-02,1.119718e-01,-1.495710e-02
9.85000,0.336917,0.603602,-1.052392,-7.800100e-02,1.121150e-01,-1.498453e-02
9.85250,0.336723,0.603883,-1.052429,-7.788513e-02,1.122566e-01,-1.501200e-02
9.85500,0.336528,0.604164,-1.052467,-7.776908e-02,1.123965e-01,-1.503975e-02
9.85750,0.336334,0.604445,-1.052505,-7.765281e-02,1.125349e-01,-1.506824e-02
9.86000,0.336140,0.604727,-1.052542,-7.753636e-02,1.126719e-01,-1.509777e-02
9.86250,0.335947,0.605009,-1.052580,-7.741966e-02,1.128075e-01,-1.512880e-02
9.86500,0.335754,0.605291,-1.052618,-7.730270e-02,1.129418e-01,-1.516138e-02
9.86750,0.335561,0.605574,-1.052656,-7.718544e-02,1.130748e-01,-1.519560e-02
9.87000,0.335368,0.605857,-1.052694,-7.706797e-02,1.132067e-01,-1.523134e-02
9.87250,0.335176,0.606140,-1.052732,-7.695024e-02,1.133374e-01,-1.526863e-02
9.87500,0.334983,0.606424,-1.052771,-7.683228e-02,1.134671e-01,-1.530741e-02
9.87750,0.334792,0.606708,-1.052809,-7.671405e-02,1.135958e-01,-1.534735e-02
9.88000,0.334600,0.606992,-1.052847,-7.659555e-02,1.137237e-01,-1.538785e-02
9.88250,0.334409,0.607277,-1.052886,-7.647687e-02,1.138509e-01,-1.542842e-02
9.88500,0.334218,0.607562,-1.052925,-7.635796e-02,1.139775e-01,-1.546848e-02
9.88750,0.334027,0.607847,-1.052963,-7.623883e-02,1.141036e-01,-1.550768e-02
9.89000,0.333837,0.608133,-1.053002,-7.611945e-02,1.142293e-01,-1.554553e-02
9.89250,0.333647,0.608419,-1.053041,-7.599984e-02,1.143548e-01,-1.558154e-02
9.89500,0.333457,0.608705,-1.053080,-7.588000e-02,1.144801e-01,-1.561532e-02
9.89750,0.333268,0.608991,-1.053119,-7.575997e-02,1.146053e-01,-1.564624e-02
9.90000,0.333079,0.609278,-1.053159,-7.563971e-02,1.147306e-01,-1.567372e-02
9.90250,0.332890,0.609565,-1.053198,-7.551923e-02,1.148559e-01,-1.569708e-02
9.90500,0.332702,0.609853,-1.053237,-7.539850e-02,1.149814e-01,-1.571611e-02
9.90750,0.332514,0.610140,-1.053276,-7.527747e-02,1.151072e-01,-1.573042e-02
9.91000,0.332326,0.610429,-1.053316,-7.515614e-02,1.152335e-01,-1.573994e-02
9.91250,0.332138,0.610717,-1.053355,-7.503448e-02,1.153604e-01,-1.574482e-02
9.91500,0.331951,0.611006,-1.053394,-7.491243e-02,1.154881e-01,-1.574528e-02
9.91750,0.331764,0.611295,-1.053434,-7.478987e-02,1.156166e-01,-1.574154e-02
9.92000,0.331577,0.611584,-1.053473,-7.466680e-02,1.157462e-01,-1.573379e-02
9.92250,0.331391,0.611874,-1.053512,-7.454320e-02,1.158769e-01,-1.572283e-02
9.92500,0.331205,0.612164,-1.053552,-7.441899e-02,1.160089e-01,-1.570888e-02
9.92750,0.331019,0.612454,-1.053591,-7.429418e-02,1.161422e-01,-1.569204e-02
9.93000,0.330834,0.612745,-1.053630,-7.416874e-02,1.162769e-01,-1.567252e-02
9.93250,0.330648,0.613036,-1.053669,-7.404263e-02,1.164130e-01,-1.565067e-02
9.93500,0.330464,0.613327,-1.053708,-7.391583e-02,1.165506e-01,-1.562676e-02
9.93750,0.330279,0.613619,-1.053747,-7.378840e-02,1.166897e-01,-1.560101e-02
9.94000,0.330095,0.613911,-1.053786,-7.366036e-02,1.168302e-01,-1.557393e-02
9.94250,0.329911,0.614204,-1.053825,-7.353173e-02,1.169721e-01,-1.554623e-02
9.94500,0.329728,0.614496,-1.053864,-7.340251e-02,1.171152e-01,-1.551906e-02
9.94750,0.329545,0.614789,-1.053903,-7.327269e-02,1.172593e-01,-1.549415e-02
9.95000,0.329362,0.615083,-1.053941,-7.314232e-02,1.174042e-01,-1.547304e-02
9.95250,0.329179,0.615377,-1.053980,-7.301141e-02,1.175496e-01,-1.545686e-02
9.95500,0.328997,0.615671,-1.054019,-7.287993e-02,1.176954e-01,-1.544602e-02
9.95750,0.328815,0.615966,-1.054057,-7.274792e-02,1.178413e-01,-1.544047e-02
9.96000,0.328634,0.616261,-1.054096,-7.261538e-02,1.179871e-01,-1.543991e-02
9.96250,0.328452,0.616556,-1.054134,-7.248234e-02,1.181327e-01,-1.544397e-02
9.96500,0.328271,0.616852,-1.054173,-7.234892e-02,1.182779e-01,-1.545203e-02
9.96750,0.328091,0.617148,-1.054212,-7.221521e-02,1.184225e-01,-1.546345e-02
9.97000,0.327911,0.617444,-1.054250,-7.208129e-02,1.185663e-01,-1.547769e-02
9.97250,0.327731,0.617741,-1.054289,-7.194723e-02,1.187094e-01,-1.549444e-02
9.97500,0.327551,0.618038,-1.054328,-7.181310e-02,1.188516e-01,-1.551352e-02
9.97750,0.327372,0.618336,-1.054367,-7.167896e-02,1.189930e-01,-1.553475e-02
9.98000,0.327193,0.618633,-1.054406,-7.154493e-02,1.191334e-01,-1.555799e-02
9.98250,0.327015,0.618932,-1.054445,-7.141107e-02,1.192727e-01,-1.558320e-02
9.98500,0.326837,0.619230,-1.054484,-7.127743e-02,1.194111e-01,-1.561022e-02
9.98750,0.326659,0.619529,-1.054523,-7.114407e-02,1.195484e-01,-1.563878e-02
9.99000,0.326481,0.619828,-1.054562,-7.101100e-02,1.196846e-01,-1.566863e-02
9.99250,0.326304,0.620128,-1.054601,-7.087823e-02,1.198198e-01,-1.569985e-02
9.99500,0.326127,0.620428,-1.054641,-7.074573e-02,1.199540e-01,-1.573250e-02
9.99750,0.325951,0.620728,-1.054680,-7.061349e-02,1.200872e-01,-1.576700e-02
10.00000,0.325774,0.621028,-1.054719,-7.048136e-02,1.202194e-01,-1.580358e-02
