t,cx,cy,disp_max,disp_rms,det_min,volume,Fx,Fy,p_L2,u_L2
0.00250,0.600000,0.500000,0.000000e+00,0.000000e+00,1.000000e+00,1.255740e-01,-5.565710e-23,0.000000e+00,4.040552e-01,2.915589e-03
0.00500,0.599996,0.499999,7.119766e-06,4.598862e-06,9.999910e-01,1.255740e-01,4.139368e-02,1.124483e-02,4.392328e-01,5.398797e-03
0.00750,0.599986,0.499996,2.451772e-05,1.552489e-05,9.999700e-01,1.255740e-01,5.670514e-02,1.557002e-02,2.965604e-01,6.873391e-03
0.01000,0.599971,0.499992,5.221339e-05,3.253880e-05,9.999324e-01,1.255740e-01,5.437037e-02,1.509551e-02,2.107201e-01,8.113452e-03
0.01250,0.599951,0.499986,8.928997e-05,5.498990e-05,9.998847e-01,1.255740e-01,4.844898e-02,1.358653e-02,1.595225e-01,9.171896e-03
0.01500,0.599927,0.499980,1.347594e-04,8.223623e-05,9.998302e-01,1.255740e-01,4.265868e-02,1.206067e-02,1.281741e-01,1.011122e-02
0.01750,0.599898,0.499972,1.876647e-04,1.137473e-04,9.997711e-01,1.255740e-01,3.788950e-02,1.077862e-02,1.076610e-01,1.096037e-02
0.02000,0.599867,0.499963,2.472534e-04,1.491053e-04,9.996935e-01,1.255740e-01,3.414221e-02,9.755443e-03,9.343760e-02,1.173938e-02
0.02250,0.599832,0.499953,3.129259e-04,1.879845e-04,9.995946e-01,1.255740e-01,3.122160e-02,8.947317e-03,8.306241e-02,1.246164e-02
0.02500,0.599795,0.499943,3.842038e-04,2.301280e-04,9.994860e-01,1.255740e-01,2.892463e-02,8.304205e-03,7.517819e-02,1.313683e-02
0.02750,0.599755,0.499932,4.607013e-04,2.753303e-04,9.993695e-01,1.255740e-01,2.708828e-02,7.784462e-03,6.898521e-02,1.377215e-02
0.03000,0.599712,0.499920,5.421016e-04,3.234235e-04,9.992462e-01,1.255740e-01,2.559195e-02,7.356605e-03,6.398918e-02,1.437317e-02
0.03250,0.599667,0.499907,6.281402e-04,3.742680e-04,9.991173e-01,1.255740e-01,2.434922e-02,6.997728e-03,5.987028e-02,1.494424e-02
0.03500,0.599619,0.499893,7.185924e-04,4.277456e-04,9.989833e-01,1.255739e-01,2.329867e-02,6.691362e-03,5.641332e-02,1.548889e-02
0.03750,0.599569,0.499879,8.132643e-04,4.837544e-04,9.988452e-01,1.255739e-01,2.239645e-02,6.425655e-03,5.346847e-02,1.601000e-02
0.04000,0.599517,0.499865,9.119862e-04,5.422057e-04,9.987033e-01,1.255739e-01,2.161092e-02,6.191995e-03,5.092824e-02,1.650996e-02
0.04250,0.599463,0.499850,1.014608e-03,6.030210e-04,9.985581e-01,1.255739e-01,2.091889e-02,5.984046e-03,4.871350e-02,1.699078e-02
0.04500,0.599407,0.499834,1.120996e-03,6.661304e-04,9.984100e-01,1.255739e-01,2.030306e-02,5.797064e-03,4.676472e-02,1.745419e-02
0.04750,0.599349,0.499817,1.231029e-03,7.314709e-04,9.982592e-01,1.255739e-01,1.975031e-02,5.627442e-03,4.503618e-02,1.790165e-02
0.05000,0.599289,0.499800,1.344597e-03,7.989857e-04,9.981061e-01,1.255738e-01,1.925047e-02,5.472386e-03,4.349218e-02,1.833443e-02
0.05250,0.599227,0.499783,1.461600e-03,8.686225e-04,9.979509e-01,1.255738e-01,1.879558e-02,5.329700e-03,4.210443e-02,1.875366e-02
0.05500,0.599164,0.499765,1.581945e-03,9.403338e-04,9.977937e-01,1.255738e-01,1.837926e-02,5.197630e-03,4.085020e-02,1.916031e-02
0.05750,0.599098,0.499746,1.705548e-03,1.014076e-03,9.976348e-01,1.255738e-01,1.799636e-02,5.074752e-03,3.971099e-02,1.955525e-02
0.06000,0.599031,0.499727,1.832328e-03,1.089807e-03,9.974742e-01,1.255737e-01,1.764265e-02,4.959902e-03,3.867161e-02,1.993925e-02
0.06250,0.598962,0.499708,1.962212e-03,1.167490e-03,9.973120e-01,1.255737e-01,1.731461e-02,4.852111e-03,3.771945e-02,2.031301e-02
0.06500,0.598892,0.499688,2.095131e-03,1.247090e-03,9.971485e-01,1.255737e-01,1.700932e-02,4.750571e-03,3.684397e-02,2.067714e-02
0.06750,0.598819,0.499668,2.231019e-03,1.328573e-03,9.969837e-01,1.255736e-01,1.672428e-02,4.654595e-03,3.603626e-02,2.103220e-02
0.07000,0.598745,0.499647,2.369817e-03,1.411908e-03,9.968176e-01,1.255736e-01,1.645738e-02,4.563599e-03,3.528876e-02,2.137870e-02
0.07250,0.598670,0.499625,2.511466e-03,1.497067e-03,9.966503e-01,1.255736e-01,1.620681e-02,4.477079e-03,3.459499e-02,2.171711e-02
0.07500,0.598593,0.499604,2.655912e-03,1.584020e-03,9.964820e-01,1.255735e-01,1.597099e-02,4.394601e-03,3.394939e-02,2.204785e-02
0.07750,0.598514,0.499581,2.803102e-03,1.672743e-03,9.963127e-01,1.255735e-01,1.574856e-02,4.315787e-03,3.334714e-02,2.237129e-02
0.08000,0.598434,0.499559,2.952987e-03,1.763211e-03,9.961423e-01,1.255735e-01,1.553832e-02,4.240306e-03,3.278405e-02,2.268781e-02
0.08250,0.598352,0.499536,3.105522e-03,1.855400e-03,9.959710e-01,1.255734e-01,1.533921e-02,4.167867e-03,3.225645e-02,2.299772e-02
0.08500,0.598269,0.499512,3.260661e-03,1.949287e-03,9.957989e-01,1.255734e-01,1.515032e-02,4.098212e-03,3.176112e-02,2.330133e-02
0.08750,0.598184,0.499489,3.418361e-03,2.044851e-03,9.956259e-01,1.255734e-01,1.497080e-02,4.031110e-03,3.129523e-02,2.359891e-02
0.09000,0.598098,0.499464,3.578582e-03,2.142072e-03,9.954520e-01,1.255733e-01,1.479992e-02,3.966358e-03,3.085627e-02,2.389073e-02
0.09250,0.598010,0.499440,3.741284e-03,2.240931e-03,9.952774e-01,1.255733e-01,1.463704e-02,3.903774e-03,3.044199e-02,2.417703e-02
0.09500,0.597921,0.499415,3.906430e-03,2.341408e-03,9.951021e-01,1.255732e-01,1.448155e-02,3.843192e-03,3.005042e-02,2.445803e-02
0.09750,0.597830,0.499389,4.073984e-03,2.443486e-03,9.949260e-01,1.255732e-01,1.433294e-02,3.784467e-03,2.967977e-02,2.473394e-02
0.10000,0.597738,0.499364,4.243909e-03,2.547148e-03,9.947492e-01,1.255732e-01,1.419073e-02,3.727464e-03,2.932844e-02,2.500496e-02
0.10250,0.597645,0.499338,4.416174e-03,2.652376e-03,9.945718e-01,1.255731e-01,1.405447e-02,3.672063e-03,2.899500e-02,2.527127e-02
0.10500,0.597550,0.499311,4.590745e-03,2.759156e-03,9.943937e-01,1.255731e-01,1.392376e-02,3.618152e-03,2.867815e-02,2.553305e-02
0.10750,0.597454,0.499284,4.767591e-03,2.867471e-03,9.942150e-01,1.255730e-01,1.379826e-02,3.565630e-03,2.837670e-02,2.579046e-02
0.11000,0.597356,0.499257,4.946681e-03,2.977308e-03,9.940357e-01,1.255730e-01,1.367762e-02,3.514405e-03,2.808960e-02,2.604364e-02
0.11250,0.597257,0.499230,5.127986e-03,3.088650e-03,9.938558e-01,1.255730e-01,1.356155e-02,3.464391e-03,2.781588e-02,2.629275e-02
0.11500,0.597157,0.499202,5.311477e-03,3.201486e-03,9.936752e-01,1.255729e-01,1.344977e-02,3.415512e-03,2.755465e-02,2.653792e-02
0.11750,0.597055,0.499174,5.497126e-03,3.315801e-03,9.934941e-01,1.255729e-01,1.334202e-02,3.367700e-03,2.730511e-02,2.677928e-02
0.12000,0.596953,0.499145,5.684905e-03,3.431582e-03,9.933124e-01,1.255728e-01,1.323807e-02,3.320886e-03,2.706652e-02,2.701696e-02
0.12250,0.596848,0.499116,5.874789e-03,3.548817e-03,9.931302e-01,1.255728e-01,1.313769e-02,3.275014e-03,2.683820e-02,2.725105e-02
0.12500,0.596743,0.499087,6.066750e-03,3.667493e-03,9.929475e-01,1.255728e-01,1.304069e-02,3.230032e-03,2.661952e-02,2.748169e-02
0.12750,0.596636,0.499057,6.260763e-03,3.787599e-03,9.927643e-01,1.255727e-01,1.294687e-02,3.185890e-03,2.640993e-02,2.770896e-02
0.13000,0.596528,0.499028,6.456803e-03,3.909123e-03,9.925806e-01,1.255727e-01,1.285608e-02,3.142542e-03,2.620888e-02,2.793298e-02
0.13250,0.596419,0.498998,6.654846e-03,4.032055e-03,9.923964e-01,1.255726e-01,1.276815e-02,3.099941e-03,2.601589e-02,2.815382e-02
0.13500,0.596308,0.498967,6.854867e-03,4.156382e-03,9.922118e-01,1.255726e-01,1.268292e-02,3.058046e-03,2.583052e-02,2.837159e-02
0.13750,0.596196,0.498936,7.056844e-03,4.282094e-03,9.920268e-01,1.255726e-01,1.260027e-02,3.016811e-03,2.565233e-02,2.858637e-02
0.14000,0.596083,0.498905,7.260753e-03,4.409182e-03,9.918414e-01,1.255725e-01,1.252004e-02,2.976205e-03,2.548095e-02,2.879824e-02
0.14250,0.595969,0.498874,7.466571e-03,4.537634e-03,9.916557e-01,1.255725e-01,1.244211e-02,2.936200e-03,2.531601e-02,2.900728e-02
0.14500,0.595853,0.498843,7.674275e-03,4.667442e-03,9.914696e-01,1.255725e-01,1.236638e-02,2.896770e-03,2.515719e-02,2.921355e-02
0.14750,0.595737,0.498811,7.883843e-03,4.798594e-03,9.912833e-01,1.255724e-01,1.229273e-02,2.857887e-03,2.500415e-02,2.941715e-02
0.15000,0.595619,0.498779,8.095254e-03,4.931083e-03,9.910968e-01,1.255724e-01,1.222106e-02,2.819519e-03,2.485663e-02,2.961812e-02
0.15250,0.595499,0.498746,8.308485e-03,5.064898e-03,9.909101e-01,1.255724e-01,1.215128e-02,2.781637e-03,2.471433e-02,2.981654e-02
0.15500,0.595379,0.498713,8.523515e-03,5.200031e-03,9.907233e-01,1.255724e-01,1.208329e-02,2.744218e-03,2.457702e-02,3.001248e-02
0.15750,0.595257,0.498680,8.740322e-03,5.336472e-03,9.905364e-01,1.255723e-01,1.201699e-02,2.707235e-03,2.444444e-02,3.020598e-02
0.16000,0.595135,0.498647,8.958886e-03,5.474214e-03,9.903495e-01,1.255723e-01,1.195230e-02,2.670668e-03,2.431638e-02,3.039711e-02
0.16250,0.595011,0.498614,9.179186e-03,5.613247e-03,9.901625e-01,1.255723e-01,1.188914e-02,2.634493e-03,2.419262e-02,3.058593e-02
0.16500,0.594885,0.498580,9.401201e-03,5.753563e-03,9.899756e-01,1.255723e-01,1.182745e-02,2.598689e-03,2.407298e-02,3.077249e-02
0.16750,0.594759,0.498546,9.625217e-03,5.895154e-03,9.897888e-01,1.255723e-01,1.176717e-02,2.563237e-03,2.395726e-02,3.095683e-02
0.17000,0.594632,0.498512,9.851136e-03,6.038012e-03,9.896021e-01,1.255722e-01,1.170825e-02,2.528122e-03,2.384529e-02,3.113902e-02
0.17250,0.594503,0.498477,1.007873e-02,6.182129e-03,9.894154e-01,1.255722e-01,1.165059e-02,2.493340e-03,2.373691e-02,3.131909e-02
0.17500,0.594373,0.498443,1.030799e-02,6.327497e-03,9.892289e-01,1.255722e-01,1.159414e-02,2.458874e-03,2.363197e-02,3.149709e-02
0.17750,0.594242,0.498408,1.053890e-02,6.474108e-03,9.890425e-01,1.255722e-01,1.153884e-02,2.424708e-03,2.353031e-02,3.167308e-02
0.18000,0.594110,0.498372,1.077142e-02,6.621956e-03,9.888563e-01,1.255722e-01,1.148465e-02,2.390835e-03,2.343180e-02,3.184708e-02
0.18250,0.593977,0.498337,1.100555e-02,6.771032e-03,9.886702e-01,1.255722e-01,1.143154e-02,2.357237e-03,2.333631e-02,3.201914e-02
0.18500,0.593843,0.498301,1.124126e-02,6.921329e-03,9.884843e-01,1.255722e-01,1.137945e-02,2.323894e-03,2.324371e-02,3.218931e-02
0.18750,0.593707,0.498265,1.147854e-02,7.072839e-03,9.882985e-01,1.255722e-01,1.132835e-02,2.290794e-03,2.315390e-02,3.235762e-02
0.19000,0.593570,0.498229,1.171737e-02,7.225557e-03,9.881129e-01,1.255722e-01,1.127817e-02,2.257933e-03,2.306676e-02,3.252410e-02
0.19250,0.593433,0.498193,1.195773e-02,7.379474e-03,9.879275e-01,1.255722e-01,1.122888e-02,2.225307e-03,2.298219e-02,3.268881e-02
0.19500,0.593294,0.498156,1.219960e-02,7.534584e-03,9.877422e-01,1.255722e-01,1.118043e-02,2.192903e-03,2.290008e-02,3.285175e-02
0.19750,0.593154,0.498119,1.244296e-02,7.690880e-03,9.875571e-01,1.255722e-01,1.113279e-02,2.160718e-03,2.282035e-02,3.301299e-02
0.20000,0.593013,0.498082,1.268780e-02,7.848355e-03,9.873722e-01,1.255723e-01,1.108592e-02,2.128741e-03,2.274290e-02,3.317254e-02
0.20250,0.592871,0.498045,1.293409e-02,8.007002e-03,9.871874e-01,1.255723e-01,1.103979e-02,2.096964e-03,2.266765e-02,3.333044e-02
0.20500,0.592728,0.498008,1.318182e-02,8.166815e-03,9.870029e-01,1.255723e-01,1.099436e-02,2.065378e-03,2.259452e-02,3.348671e-02
0.20750,0.592583,0.497970,1.343097e-02,8.327788e-03,9.868185e-01,1.255723e-01,1.094961e-02,2.033976e-03,2.252343e-02,3.364140e-02
0.21000,0.592438,0.497932,1.368152e-02,8.489913e-03,9.866344e-01,1.255724e-01,1.090550e-02,2.002760e-03,2.245431e-02,3.379452e-02
0.21250,0.592291,0.497894,1.393345e-02,8.653185e-03,9.864504e-01,1.255724e-01,1.086201e-02,1.971722e-03,2.238708e-02,3.394611e-02
0.21500,0.592144,0.497856,1.418675e-02,8.817596e-03,9.862666e-01,1.255725e-01,1.081913e-02,1.940852e-03,2.232169e-02,3.409620e-02
0.21750,0.591995,0.497818,1.444139e-02,8.983142e-03,9.860830e-01,1.255725e-01,1.077682e-02,1.910139e-03,2.225806e-02,3.424480e-02
0.22000,0.591845,0.497779,1.469736e-02,9.149815e-03,9.858996e-01,1.255726e-01,1.073508e-02,1.879581e-03,2.219615e-02,3.439195e-02
0.22250,0.591695,0.497740,1.495463e-02,9.317609e-03,9.857164e-01,1.255726e-01,1.069387e-02,1.849167e-03,2.213588e-02,3.453768e-02
0.22500,0.591543,0.497702,1.521320e-02,9.486519e-03,9.855333e-01,1.255727e-01,1.065318e-02,1.818887e-03,2.207721e-02,3.468199e-02
0.22750,0.591390,0.497662,1.547305e-02,9.656538e-03,9.853505e-01,1.255727e-01,1.061293e-02,1.788728e-03,2.202008e-02,3.482493e-02
0.23000,0.591236,0.497623,1.573415e-02,9.827660e-03,9.851680e-01,1.255728e-01,1.057311e-02,1.758672e-03,2.196444e-02,3.496652e-02
0.23250,0.591081,0.497584,1.599649e-02,9.999879e-03,9.849857e-01,1.255729e-01,1.053371e-02,1.728717e-03,2.191023e-02,3.510676e-02
0.23500,0.590925,0.497544,1.626006e-02,1.017319e-02,9.848037e-01,1.255730e-01,1.049473e-02,1.698865e-03,2.185742e-02,3.524570e-02
0.23750,0.590768,0.497504,1.652483e-02,1.034759e-02,9.846220e-01,1.255731e-01,1.045619e-02,1.669133e-03,2.180597e-02,3.538334e-02
0.24000,0.590610,0.497464,1.679078e-02,1.052306e-02,9.844407e-01,1.255732e-01,1.041804e-02,1.639540e-03,2.175582e-02,3.551972e-02
0.24250,0.590451,0.497424,1.705792e-02,1.069961e-02,9.842600e-01,1.255733e-01,1.038023e-02,1.610072e-03,2.170694e-02,3.565484e-02
0.24500,0.590291,0.497384,1.732620e-02,1.087723e-02,9.840798e-01,1.255734e-01,1.034273e-02,1.580707e-03,2.165930e-02,3.578874e-02
0.24750,0.590130,0.497344,1.759563e-02,1.105591e-02,9.839004e-01,1.255735e-01,1.030558e-02,1.551440e-03,2.161284e-02,3.592142e-02
0.25000,0.589967,0.497303,1.786619e-02,1.123565e-02,9.837218e-01,1.255736e-01,1.026877e-02,1.522274e-03,2.156754e-02,3.605292e-02
0.25250,0.589804,0.497262,1.813785e-02,1.141643e-02,9.835441e-01,1.255737e-01,1.023226e-02,1.493201e-03,2.152336e-02,3.618324e-02
0.25500,0.589640,0.497221,1.841155e-02,1.159827e-02,9.833674e-01,1.255738e-01,1.019602e-02,1.464218e-03,2.148027e-02,3.631240e-02
0.25750,0.589475,0.497180,1.868666e-02,1.178114e-02,9.831917e-01,1.255740e-01,1.016004e-02,1.435354e-03,2.143823e-02,3.644043e-02
0.26000,0.589308,0.497139,1.896286e-02,1.196505e-02,9.830171e-01,1.255741e-01,1.012430e-02,1.406607e-03,2.139722e-02,3.656734e-02
0.26250,0.589141,0.497098,1.924013e-02,1.214999e-02,9.828436e-01,1.255743e-01,1.008883e-02,1.377966e-03,2.135720e-02,3.669314e-02
0.26500,0.588973,0.497057,1.951847e-02,1.233595e-02,9.826712e-01,1.255744e-01,1.005362e-02,1.349417e-03,2.131815e-02,3.681786e-02
0.26750,0.588804,0.497015,1.979785e-02,1.252292e-02,9.824999e-01,1.255746e-01,1.001867e-02,1.320960e-03,2.128004e-02,3.694150e-02
0.27000,0.588634,0.496973,2.007826e-02,1.271092e-02,9.823297e-01,1.255747e-01,9.983957e-03,1.292575e-03,2.124285e-02,3.706409e-02
0.27250,0.588462,0.496932,2.035968e-02,1.289991e-02,9.821605e-01,1.255749e-01,9.949471e-03,1.264269e-03,2.120655e-02,3.718564e-02
0.27500,0.588290,0.496890,2.064210e-02,1.308991e-02,9.819923e-01,1.255751e-01,9.915200e-03,1.236078e-03,2.117111e-02,3.730616e-02
0.27750,0.588117,0.496848,2.092549e-02,1.328091e-02,9.818251e-01,1.255753e-01,9.881115e-03,1.208006e-03,2.113652e-02,3.742567e-02
0.28000,0.587943,0.496806,2.120985e-02,1.347290e-02,9.816587e-01,1.255755e-01,9.847205e-03,1.180003e-03,2.110274e-02,3.754419e-02
0.28250,0.587768,0.496763,2.149515e-02,1.366588e-02,9.814933e-01,1.255757e-01,9.813450e-03,1.152057e-03,2.106975e-02,3.766172e-02
0.28500,0.587592,0.496721,2.178139e-02,1.385983e-02,9.813286e-01,1.255759e-01,9.779854e-03,1.124189e-03,2.103754e-02,3.777829e-02
0.28750,0.587415,0.496679,2.206855e-02,1.405476e-02,9.811648e-01,1.255761e-01,9.746414e-03,1.096456e-03,2.100609e-02,3.789389e-02
0.29000,0.587237,0.496636,2.235660e-02,1.425067e-02,9.810018e-01,1.255764e-01,9.713091e-03,1.068853e-03,2.097536e-02,3.800856e-02
0.29250,0.587058,0.496593,2.264555e-02,1.444753e-02,9.808396e-01,1.255766e-01,9.679910e-03,1.041367e-03,2.094535e-02,3.812230e-02
0.29500,0.586878,0.496551,2.293537e-02,1.464536e-02,9.806782e-01,1.255768e-01,9.646912e-03,1.013964e-03,2.091603e-02,3.823512e-02
0.29750,0.586697,0.496508,2.322605e-02,1.484414e-02,9.805174e-01,1.255771e-01,9.614133e-03,9.866118e-04,2.088740e-02,3.834703e-02
0.30000,0.586515,0.496465,2.351758e-02,1.504388e-02,9.803574e-01,1.255773e-01,9.581506e-03,9.592949e-04,2.085944e-02,3.845805e-02
0.30250,0.586332,0.496422,2.380994e-02,1.524455e-02,9.801982e-01,1.255776e-01,9.548965e-03,9.320266e-04,2.083212e-02,3.856820e-02
0.30500,0.586149,0.496378,2.410312e-02,1.544617e-02,9.800396e-01,1.255779e-01,9.516507e-03,9.048421e-04,2.080542e-02,3.867747e-02
0.30750,0.585964,0.496335,2.439710e-02,1.564872e-02,9.798818e-01,1.255782e-01,9.484148e-03,8.777810e-04,2.077934e-02,3.878588e-02
0.31000,0.585778,0.496292,2.469286e-02,1.585221e-02,9.797248e-01,1.255785e-01,9.451950e-03,8.508222e-04,2.075386e-02,3.889345e-02
0.31250,0.585592,0.496249,2.499025e-02,1.605661e-02,9.795685e-01,1.255788e-01,9.419894e-03,8.239386e-04,2.072897e-02,3.900018e-02
0.31500,0.585404,0.496205,2.528844e-02,1.626194e-02,9.794131e-01,1.255791e-01,9.387943e-03,7.971147e-04,2.070465e-02,3.910609e-02
0.31750,0.585216,0.496162,2.558741e-02,1.646818e-02,9.792586e-01,1.255794e-01,9.356119e-03,7.703469e-04,2.068088e-02,3.921119e-02
0.32000,0.585027,0.496118,2.588715e-02,1.667534e-02,9.791051e-01,1.255798e-01,9.324451e-03,7.436077e-04,2.065767e-02,3.931548e-02
0.32250,0.584837,0.496074,2.618764e-02,1.688340e-02,9.789528e-01,1.255801e-01,9.292915e-03,7.169292e-04,2.063498e-02,3.941897e-02
0.32500,0.584645,0.496030,2.648887e-02,1.709235e-02,9.788019e-01,1.255804e-01,9.261436e-03,6.903299e-04,2.061282e-02,3.952168e-02
0.32750,0.584453,0.495987,2.679083e-02,1.730221e-02,9.786524e-01,1.255808e-01,9.230003e-03,6.637938e-04,2.059116e-02,3.962362e-02
0.33000,0.584260,0.495943,2.709350e-02,1.751295e-02,9.785045e-01,1.255812e-01,9.198588e-03,6.373036e-04,2.056999e-02,3.972480e-02
0.33250,0.584067,0.495899,2.739687e-02,1.772459e-02,9.783583e-01,1.255816e-01,9.167221e-03,6.108027e-04,2.054931e-02,3.982521e-02
0.33500,0.583872,0.495855,2.770093e-02,1.793710e-02,9.782138e-01,1.255820e-01,9.135937e-03,5.843019e-04,2.052909e-02,3.992489e-02
0.33750,0.583676,0.495811,2.800567e-02,1.815049e-02,9.780710e-01,1.255824e-01,9.104759e-03,5.578351e-04,2.050933e-02,4.002382e-02
0.34000,0.583480,0.495767,2.831106e-02,1.836475e-02,9.779299e-01,1.255828e-01,9.073699e-03,5.313864e-04,2.049003e-02,4.012203e-02
0.34250,0.583282,0.495723,2.861711e-02,1.857987e-02,9.777904e-01,1.255832e-01,9.042735e-03,5.049650e-04,2.047117e-02,4.021952e-02
0.34500,0.583084,0.495678,2.892380e-02,1.879586e-02,9.776525e-01,1.255836e-01,9.011803e-03,4.785974e-04,2.045274e-02,4.031630e-02
0.34750,0.582884,0.495634,2.923112e-02,1.901271e-02,9.775161e-01,1.255841e-01,8.980915e-03,4.522704e-04,2.043473e-02,4.041238e-02
0.35000,0.582684,0.495590,2.953905e-02,1.923041e-02,9.773809e-01,1.255845e-01,8.950092e-03,4.259935e-04,2.041713e-02,4.050776e-02
0.35250,0.582483,0.495546,2.984759e-02,1.944896e-02,9.772469e-01,1.255850e-01,8.919351e-03,3.997813e-04,2.039995e-02,4.060246e-02
0.35500,0.582281,0.495501,3.015672e-02,1.966835e-02,9.771139e-01,1.255854e-01,8.888661e-03,3.736368e-04,2.038316e-02,4.069648e-02
0.35750,0.582079,0.495457,3.046643e-02,1.988859e-02,9.769820e-01,1.255859e-01,8.858004e-03,3.475722e-04,2.036676e-02,4.078984e-02
0.36000,0.581875,0.495412,3.077705e-02,2.010965e-02,9.768510e-01,1.255864e-01,8.827386e-03,3.216356e-04,2.035074e-02,4.088253e-02
0.36250,0.581671,0.495368,3.109034e-02,2.033155e-02,9.767211e-01,1.255869e-01,8.796849e-03,2.958347e-04,2.033510e-02,4.097456e-02
0.36500,0.581465,0.495324,3.140422e-02,2.055427e-02,9.765920e-01,1.255874e-01,8.766440e-03,2.701631e-04,2.031983e-02,4.106595e-02
0.36750,0.581259,0.495279,3.171865e-02,2.077781e-02,9.764639e-01,1.255880e-01,8.736095e-03,2.446180e-04,2.030492e-02,4.115670e-02
0.37000,0.581052,0.495235,3.203365e-02,2.100217e-02,9.763367e-01,1.255885e-01,8.705788e-03,2.191471e-04,2.029036e-02,4.124682e-02
0.37250,0.580844,0.495190,3.234919e-02,2.122734e-02,9.762104e-01,1.255891e-01,8.675514e-03,1.937497e-04,2.027613e-02,4.133632e-02
0.37500,0.580635,0.495145,3.266526e-02,2.145332e-02,9.760850e-01,1.255896e-01,8.645338e-03,1.684439e-04,2.026224e-02,4.142519e-02
0.37750,0.580425,0.495101,3.298184e-02,2.168010e-02,9.759607e-01,1.255902e-01,8.615267e-03,1.432107e-04,2.024869e-02,4.151346e-02
0.38000,0.580215,0.495056,3.329894e-02,2.190768e-02,9.758375e-01,1.255908e-01,8.585228e-03,1.179961e-04,2.023545e-02,4.160112e-02
0.38250,0.580004,0.495012,3.361654e-02,2.213606e-02,9.757154e-01,1.255914e-01,8.555165e-03,9.278104e-05,2.022252e-02,4.168818e-02
0.38500,0.579791,0.494967,3.393462e-02,2.236522e-02,9.755944e-01,1.255920e-01,8.525156e-03,6.763555e-05,2.020991e-02,4.177466e-02
0.38750,0.579578,0.494923,3.425319e-02,2.259517e-02,9.754745e-01,1.255926e-01,8.495222e-03,4.263353e-05,2.019760e-02,4.186055e-02
0.39000,0.579364,0.494878,3.457222e-02,2.282590e-02,9.753560e-01,1.255932e-01,8.465252e-03,1.769865e-05,2.018559e-02,4.194586e-02
0.39250,0.579150,0.494833,3.489170e-02,2.305741e-02,9.752390e-01,1.255939e-01,8.435263e-03,-7.144420e-06,2.017387e-02,4.203060e-02
0.39500,0.578934,0.494789,3.521164e-02,2.328969e-02,9.751237e-01,1.255945e-01,8.405245e-03,-3.184525e-05,2.016243e-02,4.211478e-02
0.39750,0.578718,0.494744,3.553201e-02,2.352274e-02,9.750101e-01,1.255952e-01,8.375258e-03,-5.644967e-05,2.015126e-02,4.219839e-02
0.40000,0.578501,0.494700,3.585281e-02,2.375655e-02,9.748984e-01,1.255959e-01,8.345352e-03,-8.098994e-05,2.014037e-02,4.228146e-02
0.40250,0.578283,0.494655,3.617402e-02,2.399112e-02,9.747886e-01,1.255966e-01,8.315537e-03,-1.055239e-04,2.012975e-02,4.236397e-02
0.40500,0.578064,0.494611,3.649565e-02,2.422645e-02,9.746806e-01,1.255973e-01,8.285845e-03,-1.300694e-04,2.011939e-02,4.244595e-02
0.40750,0.577844,0.494566,3.681767e-02,2.446253e-02,9.745744e-01,1.255980e-01,8.256251e-03,-1.546854e-04,2.010930e-02,4.252739e-02
0.41000,0.577624,0.494522,3.714008e-02,2.469936e-02,9.744699e-01,1.255987e-01,8.226705e-03,-1.793814e-04,2.009947e-02,4.260830e-02
0.41250,0.577402,0.494477,3.746286e-02,2.493693e-02,9.743670e-01,1.255995e-01,8.197196e-03,-2.041714e-04,2.008989e-02,4.268869e-02
0.41500,0.577180,0.494433,3.778601e-02,2.517524e-02,9.742654e-01,1.256002e-01,8.167735e-03,-2.288925e-04,2.008055e-02,4.276856e-02
0.41750,0.576957,0.494388,3.811191e-02,2.541428e-02,9.741650e-01,1.256010e-01,8.138348e-03,-2.534588e-04,2.007146e-02,4.284792e-02
0.42000,0.576734,0.494344,3.843884e-02,2.565405e-02,9.740656e-01,1.256018e-01,8.108935e-03,-2.778727e-04,2.006261e-02,4.292677e-02
0.42250,0.576509,0.494300,3.876615e-02,2.589455e-02,9.739670e-01,1.256025e-01,8.079514e-03,-3.022539e-04,2.005398e-02,4.300511e-02
0.42500,0.576284,0.494255,3.909381e-02,2.613578e-02,9.738692e-01,1.256033e-01,8.050122e-03,-3.265750e-04,2.004559e-02,4.308296e-02
0.42750,0.576058,0.494211,3.942184e-02,2.637772e-02,9.737723e-01,1.256042e-01,8.020797e-03,-3.508500e-04,2.003742e-02,4.316032e-02
0.43000,0.575831,0.494167,3.975021e-02,2.662037e-02,9.736763e-01,1.256050e-01,7.991496e-03,-3.751191e-04,2.002946e-02,4.323719e-02
0.43250,0.575604,0.494123,4.007891e-02,2.686374e-02,9.735811e-01,1.256058e-01,7.962152e-03,-3.993791e-04,2.002172e-02,4.331358e-02
0.43500,0.575375,0.494078,4.040795e-02,2.710781e-02,9.734870e-01,1.256067e-01,7.932781e-03,-4.235441e-04,2.001419e-02,4.338949e-02
0.43750,0.575146,0.494034,4.073730e-02,2.735259e-02,9.733939e-01,1.256075e-01,7.903427e-03,-4.476500e-04,2.000686e-02,4.346493e-02
0.44000,0.574916,0.493990,4.106697e-02,2.759806e-02,9.733019e-01,1.256084e-01,7.874108e-03,-4.717084e-04,1.999974e-02,4.353990e-02
0.44250,0.574685,0.493946,4.139694e-02,2.784423e-02,9.732112e-01,1.256093e-01,7.844808e-03,-4.957029e-04,1.999282e-02,4.361441e-02
0.44500,0.574454,0.493902,4.172721e-02,2.809108e-02,9.731218e-01,1.256102e-01,7.815482e-03,-5.196005e-04,1.998610e-02,4.368846e-02
0.44750,0.574221,0.493858,4.205775e-02,2.833863e-02,9.730337e-01,1.256111e-01,7.786225e-03,-5.434476e-04,1.997957e-02,4.376206e-02
0.45000,0.573988,0.493814,4.238858e-02,2.858685e-02,9.729469e-01,1.256121e-01,7.757168e-03,-5.672612e-04,1.997325e-02,4.383520e-02
0.45250,0.573754,0.493771,4.271966e-02,2.883576e-02,9.728615e-01,1.256130e-01,7.728164e-03,-5.910701e-04,1.996712e-02,4.390791e-02
0.45500,0.573520,0.493727,4.305101e-02,2.908534e-02,9.727774e-01,1.256140e-01,7.699200e-03,-6.147983e-04,1.996117e-02,4.398017e-02
0.45750,0.573285,0.493683,4.338260e-02,2.933559e-02,9.726948e-01,1.256149e-01,7.670276e-03,-6.384197e-04,1.995541e-02,4.405200e-02
0.46000,0.573049,0.493640,4.371442e-02,2.958651e-02,9.726138e-01,1.256159e-01,7.641434e-03,-6.619639e-04,1.994983e-02,4.412340e-02
0.46250,0.572812,0.493596,4.404647e-02,2.983809e-02,9.725344e-01,1.256169e-01,7.612700e-03,-6.854703e-04,1.994443e-02,4.419437e-02
0.46500,0.572574,0.493553,4.437874e-02,3.009033e-02,9.724567e-01,1.256179e-01,7.584040e-03,-7.088233e-04,1.993921e-02,4.426491e-02
0.46750,0.572336,0.493509,4.471122e-02,3.034323e-02,9.723805e-01,1.256189e-01,7.555452e-03,-7.319699e-04,1.993416e-02,4.433504e-02
0.47000,0.572097,0.493466,4.504391e-02,3.059678e-02,9.723059e-01,1.256200e-01,7.526896e-03,-7.550532e-04,1.992928e-02,4.440475e-02
0.47250,0.571857,0.493423,4.537678e-02,3.085098e-02,9.722327e-01,1.256210e-01,7.498284e-03,-7.780644e-04,1.992456e-02,4.447405e-02
0.47500,0.571616,0.493380,4.570985e-02,3.110583e-02,9.721608e-01,1.256221e-01,7.469576e-03,-8.010170e-04,1.991998e-02,4.454294e-02
0.47750,0.571375,0.493337,4.604309e-02,3.136131e-02,9.720899e-01,1.256232e-01,7.440811e-03,-8.239564e-04,1.991556e-02,4.461144e-02
0.48000,0.571133,0.493294,4.637650e-02,3.161744e-02,9.720200e-01,1.256242e-01,7.412019e-03,-8.468729e-04,1.991129e-02,4.467953e-02
0.48250,0.570890,0.493251,4.671009e-02,3.187419e-02,9.719508e-01,1.256253e-01,7.383118e-03,-8.696639e-04,1.990717e-02,4.474723e-02
0.48500,0.570647,0.493208,4.704507e-02,3.213158e-02,9.718822e-01,1.256264e-01,7.354230e-03,-8.924093e-04,1.990319e-02,4.481453e-02
0.48750,0.570403,0.493165,4.738269e-02,3.238960e-02,9.718142e-01,1.256276e-01,7.325505e-03,-9.152130e-04,1.989936e-02,4.488145e-02
0.49000,0.570158,0.493123,4.772050e-02,3.264823e-02,9.717468e-01,1.256287e-01,7.296978e-03,-9.381148e-04,1.989569e-02,4.494799e-02
0.49250,0.569912,0.493080,4.805848e-02,3.290749e-02,9.716802e-01,1.256299e-01,7.268512e-03,-9.610816e-04,1.989216e-02,4.501414e-02
0.49500,0.569666,0.493038,4.839662e-02,3.316736e-02,9.716146e-01,1.256310e-01,7.240083e-03,-9.840298e-04,1.988878e-02,4.507992e-02
0.49750,0.569419,0.492995,4.873493e-02,3.342785e-02,9.715500e-01,1.256322e-01,7.211735e-03,-1.006873e-03,1.988554e-02,4.514532e-02
0.50000,0.569171,0.492953,4.907338e-02,3.368895e-02,9.714866e-01,1.256334e-01,7.183502e-03,-1.029601e-03,1.988245e-02,4.521036e-02
0.50250,0.568923,0.492911,4.941197e-02,3.395065e-02,9.714245e-01,1.256346e-01,7.155330e-03,-1.052115e-03,1.987951e-02,4.527503e-02
0.50500,0.568673,0.492869,4.975070e-02,3.421295e-02,9.713639e-01,1.256358e-01,7.127192e-03,-1.074203e-03,1.987671e-02,4.533933e-02
0.50750,0.568423,0.492827,5.008955e-02,3.447585e-02,9.713047e-01,1.256370e-01,7.099127e-03,-1.096017e-03,1.987403e-02,4.540328e-02
0.51000,0.568173,0.492785,5.042853e-02,3.473934e-02,9.712470e-01,1.256383e-01,7.071197e-03,-1.117669e-03,1.987150e-02,4.546687e-02
0.51250,0.567922,0.492744,5.076761e-02,3.500343e-02,9.711907e-01,1.256395e-01,7.043313e-03,-1.139399e-03,1.986909e-02,4.553010e-02
0.51500,0.567670,0.492702,5.110680e-02,3.526811e-02,9.711356e-01,1.256408e-01,7.015405e-03,-1.161305e-03,1.986680e-02,4.559299e-02
0.51750,0.567417,0.492661,5.144609e-02,3.553337e-02,9.710816e-01,1.256421e-01,6.987395e-03,-1.183340e-03,1.986462e-02,4.565553e-02
0.52000,0.567164,0.492619,5.178546e-02,3.579922e-02,9.710286e-01,1.256434e-01,6.959305e-03,-1.205423e-03,1.986256e-02,4.571772e-02
0.52250,0.566910,0.492578,5.212493e-02,3.606564e-02,9.709767e-01,1.256447e-01,6.931159e-03,-1.227548e-03,1.986062e-02,4.577958e-02
0.52500,0.566655,0.492537,5.246448e-02,3.633264e-02,9.709259e-01,1.256460e-01,6.902978e-03,-1.249843e-03,1.985879e-02,4.584109e-02
0.52750,0.566400,0.492496,5.280410e-02,3.660021e-02,9.708763e-01,1.256473e-01,6.874783e-03,-1.272137e-03,1.985708e-02,4.590228e-02
0.53000,0.566144,0.492455,5.314378e-02,3.686834e-02,9.708277e-01,1.256487e-01,6.846596e-03,-1.294414e-03,1.985549e-02,4.596313e-02
0.53250,0.565887,0.492415,5.348354e-02,3.713705e-02,9.707800e-01,1.256500e-01,6.818355e-03,-1.316692e-03,1.985400e-02,4.602366e-02
0.53500,0.565630,0.492374,5.382335e-02,3.740631e-02,9.707332e-01,1.256514e-01,6.790096e-03,-1.338863e-03,1.985262e-02,4.608385e-02
0.53750,0.565372,0.492334,5.416321e-02,3.767614e-02,9.706872e-01,1.256528e-01,6.761944e-03,-1.360971e-03,1.985135e-02,4.614373e-02
0.54000,0.565113,0.492294,5.450313e-02,3.794652e-02,9.706419e-01,1.256542e-01,6.733919e-03,-1.383043e-03,1.985019e-02,4.620329e-02
0.54250,0.564853,0.492253,5.484308e-02,3.821745e-02,9.705971e-01,1.256556e-01,6.705992e-03,-1.405040e-03,1.984913e-02,4.626253e-02
0.54500,0.564593,0.492213,5.518306e-02,3.848893e-02,9.705530e-01,1.256570e-01,6.678174e-03,-1.426881e-03,1.984817e-02,4.632146e-02
0.54750,0.564333,0.492174,5.552307e-02,3.876096e-02,9.705093e-01,1.256585e-01,6.650511e-03,-1.448520e-03,1.984733e-02,4.638007e-02
0.55000,0.564071,0.492134,5.586311e-02,3.903352e-02,9.704663e-01,1.256599e-01,6.623045e-03,-1.469902e-03,1.984660e-02,4.643838e-02
0.55250,0.563809,0.492094,5.620315e-02,3.930663e-02,9.704240e-01,1.256614e-01,6.595640e-03,-1.491060e-03,1.984598e-02,4.649639e-02
0.55500,0.563547,0.492055,5.654320e-02,3.958028e-02,9.703827e-01,1.256629e-01,6.568290e-03,-1.512047e-03,1.984545e-02,4.655409e-02
0.55750,0.563284,0.492016,5.688326e-02,3.985446e-02,9.703426e-01,1.256643e-01,6.540936e-03,-1.532858e-03,1.984501e-02,4.661149e-02
0.56000,0.563020,0.491977,5.722330e-02,4.012917e-02,9.703038e-01,1.256658e-01,6.513714e-03,-1.553798e-03,1.984467e-02,4.666859e-02
0.56250,0.562755,0.491938,5.756333e-02,4.040441e-02,9.702664e-01,1.256674e-01,6.486539e-03,-1.574790e-03,1.984442e-02,4.672539e-02
0.56500,0.562490,0.491899,5.790335e-02,4.068017e-02,9.702304e-01,1.256689e-01,6.459238e-03,-1.595776e-03,1.984426e-02,4.678191e-02
0.56750,0.562224,0.491860,5.824334e-02,4.095645e-02,9.701959e-01,1.256704e-01,6.431921e-03,-1.616809e-03,1.984419e-02,4.683814e-02
0.57000,0.561958,0.491822,5.858331e-02,4.123325e-02,9.701628e-01,1.256720e-01,6.404645e-03,-1.638099e-03,1.984421e-02,4.689407e-02
0.57250,0.561691,0.491784,5.892325e-02,4.151057e-02,9.701309e-01,1.256735e-01,6.377351e-03,-1.659419e-03,1.984432e-02,4.694973e-02
0.57500,0.561423,0.491746,5.926315e-02,4.178840e-02,9.700999e-01,1.256751e-01,6.349960e-03,-1.680617e-03,1.984451e-02,4.700510e-02
0.57750,0.561154,0.491708,5.960301e-02,4.206673e-02,9.700695e-01,1.256767e-01,6.322503e-03,-1.701573e-03,1.984479e-02,4.706019e-02
0.58000,0.560886,0.491670,5.994282e-02,4.234558e-02,9.700393e-01,1.256783e-01,6.295063e-03,-1.722350e-03,1.984516e-02,4.711500e-02
0.58250,0.560616,0.491632,6.028652e-02,4.262493e-02,9.700093e-01,1.256799e-01,6.267712e-03,-1.742931e-03,1.984562e-02,4.716954e-02
0.58500,0.560346,0.491595,6.063069e-02,4.290478e-02,9.699796e-01,1.256815e-01,6.240551e-03,-1.763534e-03,1.984617e-02,4.722380e-02
0.58750,0.560075,0.491558,6.097483e-02,4.318512e-02,9.699502e-01,1.256831e-01,6.213627e-03,-1.784056e-03,1.984681e-02,4.727779e-02
0.59000,0.559804,0.491521,6.131893e-02,4.346596e-02,9.699212e-01,1.256848e-01,6.186898e-03,-1.804378e-03,1.984754e-02,4.733151e-02
0.59250,0.559532,0.491484,6.166299e-02,4.374730e-02,9.698927e-01,1.256864e-01,6.160319e-03,-1.824568e-03,1.984837e-02,4.738497e-02
0.59500,0.559259,0.491447,6.200699e-02,4.402912e-02,9.698648e-01,1.256881e-01,6.133816e-03,-1.844625e-03,1.984927e-02,4.743816e-02
0.59750,0.558986,0.491411,6.235095e-02,4.431143e-02,9.698376e-01,1.256898e-01,6.107328e-03,-1.864688e-03,1.985027e-02,4.749109e-02
0.60000,0.558712,0.491374,6.269485e-02,4.459422e-02,9.698110e-01,1.256915e-01,6.080723e-03,-1.884757e-03,1.985133e-02,4.754376e-02
0.60250,0.558437,0.491338,6.303868e-02,4.487750e-02,9.697853e-01,1.256932e-01,6.053918e-03,-1.904792e-03,1.985246e-02,4.759617e-02
0.60500,0.558162,0.491302,6.338246e-02,4.516125e-02,9.697605e-01,1.256949e-01,6.027039e-03,-1.925115e-03,1.985366e-02,4.764832e-02
0.60750,0.557887,0.491267,6.372616e-02,4.544548e-02,9.697367e-01,1.256966e-01,6.000225e-03,-1.945650e-03,1.985492e-02,4.770022e-02
0.61000,0.557611,0.491231,6.406980e-02,4.573018e-02,9.697138e-01,1.256983e-01,5.973379e-03,-1.966418e-03,1.985625e-02,4.775187e-02
0.61250,0.557334,0.491196,6.441335e-02,4.601536e-02,9.696920e-01,1.257001e-01,5.946358e-03,-1.987281e-03,1.985763e-02,4.780327e-02
0.61500,0.557056,0.491161,6.475682e-02,4.630100e-02,9.696713e-01,1.257019e-01,5.919258e-03,-2.008267e-03,1.985908e-02,4.785443e-02
0.61750,0.556779,0.491126,6.510021e-02,4.658710e-02,9.696519e-01,1.257036e-01,5.892106e-03,-2.029051e-03,1.986059e-02,4.790534e-02
0.62000,0.556500,0.491091,6.544351e-02,4.687367e-02,9.696336e-01,1.257054e-01,5.865040e-03,-2.049516e-03,1.986215e-02,4.795600e-02
0.62250,0.556221,0.491056,6.578672e-02,4.716069e-02,9.696165e-01,1.257072e-01,5.838121e-03,-2.069738e-03,1.986378e-02,4.800643e-02
0.62500,0.555941,0.491022,6.612983e-02,4.744817e-02,9.696004e-01,1.257090e-01,5.811343e-03,-2.089753e-03,1.986547e-02,4.805662e-02
0.62750,0.555661,0.490988,6.647283e-02,4.773611e-02,9.695853e-01,1.257108e-01,5.784797e-03,-2.109730e-03,1.986724e-02,4.810657e-02
0.63000,0.555380,0.490954,6.681574e-02,4.802450e-02,9.695711e-01,1.257126e-01,5.758512e-03,-2.129701e-03,1.986907e-02,4.815628e-02
0.63250,0.555099,0.490920,6.715940e-02,4.831333e-02,9.695573e-01,1.257145e-01,5.732534e-03,-2.149476e-03,1.987098e-02,4.820577e-02
0.63500,0.554817,0.490887,6.750665e-02,4.860261e-02,9.695186e-01,1.257163e-01,5.706735e-03,-2.169020e-03,1.987296e-02,4.825502e-02
0.63750,0.554534,0.490854,6.785380e-02,4.889234e-02,9.694773e-01,1.257182e-01,5.681012e-03,-2.188351e-03,1.987502e-02,4.830404e-02
0.64000,0.554251,0.490821,6.820086e-02,4.918250e-02,9.694369e-01,1.257201e-01,5.655379e-03,-2.207438e-03,1.987715e-02,4.835283e-02
0.64250,0.553968,0.490788,6.854782e-02,4.947311e-02,9.693974e-01,1.257219e-01,5.629797e-03,-2.226323e-03,1.987935e-02,4.840140e-02
0.64500,0.553684,0.490755,6.889468e-02,4.976415e-02,9.693588e-01,1.257238e-01,5.604204e-03,-2.245113e-03,1.988162e-02,4.844974e-02
0.64750,0.553399,0.490723,6.924143e-02,5.005562e-02,9.693209e-01,1.257257e-01,5.578528e-03,-2.263828e-03,1.988394e-02,4.849785e-02
0.65000,0.553114,0.490691,6.958806e-02,5.034753e-02,9.692835e-01,1.257276e-01,5.552676e-03,-2.282722e-03,1.988631e-02,4.854575e-02
0.65250,0.552828,0.490659,6.993458e-02,5.063986e-02,9.692462e-01,1.257296e-01,5.526789e-03,-2.301770e-03,1.988874e-02,4.859342e-02
0.65500,0.552541,0.490627,7.028099e-02,5.093262e-02,9.692090e-01,1.257315e-01,5.500947e-03,-2.320849e-03,1.989121e-02,4.864088e-02
0.65750,0.552255,0.490596,7.062727e-02,5.122581e-02,9.691718e-01,1.257334e-01,5.474985e-03,-2.340062e-03,1.989373e-02,4.868812e-02
0.66000,0.551967,0.490565,7.097342e-02,5.151941e-02,9.691345e-01,1.257354e-01,5.448819e-03,-2.359436e-03,1.989630e-02,4.873515e-02
0.66250,0.551679,0.490534,7.131945e-02,5.181344e-02,9.690972e-01,1.257373e-01,5.422506e-03,-2.378816e-03,1.989891e-02,4.878197e-02
0.66500,0.551391,0.490503,7.166534e-02,5.210788e-02,9.690598e-01,1.257393e-01,5.396084e-03,-2.398005e-03,1.990158e-02,4.882857e-02
0.66750,0.551102,0.490472,7.201110e-02,5.240274e-02,9.690227e-01,1.257413e-01,5.369715e-03,-2.417357e-03,1.990431e-02,4.887496e-02
0.67000,0.550812,0.490442,7.235671e-02,5.269801e-02,9.689859e-01,1.257433e-01,5.343449e-03,-2.436845e-03,1.990709e-02,4.892115e-02
0.67250,0.550522,0.490412,7.270218e-02,5.299368e-02,9.689495e-01,1.257453e-01,5.317321e-03,-2.456360e-03,1.990992e-02,4.896713e-02
0.67500,0.550231,0.490382,7.304750e-02,5.328977e-02,9.689135e-01,1.257473e-01,5.291361e-03,-2.475935e-03,1.991281e-02,4.901291e-02
0.67750,0.549940,0.490353,7.339267e-02,5.358626e-02,9.688781e-01,1.257493e-01,5.265712e-03,-2.495633e-03,1.991576e-02,4.905848e-02
0.68000,0.549649,0.490324,7.373769e-02,5.388315e-02,9.688434e-01,1.257513e-01,5.240383e-03,-2.515269e-03,1.991877e-02,4.910385e-02
0.68250,0.549357,0.490295,7.408254e-02,5.418044e-02,9.688095e-01,1.257534e-01,5.215296e-03,-2.534325e-03,1.992184e-02,4.914902e-02
0.68500,0.549064,0.490266,7.442722e-02,5.447813e-02,9.687768e-01,1.257554e-01,5.190316e-03,-2.552960e-03,1.992496e-02,4.919399e-02
0.68750,0.548771,0.490237,7.477173e-02,5.477621e-02,9.687451e-01,1.257575e-01,5.165341e-03,-2.571287e-03,1.992812e-02,4.923877e-02
0.69000,0.548477,0.490209,7.511607e-02,5.507469e-02,9.687146e-01,1.257595e-01,5.140405e-03,-2.589387e-03,1.993133e-02,4.928334e-02
0.69250,0.548183,0.490181,7.546024e-02,5.537356e-02,9.686853e-01,1.257616e-01,5.115480e-03,-2.607386e-03,1.993457e-02,4.932773e-02
0.69500,0.547888,0.490153,7.580423e-02,5.567282e-02,9.686571e-01,1.257637e-01,5.090565e-03,-2.625237e-03,1.993785e-02,4.937192e-02
0.69750,0.547593,0.490126,7.614803e-02,5.597246e-02,9.686298e-01,1.257658e-01,5.065675e-03,-2.643070e-03,1.994115e-02,4.941592e-02
0.70000,0.547297,0.490099,7.649165e-02,5.627249e-02,9.686032e-01,1.257679e-01,5.040732e-03,-2.661045e-03,1.994449e-02,4.945973e-02
0.70250,0.547001,0.490072,7.683509e-02,5.657290e-02,9.685772e-01,1.257700e-01,5.015741e-03,-2.679056e-03,1.994786e-02,4.950336e-02
0.70500,0.546704,0.490045,7.717833e-02,5.687369e-02,9.685517e-01,1.257721e-01,4.990606e-03,-2.697272e-03,1.995127e-02,4.954679e-02
0.70750,0.546407,0.490019,7.752139e-02,5.717486e-02,9.685265e-01,1.257742e-01,4.965270e-03,-2.715814e-03,1.995472e-02,4.959004e-02
0.71000,0.546110,0.489993,7.786425e-02,5.747641e-02,9.685015e-01,1.257763e-01,4.939847e-03,-2.734363e-03,1.995821e-02,4.963311e-02
0.71250,0.545811,0.489967,7.820692e-02,5.777833e-02,9.684764e-01,1.257785e-01,4.914590e-03,-2.753080e-03,1.996176e-02,4.967599e-02
0.71500,0.545513,0.489941,7.854939e-02,5.808062e-02,9.684509e-01,1.257806e-01,4.889572e-03,-2.771905e-03,1.996536e-02,4.971869e-02
0.71750,0.545214,0.489916,7.889166e-02,5.838328e-02,9.684252e-01,1.257828e-01,4.864747e-03,-2.790368e-03,1.996900e-02,4.976121e-02
0.72000,0.544914,0.489891,7.923373e-02,5.868631e-02,9.683991e-01,1.257850e-01,4.840063e-03,-2.808236e-03,1.997269e-02,4.980356e-02
0.72250,0.544614,0.489866,7.957559e-02,5.898970e-02,9.683729e-01,1.257871e-01,4.815627e-03,-2.826039e-03,1.997641e-02,4.984572e-02
0.72500,0.544314,0.489842,7.991725e-02,5.929345e-02,9.683466e-01,1.257893e-01,4.791310e-03,-2.843630e-03,1.998018e-02,4.988770e-02
0.72750,0.544013,0.489818,8.025869e-02,5.959757e-02,9.683204e-01,1.257915e-01,4.767041e-03,-2.861040e-03,1.998400e-02,4.992951e-02
0.73000,0.543711,0.489794,8.059991e-02,5.990205e-02,9.682946e-01,1.257937e-01,4.742711e-03,-2.878325e-03,1.998786e-02,4.997115e-02
0.73250,0.543409,0.489770,8.094091e-02,6.020688e-02,9.682693e-01,1.257959e-01,4.718304e-03,-2.895758e-03,1.999177e-02,5.001261e-02
0.73500,0.543107,0.489747,8.128169e-02,6.051207e-02,9.682448e-01,1.257981e-01,4.693875e-03,-2.913382e-03,1.999573e-02,5.005390e-02
0.73750,0.542804,0.489724,8.162223e-02,6.081761e-02,9.682210e-01,1.258003e-01,4.669562e-03,-2.931260e-03,1.999972e-02,5.009501e-02
0.74000,0.542501,0.489701,8.196254e-02,6.112350e-02,9.681980e-01,1.258025e-01,4.645289e-03,-2.949446e-03,2.000375e-02,5.013596e-02
0.74250,0.542197,0.489679,8.230262e-02,6.142974e-02,9.681759e-01,1.258048e-01,4.620984e-03,-2.967912e-03,2.000780e-02,5.017674e-02
0.74500,0.541893,0.489657,8.264245e-02,6.173633e-02,9.681548e-01,1.258070e-01,4.596623e-03,-2.986401e-03,2.001188e-02,5.021735e-02
0.74750,0.541588,0.489635,8.298205e-02,6.204326e-02,9.681348e-01,1.258092e-01,4.572138e-03,-3.004660e-03,2.001597e-02,5.025780e-02
0.75000,0.541283,0.489613,8.332140e-02,6.235054e-02,9.681156e-01,1.258115e-01,4.547551e-03,-3.022562e-03,2.002008e-02,5.029808e-02
0.75250,0.540977,0.489592,8.366052e-02,6.265816e-02,9.680972e-01,1.258138e-01,4.522939e-03,-3.040255e-03,2.002421e-02,5.033819e-02
0.75500,0.540671,0.489571,8.399939e-02,6.296612e-02,9.680796e-01,1.258160e-01,4.498311e-03,-3.057926e-03,2.002838e-02,5.037815e-02
0.75750,0.540365,0.489551,8.433801e-02,6.327441e-02,9.680627e-01,1.258183e-01,4.473702e-03,-3.075401e-03,2.003257e-02,5.041794e-02
0.76000,0.540058,0.489530,8.467640e-02,6.358304e-02,9.680463e-01,1.258206e-01,4.449219e-03,-3.092228e-03,2.003678e-02,5.045758e-02
0.76250,0.539751,0.489510,8.501453e-02,6.389201e-02,9.680301e-01,1.258228e-01,4.424976e-03,-3.108755e-03,2.004101e-02,5.049705e-02
0.76500,0.539443,0.489491,8.535243e-02,6.420130e-02,9.680141e-01,1.258251e-01,4.400971e-03,-3.125358e-03,2.004528e-02,5.053637e-02
0.76750,0.539135,0.489471,8.569007e-02,6.451093e-02,9.679983e-01,1.258274e-01,4.377211e-03,-3.141729e-03,2.004957e-02,5.057553e-02
0.77000,0.538826,0.489452,8.602746e-02,6.482088e-02,9.679824e-01,1.258297e-01,4.353721e-03,-3.158314e-03,2.005392e-02,5.061453e-02
0.77250,0.538517,0.489434,8.636461e-02,6.513116e-02,9.679666e-01,1.258321e-01,4.330423e-03,-3.175286e-03,2.005831e-02,5.065338e-02
0.77500,0.538208,0.489415,8.670150e-02,6.544176e-02,9.679506e-01,1.258344e-01,4.307267e-03,-3.192419e-03,2.006275e-02,5.069208e-02
0.77750,0.537898,0.489397,8.704020e-02,6.575268e-02,9.679343e-01,1.258367e-01,4.284214e-03,-3.209603e-03,2.006722e-02,5.073062e-02
0.78000,0.537587,0.489379,8.738199e-02,6.606393e-02,9.679179e-01,1.258390e-01,4.261295e-03,-3.226619e-03,2.007172e-02,5.076900e-02
0.78250,0.537277,0.489362,8.772354e-02,6.637549e-02,9.679014e-01,1.258414e-01,4.238334e-03,-3.243660e-03,2.007625e-02,5.080724e-02
0.78500,0.536965,0.489345,8.806485e-02,6.668738e-02,9.678850e-01,1.258437e-01,4.215233e-03,-3.260514e-03,2.008079e-02,5.084532e-02
0.78750,0.536654,0.489328,8.840592e-02,6.699957e-02,9.678687e-01,1.258460e-01,4.191963e-03,-3.277279e-03,2.008534e-02,5.088326e-02
0.79000,0.536342,0.489311,8.874674e-02,6.731209e-02,9.678528e-01,1.258484e-01,4.168491e-03,-3.293757e-03,2.008991e-02,5.092105e-02
0.79250,0.536029,0.489295,8.908732e-02,6.762491e-02,9.678372e-01,1.258507e-01,4.144921e-03,-3.310208e-03,2.009450e-02,5.095869e-02
0.79500,0.535717,0.489279,8.942764e-02,6.793804e-02,9.678222e-01,1.258531e-01,4.121430e-03,-3.327164e-03,2.009913e-02,5.099618e-02
0.79750,0.535403,0.489264,8.976772e-02,6.825148e-02,9.678078e-01,1.258554e-01,4.097969e-03,-3.344341e-03,2.010367e-02,5.103353e-02
0.80000,0.535090,0.489249,9.010754e-02,6.856523e-02,9.677939e-01,1.258578e-01,4.074439e-03,-3.361726e-03,2.010844e-02,5.107073e-02
0.80250,0.534776,0.489234,9.044709e-02,6.887928e-02,9.677805e-01,1.258602e-01,4.050791e-03,-3.379375e-03,2.011318e-02,5.110779e-02
0.80500,0.534461,0.489220,9.078639e-02,6.919364e-02,9.677676e-01,1.258626e-01,4.027022e-03,-3.397218e-03,2.011793e-02,5.114470e-02
0.80750,0.534146,0.489205,9.112541e-02,6.950830e-02,9.677550e-01,1.258649e-01,4.003292e-03,-3.414545e-03,2.012269e-02,5.118148e-02
0.81000,0.533831,0.489192,9.146417e-02,6.982326e-02,9.677429e-01,1.258673e-01,3.979801e-03,-3.431341e-03,2.012747e-02,5.121811e-02
0.81250,0.533516,0.489178,9.180266e-02,7.013851e-02,9.677310e-01,1.258697e-01,3.956491e-03,-3.447960e-03,2.013227e-02,5.125460e-02
0.81500,0.533200,0.489165,9.214089e-02,7.045406e-02,9.677194e-01,1.258721e-01,3.933383e-03,-3.464316e-03,2.013709e-02,5.129095e-02
0.81750,0.532883,0.489152,9.247884e-02,7.076991e-02,9.677080e-01,1.258745e-01,3.910376e-03,-3.480275e-03,2.014192e-02,5.132717e-02
0.82000,0.532567,0.489140,9.281651e-02,7.108605e-02,9.676970e-01,1.258769e-01,3.887504e-03,-3.496099e-03,2.014679e-02,5.136324e-02
0.82250,0.532249,0.489128,9.315391e-02,7.140248e-02,9.676862e-01,1.258793e-01,3.864699e-03,-3.511378e-03,2.015166e-02,5.139918e-02
0.82500,0.531932,0.489116,9.349104e-02,7.171920e-02,9.676756e-01,1.258817e-01,3.842068e-03,-3.526297e-03,2.015655e-02,5.143498e-02
0.82750,0.531614,0.489105,9.382789e-02,7.203620e-02,9.676652e-01,1.258842e-01,3.819788e-03,-3.541430e-03,2.016145e-02,5.147065e-02
0.83000,0.531296,0.489094,9.416446e-02,7.235350e-02,9.676549e-01,1.258866e-01,3.797565e-03,-3.556703e-03,2.016636e-02,5.150619e-02
0.83250,0.530977,0.489083,9.450076e-02,7.267108e-02,9.676449e-01,1.258890e-01,3.775386e-03,-3.572440e-03,2.017128e-02,5.154159e-02
0.83500,0.530658,0.489073,9.483678e-02,7.298894e-02,9.676350e-01,1.258914e-01,3.753236e-03,-3.588863e-03,2.017623e-02,5.157686e-02
0.83750,0.530339,0.489063,9.517253e-02,7.330709e-02,9.675764e-01,1.258939e-01,3.731051e-03,-3.605596e-03,2.018121e-02,5.161199e-02
0.84000,0.530019,0.489053,9.550799e-02,7.362551e-02,9.674781e-01,1.258963e-01,3.708663e-03,-3.622360e-03,2.018620e-02,5.164700e-02
0.84250,0.529699,0.489044,9.584318e-02,7.394422e-02,9.673799e-01,1.258987e-01,3.686187e-03,-3.638911e-03,2.019121e-02,5.168187e-02
0.84500,0.529378,0.489035,9.617807e-02,7.426320e-02,9.672820e-01,1.259012e-01,3.663752e-03,-3.655353e-03,2.019623e-02,5.171662e-02
0.84750,0.529057,0.489027,9.651268e-02,7.458246e-02,9.671845e-01,1.259036e-01,3.641400e-03,-3.671565e-03,2.020126e-02,5.175123e-02
0.85000,0.528736,0.489018,9.684700e-02,7.490199e-02,9.670876e-01,1.259061e-01,3.619099e-03,-3.687799e-03,2.020630e-02,5.178572e-02
0.85250,0.528415,0.489011,9.718103e-02,7.522179e-02,9.669912e-01,1.259085e-01,3.596763e-03,-3.703615e-03,2.021136e-02,5.182008e-02
0.85500,0.528093,0.489003,9.751477e-02,7.554186e-02,9.668954e-01,1.259110e-01,3.574531e-03,-3.719297e-03,2.021643e-02,5.185432e-02
0.85750,0.527770,0.488996,9.784821e-02,7.586221e-02,9.668004e-01,1.259134e-01,3.552410e-03,-3.735154e-03,2.022153e-02,5.188843e-02
0.86000,0.527448,0.488990,9.818135e-02,7.618282e-02,9.667064e-01,1.259159e-01,3.530209e-03,-3.750895e-03,2.022666e-02,5.192241e-02
0.86250,0.527125,0.488983,9.851420e-02,7.650370e-02,9.666135e-01,1.259183e-01,3.507969e-03,-3.766471e-03,2.023182e-02,5.195626e-02
0.86500,0.526801,0.488977,9.884675e-02,7.682484e-02,9.665217e-01,1.259208e-01,3.485746e-03,-3.782138e-03,2.023701e-02,5.199000e-02
0.86750,0.526478,0.488972,9.917900e-02,7.714625e-02,9.664308e-01,1.259233e-01,3.463667e-03,-3.798141e-03,2.024223e-02,5.202360e-02
0.87000,0.526154,0.488967,9.951096e-02,7.746791e-02,9.663407e-01,1.259257e-01,3.441743e-03,-3.814006e-03,2.024746e-02,5.205709e-02
0.87250,0.525829,0.488962,9.984262e-02,7.778984e-02,9.662510e-01,1.259282e-01,3.419924e-03,-3.829439e-03,2.025269e-02,5.209045e-02
0.87500,0.525505,0.488958,1.001740e-01,7.811203e-02,9.661618e-01,1.259307e-01,3.398095e-03,-3.844814e-03,2.025792e-02,5.212369e-02
0.87750,0.525180,0.488954,1.005050e-01,7.843448e-02,9.660727e-01,1.259331e-01,3.376173e-03,-3.859862e-03,2.026316e-02,5.215681e-02
0.88000,0.524854,0.488950,1.008358e-01,7.875718e-02,9.659839e-01,1.259356e-01,3.354145e-03,-3.874831e-03,2.026840e-02,5.218981e-02
0.88250,0.524529,0.488947,1.011662e-01,7.908014e-02,9.658950e-01,1.259381e-01,3.332240e-03,-3.889739e-03,2.027364e-02,5.222269e-02
0.88500,0.524203,0.488944,1.014964e-01,7.940335e-02,9.658060e-01,1.259406e-01,3.310662e-03,-3.904634e-03,2.027889e-02,5.225546e-02
0.88750,0.523876,0.488942,1.018262e-01,7.972681e-02,9.657166e-01,1.259431e-01,3.289221e-03,-3.919708e-03,2.028412e-02,5.228810e-02
0.89000,0.523550,0.488939,1.021558e-01,8.005053e-02,9.656268e-01,1.259455e-01,3.267966e-03,-3.935101e-03,2.028934e-02,5.232063e-02
0.89250,0.523223,0.488938,1.024850e-01,8.037449e-02,9.655363e-01,1.259480e-01,3.246768e-03,-3.950581e-03,2.029455e-02,5.235305e-02
0.89500,0.522895,0.488937,1.028139e-01,8.069870e-02,9.654453e-01,1.259505e-01,3.225512e-03,-3.965908e-03,2.029978e-02,5.238535e-02
0.89750,0.522568,0.488936,1.031426e-01,8.102316e-02,9.653539e-01,1.259530e-01,3.204328e-03,-3.981400e-03,2.030504e-02,5.241753e-02
0.90000,0.522240,0.488935,1.034709e-01,8.134786e-02,9.652621e-01,1.259555e-01,3.183130e-03,-3.996969e-03,2.031032e-02,5.244960e-02
0.90250,0.521911,0.488935,1.037989e-01,8.167280e-02,9.651702e-01,1.259580e-01,3.161982e-03,-4.012811e-03,2.031562e-02,5.248155e-02
0.90500,0.521583,0.488935,1.041265e-01,8.199799e-02,9.650785e-01,1.259605e-01,3.140977e-03,-4.028421e-03,2.032093e-02,5.251340e-02
0.90750,0.521254,0.488936,1.044573e-01,8.232342e-02,9.649872e-01,1.259630e-01,3.120114e-03,-4.043486e-03,2.032625e-02,5.254513e-02
0.91000,0.520925,0.488937,1.047905e-01,8.264909e-02,9.648964e-01,1.259655e-01,3.099511e-03,-4.058273e-03,2.033157e-02,5.257674e-02
0.91250,0.520595,0.488939,1.051235e-01,8.297500e-02,9.648062e-01,1.259680e-01,3.079003e-03,-4.072935e-03,2.033691e-02,5.260825e-02
0.91500,0.520266,0.488941,1.054562e-01,8.330114e-02,9.647167e-01,1.259705e-01,3.058433e-03,-4.087012e-03,2.034226e-02,5.263964e-02
0.91750,0.519935,0.488943,1.057886e-01,8.362752e-02,9.646280e-01,1.259730e-01,3.037510e-03,-4.100705e-03,2.034762e-02,5.267092e-02
0.92000,0.519605,0.488946,1.061206e-01,8.395413e-02,9.645403e-01,1.259755e-01,3.016530e-03,-4.114404e-03,2.035299e-02,5.270209e-02
0.92250,0.519274,0.488949,1.064524e-01,8.428098e-02,9.644539e-01,1.259780e-01,2.995704e-03,-4.128591e-03,2.035837e-02,5.273314e-02
0.92500,0.518943,0.488953,1.067839e-01,8.460806e-02,9.643687e-01,1.259805e-01,2.974919e-03,-4.143499e-03,2.036378e-02,5.276409e-02
0.92750,0.518612,0.488957,1.071150e-01,8.493537e-02,9.642845e-01,1.259830e-01,2.954100e-03,-4.158762e-03,2.036921e-02,5.279493e-02
0.93000,0.518281,0.488961,1.074459e-01,8.526291e-02,9.642011e-01,1.259855e-01,2.933113e-03,-4.174163e-03,2.037465e-02,5.282566e-02
0.93250,0.517949,0.488966,1.077765e-01,8.559068e-02,9.641182e-01,1.259880e-01,2.911981e-03,-4.189406e-03,2.038009e-02,5.285629e-02
0.93500,0.517616,0.488971,1.081068e-01,8.591868e-02,9.640357e-01,1.259905e-01,2.890881e-03,-4.204193e-03,2.038551e-02,5.288680e-02
0.93750,0.517284,0.488977,1.084367e-01,8.624690e-02,9.639534e-01,1.259930e-01,2.869749e-03,-4.218720e-03,2.039093e-02,5.291721e-02
0.94000,0.516951,0.488983,1.087664e-01,8.657535e-02,9.638711e-01,1.259955e-01,2.848728e-03,-4.233312e-03,2.039632e-02,5.294752e-02
0.94250,0.516618,0.488989,1.090958e-01,8.690402e-02,9.637887e-01,1.259980e-01,2.827964e-03,-4.248369e-03,2.040170e-02,5.297772e-02
0.94500,0.516285,0.488996,1.094249e-01,8.723291e-02,9.637060e-01,1.260005e-01,2.807559e-03,-4.263752e-03,2.040709e-02,5.300782e-02
0.94750,0.515951,0.489003,1.097537e-01,8.756202e-02,9.636228e-01,1.260030e-01,2.787284e-03,-4.278780e-03,2.041246e-02,5.303781e-02
0.95000,0.515618,0.489011,1.100821e-01,8.789135e-02,9.635391e-01,1.260055e-01,2.767017e-03,-4.293293e-03,2.041782e-02,5.306770e-02
0.95250,0.515283,0.489019,1.104103e-01,8.822090e-02,9.634549e-01,1.260080e-01,2.746976e-03,-4.307373e-03,2.042318e-02,5.309749e-02
0.95500,0.514949,0.489028,1.107381e-01,8.855066e-02,9.633703e-01,1.260105e-01,2.727080e-03,-4.321336e-03,2.042853e-02,5.312717e-02
0.95750,0.514614,0.489037,1.110656e-01,8.888064e-02,9.632853e-01,1.260130e-01,2.707376e-03,-4.335645e-03,2.043389e-02,5.315675e-02
0.96000,0.514280,0.489047,1.113928e-01,8.921084e-02,9.632005e-01,1.260155e-01,2.687911e-03,-4.350046e-03,2.043927e-02,5.318624e-02
0.96250,0.513944,0.489057,1.117197e-01,8.954125e-02,9.631159e-01,1.260180e-01,2.668578e-03,-4.364352e-03,2.044467e-02,5.321562e-02
0.96500,0.513609,0.489067,1.120463e-01,8.987187e-02,9.630319e-01,1.260205e-01,2.649233e-03,-4.378661e-03,2.045009e-02,5.324490e-02
0.96750,0.513273,0.489078,1.123725e-01,9.020270e-02,9.629486e-01,1.260230e-01,2.629697e-03,-4.392496e-03,2.045552e-02,5.327407e-02
0.97000,0.512937,0.489089,1.126984e-01,9.053375e-02,9.628661e-01,1.260256e-01,2.610064e-03,-4.405585e-03,2.046095e-02,5.330315e-02
0.97250,0.512601,0.489101,1.130240e-01,9.086500e-02,9.627844e-01,1.260281e-01,2.590409e-03,-4.418408e-03,2.046636e-02,5.333213e-02
0.97500,0.512264,0.489113,1.133493e-01,9.119646e-02,9.627036e-01,1.260306e-01,2.570893e-03,-4.431221e-03,2.047178e-02,5.336100e-02
0.97750,0.511928,0.489125,1.136742e-01,9.152813e-02,9.626240e-01,1.260331e-01,2.551337e-03,-4.444252e-03,2.047718e-02,5.338978e-02
0.98000,0.511591,0.489138,1.139989e-01,9.186000e-02,9.625456e-01,1.260355e-01,2.531741e-03,-4.457554e-03,2.048257e-02,5.341846e-02
0.98250,0.511253,0.489152,1.143232e-01,9.219207e-02,9.624685e-01,1.260380e-01,2.511976e-03,-4.471111e-03,2.048797e-02,5.344704e-02
0.98500,0.510916,0.489165,1.146472e-01,9.252436e-02,9.623923e-01,1.260405e-01,2.491932e-03,-4.484759e-03,2.049338e-02,5.347553e-02
0.98750,0.510578,0.489180,1.149710e-01,9.285684e-02,9.623167e-01,1.260430e-01,2.471805e-03,-4.498898e-03,2.049880e-02,5.350391e-02
0.99000,0.510240,0.489195,1.152944e-01,9.318952e-02,9.622416e-01,1.260455e-01,2.451605e-03,-4.513272e-03,2.050423e-02,5.353220e-02
0.99250,0.509902,0.489210,1.156175e-01,9.352241e-02,9.621668e-01,1.260480e-01,2.431442e-03,-4.528131e-03,2.050967e-02,5.356040e-02
0.99500,0.509564,0.489225,1.159402e-01,9.385549e-02,9.620922e-01,1.260505e-01,2.411569e-03,-4.543571e-03,2.051511e-02,5.358850e-02
0.99750,0.509225,0.489242,1.162627e-01,9.418877e-02,9.620173e-01,1.260530e-01,2.391885e-03,-4.558910e-03,2.052052e-02,5.361650e-02
1.00000,0.508886,0.489258,1.165849e-01,9.452225e-02,9.619422e-01,1.260555e-01,2.372207e-03,-4.573813e-03,2.052591e-02,5.364441e-02
1.00250,0.508547,0.489275,1.169067e-01,9.485592e-02,9.618666e-01,1.260580e-01,2.352687e-03,-4.588143e-03,2.053127e-02,5.367223e-02
1.00500,0.508207,0.489293,1.172282e-01,9.518978e-02,9.617905e-01,1.260605e-01,2.333397e-03,-4.602031e-03,2.053662e-02,5.369995e-02
1.00750,0.507868,0.489311,1.175494e-01,9.552384e-02,9.617139e-01,1.260629e-01,2.314396e-03,-4.615936e-03,2.054197e-02,5.372758e-02
1.01000,0.507528,0.489329,1.178703e-01,9.585810e-02,9.616368e-01,1.260654e-01,2.295668e-03,-4.629692e-03,2.054731e-02,5.375512e-02
1.01250,0.507188,0.489348,1.181909e-01,9.619254e-02,9.615593e-01,1.260679e-01,2.277188e-03,-4.642944e-03,2.055263e-02,5.378257e-02
1.01500,0.506847,0.489367,1.185111e-01,9.652717e-02,9.614820e-01,1.260704e-01,2.259068e-03,-4.655963e-03,2.055795e-02,5.380992e-02
1.01750,0.506507,0.489387,1.188310e-01,9.686200e-02,9.614051e-01,1.260729e-01,2.241113e-03,-4.668715e-03,2.056326e-02,5.383718e-02
1.02000,0.506166,0.489407,1.191505e-01,9.719701e-02,9.613288e-01,1.260753e-01,2.222994e-03,-4.681241e-03,2.056858e-02,5.386435e-02
1.02250,0.505825,0.489428,1.194698e-01,9.753220e-02,9.612533e-01,1.260778e-01,2.204504e-03,-4.693555e-03,2.057391e-02,5.389143e-02
1.02500,0.505484,0.489449,1.197887e-01,9.786759e-02,9.611786e-01,1.260803e-01,2.185945e-03,-4.705907e-03,2.057924e-02,5.391842e-02
1.02750,0.505142,0.489471,1.201072e-01,9.820316e-02,9.611047e-01,1.260828e-01,2.167539e-03,-4.718433e-03,2.058458e-02,5.394531e-02
1.03000,0.504801,0.489493,1.204255e-01,9.853891e-02,9.610320e-01,1.260852e-01,2.149278e-03,-4.731249e-03,2.058991e-02,5.397212e-02
1.03250,0.504459,0.489516,1.207434e-01,9.887485e-02,9.609606e-01,1.260877e-01,2.131073e-03,-4.743961e-03,2.059523e-02,5.399884e-02
1.03500,0.504117,0.489539,1.210620e-01,9.921097e-02,9.608906e-01,1.260902e-01,2.112590e-03,-4.756525e-03,2.060053e-02,5.402546e-02
1.03750,0.503774,0.489562,1.213863e-01,9.954727e-02,9.608218e-01,1.260926e-01,2.093811e-03,-4.768871e-03,2.060581e-02,5.405200e-02
1.04000,0.503432,0.489586,1.217104e-01,9.988376e-02,9.607538e-01,1.260951e-01,2.075022e-03,-4.780925e-03,2.061106e-02,5.407845e-02
1.04250,0.503089,0.489611,1.220341e-01,1.002204e-01,9.606865e-01,1.260975e-01,2.056219e-03,-4.792982e-03,2.061629e-02,5.410481e-02
1.04500,0.502746,0.489636,1.223575e-01,1.005573e-01,9.606196e-01,1.261000e-01,2.037537e-03,-4.805677e-03,2.062152e-02,5.413108e-02
1.04750,0.502403,0.489661,1.226806e-01,1.008943e-01,9.605529e-01,1.261024e-01,2.019093e-03,-4.819452e-03,2.062676e-02,5.415727e-02
1.05000,0.502060,0.489687,1.230034e-01,1.012315e-01,9.604861e-01,1.261049e-01,2.000729e-03,-4.833955e-03,2.063201e-02,5.418337e-02
1.05250,0.501716,0.489714,1.233259e-01,1.015688e-01,9.604188e-01,1.261073e-01,1.982266e-03,-4.848657e-03,2.063727e-02,5.420939e-02
1.05500,0.501373,0.489741,1.236481e-01,1.019064e-01,9.603511e-01,1.261098e-01,1.963698e-03,-4.863457e-03,2.064254e-02,5.423532e-02
1.05750,0.501029,0.489768,1.239700e-01,1.022441e-01,9.602829e-01,1.261122e-01,1.945074e-03,-4.878067e-03,2.064780e-02,5.426116e-02
1.06000,0.500685,0.489796,1.242915e-01,1.025820e-01,9.602141e-01,1.261147e-01,1.926731e-03,-4.892454e-03,2.065304e-02,5.428691e-02
1.06250,0.500340,0.489824,1.246128e-01,1.029201e-01,9.601448e-01,1.261171e-01,1.908696e-03,-4.906246e-03,2.065826e-02,5.431259e-02
1.06500,0.499996,0.489853,1.249337e-01,1.032583e-01,9.600753e-01,1.261195e-01,1.891001e-03,-4.919402e-03,2.066344e-02,5.433817e-02
1.06750,0.499651,0.489882,1.252544e-01,1.035967e-01,9.600059e-01,1.261220e-01,1.873579e-03,-4.932319e-03,2.066860e-02,5.436368e-02
1.07000,0.499306,0.489912,1.255747e-01,1.039353e-01,9.599371e-01,1.261244e-01,1.856182e-03,-4.944946e-03,2.067376e-02,5.438909e-02
1.07250,0.498961,0.489942,1.258947e-01,1.042740e-01,9.598691e-01,1.261268e-01,1.838552e-03,-4.956586e-03,2.067889e-02,5.441443e-02
1.07500,0.498616,0.489973,1.262144e-01,1.046129e-01,9.598020e-01,1.261292e-01,1.820876e-03,-4.967586e-03,2.068397e-02,5.443968e-02
1.07750,0.498271,0.490005,1.265338e-01,1.049520e-01,9.597357e-01,1.261317e-01,1.803363e-03,-4.978706e-03,2.068904e-02,5.446484e-02
1.08000,0.497925,0.490036,1.268528e-01,1.052912e-01,9.596703e-01,1.261341e-01,1.786085e-03,-4.990300e-03,2.069410e-02,5.448993e-02
1.08250,0.497579,0.490069,1.271716e-01,1.056306e-01,9.596062e-01,1.261365e-01,1.768745e-03,-5.002279e-03,2.069917e-02,5.451493e-02
1.08500,0.497234,0.490102,1.274900e-01,1.059702e-01,9.595437e-01,1.261389e-01,1.751344e-03,-5.014338e-03,2.070424e-02,5.453985e-02
1.08750,0.496887,0.490135,1.278081e-01,1.063099e-01,9.594826e-01,1.261413e-01,1.733764e-03,-5.026307e-03,2.070930e-02,5.456468e-02
1.09000,0.496541,0.490169,1.281259e-01,1.066498e-01,9.594227e-01,1.261437e-01,1.715992e-03,-5.038173e-03,2.071434e-02,5.458944e-02
1.09250,0.496195,0.490203,1.284434e-01,1.069899e-01,9.593634e-01,1.261461e-01,1.698220e-03,-5.049840e-03,2.071936e-02,5.461411e-02
1.09500,0.495848,0.490238,1.287606e-01,1.073301e-01,9.593048e-01,1.261485e-01,1.680701e-03,-5.061635e-03,2.072435e-02,5.463871e-02
1.09750,0.495501,0.490273,1.290775e-01,1.076705e-01,9.592464e-01,1.261509e-01,1.663498e-03,-5.073808e-03,2.072932e-02,5.466322e-02
1.10000,0.495154,0.490309,1.293940e-01,1.080110e-01,9.591879e-01,1.261533e-01,1.646434e-03,-5.086378e-03,2.073426e-02,5.468766e-02
1.10250,0.494807,0.490345,1.297103e-01,1.083517e-01,9.591291e-01,1.261557e-01,1.629268e-03,-5.098793e-03,2.073919e-02,5.471201e-02
1.10500,0.494460,0.490382,1.300262e-01,1.086926e-01,9.590698e-01,1.261581e-01,1.612254e-03,-5.111102e-03,2.074410e-02,5.473629e-02
1.10750,0.494113,0.490419,1.303418e-01,1.090336e-01,9.590099e-01,1.261605e-01,1.595224e-03,-5.123469e-03,2.074900e-02,5.476049e-02
1.11000,0.493765,0.490457,1.306572e-01,1.093747e-01,9.589495e-01,1.261628e-01,1.578135e-03,-5.136176e-03,2.075390e-02,5.478460e-02
1.11250,0.493417,0.490495,1.309722e-01,1.097160e-01,9.588886e-01,1.261652e-01,1.560968e-03,-5.149233e-03,2.075881e-02,5.480864e-02
1.11500,0.493069,0.490534,1.312869e-01,1.100575e-01,9.588274e-01,1.261676e-01,1.543862e-03,-5.162491e-03,2.076373e-02,5.483260e-02
1.11750,0.492721,0.490574,1.316012e-01,1.103991e-01,9.587664e-01,1.261699e-01,1.526771e-03,-5.175849e-03,2.076865e-02,5.485648e-02
1.12000,0.492373,0.490614,1.319153e-01,1.107409e-01,9.587059e-01,1.261723e-01,1.509779e-03,-5.189200e-03,2.077357e-02,5.488029e-02
1.12250,0.492025,0.490654,1.322291e-01,1.110828e-01,9.586462e-01,1.261747e-01,1.492674e-03,-5.201831e-03,2.077847e-02,5.490401e-02
1.12500,0.491676,0.490695,1.325425e-01,1.114249e-01,9.585873e-01,1.261770e-01,1.475512e-03,-5.213662e-03,2.078333e-02,5.492766e-02
1.12750,0.491328,0.490736,1.328557e-01,1.117671e-01,9.585293e-01,1.261794e-01,1.458531e-03,-5.225436e-03,2.078814e-02,5.495122e-02
1.13000,0.490979,0.490778,1.331685e-01,1.121095e-01,9.584722e-01,1.261817e-01,1.441752e-03,-5.237192e-03,2.079291e-02,5.497472e-02
1.13250,0.490630,0.490821,1.334810e-01,1.124520e-01,9.584165e-01,1.261841e-01,1.425073e-03,-5.248602e-03,2.079764e-02,5.499813e-02
1.13500,0.490281,0.490864,1.337932e-01,1.127947e-01,9.583624e-01,1.261864e-01,1.408266e-03,-5.259519e-03,2.080233e-02,5.502147e-02
1.13750,0.489931,0.490907,1.341050e-01,1.131375e-01,9.583098e-01,1.261887e-01,1.391361e-03,-5.269842e-03,2.080698e-02,5.504474e-02
1.14000,0.489582,0.490951,1.344166e-01,1.134805e-01,9.582583e-01,1.261911e-01,1.374386e-03,-5.280104e-03,2.081161e-02,5.506793e-02
1.14250,0.489233,0.490996,1.347278e-01,1.138236e-01,9.582075e-01,1.261934e-01,1.357413e-03,-5.290814e-03,2.081623e-02,5.509104e-02
1.14500,0.488883,0.491041,1.350388e-01,1.141668e-01,9.581572e-01,1.261957e-01,1.340813e-03,-5.302391e-03,2.082085e-02,5.511409e-02
1.14750,0.488533,0.491087,1.353494e-01,1.145102e-01,9.581070e-01,1.261980e-01,1.324534e-03,-5.314443e-03,2.082546e-02,5.513706e-02
1.15000,0.488183,0.491133,1.356597e-01,1.148538e-01,9.580567e-01,1.262003e-01,1.308375e-03,-5.326755e-03,2.083005e-02,5.515995e-02
1.15250,0.487833,0.491180,1.359697e-01,1.151975e-01,9.580059e-01,1.262027e-01,1.292274e-03,-5.338792e-03,2.083463e-02,5.518277e-02
1.15500,0.487483,0.491227,1.362803e-01,1.155413e-01,9.579546e-01,1.262050e-01,1.276363e-03,-5.350626e-03,2.083919e-02,5.520552e-02
1.15750,0.487133,0.491275,1.365976e-01,1.158852e-01,9.579027e-01,1.262073e-01,1.260659e-03,-5.362062e-03,2.084372e-02,5.522819e-02
1.16000,0.486782,0.491323,1.369146e-01,1.162293e-01,9.578505e-01,1.262096e-01,1.245026e-03,-5.373280e-03,2.084822e-02,5.525079e-02
1.16250,0.486432,0.491372,1.372313e-01,1.165736e-01,9.577978e-01,1.262119e-01,1.229399e-03,-5.384077e-03,2.085268e-02,5.527332e-02
1.16500,0.486081,0.491421,1.375477e-01,1.169180e-01,9.577451e-01,1.262142e-01,1.213899e-03,-5.394782e-03,2.085712e-02,5.529577e-02
1.16750,0.485730,0.491471,1.378638e-01,1.172625e-01,9.576928e-01,1.262164e-01,1.198295e-03,-5.405653e-03,2.086156e-02,5.531815e-02
1.17000,0.485379,0.491521,1.381796e-01,1.176071e-01,9.576413e-01,1.262187e-01,1.182499e-03,-5.416772e-03,2.086599e-02,5.534046e-02
1.17250,0.485028,0.491572,1.384951e-01,1.179519e-01,9.575907e-01,1.262210e-01,1.166467e-03,-5.427918e-03,2.087042e-02,5.536270e-02
1.17500,0.484677,0.491624,1.388103e-01,1.182969e-01,9.575409e-01,1.262233e-01,1.150403e-03,-5.439173e-03,2.087484e-02,5.538486e-02
1.17750,0.484326,0.491676,1.391252e-01,1.186419e-01,9.574920e-01,1.262255e-01,1.134354e-03,-5.451129e-03,2.087924e-02,5.540695e-02
1.18000,0.483975,0.491728,1.394398e-01,1.189871e-01,9.574444e-01,1.262278e-01,1.118157e-03,-5.463263e-03,2.088363e-02,5.542897e-02
1.18250,0.483623,0.491782,1.397541e-01,1.193324e-01,9.573984e-01,1.262301e-01,1.101849e-03,-5.475364e-03,2.088799e-02,5.545092e-02
1.18500,0.483272,0.491835,1.400681e-01,1.196779e-01,9.573540e-01,1.262323e-01,1.085413e-03,-5.487095e-03,2.089232e-02,5.547280e-02
1.18750,0.482920,0.491889,1.403818e-01,1.200235e-01,9.573108e-01,1.262346e-01,1.068934e-03,-5.498075e-03,2.089661e-02,5.549460e-02
1.19000,0.482568,0.491944,1.406952e-01,1.203692e-01,9.572683e-01,1.262368e-01,1.052533e-03,-5.508507e-03,2.090085e-02,5.551634e-02
1.19250,0.482216,0.492000,1.410083e-01,1.207151e-01,9.572264e-01,1.262391e-01,1.036369e-03,-5.518990e-03,2.090502e-02,5.553801e-02
1.19500,0.481864,0.492055,1.413211e-01,1.210611e-01,9.571846e-01,1.262413e-01,1.020534e-03,-5.530054e-03,2.090900e-02,5.555962e-02
1.19750,0.481512,0.492112,1.416336e-01,1.214072e-01,9.571427e-01,1.262435e-01,1.004931e-03,-5.541272e-03,2.091310e-02,5.558115e-02
1.20000,0.481160,0.492169,1.419458e-01,1.217534e-01,9.571002e-01,1.262458e-01,9.892521e-04,-5.552322e-03,2.091717e-02,5.560261e-02
1.20250,0.480807,0.492226,1.422577e-01,1.220998e-01,9.570571e-01,1.262480e-01,9.735604e-04,-5.563131e-03,2.092122e-02,5.562401e-02
1.20500,0.480455,0.492284,1.425694e-01,1.224463e-01,9.570135e-01,1.262502e-01,9.579281e-04,-5.574154e-03,2.092527e-02,5.564534e-02
1.20750,0.480102,0.492343,1.428807e-01,1.227929e-01,9.569694e-01,1.262524e-01,9.425192e-04,-5.585332e-03,2.092931e-02,5.566660e-02
1.21000,0.479750,0.492402,1.431917e-01,1.231397e-01,9.569250e-01,1.262546e-01,9.273263e-04,-5.596348e-03,2.093335e-02,5.568780e-02
1.21250,0.479397,0.492462,1.435025e-01,1.234866e-01,9.568806e-01,1.262568e-01,9.123964e-04,-5.606977e-03,2.093736e-02,5.570892e-02
1.21500,0.479044,0.492522,1.438130e-01,1.238336e-01,9.568367e-01,1.262590e-01,8.977306e-04,-5.617145e-03,2.094133e-02,5.572998e-02
1.21750,0.478691,0.492583,1.441231e-01,1.241807e-01,9.567935e-01,1.262612e-01,8.829719e-04,-5.626994e-03,2.094526e-02,5.575097e-02
1.22000,0.478338,0.492645,1.444330e-01,1.245280e-01,9.567513e-01,1.262634e-01,8.682434e-04,-5.636256e-03,2.094915e-02,5.577189e-02
1.22250,0.477985,0.492707,1.447426e-01,1.248753e-01,9.567099e-01,1.262656e-01,8.536219e-04,-5.645325e-03,2.095300e-02,5.579274e-02
1.22500,0.477632,0.492769,1.450518e-01,1.252228e-01,9.566695e-01,1.262678e-01,8.391311e-04,-5.654824e-03,2.095681e-02,5.581353e-02
1.22750,0.477279,0.492832,1.453608e-01,1.255705e-01,9.566304e-01,1.262700e-01,8.245409e-04,-5.664990e-03,2.096061e-02,5.583425e-02
1.23000,0.476926,0.492896,1.456695e-01,1.259182e-01,9.565931e-01,1.262722e-01,8.097591e-04,-5.675256e-03,2.096437e-02,5.585490e-02
1.23250,0.476572,0.492960,1.459779e-01,1.262661e-01,9.565572e-01,1.262743e-01,7.946846e-04,-5.685538e-03,2.096813e-02,5.587549e-02
1.23500,0.476219,0.493025,1.462860e-01,1.266140e-01,9.565224e-01,1.262765e-01,7.792722e-04,-5.696114e-03,2.097189e-02,5.589602e-02
1.23750,0.475865,0.493090,1.465937e-01,1.269621e-01,9.564882e-01,1.262787e-01,7.636182e-04,-5.706937e-03,2.097564e-02,5.591647e-02
1.24000,0.475512,0.493156,1.469012e-01,1.273104e-01,9.564544e-01,1.262808e-01,7.479626e-04,-5.717829e-03,2.097936e-02,5.593687e-02
1.24250,0.475158,0.493223,1.472084e-01,1.276587e-01,9.564206e-01,1.262830e-01,7.325388e-04,-5.729025e-03,2.098305e-02,5.595720e-02
1.24500,0.474804,0.493290,1.475153e-01,1.280072e-01,9.563864e-01,1.262851e-01,7.173500e-04,-5.740792e-03,2.098669e-02,5.597746e-02
1.24750,0.474450,0.493357,1.478219e-01,1.283557e-01,9.563514e-01,1.262873e-01,7.023169e-04,-5.752160e-03,2.099029e-02,5.599766e-02
1.25000,0.474096,0.493426,1.481283e-01,1.287044e-01,9.563159e-01,1.262894e-01,6.873945e-04,-5.762974e-03,2.099386e-02,5.601780e-02
1.25250,0.473742,0.493494,1.484343e-01,1.290532e-01,9.562799e-01,1.262916e-01,6.726151e-04,-5.773537e-03,2.099737e-02,5.603788e-02
1.25500,0.473388,0.493564,1.487400e-01,1.294022e-01,9.562435e-01,1.262937e-01,6.579758e-04,-5.783546e-03,2.100085e-02,5.605789e-02
1.25750,0.473034,0.493634,1.490455e-01,1.297512e-01,9.562068e-01,1.262958e-01,6.433372e-04,-5.792853e-03,2.100428e-02,5.607784e-02
1.26000,0.472680,0.493704,1.493506e-01,1.301004e-01,9.561705e-01,1.262979e-01,6.288582e-04,-5.801834e-03,2.100766e-02,5.609772e-02
1.26250,0.472326,0.493775,1.496555e-01,1.304496e-01,9.561349e-01,1.263001e-01,6.146276e-04,-5.810978e-03,2.101103e-02,5.611754e-02
1.26500,0.471971,0.493847,1.499630e-01,1.307990e-01,9.561001e-01,1.263022e-01,6.003791e-04,-5.820370e-03,2.101437e-02,5.613730e-02
1.26750,0.471617,0.493919,1.502761e-01,1.311485e-01,9.560663e-01,1.263043e-01,5.860212e-04,-5.829613e-03,2.101771e-02,5.615700e-02
1.27000,0.471263,0.493992,1.505888e-01,1.314981e-01,9.560333e-01,1.263064e-01,5.716525e-04,-5.839189e-03,2.102102e-02,5.617663e-02
1.27250,0.470908,0.494065,1.509013e-01,1.318478e-01,9.560015e-01,1.263085e-01,5.573980e-04,-5.848884e-03,2.102430e-02,5.619620e-02
1.27500,0.470554,0.494139,1.512135e-01,1.321976e-01,9.559714e-01,1.263106e-01,5.432342e-04,-5.858661e-03,2.102755e-02,5.621571e-02
1.27750,0.470199,0.494214,1.515254e-01,1.325476e-01,9.559429e-01,1.263127e-01,5.291543e-04,-5.868306e-03,2.103074e-02,5.623516e-02
1.28000,0.469844,0.494289,1.518371e-01,1.328976e-01,9.559155e-01,1.263147e-01,5.150371e-04,-5.877659e-03,2.103389e-02,5.625455e-02
1.28250,0.469490,0.494365,1.521484e-01,1.332478e-01,9.558888e-01,1.263168e-01,5.009033e-04,-5.886821e-03,2.103700e-02,5.627387e-02
1.28500,0.469135,0.494441,1.524595e-01,1.335981e-01,9.558626e-01,1.263189e-01,4.867396e-04,-5.895706e-03,2.104006e-02,5.629314e-02
1.28750,0.468780,0.494518,1.527703e-01,1.339484e-01,9.558363e-01,1.263210e-01,4.726711e-04,-5.904569e-03,2.104307e-02,5.631235e-02
1.29000,0.468425,0.494595,1.530808e-01,1.342989e-01,9.558097e-01,1.263230e-01,4.586835e-04,-5.913454e-03,2.104604e-02,5.633149e-02
1.29250,0.468070,0.494673,1.533911e-01,1.346495e-01,9.557823e-01,1.263251e-01,4.448065e-04,-5.922903e-03,2.104898e-02,5.635058e-02
1.29500,0.467715,0.494752,1.537011e-01,1.350002e-01,9.557542e-01,1.263271e-01,4.309528e-04,-5.932705e-03,2.105192e-02,5.636961e-02
1.29750,0.467360,0.494831,1.540108e-01,1.353510e-01,9.557257e-01,1.263292e-01,4.170805e-04,-5.942936e-03,2.105488e-02,5.638858e-02
1.30000,0.467005,0.494911,1.543202e-01,1.357019e-01,9.556967e-01,1.263312e-01,4.032580e-04,-5.954264e-03,2.105787e-02,5.640748e-02
1.30250,0.466650,0.494992,1.546293e-01,1.360529e-01,9.556675e-01,1.263333e-01,3.894423e-04,-5.965330e-03,2.106085e-02,5.642633e-02
1.30500,0.466295,0.495073,1.549382e-01,1.364041e-01,9.556385e-01,1.263353e-01,3.756718e-04,-5.975513e-03,2.106379e-02,5.644512e-02
1.30750,0.465940,0.495154,1.552468e-01,1.367553e-01,9.556103e-01,1.263373e-01,3.617852e-04,-5.984731e-03,2.106667e-02,5.646385e-02
1.31000,0.465585,0.495237,1.555551e-01,1.371066e-01,9.555830e-01,1.263394e-01,3.477201e-04,-5.993583e-03,2.106948e-02,5.648252e-02
1.31250,0.465229,0.495319,1.558632e-01,1.374581e-01,9.555566e-01,1.263414e-01,3.337994e-04,-6.001899e-03,2.107222e-02,5.650113e-02
1.31500,0.464874,0.495403,1.561709e-01,1.378096e-01,9.555310e-01,1.263434e-01,3.200756e-04,-6.009945e-03,2.107489e-02,5.651968e-02
1.31750,0.464519,0.495487,1.564784e-01,1.381612e-01,9.555065e-01,1.263454e-01,3.063567e-04,-6.018249e-03,2.107750e-02,5.653818e-02
1.32000,0.464164,0.495571,1.567856e-01,1.385130e-01,9.554838e-01,1.263474e-01,2.926952e-04,-6.026314e-03,2.108007e-02,5.655661e-02
1.32250,0.463808,0.495657,1.570926e-01,1.388648e-01,9.554626e-01,1.263494e-01,2.791906e-04,-6.034113e-03,2.108258e-02,5.657500e-02
1.32500,0.463453,0.495742,1.573993e-01,1.392168e-01,9.554425e-01,1.263514e-01,2.655434e-04,-6.042148e-03,2.108507e-02,5.659332e-02
1.32750,0.463097,0.495829,1.577057e-01,1.395688e-01,9.554231e-01,1.263534e-01,2.518514e-04,-6.050623e-03,2.108754e-02,5.661159e-02
1.33000,0.462742,0.495916,1.580118e-01,1.399210e-01,9.554039e-01,1.263554e-01,2.381067e-04,-6.059723e-03,2.109001e-02,5.662980e-02
1.33250,0.462386,0.496003,1.583177e-01,1.402732e-01,9.553848e-01,1.263574e-01,2.243415e-04,-6.069287e-03,2.109245e-02,5.664796e-02
1.33500,0.462031,0.496092,1.586233e-01,1.406256e-01,9.553651e-01,1.263593e-01,2.107987e-04,-6.079094e-03,2.109484e-02,5.666606e-02
1.33750,0.461675,0.496180,1.589286e-01,1.409780e-01,9.553446e-01,1.263613e-01,1.974232e-04,-6.088798e-03,2.109720e-02,5.668411e-02
1.34000,0.461320,0.496270,1.592337e-01,1.413306e-01,9.553233e-01,1.263633e-01,1.842264e-04,-6.098412e-03,2.109951e-02,5.670210e-02
1.34250,0.460964,0.496360,1.595384e-01,1.416832e-01,9.553016e-01,1.263652e-01,1.710662e-04,-6.107212e-03,2.110177e-02,5.672004e-02
1.34500,0.460609,0.496450,1.598430e-01,1.420360e-01,9.552795e-01,1.263672e-01,1.580491e-04,-6.115526e-03,2.110398e-02,5.673792e-02
1.34750,0.460253,0.496542,1.601472e-01,1.423888e-01,9.552573e-01,1.263691e-01,1.451827e-04,-6.123924e-03,2.110614e-02,5.675575e-02
1.35000,0.459898,0.496634,1.604512e-01,1.427418e-01,9.552355e-01,1.263711e-01,1.324849e-04,-6.132094e-03,2.110826e-02,5.677352e-02
1.35250,0.459542,0.496726,1.607549e-01,1.430948e-01,9.552144e-01,1.263730e-01,1.197624e-04,-6.139497e-03,2.111034e-02,5.679123e-02
1.35500,0.459186,0.496819,1.610583e-01,1.434479e-01,9.551944e-01,1.263750e-01,1.064623e-04,-6.146643e-03,2.111240e-02,5.680889e-02
1.35750,0.458831,0.496913,1.613614e-01,1.438012e-01,9.551752e-01,1.263769e-01,9.293741e-05,-6.154526e-03,2.111447e-02,5.682650e-02
1.36000,0.458475,0.497007,1.616643e-01,1.441545e-01,9.551569e-01,1.263788e-01,7.943112e-05,-6.162942e-03,2.111654e-02,5.684405e-02
1.36250,0.458119,0.497102,1.619688e-01,1.445079e-01,9.551398e-01,1.263808e-01,6.592756e-05,-6.172276e-03,2.111859e-02,5.686154e-02
1.36500,0.457764,0.497197,1.622806e-01,1.448614e-01,9.551244e-01,1.263827e-01,5.234300e-05,-6.182261e-03,2.112063e-02,5.687898e-02
1.36750,0.457408,0.497294,1.625922e-01,1.452150e-01,9.551105e-01,1.263846e-01,3.885961e-05,-6.191794e-03,2.112263e-02,5.689637e-02
1.37000,0.457052,0.497390,1.629036e-01,1.455687e-01,9.550974e-01,1.263865e-01,2.535164e-05,-6.200902e-03,2.112458e-02,5.691370e-02
1.37250,0.456697,0.497488,1.632147e-01,1.459225e-01,9.550848e-01,1.263884e-01,1.198407e-05,-6.209455e-03,2.112647e-02,5.693098e-02
1.37500,0.456341,0.497586,1.635255e-01,1.462764e-01,9.550724e-01,1.263903e-01,-1.298719e-06,-6.217242e-03,2.112829e-02,5.694821e-02
1.37750,0.455985,0.497684,1.638361e-01,1.466304e-01,9.550597e-01,1.263922e-01,-1.432092e-05,-6.224743e-03,2.113003e-02,5.696539e-02
1.38000,0.455630,0.497783,1.641464e-01,1.469845e-01,9.550463e-01,1.263941e-01,-2.716607e-05,-6.232640e-03,2.113168e-02,5.698251e-02
1.38250,0.455274,0.497883,1.644565e-01,1.473387e-01,9.550320e-01,1.263960e-01,-3.976259e-05,-6.240576e-03,2.113328e-02,5.699959e-02
1.38500,0.454918,0.497984,1.647663e-01,1.476929e-01,9.550170e-01,1.263979e-01,-5.231589e-05,-6.248494e-03,2.113484e-02,5.701661e-02
1.38750,0.454563,0.498085,1.650759e-01,1.480473e-01,9.550016e-01,1.263998e-01,-6.475626e-05,-6.256276e-03,2.113636e-02,5.703359e-02
1.39000,0.454207,0.498187,1.653852e-01,1.484017e-01,9.549860e-01,1.264016e-01,-7.717699e-05,-6.264154e-03,2.113787e-02,5.705051e-02
1.39250,0.453851,0.498289,1.656942e-01,1.487562e-01,9.549705e-01,1.264035e-01,-8.956162e-05,-6.272342e-03,2.113938e-02,5.706738e-02
1.39500,0.453496,0.498392,1.660030e-01,1.491109e-01,9.549556e-01,1.264054e-01,-1.016657e-04,-6.280919e-03,2.114087e-02,5.708421e-02
1.39750,0.453140,0.498495,1.663115e-01,1.494656e-01,9.549416e-01,1.264072e-01,-1.134565e-04,-6.288981e-03,2.114233e-02,5.710098e-02
1.40000,0.452784,0.498600,1.666198e-01,1.498204e-01,9.549287e-01,1.264091e-01,-1.253457e-04,-6.296209e-03,2.114373e-02,5.711769e-02
1.40250,0.452429,0.498704,1.669278e-01,1.501753e-01,9.549166e-01,1.264109e-01,-1.373532e-04,-6.302694e-03,2.114507e-02,5.713436e-02
1.40500,0.452073,0.498810,1.672356e-01,1.505303e-01,9.549054e-01,1.264128e-01,-1.493949e-04,-6.308557e-03,2.114635e-02,5.715098e-02
1.40750,0.451717,0.498916,1.675431e-01,1.508853e-01,9.548957e-01,1.264146e-01,-1.616051e-04,-6.313854e-03,2.114755e-02,5.716755e-02
1.41000,0.451362,0.499023,1.678504e-01,1.512405e-01,9.548876e-01,1.264165e-01,-1.738364e-04,-6.319861e-03,2.114870e-02,5.718406e-02
1.41250,0.451006,0.499130,1.681574e-01,1.515957e-01,9.548807e-01,1.264183e-01,-1.860376e-04,-6.326479e-03,2.114981e-02,5.720053e-02
1.41500,0.450651,0.499238,1.684642e-01,1.519511e-01,9.548743e-01,1.264201e-01,-1.983589e-04,-6.333502e-03,2.115090e-02,5.721695e-02
1.41750,0.450295,0.499346,1.687707e-01,1.523065e-01,9.548682e-01,1.264220e-01,-2.109573e-04,-6.340840e-03,2.115197e-02,5.723332e-02
1.42000,0.449940,0.499456,1.690770e-01,1.526620e-01,9.548621e-01,1.264238e-01,-2.237735e-04,-6.348708e-03,2.115306e-02,5.724964e-02
1.42250,0.449584,0.499565,1.693830e-01,1.530176e-01,9.548553e-01,1.264256e-01,-2.367052e-04,-6.357272e-03,2.115417e-02,5.726592e-02
1.42500,0.449229,0.499676,1.696888e-01,1.533733e-01,9.548476e-01,1.264274e-01,-2.495393e-04,-6.366726e-03,2.115528e-02,5.728214e-02
1.42750,0.448873,0.499787,1.699943e-01,1.537291e-01,9.548390e-01,1.264292e-01,-2.621172e-04,-6.376506e-03,2.115634e-02,5.729832e-02
1.43000,0.448518,0.499899,1.702996e-01,1.540849e-01,9.548299e-01,1.264310e-01,-2.746676e-04,-6.385700e-03,2.115735e-02,5.731444e-02
1.43250,0.448162,0.500011,1.706046e-01,1.544409e-01,9.548206e-01,1.264328e-01,-2.870432e-04,-6.394107e-03,2.115829e-02,5.733053e-02
1.43500,0.447807,0.500124,1.709094e-01,1.547969e-01,9.548109e-01,1.264346e-01,-2.991972e-04,-6.402138e-03,2.115917e-02,5.734656e-02
1.43750,0.447452,0.500238,1.712139e-01,1.551530e-01,9.547746e-01,1.264364e-01,-3.112116e-04,-6.409493e-03,2.115998e-02,5.736254e-02
1.44000,0.447096,0.500352,1.715182e-01,1.555092e-01,9.547373e-01,1.264382e-01,-3.231922e-04,-6.416143e-03,2.116072e-02,5.737848e-02
1.44250,0.446741,0.500467,1.718222e-01,1.558655e-01,9.546993e-01,1.264400e-01,-3.352987e-04,-6.422414e-03,2.116140e-02,5.739437e-02
1.44500,0.446386,0.500583,1.721260e-01,1.562219e-01,9.546613e-01,1.264418e-01,-3.472942e-04,-6.428441e-03,2.116203e-02,5.741022e-02
1.44750,0.446031,0.500699,1.724296e-01,1.565783e-01,9.546243e-01,1.264435e-01,-3.590009e-04,-6.434461e-03,2.116261e-02,5.742602e-02
1.45000,0.445675,0.500816,1.727329e-01,1.569349e-01,9.545891e-01,1.264453e-01,-3.706518e-04,-6.440308e-03,2.116316e-02,5.744177e-02
1.45250,0.445320,0.500933,1.730359e-01,1.572915e-01,9.545562e-01,1.264471e-01,-3.824017e-04,-6.446765e-03,2.116368e-02,5.745747e-02
1.45500,0.444965,0.501051,1.733434e-01,1.576482e-01,9.545256e-01,1.264488e-01,-3.943518e-04,-6.453684e-03,2.116418e-02,5.747313e-02
1.45750,0.444610,0.501170,1.736511e-01,1.580050e-01,9.544972e-01,1.264506e-01,-4.062624e-04,-6.460280e-03,2.116464e-02,5.748875e-02
1.46000,0.444255,0.501289,1.739585e-01,1.583619e-01,9.544706e-01,1.264523e-01,-4.180976e-04,-6.467001e-03,2.116505e-02,5.750432e-02
1.46250,0.443900,0.501409,1.742662e-01,1.587188e-01,9.544454e-01,1.264541e-01,-4.300869e-04,-6.473398e-03,2.116541e-02,5.751984e-02
1.46500,0.443545,0.501530,1.745783e-01,1.590758e-01,9.544213e-01,1.264558e-01,-4.421462e-04,-6.479444e-03,2.116588e-02,5.753533e-02
1.46750,0.443190,0.501651,1.748901e-01,1.594330e-01,9.543975e-01,1.264575e-01,-4.541473e-04,-6.484559e-03,2.116611e-02,5.755076e-02
1.47000,0.442835,0.501773,1.752017e-01,1.597902e-01,9.543731e-01,1.264593e-01,-4.657702e-04,-6.490524e-03,2.116629e-02,5.756616e-02
1.47250,0.442481,0.501896,1.755131e-01,1.601474e-01,9.543474e-01,1.264610e-01,-4.770336e-04,-6.496789e-03,2.116642e-02,5.758151e-02
1.47500,0.442126,0.502019,1.758242e-01,1.605048e-01,9.543202e-01,1.264627e-01,-4.883622e-04,-6.503032e-03,2.116651e-02,5.759682e-02
1.47750,0.441771,0.502143,1.761351e-01,1.608622e-01,9.542914e-01,1.264645e-01,-4.998903e-04,-6.509147e-03,2.116655e-02,5.761208e-02
1.48000,0.441416,0.502268,1.764457e-01,1.612198e-01,9.542613e-01,1.264662e-01,-5.113029e-04,-6.515500e-03,2.116658e-02,5.762730e-02
1.48250,0.441062,0.502393,1.767562e-01,1.615774e-01,9.542300e-01,1.264679e-01,-5.226642e-04,-6.522481e-03,2.116661e-02,5.764248e-02
1.48500,0.440707,0.502519,1.770664e-01,1.619351e-01,9.541980e-01,1.264696e-01,-5.342844e-04,-6.530119e-03,2.116667e-02,5.765761e-02
1.48750,0.440353,0.502645,1.773763e-01,1.622928e-01,9.541658e-01,1.264713e-01,-5.460076e-04,-6.537632e-03,2.116673e-02,5.767270e-02
1.49000,0.439998,0.502772,1.776860e-01,1.626507e-01,9.541344e-01,1.264730e-01,-5.576086e-04,-6.544656e-03,2.116676e-02,5.768774e-02
1.49250,0.439644,0.502900,1.779955e-01,1.630086e-01,9.541048e-01,1.264747e-01,-5.691856e-04,-6.551440e-03,2.116675e-02,5.770274e-02
1.49500,0.439290,0.503029,1.783048e-01,1.633666e-01,9.540775e-01,1.264764e-01,-5.807471e-04,-6.557600e-03,2.116668e-02,5.771770e-02
1.49750,0.438935,0.503158,1.786138e-01,1.637247e-01,9.540525e-01,1.264781e-01,-5.924017e-04,-6.563224e-03,2.116653e-02,5.773261e-02
1.50000,0.438581,0.503287,1.789226e-01,1.640829e-01,9.540298e-01,1.264798e-01,-6.040208e-04,-6.568492e-03,2.116630e-02,5.774748e-02
1.50250,0.438227,0.503418,1.792312e-01,1.644411e-01,9.540089e-01,1.264814e-01,-6.155121e-04,-6.574278e-03,2.116601e-02,5.776231e-02
1.50500,0.437873,0.503549,1.795395e-01,1.647994e-01,9.539896e-01,1.264831e-01,-6.269979e-04,-6.580199e-03,2.116567e-02,5.777709e-02
1.50750,0.437519,0.503681,1.798476e-01,1.651578e-01,9.539713e-01,1.264848e-01,-6.384710e-04,-6.585528e-03,2.116527e-02,5.779184e-02
1.51000,0.437165,0.503813,1.801555e-01,1.655163e-01,9.539534e-01,1.264864e-01,-6.501176e-04,-6.590648e-03,2.116482e-02,5.780654e-02
1.51250,0.436811,0.503946,1.804631e-01,1.658749e-01,9.539349e-01,1.264881e-01,-6.619228e-04,-6.595577e-03,2.116433e-02,5.782121e-02
1.51500,0.436457,0.504080,1.807740e-01,1.662335e-01,9.539150e-01,1.264898e-01,-6.737694e-04,-6.601381e-03,2.116383e-02,5.783584e-02
1.51750,0.436103,0.504214,1.810865e-01,1.665922e-01,9.538936e-01,1.264914e-01,-6.854246e-04,-6.608257e-03,2.116332e-02,5.785042e-02
1.52000,0.435749,0.504349,1.813988e-01,1.669510e-01,9.538704e-01,1.264931e-01,-6.968513e-04,-6.615101e-03,2.116278e-02,5.786497e-02
1.52250,0.435396,0.504485,1.817109e-01,1.673099e-01,9.538459e-01,1.264947e-01,-7.080569e-04,-6.621993e-03,2.116221e-02,5.787948e-02
1.52500,0.435042,0.504621,1.820228e-01,1.676688e-01,9.538201e-01,1.264964e-01,-7.190012e-04,-6.628339e-03,2.116158e-02,5.789395e-02
1.52750,0.434689,0.504758,1.823345e-01,1.680278e-01,9.537936e-01,1.264980e-01,-7.299169e-04,-6.633501e-03,2.116088e-02,5.790837e-02
1.53000,0.434335,0.504895,1.826462e-01,1.683869e-01,9.537670e-01,1.264997e-01,-7.408662e-04,-6.637751e-03,2.116010e-02,5.792276e-02
1.53250,0.433982,0.505034,1.829629e-01,1.687461e-01,9.537412e-01,1.265013e-01,-7.515652e-04,-6.641747e-03,2.115926e-02,5.793711e-02
1.53500,0.433628,0.505173,1.832792e-01,1.691054e-01,9.537174e-01,1.265029e-01,-7.621615e-04,-6.646042e-03,2.115838e-02,5.795142e-02
1.53750,0.433275,0.505312,1.835954e-01,1.694647e-01,9.536960e-01,1.265046e-01,-7.727320e-04,-6.650488e-03,2.115747e-02,5.796569e-02
1.54000,0.432922,0.505452,1.839113e-01,1.698241e-01,9.536769e-01,1.265062e-01,-7.834303e-04,-6.655074e-03,2.115654e-02,5.797992e-02
1.54250,0.432569,0.505593,1.842271e-01,1.701836e-01,9.536602e-01,1.265078e-01,-7.943597e-04,-6.659478e-03,2.115557e-02,5.799411e-02
1.54500,0.432216,0.505735,1.845426e-01,1.705431e-01,9.536453e-01,1.265094e-01,-8.055545e-04,-6.664224e-03,2.115459e-02,5.800826e-02
1.54750,0.431863,0.505877,1.848579e-01,1.709028e-01,9.536319e-01,1.265110e-01,-8.169246e-04,-6.670120e-03,2.115362e-02,5.802238e-02
1.55000,0.431510,0.506020,1.851729e-01,1.712625e-01,9.536195e-01,1.265127e-01,-8.284397e-04,-6.676385e-03,2.115264e-02,5.803645e-02
1.55250,0.431157,0.506164,1.854878e-01,1.716222e-01,9.536073e-01,1.265143e-01,-8.398476e-04,-6.682578e-03,2.115165e-02,5.805049e-02
1.55500,0.430805,0.506308,1.858024e-01,1.719821e-01,9.535943e-01,1.265159e-01,-8.510690e-04,-6.688137e-03,2.115060e-02,5.806449e-02
1.55750,0.430452,0.506453,1.861168e-01,1.723420e-01,9.535797e-01,1.265175e-01,-8.621652e-04,-6.693307e-03,2.114950e-02,5.807845e-02
1.56000,0.430100,0.506598,1.864310e-01,1.727020e-01,9.535634e-01,1.265191e-01,-8.731425e-04,-6.698532e-03,2.114835e-02,5.809237e-02
1.56250,0.429747,0.506745,1.867450e-01,1.730621e-01,9.535455e-01,1.265206e-01,-8.841609e-04,-6.704242e-03,2.114716e-02,5.810626e-02
1.56500,0.429395,0.506891,1.870588e-01,1.734223e-01,9.535262e-01,1.265222e-01,-8.950798e-04,-6.709897e-03,2.114591e-02,5.812011e-02
1.56750,0.429043,0.507039,1.873723e-01,1.737825e-01,9.535058e-01,1.265238e-01,-9.057927e-04,-6.715171e-03,2.114460e-02,5.813393e-02
1.57000,0.428690,0.507187,1.876856e-01,1.741428e-01,9.534848e-01,1.265254e-01,-9.165762e-04,-6.720133e-03,2.114323e-02,5.814770e-02
1.57250,0.428338,0.507336,1.879988e-01,1.745032e-01,9.534639e-01,1.265270e-01,-9.272354e-04,-6.725081e-03,2.114182e-02,5.816145e-02
1.57500,0.427986,0.507486,1.883117e-01,1.748637e-01,9.534443e-01,1.265285e-01,-9.376254e-04,-6.729632e-03,2.114037e-02,5.817515e-02
1.57750,0.427635,0.507636,1.886244e-01,1.752242e-01,9.534268e-01,1.265301e-01,-9.481050e-04,-6.734259e-03,2.113891e-02,5.818882e-02
1.58000,0.427283,0.507787,1.889369e-01,1.755848e-01,9.534117e-01,1.265317e-01,-9.586964e-04,-6.738861e-03,2.113743e-02,5.820246e-02
1.58250,0.426931,0.507938,1.892491e-01,1.759455e-01,9.533991e-01,1.265332e-01,-9.694853e-04,-6.743170e-03,2.113591e-02,5.821606e-02
1.58500,0.426580,0.508091,1.895612e-01,1.763062e-01,9.533886e-01,1.265348e-01,-9.803241e-04,-6.747060e-03,2.113435e-02,5.822962e-02
1.58750,0.426228,0.508243,1.898731e-01,1.766670e-01,9.533798e-01,1.265364e-01,-9.911164e-04,-6.750584e-03,2.113274e-02,5.824315e-02
1.59000,0.425877,0.508397,1.901847e-01,1.770279e-01,9.533723e-01,1.265379e-01,-1.001950e-03,-6.754406e-03,2.113106e-02,5.825664e-02
1.59250,0.425525,0.508551,1.904978e-01,1.773889e-01,9.533654e-01,1.265394e-01,-1.012747e-03,-6.758339e-03,2.112933e-02,5.827010e-02
1.59500,0.425174,0.508706,1.908146e-01,1.777499e-01,9.533583e-01,1.265410e-01,-1.023324e-03,-6.762282e-03,2.112756e-02,5.828352e-02
1.59750,0.424823,0.508862,1.911312e-01,1.781111e-01,9.533501e-01,1.265425e-01,-1.033719e-03,-6.765782e-03,2.112573e-02,5.829691e-02
1.60000,0.424472,0.509018,1.914517e-01,1.784723e-01,9.533401e-01,1.265441e-01,-1.044221e-03,-6.769254e-03,2.112387e-02,5.831027e-02
1.60250,0.424121,0.509175,1.917735e-01,1.788335e-01,9.533285e-01,1.265456e-01,-1.054752e-03,-6.772428e-03,2.112197e-02,5.832359e-02
1.60500,0.423770,0.509332,1.920950e-01,1.791948e-01,9.533153e-01,1.265471e-01,-1.065324e-03,-6.775526e-03,2.112004e-02,5.833688e-02
1.60750,0.423420,0.509491,1.924164e-01,1.795563e-01,9.533010e-01,1.265487e-01,-1.075870e-03,-6.779642e-03,2.111810e-02,5.835014e-02
1.61000,0.423069,0.509650,1.927375e-01,1.799177e-01,9.532858e-01,1.265502e-01,-1.086583e-03,-6.784745e-03,2.111616e-02,5.836337e-02
1.61250,0.422719,0.509809,1.930584e-01,1.802793e-01,9.532703e-01,1.265517e-01,-1.097579e-03,-6.790911e-03,2.111424e-02,5.837656e-02
1.61500,0.422368,0.509970,1.933792e-01,1.806409e-01,9.532554e-01,1.265532e-01,-1.108694e-03,-6.797139e-03,2.111232e-02,5.838971e-02
1.61750,0.422018,0.510131,1.936997e-01,1.810026e-01,9.532420e-01,1.265547e-01,-1.119810e-03,-6.802319e-03,2.111036e-02,5.840284e-02
1.62000,0.421668,0.510292,1.940201e-01,1.813644e-01,9.532306e-01,1.265563e-01,-1.130689e-03,-6.806761e-03,2.110833e-02,5.841593e-02
1.62250,0.421318,0.510455,1.943402e-01,1.817262e-01,9.532213e-01,1.265578e-01,-1.141495e-03,-6.810820e-03,2.110624e-02,5.842899e-02
1.62500,0.420968,0.510618,1.946602e-01,1.820881e-01,9.532141e-01,1.265593e-01,-1.152225e-03,-6.814406e-03,2.110408e-02,5.844201e-02
1.62750,0.420618,0.510781,1.949799e-01,1.824501e-01,9.532085e-01,1.265608e-01,-1.162707e-03,-6.817414e-03,2.110189e-02,5.845501e-02
1.63000,0.420268,0.510946,1.952995e-01,1.828122e-01,9.532042e-01,1.265623e-01,-1.172922e-03,-6.820411e-03,2.109966e-02,5.846797e-02
1.63250,0.419919,0.511111,1.956188e-01,1.831743e-01,9.532008e-01,1.265638e-01,-1.183275e-03,-6.823435e-03,2.109740e-02,5.848090e-02
1.63500,0.419569,0.511276,1.959380e-01,1.835365e-01,9.531976e-01,1.265653e-01,-1.193692e-03,-6.826046e-03,2.109508e-02,5.849379e-02
1.63750,0.419220,0.511443,1.962569e-01,1.838988e-01,9.531939e-01,1.265668e-01,-1.203897e-03,-6.829475e-03,2.109272e-02,5.850666e-02
1.64000,0.418871,0.511610,1.965757e-01,1.842611e-01,9.531889e-01,1.265682e-01,-1.214142e-03,-6.833040e-03,2.109034e-02,5.851949e-02
1.64250,0.418522,0.511777,1.968942e-01,1.846235e-01,9.531824e-01,1.265697e-01,-1.224478e-03,-6.836811e-03,2.108794e-02,5.853229e-02
1.64500,0.418173,0.511946,1.972125e-01,1.849860e-01,9.531746e-01,1.265712e-01,-1.234730e-03,-6.840715e-03,2.108553e-02,5.854507e-02
1.64750,0.417824,0.512115,1.975307e-01,1.853485e-01,9.531656e-01,1.265727e-01,-1.244921e-03,-6.843857e-03,2.108306e-02,5.855781e-02
1.65000,0.417475,0.512285,1.978486e-01,1.857112e-01,9.531558e-01,1.265742e-01,-1.255129e-03,-6.846476e-03,2.108054e-02,5.857052e-02
1.65250,0.417127,0.512455,1.981721e-01,1.860739e-01,9.531455e-01,1.265756e-01,-1.265275e-03,-6.848879e-03,2.107797e-02,5.858321e-02
1.65500,0.416778,0.512626,1.984954e-01,1.864366e-01,9.531353e-01,1.265771e-01,-1.275301e-03,-6.851779e-03,2.107536e-02,5.859586e-02
1.65750,0.416430,0.512798,1.988227e-01,1.867995e-01,9.531259e-01,1.265786e-01,-1.285184e-03,-6.854844e-03,2.107272e-02,5.860849e-02
1.66000,0.416081,0.512971,1.991514e-01,1.871624e-01,9.531178e-01,1.265800e-01,-1.295181e-03,-6.857821e-03,2.107006e-02,5.862109e-02
1.66250,0.415733,0.513144,1.994798e-01,1.875253e-01,9.531116e-01,1.265815e-01,-1.305163e-03,-6.860643e-03,2.106735e-02,5.863365e-02
1.66500,0.415385,0.513318,1.998081e-01,1.878884e-01,9.531072e-01,1.265830e-01,-1.315241e-03,-6.863551e-03,2.106461e-02,5.864619e-02
1.66750,0.415038,0.513492,2.001362e-01,1.882515e-01,9.531045e-01,1.265844e-01,-1.325575e-03,-6.866239e-03,2.106183e-02,5.865870e-02
1.67000,0.414690,0.513667,2.004641e-01,1.886147e-01,9.531031e-01,1.265859e-01,-1.336106e-03,-6.868490e-03,2.105903e-02,5.867118e-02
1.67250,0.414342,0.513843,2.007918e-01,1.889780e-01,9.531027e-01,1.265873e-01,-1.346638e-03,-6.870717e-03,2.105621e-02,5.868363e-02
1.67500,0.413995,0.514020,2.011193e-01,1.893413e-01,9.531030e-01,1.265888e-01,-1.357160e-03,-6.873383e-03,2.105341e-02,5.869605e-02
1.67750,0.413648,0.514197,2.014466e-01,1.897047e-01,9.531034e-01,1.265902e-01,-1.367486e-03,-6.876717e-03,2.105062e-02,5.870844e-02
1.68000,0.413300,0.514375,2.017737e-01,1.900682e-01,9.531032e-01,1.265917e-01,-1.377614e-03,-6.880300e-03,2.104784e-02,5.872081e-02
1.68250,0.412953,0.514554,2.021007e-01,1.904317e-01,9.531020e-01,1.265931e-01,-1.387576e-03,-6.884260e-03,2.104503e-02,5.873314e-02
1.68500,0.412606,0.514733,2.024274e-01,1.907953e-01,9.530997e-01,1.265946e-01,-1.397498e-03,-6.888455e-03,2.104220e-02,5.874545e-02
1.68750,0.412260,0.514913,2.027539e-01,1.911590e-01,9.530962e-01,1.265960e-01,-1.407337e-03,-6.892790e-03,2.103933e-02,5.875772e-02
1.69000,0.411913,0.515094,2.030803e-01,1.915228e-01,9.530918e-01,1.265974e-01,-1.417010e-03,-6.896414e-03,2.103641e-02,5.876997e-02
1.69250,0.411567,0.515275,2.034065e-01,1.918866e-01,9.530867e-01,1.265989e-01,-1.426799e-03,-6.898905e-03,2.103341e-02,5.878219e-02
1.69500,0.411220,0.515457,2.037324e-01,1.922505e-01,9.530813e-01,1.266003e-01,-1.436868e-03,-6.900638e-03,2.103035e-02,5.879438e-02
1.69750,0.410874,0.515640,2.040582e-01,1.926144e-01,9.530759e-01,1.266017e-01,-1.446856e-03,-6.901899e-03,2.102722e-02,5.880655e-02
1.70000,0.410528,0.515823,2.043838e-01,1.929785e-01,9.530711e-01,1.266031e-01,-1.456732e-03,-6.903191e-03,2.102405e-02,5.881870e-02
1.70250,0.410182,0.516007,2.047128e-01,1.933426e-01,9.530677e-01,1.266046e-01,-1.466427e-03,-6.904903e-03,2.102084e-02,5.883082e-02
1.70500,0.409836,0.516192,2.050439e-01,1.937068e-01,9.530658e-01,1.266060e-01,-1.475946e-03,-6.907261e-03,2.101761e-02,5.884291e-02
1.70750,0.409491,0.516378,2.053794e-01,1.940710e-01,9.530655e-01,1.266074e-01,-1.485578e-03,-6.910243e-03,2.101438e-02,5.885497e-02
1.71000,0.409145,0.516564,2.057159e-01,1.944353e-01,9.530668e-01,1.266088e-01,-1.495335e-03,-6.913357e-03,2.101115e-02,5.886701e-02
1.71250,0.408800,0.516751,2.060523e-01,1.947997e-01,9.530692e-01,1.266102e-01,-1.505241e-03,-6.915674e-03,2.100789e-02,5.887903e-02
1.71500,0.408455,0.516938,2.063884e-01,1.951642e-01,9.530727e-01,1.266116e-01,-1.515148e-03,-6.917473e-03,2.100460e-02,5.889102e-02
1.71750,0.408110,0.517126,2.067244e-01,1.955287e-01,9.530769e-01,1.266130e-01,-1.525230e-03,-6.919164e-03,2.100129e-02,5.890298e-02
1.72000,0.407765,0.517315,2.070602e-01,1.958933e-01,9.530810e-01,1.266144e-01,-1.535071e-03,-6.920873e-03,2.099795e-02,5.891492e-02
1.72250,0.407420,0.517505,2.073958e-01,1.962579e-01,9.530844e-01,1.266158e-01,-1.544810e-03,-6.922416e-03,2.099458e-02,5.892683e-02
1.72500,0.407076,0.517695,2.077313e-01,1.966227e-01,9.530867e-01,1.266172e-01,-1.554600e-03,-6.923656e-03,2.099117e-02,5.893871e-02
1.72750,0.406731,0.517886,2.080666e-01,1.969875e-01,9.530877e-01,1.266186e-01,-1.564423e-03,-6.924498e-03,2.098771e-02,5.895058e-02
1.73000,0.406387,0.518078,2.084016e-01,1.973524e-01,9.530874e-01,1.266200e-01,-1.574217e-03,-6.925705e-03,2.098424e-02,5.896241e-02
1.73250,0.406043,0.518270,2.087366e-01,1.977173e-01,9.530860e-01,1.266214e-01,-1.584032e-03,-6.927493e-03,2.098075e-02,5.897423e-02
1.73500,0.405699,0.518463,2.090713e-01,1.980823e-01,9.530837e-01,1.266228e-01,-1.594249e-03,-6.929017e-03,2.097725e-02,5.898601e-02
1.73750,0.405355,0.518657,2.094058e-01,1.984474e-01,9.530810e-01,1.266242e-01,-1.604699e-03,-6.930723e-03,2.097375e-02,5.899778e-02
1.74000,0.405012,0.518851,2.097402e-01,1.988126e-01,9.530740e-01,1.266255e-01,-1.615082e-03,-6.932686e-03,2.097024e-02,5.900952e-02
1.74250,0.404668,0.519046,2.100744e-01,1.991778e-01,9.530636e-01,1.266269e-01,-1.625480e-03,-6.934676e-03,2.096673e-02,5.902123e-02
1.74500,0.404325,0.519242,2.104102e-01,1.995431e-01,9.530542e-01,1.266283e-01,-1.635861e-03,-6.936271e-03,2.096321e-02,5.903292e-02
1.74750,0.403982,0.519439,2.107499e-01,1.999084e-01,9.530460e-01,1.266297e-01,-1.646190e-03,-6.938074e-03,2.095966e-02,5.904459e-02
1.75000,0.403639,0.519636,2.110948e-01,2.002739e-01,9.530392e-01,1.266310e-01,-1.656488e-03,-6.940648e-03,2.095610e-02,5.905623e-02
1.75250,0.403296,0.519834,2.114401e-01,2.006394e-01,9.530338e-01,1.266324e-01,-1.666613e-03,-6.943033e-03,2.095251e-02,5.906786e-02
1.75500,0.402953,0.520032,2.117852e-01,2.010049e-01,9.530296e-01,1.266338e-01,-1.676645e-03,-6.945108e-03,2.094889e-02,5.907945e-02
1.75750,0.402611,0.520231,2.121300e-01,2.013706e-01,9.530264e-01,1.266352e-01,-1.686586e-03,-6.947132e-03,2.094526e-02,5.909103e-02
1.76000,0.402268,0.520431,2.124748e-01,2.017363e-01,9.530238e-01,1.266365e-01,-1.696204e-03,-6.948772e-03,2.094161e-02,5.910258e-02
1.76250,0.401926,0.520632,2.128193e-01,2.021021e-01,9.530210e-01,1.266379e-01,-1.705709e-03,-6.950329e-03,2.093793e-02,5.911411e-02
1.76500,0.401584,0.520833,2.131637e-01,2.024679e-01,9.530174e-01,1.266392e-01,-1.715176e-03,-6.951376e-03,2.093421e-02,5.912561e-02
1.76750,0.401243,0.521035,2.135078e-01,2.028338e-01,9.530127e-01,1.266406e-01,-1.724779e-03,-6.952097e-03,2.093048e-02,5.913709e-02
1.77000,0.400901,0.521238,2.138518e-01,2.031998e-01,9.530068e-01,1.266420e-01,-1.734438e-03,-6.952245e-03,2.092671e-02,5.914855e-02
1.77250,0.400559,0.521441,2.141956e-01,2.035659e-01,9.529999e-01,1.266433e-01,-1.744051e-03,-6.952461e-03,2.092291e-02,5.915999e-02
1.77500,0.400218,0.521645,2.145393e-01,2.039320e-01,9.529923e-01,1.266447e-01,-1.753782e-03,-6.952908e-03,2.091910e-02,5.917141e-02
1.77750,0.399877,0.521850,2.148827e-01,2.042982e-01,9.529845e-01,1.266460e-01,-1.763729e-03,-6.953880e-03,2.091527e-02,5.918280e-02
1.78000,0.399536,0.522056,2.152260e-01,2.046645e-01,9.529770e-01,1.266474e-01,-1.773653e-03,-6.954800e-03,2.091141e-02,5.919418e-02
1.78250,0.399195,0.522262,2.155733e-01,2.050308e-01,9.529701e-01,1.266487e-01,-1.783196e-03,-6.955592e-03,2.090751e-02,5.920553e-02
1.78500,0.398855,0.522468,2.159266e-01,2.053972e-01,9.529642e-01,1.266500e-01,-1.792530e-03,-6.956440e-03,2.090359e-02,5.921686e-02
1.78750,0.398514,0.522676,2.162811e-01,2.057637e-01,9.529594e-01,1.266514e-01,-1.801929e-03,-6.956692e-03,2.089963e-02,5.922818e-02
1.79000,0.398174,0.522884,2.166354e-01,2.061302e-01,9.529556e-01,1.266527e-01,-1.811487e-03,-6.956660e-03,2.089565e-02,5.923947e-02
1.79250,0.397834,0.523093,2.169895e-01,2.064968e-01,9.529530e-01,1.266541e-01,-1.821148e-03,-6.956474e-03,2.089165e-02,5.925074e-02
1.79500,0.397494,0.523303,2.173435e-01,2.068635e-01,9.529512e-01,1.266554e-01,-1.830775e-03,-6.955810e-03,2.088760e-02,5.926199e-02
1.79750,0.397155,0.523513,2.176973e-01,2.072303e-01,9.529500e-01,1.266567e-01,-1.840471e-03,-6.955496e-03,2.088354e-02,5.927323e-02
1.80000,0.396815,0.523724,2.180509e-01,2.075971e-01,9.529493e-01,1.266580e-01,-1.850257e-03,-6.955807e-03,2.087947e-02,5.928444e-02
1.80250,0.396476,0.523936,2.184044e-01,2.079640e-01,9.529485e-01,1.266594e-01,-1.860121e-03,-6.956501e-03,2.087540e-02,5.929563e-02
1.80500,0.396137,0.524148,2.187577e-01,2.083309e-01,9.529471e-01,1.266607e-01,-1.870095e-03,-6.957218e-03,2.087144e-02,5.930681e-02
1.80750,0.395798,0.524361,2.191108e-01,2.086979e-01,9.529449e-01,1.266620e-01,-1.879987e-03,-6.959064e-03,2.086732e-02,5.931796e-02
1.81000,0.395459,0.524575,2.194638e-01,2.090650e-01,9.529418e-01,1.266633e-01,-1.889865e-03,-6.961034e-03,2.086330e-02,5.932910e-02
1.81250,0.395120,0.524789,2.198189e-01,2.094322e-01,9.529380e-01,1.266647e-01,-1.899557e-03,-6.962586e-03,2.085931e-02,5.934021e-02
1.81500,0.394782,0.525004,2.201813e-01,2.097994e-01,9.529338e-01,1.266660e-01,-1.909052e-03,-6.963776e-03,2.085530e-02,5.935130e-02
1.81750,0.394444,0.525220,2.205454e-01,2.101667e-01,9.529295e-01,1.266673e-01,-1.918762e-03,-6.964017e-03,2.085126e-02,5.936237e-02
1.82000,0.394106,0.525436,2.209092e-01,2.105341e-01,9.529255e-01,1.266686e-01,-1.928718e-03,-6.963794e-03,2.084718e-02,5.937342e-02
1.82250,0.393768,0.525654,2.212730e-01,2.109016e-01,9.529220e-01,1.266699e-01,-1.938451e-03,-6.963559e-03,2.084308e-02,5.938445e-02
1.82500,0.393431,0.525871,2.216365e-01,2.112691e-01,9.529190e-01,1.266713e-01,-1.947965e-03,-6.963488e-03,2.083897e-02,5.939547e-02
1.82750,0.393093,0.526090,2.220000e-01,2.116367e-01,9.529166e-01,1.266726e-01,-1.957177e-03,-6.963682e-03,2.083485e-02,5.940646e-02
1.83000,0.392756,0.526309,2.223632e-01,2.120043e-01,9.529148e-01,1.266739e-01,-1.966272e-03,-6.964247e-03,2.083072e-02,5.941744e-02
1.83250,0.392419,0.526529,2.227263e-01,2.123720e-01,9.529137e-01,1.266752e-01,-1.975215e-03,-6.964754e-03,2.082658e-02,5.942839e-02
1.83500,0.392082,0.526750,2.230893e-01,2.127398e-01,9.529133e-01,1.266765e-01,-1.984344e-03,-6.964734e-03,2.082242e-02,5.943933e-02
1.83750,0.391745,0.526971,2.234520e-01,2.131077e-01,9.529135e-01,1.266778e-01,-1.993596e-03,-6.964575e-03,2.081826e-02,5.945025e-02
1.84000,0.391409,0.527193,2.238149e-01,2.134756e-01,9.529143e-01,1.266791e-01,-2.002767e-03,-6.964528e-03,2.081410e-02,5.946115e-02
1.84250,0.391073,0.527416,2.241886e-01,2.138436e-01,9.529157e-01,1.266804e-01,-2.011947e-03,-6.963862e-03,2.080992e-02,5.947204e-02
1.84500,0.390737,0.527639,2.245622e-01,2.142117e-01,9.529173e-01,1.266817e-01,-2.021409e-03,-6.963372e-03,2.080570e-02,5.948291e-02
1.84750,0.390401,0.527863,2.249356e-01,2.145798e-01,9.529187e-01,1.266830e-01,-2.031171e-03,-6.963181e-03,2.080145e-02,5.949376e-02
1.85000,0.390065,0.528088,2.253089e-01,2.149480e-01,9.529195e-01,1.266843e-01,-2.041019e-03,-6.962730e-03,2.079717e-02,5.950459e-02
1.85250,0.389730,0.528314,2.256841e-01,2.153163e-01,9.529197e-01,1.266856e-01,-2.050953e-03,-6.961909e-03,2.079286e-02,5.951541e-02
1.85500,0.389395,0.528540,2.260625e-01,2.156847e-01,9.529193e-01,1.266869e-01,-2.060846e-03,-6.960865e-03,2.078852e-02,5.952621e-02
1.85750,0.389060,0.528767,2.264409e-01,2.160531e-01,9.529184e-01,1.266882e-01,-2.070828e-03,-6.959082e-03,2.078416e-02,5.953700e-02
1.86000,0.388725,0.528994,2.268190e-01,2.164216e-01,9.529172e-01,1.266895e-01,-2.080705e-03,-6.957449e-03,2.077979e-02,5.954777e-02
1.86250,0.388390,0.529222,2.271971e-01,2.167901e-01,9.529160e-01,1.266908e-01,-2.090553e-03,-6.956212e-03,2.077543e-02,5.955853e-02
1.86500,0.388056,0.529451,2.275804e-01,2.171588e-01,9.529150e-01,1.266921e-01,-2.100327e-03,-6.954980e-03,2.077110e-02,5.956926e-02
1.86750,0.387722,0.529681,2.279689e-01,2.175275e-01,9.529144e-01,1.266933e-01,-2.110165e-03,-6.953208e-03,2.076676e-02,5.957999e-02
1.87000,0.387388,0.529911,2.283573e-01,2.178962e-01,9.529145e-01,1.266946e-01,-2.120249e-03,-6.951745e-03,2.076244e-02,5.959069e-02
1.87250,0.387054,0.530142,2.287455e-01,2.182651e-01,9.529155e-01,1.266959e-01,-2.130281e-03,-6.950589e-03,2.075814e-02,5.960138e-02
1.87500,0.386720,0.530374,2.291336e-01,2.186340e-01,9.529175e-01,1.266972e-01,-2.140198e-03,-6.950597e-03,2.075389e-02,5.961205e-02
1.87750,0.386387,0.530606,2.295243e-01,2.190029e-01,9.529206e-01,1.266984e-01,-2.150097e-03,-6.951108e-03,2.074965e-02,5.962270e-02
1.88000,0.386054,0.530839,2.299225e-01,2.193720e-01,9.529248e-01,1.266997e-01,-2.159992e-03,-6.951276e-03,2.074541e-02,5.963334e-02
1.88250,0.385721,0.531073,2.303206e-01,2.197411e-01,9.529299e-01,1.267010e-01,-2.169675e-03,-6.951319e-03,2.074115e-02,5.964396e-02
1.88500,0.385388,0.531308,2.307185e-01,2.201103e-01,9.529355e-01,1.267023e-01,-2.179036e-03,-6.951122e-03,2.073687e-02,5.965457e-02
1.88750,0.385056,0.531543,2.311163e-01,2.204795e-01,9.529408e-01,1.267035e-01,-2.188374e-03,-6.950357e-03,2.073258e-02,5.966516e-02
1.89000,0.384724,0.531779,2.315169e-01,2.208488e-01,9.529454e-01,1.267048e-01,-2.197837e-03,-6.949292e-03,2.072826e-02,5.967573e-02
1.89250,0.384391,0.532015,2.319243e-01,2.212182e-01,9.529490e-01,1.267061e-01,-2.207265e-03,-6.948041e-03,2.072392e-02,5.968629e-02
1.89500,0.384060,0.532252,2.323316e-01,2.215877e-01,9.529516e-01,1.267073e-01,-2.216970e-03,-6.946649e-03,2.071955e-02,5.969684e-02
1.89750,0.383728,0.532490,2.327387e-01,2.219572e-01,9.529534e-01,1.267086e-01,-2.226935e-03,-6.945190e-03,2.071515e-02,5.970737e-02
1.90000,0.383397,0.532729,2.331458e-01,2.223268e-01,9.529448e-01,1.267099e-01,-2.236808e-03,-6.943732e-03,2.071075e-02,5.971789e-02
1.90250,0.383066,0.532968,2.335605e-01,2.226965e-01,9.529346e-01,1.267111e-01,-2.246495e-03,-6.942171e-03,2.070636e-02,5.972839e-02
1.90500,0.382735,0.533208,2.339766e-01,2.230662e-01,9.529242e-01,1.267124e-01,-2.256009e-03,-6.941019e-03,2.070198e-02,5.973888e-02
1.90750,0.382404,0.533449,2.343927e-01,2.234360e-01,9.529137e-01,1.267136e-01,-2.265475e-03,-6.940362e-03,2.069763e-02,5.974936e-02
1.91000,0.382073,0.533690,2.348086e-01,2.238059e-01,9.529029e-01,1.267149e-01,-2.275040e-03,-6.939427e-03,2.069329e-02,5.975982e-02
1.91250,0.381743,0.533932,2.352290e-01,2.241758e-01,9.528920e-01,1.267162e-01,-2.284460e-03,-6.937663e-03,2.068894e-02,5.977027e-02
1.91500,0.381413,0.534175,2.356536e-01,2.245459e-01,9.528808e-01,1.267174e-01,-2.293384e-03,-6.935187e-03,2.068457e-02,5.978070e-02
1.91750,0.381083,0.534418,2.360781e-01,2.249159e-01,9.528692e-01,1.267187e-01,-2.302010e-03,-6.932940e-03,2.068020e-02,5.979112e-02
1.92000,0.380754,0.534662,2.365024e-01,2.252861e-01,9.528571e-01,1.267199e-01,-2.310798e-03,-6.930510e-03,2.067582e-02,5.980153e-02
1.92250,0.380424,0.534907,2.369267e-01,2.256563e-01,9.528448e-01,1.267212e-01,-2.319857e-03,-6.928417e-03,2.067145e-02,5.981192e-02
1.92500,0.380095,0.535152,2.373575e-01,2.260266e-01,9.528328e-01,1.267224e-01,-2.329055e-03,-6.926399e-03,2.066708e-02,5.982229e-02
1.92750,0.379766,0.535399,2.377899e-01,2.263970e-01,9.528214e-01,1.267237e-01,-2.338444e-03,-6.924066e-03,2.066269e-02,5.983266e-02
1.93000,0.379438,0.535645,2.382222e-01,2.267674e-01,9.528109e-01,1.267249e-01,-2.347788e-03,-6.921833e-03,2.065830e-02,5.984301e-02
1.93250,0.379109,0.535893,2.386544e-01,2.271379e-01,9.528013e-01,1.267262e-01,-2.357235e-03,-6.919526e-03,2.065391e-02,5.985334e-02
1.93500,0.378781,0.536141,2.390865e-01,2.275085e-01,9.527924e-01,1.267274e-01,-2.366630e-03,-6.917583e-03,2.064953e-02,5.986367e-02
1.93750,0.378453,0.536390,2.395229e-01,2.278791e-01,9.527838e-01,1.267287e-01,-2.376258e-03,-6.916005e-03,2.064516e-02,5.987398e-02
1.94000,0.378126,0.536640,2.399626e-01,2.282498e-01,9.527751e-01,1.267299e-01,-2.386072e-03,-6.914609e-03,2.064082e-02,5.988428e-02
1.94250,0.377798,0.536890,2.404022e-01,2.286206e-01,9.527660e-01,1.267311e-01,-2.396336e-03,-6.912822e-03,2.063650e-02,5.989457e-02
1.94500,0.377471,0.537141,2.408446e-01,2.289915e-01,9.527563e-01,1.267324e-01,-2.406677e-03,-6.910856e-03,2.063218e-02,5.990484e-02
1.94750,0.377144,0.537392,2.412878e-01,2.293624e-01,9.527460e-01,1.267336e-01,-2.416613e-03,-6.909288e-03,2.062787e-02,5.991511e-02
1.95000,0.376817,0.537645,2.417344e-01,2.297334e-01,9.527353e-01,1.267349e-01,-2.426300e-03,-6.907750e-03,2.062355e-02,5.992536e-02
1.95250,0.376491,0.537898,2.421809e-01,2.301044e-01,9.527246e-01,1.267361e-01,-2.436234e-03,-6.906194e-03,2.061924e-02,5.993559e-02
1.95500,0.376164,0.538151,2.426274e-01,2.304756e-01,9.527142e-01,1.267373e-01,-2.446589e-03,-6.904266e-03,2.061491e-02,5.994582e-02
1.95750,0.375838,0.538406,2.430738e-01,2.308468e-01,9.527043e-01,1.267386e-01,-2.456741e-03,-6.901791e-03,2.061057e-02,5.995604e-02
1.96000,0.375513,0.538661,2.435245e-01,2.312180e-01,9.526948e-01,1.267398e-01,-2.466707e-03,-6.899135e-03,2.060624e-02,5.996624e-02
1.96250,0.375187,0.538917,2.439775e-01,2.315894e-01,9.526859e-01,1.267410e-01,-2.476701e-03,-6.896244e-03,2.060190e-02,5.997643e-02
1.96500,0.374862,0.539173,2.444305e-01,2.319608e-01,9.526776e-01,1.267422e-01,-2.486630e-03,-6.893372e-03,2.059756e-02,5.998661e-02
1.96750,0.374537,0.539430,2.448834e-01,2.323322e-01,9.526700e-01,1.267435e-01,-2.496408e-03,-6.890283e-03,2.059323e-02,5.999678e-02
1.97000,0.374212,0.539688,2.453363e-01,2.327038e-01,9.526630e-01,1.267447e-01,-2.506196e-03,-6.886984e-03,2.058890e-02,6.000694e-02
1.97250,0.373888,0.539947,2.457891e-01,2.330754e-01,9.526563e-01,1.267459e-01,-2.516106e-03,-6.883500e-03,2.058457e-02,6.001708e-02
1.97500,0.373563,0.540206,2.462478e-01,2.334471e-01,9.526495e-01,1.267471e-01,-2.525806e-03,-6.880317e-03,2.058027e-02,6.002722e-02
1.97750,0.373239,0.540466,2.467066e-01,2.338188e-01,9.526425e-01,1.267484e-01,-2.535448e-03,-6.878046e-03,2.057601e-02,6.003734e-02
1.98000,0.372916,0.540726,2.471655e-01,2.341906e-01,9.526350e-01,1.267496e-01,-2.544700e-03,-6.876159e-03,2.057177e-02,6.004745e-02
1.98250,0.372592,0.540987,2.476243e-01,2.345625e-01,9.526272e-01,1.267508e-01,-2.553909e-03,-6.874309e-03,2.056754e-02,6.005755e-02
1.98500,0.372269,0.541249,2.480831e-01,2.349345e-01,9.526194e-01,1.267520e-01,-2.563091e-03,-6.872335e-03,2.056333e-02,6.006764e-02
1.98750,0.371946,0.541512,2.485419e-01,2.353065e-01,9.526117e-01,1.267532e-01,-2.572221e-03,-6.869498e-03,2.055910e-02,6.007772e-02
1.99000,0.371623,0.541775,2.490022e-01,2.356786e-01,9.526046e-01,1.267545e-01,-2.581083e-03,-6.865872e-03,2.055485e-02,6.008779e-02
1.99250,0.371300,0.542039,2.494665e-01,2.360507e-01,9.525983e-01,1.267557e-01,-2.589973e-03,-6.861892e-03,2.055059e-02,6.009785e-02
1.99500,0.370978,0.542304,2.499308e-01,2.364230e-01,9.525929e-01,1.267569e-01,-2.599369e-03,-6.857683e-03,2.054632e-02,6.010790e-02
1.99750,0.370656,0.542569,2.503951e-01,2.367953e-01,9.525881e-01,1.267581e-01,-2.609188e-03,-6.853525e-03,2.054205e-02,6.011794e-02
2.00000,0.370335,0.542835,2.508593e-01,2.371676e-01,9.525835e-01,1.267593e-01,-2.619192e-03,-6.849999e-03,2.053779e-02,6.012798e-02
2.00250,0.370013,0.543102,2.513235e-01,2.375401e-01,9.525787e-01,1.267605e-01,-2.629210e-03,-6.846245e-03,2.053353e-02,6.013800e-02
2.00500,0.369692,0.543369,2.517877e-01,2.379126e-01,9.525734e-01,1.267617e-01,-2.638937e-03,-6.842673e-03,2.052929e-02,6.014801e-02
2.00750,0.369371,0.543637,2.522533e-01,2.382852e-01,9.525676e-01,1.267629e-01,-2.648522e-03,-6.839331e-03,2.052508e-02,6.015801e-02
2.01000,0.369050,0.543906,2.527226e-01,2.386578e-01,9.525615e-01,1.267641e-01,-2.658311e-03,-6.836700e-03,2.052091e-02,6.016801e-02
2.01250,0.368730,0.544175,2.531919e-01,2.390305e-01,9.525551e-01,1.267653e-01,-2.668144e-03,-6.834400e-03,2.051679e-02,6.017799e-02
2.01500,0.368410,0.544445,2.536612e-01,2.394033e-01,9.525487e-01,1.267666e-01,-2.678113e-03,-6.832185e-03,2.051270e-02,6.018796e-02
2.01750,0.368090,0.544716,2.541304e-01,2.397761e-01,9.525423e-01,1.267678e-01,-2.688193e-03,-6.829233e-03,2.050861e-02,6.019792e-02
2.02000,0.367770,0.544987,2.545997e-01,2.401491e-01,9.525358e-01,1.267690e-01,-2.698527e-03,-6.825747e-03,2.050452e-02,6.020787e-02
2.02250,0.367451,0.545259,2.550690e-01,2.405220e-01,9.525292e-01,1.267702e-01,-2.708906e-03,-6.822392e-03,2.050043e-02,6.021782e-02
2.02500,0.367132,0.545532,2.555382e-01,2.408951e-01,9.525225e-01,1.267714e-01,-2.718848e-03,-6.819282e-03,2.049636e-02,6.022775e-02
2.02750,0.366813,0.545805,2.560121e-01,2.412682e-01,9.525156e-01,1.267726e-01,-2.728471e-03,-6.816094e-03,2.049229e-02,6.023767e-02
2.03000,0.366495,0.546080,2.564859e-01,2.416414e-01,9.525085e-01,1.267738e-01,-2.738018e-03,-6.813054e-03,2.048824e-02,6.024758e-02
2.03250,0.366176,0.546354,2.569598e-01,2.420147e-01,9.525015e-01,1.267750e-01,-2.747536e-03,-6.809729e-03,2.048419e-02,6.025749e-02
2.03500,0.365858,0.546630,2.574337e-01,2.423880e-01,9.524945e-01,1.267762e-01,-2.757085e-03,-6.806065e-03,2.048013e-02,6.026738e-02
2.03750,0.365541,0.546906,2.579076e-01,2.427614e-01,9.524877e-01,1.267774e-01,-2.766804e-03,-6.802417e-03,2.047609e-02,6.027727e-02
2.04000,0.365223,0.547183,2.583816e-01,2.431348e-01,9.524810e-01,1.267786e-01,-2.776675e-03,-6.798601e-03,2.047205e-02,6.028715e-02
2.04250,0.364906,0.547460,2.588555e-01,2.435084e-01,9.524744e-01,1.267798e-01,-2.786304e-03,-6.794425e-03,2.046803e-02,6.029702e-02
2.04500,0.364589,0.547739,2.593315e-01,2.438820e-01,9.524681e-01,1.267810e-01,-2.795870e-03,-6.790178e-03,2.046403e-02,6.030688e-02
2.04750,0.364273,0.548017,2.598096e-01,2.442556e-01,9.524622e-01,1.267822e-01,-2.805610e-03,-6.785398e-03,2.046004e-02,6.031673e-02
2.05000,0.363956,0.548297,2.602877e-01,2.446294e-01,9.524569e-01,1.267833e-01,-2.815295e-03,-6.780266e-03,2.045604e-02,6.032658e-02
2.05250,0.363640,0.548577,2.607658e-01,2.450032e-01,9.524523e-01,1.267845e-01,-2.824962e-03,-6.775607e-03,2.045205e-02,6.033642e-02
2.05500,0.363325,0.548858,2.612440e-01,2.453770e-01,9.524484e-01,1.267857e-01,-2.834604e-03,-6.771222e-03,2.044807e-02,6.034625e-02
2.05750,0.363009,0.549139,2.617222e-01,2.457510e-01,9.524446e-01,1.267869e-01,-2.844311e-03,-6.767128e-03,2.044410e-02,6.035608e-02
2.06000,0.362694,0.549422,2.622011e-01,2.461250e-01,9.524407e-01,1.267881e-01,-2.854191e-03,-6.763287e-03,2.044016e-02,6.036589e-02
2.06250,0.362379,0.549705,2.626829e-01,2.464990e-01,9.524362e-01,1.267893e-01,-2.864351e-03,-6.759024e-03,2.043623e-02,6.037570e-02
2.06500,0.362065,0.549988,2.631655e-01,2.468732e-01,9.524310e-01,1.267904e-01,-2.874589e-03,-6.754327e-03,2.043230e-02,6.038551e-02
2.06750,0.361750,0.550272,2.636492e-01,2.472474e-01,9.524252e-01,1.267916e-01,-2.884802e-03,-6.749334e-03,2.042837e-02,6.039530e-02
2.07000,0.361436,0.550557,2.641328e-01,2.476217e-01,9.524192e-01,1.267928e-01,-2.895247e-03,-6.744109e-03,2.042444e-02,6.040509e-02
2.07250,0.361123,0.550843,2.646166e-01,2.479960e-01,9.524134e-01,1.267940e-01,-2.905908e-03,-6.738393e-03,2.042053e-02,6.041488e-02
2.07500,0.360809,0.551129,2.651003e-01,2.483704e-01,9.524084e-01,1.267952e-01,-2.916741e-03,-6.732604e-03,2.041663e-02,6.042465e-02
2.07750,0.360496,0.551416,2.655841e-01,2.487449e-01,9.524045e-01,1.267964e-01,-2.927583e-03,-6.727060e-03,2.041277e-02,6.043442e-02
2.08000,0.360183,0.551703,2.660679e-01,2.491194e-01,9.524015e-01,1.267975e-01,-2.937966e-03,-6.722292e-03,2.040897e-02,6.044419e-02
2.08250,0.359871,0.551992,2.665517e-01,2.494940e-01,9.523993e-01,1.267987e-01,-2.947870e-03,-6.718565e-03,2.040522e-02,6.045394e-02
2.08500,0.359558,0.552280,2.670356e-01,2.498687e-01,9.523974e-01,1.267999e-01,-2.957607e-03,-6.715572e-03,2.040151e-02,6.046368e-02
2.08750,0.359246,0.552570,2.675195e-01,2.502434e-01,9.523955e-01,1.268011e-01,-2.966872e-03,-6.712758e-03,2.039784e-02,6.047342e-02
2.09000,0.358935,0.552860,2.680035e-01,2.506182e-01,9.523935e-01,1.268023e-01,-2.975799e-03,-6.709800e-03,2.039419e-02,6.048315e-02
2.09250,0.358623,0.553151,2.684875e-01,2.509931e-01,9.523912e-01,1.268034e-01,-2.984679e-03,-6.706002e-03,2.039053e-02,6.049286e-02
2.09500,0.358312,0.553443,2.689715e-01,2.513680e-01,9.523886e-01,1.268046e-01,-2.993920e-03,-6.701272e-03,2.038687e-02,6.050257e-02
2.09750,0.358001,0.553735,2.694555e-01,2.517430e-01,9.523857e-01,1.268058e-01,-3.003866e-03,-6.696042e-03,2.038320e-02,6.051228e-02
2.10000,0.357691,0.554028,2.699396e-01,2.521181e-01,9.523824e-01,1.268069e-01,-3.013862e-03,-6.690544e-03,2.037952e-02,6.052198e-02
2.10250,0.357381,0.554321,2.704238e-01,2.524932e-01,9.523789e-01,1.268081e-01,-3.023727e-03,-6.685057e-03,2.037584e-02,6.053167e-02
2.10500,0.357071,0.554616,2.709079e-01,2.528684e-01,9.523749e-01,1.268093e-01,-3.033688e-03,-6.679580e-03,2.037218e-02,6.054135e-02
2.10750,0.356761,0.554910,2.713921e-01,2.532437e-01,9.523704e-01,1.268105e-01,-3.043716e-03,-6.674595e-03,2.036853e-02,6.055103e-02
2.11000,0.356452,0.555206,2.718763e-01,2.536190e-01,9.523656e-01,1.268116e-01,-3.053833e-03,-6.669672e-03,2.036492e-02,6.056071e-02
2.11250,0.356143,0.555502,2.723605e-01,2.539944e-01,9.523605e-01,1.268128e-01,-3.063911e-03,-6.664907e-03,2.036134e-02,6.057038e-02
2.11500,0.355834,0.555799,2.728448e-01,2.543699e-01,9.523554e-01,1.268140e-01,-3.073980e-03,-6.660869e-03,2.035780e-02,6.058004e-02
2.11750,0.355526,0.556096,2.733291e-01,2.547454e-01,9.523505e-01,1.268151e-01,-3.084125e-03,-6.656992e-03,2.035429e-02,6.058969e-02
2.12000,0.355218,0.556395,2.738134e-01,2.551210e-01,9.523460e-01,1.268163e-01,-3.094242e-03,-6.652505e-03,2.035080e-02,6.059934e-02
2.12250,0.354910,0.556693,2.742977e-01,2.554966e-01,9.523417e-01,1.268175e-01,-3.104729e-03,-6.646818e-03,2.034728e-02,6.060898e-02
2.12500,0.354603,0.556993,2.747820e-01,2.558723e-01,9.523374e-01,1.268186e-01,-3.115580e-03,-6.640151e-03,2.034375e-02,6.061862e-02
2.12750,0.354296,0.557293,2.752664e-01,2.562481e-01,9.523332e-01,1.268198e-01,-3.126515e-03,-6.633194e-03,2.034021e-02,6.062826e-02
2.13000,0.353989,0.557594,2.757508e-01,2.566240e-01,9.523293e-01,1.268209e-01,-3.137336e-03,-6.626515e-03,2.033668e-02,6.063788e-02
2.13250,0.353682,0.557895,2.762359e-01,2.569999e-01,9.523258e-01,1.268221e-01,-3.147848e-03,-6.619787e-03,2.033316e-02,6.064751e-02
2.13500,0.353376,0.558198,2.767220e-01,2.573759e-01,9.523230e-01,1.268233e-01,-3.158345e-03,-6.613457e-03,2.032968e-02,6.065713e-02
2.13750,0.353070,0.558500,2.772082e-01,2.577519e-01,9.523207e-01,1.268244e-01,-3.168902e-03,-6.607588e-03,2.032623e-02,6.066674e-02
2.14000,0.352765,0.558804,2.776960e-01,2.581280e-01,9.523187e-01,1.268256e-01,-3.179325e-03,-6.601769e-03,2.032280e-02,6.067634e-02
2.14250,0.352459,0.559108,2.781839e-01,2.585042e-01,9.523168e-01,1.268267e-01,-3.189418e-03,-6.596128e-03,2.031941e-02,6.068594e-02
2.14500,0.352154,0.559413,2.786719e-01,2.588804e-01,9.523146e-01,1.268279e-01,-3.199471e-03,-6.590891e-03,2.031604e-02,6.069554e-02
2.14750,0.351850,0.559718,2.791599e-01,2.592567e-01,9.523119e-01,1.268290e-01,-3.209663e-03,-6.585542e-03,2.031270e-02,6.070513e-02
2.15000,0.351546,0.560024,2.796479e-01,2.596330e-01,9.523084e-01,1.268302e-01,-3.219889e-03,-6.579695e-03,2.030937e-02,6.071471e-02
2.15250,0.351242,0.560331,2.801359e-01,2.600094e-01,9.523047e-01,1.268313e-01,-3.229870e-03,-6.573502e-03,2.030606e-02,6.072429e-02
2.15500,0.350938,0.560638,2.806240e-01,2.603859e-01,9.523009e-01,1.268325e-01,-3.239586e-03,-6.567039e-03,2.030277e-02,6.073387e-02
2.15750,0.350635,0.560946,2.811122e-01,2.607625e-01,9.522977e-01,1.268336e-01,-3.249082e-03,-6.560694e-03,2.029951e-02,6.074344e-02
2.16000,0.350332,0.561255,2.816003e-01,2.611391e-01,9.522954e-01,1.268348e-01,-3.258786e-03,-6.554436e-03,2.029627e-02,6.075300e-02
2.16250,0.350029,0.561564,2.820892e-01,2.615157e-01,9.522943e-01,1.268359e-01,-3.268827e-03,-6.548312e-03,2.029304e-02,6.076256e-02
2.16500,0.349727,0.561874,2.825790e-01,2.618925e-01,9.522941e-01,1.268371e-01,-3.278825e-03,-6.543059e-03,2.028984e-02,6.077211e-02
2.16750,0.349425,0.562185,2.830687e-01,2.622692e-01,9.522943e-01,1.268382e-01,-3.288783e-03,-6.538086e-03,2.028667e-02,6.078166e-02
2.17000,0.349123,0.562496,2.835587e-01,2.626461e-01,9.522946e-01,1.268394e-01,-3.298850e-03,-6.532871e-03,2.028352e-02,6.079120e-02
2.17250,0.348822,0.562808,2.840501e-01,2.630230e-01,9.522947e-01,1.268405e-01,-3.309464e-03,-6.526900e-03,2.028035e-02,6.080074e-02
2.17500,0.348521,0.563120,2.845415e-01,2.634000e-01,9.522943e-01,1.268417e-01,-3.320403e-03,-6.520322e-03,2.027719e-02,6.081027e-02
2.17750,0.348220,0.563433,2.850330e-01,2.637770e-01,9.522933e-01,1.268428e-01,-3.331416e-03,-6.513933e-03,2.027403e-02,6.081980e-02
2.18000,0.347920,0.563747,2.855245e-01,2.641541e-01,9.522919e-01,1.268440e-01,-3.342199e-03,-6.508109e-03,2.027092e-02,6.082933e-02
2.18250,0.347620,0.564062,2.860161e-01,2.645313e-01,9.522899e-01,1.268451e-01,-3.353017e-03,-6.502163e-03,2.026783e-02,6.083884e-02
2.18500,0.347320,0.564377,2.865077e-01,2.649085e-01,9.522873e-01,1.268463e-01,-3.363941e-03,-6.495960e-03,2.026477e-02,6.084836e-02
2.18750,0.347021,0.564693,2.869993e-01,2.652857e-01,9.522844e-01,1.268474e-01,-3.374956e-03,-6.489531e-03,2.026174e-02,6.085787e-02
2.19000,0.346722,0.565009,2.874910e-01,2.656631e-01,9.522810e-01,1.268486e-01,-3.385937e-03,-6.482864e-03,2.025873e-02,6.086737e-02
2.19250,0.346423,0.565326,2.879826e-01,2.660405e-01,9.522771e-01,1.268497e-01,-3.396974e-03,-6.476520e-03,2.025573e-02,6.087687e-02
2.19500,0.346125,0.565644,2.884743e-01,2.664179e-01,9.522731e-01,1.268508e-01,-3.407835e-03,-6.470273e-03,2.025274e-02,6.088636e-02
2.19750,0.345827,0.565962,2.889660e-01,2.667954e-01,9.522691e-01,1.268520e-01,-3.418785e-03,-6.463922e-03,2.024977e-02,6.089585e-02
2.20000,0.345529,0.566281,2.894578e-01,2.671730e-01,9.522651e-01,1.268531e-01,-3.429870e-03,-6.456804e-03,2.024678e-02,6.090533e-02
2.20250,0.345232,0.566601,2.899496e-01,2.675506e-01,9.522617e-01,1.268542e-01,-3.440704e-03,-6.449141e-03,2.024379e-02,6.091482e-02
2.20500,0.344935,0.566921,2.904419e-01,2.679283e-01,9.522587e-01,1.268554e-01,-3.451316e-03,-6.441274e-03,2.024082e-02,6.092429e-02
2.20750,0.344638,0.567242,2.909351e-01,2.683061e-01,9.522561e-01,1.268565e-01,-3.461558e-03,-6.433527e-03,2.023786e-02,6.093377e-02
2.21000,0.344342,0.567564,2.914284e-01,2.686839e-01,9.522538e-01,1.268576e-01,-3.471596e-03,-6.425533e-03,2.023493e-02,6.094324e-02
2.21250,0.344046,0.567886,2.919216e-01,2.690617e-01,9.522518e-01,1.268587e-01,-3.481544e-03,-6.417233e-03,2.023201e-02,6.095270e-02
2.21500,0.343750,0.568209,2.924152e-01,2.694397e-01,9.522502e-01,1.268599e-01,-3.491457e-03,-6.408804e-03,2.022911e-02,6.096217e-02
2.21750,0.343455,0.568532,2.929100e-01,2.698176e-01,9.522489e-01,1.268610e-01,-3.501253e-03,-6.400817e-03,2.022624e-02,6.097163e-02
2.22000,0.343160,0.568856,2.934047e-01,2.701957e-01,9.522481e-01,1.268621e-01,-3.511225e-03,-6.393339e-03,2.022340e-02,6.098108e-02
2.22250,0.342866,0.569181,2.938996e-01,2.705738e-01,9.522476e-01,1.268633e-01,-3.521282e-03,-6.386753e-03,2.022062e-02,6.099053e-02
2.22500,0.342572,0.569506,2.943944e-01,2.709519e-01,9.522473e-01,1.268644e-01,-3.531566e-03,-6.380774e-03,2.021787e-02,6.099998e-02
2.22750,0.342278,0.569832,2.948893e-01,2.713301e-01,9.522468e-01,1.268656e-01,-3.542198e-03,-6.374868e-03,2.021512e-02,6.100942e-02
2.23000,0.341984,0.570159,2.953843e-01,2.717084e-01,9.522462e-01,1.268667e-01,-3.553227e-03,-6.369141e-03,2.021240e-02,6.101886e-02
2.23250,0.341691,0.570486,2.958793e-01,2.720867e-01,9.522452e-01,1.268678e-01,-3.564545e-03,-6.363122e-03,2.020967e-02,6.102829e-02
2.23500,0.341399,0.570814,2.963743e-01,2.724651e-01,9.522437e-01,1.268690e-01,-3.575939e-03,-6.356841e-03,2.020696e-02,6.103772e-02
2.23750,0.341106,0.571142,2.968694e-01,2.728435e-01,9.522421e-01,1.268701e-01,-3.587230e-03,-6.350539e-03,2.020425e-02,6.104714e-02
2.24000,0.340814,0.571471,2.973645e-01,2.732220e-01,9.522407e-01,1.268712e-01,-3.598424e-03,-6.344278e-03,2.020157e-02,6.105656e-02
2.24250,0.340522,0.571801,2.978597e-01,2.736005e-01,9.522398e-01,1.268723e-01,-3.609919e-03,-6.337473e-03,2.019890e-02,6.106598e-02
2.24500,0.340231,0.572132,2.983549e-01,2.739791e-01,9.522398e-01,1.268735e-01,-3.621505e-03,-6.330003e-03,2.019625e-02,6.107539e-02
2.24750,0.339940,0.572463,2.988502e-01,2.743577e-01,9.522406e-01,1.268746e-01,-3.632911e-03,-6.321971e-03,2.019361e-02,6.108479e-02
2.25000,0.339650,0.572794,2.993455e-01,2.747364e-01,9.522417e-01,1.268757e-01,-3.644092e-03,-6.313240e-03,2.019096e-02,6.109420e-02
2.25250,0.339359,0.573127,2.998408e-01,2.751152e-01,9.522427e-01,1.268768e-01,-3.655290e-03,-6.304056e-03,2.018833e-02,6.110360e-02
2.25500,0.339070,0.573459,3.003362e-01,2.754940e-01,9.522430e-01,1.268779e-01,-3.666567e-03,-6.294975e-03,2.018570e-02,6.111300e-02
2.25750,0.338780,0.573793,3.008315e-01,2.758728e-01,9.522424e-01,1.268790e-01,-3.677867e-03,-6.286340e-03,2.018309e-02,6.112239e-02
2.26000,0.338491,0.574127,3.013269e-01,2.762518e-01,9.522408e-01,1.268802e-01,-3.689034e-03,-6.278068e-03,2.018051e-02,6.113178e-02
2.26250,0.338202,0.574462,3.018223e-01,2.766307e-01,9.522383e-01,1.268813e-01,-3.700286e-03,-6.269562e-03,2.017794e-02,6.114116e-02
2.26500,0.337914,0.574797,3.023183e-01,2.770097e-01,9.522353e-01,1.268824e-01,-3.711756e-03,-6.261090e-03,2.017537e-02,6.115055e-02
2.26750,0.337626,0.575133,3.028149e-01,2.773888e-01,9.522320e-01,1.268835e-01,-3.722722e-03,-6.252794e-03,2.017283e-02,6.115993e-02
2.27000,0.337338,0.575470,3.033116e-01,2.777679e-01,9.522289e-01,1.268846e-01,-3.733085e-03,-6.244816e-03,2.017030e-02,6.116930e-02
2.27250,0.337051,0.575807,3.038084e-01,2.781471e-01,9.522259e-01,1.268857e-01,-3.743213e-03,-6.236725e-03,2.016780e-02,6.117867e-02
2.27500,0.336764,0.576145,3.043052e-01,2.785263e-01,9.522232e-01,1.268869e-01,-3.753628e-03,-6.228588e-03,2.016532e-02,6.118804e-02
2.27750,0.336477,0.576484,3.048026e-01,2.789056e-01,9.522205e-01,1.268880e-01,-3.764108e-03,-6.220259e-03,2.016285e-02,6.119740e-02
2.28000,0.336191,0.576823,3.053008e-01,2.792849e-01,9.522178e-01,1.268891e-01,-3.774629e-03,-6.211701e-03,2.016039e-02,6.120677e-02
2.28250,0.335906,0.577162,3.057990e-01,2.796642e-01,9.522151e-01,1.268902e-01,-3.785412e-03,-6.203052e-03,2.015794e-02,6.121612e-02
2.28500,0.335620,0.577503,3.062972e-01,2.800437e-01,9.522126e-01,1.268913e-01,-3.796579e-03,-6.194633e-03,2.015550e-02,6.122548e-02
2.28750,0.335335,0.577844,3.067954e-01,2.804231e-01,9.522104e-01,1.268924e-01,-3.807584e-03,-6.186881e-03,2.015309e-02,6.123483e-02
2.29000,0.335051,0.578185,3.072937e-01,2.808026e-01,9.522088e-01,1.268935e-01,-3.818367e-03,-6.179680e-03,2.015071e-02,6.124418e-02
2.29250,0.334766,0.578527,3.077921e-01,2.811822e-01,9.522081e-01,1.268946e-01,-3.829211e-03,-6.172670e-03,2.014834e-02,6.125352e-02
2.29500,0.334482,0.578870,3.082905e-01,2.815618e-01,9.522081e-01,1.268957e-01,-3.840430e-03,-6.165303e-03,2.014599e-02,6.126286e-02
2.29750,0.334199,0.579213,3.087889e-01,2.819415e-01,9.522089e-01,1.268969e-01,-3.852233e-03,-6.157283e-03,2.014363e-02,6.127219e-02
2.30000,0.333916,0.579558,3.092874e-01,2.823212e-01,9.522102e-01,1.268980e-01,-3.864318e-03,-6.148836e-03,2.014129e-02,6.128152e-02
2.30250,0.333633,0.579902,3.097859e-01,2.827009e-01,9.522118e-01,1.268991e-01,-3.876492e-03,-6.140101e-03,2.013896e-02,6.129084e-02
2.30500,0.333351,0.580247,3.102845e-01,2.830807e-01,9.522135e-01,1.269002e-01,-3.888703e-03,-6.130776e-03,2.013664e-02,6.130016e-02
2.30750,0.333069,0.580593,3.107831e-01,2.834606e-01,9.522151e-01,1.269013e-01,-3.901098e-03,-6.120667e-03,2.013432e-02,6.130948e-02
2.31000,0.332787,0.580940,3.112818e-01,2.838405e-01,9.522165e-01,1.269024e-01,-3.913576e-03,-6.110257e-03,2.013199e-02,6.131879e-02
2.31250,0.332506,0.581287,3.117805e-01,2.842204e-01,9.522175e-01,1.269035e-01,-3.925713e-03,-6.100503e-03,2.012969e-02,6.132810e-02
2.31500,0.332226,0.581634,3.122792e-01,2.846004e-01,9.522180e-01,1.269046e-01,-3.937518e-03,-6.090871e-03,2.012741e-02,6.133741e-02
2.31750,0.331945,0.581983,3.127780e-01,2.849804e-01,9.522179e-01,1.269057e-01,-3.948984e-03,-6.081769e-03,2.012515e-02,6.134671e-02
2.32000,0.331665,0.582331,3.132768e-01,2.853605e-01,9.522171e-01,1.269068e-01,-3.960332e-03,-6.073290e-03,2.012291e-02,6.135601e-02
2.32250,0.331386,0.582681,3.137755e-01,2.857406e-01,9.522157e-01,1.269079e-01,-3.971539e-03,-6.065444e-03,2.012067e-02,6.136530e-02
2.32500,0.331107,0.583031,3.142743e-01,2.861207e-01,9.522137e-01,1.269090e-01,-3.982797e-03,-6.057869e-03,2.011844e-02,6.137459e-02
2.32750,0.330828,0.583382,3.147731e-01,2.865009e-01,9.521875e-01,1.269101e-01,-3.994491e-03,-6.049880e-03,2.011622e-02,6.138387e-02
2.33000,0.330549,0.583733,3.152719e-01,2.868812e-01,9.521541e-01,1.269112e-01,-4.006804e-03,-6.041170e-03,2.011399e-02,6.139315e-02
2.33250,0.330271,0.584085,3.157707e-01,2.872614e-01,9.521225e-01,1.269123e-01,-4.019207e-03,-6.032100e-03,2.011176e-02,6.140243e-02
2.33500,0.329994,0.584437,3.162696e-01,2.876418e-01,9.520930e-01,1.269134e-01,-4.031270e-03,-6.022822e-03,2.010955e-02,6.141170e-02
2.33750,0.329717,0.584790,3.167685e-01,2.880221e-01,9.520657e-01,1.269145e-01,-4.042565e-03,-6.013473e-03,2.010737e-02,6.142097e-02
2.34000,0.329440,0.585144,3.172674e-01,2.884025e-01,9.520407e-01,1.269156e-01,-4.053304e-03,-6.004128e-03,2.010522e-02,6.143024e-02
2.34250,0.329164,0.585498,3.177663e-01,2.887830e-01,9.520180e-01,1.269167e-01,-4.063913e-03,-5.994535e-03,2.010308e-02,6.143950e-02
2.34500,0.328888,0.585853,3.182655e-01,2.891634e-01,9.519974e-01,1.269178e-01,-4.074437e-03,-5.985034e-03,2.010096e-02,6.144875e-02
2.34750,0.328612,0.586208,3.187658e-01,2.895440e-01,9.519784e-01,1.269188e-01,-4.085240e-03,-5.975253e-03,2.009885e-02,6.145801e-02
2.35000,0.328337,0.586564,3.192660e-01,2.899245e-01,9.519605e-01,1.269199e-01,-4.096329e-03,-5.965313e-03,2.009674e-02,6.146725e-02
2.35250,0.328062,0.586921,3.197663e-01,2.903051e-01,9.519430e-01,1.269210e-01,-4.107720e-03,-5.955075e-03,2.009462e-02,6.147650e-02
2.35500,0.327788,0.587278,3.202667e-01,2.906858e-01,9.519254e-01,1.269221e-01,-4.119445e-03,-5.944442e-03,2.009247e-02,6.148574e-02
2.35750,0.327514,0.587636,3.207671e-01,2.910664e-01,9.519072e-01,1.269232e-01,-4.131584e-03,-5.933951e-03,2.009033e-02,6.149497e-02
2.36000,0.327241,0.587994,3.212687e-01,2.914472e-01,9.518879e-01,1.269243e-01,-4.144266e-03,-5.923820e-03,2.008817e-02,6.150420e-02
2.36250,0.326968,0.588353,3.217704e-01,2.918279e-01,9.518668e-01,1.269254e-01,-4.156991e-03,-5.913531e-03,2.008600e-02,6.151343e-02
2.36500,0.326695,0.588713,3.222721e-01,2.922087e-01,9.518434e-01,1.269265e-01,-4.169551e-03,-5.903050e-03,2.008383e-02,6.152265e-02
2.36750,0.326423,0.589073,3.227738e-01,2.925895e-01,9.518175e-01,1.269275e-01,-4.181891e-03,-5.892476e-03,2.008167e-02,6.153187e-02
2.37000,0.326151,0.589434,3.232755e-01,2.929704e-01,9.517894e-01,1.269286e-01,-4.194238e-03,-5.882005e-03,2.007953e-02,6.154108e-02
2.37250,0.325880,0.589795,3.237773e-01,2.933512e-01,9.517596e-01,1.269297e-01,-4.206545e-03,-5.871441e-03,2.007740e-02,6.155029e-02
2.37500,0.325609,0.590157,3.242790e-01,2.937322e-01,9.517286e-01,1.269308e-01,-4.219144e-03,-5.860831e-03,2.007529e-02,6.155950e-02
2.37750,0.325338,0.590519,3.247808e-01,2.941131e-01,9.516965e-01,1.269319e-01,-4.231713e-03,-5.850602e-03,2.007319e-02,6.156870e-02
2.38000,0.325068,0.590882,3.252826e-01,2.944941e-01,9.516636e-01,1.269330e-01,-4.244118e-03,-5.841132e-03,2.007111e-02,6.157790e-02
2.38250,0.324798,0.591246,3.257844e-01,2.948751e-01,9.516303e-01,1.269340e-01,-4.256567e-03,-5.832328e-03,2.006905e-02,6.158709e-02
2.38500,0.324529,0.591610,3.262863e-01,2.952562e-01,9.515976e-01,1.269351e-01,-4.269211e-03,-5.823481e-03,2.006701e-02,6.159627e-02
2.38750,0.324260,0.591975,3.267881e-01,2.956373e-01,9.515662e-01,1.269362e-01,-4.282379e-03,-5.813713e-03,2.006495e-02,6.160545e-02
2.39000,0.323992,0.592340,3.272900e-01,2.960184e-01,9.515365e-01,1.269373e-01,-4.295684e-03,-5.803403e-03,2.006289e-02,6.161462e-02
2.39250,0.323724,0.592706,3.277920e-01,2.963995e-01,9.515088e-01,1.269384e-01,-4.308513e-03,-5.793083e-03,2.006084e-02,6.162379e-02
2.39500,0.323456,0.593073,3.282939e-01,2.967807e-01,9.514831e-01,1.269395e-01,-4.320739e-03,-5.782621e-03,2.005881e-02,6.163295e-02
2.39750,0.323189,0.593440,3.287959e-01,2.971619e-01,9.514591e-01,1.269405e-01,-4.332624e-03,-5.771958e-03,2.005678e-02,6.164211e-02
2.40000,0.322922,0.593807,3.292980e-01,2.975431e-01,9.514368e-01,1.269416e-01,-4.344485e-03,-5.761263e-03,2.005477e-02,6.165126e-02
2.40250,0.322656,0.594176,3.298001e-01,2.979244e-01,9.514162e-01,1.269427e-01,-4.356463e-03,-5.750808e-03,2.005277e-02,6.166040e-02
2.40500,0.322390,0.594544,3.303022e-01,2.983057e-01,9.513969e-01,1.269438e-01,-4.368225e-03,-5.739981e-03,2.005077e-02,6.166954e-02
2.40750,0.322125,0.594914,3.308044e-01,2.986870e-01,9.513781e-01,1.269448e-01,-4.379571e-03,-5.728703e-03,2.004876e-02,6.167867e-02
2.41000,0.321860,0.595284,3.313067e-01,2.990683e-01,9.513592e-01,1.269459e-01,-4.390947e-03,-5.717429e-03,2.004675e-02,6.168779e-02
2.41250,0.321595,0.595654,3.318090e-01,2.994497e-01,9.513398e-01,1.269470e-01,-4.402625e-03,-5.706294e-03,2.004474e-02,6.169691e-02
2.41500,0.321331,0.596025,3.323113e-01,2.998311e-01,9.513200e-01,1.269481e-01,-4.414682e-03,-5.695691e-03,2.004273e-02,6.170603e-02
2.41750,0.321068,0.596397,3.328136e-01,3.002125e-01,9.512998e-01,1.269491e-01,-4.427178e-03,-5.684807e-03,2.004072e-02,6.171513e-02
2.42000,0.320805,0.596769,3.333160e-01,3.005939e-01,9.512790e-01,1.269502e-01,-4.440129e-03,-5.673615e-03,2.003869e-02,6.172423e-02
2.42250,0.320542,0.597142,3.338184e-01,3.009754e-01,9.512573e-01,1.269513e-01,-4.453522e-03,-5.662086e-03,2.003664e-02,6.173332e-02
2.42500,0.320280,0.597515,3.343207e-01,3.013569e-01,9.512340e-01,1.269523e-01,-4.466980e-03,-5.650530e-03,2.003458e-02,6.174241e-02
2.42750,0.320018,0.597889,3.348231e-01,3.017384e-01,9.512089e-01,1.269534e-01,-4.480530e-03,-5.639250e-03,2.003251e-02,6.175149e-02
2.43000,0.319756,0.598263,3.353254e-01,3.021199e-01,9.511822e-01,1.269545e-01,-4.493970e-03,-5.628237e-03,2.003043e-02,6.176057e-02
2.43250,0.319495,0.598638,3.358278e-01,3.025015e-01,9.511540e-01,1.269555e-01,-4.507199e-03,-5.617404e-03,2.002836e-02,6.176964e-02
2.43500,0.319235,0.599014,3.363302e-01,3.028831e-01,9.511244e-01,1.269566e-01,-4.520533e-03,-5.606307e-03,2.002630e-02,6.177870e-02
2.43750,0.318975,0.599390,3.368326e-01,3.032646e-01,9.510937e-01,1.269577e-01,-4.534117e-03,-5.594403e-03,2.002421e-02,6.178775e-02
2.44000,0.318715,0.599766,3.373350e-01,3.036463e-01,9.510624e-01,1.269587e-01,-4.547621e-03,-5.582281e-03,2.002213e-02,6.179680e-02
2.44250,0.318456,0.600144,3.378374e-01,3.040279e-01,9.510308e-01,1.269598e-01,-4.560958e-03,-5.569964e-03,2.002004e-02,6.180584e-02
2.44500,0.318198,0.600521,3.383399e-01,3.044095e-01,9.509999e-01,1.269609e-01,-4.574251e-03,-5.557391e-03,2.001796e-02,6.181488e-02
2.44750,0.317939,0.600900,3.388424e-01,3.047912e-01,9.509705e-01,1.269619e-01,-4.587572e-03,-5.544550e-03,2.001586e-02,6.182390e-02
2.45000,0.317682,0.601278,3.393461e-01,3.051729e-01,9.509428e-01,1.269630e-01,-4.600814e-03,-5.532016e-03,2.001376e-02,6.183292e-02
2.45250,0.317424,0.601658,3.398499e-01,3.055546e-01,9.509169e-01,1.269641e-01,-4.613763e-03,-5.519825e-03,2.001167e-02,6.184194e-02
2.45500,0.317168,0.602038,3.403537e-01,3.059363e-01,9.508926e-01,1.269651e-01,-4.626488e-03,-5.507763e-03,2.000960e-02,6.185094e-02
2.45750,0.316911,0.602418,3.408576e-01,3.063180e-01,9.508698e-01,1.269662e-01,-4.638737e-03,-5.496167e-03,2.000755e-02,6.185993e-02
2.46000,0.316655,0.602799,3.413618e-01,3.066997e-01,9.508487e-01,1.269673e-01,-4.651219e-03,-5.485132e-03,2.000550e-02,6.186892e-02
2.46250,0.316400,0.603181,3.418668e-01,3.070815e-01,9.508293e-01,1.269683e-01,-4.663933e-03,-5.474438e-03,2.000345e-02,6.187790e-02
2.46500,0.316145,0.603563,3.423718e-01,3.074632e-01,9.508114e-01,1.269694e-01,-4.676939e-03,-5.463455e-03,2.000138e-02,6.188686e-02
2.46750,0.315890,0.603946,3.428768e-01,3.078450e-01,9.507945e-01,1.269704e-01,-4.690646e-03,-5.451746e-03,1.999930e-02,6.189582e-02
2.47000,0.315636,0.604329,3.433818e-01,3.082268e-01,9.507778e-01,1.269715e-01,-4.704894e-03,-5.438918e-03,1.999720e-02,6.190477e-02
2.47250,0.315383,0.604713,3.438869e-01,3.086086e-01,9.507606e-01,1.269725e-01,-4.718932e-03,-5.425762e-03,1.999509e-02,6.191371e-02
2.47500,0.315130,0.605097,3.443919e-01,3.089904e-01,9.507424e-01,1.269736e-01,-4.732444e-03,-5.412910e-03,1.999298e-02,6.192264e-02
2.47750,0.314877,0.605482,3.448970e-01,3.093722e-01,9.507230e-01,1.269747e-01,-4.745782e-03,-5.400059e-03,1.999087e-02,6.193157e-02
2.48000,0.314625,0.605867,3.454022e-01,3.097540e-01,9.507021e-01,1.269757e-01,-4.759137e-03,-5.387127e-03,1.998877e-02,6.194048e-02
2.48250,0.314374,0.606253,3.459074e-01,3.101359e-01,9.506791e-01,1.269768e-01,-4.772344e-03,-5.374392e-03,1.998666e-02,6.194939e-02
2.48500,0.314122,0.606639,3.464126e-01,3.105177e-01,9.506539e-01,1.269778e-01,-4.785844e-03,-5.361518e-03,1.998453e-02,6.195828e-02
2.48750,0.313872,0.607026,3.469179e-01,3.108995e-01,9.506259e-01,1.269789e-01,-4.799202e-03,-5.348620e-03,1.998237e-02,6.196717e-02
2.49000,0.313621,0.607414,3.474233e-01,3.112814e-01,9.505954e-01,1.269799e-01,-4.813012e-03,-5.335481e-03,1.998017e-02,6.197604e-02
2.49250,0.313372,0.607802,3.479287e-01,3.116632e-01,9.505634e-01,1.269810e-01,-4.827486e-03,-5.322191e-03,1.997792e-02,6.198490e-02
2.49500,0.313123,0.608190,3.484341e-01,3.120451e-01,9.505308e-01,1.269820e-01,-4.842371e-03,-5.309272e-03,1.997567e-02,6.199376e-02
2.49750,0.312874,0.608579,3.489395e-01,3.124269e-01,9.504986e-01,1.269831e-01,-4.856686e-03,-5.296621e-03,1.997343e-02,6.200260e-02
2.50000,0.312625,0.608969,3.494450e-01,3.128088e-01,9.504673e-01,1.269841e-01,-4.870616e-03,-5.283703e-03,1.997120e-02,6.201143e-02
2.50250,0.312378,0.609359,3.499505e-01,3.131906e-01,9.504373e-01,1.269852e-01,-4.884237e-03,-5.270483e-03,1.996897e-02,6.202025e-02
2.50500,0.312130,0.609749,3.504560e-01,3.135725e-01,9.504093e-01,1.269862e-01,-4.897409e-03,-5.257673e-03,1.996674e-02,6.202906e-02
2.50750,0.311884,0.610141,3.509615e-01,3.139543e-01,9.503841e-01,1.269873e-01,-4.910763e-03,-5.244839e-03,1.996453e-02,6.203785e-02
2.51000,0.311637,0.610532,3.514670e-01,3.143362e-01,9.503619e-01,1.269883e-01,-4.924659e-03,-5.231766e-03,1.996231e-02,6.204664e-02
2.51250,0.311392,0.610924,3.519726e-01,3.147181e-01,9.503426e-01,1.269894e-01,-4.938847e-03,-5.218181e-03,1.996008e-02,6.205541e-02
2.51500,0.311146,0.611317,3.524781e-01,3.150999e-01,9.503253e-01,1.269904e-01,-4.953150e-03,-5.204075e-03,1.995783e-02,6.206417e-02
2.51750,0.310901,0.611710,3.529837e-01,3.154817e-01,9.503094e-01,1.269915e-01,-4.967390e-03,-5.190204e-03,1.995556e-02,6.207292e-02
2.52000,0.310657,0.612104,3.534893e-01,3.158636e-01,9.502943e-01,1.269925e-01,-4.981587e-03,-5.176297e-03,1.995328e-02,6.208165e-02
2.52250,0.310413,0.612498,3.539949e-01,3.162454e-01,9.502795e-01,1.269935e-01,-4.995850e-03,-5.162611e-03,1.995100e-02,6.209037e-02
2.52500,0.310170,0.612893,3.545005e-01,3.166273e-01,9.502644e-01,1.269946e-01,-5.010424e-03,-5.149007e-03,1.994871e-02,6.209908e-02
2.52750,0.309927,0.613288,3.550062e-01,3.170091e-01,9.502483e-01,1.269956e-01,-5.025221e-03,-5.134952e-03,1.994638e-02,6.210778e-02
2.53000,0.309685,0.613684,3.555119e-01,3.173909e-01,9.502307e-01,1.269966e-01,-5.040151e-03,-5.120114e-03,1.994402e-02,6.211646e-02
2.53250,0.309443,0.614080,3.560177e-01,3.177727e-01,9.502105e-01,1.269977e-01,-5.054950e-03,-5.105456e-03,1.994163e-02,6.212513e-02
2.53500,0.309202,0.614477,3.565235e-01,3.181545e-01,9.501872e-01,1.269987e-01,-5.069652e-03,-5.091339e-03,1.993923e-02,6.213378e-02
2.53750,0.308961,0.614874,3.570294e-01,3.185363e-01,9.501609e-01,1.269998e-01,-5.084992e-03,-5.076831e-03,1.993681e-02,6.214242e-02
2.54000,0.308721,0.615272,3.575353e-01,3.189180e-01,9.501320e-01,1.270008e-01,-5.100686e-03,-5.062052e-03,1.993436e-02,6.215105e-02
2.54250,0.308481,0.615670,3.580412e-01,3.192998e-01,9.501010e-01,1.270018e-01,-5.116122e-03,-5.047863e-03,1.993190e-02,6.215966e-02
2.54500,0.308242,0.616069,3.585472e-01,3.196815e-01,9.500686e-01,1.270029e-01,-5.131282e-03,-5.033656e-03,1.992944e-02,6.216825e-02
2.54750,0.308003,0.616468,3.590531e-01,3.200633e-01,9.500354e-01,1.270039e-01,-5.145593e-03,-5.019652e-03,1.992700e-02,6.217683e-02
2.55000,0.307765,0.616868,3.595591e-01,3.204450e-01,9.500025e-01,1.270050e-01,-5.159679e-03,-5.005716e-03,1.992455e-02,6.218540e-02
2.55250,0.307527,0.617268,3.600651e-01,3.208267e-01,9.499713e-01,1.270060e-01,-5.174120e-03,-4.991532e-03,1.992210e-02,6.219394e-02
2.55500,0.307290,0.617669,3.605712e-01,3.212083e-01,9.499428e-01,1.270071e-01,-5.189255e-03,-4.976929e-03,1.991962e-02,6.220247e-02
2.55750,0.307053,0.618070,3.610772e-01,3.215900e-01,9.499177e-01,1.270081e-01,-5.204066e-03,-4.962455e-03,1.991714e-02,6.221098e-02
2.56000,0.306817,0.618472,3.615832e-01,3.219716e-01,9.498959e-01,1.270091e-01,-5.218648e-03,-4.948052e-03,1.991466e-02,6.221947e-02
2.56250,0.306581,0.618874,3.620892e-01,3.223533e-01,9.498770e-01,1.270102e-01,-5.233141e-03,-4.933637e-03,1.991217e-02,6.222795e-02
2.56500,0.306346,0.619277,3.625953e-01,3.227349e-01,9.498604e-01,1.270112e-01,-5.247724e-03,-4.919288e-03,1.990966e-02,6.223641e-02
2.56750,0.306112,0.619680,3.631014e-01,3.231164e-01,9.498454e-01,1.270122e-01,-5.262441e-03,-4.904910e-03,1.990713e-02,6.224485e-02
2.57000,0.305878,0.620084,3.636075e-01,3.234980e-01,9.498315e-01,1.270133e-01,-5.277474e-03,-4.890185e-03,1.990455e-02,6.225327e-02
2.57250,0.305644,0.620488,3.641145e-01,3.238795e-01,9.498182e-01,1.270143e-01,-5.292821e-03,-4.875353e-03,1.990194e-02,6.226167e-02
2.57500,0.305411,0.620893,3.646219e-01,3.242610e-01,9.498047e-01,1.270153e-01,-5.308729e-03,-4.860154e-03,1.989930e-02,6.227006e-02
2.57750,0.305179,0.621298,3.651293e-01,3.246425e-01,9.497901e-01,1.270164e-01,-5.324730e-03,-4.843767e-03,1.989661e-02,6.227843e-02
2.58000,0.304947,0.621703,3.656373e-01,3.250240e-01,9.497733e-01,1.270174e-01,-5.340904e-03,-4.827262e-03,1.989390e-02,6.228678e-02
2.58250,0.304716,0.622109,3.661459e-01,3.254054e-01,9.497537e-01,1.270184e-01,-5.356936e-03,-4.811102e-03,1.989117e-02,6.229511e-02
2.58500,0.304485,0.622516,3.666544e-01,3.257868e-01,9.497309e-01,1.270194e-01,-5.372876e-03,-4.794502e-03,1.988845e-02,6.230342e-02
2.58750,0.304254,0.622923,3.671630e-01,3.261681e-01,9.497052e-01,1.270205e-01,-5.388865e-03,-4.777402e-03,1.988571e-02,6.231171e-02
2.59000,0.304025,0.623330,3.676717e-01,3.265495e-01,9.496767e-01,1.270215e-01,-5.404530e-03,-4.760703e-03,1.988297e-02,6.231998e-02
2.59250,0.303795,0.623738,3.681804e-01,3.269308e-01,9.496461e-01,1.270225e-01,-5.420019e-03,-4.744192e-03,1.988022e-02,6.232823e-02
2.59500,0.303567,0.624147,3.686891e-01,3.273120e-01,9.496137e-01,1.270235e-01,-5.435697e-03,-4.727784e-03,1.987744e-02,6.233646e-02
2.59750,0.303339,0.624556,3.691979e-01,3.276933e-01,9.495806e-01,1.270246e-01,-5.451427e-03,-4.711772e-03,1.987463e-02,6.234467e-02
2.60000,0.303111,0.624965,3.697068e-01,3.280745e-01,9.495483e-01,1.270256e-01,-5.467408e-03,-4.695598e-03,1.987178e-02,6.235285e-02
2.60250,0.302884,0.625375,3.702157e-01,3.284556e-01,9.495184e-01,1.270266e-01,-5.483527e-03,-4.679408e-03,1.986891e-02,6.236102e-02
2.60500,0.302658,0.625785,3.707246e-01,3.288367e-01,9.494918e-01,1.270276e-01,-5.499080e-03,-4.663283e-03,1.986602e-02,6.236915e-02
2.60750,0.302432,0.626196,3.712337e-01,3.292178e-01,9.494686e-01,1.270287e-01,-5.514521e-03,-4.646984e-03,1.986311e-02,6.237726e-02
2.61000,0.302206,0.626607,3.717427e-01,3.295989e-01,9.494487e-01,1.270297e-01,-5.530385e-03,-4.630825e-03,1.986018e-02,6.238535e-02
2.61250,0.301981,0.627019,3.722518e-01,3.299799e-01,9.494316e-01,1.270307e-01,-5.546485e-03,-4.615224e-03,1.985722e-02,6.239341e-02
2.61500,0.301757,0.627431,3.727610e-01,3.303608e-01,9.494166e-01,1.270318e-01,-5.562916e-03,-4.599343e-03,1.985424e-02,6.240145e-02
2.61750,0.301534,0.627844,3.732701e-01,3.307417e-01,9.494032e-01,1.270328e-01,-5.579788e-03,-4.582556e-03,1.985123e-02,6.240946e-02
2.62000,0.301310,0.628257,3.737793e-01,3.311226e-01,9.493907e-01,1.270338e-01,-5.596791e-03,-4.565026e-03,1.984820e-02,6.241745e-02
2.62250,0.301088,0.628670,3.742886e-01,3.315034e-01,9.493785e-01,1.270348e-01,-5.614022e-03,-4.546967e-03,1.984516e-02,6.242542e-02
2.62500,0.300866,0.629084,3.747978e-01,3.318842e-01,9.493655e-01,1.270359e-01,-5.631411e-03,-4.528659e-03,1.984210e-02,6.243336e-02
2.62750,0.300644,0.629498,3.753071e-01,3.322649e-01,9.493508e-01,1.270369e-01,-5.649048e-03,-4.510907e-03,1.983902e-02,6.244128e-02
2.63000,0.300424,0.629913,3.758163e-01,3.326456e-01,9.493334e-01,1.270379e-01,-5.665987e-03,-4.493820e-03,1.983594e-02,6.244917e-02
2.63250,0.300203,0.630329,3.763256e-01,3.330262e-01,9.493129e-01,1.270389e-01,-5.682736e-03,-4.476261e-03,1.983287e-02,6.245703e-02
2.63500,0.299983,0.630744,3.768350e-01,3.334068e-01,9.492892e-01,1.270399e-01,-5.699446e-03,-4.458428e-03,1.982978e-02,6.246486e-02
2.63750,0.299764,0.631160,3.773444e-01,3.337873e-01,9.492625e-01,1.270410e-01,-5.715853e-03,-4.441209e-03,1.982667e-02,6.247267e-02
2.64000,0.299546,0.631577,3.778538e-01,3.341678e-01,9.492333e-01,1.270420e-01,-5.732028e-03,-4.424544e-03,1.982356e-02,6.248044e-02
2.64250,0.299328,0.631994,3.783633e-01,3.345482e-01,9.492023e-01,1.270430e-01,-5.748042e-03,-4.407468e-03,1.982043e-02,6.248819e-02
2.64500,0.299110,0.632412,3.788728e-01,3.349286e-01,9.491703e-01,1.270440e-01,-5.764359e-03,-4.390456e-03,1.981727e-02,6.249590e-02
2.64750,0.298893,0.632829,3.793825e-01,3.353089e-01,9.491387e-01,1.270450e-01,-5.780926e-03,-4.373337e-03,1.981408e-02,6.250358e-02
2.65000,0.298677,0.633248,3.798921e-01,3.356891e-01,9.491091e-01,1.270461e-01,-5.797959e-03,-4.355885e-03,1.981084e-02,6.251123e-02
2.65250,0.298461,0.633667,3.804019e-01,3.360693e-01,9.490826e-01,1.270471e-01,-5.815556e-03,-4.338025e-03,1.980753e-02,6.251885e-02
2.65500,0.298246,0.634086,3.809117e-01,3.364494e-01,9.490597e-01,1.270481e-01,-5.833543e-03,-4.319750e-03,1.980418e-02,6.252643e-02
2.65750,0.298032,0.634505,3.814215e-01,3.368294e-01,9.490403e-01,1.270491e-01,-5.851831e-03,-4.300883e-03,1.980080e-02,6.253398e-02
2.66000,0.297818,0.634925,3.819314e-01,3.372094e-01,9.490240e-01,1.270501e-01,-5.870211e-03,-4.281266e-03,1.979739e-02,6.254150e-02
2.66250,0.297605,0.635346,3.824413e-01,3.375893e-01,9.490100e-01,1.270512e-01,-5.888441e-03,-4.261772e-03,1.979398e-02,6.254899e-02
2.66500,0.297392,0.635767,3.829513e-01,3.379692e-01,9.489976e-01,1.270522e-01,-5.906220e-03,-4.242584e-03,1.979056e-02,6.255644e-02
2.66750,0.297180,0.636188,3.834612e-01,3.383490e-01,9.489860e-01,1.270532e-01,-5.923772e-03,-4.223810e-03,1.978714e-02,6.256386e-02
2.67000,0.296968,0.636610,3.839712e-01,3.387287e-01,9.489746e-01,1.270542e-01,-5.941082e-03,-4.205194e-03,1.978373e-02,6.257125e-02
2.67250,0.296757,0.637032,3.844813e-01,3.391083e-01,9.489625e-01,1.270552e-01,-5.958719e-03,-4.186559e-03,1.978028e-02,6.257860e-02
2.67500,0.296547,0.637454,3.849913e-01,3.394879e-01,9.489487e-01,1.270563e-01,-5.976764e-03,-4.167690e-03,1.977680e-02,6.258591e-02
2.67750,0.296337,0.637877,3.855014e-01,3.398674e-01,9.489323e-01,1.270573e-01,-5.994901e-03,-4.149251e-03,1.977326e-02,6.259319e-02
2.68000,0.296128,0.638301,3.860116e-01,3.402468e-01,9.489129e-01,1.270583e-01,-6.013365e-03,-4.130620e-03,1.976967e-02,6.260043e-02
2.68250,0.295919,0.638725,3.865218e-01,3.406262e-01,9.488900e-01,1.270593e-01,-6.031939e-03,-4.111379e-03,1.976605e-02,6.260763e-02
2.68500,0.295711,0.639149,3.870320e-01,3.410054e-01,9.488641e-01,1.270603e-01,-6.050283e-03,-4.091968e-03,1.976242e-02,6.261480e-02
2.68750,0.295504,0.639573,3.875423e-01,3.413846e-01,9.488357e-01,1.270613e-01,-6.068480e-03,-4.072715e-03,1.975877e-02,6.262192e-02
2.69000,0.295297,0.639998,3.880527e-01,3.417637e-01,9.488057e-01,1.270624e-01,-6.086209e-03,-4.053445e-03,1.975514e-02,6.262901e-02
2.69250,0.295091,0.640424,3.885631e-01,3.421428e-01,9.487754e-01,1.270634e-01,-6.103529e-03,-4.033988e-03,1.975151e-02,6.263606e-02
2.69500,0.294886,0.640850,3.890741e-01,3.425217e-01,9.487458e-01,1.270644e-01,-6.121123e-03,-4.014116e-03,1.974786e-02,6.264306e-02
2.69750,0.294681,0.641276,3.895871e-01,3.429005e-01,9.487183e-01,1.270654e-01,-6.139480e-03,-3.994025e-03,1.974418e-02,6.265002e-02
2.70000,0.294476,0.641702,3.901000e-01,3.432793e-01,9.486940e-01,1.270664e-01,-6.159091e-03,-3.972675e-03,1.974041e-02,6.265695e-02
2.70250,0.294273,0.642129,3.906131e-01,3.436580e-01,9.486733e-01,1.270674e-01,-6.179636e-03,-3.950898e-03,1.973657e-02,6.266383e-02
2.70500,0.294070,0.642557,3.911262e-01,3.440366e-01,9.486562e-01,1.270685e-01,-6.200062e-03,-3.929007e-03,1.973268e-02,6.267067e-02
2.70750,0.293867,0.642984,3.916393e-01,3.444151e-01,9.486421e-01,1.270695e-01,-6.219864e-03,-3.906970e-03,1.972878e-02,6.267746e-02
2.71000,0.293666,0.643412,3.921525e-01,3.447935e-01,9.486300e-01,1.270705e-01,-6.239327e-03,-3.884990e-03,1.972487e-02,6.268421e-02
2.71250,0.293464,0.643841,3.926658e-01,3.451718e-01,9.486191e-01,1.270715e-01,-6.258840e-03,-3.863457e-03,1.972093e-02,6.269092e-02
2.71500,0.293264,0.644270,3.931791e-01,3.455500e-01,9.486087e-01,1.270725e-01,-6.278114e-03,-3.842333e-03,1.971699e-02,6.269758e-02
2.71750,0.293064,0.644699,3.936925e-01,3.459281e-01,9.485978e-01,1.270736e-01,-6.296824e-03,-3.821789e-03,1.971303e-02,6.270419e-02
2.72000,0.292865,0.645129,3.942060e-01,3.463062e-01,9.485856e-01,1.270746e-01,-6.315191e-03,-3.801874e-03,1.970908e-02,6.271076e-02
2.72250,0.292666,0.645559,3.947195e-01,3.466841e-01,9.485715e-01,1.270756e-01,-6.333553e-03,-3.781817e-03,1.970513e-02,6.271728e-02
2.72500,0.292468,0.645989,3.952331e-01,3.470619e-01,9.485549e-01,1.270766e-01,-6.352209e-03,-3.761594e-03,1.970118e-02,6.272375e-02
2.72750,0.292271,0.646420,3.957468e-01,3.474396e-01,9.485352e-01,1.270777e-01,-6.371445e-03,-3.740979e-03,1.969720e-02,6.273017e-02
2.73000,0.292074,0.646851,3.962606e-01,3.478172e-01,9.485122e-01,1.270787e-01,-6.390857e-03,-3.719978e-03,1.969320e-02,6.273655e-02
2.73250,0.291878,0.647283,3.967744e-01,3.481947e-01,9.484864e-01,1.270797e-01,-6.410250e-03,-3.699200e-03,1.968918e-02,6.274287e-02
2.73500,0.291683,0.647714,3.972883e-01,3.485721e-01,9.484586e-01,1.270807e-01,-6.429620e-03,-3.678272e-03,1.968515e-02,6.274914e-02
2.73750,0.291488,0.648147,3.978023e-01,3.489494e-01,9.484303e-01,1.270818e-01,-6.449615e-03,-3.656051e-03,1.968106e-02,6.275536e-02
2.74000,0.291294,0.648579,3.983164e-01,3.493265e-01,9.484028e-01,1.270828e-01,-6.469529e-03,-3.633496e-03,1.967695e-02,6.276153e-02
2.74250,0.291100,0.649012,3.988305e-01,3.497036e-01,9.483773e-01,1.270838e-01,-6.489664e-03,-3.610350e-03,1.967279e-02,6.276765e-02
2.74500,0.290907,0.649446,3.993447e-01,3.500805e-01,9.483546e-01,1.270848e-01,-6.509844e-03,-3.586903e-03,1.966860e-02,6.277371e-02
2.74750,0.290715,0.649879,3.998590e-01,3.504574e-01,9.483350e-01,1.270859e-01,-6.529885e-03,-3.564419e-03,1.966438e-02,6.277972e-02
2.75000,0.290524,0.650313,4.003733e-01,3.508341e-01,9.483186e-01,1.270869e-01,-6.549734e-03,-3.542524e-03,1.966014e-02,6.278567e-02
2.75250,0.290333,0.650748,4.008877e-01,3.512107e-01,9.483051e-01,1.270879e-01,-6.569687e-03,-3.520416e-03,1.965588e-02,6.279157e-02
2.75500,0.290143,0.651182,4.014022e-01,3.515871e-01,9.482938e-01,1.270889e-01,-6.590367e-03,-3.498019e-03,1.965156e-02,6.279741e-02
2.75750,0.289953,0.651617,4.019167e-01,3.519635e-01,9.482839e-01,1.270899e-01,-6.612344e-03,-3.475321e-03,1.964715e-02,6.280318e-02
2.76000,0.289764,0.652053,4.024314e-01,3.523397e-01,9.482745e-01,1.270910e-01,-6.634721e-03,-3.452572e-03,1.964271e-02,6.280890e-02
2.76250,0.289576,0.652488,4.029461e-01,3.527158e-01,9.482644e-01,1.270920e-01,-6.656847e-03,-3.429389e-03,1.963828e-02,6.281456e-02
2.76500,0.289388,0.652925,4.034608e-01,3.530917e-01,9.482529e-01,1.270930e-01,-6.678503e-03,-3.405990e-03,1.963387e-02,6.282016e-02
2.76750,0.289202,0.653361,4.039757e-01,3.534676e-01,9.482395e-01,1.270940e-01,-6.699795e-03,-3.381881e-03,1.962948e-02,6.282570e-02
2.77000,0.289015,0.653798,4.044906e-01,3.538433e-01,9.482235e-01,1.270951e-01,-6.720713e-03,-3.357404e-03,1.962510e-02,6.283117e-02
2.77250,0.288830,0.654235,4.050056e-01,3.542188e-01,9.482048e-01,1.270961e-01,-6.741298e-03,-3.332903e-03,1.962071e-02,6.283659e-02
2.77500,0.288645,0.654672,4.055207e-01,3.545943e-01,9.481835e-01,1.270971e-01,-6.762021e-03,-3.308316e-03,1.961631e-02,6.284194e-02
2.77750,0.288461,0.655110,4.060359e-01,3.549696e-01,9.481600e-01,1.270982e-01,-6.782798e-03,-3.283525e-03,1.961187e-02,6.284723e-02
2.78000,0.288277,0.655548,4.065511e-01,3.553447e-01,9.481351e-01,1.270992e-01,-6.803502e-03,-3.258437e-03,1.960739e-02,6.285245e-02
2.78250,0.288095,0.655986,4.070665e-01,3.557197e-01,9.481099e-01,1.271002e-01,-6.824255e-03,-3.233903e-03,1.960288e-02,6.285761e-02
2.78500,0.287913,0.656425,4.075819e-01,3.560946e-01,9.480859e-01,1.271013e-01,-6.845666e-03,-3.209594e-03,1.959831e-02,6.286271e-02
2.78750,0.287731,0.656864,4.080975e-01,3.564693e-01,9.480642e-01,1.271023e-01,-6.866728e-03,-3.185918e-03,1.959372e-02,6.286774e-02
2.79000,0.287551,0.657303,4.086131e-01,3.568439e-01,9.480457e-01,1.271034e-01,-6.887512e-03,-3.162819e-03,1.958911e-02,6.287270e-02
2.79250,0.287370,0.657743,4.091288e-01,3.572183e-01,9.480302e-01,1.271044e-01,-6.908002e-03,-3.139571e-03,1.958452e-02,6.287759e-02
2.79500,0.287191,0.658183,4.096446e-01,3.575926e-01,9.480176e-01,1.271054e-01,-6.928523e-03,-3.116183e-03,1.957993e-02,6.288241e-02
2.79750,0.287013,0.658623,4.101605e-01,3.579667e-01,9.480070e-01,1.271065e-01,-6.949834e-03,-3.091896e-03,1.957533e-02,6.288716e-02
2.80000,0.286835,0.659063,4.106765e-01,3.583407e-01,9.479976e-01,1.271075e-01,-6.972025e-03,-3.067268e-03,1.957071e-02,6.289184e-02
2.80250,0.286657,0.659504,4.111925e-01,3.587145e-01,9.479887e-01,1.271086e-01,-6.995258e-03,-3.042382e-03,1.956604e-02,6.289644e-02
2.80500,0.286481,0.659945,4.117087e-01,3.590882e-01,9.479796e-01,1.271096e-01,-7.018895e-03,-3.016920e-03,1.956134e-02,6.290097e-02
2.80750,0.286305,0.660387,4.122249e-01,3.594617e-01,9.479696e-01,1.271106e-01,-7.042406e-03,-2.990739e-03,1.955660e-02,6.290543e-02
2.81000,0.286130,0.660829,4.127412e-01,3.598350e-01,9.479579e-01,1.271117e-01,-7.066607e-03,-2.963531e-03,1.955180e-02,6.290981e-02
2.81250,0.285956,0.661271,4.132576e-01,3.602082e-01,9.479441e-01,1.271127e-01,-7.091228e-03,-2.936097e-03,1.954693e-02,6.291411e-02
2.81500,0.285782,0.661713,4.137741e-01,3.605812e-01,9.479277e-01,1.271138e-01,-7.115580e-03,-2.909351e-03,1.954203e-02,6.291833e-02
2.81750,0.285609,0.662156,4.142907e-01,3.609540e-01,9.479087e-01,1.271148e-01,-7.139745e-03,-2.882314e-03,1.953713e-02,6.292248e-02
2.82000,0.285437,0.662598,4.148074e-01,3.613267e-01,9.478875e-01,1.271159e-01,-7.163278e-03,-2.854919e-03,1.953223e-02,6.292655e-02
2.82250,0.285265,0.663042,4.153242e-01,3.616992e-01,9.478651e-01,1.271170e-01,-7.186176e-03,-2.828004e-03,1.952734e-02,6.293053e-02
2.82500,0.285094,0.663485,4.158410e-01,3.620715e-01,9.478428e-01,1.271180e-01,-7.208517e-03,-2.801549e-03,1.952246e-02,6.293443e-02
2.82750,0.284924,0.663929,4.163580e-01,3.624436e-01,9.478218e-01,1.271191e-01,-7.230493e-03,-2.775614e-03,1.951761e-02,6.293825e-02
2.83000,0.284755,0.664373,4.168750e-01,3.628156e-01,9.478034e-01,1.271201e-01,-7.251898e-03,-2.749717e-03,1.951281e-02,6.294199e-02
2.83250,0.284586,0.664817,4.173922e-01,3.631874e-01,9.477882e-01,1.271212e-01,-7.273905e-03,-2.723153e-03,1.950802e-02,6.294565e-02
2.83500,0.284418,0.665261,4.179095e-01,3.635590e-01,9.477761e-01,1.271223e-01,-7.296811e-03,-2.695964e-03,1.950322e-02,6.294922e-02
2.83750,0.284251,0.665706,4.184268e-01,3.639304e-01,9.477668e-01,1.271233e-01,-7.320348e-03,-2.668310e-03,1.949838e-02,6.295271e-02
2.84000,0.284085,0.666151,4.189443e-01,3.643016e-01,9.477595e-01,1.271244e-01,-7.344090e-03,-2.640573e-03,1.949352e-02,6.295611e-02
2.84250,0.283919,0.666597,4.194619e-01,3.646727e-01,9.477532e-01,1.271255e-01,-7.367864e-03,-2.612854e-03,1.948863e-02,6.295943e-02
2.84500,0.283754,0.667042,4.199797e-01,3.650435e-01,9.477473e-01,1.271266e-01,-7.391644e-03,-2.585239e-03,1.948373e-02,6.296265e-02
2.84750,0.283590,0.667488,4.204975e-01,3.654142e-01,9.477405e-01,1.271276e-01,-7.414831e-03,-2.557726e-03,1.947883e-02,6.296579e-02
2.85000,0.283427,0.667934,4.210154e-01,3.657846e-01,9.477323e-01,1.271287e-01,-7.437680e-03,-2.531175e-03,1.947393e-02,6.296884e-02
2.85250,0.283264,0.668380,4.215335e-01,3.661549e-01,9.477220e-01,1.271298e-01,-7.460460e-03,-2.504341e-03,1.946902e-02,6.297179e-02
2.85500,0.283102,0.668827,4.220516e-01,3.665250e-01,9.477092e-01,1.271309e-01,-7.483460e-03,-2.477028e-03,1.946409e-02,6.297466e-02
2.85750,0.282941,0.669274,4.225699e-01,3.668948e-01,9.476936e-01,1.271319e-01,-7.506668e-03,-2.449452e-03,1.945914e-02,6.297743e-02
2.86000,0.282780,0.669721,4.230882e-01,3.672645e-01,9.476756e-01,1.271330e-01,-7.530003e-03,-2.421465e-03,1.945416e-02,6.298010e-02
2.86250,0.282621,0.670168,4.236067e-01,3.676340e-01,9.476558e-01,1.271341e-01,-7.554039e-03,-2.393014e-03,1.944913e-02,6.298268e-02
2.86500,0.282462,0.670615,4.241253e-01,3.680032e-01,9.476353e-01,1.271352e-01,-7.579829e-03,-2.363916e-03,1.944402e-02,6.298516e-02
2.86750,0.282304,0.671063,4.246439e-01,3.683723e-01,9.476153e-01,1.271363e-01,-7.605880e-03,-2.334382e-03,1.943889e-02,6.298754e-02
2.87000,0.282146,0.671511,4.251627e-01,3.687411e-01,9.475972e-01,1.271374e-01,-7.632170e-03,-2.303825e-03,1.943376e-02,6.298982e-02
2.87250,0.281990,0.671959,4.256816e-01,3.691097e-01,9.475821e-01,1.271385e-01,-7.658448e-03,-2.273008e-03,1.942863e-02,6.299200e-02
2.87500,0.281834,0.672408,4.262006e-01,3.694781e-01,9.475706e-01,1.271396e-01,-7.684075e-03,-2.242959e-03,1.942353e-02,6.299407e-02
2.87750,0.281679,0.672856,4.267197e-01,3.698463e-01,9.475626e-01,1.271407e-01,-7.708961e-03,-2.213322e-03,1.941846e-02,6.299605e-02
2.88000,0.281524,0.673305,4.272390e-01,3.702142e-01,9.475575e-01,1.271418e-01,-7.734565e-03,-2.183169e-03,1.941337e-02,6.299791e-02
2.88250,0.281371,0.673754,4.277583e-01,3.705820e-01,9.475545e-01,1.271429e-01,-7.760506e-03,-2.152644e-03,1.940826e-02,6.299968e-02
2.88500,0.281218,0.674203,4.282778e-01,3.709495e-01,9.475524e-01,1.271441e-01,-7.785892e-03,-2.122628e-03,1.940314e-02,6.300134e-02
2.88750,0.281066,0.674653,4.287974e-01,3.713168e-01,9.475504e-01,1.271452e-01,-7.810581e-03,-2.093085e-03,1.939806e-02,6.300290e-02
2.89000,0.280915,0.675103,4.293171e-01,3.716838e-01,9.475472e-01,1.271463e-01,-7.835603e-03,-2.062569e-03,1.939298e-02,6.300434e-02
2.89250,0.280765,0.675552,4.298370e-01,3.720506e-01,9.475422e-01,1.271474e-01,-7.860547e-03,-2.031587e-03,1.938791e-02,6.300569e-02
2.89500,0.280615,0.676003,4.303569e-01,3.724172e-01,9.475347e-01,1.271486e-01,-7.885179e-03,-2.000209e-03,1.938286e-02,6.300692e-02
2.89750,0.280466,0.676453,4.308771e-01,3.727836e-01,9.475242e-01,1.271497e-01,-7.909317e-03,-1.969242e-03,1.937785e-02,6.300805e-02
2.90000,0.280318,0.676903,4.313973e-01,3.731497e-01,9.475107e-01,1.271508e-01,-7.933910e-03,-1.938587e-03,1.937286e-02,6.300907e-02
2.90250,0.280171,0.677354,4.319177e-01,3.735155e-01,9.474946e-01,1.271520e-01,-7.959252e-03,-1.907406e-03,1.936787e-02,6.300997e-02
2.90500,0.280025,0.677805,4.324382e-01,3.738811e-01,9.474768e-01,1.271531e-01,-7.984209e-03,-1.875535e-03,1.936289e-02,6.301076e-02
2.90750,0.279879,0.678256,4.329588e-01,3.742465e-01,9.474587e-01,1.271543e-01,-8.008527e-03,-1.843730e-03,1.935794e-02,6.301143e-02
2.91000,0.279734,0.678707,4.334796e-01,3.746116e-01,9.474419e-01,1.271554e-01,-8.033234e-03,-1.812395e-03,1.935298e-02,6.301199e-02
2.91250,0.279590,0.679158,4.340006e-01,3.749765e-01,9.474276e-01,1.271566e-01,-8.058176e-03,-1.781437e-03,1.934800e-02,6.301243e-02
2.91500,0.279447,0.679610,4.345216e-01,3.753411e-01,9.474169e-01,1.271577e-01,-8.083580e-03,-1.750173e-03,1.934298e-02,6.301276e-02
2.91750,0.279305,0.680062,4.350428e-01,3.757055e-01,9.474099e-01,1.271589e-01,-8.109548e-03,-1.718084e-03,1.933792e-02,6.301296e-02
2.92000,0.279163,0.680514,4.355641e-01,3.760696e-01,9.474063e-01,1.271601e-01,-8.136875e-03,-1.685669e-03,1.933279e-02,6.301305e-02
2.92250,0.279023,0.680966,4.360856e-01,3.764334e-01,9.474052e-01,1.271613e-01,-8.165371e-03,-1.653016e-03,1.932760e-02,6.301301e-02
2.92500,0.278883,0.681418,4.366072e-01,3.767970e-01,9.474056e-01,1.271624e-01,-8.194903e-03,-1.619559e-03,1.932237e-02,6.301284e-02
2.92750,0.278744,0.681870,4.371289e-01,3.771603e-01,9.474065e-01,1.271636e-01,-8.224524e-03,-1.586289e-03,1.931715e-02,6.301255e-02
2.93000,0.278606,0.682323,4.376507e-01,3.775233e-01,9.474068e-01,1.271648e-01,-8.253183e-03,-1.552858e-03,1.931199e-02,6.301213e-02
2.93250,0.278468,0.682775,4.381727e-01,3.778861e-01,9.474057e-01,1.271660e-01,-8.280974e-03,-1.519560e-03,1.930691e-02,6.301158e-02
2.93500,0.278332,0.683228,4.386948e-01,3.782486e-01,9.474026e-01,1.271672e-01,-8.307702e-03,-1.486453e-03,1.930192e-02,6.301090e-02
2.93750,0.278196,0.683681,4.392170e-01,3.786108e-01,9.473970e-01,1.271684e-01,-8.334344e-03,-1.452900e-03,1.929699e-02,6.301010e-02
2.94000,0.278061,0.684134,4.397394e-01,3.789728e-01,9.473888e-01,1.271697e-01,-8.361059e-03,-1.418283e-03,1.929208e-02,6.300916e-02
2.94250,0.277927,0.684588,4.402619e-01,3.793344e-01,9.472733e-01,1.271709e-01,-8.387089e-03,-1.384222e-03,1.928719e-02,6.300810e-02
2.94500,0.277794,0.685041,4.407846e-01,3.796958e-01,9.469319e-01,1.271721e-01,-8.412950e-03,-1.351091e-03,1.928232e-02,6.300690e-02
2.94750,0.277661,0.685494,4.413074e-01,3.800569e-01,9.465882e-01,1.271733e-01,-8.439376e-03,-1.318072e-03,1.927744e-02,6.300557e-02
2.95000,0.277530,0.685948,4.418304e-01,3.804177e-01,9.462421e-01,1.271746e-01,-8.465957e-03,-1.284117e-03,1.927255e-02,6.300411e-02
2.95250,0.277399,0.686402,4.423536e-01,3.807782e-01,9.458940e-01,1.271758e-01,-8.492723e-03,-1.250092e-03,1.926766e-02,6.300251e-02
2.95500,0.277269,0.686856,4.428784e-01,3.811384e-01,9.455441e-01,1.271770e-01,-8.519614e-03,-1.215952e-03,1.926280e-02,6.300078e-02
2.95750,0.277140,0.687310,4.434053e-01,3.814983e-01,9.451926e-01,1.271783e-01,-8.546844e-03,-1.181149e-03,1.925797e-02,6.299891e-02
2.96000,0.277012,0.687764,4.439325e-01,3.818579e-01,9.448398e-01,1.271795e-01,-8.574389e-03,-1.146096e-03,1.925318e-02,6.299691e-02
2.96250,0.276885,0.688218,4.444598e-01,3.822172e-01,9.444856e-01,1.271808e-01,-8.601602e-03,-1.110929e-03,1.924846e-02,6.299477e-02
2.96500,0.276759,0.688672,4.449873e-01,3.825762e-01,9.441299e-01,1.271820e-01,-8.628500e-03,-1.075786e-03,1.924378e-02,6.299249e-02
2.96750,0.276633,0.689127,4.455149e-01,3.829349e-01,9.437730e-01,1.271833e-01,-8.654865e-03,-1.040621e-03,1.923917e-02,6.299006e-02
2.97000,0.276509,0.689581,4.460427e-01,3.832933e-01,9.434148e-01,1.271846e-01,-8.681064e-03,-1.005513e-03,1.923462e-02,6.298750e-02
2.97250,0.276385,0.690036,4.465707e-01,3.836514e-01,9.430553e-01,1.271859e-01,-8.707952e-03,-9.698770e-04,1.923005e-02,6.298479e-02
2.97500,0.276262,0.690491,4.470988e-01,3.840092e-01,9.426943e-01,1.271872e-01,-8.735424e-03,-9.340962e-04,1.922544e-02,6.298194e-02
2.97750,0.276140,0.690945,4.476270e-01,3.843666e-01,9.423317e-01,1.271885e-01,-8.763535e-03,-8.982728e-04,1.922079e-02,6.297895e-02
2.98000,0.276019,0.691400,4.481554e-01,3.847238e-01,9.419675e-01,1.271898e-01,-8.792193e-03,-8.624123e-04,1.921610e-02,6.297580e-02
2.98250,0.275899,0.691855,4.486840e-01,3.850806e-01,9.416019e-01,1.271911e-01,-8.821491e-03,-8.262404e-04,1.921138e-02,6.297250e-02
2.98500,0.275779,0.692310,4.492128e-01,3.854371e-01,9.412349e-01,1.271925e-01,-8.850743e-03,-7.905080e-04,1.920666e-02,6.296904e-02
2.98750,0.275661,0.692765,4.497418e-01,3.857932e-01,9.408670e-01,1.271938e-01,-8.879884e-03,-7.552235e-04,1.920200e-02,6.296544e-02
2.99000,0.275544,0.693221,4.502709e-01,3.861490e-01,9.404983e-01,1.271951e-01,-8.909117e-03,-7.192740e-04,1.919739e-02,6.296167e-02
2.99250,0.275427,0.693676,4.508003e-01,3.865045e-01,9.401285e-01,1.271965e-01,-8.938069e-03,-6.827600e-04,1.919288e-02,6.295775e-02
2.99500,0.275311,0.694131,4.513298e-01,3.868597e-01,9.397576e-01,1.271978e-01,-8.966430e-03,-6.461537e-04,1.918847e-02,6.295367e-02
2.99750,0.275196,0.694587,4.518595e-01,3.872145e-01,9.393854e-01,1.271992e-01,-8.994459e-03,-6.092315e-04,1.918414e-02,6.294944e-02
3.00000,0.275082,0.695042,4.523895e-01,3.875690e-01,9.390117e-01,1.272006e-01,-9.022103e-03,-5.720607e-04,1.917990e-02,6.294505e-02
3.00250,0.274969,0.695498,4.529196e-01,3.879231e-01,9.386366e-01,1.272019e-01,-9.050128e-03,-5.341056e-04,1.917567e-02,6.294050e-02
3.00500,0.274857,0.695953,4.534499e-01,3.882769e-01,9.382602e-01,1.272033e-01,-9.079158e-03,-4.955205e-04,1.917142e-02,6.293579e-02
3.00750,0.274746,0.696409,4.539805e-01,3.886303e-01,9.378823e-01,1.272047e-01,-9.108439e-03,-4.576002e-04,1.916716e-02,6.293093e-02
3.01000,0.274636,0.696864,4.545112e-01,3.889834e-01,9.375029e-01,1.272061e-01,-9.136836e-03,-4.200282e-04,1.916295e-02,6.292591e-02
3.01250,0.274526,0.697320,4.550422e-01,3.893362e-01,9.371223e-01,1.272076e-01,-9.164131e-03,-3.826978e-04,1.915882e-02,6.292072e-02
3.01500,0.274418,0.697776,4.555733e-01,3.896885e-01,9.367408e-01,1.272090e-01,-9.190982e-03,-3.453731e-04,1.915475e-02,6.291538e-02
3.01750,0.274310,0.698231,4.561047e-01,3.900405e-01,9.363589e-01,1.272104e-01,-9.217953e-03,-3.080890e-04,1.915072e-02,6.290987e-02
3.02000,0.274204,0.698687,4.566363e-01,3.903922e-01,9.359769e-01,1.272119e-01,-9.245092e-03,-2.709369e-04,1.914676e-02,6.290420e-02
3.02250,0.274098,0.699143,4.571681e-01,3.907435e-01,9.355951e-01,1.272133e-01,-9.271612e-03,-2.331126e-04,1.914293e-02,6.289837e-02
3.02500,0.273994,0.699599,4.577001e-01,3.910944e-01,9.352136e-01,1.272148e-01,-9.297852e-03,-1.948633e-04,1.913919e-02,6.289238e-02
3.02750,0.273890,0.700055,4.582323e-01,3.914449e-01,9.348323e-01,1.272163e-01,-9.324819e-03,-1.561298e-04,1.913551e-02,6.288622e-02
3.03000,0.273787,0.700510,4.587647e-01,3.917951e-01,9.344508e-01,1.272178e-01,-9.352407e-03,-1.173339e-04,1.913186e-02,6.287989e-02
3.03250,0.273685,0.700966,4.592973e-01,3.921449e-01,9.340684e-01,1.272193e-01,-9.380256e-03,-7.825793e-05,1.912823e-02,6.287339e-02
3.03500,0.273584,0.701422,4.598302e-01,3.924943e-01,9.336846e-01,1.272208e-01,-9.409472e-03,-3.823488e-05,1.912456e-02,6.286673e-02
3.03750,0.273484,0.701878,4.603631e-01,3.928434e-01,9.332991e-01,1.272223e-01,-9.440660e-03,2.621609e-06,1.912079e-02,6.285989e-02
3.04000,0.273385,0.702334,4.608963e-01,3.931920e-01,9.329114e-01,1.272238e-01,-9.471676e-03,4.263186e-05,1.911703e-02,6.285288e-02
3.04250,0.273287,0.702790,4.614297e-01,3.935403e-01,9.325215e-01,1.272254e-01,-9.502567e-03,8.208101e-05,1.911329e-02,6.284569e-02
3.04500,0.273190,0.703245,4.619633e-01,3.938882e-01,9.321290e-01,1.272270e-01,-9.533748e-03,1.218516e-04,1.910959e-02,6.283833e-02
3.04750,0.273094,0.703701,4.624971e-01,3.942357e-01,9.317338e-01,1.272285e-01,-9.564385e-03,1.619741e-04,1.910595e-02,6.283078e-02
3.05000,0.272998,0.704157,4.630311e-01,3.945828e-01,9.313362e-01,1.272301e-01,-9.593667e-03,2.018829e-04,1.910244e-02,6.282306e-02
3.05250,0.272904,0.704613,4.635653e-01,3.949295e-01,9.309362e-01,1.272317e-01,-9.621769e-03,2.415649e-04,1.909908e-02,6.281515e-02
3.05500,0.272811,0.705069,4.640997e-01,3.952758e-01,9.305342e-01,1.272333e-01,-9.650320e-03,2.815454e-04,1.909583e-02,6.280707e-02
3.05750,0.272718,0.705524,4.646344e-01,3.956217e-01,9.301309e-01,1.272349e-01,-9.679118e-03,3.213471e-04,1.909269e-02,6.279879e-02
3.06000,0.272627,0.705980,4.651693e-01,3.959672e-01,9.297267e-01,1.272366e-01,-9.708882e-03,3.617142e-04,1.908961e-02,6.279034e-02
3.06250,0.272537,0.706436,4.657044e-01,3.963122e-01,9.293221e-01,1.272382e-01,-9.738005e-03,4.023995e-04,1.908663e-02,6.278170e-02
3.06500,0.272447,0.706891,4.662398e-01,3.966569e-01,9.289171e-01,1.272399e-01,-9.766393e-03,4.426326e-04,1.908375e-02,6.277287e-02
3.06750,0.272359,0.707347,4.667754e-01,3.970012e-01,9.285120e-01,1.272415e-01,-9.795213e-03,4.827897e-04,1.908091e-02,6.276387e-02
3.07000,0.272272,0.707802,4.673112e-01,3.973450e-01,9.281065e-01,1.272432e-01,-9.824154e-03,5.232084e-04,1.907809e-02,6.275468e-02
3.07250,0.272185,0.708258,4.678473e-01,3.976884e-01,9.277007e-01,1.272449e-01,-9.852717e-03,5.634918e-04,1.907531e-02,6.274531e-02
3.07500,0.272100,0.708713,4.683836e-01,3.980314e-01,9.272946e-01,1.272466e-01,-9.880445e-03,6.031191e-04,1.907262e-02,6.273576e-02
3.07750,0.272015,0.709168,4.689202e-01,3.983740e-01,9.268878e-01,1.272483e-01,-9.907678e-03,6.427808e-04,1.907002e-02,6.272602e-02
3.08000,0.271932,0.709623,4.694570e-01,3.987161e-01,9.264799e-01,1.272501e-01,-9.934097e-03,6.823882e-04,1.906756e-02,6.271610e-02
3.08250,0.271849,0.710079,4.699959e-01,3.990579e-01,9.260705e-01,1.272518e-01,-9.959820e-03,7.224458e-04,1.906524e-02,6.270600e-02
3.08500,0.271768,0.710534,4.705370e-01,3.993991e-01,9.256591e-01,1.272536e-01,-9.985675e-03,7.634131e-04,1.906304e-02,6.269572e-02
3.08750,0.271687,0.710989,4.710783e-01,3.997400e-01,9.252455e-01,1.272554e-01,-1.001206e-02,8.043765e-04,1.906093e-02,6.268525e-02
3.09000,0.271608,0.711444,4.716199e-01,4.000804e-01,9.248298e-01,1.272571e-01,-1.003880e-02,8.456545e-04,1.905892e-02,6.267460e-02
3.09250,0.271530,0.711899,4.721618e-01,4.004204e-01,9.244124e-01,1.272590e-01,-1.006559e-02,8.879598e-04,1.905698e-02,6.266376e-02
3.09500,0.271452,0.712353,4.727039e-01,4.007599e-01,9.239938e-01,1.272608e-01,-1.009343e-02,9.310368e-04,1.905506e-02,6.265273e-02
3.09750,0.271376,0.712808,4.732463e-01,4.010990e-01,9.235747e-01,1.272626e-01,-1.012142e-02,9.736157e-04,1.905317e-02,6.264152e-02
3.10000,0.271300,0.713262,4.737890e-01,4.014377e-01,9.231556e-01,1.272645e-01,-1.014991e-02,1.015582e-03,1.905131e-02,6.263011e-02
3.10250,0.271226,0.713717,4.743318e-01,4.017758e-01,9.227370e-01,1.272664e-01,-1.017918e-02,1.057486e-03,1.904946e-02,6.261851e-02
3.10500,0.271153,0.714171,4.748749e-01,4.021136e-01,9.223191e-01,1.272683e-01,-1.020906e-02,1.099320e-03,1.904762e-02,6.260671e-02
3.10750,0.271080,0.714626,4.754183e-01,4.024509e-01,9.219022e-01,1.272702e-01,-1.023946e-02,1.141347e-03,1.904580e-02,6.259471e-02
3.11000,0.271009,0.715080,4.759619e-01,4.027877e-01,9.214863e-01,1.272722e-01,-1.027019e-02,1.183924e-03,1.904404e-02,6.258251e-02
3.11250,0.270939,0.715534,4.765058e-01,4.031241e-01,9.210717e-01,1.272741e-01,-1.030027e-02,1.226196e-03,1.904243e-02,6.257011e-02
3.11500,0.270870,0.715987,4.770500e-01,4.034600e-01,9.206579e-01,1.272761e-01,-1.032986e-02,1.268826e-03,1.904096e-02,6.255750e-02
3.11750,0.270802,0.716441,4.775944e-01,4.037954e-01,9.202446e-01,1.272781e-01,-1.035897e-02,1.312049e-03,1.903964e-02,6.254469e-02
3.12000,0.270734,0.716895,4.781391e-01,4.041304e-01,9.198309e-01,1.272801e-01,-1.038791e-02,1.355156e-03,1.903844e-02,6.253168e-02
3.12250,0.270668,0.717348,4.786842e-01,4.044648e-01,9.194163e-01,1.272821e-01,-1.041678e-02,1.398640e-03,1.903737e-02,6.251846e-02
3.12500,0.270603,0.717802,4.792295e-01,4.047989e-01,9.190003e-01,1.272842e-01,-1.044502e-02,1.442051e-03,1.903641e-02,6.250504e-02
3.12750,0.270539,0.718255,4.797752e-01,4.051324e-01,9.185829e-01,1.272862e-01,-1.047322e-02,1.485288e-03,1.903553e-02,6.249141e-02
3.13000,0.270476,0.718708,4.803211e-01,4.054655e-01,9.181643e-01,1.272883e-01,-1.050056e-02,1.527410e-03,1.903477e-02,6.247759e-02
3.13250,0.270414,0.719161,4.808672e-01,4.057981e-01,9.177450e-01,1.272904e-01,-1.052671e-02,1.568549e-03,1.903416e-02,6.246356e-02
3.13500,0.270354,0.719613,4.814137e-01,4.061302e-01,9.173256e-01,1.272926e-01,-1.055180e-02,1.609091e-03,1.903367e-02,6.244933e-02
3.13750,0.270294,0.720066,4.819605e-01,4.064618e-01,9.169069e-01,1.272947e-01,-1.057667e-02,1.650178e-03,1.903327e-02,6.243492e-02
3.14000,0.270235,0.720518,4.825075e-01,4.067929e-01,9.164891e-01,1.272969e-01,-1.060175e-02,1.691881e-03,1.903297e-02,6.242031e-02
3.14250,0.270178,0.720971,4.830549e-01,4.071235e-01,9.160725e-01,1.272991e-01,-1.062639e-02,1.733782e-03,1.903282e-02,6.240551e-02
3.14500,0.270121,0.721423,4.836026e-01,4.074537e-01,9.155318e-01,1.273013e-01,-1.065092e-02,1.775971e-03,1.903283e-02,6.239052e-02
3.14750,0.270066,0.721874,4.841505e-01,4.077833e-01,9.149835e-01,1.273035e-01,-1.067598e-02,1.818956e-03,1.903295e-02,6.237533e-02
3.15000,0.270011,0.722326,4.846988e-01,4.081125e-01,9.144374e-01,1.273058e-01,-1.070092e-02,1.862066e-03,1.903323e-02,6.235995e-02
3.15250,0.269958,0.722778,4.852474e-01,4.084411e-01,9.138938e-01,1.273080e-01,-1.072616e-02,1.905564e-03,1.903363e-02,6.234437e-02
3.15500,0.269906,0.723229,4.857963e-01,4.087693e-01,9.133522e-01,1.273104e-01,-1.075187e-02,1.949455e-03,1.903413e-02,6.232859e-02
3.15750,0.269854,0.723680,4.863455e-01,4.090969e-01,9.128109e-01,1.273127e-01,-1.077847e-02,1.993592e-03,1.903469e-02,6.231261e-02
3.16000,0.269804,0.724131,4.868951e-01,4.094240e-01,9.122679e-01,1.273150e-01,-1.080456e-02,2.037089e-03,1.903536e-02,6.229643e-02
3.16250,0.269755,0.724582,4.874449e-01,4.097507e-01,9.117209e-01,1.273174e-01,-1.082977e-02,2.079709e-03,1.903614e-02,6.228005e-02
3.16500,0.269707,0.725032,4.879949e-01,4.100768e-01,9.111678e-01,1.273198e-01,-1.085450e-02,2.121752e-03,1.903705e-02,6.226347e-02
3.16750,0.269661,0.725482,4.885453e-01,4.104024e-01,9.106064e-01,1.273223e-01,-1.087993e-02,2.163806e-03,1.903802e-02,6.224668e-02
3.17000,0.269615,0.725932,4.890960e-01,4.107275e-01,9.100361e-01,1.273247e-01,-1.090546e-02,2.206535e-03,1.903906e-02,6.222968e-02
3.17250,0.269570,0.726382,4.896470e-01,4.110520e-01,9.094584e-01,1.273272e-01,-1.093140e-02,2.250436e-03,1.904019e-02,6.221248e-02
3.17500,0.269527,0.726832,4.901982e-01,4.113761e-01,9.088748e-01,1.273297e-01,-1.095802e-02,2.295490e-03,1.904139e-02,6.219508e-02
3.17750,0.269484,0.727281,4.907498e-01,4.116996e-01,9.082876e-01,1.273323e-01,-1.098520e-02,2.340372e-03,1.904268e-02,6.217746e-02
3.18000,0.269443,0.727730,4.913017e-01,4.120226e-01,9.076981e-01,1.273348e-01,-1.101352e-02,2.384519e-03,1.904404e-02,6.215964e-02
3.18250,0.269403,0.728179,4.918539e-01,4.123451e-01,9.071079e-01,1.273374e-01,-1.104138e-02,2.428379e-03,1.904553e-02,6.214161e-02
3.18500,0.269363,0.728628,4.924065e-01,4.126670e-01,9.065180e-01,1.273400e-01,-1.106821e-02,2.472235e-03,1.904716e-02,6.212337e-02
3.18750,0.269325,0.729076,4.929594e-01,4.129884e-01,9.059296e-01,1.273426e-01,-1.109459e-02,2.516186e-03,1.904891e-02,6.210492e-02
3.19000,0.269289,0.729525,4.935126e-01,4.133093e-01,9.053431e-01,1.273453e-01,-1.112090e-02,2.559778e-03,1.905079e-02,6.208626e-02
3.19250,0.269253,0.729972,4.940662e-01,4.136296e-01,9.047577e-01,1.273480e-01,-1.114705e-02,2.602531e-03,1.905281e-02,6.206740e-02
3.19500,0.269218,0.730420,4.946200e-01,4.139494e-01,9.041733e-01,1.273507e-01,-1.117244e-02,2.644245e-03,1.905501e-02,6.204832e-02
3.19750,0.269185,0.730867,4.951742e-01,4.142687e-01,9.035894e-01,1.273535e-01,-1.119714e-02,2.684980e-03,1.905739e-02,6.202903e-02
3.20000,0.269152,0.731315,4.957287e-01,4.145874e-01,9.030053e-01,1.273562e-01,-1.122169e-02,2.725357e-03,1.905997e-02,6.200953e-02
3.20250,0.269121,0.731761,4.962836e-01,4.149055e-01,9.024203e-01,1.273590e-01,-1.124620e-02,2.766889e-03,1.906272e-02,6.198981e-02
3.20500,0.269091,0.732208,4.968388e-01,4.152232e-01,9.018343e-01,1.273619e-01,-1.127092e-02,2.809528e-03,1.906561e-02,6.196989e-02
3.20750,0.269062,0.732654,4.973944e-01,4.155402e-01,9.012483e-01,1.273647e-01,-1.129434e-02,2.852265e-03,1.906869e-02,6.194976e-02
3.21000,0.269034,0.733100,4.979511e-01,4.158567e-01,9.006633e-01,1.273676e-01,-1.131683e-02,2.894997e-03,1.907195e-02,6.192943e-02
3.21250,0.269007,0.733546,4.985116e-01,4.161727e-01,9.000803e-01,1.273706e-01,-1.133868e-02,2.938175e-03,1.907538e-02,6.190890e-02
3.21500,0.268981,0.733991,4.990724e-01,4.164881e-01,8.994998e-01,1.273735e-01,-1.136072e-02,2.981577e-03,1.907890e-02,6.188818e-02
3.21750,0.268957,0.734436,4.996336e-01,4.168030e-01,8.989214e-01,1.273765e-01,-1.138197e-02,3.025111e-03,1.908254e-02,6.186727e-02
3.22000,0.268934,0.734881,5.001952e-01,4.171173e-01,8.983439e-01,1.273796e-01,-1.140243e-02,3.067779e-03,1.908634e-02,6.184618e-02
3.22250,0.268911,0.735326,5.007571e-01,4.174310e-01,8.977657e-01,1.273826e-01,-1.142235e-02,3.109815e-03,1.909029e-02,6.182490e-02
3.22500,0.268890,0.735770,5.013193e-01,4.177442e-01,8.971859e-01,1.273857e-01,-1.144105e-02,3.150539e-03,1.909441e-02,6.180343e-02
3.22750,0.268870,0.736214,5.018819e-01,4.180568e-01,8.966035e-01,1.273889e-01,-1.145929e-02,3.191167e-03,1.909868e-02,6.178177e-02
3.23000,0.268852,0.736657,5.024449e-01,4.183689e-01,8.960181e-01,1.273920e-01,-1.147770e-02,3.231884e-03,1.910312e-02,6.175992e-02
3.23250,0.268834,0.737101,5.030082e-01,4.186804e-01,8.954297e-01,1.273952e-01,-1.149692e-02,3.273314e-03,1.910773e-02,6.173787e-02
3.23500,0.268818,0.737544,5.035719e-01,4.189913e-01,8.948380e-01,1.273985e-01,-1.151626e-02,3.315497e-03,1.911249e-02,6.171564e-02
3.23750,0.268802,0.737986,5.041361e-01,4.193016e-01,8.942428e-01,1.274017e-01,-1.153546e-02,3.357760e-03,1.911741e-02,6.169321e-02
3.24000,0.268788,0.738428,5.047006e-01,4.196114e-01,8.936450e-01,1.274051e-01,-1.155438e-02,3.400142e-03,1.912250e-02,6.167059e-02
3.24250,0.268775,0.738870,5.052655e-01,4.199206e-01,8.930467e-01,1.274084e-01,-1.157420e-02,3.442790e-03,1.912768e-02,6.164777e-02
3.24500,0.268763,0.739312,5.058308e-01,4.202293e-01,8.924498e-01,1.274118e-01,-1.159510e-02,3.485922e-03,1.913292e-02,6.162475e-02
3.24750,0.268753,0.739753,5.063965e-01,4.205373e-01,8.918545e-01,1.274152e-01,-1.161633e-02,3.528674e-03,1.913825e-02,6.160155e-02
3.25000,0.268743,0.740194,5.069626e-01,4.208448e-01,8.912606e-01,1.274187e-01,-1.163778e-02,3.570659e-03,1.914367e-02,6.157814e-02
3.25250,0.268735,0.740634,5.075290e-01,4.211517e-01,8.906672e-01,1.274222e-01,-1.165988e-02,3.612700e-03,1.914914e-02,6.155454e-02
3.25500,0.268728,0.741075,5.080958e-01,4.214580e-01,8.900731e-01,1.274258e-01,-1.168138e-02,3.653809e-03,1.915472e-02,6.153074e-02
3.25750,0.268722,0.741514,5.086631e-01,4.217638e-01,8.894771e-01,1.274293e-01,-1.170270e-02,3.694490e-03,1.916042e-02,6.150675e-02
3.26000,0.268717,0.741954,5.092307e-01,4.220689e-01,8.888784e-01,1.274330e-01,-1.172506e-02,3.734843e-03,1.916624e-02,6.148254e-02
3.26250,0.268713,0.742393,5.097987e-01,4.223735e-01,8.882768e-01,1.274366e-01,-1.174784e-02,3.775824e-03,1.917218e-02,6.145814e-02
3.26500,0.268711,0.742831,5.103671e-01,4.226775e-01,8.876724e-01,1.274403e-01,-1.177050e-02,3.817519e-03,1.917826e-02,6.143353e-02
3.26750,0.268710,0.743270,5.109359e-01,4.229809e-01,8.870662e-01,1.274441e-01,-1.179285e-02,3.859069e-03,1.918452e-02,6.140873e-02
3.27000,0.268710,0.743708,5.115052e-01,4.232837e-01,8.864600e-01,1.274478e-01,-1.181520e-02,3.900700e-03,1.919099e-02,6.138371e-02
3.27250,0.268711,0.744145,5.120749e-01,4.235859e-01,8.858547e-01,1.274517e-01,-1.183703e-02,3.941729e-03,1.919765e-02,6.135850e-02
3.27500,0.268713,0.744582,5.126451e-01,4.238875e-01,8.852509e-01,1.274555e-01,-1.185750e-02,3.981899e-03,1.920453e-02,6.133308e-02
3.27750,0.268716,0.745019,5.132157e-01,4.241886e-01,8.846493e-01,1.274594e-01,-1.187699e-02,4.022036e-03,1.921162e-02,6.130747e-02
3.28000,0.268721,0.745455,5.137866e-01,4.244890e-01,8.840495e-01,1.274634e-01,-1.189662e-02,4.061953e-03,1.921888e-02,6.128166e-02
3.28250,0.268727,0.745891,5.143580e-01,4.247889e-01,8.834513e-01,1.274673e-01,-1.191590e-02,4.101764e-03,1.922631e-02,6.125566e-02
3.28500,0.268734,0.746327,5.149299e-01,4.250881e-01,8.828545e-01,1.274714e-01,-1.193435e-02,4.140933e-03,1.923389e-02,6.122948e-02
3.28750,0.268742,0.746762,5.155021e-01,4.253867e-01,8.822589e-01,1.274754e-01,-1.195152e-02,4.179114e-03,1.924167e-02,6.120311e-02
3.29000,0.268752,0.747196,5.160748e-01,4.256848e-01,8.816637e-01,1.274796e-01,-1.196788e-02,4.217665e-03,1.924964e-02,6.117656e-02
3.29250,0.268762,0.747631,5.166479e-01,4.259822e-01,8.810678e-01,1.274837e-01,-1.198344e-02,4.256765e-03,1.925778e-02,6.114984e-02
3.29500,0.268774,0.748064,5.172214e-01,4.262791e-01,8.804718e-01,1.274879e-01,-1.199912e-02,4.296449e-03,1.926608e-02,6.112295e-02
3.29750,0.268787,0.748498,5.177954e-01,4.265753e-01,8.798770e-01,1.274922e-01,-1.201474e-02,4.337060e-03,1.927453e-02,6.109589e-02
3.30000,0.268801,0.748931,5.183699e-01,4.268709e-01,8.792852e-01,1.274965e-01,-1.202945e-02,4.377232e-03,1.928319e-02,6.106866e-02
3.30250,0.268817,0.749363,5.189448e-01,4.271660e-01,8.786981e-01,1.275009e-01,-1.204332e-02,4.416974e-03,1.929208e-02,6.104127e-02
3.30500,0.268833,0.749795,5.195202e-01,4.274604e-01,8.781162e-01,1.275053e-01,-1.205725e-02,4.456833e-03,1.930118e-02,6.101371e-02
3.30750,0.268851,0.750227,5.200960e-01,4.277542e-01,8.775387e-01,1.275097e-01,-1.206959e-02,4.495780e-03,1.931050e-02,6.098599e-02
3.31000,0.268870,0.750658,5.206722e-01,4.280474e-01,8.769651e-01,1.275142e-01,-1.208150e-02,4.534080e-03,1.932004e-02,6.095811e-02
3.31250,0.268891,0.751089,5.212489e-01,4.283401e-01,8.763949e-01,1.275188e-01,-1.209212e-02,4.571888e-03,1.932980e-02,6.093007e-02
3.31500,0.268912,0.751519,5.218260e-01,4.286321e-01,8.758264e-01,1.275234e-01,-1.210227e-02,4.609258e-03,1.933974e-02,6.090188e-02
3.31750,0.268935,0.751949,5.224036e-01,4.289234e-01,8.752567e-01,1.275280e-01,-1.211170e-02,4.645867e-03,1.934982e-02,6.087354e-02
3.32000,0.268959,0.752379,5.229816e-01,4.292142e-01,8.746837e-01,1.275327e-01,-1.212150e-02,4.681840e-03,1.936000e-02,6.084505e-02
3.32250,0.268984,0.752808,5.235601e-01,4.295044e-01,8.741069e-01,1.275375e-01,-1.213229e-02,4.718349e-03,1.937025e-02,6.081640e-02
3.32500,0.269010,0.753236,5.241391e-01,4.297940e-01,8.735279e-01,1.275423e-01,-1.214347e-02,4.755103e-03,1.938059e-02,6.078761e-02
3.32750,0.269038,0.753664,5.247186e-01,4.300829e-01,8.729493e-01,1.275472e-01,-1.215576e-02,4.792733e-03,1.939101e-02,6.075867e-02
3.33000,0.269066,0.754091,5.252986e-01,4.303713e-01,8.723727e-01,1.275521e-01,-1.216893e-02,4.829526e-03,1.940150e-02,6.072957e-02
3.33250,0.269096,0.754519,5.258790e-01,4.306590e-01,8.717978e-01,1.275571e-01,-1.218272e-02,4.866276e-03,1.941213e-02,6.070030e-02
3.33500,0.269128,0.754945,5.264600e-01,4.309461e-01,8.712240e-01,1.275622e-01,-1.219614e-02,4.903537e-03,1.942296e-02,6.067088e-02
3.33750,0.269160,0.755371,5.270413e-01,4.312326e-01,8.706517e-01,1.275673e-01,-1.220953e-02,4.941256e-03,1.943396e-02,6.064129e-02
3.34000,0.269194,0.755797,5.276267e-01,4.315185e-01,8.700823e-01,1.275724e-01,-1.222266e-02,4.977630e-03,1.944514e-02,6.061154e-02
3.34250,0.269228,0.756222,5.282135e-01,4.318038e-01,8.695159e-01,1.275776e-01,-1.223620e-02,5.013433e-03,1.945647e-02,6.058163e-02
3.34500,0.269264,0.756646,5.288009e-01,4.320885e-01,8.689508e-01,1.275829e-01,-1.225017e-02,5.048322e-03,1.946793e-02,6.055155e-02
3.34750,0.269302,0.757070,5.293888e-01,4.323725e-01,8.683862e-01,1.275882e-01,-1.226366e-02,5.082624e-03,1.947950e-02,6.052131e-02
3.35000,0.269340,0.757494,5.299773e-01,4.326559e-01,8.678227e-01,1.275936e-01,-1.227712e-02,5.116881e-03,1.949115e-02,6.049092e-02
3.35250,0.269380,0.757917,5.305663e-01,4.329388e-01,8.672624e-01,1.275990e-01,-1.229179e-02,5.150652e-03,1.950283e-02,6.046036e-02
3.35500,0.269421,0.758339,5.311558e-01,4.332210e-01,8.667065e-01,1.276045e-01,-1.230803e-02,5.184578e-03,1.951453e-02,6.042963e-02
3.35750,0.269463,0.758761,5.317458e-01,4.335026e-01,8.661535e-01,1.276100e-01,-1.232477e-02,5.219022e-03,1.952632e-02,6.039873e-02
3.36000,0.269507,0.759183,5.323363e-01,4.337835e-01,8.656022e-01,1.276156e-01,-1.234130e-02,5.253409e-03,1.953825e-02,6.036767e-02
3.36250,0.269551,0.759604,5.329274e-01,4.340639e-01,8.650524e-01,1.276213e-01,-1.235647e-02,5.287447e-03,1.955045e-02,6.033643e-02
3.36500,0.269597,0.760024,5.335190e-01,4.343436e-01,8.645048e-01,1.276270e-01,-1.237010e-02,5.321988e-03,1.956293e-02,6.030503e-02
3.36750,0.269644,0.760444,5.341112e-01,4.346227e-01,8.639601e-01,1.276327e-01,-1.238386e-02,5.357496e-03,1.957566e-02,6.027346e-02
3.37000,0.269693,0.760864,5.347039e-01,4.349012e-01,8.634157e-01,1.276385e-01,-1.239549e-02,5.392845e-03,1.958866e-02,6.024174e-02
3.37250,0.269742,0.761283,5.352971e-01,4.351791e-01,8.628703e-01,1.276444e-01,-1.240609e-02,5.428584e-03,1.960187e-02,6.020987e-02
3.37500,0.269793,0.761701,5.358909e-01,4.354563e-01,8.623244e-01,1.276503e-01,-1.241723e-02,5.464242e-03,1.961521e-02,6.017787e-02
3.37750,0.269845,0.762119,5.364853e-01,4.357330e-01,8.617807e-01,1.276563e-01,-1.242714e-02,5.498886e-03,1.962870e-02,6.014572e-02
3.38000,0.269899,0.762536,5.370802e-01,4.360090e-01,8.612409e-01,1.276624e-01,-1.243722e-02,5.532445e-03,1.964231e-02,6.011345e-02
3.38250,0.269953,0.762953,5.376757e-01,4.362844e-01,8.607054e-01,1.276685e-01,-1.244787e-02,5.565091e-03,1.965601e-02,6.008104e-02
3.38500,0.270009,0.763369,5.382717e-01,4.365592e-01,8.601755e-01,1.276747e-01,-1.245746e-02,5.597353e-03,1.966987e-02,6.004851e-02
3.38750,0.270066,0.763784,5.388683e-01,4.368333e-01,8.596529e-01,1.276809e-01,-1.246750e-02,5.629226e-03,1.968393e-02,6.001584e-02
3.39000,0.270125,0.764199,5.394654e-01,4.371069e-01,8.591383e-01,1.276873e-01,-1.247688e-02,5.659751e-03,1.969824e-02,5.998306e-02
3.39250,0.270184,0.764614,5.400631e-01,4.373798e-01,8.586323e-01,1.276936e-01,-1.248393e-02,5.689404e-03,1.971287e-02,5.995015e-02
3.39500,0.270245,0.765028,5.406613e-01,4.376521e-01,8.581313e-01,1.277001e-01,-1.249027e-02,5.719182e-03,1.972777e-02,5.991713e-02
3.39750,0.270307,0.765441,5.412601e-01,4.379238e-01,8.576318e-01,1.277066e-01,-1.249557e-02,5.749458e-03,1.974292e-02,5.988400e-02
3.40000,0.270370,0.765854,5.418596e-01,4.381948e-01,8.571329e-01,1.277132e-01,-1.249950e-02,5.779546e-03,1.975828e-02,5.985077e-02
3.40250,0.270435,0.766266,5.424596e-01,4.384653e-01,8.566354e-01,1.277199e-01,-1.250284e-02,5.809463e-03,1.977378e-02,5.981745e-02
3.40500,0.270501,0.766678,5.430602e-01,4.387351e-01,8.561400e-01,1.277266e-01,-1.250650e-02,5.839017e-03,1.978938e-02,5.978404e-02
3.40750,0.270568,0.767089,5.436614e-01,4.390043e-01,8.556460e-01,1.277334e-01,-1.250941e-02,5.866888e-03,1.980512e-02,5.975055e-02
3.41000,0.270636,0.767499,5.442632e-01,4.392729e-01,8.551545e-01,1.277402e-01,-1.251138e-02,5.894458e-03,1.982099e-02,5.971698e-02
3.41250,0.270705,0.767909,5.448657e-01,4.395409e-01,8.546675e-01,1.277472e-01,-1.251145e-02,5.920886e-03,1.983704e-02,5.968333e-02
3.41500,0.270776,0.768318,5.454687e-01,4.398083e-01,8.541867e-01,1.277542e-01,-1.251376e-02,5.947676e-03,1.985324e-02,5.964960e-02
3.41750,0.270848,0.768727,5.460723e-01,4.400750e-01,8.537119e-01,1.277613e-01,-1.251673e-02,5.975111e-03,1.986957e-02,5.961578e-02
3.42000,0.270921,0.769135,5.466765e-01,4.403411e-01,8.532432e-01,1.277684e-01,-1.251809e-02,6.003310e-03,1.988608e-02,5.958188e-02
3.42250,0.270996,0.769542,5.472812e-01,4.406067e-01,8.527805e-01,1.277757e-01,-1.251934e-02,6.031542e-03,1.990267e-02,5.954788e-02
3.42500,0.271072,0.769949,5.478867e-01,4.408716e-01,8.523240e-01,1.277830e-01,-1.252200e-02,6.060656e-03,1.991935e-02,5.951379e-02
3.42750,0.271149,0.770356,5.484927e-01,4.411359e-01,8.518739e-01,1.277903e-01,-1.252525e-02,6.090595e-03,1.993604e-02,5.947962e-02
3.43000,0.271227,0.770761,5.490994e-01,4.413996e-01,8.514291e-01,1.277978e-01,-1.252988e-02,6.122153e-03,1.995267e-02,5.944537e-02
3.43250,0.271306,0.771166,5.497067e-01,4.416626e-01,8.509863e-01,1.278053e-01,-1.253454e-02,6.153319e-03,1.996929e-02,5.941103e-02
3.43500,0.271387,0.771571,5.503146e-01,4.419251e-01,8.505451e-01,1.278129e-01,-1.253822e-02,6.183384e-03,1.998605e-02,5.937661e-02
3.43750,0.271469,0.771975,5.509232e-01,4.421870e-01,8.501076e-01,1.278206e-01,-1.254169e-02,6.211909e-03,2.000291e-02,5.934210e-02
3.44000,0.271552,0.772378,5.515324e-01,4.424482e-01,8.496730e-01,1.278283e-01,-1.254649e-02,6.238356e-03,2.001987e-02,5.930750e-02
3.44250,0.271637,0.772780,5.521423e-01,4.427088e-01,8.492411e-01,1.278361e-01,-1.255180e-02,6.264211e-03,2.003697e-02,5.927280e-02
3.44500,0.271723,0.773182,5.527528e-01,4.429688e-01,8.488115e-01,1.278440e-01,-1.255561e-02,6.289130e-03,2.005432e-02,5.923801e-02
3.44750,0.271810,0.773584,5.533639e-01,4.432283e-01,8.483843e-01,1.278520e-01,-1.255851e-02,6.313527e-03,2.007185e-02,5.920312e-02
3.45000,0.271898,0.773985,5.539757e-01,4.434871e-01,8.479607e-01,1.278600e-01,-1.256254e-02,6.338287e-03,2.008951e-02,5.916814e-02
3.45250,0.271987,0.774385,5.545882e-01,4.437453e-01,8.475423e-01,1.278681e-01,-1.256685e-02,6.363362e-03,2.010726e-02,5.913306e-02
3.45500,0.272078,0.774784,5.552014e-01,4.440029e-01,8.471301e-01,1.278763e-01,-1.257173e-02,6.388436e-03,2.012509e-02,5.909789e-02
3.45750,0.272170,0.775183,5.558189e-01,4.442599e-01,8.467249e-01,1.278846e-01,-1.257741e-02,6.413110e-03,2.014294e-02,5.906264e-02
3.46000,0.272263,0.775581,5.564384e-01,4.445162e-01,8.463276e-01,1.278929e-01,-1.258419e-02,6.438115e-03,2.016084e-02,5.902729e-02
3.46250,0.272358,0.775979,5.570586e-01,4.447720e-01,8.459392e-01,1.279013e-01,-1.259118e-02,6.462034e-03,2.017887e-02,5.899185e-02
3.46500,0.272454,0.776376,5.576794e-01,4.450272e-01,8.455582e-01,1.279098e-01,-1.260095e-02,6.484481e-03,2.019695e-02,5.895631e-02
3.46750,0.272551,0.776772,5.583010e-01,4.452818e-01,8.451814e-01,1.279184e-01,-1.261232e-02,6.506615e-03,2.021509e-02,5.892066e-02
3.47000,0.272649,0.777168,5.589233e-01,4.455357e-01,8.448086e-01,1.279270e-01,-1.262407e-02,6.529555e-03,2.023335e-02,5.888490e-02
3.47250,0.272748,0.777563,5.595463e-01,4.457891e-01,8.444399e-01,1.279357e-01,-1.263661e-02,6.553184e-03,2.025170e-02,5.884903e-02
3.47500,0.272849,0.777957,5.601700e-01,4.460419e-01,8.440733e-01,1.279445e-01,-1.264792e-02,6.577433e-03,2.027017e-02,5.881308e-02
3.47750,0.272951,0.778351,5.607944e-01,4.462940e-01,8.437086e-01,1.279533e-01,-1.265700e-02,6.602658e-03,2.028886e-02,5.877703e-02
3.48000,0.273055,0.778744,5.614196e-01,4.465456e-01,8.433455e-01,1.279622e-01,-1.266504e-02,6.627952e-03,2.030778e-02,5.874091e-02
3.48250,0.273159,0.779136,5.620454e-01,4.467965e-01,8.429860e-01,1.279712e-01,-1.267312e-02,6.653594e-03,2.032682e-02,5.870471e-02
3.48500,0.273265,0.779528,5.626720e-01,4.470469e-01,8.426348e-01,1.279803e-01,-1.267885e-02,6.678788e-03,2.034609e-02,5.866845e-02
3.48750,0.273372,0.779919,5.632993e-01,4.472966e-01,8.422941e-01,1.279894e-01,-1.268391e-02,6.703395e-03,2.036557e-02,5.863212e-02
3.49000,0.273480,0.780309,5.639272e-01,4.475458e-01,8.419645e-01,1.279986e-01,-1.268819e-02,6.725607e-03,2.038527e-02,5.859573e-02
3.49250,0.273590,0.780699,5.645559e-01,4.477944e-01,8.416467e-01,1.280080e-01,-1.269048e-02,6.746423e-03,2.040521e-02,5.855928e-02
3.49500,0.273701,0.781088,5.651854e-01,4.480423e-01,8.413403e-01,1.280174e-01,-1.268954e-02,6.764820e-03,2.042543e-02,5.852278e-02
3.49750,0.273813,0.781477,5.658156e-01,4.482897e-01,8.410433e-01,1.280268e-01,-1.268649e-02,6.783082e-03,2.044586e-02,5.848624e-02
3.50000,0.273926,0.781864,5.664465e-01,4.485365e-01,8.407511e-01,1.280364e-01,-1.268431e-02,6.802194e-03,2.046636e-02,5.844966e-02
3.50250,0.274041,0.782251,5.670783e-01,4.487826e-01,8.404630e-01,1.280460e-01,-1.268248e-02,6.820959e-03,2.048699e-02,5.841305e-02
3.50500,0.274157,0.782638,5.677108e-01,4.490282e-01,8.401780e-01,1.280558e-01,-1.268241e-02,6.840297e-03,2.050768e-02,5.837642e-02
3.50750,0.274274,0.783023,5.683440e-01,4.492732e-01,8.398940e-01,1.280656e-01,-1.268217e-02,6.861068e-03,2.052845e-02,5.833976e-02
3.51000,0.274392,0.783408,5.689780e-01,4.495176e-01,8.396104e-01,1.280755e-01,-1.268070e-02,6.881375e-03,2.054945e-02,5.830307e-02
3.51250,0.274512,0.783793,5.696128e-01,4.497614e-01,8.393258e-01,1.280854e-01,-1.268064e-02,6.902992e-03,2.057059e-02,5.826638e-02
3.51500,0.274633,0.784176,5.702483e-01,4.500047e-01,8.390434e-01,1.280955e-01,-1.268206e-02,6.924234e-03,2.059184e-02,5.822967e-02
3.51750,0.274755,0.784559,5.708846e-01,4.502473e-01,8.387696e-01,1.281056e-01,-1.268286e-02,6.943371e-03,2.061323e-02,5.819295e-02
3.52000,0.274878,0.784942,5.715217e-01,4.504894e-01,8.385089e-01,1.281158e-01,-1.268359e-02,6.961089e-03,2.063471e-02,5.815622e-02
3.52250,0.275003,0.785323,5.721595e-01,4.507308e-01,8.382643e-01,1.281261e-01,-1.268531e-02,6.979114e-03,2.065612e-02,5.811950e-02
3.52500,0.275129,0.785704,5.727981e-01,4.509717e-01,8.380371e-01,1.281365e-01,-1.268511e-02,6.997302e-03,2.067758e-02,5.808279e-02
3.52750,0.275256,0.786084,5.734376e-01,4.512120e-01,8.378245e-01,1.281470e-01,-1.268560e-02,7.014996e-03,2.069906e-02,5.804608e-02
3.53000,0.275385,0.786464,5.740778e-01,4.514517e-01,8.376223e-01,1.281575e-01,-1.268641e-02,7.033351e-03,2.072054e-02,5.800938e-02
3.53250,0.275514,0.786843,5.747188e-01,4.516909e-01,8.374246e-01,1.281682e-01,-1.268328e-02,7.050143e-03,2.074221e-02,5.797268e-02
3.53500,0.275645,0.787221,5.753606e-01,4.519294e-01,8.372298e-01,1.281789e-01,-1.267710e-02,7.065607e-03,2.076418e-02,5.793599e-02
3.53750,0.275778,0.787598,5.760032e-01,4.521674e-01,8.370343e-01,1.281897e-01,-1.266806e-02,7.080295e-03,2.078638e-02,5.789932e-02
3.54000,0.275911,0.787975,5.766466e-01,4.524048e-01,8.368364e-01,1.282007e-01,-1.265808e-02,7.095807e-03,2.080869e-02,5.786265e-02
3.54250,0.276046,0.788351,5.772908e-01,4.526417e-01,8.366342e-01,1.282117e-01,-1.264776e-02,7.111090e-03,2.083102e-02,5.782600e-02
3.54500,0.276182,0.788726,5.779358e-01,4.528779e-01,8.364269e-01,1.282228e-01,-1.263868e-02,7.124769e-03,2.085323e-02,5.778935e-02
3.54750,0.276319,0.789101,5.785816e-01,4.531136e-01,8.362220e-01,1.282339e-01,-1.263097e-02,7.139049e-03,2.087531e-02,5.775272e-02
3.55000,0.276457,0.789475,5.792283e-01,4.533487e-01,8.360275e-01,1.282452e-01,-1.262587e-02,7.152865e-03,2.089727e-02,5.771608e-02
3.55250,0.276597,0.789848,5.798758e-01,4.535833e-01,8.358518e-01,1.282565e-01,-1.262388e-02,7.169878e-03,2.091909e-02,5.767944e-02
3.55500,0.276738,0.790220,5.805294e-01,4.538173e-01,8.357006e-01,1.282679e-01,-1.262610e-02,7.187209e-03,2.094081e-02,5.764280e-02
3.55750,0.276880,0.790592,5.811840e-01,4.540507e-01,8.355740e-01,1.282794e-01,-1.263379e-02,7.204938e-03,2.096253e-02,5.760613e-02
3.56000,0.277024,0.790963,5.818395e-01,4.542836e-01,8.354677e-01,1.282910e-01,-1.264010e-02,7.221645e-03,2.098434e-02,5.756945e-02
3.56250,0.277169,0.791333,5.824959e-01,4.545158e-01,8.353724e-01,1.283027e-01,-1.264625e-02,7.238730e-03,2.100630e-02,5.753277e-02
3.56500,0.277315,0.791703,5.831532e-01,4.547476e-01,8.352795e-01,1.283144e-01,-1.265228e-02,7.256107e-03,2.102835e-02,5.749607e-02
3.56750,0.277462,0.792072,5.838113e-01,4.549787e-01,8.351829e-01,1.283263e-01,-1.265741e-02,7.272786e-03,2.105037e-02,5.745938e-02
3.57000,0.277610,0.792440,5.844703e-01,4.552093e-01,8.350794e-01,1.283382e-01,-1.266008e-02,7.287276e-03,2.107243e-02,5.742268e-02
3.57250,0.277760,0.792808,5.851301e-01,4.554393e-01,8.349679e-01,1.283502e-01,-1.266030e-02,7.298268e-03,2.109465e-02,5.738599e-02
3.57500,0.277911,0.793174,5.857909e-01,4.556688e-01,8.348488e-01,1.283623e-01,-1.265913e-02,7.305902e-03,2.111700e-02,5.734930e-02
3.57750,0.278063,0.793540,5.864525e-01,4.558977e-01,8.347264e-01,1.283745e-01,-1.265534e-02,7.316228e-03,2.113953e-02,5.731261e-02
3.58000,0.278217,0.793906,5.871150e-01,4.561260e-01,8.346105e-01,1.283868e-01,-1.265284e-02,7.328761e-03,2.116219e-02,5.727590e-02
3.58250,0.278371,0.794270,5.877783e-01,4.563538e-01,8.345133e-01,1.283991e-01,-1.264789e-02,7.341582e-03,2.118506e-02,5.723920e-02
3.58500,0.278527,0.794634,5.884425e-01,4.565811e-01,8.344438e-01,1.284115e-01,-1.264687e-02,7.356148e-03,2.120795e-02,5.720250e-02
3.58750,0.278685,0.794997,5.891077e-01,4.568077e-01,8.344066e-01,1.284240e-01,-1.264392e-02,7.371058e-03,2.123099e-02,5.716581e-02
3.59000,0.278843,0.795359,5.897737e-01,4.570339e-01,8.344004e-01,1.284366e-01,-1.264667e-02,7.388519e-03,2.125378e-02,5.712911e-02
3.59250,0.279003,0.795721,5.904406e-01,4.572594e-01,8.344139e-01,1.284493e-01,-1.265711e-02,7.405124e-03,2.127620e-02,5.709240e-02
3.59500,0.279164,0.796082,5.911084e-01,4.574844e-01,8.344326e-01,1.284620e-01,-1.266657e-02,7.419984e-03,2.129857e-02,5.705568e-02
3.59750,0.279326,0.796442,5.917772e-01,4.577089e-01,8.344457e-01,1.284748e-01,-1.267541e-02,7.432381e-03,2.132093e-02,5.701896e-02
3.60000,0.279490,0.796802,5.924468e-01,4.579328e-01,8.344474e-01,1.284878e-01,-1.268612e-02,7.445609e-03,2.134335e-02,5.698222e-02
3.60250,0.279654,0.797160,5.931173e-01,4.581562e-01,8.344365e-01,1.285008e-01,-1.269783e-02,7.462671e-03,2.136577e-02,5.694548e-02
3.60500,0.279820,0.797518,5.937887e-01,4.583790e-01,8.344162e-01,1.285138e-01,-1.270368e-02,7.476243e-03,2.138855e-02,5.690873e-02
3.60750,0.279988,0.797875,5.944610e-01,4.586012e-01,8.343901e-01,1.285270e-01,-1.270811e-02,7.484711e-03,2.141178e-02,5.687199e-02
3.61000,0.280156,0.798232,5.951343e-01,4.588229e-01,8.343663e-01,1.285403e-01,-1.270791e-02,7.490698e-03,2.143540e-02,5.683527e-02
3.61250,0.280326,0.798588,5.958084e-01,4.590441e-01,8.343588e-01,1.285536e-01,-1.271085e-02,7.502092e-03,2.145894e-02,5.679858e-02
3.61500,0.280497,0.798943,5.964835e-01,4.592647e-01,8.343794e-01,1.285671e-01,-1.271046e-02,7.514082e-03,2.148271e-02,5.676190e-02
3.61750,0.280669,0.799297,5.971595e-01,4.594847e-01,8.344349e-01,1.285806e-01,-1.270854e-02,7.525339e-03,2.150671e-02,5.672526e-02
3.62000,0.280843,0.799650,5.978365e-01,4.597042e-01,8.345263e-01,1.285941e-01,-1.270657e-02,7.534442e-03,2.153079e-02,5.668865e-02
3.62250,0.281018,0.800003,5.985143e-01,4.599232e-01,8.346461e-01,1.286078e-01,-1.270638e-02,7.547920e-03,2.155484e-02,5.665208e-02
3.62500,0.281194,0.800355,5.991982e-01,4.601416e-01,8.347751e-01,1.286216e-01,-1.271387e-02,7.564175e-03,2.157857e-02,5.661555e-02
3.62750,0.281371,0.800706,5.998838e-01,4.603595e-01,8.348979e-01,1.286354e-01,-1.272181e-02,7.577424e-03,2.160225e-02,5.657905e-02
3.63000,0.281549,0.801057,6.005702e-01,4.605768e-01,8.350065e-01,1.286493e-01,-1.272906e-02,7.587998e-03,2.162608e-02,5.654259e-02
3.63250,0.281729,0.801407,6.012577e-01,4.607936e-01,8.351000e-01,1.286633e-01,-1.273656e-02,7.595803e-03,2.164988e-02,5.650618e-02
3.63500,0.281910,0.801756,6.019461e-01,4.610099e-01,8.351810e-01,1.286774e-01,-1.274964e-02,7.608648e-03,2.167334e-02,5.646982e-02
3.63750,0.282093,0.802104,6.026354e-01,4.612256e-01,8.352558e-01,1.286916e-01,-1.275709e-02,7.617858e-03,2.169700e-02,5.643349e-02
3.64000,0.282276,0.802452,6.033257e-01,4.614408e-01,8.353314e-01,1.287058e-01,-1.275613e-02,7.623965e-03,2.172114e-02,5.639722e-02
3.64250,0.282461,0.802798,6.040170e-01,4.616554e-01,8.354215e-01,1.287202e-01,-1.274751e-02,7.628000e-03,2.174571e-02,5.636102e-02
3.64500,0.282647,0.803144,6.047092e-01,4.618695e-01,8.355400e-01,1.287346e-01,-1.273969e-02,7.636792e-03,2.177025e-02,5.632488e-02
3.64750,0.282834,0.803490,6.054024e-01,4.620830e-01,8.356945e-01,1.287491e-01,-1.273153e-02,7.647420e-03,2.179472e-02,5.628881e-02
3.65000,0.283023,0.803834,6.060965e-01,4.622961e-01,8.358853e-01,1.287637e-01,-1.272322e-02,7.655315e-03,2.181927e-02,5.625281e-02
3.65250,0.283213,0.804178,6.067917e-01,4.625086e-01,8.361064e-01,1.287784e-01,-1.271838e-02,7.663378e-03,2.184366e-02,5.621690e-02
3.65500,0.283404,0.804521,6.074878e-01,4.627205e-01,8.363417e-01,1.287931e-01,-1.271844e-02,7.675199e-03,2.186773e-02,5.618105e-02
3.65750,0.283596,0.804863,6.081849e-01,4.629319e-01,8.365722e-01,1.288080e-01,-1.272630e-02,7.685401e-03,2.189159e-02,5.614527e-02
3.66000,0.283790,0.805204,6.088829e-01,4.631428e-01,8.367884e-01,1.288229e-01,-1.273581e-02,7.694685e-03,2.191552e-02,5.610954e-02
3.66250,0.283985,0.805545,6.095824e-01,4.633532e-01,8.369881e-01,1.288379e-01,-1.274357e-02,7.701833e-03,2.193954e-02,5.607387e-02
3.66500,0.284181,0.805885,6.102883e-01,4.635630e-01,8.371739e-01,1.288529e-01,-1.275035e-02,7.713762e-03,2.196357e-02,5.603825e-02
3.66750,0.284378,0.806224,6.109951e-01,4.637723e-01,8.373529e-01,1.288681e-01,-1.275780e-02,7.725449e-03,2.198746e-02,5.600270e-02
3.67000,0.284577,0.806563,6.117029e-01,4.639811e-01,8.375346e-01,1.288834e-01,-1.276359e-02,7.732944e-03,2.201128e-02,5.596722e-02
3.67250,0.284777,0.806900,6.124117e-01,4.641893e-01,8.377318e-01,1.288987e-01,-1.276594e-02,7.733919e-03,2.203509e-02,5.593182e-02
3.67500,0.284978,0.807237,6.131215e-01,4.643970e-01,8.379567e-01,1.289141e-01,-1.276969e-02,7.736589e-03,2.205865e-02,5.589649e-02
3.67750,0.285180,0.807573,6.138322e-01,4.646042e-01,8.382151e-01,1.289296e-01,-1.276664e-02,7.744978e-03,2.208239e-02,5.586123e-02
3.68000,0.285384,0.807909,6.145439e-01,4.648108e-01,8.385062e-01,1.289452e-01,-1.275619e-02,7.752589e-03,2.210669e-02,5.582607e-02
3.68250,0.285589,0.808243,6.152566e-01,4.650170e-01,8.388241e-01,1.289608e-01,-1.274624e-02,7.762893e-03,2.213126e-02,5.579099e-02
3.68500,0.285795,0.808577,6.159703e-01,4.652226e-01,8.391574e-01,1.289765e-01,-1.274435e-02,7.774481e-03,2.215557e-02,5.575598e-02
3.68750,0.286002,0.808910,6.166850e-01,4.654276e-01,8.394910e-01,1.289923e-01,-1.274519e-02,7.786611e-03,2.217962e-02,5.572105e-02
3.69000,0.286211,0.809243,6.174007e-01,4.656322e-01,8.398129e-01,1.290082e-01,-1.274800e-02,7.793919e-03,2.220358e-02,5.568620e-02
3.69250,0.286421,0.809574,6.181174e-01,4.658362e-01,8.401192e-01,1.290241e-01,-1.275897e-02,7.801055e-03,2.222709e-02,5.565141e-02
3.69500,0.286632,0.809905,6.188350e-01,4.660397e-01,8.404128e-01,1.290402e-01,-1.277360e-02,7.807526e-03,2.225013e-02,5.561668e-02
3.69750,0.286844,0.810235,6.195536e-01,4.662427e-01,8.407002e-01,1.290563e-01,-1.278389e-02,7.812325e-03,2.227311e-02,5.558202e-02
3.70000,0.287058,0.810564,6.202732e-01,4.664451e-01,8.409930e-01,1.290725e-01,-1.278710e-02,7.815422e-03,2.229652e-02,5.554743e-02
3.70250,0.287273,0.810893,6.209938e-01,4.666470e-01,8.413046e-01,1.290888e-01,-1.278732e-02,7.820423e-03,2.232024e-02,5.551293e-02
3.70500,0.287489,0.811220,6.217153e-01,4.668484e-01,8.416418e-01,1.291051e-01,-1.278375e-02,7.829531e-03,2.234416e-02,5.547850e-02
3.70750,0.287707,0.811547,6.224379e-01,4.670493e-01,8.420067e-01,1.291216e-01,-1.277725e-02,7.836644e-03,2.236827e-02,5.544417e-02
3.71000,0.287925,0.811873,6.231615e-01,4.672497e-01,8.423981e-01,1.291381e-01,-1.276834e-02,7.845623e-03,2.239251e-02,5.540995e-02
3.71250,0.288145,0.812199,6.238861e-01,4.674495e-01,8.428108e-01,1.291547e-01,-1.276601e-02,7.855338e-03,2.241657e-02,5.537583e-02
3.71500,0.288366,0.812523,6.246116e-01,4.676488e-01,8.432385e-01,1.291713e-01,-1.277180e-02,7.863873e-03,2.244018e-02,5.534178e-02
3.71750,0.288589,0.812847,6.253381e-01,4.678476e-01,8.436714e-01,1.291881e-01,-1.277681e-02,7.865692e-03,2.246381e-02,5.530781e-02
3.72000,0.288812,0.813170,6.260656e-01,4.680459e-01,8.440983e-01,1.292049e-01,-1.277992e-02,7.870138e-03,2.248750e-02,5.527393e-02
3.72250,0.289037,0.813492,6.267940e-01,4.682436e-01,8.445134e-01,1.292217e-01,-1.278991e-02,7.880617e-03,2.251095e-02,5.524012e-02
3.72500,0.289264,0.813814,6.275234e-01,4.684408e-01,8.449176e-01,1.292387e-01,-1.280511e-02,7.893108e-03,2.253392e-02,5.520638e-02
3.72750,0.289491,0.814134,6.282537e-01,4.686375e-01,8.453167e-01,1.292558e-01,-1.281648e-02,7.900348e-03,2.255681e-02,5.517272e-02
3.73000,0.289720,0.814454,6.289851e-01,4.688337e-01,8.457242e-01,1.292729e-01,-1.282030e-02,7.901919e-03,2.257999e-02,5.513915e-02
3.73250,0.289950,0.814774,6.297174e-01,4.690294e-01,8.461521e-01,1.292901e-01,-1.282308e-02,7.908817e-03,2.260333e-02,5.510567e-02
3.73500,0.290181,0.815092,6.304507e-01,4.692245e-01,8.466038e-01,1.293074e-01,-1.282223e-02,7.912964e-03,2.262684e-02,5.507228e-02
3.73750,0.290414,0.815409,6.311850e-01,4.694191e-01,8.470774e-01,1.293248e-01,-1.281432e-02,7.912508e-03,2.265077e-02,5.503898e-02
3.74000,0.290647,0.815726,6.319202e-01,4.696132e-01,8.475692e-01,1.293422e-01,-1.280258e-02,7.914479e-03,2.267494e-02,5.500580e-02
3.74250,0.290882,0.816042,6.326564e-01,4.698068e-01,8.475809e-01,1.293597e-01,-1.280375e-02,7.930675e-03,2.269870e-02,5.497271e-02
3.74500,0.291119,0.816358,6.333935e-01,4.699998e-01,8.473934e-01,1.293773e-01,-1.280872e-02,7.944027e-03,2.272202e-02,5.493971e-02
3.74750,0.291356,0.816672,6.341315e-01,4.701923e-01,8.471891e-01,1.293950e-01,-1.282406e-02,7.950703e-03,2.274480e-02,5.490678e-02
3.75000,0.291595,0.816986,6.348706e-01,4.703843e-01,8.469871e-01,1.294127e-01,-1.283364e-02,7.956876e-03,2.276764e-02,5.487396e-02
3.75250,0.291835,0.817299,6.356106e-01,4.705758e-01,8.468175e-01,1.294305e-01,-1.285196e-02,7.969444e-03,2.279011e-02,5.484121e-02
3.75500,0.292076,0.817611,6.363516e-01,4.707668e-01,8.466994e-01,1.294484e-01,-1.285871e-02,7.971458e-03,2.281306e-02,5.480855e-02
3.75750,0.292319,0.817922,6.370935e-01,4.709572e-01,8.466227e-01,1.294663e-01,-1.285556e-02,7.970789e-03,2.283643e-02,5.477599e-02
3.76000,0.292563,0.818233,6.378364e-01,4.711471e-01,8.465808e-01,1.294844e-01,-1.285533e-02,7.974099e-03,2.285968e-02,5.474353e-02
3.76250,0.292808,0.818542,6.385803e-01,4.713365e-01,8.465464e-01,1.295025e-01,-1.286227e-02,7.985007e-03,2.288251e-02,5.471116e-02
3.76500,0.293054,0.818851,6.393250e-01,4.715254e-01,8.464898e-01,1.295206e-01,-1.286700e-02,7.987122e-03,2.290508e-02,5.467888e-02
3.76750,0.293302,0.819160,6.400707e-01,4.717137e-01,8.463953e-01,1.295389e-01,-1.286163e-02,7.989996e-03,2.292802e-02,5.464670e-02
3.77000,0.293551,0.819467,6.408174e-01,4.719016e-01,8.462624e-01,1.295572e-01,-1.286316e-02,8.005826e-03,2.295080e-02,5.461463e-02
3.77250,0.293801,0.819774,6.415649e-01,4.720889e-01,8.461095e-01,1.295755e-01,-1.286621e-02,8.019923e-03,2.297371e-02,5.458266e-02
3.77500,0.294052,0.820079,6.423134e-01,4.722756e-01,8.459683e-01,1.295940e-01,-1.287365e-02,8.020444e-03,2.299649e-02,5.455079e-02
3.77750,0.294305,0.820384,6.430629e-01,4.724619e-01,8.458755e-01,1.296124e-01,-1.288507e-02,8.022127e-03,2.301888e-02,5.451902e-02
3.78000,0.294559,0.820689,6.438133e-01,4.726476e-01,8.458439e-01,1.296310e-01,-1.290840e-02,8.038091e-03,2.304048e-02,5.448731e-02
3.78250,0.294814,0.820992,6.445652e-01,4.728328e-01,8.458627e-01,1.296496e-01,-1.292788e-02,8.049044e-03,2.306183e-02,5.445566e-02
3.78500,0.295070,0.821295,6.453225e-01,4.730175e-01,8.459192e-01,1.296684e-01,-1.293926e-02,8.048460e-03,2.308355e-02,5.442409e-02
3.78750,0.295328,0.821597,6.460807e-01,4.732017e-01,8.459770e-01,1.296871e-01,-1.294763e-02,8.048155e-03,2.310515e-02,5.439260e-02
3.79000,0.295587,0.821898,6.468397e-01,4.733853e-01,8.460009e-01,1.297060e-01,-1.294827e-02,8.056151e-03,2.312745e-02,5.436121e-02
3.79250,0.295847,0.822198,6.475995e-01,4.735684e-01,8.459689e-01,1.297249e-01,-1.294165e-02,8.059812e-03,2.315038e-02,5.432995e-02
3.79500,0.296109,0.822497,6.483634e-01,4.737510e-01,8.458905e-01,1.297438e-01,-1.293729e-02,8.061950e-03,2.317324e-02,5.429881e-02
3.79750,0.296372,0.822796,6.491281e-01,4.739330e-01,8.457959e-01,1.297628e-01,-1.295162e-02,8.074156e-03,2.319512e-02,5.426775e-02
3.80000,0.296636,0.823094,6.498935e-01,4.741145e-01,8.457252e-01,1.297819e-01,-1.296697e-02,8.088645e-03,2.321652e-02,5.423676e-02
3.80250,0.296901,0.823391,6.506597e-01,4.742955e-01,8.457137e-01,1.298010e-01,-1.298175e-02,8.097140e-03,2.323803e-02,5.420586e-02
3.80500,0.297168,0.823688,6.514266e-01,4.744759e-01,8.457739e-01,1.298202e-01,-1.300020e-02,8.103618e-03,2.325939e-02,5.417503e-02
3.80750,0.297436,0.823983,6.521942e-01,4.746559e-01,8.458951e-01,1.298394e-01,-1.301326e-02,8.109458e-03,2.328091e-02,5.414431e-02
3.81000,0.297705,0.824278,6.529626e-01,4.748352e-01,8.460521e-01,1.298587e-01,-1.301843e-02,8.112396e-03,2.330300e-02,5.411370e-02
3.81250,0.297975,0.824572,6.537316e-01,4.750141e-01,8.462011e-01,1.298781e-01,-1.302698e-02,8.117599e-03,2.332487e-02,5.408321e-02
3.81500,0.298247,0.824865,6.545012e-01,4.751924e-01,8.462992e-01,1.298976e-01,-1.304675e-02,8.120246e-03,2.334593e-02,5.405280e-02
3.81750,0.298520,0.825157,6.552715e-01,4.753702e-01,8.463305e-01,1.299171e-01,-1.305438e-02,8.122705e-03,2.336716e-02,5.402248e-02
3.82000,0.298794,0.825449,6.560425e-01,4.755474e-01,8.463139e-01,1.299366e-01,-1.305522e-02,8.127817e-03,2.338885e-02,5.399229e-02
3.82250,0.299070,0.825739,6.568141e-01,4.757242e-01,8.462842e-01,1.299563e-01,-1.306067e-02,8.142221e-03,2.341039e-02,5.396220e-02
3.82500,0.299346,0.826029,6.575864e-01,4.759003e-01,8.462861e-01,1.299759e-01,-1.305666e-02,8.154891e-03,2.343243e-02,5.393226e-02
3.82750,0.299625,0.826319,6.583593e-01,4.760760e-01,8.463604e-01,1.299956e-01,-1.305186e-02,8.159599e-03,2.345489e-02,5.390248e-02
3.83000,0.299904,0.826607,6.591328e-01,4.762511e-01,8.465190e-01,1.300154e-01,-1.307703e-02,8.168611e-03,2.347598e-02,5.387280e-02
3.83250,0.300185,0.826894,6.599069e-01,4.764256e-01,8.467469e-01,1.300352e-01,-1.310964e-02,8.174807e-03,2.349625e-02,5.384320e-02
3.83500,0.300467,0.827181,6.606816e-01,4.765996e-01,8.470040e-01,1.300551e-01,-1.313237e-02,8.176895e-03,2.351674e-02,5.381369e-02
3.83750,0.300750,0.827467,6.614568e-01,4.767731e-01,8.472410e-01,1.300751e-01,-1.314718e-02,8.182595e-03,2.353765e-02,5.378429e-02
3.84000,0.301034,0.827752,6.622325e-01,4.769460e-01,8.474157e-01,1.300951e-01,-1.316008e-02,8.193350e-03,2.355863e-02,5.375500e-02
3.84250,0.301320,0.828037,6.630088e-01,4.771184e-01,8.475185e-01,1.301152e-01,-1.314977e-02,8.194093e-03,2.358049e-02,5.372587e-02
3.84500,0.301607,0.828320,6.637857e-01,4.772903e-01,8.475708e-01,1.301354e-01,-1.313949e-02,8.193810e-03,2.360257e-02,5.369692e-02
3.84750,0.301896,0.828603,6.645630e-01,4.774616e-01,8.476126e-01,1.301556e-01,-1.315315e-02,8.202234e-03,2.362347e-02,5.366809e-02
3.85000,0.302185,0.828885,6.653409e-01,4.776323e-01,8.476929e-01,1.301758e-01,-1.315828e-02,8.210970e-03,2.364442e-02,5.363940e-02
3.85250,0.302476,0.829166,6.661192e-01,4.778025e-01,8.478549e-01,1.301961e-01,-1.316423e-02,8.217113e-03,2.366552e-02,5.361086e-02
3.85500,0.302768,0.829446,6.668980e-01,4.779722e-01,8.481131e-01,1.302164e-01,-1.318758e-02,8.227678e-03,2.368593e-02,5.358242e-02
3.85750,0.303062,0.829726,6.676772e-01,4.781413e-01,8.484445e-01,1.302368e-01,-1.320385e-02,8.234063e-03,2.370651e-02,5.355410e-02
3.86000,0.303357,0.830004,6.684568e-01,4.783098e-01,8.487983e-01,1.302573e-01,-1.320635e-02,8.240586e-03,2.372766e-02,5.352595e-02
3.86250,0.303653,0.830282,6.692368e-01,4.784778e-01,8.491260e-01,1.302778e-01,-1.322969e-02,8.248605e-03,2.374761e-02,5.349792e-02
3.86500,0.303950,0.830559,6.700172e-01,4.786452e-01,8.493887e-01,1.302984e-01,-1.325266e-02,8.258149e-03,2.376700e-02,5.347000e-02
3.86750,0.304249,0.830835,6.707980e-01,4.788121e-01,8.495753e-01,1.303191e-01,-1.326211e-02,8.260367e-03,2.378678e-02,5.344223e-02
3.87000,0.304549,0.831111,6.715791e-01,4.789784e-01,8.497096e-01,1.303398e-01,-1.326143e-02,8.261106e-03,2.380711e-02,5.341461e-02
3.87250,0.304850,0.831386,6.723606e-01,4.791442e-01,8.498364e-01,1.303605e-01,-1.326296e-02,8.266702e-03,2.382749e-02,5.338712e-02
3.87500,0.305153,0.831659,6.731424e-01,4.793094e-01,8.500054e-01,1.303813e-01,-1.324890e-02,8.275277e-03,2.384868e-02,5.335983e-02
3.87750,0.305457,0.831932,6.739244e-01,4.794741e-01,8.502590e-01,1.304022e-01,-1.324277e-02,8.286555e-03,2.386968e-02,5.333270e-02
3.88000,0.305762,0.832205,6.747067e-01,4.796381e-01,8.506153e-01,1.304231e-01,-1.325387e-02,8.300040e-03,2.388971e-02,5.330571e-02
3.88250,0.306069,0.832476,6.754892e-01,4.798017e-01,8.510510e-01,1.304440e-01,-1.327165e-02,8.303112e-03,2.390917e-02,5.327883e-02
3.88500,0.306377,0.832747,6.762719e-01,4.799646e-01,8.515102e-01,1.304650e-01,-1.329267e-02,8.308094e-03,2.392821e-02,5.325208e-02
3.88750,0.306686,0.833016,6.770548e-01,4.801270e-01,8.519424e-01,1.304861e-01,-1.331281e-02,8.317141e-03,2.394700e-02,5.322545e-02
3.89000,0.306996,0.833285,6.778379e-01,4.802888e-01,8.523105e-01,1.305072e-01,-1.332001e-02,8.322293e-03,2.396617e-02,5.319897e-02
3.89250,0.307308,0.833553,6.786212e-01,4.804501e-01,8.526008e-01,1.305284e-01,-1.333722e-02,8.326576e-03,2.398492e-02,5.317261e-02
3.89500,0.307621,0.833821,6.794046e-01,4.806108e-01,8.528353e-01,1.305496e-01,-1.335845e-02,8.331571e-03,2.400285e-02,5.314636e-02
3.89750,0.307935,0.834087,6.801880e-01,4.807709e-01,8.530582e-01,1.305709e-01,-1.336073e-02,8.335855e-03,2.402143e-02,5.312025e-02
3.90000,0.308251,0.834353,6.809714e-01,4.809304e-01,8.533200e-01,1.305922e-01,-1.334778e-02,8.341723e-03,2.404098e-02,5.309433e-02
3.90250,0.308568,0.834618,6.817549e-01,4.810894e-01,8.536612e-01,1.306136e-01,-1.334532e-02,8.353391e-03,2.406019e-02,5.306855e-02
3.90500,0.308886,0.834882,6.825384e-01,4.812478e-01,8.541035e-01,1.306350e-01,-1.334672e-02,8.361473e-03,2.407903e-02,5.304294e-02
3.90750,0.309206,0.835145,6.833236e-01,4.814056e-01,8.546381e-01,1.306565e-01,-1.335231e-02,8.369967e-03,2.409751e-02,5.301748e-02
3.91000,0.309526,0.835407,6.841125e-01,4.815628e-01,8.550970e-01,1.306780e-01,-1.338083e-02,8.386776e-03,2.411480e-02,5.299214e-02
3.91250,0.309849,0.835669,6.849017e-01,4.817195e-01,8.546605e-01,1.306995e-01,-1.340993e-02,8.397417e-03,2.413158e-02,5.296689e-02
3.91500,0.310172,0.835930,6.856911e-01,4.818755e-01,8.542760e-01,1.307211e-01,-1.343316e-02,8.395707e-03,2.414855e-02,5.294177e-02
3.91750,0.310497,0.836190,6.864806e-01,4.820310e-01,8.539845e-01,1.307428e-01,-1.344362e-02,8.403062e-03,2.416604e-02,5.291678e-02
3.92000,0.310823,0.836449,6.872704e-01,4.821859e-01,8.537917e-01,1.307645e-01,-1.344432e-02,8.412146e-03,2.418426e-02,5.289196e-02
3.92250,0.311150,0.836707,6.880602e-01,4.823402e-01,8.536637e-01,1.307863e-01,-1.344714e-02,8.407390e-03,2.420232e-02,5.286730e-02
3.92500,0.311479,0.836965,6.888502e-01,4.824939e-01,8.535484e-01,1.308081e-01,-1.345965e-02,8.409888e-03,2.421938e-02,5.284277e-02
3.92750,0.311809,0.837221,6.896403e-01,4.826470e-01,8.533758e-01,1.308300e-01,-1.347186e-02,8.424784e-03,2.423591e-02,5.281836e-02
3.93000,0.312141,0.837477,6.904305e-01,4.827995e-01,8.531109e-01,1.308519e-01,-1.346869e-02,8.432684e-03,2.425306e-02,5.279411e-02
3.93250,0.312473,0.837732,6.912208e-01,4.829515e-01,8.527729e-01,1.308738e-01,-1.346801e-02,8.443298e-03,2.427049e-02,5.277003e-02
3.93500,0.312807,0.837986,6.920111e-01,4.831028e-01,8.524041e-01,1.308957e-01,-1.348119e-02,8.457560e-03,2.428737e-02,5.274609e-02
3.93750,0.313143,0.838239,6.928014e-01,4.832535e-01,8.520581e-01,1.309177e-01,-1.349589e-02,8.462492e-03,2.430412e-02,5.272232e-02
3.94000,0.313480,0.838492,6.935916e-01,4.834037e-01,8.517980e-01,1.309398e-01,-1.351830e-02,8.470115e-03,2.432044e-02,5.269869e-02
3.94250,0.313818,0.838744,6.943817e-01,4.835532e-01,8.516526e-01,1.309619e-01,-1.354559e-02,8.487992e-03,2.433615e-02,5.267517e-02
3.94500,0.314157,0.838994,6.951717e-01,4.837021e-01,8.516007e-01,1.309840e-01,-1.356537e-02,8.495311e-03,2.435177e-02,5.265179e-02
3.94750,0.314498,0.839244,6.959616e-01,4.838504e-01,8.515976e-01,1.310062e-01,-1.357569e-02,8.490028e-03,2.436773e-02,5.262856e-02
3.95000,0.314840,0.839494,6.967513e-01,4.839981e-01,8.515637e-01,1.310284e-01,-1.358121e-02,8.495373e-03,2.438366e-02,5.260549e-02
3.95250,0.315183,0.839742,6.975408e-01,4.841452e-01,8.514426e-01,1.310507e-01,-1.357418e-02,8.513249e-03,2.440020e-02,5.258261e-02
3.95500,0.315527,0.839989,6.983302e-01,4.842916e-01,8.512296e-01,1.310729e-01,-1.356638e-02,8.525130e-03,2.441675e-02,5.255992e-02
3.95750,0.315873,0.840236,6.991192e-01,4.844375e-01,8.509523e-01,1.310952e-01,-1.357986e-02,8.538997e-03,2.443236e-02,5.253737e-02
3.96000,0.316221,0.840482,6.999080e-01,4.845827e-01,8.506601e-01,1.311176e-01,-1.358352e-02,8.551239e-03,2.444842e-02,5.251499e-02
3.96250,0.316569,0.840727,7.006964e-01,4.847273e-01,8.504287e-01,1.311399e-01,-1.359068e-02,8.563343e-03,2.446461e-02,5.249279e-02
3.96500,0.316919,0.840971,7.014843e-01,4.848713e-01,8.503106e-01,1.311623e-01,-1.362286e-02,8.570999e-03,2.447935e-02,5.247070e-02
3.96750,0.317271,0.841214,7.022719e-01,4.850146e-01,8.503075e-01,1.311848e-01,-1.365246e-02,8.574258e-03,2.449344e-02,5.244873e-02
3.97000,0.317623,0.841457,7.030590e-01,4.851573e-01,8.503881e-01,1.312073e-01,-1.367052e-02,8.583225e-03,2.450776e-02,5.242690e-02
3.97250,0.317977,0.841699,7.038456e-01,4.852994e-01,8.504862e-01,1.312298e-01,-1.369135e-02,8.594420e-03,2.452187e-02,5.240520e-02
3.97500,0.318333,0.841939,7.046317e-01,4.854409e-01,8.505231e-01,1.312524e-01,-1.369338e-02,8.596411e-03,2.453690e-02,5.238368e-02
3.97750,0.318689,0.842179,7.054173e-01,4.855817e-01,8.504652e-01,1.312750e-01,-1.368311e-02,8.600809e-03,2.455265e-02,5.236237e-02
3.98000,0.319047,0.842418,7.062022e-01,4.857218e-01,8.503157e-01,1.312976e-01,-1.369098e-02,8.615273e-03,2.456774e-02,5.234122e-02
3.98250,0.319407,0.842657,7.069865e-01,4.858614e-01,8.501097e-01,1.313202e-01,-1.369431e-02,8.626330e-03,2.458287e-02,5.232026e-02
3.98500,0.319767,0.842894,7.077700e-01,4.860003e-01,8.499198e-01,1.313429e-01,-1.370069e-02,8.640216e-03,2.459774e-02,5.229948e-02
3.98750,0.320129,0.843131,7.085567e-01,4.861385e-01,8.498178e-01,1.313656e-01,-1.372191e-02,8.656702e-03,2.461189e-02,5.227884e-02
3.99000,0.320493,0.843366,7.093498e-01,4.862761e-01,8.498386e-01,1.313883e-01,-1.373953e-02,8.659723e-03,2.462614e-02,5.225837e-02
3.99250,0.320858,0.843601,7.101426e-01,4.864130e-01,8.499785e-01,1.314110e-01,-1.376288e-02,8.665539e-03,2.463987e-02,5.223805e-02
3.99500,0.321224,0.843835,7.109350e-01,4.865493e-01,8.501887e-01,1.314338e-01,-1.378535e-02,8.673790e-03,2.465307e-02,5.221788e-02
3.99750,0.321591,0.844069,7.117270e-01,4.866850e-01,8.503914e-01,1.314566e-01,-1.379871e-02,8.687865e-03,2.466652e-02,5.219786e-02
4.00000,0.321960,0.844301,7.125185e-01,4.868199e-01,8.505234e-01,1.314794e-01,-1.381875e-02,8.695809e-03,2.467951e-02,5.217798e-02
4.00250,0.322330,0.844532,7.133095e-01,4.869542e-01,8.505505e-01,1.315023e-01,-1.382201e-02,8.702429e-03,2.469322e-02,5.215827e-02
4.00500,0.322701,0.844763,7.140999e-01,4.870879e-01,8.504821e-01,1.315252e-01,-1.380765e-02,8.712628e-03,2.470802e-02,5.213879e-02
4.00750,0.323074,0.844993,7.148898e-01,4.872209e-01,8.503779e-01,1.315481e-01,-1.381213e-02,8.731739e-03,2.472203e-02,5.211948e-02
4.01000,0.323448,0.845222,7.156790e-01,4.873532e-01,8.503104e-01,1.315710e-01,-1.382302e-02,8.741291e-03,2.473507e-02,5.210034e-02
4.01250,0.323824,0.845450,7.164676e-01,4.874848e-01,8.503436e-01,1.315939e-01,-1.383786e-02,8.750449e-03,2.474789e-02,5.208136e-02
4.01500,0.324201,0.845677,7.172555e-01,4.876158e-01,8.505155e-01,1.316168e-01,-1.386554e-02,8.765736e-03,2.475980e-02,5.206252e-02
4.01750,0.324579,0.845903,7.180426e-01,4.877461e-01,8.508084e-01,1.316398e-01,-1.388667e-02,8.776005e-03,2.477188e-02,5.204385e-02
4.02000,0.324959,0.846129,7.188289e-01,4.878757e-01,8.511574e-01,1.316628e-01,-1.390052e-02,8.780839e-03,2.478416e-02,5.202535e-02
4.02250,0.325340,0.846353,7.196144e-01,4.880046e-01,8.514870e-01,1.316858e-01,-1.392528e-02,8.797642e-03,2.479583e-02,5.200699e-02
4.02500,0.325722,0.846577,7.203989e-01,4.881329e-01,8.517319e-01,1.317088e-01,-1.392861e-02,8.812241e-03,2.480833e-02,5.198882e-02
4.02750,0.326106,0.846800,7.211824e-01,4.882604e-01,8.518589e-01,1.317319e-01,-1.393701e-02,8.819013e-03,2.482086e-02,5.197085e-02
4.03000,0.326491,0.847022,7.219649e-01,4.883873e-01,8.519008e-01,1.317550e-01,-1.394762e-02,8.822504e-03,2.483299e-02,5.195303e-02
4.03250,0.326878,0.847243,7.227463e-01,4.885134e-01,8.519174e-01,1.317781e-01,-1.393654e-02,8.833031e-03,2.484612e-02,5.193547e-02
4.03500,0.327265,0.847464,7.235266e-01,4.886389e-01,8.519750e-01,1.318012e-01,-1.394226e-02,8.848125e-03,2.485837e-02,5.191809e-02
4.03750,0.327655,0.847683,7.243057e-01,4.887637e-01,8.521413e-01,1.318243e-01,-1.396722e-02,8.854898e-03,2.486924e-02,5.190084e-02
4.04000,0.328045,0.847902,7.250836e-01,4.888877e-01,8.524561e-01,1.318474e-01,-1.397524e-02,8.863170e-03,2.488062e-02,5.188378e-02
4.04250,0.328437,0.848119,7.258602e-01,4.890111e-01,8.528869e-01,1.318706e-01,-1.400554e-02,8.876623e-03,2.489098e-02,5.186686e-02
4.04500,0.328831,0.848336,7.266353e-01,4.891338e-01,8.529515e-01,1.318937e-01,-1.402579e-02,8.882129e-03,2.490161e-02,5.185010e-02
4.04750,0.329225,0.848552,7.274091e-01,4.892557e-01,8.526730e-01,1.319169e-01,-1.403255e-02,8.891644e-03,2.491285e-02,5.183356e-02
4.05000,0.329621,0.848767,7.281813e-01,4.893769e-01,8.524922e-01,1.319401e-01,-1.405956e-02,8.911647e-03,2.492279e-02,5.181715e-02
4.05250,0.330019,0.848981,7.289519e-01,4.894975e-01,8.523537e-01,1.319634e-01,-1.407169e-02,8.913947e-03,2.493300e-02,5.180093e-02
4.05500,0.330418,0.849195,7.297208e-01,4.896173e-01,8.521895e-01,1.319866e-01,-1.408479e-02,8.919262e-03,2.494302e-02,5.178490e-02
4.05750,0.330818,0.849407,7.304881e-01,4.897364e-01,8.519371e-01,1.320099e-01,-1.409439e-02,8.936678e-03,2.495296e-02,5.176904e-02
4.06000,0.331219,0.849619,7.312535e-01,4.898547e-01,8.515926e-01,1.320331e-01,-1.408860e-02,8.943499e-03,2.496355e-02,5.175343e-02
4.06250,0.331622,0.849829,7.320171e-01,4.899723e-01,8.511865e-01,1.320564e-01,-1.409715e-02,8.960348e-03,2.497369e-02,5.173802e-02
4.06500,0.332027,0.850039,7.327788e-01,4.900892e-01,8.507681e-01,1.320796e-01,-1.411319e-02,8.978871e-03,2.498333e-02,5.172281e-02
4.06750,0.332433,0.850248,7.335384e-01,4.902054e-01,8.504075e-01,1.321028e-01,-1.413215e-02,8.983838e-03,2.499272e-02,5.170780e-02
4.07000,0.332840,0.850456,7.342959e-01,4.903208e-01,8.501589e-01,1.321261e-01,-1.415231e-02,9.001155e-03,2.500175e-02,5.169298e-02
4.07250,0.333248,0.850663,7.350568e-01,4.904355e-01,8.500313e-01,1.321494e-01,-1.417156e-02,9.020660e-03,2.501070e-02,5.167835e-02
4.07500,0.333658,0.850870,7.358350e-01,4.905494e-01,8.499912e-01,1.321727e-01,-1.419313e-02,9.026845e-03,2.501922e-02,5.166390e-02
4.07750,0.334070,0.851075,7.366117e-01,4.906626e-01,8.499802e-01,1.321960e-01,-1.421820e-02,9.038390e-03,2.502728e-02,5.164961e-02
4.08000,0.334482,0.851280,7.373869e-01,4.907750e-01,8.499166e-01,1.322194e-01,-1.422210e-02,9.045675e-03,2.503625e-02,5.163556e-02
4.08250,0.334897,0.851483,7.381605e-01,4.908867e-01,8.497636e-01,1.322427e-01,-1.422810e-02,9.045188e-03,2.504517e-02,5.162173e-02
4.08500,0.335312,0.851686,7.389324e-01,4.909977e-01,8.495273e-01,1.322661e-01,-1.424142e-02,9.052782e-03,2.505342e-02,5.160810e-02
4.08750,0.335729,0.851888,7.397026e-01,4.911078e-01,8.492328e-01,1.322894e-01,-1.424282e-02,9.061671e-03,2.506199e-02,5.159471e-02
4.09000,0.336147,0.852089,7.404709e-01,4.912173e-01,8.489445e-01,1.323128e-01,-1.425670e-02,9.074515e-03,2.506973e-02,5.158152e-02
4.09250,0.336567,0.852289,7.412374e-01,4.913259e-01,8.487367e-01,1.323361e-01,-1.427353e-02,9.092238e-03,2.507716e-02,5.156852e-02
4.09500,0.336988,0.852488,7.420019e-01,4.914338e-01,8.486536e-01,1.323595e-01,-1.428630e-02,9.105099e-03,2.508491e-02,5.155575e-02
4.09750,0.337411,0.852686,7.427644e-01,4.915409e-01,8.486985e-01,1.323828e-01,-1.430775e-02,9.120109e-03,2.509223e-02,5.154318e-02
4.10000,0.337835,0.852884,7.435247e-01,4.916472e-01,8.488329e-01,1.324062e-01,-1.432971e-02,9.130935e-03,2.509929e-02,5.153083e-02
4.10250,0.338260,0.853080,7.442830e-01,4.917528e-01,8.489851e-01,1.324296e-01,-1.435458e-02,9.139620e-03,2.510594e-02,5.151870e-02
4.10500,0.338687,0.853276,7.450389e-01,4.918575e-01,8.490824e-01,1.324529e-01,-1.438693e-02,9.151955e-03,2.511182e-02,5.150675e-02
4.10750,0.339115,0.853471,7.457924e-01,4.919615e-01,8.490906e-01,1.324763e-01,-1.439182e-02,9.156187e-03,2.511863e-02,5.149505e-02
4.11000,0.339545,0.853664,7.465434e-01,4.920647e-01,8.490036e-01,1.324997e-01,-1.438094e-02,9.166685e-03,2.512659e-02,5.148364e-02
4.11250,0.339976,0.853857,7.472919e-01,4.921671e-01,8.488610e-01,1.325231e-01,-1.438356e-02,9.178596e-03,2.513393e-02,5.147246e-02
4.11500,0.340408,0.854049,7.480377e-01,4.922687e-01,8.487305e-01,1.325465e-01,-1.438874e-02,9.186525e-03,2.514043e-02,5.146150e-02
4.11750,0.340842,0.854240,7.487808e-01,4.923696e-01,8.486838e-01,1.325698e-01,-1.439987e-02,9.205334e-03,2.514641e-02,5.145075e-02
4.12000,0.341277,0.854431,7.495210e-01,4.924696e-01,8.487698e-01,1.325932e-01,-1.440506e-02,9.223678e-03,2.515275e-02,5.144024e-02
4.12250,0.341714,0.854620,7.502583e-01,4.925688e-01,8.489958e-01,1.326165e-01,-1.441328e-02,9.229740e-03,2.515941e-02,5.143002e-02
4.12500,0.342152,0.854808,7.509926e-01,4.926672e-01,8.493162e-01,1.326399e-01,-1.444773e-02,9.247207e-03,2.516445e-02,5.141999e-02
4.12750,0.342592,0.854996,7.517237e-01,4.927648e-01,8.496515e-01,1.326633e-01,-1.447918e-02,9.260530e-03,2.516893e-02,5.141016e-02
4.13000,0.343033,0.855182,7.524516e-01,4.928615e-01,8.499341e-01,1.326867e-01,-1.450729e-02,9.271147e-03,2.517338e-02,5.140053e-02
4.13250,0.343475,0.855368,7.531760e-01,4.929575e-01,8.501137e-01,1.327100e-01,-1.453287e-02,9.279135e-03,2.517773e-02,5.139111e-02
4.13500,0.343919,0.855553,7.539051e-01,4.930527e-01,8.501892e-01,1.327334e-01,-1.453085e-02,9.281717e-03,2.518334e-02,5.138198e-02
4.13750,0.344364,0.855737,7.546567e-01,4.931470e-01,8.502078e-01,1.327568e-01,-1.453785e-02,9.291022e-03,2.518798e-02,5.137307e-02
4.14000,0.344811,0.855919,7.554058e-01,4.932405e-01,8.502308e-01,1.327801e-01,-1.453841e-02,9.298234e-03,2.519276e-02,5.136439e-02
4.14250,0.345259,0.856101,7.561522e-01,4.933331e-01,8.503261e-01,1.328035e-01,-1.452462e-02,9.309972e-03,2.519856e-02,5.135602e-02
4.14500,0.345708,0.856282,7.568958e-01,4.934250e-01,8.505544e-01,1.328268e-01,-1.451864e-02,9.331165e-03,2.520447e-02,5.134794e-02
4.14750,0.346159,0.856463,7.576366e-01,4.935160e-01,8.509366e-01,1.328501e-01,-1.453056e-02,9.341415e-03,2.520926e-02,5.134013e-02
4.15000,0.346612,0.856642,7.583745e-01,4.936061e-01,8.514196e-01,1.328734e-01,-1.456676e-02,9.362045e-03,2.521233e-02,5.133253e-02
4.15250,0.347066,0.856820,7.591093e-01,4.936954e-01,8.519274e-01,1.328967e-01,-1.458652e-02,9.377391e-03,2.521589e-02,5.132517e-02
4.15500,0.347521,0.856998,7.598410e-01,4.937839e-01,8.523959e-01,1.329200e-01,-1.460800e-02,9.384241e-03,2.521945e-02,5.131805e-02
4.15750,0.347978,0.857174,7.605694e-01,4.938715e-01,8.527718e-01,1.329433e-01,-1.463352e-02,9.401111e-03,2.522222e-02,5.131114e-02
4.16000,0.348436,0.857350,7.612946e-01,4.939583e-01,8.530440e-01,1.329666e-01,-1.463949e-02,9.410100e-03,2.522526e-02,5.130448e-02
4.16250,0.348896,0.857524,7.620162e-01,4.940442e-01,8.532432e-01,1.329899e-01,-1.465903e-02,9.417796e-03,2.522744e-02,5.129802e-02
4.16500,0.349357,0.857698,7.627343e-01,4.941292e-01,8.534244e-01,1.330131e-01,-1.465413e-02,9.424898e-03,2.523087e-02,5.129185e-02
4.16750,0.349819,0.857871,7.634486e-01,4.942134e-01,8.536567e-01,1.330364e-01,-1.464416e-02,9.438607e-03,2.523500e-02,5.128601e-02
4.17000,0.350283,0.858042,7.641591e-01,4.942968e-01,8.540035e-01,1.330596e-01,-1.466675e-02,9.454269e-03,2.523744e-02,5.128041e-02
4.17250,0.350749,0.858213,7.648656e-01,4.943792e-01,8.545096e-01,1.330828e-01,-1.467282e-02,9.461860e-03,2.524007e-02,5.127511e-02
4.17500,0.351215,0.858383,7.655680e-01,4.944608e-01,8.551446e-01,1.331060e-01,-1.468506e-02,9.469584e-03,2.524249e-02,5.127008e-02
4.17750,0.351684,0.858552,7.662662e-01,4.945415e-01,8.558333e-01,1.331292e-01,-1.467925e-02,9.473197e-03,2.524584e-02,5.126535e-02
4.18000,0.352153,0.858720,7.669600e-01,4.946213e-01,8.565101e-01,1.331524e-01,-1.468560e-02,9.491135e-03,2.524842e-02,5.126090e-02
4.18250,0.352625,0.858888,7.676494e-01,4.947003e-01,8.571168e-01,1.331755e-01,-1.473551e-02,9.513049e-03,2.524792e-02,5.125659e-02
4.18500,0.353097,0.859054,7.683341e-01,4.947784e-01,8.576257e-01,1.331987e-01,-1.475560e-02,9.518559e-03,2.524832e-02,5.125258e-02
4.18750,0.353571,0.859219,7.690141e-01,4.948556e-01,8.580421e-01,1.332218e-01,-1.477996e-02,9.533236e-03,2.524887e-02,5.124887e-02
4.19000,0.354047,0.859383,7.696891e-01,4.949318e-01,8.584065e-01,1.332449e-01,-1.479260e-02,9.535308e-03,2.525011e-02,5.124546e-02
4.19250,0.354524,0.859547,7.703590e-01,4.950072e-01,8.587877e-01,1.332680e-01,-1.479774e-02,9.542714e-03,2.525162e-02,5.124236e-02
4.19500,0.355003,0.859709,7.710557e-01,4.950818e-01,8.592472e-01,1.332911e-01,-1.480957e-02,9.563556e-03,2.525248e-02,5.123951e-02
4.19750,0.355483,0.859871,7.717614e-01,4.951554e-01,8.598406e-01,1.333141e-01,-1.478617e-02,9.567411e-03,2.525483e-02,5.123704e-02
4.20000,0.355964,0.860031,7.724630e-01,4.952281e-01,8.605949e-01,1.333372e-01,-1.478519e-02,9.584226e-03,2.525603e-02,5.123485e-02
4.20250,0.356447,0.860191,7.731606e-01,4.952998e-01,8.614538e-01,1.333601e-01,-1.480280e-02,9.595691e-03,2.525561e-02,5.123289e-02
4.20500,0.356931,0.860350,7.738538e-01,4.953707e-01,8.623447e-01,1.333831e-01,-1.481588e-02,9.597466e-03,2.525519e-02,5.123124e-02
4.20750,0.357417,0.860507,7.745427e-01,4.954407e-01,8.632028e-01,1.334061e-01,-1.483539e-02,9.614520e-03,2.525480e-02,5.122991e-02
4.21000,0.357904,0.860664,7.752270e-01,4.955098e-01,8.639859e-01,1.334290e-01,-1.485396e-02,9.625258e-03,2.525465e-02,5.122893e-02
4.21250,0.358393,0.860820,7.759067e-01,4.955779e-01,8.646775e-01,1.334520e-01,-1.489464e-02,9.637844e-03,2.525255e-02,5.122819e-02
4.21500,0.358884,0.860975,7.765816e-01,4.956451e-01,8.652944e-01,1.334749e-01,-1.491513e-02,9.655715e-03,2.525061e-02,5.122770e-02
4.21750,0.359375,0.861129,7.772517e-01,4.957114e-01,8.658874e-01,1.334977e-01,-1.492035e-02,9.653883e-03,2.524958e-02,5.122753e-02
4.22000,0.359868,0.861282,7.779166e-01,4.957767e-01,8.665138e-01,1.335206e-01,-1.493052e-02,9.662704e-03,2.524833e-02,5.122768e-02
4.22250,0.360363,0.861434,7.785763e-01,4.958412e-01,8.672273e-01,1.335434e-01,-1.493287e-02,9.684674e-03,2.524718e-02,5.122814e-02
4.22500,0.360859,0.861585,7.792306e-01,4.959047e-01,8.680720e-01,1.335662e-01,-1.494809e-02,9.696019e-03,2.524512e-02,5.122890e-02
4.22750,0.361357,0.861735,7.798793e-01,4.959672e-01,8.690666e-01,1.335889e-01,-1.493793e-02,9.705276e-03,2.524462e-02,5.123005e-02
4.23000,0.361856,0.861884,7.805222e-01,4.960288e-01,8.701626e-01,1.336117e-01,-1.491404e-02,9.707088e-03,2.524563e-02,5.123162e-02
4.23250,0.362357,0.862032,7.811592e-01,4.960895e-01,8.712902e-01,1.336343e-01,-1.492349e-02,9.707935e-03,2.524440e-02,5.123350e-02
4.23500,0.362859,0.862179,7.817902e-01,4.961492e-01,8.723901e-01,1.336570e-01,-1.493472e-02,9.720713e-03,2.524178e-02,5.123566e-02
4.23750,0.363362,0.862325,7.824149e-01,4.962080e-01,8.734243e-01,1.336797e-01,-1.495836e-02,9.728374e-03,2.523812e-02,5.123809e-02
4.24000,0.363867,0.862471,7.830332e-01,4.962658e-01,8.743806e-01,1.337023e-01,-1.495788e-02,9.738118e-03,2.523560e-02,5.124086e-02
4.24250,0.364374,0.862615,7.836448e-01,4.963227e-01,8.752728e-01,1.337249e-01,-1.496124e-02,9.756731e-03,2.523342e-02,5.124399e-02
4.24500,0.364882,0.862758,7.842497e-01,4.963786e-01,8.761411e-01,1.337475e-01,-1.499819e-02,9.760799e-03,2.522910e-02,5.124739e-02
4.24750,0.365391,0.862901,7.848475e-01,4.964335e-01,8.770377e-01,1.337700e-01,-1.501425e-02,9.762244e-03,2.522510e-02,5.125112e-02
4.25000,0.365902,0.863042,7.854684e-01,4.964875e-01,8.780023e-01,1.337925e-01,-1.501110e-02,9.787276e-03,2.522214e-02,5.125522e-02
4.25250,0.366415,0.863183,7.861114e-01,4.965405e-01,8.790623e-01,1.338150e-01,-1.499699e-02,9.794360e-03,2.521958e-02,5.125969e-02
4.25500,0.366929,0.863322,7.867486e-01,4.965926e-01,8.802363e-01,1.338374e-01,-1.499066e-02,9.802688e-03,2.521641e-02,5.126450e-02
4.25750,0.367444,0.863460,7.873801e-01,4.966437e-01,8.815047e-01,1.338598e-01,-1.499955e-02,9.816107e-03,2.521222e-02,5.126960e-02
4.26000,0.367961,0.863598,7.880054e-01,4.966938e-01,8.828061e-01,1.338821e-01,-1.499564e-02,9.812605e-03,2.520871e-02,5.127507e-02
4.26250,0.368480,0.863735,7.886246e-01,4.967430e-01,8.840889e-01,1.339045e-01,-1.498464e-02,9.821340e-03,2.520586e-02,5.128092e-02
4.26500,0.369000,0.863870,7.892374e-01,4.967911e-01,8.853152e-01,1.339268e-01,-1.497098e-02,9.831196e-03,2.520309e-02,5.128720e-02
4.26750,0.369521,0.864005,7.898437e-01,4.968383e-01,8.864723e-01,1.339490e-01,-1.498359e-02,9.834013e-03,2.519856e-02,5.129384e-02
4.27000,0.370044,0.864138,7.904433e-01,4.968846e-01,8.875658e-01,1.339713e-01,-1.500903e-02,9.848217e-03,2.519223e-02,5.130075e-02
4.27250,0.370568,0.864271,7.910360e-01,4.969298e-01,8.881111e-01,1.339935e-01,-1.501747e-02,9.850343e-03,2.518614e-02,5.130801e-02
4.27500,0.371094,0.864403,7.916217e-01,4.969741e-01,8.871739e-01,1.340157e-01,-1.503090e-02,9.860145e-03,2.517997e-02,5.131559e-02
4.27750,0.371622,0.864533,7.922002e-01,4.970173e-01,8.863328e-01,1.340378e-01,-1.501654e-02,9.870501e-03,2.517546e-02,5.132360e-02
4.28000,0.372150,0.864663,7.927713e-01,4.970596e-01,8.856148e-01,1.340599e-01,-1.502211e-02,9.887741e-03,2.516990e-02,5.133199e-02
4.28250,0.372681,0.864792,7.933348e-01,4.971009e-01,8.850103e-01,1.340820e-01,-1.502649e-02,9.902166e-03,2.516385e-02,5.134074e-02
4.28500,0.373213,0.864919,7.938905e-01,4.971412e-01,8.844413e-01,1.341040e-01,-1.502929e-02,9.904875e-03,2.515762e-02,5.134987e-02
4.28750,0.373746,0.865046,7.944382e-01,4.971805e-01,8.838363e-01,1.341259e-01,-1.503346e-02,9.912738e-03,2.515090e-02,5.135937e-02
4.29000,0.374281,0.865172,7.949777e-01,4.972188e-01,8.831411e-01,1.341478e-01,-1.502736e-02,9.916197e-03,2.514417e-02,5.136927e-02
4.29250,0.374817,0.865297,7.955088e-01,4.972561e-01,8.823282e-01,1.341697e-01,-1.503550e-02,9.919017e-03,2.513652e-02,5.137953e-02
4.29500,0.375355,0.865420,7.960313e-01,4.972924e-01,8.814377e-01,1.341915e-01,-1.502470e-02,9.930862e-03,2.512998e-02,5.139023e-02
4.29750,0.375894,0.865543,7.965450e-01,4.973277e-01,8.805447e-01,1.342132e-01,-1.504630e-02,9.930806e-03,2.512189e-02,5.140129e-02
4.30000,0.376435,0.865665,7.970496e-01,4.973620e-01,8.797162e-01,1.342349e-01,-1.505149e-02,9.943327e-03,2.511422e-02,5.141276e-02
4.30250,0.376977,0.865786,7.975699e-01,4.973953e-01,8.790079e-01,1.342566e-01,-1.505982e-02,9.951788e-03,2.510610e-02,5.142464e-02
4.30500,0.377521,0.865906,7.981296e-01,4.974276e-01,8.784518e-01,1.342782e-01,-1.508192e-02,9.951502e-03,2.509670e-02,5.143684e-02
4.30750,0.378067,0.866024,7.986818e-01,4.974589e-01,8.780014e-01,1.342997e-01,-1.506329e-02,9.969396e-03,2.508898e-02,5.144945e-02
4.31000,0.378613,0.866142,7.992263e-01,4.974892e-01,8.775833e-01,1.343211e-01,-1.505682e-02,9.987078e-03,2.508083e-02,5.146242e-02
4.31250,0.379162,0.866259,7.997629e-01,4.975184e-01,8.771164e-01,1.343425e-01,-1.502104e-02,1.000181e-02,2.507425e-02,5.147590e-02
4.31500,0.379712,0.866375,8.002914e-01,4.975466e-01,8.765414e-01,1.343637e-01,-1.501519e-02,1.001576e-02,2.506657e-02,5.148978e-02
4.31750,0.380263,0.866490,8.008115e-01,4.975738e-01,8.758433e-01,1.343849e-01,-1.502113e-02,1.000273e-02,2.505751e-02,5.150402e-02
4.32000,0.380816,0.866604,8.013231e-01,4.976000e-01,8.750767e-01,1.344061e-01,-1.501351e-02,1.000803e-02,2.504880e-02,5.151863e-02
4.32250,0.381370,0.866716,8.018258e-01,4.976252e-01,8.743196e-01,1.344272e-01,-1.500780e-02,1.000160e-02,2.504005e-02,5.153363e-02
4.32500,0.381926,0.866828,8.023196e-01,4.976494e-01,8.736396e-01,1.344482e-01,-1.498252e-02,9.992599e-03,2.503229e-02,5.154909e-02
4.32750,0.382483,0.866939,8.028043e-01,4.976725e-01,8.730985e-01,1.344691e-01,-1.500554e-02,9.999570e-03,2.502156e-02,5.156486e-02
4.33000,0.383042,0.867049,8.032796e-01,4.976947e-01,8.727114e-01,1.344900e-01,-1.499728e-02,1.000230e-02,2.501182e-02,5.158108e-02
4.33250,0.383602,0.867158,8.037455e-01,4.977158e-01,8.724393e-01,1.345108e-01,-1.499940e-02,1.001171e-02,2.500196e-02,5.159769e-02
4.33500,0.384164,0.867266,8.042016e-01,4.977359e-01,8.722059e-01,1.345315e-01,-1.498008e-02,1.000257e-02,2.499313e-02,5.161477e-02
4.33750,0.384727,0.867373,8.046479e-01,4.977549e-01,8.719190e-01,1.345521e-01,-1.496935e-02,1.001326e-02,2.498343e-02,5.163222e-02
4.34000,0.385292,0.867478,8.050841e-01,4.977730e-01,8.715146e-01,1.345727e-01,-1.495390e-02,1.004066e-02,2.497350e-02,5.165008e-02
4.34250,0.385858,0.867583,8.055100e-01,4.977900e-01,8.709929e-01,1.345931e-01,-1.492442e-02,1.004097e-02,2.496461e-02,5.166844e-02
4.34500,0.386426,0.867687,8.059253e-01,4.978061e-01,8.704052e-01,1.346135e-01,-1.490989e-02,1.004862e-02,2.495531e-02,5.168727e-02
4.34750,0.386995,0.867790,8.063299e-01,4.978211e-01,8.698216e-01,1.346338e-01,-1.489157e-02,1.004833e-02,2.494574e-02,5.170660e-02
4.35000,0.387566,0.867892,8.067236e-01,4.978350e-01,8.693123e-01,1.346540e-01,-1.490928e-02,1.004264e-02,2.493368e-02,5.172627e-02
4.35250,0.388138,0.867993,8.071285e-01,4.978480e-01,8.689372e-01,1.346742e-01,-1.489404e-02,1.004111e-02,2.492275e-02,5.174641e-02
4.35500,0.388712,0.868093,8.075878e-01,4.978599e-01,8.687149e-01,1.346943e-01,-1.487712e-02,1.003758e-02,2.491185e-02,5.176701e-02
4.35750,0.389287,0.868191,8.080377e-01,4.978709e-01,8.686209e-01,1.347144e-01,-1.488172e-02,1.003358e-02,2.489912e-02,5.178801e-02
4.36000,0.389864,0.868289,8.084780e-01,4.978808e-01,8.685728e-01,1.347343e-01,-1.488467e-02,1.004528e-02,2.488597e-02,5.180946e-02
4.36250,0.390442,0.868386,8.089087e-01,4.978897e-01,8.684852e-01,1.347541e-01,-1.490246e-02,1.004376e-02,2.487216e-02,5.183129e-02
4.36500,0.391021,0.868482,8.093294e-01,4.978975e-01,8.682939e-01,1.347739e-01,-1.488080e-02,1.004435e-02,2.486040e-02,5.185361e-02
4.36750,0.391602,0.868577,8.097400e-01,4.979044e-01,8.679841e-01,1.347935e-01,-1.486105e-02,1.005410e-02,2.484882e-02,5.187635e-02
4.37000,0.392185,0.868671,8.101403e-01,4.979102e-01,8.675991e-01,1.348130e-01,-1.483393e-02,1.006538e-02,2.483721e-02,5.189955e-02
4.37250,0.392769,0.868763,8.105300e-01,4.979150e-01,8.672080e-01,1.348324e-01,-1.481339e-02,1.007114e-02,2.482498e-02,5.192318e-02
4.37500,0.393355,0.868855,8.109090e-01,4.979188e-01,8.668756e-01,1.348517e-01,-1.480006e-02,1.006201e-02,2.481241e-02,5.194726e-02
4.37750,0.393942,0.868946,8.112771e-01,4.979215e-01,8.666581e-01,1.348709e-01,-1.476316e-02,1.006669e-02,2.480140e-02,5.197185e-02
4.38000,0.394530,0.869036,8.116339e-01,4.979233e-01,8.665939e-01,1.348900e-01,-1.474973e-02,1.005486e-02,2.478939e-02,5.199686e-02
4.38250,0.395120,0.869125,8.119792e-01,4.979240e-01,8.666592e-01,1.349090e-01,-1.472488e-02,1.003868e-02,2.477716e-02,5.202229e-02
4.38500,0.395712,0.869212,8.123130e-01,4.979237e-01,8.667807e-01,1.349279e-01,-1.469745e-02,1.004097e-02,2.476483e-02,5.204815e-02
4.38750,0.396304,0.869299,8.126349e-01,4.979224e-01,8.668998e-01,1.349467e-01,-1.466704e-02,1.003103e-02,2.475286e-02,5.207449e-02
4.39000,0.396899,0.869385,8.129451e-01,4.979201e-01,8.669536e-01,1.349654e-01,-1.464322e-02,1.002630e-02,2.474083e-02,5.210132e-02
4.39250,0.397495,0.869470,8.132433e-01,4.979169e-01,8.668868e-01,1.349841e-01,-1.463114e-02,1.002210e-02,2.472802e-02,5.212861e-02
4.39500,0.398092,0.869553,8.135294e-01,4.979126e-01,8.667290e-01,1.350026e-01,-1.461951e-02,1.002709e-02,2.471472e-02,5.215636e-02
4.39750,0.398691,0.869636,8.138034e-01,4.979073e-01,8.665425e-01,1.350210e-01,-1.460252e-02,1.003232e-02,2.470105e-02,5.218456e-02
4.40000,0.399291,0.869718,8.140650e-01,4.979010e-01,8.663831e-01,1.350393e-01,-1.456012e-02,1.004312e-02,2.468848e-02,5.221330e-02
4.40250,0.399893,0.869799,8.143610e-01,4.978937e-01,8.663051e-01,1.350575e-01,-1.454330e-02,1.004913e-02,2.467438e-02,5.224253e-02
4.40500,0.400496,0.869878,8.146985e-01,4.978854e-01,8.663570e-01,1.350757e-01,-1.453718e-02,1.004433e-02,2.465951e-02,5.227220e-02
4.40750,0.401100,0.869957,8.150252e-01,4.978761e-01,8.665340e-01,1.350937e-01,-1.453161e-02,1.004352e-02,2.464469e-02,5.230232e-02
4.41000,0.401706,0.870035,8.153409e-01,4.978659e-01,8.667887e-01,1.351116e-01,-1.449959e-02,1.002779e-02,2.463106e-02,5.233295e-02
4.41250,0.402314,0.870112,8.156453e-01,4.978546e-01,8.670826e-01,1.351294e-01,-1.446286e-02,1.002358e-02,2.461755e-02,5.236409e-02
4.41500,0.402923,0.870187,8.159383e-01,4.978423e-01,8.669740e-01,1.351471e-01,-1.444853e-02,1.001020e-02,2.460229e-02,5.239567e-02
4.41750,0.403533,0.870262,8.162195e-01,4.978291e-01,8.655694e-01,1.351647e-01,-1.443494e-02,9.998169e-03,2.458676e-02,5.242769e-02
4.42000,0.404145,0.870336,8.164889e-01,4.978149e-01,8.642185e-01,1.351821e-01,-1.440577e-02,9.981053e-03,2.457256e-02,5.246019e-02
4.42250,0.404758,0.870408,8.167461e-01,4.977996e-01,8.629106e-01,1.351994e-01,-1.435531e-02,9.979231e-03,2.456021e-02,5.249325e-02
4.42500,0.405373,0.870480,8.169910e-01,4.977835e-01,8.616268e-01,1.352166e-01,-1.432739e-02,9.984929e-03,2.454647e-02,5.252675e-02
4.42750,0.405989,0.870551,8.172235e-01,4.977663e-01,8.603526e-01,1.352337e-01,-1.428245e-02,9.985987e-03,2.453298e-02,5.256074e-02
4.43000,0.406606,0.870621,8.174435e-01,4.977482e-01,8.590820e-01,1.352506e-01,-1.424039e-02,9.981120e-03,2.451927e-02,5.259521e-02
4.43250,0.407225,0.870689,8.176511e-01,4.977291e-01,8.577918e-01,1.352674e-01,-1.418466e-02,9.980132e-03,2.450692e-02,5.263026e-02
4.43500,0.407846,0.870757,8.178463e-01,4.977091e-01,8.564799e-01,1.352841e-01,-1.415382e-02,9.974230e-03,2.449355e-02,5.266578e-02
4.43750,0.408467,0.870824,8.180289e-01,4.976881e-01,8.551717e-01,1.353007e-01,-1.412354e-02,9.955821e-03,2.447949e-02,5.270180e-02
4.44000,0.409091,0.870890,8.181990e-01,4.976661e-01,8.538857e-01,1.353173e-01,-1.409281e-02,9.954145e-03,2.446493e-02,5.273833e-02
4.44250,0.409715,0.870954,8.183564e-01,4.976432e-01,8.526506e-01,1.353337e-01,-1.408036e-02,9.933529e-03,2.444844e-02,5.277533e-02
4.44500,0.410341,0.871018,8.185008e-01,4.976194e-01,8.514905e-01,1.353500e-01,-1.404897e-02,9.924994e-03,2.443290e-02,5.281288e-02
4.44750,0.410969,0.871081,8.186321e-01,4.975946e-01,8.503948e-01,1.353663e-01,-1.404416e-02,9.900875e-03,2.441596e-02,5.285087e-02
4.45000,0.411597,0.871142,8.187499e-01,4.975689e-01,8.493436e-01,1.353823e-01,-1.401129e-02,9.900791e-03,2.440089e-02,5.288937e-02
4.45250,0.412228,0.871203,8.188753e-01,4.975422e-01,8.483173e-01,1.353983e-01,-1.398764e-02,9.900695e-03,2.438549e-02,5.292831e-02
4.45500,0.412859,0.871263,8.190569e-01,4.975146e-01,8.472800e-01,1.354141e-01,-1.391963e-02,9.895503e-03,2.437224e-02,5.296785e-02
4.45750,0.413492,0.871322,8.192449e-01,4.974861e-01,8.462026e-01,1.354298e-01,-1.387911e-02,9.901396e-03,2.435763e-02,5.300789e-02
4.46000,0.414127,0.871380,8.194206e-01,4.974567e-01,8.450940e-01,1.354453e-01,-1.382888e-02,9.899222e-03,2.434336e-02,5.304843e-02
4.46250,0.414762,0.871436,8.195840e-01,4.974263e-01,8.439808e-01,1.354607e-01,-1.380092e-02,9.892429e-03,2.432818e-02,5.308939e-02
4.46500,0.415400,0.871492,8.197350e-01,4.973950e-01,8.428881e-01,1.354759e-01,-1.373083e-02,9.873093e-03,2.431542e-02,5.313092e-02
4.46750,0.416038,0.871547,8.198737e-01,4.973629e-01,8.418575e-01,1.354911e-01,-1.366509e-02,9.870046e-03,2.430299e-02,5.317300e-02
4.47000,0.416678,0.871601,8.200002e-01,4.973298e-01,8.409242e-01,1.355061e-01,-1.362447e-02,9.852721e-03,2.428874e-02,5.321556e-02
4.47250,0.417319,0.871654,8.201144e-01,4.972958e-01,8.400792e-01,1.355211e-01,-1.359913e-02,9.828973e-03,2.427282e-02,5.325860e-02
4.47500,0.417962,0.871705,8.202162e-01,4.972610e-01,8.393093e-01,1.355360e-01,-1.356460e-02,9.811991e-03,2.425744e-02,5.330215e-02
4.47750,0.418606,0.871756,8.203056e-01,4.972252e-01,8.385861e-01,1.355507e-01,-1.353395e-02,9.785630e-03,2.424226e-02,5.334623e-02
4.48000,0.419251,0.871806,8.203824e-01,4.971886e-01,8.378504e-01,1.355653e-01,-1.350178e-02,9.789930e-03,2.422697e-02,5.339081e-02
4.48250,0.419898,0.871855,8.204463e-01,4.971511e-01,8.370707e-01,1.355798e-01,-1.346280e-02,9.777425e-03,2.421133e-02,5.343592e-02
4.48500,0.420546,0.871903,8.204973e-01,4.971128e-01,8.362435e-01,1.355942e-01,-1.343792e-02,9.770994e-03,2.419424e-02,5.348148e-02
4.48750,0.421195,0.871950,8.205349e-01,4.970735e-01,8.353789e-01,1.356084e-01,-1.337010e-02,9.770589e-03,2.417980e-02,5.352762e-02
4.49000,0.421846,0.871996,8.205622e-01,4.970334e-01,8.345072e-01,1.356225e-01,-1.331833e-02,9.763282e-03,2.416581e-02,5.357425e-02
4.49250,0.422498,0.872041,8.206302e-01,4.969925e-01,8.336826e-01,1.356364e-01,-1.323485e-02,9.769509e-03,2.415434e-02,5.362149e-02
4.49500,0.423151,0.872085,8.206900e-01,4.969507e-01,8.329680e-01,1.356502e-01,-1.319617e-02,9.753954e-03,2.414023e-02,5.366918e-02
4.49750,0.423806,0.872128,8.207887e-01,4.969081e-01,8.323799e-01,1.356639e-01,-1.314007e-02,9.732683e-03,2.412559e-02,5.371739e-02
4.50000,0.424462,0.872170,8.208756e-01,4.968646e-01,8.319089e-01,1.356775e-01,-1.308471e-02,9.706672e-03,2.411095e-02,5.376610e-02
4.50250,0.425119,0.872211,8.209510e-01,4.968203e-01,8.315321e-01,1.356910e-01,-1.302143e-02,9.693929e-03,2.409772e-02,5.381536e-02
4.50500,0.425778,0.872251,8.210146e-01,4.967752e-01,8.312002e-01,1.357044e-01,-1.298677e-02,9.673726e-03,2.408335e-02,5.386511e-02
4.50750,0.426438,0.872290,8.210665e-01,4.967293e-01,8.308621e-01,1.357176e-01,-1.294457e-02,9.663006e-03,2.406862e-02,5.391542e-02
4.51000,0.427099,0.872328,8.211065e-01,4.966825e-01,8.304726e-01,1.357308e-01,-1.291016e-02,9.646233e-03,2.405254e-02,5.396624e-02
4.51250,0.427761,0.872365,8.211344e-01,4.966350e-01,8.300206e-01,1.357439e-01,-1.288021e-02,9.643090e-03,2.403597e-02,5.401754e-02
4.51500,0.428425,0.872402,8.211500e-01,4.965867e-01,8.295274e-01,1.357568e-01,-1.283044e-02,9.631110e-03,2.402080e-02,5.406937e-02
4.51750,0.429090,0.872437,8.211531e-01,4.965375e-01,8.290368e-01,1.357695e-01,-1.276862e-02,9.633778e-03,2.400750e-02,5.412178e-02
4.52000,0.429757,0.872471,8.211434e-01,4.964876e-01,8.286161e-01,1.357822e-01,-1.270594e-02,9.615775e-03,2.399422e-02,5.417474e-02
4.52250,0.430424,0.872504,8.211207e-01,4.964369e-01,8.283171e-01,1.357947e-01,-1.263543e-02,9.617921e-03,2.398061e-02,5.422820e-02
4.52500,0.431093,0.872537,8.210852e-01,4.963854e-01,8.281534e-01,1.358070e-01,-1.255710e-02,9.600095e-03,2.396743e-02,5.428220e-02
4.52750,0.431763,0.872568,8.210368e-01,4.963332e-01,8.281233e-01,1.358193e-01,-1.248629e-02,9.582875e-03,2.395465e-02,5.433674e-02
4.53000,0.432435,0.872599,8.209757e-01,4.962802e-01,8.281930e-01,1.358314e-01,-1.241602e-02,9.552355e-03,2.394240e-02,5.439182e-02
4.53250,0.433107,0.872628,8.209023e-01,4.962265e-01,8.283150e-01,1.358434e-01,-1.236699e-02,9.535491e-03,2.392885e-02,5.444735e-02
4.53500,0.433781,0.872657,8.208165e-01,4.961720e-01,8.284267e-01,1.358554e-01,-1.232553e-02,9.511715e-03,2.391379e-02,5.450335e-02
4.53750,0.434456,0.872684,8.207184e-01,4.961168e-01,8.284863e-01,1.358673e-01,-1.226816e-02,9.499848e-03,2.389910e-02,5.455990e-02
4.54000,0.435132,0.872711,8.206079e-01,4.960609e-01,8.284945e-01,1.358790e-01,-1.222830e-02,9.484657e-03,2.388364e-02,5.461696e-02
4.54250,0.435810,0.872736,8.204848e-01,4.960042e-01,8.284718e-01,1.358906e-01,-1.217953e-02,9.479350e-03,2.386934e-02,5.467454e-02
4.54500,0.436489,0.872761,8.204044e-01,4.959469e-01,8.284579e-01,1.359022e-01,-1.214126e-02,9.461522e-03,2.385464e-02,5.473260e-02
4.54750,0.437169,0.872785,8.203713e-01,4.958888e-01,8.285041e-01,1.359135e-01,-1.206472e-02,9.461283e-03,2.384125e-02,5.479122e-02
4.55000,0.437850,0.872808,8.203261e-01,4.958300e-01,8.286604e-01,1.359248e-01,-1.200175e-02,9.458006e-03,2.382696e-02,5.485035e-02
4.55250,0.438532,0.872830,8.202688e-01,4.957705e-01,8.289580e-01,1.359358e-01,-1.191982e-02,9.458893e-03,2.381422e-02,5.491003e-02
4.55500,0.439216,0.872850,8.201993e-01,4.957104e-01,8.293911e-01,1.359468e-01,-1.184732e-02,9.440953e-03,2.380247e-02,5.497023e-02
4.55750,0.439901,0.872870,8.201180e-01,4.956495e-01,8.299191e-01,1.359577e-01,-1.176427e-02,9.415260e-03,2.379168e-02,5.503097e-02
4.56000,0.440586,0.872889,8.200250e-01,4.955880e-01,8.304988e-01,1.359684e-01,-1.169464e-02,9.390368e-03,2.377974e-02,5.509220e-02
4.56250,0.441274,0.872908,8.199206e-01,4.955258e-01,8.310891e-01,1.359791e-01,-1.162073e-02,9.381183e-03,2.376737e-02,5.515399e-02
4.56500,0.441962,0.872925,8.198048e-01,4.954630e-01,8.316586e-01,1.359897e-01,-1.158666e-02,9.364907e-03,2.375260e-02,5.521627e-02
4.56750,0.442651,0.872941,8.196774e-01,4.953995e-01,8.321903e-01,1.360002e-01,-1.154830e-02,9.352952e-03,2.373777e-02,5.527902e-02
4.57000,0.443342,0.872956,8.195383e-01,4.953354e-01,8.321897e-01,1.360106e-01,-1.149415e-02,9.331252e-03,2.372389e-02,5.534228e-02
4.57250,0.444033,0.872970,8.193874e-01,4.952706e-01,8.309647e-01,1.360208e-01,-1.143191e-02,9.319133e-03,2.371063e-02,5.540606e-02
4.57500,0.444726,0.872984,8.192243e-01,4.952053e-01,8.297865e-01,1.360310e-01,-1.136802e-02,9.314324e-03,2.369764e-02,5.547038e-02
4.57750,0.445420,0.872996,8.190490e-01,4.951393e-01,8.287085e-01,1.360410e-01,-1.129937e-02,9.305690e-03,2.368470e-02,5.553521e-02
4.58000,0.446115,0.873008,8.188615e-01,4.950726e-01,8.277570e-01,1.360509e-01,-1.120408e-02,9.291462e-03,2.367368e-02,5.560058e-02
4.58250,0.446812,0.873018,8.186619e-01,4.950054e-01,8.269325e-01,1.360606e-01,-1.110703e-02,9.275830e-03,2.366355e-02,5.566646e-02
4.58500,0.447509,0.873028,8.184505e-01,4.949376e-01,8.261821e-01,1.360703e-01,-1.100055e-02,9.269015e-03,2.365475e-02,5.573292e-02
4.58750,0.448207,0.873037,8.182275e-01,4.948692e-01,8.254415e-01,1.360798e-01,-1.093722e-02,9.246901e-03,2.364341e-02,5.579990e-02
4.59000,0.448907,0.873044,8.179929e-01,4.948002e-01,8.246441e-01,1.360893e-01,-1.088099e-02,9.225824e-03,2.363053e-02,5.586740e-02
4.59250,0.449608,0.873051,8.177466e-01,4.947307e-01,8.237429e-01,1.360987e-01,-1.083391e-02,9.204658e-03,2.361673e-02,5.593531e-02
4.59500,0.450309,0.873057,8.175159e-01,4.946606e-01,8.227564e-01,1.361080e-01,-1.077522e-02,9.195274e-03,2.360397e-02,5.600371e-02
4.59750,0.451012,0.873062,8.173614e-01,4.945899e-01,8.217503e-01,1.361171e-01,-1.073775e-02,9.178980e-03,2.359017e-02,5.607253e-02
4.60000,0.451716,0.873066,8.171956e-01,4.945187e-01,8.207915e-01,1.361262e-01,-1.065440e-02,9.168650e-03,2.357877e-02,5.614195e-02
4.60250,0.452421,0.873070,8.170185e-01,4.944469e-01,8.199432e-01,1.361352e-01,-1.059795e-02,9.148464e-03,2.356566e-02,5.621180e-02
4.60500,0.453127,0.873072,8.168300e-01,4.943746e-01,8.192508e-01,1.361440e-01,-1.050306e-02,9.130272e-03,2.355502e-02,5.628217e-02
4.60750,0.453834,0.873073,8.166303e-01,4.943018e-01,8.187055e-01,1.361527e-01,-1.042056e-02,9.124615e-03,2.354456e-02,5.635300e-02
4.61000,0.454542,0.873073,8.164196e-01,4.942285e-01,8.182595e-01,1.361613e-01,-1.030884e-02,9.115061e-03,2.353663e-02,5.642445e-02
4.61250,0.455251,0.873073,8.161982e-01,4.941546e-01,8.178310e-01,1.361698e-01,-1.024666e-02,9.102086e-03,2.352571e-02,5.649631e-02
4.61500,0.455961,0.873072,8.159662e-01,4.940803e-01,8.173447e-01,1.361783e-01,-1.014502e-02,9.092688e-03,2.351680e-02,5.656876e-02
4.61750,0.456672,0.873069,8.157235e-01,4.940054e-01,8.167652e-01,1.361866e-01,-1.009604e-02,9.079912e-03,2.350518e-02,5.664162e-02
4.62000,0.457384,0.873066,8.154700e-01,4.939301e-01,8.161066e-01,1.361948e-01,-1.001814e-02,9.069051e-03,2.349503e-02,5.671503e-02
4.62250,0.458098,0.873062,8.152056e-01,4.938543e-01,8.154198e-01,1.362029e-01,-9.975873e-03,9.045983e-03,2.348236e-02,5.678883e-02
4.62500,0.458812,0.873057,8.149301e-01,4.937780e-01,8.147805e-01,1.362110e-01,-9.892742e-03,9.029085e-03,2.347157e-02,5.686317e-02
4.62750,0.459527,0.873051,8.146434e-01,4.937013e-01,8.142449e-01,1.362189e-01,-9.821495e-03,9.030298e-03,2.346083e-02,5.693797e-02
4.63000,0.460243,0.873044,8.143458e-01,4.936241e-01,8.138580e-01,1.362267e-01,-9.734306e-03,9.019876e-03,2.345114e-02,5.701328e-02
4.63250,0.460960,0.873036,8.140374e-01,4.935464e-01,8.136368e-01,1.362344e-01,-9.651638e-03,8.997233e-03,2.344166e-02,5.708905e-02
4.63500,0.461678,0.873027,8.137184e-01,4.934684e-01,8.135344e-01,1.362421e-01,-9.555528e-03,8.976039e-03,2.343359e-02,5.716534e-02
4.63750,0.462397,0.873018,8.133888e-01,4.933899e-01,8.113067e-01,1.362497e-01,-9.472237e-03,8.964802e-03,2.342448e-02,5.724215e-02
4.64000,0.463117,0.873007,8.130486e-01,4.933109e-01,8.088895e-01,1.362572e-01,-9.412362e-03,8.956968e-03,2.341362e-02,5.731941e-02
4.64250,0.463838,0.872996,8.126978e-01,4.932316e-01,8.065187e-01,1.362646e-01,-9.344330e-03,8.941666e-03,2.340290e-02,5.739713e-02
4.64500,0.464559,0.872984,8.123361e-01,4.931518e-01,8.042162e-01,1.362719e-01,-9.257048e-03,8.929953e-03,2.339359e-02,5.747534e-02
4.64750,0.465282,0.872970,8.120200e-01,4.930717e-01,8.019903e-01,1.362791e-01,-9.169173e-03,8.924555e-03,2.338452e-02,5.755408e-02
4.65000,0.466006,0.872956,8.117493e-01,4.929911e-01,7.998082e-01,1.362861e-01,-9.100899e-03,8.903480e-03,2.337438e-02,5.763325e-02
4.65250,0.466730,0.872941,8.114683e-01,4.929102e-01,7.976073e-01,1.362931e-01,-9.006203e-03,8.892911e-03,2.336602e-02,5.771290e-02
4.65500,0.467456,0.872925,8.111773e-01,4.928289e-01,7.953846e-01,1.363000e-01,-8.909406e-03,8.875421e-03,2.335894e-02,5.779304e-02
4.65750,0.468182,0.872909,8.108764e-01,4.927472e-01,7.931427e-01,1.363069e-01,-8.815101e-03,8.865061e-03,2.335179e-02,5.787364e-02
4.66000,0.468909,0.872891,8.105658e-01,4.926652e-01,7.908773e-01,1.363136e-01,-8.740860e-03,8.853324e-03,2.334284e-02,5.795469e-02
4.66250,0.469637,0.872872,8.102455e-01,4.925828e-01,7.886009e-01,1.363204e-01,-8.687968e-03,8.834833e-03,2.333211e-02,5.803617e-02
4.66500,0.470366,0.872853,8.099155e-01,4.925000e-01,7.863874e-01,1.363270e-01,-8.626439e-03,8.824241e-03,2.332210e-02,5.811811e-02
4.66750,0.471096,0.872833,8.095756e-01,4.924170e-01,7.842816e-01,1.363335e-01,-8.559380e-03,8.809211e-03,2.331243e-02,5.820048e-02
4.67000,0.471826,0.872811,8.092257e-01,4.923335e-01,7.822947e-01,1.363400e-01,-8.479823e-03,8.801613e-03,2.330307e-02,5.828328e-02
4.67250,0.472558,0.872789,8.088657e-01,4.922498e-01,7.804065e-01,1.363463e-01,-8.380590e-03,8.782764e-03,2.329499e-02,5.836657e-02
4.67500,0.473290,0.872766,8.084960e-01,4.921658e-01,7.785723e-01,1.363526e-01,-8.266229e-03,8.779055e-03,2.328899e-02,5.845038e-02
4.67750,0.474023,0.872742,8.081166e-01,4.920814e-01,7.767683e-01,1.363587e-01,-8.148162e-03,8.765890e-03,2.328446e-02,5.853470e-02
4.68000,0.474757,0.872718,8.077276e-01,4.919967e-01,7.749535e-01,1.363648e-01,-8.050386e-03,8.756438e-03,2.327855e-02,5.861946e-02
4.68250,0.475492,0.872692,8.073291e-01,4.919118e-01,7.730953e-01,1.363709e-01,-7.960755e-03,8.745212e-03,2.327160e-02,5.870466e-02
4.68500,0.476227,0.872665,8.069211e-01,4.918265e-01,7.712146e-01,1.363768e-01,-7.896499e-03,8.735824e-03,2.326292e-02,5.879027e-02
4.68750,0.476964,0.872638,8.065034e-01,4.917410e-01,7.693573e-01,1.363827e-01,-7.821751e-03,8.729681e-03,2.325499e-02,5.887634e-02
4.69000,0.477701,0.872610,8.060761e-01,4.916552e-01,7.675614e-01,1.363886e-01,-7.769164e-03,8.721404e-03,2.324597e-02,5.896281e-02
4.69250,0.478439,0.872581,8.056392e-01,4.915691e-01,7.658575e-01,1.363944e-01,-7.705268e-03,8.715978e-03,2.323668e-02,5.904966e-02
4.69500,0.479177,0.872551,8.051928e-01,4.914828e-01,7.642965e-01,1.364001e-01,-7.629782e-03,8.700904e-03,2.322764e-02,5.913690e-02
4.69750,0.479917,0.872520,8.047371e-01,4.913962e-01,7.628695e-01,1.364057e-01,-7.507564e-03,8.685157e-03,2.322157e-02,5.922469e-02
4.70000,0.480657,0.872488,8.042720e-01,4.913094e-01,7.615442e-01,1.364113e-01,-7.405313e-03,8.666683e-03,2.321577e-02,5.931292e-02
4.70250,0.481398,0.872455,8.039008e-01,4.912224e-01,7.602691e-01,1.364169e-01,-7.277563e-03,8.656454e-03,2.321221e-02,5.940168e-02
4.70500,0.482139,0.872422,8.035251e-01,4.911351e-01,7.589877e-01,1.364223e-01,-7.196383e-03,8.642019e-03,2.320614e-02,5.949084e-02
4.70750,0.482881,0.872387,8.031406e-01,4.910476e-01,7.576860e-01,1.364278e-01,-7.099007e-03,8.633749e-03,2.319999e-02,5.958046e-02
4.71000,0.483624,0.872352,8.027474e-01,4.909598e-01,7.563721e-01,1.364331e-01,-7.023296e-03,8.626451e-03,2.319213e-02,5.967047e-02
4.71250,0.484368,0.872316,8.023452e-01,4.908719e-01,7.550719e-01,1.364384e-01,-6.943806e-03,8.627725e-03,2.318511e-02,5.976090e-02
4.71500,0.485112,0.872279,8.019341e-01,4.907838e-01,7.538322e-01,1.364437e-01,-6.881932e-03,8.616328e-03,2.317748e-02,5.985167e-02
4.71750,0.485857,0.872241,8.015143e-01,4.906954e-01,7.527136e-01,1.364489e-01,-6.779765e-03,8.610555e-03,2.317140e-02,5.994290e-02
4.72000,0.486603,0.872202,8.010857e-01,4.906069e-01,7.517404e-01,1.364540e-01,-6.686983e-03,8.608512e-03,2.316474e-02,6.003454e-02
4.72250,0.487349,0.872162,8.006485e-01,4.905181e-01,7.509112e-01,1.364591e-01,-6.595410e-03,8.594725e-03,2.315813e-02,6.012656e-02
4.72500,0.488096,0.872122,8.002027e-01,4.904292e-01,7.502138e-01,1.364641e-01,-6.490575e-03,8.583690e-03,2.315365e-02,6.021902e-02
4.72750,0.488844,0.872081,7.997482e-01,4.903402e-01,7.496038e-01,1.364691e-01,-6.404198e-03,8.561892e-03,2.314858e-02,6.031189e-02
4.73000,0.489592,0.872038,7.992851e-01,4.902509e-01,7.490242e-01,1.364741e-01,-6.326673e-03,8.548084e-03,2.314153e-02,6.040516e-02
4.73250,0.490341,0.871995,7.988134e-01,4.901615e-01,7.484322e-01,1.364790e-01,-6.248677e-03,8.536313e-03,2.313338e-02,6.049880e-02
4.73500,0.491091,0.871951,7.983331e-01,4.900720e-01,7.478287e-01,1.364839e-01,-6.171407e-03,8.530734e-03,2.312600e-02,6.059283e-02
4.73750,0.491841,0.871907,7.978443e-01,4.899823e-01,7.472468e-01,1.364887e-01,-6.063288e-03,8.516095e-03,2.312139e-02,6.068731e-02
4.74000,0.492592,0.871861,7.973471e-01,4.898925e-01,7.467218e-01,1.364935e-01,-5.950967e-03,8.519140e-03,2.311739e-02,6.078221e-02
4.74250,0.493343,0.871814,7.968415e-01,4.898025e-01,7.463038e-01,1.364982e-01,-5.833447e-03,8.523165e-03,2.311376e-02,6.087750e-02
4.74500,0.494095,0.871767,7.963275e-01,4.897124e-01,7.460288e-01,1.365028e-01,-5.723100e-03,8.515328e-03,2.310976e-02,6.097321e-02
4.74750,0.494847,0.871719,7.958052e-01,4.896221e-01,7.459145e-01,1.365075e-01,-5.607232e-03,8.499865e-03,2.310697e-02,6.106942e-02
4.75000,0.495600,0.871670,7.952746e-01,4.895318e-01,7.459526e-01,1.365121e-01,-5.548900e-03,8.500704e-03,2.310043e-02,6.116589e-02
4.75250,0.496354,0.871620,7.947357e-01,4.894413e-01,7.461116e-01,1.365167e-01,-5.476486e-03,8.504075e-03,2.309361e-02,6.126271e-02
4.75500,0.497108,0.871569,7.941889e-01,4.893507e-01,7.463569e-01,1.365213e-01,-5.423026e-03,8.500195e-03,2.308502e-02,6.135983e-02
4.75750,0.497862,0.871517,7.936833e-01,4.892601e-01,7.466502e-01,1.365258e-01,-5.321713e-03,8.483120e-03,2.307903e-02,6.145739e-02
4.76000,0.498617,0.871465,7.932227e-01,4.891693e-01,7.469636e-01,1.365304e-01,-5.238453e-03,8.474615e-03,2.307232e-02,6.155526e-02
4.76250,0.499373,0.871411,7.927544e-01,4.890784e-01,7.457293e-01,1.365349e-01,-5.123468e-03,8.455569e-03,2.306848e-02,6.165354e-02
4.76500,0.500129,0.871357,7.922783e-01,4.889875e-01,7.444975e-01,1.365393e-01,-4.995019e-03,8.444558e-03,2.306601e-02,6.175225e-02
4.76750,0.500886,0.871302,7.917944e-01,4.888964e-01,7.432750e-01,1.365438e-01,-4.842233e-03,8.434263e-03,2.306514e-02,6.185150e-02
4.77000,0.501643,0.871246,7.913028e-01,4.888053e-01,7.420697e-01,1.365483e-01,-4.765579e-03,8.438089e-03,2.305933e-02,6.195101e-02
4.77250,0.502401,0.871189,7.908035e-01,4.887142e-01,7.409159e-01,1.365527e-01,-4.688843e-03,8.428183e-03,2.305339e-02,6.205083e-02
4.77500,0.503159,0.871131,7.902963e-01,4.886229e-01,7.398579e-01,1.365571e-01,-4.604427e-03,8.442107e-03,2.304856e-02,6.215099e-02
4.77750,0.503917,0.871073,7.897815e-01,4.885316e-01,7.388945e-01,1.365615e-01,-4.507457e-03,8.438249e-03,2.304408e-02,6.225156e-02
4.78000,0.504676,0.871014,7.892590e-01,4.884402e-01,7.380305e-01,1.365659e-01,-4.448580e-03,8.440246e-03,2.303568e-02,6.235233e-02
4.78250,0.505435,0.870953,7.887289e-01,4.883488e-01,7.372513e-01,1.365702e-01,-4.346747e-03,8.437694e-03,2.303011e-02,6.245346e-02
4.78500,0.506195,0.870892,7.881912e-01,4.882573e-01,7.365051e-01,1.365746e-01,-4.238051e-03,8.429752e-03,2.302658e-02,6.255494e-02
4.78750,0.506955,0.870830,7.876460e-01,4.881658e-01,7.357590e-01,1.365789e-01,-4.088521e-03,8.429574e-03,2.302651e-02,6.265694e-02
4.79000,0.507716,0.870768,7.870932e-01,4.880742e-01,7.350007e-01,1.365832e-01,-4.009610e-03,8.419470e-03,2.302124e-02,6.275914e-02
4.79250,0.508477,0.870704,7.865329e-01,4.879826e-01,7.342584e-01,1.365876e-01,-3.908305e-03,8.409451e-03,2.301635e-02,6.286171e-02
4.79500,0.509238,0.870639,7.859651e-01,4.878910e-01,7.335745e-01,1.365920e-01,-3.830604e-03,8.396783e-03,2.301055e-02,6.296458e-02
4.79750,0.510000,0.870574,7.853900e-01,4.877993e-01,7.329927e-01,1.365963e-01,-3.727708e-03,8.388733e-03,2.300679e-02,6.306788e-02
4.80000,0.510762,0.870508,7.848076e-01,4.877077e-01,7.325492e-01,1.366006e-01,-3.664001e-03,8.378696e-03,2.299938e-02,6.317135e-02
4.80250,0.511524,0.870441,7.842177e-01,4.876159e-01,7.322447e-01,1.366050e-01,-3.545693e-03,8.385325e-03,2.299440e-02,6.327520e-02
4.80500,0.512287,0.870373,7.836205e-01,4.875242e-01,7.320344e-01,1.366092e-01,-3.413599e-03,8.390509e-03,2.299162e-02,6.337944e-02
4.80750,0.513050,0.870304,7.830162e-01,4.874325e-01,7.318590e-01,1.366135e-01,-3.273629e-03,8.396484e-03,2.299121e-02,6.348408e-02
4.81000,0.513814,0.870235,7.824048e-01,4.873407e-01,7.316833e-01,1.366178e-01,-3.173498e-03,8.402689e-03,2.298888e-02,6.358896e-02
4.81250,0.514577,0.870164,7.817863e-01,4.872490e-01,7.315083e-01,1.366221e-01,-3.077199e-03,8.391643e-03,2.298505e-02,6.369414e-02
4.81500,0.515341,0.870093,7.811614e-01,4.871572e-01,7.313484e-01,1.366265e-01,-2.987232e-03,8.403251e-03,2.297999e-02,6.379962e-02
4.81750,0.516106,0.870021,7.806261e-01,4.870654e-01,7.312746e-01,1.366308e-01,-2.912147e-03,8.392280e-03,2.297367e-02,6.390534e-02
4.82000,0.516870,0.869948,7.800839e-01,4.869737e-01,7.313308e-01,1.366352e-01,-2.838910e-03,8.398393e-03,2.296740e-02,6.401128e-02
4.82250,0.517635,0.869874,7.795347e-01,4.868819e-01,7.315399e-01,1.366396e-01,-2.745248e-03,8.387697e-03,2.296225e-02,6.411751e-02
4.82500,0.518400,0.869799,7.789784e-01,4.867902e-01,7.319062e-01,1.366439e-01,-2.619882e-03,8.382885e-03,2.295893e-02,6.422409e-02
4.82750,0.519166,0.869724,7.784152e-01,4.866984e-01,7.323885e-01,1.366483e-01,-2.499950e-03,8.368872e-03,2.295501e-02,6.433097e-02
4.83000,0.519931,0.869648,7.778450e-01,4.866067e-01,7.329176e-01,1.366528e-01,-2.379806e-03,8.360538e-03,2.295193e-02,6.443813e-02
4.83250,0.520697,0.869570,7.772679e-01,4.865150e-01,7.334653e-01,1.366572e-01,-2.228371e-03,8.365535e-03,2.295211e-02,6.454571e-02
4.83500,0.521463,0.869492,7.766841e-01,4.864233e-01,7.340199e-01,1.366616e-01,-2.125475e-03,8.369473e-03,2.294975e-02,6.465358e-02
4.83750,0.522229,0.869413,7.760935e-01,4.863316e-01,7.346063e-01,1.366661e-01,-2.042560e-03,8.389844e-03,2.294436e-02,6.476165e-02
4.84000,0.522996,0.869334,7.754962e-01,4.862400e-01,7.352793e-01,1.366706e-01,-1.988645e-03,8.395776e-03,2.293632e-02,6.486985e-02
4.84250,0.523762,0.869253,7.748921e-01,4.861484e-01,7.360800e-01,1.366751e-01,-1.890062e-03,8.397641e-03,2.293111e-02,6.497830e-02
4.84500,0.524529,0.869172,7.742812e-01,4.860567e-01,7.370375e-01,1.366796e-01,-1.768665e-03,8.404843e-03,2.292864e-02,6.508706e-02
4.84750,0.525296,0.869089,7.736637e-01,4.859652e-01,7.381682e-01,1.366842e-01,-1.655569e-03,8.404677e-03,2.292538e-02,6.519606e-02
4.85000,0.526063,0.869006,7.730397e-01,4.858736e-01,7.394546e-01,1.366887e-01,-1.542013e-03,8.402525e-03,2.292146e-02,6.530529e-02
4.85250,0.526830,0.868922,7.724091e-01,4.857821e-01,7.408551e-01,1.366933e-01,-1.412857e-03,8.396591e-03,2.291880e-02,6.541481e-02
4.85500,0.527597,0.868837,7.717719e-01,4.856906e-01,7.423131e-01,1.366980e-01,-1.304932e-03,8.394546e-03,2.291584e-02,6.552458e-02
4.85750,0.528365,0.868751,7.711282e-01,4.855992e-01,7.438083e-01,1.367027e-01,-1.211343e-03,8.392320e-03,2.291191e-02,6.563457e-02
4.86000,0.529132,0.868665,7.704782e-01,4.855078e-01,7.453487e-01,1.367074e-01,-1.122405e-03,8.389227e-03,2.290659e-02,6.574475e-02
4.86250,0.529900,0.868577,7.698219e-01,4.854164e-01,7.469630e-01,1.367121e-01,-1.005041e-03,8.395954e-03,2.290209e-02,6.585521e-02
4.86500,0.530668,0.868489,7.691593e-01,4.853250e-01,7.486888e-01,1.367169e-01,-9.041065e-04,8.402367e-03,2.289680e-02,6.596585e-02
4.86750,0.531436,0.868400,7.684904e-01,4.852337e-01,7.505655e-01,1.367216e-01,-7.886932e-04,8.423794e-03,2.289361e-02,6.607670e-02
4.87000,0.532204,0.868310,7.678154e-01,4.851425e-01,7.526030e-01,1.367264e-01,-6.581016e-04,8.433405e-03,2.289185e-02,6.618776e-02
4.87250,0.532972,0.868219,7.671343e-01,4.850512e-01,7.547128e-01,1.367312e-01,-5.053636e-04,8.444172e-03,2.289153e-02,6.629915e-02
4.87500,0.533739,0.868128,7.664473e-01,4.849600e-01,7.551603e-01,1.367361e-01,-4.025668e-04,8.446729e-03,2.288772e-02,6.641067e-02
4.87750,0.534507,0.868035,7.657545e-01,4.848689e-01,7.557568e-01,1.367410e-01,-3.150248e-04,8.452013e-03,2.288320e-02,6.652235e-02
4.88000,0.535275,0.867942,7.650558e-01,4.847778e-01,7.553260e-01,1.367460e-01,-2.342196e-04,8.452287e-03,2.287826e-02,6.663418e-02
4.88250,0.536044,0.867847,7.644246e-01,4.846867e-01,7.535569e-01,1.367510e-01,-1.265305e-04,8.462026e-03,2.287377e-02,6.674624e-02
4.88500,0.536812,0.867752,7.638023e-01,4.845957e-01,7.518779e-01,1.367561e-01,-2.661828e-05,8.464077e-03,2.286756e-02,6.685845e-02
4.88750,0.537580,0.867656,7.631739e-01,4.845047e-01,7.502477e-01,1.367611e-01,7.140921e-05,8.460510e-03,2.286151e-02,6.697080e-02
4.89000,0.538347,0.867559,7.625394e-01,4.844137e-01,7.486296e-01,1.367663e-01,2.243846e-04,8.460046e-03,2.286020e-02,6.708346e-02
4.89250,0.539115,0.867462,7.618989e-01,4.843228e-01,7.470160e-01,1.367714e-01,3.681785e-04,8.467291e-03,2.285931e-02,6.719635e-02
4.89500,0.539883,0.867363,7.612524e-01,4.842319e-01,7.454008e-01,1.367767e-01,5.055928e-04,8.487020e-03,2.285730e-02,6.730942e-02
4.89750,0.540651,0.867264,7.606000e-01,4.841411e-01,7.438150e-01,1.367819e-01,6.026341e-04,8.503572e-03,2.285240e-02,6.742257e-02
4.90000,0.541419,0.867163,7.599419e-01,4.840503e-01,7.423142e-01,1.367872e-01,7.212791e-04,8.524790e-03,2.284942e-02,6.753592e-02
4.90250,0.542186,0.867062,7.592780e-01,4.839595e-01,7.409392e-01,1.367926e-01,8.094438e-04,8.537082e-03,2.284480e-02,6.764935e-02
4.90500,0.542954,0.866960,7.586084e-01,4.838688e-01,7.396762e-01,1.367980e-01,8.976861e-04,8.547311e-03,2.283921e-02,6.776286e-02
4.90750,0.543721,0.866857,7.579331e-01,4.837781e-01,7.384836e-01,1.368034e-01,9.926533e-04,8.557366e-03,2.283316e-02,6.787643e-02
4.91000,0.544489,0.866753,7.572521e-01,4.836874e-01,7.373255e-01,1.368089e-01,1.139176e-03,8.561632e-03,2.283030e-02,6.799023e-02
4.91250,0.545256,0.866649,7.565657e-01,4.835967e-01,7.361526e-01,1.368145e-01,1.268874e-03,8.575820e-03,2.282733e-02,6.810415e-02
4.91500,0.546023,0.866543,7.558739e-01,4.835061e-01,7.349531e-01,1.368201e-01,1.400129e-03,8.569342e-03,2.282473e-02,6.821822e-02
4.91750,0.546790,0.866437,7.551766e-01,4.834155e-01,7.337693e-01,1.368258e-01,1.521116e-03,8.576132e-03,2.282130e-02,6.833244e-02
4.92000,0.547557,0.866330,7.544741e-01,4.833250e-01,7.326729e-01,1.368315e-01,1.645725e-03,8.577684e-03,2.281777e-02,6.844683e-02
4.92250,0.548323,0.866222,7.537663e-01,4.832344e-01,7.317197e-01,1.368373e-01,1.738056e-03,8.594990e-03,2.281172e-02,6.856123e-02
4.92500,0.549090,0.866113,7.530534e-01,4.831439e-01,7.309389e-01,1.368431e-01,1.845900e-03,8.609877e-03,2.280691e-02,6.867574e-02
4.92750,0.549856,0.866003,7.523356e-01,4.830534e-01,7.303191e-01,1.368490e-01,1.956276e-03,8.628896e-03,2.280209e-02,6.879033e-02
4.93000,0.550622,0.865892,7.516127e-01,4.829629e-01,7.297804e-01,1.368549e-01,2.104162e-03,8.653351e-03,2.279939e-02,6.890511e-02
4.93250,0.551387,0.865780,7.508850e-01,4.828724e-01,7.292438e-01,1.368609e-01,2.218668e-03,8.670871e-03,2.279484e-02,6.901984e-02
4.93500,0.552153,0.865668,7.501634e-01,4.827819e-01,7.286759e-01,1.368669e-01,2.365702e-03,8.687203e-03,2.279338e-02,6.913474e-02
4.93750,0.552918,0.865554,7.495020e-01,4.826915e-01,7.281030e-01,1.368731e-01,2.480554e-03,8.690771e-03,2.279000e-02,6.924967e-02
4.94000,0.553683,0.865440,7.488352e-01,4.826010e-01,7.275803e-01,1.368792e-01,2.607184e-03,8.711412e-03,2.278624e-02,6.936470e-02
4.94250,0.554448,0.865325,7.481629e-01,4.825106e-01,7.272225e-01,1.368855e-01,2.694098e-03,8.717104e-03,2.277913e-02,6.947968e-02
4.94500,0.555212,0.865209,7.474853e-01,4.824201e-01,7.270768e-01,1.368918e-01,2.813204e-03,8.732809e-03,2.277425e-02,6.959476e-02
4.94750,0.555976,0.865092,7.468023e-01,4.823296e-01,7.254286e-01,1.368982e-01,2.916204e-03,8.736843e-03,2.276848e-02,6.970989e-02
4.95000,0.556740,0.864974,7.461142e-01,4.822392e-01,7.233247e-01,1.369046e-01,3.041035e-03,8.745359e-03,2.276328e-02,6.982506e-02
4.95250,0.557503,0.864856,7.454209e-01,4.821487e-01,7.213427e-01,1.369111e-01,3.186178e-03,8.769495e-03,2.275982e-02,6.994034e-02
4.95500,0.558266,0.864736,7.447225e-01,4.820582e-01,7.194984e-01,1.369176e-01,3.343323e-03,8.791507e-03,2.275808e-02,7.005575e-02
4.95750,0.559029,0.864615,7.440192e-01,4.819676e-01,7.177913e-01,1.369242e-01,3.479506e-03,8.819110e-03,2.275558e-02,7.017119e-02
4.96000,0.559792,0.864494,7.433111e-01,4.818771e-01,7.161595e-01,1.369309e-01,3.602452e-03,8.841934e-03,2.275126e-02,7.028660e-02
4.96250,0.560554,0.864372,7.425981e-01,4.817865e-01,7.145402e-01,1.369377e-01,3.712730e-03,8.864311e-03,2.274648e-02,7.040203e-02
4.96500,0.561315,0.864249,7.418805e-01,4.816959e-01,7.129118e-01,1.369445e-01,3.819618e-03,8.889742e-03,2.274103e-02,7.051744e-02
4.96750,0.562076,0.864124,7.411583e-01,4.816052e-01,7.113079e-01,1.369514e-01,3.915244e-03,8.901549e-03,2.273439e-02,7.063280e-02
4.97000,0.562837,0.863999,7.404315e-01,4.815145e-01,7.097760e-01,1.369584e-01,4.016274e-03,8.917327e-03,2.272686e-02,7.074804e-02
4.97250,0.563598,0.863874,7.397003e-01,4.814238e-01,7.084083e-01,1.369654e-01,4.169340e-03,8.932086e-03,2.272291e-02,7.086337e-02
4.97500,0.564358,0.863747,7.389648e-01,4.813329e-01,7.072531e-01,1.369726e-01,4.324421e-03,8.954032e-03,2.272003e-02,7.097878e-02
4.97750,0.565117,0.863619,7.382251e-01,4.812421e-01,7.063147e-01,1.369798e-01,4.464171e-03,8.962126e-03,2.271649e-02,7.109418e-02
4.98000,0.565876,0.863490,7.374812e-01,4.811511e-01,7.055531e-01,1.369870e-01,4.595048e-03,8.975989e-03,2.271207e-02,7.120950e-02
4.98250,0.566635,0.863361,7.367333e-01,4.810601e-01,7.049050e-01,1.369944e-01,4.732164e-03,9.000873e-03,2.270844e-02,7.132486e-02
4.98500,0.567393,0.863230,7.359814e-01,4.809691e-01,7.043430e-01,1.370018e-01,4.852480e-03,9.029226e-03,2.270353e-02,7.144019e-02
4.98750,0.568150,0.863099,7.352257e-01,4.808779e-01,7.038543e-01,1.370093e-01,4.961776e-03,9.063423e-03,2.269734e-02,7.155543e-02
4.99000,0.568907,0.862967,7.344663e-01,4.807867e-01,7.034525e-01,1.370169e-01,5.053116e-03,9.085349e-03,2.268972e-02,7.167048e-02
4.99250,0.569664,0.862833,7.337032e-01,4.806953e-01,7.031892e-01,1.370246e-01,5.206971e-03,9.131791e-03,2.268616e-02,7.178554e-02
4.99500,0.570420,0.862699,7.329367e-01,4.806039e-01,7.031236e-01,1.370323e-01,5.344418e-03,9.145671e-03,2.268207e-02,7.190054e-02
4.99750,0.571175,0.862564,7.321667e-01,4.805123e-01,7.033097e-01,1.370401e-01,5.496292e-03,9.171542e-03,2.267840e-02,7.201548e-02
5.00000,0.571930,0.862428,7.313936e-01,4.804206e-01,7.037581e-01,1.370480e-01,5.620755e-03,9.183575e-03,2.267328e-02,7.213032e-02
5.00250,0.572684,0.862291,7.306173e-01,4.803288e-01,7.044387e-01,1.370560e-01,5.774421e-03,9.210716e-03,2.267005e-02,7.224516e-02
5.00500,0.573438,0.862153,7.298379e-01,4.802369e-01,7.053093e-01,1.370641e-01,5.904119e-03,9.232071e-03,2.266513e-02,7.235994e-02
5.00750,0.574191,0.862014,7.290557e-01,4.801449e-01,7.063381e-01,1.370723e-01,6.012836e-03,9.239489e-03,2.265787e-02,7.247460e-02
5.01000,0.574943,0.861875,7.282913e-01,4.800527e-01,7.075202e-01,1.370805e-01,6.106040e-03,9.263529e-03,2.264938e-02,7.258905e-02
5.01250,0.575695,0.861734,7.275587e-01,4.799603e-01,7.088720e-01,1.370888e-01,6.252638e-03,9.295353e-03,2.264455e-02,7.270346e-02
5.01500,0.576446,0.861592,7.268222e-01,4.798678e-01,7.104263e-01,1.370972e-01,6.394445e-03,9.335416e-03,2.263986e-02,7.281774e-02
5.01750,0.577197,0.861450,7.260818e-01,4.797752e-01,7.122110e-01,1.371057e-01,6.556143e-03,9.371011e-03,2.263616e-02,7.293191e-02
5.02000,0.577947,0.861306,7.253377e-01,4.796823e-01,7.142434e-01,1.371143e-01,6.703442e-03,9.408628e-03,2.263226e-02,7.304594e-02
5.02250,0.578696,0.861162,7.245900e-01,4.795893e-01,7.165416e-01,1.371229e-01,6.870313e-03,9.445862e-03,2.263040e-02,7.315991e-02
5.02500,0.579444,0.861016,7.238387e-01,4.794961e-01,7.190966e-01,1.371317e-01,6.999388e-03,9.474870e-03,2.262633e-02,7.327369e-02
5.02750,0.580192,0.860870,7.230840e-01,4.794027e-01,7.218843e-01,1.371406e-01,7.107187e-03,9.507358e-03,2.261964e-02,7.338723e-02
5.03000,0.580939,0.860722,7.223260e-01,4.793091e-01,7.248787e-01,1.371495e-01,7.215823e-03,9.523506e-03,2.261147e-02,7.350056e-02
5.03250,0.581685,0.860574,7.228906e-01,4.792153e-01,7.280674e-01,1.371585e-01,7.350846e-03,9.555242e-03,2.260494e-02,7.361376e-02
5.03500,0.582431,0.860425,7.238072e-01,4.791212e-01,7.314625e-01,1.371676e-01,7.481186e-03,9.573371e-03,2.259877e-02,7.372675e-02
5.03750,0.583176,0.860274,7.247225e-01,4.790270e-01,7.350913e-01,1.371768e-01,7.617706e-03,9.600945e-03,2.259303e-02,7.383959e-02
5.04000,0.583919,0.860123,7.256364e-01,4.789325e-01,7.361103e-01,1.371861e-01,7.769058e-03,9.629349e-03,2.258751e-02,7.395224e-02
5.04250,0.584663,0.859971,7.265485e-01,4.788377e-01,7.363486e-01,1.371955e-01,7.940598e-03,9.663846e-03,2.258380e-02,7.406476e-02
5.04500,0.585405,0.859817,7.274585e-01,4.787427e-01,7.368432e-01,1.372050e-01,8.098545e-03,9.697450e-03,2.258068e-02,7.417708e-02
5.04750,0.586146,0.859663,7.283664e-01,4.786474e-01,7.375578e-01,1.372145e-01,8.242281e-03,9.752488e-03,2.257759e-02,7.428920e-02
5.05000,0.586887,0.859508,7.292721e-01,4.785519e-01,7.384314e-01,1.372242e-01,8.367898e-03,9.795213e-03,2.257206e-02,7.440104e-02
5.05250,0.587627,0.859352,7.301758e-01,4.784560e-01,7.394178e-01,1.372339e-01,8.477350e-03,9.838337e-03,2.256408e-02,7.451249e-02
5.05500,0.588366,0.859194,7.310770e-01,4.783599e-01,7.404804e-01,1.372437e-01,8.612388e-03,9.872109e-03,2.255844e-02,7.462371e-02
5.05750,0.589104,0.859036,7.319754e-01,4.782634e-01,7.416416e-01,1.372536e-01,8.745187e-03,9.907777e-03,2.255341e-02,7.473466e-02
5.06000,0.589841,0.858877,7.328707e-01,4.781666e-01,7.429781e-01,1.372636e-01,8.901711e-03,9.938627e-03,2.254910e-02,7.484541e-02
5.06250,0.590577,0.858717,7.337630e-01,4.780695e-01,7.445445e-01,1.372737e-01,9.040122e-03,9.970193e-03,2.254218e-02,7.495582e-02
5.06500,0.591313,0.858556,7.346522e-01,4.779721e-01,7.463815e-01,1.372838e-01,9.223836e-03,9.999227e-03,2.253923e-02,7.506612e-02
5.06750,0.592047,0.858393,7.355381e-01,4.778743e-01,7.484570e-01,1.372941e-01,9.366727e-03,1.003295e-02,2.253515e-02,7.517614e-02
5.07000,0.592780,0.858230,7.364202e-01,4.777762e-01,7.507246e-01,1.373044e-01,9.514038e-03,1.006293e-02,2.253092e-02,7.528592e-02
5.07250,0.593513,0.858066,7.372983e-01,4.776777e-01,7.531584e-01,1.373148e-01,9.617319e-03,1.010665e-02,2.252228e-02,7.539519e-02
5.07500,0.594244,0.857900,7.381721e-01,4.775788e-01,7.557478e-01,1.373253e-01,9.787817e-03,1.015742e-02,2.251822e-02,7.550431e-02
5.07750,0.594975,0.857734,7.390418e-01,4.774795e-01,7.585022e-01,1.373358e-01,9.899808e-03,1.021042e-02,2.251164e-02,7.561301e-02
5.08000,0.595704,0.857567,7.399071e-01,4.773798e-01,7.614326e-01,1.373465e-01,1.004431e-02,1.025940e-02,2.250665e-02,7.572136e-02
5.08250,0.596433,0.857398,7.407676e-01,4.772797e-01,7.638085e-01,1.373571e-01,1.018879e-02,1.030308e-02,2.250150e-02,7.582929e-02
5.08500,0.597160,0.857229,7.416229e-01,4.771792e-01,7.632375e-01,1.373679e-01,1.038511e-02,1.035454e-02,2.250036e-02,7.593702e-02
5.08750,0.597886,0.857058,7.424728e-01,4.770782e-01,7.627876e-01,1.373787e-01,1.052838e-02,1.038911e-02,2.249634e-02,7.604436e-02
5.09000,0.598612,0.856887,7.433170e-01,4.769768e-01,7.624107e-01,1.373896e-01,1.066948e-02,1.042575e-02,2.249141e-02,7.615128e-02
5.09250,0.599336,0.856714,7.441555e-01,4.768749e-01,7.620774e-01,1.374006e-01,1.080826e-02,1.045186e-02,2.248642e-02,7.625786e-02
5.09500,0.600059,0.856541,7.449879e-01,4.767725e-01,7.618536e-01,1.374117e-01,1.098182e-02,1.051112e-02,2.248365e-02,7.636420e-02
5.09750,0.600781,0.856366,7.458136e-01,4.766697e-01,7.618100e-01,1.374228e-01,1.108082e-02,1.054461e-02,2.247545e-02,7.647003e-02
5.10000,0.601502,0.856190,7.466325e-01,4.765663e-01,7.619789e-01,1.374340e-01,1.120204e-02,1.058509e-02,2.246740e-02,7.657540e-02
5.10250,0.602221,0.856013,7.474440e-01,4.764625e-01,7.623831e-01,1.374452e-01,1.137092e-02,1.062704e-02,2.246398e-02,7.668046e-02
5.10500,0.602940,0.855835,7.482482e-01,4.763581e-01,7.630009e-01,1.374565e-01,1.156090e-02,1.069942e-02,2.246332e-02,7.678520e-02
5.10750,0.603657,0.855656,7.490449e-01,4.762532e-01,7.637854e-01,1.374679e-01,1.170425e-02,1.075531e-02,2.245875e-02,7.688943e-02
5.11000,0.604373,0.855476,7.498334e-01,4.761477e-01,7.647107e-01,1.374793e-01,1.185235e-02,1.080490e-02,2.245366e-02,7.699315e-02
5.11250,0.605088,0.855295,7.506134e-01,4.760417e-01,7.657736e-01,1.374908e-01,1.203723e-02,1.084769e-02,2.245292e-02,7.709654e-02
5.11500,0.605802,0.855113,7.513843e-01,4.759351e-01,7.669791e-01,1.375023e-01,1.220151e-02,1.091012e-02,2.245221e-02,7.719955e-02
5.11750,0.606515,0.854929,7.521460e-01,4.758279e-01,7.683799e-01,1.375139e-01,1.230479e-02,1.095381e-02,2.244554e-02,7.730193e-02
5.12000,0.607226,0.854745,7.528981e-01,4.757201e-01,7.700527e-01,1.375256e-01,1.243038e-02,1.099463e-02,2.243830e-02,7.740379e-02
5.12250,0.607936,0.854559,7.536401e-01,4.756117e-01,7.720318e-01,1.375373e-01,1.257705e-02,1.103148e-02,2.243296e-02,7.750523e-02
5.12500,0.608644,0.854373,7.543715e-01,4.755027e-01,7.743059e-01,1.375490e-01,1.274316e-02,1.108793e-02,2.243003e-02,7.760631e-02
5.12750,0.609352,0.854185,7.551658e-01,4.753930e-01,7.768283e-01,1.375608e-01,1.288241e-02,1.114204e-02,2.242502e-02,7.770683e-02
5.13000,0.610058,0.853996,7.559691e-01,4.752827e-01,7.782895e-01,1.375726e-01,1.304822e-02,1.118315e-02,2.242104e-02,7.780689e-02
5.13250,0.610763,0.853806,7.567643e-01,4.751717e-01,7.787686e-01,1.375845e-01,1.323728e-02,1.123983e-02,2.241968e-02,7.790657e-02
5.13500,0.611466,0.853615,7.575513e-01,4.750600e-01,7.794597e-01,1.375965e-01,1.337525e-02,1.128670e-02,2.241583e-02,7.800569e-02
5.13750,0.612168,0.853422,7.583898e-01,4.749476e-01,7.803109e-01,1.376084e-01,1.353195e-02,1.136011e-02,2.241322e-02,7.810430e-02
5.14000,0.612869,0.853229,7.592421e-01,4.748345e-01,7.813057e-01,1.376204e-01,1.367071e-02,1.141355e-02,2.240955e-02,7.820235e-02
5.14250,0.613568,0.853034,7.600889e-01,4.747207e-01,7.824469e-01,1.376325e-01,1.382810e-02,1.148350e-02,2.240683e-02,7.829989e-02
5.14500,0.614266,0.852838,7.609297e-01,4.746061e-01,7.817164e-01,1.376446e-01,1.394433e-02,1.154063e-02,2.240091e-02,7.839674e-02
5.14750,0.614963,0.852642,7.617637e-01,4.744908e-01,7.786150e-01,1.376567e-01,1.408280e-02,1.158285e-02,2.239660e-02,7.849303e-02
5.15000,0.615658,0.852443,7.625909e-01,4.743747e-01,7.756096e-01,1.376688e-01,1.425278e-02,1.164503e-02,2.239514e-02,7.858884e-02
5.15250,0.616352,0.852244,7.634109e-01,4.742578e-01,7.726969e-01,1.376810e-01,1.443240e-02,1.169541e-02,2.239396e-02,7.868422e-02
5.15500,0.617044,0.852044,7.642236e-01,4.741401e-01,7.698477e-01,1.376932e-01,1.456438e-02,1.175605e-02,2.238840e-02,7.877892e-02
5.15750,0.617735,0.851842,7.650286e-01,4.740216e-01,7.670630e-01,1.377054e-01,1.474053e-02,1.179254e-02,2.238597e-02,7.887315e-02
5.16000,0.618424,0.851639,7.658251e-01,4.739023e-01,7.643685e-01,1.377177e-01,1.490126e-02,1.185462e-02,2.238468e-02,7.896687e-02
5.16250,0.619112,0.851435,7.666127e-01,4.737822e-01,7.618046e-01,1.377300e-01,1.506081e-02,1.191319e-02,2.238326e-02,7.906006e-02
5.16500,0.619798,0.851230,7.673911e-01,4.736611e-01,7.594020e-01,1.377423e-01,1.516682e-02,1.197814e-02,2.237666e-02,7.915250e-02
5.16750,0.620483,0.851024,7.681600e-01,4.735392e-01,7.571314e-01,1.377546e-01,1.531332e-02,1.202872e-02,2.237211e-02,7.924434e-02
5.17000,0.621166,0.850816,7.689190e-01,4.734164e-01,7.549683e-01,1.377670e-01,1.546261e-02,1.210032e-02,2.236948e-02,7.933559e-02
5.17250,0.621847,0.850607,7.696675e-01,4.732927e-01,7.529270e-01,1.377794e-01,1.562302e-02,1.216509e-02,2.236829e-02,7.942627e-02
5.17500,0.622527,0.850397,7.704050e-01,4.731681e-01,7.510482e-01,1.377917e-01,1.577367e-02,1.223892e-02,2.236591e-02,7.951624e-02
5.17750,0.623206,0.850186,7.711308e-01,4.730425e-01,7.493860e-01,1.378041e-01,1.595679e-02,1.229316e-02,2.236548e-02,7.960563e-02
5.18000,0.623883,0.849974,7.718444e-01,4.729160e-01,7.479646e-01,1.378166e-01,1.611802e-02,1.235304e-02,2.236483e-02,7.969440e-02
5.18250,0.624558,0.849760,7.725454e-01,4.727885e-01,7.467737e-01,1.378290e-01,1.626740e-02,1.241245e-02,2.236364e-02,7.978255e-02
5.18500,0.625231,0.849545,7.732333e-01,4.726600e-01,7.458091e-01,1.378415e-01,1.639852e-02,1.246432e-02,2.236076e-02,7.987004e-02
5.18750,0.625903,0.849329,7.739074e-01,4.725306e-01,7.450725e-01,1.378540e-01,1.655293e-02,1.251984e-02,2.235842e-02,7.995695e-02
5.19000,0.626573,0.849111,7.745670e-01,4.724001e-01,7.445734e-01,1.378665e-01,1.669427e-02,1.257328e-02,2.235517e-02,8.004323e-02
5.19250,0.627242,0.848892,7.752113e-01,4.722686e-01,7.443443e-01,1.378790e-01,1.681330e-02,1.263713e-02,2.235031e-02,8.012876e-02
5.19500,0.627909,0.848672,7.758399e-01,4.721360e-01,7.443977e-01,1.378915e-01,1.695673e-02,1.268422e-02,2.234736e-02,8.021365e-02
5.19750,0.628574,0.848451,7.764524e-01,4.720024e-01,7.447295e-01,1.379040e-01,1.712635e-02,1.275523e-02,2.234697e-02,8.029795e-02
5.20000,0.629237,0.848229,7.770480e-01,4.718677e-01,7.453641e-01,1.379166e-01,1.729260e-02,1.281163e-02,2.234674e-02,8.038163e-02
5.20250,0.629899,0.848005,7.777469e-01,4.717319e-01,7.463115e-01,1.379292e-01,1.743378e-02,1.288339e-02,2.234434e-02,8.046455e-02
5.20500,0.630559,0.847780,7.784587e-01,4.715950e-01,7.475797e-01,1.379417e-01,1.759544e-02,1.294012e-02,2.234426e-02,8.054682e-02
5.20750,0.631217,0.847553,7.791575e-01,4.714570e-01,7.491795e-01,1.379543e-01,1.774385e-02,1.300733e-02,2.234489e-02,8.062840e-02
5.21000,0.631874,0.847326,7.798427e-01,4.713178e-01,7.511418e-01,1.379669e-01,1.790209e-02,1.307835e-02,2.234616e-02,8.070936e-02
5.21250,0.632528,0.847097,7.805137e-01,4.711775e-01,7.534695e-01,1.379795e-01,1.801076e-02,1.314182e-02,2.234284e-02,8.078948e-02
5.21500,0.633181,0.846866,7.811698e-01,4.710360e-01,7.561480e-01,1.379922e-01,1.814582e-02,1.319419e-02,2.234068e-02,8.086890e-02
5.21750,0.633832,0.846635,7.818105e-01,4.708934e-01,7.591616e-01,1.380048e-01,1.827249e-02,1.324533e-02,2.233859e-02,8.094763e-02
5.22000,0.634481,0.846402,7.824349e-01,4.707495e-01,7.625091e-01,1.380174e-01,1.843478e-02,1.331215e-02,2.233945e-02,8.102575e-02
5.22250,0.635128,0.846167,7.830423e-01,4.706044e-01,7.662022e-01,1.380300e-01,1.856651e-02,1.336164e-02,2.233759e-02,8.110313e-02
5.22500,0.635774,0.845932,7.836320e-01,4.704581e-01,7.702710e-01,1.380427e-01,1.874547e-02,1.342341e-02,2.233828e-02,8.117987e-02
5.22750,0.636417,0.845695,7.842032e-01,4.703105e-01,7.747342e-01,1.380553e-01,1.888186e-02,1.347182e-02,2.233718e-02,8.125583e-02
5.23000,0.637059,0.845457,7.847553e-01,4.701617e-01,7.795927e-01,1.380680e-01,1.904917e-02,1.353335e-02,2.233890e-02,8.133117e-02
5.23250,0.637698,0.845217,7.852876e-01,4.700116e-01,7.848282e-01,1.380806e-01,1.916928e-02,1.358657e-02,2.233781e-02,8.140574e-02
5.23500,0.638336,0.844976,7.857990e-01,4.698602e-01,7.904251e-01,1.380933e-01,1.930530e-02,1.363951e-02,2.233708e-02,8.147960e-02
5.23750,0.638972,0.844734,7.862886e-01,4.697076e-01,7.963825e-01,1.381059e-01,1.943084e-02,1.369895e-02,2.233568e-02,8.155269e-02
5.24000,0.639606,0.844490,7.867558e-01,4.695536e-01,8.026899e-01,1.381186e-01,1.955812e-02,1.376037e-02,2.233457e-02,8.162504e-02
5.24250,0.640238,0.844245,7.871998e-01,4.693982e-01,8.093121e-01,1.381312e-01,1.968475e-02,1.382491e-02,2.233423e-02,8.169663e-02
5.24500,0.640868,0.843998,7.877412e-01,4.692416e-01,8.162100e-01,1.381438e-01,1.982416e-02,1.387911e-02,2.233481e-02,8.176750e-02
5.24750,0.641495,0.843750,7.883395e-01,4.690835e-01,8.233258e-01,1.381564e-01,1.997175e-02,1.394367e-02,2.233573e-02,8.183765e-02
5.25000,0.642121,0.843501,7.889197e-01,4.689241e-01,8.306291e-01,1.381690e-01,2.012629e-02,1.400704e-02,2.233744e-02,8.190707e-02
5.25250,0.642745,0.843251,7.894809e-01,4.687633e-01,8.381468e-01,1.381816e-01,2.026854e-02,1.406085e-02,2.233869e-02,8.197574e-02
5.25500,0.643367,0.842999,7.900221e-01,4.686011e-01,8.458810e-01,1.381941e-01,2.042473e-02,1.411626e-02,2.234173e-02,8.204372e-02
5.25750,0.643987,0.842745,7.905427e-01,4.684374e-01,8.537892e-01,1.382066e-01,2.055147e-02,1.416495e-02,2.234307e-02,8.211092e-02
5.26000,0.644605,0.842490,7.910417e-01,4.682723e-01,8.603229e-01,1.382191e-01,2.068300e-02,1.422536e-02,2.234402e-02,8.217737e-02
5.26250,0.645220,0.842234,7.915182e-01,4.681058e-01,8.605898e-01,1.382316e-01,2.079004e-02,1.427699e-02,2.234327e-02,8.224297e-02
5.26500,0.645834,0.841976,7.919716e-01,4.679379e-01,8.597656e-01,1.382440e-01,2.090340e-02,1.432099e-02,2.234283e-02,8.230781e-02
5.26750,0.646446,0.841717,7.924009e-01,4.677684e-01,8.591445e-01,1.382563e-01,2.101376e-02,1.436378e-02,2.234225e-02,8.237188e-02
5.27000,0.647055,0.841457,7.928050e-01,4.675975e-01,8.587150e-01,1.382687e-01,2.115328e-02,1.442158e-02,2.234348e-02,8.243525e-02
5.27250,0.647662,0.841195,7.931832e-01,4.674250e-01,8.584822e-01,1.382809e-01,2.128873e-02,1.447409e-02,2.234497e-02,8.249791e-02
5.27500,0.648267,0.840932,7.935347e-01,4.672511e-01,8.584628e-01,1.382932e-01,2.142506e-02,1.451386e-02,2.234660e-02,8.255983e-02
5.27750,0.648870,0.840667,7.938587e-01,4.670756e-01,8.586792e-01,1.383053e-01,2.155116e-02,1.455848e-02,2.234773e-02,8.262098e-02
5.28000,0.649471,0.840401,7.941545e-01,4.668986e-01,8.591551e-01,1.383174e-01,2.167703e-02,1.460547e-02,2.234908e-02,8.268135e-02
5.28250,0.650070,0.840133,7.944214e-01,4.667200e-01,8.599125e-01,1.383295e-01,2.180556e-02,1.465773e-02,2.235130e-02,8.274098e-02
5.28500,0.650666,0.839864,7.949031e-01,4.665399e-01,8.609842e-01,1.383415e-01,2.192379e-02,1.470177e-02,2.235299e-02,8.279985e-02
5.28750,0.651261,0.839593,7.953639e-01,4.663583e-01,8.623828e-01,1.383534e-01,2.203493e-02,1.474776e-02,2.235435e-02,8.285794e-02
5.29000,0.651853,0.839321,7.958010e-01,4.661750e-01,8.641080e-01,1.383652e-01,2.212684e-02,1.479327e-02,2.235426e-02,8.291518e-02
5.29250,0.652443,0.839048,7.962136e-01,4.659901e-01,8.661438e-01,1.383770e-01,2.223954e-02,1.484892e-02,2.235579e-02,8.297166e-02
5.29500,0.653030,0.838773,7.966008e-01,4.658037e-01,8.684567e-01,1.383887e-01,2.234872e-02,1.489132e-02,2.235756e-02,8.302736e-02
5.29750,0.653616,0.838496,7.969617e-01,4.656156e-01,8.710126e-01,1.384003e-01,2.247004e-02,1.493641e-02,2.236003e-02,8.308232e-02
5.30000,0.654199,0.838219,7.972955e-01,4.654258e-01,8.737922e-01,1.384118e-01,2.258880e-02,1.497722e-02,2.236234e-02,8.313649e-02
5.30250,0.654780,0.837939,7.976015e-01,4.652345e-01,8.767907e-01,1.384232e-01,2.271365e-02,1.502018e-02,2.236549e-02,8.318994e-02
5.30500,0.655359,0.837658,7.978788e-01,4.650414e-01,8.799225e-01,1.384345e-01,2.283246e-02,1.505489e-02,2.236889e-02,8.324267e-02
5.30750,0.655935,0.837376,7.981264e-01,4.648468e-01,8.817537e-01,1.384457e-01,2.294013e-02,1.509398e-02,2.237171e-02,8.329462e-02
5.31000,0.656509,0.837092,7.983436e-01,4.646504e-01,8.838214e-01,1.384569e-01,2.303985e-02,1.512836e-02,2.237361e-02,8.334581e-02
5.31250,0.657081,0.836807,7.985296e-01,4.644524e-01,8.861360e-01,1.384679e-01,2.313336e-02,1.516481e-02,2.237460e-02,8.339619e-02
5.31500,0.657650,0.836520,7.986838e-01,4.642527e-01,8.886802e-01,1.384789e-01,2.323070e-02,1.520013e-02,2.237616e-02,8.344580e-02
5.31750,0.658218,0.836232,7.988057e-01,4.640513e-01,8.914397e-01,1.384897e-01,2.332118e-02,1.523404e-02,2.237782e-02,8.349464e-02
5.32000,0.658782,0.835942,7.989595e-01,4.638481e-01,8.944093e-01,1.385004e-01,2.339860e-02,1.526055e-02,2.237848e-02,8.354268e-02
5.32250,0.659345,0.835651,7.993020e-01,4.636433e-01,8.975874e-01,1.385110e-01,2.349015e-02,1.529099e-02,2.237945e-02,8.358995e-02
5.32500,0.659905,0.835358,7.996174e-01,4.634367e-01,9.009576e-01,1.385215e-01,2.359721e-02,1.532610e-02,2.238151e-02,8.363650e-02
5.32750,0.660463,0.835064,7.999048e-01,4.632284e-01,9.012384e-01,1.385319e-01,2.370857e-02,1.535371e-02,2.238468e-02,8.368235e-02
5.33000,0.661018,0.834768,8.001634e-01,4.630184e-01,9.007519e-01,1.385422e-01,2.381462e-02,1.537795e-02,2.238803e-02,8.372748e-02
5.33250,0.661571,0.834471,8.003926e-01,4.628066e-01,9.004682e-01,1.385524e-01,2.391242e-02,1.540102e-02,2.239066e-02,8.377187e-02
5.33500,0.662122,0.834172,8.005915e-01,4.625930e-01,9.003913e-01,1.385625e-01,2.400433e-02,1.542801e-02,2.239280e-02,8.381550e-02
5.33750,0.662670,0.833872,8.007594e-01,4.623777e-01,9.005415e-01,1.385725e-01,2.408897e-02,1.545114e-02,2.239437e-02,8.385835e-02
5.34000,0.663216,0.833570,8.008959e-01,4.621606e-01,9.009291e-01,1.385823e-01,2.416471e-02,1.547722e-02,2.239566e-02,8.390043e-02
5.34250,0.663760,0.833267,8.010003e-01,4.619417e-01,9.015741e-01,1.385920e-01,2.423429e-02,1.549520e-02,2.239688e-02,8.394171e-02
5.34500,0.664301,0.832962,8.010723e-01,4.617211e-01,9.024832e-01,1.386016e-01,2.430890e-02,1.552020e-02,2.239839e-02,8.398224e-02
5.34750,0.664840,0.832656,8.011114e-01,4.614986e-01,9.036657e-01,1.386111e-01,2.438345e-02,1.554315e-02,2.239995e-02,8.402202e-02
5.35000,0.665376,0.832348,8.011173e-01,4.612744e-01,9.051251e-01,1.386205e-01,2.446179e-02,1.556505e-02,2.240182e-02,8.406108e-02
5.35250,0.665910,0.832039,8.010897e-01,4.610483e-01,9.068459e-01,1.386297e-01,2.454552e-02,1.558285e-02,2.240385e-02,8.409941e-02
5.35500,0.666441,0.831728,8.010284e-01,4.608204e-01,9.088046e-01,1.386389e-01,2.462979e-02,1.559595e-02,2.240611e-02,8.413700e-02
5.35750,0.666970,0.831415,8.012102e-01,4.605908e-01,9.109791e-01,1.386479e-01,2.471720e-02,1.561293e-02,2.240895e-02,8.417386e-02
5.36000,0.667497,0.831101,8.013935e-01,4.603592e-01,9.133449e-01,1.386568e-01,2.480151e-02,1.563329e-02,2.241208e-02,8.421000e-02
5.36250,0.668021,0.830786,8.015464e-01,4.601259e-01,9.158737e-01,1.386655e-01,2.487036e-02,1.564511e-02,2.241458e-02,8.424541e-02
5.36500,0.668542,0.830469,8.016684e-01,4.598907e-01,9.185373e-01,1.386742e-01,2.493502e-02,1.565531e-02,2.241623e-02,8.428005e-02
5.36750,0.669061,0.830150,8.017588e-01,4.596537e-01,9.190115e-01,1.386827e-01,2.499710e-02,1.566565e-02,2.241762e-02,8.431393e-02
5.37000,0.669578,0.829830,8.018174e-01,4.594149e-01,9.191209e-01,1.386911e-01,2.504800e-02,1.567584e-02,2.241853e-02,8.434704e-02
5.37250,0.670092,0.829509,8.018435e-01,4.591742e-01,9.194752e-01,1.386994e-01,2.510236e-02,1.568659e-02,2.241989e-02,8.437945e-02
5.37500,0.670604,0.829186,8.018370e-01,4.589316e-01,9.200746e-01,1.387075e-01,2.514899e-02,1.568765e-02,2.242067e-02,8.441111e-02
5.37750,0.671113,0.828861,8.017975e-01,4.586872e-01,9.209068e-01,1.387155e-01,2.521031e-02,1.569540e-02,2.242185e-02,8.444204e-02
5.38000,0.671619,0.828535,8.017249e-01,4.584410e-01,9.219516e-01,1.387234e-01,2.528064e-02,1.569948e-02,2.242331e-02,8.447226e-02
5.38250,0.672124,0.828207,8.016190e-01,4.581928e-01,9.231870e-01,1.387312e-01,2.534844e-02,1.570188e-02,2.242511e-02,8.450177e-02
5.38500,0.672625,0.827878,8.014801e-01,4.579428e-01,9.245947e-01,1.387388e-01,2.541717e-02,1.570554e-02,2.242759e-02,8.453060e-02
5.38750,0.673124,0.827547,8.013084e-01,4.576910e-01,9.261621e-01,1.387463e-01,2.546919e-02,1.570434e-02,2.242946e-02,8.455870e-02
5.39000,0.673621,0.827215,8.011041e-01,4.574373e-01,9.255522e-01,1.387537e-01,2.551981e-02,1.570333e-02,2.243076e-02,8.458608e-02
5.39250,0.674115,0.826881,8.010133e-01,4.571817e-01,9.222373e-01,1.387610e-01,2.556982e-02,1.570093e-02,2.243146e-02,8.461270e-02
5.39500,0.674606,0.826546,8.010598e-01,4.569242e-01,9.190204e-01,1.387681e-01,2.562221e-02,1.570136e-02,2.243222e-02,8.463858e-02
5.39750,0.675095,0.826209,8.010749e-01,4.566648e-01,9.159117e-01,1.387752e-01,2.566953e-02,1.570180e-02,2.243333e-02,8.466375e-02
5.40000,0.675582,0.825870,8.010583e-01,4.564036e-01,9.129550e-01,1.387821e-01,2.570126e-02,1.569485e-02,2.243367e-02,8.468821e-02
5.40250,0.676066,0.825530,8.010097e-01,4.561405e-01,9.101746e-01,1.387889e-01,2.572444e-02,1.568479e-02,2.243294e-02,8.471196e-02
5.40500,0.676547,0.825189,8.009289e-01,4.558755e-01,9.075681e-01,1.387955e-01,2.576206e-02,1.568067e-02,2.243225e-02,8.473498e-02
5.40750,0.677026,0.824846,8.008158e-01,4.556086e-01,9.051305e-01,1.388020e-01,2.581264e-02,1.567815e-02,2.243216e-02,8.475728e-02
5.41000,0.677502,0.824501,8.006706e-01,4.553398e-01,9.028585e-01,1.388085e-01,2.586571e-02,1.567249e-02,2.243253e-02,8.477886e-02
5.41250,0.677976,0.824155,8.004934e-01,4.550692e-01,9.007610e-01,1.388148e-01,2.590872e-02,1.566059e-02,2.243271e-02,8.479970e-02
5.41500,0.678447,0.823808,8.002845e-01,4.547966e-01,8.988485e-01,1.388210e-01,2.595151e-02,1.564879e-02,2.243319e-02,8.481985e-02
5.41750,0.678915,0.823459,8.000442e-01,4.545222e-01,8.971354e-01,1.388271e-01,2.598978e-02,1.563587e-02,2.243366e-02,8.483932e-02
5.42000,0.679381,0.823108,7.997726e-01,4.542459e-01,8.956524e-01,1.388330e-01,2.602871e-02,1.562341e-02,2.243408e-02,8.485809e-02
5.42250,0.679845,0.822756,7.994703e-01,4.539677e-01,8.943957e-01,1.388389e-01,2.606347e-02,1.561503e-02,2.243410e-02,8.487612e-02
5.42500,0.680305,0.822403,7.991376e-01,4.536876e-01,8.933559e-01,1.388447e-01,2.608676e-02,1.560152e-02,2.243294e-02,8.489339e-02
5.42750,0.680764,0.822047,7.987753e-01,4.534056e-01,8.925273e-01,1.388503e-01,2.610863e-02,1.558234e-02,2.243128e-02,8.490995e-02
5.43000,0.681219,0.821691,7.983839e-01,4.531217e-01,8.919074e-01,1.388559e-01,2.612873e-02,1.556238e-02,2.242979e-02,8.492584e-02
5.43250,0.681672,0.821333,7.979641e-01,4.528359e-01,8.914952e-01,1.388613e-01,2.614821e-02,1.554631e-02,2.242854e-02,8.494106e-02
5.43500,0.682123,0.820973,7.977959e-01,4.525483e-01,8.912973e-01,1.388666e-01,2.617186e-02,1.552658e-02,2.242735e-02,8.495561e-02
5.43750,0.682571,0.820612,7.976219e-01,4.522587e-01,8.913150e-01,1.388719e-01,2.619823e-02,1.550663e-02,2.242593e-02,8.496945e-02
5.44000,0.683016,0.820249,7.974179e-01,4.519673e-01,8.915353e-01,1.388770e-01,2.623109e-02,1.549074e-02,2.242462e-02,8.498255e-02
5.44250,0.683459,0.819885,7.971841e-01,4.516740e-01,8.919603e-01,1.388820e-01,2.625701e-02,1.546815e-02,2.242315e-02,8.499492e-02
5.44500,0.683899,0.819519,7.969208e-01,4.513788e-01,8.926064e-01,1.388870e-01,2.628403e-02,1.544498e-02,2.242227e-02,8.500661e-02
5.44750,0.684337,0.819152,7.966284e-01,4.510817e-01,8.934874e-01,1.388918e-01,2.631267e-02,1.542277e-02,2.242207e-02,8.501765e-02
5.45000,0.684771,0.818783,7.963072e-01,4.507827e-01,8.946037e-01,1.388965e-01,2.633372e-02,1.539656e-02,2.242161e-02,8.502802e-02
5.45250,0.685204,0.818413,7.959578e-01,4.504819e-01,8.959249e-01,1.389012e-01,2.634997e-02,1.537018e-02,2.242042e-02,8.503772e-02
5.45500,0.685634,0.818041,7.956112e-01,4.501792e-01,8.974125e-01,1.389057e-01,2.635805e-02,1.534298e-02,2.241826e-02,8.504672e-02
5.45750,0.686061,0.817668,7.954258e-01,4.498746e-01,8.990384e-01,1.389101e-01,2.636570e-02,1.531920e-02,2.241579e-02,8.505499e-02
5.46000,0.686485,0.817294,7.952783e-01,4.495681e-01,9.007991e-01,1.389145e-01,2.636718e-02,1.529049e-02,2.241303e-02,8.506255e-02
5.46250,0.686907,0.816918,7.951015e-01,4.492598e-01,9.026959e-01,1.389187e-01,2.636288e-02,1.525719e-02,2.241011e-02,8.506941e-02
5.46500,0.687326,0.816540,7.948954e-01,4.489496e-01,9.047025e-01,1.389228e-01,2.636208e-02,1.522725e-02,2.240770e-02,8.507563e-02
5.46750,0.687743,0.816161,7.946600e-01,4.486375e-01,9.067796e-01,1.389269e-01,2.636443e-02,1.519738e-02,2.240589e-02,8.508121e-02
5.47000,0.688157,0.815780,7.943956e-01,4.483236e-01,9.088961e-01,1.389308e-01,2.637364e-02,1.516622e-02,2.240460e-02,8.508613e-02
5.47250,0.688569,0.815398,7.941024e-01,4.480078e-01,9.110400e-01,1.389346e-01,2.638923e-02,1.513480e-02,2.240376e-02,8.509039e-02
5.47500,0.688978,0.815015,7.937807e-01,4.476902e-01,9.132211e-01,1.389383e-01,2.639998e-02,1.510283e-02,2.240259e-02,8.509395e-02
5.47750,0.689384,0.814630,7.934309e-01,4.473707e-01,9.154264e-01,1.389419e-01,2.641007e-02,1.506767e-02,2.240130e-02,8.509686e-02
5.48000,0.689788,0.814243,7.930536e-01,4.470493e-01,9.176187e-01,1.389455e-01,2.641843e-02,1.502910e-02,2.240021e-02,8.509915e-02
5.48250,0.690189,0.813856,7.926490e-01,4.467261e-01,9.197758e-01,1.389489e-01,2.642377e-02,1.499243e-02,2.239934e-02,8.510083e-02
5.48500,0.690587,0.813466,7.922179e-01,4.464011e-01,9.219148e-01,1.389522e-01,2.642675e-02,1.495424e-02,2.239860e-02,8.510190e-02
5.48750,0.690983,0.813076,7.917610e-01,4.460743e-01,9.240588e-01,1.389554e-01,2.642561e-02,1.491677e-02,2.239756e-02,8.510234e-02
5.49000,0.691376,0.812683,7.912789e-01,4.457456e-01,9.261934e-01,1.389585e-01,2.642242e-02,1.488046e-02,2.239587e-02,8.510211e-02
5.49250,0.691767,0.812290,7.907721e-01,4.454151e-01,9.282775e-01,1.389614e-01,2.641605e-02,1.484452e-02,2.239362e-02,8.510121e-02
5.49500,0.692155,0.811895,7.902412e-01,4.450827e-01,9.302842e-01,1.389643e-01,2.640243e-02,1.480238e-02,2.239081e-02,8.509963e-02
5.49750,0.692541,0.811498,7.896869e-01,4.447486e-01,9.322170e-01,1.389671e-01,2.639124e-02,1.475908e-02,2.238829e-02,8.509741e-02
5.50000,0.692923,0.811100,7.893285e-01,4.444126e-01,9.340759e-01,1.389697e-01,2.638284e-02,1.471445e-02,2.238638e-02,8.509462e-02
5.50250,0.693304,0.810701,7.889896e-01,4.440748e-01,9.358543e-01,1.389723e-01,2.637356e-02,1.467352e-02,2.238453e-02,8.509124e-02
5.50500,0.693681,0.810300,7.886241e-01,4.437352e-01,9.375415e-01,1.389747e-01,2.637125e-02,1.462918e-02,2.238293e-02,8.508726e-02
5.50750,0.694056,0.809898,7.882322e-01,4.433938e-01,9.391573e-01,1.389770e-01,2.636836e-02,1.458365e-02,2.238097e-02,8.508266e-02
5.51000,0.694429,0.809494,7.878145e-01,4.430506e-01,9.407130e-01,1.389792e-01,2.636933e-02,1.454133e-02,2.237913e-02,8.507743e-02
5.51250,0.694799,0.809089,7.873715e-01,4.427057e-01,9.421930e-01,1.389813e-01,2.636829e-02,1.449465e-02,2.237733e-02,8.507159e-02
5.51500,0.695166,0.808683,7.869037e-01,4.423589e-01,9.435741e-01,1.389833e-01,2.635613e-02,1.444532e-02,2.237486e-02,8.506512e-02
5.51750,0.695531,0.808275,7.864115e-01,4.420103e-01,9.448564e-01,1.389852e-01,2.634273e-02,1.439414e-02,2.237225e-02,8.505804e-02
5.52000,0.695893,0.807866,7.858956e-01,4.416600e-01,9.460578e-01,1.389870e-01,2.632867e-02,1.434713e-02,2.236971e-02,8.505039e-02
5.52250,0.696252,0.807455,7.853565e-01,4.413079e-01,9.471183e-01,1.389887e-01,2.630927e-02,1.429852e-02,2.236661e-02,8.504214e-02
5.52500,0.696609,0.807043,7.847951e-01,4.409541e-01,9.477273e-01,1.389902e-01,2.629433e-02,1.425075e-02,2.236331e-02,8.503329e-02
5.52750,0.696963,0.806630,7.842119e-01,4.405985e-01,9.483203e-01,1.389917e-01,2.627836e-02,1.420328e-02,2.235966e-02,8.502381e-02
5.53000,0.697315,0.806215,7.836076e-01,4.402411e-01,9.488893e-01,1.389930e-01,2.625381e-02,1.414765e-02,2.235503e-02,8.501368e-02
5.53250,0.697664,0.805799,7.829829e-01,4.398820e-01,9.494519e-01,1.389942e-01,2.622869e-02,1.409229e-02,2.235015e-02,8.500292e-02
5.53500,0.698011,0.805381,7.823384e-01,4.395212e-01,9.500157e-01,1.389953e-01,2.620544e-02,1.403867e-02,2.234535e-02,8.499155e-02
5.53750,0.698354,0.804962,7.817759e-01,4.391586e-01,9.505718e-01,1.389963e-01,2.618862e-02,1.398693e-02,2.234121e-02,8.497957e-02
5.54000,0.698696,0.804542,7.813253e-01,4.387943e-01,9.510978e-01,1.389972e-01,2.616879e-02,1.393298e-02,2.233724e-02,8.496702e-02
5.54250,0.699035,0.804120,7.808509e-01,4.384282e-01,9.515882e-01,1.389980e-01,2.614646e-02,1.387382e-02,2.233305e-02,8.495389e-02
5.54500,0.699371,0.803698,7.803533e-01,4.380605e-01,9.520462e-01,1.389986e-01,2.612937e-02,1.382014e-02,2.232902e-02,8.494018e-02
5.54750,0.699704,0.803273,7.798329e-01,4.376910e-01,9.524684e-01,1.389992e-01,2.610924e-02,1.376530e-02,2.232454e-02,8.492585e-02
5.55000,0.700036,0.802848,7.792904e-01,4.373199e-01,9.528517e-01,1.389997e-01,2.608159e-02,1.370321e-02,2.231921e-02,8.491090e-02
5.55250,0.700364,0.802421,7.787261e-01,4.369470e-01,9.505605e-01,1.390000e-01,2.605169e-02,1.364649e-02,2.231376e-02,8.489533e-02
5.55500,0.700690,0.801993,7.781407e-01,4.365725e-01,9.483400e-01,1.390002e-01,2.601528e-02,1.358729e-02,2.230793e-02,8.487914e-02
5.55750,0.701013,0.801563,7.775348e-01,4.361963e-01,9.462768e-01,1.390004e-01,2.597728e-02,1.352184e-02,2.230207e-02,8.486237e-02
5.56000,0.701334,0.801132,7.769090e-01,4.358184e-01,9.443867e-01,1.390004e-01,2.594238e-02,1.346265e-02,2.229670e-02,8.484504e-02
5.56250,0.701652,0.800700,7.762640e-01,4.354389e-01,9.426785e-01,1.390003e-01,2.590928e-02,1.340452e-02,2.229164e-02,8.482716e-02
5.56500,0.701968,0.800267,7.756002e-01,4.350577e-01,9.411634e-01,1.390001e-01,2.587840e-02,1.334575e-02,2.228685e-02,8.480872e-02
5.56750,0.702281,0.799832,7.749184e-01,4.346748e-01,9.398405e-01,1.389998e-01,2.583631e-02,1.328007e-02,2.228104e-02,8.478969e-02
5.57000,0.702592,0.799396,7.742193e-01,4.342904e-01,9.386884e-01,1.389994e-01,2.579746e-02,1.321487e-02,2.227496e-02,8.477006e-02
5.57250,0.702900,0.798958,7.735034e-01,4.339042e-01,9.376850e-01,1.389989e-01,2.576099e-02,1.315338e-02,2.226901e-02,8.474985e-02
5.57500,0.703205,0.798520,7.727714e-01,4.335165e-01,9.368166e-01,1.389982e-01,2.572152e-02,1.308709e-02,2.226301e-02,8.472909e-02
5.57750,0.703508,0.798080,7.721169e-01,4.331272e-01,9.360759e-01,1.389975e-01,2.568869e-02,1.301890e-02,2.225761e-02,8.470781e-02
5.58000,0.703809,0.797639,7.715532e-01,4.327362e-01,9.354631e-01,1.389967e-01,2.565455e-02,1.295233e-02,2.225265e-02,8.468602e-02
5.58250,0.704107,0.797196,7.709693e-01,4.323437e-01,9.349655e-01,1.389957e-01,2.562241e-02,1.288506e-02,2.224781e-02,8.466372e-02
5.58500,0.704402,0.796753,7.703656e-01,4.319495e-01,9.345619e-01,1.389947e-01,2.558903e-02,1.281875e-02,2.224284e-02,8.464090e-02
5.58750,0.704695,0.796308,7.697424e-01,4.315538e-01,9.342554e-01,1.389936e-01,2.555222e-02,1.275263e-02,2.223757e-02,8.461754e-02
5.59000,0.704986,0.795862,7.691005e-01,4.311565e-01,9.340661e-01,1.389923e-01,2.551387e-02,1.268419e-02,2.223195e-02,8.459364e-02
5.59250,0.705274,0.795415,7.684404e-01,4.307577e-01,9.339959e-01,1.389910e-01,2.547496e-02,1.261432e-02,2.222606e-02,8.456920e-02
5.59500,0.705559,0.794966,7.677625e-01,4.303573e-01,9.340314e-01,1.389895e-01,2.543502e-02,1.254281e-02,2.222003e-02,8.454425e-02
5.59750,0.705842,0.794516,7.670673e-01,4.299553e-01,9.341524e-01,1.389880e-01,2.538832e-02,1.246875e-02,2.221361e-02,8.451881e-02
5.60000,0.706122,0.794065,7.663555e-01,4.295519e-01,9.343608e-01,1.389863e-01,2.534251e-02,1.239602e-02,2.220714e-02,8.449289e-02
5.60250,0.706400,0.793613,7.656277e-01,4.291468e-01,9.346678e-01,1.389846e-01,2.530579e-02,1.232803e-02,2.220130e-02,8.446652e-02
5.60500,0.706675,0.793160,7.648844e-01,4.287403e-01,9.350598e-01,1.389827e-01,2.526473e-02,1.225913e-02,2.219531e-02,8.443966e-02
5.60750,0.706948,0.792705,7.641260e-01,4.283323e-01,9.355053e-01,1.389807e-01,2.521892e-02,1.218538e-02,2.218858e-02,8.441230e-02
5.61000,0.707219,0.792249,7.633533e-01,4.279227e-01,9.359748e-01,1.389787e-01,2.516693e-02,1.210847e-02,2.218100e-02,8.438443e-02
5.61250,0.707487,0.791792,7.625667e-01,4.275117e-01,9.364733e-01,1.389765e-01,2.511214e-02,1.203140e-02,2.217270e-02,8.435602e-02
5.61500,0.707752,0.791334,7.617668e-01,4.270992e-01,9.370065e-01,1.389742e-01,2.506087e-02,1.195749e-02,2.216446e-02,8.432711e-02
5.61750,0.708015,0.790875,7.609541e-01,4.266852e-01,9.375641e-01,1.389718e-01,2.501187e-02,1.188276e-02,2.215651e-02,8.429773e-02
5.62000,0.708276,0.790415,7.602456e-01,4.262697e-01,9.381295e-01,1.389694e-01,2.496054e-02,1.180574e-02,2.214865e-02,8.426788e-02
5.62250,0.708534,0.789953,7.595737e-01,4.258528e-01,9.387082e-01,1.389668e-01,2.491391e-02,1.172920e-02,2.214116e-02,8.423756e-02
5.62500,0.708790,0.789490,7.588849e-01,4.254344e-01,9.393104e-01,1.389641e-01,2.486963e-02,1.165152e-02,2.213376e-02,8.420678e-02
5.62750,0.709043,0.789026,7.581797e-01,4.250146e-01,9.399321e-01,1.389613e-01,2.482275e-02,1.157095e-02,2.212600e-02,8.417553e-02
5.63000,0.709293,0.788561,7.574584e-01,4.245934e-01,9.405552e-01,1.389584e-01,2.477834e-02,1.149769e-02,2.211843e-02,8.414379e-02
5.63250,0.709542,0.788095,7.567216e-01,4.241707e-01,9.411615e-01,1.389555e-01,2.472711e-02,1.142031e-02,2.211039e-02,8.411157e-02
5.63500,0.709788,0.787628,7.559699e-01,4.237467e-01,9.417469e-01,1.389524e-01,2.467061e-02,1.133534e-02,2.210174e-02,8.407887e-02
5.63750,0.710031,0.787160,7.552038e-01,4.233212e-01,9.423140e-01,1.389492e-01,2.461415e-02,1.125626e-02,2.209304e-02,8.404570e-02
5.64000,0.710272,0.786690,7.544236e-01,4.228944e-01,9.428610e-01,1.389459e-01,2.455566e-02,1.117720e-02,2.208435e-02,8.401208e-02
5.64250,0.710511,0.786220,7.536300e-01,4.224662e-01,9.433852e-01,1.389426e-01,2.449624e-02,1.109353e-02,2.207553e-02,8.397805e-02
5.64500,0.710747,0.785748,7.528234e-01,4.220366e-01,9.438860e-01,1.389391e-01,2.444008e-02,1.101518e-02,2.206703e-02,8.394360e-02
5.64750,0.710981,0.785276,7.520043e-01,4.216057e-01,9.443567e-01,1.389355e-01,2.438444e-02,1.093867e-02,2.205877e-02,8.390872e-02
5.65000,0.711212,0.784802,7.511731e-01,4.211735e-01,9.439021e-01,1.389319e-01,2.432321e-02,1.085766e-02,2.205000e-02,8.387341e-02
5.65250,0.711441,0.784327,7.503302e-01,4.207399e-01,9.411969e-01,1.389281e-01,2.425802e-02,1.077166e-02,2.204055e-02,8.383765e-02
5.65500,0.711668,0.783851,7.494763e-01,4.203049e-01,9.386304e-01,1.389242e-01,2.419360e-02,1.068882e-02,2.203089e-02,8.380145e-02
5.65750,0.711892,0.783375,7.486118e-01,4.198687e-01,9.361919e-01,1.389203e-01,2.413512e-02,1.060951e-02,2.202149e-02,8.376483e-02
5.66000,0.712114,0.782897,7.477370e-01,4.194311e-01,9.338689e-01,1.389162e-01,2.408047e-02,1.052819e-02,2.201240e-02,8.372780e-02
5.66250,0.712333,0.782418,7.468525e-01,4.189923e-01,9.316599e-01,1.389121e-01,2.402583e-02,1.044439e-02,2.200353e-02,8.369040e-02
5.66500,0.712551,0.781938,7.460755e-01,4.185522e-01,9.295710e-01,1.389078e-01,2.397054e-02,1.036009e-02,2.199484e-02,8.365263e-02
5.66750,0.712765,0.781457,7.453043e-01,4.181108e-01,9.276083e-01,1.389035e-01,2.391557e-02,1.027369e-02,2.198606e-02,8.361451e-02
5.67000,0.712978,0.780975,7.445196e-01,4.176681e-01,9.257884e-01,1.388991e-01,2.386106e-02,1.018441e-02,2.197713e-02,8.357603e-02
5.67250,0.713188,0.780492,7.437217e-01,4.172242e-01,9.241284e-01,1.388946e-01,2.380637e-02,1.009840e-02,2.196807e-02,8.353718e-02
5.67500,0.713396,0.780008,7.429111e-01,4.167791e-01,9.226442e-01,1.388900e-01,2.374679e-02,1.001351e-02,2.195866e-02,8.349796e-02
5.67750,0.713601,0.779523,7.420882e-01,4.163327e-01,9.213415e-01,1.388853e-01,2.368229e-02,9.921390e-03,2.194857e-02,8.345837e-02
5.68000,0.713804,0.779037,7.412535e-01,4.158851e-01,9.202065e-01,1.388805e-01,2.362018e-02,9.832337e-03,2.193833e-02,8.341841e-02
5.68250,0.714005,0.778551,7.404074e-01,4.154363e-01,9.192222e-01,1.388756e-01,2.355668e-02,9.745781e-03,2.192799e-02,8.337810e-02
5.68500,0.714203,0.778063,7.395502e-01,4.149863e-01,9.183768e-01,1.388706e-01,2.348995e-02,9.653347e-03,2.191736e-02,8.333743e-02
5.68750,0.714399,0.777574,7.386824e-01,4.145351e-01,9.176624e-01,1.388656e-01,2.342968e-02,9.565684e-03,2.190713e-02,8.329642e-02
5.69000,0.714593,0.777085,7.378044e-01,4.140828e-01,9.170650e-01,1.388604e-01,2.337452e-02,9.482159e-03,2.189748e-02,8.325506e-02
5.69250,0.714785,0.776594,7.369165e-01,4.136292e-01,9.165654e-01,1.388551e-01,2.331275e-02,9.392601e-03,2.188753e-02,8.321336e-02
5.69500,0.714974,0.776102,7.360192e-01,4.131745e-01,9.161623e-01,1.388498e-01,2.324188e-02,9.299293e-03,2.187682e-02,8.317130e-02
5.69750,0.715161,0.775610,7.351129e-01,4.127187e-01,9.158707e-01,1.388443e-01,2.316931e-02,9.207840e-03,2.186562e-02,8.312889e-02
5.70000,0.715345,0.775117,7.341980e-01,4.122618e-01,9.156903e-01,1.388388e-01,2.309878e-02,9.120597e-03,2.185430e-02,8.308612e-02
5.70250,0.715528,0.774623,7.332749e-01,4.118037e-01,9.156114e-01,1.388332e-01,2.302777e-02,9.031710e-03,2.184283e-02,8.304300e-02
5.70500,0.715708,0.774127,7.323438e-01,4.113445e-01,9.156257e-01,1.388274e-01,2.295634e-02,8.943794e-03,2.183140e-02,8.299954e-02
5.70750,0.715886,0.773632,7.314052e-01,4.108842e-01,9.157370e-01,1.388216e-01,2.288679e-02,8.854840e-03,2.182019e-02,8.295575e-02
5.71000,0.716061,0.773135,7.304593e-01,4.104229e-01,9.159393e-01,1.388157e-01,2.281866e-02,8.762852e-03,2.180914e-02,8.291164e-02
5.71250,0.716235,0.772637,7.295238e-01,4.099604e-01,9.162212e-01,1.388097e-01,2.275142e-02,8.670011e-03,2.179820e-02,8.286722e-02
5.71500,0.716406,0.772139,7.286654e-01,4.094969e-01,9.165638e-01,1.388036e-01,2.268215e-02,8.574905e-03,2.178716e-02,8.282252e-02
5.71750,0.716574,0.771639,7.277965e-01,4.090324e-01,9.169588e-01,1.387975e-01,2.261235e-02,8.478145e-03,2.177602e-02,8.277755e-02
5.72000,0.716741,0.771139,7.269176e-01,4.085668e-01,9.174089e-01,1.387912e-01,2.254959e-02,8.387613e-03,2.176532e-02,8.273232e-02
5.72250,0.716906,0.770638,7.260289e-01,4.081002e-01,9.179062e-01,1.387849e-01,2.248966e-02,8.299157e-03,2.175501e-02,8.268679e-02
5.72500,0.717068,0.770136,7.251309e-01,4.076325e-01,9.184405e-01,1.387784e-01,2.242139e-02,8.206159e-03,2.174420e-02,8.264100e-02
5.72750,0.717228,0.769633,7.242239e-01,4.071639e-01,9.190101e-01,1.387719e-01,2.234929e-02,8.111741e-03,2.173297e-02,8.259493e-02
5.73000,0.717385,0.769130,7.233082e-01,4.066943e-01,9.196147e-01,1.387653e-01,2.227849e-02,8.018218e-03,2.172157e-02,8.254859e-02
5.73250,0.717541,0.768626,7.223841e-01,4.062236e-01,9.202489e-01,1.387585e-01,2.221158e-02,7.924470e-03,2.171036e-02,8.250201e-02
5.73500,0.717694,0.768121,7.214519e-01,4.057520e-01,9.209073e-01,1.387517e-01,2.214490e-02,7.828945e-03,2.169923e-02,8.245519e-02
5.73750,0.717846,0.767615,7.205121e-01,4.052795e-01,9.215824e-01,1.387448e-01,2.207835e-02,7.735184e-03,2.168827e-02,8.240814e-02
5.74000,0.717995,0.767109,7.195651e-01,4.048060e-01,9.222640e-01,1.387379e-01,2.201137e-02,7.639922e-03,2.167726e-02,8.236084e-02
5.74250,0.718142,0.766601,7.186110e-01,4.043315e-01,9.229505e-01,1.387308e-01,2.194065e-02,7.542860e-03,2.166580e-02,8.231329e-02
5.74500,0.718286,0.766093,7.176501e-01,4.038562e-01,9.236408e-01,1.387236e-01,2.186674e-02,7.449500e-03,2.165411e-02,8.226548e-02
5.74750,0.718429,0.765585,7.166829e-01,4.033799e-01,9.243298e-01,1.387163e-01,2.179008e-02,7.356835e-03,2.164209e-02,8.221742e-02
5.75000,0.718569,0.765075,7.157095e-01,4.029027e-01,9.250098e-01,1.387090e-01,2.171476e-02,7.265191e-03,2.163001e-02,8.216910e-02
5.75250,0.718708,0.764565,7.147303e-01,4.024246e-01,9.256776e-01,1.387015e-01,2.164530e-02,7.174675e-03,2.161829e-02,8.212055e-02
5.75500,0.718844,0.764054,7.137455e-01,4.019457e-01,9.263323e-01,1.386939e-01,2.157289e-02,7.084521e-03,2.160669e-02,8.207175e-02
5.75750,0.718978,0.763542,7.127554e-01,4.014659e-01,9.269708e-01,1.386863e-01,2.149764e-02,6.989503e-03,2.159483e-02,8.202271e-02
5.76000,0.719110,0.763030,7.117604e-01,4.009852e-01,9.275907e-01,1.386786e-01,2.142128e-02,6.892020e-03,2.158272e-02,8.197344e-02
5.76250,0.719239,0.762517,7.107606e-01,4.005037e-01,9.281899e-01,1.386707e-01,2.134685e-02,6.798268e-03,2.157069e-02,8.192394e-02
5.76500,0.719367,0.762004,7.097563e-01,4.000213e-01,9.287719e-01,1.386628e-01,2.127300e-02,6.703393e-03,2.155855e-02,8.187421e-02
5.76750,0.719493,0.761489,7.087477e-01,3.995381e-01,9.293323e-01,1.386548e-01,2.119555e-02,6.605113e-03,2.154615e-02,8.182429e-02
5.77000,0.719616,0.760974,7.077350e-01,3.990541e-01,9.296734e-01,1.386467e-01,2.112094e-02,6.510967e-03,2.153407e-02,8.177416e-02
5.77250,0.719738,0.760459,7.067186e-01,3.985693e-01,9.294142e-01,1.386385e-01,2.104929e-02,6.417136e-03,2.152234e-02,8.172385e-02
5.77500,0.719857,0.759943,7.056986e-01,3.980838e-01,9.291726e-01,1.386302e-01,2.097498e-02,6.320454e-03,2.151056e-02,8.167335e-02
5.77750,0.719974,0.759426,7.047016e-01,3.975974e-01,9.289522e-01,1.386219e-01,2.089361e-02,6.218835e-03,2.149834e-02,8.162270e-02
5.78000,0.720089,0.758909,7.037343e-01,3.971103e-01,9.287344e-01,1.386134e-01,2.081429e-02,6.120629e-03,2.148618e-02,8.157190e-02
5.78250,0.720202,0.758390,7.027610e-01,3.966224e-01,9.285090e-01,1.386049e-01,2.074266e-02,6.025666e-03,2.147435e-02,8.152094e-02
5.78500,0.720314,0.757872,7.017819e-01,3.961338e-01,9.281418e-01,1.385962e-01,2.067224e-02,5.930606e-03,2.146264e-02,8.146984e-02
5.78750,0.720423,0.757353,7.007973e-01,3.956445e-01,9.274688e-01,1.385875e-01,2.059853e-02,5.838744e-03,2.145089e-02,8.141858e-02
5.79000,0.720530,0.756833,6.998074e-01,3.951544e-01,9.267865e-01,1.385787e-01,2.052659e-02,5.747540e-03,2.143925e-02,8.136715e-02
5.79250,0.720635,0.756313,6.988125e-01,3.946637e-01,9.261026e-01,1.385698e-01,2.045195e-02,5.653815e-03,2.142739e-02,8.131556e-02
5.79500,0.720738,0.755792,6.978128e-01,3.941722e-01,9.254220e-01,1.385608e-01,2.037361e-02,5.560207e-03,2.141532e-02,8.126380e-02
5.79750,0.720839,0.755270,6.968086e-01,3.936801e-01,9.247511e-01,1.385517e-01,2.029263e-02,5.466225e-03,2.140309e-02,8.121188e-02
5.80000,0.720938,0.754748,6.958001e-01,3.931873e-01,9.240889e-01,1.385425e-01,2.021483e-02,5.371263e-03,2.139083e-02,8.115983e-02
5.80250,0.721035,0.754226,6.947875e-01,3.926938e-01,9.234263e-01,1.385333e-01,2.014067e-02,5.277941e-03,2.137879e-02,8.110764e-02
5.80500,0.721130,0.753703,6.937710e-01,3.921996e-01,9.227589e-01,1.385239e-01,2.006621e-02,5.187602e-03,2.136685e-02,8.105530e-02
5.80750,0.721223,0.753179,6.927508e-01,3.917049e-01,9.220869e-01,1.385145e-01,1.998758e-02,5.096062e-03,2.135472e-02,8.100282e-02
5.81000,0.721314,0.752655,6.917272e-01,3.912095e-01,9.214194e-01,1.385050e-01,1.990640e-02,4.999736e-03,2.134215e-02,8.095020e-02
5.81250,0.721403,0.752130,6.907003e-01,3.907135e-01,9.207583e-01,1.384953e-01,1.983023e-02,4.907303e-03,2.132983e-02,8.089745e-02
5.81500,0.721490,0.751605,6.896703e-01,3.902169e-01,9.201119e-01,1.384857e-01,1.975674e-02,4.816548e-03,2.131776e-02,8.084455e-02
5.81750,0.721575,0.751080,6.886375e-01,3.897197e-01,9.194715e-01,1.384759e-01,1.967934e-02,4.723009e-03,2.130548e-02,8.079153e-02
5.82000,0.721658,0.750554,6.876354e-01,3.892219e-01,9.188309e-01,1.384660e-01,1.959946e-02,4.625596e-03,2.129294e-02,8.073840e-02
5.82250,0.721740,0.750027,6.866393e-01,3.887235e-01,9.181861e-01,1.384561e-01,1.952175e-02,4.530468e-03,2.128059e-02,8.068518e-02
5.82500,0.721819,0.749500,6.856384e-01,3.882246e-01,9.175417e-01,1.384461e-01,1.944370e-02,4.437581e-03,2.126844e-02,8.063187e-02
5.82750,0.721896,0.748973,6.846328e-01,3.877251e-01,9.169045e-01,1.384360e-01,1.936682e-02,4.341594e-03,2.125640e-02,8.057851e-02
5.83000,0.721972,0.748445,6.836228e-01,3.872251e-01,9.162779e-01,1.384258e-01,1.929235e-02,4.248240e-03,2.124474e-02,8.052509e-02
5.83250,0.722046,0.747917,6.826085e-01,3.867246e-01,9.156664e-01,1.384155e-01,1.922084e-02,4.157881e-03,2.123339e-02,8.047161e-02
5.83500,0.722117,0.747388,6.815902e-01,3.862235e-01,9.150585e-01,1.384051e-01,1.915034e-02,4.067568e-03,2.122210e-02,8.041806e-02
5.83750,0.722187,0.746859,6.805681e-01,3.857220e-01,9.144496e-01,1.383947e-01,1.907560e-02,3.975297e-03,2.121047e-02,8.036443e-02
5.84000,0.722255,0.746330,6.795424e-01,3.852199e-01,9.138373e-01,1.383842e-01,1.899445e-02,3.883160e-03,2.119836e-02,8.031072e-02
5.84250,0.722321,0.745800,6.785134e-01,3.847174e-01,9.132296e-01,1.383736e-01,1.891374e-02,3.791888e-03,2.118605e-02,8.025694e-02
5.84500,0.722385,0.745270,6.774811e-01,3.842144e-01,9.126303e-01,1.383629e-01,1.883684e-02,3.701568e-03,2.117378e-02,8.020306e-02
5.84750,0.722448,0.744739,6.764457e-01,3.837109e-01,9.120458e-01,1.383522e-01,1.875910e-02,3.612622e-03,2.116163e-02,8.014911e-02
5.85000,0.722508,0.744209,6.754074e-01,3.832070e-01,9.114735e-01,1.383413e-01,1.867949e-02,3.522901e-03,2.114944e-02,8.009508e-02
5.85250,0.722567,0.743677,6.743664e-01,3.827026e-01,9.109036e-01,1.383304e-01,1.860125e-02,3.432013e-03,2.113730e-02,8.004098e-02
5.85500,0.722624,0.743146,6.733229e-01,3.821978e-01,9.103308e-01,1.383194e-01,1.852437e-02,3.341844e-03,2.112531e-02,7.998682e-02
5.85750,0.722679,0.742614,6.722771e-01,3.816926e-01,9.097568e-01,1.383084e-01,1.844711e-02,3.252661e-03,2.111344e-02,7.993262e-02
5.86000,0.722732,0.742081,6.712291e-01,3.811870e-01,9.091903e-01,1.382972e-01,1.837006e-02,3.161684e-03,2.110158e-02,7.987838e-02
5.86250,0.722783,0.741549,6.701791e-01,3.806810e-01,9.086333e-01,1.382860e-01,1.829566e-02,3.069146e-03,2.108975e-02,7.982411e-02
5.86500,0.722833,0.741016,6.691271e-01,3.801746e-01,9.080938e-01,1.382747e-01,1.822032e-02,2.979009e-03,2.107793e-02,7.976980e-02
5.86750,0.722881,0.740483,6.680734e-01,3.796678e-01,9.075629e-01,1.382633e-01,1.814204e-02,2.888596e-03,2.106592e-02,7.971544e-02
5.87000,0.722926,0.739949,6.670180e-01,3.791606e-01,9.070335e-01,1.382519e-01,1.805975e-02,2.794836e-03,2.105355e-02,7.966105e-02
5.87250,0.722971,0.739415,6.659613e-01,3.786531e-01,9.065002e-01,1.382404e-01,1.797754e-02,2.702294e-03,2.104119e-02,7.960664e-02
5.87500,0.723013,0.738881,6.649032e-01,3.781453e-01,9.059680e-01,1.382288e-01,1.789922e-02,2.614567e-03,2.102927e-02,7.955222e-02
5.87750,0.723054,0.738347,6.638440e-01,3.776371e-01,9.054451e-01,1.382172e-01,1.782532e-02,2.527805e-03,2.101777e-02,7.949780e-02
5.88000,0.723092,0.737813,6.627836e-01,3.771286e-01,9.049332e-01,1.382055e-01,1.775162e-02,2.441001e-03,2.100650e-02,7.944337e-02
5.88250,0.723130,0.737278,6.617223e-01,3.766198e-01,9.044393e-01,1.381937e-01,1.767835e-02,2.355334e-03,2.099543e-02,7.938896e-02
5.88500,0.723165,0.736743,6.606601e-01,3.761107e-01,9.039514e-01,1.381818e-01,1.760500e-02,2.271124e-03,2.098449e-02,7.933455e-02
5.88750,0.723198,0.736207,6.595972e-01,3.756012e-01,9.034642e-01,1.381699e-01,1.753036e-02,2.185532e-03,2.097340e-02,7.928016e-02
5.89000,0.723230,0.735672,6.585337e-01,3.750915e-01,9.029731e-01,1.381578e-01,1.745534e-02,2.101040e-03,2.096223e-02,7.922576e-02
5.89250,0.723260,0.735136,6.574698e-01,3.745816e-01,9.024856e-01,1.381458e-01,1.738040e-02,2.017215e-03,2.095101e-02,7.917134e-02
5.89500,0.723289,0.734600,6.564054e-01,3.740713e-01,9.020083e-01,1.381336e-01,1.730355e-02,1.931404e-03,2.093950e-02,7.911692e-02
5.89750,0.723316,0.734064,6.553407e-01,3.735608e-01,9.015437e-01,1.381214e-01,1.722410e-02,1.843069e-03,2.092765e-02,7.906247e-02
5.90000,0.723341,0.733528,6.542758e-01,3.730501e-01,9.010962e-01,1.381091e-01,1.714226e-02,1.756937e-03,2.091562e-02,7.900801e-02
5.90250,0.723364,0.732991,6.532108e-01,3.725391e-01,9.006532e-01,1.380968e-01,1.706089e-02,1.669536e-03,2.090361e-02,7.895354e-02
5.90500,0.723386,0.732455,6.521458e-01,3.720279e-01,9.002100e-01,1.380844e-01,1.697989e-02,1.580714e-03,2.089165e-02,7.889909e-02
5.90750,0.723405,0.731918,6.510809e-01,3.715165e-01,8.997633e-01,1.380719e-01,1.690360e-02,1.496620e-03,2.088015e-02,7.884466e-02
5.91000,0.723424,0.731381,6.500161e-01,3.710048e-01,8.993221e-01,1.380594e-01,1.683246e-02,1.416960e-03,2.086935e-02,7.879025e-02
5.91250,0.723440,0.730844,6.489516e-01,3.704930e-01,8.988918e-01,1.380468e-01,1.676325e-02,1.334227e-03,2.085880e-02,7.873588e-02
5.91500,0.723455,0.730307,6.478873e-01,3.699810e-01,8.984751e-01,1.380341e-01,1.669015e-02,1.247343e-03,2.084807e-02,7.868156e-02
5.91750,0.723469,0.729769,6.468234e-01,3.694688e-01,8.980743e-01,1.380214e-01,1.661500e-02,1.163344e-03,2.083730e-02,7.862728e-02
5.92000,0.723480,0.729232,6.457601e-01,3.689565e-01,8.976767e-01,1.380086e-01,1.653955e-02,1.080558e-03,2.082658e-02,7.857305e-02
5.92250,0.723490,0.728694,6.446972e-01,3.684440e-01,8.972774e-01,1.379958e-01,1.646681e-02,9.959094e-04,2.081588e-02,7.851888e-02
5.92500,0.723499,0.728156,6.436350e-01,3.679313e-01,8.968752e-01,1.379829e-01,1.639412e-02,9.133199e-04,2.080525e-02,7.846474e-02
5.92750,0.723505,0.727619,6.425735e-01,3.674185e-01,8.964788e-01,1.379699e-01,1.631895e-02,8.328193e-04,2.079467e-02,7.841064e-02
5.93000,0.723510,0.727081,6.415127e-01,3.669056e-01,8.960937e-01,1.379569e-01,1.624448e-02,7.524174e-04,2.078415e-02,7.835658e-02
5.93250,0.723514,0.726543,6.404526e-01,3.663926e-01,8.957223e-01,1.379438e-01,1.617143e-02,6.706922e-04,2.077365e-02,7.830257e-02
5.93500,0.723516,0.726004,6.393935e-01,3.658794e-01,8.953660e-01,1.379307e-01,1.609669e-02,5.904299e-04,2.076314e-02,7.824861e-02
5.93750,0.723516,0.725466,6.383352e-01,3.653662e-01,8.950130e-01,1.379175e-01,1.602057e-02,5.102656e-04,2.075265e-02,7.819470e-02
5.94000,0.723515,0.724928,6.372779e-01,3.648528e-01,8.946586e-01,1.379042e-01,1.594665e-02,4.294946e-04,2.074220e-02,7.814085e-02
5.94250,0.723512,0.724390,6.362217e-01,3.643394e-01,8.943016e-01,1.378909e-01,1.587574e-02,3.509747e-04,2.073198e-02,7.808704e-02
5.94500,0.723508,0.723852,6.351665e-01,3.638259e-01,8.939502e-01,1.378775e-01,1.580331e-02,2.753757e-04,2.072189e-02,7.803328e-02
5.94750,0.723502,0.723313,6.341125e-01,3.633123e-01,8.936103e-01,1.378641e-01,1.572779e-02,1.982949e-04,2.071171e-02,7.797958e-02
5.95000,0.723494,0.722775,6.330596e-01,3.627987e-01,8.932834e-01,1.378506e-01,1.565273e-02,1.175992e-04,2.070143e-02,7.792594e-02
5.95250,0.723485,0.722237,6.320318e-01,3.622850e-01,8.929712e-01,1.378371e-01,1.557929e-02,3.912363e-05,2.069123e-02,7.787236e-02
5.95500,0.723474,0.721698,6.310348e-01,3.617713e-01,8.926618e-01,1.378235e-01,1.550484e-02,-3.925305e-05,2.068105e-02,7.781885e-02
5.95750,0.723462,0.721160,6.300398e-01,3.612576e-01,8.923503e-01,1.378099e-01,1.543324e-02,-1.169563e-04,2.067099e-02,7.776541e-02
5.96000,0.723449,0.720621,6.290466e-01,3.607438e-01,8.920359e-01,1.377962e-01,1.536111e-02,-1.961276e-04,2.066096e-02,7.771204e-02
5.96250,0.723433,0.720083,6.280553e-01,3.602301e-01,8.917255e-01,1.377825e-01,1.528799e-02,-2.741444e-04,2.065105e-02,7.765875e-02
5.96500,0.723417,0.719545,6.270660e-01,3.597163e-01,8.914265e-01,1.377687e-01,1.521494e-02,-3.492624e-04,2.064145e-02,7.760556e-02
5.96750,0.723398,0.719006,6.260785e-01,3.592025e-01,8.911395e-01,1.377549e-01,1.514532e-02,-4.249506e-04,2.063213e-02,7.755246e-02
5.97000,0.723379,0.718468,6.250929e-01,3.586887e-01,8.908673e-01,1.377410e-01,1.507851e-02,-4.989301e-04,2.062311e-02,7.749946e-02
5.97250,0.723357,0.717930,6.241289e-01,3.581750e-01,8.905988e-01,1.377271e-01,1.501160e-02,-5.701394e-04,2.061435e-02,7.744655e-02
5.97500,0.723335,0.717391,6.231771e-01,3.576613e-01,8.903280e-01,1.377131e-01,1.494445e-02,-6.402519e-04,2.060568e-02,7.739374e-02
5.97750,0.723310,0.716853,6.222272e-01,3.571476e-01,8.900546e-01,1.376991e-01,1.487798e-02,-7.114313e-04,2.059701e-02,7.734102e-02
5.98000,0.723285,0.716315,6.212792e-01,3.566340e-01,8.897839e-01,1.376851e-01,1.481101e-02,-7.788077e-04,2.058835e-02,7.728839e-02
5.98250,0.723257,0.715777,6.203330e-01,3.561204e-01,8.895248e-01,1.376710e-01,1.473910e-02,-8.477488e-04,2.057942e-02,7.723583e-02
5.98500,0.723229,0.715239,6.193887e-01,3.556069e-01,8.892774e-01,1.376568e-01,1.466522e-02,-9.196714e-04,2.057023e-02,7.718336e-02
5.98750,0.723199,0.714701,6.184463e-01,3.550935e-01,8.890456e-01,1.376427e-01,1.459227e-02,-9.924431e-04,2.056091e-02,7.713096e-02
5.99000,0.723167,0.714164,6.175057e-01,3.545801e-01,8.888197e-01,1.376284e-01,1.452030e-02,-1.063728e-03,2.055169e-02,7.707864e-02
5.99250,0.723134,0.713626,6.165671e-01,3.540668e-01,8.885920e-01,1.376142e-01,1.444859e-02,-1.135526e-03,2.054262e-02,7.702641e-02
5.99500,0.723100,0.713088,6.156304e-01,3.535536e-01,8.883623e-01,1.375998e-01,1.437761e-02,-1.210812e-03,2.053359e-02,7.697429e-02
5.99750,0.723064,0.712551,6.146956e-01,3.530405e-01,8.881343e-01,1.375855e-01,1.430827e-02,-1.282877e-03,2.052483e-02,7.692227e-02
6.00000,0.723027,0.712013,6.137821e-01,3.525276e-01,8.879171e-01,1.375711e-01,1.424076e-02,-1.351964e-03,2.051635e-02,7.687037e-02
6.00250,0.722988,0.711476,6.128780e-01,3.520147e-01,8.877125e-01,1.375567e-01,1.417208e-02,-1.421668e-03,2.050796e-02,7.681857e-02
6.00500,0.722948,0.710939,6.119758e-01,3.515020e-01,8.875235e-01,1.375422e-01,1.410634e-02,-1.490619e-03,2.049978e-02,7.676691e-02
6.00750,0.722906,0.710402,6.110753e-01,3.509894e-01,8.873436e-01,1.375277e-01,1.404524e-02,-1.555359e-03,2.049209e-02,7.671536e-02
6.01000,0.722864,0.709865,6.101766e-01,3.504769e-01,8.871630e-01,1.375132e-01,1.398252e-02,-1.620779e-03,2.048454e-02,7.666394e-02
6.01250,0.722819,0.709329,6.092795e-01,3.499646e-01,8.869808e-01,1.374986e-01,1.391616e-02,-1.686344e-03,2.047693e-02,7.661265e-02
6.01500,0.722774,0.708792,6.083843e-01,3.494524e-01,8.867989e-01,1.374840e-01,1.385007e-02,-1.751813e-03,2.046929e-02,7.656148e-02
6.01750,0.722727,0.708256,6.074907e-01,3.489404e-01,8.866252e-01,1.374693e-01,1.378462e-02,-1.814673e-03,2.046170e-02,7.651042e-02
6.02000,0.722678,0.707720,6.065990e-01,3.484286e-01,8.864650e-01,1.374547e-01,1.371748e-02,-1.877823e-03,2.045408e-02,7.645947e-02
6.02250,0.722628,0.707184,6.057090e-01,3.479169e-01,8.863192e-01,1.374399e-01,1.364699e-02,-1.941969e-03,2.044630e-02,7.640864e-02
6.02500,0.722577,0.706648,6.048208e-01,3.474055e-01,8.861858e-01,1.374252e-01,1.358020e-02,-2.006258e-03,2.043860e-02,7.635792e-02
6.02750,0.722525,0.706112,6.039343e-01,3.468942e-01,8.860545e-01,1.374104e-01,1.351553e-02,-2.071242e-03,2.043104e-02,7.630732e-02
6.03000,0.722471,0.705577,6.030495e-01,3.463831e-01,8.859207e-01,1.373956e-01,1.344833e-02,-2.136803e-03,2.042341e-02,7.625683e-02
6.03250,0.722416,0.705041,6.021664e-01,3.458722e-01,8.857859e-01,1.373807e-01,1.337941e-02,-2.202119e-03,2.041581e-02,7.620647e-02
6.03500,0.722359,0.704506,6.012851e-01,3.453615e-01,8.856551e-01,1.373658e-01,1.331649e-02,-2.264474e-03,2.040852e-02,7.615622e-02
6.03750,0.722302,0.703972,6.004055e-01,3.448511e-01,8.855368e-01,1.373509e-01,1.325748e-02,-2.324293e-03,2.040159e-02,7.610610e-02
6.04000,0.722243,0.703437,5.995276e-01,3.443408e-01,8.854311e-01,1.373360e-01,1.319563e-02,-2.381939e-03,2.039479e-02,7.605610e-02
6.04250,0.722182,0.702903,5.986515e-01,3.438308e-01,8.853401e-01,1.373210e-01,1.313208e-02,-2.441461e-03,2.038792e-02,7.600623e-02
6.04500,0.722120,0.702368,5.977771e-01,3.433211e-01,8.852549e-01,1.373060e-01,1.306860e-02,-2.501770e-03,2.038102e-02,7.595648e-02
6.04750,0.722057,0.701835,5.969044e-01,3.428116e-01,8.851668e-01,1.372909e-01,1.300464e-02,-2.562147e-03,2.037415e-02,7.590687e-02
6.05000,0.721993,0.701301,5.960401e-01,3.423023e-01,8.850763e-01,1.372759e-01,1.294218e-02,-2.623478e-03,2.036740e-02,7.585740e-02
6.05250,0.721927,0.700768,5.951928e-01,3.417933e-01,8.849861e-01,1.372608e-01,1.287942e-02,-2.686499e-03,2.036075e-02,7.580807e-02
6.05500,0.721861,0.700234,5.943471e-01,3.412845e-01,8.849038e-01,1.372457e-01,1.282089e-02,-2.746725e-03,2.035437e-02,7.575889e-02
6.05750,0.721792,0.699701,5.935030e-01,3.407761e-01,8.848339e-01,1.372306e-01,1.276343e-02,-2.804948e-03,2.034829e-02,7.570985e-02
6.06000,0.721723,0.699169,5.926605e-01,3.402679e-01,8.847777e-01,1.372154e-01,1.270534e-02,-2.862819e-03,2.034234e-02,7.566095e-02
6.06250,0.721652,0.698637,5.918195e-01,3.397600e-01,8.847304e-01,1.372002e-01,1.264449e-02,-2.920371e-03,2.033638e-02,7.561219e-02
6.06500,0.721580,0.698104,5.909801e-01,3.392524e-01,8.846823e-01,1.371850e-01,1.258271e-02,-2.976849e-03,2.033040e-02,7.556357e-02
6.06750,0.721507,0.697573,5.901422e-01,3.387450e-01,8.846294e-01,1.371697e-01,1.252104e-02,-3.033575e-03,2.032438e-02,7.551510e-02
6.07000,0.721433,0.697041,5.893059e-01,3.382380e-01,8.845734e-01,1.371545e-01,1.246120e-02,-3.089410e-03,2.031851e-02,7.546675e-02
6.07250,0.721357,0.696510,5.884712e-01,3.377313e-01,8.845191e-01,1.371392e-01,1.240157e-02,-3.144306e-03,2.031266e-02,7.541853e-02
6.07500,0.721280,0.695979,5.876381e-01,3.372249e-01,8.844750e-01,1.371238e-01,1.234214e-02,-3.198381e-03,2.030680e-02,7.537044e-02
6.07750,0.721202,0.695449,5.868065e-01,3.367188e-01,8.844424e-01,1.371085e-01,1.228280e-02,-3.254583e-03,2.030094e-02,7.532248e-02
6.08000,0.721122,0.694918,5.859765e-01,3.362131e-01,8.844217e-01,1.370931e-01,1.222341e-02,-3.311059e-03,2.029513e-02,7.527466e-02
6.08250,0.721042,0.694388,5.851480e-01,3.357076e-01,8.844056e-01,1.370777e-01,1.216227e-02,-3.365475e-03,2.028943e-02,7.522697e-02
6.08500,0.720960,0.693859,5.843210e-01,3.352026e-01,8.843850e-01,1.370623e-01,1.210119e-02,-3.420345e-03,2.028371e-02,7.517942e-02
6.08750,0.720877,0.693329,5.834956e-01,3.346978e-01,8.843591e-01,1.370469e-01,1.204114e-02,-3.476324e-03,2.027803e-02,7.513201e-02
6.09000,0.720793,0.692800,5.826717e-01,3.341934e-01,8.843316e-01,1.370315e-01,1.198135e-02,-3.532092e-03,2.027256e-02,7.508475e-02
6.09250,0.720707,0.692272,5.818495e-01,3.336894e-01,8.843084e-01,1.370160e-01,1.192436e-02,-3.585721e-03,2.026740e-02,7.503765e-02
6.09500,0.720621,0.691744,5.810288e-01,3.331858e-01,8.842964e-01,1.370005e-01,1.186897e-02,-3.640470e-03,2.026249e-02,7.499070e-02
6.09750,0.720533,0.691216,5.802096e-01,3.326825e-01,8.842970e-01,1.369850e-01,1.181445e-02,-3.695085e-03,2.025772e-02,7.494392e-02
6.10000,0.720444,0.690688,5.793919e-01,3.321795e-01,8.841024e-01,1.369695e-01,1.176159e-02,-3.746453e-03,2.025324e-02,7.489730e-02
6.10250,0.720354,0.690161,5.785757e-01,3.316770e-01,8.838208e-01,1.369539e-01,1.170975e-02,-3.795709e-03,2.024897e-02,7.485082e-02
6.10500,0.720262,0.689634,5.777611e-01,3.311748e-01,8.835436e-01,1.369383e-01,1.165612e-02,-3.844752e-03,2.024470e-02,7.480450e-02
6.10750,0.720170,0.689108,5.769479e-01,3.306731e-01,8.832717e-01,1.369228e-01,1.160109e-02,-3.893728e-03,2.024036e-02,7.475833e-02
6.11000,0.720076,0.688581,5.761364e-01,3.301717e-01,8.830063e-01,1.369072e-01,1.154567e-02,-3.940815e-03,2.023602e-02,7.471229e-02
6.11250,0.719982,0.688056,5.753264e-01,3.296707e-01,8.827486e-01,1.368915e-01,1.148987e-02,-3.985954e-03,2.023174e-02,7.466639e-02
6.11500,0.719886,0.687530,5.745179e-01,3.291702e-01,8.824981e-01,1.368759e-01,1.143213e-02,-4.033983e-03,2.022734e-02,7.462063e-02
6.11750,0.719789,0.687006,5.737109e-01,3.286700e-01,8.822522e-01,1.368603e-01,1.137389e-02,-4.084696e-03,2.022275e-02,7.457501e-02
6.12000,0.719690,0.686481,5.729054e-01,3.281703e-01,8.820096e-01,1.368446e-01,1.131692e-02,-4.134701e-03,2.021824e-02,7.452953e-02
6.12250,0.719591,0.685957,5.721013e-01,3.276710e-01,8.817709e-01,1.368289e-01,1.126413e-02,-4.182312e-03,2.021403e-02,7.448418e-02
6.12500,0.719491,0.685433,5.712988e-01,3.271721e-01,8.815367e-01,1.368133e-01,1.121276e-02,-4.229695e-03,2.021002e-02,7.443898e-02
6.12750,0.719389,0.684910,5.704978e-01,3.266737e-01,8.813088e-01,1.367976e-01,1.115929e-02,-4.280202e-03,2.020601e-02,7.439393e-02
6.13000,0.719286,0.684387,5.696983e-01,3.261757e-01,8.810871e-01,1.367819e-01,1.110370e-02,-4.330301e-03,2.020196e-02,7.434903e-02
6.13250,0.719183,0.683864,5.689003e-01,3.256781e-01,8.808736e-01,1.367662e-01,1.104946e-02,-4.378624e-03,2.019813e-02,7.430428e-02
6.13500,0.719078,0.683342,5.681039e-01,3.251810e-01,8.806663e-01,1.367504e-01,1.099711e-02,-4.425926e-03,2.019461e-02,7.425970e-02
6.13750,0.718972,0.682821,5.673088e-01,3.246843e-01,8.804629e-01,1.367347e-01,1.094702e-02,-4.473661e-03,2.019129e-02,7.421527e-02
6.14000,0.718865,0.682300,5.665152e-01,3.241881e-01,8.802632e-01,1.367190e-01,1.089840e-02,-4.519464e-03,2.018819e-02,7.417101e-02
6.14250,0.718757,0.681779,5.657231e-01,3.236924e-01,8.800680e-01,1.367032e-01,1.085060e-02,-4.561291e-03,2.018535e-02,7.412690e-02
6.14500,0.718647,0.681259,5.649324e-01,3.231971e-01,8.798778e-01,1.366874e-01,1.080295e-02,-4.601954e-03,2.018263e-02,7.408295e-02
6.14750,0.718537,0.680739,5.641432e-01,3.227023e-01,8.796947e-01,1.366717e-01,1.075345e-02,-4.643719e-03,2.017989e-02,7.403915e-02
6.15000,0.718426,0.680219,5.633715e-01,3.222080e-01,8.795182e-01,1.366559e-01,1.070174e-02,-4.683149e-03,2.017706e-02,7.399549e-02
6.15250,0.718313,0.679700,5.626012e-01,3.217141e-01,8.793501e-01,1.366401e-01,1.064861e-02,-4.723241e-03,2.017414e-02,7.395199e-02
6.15500,0.718200,0.679182,5.618321e-01,3.212208e-01,8.791877e-01,1.366243e-01,1.059805e-02,-4.763443e-03,2.017133e-02,7.390862e-02
6.15750,0.718085,0.678664,5.610645e-01,3.207279e-01,8.790289e-01,1.366085e-01,1.054711e-02,-4.805376e-03,2.016849e-02,7.386540e-02
6.16000,0.717970,0.678146,5.602982e-01,3.202355e-01,8.788742e-01,1.365927e-01,1.049610e-02,-4.848020e-03,2.016565e-02,7.382233e-02
6.16250,0.717853,0.677629,5.595333e-01,3.197437e-01,8.787242e-01,1.365769e-01,1.044606e-02,-4.889933e-03,2.016288e-02,7.377940e-02
6.16500,0.717735,0.677112,5.587698e-01,3.192523e-01,8.785793e-01,1.365610e-01,1.039648e-02,-4.931864e-03,2.016022e-02,7.373662e-02
6.16750,0.717616,0.676596,5.580076e-01,3.187615e-01,8.784415e-01,1.365452e-01,1.034615e-02,-4.975010e-03,2.015761e-02,7.369399e-02
6.17000,0.717497,0.676081,5.572468e-01,3.182711e-01,8.783103e-01,1.365294e-01,1.029770e-02,-5.016577e-03,2.015516e-02,7.365151e-02
6.17250,0.717376,0.675566,5.564872e-01,3.177813e-01,8.781870e-01,1.365136e-01,1.024699e-02,-5.057614e-03,2.015272e-02,7.360919e-02
6.17500,0.717254,0.675051,5.557290e-01,3.172920e-01,8.780687e-01,1.364978e-01,1.019944e-02,-5.096977e-03,2.015048e-02,7.356702e-02
6.17750,0.717131,0.674537,5.549720e-01,3.168032e-01,8.779536e-01,1.364819e-01,1.015469e-02,-5.134345e-03,2.014855e-02,7.352500e-02
6.18000,0.717007,0.674023,5.542164e-01,3.163150e-01,8.778425e-01,1.364661e-01,1.010972e-02,-5.171062e-03,2.014686e-02,7.348314e-02
6.18250,0.716883,0.673510,5.534621e-01,3.158273e-01,8.777358e-01,1.364503e-01,1.006526e-02,-5.207680e-03,2.014531e-02,7.344144e-02
6.18500,0.716757,0.672997,5.527091e-01,3.153401e-01,8.776337e-01,1.364344e-01,1.002076e-02,-5.243119e-03,2.014385e-02,7.339989e-02
6.18750,0.716630,0.672485,5.519575e-01,3.148535e-01,8.775381e-01,1.364186e-01,9.973928e-03,-5.280394e-03,2.014237e-02,7.335850e-02
6.19000,0.716502,0.671973,5.512071e-01,3.143674e-01,8.774479e-01,1.364028e-01,9.928440e-03,-5.314832e-03,2.014095e-02,7.331725e-02
6.19250,0.716373,0.671462,5.504579e-01,3.138819e-01,8.773643e-01,1.363869e-01,9.883137e-03,-5.349269e-03,2.013956e-02,7.327616e-02
6.19500,0.716243,0.670952,5.497100e-01,3.133969e-01,8.772855e-01,1.363711e-01,9.837841e-03,-5.383361e-03,2.013818e-02,7.323521e-02
6.19750,0.716112,0.670442,5.489633e-01,3.129125e-01,8.772100e-01,1.363553e-01,9.792932e-03,-5.418550e-03,2.013680e-02,7.319440e-02
6.20000,0.715981,0.669932,5.482179e-01,3.124287e-01,8.771385e-01,1.363394e-01,9.750073e-03,-5.452825e-03,2.013552e-02,7.315373e-02
6.20250,0.715848,0.669423,5.474738e-01,3.119454e-01,8.770715e-01,1.363236e-01,9.705495e-03,-5.488294e-03,2.013419e-02,7.311321e-02
6.20500,0.715714,0.668915,5.467310e-01,3.114627e-01,8.770089e-01,1.363078e-01,9.660959e-03,-5.524044e-03,2.013283e-02,7.307283e-02
6.20750,0.715579,0.668407,5.459895e-01,3.109805e-01,8.769522e-01,1.362920e-01,9.616685e-03,-5.559969e-03,2.013153e-02,7.303260e-02
6.21000,0.715444,0.667899,5.452491e-01,3.104989e-01,8.769009e-01,1.362761e-01,9.573061e-03,-5.594397e-03,2.013038e-02,7.299252e-02
6.21250,0.715307,0.667393,5.445099e-01,3.100180e-01,8.768564e-01,1.362603e-01,9.529206e-03,-5.628838e-03,2.012930e-02,7.295259e-02
6.21500,0.715170,0.666886,5.437720e-01,3.095376e-01,8.768165e-01,1.362445e-01,9.486109e-03,-5.663752e-03,2.012831e-02,7.291281e-02
6.21750,0.715031,0.666381,5.430352e-01,3.090577e-01,8.767797e-01,1.362287e-01,9.442701e-03,-5.698542e-03,2.012739e-02,7.287318e-02
6.22000,0.714892,0.665875,5.422996e-01,3.085785e-01,8.767465e-01,1.362129e-01,9.400759e-03,-5.731988e-03,2.012667e-02,7.283370e-02
6.22250,0.714751,0.665371,5.415653e-01,3.080999e-01,8.767173e-01,1.361971e-01,9.360530e-03,-5.764625e-03,2.012620e-02,7.279438e-02
6.22500,0.714610,0.664867,5.408323e-01,3.076219e-01,8.766918e-01,1.361813e-01,9.320012e-03,-5.797062e-03,2.012585e-02,7.275522e-02
6.22750,0.714468,0.664363,5.401004e-01,3.071445e-01,8.766712e-01,1.361655e-01,9.280911e-03,-5.830596e-03,2.012555e-02,7.271620e-02
6.23000,0.714324,0.663860,5.393697e-01,3.066676e-01,8.766551e-01,1.361497e-01,9.243352e-03,-5.860678e-03,2.012541e-02,7.267734e-02
6.23250,0.714180,0.663358,5.386402e-01,3.061914e-01,8.766447e-01,1.361339e-01,9.204201e-03,-5.889688e-03,2.012532e-02,7.263861e-02
6.23500,0.714035,0.662856,5.379118e-01,3.057158e-01,8.766389e-01,1.361181e-01,9.163921e-03,-5.919265e-03,2.012522e-02,7.260003e-02
6.23750,0.713889,0.662355,5.371846e-01,3.052408e-01,8.766360e-01,1.361023e-01,9.121436e-03,-5.950258e-03,2.012502e-02,7.256159e-02
6.24000,0.713742,0.661855,5.364586e-01,3.047665e-01,8.766359e-01,1.360865e-01,9.080106e-03,-5.981179e-03,2.012475e-02,7.252329e-02
6.24250,0.713595,0.661355,5.357337e-01,3.042927e-01,8.766397e-01,1.360708e-01,9.039189e-03,-6.010984e-03,2.012454e-02,7.248513e-02
6.24500,0.713446,0.660855,5.350101e-01,3.038196e-01,8.766470e-01,1.360550e-01,8.996415e-03,-6.041657e-03,2.012428e-02,7.244710e-02
6.24750,0.713296,0.660356,5.342877e-01,3.033471e-01,8.766581e-01,1.360392e-01,8.954767e-03,-6.072805e-03,2.012402e-02,7.240922e-02
6.25000,0.713146,0.659858,5.335664e-01,3.028753e-01,8.766740e-01,1.360235e-01,8.916071e-03,-6.103880e-03,2.012396e-02,7.237148e-02
6.25250,0.712995,0.659361,5.328463e-01,3.024041e-01,8.766941e-01,1.360077e-01,8.879426e-03,-6.132807e-03,2.012411e-02,7.233387e-02
6.25500,0.712842,0.658864,5.321273e-01,3.019335e-01,8.767194e-01,1.359920e-01,8.841701e-03,-6.162256e-03,2.012434e-02,7.229641e-02
6.25750,0.712689,0.658367,5.314094e-01,3.014636e-01,8.767472e-01,1.359763e-01,8.804203e-03,-6.191440e-03,2.012470e-02,7.225909e-02
6.26000,0.712535,0.657871,5.306927e-01,3.009943e-01,8.767772e-01,1.359606e-01,8.763794e-03,-6.222304e-03,2.012502e-02,7.222192e-02
6.26250,0.712380,0.657376,5.299771e-01,3.005256e-01,8.768104e-01,1.359449e-01,8.726257e-03,-6.250327e-03,2.012552e-02,7.218489e-02
6.26500,0.712225,0.656882,5.292628e-01,3.000576e-01,8.768465e-01,1.359292e-01,8.688501e-03,-6.278496e-03,2.012621e-02,7.214801e-02
6.26750,0.712068,0.656388,5.285496e-01,2.995903e-01,8.768854e-01,1.359135e-01,8.651946e-03,-6.304777e-03,2.012709e-02,7.211128e-02
6.27000,0.711910,0.655894,5.278377e-01,2.991236e-01,8.769281e-01,1.358979e-01,8.616258e-03,-6.330542e-03,2.012805e-02,7.207469e-02
6.27250,0.711752,0.655402,5.271268e-01,2.986576e-01,8.769739e-01,1.358822e-01,8.581776e-03,-6.355101e-03,2.012912e-02,7.203824e-02
6.27500,0.711593,0.654909,5.264171e-01,2.981922e-01,8.770238e-01,1.358666e-01,8.547920e-03,-6.378226e-03,2.013026e-02,7.200193e-02
6.27750,0.711433,0.654418,5.257084e-01,2.977276e-01,8.770769e-01,1.358509e-01,8.511703e-03,-6.402895e-03,2.013131e-02,7.196576e-02
6.28000,0.711272,0.653927,5.250009e-01,2.972635e-01,8.771316e-01,1.358353e-01,8.475100e-03,-6.427557e-03,2.013235e-02,7.192972e-02
6.28250,0.711110,0.653437,5.242945e-01,2.968002e-01,8.771882e-01,1.358197e-01,8.436988e-03,-6.453034e-03,2.013332e-02,7.189382e-02
6.28500,0.710948,0.652947,5.235893e-01,2.963375e-01,8.772480e-01,1.358041e-01,8.401013e-03,-6.477294e-03,2.013435e-02,7.185805e-02
6.28750,0.710784,0.652458,5.228853e-01,2.958755e-01,8.773103e-01,1.357885e-01,8.365003e-03,-6.502673e-03,2.013542e-02,7.182241e-02
6.29000,0.710620,0.651970,5.221823e-01,2.954142e-01,8.773759e-01,1.357730e-01,8.327700e-03,-6.529010e-03,2.013648e-02,7.178691e-02
6.29250,0.710455,0.651482,5.214806e-01,2.949536e-01,8.774454e-01,1.357574e-01,8.290667e-03,-6.553541e-03,2.013764e-02,7.175153e-02
6.29500,0.710289,0.650995,5.207798e-01,2.944936e-01,8.775175e-01,1.357419e-01,8.256759e-03,-6.575552e-03,2.013902e-02,7.171629e-02
6.29750,0.710122,0.650509,5.200802e-01,2.940343e-01,8.775936e-01,1.357263e-01,8.225447e-03,-6.597419e-03,2.014056e-02,7.168118e-02
6.30000,0.709955,0.650023,5.193816e-01,2.935758e-01,8.776714e-01,1.357108e-01,8.189866e-03,-6.621944e-03,2.014204e-02,7.164620e-02
6.30250,0.709786,0.649538,5.186841e-01,2.931179e-01,8.777503e-01,1.356953e-01,8.153668e-03,-6.645647e-03,2.014352e-02,7.161136e-02
6.30500,0.709617,0.649054,5.179878e-01,2.926607e-01,8.778313e-01,1.356799e-01,8.118194e-03,-6.667037e-03,2.014514e-02,7.157666e-02
6.30750,0.709447,0.648570,5.172925e-01,2.922042e-01,8.779151e-01,1.356644e-01,8.086741e-03,-6.687388e-03,2.014701e-02,7.154209e-02
6.31000,0.709276,0.648087,5.165983e-01,2.917484e-01,8.780013e-01,1.356490e-01,8.056154e-03,-6.709134e-03,2.014903e-02,7.150765e-02
6.31250,0.709105,0.647605,5.159053e-01,2.912933e-01,8.780909e-01,1.356336e-01,8.024540e-03,-6.731397e-03,2.015110e-02,7.147336e-02
6.31500,0.708932,0.647123,5.152133e-01,2.908389e-01,8.781840e-01,1.356181e-01,7.992149e-03,-6.752558e-03,2.015322e-02,7.143920e-02
6.31750,0.708759,0.646642,5.145223e-01,2.903853e-01,8.782796e-01,1.356028e-01,7.960303e-03,-6.772386e-03,2.015540e-02,7.140516e-02
6.32000,0.708585,0.646161,5.138323e-01,2.899323e-01,8.783789e-01,1.355874e-01,7.928622e-03,-6.791616e-03,2.015760e-02,7.137126e-02
6.32250,0.708410,0.645681,5.131433e-01,2.894800e-01,8.784796e-01,1.355720e-01,7.895309e-03,-6.811833e-03,2.015976e-02,7.133749e-02
6.32500,0.708234,0.645202,5.124554e-01,2.890285e-01,8.785815e-01,1.355567e-01,7.862284e-03,-6.831069e-03,2.016186e-02,7.130384e-02
6.32750,0.708058,0.644724,5.117685e-01,2.885777e-01,8.786860e-01,1.355414e-01,7.831979e-03,-6.849108e-03,2.016404e-02,7.127032e-02
6.33000,0.707881,0.644246,5.110826e-01,2.881276e-01,8.787933e-01,1.355261e-01,7.800457e-03,-6.866393e-03,2.016620e-02,7.123692e-02
6.33250,0.707703,0.643769,5.103978e-01,2.876782e-01,8.789035e-01,1.355108e-01,7.768535e-03,-6.884670e-03,2.016834e-02,7.120364e-02
6.33500,0.707524,0.643293,5.097140e-01,2.872295e-01,8.790173e-01,1.354955e-01,7.737754e-03,-6.903379e-03,2.017052e-02,7.117048e-02
6.33750,0.707345,0.642817,5.090312e-01,2.867816e-01,8.791349e-01,1.354803e-01,7.709055e-03,-6.921766e-03,2.017280e-02,7.113744e-02
6.34000,0.707164,0.642342,5.083494e-01,2.863343e-01,8.792551e-01,1.354650e-01,7.679755e-03,-6.940525e-03,2.017517e-02,7.110452e-02
6.34250,0.706983,0.641868,5.076729e-01,2.858879e-01,8.793790e-01,1.354498e-01,7.649319e-03,-6.957535e-03,2.017762e-02,7.107173e-02
6.34500,0.706802,0.641394,5.070033e-01,2.854421e-01,8.795041e-01,1.354346e-01,7.617750e-03,-6.977149e-03,2.018005e-02,7.103907e-02
6.34750,0.706619,0.640921,5.063347e-01,2.849971e-01,8.796302e-01,1.354194e-01,7.586731e-03,-6.997432e-03,2.018247e-02,7.100654e-02
6.35000,0.706436,0.640449,5.056670e-01,2.845528e-01,8.797587e-01,1.354043e-01,7.557415e-03,-7.016640e-03,2.018503e-02,7.097414e-02
6.35250,0.706252,0.639977,5.050002e-01,2.841092e-01,8.798891e-01,1.353892e-01,7.530160e-03,-7.034167e-03,2.018779e-02,7.094186e-02
6.35500,0.706067,0.639506,5.043343e-01,2.836664e-01,8.800220e-01,1.353740e-01,7.502460e-03,-7.051845e-03,2.019066e-02,7.090971e-02
6.35750,0.705881,0.639036,5.036692e-01,2.832243e-01,8.801580e-01,1.353589e-01,7.474573e-03,-7.071291e-03,2.019357e-02,7.087770e-02
6.36000,0.705695,0.638566,5.030050e-01,2.827830e-01,8.802974e-01,1.353439e-01,7.448029e-03,-7.089050e-03,2.019653e-02,7.084580e-02
6.36250,0.705508,0.638098,5.023417e-01,2.823424e-01,8.804389e-01,1.353288e-01,7.421421e-03,-7.105043e-03,2.019956e-02,7.081403e-02
6.36500,0.705320,0.637629,5.016793e-01,2.819025e-01,8.805835e-01,1.353138e-01,7.394815e-03,-7.120664e-03,2.020259e-02,7.078237e-02
6.36750,0.705131,0.637162,5.010178e-01,2.814634e-01,8.807289e-01,1.352988e-01,7.368002e-03,-7.137550e-03,2.020559e-02,7.075083e-02
6.37000,0.704942,0.636695,5.003571e-01,2.810251e-01,8.808752e-01,1.352838e-01,7.339449e-03,-7.153865e-03,2.020855e-02,7.071941e-02
6.37250,0.704752,0.636229,4.996974e-01,2.805875e-01,8.810232e-01,1.352688e-01,7.310192e-03,-7.168885e-03,2.021150e-02,7.068810e-02
6.37500,0.704561,0.635764,4.990385e-01,2.801506e-01,8.811742e-01,1.352538e-01,7.281032e-03,-7.184285e-03,2.021444e-02,7.065691e-02
6.37750,0.704370,0.635299,4.983804e-01,2.797145e-01,8.813271e-01,1.352389e-01,7.252098e-03,-7.201048e-03,2.021733e-02,7.062582e-02
6.38000,0.704178,0.634836,4.977231e-01,2.792792e-01,8.814825e-01,1.352239e-01,7.222993e-03,-7.218504e-03,2.022026e-02,7.059485e-02
6.38250,0.703985,0.634372,4.970667e-01,2.788446e-01,8.816405e-01,1.352090e-01,7.195628e-03,-7.233914e-03,2.022333e-02,7.056399e-02
6.38500,0.703791,0.633910,4.964112e-01,2.784108e-01,8.817999e-01,1.351941e-01,7.168682e-03,-7.249918e-03,2.022651e-02,7.053325e-02
6.38750,0.703597,0.633448,4.957566e-01,2.779777e-01,8.819611e-01,1.351793e-01,7.142145e-03,-7.266835e-03,2.022973e-02,7.050263e-02
6.39000,0.703402,0.632987,4.951030e-01,2.775455e-01,8.821230e-01,1.351645e-01,7.115072e-03,-7.285125e-03,2.023293e-02,7.047212e-02
6.39250,0.703206,0.632527,4.944502e-01,2.771139e-01,8.822850e-01,1.351496e-01,7.087366e-03,-7.301351e-03,2.023618e-02,7.044174e-02
6.39500,0.703009,0.632067,4.937983e-01,2.766832e-01,8.824476e-01,1.351349e-01,7.061111e-03,-7.314642e-03,2.023959e-02,7.041147e-02
6.39750,0.702812,0.631609,4.931473e-01,2.762532e-01,8.826129e-01,1.351201e-01,7.036100e-03,-7.328221e-03,2.024317e-02,7.038131e-02
6.40000,0.702614,0.631150,4.924971e-01,2.758240e-01,8.827799e-01,1.351054e-01,7.010796e-03,-7.341935e-03,2.024683e-02,7.035128e-02
6.40250,0.702416,0.630693,4.918477e-01,2.753955e-01,8.829490e-01,1.350907e-01,6.983451e-03,-7.355482e-03,2.025050e-02,7.032136e-02
6.40500,0.702216,0.630236,4.911992e-01,2.749678e-01,8.831209e-01,1.350760e-01,6.957131e-03,-7.367233e-03,2.025420e-02,7.029154e-02
6.40750,0.702016,0.629780,4.905516e-01,2.745409e-01,8.832948e-01,1.350613e-01,6.932211e-03,-7.377924e-03,2.025798e-02,7.026184e-02
6.41000,0.701816,0.629325,4.899049e-01,2.741148e-01,8.834701e-01,1.350467e-01,6.908834e-03,-7.388053e-03,2.026185e-02,7.023225e-02
6.41250,0.701614,0.628871,4.892590e-01,2.736895e-01,8.836469e-01,1.350321e-01,6.884778e-03,-7.399206e-03,2.026570e-02,7.020277e-02
6.41500,0.701412,0.628417,4.886141e-01,2.732649e-01,8.838232e-01,1.350175e-01,6.858949e-03,-7.411589e-03,2.026947e-02,7.017339e-02
6.41750,0.701209,0.627964,4.879699e-01,2.728411e-01,8.839994e-01,1.350029e-01,6.834561e-03,-7.423064e-03,2.027325e-02,7.014412e-02
6.42000,0.701006,0.627512,4.873266e-01,2.724181e-01,8.841769e-01,1.349884e-01,6.811027e-03,-7.433883e-03,2.027707e-02,7.011495e-02
6.42250,0.700802,0.627060,4.866841e-01,2.719959e-01,8.843560e-01,1.349738e-01,6.787619e-03,-7.444300e-03,2.028089e-02,7.008589e-02
6.42500,0.700597,0.626609,4.860424e-01,2.715745e-01,8.845364e-01,1.349593e-01,6.763079e-03,-7.455049e-03,2.028469e-02,7.005692e-02
6.42750,0.700391,0.626159,4.854014e-01,2.711538e-01,8.847187e-01,1.349449e-01,6.737670e-03,-7.466527e-03,2.028849e-02,7.002807e-02
6.43000,0.700185,0.625710,4.847613e-01,2.707340e-01,8.849027e-01,1.349304e-01,6.712468e-03,-7.477664e-03,2.029238e-02,6.999931e-02
6.43250,0.699978,0.625261,4.841220e-01,2.703149e-01,8.850874e-01,1.349160e-01,6.687686e-03,-7.488951e-03,2.029635e-02,6.997067e-02
6.43500,0.699771,0.624813,4.834835e-01,2.698966e-01,8.852729e-01,1.349016e-01,6.663713e-03,-7.500199e-03,2.030037e-02,6.994213e-02
6.43750,0.699563,0.624366,4.828458e-01,2.694791e-01,8.854583e-01,1.348873e-01,6.639740e-03,-7.512284e-03,2.030438e-02,6.991369e-02
6.44000,0.699354,0.623920,4.822088e-01,2.690624e-01,8.856427e-01,1.348729e-01,6.615776e-03,-7.524615e-03,2.030839e-02,6.988536e-02
6.44250,0.699145,0.623474,4.815727e-01,2.686465e-01,8.858268e-01,1.348586e-01,6.594788e-03,-7.535933e-03,2.031255e-02,6.985714e-02
6.44500,0.698934,0.623029,4.809372e-01,2.682314e-01,8.860124e-01,1.348443e-01,6.573849e-03,-7.546605e-03,2.031683e-02,6.982903e-02
6.44750,0.698724,0.622585,4.803024e-01,2.678171e-01,8.861988e-01,1.348300e-01,6.552804e-03,-7.556678e-03,2.032118e-02,6.980102e-02
6.45000,0.698512,0.622142,4.796684e-01,2.674036e-01,8.863866e-01,1.348158e-01,6.532009e-03,-7.565455e-03,2.032558e-02,6.977312e-02
6.45250,0.698300,0.621699,4.790351e-01,2.669909e-01,8.865759e-01,1.348016e-01,6.511746e-03,-7.573105e-03,2.033000e-02,6.974531e-02
6.45500,0.698087,0.621257,4.784025e-01,2.665789e-01,8.867660e-01,1.347874e-01,6.491186e-03,-7.580266e-03,2.033440e-02,6.971761e-02
6.45750,0.697874,0.620816,4.777707e-01,2.661678e-01,8.869559e-01,1.347733e-01,6.469668e-03,-7.587967e-03,2.033878e-02,6.969000e-02
6.46000,0.697660,0.620376,4.771396e-01,2.657575e-01,8.871461e-01,1.347591e-01,6.447885e-03,-7.596047e-03,2.034314e-02,6.966249e-02
6.46250,0.697445,0.619936,4.765092e-01,2.653480e-01,8.873350e-01,1.347450e-01,6.425211e-03,-7.604048e-03,2.034744e-02,6.963508e-02
6.46500,0.697230,0.619497,4.758795e-01,2.649393e-01,8.875226e-01,1.347309e-01,6.403072e-03,-7.612575e-03,2.035171e-02,6.960777e-02
6.46750,0.697014,0.619059,4.752505e-01,2.645313e-01,8.877100e-01,1.347168e-01,6.382577e-03,-7.621011e-03,2.035598e-02,6.958055e-02
6.47000,0.696797,0.618622,4.746222e-01,2.641242e-01,8.878988e-01,1.347028e-01,6.362192e-03,-7.630521e-03,2.036021e-02,6.955342e-02
6.47250,0.696580,0.618185,4.739944e-01,2.637179e-01,8.880885e-01,1.346888e-01,6.340506e-03,-7.640060e-03,2.036445e-02,6.952640e-02
6.47500,0.696362,0.617749,4.733674e-01,2.633124e-01,8.882801e-01,1.346748e-01,6.320213e-03,-7.648825e-03,2.036878e-02,6.949947e-02
6.47750,0.696144,0.617314,4.727411e-01,2.629078e-01,8.884737e-01,1.346609e-01,6.301195e-03,-7.656861e-03,2.037318e-02,6.947264e-02
6.48000,0.695925,0.616880,4.721154e-01,2.625039e-01,8.886686e-01,1.346469e-01,6.281903e-03,-7.664957e-03,2.037762e-02,6.944591e-02
6.48250,0.695705,0.616446,4.714905e-01,2.621008e-01,8.888630e-01,1.346331e-01,6.261726e-03,-7.673992e-03,2.038205e-02,6.941927e-02
6.48500,0.695484,0.616013,4.708663e-01,2.616985e-01,8.890582e-01,1.346192e-01,6.241450e-03,-7.684097e-03,2.038649e-02,6.939273e-02
6.48750,0.695263,0.615581,4.702429e-01,2.612971e-01,8.892526e-01,1.346053e-01,6.219927e-03,-7.694452e-03,2.039097e-02,6.936629e-02
6.49000,0.695042,0.615150,4.696201e-01,2.608965e-01,8.894465e-01,1.345915e-01,6.197804e-03,-7.703909e-03,2.039555e-02,6.933994e-02
6.49250,0.694819,0.614719,4.689980e-01,2.604966e-01,8.896411e-01,1.345777e-01,6.176829e-03,-7.712776e-03,2.040021e-02,6.931370e-02
6.49500,0.694597,0.614289,4.683765e-01,2.600976e-01,8.898383e-01,1.345640e-01,6.157200e-03,-7.720891e-03,2.040493e-02,6.928755e-02
6.49750,0.694373,0.613860,4.677557e-01,2.596994e-01,8.900372e-01,1.345503e-01,6.137797e-03,-7.727621e-03,2.040971e-02,6.926150e-02
6.50000,0.694149,0.613432,4.671356e-01,2.593021e-01,8.902384e-01,1.345366e-01,6.118598e-03,-7.733782e-03,2.041449e-02,6.923554e-02
6.50250,0.693924,0.613005,4.665163e-01,2.589055e-01,8.904416e-01,1.345229e-01,6.099179e-03,-7.739636e-03,2.041929e-02,6.920967e-02
6.50500,0.693699,0.612578,4.658976e-01,2.585098e-01,8.906460e-01,1.345093e-01,6.078931e-03,-7.745103e-03,2.042408e-02,6.918389e-02
6.50750,0.693473,0.612152,4.652796e-01,2.581149e-01,8.908503e-01,1.344957e-01,6.058234e-03,-7.750591e-03,2.042885e-02,6.915820e-02
6.51000,0.693246,0.611727,4.646623e-01,2.577208e-01,8.910548e-01,1.344821e-01,6.038121e-03,-7.755823e-03,2.043356e-02,6.913259e-02
6.51250,0.693019,0.611302,4.640457e-01,2.573275e-01,8.912584e-01,1.344685e-01,6.019548e-03,-7.760597e-03,2.043831e-02,6.910708e-02
6.51500,0.692792,0.610879,4.634298e-01,2.569350e-01,8.914608e-01,1.344550e-01,6.000454e-03,-7.765584e-03,2.044307e-02,6.908165e-02
6.51750,0.692563,0.610456,4.628144e-01,2.565434e-01,8.916634e-01,1.344415e-01,5.979221e-03,-7.771204e-03,2.044778e-02,6.905631e-02
6.52000,0.692334,0.610034,4.621997e-01,2.561526e-01,8.918678e-01,1.344280e-01,5.957113e-03,-7.777618e-03,2.045245e-02,6.903105e-02
6.52250,0.692105,0.609612,4.615856e-01,2.557626e-01,8.920736e-01,1.344146e-01,5.935881e-03,-7.783728e-03,2.045716e-02,6.900589e-02
6.52500,0.691875,0.609192,4.609721e-01,2.553735e-01,8.922810e-01,1.344012e-01,5.916105e-03,-7.789414e-03,2.046192e-02,6.898082e-02
6.52750,0.691644,0.608772,4.603593e-01,2.549851e-01,8.924899e-01,1.343878e-01,5.897390e-03,-7.794393e-03,2.046673e-02,6.895583e-02
6.53000,0.691413,0.608353,4.597471e-01,2.545976e-01,8.926998e-01,1.343745e-01,5.880307e-03,-7.798267e-03,2.047163e-02,6.893093e-02
6.53250,0.691181,0.607935,4.591355e-01,2.542110e-01,8.929097e-01,1.343611e-01,5.862367e-03,-7.803199e-03,2.047655e-02,6.890612e-02
6.53500,0.690948,0.607517,4.585245e-01,2.538251e-01,8.931195e-01,1.343478e-01,5.842965e-03,-7.808656e-03,2.048144e-02,6.888139e-02
6.53750,0.690715,0.607101,4.579141e-01,2.534401e-01,8.933289e-01,1.343346e-01,5.825065e-03,-7.813641e-03,2.048636e-02,6.885676e-02
6.54000,0.690482,0.606685,4.573043e-01,2.530559e-01,8.935369e-01,1.343214e-01,5.809544e-03,-7.817042e-03,2.049144e-02,6.883221e-02
6.54250,0.690247,0.606269,4.566950e-01,2.526725e-01,8.937442e-01,1.343082e-01,5.794436e-03,-7.820605e-03,2.049657e-02,6.880774e-02
6.54500,0.690013,0.605855,4.560862e-01,2.522900e-01,8.939524e-01,1.342950e-01,5.779340e-03,-7.824422e-03,2.050171e-02,6.878336e-02
6.54750,0.689777,0.605441,4.554780e-01,2.519083e-01,8.941617e-01,1.342819e-01,5.764238e-03,-7.828879e-03,2.050686e-02,6.875907e-02
6.55000,0.689541,0.605029,4.548703e-01,2.515274e-01,8.943715e-01,1.342687e-01,5.747319e-03,-7.833673e-03,2.051200e-02,6.873486e-02
6.55250,0.689305,0.604617,4.542632e-01,2.511474e-01,8.945824e-01,1.342557e-01,5.730345e-03,-7.838547e-03,2.051707e-02,6.871074e-02
6.55500,0.689068,0.604205,4.536566e-01,2.507682e-01,8.947934e-01,1.342426e-01,5.714176e-03,-7.843288e-03,2.052210e-02,6.868670e-02
6.55750,0.688830,0.603795,4.530506e-01,2.503898e-01,8.950039e-01,1.342296e-01,5.699382e-03,-7.847240e-03,2.052713e-02,6.866274e-02
6.56000,0.688592,0.603385,4.524452e-01,2.500122e-01,8.952125e-01,1.342166e-01,5.684960e-03,-7.851110e-03,2.053215e-02,6.863886e-02
6.56250,0.688353,0.602976,4.518403e-01,2.496355e-01,8.954197e-01,1.342036e-01,5.669260e-03,-7.855398e-03,2.053710e-02,6.861507e-02
6.56500,0.688114,0.602568,4.512359e-01,2.492597e-01,8.956245e-01,1.341906e-01,5.652896e-03,-7.859013e-03,2.054203e-02,6.859135e-02
6.56750,0.687874,0.602160,4.506321e-01,2.488846e-01,8.958270e-01,1.341777e-01,5.636701e-03,-7.862186e-03,2.054697e-02,6.856772e-02
6.57000,0.687633,0.601754,4.500288e-01,2.485104e-01,8.960283e-01,1.341648e-01,5.619990e-03,-7.866240e-03,2.055190e-02,6.854416e-02
6.57250,0.687392,0.601348,4.494260e-01,2.481370e-01,8.962301e-01,1.341520e-01,5.603406e-03,-7.870160e-03,2.055686e-02,6.852068e-02
6.57500,0.687151,0.600943,4.488237e-01,2.477645e-01,8.964318e-01,1.341391e-01,5.587590e-03,-7.873385e-03,2.056188e-02,6.849729e-02
6.57750,0.686908,0.600539,4.482220e-01,2.473928e-01,8.966340e-01,1.341263e-01,5.571383e-03,-7.876754e-03,2.056693e-02,6.847397e-02
6.58000,0.686666,0.600135,4.476209e-01,2.470219e-01,8.968360e-01,1.341136e-01,5.552414e-03,-7.881763e-03,2.057194e-02,6.845074e-02
6.58250,0.686422,0.599733,4.470204e-01,2.466519e-01,8.970374e-01,1.341008e-01,5.532628e-03,-7.886990e-03,2.057691e-02,6.842759e-02
6.58500,0.686178,0.599331,4.464204e-01,2.462827e-01,8.972372e-01,1.340881e-01,5.514201e-03,-7.891852e-03,2.058190e-02,6.840453e-02
6.58750,0.685934,0.598929,4.458209e-01,2.459143e-01,8.974350e-01,1.340754e-01,5.496519e-03,-7.895652e-03,2.058693e-02,6.838155e-02
6.59000,0.685689,0.598529,4.452220e-01,2.455468e-01,8.976317e-01,1.340628e-01,5.480133e-03,-7.898705e-03,2.059201e-02,6.835865e-02
6.59250,0.685444,0.598130,4.446236e-01,2.451801e-01,8.978263e-01,1.340502e-01,5.465376e-03,-7.900033e-03,2.059719e-02,6.833583e-02
6.59500,0.685198,0.597731,4.440257e-01,2.448143e-01,8.980196e-01,1.340376e-01,5.450907e-03,-7.902009e-03,2.060241e-02,6.831309e-02
6.59750,0.684951,0.597333,4.434283e-01,2.444493e-01,8.982139e-01,1.340251e-01,5.434490e-03,-7.905023e-03,2.060759e-02,6.829043e-02
6.60000,0.684704,0.596935,4.428314e-01,2.440851e-01,8.984107e-01,1.340125e-01,5.419472e-03,-7.906833e-03,2.061279e-02,6.826785e-02
6.60250,0.684456,0.596539,4.422350e-01,2.437218e-01,8.986095e-01,1.340001e-01,5.405241e-03,-7.907118e-03,2.061804e-02,6.824534e-02
6.60500,0.684208,0.596143,4.416391e-01,2.433593e-01,8.988105e-01,1.339876e-01,5.392353e-03,-7.907251e-03,2.062333e-02,6.822291e-02
6.60750,0.683959,0.595749,4.410437e-01,2.429977e-01,8.990128e-01,1.339752e-01,5.378529e-03,-7.908286e-03,2.062860e-02,6.820055e-02
6.61000,0.683710,0.595354,4.404488e-01,2.426369e-01,8.992159e-01,1.339628e-01,5.362841e-03,-7.908729e-03,2.063385e-02,6.817826e-02
6.61250,0.683460,0.594961,4.398544e-01,2.422770e-01,8.994184e-01,1.339505e-01,5.345298e-03,-7.909956e-03,2.063904e-02,6.815605e-02
6.61500,0.683210,0.594569,4.392604e-01,2.419179e-01,8.996200e-01,1.339381e-01,5.326768e-03,-7.911795e-03,2.064417e-02,6.813392e-02
6.61750,0.682959,0.594177,4.386669e-01,2.415596e-01,8.998212e-01,1.339258e-01,5.309202e-03,-7.913928e-03,2.064929e-02,6.811186e-02
6.62000,0.682708,0.593786,4.380737e-01,2.412022e-01,9.000211e-01,1.339136e-01,5.292172e-03,-7.915217e-03,2.065439e-02,6.808988e-02
6.62250,0.682456,0.593396,4.374810e-01,2.408456e-01,9.002203e-01,1.339013e-01,5.276532e-03,-7.915989e-03,2.065947e-02,6.806796e-02
6.62500,0.682203,0.593006,4.368887e-01,2.404899e-01,9.004201e-01,1.338891e-01,5.261293e-03,-7.916994e-03,2.066457e-02,6.804612e-02
6.62750,0.681950,0.592618,4.362969e-01,2.401350e-01,9.006218e-01,1.338769e-01,5.246448e-03,-7.919086e-03,2.066971e-02,6.802436e-02
6.63000,0.681697,0.592230,4.357054e-01,2.397810e-01,9.008249e-01,1.338648e-01,5.232391e-03,-7.920662e-03,2.067487e-02,6.800266e-02
6.63250,0.681443,0.591843,4.351144e-01,2.394278e-01,9.010291e-01,1.338527e-01,5.218935e-03,-7.922963e-03,2.068003e-02,6.798105e-02
6.63500,0.681188,0.591457,4.345239e-01,2.390754e-01,9.012336e-01,1.338406e-01,5.205946e-03,-7.925365e-03,2.068519e-02,6.795950e-02
6.63750,0.680933,0.591071,4.339338e-01,2.387239e-01,9.014380e-01,1.338285e-01,5.193462e-03,-7.926455e-03,2.069037e-02,6.793803e-02
6.64000,0.680678,0.590687,4.333441e-01,2.383733e-01,9.016412e-01,1.338165e-01,5.181219e-03,-7.927312e-03,2.069552e-02,6.791663e-02
6.64250,0.680422,0.590303,4.327548e-01,2.380235e-01,9.018430e-01,1.338045e-01,5.168806e-03,-7.928683e-03,2.070067e-02,6.789531e-02
6.64500,0.680165,0.589920,4.321659e-01,2.376745e-01,9.020442e-01,1.337925e-01,5.154677e-03,-7.930768e-03,2.070584e-02,6.787406e-02
6.64750,0.679908,0.589537,4.315775e-01,2.373264e-01,9.022440e-01,1.337806e-01,5.141667e-03,-7.932023e-03,2.071106e-02,6.785289e-02
6.65000,0.679650,0.589156,4.309894e-01,2.369791e-01,9.024425e-01,1.337687e-01,5.129588e-03,-7.932691e-03,2.071630e-02,6.783179e-02
6.65250,0.679392,0.588775,4.304018e-01,2.366327e-01,9.026407e-01,1.337568e-01,5.118475e-03,-7.932906e-03,2.072156e-02,6.781076e-02
6.65500,0.679133,0.588395,4.298146e-01,2.362871e-01,9.028394e-01,1.337450e-01,5.106859e-03,-7.932951e-03,2.072682e-02,6.778980e-02
6.65750,0.678874,0.588016,4.292278e-01,2.359424e-01,9.030388e-01,1.337331e-01,5.095384e-03,-7.932446e-03,2.073207e-02,6.776891e-02
6.66000,0.678615,0.587638,4.286415e-01,2.355985e-01,9.032380e-01,1.337214e-01,5.083671e-03,-7.932489e-03,2.073732e-02,6.774809e-02
6.66250,0.678354,0.587260,4.280556e-01,2.352555e-01,9.034367e-01,1.337096e-01,5.069866e-03,-7.934841e-03,2.074251e-02,6.772735e-02
6.66500,0.678094,0.586883,4.274701e-01,2.349133e-01,9.036343e-01,1.336979e-01,5.054932e-03,-7.937351e-03,2.074766e-02,6.770668e-02
6.66750,0.677832,0.586507,4.268850e-01,2.345720e-01,9.038298e-01,1.336862e-01,5.040500e-03,-7.938414e-03,2.075277e-02,6.768607e-02
6.67000,0.677571,0.586132,4.263004e-01,2.342315e-01,9.040225e-01,1.336745e-01,5.026142e-03,-7.939286e-03,2.075785e-02,6.766554e-02
6.67250,0.677309,0.585758,4.257161e-01,2.338918e-01,9.042131e-01,1.336629e-01,5.010551e-03,-7.940038e-03,2.076291e-02,6.764508e-02
6.67500,0.677046,0.585384,4.251321e-01,2.335530e-01,9.044017e-01,1.336512e-01,4.994402e-03,-7.941117e-03,2.076794e-02,6.762469e-02
6.67750,0.676783,0.585011,4.245536e-01,2.332151e-01,9.045874e-01,1.336397e-01,4.977492e-03,-7.941690e-03,2.077293e-02,6.760436e-02
6.68000,0.676519,0.584639,4.239777e-01,2.328780e-01,9.047713e-01,1.336281e-01,4.960848e-03,-7.942728e-03,2.077792e-02,6.758411e-02
6.68250,0.676255,0.584268,4.234021e-01,2.325418e-01,9.049539e-01,1.336166e-01,4.944991e-03,-7.943761e-03,2.078293e-02,6.756393e-02
6.68500,0.675990,0.583897,4.228269e-01,2.322064e-01,9.051369e-01,1.336051e-01,4.930333e-03,-7.943664e-03,2.078797e-02,6.754382e-02
6.68750,0.675725,0.583528,4.222519e-01,2.318718e-01,9.053199e-01,1.335937e-01,4.918231e-03,-7.941616e-03,2.079310e-02,6.752377e-02
6.69000,0.675459,0.583159,4.216773e-01,2.315382e-01,9.055028e-01,1.335822e-01,4.906866e-03,-7.939494e-03,2.079827e-02,6.750379e-02
6.69250,0.675193,0.582791,4.211031e-01,2.312053e-01,9.056859e-01,1.335708e-01,4.894924e-03,-7.939507e-03,2.080345e-02,6.748388e-02
6.69500,0.674926,0.582423,4.205291e-01,2.308733e-01,9.058688e-01,1.335595e-01,4.881815e-03,-7.940299e-03,2.080861e-02,6.746404e-02
6.69750,0.674659,0.582057,4.199556e-01,2.305422e-01,9.060509e-01,1.335482e-01,4.868235e-03,-7.940168e-03,2.081377e-02,6.744426e-02
6.70000,0.674392,0.581691,4.193823e-01,2.302119e-01,9.062320e-01,1.335369e-01,4.855869e-03,-7.939522e-03,2.081895e-02,6.742455e-02
6.70250,0.674124,0.581326,4.188095e-01,2.298825e-01,9.064134e-01,1.335256e-01,4.843674e-03,-7.938671e-03,2.082415e-02,6.740492e-02
6.70500,0.673855,0.580962,4.182370e-01,2.295539e-01,9.065945e-01,1.335144e-01,4.832046e-03,-7.937324e-03,2.082936e-02,6.738535e-02
6.70750,0.673586,0.580598,4.176649e-01,2.292262e-01,9.067752e-01,1.335032e-01,4.820791e-03,-7.934640e-03,2.083457e-02,6.736584e-02
6.71000,0.673316,0.580236,4.170931e-01,2.288993e-01,9.069565e-01,1.334920e-01,4.808964e-03,-7.932818e-03,2.083976e-02,6.734640e-02
6.71250,0.673046,0.579874,4.165216e-01,2.285733e-01,9.071391e-01,1.334809e-01,4.795833e-03,-7.932364e-03,2.084490e-02,6.732703e-02
6.71500,0.672776,0.579513,4.159504e-01,2.282482e-01,9.073238e-01,1.334698e-01,4.782430e-03,-7.931772e-03,2.084999e-02,6.730772e-02
6.71750,0.672505,0.579153,4.153795e-01,2.279238e-01,9.075088e-01,1.334587e-01,4.770593e-03,-7.929605e-03,2.085506e-02,6.728848e-02
6.72000,0.672234,0.578793,4.148088e-01,2.276004e-01,9.076937e-01,1.334476e-01,4.759780e-03,-7.927635e-03,2.086013e-02,6.726931e-02
6.72250,0.671962,0.578435,4.142384e-01,2.272778e-01,9.078784e-01,1.334366e-01,4.748510e-03,-7.926707e-03,2.086516e-02,6.725019e-02
6.72500,0.671689,0.578077,4.136683e-01,2.269560e-01,9.080622e-01,1.334256e-01,4.737573e-03,-7.925616e-03,2.087015e-02,6.723115e-02
6.72750,0.671416,0.577720,4.130984e-01,2.266351e-01,9.082444e-01,1.334146e-01,4.727126e-03,-7.924576e-03,2.087512e-02,6.721216e-02
6.73000,0.671143,0.577363,4.125288e-01,2.263151e-01,9.084253e-01,1.334037e-01,4.715453e-03,-7.925163e-03,2.088007e-02,6.719324e-02
6.73250,0.670869,0.577008,4.119596e-01,2.259959e-01,9.086060e-01,1.333927e-01,4.703315e-03,-7.927041e-03,2.088502e-02,6.717439e-02
6.73500,0.670595,0.576653,4.113906e-01,2.256775e-01,9.087859e-01,1.333819e-01,4.690995e-03,-7.928493e-03,2.088994e-02,6.715560e-02
6.73750,0.670320,0.576299,4.108219e-01,2.253601e-01,9.089654e-01,1.333710e-01,4.679111e-03,-7.928638e-03,2.089488e-02,6.713687e-02
6.74000,0.670045,0.575946,4.102535e-01,2.250434e-01,9.091447e-01,1.333602e-01,4.666664e-03,-7.929144e-03,2.089983e-02,6.711821e-02
6.74250,0.669769,0.575594,4.096853e-01,2.247276e-01,9.093247e-01,1.333493e-01,4.653032e-03,-7.929985e-03,2.090479e-02,6.709961e-02
6.74500,0.669493,0.575242,4.091173e-01,2.244127e-01,9.095055e-01,1.333386e-01,4.639534e-03,-7.930379e-03,2.090976e-02,6.708108e-02
6.74750,0.669216,0.574891,4.085496e-01,2.240986e-01,9.096860e-01,1.333278e-01,4.625908e-03,-7.930444e-03,2.091473e-02,6.706261e-02
6.75000,0.668939,0.574541,4.079821e-01,2.237854e-01,9.098655e-01,1.333171e-01,4.612056e-03,-7.929930e-03,2.091972e-02,6.704421e-02
6.75250,0.668662,0.574192,4.074149e-01,2.234730e-01,9.100438e-01,1.333064e-01,4.598934e-03,-7.929670e-03,2.092468e-02,6.702587e-02
6.75500,0.668384,0.573843,4.068479e-01,2.231615e-01,9.102205e-01,1.332958e-01,4.586379e-03,-7.928885e-03,2.092961e-02,6.700760e-02
6.75750,0.668105,0.573496,4.062812e-01,2.228509e-01,9.103947e-01,1.332851e-01,4.574704e-03,-7.926999e-03,2.093452e-02,6.698939e-02
6.76000,0.667827,0.573149,4.057148e-01,2.225411e-01,9.105663e-01,1.332745e-01,4.563073e-03,-7.925686e-03,2.093944e-02,6.697125e-02
6.76250,0.667547,0.572803,4.051486e-01,2.222322e-01,9.107361e-01,1.332640e-01,4.552161e-03,-7.924527e-03,2.094439e-02,6.695317e-02
6.76500,0.667267,0.572458,4.045828e-01,2.219241e-01,9.109039e-01,1.332534e-01,4.541627e-03,-7.922827e-03,2.094934e-02,6.693515e-02
6.76750,0.666987,0.572113,4.040172e-01,2.216168e-01,9.110695e-01,1.332430e-01,4.531268e-03,-7.919796e-03,2.095429e-02,6.691720e-02
6.77000,0.666706,0.571769,4.034518e-01,2.213105e-01,9.112333e-01,1.332325e-01,4.520876e-03,-7.916139e-03,2.095926e-02,6.689931e-02
6.77250,0.666425,0.571426,4.028867e-01,2.210050e-01,9.113958e-01,1.332220e-01,4.510008e-03,-7.912948e-03,2.096420e-02,6.688148e-02
6.77500,0.666144,0.571084,4.023217e-01,2.207003e-01,9.115581e-01,1.332116e-01,4.498303e-03,-7.910485e-03,2.096911e-02,6.686371e-02
6.77750,0.665862,0.570743,4.017570e-01,2.203965e-01,9.117196e-01,1.332012e-01,4.486041e-03,-7.907902e-03,2.097401e-02,6.684600e-02
6.78000,0.665579,0.570402,4.011924e-01,2.200936e-01,9.118804e-01,1.331909e-01,4.473228e-03,-7.905284e-03,2.097889e-02,6.682836e-02
6.78250,0.665296,0.570063,4.006281e-01,2.197915e-01,9.120411e-01,1.331806e-01,4.460072e-03,-7.903925e-03,2.098376e-02,6.681077e-02
6.78500,0.665013,0.569724,4.000639e-01,2.194903e-01,9.122018e-01,1.331703e-01,4.447068e-03,-7.903880e-03,2.098860e-02,6.679325e-02
6.78750,0.664729,0.569385,3.995000e-01,2.191899e-01,9.123621e-01,1.331600e-01,4.434298e-03,-7.904334e-03,2.099340e-02,6.677579e-02
6.79000,0.664445,0.569048,3.989363e-01,2.188904e-01,9.125217e-01,1.331498e-01,4.422583e-03,-7.903701e-03,2.099818e-02,6.675839e-02
6.79250,0.664160,0.568711,3.983728e-01,2.185917e-01,9.126813e-01,1.331395e-01,4.411258e-03,-7.902675e-03,2.100293e-02,6.674105e-02
6.79500,0.663875,0.568375,3.978096e-01,2.182939e-01,9.128412e-01,1.331294e-01,4.401006e-03,-7.901208e-03,2.100765e-02,6.672378e-02
6.79750,0.663589,0.568040,3.972465e-01,2.179970e-01,9.130013e-01,1.331192e-01,4.391771e-03,-7.899421e-03,2.101235e-02,6.670656e-02
6.80000,0.663303,0.567706,3.966837e-01,2.177009e-01,9.131614e-01,1.331091e-01,4.381682e-03,-7.897464e-03,2.101703e-02,6.668940e-02
6.80250,0.663017,0.567373,3.961210e-01,2.174057e-01,9.133215e-01,1.330989e-01,4.371324e-03,-7.895664e-03,2.102169e-02,6.667230e-02
6.80500,0.662730,0.567040,3.955585e-01,2.171113e-01,9.134823e-01,1.330888e-01,4.362035e-03,-7.894140e-03,2.102638e-02,6.665526e-02
6.80750,0.662442,0.566708,3.949961e-01,2.168178e-01,9.136436e-01,1.330788e-01,4.353389e-03,-7.892456e-03,2.103109e-02,6.663828e-02
6.81000,0.662155,0.566377,3.944340e-01,2.165252e-01,9.138043e-01,1.330688e-01,4.344588e-03,-7.890663e-03,2.103581e-02,6.662135e-02
6.81250,0.661866,0.566046,3.938720e-01,2.162334e-01,9.139644e-01,1.330587e-01,4.334764e-03,-7.888429e-03,2.104055e-02,6.660448e-02
6.81500,0.661578,0.565717,3.933101e-01,2.159425e-01,9.141240e-01,1.330488e-01,4.324379e-03,-7.886576e-03,2.104531e-02,6.658767e-02
6.81750,0.661289,0.565388,3.927485e-01,2.156524e-01,9.142833e-01,1.330388e-01,4.313203e-03,-7.886057e-03,2.105006e-02,6.657093e-02
6.82000,0.660999,0.565060,3.921871e-01,2.153632e-01,9.144416e-01,1.330289e-01,4.300993e-03,-7.886073e-03,2.105478e-02,6.655424e-02
6.82250,0.660709,0.564733,3.916258e-01,2.150748e-01,9.145991e-01,1.330190e-01,4.287947e-03,-7.885209e-03,2.105949e-02,6.653761e-02
6.82500,0.660419,0.564406,3.910648e-01,2.147873e-01,9.147566e-01,1.330091e-01,4.274274e-03,-7.884059e-03,2.106420e-02,6.652104e-02
6.82750,0.660128,0.564081,3.905039e-01,2.145007e-01,9.149141e-01,1.329993e-01,4.260569e-03,-7.882714e-03,2.106889e-02,6.650454e-02
6.83000,0.659837,0.563756,3.899432e-01,2.142149e-01,9.150713e-01,1.329895e-01,4.247569e-03,-7.881132e-03,2.107357e-02,6.648809e-02
6.83250,0.659545,0.563432,3.893827e-01,2.139300e-01,9.152277e-01,1.329797e-01,4.235476e-03,-7.879724e-03,2.107824e-02,6.647171e-02
6.83500,0.659253,0.563108,3.888222e-01,2.136459e-01,9.153828e-01,1.329699e-01,4.223513e-03,-7.878209e-03,2.108290e-02,6.645538e-02
6.83750,0.658961,0.562786,3.882619e-01,2.133627e-01,9.155365e-01,1.329602e-01,4.211512e-03,-7.876597e-03,2.108753e-02,6.643911e-02
6.84000,0.658668,0.562464,3.877017e-01,2.130804e-01,9.156880e-01,1.329505e-01,4.200027e-03,-7.874693e-03,2.109215e-02,6.642290e-02
6.84250,0.658375,0.562143,3.871417e-01,2.127989e-01,9.158367e-01,1.329408e-01,4.189191e-03,-7.872886e-03,2.109676e-02,6.640675e-02
6.84500,0.658081,0.561823,3.865818e-01,2.125183e-01,9.159828e-01,1.329312e-01,4.178682e-03,-7.871167e-03,2.110134e-02,6.639066e-02
6.84750,0.657787,0.561503,3.860220e-01,2.122386e-01,9.161267e-01,1.329216e-01,4.168318e-03,-7.868909e-03,2.110591e-02,6.637462e-02
6.85000,0.657492,0.561185,3.854624e-01,2.119597e-01,9.162688e-01,1.329120e-01,4.157987e-03,-7.866264e-03,2.111044e-02,6.635865e-02
6.85250,0.657197,0.560867,3.849030e-01,2.116817e-01,9.164089e-01,1.329024e-01,4.148252e-03,-7.863747e-03,2.111495e-02,6.634272e-02
6.85500,0.656902,0.560550,3.843437e-01,2.114046e-01,9.165474e-01,1.328929e-01,4.137763e-03,-7.861235e-03,2.111943e-02,6.632686e-02
6.85750,0.656606,0.560233,3.837846e-01,2.111283e-01,9.166856e-01,1.328834e-01,4.126950e-03,-7.858456e-03,2.112390e-02,6.631105e-02
6.86000,0.656310,0.559918,3.832257e-01,2.108528e-01,9.168245e-01,1.328739e-01,4.117195e-03,-7.856235e-03,2.112836e-02,6.629530e-02
6.86250,0.656013,0.559603,3.826668e-01,2.105783e-01,9.169646e-01,1.328644e-01,4.108234e-03,-7.854262e-03,2.113280e-02,6.627960e-02
6.86500,0.655716,0.559289,3.821081e-01,2.103046e-01,9.171058e-01,1.328550e-01,4.098869e-03,-7.852776e-03,2.113723e-02,6.626396e-02
6.86750,0.655419,0.558976,3.815495e-01,2.100318e-01,9.172262e-01,1.328456e-01,4.089566e-03,-7.851585e-03,2.114164e-02,6.624838e-02
6.87000,0.655121,0.558664,3.809910e-01,2.097598e-01,9.173386e-01,1.328362e-01,4.080357e-03,-7.849533e-03,2.114606e-02,6.623285e-02
6.87250,0.654823,0.558352,3.804326e-01,2.094887e-01,9.174516e-01,1.328268e-01,4.070764e-03,-7.847552e-03,2.115048e-02,6.621738e-02
6.87500,0.654524,0.558041,3.798743e-01,2.092184e-01,9.175645e-01,1.328175e-01,4.060910e-03,-7.846102e-03,2.115487e-02,6.620196e-02
6.87750,0.654225,0.557731,3.793161e-01,2.089490e-01,9.176765e-01,1.328082e-01,4.051292e-03,-7.844858e-03,2.115925e-02,6.618661e-02
6.88000,0.653926,0.557422,3.787580e-01,2.086805e-01,9.177870e-01,1.327989e-01,4.041278e-03,-7.843292e-03,2.116360e-02,6.617130e-02
6.88250,0.653626,0.557113,3.782000e-01,2.084129e-01,9.178965e-01,1.327896e-01,4.031193e-03,-7.840960e-03,2.116793e-02,6.615606e-02
6.88500,0.653325,0.556806,3.776422e-01,2.081461e-01,9.180056e-01,1.327803e-01,4.020401e-03,-7.838704e-03,2.117227e-02,6.614086e-02
6.88750,0.653025,0.556499,3.770844e-01,2.078801e-01,9.181147e-01,1.327711e-01,4.007892e-03,-7.837113e-03,2.117657e-02,6.612573e-02
6.89000,0.652724,0.556193,3.765268e-01,2.076151e-01,9.182247e-01,1.327619e-01,3.995477e-03,-7.835801e-03,2.118089e-02,6.611065e-02
6.89250,0.652422,0.555887,3.759693e-01,2.073509e-01,9.183358e-01,1.327527e-01,3.983139e-03,-7.834697e-03,2.118523e-02,6.609563e-02
6.89500,0.652120,0.555583,3.754119e-01,2.070876e-01,9.184472e-01,1.327436e-01,3.970381e-03,-7.833564e-03,2.118959e-02,6.608066e-02
6.89750,0.651818,0.555279,3.748545e-01,2.068251e-01,9.185585e-01,1.327345e-01,3.958252e-03,-7.832402e-03,2.119395e-02,6.606575e-02
6.90000,0.651516,0.554976,3.742973e-01,2.065635e-01,9.186702e-01,1.327254e-01,3.946508e-03,-7.831582e-03,2.119833e-02,6.605089e-02
6.90250,0.651213,0.554673,3.737401e-01,2.063028e-01,9.187821e-01,1.327163e-01,3.935412e-03,-7.830706e-03,2.120271e-02,6.603609e-02
6.90500,0.650909,0.554372,3.731829e-01,2.060429e-01,9.188944e-01,1.327073e-01,3.924856e-03,-7.829512e-03,2.120709e-02,6.602134e-02
6.90750,0.650605,0.554071,3.726259e-01,2.057839e-01,9.190064e-01,1.326983e-01,3.913873e-03,-7.827422e-03,2.121145e-02,6.600664e-02
6.91000,0.650301,0.553771,3.720689e-01,2.055258e-01,9.191173e-01,1.326893e-01,3.902480e-03,-7.824755e-03,2.121577e-02,6.599200e-02
6.91250,0.649997,0.553472,3.715120e-01,2.052686e-01,9.192269e-01,1.326803e-01,3.890685e-03,-7.822489e-03,2.122006e-02,6.597742e-02
6.91500,0.649692,0.553174,3.709552e-01,2.050122e-01,9.193344e-01,1.326714e-01,3.879852e-03,-7.820053e-03,2.122430e-02,6.596289e-02
6.91750,0.649386,0.552876,3.703985e-01,2.047567e-01,9.194407e-01,1.326625e-01,3.870533e-03,-7.816935e-03,2.122851e-02,6.594841e-02
6.92000,0.649080,0.552579,3.698420e-01,2.045021e-01,9.195466e-01,1.326536e-01,3.862025e-03,-7.813104e-03,2.123269e-02,6.593398e-02
6.92250,0.648774,0.552283,3.692855e-01,2.042483e-01,9.196523e-01,1.326447e-01,3.853097e-03,-7.809834e-03,2.123684e-02,6.591961e-02
6.92500,0.648468,0.551988,3.687291e-01,2.039954e-01,9.197581e-01,1.326359e-01,3.844332e-03,-7.806965e-03,2.124097e-02,6.590529e-02
6.92750,0.648161,0.551694,3.681727e-01,2.037434e-01,9.198641e-01,1.326270e-01,3.836413e-03,-7.804623e-03,2.124510e-02,6.589102e-02
6.93000,0.647854,0.551400,3.676165e-01,2.034922e-01,9.199698e-01,1.326182e-01,3.828234e-03,-7.803132e-03,2.124923e-02,6.587681e-02
6.93250,0.647546,0.551107,3.670602e-01,2.032419e-01,9.200755e-01,1.326094e-01,3.819285e-03,-7.801754e-03,2.125333e-02,6.586264e-02
6.93500,0.647238,0.550815,3.665041e-01,2.029925e-01,9.201817e-01,1.326007e-01,3.809810e-03,-7.800738e-03,2.125742e-02,6.584853e-02
6.93750,0.646929,0.550523,3.659479e-01,2.027439e-01,9.202883e-01,1.325919e-01,3.799821e-03,-7.799720e-03,2.126150e-02,6.583447e-02
6.94000,0.646621,0.550233,3.653918e-01,2.024963e-01,9.203958e-01,1.325832e-01,3.789209e-03,-7.799206e-03,2.126555e-02,6.582046e-02
6.94250,0.646311,0.549943,3.648357e-01,2.022495e-01,9.205038e-01,1.325745e-01,3.778458e-03,-7.798079e-03,2.126959e-02,6.580651e-02
6.94500,0.646002,0.549654,3.642797e-01,2.020035e-01,9.206116e-01,1.325658e-01,3.767036e-03,-7.796162e-03,2.127362e-02,6.579261e-02
6.94750,0.645692,0.549365,3.637237e-01,2.017585e-01,9.207185e-01,1.325572e-01,3.755382e-03,-7.793917e-03,2.127764e-02,6.577876e-02
6.95000,0.645382,0.549078,3.631678e-01,2.015143e-01,9.208240e-01,1.325485e-01,3.743968e-03,-7.791728e-03,2.128166e-02,6.576497e-02
6.95250,0.645071,0.548791,3.626119e-01,2.012710e-01,9.209284e-01,1.325399e-01,3.732571e-03,-7.789698e-03,2.128568e-02,6.575123e-02
6.95500,0.644760,0.548505,3.620562e-01,2.010285e-01,9.210328e-01,1.325313e-01,3.721389e-03,-7.787919e-03,2.128970e-02,6.573753e-02
6.95750,0.644449,0.548220,3.615005e-01,2.007870e-01,9.211374e-01,1.325228e-01,3.709577e-03,-7.786317e-03,2.129370e-02,6.572390e-02
6.96000,0.644137,0.547936,3.609448e-01,2.005463e-01,9.212426e-01,1.325143e-01,3.697365e-03,-7.784562e-03,2.129767e-02,6.571031e-02
6.96250,0.643825,0.547652,3.603892e-01,2.003065e-01,9.213482e-01,1.325057e-01,3.685865e-03,-7.782691e-03,2.130162e-02,6.569678e-02
6.96500,0.643512,0.547369,3.598337e-01,2.000675e-01,9.214533e-01,1.324972e-01,3.674943e-03,-7.781348e-03,2.130557e-02,6.568330e-02
6.96750,0.643199,0.547087,3.592781e-01,1.998295e-01,9.215574e-01,1.324888e-01,3.664587e-03,-7.780413e-03,2.130951e-02,6.566987e-02
6.97000,0.642886,0.546806,3.587226e-01,1.995923e-01,9.216605e-01,1.324803e-01,3.654743e-03,-7.779288e-03,2.131348e-02,6.565649e-02
6.97250,0.642572,0.546525,3.581671e-01,1.993560e-01,9.217626e-01,1.324719e-01,3.643893e-03,-7.778396e-03,2.131744e-02,6.564316e-02
6.97500,0.642258,0.546245,3.576116e-01,1.991206e-01,9.218636e-01,1.324635e-01,3.633198e-03,-7.777736e-03,2.132139e-02,6.562988e-02
6.97750,0.641944,0.545966,3.570561e-01,1.988860e-01,9.219638e-01,1.324551e-01,3.622879e-03,-7.776858e-03,2.132534e-02,6.561665e-02
6.98000,0.641629,0.545688,3.565006e-01,1.986523e-01,9.220630e-01,1.324468e-01,3.613273e-03,-7.775623e-03,2.132928e-02,6.560348e-02
6.98250,0.641314,0.545410,3.559452e-01,1.984196e-01,9.221610e-01,1.324384e-01,3.604206e-03,-7.774270e-03,2.133324e-02,6.559035e-02
6.98500,0.640999,0.545134,3.553898e-01,1.981876e-01,9.222578e-01,1.324301e-01,3.595017e-03,-7.772305e-03,2.133721e-02,6.557727e-02
6.98750,0.640683,0.544858,3.548344e-01,1.979566e-01,9.223535e-01,1.324218e-01,3.586214e-03,-7.770236e-03,2.134117e-02,6.556424e-02
6.99000,0.640367,0.544583,3.542791e-01,1.977265e-01,9.224490e-01,1.324135e-01,3.577922e-03,-7.768365e-03,2.134509e-02,6.555125e-02
6.99250,0.640051,0.544308,3.537239e-01,1.974972e-01,9.225453e-01,1.324053e-01,3.569592e-03,-7.766347e-03,2.134899e-02,6.553832e-02
6.99500,0.639734,0.544035,3.531687e-01,1.972688e-01,9.226431e-01,1.323970e-01,3.560845e-03,-7.763495e-03,2.135286e-02,6.552543e-02
6.99750,0.639417,0.543762,3.526135e-01,1.970413e-01,9.227431e-01,1.323888e-01,3.551578e-03,-7.759624e-03,2.135669e-02,6.551259e-02
7.00000,0.639099,0.543490,3.520583e-01,1.968147e-01,9.228452e-01,1.323806e-01,3.541670e-03,-7.755844e-03,2.136047e-02,6.549980e-02
7.00250,0.638781,0.543218,3.515032e-01,1.965889e-01,9.229487e-01,1.323724e-01,3.531300e-03,-7.752872e-03,2.136421e-02,6.548705e-02
7.00500,0.638463,0.542948,3.509480e-01,1.963640e-01,9.230529e-01,1.323642e-01,3.520318e-03,-7.750461e-03,2.136791e-02,6.547436e-02
7.00750,0.638144,0.542678,3.503928e-01,1.961400e-01,9.231573e-01,1.323561e-01,3.508674e-03,-7.748070e-03,2.137157e-02,6.546172e-02
7.01000,0.637825,0.542409,3.498376e-01,1.959169e-01,9.232611e-01,1.323480e-01,3.496993e-03,-7.745502e-03,2.137524e-02,6.544913e-02
7.01250,0.637506,0.542141,3.492824e-01,1.956947e-01,9.233638e-01,1.323399e-01,3.485405e-03,-7.743605e-03,2.137892e-02,6.543658e-02
7.01500,0.637186,0.541873,3.487271e-01,1.954734e-01,9.234653e-01,1.323318e-01,3.473737e-03,-7.743038e-03,2.138261e-02,6.542409e-02
7.01750,0.636866,0.541607,3.481719e-01,1.952530e-01,9.235656e-01,1.323237e-01,3.462071e-03,-7.743194e-03,2.138630e-02,6.541164e-02
7.02000,0.636546,0.541341,3.476167e-01,1.950334e-01,9.236645e-01,1.323157e-01,3.450775e-03,-7.743127e-03,2.139000e-02,6.539925e-02
7.02250,0.636225,0.541076,3.470615e-01,1.948147e-01,9.237615e-01,1.323077e-01,3.439455e-03,-7.742010e-03,2.139370e-02,6.538690e-02
7.02500,0.635904,0.540811,3.465063e-01,1.945969e-01,9.238568e-01,1.322997e-01,3.428152e-03,-7.740218e-03,2.139740e-02,6.537460e-02
7.02750,0.635583,0.540548,3.459511e-01,1.943800e-01,9.239504e-01,1.322917e-01,3.416787e-03,-7.738754e-03,2.140108e-02,6.536234e-02
7.03000,0.635261,0.540285,3.453959e-01,1.941640e-01,9.240433e-01,1.322837e-01,3.405597e-03,-7.737712e-03,2.140474e-02,6.535013e-02
7.03250,0.634939,0.540023,3.448408e-01,1.939489e-01,9.241361e-01,1.322758e-01,3.394682e-03,-7.737143e-03,2.140840e-02,6.533797e-02
7.03500,0.634617,0.539761,3.442856e-01,1.937347e-01,9.242294e-01,1.322679e-01,3.383967e-03,-7.736692e-03,2.141206e-02,6.532586e-02
7.03750,0.634294,0.539501,3.437305e-01,1.935213e-01,9.243226e-01,1.322600e-01,3.373337e-03,-7.735811e-03,2.141573e-02,6.531379e-02
7.04000,0.633971,0.539241,3.431812e-01,1.933088e-01,9.244149e-01,1.322521e-01,3.363299e-03,-7.734678e-03,2.141938e-02,6.530177e-02
7.04250,0.633648,0.538982,3.426336e-01,1.930973e-01,9.245056e-01,1.322442e-01,3.354399e-03,-7.734046e-03,2.142302e-02,6.528980e-02
7.04500,0.633324,0.538724,3.420861e-01,1.928866e-01,9.245955e-01,1.322364e-01,3.345903e-03,-7.733400e-03,2.142663e-02,6.527787e-02
7.04750,0.633000,0.538466,3.415386e-01,1.926768e-01,9.246849e-01,1.322285e-01,3.337730e-03,-7.732324e-03,2.143023e-02,6.526599e-02
7.05000,0.632676,0.538210,3.409910e-01,1.924679e-01,9.247735e-01,1.322207e-01,3.329380e-03,-7.730576e-03,2.143382e-02,6.525415e-02
7.05250,0.632351,0.537954,3.404435e-01,1.922599e-01,9.248622e-01,1.322129e-01,3.321132e-03,-7.728126e-03,2.143738e-02,6.524235e-02
7.05500,0.632026,0.537699,3.398960e-01,1.920528e-01,9.249517e-01,1.322051e-01,3.312282e-03,-7.725624e-03,2.144092e-02,6.523060e-02
7.05750,0.631701,0.537444,3.393485e-01,1.918466e-01,9.250429e-01,1.321974e-01,3.302771e-03,-7.723442e-03,2.144444e-02,6.521890e-02
7.06000,0.631375,0.537191,3.388009e-01,1.916413e-01,9.251362e-01,1.321896e-01,3.292928e-03,-7.721762e-03,2.144794e-02,6.520724e-02
7.06250,0.631049,0.536938,3.382534e-01,1.914368e-01,9.252318e-01,1.321819e-01,3.282992e-03,-7.720455e-03,2.145143e-02,6.519563e-02
7.06500,0.630723,0.536686,3.377058e-01,1.912333e-01,9.253292e-01,1.321742e-01,3.272733e-03,-7.719398e-03,2.145494e-02,6.518407e-02
7.06750,0.630396,0.536434,3.371581e-01,1.910306e-01,9.254278e-01,1.321665e-01,3.262402e-03,-7.718201e-03,2.145846e-02,6.517255e-02
7.07000,0.630069,0.536184,3.366104e-01,1.908289e-01,9.255268e-01,1.321588e-01,3.251499e-03,-7.716970e-03,2.146199e-02,6.516107e-02
7.07250,0.629742,0.535934,3.360627e-01,1.906280e-01,9.256261e-01,1.321512e-01,3.240000e-03,-7.715654e-03,2.146551e-02,6.514964e-02
7.07500,0.629414,0.535685,3.355149e-01,1.904281e-01,9.257253e-01,1.321435e-01,3.228588e-03,-7.714061e-03,2.146903e-02,6.513825e-02
7.07750,0.629086,0.535437,3.349670e-01,1.902290e-01,9.258230e-01,1.321359e-01,3.217047e-03,-7.712527e-03,2.147254e-02,6.512691e-02
7.08000,0.628758,0.535189,3.344191e-01,1.900309e-01,9.259180e-01,1.321283e-01,3.204932e-03,-7.710166e-03,2.147602e-02,6.511561e-02
7.08250,0.628429,0.534943,3.338712e-01,1.898336e-01,9.260103e-01,1.321207e-01,3.192972e-03,-7.706948e-03,2.147947e-02,6.510436e-02
7.08500,0.628100,0.534697,3.333233e-01,1.896372e-01,9.261000e-01,1.321132e-01,3.181227e-03,-7.703280e-03,2.148288e-02,6.509315e-02
7.08750,0.627771,0.534451,3.327753e-01,1.894418e-01,9.261873e-01,1.321056e-01,3.169340e-03,-7.700130e-03,2.148627e-02,6.508198e-02
7.09000,0.627442,0.534207,3.322274e-01,1.892472e-01,9.262717e-01,1.320981e-01,3.157952e-03,-7.698184e-03,2.148962e-02,6.507085e-02
7.09250,0.627112,0.533963,3.316795e-01,1.890536e-01,9.263537e-01,1.320906e-01,3.147281e-03,-7.697288e-03,2.149295e-02,6.505977e-02
7.09500,0.626782,0.533720,3.311315e-01,1.888608e-01,9.264339e-01,1.320831e-01,3.137068e-03,-7.696873e-03,2.149627e-02,6.504873e-02
7.09750,0.626451,0.533478,3.305835e-01,1.886690e-01,9.265135e-01,1.320756e-01,3.126643e-03,-7.696671e-03,2.149960e-02,6.503774e-02
7.10000,0.626120,0.533237,3.300355e-01,1.884780e-01,9.265931e-01,1.320681e-01,3.116162e-03,-7.696397e-03,2.150294e-02,6.502679e-02
7.10250,0.625789,0.532996,3.294875e-01,1.882880e-01,9.266733e-01,1.320607e-01,3.105899e-03,-7.696261e-03,2.150629e-02,6.501588e-02
7.10500,0.625458,0.532756,3.289395e-01,1.880988e-01,9.267540e-01,1.320532e-01,3.096339e-03,-7.696549e-03,2.150966e-02,6.500501e-02
7.10750,0.625126,0.532517,3.283914e-01,1.879106e-01,9.268356e-01,1.320458e-01,3.087587e-03,-7.696928e-03,2.151303e-02,6.499418e-02
7.11000,0.624794,0.532279,3.278433e-01,1.877232e-01,9.269191e-01,1.320384e-01,3.079161e-03,-7.696753e-03,2.151640e-02,6.498340e-02
7.11250,0.624462,0.532042,3.272950e-01,1.875368e-01,9.270053e-01,1.320310e-01,3.070658e-03,-7.695863e-03,2.151978e-02,6.497265e-02
7.11500,0.624129,0.531805,3.267467e-01,1.873513e-01,9.270950e-01,1.320236e-01,3.061485e-03,-7.695046e-03,2.152314e-02,6.496195e-02
7.11750,0.623796,0.531569,3.261983e-01,1.871667e-01,9.271879e-01,1.320163e-01,3.051518e-03,-7.694833e-03,2.152648e-02,6.495129e-02
7.12000,0.623463,0.531333,3.256499e-01,1.869829e-01,9.272831e-01,1.320089e-01,3.041730e-03,-7.695038e-03,2.152979e-02,6.494067e-02
7.12250,0.623129,0.531099,3.251014e-01,1.868001e-01,9.273795e-01,1.320016e-01,3.031871e-03,-7.694774e-03,2.153308e-02,6.493009e-02
7.12500,0.622796,0.530865,3.245529e-01,1.866182e-01,9.274765e-01,1.319943e-01,3.021466e-03,-7.693236e-03,2.153634e-02,6.491955e-02
7.12750,0.622462,0.530632,3.240043e-01,1.864372e-01,9.275720e-01,1.319870e-01,3.010381e-03,-7.690702e-03,2.153957e-02,6.490905e-02
7.13000,0.622127,0.530400,3.234558e-01,1.862572e-01,9.276641e-01,1.319797e-01,2.998691e-03,-7.688088e-03,2.154279e-02,6.489859e-02
7.13250,0.621792,0.530169,3.229072e-01,1.860780e-01,9.277521e-01,1.319724e-01,2.986500e-03,-7.686133e-03,2.154599e-02,6.488818e-02
7.13500,0.621457,0.529938,3.223586e-01,1.858997e-01,9.278367e-01,1.319651e-01,2.974713e-03,-7.684607e-03,2.154919e-02,6.487781e-02
7.13750,0.621122,0.529708,3.218099e-01,1.857224e-01,9.279189e-01,1.319579e-01,2.963790e-03,-7.683801e-03,2.155240e-02,6.486747e-02
7.14000,0.620786,0.529479,3.212613e-01,1.855459e-01,9.279997e-01,1.319507e-01,2.953271e-03,-7.682910e-03,2.155562e-02,6.485718e-02
7.14250,0.620450,0.529251,3.207126e-01,1.853704e-01,9.280794e-01,1.319435e-01,2.943286e-03,-7.681445e-03,2.155885e-02,6.484693e-02
7.14500,0.620114,0.529023,3.201638e-01,1.851958e-01,9.281575e-01,1.319363e-01,2.933171e-03,-7.679636e-03,2.156208e-02,6.483672e-02
7.14750,0.619778,0.528796,3.196151e-01,1.850221e-01,9.282341e-01,1.319291e-01,2.922229e-03,-7.678239e-03,2.156530e-02,6.482655e-02
7.15000,0.619441,0.528570,3.190662e-01,1.848493e-01,9.283096e-01,1.319220e-01,2.911008e-03,-7.677456e-03,2.156849e-02,6.481641e-02
7.15250,0.619104,0.528345,3.185173e-01,1.846775e-01,9.283851e-01,1.319148e-01,2.900275e-03,-7.676483e-03,2.157164e-02,6.480632e-02
7.15500,0.618767,0.528120,3.179683e-01,1.845065e-01,9.284613e-01,1.319077e-01,2.890280e-03,-7.674877e-03,2.157477e-02,6.479627e-02
7.15750,0.618429,0.527896,3.174192e-01,1.843365e-01,9.285389e-01,1.319005e-01,2.879773e-03,-7.672780e-03,2.157786e-02,6.478625e-02
7.16000,0.618091,0.527673,3.168701e-01,1.841674e-01,9.286172e-01,1.318934e-01,2.868437e-03,-7.670778e-03,2.158093e-02,6.477627e-02
7.16250,0.617753,0.527451,3.163209e-01,1.839992e-01,9.286959e-01,1.318863e-01,2.857689e-03,-7.668999e-03,2.158400e-02,6.476633e-02
7.16500,0.617414,0.527230,3.157716e-01,1.838319e-01,9.287749e-01,1.318793e-01,2.847546e-03,-7.667476e-03,2.158709e-02,6.475643e-02
7.16750,0.617075,0.527009,3.152223e-01,1.836655e-01,9.288552e-01,1.318722e-01,2.837568e-03,-7.666848e-03,2.159023e-02,6.474656e-02
7.17000,0.616736,0.526789,3.146730e-01,1.835001e-01,9.289376e-01,1.318651e-01,2.827710e-03,-7.666999e-03,2.159343e-02,6.473673e-02
7.17250,0.616397,0.526570,3.141237e-01,1.833356e-01,9.290223e-01,1.318581e-01,2.817892e-03,-7.667472e-03,2.159666e-02,6.472694e-02
7.17500,0.616057,0.526351,3.135743e-01,1.831720e-01,9.291089e-01,1.318511e-01,2.807231e-03,-7.667776e-03,2.159989e-02,6.471718e-02
7.17750,0.615718,0.526133,3.130248e-01,1.830093e-01,9.291968e-01,1.318440e-01,2.795884e-03,-7.668016e-03,2.160308e-02,6.470746e-02
7.18000,0.615377,0.525916,3.124753e-01,1.828475e-01,9.292846e-01,1.318370e-01,2.784871e-03,-7.668397e-03,2.160625e-02,6.469778e-02
7.18250,0.615037,0.525700,3.119258e-01,1.826867e-01,9.293712e-01,1.318301e-01,2.774393e-03,-7.669079e-03,2.160940e-02,6.468813e-02
7.18500,0.614696,0.525485,3.113762e-01,1.825268e-01,9.294557e-01,1.318231e-01,2.764255e-03,-7.669483e-03,2.161250e-02,6.467852e-02
7.18750,0.614355,0.525270,3.108266e-01,1.823678e-01,9.295377e-01,1.318161e-01,2.754015e-03,-7.669497e-03,2.161556e-02,6.466895e-02
7.19000,0.614014,0.525056,3.102769e-01,1.822097e-01,9.296173e-01,1.318092e-01,2.742859e-03,-7.668873e-03,2.161856e-02,6.465942e-02
7.19250,0.613672,0.524843,3.097272e-01,1.820526e-01,9.296949e-01,1.318022e-01,2.731681e-03,-7.667594e-03,2.162150e-02,6.464993e-02
7.19500,0.613331,0.524631,3.091773e-01,1.818964e-01,9.297713e-01,1.317953e-01,2.720834e-03,-7.665609e-03,2.162442e-02,6.464047e-02
7.19750,0.612988,0.524419,3.086275e-01,1.817411e-01,9.298471e-01,1.317884e-01,2.710219e-03,-7.663822e-03,2.162733e-02,6.463105e-02
7.20000,0.612646,0.524208,3.080832e-01,1.815867e-01,9.299222e-01,1.317815e-01,2.700034e-03,-7.662959e-03,2.163027e-02,6.462167e-02
7.20250,0.612303,0.523998,3.075423e-01,1.814333e-01,9.299963e-01,1.317747e-01,2.690463e-03,-7.662558e-03,2.163324e-02,6.461232e-02
7.20500,0.611961,0.523789,3.070013e-01,1.812808e-01,9.300692e-01,1.317678e-01,2.680731e-03,-7.661650e-03,2.163621e-02,6.460300e-02
7.20750,0.611617,0.523580,3.064603e-01,1.811292e-01,9.301409e-01,1.317609e-01,2.671284e-03,-7.660087e-03,2.163919e-02,6.459373e-02
7.21000,0.611274,0.523373,3.059192e-01,1.809785e-01,9.302116e-01,1.317541e-01,2.661818e-03,-7.658484e-03,2.164217e-02,6.458448e-02
7.21250,0.610930,0.523166,3.053782e-01,1.808288e-01,9.302819e-01,1.317472e-01,2.652109e-03,-7.656696e-03,2.164513e-02,6.457527e-02
7.21500,0.610586,0.522959,3.048370e-01,1.806800e-01,9.303525e-01,1.317404e-01,2.642168e-03,-7.654684e-03,2.164806e-02,6.456609e-02
7.21750,0.610242,0.522754,3.042958e-01,1.805322e-01,9.304235e-01,1.317336e-01,2.631824e-03,-7.652903e-03,2.165098e-02,6.455695e-02
7.22000,0.609898,0.522549,3.037545e-01,1.803852e-01,9.304957e-01,1.317268e-01,2.620634e-03,-7.651569e-03,2.165389e-02,6.454784e-02
7.22250,0.609553,0.522345,3.032131e-01,1.802392e-01,9.305705e-01,1.317200e-01,2.608517e-03,-7.650482e-03,2.165680e-02,6.453877e-02
7.22500,0.609208,0.522142,3.026717e-01,1.800942e-01,9.306489e-01,1.317132e-01,2.596073e-03,-7.650048e-03,2.165972e-02,6.452973e-02
7.22750,0.608863,0.521939,3.021301e-01,1.799500e-01,9.307309e-01,1.317065e-01,2.583254e-03,-7.650168e-03,2.166265e-02,6.452072e-02
7.23000,0.608517,0.521738,3.015886e-01,1.798068e-01,9.308148e-01,1.316997e-01,2.570862e-03,-7.650505e-03,2.166561e-02,6.451175e-02
7.23250,0.608171,0.521537,3.010470e-01,1.796646e-01,9.308984e-01,1.316929e-01,2.558728e-03,-7.650787e-03,2.166857e-02,6.450281e-02
7.23500,0.607825,0.521336,3.005053e-01,1.795232e-01,9.309801e-01,1.316862e-01,2.547119e-03,-7.650781e-03,2.167142e-02,6.449390e-02
7.23750,0.607479,0.521137,2.999636e-01,1.793828e-01,9.310595e-01,1.316795e-01,2.535611e-03,-7.650706e-03,2.167451e-02,6.448503e-02
7.24000,0.607133,0.520938,2.994219e-01,1.792434e-01,9.311369e-01,1.316728e-01,2.524541e-03,-7.650504e-03,2.167754e-02,6.447619e-02
7.24250,0.606786,0.520740,2.988801e-01,1.791048e-01,9.312128e-01,1.316661e-01,2.513923e-03,-7.649917e-03,2.168051e-02,6.446737e-02
7.24500,0.606439,0.520543,2.983383e-01,1.789673e-01,9.312875e-01,1.316594e-01,2.503985e-03,-7.649320e-03,2.168344e-02,6.445859e-02
7.24750,0.606092,0.520347,2.977965e-01,1.788306e-01,9.313610e-01,1.316527e-01,2.494308e-03,-7.648814e-03,2.168633e-02,6.444985e-02
7.25000,0.605744,0.520151,2.972546e-01,1.786949e-01,9.314330e-01,1.316461e-01,2.484578e-03,-7.649031e-03,2.168919e-02,6.444113e-02
7.25250,0.605396,0.519956,2.967127e-01,1.785601e-01,9.315030e-01,1.316394e-01,2.474630e-03,-7.649386e-03,2.169203e-02,6.443246e-02
7.25500,0.605048,0.519762,2.961707e-01,1.784263e-01,9.315711e-01,1.316328e-01,2.464751e-03,-7.649370e-03,2.169485e-02,6.442381e-02
7.25750,0.604700,0.519569,2.956286e-01,1.782934e-01,9.316378e-01,1.316261e-01,2.455516e-03,-7.649427e-03,2.169766e-02,6.441519e-02
7.26000,0.604352,0.519376,2.950864e-01,1.781615e-01,9.317032e-01,1.316195e-01,2.446289e-03,-7.649516e-03,2.170047e-02,6.440661e-02
7.26250,0.604003,0.519185,2.945442e-01,1.780305e-01,9.317680e-01,1.316129e-01,2.436524e-03,-7.649740e-03,2.170328e-02,6.439806e-02
7.26500,0.603654,0.518993,2.940020e-01,1.779004e-01,9.318327e-01,1.316063e-01,2.426236e-03,-7.649812e-03,2.170609e-02,6.438954e-02
7.26750,0.603305,0.518803,2.934596e-01,1.777713e-01,9.318980e-01,1.315997e-01,2.415571e-03,-7.649449e-03,2.170889e-02,6.438105e-02
7.27000,0.602955,0.518614,2.929172e-01,1.776431e-01,9.319651e-01,1.315932e-01,2.404827e-03,-7.648356e-03,2.171167e-02,6.437260e-02
7.27250,0.602606,0.518425,2.923747e-01,1.775159e-01,9.320353e-01,1.315866e-01,2.394406e-03,-7.646803e-03,2.171446e-02,6.436417e-02
7.27500,0.602256,0.518237,2.918322e-01,1.773896e-01,9.321092e-01,1.315800e-01,2.383953e-03,-7.645307e-03,2.171724e-02,6.435577e-02
7.27750,0.601906,0.518050,2.912896e-01,1.772642e-01,9.321861e-01,1.315735e-01,2.372662e-03,-7.644271e-03,2.172002e-02,6.434741e-02
7.28000,0.601555,0.517863,2.907470e-01,1.771398e-01,9.322646e-01,1.315670e-01,2.360611e-03,-7.643407e-03,2.172280e-02,6.433907e-02
7.28250,0.601205,0.517677,2.902044e-01,1.770163e-01,9.323428e-01,1.315604e-01,2.348324e-03,-7.642546e-03,2.172557e-02,6.433077e-02
7.28500,0.600854,0.517492,2.896618e-01,1.768938e-01,9.324197e-01,1.315539e-01,2.336489e-03,-7.641516e-03,2.172833e-02,6.432249e-02
7.28750,0.600503,0.517308,2.891191e-01,1.767723e-01,9.324948e-01,1.315474e-01,2.325306e-03,-7.640621e-03,2.173107e-02,6.431425e-02
7.29000,0.600151,0.517125,2.885764e-01,1.766516e-01,9.325681e-01,1.315409e-01,2.314730e-03,-7.640352e-03,2.173380e-02,6.430603e-02
7.29250,0.599800,0.516942,2.880337e-01,1.765320e-01,9.326398e-01,1.315344e-01,2.304427e-03,-7.640970e-03,2.173655e-02,6.429784e-02
7.29500,0.599448,0.516760,2.874908e-01,1.764132e-01,9.327102e-01,1.315280e-01,2.293915e-03,-7.641833e-03,2.173931e-02,6.428968e-02
7.29750,0.599096,0.516579,2.869479e-01,1.762954e-01,9.327794e-01,1.315215e-01,2.283336e-03,-7.642335e-03,2.174209e-02,6.428155e-02
7.30000,0.598744,0.516398,2.864050e-01,1.761786e-01,9.328472e-01,1.315150e-01,2.273123e-03,-7.642795e-03,2.174487e-02,6.427345e-02
7.30250,0.598391,0.516219,2.858619e-01,1.760627e-01,9.329134e-01,1.315086e-01,2.262734e-03,-7.643182e-03,2.174764e-02,6.426538e-02
7.30500,0.598039,0.516040,2.853188e-01,1.759478e-01,9.329780e-01,1.315021e-01,2.252146e-03,-7.643049e-03,2.175040e-02,6.425733e-02
7.30750,0.597686,0.515862,2.847756e-01,1.758338e-01,9.330412e-01,1.314957e-01,2.241897e-03,-7.642303e-03,2.175315e-02,6.424931e-02
7.31000,0.597332,0.515684,2.842324e-01,1.757208e-01,9.331031e-01,1.314893e-01,2.231408e-03,-7.641245e-03,2.175588e-02,6.424131e-02
7.31250,0.596979,0.515507,2.836891e-01,1.756087e-01,9.331643e-01,1.314829e-01,2.220548e-03,-7.639717e-03,2.175859e-02,6.423335e-02
7.31500,0.596626,0.515332,2.831458e-01,1.754976e-01,9.332256e-01,1.314765e-01,2.209835e-03,-7.638192e-03,2.176127e-02,6.422541e-02
7.31750,0.596272,0.515156,2.826025e-01,1.753874e-01,9.332882e-01,1.314701e-01,2.199176e-03,-7.636872e-03,2.176392e-02,6.421750e-02
7.32000,0.595918,0.514982,2.820591e-01,1.752781e-01,9.333530e-01,1.314637e-01,2.188136e-03,-7.635652e-03,2.176654e-02,6.420961e-02
7.32250,0.595564,0.514809,2.815157e-01,1.751699e-01,9.334205e-01,1.314573e-01,2.176407e-03,-7.635048e-03,2.176916e-02,6.420176e-02
7.32500,0.595209,0.514636,2.809723e-01,1.750625e-01,9.334907e-01,1.314509e-01,2.164672e-03,-7.635783e-03,2.177180e-02,6.419393e-02
7.32750,0.594854,0.514464,2.804288e-01,1.749562e-01,9.335629e-01,1.314446e-01,2.152941e-03,-7.637019e-03,2.177446e-02,6.418613e-02
7.33000,0.594500,0.514292,2.798852e-01,1.748508e-01,9.336356e-01,1.314382e-01,2.140942e-03,-7.638082e-03,2.177711e-02,6.417836e-02
7.33250,0.594145,0.514122,2.793416e-01,1.747463e-01,9.337075e-01,1.314319e-01,2.129132e-03,-7.638470e-03,2.177973e-02,6.417062e-02
7.33500,0.593789,0.513952,2.787980e-01,1.746428e-01,9.337779e-01,1.314255e-01,2.117998e-03,-7.638850e-03,2.178234e-02,6.416290e-02
7.33750,0.593434,0.513783,2.782543e-01,1.745402e-01,9.338466e-01,1.314192e-01,2.106997e-03,-7.639427e-03,2.178496e-02,6.415521e-02
7.34000,0.593078,0.513615,2.777105e-01,1.744386e-01,9.339139e-01,1.314129e-01,2.095959e-03,-7.639657e-03,2.178755e-02,6.414755e-02
7.34250,0.592722,0.513447,2.771667e-01,1.743380e-01,9.339800e-01,1.314066e-01,2.084993e-03,-7.639324e-03,2.179012e-02,6.413991e-02
7.34500,0.592366,0.513280,2.766228e-01,1.742383e-01,9.340453e-01,1.314003e-01,2.074074e-03,-7.638335e-03,2.179267e-02,6.413231e-02
7.34750,0.592010,0.513114,2.760789e-01,1.741396e-01,9.341102e-01,1.313940e-01,2.063703e-03,-7.637215e-03,2.179522e-02,6.412472e-02
7.35000,0.591653,0.512949,2.755350e-01,1.740418e-01,9.341749e-01,1.313877e-01,2.053982e-03,-7.636336e-03,2.179778e-02,6.411716e-02
7.35250,0.591297,0.512785,2.749910e-01,1.739450e-01,9.342391e-01,1.313815e-01,2.044063e-03,-7.636294e-03,2.180037e-02,6.410963e-02
7.35500,0.590940,0.512621,2.744470e-01,1.738491e-01,9.343019e-01,1.313752e-01,2.034086e-03,-7.637229e-03,2.180299e-02,6.410212e-02
7.35750,0.590582,0.512458,2.739030e-01,1.737542e-01,9.343627e-01,1.313689e-01,2.024118e-03,-7.638171e-03,2.180562e-02,6.409464e-02
7.36000,0.590225,0.512296,2.733589e-01,1.736603e-01,9.344220e-01,1.313627e-01,2.014038e-03,-7.639172e-03,2.180825e-02,6.408718e-02
7.36250,0.589868,0.512134,2.728148e-01,1.735673e-01,9.344810e-01,1.313564e-01,2.003616e-03,-7.639965e-03,2.181086e-02,6.407974e-02
7.36500,0.589510,0.511974,2.722707e-01,1.734752e-01,9.345410e-01,1.313502e-01,1.993372e-03,-7.640957e-03,2.181347e-02,6.407232e-02
7.36750,0.589152,0.511814,2.717310e-01,1.733842e-01,9.346024e-01,1.313440e-01,1.983111e-03,-7.641523e-03,2.181606e-02,6.406493e-02
7.37000,0.588794,0.511654,2.711979e-01,1.732941e-01,9.346655e-01,1.313377e-01,1.972621e-03,-7.640915e-03,2.181862e-02,6.405757e-02
7.37250,0.588436,0.511496,2.706648e-01,1.732049e-01,9.347302e-01,1.313315e-01,1.962565e-03,-7.639765e-03,2.182116e-02,6.405022e-02
7.37500,0.588077,0.511338,2.701316e-01,1.731167e-01,9.347959e-01,1.313253e-01,1.952416e-03,-7.638629e-03,2.182369e-02,6.404290e-02
7.37750,0.587718,0.511181,2.695984e-01,1.730295e-01,9.348619e-01,1.313191e-01,1.941611e-03,-7.637556e-03,2.182622e-02,6.403560e-02
7.38000,0.587359,0.511025,2.690653e-01,1.729432e-01,9.349274e-01,1.313129e-01,1.930601e-03,-7.636171e-03,2.182873e-02,6.402832e-02
7.38250,0.587000,0.510870,2.685321e-01,1.728579e-01,9.349920e-01,1.313068e-01,1.919870e-03,-7.635110e-03,2.183124e-02,6.402106e-02
7.38500,0.586641,0.510715,2.679988e-01,1.727735e-01,9.350554e-01,1.313006e-01,1.909314e-03,-7.634698e-03,2.183374e-02,6.401383e-02
7.38750,0.586282,0.510561,2.674655e-01,1.726901e-01,9.351178e-01,1.312944e-01,1.898139e-03,-7.634216e-03,2.183622e-02,6.400663e-02
7.39000,0.585922,0.510408,2.669322e-01,1.726077e-01,9.351794e-01,1.312883e-01,1.886402e-03,-7.634386e-03,2.183868e-02,6.399945e-02
7.39250,0.585562,0.510256,2.663989e-01,1.725262e-01,9.352406e-01,1.312821e-01,1.874553e-03,-7.635371e-03,2.184113e-02,6.399229e-02
7.39500,0.585202,0.510104,2.658655e-01,1.724457e-01,9.353020e-01,1.312760e-01,1.862355e-03,-7.636413e-03,2.184356e-02,6.398516e-02
7.39750,0.584842,0.509954,2.653321e-01,1.723661e-01,9.353642e-01,1.312699e-01,1.849801e-03,-7.637212e-03,2.184597e-02,6.397805e-02
7.40000,0.584482,0.509804,2.647986e-01,1.722875e-01,9.354270e-01,1.312637e-01,1.837630e-03,-7.638067e-03,2.184837e-02,6.397097e-02
7.40250,0.584121,0.509654,2.642651e-01,1.722099e-01,9.354896e-01,1.312576e-01,1.826188e-03,-7.638835e-03,2.185077e-02,6.396391e-02
7.40500,0.583760,0.509506,2.637316e-01,1.721332e-01,9.355508e-01,1.312515e-01,1.815114e-03,-7.639122e-03,2.185317e-02,6.395688e-02
7.40750,0.583399,0.509358,2.631981e-01,1.720575e-01,9.356106e-01,1.312454e-01,1.804558e-03,-7.638998e-03,2.185557e-02,6.394986e-02
7.41000,0.583038,0.509211,2.626645e-01,1.719828e-01,9.356694e-01,1.312393e-01,1.794363e-03,-7.638506e-03,2.185797e-02,6.394287e-02
7.41250,0.582677,0.509065,2.626895e-01,1.719090e-01,9.357279e-01,1.312332e-01,1.783711e-03,-7.637931e-03,2.186037e-02,6.393590e-02
7.41500,0.582315,0.508919,2.628461e-01,1.718362e-01,9.357865e-01,1.312271e-01,1.772851e-03,-7.637563e-03,2.186280e-02,6.392894e-02
7.41750,0.581954,0.508774,2.630031e-01,1.717643e-01,9.358455e-01,1.312210e-01,1.762532e-03,-7.638068e-03,2.186528e-02,6.392201e-02
7.42000,0.581592,0.508630,2.631606e-01,1.716934e-01,9.359050e-01,1.312150e-01,1.752378e-03,-7.639061e-03,2.186779e-02,6.391510e-02
7.42250,0.581230,0.508487,2.633184e-01,1.716235e-01,9.359649e-01,1.312089e-01,1.742320e-03,-7.640025e-03,2.187030e-02,6.390820e-02
7.42500,0.580868,0.508345,2.634766e-01,1.715545e-01,9.360245e-01,1.312028e-01,1.731903e-03,-7.640549e-03,2.187280e-02,6.390133e-02
7.42750,0.580506,0.508203,2.636352e-01,1.714865e-01,9.360834e-01,1.311968e-01,1.721097e-03,-7.640486e-03,2.187525e-02,6.389447e-02
7.43000,0.580143,0.508062,2.637941e-01,1.714195e-01,9.361411e-01,1.311907e-01,1.710398e-03,-7.640157e-03,2.187766e-02,6.388764e-02
7.43250,0.579780,0.507922,2.639535e-01,1.713534e-01,9.361980e-01,1.311847e-01,1.699800e-03,-7.640185e-03,2.188003e-02,6.388082e-02
7.43500,0.579418,0.507782,2.641132e-01,1.712883e-01,9.362550e-01,1.311787e-01,1.689240e-03,-7.640304e-03,2.188237e-02,6.387403e-02
7.43750,0.579055,0.507644,2.642734e-01,1.712241e-01,9.363127e-01,1.311727e-01,1.678639e-03,-7.640343e-03,2.188467e-02,6.386726e-02
7.44000,0.578691,0.507506,2.644339e-01,1.711609e-01,9.363714e-01,1.311667e-01,1.667461e-03,-7.640053e-03,2.188694e-02,6.386051e-02
7.44250,0.578328,0.507369,2.645948e-01,1.710987e-01,9.364315e-01,1.311606e-01,1.656438e-03,-7.639379e-03,2.188919e-02,6.385379e-02
7.44500,0.577965,0.507232,2.647561e-01,1.710374e-01,9.364923e-01,1.311546e-01,1.646120e-03,-7.639263e-03,2.189145e-02,6.384708e-02
7.44750,0.577601,0.507097,2.649234e-01,1.709771e-01,9.365528e-01,1.311486e-01,1.635846e-03,-7.639427e-03,2.189373e-02,6.384039e-02
7.45000,0.577237,0.506962,2.650992e-01,1.709177e-01,9.366088e-01,1.311427e-01,1.625420e-03,-7.639759e-03,2.189603e-02,6.383373e-02
7.45250,0.576873,0.506828,2.652753e-01,1.708594e-01,9.366480e-01,1.311367e-01,1.615028e-03,-7.640339e-03,2.189833e-02,6.382708e-02
7.45500,0.576509,0.506694,2.654517e-01,1.708019e-01,9.366910e-01,1.311307e-01,1.604885e-03,-7.640203e-03,2.190061e-02,6.382045e-02
7.45750,0.576145,0.506562,2.656285e-01,1.707455e-01,9.367390e-01,1.311247e-01,1.594458e-03,-7.639650e-03,2.190286e-02,6.381384e-02
7.46000,0.575780,0.506430,2.658055e-01,1.706900e-01,9.367928e-01,1.311187e-01,1.583385e-03,-7.638821e-03,2.190509e-02,6.380725e-02
7.46250,0.575416,0.506299,2.659828e-01,1.706354e-01,9.368516e-01,1.311128e-01,1.572283e-03,-7.637843e-03,2.190730e-02,6.380067e-02
7.46500,0.575051,0.506169,2.661605e-01,1.705819e-01,9.369133e-01,1.311068e-01,1.560950e-03,-7.636655e-03,2.190949e-02,6.379412e-02
7.46750,0.574686,0.506039,2.663384e-01,1.705293e-01,9.369755e-01,1.311009e-01,1.549664e-03,-7.635391e-03,2.191167e-02,6.378759e-02
7.47000,0.574321,0.505910,2.665166e-01,1.704776e-01,9.370350e-01,1.310949e-01,1.538046e-03,-7.634510e-03,2.191385e-02,6.378107e-02
7.47250,0.573956,0.505782,2.666952e-01,1.704269e-01,9.370895e-01,1.310890e-01,1.526135e-03,-7.634936e-03,2.191609e-02,6.377457e-02
7.47500,0.573590,0.505655,2.668740e-01,1.703772e-01,9.371374e-01,1.310830e-01,1.514485e-03,-7.636948e-03,2.191840e-02,6.376809e-02
7.47750,0.573225,0.505528,2.670531e-01,1.703284e-01,9.371789e-01,1.310771e-01,1.503632e-03,-7.640161e-03,2.192075e-02,6.376163e-02
7.48000,0.572859,0.505403,2.672325e-01,1.702806e-01,9.372151e-01,1.310712e-01,1.493697e-03,-7.643235e-03,2.192309e-02,6.375519e-02
7.48250,0.572493,0.505278,2.674122e-01,1.702338e-01,9.372471e-01,1.310653e-01,1.484162e-03,-7.645315e-03,2.192538e-02,6.374876e-02
7.48500,0.572127,0.505153,2.675922e-01,1.701879e-01,9.372759e-01,1.310594e-01,1.474538e-03,-7.646914e-03,2.192763e-02,6.374235e-02
7.48750,0.571761,0.505030,2.677725e-01,1.701430e-01,9.373027e-01,1.310535e-01,1.465102e-03,-7.648998e-03,2.192988e-02,6.373596e-02
7.49000,0.571395,0.504907,2.679531e-01,1.700990e-01,9.373291e-01,1.310476e-01,1.455707e-03,-7.650382e-03,2.193209e-02,6.372959e-02
7.49250,0.571029,0.504785,2.681339e-01,1.700560e-01,9.373571e-01,1.310417e-01,1.446188e-03,-7.650326e-03,2.193423e-02,6.372323e-02
7.49500,0.570662,0.504664,2.683151e-01,1.700139e-01,9.373886e-01,1.310358e-01,1.436603e-03,-7.649623e-03,2.193633e-02,6.371689e-02
7.49750,0.570296,0.504544,2.684965e-01,1.699728e-01,9.374252e-01,1.310299e-01,1.426734e-03,-7.648450e-03,2.193839e-02,6.371057e-02
7.50000,0.569929,0.504424,2.686782e-01,1.699327e-01,9.374680e-01,1.310240e-01,1.416349e-03,-7.647031e-03,2.194044e-02,6.370427e-02
7.50250,0.569562,0.504305,2.688602e-01,1.698935e-01,9.375172e-01,1.310182e-01,1.405624e-03,-7.646096e-03,2.194251e-02,6.369798e-02
7.50500,0.569195,0.504187,2.690484e-01,1.698553e-01,9.375726e-01,1.310123e-01,1.394500e-03,-7.646002e-03,2.194463e-02,6.369171e-02
7.50750,0.568827,0.504069,2.692424e-01,1.698181e-01,9.376324e-01,1.310064e-01,1.382924e-03,-7.645766e-03,2.194676e-02,6.368545e-02
7.51000,0.568460,0.503953,2.694366e-01,1.697818e-01,9.376941e-01,1.310006e-01,1.370784e-03,-7.644965e-03,2.194888e-02,6.367922e-02
7.51250,0.568093,0.503837,2.696311e-01,1.697464e-01,9.377550e-01,1.309947e-01,1.358757e-03,-7.643810e-03,2.195097e-02,6.367300e-02
7.51500,0.567725,0.503722,2.698258e-01,1.697121e-01,9.378128e-01,1.309889e-01,1.346990e-03,-7.642592e-03,2.195303e-02,6.366679e-02
7.51750,0.567357,0.503608,2.700207e-01,1.696786e-01,9.378655e-01,1.309830e-01,1.335114e-03,-7.641357e-03,2.195508e-02,6.366061e-02
7.52000,0.566989,0.503494,2.702158e-01,1.696462e-01,9.379119e-01,1.309772e-01,1.323141e-03,-7.640128e-03,2.195709e-02,6.365444e-02
7.52250,0.566621,0.503381,2.704111e-01,1.696146e-01,9.379519e-01,1.309714e-01,1.311257e-03,-7.639306e-03,2.195908e-02,6.364829e-02
7.52500,0.566253,0.503269,2.706066e-01,1.695841e-01,9.379860e-01,1.309656e-01,1.299902e-03,-7.638656e-03,2.196103e-02,6.364215e-02
7.52750,0.565885,0.503158,2.708023e-01,1.695545e-01,9.380153e-01,1.309598e-01,1.289299e-03,-7.638937e-03,2.196297e-02,6.363603e-02
7.53000,0.565516,0.503047,2.709983e-01,1.695258e-01,9.380410e-01,1.309539e-01,1.279218e-03,-7.640407e-03,2.196493e-02,6.362993e-02
7.53250,0.565148,0.502937,2.711944e-01,1.694981e-01,9.380646e-01,1.309481e-01,1.269032e-03,-7.643585e-03,2.196694e-02,6.362385e-02
7.53500,0.564779,0.502828,2.713908e-01,1.694714e-01,9.380874e-01,1.309423e-01,1.258799e-03,-7.646803e-03,2.196900e-02,6.361778e-02
7.53750,0.564410,0.502720,2.715873e-01,1.694456e-01,9.381115e-01,1.309365e-01,1.249097e-03,-7.649484e-03,2.197108e-02,6.361172e-02
7.54000,0.564042,0.502613,2.717841e-01,1.694208e-01,9.381386e-01,1.309307e-01,1.239368e-03,-7.651752e-03,2.197316e-02,6.360568e-02
7.54250,0.563673,0.502506,2.719810e-01,1.693969e-01,9.381703e-01,1.309250e-01,1.229542e-03,-7.653342e-03,2.197522e-02,6.359966e-02
7.54500,0.563303,0.502400,2.721782e-01,1.693740e-01,9.382078e-01,1.309192e-01,1.219736e-03,-7.654130e-03,2.197725e-02,6.359365e-02
7.54750,0.562934,0.502295,2.723756e-01,1.693520e-01,9.382516e-01,1.309134e-01,1.209810e-03,-7.654604e-03,2.197926e-02,6.358765e-02
7.55000,0.562565,0.502190,2.725731e-01,1.693310e-01,9.383009e-01,1.309076e-01,1.199940e-03,-7.654225e-03,2.198123e-02,6.358167e-02
7.55250,0.562195,0.502086,2.727709e-01,1.693109e-01,9.383539e-01,1.309019e-01,1.189805e-03,-7.653104e-03,2.198317e-02,6.357570e-02
7.55500,0.561826,0.501983,2.729688e-01,1.692918e-01,9.384086e-01,1.308961e-01,1.179477e-03,-7.651926e-03,2.198508e-02,6.356975e-02
7.55750,0.561456,0.501881,2.731670e-01,1.692736e-01,9.384628e-01,1.308903e-01,1.169367e-03,-7.651170e-03,2.198698e-02,6.356381e-02
7.56000,0.561086,0.501780,2.733653e-01,1.692564e-01,9.385148e-01,1.308846e-01,1.159539e-03,-7.650594e-03,2.198887e-02,6.355788e-02
7.56250,0.560716,0.501679,2.735638e-01,1.692401e-01,9.385632e-01,1.308788e-01,1.149341e-03,-7.650128e-03,2.199074e-02,6.355197e-02
7.56500,0.560346,0.501579,2.737626e-01,1.692248e-01,9.386074e-01,1.308731e-01,1.138642e-03,-7.650133e-03,2.199246e-02,6.354608e-02
7.56750,0.559976,0.501480,2.739615e-01,1.692104e-01,9.386468e-01,1.308674e-01,1.128094e-03,-7.650812e-03,2.199432e-02,6.354020e-02
7.57000,0.559605,0.501382,2.741606e-01,1.691969e-01,9.386816e-01,1.308616e-01,1.117326e-03,-7.651691e-03,2.199616e-02,6.353434e-02
7.57250,0.559235,0.501284,2.743599e-01,1.691844e-01,9.387125e-01,1.308559e-01,1.106570e-03,-7.652557e-03,2.199797e-02,6.352849e-02
7.57500,0.558865,0.501187,2.745594e-01,1.691729e-01,9.387402e-01,1.308502e-01,1.095829e-03,-7.653006e-03,2.199975e-02,6.352266e-02
7.57750,0.558494,0.501091,2.747590e-01,1.691623e-01,9.387659e-01,1.308445e-01,1.085026e-03,-7.653108e-03,2.200150e-02,6.351685e-02
7.58000,0.558123,0.500996,2.749629e-01,1.691526e-01,9.387915e-01,1.308388e-01,1.074292e-03,-7.653101e-03,2.200321e-02,6.351105e-02
7.58250,0.557752,0.500901,2.751721e-01,1.691439e-01,9.388185e-01,1.308331e-01,1.063618e-03,-7.652996e-03,2.200492e-02,6.350526e-02
7.58500,0.557381,0.500808,2.753815e-01,1.691361e-01,9.388487e-01,1.308274e-01,1.053579e-03,-7.652709e-03,2.200663e-02,6.349949e-02
7.58750,0.557010,0.500714,2.755910e-01,1.691293e-01,9.388836e-01,1.308217e-01,1.043770e-03,-7.652095e-03,2.200834e-02,6.349373e-02
7.59000,0.556639,0.500622,2.758007e-01,1.691234e-01,9.389240e-01,1.308160e-01,1.033601e-03,-7.651631e-03,2.201005e-02,6.348798e-02
7.59250,0.556268,0.500531,2.760105e-01,1.691184e-01,9.389694e-01,1.308103e-01,1.023713e-03,-7.652430e-03,2.201182e-02,6.348225e-02
7.59500,0.555897,0.500440,2.762204e-01,1.691144e-01,9.390187e-01,1.308046e-01,1.014228e-03,-7.654056e-03,2.201364e-02,6.347652e-02
7.59750,0.555525,0.500350,2.764304e-01,1.691114e-01,9.390696e-01,1.307990e-01,1.004782e-03,-7.655505e-03,2.201550e-02,6.347081e-02
7.60000,0.555154,0.500261,2.766406e-01,1.691092e-01,9.391198e-01,1.307933e-01,9.951901e-04,-7.656725e-03,2.201733e-02,6.346511e-02
7.60250,0.554782,0.500172,2.768509e-01,1.691080e-01,9.391676e-01,1.307876e-01,9.849289e-04,-7.657521e-03,2.201912e-02,6.345943e-02
7.60500,0.554410,0.500084,2.770613e-01,1.691077e-01,9.392113e-01,1.307820e-01,9.741859e-04,-7.658061e-03,2.202085e-02,6.345375e-02
7.60750,0.554038,0.499997,2.772719e-01,1.691084e-01,9.392500e-01,1.307763e-01,9.634923e-04,-7.658239e-03,2.202253e-02,6.344809e-02
7.61000,0.553666,0.499911,2.774825e-01,1.691100e-01,9.392829e-01,1.307706e-01,9.526318e-04,-7.657978e-03,2.202416e-02,6.344245e-02
7.61250,0.553294,0.499826,2.776933e-01,1.691126e-01,9.393106e-01,1.307650e-01,9.418776e-04,-7.657501e-03,2.202575e-02,6.343682e-02
7.61500,0.552922,0.499741,2.779043e-01,1.691160e-01,9.393339e-01,1.307594e-01,9.314984e-04,-7.657936e-03,2.202731e-02,6.343120e-02
7.61750,0.552550,0.499657,2.781153e-01,1.691204e-01,9.393540e-01,1.307537e-01,9.209073e-04,-7.658399e-03,2.202885e-02,6.342560e-02
7.62000,0.552178,0.499574,2.783265e-01,1.691258e-01,9.393726e-01,1.307481e-01,9.107523e-04,-7.659269e-03,2.203040e-02,6.342001e-02
7.62250,0.551805,0.499492,2.785378e-01,1.691320e-01,9.393918e-01,1.307425e-01,9.011287e-04,-7.661165e-03,2.203197e-02,6.341444e-02
7.62500,0.551433,0.499410,2.787492e-01,1.691392e-01,9.394134e-01,1.307368e-01,8.913098e-04,-7.663243e-03,2.203357e-02,6.340887e-02
7.62750,0.551060,0.499329,2.789607e-01,1.691473e-01,9.394399e-01,1.307312e-01,8.814311e-04,-7.664529e-03,2.203515e-02,6.340333e-02
7.63000,0.550688,0.499249,2.791723e-01,1.691564e-01,9.394729e-01,1.307256e-01,8.713673e-04,-7.665013e-03,2.203669e-02,6.339779e-02
7.63250,0.550315,0.499170,2.793840e-01,1.691664e-01,9.395128e-01,1.307200e-01,8.613394e-04,-7.664638e-03,2.203819e-02,6.339227e-02
7.63500,0.549942,0.499091,2.795959e-01,1.691773e-01,9.395587e-01,1.307144e-01,8.514999e-04,-7.663826e-03,2.203967e-02,6.338677e-02
7.63750,0.549569,0.499013,2.798079e-01,1.691891e-01,9.396092e-01,1.307088e-01,8.415954e-04,-7.662875e-03,2.204111e-02,6.338127e-02
7.64000,0.549196,0.498936,2.800200e-01,1.692018e-01,9.396618e-01,1.307032e-01,8.313040e-04,-7.661543e-03,2.204253e-02,6.337578e-02
7.64250,0.548823,0.498860,2.802322e-01,1.692155e-01,9.397147e-01,1.306976e-01,8.205963e-04,-7.660033e-03,2.204394e-02,6.337031e-02
7.64500,0.548450,0.498785,2.804445e-01,1.692301e-01,9.397657e-01,1.306920e-01,8.095655e-04,-7.658101e-03,2.204534e-02,6.336485e-02
7.64750,0.548077,0.498710,2.806569e-01,1.692456e-01,9.398130e-01,1.306864e-01,7.988496e-04,-7.657241e-03,2.204674e-02,6.335940e-02
7.65000,0.547704,0.498636,2.808694e-01,1.692620e-01,9.398553e-01,1.306809e-01,7.884541e-04,-7.657632e-03,2.204819e-02,6.335396e-02
7.65250,0.547330,0.498563,2.810820e-01,1.692794e-01,9.398920e-01,1.306753e-01,7.778805e-04,-7.658945e-03,2.204969e-02,6.334853e-02
7.65500,0.546957,0.498490,2.812947e-01,1.692976e-01,9.399230e-01,1.306697e-01,7.668887e-04,-7.659702e-03,2.205118e-02,6.334311e-02
7.65750,0.546583,0.498418,2.815076e-01,1.693168e-01,9.399487e-01,1.306641e-01,7.561747e-04,-7.660481e-03,2.205265e-02,6.333771e-02
7.66000,0.546210,0.498347,2.817205e-01,1.693369e-01,9.399699e-01,1.306586e-01,7.458327e-04,-7.662157e-03,2.205410e-02,6.333232e-02
7.66250,0.545836,0.498277,2.819336e-01,1.693579e-01,9.399886e-01,1.306530e-01,7.360697e-04,-7.664819e-03,2.205554e-02,6.332694e-02
7.66500,0.545462,0.498208,2.821467e-01,1.693799e-01,9.400068e-01,1.306475e-01,7.267369e-04,-7.667102e-03,2.205692e-02,6.332157e-02
7.66750,0.545088,0.498139,2.823599e-01,1.694027e-01,9.400267e-01,1.306419e-01,7.175166e-04,-7.668603e-03,2.205825e-02,6.331622e-02
7.67000,0.544715,0.498071,2.825733e-01,1.694265e-01,9.400510e-01,1.306364e-01,7.080188e-04,-7.669451e-03,2.205955e-02,6.331088e-02
7.67250,0.544341,0.498004,2.827867e-01,1.694511e-01,9.400808e-01,1.306308e-01,6.986946e-04,-7.669913e-03,2.206081e-02,6.330555e-02
7.67500,0.543967,0.497938,2.830003e-01,1.694767e-01,9.401166e-01,1.306253e-01,6.895213e-04,-7.669728e-03,2.206203e-02,6.330023e-02
7.67750,0.543593,0.497872,2.832139e-01,1.695032e-01,9.401577e-01,1.306197e-01,6.800557e-04,-7.669102e-03,2.206323e-02,6.329493e-02
7.68000,0.543218,0.497807,2.834277e-01,1.695306e-01,9.402021e-01,1.306142e-01,6.703927e-04,-7.668690e-03,2.206444e-02,6.328964e-02
7.68250,0.542844,0.497743,2.836415e-01,1.695588e-01,9.402479e-01,1.306087e-01,6.606446e-04,-7.668738e-03,2.206564e-02,6.328436e-02
7.68500,0.542470,0.497680,2.838566e-01,1.695880e-01,9.402933e-01,1.306032e-01,6.512080e-04,-7.668646e-03,2.206683e-02,6.327909e-02
7.68750,0.542096,0.497617,2.840774e-01,1.696181e-01,9.403361e-01,1.305976e-01,6.413906e-04,-7.668139e-03,2.206802e-02,6.327384e-02
7.69000,0.541721,0.497555,2.842983e-01,1.696491e-01,9.403749e-01,1.305921e-01,6.312755e-04,-7.667565e-03,2.206919e-02,6.326859e-02
7.69250,0.541347,0.497494,2.845192e-01,1.696810e-01,9.404087e-01,1.305866e-01,6.209710e-04,-7.666993e-03,2.207035e-02,6.326336e-02
7.69500,0.540972,0.497434,2.847401e-01,1.697138e-01,9.404371e-01,1.305811e-01,6.107027e-04,-7.666228e-03,2.207148e-02,6.325814e-02
7.69750,0.540598,0.497375,2.849612e-01,1.697475e-01,9.404606e-01,1.305756e-01,6.002985e-04,-7.665353e-03,2.207258e-02,6.325293e-02
7.70000,0.540223,0.497316,2.851822e-01,1.697821e-01,9.404802e-01,1.305701e-01,5.896172e-04,-7.664057e-03,2.207364e-02,6.324773e-02
7.70250,0.539848,0.497258,2.854033e-01,1.698176e-01,9.404970e-01,1.305646e-01,5.791585e-04,-7.662917e-03,2.207467e-02,6.324254e-02
7.70500,0.539473,0.497201,2.856245e-01,1.698540e-01,9.405133e-01,1.305591e-01,5.688207e-04,-7.662593e-03,2.207567e-02,6.323737e-02
7.70750,0.539099,0.497144,2.858457e-01,1.698913e-01,9.405311e-01,1.305537e-01,5.587964e-04,-7.662819e-03,2.207666e-02,6.323220e-02
7.71000,0.538724,0.497089,2.860670e-01,1.699295e-01,9.405530e-01,1.305482e-01,5.490974e-04,-7.664405e-03,2.207772e-02,6.322705e-02
7.71250,0.538349,0.497034,2.862882e-01,1.699685e-01,9.405805e-01,1.305427e-01,5.396451e-04,-7.667363e-03,2.207884e-02,6.322191e-02
7.71500,0.537974,0.496979,2.865096e-01,1.700085e-01,9.406139e-01,1.305372e-01,5.304324e-04,-7.671182e-03,2.208001e-02,6.321678e-02
7.71750,0.537599,0.496926,2.867310e-01,1.700493e-01,9.406529e-01,1.305318e-01,5.212192e-04,-7.674572e-03,2.208118e-02,6.321166e-02
7.72000,0.537224,0.496873,2.869524e-01,1.700911e-01,9.406962e-01,1.305263e-01,5.116648e-04,-7.676168e-03,2.208228e-02,6.320655e-02
7.72250,0.536849,0.496821,2.871739e-01,1.701337e-01,9.407422e-01,1.305208e-01,5.019554e-04,-7.676624e-03,2.208329e-02,6.320145e-02
7.72500,0.536473,0.496770,2.873954e-01,1.701772e-01,9.407895e-01,1.305154e-01,4.926216e-04,-7.676929e-03,2.208425e-02,6.319636e-02
7.72750,0.536098,0.496720,2.876169e-01,1.702216e-01,9.408362e-01,1.305099e-01,4.833692e-04,-7.677168e-03,2.208516e-02,6.319128e-02
7.73000,0.535723,0.496670,2.878385e-01,1.702668e-01,9.408801e-01,1.305045e-01,4.740918e-04,-7.675726e-03,2.208601e-02,6.318622e-02
7.73250,0.535348,0.496622,2.880602e-01,1.703130e-01,9.409202e-01,1.304990e-01,4.647191e-04,-7.673459e-03,2.208680e-02,6.318116e-02
7.73500,0.534972,0.496574,2.882818e-01,1.703600e-01,9.409556e-01,1.304936e-01,4.552763e-04,-7.670935e-03,2.208755e-02,6.317612e-02
7.73750,0.534597,0.496526,2.885035e-01,1.704079e-01,9.409856e-01,1.304881e-01,4.458189e-04,-7.669669e-03,2.208831e-02,6.317109e-02
7.74000,0.534221,0.496480,2.887253e-01,1.704567e-01,9.410103e-01,1.304827e-01,4.361540e-04,-7.669222e-03,2.208911e-02,6.316607e-02
7.74250,0.533846,0.496434,2.889471e-01,1.705063e-01,9.410304e-01,1.304773e-01,4.265547e-04,-7.669049e-03,2.208993e-02,6.316106e-02
7.74500,0.533470,0.496389,2.891689e-01,1.705569e-01,9.410475e-01,1.304718e-01,4.169976e-04,-7.668907e-03,2.209073e-02,6.315607e-02
7.74750,0.533095,0.496345,2.893907e-01,1.706083e-01,9.410639e-01,1.304664e-01,4.075381e-04,-7.668573e-03,2.209149e-02,6.315108e-02
7.75000,0.532719,0.496301,2.896126e-01,1.706605e-01,9.410821e-01,1.304610e-01,3.984111e-04,-7.668445e-03,2.209218e-02,6.314611e-02
7.75250,0.532344,0.496258,2.898346e-01,1.707137e-01,9.411040e-01,1.304556e-01,3.891694e-04,-7.668746e-03,2.209283e-02,6.314116e-02
7.75500,0.531968,0.496217,2.900565e-01,1.707677e-01,9.411306e-01,1.304502e-01,3.800092e-04,-7.669328e-03,2.209346e-02,6.313621e-02
7.75750,0.531592,0.496175,2.902785e-01,1.708225e-01,9.411621e-01,1.304448e-01,3.705513e-04,-7.669674e-03,2.209405e-02,6.313128e-02
7.76000,0.531216,0.496135,2.905005e-01,1.708783e-01,9.411981e-01,1.304394e-01,3.607054e-04,-7.669773e-03,2.209463e-02,6.312636e-02
7.76250,0.530841,0.496095,2.907226e-01,1.709349e-01,9.412374e-01,1.304340e-01,3.509515e-04,-7.670147e-03,2.209521e-02,6.312145e-02
7.76500,0.530465,0.496056,2.909447e-01,1.709923e-01,9.412786e-01,1.304286e-01,3.415252e-04,-7.670557e-03,2.209579e-02,6.311655e-02
7.76750,0.530089,0.496018,2.911668e-01,1.710507e-01,9.413202e-01,1.304232e-01,3.318237e-04,-7.671515e-03,2.209643e-02,6.311166e-02
7.77000,0.529713,0.495981,2.913889e-01,1.711098e-01,9.413600e-01,1.304178e-01,3.223106e-04,-7.673555e-03,2.209715e-02,6.310677e-02
7.77250,0.529337,0.495944,2.916111e-01,1.711699e-01,9.413963e-01,1.304124e-01,3.127486e-04,-7.675413e-03,2.209788e-02,6.310190e-02
7.77500,0.528961,0.495908,2.918333e-01,1.712308e-01,9.414282e-01,1.304071e-01,3.030937e-04,-7.676244e-03,2.209858e-02,6.309704e-02
7.77750,0.528585,0.495873,2.920555e-01,1.712925e-01,9.414546e-01,1.304017e-01,2.934239e-04,-7.676240e-03,2.209923e-02,6.309218e-02
7.78000,0.528209,0.495839,2.922778e-01,1.713551e-01,9.414757e-01,1.303963e-01,2.839392e-04,-7.676493e-03,2.209983e-02,6.308733e-02
7.78250,0.527833,0.495805,2.925000e-01,1.714186e-01,9.414922e-01,1.303909e-01,2.743949e-04,-7.676755e-03,2.210037e-02,6.308250e-02
7.78500,0.527457,0.495773,2.927224e-01,1.714829e-01,9.415055e-01,1.303856e-01,2.649004e-04,-7.676400e-03,2.210086e-02,6.307767e-02
7.78750,0.527081,0.495741,2.929447e-01,1.715480e-01,9.415184e-01,1.303802e-01,2.552949e-04,-7.674933e-03,2.210126e-02,6.307286e-02
7.79000,0.526705,0.495709,2.931671e-01,1.716140e-01,9.415337e-01,1.303749e-01,2.454515e-04,-7.672574e-03,2.210160e-02,6.306806e-02
7.79250,0.526329,0.495679,2.933894e-01,1.716809e-01,9.415534e-01,1.303695e-01,2.358004e-04,-7.671209e-03,2.210190e-02,6.306327e-02
7.79500,0.525953,0.495649,2.936119e-01,1.717485e-01,9.415785e-01,1.303642e-01,2.265453e-04,-7.671435e-03,2.210219e-02,6.305849e-02
7.79750,0.525577,0.495620,2.938343e-01,1.718171e-01,9.416092e-01,1.303588e-01,2.176963e-04,-7.673299e-03,2.210253e-02,6.305372e-02
7.80000,0.525200,0.495592,2.940567e-01,1.718864e-01,9.416453e-01,1.303535e-01,2.091269e-04,-7.675070e-03,2.210288e-02,6.304897e-02
7.80250,0.524824,0.495564,2.942792e-01,1.719566e-01,9.416850e-01,1.303482e-01,2.005134e-04,-7.676404e-03,2.210322e-02,6.304423e-02
7.80500,0.524448,0.495538,2.945017e-01,1.720277e-01,9.417267e-01,1.303428e-01,1.918822e-04,-7.677769e-03,2.210353e-02,6.303951e-02
7.80750,0.524072,0.495512,2.947242e-01,1.720996e-01,9.417688e-01,1.303375e-01,1.829499e-04,-7.678411e-03,2.210381e-02,6.303479e-02
7.81000,0.523695,0.495487,2.949468e-01,1.721723e-01,9.418093e-01,1.303322e-01,1.738845e-04,-7.678360e-03,2.210406e-02,6.303008e-02
7.81250,0.523319,0.495462,2.951693e-01,1.722458e-01,9.418465e-01,1.303269e-01,1.649370e-04,-7.676872e-03,2.210423e-02,6.302539e-02
7.81500,0.522943,0.495439,2.953919e-01,1.723202e-01,9.418797e-01,1.303216e-01,1.558159e-04,-7.675260e-03,2.210434e-02,6.302071e-02
7.81750,0.522567,0.495416,2.956145e-01,1.723954e-01,9.419079e-01,1.303163e-01,1.465844e-04,-7.673703e-03,2.210441e-02,6.301603e-02
7.82000,0.522190,0.495394,2.958371e-01,1.724714e-01,9.419311e-01,1.303109e-01,1.372484e-04,-7.672200e-03,2.210446e-02,6.301137e-02
7.82250,0.521814,0.495372,2.960598e-01,1.725483e-01,9.419503e-01,1.303056e-01,1.280339e-04,-7.671247e-03,2.210454e-02,6.300672e-02
7.82500,0.521438,0.495352,2.962824e-01,1.726260e-01,9.419668e-01,1.303003e-01,1.185502e-04,-7.671073e-03,2.210466e-02,6.300207e-02
7.82750,0.521061,0.495332,2.965051e-01,1.727045e-01,9.419831e-01,1.302950e-01,1.090504e-04,-7.672888e-03,2.210486e-02,6.299744e-02
7.83000,0.520685,0.495313,2.967278e-01,1.727838e-01,9.420015e-01,1.302897e-01,9.926457e-05,-7.675316e-03,2.210509e-02,6.299281e-02
7.83250,0.520309,0.495294,2.969505e-01,1.728639e-01,9.420232e-01,1.302844e-01,8.943963e-05,-7.676990e-03,2.210532e-02,6.298820e-02
7.83500,0.519932,0.495277,2.971732e-01,1.729449e-01,9.420491e-01,1.302792e-01,7.981790e-05,-7.677633e-03,2.210549e-02,6.298360e-02
7.83750,0.519556,0.495260,2.973959e-01,1.730267e-01,9.420793e-01,1.302739e-01,7.064552e-05,-7.677724e-03,2.210558e-02,6.297900e-02
7.84000,0.519179,0.495244,2.976187e-01,1.731093e-01,9.421133e-01,1.302686e-01,6.174323e-05,-7.678069e-03,2.210560e-02,6.297442e-02
7.84250,0.518803,0.495229,2.978414e-01,1.731927e-01,9.421499e-01,1.302633e-01,5.296847e-05,-7.678469e-03,2.210556e-02,6.296985e-02
7.84500,0.518427,0.495215,2.980642e-01,1.732769e-01,9.421878e-01,1.302581e-01,4.441021e-05,-7.678990e-03,2.210548e-02,6.296530e-02
7.84750,0.518050,0.495201,2.982870e-01,1.733619e-01,9.422257e-01,1.302528e-01,3.616379e-05,-7.679148e-03,2.210537e-02,6.296075e-02
7.85000,0.517674,0.495188,2.985098e-01,1.734478e-01,9.422619e-01,1.302475e-01,2.793711e-05,-7.678669e-03,2.210521e-02,6.295621e-02
7.85250,0.517297,0.495176,2.987326e-01,1.735344e-01,9.422953e-01,1.302423e-01,1.950609e-05,-7.678592e-03,2.210504e-02,6.295169e-02
7.85500,0.516921,0.495164,2.989554e-01,1.736218e-01,9.423249e-01,1.302370e-01,1.109273e-05,-7.679095e-03,2.210488e-02,6.294717e-02
7.85750,0.516545,0.495154,2.991782e-01,1.737101e-01,9.423502e-01,1.302318e-01,2.610438e-06,-7.679510e-03,2.210473e-02,6.294267e-02
7.86000,0.516168,0.495144,2.994013e-01,1.737991e-01,9.423710e-01,1.302266e-01,-6.253321e-06,-7.679481e-03,2.210456e-02,6.293818e-02
7.86250,0.515792,0.495135,2.996282e-01,1.738890e-01,9.423882e-01,1.302213e-01,-1.534614e-05,-7.679179e-03,2.210435e-02,6.293370e-02
7.86500,0.515415,0.495126,2.998551e-01,1.739796e-01,9.424033e-01,1.302161e-01,-2.474097e-05,-7.678288e-03,2.210410e-02,6.292923e-02
7.86750,0.515039,0.495119,3.000820e-01,1.740710e-01,9.424184e-01,1.302108e-01,-3.420539e-05,-7.676501e-03,2.210378e-02,6.292477e-02
7.87000,0.514663,0.495112,3.003088e-01,1.741633e-01,9.424354e-01,1.302056e-01,-4.393165e-05,-7.674542e-03,2.210341e-02,6.292033e-02
7.87250,0.514286,0.495106,3.005356e-01,1.742563e-01,9.424554e-01,1.302004e-01,-5.360133e-05,-7.673075e-03,2.210300e-02,6.291589e-02
7.87500,0.513910,0.495101,3.007624e-01,1.743501e-01,9.424792e-01,1.301952e-01,-6.288326e-05,-7.671798e-03,2.210256e-02,6.291147e-02
7.87750,0.513534,0.495096,3.009892e-01,1.744447e-01,9.425072e-01,1.301899e-01,-7.210911e-05,-7.670394e-03,2.210210e-02,6.290706e-02
7.88000,0.513157,0.495092,3.012160e-01,1.745401e-01,9.425388e-01,1.301847e-01,-8.122287e-05,-7.669154e-03,2.210162e-02,6.290266e-02
7.88250,0.512781,0.495089,3.014427e-01,1.746363e-01,9.425726e-01,1.301795e-01,-8.988346e-05,-7.668550e-03,2.210114e-02,6.289828e-02
7.88500,0.512404,0.495087,3.016695e-01,1.747332e-01,9.426075e-01,1.301743e-01,-9.800860e-05,-7.669846e-03,2.210070e-02,6.289390e-02
7.88750,0.512028,0.495085,3.018962e-01,1.748310e-01,9.426422e-01,1.301691e-01,-1.058665e-04,-7.672670e-03,2.210033e-02,6.288954e-02
7.89000,0.511652,0.495085,3.021228e-01,1.749295e-01,9.426752e-01,1.301639e-01,-1.138759e-04,-7.674899e-03,2.209995e-02,6.288518e-02
7.89250,0.511276,0.495085,3.023495e-01,1.750288e-01,9.427052e-01,1.301587e-01,-1.219221e-04,-7.676826e-03,2.209953e-02,6.288084e-02
7.89500,0.510899,0.495086,3.025761e-01,1.751289e-01,9.427318e-01,1.301535e-01,-1.301329e-04,-7.678465e-03,2.209907e-02,6.287651e-02
7.89750,0.510523,0.495087,3.028027e-01,1.752297e-01,9.427544e-01,1.301484e-01,-1.388332e-04,-7.678905e-03,2.209856e-02,6.287219e-02
7.90000,0.510147,0.495090,3.030293e-01,1.753313e-01,9.427730e-01,1.301432e-01,-1.476663e-04,-7.678508e-03,2.209800e-02,6.286788e-02
7.90250,0.509770,0.495093,3.032559e-01,1.754337e-01,9.427888e-01,1.301380e-01,-1.566051e-04,-7.676796e-03,2.209737e-02,6.286358e-02
7.90500,0.509394,0.495096,3.034824e-01,1.755369e-01,9.428037e-01,1.301328e-01,-1.657895e-04,-7.674873e-03,2.209668e-02,6.285929e-02
7.90750,0.509018,0.495101,3.037089e-01,1.756408e-01,9.428196e-01,1.301277e-01,-1.750210e-04,-7.672881e-03,2.209595e-02,6.285501e-02
7.91000,0.508642,0.495107,3.039354e-01,1.757455e-01,9.428380e-01,1.301225e-01,-1.841465e-04,-7.670824e-03,2.209518e-02,6.285075e-02
7.91250,0.508266,0.495113,3.041618e-01,1.758510e-01,9.428600e-01,1.301173e-01,-1.925275e-04,-7.670218e-03,2.209442e-02,6.284649e-02
7.91500,0.507890,0.495120,3.043883e-01,1.759572e-01,9.428863e-01,1.301122e-01,-2.008540e-04,-7.670566e-03,2.209369e-02,6.284225e-02
7.91750,0.507513,0.495127,3.046147e-01,1.760642e-01,9.429168e-01,1.301070e-01,-2.095773e-04,-7.670618e-03,2.209296e-02,6.283802e-02
7.92000,0.507137,0.495136,3.048411e-01,1.761719e-01,9.429505e-01,1.301019e-01,-2.187948e-04,-7.670341e-03,2.209219e-02,6.283380e-02
7.92250,0.506761,0.495145,3.050674e-01,1.762804e-01,9.429860e-01,1.300967e-01,-2.282107e-04,-7.669589e-03,2.209136e-02,6.282959e-02
7.92500,0.506385,0.495155,3.052937e-01,1.763897e-01,9.430221e-01,1.300916e-01,-2.373373e-04,-7.668840e-03,2.209049e-02,6.282540e-02
7.92750,0.506009,0.495166,3.055200e-01,1.764997e-01,9.430577e-01,1.300865e-01,-2.458781e-04,-7.669117e-03,2.208958e-02,6.282121e-02
7.93000,0.505633,0.495177,3.057463e-01,1.766104e-01,9.430911e-01,1.300813e-01,-2.544680e-04,-7.669243e-03,2.208860e-02,6.281705e-02
7.93250,0.505257,0.495189,3.059725e-01,1.767219e-01,9.431212e-01,1.300762e-01,-2.633757e-04,-7.669013e-03,2.208757e-02,6.281289e-02
7.93500,0.504881,0.495202,3.061988e-01,1.768342e-01,9.431475e-01,1.300711e-01,-2.720012e-04,-7.668689e-03,2.208651e-02,6.280875e-02
7.93750,0.504505,0.495216,3.064249e-01,1.769472e-01,9.431697e-01,1.300660e-01,-2.803597e-04,-7.668037e-03,2.208543e-02,6.280462e-02
7.94000,0.504129,0.495231,3.066511e-01,1.770609e-01,9.431882e-01,1.300608e-01,-2.887062e-04,-7.667539e-03,2.208436e-02,6.280050e-02
7.94250,0.503754,0.495246,3.068772e-01,1.771754e-01,9.432043e-01,1.300557e-01,-2.968512e-04,-7.668308e-03,2.208333e-02,6.279639e-02
7.94500,0.503378,0.495262,3.071033e-01,1.772906e-01,9.432199e-01,1.300506e-01,-3.052527e-04,-7.670060e-03,2.208237e-02,6.279229e-02
7.94750,0.503002,0.495279,3.073294e-01,1.774066e-01,9.432366e-01,1.300455e-01,-3.135520e-04,-7.672022e-03,2.208143e-02,6.278820e-02
7.95000,0.502626,0.495297,3.075554e-01,1.775233e-01,9.432552e-01,1.300404e-01,-3.213372e-04,-7.673310e-03,2.208047e-02,6.278412e-02
7.95250,0.502250,0.495315,3.077814e-01,1.776407e-01,9.432770e-01,1.300353e-01,-3.288860e-04,-7.673896e-03,2.207947e-02,6.278005e-02
7.95500,0.501875,0.495334,3.080074e-01,1.777589e-01,9.433028e-01,1.300302e-01,-3.368993e-04,-7.673537e-03,2.207839e-02,6.277600e-02
7.95750,0.501499,0.495354,3.082333e-01,1.778778e-01,9.433318e-01,1.300251e-01,-3.453587e-04,-7.672861e-03,2.207724e-02,6.277195e-02
7.96000,0.501123,0.495375,3.084592e-01,1.779974e-01,9.433631e-01,1.300201e-01,-3.540805e-04,-7.671779e-03,2.207601e-02,6.276791e-02
7.96250,0.500748,0.495396,3.086851e-01,1.781178e-01,9.433958e-01,1.300150e-01,-3.627180e-04,-7.670728e-03,2.207473e-02,6.276389e-02
7.96500,0.500372,0.495418,3.089109e-01,1.782389e-01,9.434286e-01,1.300099e-01,-3.711712e-04,-7.669441e-03,2.207339e-02,6.275988e-02
7.96750,0.499997,0.495441,3.091367e-01,1.783607e-01,9.434606e-01,1.300048e-01,-3.799526e-04,-7.667376e-03,2.207201e-02,6.275588e-02
7.97000,0.499621,0.495465,3.093625e-01,1.784832e-01,9.434903e-01,1.299998e-01,-3.884711e-04,-7.665870e-03,2.207062e-02,6.275190e-02
7.97250,0.499246,0.495489,3.095882e-01,1.786064e-01,9.435169e-01,1.299947e-01,-3.969066e-04,-7.665803e-03,2.206924e-02,6.274793e-02
7.97500,0.498870,0.495515,3.098139e-01,1.787304e-01,9.435400e-01,1.299897e-01,-4.052624e-04,-7.666545e-03,2.206787e-02,6.274397e-02
7.97750,0.498495,0.495541,3.100396e-01,1.788551e-01,9.435596e-01,1.299846e-01,-4.132421e-04,-7.667750e-03,2.206650e-02,6.274003e-02
7.98000,0.498120,0.495567,3.102652e-01,1.789805e-01,9.435763e-01,1.299796e-01,-4.216060e-04,-7.668200e-03,2.206509e-02,6.273610e-02
7.98250,0.497744,0.495595,3.104909e-01,1.791066e-01,9.435916e-01,1.299745e-01,-4.297474e-04,-7.668131e-03,2.206362e-02,6.273218e-02
7.98500,0.497369,0.495623,3.107164e-01,1.792334e-01,9.436070e-01,1.299695e-01,-4.377354e-04,-7.667344e-03,2.206206e-02,6.272828e-02
7.98750,0.496994,0.495652,3.109420e-01,1.793609e-01,9.436235e-01,1.299645e-01,-4.457716e-04,-7.666106e-03,2.206046e-02,6.272439e-02
7.99000,0.496619,0.495682,3.111675e-01,1.794892e-01,9.436423e-01,1.299594e-01,-4.538928e-04,-7.664809e-03,2.205885e-02,6.272051e-02
7.99250,0.496244,0.495713,3.113929e-01,1.796181e-01,9.436644e-01,1.299544e-01,-4.619855e-04,-7.663009e-03,2.205719e-02,6.271664e-02
7.99500,0.495869,0.495744,3.116184e-01,1.797478e-01,9.436900e-01,1.299494e-01,-4.702767e-04,-7.660742e-03,2.205550e-02,6.271279e-02
7.99750,0.495494,0.495776,3.118437e-01,1.798781e-01,9.437183e-01,1.299444e-01,-4.787673e-04,-7.658484e-03,2.205378e-02,6.270894e-02
8.00000,0.495119,0.495809,3.120691e-01,1.800092e-01,9.437486e-01,1.299394e-01,-4.874011e-04,-7.656737e-03,2.205205e-02,6.270511e-02
8.00250,0.494744,0.495843,3.122944e-01,1.801409e-01,9.437798e-01,1.299343e-01,-4.956498e-04,-7.656798e-03,2.205038e-02,6.270129e-02
8.00500,0.494369,0.495877,3.125197e-01,1.802734e-01,9.438111e-01,1.299293e-01,-5.037421e-04,-7.658113e-03,2.204877e-02,6.269748e-02
8.00750,0.493994,0.495912,3.127449e-01,1.804065e-01,9.438412e-01,1.299243e-01,-5.120015e-04,-7.659801e-03,2.204719e-02,6.269368e-02
8.01000,0.493620,0.495948,3.129702e-01,1.805403e-01,9.438689e-01,1.299193e-01,-5.204130e-04,-7.660751e-03,2.204556e-02,6.268990e-02
8.01250,0.493245,0.495985,3.131953e-01,1.806749e-01,9.438935e-01,1.299143e-01,-5.290286e-04,-7.660972e-03,2.204386e-02,6.268613e-02
8.01500,0.492870,0.496022,3.134205e-01,1.808101e-01,9.439147e-01,1.299093e-01,-5.375643e-04,-7.660721e-03,2.204210e-02,6.268237e-02
8.01750,0.492496,0.496060,3.136455e-01,1.809460e-01,9.439329e-01,1.299044e-01,-5.454887e-04,-7.660859e-03,2.204027e-02,6.267862e-02
8.02000,0.492121,0.496099,3.138706e-01,1.810826e-01,9.439489e-01,1.298994e-01,-5.530140e-04,-7.660736e-03,2.203836e-02,6.267489e-02
8.02250,0.491747,0.496139,3.140956e-01,1.812198e-01,9.439640e-01,1.298944e-01,-5.604276e-04,-7.660257e-03,2.203638e-02,6.267117e-02
8.02500,0.491372,0.496180,3.143206e-01,1.813578e-01,9.439796e-01,1.298894e-01,-5.679828e-04,-7.659470e-03,2.203435e-02,6.266747e-02
8.02750,0.490998,0.496221,3.145455e-01,1.814964e-01,9.439966e-01,1.298845e-01,-5.754943e-04,-7.658233e-03,2.203229e-02,6.266378e-02
8.03000,0.490624,0.496263,3.147704e-01,1.816357e-01,9.440161e-01,1.298795e-01,-5.829101e-04,-7.657410e-03,2.203023e-02,6.266011e-02
8.03250,0.490249,0.496306,3.149953e-01,1.817757e-01,9.440388e-01,1.298745e-01,-5.905625e-04,-7.656765e-03,2.202821e-02,6.265644e-02
8.03500,0.489875,0.496349,3.152201e-01,1.819164e-01,9.440646e-01,1.298696e-01,-5.987222e-04,-7.655922e-03,2.202619e-02,6.265279e-02
8.03750,0.489501,0.496393,3.154448e-01,1.820577e-01,9.440926e-01,1.298646e-01,-6.070872e-04,-7.655244e-03,2.202415e-02,6.264916e-02
8.04000,0.489127,0.496439,3.156696e-01,1.821997e-01,9.441223e-01,1.298597e-01,-6.156105e-04,-7.653744e-03,2.202204e-02,6.264553e-02
8.04250,0.488753,0.496484,3.158943e-01,1.823424e-01,9.441524e-01,1.298548e-01,-6.241241e-04,-7.651897e-03,2.201988e-02,6.264192e-02
8.04500,0.488379,0.496531,3.161189e-01,1.824857e-01,9.441823e-01,1.298498e-01,-6.322186e-04,-7.650308e-03,2.201767e-02,6.263832e-02
8.04750,0.488005,0.496578,3.163435e-01,1.826297e-01,9.442108e-01,1.298449e-01,-6.407185e-04,-7.648181e-03,2.201539e-02,6.263474e-02
8.05000,0.487632,0.496626,3.165681e-01,1.827744e-01,9.442368e-01,1.298400e-01,-6.493410e-04,-7.645624e-03,2.201305e-02,6.263117e-02
8.05250,0.487258,0.496675,3.167926e-01,1.829197e-01,9.442601e-01,1.298350e-01,-6.575895e-04,-7.643141e-03,2.201067e-02,6.262761e-02
8.05500,0.486884,0.496725,3.170171e-01,1.830657e-01,9.442806e-01,1.298301e-01,-6.654303e-04,-7.641144e-03,2.200826e-02,6.262407e-02
8.05750,0.486511,0.496775,3.172415e-01,1.832124e-01,9.442991e-01,1.298252e-01,-6.733774e-04,-7.639656e-03,2.200587e-02,6.262054e-02
8.06000,0.486137,0.496826,3.174659e-01,1.833597e-01,9.443164e-01,1.298203e-01,-6.810814e-04,-7.639778e-03,2.200353e-02,6.261702e-02
8.06250,0.485764,0.496878,3.176903e-01,1.835076e-01,9.443336e-01,1.298154e-01,-6.885469e-04,-7.641717e-03,2.200126e-02,6.261352e-02
8.06500,0.485390,0.496931,3.179146e-01,1.836563e-01,9.443518e-01,1.298105e-01,-6.958947e-04,-7.644324e-03,2.199902e-02,6.261003e-02
8.06750,0.485017,0.496984,3.181389e-01,1.838055e-01,9.443719e-01,1.298056e-01,-7.033080e-04,-7.646690e-03,2.199677e-02,6.260656e-02
8.07000,0.484644,0.497039,3.183631e-01,1.839554e-01,9.443945e-01,1.298007e-01,-7.109474e-04,-7.648403e-03,2.199447e-02,6.260309e-02
8.07250,0.484270,0.497094,3.185873e-01,1.841060e-01,9.444198e-01,1.297958e-01,-7.187695e-04,-7.649288e-03,2.199212e-02,6.259964e-02
8.07500,0.483897,0.497149,3.188115e-01,1.842572e-01,9.444475e-01,1.297909e-01,-7.264754e-04,-7.649645e-03,2.198969e-02,6.259620e-02
8.07750,0.483524,0.497206,3.190356e-01,1.844091e-01,9.444769e-01,1.297860e-01,-7.342091e-04,-7.649335e-03,2.198720e-02,6.259278e-02
8.08000,0.483151,0.497263,3.192596e-01,1.845616e-01,9.445071e-01,1.297812e-01,-7.419065e-04,-7.648423e-03,2.198465e-02,6.258937e-02
8.08250,0.482779,0.497321,3.194837e-01,1.847147e-01,9.445372e-01,1.297763e-01,-7.498756e-04,-7.647101e-03,2.198207e-02,6.258597e-02
8.08500,0.482406,0.497380,3.197076e-01,1.848685e-01,9.445665e-01,1.297714e-01,-7.578395e-04,-7.645411e-03,2.197945e-02,6.258258e-02
8.08750,0.482033,0.497439,3.199316e-01,1.850229e-01,9.445939e-01,1.297665e-01,-7.656616e-04,-7.643196e-03,2.197679e-02,6.257921e-02
8.09000,0.481660,0.497500,3.201554e-01,1.851779e-01,9.446187e-01,1.297617e-01,-7.732919e-04,-7.641520e-03,2.197411e-02,6.257585e-02
8.09250,0.481288,0.497561,3.203793e-01,1.853336e-01,9.446409e-01,1.297568e-01,-7.811494e-04,-7.640828e-03,2.197142e-02,6.257251e-02
8.09500,0.480915,0.497622,3.206031e-01,1.854899e-01,9.446608e-01,1.297520e-01,-7.893696e-04,-7.639968e-03,2.196870e-02,6.256918e-02
8.09750,0.480543,0.497685,3.208268e-01,1.856469e-01,9.446794e-01,1.297471e-01,-7.976338e-04,-7.638553e-03,2.196592e-02,6.256586e-02
8.10000,0.480171,0.497748,3.210505e-01,1.858044e-01,9.446974e-01,1.297423e-01,-8.057851e-04,-7.636463e-03,2.196309e-02,6.256257e-02
8.10250,0.479798,0.497812,3.212742e-01,1.859626e-01,9.447156e-01,1.297375e-01,-8.136493e-04,-7.633954e-03,2.196018e-02,6.255928e-02
8.10500,0.479426,0.497877,3.214978e-01,1.861214e-01,9.447351e-01,1.297326e-01,-8.214740e-04,-7.631755e-03,2.195723e-02,6.255602e-02
8.10750,0.479054,0.497943,3.217214e-01,1.862809e-01,9.447565e-01,1.297278e-01,-8.292682e-04,-7.630393e-03,2.195425e-02,6.255277e-02
8.11000,0.478682,0.498009,3.219449e-01,1.864410e-01,9.447802e-01,1.297230e-01,-8.368668e-04,-7.629159e-03,2.195123e-02,6.254953e-02
8.11250,0.478310,0.498076,3.221684e-01,1.866016e-01,9.448060e-01,1.297182e-01,-8.445244e-04,-7.627693e-03,2.194817e-02,6.254632e-02
8.11500,0.477938,0.498144,3.223919e-01,1.867629e-01,9.448337e-01,1.297134e-01,-8.524486e-04,-7.626048e-03,2.194508e-02,6.254311e-02
8.11750,0.477567,0.498213,3.226152e-01,1.869249e-01,9.448625e-01,1.297086e-01,-8.601797e-04,-7.624941e-03,2.194200e-02,6.253993e-02
8.12000,0.477195,0.498282,3.228386e-01,1.870874e-01,9.448916e-01,1.297038e-01,-8.673960e-04,-7.624244e-03,2.193893e-02,6.253675e-02
8.12250,0.476823,0.498352,3.230619e-01,1.872505e-01,9.449202e-01,1.296990e-01,-8.744149e-04,-7.624175e-03,2.193593e-02,6.253359e-02
8.12500,0.476452,0.498423,3.232851e-01,1.874143e-01,9.449476e-01,1.296942e-01,-8.815099e-04,-7.624502e-03,2.193297e-02,6.253045e-02
8.12750,0.476081,0.498495,3.235083e-01,1.875786e-01,9.449728e-01,1.296894e-01,-8.889611e-04,-7.624460e-03,2.193000e-02,6.252731e-02
8.13000,0.475709,0.498567,3.237315e-01,1.877436e-01,9.449956e-01,1.296846e-01,-8.967542e-04,-7.624180e-03,2.192701e-02,6.252419e-02
8.13250,0.475338,0.498641,3.239546e-01,1.879092e-01,9.450159e-01,1.296798e-01,-9.047560e-04,-7.623154e-03,2.192396e-02,6.252108e-02
8.13500,0.474967,0.498715,3.241777e-01,1.880754e-01,9.450346e-01,1.296750e-01,-9.125005e-04,-7.622313e-03,2.192084e-02,6.251798e-02
8.13750,0.474596,0.498789,3.244007e-01,1.882421e-01,9.450526e-01,1.296702e-01,-9.200981e-04,-7.620984e-03,2.191765e-02,6.251490e-02
8.14000,0.474225,0.498865,3.246237e-01,1.884095e-01,9.450702e-01,1.296655e-01,-9.276147e-04,-7.619716e-03,2.191439e-02,6.251183e-02
8.14250,0.473854,0.498941,3.248466e-01,1.885775e-01,9.450885e-01,1.296607e-01,-9.351208e-04,-7.618475e-03,2.191110e-02,6.250878e-02
8.14500,0.473483,0.499018,3.250695e-01,1.887461e-01,9.451081e-01,1.296560e-01,-9.429017e-04,-7.617149e-03,2.190778e-02,6.250574e-02
8.14750,0.473113,0.499096,3.252923e-01,1.889153e-01,9.451294e-01,1.296512e-01,-9.509553e-04,-7.615672e-03,2.190445e-02,6.250272e-02
8.15000,0.472742,0.499174,3.255151e-01,1.890850e-01,9.451526e-01,1.296464e-01,-9.589738e-04,-7.614874e-03,2.190110e-02,6.249972e-02
8.15250,0.472372,0.499253,3.257378e-01,1.892554e-01,9.451774e-01,1.296417e-01,-9.669888e-04,-7.615257e-03,2.189775e-02,6.249673e-02
8.15500,0.472001,0.499333,3.259605e-01,1.894263e-01,9.452036e-01,1.296370e-01,-9.746387e-04,-7.615625e-03,2.189438e-02,6.249376e-02
8.15750,0.471631,0.499414,3.261832e-01,1.895979e-01,9.452304e-01,1.296322e-01,-9.818323e-04,-7.615743e-03,2.189096e-02,6.249080e-02
8.16000,0.471261,0.499496,3.264058e-01,1.897700e-01,9.452571e-01,1.296275e-01,-9.888995e-04,-7.615453e-03,2.188748e-02,6.248786e-02
8.16250,0.470891,0.499578,3.266283e-01,1.899427e-01,9.452831e-01,1.296228e-01,-9.962124e-04,-7.614638e-03,2.188397e-02,6.248494e-02
8.16500,0.470521,0.499661,3.268508e-01,1.901160e-01,9.453078e-01,1.296181e-01,-1.003654e-03,-7.612784e-03,2.188039e-02,6.248203e-02
8.16750,0.470151,0.499745,3.270733e-01,1.902899e-01,9.453303e-01,1.296133e-01,-1.011018e-03,-7.609804e-03,2.187675e-02,6.247914e-02
8.17000,0.469781,0.499829,3.272957e-01,1.904643e-01,9.453505e-01,1.296086e-01,-1.018232e-03,-7.607032e-03,2.187308e-02,6.247626e-02
8.17250,0.469412,0.499915,3.275181e-01,1.906393e-01,9.453690e-01,1.296039e-01,-1.025184e-03,-7.604530e-03,2.186938e-02,6.247340e-02
8.17500,0.469042,0.500001,3.277404e-01,1.908149e-01,9.453868e-01,1.295992e-01,-1.032435e-03,-7.602172e-03,2.186569e-02,6.247055e-02
8.17750,0.468673,0.500088,3.279626e-01,1.909911e-01,9.454043e-01,1.295945e-01,-1.039828e-03,-7.600157e-03,2.186202e-02,6.246772e-02
8.18000,0.468303,0.500175,3.281849e-01,1.911679e-01,9.454219e-01,1.295898e-01,-1.047020e-03,-7.599130e-03,2.185837e-02,6.246490e-02
8.18250,0.467934,0.500264,3.284070e-01,1.913452e-01,9.454404e-01,1.295851e-01,-1.054227e-03,-7.599148e-03,2.185475e-02,6.246210e-02
8.18500,0.467565,0.500353,3.286292e-01,1.915231e-01,9.454602e-01,1.295805e-01,-1.061738e-03,-7.599263e-03,2.185114e-02,6.245931e-02
8.18750,0.467196,0.500443,3.288512e-01,1.917016e-01,9.454818e-01,1.295758e-01,-1.069404e-03,-7.599068e-03,2.184749e-02,6.245653e-02
8.19000,0.466827,0.500533,3.290733e-01,1.918806e-01,9.455048e-01,1.295711e-01,-1.077053e-03,-7.598549e-03,2.184380e-02,6.245377e-02
8.19250,0.466458,0.500625,3.292953e-01,1.920602e-01,9.455292e-01,1.295664e-01,-1.084229e-03,-7.597457e-03,2.184005e-02,6.245103e-02
8.19500,0.466089,0.500717,3.295172e-01,1.922404e-01,9.455544e-01,1.295618e-01,-1.091411e-03,-7.595927e-03,2.183623e-02,6.244830e-02
8.19750,0.465721,0.500810,3.297391e-01,1.924211e-01,9.455802e-01,1.295571e-01,-1.098750e-03,-7.594422e-03,2.183234e-02,6.244560e-02
8.20000,0.465352,0.500903,3.299609e-01,1.926024e-01,9.456058e-01,1.295525e-01,-1.106082e-03,-7.593465e-03,2.182841e-02,6.244290e-02
8.20250,0.464984,0.500998,3.301827e-01,1.927842e-01,9.456307e-01,1.295478e-01,-1.113398e-03,-7.592620e-03,2.182446e-02,6.244023e-02
8.20500,0.464616,0.501093,3.304044e-01,1.929666e-01,9.456539e-01,1.295432e-01,-1.120896e-03,-7.591001e-03,2.182046e-02,6.243757e-02
8.20750,0.464248,0.501189,3.306261e-01,1.931496e-01,9.456752e-01,1.295385e-01,-1.128278e-03,-7.589224e-03,2.181643e-02,6.243493e-02
8.21000,0.463880,0.501285,3.308478e-01,1.933331e-01,9.456946e-01,1.295339e-01,-1.135402e-03,-7.588467e-03,2.181240e-02,6.243230e-02
8.21250,0.463512,0.501383,3.310694e-01,1.935172e-01,9.457131e-01,1.295293e-01,-1.142564e-03,-7.588408e-03,2.180840e-02,6.242969e-02
8.21500,0.463144,0.501481,3.312909e-01,1.937018e-01,9.457313e-01,1.295247e-01,-1.150164e-03,-7.587296e-03,2.180437e-02,6.242710e-02
8.21750,0.462776,0.501580,3.315124e-01,1.938870e-01,9.457496e-01,1.295200e-01,-1.157853e-03,-7.585576e-03,2.180030e-02,6.242452e-02
8.22000,0.462409,0.501679,3.317338e-01,1.940727e-01,9.457681e-01,1.295154e-01,-1.165769e-03,-7.583436e-03,2.179618e-02,6.242196e-02
8.22250,0.462041,0.501780,3.319552e-01,1.942589e-01,9.457874e-01,1.295108e-01,-1.173838e-03,-7.580349e-03,2.179201e-02,6.241942e-02
8.22500,0.461674,0.501881,3.321765e-01,1.944457e-01,9.458080e-01,1.295062e-01,-1.181731e-03,-7.577649e-03,2.178779e-02,6.241689e-02
8.22750,0.461307,0.501983,3.323978e-01,1.946331e-01,9.458300e-01,1.295016e-01,-1.189043e-03,-7.575639e-03,2.178355e-02,6.241438e-02
8.23000,0.460939,0.502086,3.326190e-01,1.948210e-01,9.458533e-01,1.294970e-01,-1.196076e-03,-7.573557e-03,2.177925e-02,6.241188e-02
8.23250,0.460572,0.502189,3.328402e-01,1.950094e-01,9.458773e-01,1.294924e-01,-1.203326e-03,-7.571263e-03,2.177492e-02,6.240940e-02
8.23500,0.460206,0.502293,3.330613e-01,1.951984e-01,9.459021e-01,1.294878e-01,-1.210643e-03,-7.568881e-03,2.177058e-02,6.240694e-02
8.23750,0.459839,0.502398,3.332824e-01,1.953879e-01,9.459273e-01,1.294833e-01,-1.218059e-03,-7.566130e-03,2.176623e-02,6.240449e-02
8.24000,0.459472,0.502504,3.335034e-01,1.955779e-01,9.459523e-01,1.294787e-01,-1.225374e-03,-7.563957e-03,2.176189e-02,6.240207e-02
8.24250,0.459106,0.502610,3.337244e-01,1.957685e-01,9.459762e-01,1.294741e-01,-1.232657e-03,-7.563453e-03,2.175761e-02,6.239966e-02
8.24500,0.458739,0.502718,3.339453e-01,1.959596e-01,9.459983e-01,1.294696e-01,-1.239901e-03,-7.564674e-03,2.175339e-02,6.239726e-02
8.24750,0.458373,0.502826,3.341662e-01,1.961512e-01,9.460186e-01,1.294650e-01,-1.246981e-03,-7.566158e-03,2.174919e-02,6.239488e-02
8.25000,0.458007,0.502934,3.343870e-01,1.963434e-01,9.460377e-01,1.294604e-01,-1.254144e-03,-7.567067e-03,2.174495e-02,6.239252e-02
8.25250,0.457641,0.503044,3.346077e-01,1.965361e-01,9.460564e-01,1.294559e-01,-1.261425e-03,-7.567458e-03,2.174064e-02,6.239017e-02
8.25500,0.457275,0.503154,3.348284e-01,1.967293e-01,9.460752e-01,1.294513e-01,-1.268728e-03,-7.566758e-03,2.173626e-02,6.238784e-02
8.25750,0.456909,0.503265,3.350491e-01,1.969231e-01,9.460940e-01,1.294468e-01,-1.276199e-03,-7.565059e-03,2.173182e-02,6.238552e-02
8.26000,0.456544,0.503377,3.352697e-01,1.971173e-01,9.461130e-01,1.294423e-01,-1.283564e-03,-7.562788e-03,2.172731e-02,6.238323e-02
8.26250,0.456178,0.503489,3.354902e-01,1.973121e-01,9.461328e-01,1.294377e-01,-1.290583e-03,-7.559855e-03,2.172274e-02,6.238095e-02
8.26500,0.455813,0.503602,3.357107e-01,1.975074e-01,9.461538e-01,1.294332e-01,-1.297232e-03,-7.556972e-03,2.171814e-02,6.237868e-02
8.26750,0.455448,0.503716,3.359311e-01,1.977033e-01,9.461760e-01,1.294287e-01,-1.304044e-03,-7.554376e-03,2.171354e-02,6.237644e-02
8.27000,0.455083,0.503831,3.361515e-01,1.978996e-01,9.461989e-01,1.294242e-01,-1.310792e-03,-7.551725e-03,2.170892e-02,6.237421e-02
8.27250,0.454718,0.503947,3.363718e-01,1.980965e-01,9.462226e-01,1.294197e-01,-1.317584e-03,-7.549953e-03,2.170431e-02,6.237199e-02
8.27500,0.454353,0.504063,3.365921e-01,1.982938e-01,9.462470e-01,1.294151e-01,-1.324915e-03,-7.548086e-03,2.169969e-02,6.236980e-02
8.27750,0.453988,0.504180,3.368123e-01,1.984917e-01,9.462716e-01,1.294106e-01,-1.332310e-03,-7.546005e-03,2.169504e-02,6.236762e-02
8.28000,0.453624,0.504298,3.370324e-01,1.986901e-01,9.462959e-01,1.294061e-01,-1.339806e-03,-7.543726e-03,2.169035e-02,6.236546e-02
8.28250,0.453259,0.504416,3.372525e-01,1.988891e-01,9.463188e-01,1.294017e-01,-1.347324e-03,-7.541129e-03,2.168560e-02,6.236332e-02
8.28500,0.452895,0.504535,3.374726e-01,1.990885e-01,9.463398e-01,1.293972e-01,-1.354960e-03,-7.537987e-03,2.168079e-02,6.236120e-02
8.28750,0.452531,0.504655,3.376926e-01,1.992884e-01,9.463594e-01,1.293927e-01,-1.362800e-03,-7.534918e-03,2.167591e-02,6.235910e-02
8.29000,0.452167,0.504776,3.379125e-01,1.994888e-01,9.463784e-01,1.293882e-01,-1.370391e-03,-7.532593e-03,2.167101e-02,6.235702e-02
8.29250,0.451803,0.504898,3.381324e-01,1.996898e-01,9.463974e-01,1.293837e-01,-1.377727e-03,-7.531199e-03,2.166611e-02,6.235496e-02
8.29500,0.451439,0.505020,3.383522e-01,1.998912e-01,9.464166e-01,1.293793e-01,-1.384942e-03,-7.529836e-03,2.166121e-02,6.235291e-02
8.29750,0.451076,0.505143,3.385720e-01,2.000932e-01,9.464357e-01,1.293748e-01,-1.392107e-03,-7.528309e-03,2.165631e-02,6.235089e-02
8.30000,0.450712,0.505266,3.387917e-01,2.002956e-01,9.464551e-01,1.293704e-01,-1.399095e-03,-7.526922e-03,2.165143e-02,6.234888e-02
8.30250,0.450349,0.505391,3.390114e-01,2.004986e-01,9.464752e-01,1.293659e-01,-1.406050e-03,-7.525611e-03,2.164655e-02,6.234688e-02
8.30500,0.449986,0.505516,3.392310e-01,2.007020e-01,9.464963e-01,1.293615e-01,-1.412880e-03,-7.524674e-03,2.164169e-02,6.234491e-02
8.30750,0.449623,0.505642,3.394505e-01,2.009059e-01,9.465183e-01,1.293570e-01,-1.419504e-03,-7.523937e-03,2.163686e-02,6.234295e-02
8.31000,0.449260,0.505769,3.396700e-01,2.011104e-01,9.465409e-01,1.293526e-01,-1.425963e-03,-7.523333e-03,2.163202e-02,6.234100e-02
8.31250,0.448897,0.505896,3.398894e-01,2.013153e-01,9.465643e-01,1.293481e-01,-1.432675e-03,-7.522232e-03,2.162715e-02,6.233907e-02
8.31500,0.448534,0.506025,3.401088e-01,2.015207e-01,9.465882e-01,1.293437e-01,-1.439696e-03,-7.520258e-03,2.162223e-02,6.233716e-02
8.31750,0.448172,0.506154,3.403281e-01,2.017266e-01,9.466121e-01,1.293393e-01,-1.446837e-03,-7.517930e-03,2.161725e-02,6.233526e-02
8.32000,0.447810,0.506283,3.405474e-01,2.019330e-01,9.466354e-01,1.293349e-01,-1.454017e-03,-7.515934e-03,2.161224e-02,6.233338e-02
8.32250,0.447448,0.506414,3.407666e-01,2.021399e-01,9.466570e-01,1.293304e-01,-1.461239e-03,-7.514505e-03,2.160720e-02,6.233152e-02
8.32500,0.447085,0.506545,3.409857e-01,2.023473e-01,9.466772e-01,1.293260e-01,-1.468638e-03,-7.513086e-03,2.160214e-02,6.232967e-02
8.32750,0.446724,0.506677,3.412048e-01,2.025551e-01,9.466965e-01,1.293216e-01,-1.476131e-03,-7.511089e-03,2.159704e-02,6.232785e-02
8.33000,0.446362,0.506810,3.414239e-01,2.027634e-01,9.467157e-01,1.293172e-01,-1.483523e-03,-7.508992e-03,2.159192e-02,6.232604e-02
8.33250,0.446000,0.506943,3.416429e-01,2.029723e-01,9.467352e-01,1.293128e-01,-1.490974e-03,-7.506892e-03,2.158678e-02,6.232425e-02
8.33500,0.445639,0.507077,3.418618e-01,2.031816e-01,9.467547e-01,1.293084e-01,-1.498441e-03,-7.505297e-03,2.158162e-02,6.232249e-02
8.33750,0.445278,0.507212,3.420807e-01,2.033913e-01,9.467742e-01,1.293041e-01,-1.505845e-03,-7.503907e-03,2.157644e-02,6.232074e-02
8.34000,0.444916,0.507348,3.422995e-01,2.036016e-01,9.467940e-01,1.292997e-01,-1.512991e-03,-7.501702e-03,2.157120e-02,6.231901e-02
8.34250,0.444555,0.507484,3.425183e-01,2.038123e-01,9.468143e-01,1.292953e-01,-1.519900e-03,-7.499013e-03,2.156591e-02,6.231731e-02
8.34500,0.444195,0.507622,3.427370e-01,2.040235e-01,9.468356e-01,1.292909e-01,-1.526570e-03,-7.496422e-03,2.156059e-02,6.231562e-02
8.34750,0.443834,0.507760,3.429557e-01,2.042352e-01,9.468574e-01,1.292866e-01,-1.533090e-03,-7.493976e-03,2.155525e-02,6.231395e-02
8.35000,0.443473,0.507898,3.431742e-01,2.044474e-01,9.468797e-01,1.292822e-01,-1.539506e-03,-7.491064e-03,2.154990e-02,6.231230e-02
8.35250,0.443113,0.508038,3.433928e-01,2.046600e-01,9.469027e-01,1.292779e-01,-1.545701e-03,-7.487605e-03,2.154450e-02,6.231067e-02
8.35500,0.442753,0.508178,3.436113e-01,2.048731e-01,9.469258e-01,1.292735e-01,-1.552158e-03,-7.483476e-03,2.153907e-02,6.230906e-02
8.35750,0.442393,0.508319,3.438297e-01,2.050867e-01,9.469487e-01,1.292692e-01,-1.558788e-03,-7.479987e-03,2.153365e-02,6.230747e-02
8.36000,0.442033,0.508460,3.440480e-01,2.053007e-01,9.469706e-01,1.292648e-01,-1.565564e-03,-7.476298e-03,2.152821e-02,6.230589e-02
8.36250,0.441673,0.508603,3.442663e-01,2.055152e-01,9.469910e-01,1.292605e-01,-1.572491e-03,-7.473210e-03,2.152279e-02,6.230433e-02
8.36500,0.441314,0.508746,3.444846e-01,2.057302e-01,9.470104e-01,1.292562e-01,-1.579523e-03,-7.471423e-03,2.151741e-02,6.230279e-02
8.36750,0.440954,0.508890,3.447028e-01,2.059456e-01,9.470296e-01,1.292518e-01,-1.586731e-03,-7.470816e-03,2.151208e-02,6.230127e-02
8.37000,0.440595,0.509035,3.449209e-01,2.061615e-01,9.470492e-01,1.292475e-01,-1.594181e-03,-7.470209e-03,2.150676e-02,6.229976e-02
8.37250,0.440236,0.509180,3.451390e-01,2.063778e-01,9.470691e-01,1.292432e-01,-1.601955e-03,-7.469165e-03,2.150142e-02,6.229828e-02
8.37500,0.439877,0.509326,3.453570e-01,2.065946e-01,9.470891e-01,1.292389e-01,-1.609695e-03,-7.467900e-03,2.149605e-02,6.229681e-02
8.37750,0.439518,0.509473,3.455749e-01,2.068119e-01,9.471091e-01,1.292346e-01,-1.617112e-03,-7.465745e-03,2.149063e-02,6.229536e-02
8.38000,0.439160,0.509621,3.457928e-01,2.070296e-01,9.471293e-01,1.292303e-01,-1.624270e-03,-7.463097e-03,2.148515e-02,6.229393e-02
8.38250,0.438801,0.509769,3.460106e-01,2.072478e-01,9.471500e-01,1.292260e-01,-1.631191e-03,-7.461274e-03,2.147965e-02,6.229252e-02
8.38500,0.438443,0.509918,3.462284e-01,2.074665e-01,9.471713e-01,1.292217e-01,-1.637921e-03,-7.459828e-03,2.147413e-02,6.229113e-02
8.38750,0.438085,0.510068,3.464461e-01,2.076856e-01,9.471928e-01,1.292174e-01,-1.644571e-03,-7.458212e-03,2.146859e-02,6.228976e-02
8.39000,0.437727,0.510218,3.466637e-01,2.079051e-01,9.472149e-01,1.292132e-01,-1.651034e-03,-7.456475e-03,2.146304e-02,6.228840e-02
8.39250,0.437369,0.510370,3.468813e-01,2.081251e-01,9.472371e-01,1.292089e-01,-1.657456e-03,-7.454576e-03,2.145747e-02,6.228707e-02
8.39500,0.437011,0.510522,3.470988e-01,2.083455e-01,9.472591e-01,1.292046e-01,-1.664047e-03,-7.452485e-03,2.145204e-02,6.228575e-02
8.39750,0.436654,0.510675,3.473162e-01,2.085664e-01,9.472806e-01,1.292004e-01,-1.670899e-03,-7.450200e-03,2.144643e-02,6.228446e-02
8.40000,0.436296,0.510828,3.475336e-01,2.087878e-01,9.473011e-01,1.291961e-01,-1.677813e-03,-7.447699e-03,2.144080e-02,6.228318e-02
8.40250,0.435939,0.510982,3.477509e-01,2.090096e-01,9.473206e-01,1.291919e-01,-1.684749e-03,-7.444450e-03,2.143515e-02,6.228192e-02
8.40500,0.435582,0.511137,3.479682e-01,2.092318e-01,9.473398e-01,1.291876e-01,-1.691686e-03,-7.441088e-03,2.142946e-02,6.228069e-02
8.40750,0.435226,0.511293,3.481854e-01,2.094545e-01,9.473595e-01,1.291834e-01,-1.698852e-03,-7.437437e-03,2.142375e-02,6.227947e-02
8.41000,0.434869,0.511450,3.484025e-01,2.096776e-01,9.473798e-01,1.291792e-01,-1.706099e-03,-7.433642e-03,2.141799e-02,6.227827e-02
8.41250,0.434513,0.511607,3.486196e-01,2.099012e-01,9.474006e-01,1.291749e-01,-1.713238e-03,-7.430098e-03,2.141221e-02,6.227709e-02
8.41500,0.434156,0.511765,3.488366e-01,2.101252e-01,9.474215e-01,1.291707e-01,-1.720216e-03,-7.427201e-03,2.140643e-02,6.227593e-02
8.41750,0.433800,0.511924,3.490535e-01,2.103496e-01,9.474423e-01,1.291665e-01,-1.727318e-03,-7.424430e-03,2.140065e-02,6.227479e-02
8.42000,0.433444,0.512083,3.492704e-01,2.105745e-01,9.474632e-01,1.291623e-01,-1.734240e-03,-7.421418e-03,2.139485e-02,6.227367e-02
8.42250,0.433088,0.512243,3.494872e-01,2.107998e-01,9.474843e-01,1.291581e-01,-1.741122e-03,-7.418450e-03,2.138905e-02,6.227257e-02
8.42500,0.432733,0.512404,3.497040e-01,2.110256e-01,9.475055e-01,1.291539e-01,-1.748044e-03,-7.415578e-03,2.138326e-02,6.227149e-02
8.42750,0.432377,0.512566,3.499207e-01,2.112518e-01,9.475269e-01,1.291497e-01,-1.754931e-03,-7.413078e-03,2.137748e-02,6.227043e-02
8.43000,0.432022,0.512728,3.501378e-01,2.114784e-01,9.475484e-01,1.291455e-01,-1.761700e-03,-7.411534e-03,2.137173e-02,6.226939e-02
8.43250,0.431667,0.512891,3.503549e-01,2.117054e-01,9.475698e-01,1.291413e-01,-1.768322e-03,-7.410738e-03,2.136600e-02,6.226837e-02
8.43500,0.431312,0.513055,3.505719e-01,2.119329e-01,9.475907e-01,1.291371e-01,-1.775058e-03,-7.409618e-03,2.136025e-02,6.226737e-02
8.43750,0.430958,0.513220,3.507888e-01,2.121608e-01,9.476111e-01,1.291329e-01,-1.782073e-03,-7.407951e-03,2.135447e-02,6.226639e-02
8.44000,0.430603,0.513385,3.510057e-01,2.123892e-01,9.476309e-01,1.291288e-01,-1.789183e-03,-7.405760e-03,2.134866e-02,6.226543e-02
8.44250,0.430249,0.513551,3.512225e-01,2.126179e-01,9.476503e-01,1.291246e-01,-1.796597e-03,-7.402946e-03,2.134283e-02,6.226448e-02
8.44500,0.429895,0.513718,3.514393e-01,2.128471e-01,9.476702e-01,1.291204e-01,-1.804231e-03,-7.399729e-03,2.133697e-02,6.226356e-02
8.44750,0.429541,0.513886,3.516559e-01,2.130768e-01,9.476909e-01,1.291163e-01,-1.811787e-03,-7.396199e-03,2.133109e-02,6.226265e-02
8.45000,0.429187,0.514054,3.518725e-01,2.133068e-01,9.477123e-01,1.291121e-01,-1.819269e-03,-7.392485e-03,2.132518e-02,6.226177e-02
8.45250,0.428833,0.514223,3.520891e-01,2.135373e-01,9.477341e-01,1.291079e-01,-1.826590e-03,-7.389338e-03,2.131928e-02,6.226090e-02
8.45500,0.428480,0.514393,3.523055e-01,2.137682e-01,9.477557e-01,1.291038e-01,-1.834020e-03,-7.386199e-03,2.131337e-02,6.226006e-02
8.45750,0.428126,0.514563,3.525219e-01,2.139995e-01,9.477768e-01,1.290997e-01,-1.841268e-03,-7.383402e-03,2.130747e-02,6.225923e-02
8.46000,0.427773,0.514735,3.527383e-01,2.142312e-01,9.477976e-01,1.290955e-01,-1.848442e-03,-7.381240e-03,2.130159e-02,6.225843e-02
8.46250,0.427421,0.514907,3.529545e-01,2.144634e-01,9.478180e-01,1.290914e-01,-1.855654e-03,-7.378691e-03,2.129569e-02,6.225764e-02
8.46500,0.427068,0.515079,3.531707e-01,2.146959e-01,9.478382e-01,1.290873e-01,-1.862741e-03,-7.375277e-03,2.128973e-02,6.225688e-02
8.46750,0.426715,0.515253,3.533869e-01,2.149289e-01,9.478583e-01,1.290832e-01,-1.869743e-03,-7.372050e-03,2.128375e-02,6.225614e-02
8.47000,0.426363,0.515427,3.536029e-01,2.151623e-01,9.478784e-01,1.290790e-01,-1.876541e-03,-7.368819e-03,2.127777e-02,6.225541e-02
8.47250,0.426011,0.515602,3.538189e-01,2.153961e-01,9.478982e-01,1.290749e-01,-1.883165e-03,-7.365502e-03,2.127177e-02,6.225471e-02
8.47500,0.425659,0.515777,3.540348e-01,2.156303e-01,9.479179e-01,1.290708e-01,-1.889814e-03,-7.361629e-03,2.126573e-02,6.225403e-02
8.47750,0.425307,0.515954,3.542507e-01,2.158650e-01,9.479374e-01,1.290667e-01,-1.896513e-03,-7.358060e-03,2.125966e-02,6.225337e-02
8.48000,0.424956,0.516131,3.544664e-01,2.161000e-01,9.479571e-01,1.290626e-01,-1.903355e-03,-7.354940e-03,2.125358e-02,6.225273e-02
8.48250,0.424604,0.516309,3.546821e-01,2.163355e-01,9.479773e-01,1.290586e-01,-1.910140e-03,-7.352061e-03,2.124750e-02,6.225211e-02
8.48500,0.424253,0.516487,3.548978e-01,2.165714e-01,9.479983e-01,1.290545e-01,-1.916858e-03,-7.348570e-03,2.124141e-02,6.225152e-02
8.48750,0.423902,0.516667,3.551133e-01,2.168076e-01,9.480201e-01,1.290504e-01,-1.923618e-03,-7.345336e-03,2.123533e-02,6.225094e-02
8.49000,0.423551,0.516847,3.553288e-01,2.170443e-01,9.480423e-01,1.290463e-01,-1.930483e-03,-7.343031e-03,2.122928e-02,6.225038e-02
8.49250,0.423201,0.517027,3.555442e-01,2.172814e-01,9.480642e-01,1.290423e-01,-1.937558e-03,-7.341087e-03,2.122327e-02,6.224984e-02
8.49500,0.422850,0.517209,3.557596e-01,2.175189e-01,9.480852e-01,1.290382e-01,-1.944492e-03,-7.339064e-03,2.121729e-02,6.224933e-02
8.49750,0.422500,0.517391,3.559748e-01,2.177568e-01,9.481051e-01,1.290342e-01,-1.951607e-03,-7.336572e-03,2.121132e-02,6.224883e-02
8.50000,0.422150,0.517574,3.561900e-01,2.179951e-01,9.481240e-01,1.290301e-01,-1.958711e-03,-7.333884e-03,2.120532e-02,6.224834e-02
8.50250,0.421800,0.517758,3.564051e-01,2.182338e-01,9.481421e-01,1.290261e-01,-1.965407e-03,-7.330647e-03,2.119930e-02,6.224788e-02
8.50500,0.421451,0.517942,3.566201e-01,2.184729e-01,9.481599e-01,1.290220e-01,-1.972061e-03,-7.327165e-03,2.119323e-02,6.224744e-02
8.50750,0.421101,0.518127,3.568351e-01,2.187124e-01,9.481778e-01,1.290180e-01,-1.978880e-03,-7.323755e-03,2.118715e-02,6.224702e-02
8.51000,0.420752,0.518313,3.570500e-01,2.189523e-01,9.481960e-01,1.290140e-01,-1.985686e-03,-7.320421e-03,2.118105e-02,6.224661e-02
8.51250,0.420403,0.518500,3.572648e-01,2.191926e-01,9.482145e-01,1.290100e-01,-1.992327e-03,-7.317144e-03,2.117492e-02,6.224623e-02
8.51500,0.420054,0.518687,3.574795e-01,2.194333e-01,9.482333e-01,1.290059e-01,-1.999099e-03,-7.313641e-03,2.116878e-02,6.224587e-02
8.51750,0.419705,0.518875,3.576942e-01,2.196744e-01,9.482525e-01,1.290019e-01,-2.005840e-03,-7.310222e-03,2.116265e-02,6.224554e-02
8.52000,0.419357,0.519064,3.579087e-01,2.199158e-01,9.482726e-01,1.289979e-01,-2.012331e-03,-7.306807e-03,2.115653e-02,6.224522e-02
8.52250,0.419009,0.519253,3.581232e-01,2.201577e-01,9.482933e-01,1.289939e-01,-2.018804e-03,-7.303385e-03,2.115041e-02,6.224492e-02
8.52500,0.418661,0.519444,3.583377e-01,2.204000e-01,9.483146e-01,1.289899e-01,-2.025298e-03,-7.300464e-03,2.114430e-02,6.224465e-02
8.52750,0.418313,0.519635,3.585520e-01,2.206426e-01,9.483360e-01,1.289859e-01,-2.032003e-03,-7.298076e-03,2.113820e-02,6.224440e-02
8.53000,0.417965,0.519826,3.587663e-01,2.208857e-01,9.483570e-01,1.289820e-01,-2.038903e-03,-7.295073e-03,2.113206e-02,6.224417e-02
8.53250,0.417618,0.520019,3.589805e-01,2.211291e-01,9.483768e-01,1.289780e-01,-2.045835e-03,-7.291966e-03,2.112590e-02,6.224396e-02
8.53500,0.417271,0.520212,3.591946e-01,2.213729e-01,9.483952e-01,1.289740e-01,-2.053250e-03,-7.288045e-03,2.111970e-02,6.224377e-02
8.53750,0.416924,0.520406,3.594086e-01,2.216172e-01,9.484122e-01,1.289700e-01,-2.060555e-03,-7.283609e-03,2.111348e-02,6.224360e-02
8.54000,0.416577,0.520600,3.596225e-01,2.218618e-01,9.484281e-01,1.289661e-01,-2.067626e-03,-7.279333e-03,2.110725e-02,6.224346e-02
8.54250,0.416230,0.520796,3.598364e-01,2.221067e-01,9.484436e-01,1.289621e-01,-2.074832e-03,-7.274793e-03,2.110102e-02,6.224334e-02
8.54500,0.415884,0.520992,3.600502e-01,2.223521e-01,9.484594e-01,1.289582e-01,-2.082132e-03,-7.270167e-03,2.109479e-02,6.224324e-02
8.54750,0.415538,0.521188,3.602639e-01,2.225979e-01,9.484760e-01,1.289542e-01,-2.089310e-03,-7.265169e-03,2.108857e-02,6.224316e-02
8.55000,0.415192,0.521386,3.604775e-01,2.228440e-01,9.484936e-01,1.289503e-01,-2.096493e-03,-7.260510e-03,2.108237e-02,6.224309e-02
8.55250,0.414846,0.521584,3.606911e-01,2.230905e-01,9.485120e-01,1.289463e-01,-2.103874e-03,-7.256291e-03,2.107619e-02,6.224305e-02
8.55500,0.414500,0.521783,3.609046e-01,2.233374e-01,9.485309e-01,1.289424e-01,-2.111163e-03,-7.253553e-03,2.107006e-02,6.224303e-02
8.55750,0.414155,0.521982,3.611180e-01,2.235847e-01,9.485506e-01,1.289384e-01,-2.118488e-03,-7.251724e-03,2.106398e-02,6.224303e-02
8.56000,0.413810,0.522183,3.613313e-01,2.238324e-01,9.485709e-01,1.289345e-01,-2.125818e-03,-7.249749e-03,2.105792e-02,6.224305e-02
8.56250,0.413465,0.522384,3.615445e-01,2.240804e-01,9.485913e-01,1.289306e-01,-2.133210e-03,-7.247726e-03,2.105186e-02,6.224309e-02
8.56500,0.413120,0.522586,3.617577e-01,2.243288e-01,9.486117e-01,1.289267e-01,-2.140617e-03,-7.245350e-03,2.104579e-02,6.224314e-02
8.56750,0.412776,0.522788,3.619708e-01,2.245776e-01,9.486314e-01,1.289228e-01,-2.148120e-03,-7.242348e-03,2.103971e-02,6.224322e-02
8.57000,0.412431,0.522991,3.621838e-01,2.248268e-01,9.486500e-01,1.289189e-01,-2.155518e-03,-7.238874e-03,2.103360e-02,6.224332e-02
8.57250,0.412087,0.523195,3.623967e-01,2.250763e-01,9.486671e-01,1.289150e-01,-2.162945e-03,-7.234837e-03,2.102745e-02,6.224344e-02
8.57500,0.411744,0.523400,3.626095e-01,2.253262e-01,9.486829e-01,1.289111e-01,-2.170387e-03,-7.230936e-03,2.102127e-02,6.224359e-02
8.57750,0.411400,0.523605,3.628223e-01,2.255765e-01,9.486977e-01,1.289072e-01,-2.177646e-03,-7.227465e-03,2.101509e-02,6.224375e-02
8.58000,0.411057,0.523812,3.630349e-01,2.258271e-01,9.487123e-01,1.289033e-01,-2.184494e-03,-7.224404e-03,2.100893e-02,6.224394e-02
8.58250,0.410713,0.524018,3.632475e-01,2.260782e-01,9.487271e-01,1.288994e-01,-2.190993e-03,-7.220946e-03,2.100276e-02,6.224415e-02
8.58500,0.410370,0.524226,3.634600e-01,2.263296e-01,9.487428e-01,1.288956e-01,-2.197513e-03,-7.217635e-03,2.099660e-02,6.224437e-02
8.58750,0.410028,0.524434,3.636724e-01,2.265813e-01,9.487595e-01,1.288917e-01,-2.204146e-03,-7.214255e-03,2.099045e-02,6.224462e-02
8.59000,0.409685,0.524643,3.638847e-01,2.268334e-01,9.487770e-01,1.288878e-01,-2.210661e-03,-7.210192e-03,2.098429e-02,6.224490e-02
8.59250,0.409343,0.524853,3.640970e-01,2.270859e-01,9.487949e-01,1.288840e-01,-2.216621e-03,-7.205557e-03,2.097812e-02,6.224519e-02
8.59500,0.409001,0.525063,3.643091e-01,2.273388e-01,9.488127e-01,1.288801e-01,-2.222570e-03,-7.200908e-03,2.097195e-02,6.224550e-02
8.59750,0.408659,0.525274,3.645212e-01,2.275920e-01,9.488305e-01,1.288763e-01,-2.228774e-03,-7.196100e-03,2.096577e-02,6.224584e-02
8.60000,0.408317,0.525486,3.647331e-01,2.278456e-01,9.488479e-01,1.288724e-01,-2.235612e-03,-7.191109e-03,2.095959e-02,6.224619e-02
8.60250,0.407976,0.525699,3.649450e-01,2.280996e-01,9.488648e-01,1.288686e-01,-2.242882e-03,-7.185915e-03,2.095338e-02,6.224657e-02
8.60500,0.407635,0.525912,3.651568e-01,2.283539e-01,9.488810e-01,1.288648e-01,-2.250591e-03,-7.180518e-03,2.094717e-02,6.224697e-02
8.60750,0.407294,0.526126,3.653685e-01,2.286086e-01,9.488967e-01,1.288610e-01,-2.258548e-03,-7.175294e-03,2.094095e-02,6.224740e-02
8.61000,0.406953,0.526341,3.655801e-01,2.288636e-01,9.489117e-01,1.288571e-01,-2.266027e-03,-7.170605e-03,2.093473e-02,6.224784e-02
8.61250,0.406612,0.526556,3.657917e-01,2.291190e-01,9.489262e-01,1.288533e-01,-2.273214e-03,-7.166176e-03,2.092852e-02,6.224831e-02
8.61500,0.406272,0.526772,3.660031e-01,2.293747e-01,9.489406e-01,1.288495e-01,-2.280409e-03,-7.162186e-03,2.092233e-02,6.224880e-02
8.61750,0.405932,0.526989,3.662145e-01,2.296309e-01,9.489553e-01,1.288457e-01,-2.287652e-03,-7.158125e-03,2.091616e-02,6.224931e-02
8.62000,0.405592,0.527207,3.664257e-01,2.298873e-01,9.489708e-01,1.288419e-01,-2.294758e-03,-7.154372e-03,2.091004e-02,6.224985e-02
8.62250,0.405253,0.527425,3.666369e-01,2.301442e-01,9.489870e-01,1.288381e-01,-2.301864e-03,-7.150803e-03,2.090396e-02,6.225040e-02
8.62500,0.404913,0.527644,3.668479e-01,2.304013e-01,9.490037e-01,1.288343e-01,-2.309259e-03,-7.147879e-03,2.089789e-02,6.225097e-02
8.62750,0.404574,0.527864,3.670589e-01,2.306589e-01,9.490208e-01,1.288305e-01,-2.316965e-03,-7.144558e-03,2.089181e-02,6.225157e-02
8.63000,0.404235,0.528084,3.672698e-01,2.309168e-01,9.490378e-01,1.288267e-01,-2.324624e-03,-7.141137e-03,2.088573e-02,6.225218e-02
8.63250,0.403897,0.528305,3.674806e-01,2.311750e-01,9.490544e-01,1.288230e-01,-2.331835e-03,-7.137937e-03,2.087965e-02,6.225282e-02
8.63500,0.403558,0.528527,3.676913e-01,2.314336e-01,9.490704e-01,1.288192e-01,-2.338991e-03,-7.134419e-03,2.087358e-02,6.225348e-02
8.63750,0.403220,0.528750,3.679018e-01,2.316925e-01,9.490862e-01,1.288154e-01,-2.346171e-03,-7.130893e-03,2.086753e-02,6.225416e-02
8.64000,0.402882,0.528973,3.681123e-01,2.319518e-01,9.491018e-01,1.288116e-01,-2.353043e-03,-7.127055e-03,2.086147e-02,6.225486e-02
8.64250,0.402544,0.529197,3.683227e-01,2.322115e-01,9.491174e-01,1.288079e-01,-2.360087e-03,-7.122673e-03,2.085551e-02,6.225558e-02
8.64500,0.402207,0.529421,3.685330e-01,2.324715e-01,9.491334e-01,1.288041e-01,-2.367333e-03,-7.117991e-03,2.084934e-02,6.225632e-02
8.64750,0.401870,0.529647,3.687433e-01,2.327318e-01,9.491498e-01,1.288004e-01,-2.374752e-03,-7.112845e-03,2.084324e-02,6.225708e-02
8.65000,0.401533,0.529873,3.689534e-01,2.329925e-01,9.491666e-01,1.287967e-01,-2.382040e-03,-7.108092e-03,2.083719e-02,6.225786e-02
8.65250,0.401196,0.530100,3.691634e-01,2.332535e-01,9.491835e-01,1.287929e-01,-2.389172e-03,-7.103690e-03,2.083117e-02,6.225867e-02
8.65500,0.400859,0.530327,3.693733e-01,2.335149e-01,9.491823e-01,1.287892e-01,-2.396325e-03,-7.099778e-03,2.082516e-02,6.225949e-02
8.65750,0.400523,0.530555,3.695831e-01,2.337766e-01,9.491794e-01,1.287855e-01,-2.403558e-03,-7.095886e-03,2.081916e-02,6.226034e-02
8.66000,0.400187,0.530784,3.697929e-01,2.340387e-01,9.491770e-01,1.287817e-01,-2.410677e-03,-7.091655e-03,2.081315e-02,6.226121e-02
8.66250,0.399851,0.531014,3.700025e-01,2.343011e-01,9.491747e-01,1.287780e-01,-2.417535e-03,-7.087410e-03,2.080713e-02,6.226210e-02
8.66500,0.399515,0.531244,3.702120e-01,2.345638e-01,9.491719e-01,1.287743e-01,-2.424356e-03,-7.082607e-03,2.080111e-02,6.226302e-02
8.66750,0.399180,0.531475,3.704214e-01,2.348269e-01,9.491686e-01,1.287706e-01,-2.431234e-03,-7.077298e-03,2.079507e-02,6.226395e-02
8.67000,0.398845,0.531707,3.706308e-01,2.350903e-01,9.491648e-01,1.287669e-01,-2.438070e-03,-7.071570e-03,2.078902e-02,6.226491e-02
8.67250,0.398510,0.531939,3.708400e-01,2.353541e-01,9.491603e-01,1.287632e-01,-2.445414e-03,-7.065420e-03,2.078296e-02,6.226589e-02
8.67500,0.398176,0.532172,3.710491e-01,2.356182e-01,9.491551e-01,1.287595e-01,-2.452929e-03,-7.059912e-03,2.077691e-02,6.226689e-02
8.67750,0.397841,0.532406,3.712581e-01,2.358826e-01,9.491494e-01,1.287559e-01,-2.460165e-03,-7.055241e-03,2.077090e-02,6.226792e-02
8.68000,0.397507,0.532641,3.714670e-01,2.361474e-01,9.491435e-01,1.287522e-01,-2.467166e-03,-7.050964e-03,2.076491e-02,6.226897e-02
8.68250,0.397173,0.532876,3.716758e-01,2.364125e-01,9.491381e-01,1.287485e-01,-2.474360e-03,-7.046668e-03,2.075895e-02,6.227004e-02
8.68500,0.396840,0.533112,3.718845e-01,2.366780e-01,9.491337e-01,1.287448e-01,-2.481926e-03,-7.043169e-03,2.075303e-02,6.227113e-02
8.68750,0.396506,0.533348,3.720931e-01,2.369437e-01,9.491304e-01,1.287412e-01,-2.489748e-03,-7.039615e-03,2.074715e-02,6.227224e-02
8.69000,0.396173,0.533586,3.723015e-01,2.372098e-01,9.491279e-01,1.287375e-01,-2.497419e-03,-7.035648e-03,2.074128e-02,6.227337e-02
8.69250,0.395840,0.533824,3.725099e-01,2.374763e-01,9.491258e-01,1.287339e-01,-2.504830e-03,-7.031717e-03,2.073543e-02,6.227452e-02
8.69500,0.395508,0.534062,3.727181e-01,2.377431e-01,9.491232e-01,1.287302e-01,-2.512430e-03,-7.027459e-03,2.072960e-02,6.227570e-02
8.69750,0.395175,0.534302,3.729263e-01,2.380102e-01,9.491197e-01,1.287266e-01,-2.520490e-03,-7.022385e-03,2.072374e-02,6.227689e-02
8.70000,0.394843,0.534542,3.731343e-01,2.382776e-01,9.491150e-01,1.287229e-01,-2.528610e-03,-7.017040e-03,2.071788e-02,6.227811e-02
8.70250,0.394511,0.534783,3.733422e-01,2.385454e-01,9.491093e-01,1.287193e-01,-2.536402e-03,-7.011628e-03,2.071203e-02,6.227934e-02
8.70500,0.394180,0.535024,3.735501e-01,2.388135e-01,9.491030e-01,1.287157e-01,-2.543827e-03,-7.006194e-03,2.070618e-02,6.228060e-02
8.70750,0.393848,0.535266,3.737578e-01,2.390819e-01,9.490970e-01,1.287120e-01,-2.550878e-03,-7.001187e-03,2.070034e-02,6.228188e-02
8.71000,0.393517,0.535509,3.739653e-01,2.393507e-01,9.490917e-01,1.287084e-01,-2.557615e-03,-6.996690e-03,2.069451e-02,6.228318e-02
8.71250,0.393186,0.535753,3.741728e-01,2.396197e-01,9.490873e-01,1.287048e-01,-2.564366e-03,-6.992289e-03,2.068870e-02,6.228451e-02
8.71500,0.392856,0.535997,3.743802e-01,2.398891e-01,9.490837e-01,1.287012e-01,-2.571285e-03,-6.987737e-03,2.068290e-02,6.228585e-02
8.71750,0.392525,0.536242,3.745874e-01,2.401589e-01,9.490808e-01,1.286976e-01,-2.578332e-03,-6.982784e-03,2.067710e-02,6.228722e-02
8.72000,0.392195,0.536488,3.747945e-01,2.404289e-01,9.490784e-01,1.286940e-01,-2.585504e-03,-6.977254e-03,2.067130e-02,6.228861e-02
8.72250,0.391866,0.536734,3.750015e-01,2.406993e-01,9.490762e-01,1.286904e-01,-2.592840e-03,-6.971155e-03,2.066549e-02,6.229002e-02
8.72500,0.391536,0.536981,3.752084e-01,2.409700e-01,9.490740e-01,1.286868e-01,-2.600356e-03,-6.964982e-03,2.065966e-02,6.229145e-02
8.72750,0.391207,0.537229,3.754152e-01,2.412410e-01,9.490714e-01,1.286832e-01,-2.608033e-03,-6.958953e-03,2.065383e-02,6.229291e-02
8.73000,0.390878,0.537477,3.756218e-01,2.415123e-01,9.490681e-01,1.286796e-01,-2.615633e-03,-6.953465e-03,2.064802e-02,6.229439e-02
8.73250,0.390549,0.537726,3.758283e-01,2.417840e-01,9.490641e-01,1.286761e-01,-2.622974e-03,-6.948444e-03,2.064225e-02,6.229589e-02
8.73500,0.390220,0.537976,3.760347e-01,2.420560e-01,9.490594e-01,1.286725e-01,-2.630281e-03,-6.943553e-03,2.063650e-02,6.229742e-02
8.73750,0.389892,0.538227,3.762410e-01,2.423283e-01,9.490544e-01,1.286689e-01,-2.637455e-03,-6.938577e-03,2.063078e-02,6.229896e-02
8.74000,0.389564,0.538478,3.764472e-01,2.426009e-01,9.490496e-01,1.286654e-01,-2.644667e-03,-6.933886e-03,2.062508e-02,6.230053e-02
8.74250,0.389236,0.538730,3.766533e-01,2.428738e-01,9.490458e-01,1.286618e-01,-2.652093e-03,-6.928778e-03,2.061940e-02,6.230211e-02
8.74500,0.388909,0.538982,3.768592e-01,2.431470e-01,9.490431e-01,1.286583e-01,-2.659912e-03,-6.923281e-03,2.061375e-02,6.230372e-02
8.74750,0.388582,0.539236,3.770650e-01,2.434206e-01,9.490417e-01,1.286547e-01,-2.667647e-03,-6.917679e-03,2.060812e-02,6.230535e-02
8.75000,0.388255,0.539490,3.772707e-01,2.436945e-01,9.490410e-01,1.286512e-01,-2.675530e-03,-6.912451e-03,2.060253e-02,6.230700e-02
8.75250,0.387928,0.539744,3.774762e-01,2.439686e-01,9.490401e-01,1.286476e-01,-2.683492e-03,-6.907828e-03,2.059700e-02,6.230867e-02
8.75500,0.387602,0.540000,3.776816e-01,2.442431e-01,9.490382e-01,1.286441e-01,-2.691388e-03,-6.903718e-03,2.059151e-02,6.231036e-02
8.75750,0.387276,0.540256,3.778869e-01,2.445179e-01,9.490349e-01,1.286406e-01,-2.699578e-03,-6.899771e-03,2.058604e-02,6.231207e-02
8.76000,0.386950,0.540512,3.780920e-01,2.447931e-01,9.490301e-01,1.286371e-01,-2.707756e-03,-6.895676e-03,2.058058e-02,6.231380e-02
8.76250,0.386624,0.540770,3.782971e-01,2.450685e-01,9.490241e-01,1.286335e-01,-2.715629e-03,-6.891168e-03,2.057511e-02,6.231555e-02
8.76500,0.386299,0.541028,3.785019e-01,2.453442e-01,9.490171e-01,1.286300e-01,-2.723413e-03,-6.886197e-03,2.056963e-02,6.231732e-02
8.76750,0.385974,0.541287,3.787067e-01,2.456203e-01,9.490097e-01,1.286265e-01,-2.731302e-03,-6.880764e-03,2.056413e-02,6.231912e-02
8.77000,0.385649,0.541546,3.789113e-01,2.458966e-01,9.490023e-01,1.286230e-01,-2.739337e-03,-6.874746e-03,2.055861e-02,6.232093e-02
8.77250,0.385325,0.541806,3.791158e-01,2.461733e-01,9.489952e-01,1.286195e-01,-2.747459e-03,-6.868168e-03,2.055307e-02,6.232277e-02
8.77500,0.385001,0.542067,3.793201e-01,2.464503e-01,9.489886e-01,1.286160e-01,-2.755186e-03,-6.861691e-03,2.054756e-02,6.232463e-02
8.77750,0.384677,0.542328,3.795243e-01,2.467275e-01,9.489824e-01,1.286125e-01,-2.762581e-03,-6.855121e-03,2.054207e-02,6.232652e-02
8.78000,0.384353,0.542591,3.797284e-01,2.470051e-01,9.489767e-01,1.286090e-01,-2.769513e-03,-6.848879e-03,2.053661e-02,6.232842e-02
8.78250,0.384030,0.542853,3.799323e-01,2.472830e-01,9.489713e-01,1.286056e-01,-2.776220e-03,-6.843250e-03,2.053117e-02,6.233035e-02
8.78500,0.383707,0.543117,3.801361e-01,2.475612e-01,9.489661e-01,1.286021e-01,-2.783118e-03,-6.837984e-03,2.052577e-02,6.233230e-02
8.78750,0.383384,0.543381,3.803398e-01,2.478397e-01,9.489608e-01,1.285986e-01,-2.790591e-03,-6.832789e-03,2.052038e-02,6.233427e-02
8.79000,0.383061,0.543646,3.805433e-01,2.481185e-01,9.489553e-01,1.285952e-01,-2.798532e-03,-6.827176e-03,2.051499e-02,6.233627e-02
8.79250,0.382739,0.543912,3.807466e-01,2.483976e-01,9.489491e-01,1.285917e-01,-2.806469e-03,-6.821547e-03,2.050962e-02,6.233828e-02
8.79500,0.382417,0.544178,3.809498e-01,2.486769e-01,9.489424e-01,1.285883e-01,-2.814325e-03,-6.815771e-03,2.050426e-02,6.234032e-02
8.79750,0.382095,0.544445,3.811529e-01,2.489566e-01,9.489356e-01,1.285848e-01,-2.822212e-03,-6.809754e-03,2.049891e-02,6.234238e-02
8.80000,0.381774,0.544712,3.813558e-01,2.492366e-01,9.489292e-01,1.285814e-01,-2.829907e-03,-6.803520e-03,2.049357e-02,6.234446e-02
8.80250,0.381453,0.544981,3.815586e-01,2.495169e-01,9.489234e-01,1.285779e-01,-2.837416e-03,-6.796894e-03,2.048823e-02,6.234656e-02
8.80500,0.381132,0.545250,3.817612e-01,2.497975e-01,9.489184e-01,1.285745e-01,-2.844629e-03,-6.790611e-03,2.048293e-02,6.234868e-02
8.80750,0.380811,0.545519,3.819637e-01,2.500784e-01,9.489138e-01,1.285711e-01,-2.851893e-03,-6.784487e-03,2.047766e-02,6.235082e-02
8.81000,0.380491,0.545789,3.821660e-01,2.503596e-01,9.489093e-01,1.285676e-01,-2.859326e-03,-6.778412e-03,2.047242e-02,6.235298e-02
8.81250,0.380171,0.546060,3.823682e-01,2.506410e-01,9.489044e-01,1.285642e-01,-2.866981e-03,-6.772797e-03,2.046720e-02,6.235517e-02
8.81500,0.379851,0.546332,3.825702e-01,2.509228e-01,9.488986e-01,1.285608e-01,-2.875020e-03,-6.766911e-03,2.046198e-02,6.235737e-02
8.81750,0.379532,0.546604,3.827721e-01,2.512048e-01,9.488921e-01,1.285574e-01,-2.883562e-03,-6.760513e-03,2.045677e-02,6.235960e-02
8.82000,0.379213,0.546877,3.829738e-01,2.514872e-01,9.488852e-01,1.285540e-01,-2.892038e-03,-6.754298e-03,2.045160e-02,6.236184e-02
8.82250,0.378894,0.547151,3.831754e-01,2.517698e-01,9.488785e-01,1.285506e-01,-2.900462e-03,-6.748323e-03,2.044646e-02,6.236411e-02
8.82500,0.378575,0.547425,3.833768e-01,2.520528e-01,9.488725e-01,1.285472e-01,-2.908946e-03,-6.742398e-03,2.044135e-02,6.236640e-02
8.82750,0.378257,0.547700,3.835780e-01,2.523360e-01,9.488676e-01,1.285438e-01,-2.917497e-03,-6.736889e-03,2.043628e-02,6.236871e-02
8.83000,0.377939,0.547976,3.837791e-01,2.526195e-01,9.488636e-01,1.285404e-01,-2.926002e-03,-6.731134e-03,2.043123e-02,6.237104e-02
8.83250,0.377622,0.548252,3.839800e-01,2.529033e-01,9.488603e-01,1.285370e-01,-2.934227e-03,-6.725382e-03,2.042621e-02,6.237340e-02
8.83500,0.377304,0.548529,3.841808e-01,2.531874e-01,9.488576e-01,1.285336e-01,-2.942362e-03,-6.720285e-03,2.042121e-02,6.237577e-02
8.83750,0.376987,0.548807,3.843814e-01,2.534718e-01,9.488550e-01,1.285302e-01,-2.950308e-03,-6.715111e-03,2.041623e-02,6.237816e-02
8.84000,0.376670,0.549085,3.845818e-01,2.537564e-01,9.488521e-01,1.285268e-01,-2.958101e-03,-6.709667e-03,2.041125e-02,6.238058e-02
8.84250,0.376354,0.549364,3.847821e-01,2.540414e-01,9.488489e-01,1.285235e-01,-2.966240e-03,-6.703869e-03,2.040626e-02,6.238301e-02
8.84500,0.376038,0.549644,3.849822e-01,2.543266e-01,9.488449e-01,1.285201e-01,-2.974531e-03,-6.697847e-03,2.040128e-02,6.238547e-02
8.84750,0.375722,0.549924,3.851821e-01,2.546121e-01,9.488402e-01,1.285168e-01,-2.982771e-03,-6.691802e-03,2.039632e-02,6.238794e-02
8.85000,0.375406,0.550205,3.853819e-01,2.548979e-01,9.488347e-01,1.285134e-01,-2.990785e-03,-6.686024e-03,2.039140e-02,6.239044e-02
8.85250,0.375091,0.550487,3.855814e-01,2.551840e-01,9.488286e-01,1.285101e-01,-2.998772e-03,-6.680077e-03,2.038651e-02,6.239296e-02
8.85500,0.374776,0.550769,3.857809e-01,2.554704e-01,9.488221e-01,1.285067e-01,-3.006707e-03,-6.674053e-03,2.038164e-02,6.239550e-02
8.85750,0.374461,0.551052,3.859801e-01,2.557570e-01,9.488158e-01,1.285034e-01,-3.014714e-03,-6.667642e-03,2.037677e-02,6.239806e-02
8.86000,0.374147,0.551336,3.861791e-01,2.560439e-01,9.488099e-01,1.285000e-01,-3.022971e-03,-6.660604e-03,2.037190e-02,6.240064e-02
8.86250,0.373833,0.551620,3.863780e-01,2.563311e-01,9.488046e-01,1.284967e-01,-3.031239e-03,-6.653249e-03,2.036702e-02,6.240324e-02
8.86500,0.373519,0.551905,3.865767e-01,2.566186e-01,9.488000e-01,1.284934e-01,-3.039211e-03,-6.645722e-03,2.036214e-02,6.240586e-02
8.86750,0.373205,0.552191,3.867752e-01,2.569064e-01,9.487955e-01,1.284901e-01,-3.047128e-03,-6.637881e-03,2.035726e-02,6.240850e-02
8.87000,0.372892,0.552477,3.869736e-01,2.571944e-01,9.487904e-01,1.284868e-01,-3.054994e-03,-6.630202e-03,2.035239e-02,6.241117e-02
8.87250,0.372579,0.552764,3.871717e-01,2.574827e-01,9.487842e-01,1.284834e-01,-3.063140e-03,-6.622605e-03,2.034753e-02,6.241385e-02
8.87500,0.372267,0.553052,3.873697e-01,2.577713e-01,9.487769e-01,1.284801e-01,-3.071465e-03,-6.615124e-03,2.034270e-02,6.241656e-02
8.87750,0.371955,0.553340,3.875675e-01,2.580602e-01,9.487686e-01,1.284768e-01,-3.079794e-03,-6.608077e-03,2.033792e-02,6.241929e-02
8.88000,0.371643,0.553629,3.877651e-01,2.583493e-01,9.487597e-01,1.284735e-01,-3.087752e-03,-6.601176e-03,2.033318e-02,6.242204e-02
8.88250,0.371331,0.553918,3.879625e-01,2.586387e-01,9.487508e-01,1.284702e-01,-3.095510e-03,-6.594700e-03,2.032850e-02,6.242481e-02
8.88500,0.371020,0.554209,3.881597e-01,2.589284e-01,9.487421e-01,1.284669e-01,-3.103399e-03,-6.588357e-03,2.032386e-02,6.242760e-02
8.88750,0.370709,0.554500,3.883568e-01,2.592184e-01,9.487337e-01,1.284636e-01,-3.111652e-03,-6.582313e-03,2.031925e-02,6.243041e-02
8.89000,0.370398,0.554791,3.885536e-01,2.595086e-01,9.487258e-01,1.284604e-01,-3.120273e-03,-6.576264e-03,2.031465e-02,6.243324e-02
8.89250,0.370088,0.555083,3.887503e-01,2.597991e-01,9.487183e-01,1.284571e-01,-3.128983e-03,-6.570856e-03,2.031008e-02,6.243609e-02
8.89500,0.369777,0.555376,3.889467e-01,2.600898e-01,9.487109e-01,1.284538e-01,-3.137562e-03,-6.565766e-03,2.030555e-02,6.243896e-02
8.89750,0.369468,0.555670,3.891430e-01,2.603809e-01,9.487037e-01,1.284505e-01,-3.146028e-03,-6.560397e-03,2.030103e-02,6.244185e-02
8.90000,0.369158,0.555964,3.893390e-01,2.606722e-01,9.486967e-01,1.284473e-01,-3.154296e-03,-6.554778e-03,2.029652e-02,6.244476e-02
8.90250,0.368849,0.556259,3.895349e-01,2.609637e-01,9.486898e-01,1.284440e-01,-3.163010e-03,-6.548472e-03,2.029200e-02,6.244769e-02
8.90500,0.368540,0.556554,3.897305e-01,2.612556e-01,9.486835e-01,1.284408e-01,-3.171996e-03,-6.541570e-03,2.028748e-02,6.245064e-02
8.90750,0.368232,0.556850,3.899260e-01,2.615477e-01,9.486776e-01,1.284375e-01,-3.180828e-03,-6.534327e-03,2.028297e-02,6.245361e-02
8.91000,0.367924,0.557147,3.901212e-01,2.618400e-01,9.486721e-01,1.284343e-01,-3.189420e-03,-6.526647e-03,2.027847e-02,6.245660e-02
8.91250,0.367616,0.557444,3.903162e-01,2.621327e-01,9.486670e-01,1.284310e-01,-3.197864e-03,-6.519007e-03,2.027400e-02,6.245961e-02
8.91500,0.367308,0.557742,3.905111e-01,2.624255e-01,9.486624e-01,1.284278e-01,-3.206656e-03,-6.510570e-03,2.026954e-02,6.246264e-02
8.91750,0.367001,0.558041,3.907057e-01,2.627187e-01,9.486581e-01,1.284246e-01,-3.215359e-03,-6.501974e-03,2.026507e-02,6.246569e-02
8.92000,0.366694,0.558340,3.909001e-01,2.630121e-01,9.486541e-01,1.284213e-01,-3.223879e-03,-6.493901e-03,2.026065e-02,6.246876e-02
8.92250,0.366387,0.558640,3.910943e-01,2.633058e-01,9.486501e-01,1.284181e-01,-3.232510e-03,-6.486604e-03,2.025626e-02,6.247185e-02
8.92500,0.366081,0.558941,3.912882e-01,2.635997e-01,9.486457e-01,1.284149e-01,-3.241352e-03,-6.479377e-03,2.025189e-02,6.247496e-02
8.92750,0.365775,0.559242,3.914820e-01,2.638939e-01,9.486407e-01,1.284117e-01,-3.250133e-03,-6.472287e-03,2.024754e-02,6.247809e-02
8.93000,0.365470,0.559544,3.916755e-01,2.641883e-01,9.486349e-01,1.284084e-01,-3.258815e-03,-6.465757e-03,2.024321e-02,6.248124e-02
8.93250,0.365164,0.559847,3.918688e-01,2.644830e-01,9.486283e-01,1.284052e-01,-3.267443e-03,-6.459358e-03,2.023891e-02,6.248441e-02
8.93500,0.364859,0.560150,3.920619e-01,2.647780e-01,9.486213e-01,1.284020e-01,-3.276283e-03,-6.452539e-03,2.023462e-02,6.248760e-02
8.93750,0.364555,0.560454,3.922547e-01,2.650732e-01,9.486143e-01,1.283988e-01,-3.285193e-03,-6.445128e-03,2.023034e-02,6.249081e-02
8.94000,0.364251,0.560758,3.924474e-01,2.653687e-01,9.486078e-01,1.283956e-01,-3.294026e-03,-6.437523e-03,2.022608e-02,6.249404e-02
8.94250,0.363947,0.561063,3.926398e-01,2.656644e-01,9.486020e-01,1.283924e-01,-3.302812e-03,-6.429305e-03,2.022183e-02,6.249729e-02
8.94500,0.363643,0.561369,3.928319e-01,2.659604e-01,9.485972e-01,1.283892e-01,-3.311683e-03,-6.421221e-03,2.021759e-02,6.250056e-02
8.94750,0.363340,0.561675,3.930239e-01,2.662566e-01,9.485930e-01,1.283861e-01,-3.320091e-03,-6.414083e-03,2.021338e-02,6.250385e-02
8.95000,0.363037,0.561982,3.932156e-01,2.665531e-01,9.485890e-01,1.283829e-01,-3.328259e-03,-6.407316e-03,2.020921e-02,6.250716e-02
8.95250,0.362734,0.562290,3.934071e-01,2.668499e-01,9.485844e-01,1.283797e-01,-3.336269e-03,-6.400864e-03,2.020507e-02,6.251049e-02
8.95500,0.362432,0.562598,3.935983e-01,2.671468e-01,9.485787e-01,1.283765e-01,-3.344215e-03,-6.394614e-03,2.020097e-02,6.251383e-02
8.95750,0.362130,0.562907,3.937893e-01,2.674441e-01,9.485715e-01,1.283734e-01,-3.352753e-03,-6.388329e-03,2.019690e-02,6.251720e-02
8.96000,0.361828,0.563217,3.939801e-01,2.677415e-01,9.485628e-01,1.283702e-01,-3.361790e-03,-6.381107e-03,2.019284e-02,6.252058e-02
8.96250,0.361527,0.563527,3.941707e-01,2.680393e-01,9.485532e-01,1.283671e-01,-3.371314e-03,-6.373354e-03,2.018877e-02,6.252398e-02
8.96500,0.361226,0.563838,3.943609e-01,2.683373e-01,9.485429e-01,1.283639e-01,-3.381390e-03,-6.364835e-03,2.018469e-02,6.252740e-02
8.96750,0.360925,0.564149,3.945510e-01,2.686355e-01,9.485324e-01,1.283608e-01,-3.391341e-03,-6.356261e-03,2.018063e-02,6.253084e-02
8.97000,0.360625,0.564461,3.947408e-01,2.689339e-01,9.485220e-01,1.283576e-01,-3.400767e-03,-6.347893e-03,2.017659e-02,6.253430e-02
8.97250,0.360325,0.564774,3.949303e-01,2.692327e-01,9.485119e-01,1.283545e-01,-3.410058e-03,-6.339573e-03,2.017258e-02,6.253778e-02
8.97500,0.360025,0.565087,3.951196e-01,2.695316e-01,9.485022e-01,1.283513e-01,-3.419471e-03,-6.331360e-03,2.016859e-02,6.254127e-02
8.97750,0.359726,0.565401,3.953086e-01,2.698308e-01,9.484929e-01,1.283482e-01,-3.428796e-03,-6.323524e-03,2.016464e-02,6.254479e-02
8.98000,0.359427,0.565716,3.954973e-01,2.701302e-01,9.484843e-01,1.283451e-01,-3.438066e-03,-6.316023e-03,2.016070e-02,6.254832e-02
8.98250,0.359129,0.566031,3.956858e-01,2.704299e-01,9.484763e-01,1.283419e-01,-3.446909e-03,-6.309046e-03,2.015679e-02,6.255187e-02
8.98500,0.358830,0.566347,3.958741e-01,2.707298e-01,9.484689e-01,1.283388e-01,-3.455374e-03,-6.302367e-03,2.015290e-02,6.255544e-02
8.98750,0.358533,0.566664,3.960621e-01,2.710300e-01,9.484623e-01,1.283357e-01,-3.463939e-03,-6.295331e-03,2.014904e-02,6.255903e-02
8.99000,0.358235,0.566981,3.962498e-01,2.713304e-01,9.484562e-01,1.283326e-01,-3.473004e-03,-6.287411e-03,2.014518e-02,6.256264e-02
8.99250,0.357938,0.567298,3.964372e-01,2.716310e-01,9.484507e-01,1.283295e-01,-3.482666e-03,-6.279253e-03,2.014132e-02,6.256626e-02
8.99500,0.357641,0.567617,3.966244e-01,2.719319e-01,9.484457e-01,1.283263e-01,-3.492334e-03,-6.271088e-03,2.013748e-02,6.256991e-02
8.99750,0.357345,0.567936,3.968113e-01,2.722330e-01,9.484411e-01,1.283232e-01,-3.501695e-03,-6.262550e-03,2.013365e-02,6.257357e-02
9.00000,0.357048,0.568255,3.969979e-01,2.725343e-01,9.484369e-01,1.283201e-01,-3.510776e-03,-6.253725e-03,2.012982e-02,6.257726e-02
9.00250,0.356753,0.568576,3.971842e-01,2.728359e-01,9.484328e-01,1.283170e-01,-3.519627e-03,-6.244810e-03,2.012599e-02,6.258096e-02
9.00500,0.356457,0.568896,3.973703e-01,2.731377e-01,9.484286e-01,1.283140e-01,-3.528416e-03,-6.236432e-03,2.012217e-02,6.258468e-02
9.00750,0.356162,0.569218,3.975561e-01,2.734397e-01,9.484239e-01,1.283109e-01,-3.537378e-03,-6.228554e-03,2.011838e-02,6.258842e-02
9.01000,0.355867,0.569540,3.977416e-01,2.737420e-01,9.484185e-01,1.283078e-01,-3.546502e-03,-6.220509e-03,2.011460e-02,6.259217e-02
9.01250,0.355573,0.569863,3.979268e-01,2.740445e-01,9.484123e-01,1.283047e-01,-3.555857e-03,-6.212383e-03,2.011082e-02,6.259595e-02
9.01500,0.355279,0.570186,3.981117e-01,2.743472e-01,9.484052e-01,1.283016e-01,-3.565064e-03,-6.204294e-03,2.010707e-02,6.259974e-02
9.01750,0.354985,0.570510,3.982964e-01,2.746502e-01,9.483976e-01,1.282986e-01,-3.574388e-03,-6.195589e-03,2.010333e-02,6.260355e-02
9.02000,0.354692,0.570834,3.984807e-01,2.749534e-01,9.483898e-01,1.282955e-01,-3.583892e-03,-6.186313e-03,2.009961e-02,6.260738e-02
9.02250,0.354399,0.571160,3.986648e-01,2.752568e-01,9.483823e-01,1.282924e-01,-3.593375e-03,-6.177307e-03,2.009592e-02,6.261123e-02
9.02500,0.354107,0.571485,3.988486e-01,2.755604e-01,9.483754e-01,1.282894e-01,-3.603167e-03,-6.168256e-03,2.009225e-02,6.261509e-02
9.02750,0.353814,0.571812,3.990321e-01,2.758643e-01,9.483691e-01,1.282863e-01,-3.612954e-03,-6.159644e-03,2.008863e-02,6.261898e-02
9.03000,0.353523,0.572139,3.992153e-01,2.761684e-01,9.483632e-01,1.282833e-01,-3.622506e-03,-6.151569e-03,2.008505e-02,6.262287e-02
9.03250,0.353231,0.572466,3.993982e-01,2.764727e-01,9.483571e-01,1.282802e-01,-3.632249e-03,-6.143654e-03,2.008149e-02,6.262679e-02
9.03500,0.352940,0.572795,3.995807e-01,2.767772e-01,9.483505e-01,1.282772e-01,-3.642076e-03,-6.135825e-03,2.007796e-02,6.263072e-02
9.03750,0.352649,0.573123,3.997630e-01,2.770820e-01,9.483427e-01,1.282741e-01,-3.652252e-03,-6.128219e-03,2.007446e-02,6.263466e-02
9.04000,0.352359,0.573453,3.999449e-01,2.773869e-01,9.483338e-01,1.282711e-01,-3.662474e-03,-6.121090e-03,2.007099e-02,6.263863e-02
9.04250,0.352069,0.573783,4.001265e-01,2.776921e-01,9.483240e-01,1.282681e-01,-3.672830e-03,-6.113598e-03,2.006752e-02,6.264260e-02
9.04500,0.351779,0.574113,4.003079e-01,2.779976e-01,9.483134e-01,1.282650e-01,-3.683232e-03,-6.105275e-03,2.006404e-02,6.264660e-02
9.04750,0.351490,0.574445,4.004889e-01,2.783032e-01,9.483027e-01,1.282620e-01,-3.693363e-03,-6.096195e-03,2.006055e-02,6.265061e-02
9.05000,0.351201,0.574777,4.006695e-01,2.786090e-01,9.482920e-01,1.282590e-01,-3.703255e-03,-6.086802e-03,2.005706e-02,6.265464e-02
9.05250,0.350912,0.575109,4.008499e-01,2.789151e-01,9.482816e-01,1.282559e-01,-3.712989e-03,-6.077803e-03,2.005358e-02,6.265868e-02
9.05500,0.350624,0.575442,4.010299e-01,2.792214e-01,9.482714e-01,1.282529e-01,-3.722857e-03,-6.068659e-03,2.005010e-02,6.266275e-02
9.05750,0.350336,0.575776,4.012096e-01,2.795279e-01,9.482616e-01,1.282499e-01,-3.732762e-03,-6.059262e-03,2.004663e-02,6.266683e-02
9.06000,0.350049,0.576110,4.013889e-01,2.798346e-01,9.482522e-01,1.282469e-01,-3.742391e-03,-6.050390e-03,2.004318e-02,6.267092e-02
9.06250,0.349762,0.576445,4.015680e-01,2.801415e-01,9.482432e-01,1.282439e-01,-3.751691e-03,-6.041807e-03,2.003975e-02,6.267504e-02
9.06500,0.349475,0.576780,4.017466e-01,2.804486e-01,9.482348e-01,1.282409e-01,-3.761423e-03,-6.033092e-03,2.003634e-02,6.267916e-02
9.06750,0.349189,0.577116,4.019250e-01,2.807560e-01,9.482271e-01,1.282379e-01,-3.771482e-03,-6.024250e-03,2.003292e-02,6.268331e-02
9.07000,0.348903,0.577453,4.021030e-01,2.810635e-01,9.482205e-01,1.282349e-01,-3.781415e-03,-6.015254e-03,2.002952e-02,6.268747e-02
9.07250,0.348617,0.577790,4.022806e-01,2.813713e-01,9.482148e-01,1.282319e-01,-3.791234e-03,-6.006092e-03,2.002613e-02,6.269165e-02
9.07500,0.348332,0.578128,4.024579e-01,2.816792e-01,9.482103e-01,1.282289e-01,-3.801009e-03,-5.996744e-03,2.002275e-02,6.269584e-02
9.07750,0.348048,0.578467,4.026349e-01,2.819874e-01,9.482067e-01,1.282260e-01,-3.810751e-03,-5.987895e-03,2.001939e-02,6.270005e-02
9.08000,0.347763,0.578806,4.028115e-01,2.822958e-01,9.482034e-01,1.282230e-01,-3.820689e-03,-5.979128e-03,2.001604e-02,6.270427e-02
9.08250,0.347479,0.579145,4.029878e-01,2.826043e-01,9.482003e-01,1.282200e-01,-3.830869e-03,-5.970369e-03,2.001272e-02,6.270851e-02
9.08500,0.347195,0.579485,4.031637e-01,2.829131e-01,9.481970e-01,1.282170e-01,-3.841143e-03,-5.961092e-03,2.000941e-02,6.271276e-02
9.08750,0.346912,0.579826,4.033393e-01,2.832221e-01,9.481931e-01,1.282141e-01,-3.851237e-03,-5.951218e-03,2.000612e-02,6.271703e-02
9.09000,0.346629,0.580168,4.035145e-01,2.835313e-01,9.481882e-01,1.282111e-01,-3.861512e-03,-5.940955e-03,2.000284e-02,6.272132e-02
9.09250,0.346347,0.580510,4.036893e-01,2.838407e-01,9.481822e-01,1.282081e-01,-3.871932e-03,-5.930539e-03,1.999956e-02,6.272562e-02
9.09500,0.346065,0.580852,4.038638e-01,2.841503e-01,9.481748e-01,1.282052e-01,-3.882800e-03,-5.920040e-03,1.999628e-02,6.272993e-02
9.09750,0.345783,0.581195,4.040379e-01,2.844601e-01,9.481661e-01,1.282022e-01,-3.893834e-03,-5.909779e-03,1.999301e-02,6.273426e-02
9.10000,0.345502,0.581539,4.042116e-01,2.847701e-01,9.481563e-01,1.281993e-01,-3.904430e-03,-5.899792e-03,1.998975e-02,6.273861e-02
9.10250,0.345221,0.581884,4.043850e-01,2.850802e-01,9.481458e-01,1.281963e-01,-3.914943e-03,-5.889938e-03,1.998650e-02,6.274297e-02
9.10500,0.344940,0.582228,4.045579e-01,2.853906e-01,9.481348e-01,1.281934e-01,-3.925715e-03,-5.880824e-03,1.998327e-02,6.274735e-02
9.10750,0.344660,0.582574,4.047305e-01,2.857012e-01,9.481237e-01,1.281904e-01,-3.936394e-03,-5.871749e-03,1.998004e-02,6.275174e-02
9.11000,0.344380,0.582920,4.049027e-01,2.860120e-01,9.481126e-01,1.281875e-01,-3.946789e-03,-5.862993e-03,1.997683e-02,6.275615e-02
9.11250,0.344101,0.583267,4.050745e-01,2.863229e-01,9.481019e-01,1.281846e-01,-3.957217e-03,-5.854306e-03,1.997364e-02,6.276057e-02
9.11500,0.343822,0.583614,4.052459e-01,2.866341e-01,9.480915e-01,1.281816e-01,-3.967993e-03,-5.845218e-03,1.997046e-02,6.276500e-02
9.11750,0.343544,0.583962,4.054169e-01,2.869454e-01,9.480815e-01,1.281787e-01,-3.978663e-03,-5.835719e-03,1.996729e-02,6.276945e-02
9.12000,0.343266,0.584310,4.055875e-01,2.872569e-01,9.480719e-01,1.281758e-01,-3.989008e-03,-5.825671e-03,1.996413e-02,6.277391e-02
9.12250,0.342988,0.584659,4.057577e-01,2.875687e-01,9.480627e-01,1.281728e-01,-3.999169e-03,-5.814978e-03,1.996097e-02,6.277838e-02
9.12500,0.342710,0.585009,4.059275e-01,2.878806e-01,9.480537e-01,1.281699e-01,-4.009187e-03,-5.804526e-03,1.995783e-02,6.278287e-02
9.12750,0.342433,0.585359,4.060968e-01,2.881927e-01,9.480452e-01,1.281670e-01,-4.019422e-03,-5.794609e-03,1.995470e-02,6.278737e-02
9.13000,0.342157,0.585710,4.062658e-01,2.885049e-01,9.480371e-01,1.281641e-01,-4.029912e-03,-5.784776e-03,1.995159e-02,6.279188e-02
9.13250,0.341881,0.586061,4.064343e-01,2.888174e-01,9.480295e-01,1.281612e-01,-4.040595e-03,-5.775014e-03,1.994850e-02,6.279640e-02
9.13500,0.341605,0.586413,4.066024e-01,2.891301e-01,9.480220e-01,1.281583e-01,-4.051437e-03,-5.765250e-03,1.994541e-02,6.280094e-02
9.13750,0.341330,0.586765,4.067701e-01,2.894429e-01,9.480147e-01,1.281554e-01,-4.062473e-03,-5.755381e-03,1.994232e-02,6.280549e-02
9.14000,0.341055,0.587118,4.069374e-01,2.897559e-01,9.480074e-01,1.281525e-01,-4.073751e-03,-5.745443e-03,1.993924e-02,6.281005e-02
9.14250,0.340780,0.587472,4.071043e-01,2.900691e-01,9.480000e-01,1.281496e-01,-4.085455e-03,-5.736122e-03,1.993617e-02,6.281463e-02
9.14500,0.340506,0.587826,4.072708e-01,2.903824e-01,9.479927e-01,1.281467e-01,-4.096871e-03,-5.727213e-03,1.993312e-02,6.281921e-02
9.14750,0.340233,0.588181,4.074368e-01,2.906960e-01,9.479856e-01,1.281438e-01,-4.108533e-03,-5.717932e-03,1.993007e-02,6.282381e-02
9.15000,0.339959,0.588536,4.076024e-01,2.910097e-01,9.479789e-01,1.281409e-01,-4.120237e-03,-5.707869e-03,1.992702e-02,6.282842e-02
9.15250,0.339686,0.588892,4.077676e-01,2.913236e-01,9.479727e-01,1.281380e-01,-4.131546e-03,-5.697197e-03,1.992395e-02,6.283305e-02
9.15500,0.339414,0.589248,4.079323e-01,2.916377e-01,9.479672e-01,1.281352e-01,-4.142433e-03,-5.685920e-03,1.992087e-02,6.283768e-02
9.15750,0.339142,0.589605,4.080966e-01,2.919519e-01,9.479621e-01,1.281323e-01,-4.153100e-03,-5.674898e-03,1.991781e-02,6.284233e-02
9.16000,0.338870,0.589963,4.082604e-01,2.922664e-01,9.479571e-01,1.281294e-01,-4.163834e-03,-5.664156e-03,1.991475e-02,6.284699e-02
9.16250,0.338599,0.590321,4.084238e-01,2.925810e-01,9.479521e-01,1.281266e-01,-4.175048e-03,-5.653314e-03,1.991169e-02,6.285166e-02
9.16500,0.338328,0.590679,4.085867e-01,2.928957e-01,9.479465e-01,1.281237e-01,-4.186429e-03,-5.642587e-03,1.990863e-02,6.285634e-02
9.16750,0.338058,0.591039,4.087491e-01,2.932107e-01,9.479399e-01,1.281208e-01,-4.198077e-03,-5.631636e-03,1.990557e-02,6.286103e-02
9.17000,0.337788,0.591398,4.089111e-01,2.935257e-01,9.479319e-01,1.281180e-01,-4.209900e-03,-5.620492e-03,1.990250e-02,6.286574e-02
9.17250,0.337519,0.591759,4.090726e-01,2.938410e-01,9.479225e-01,1.281151e-01,-4.221906e-03,-5.609096e-03,1.989942e-02,6.287045e-02
9.17500,0.337249,0.592120,4.092336e-01,2.941564e-01,9.479116e-01,1.281122e-01,-4.233418e-03,-5.597650e-03,1.989634e-02,6.287518e-02
9.17750,0.336981,0.592481,4.093942e-01,2.944720e-01,9.478993e-01,1.281094e-01,-4.244754e-03,-5.585998e-03,1.989328e-02,6.287992e-02
9.18000,0.336713,0.592843,4.095543e-01,2.947878e-01,9.478862e-01,1.281065e-01,-4.256119e-03,-5.574234e-03,1.989024e-02,6.288467e-02
9.18250,0.336445,0.593206,4.097138e-01,2.951037e-01,9.478726e-01,1.281037e-01,-4.267478e-03,-5.562759e-03,1.988722e-02,6.288943e-02
9.18500,0.336177,0.593569,4.098729e-01,2.954198e-01,9.478590e-01,1.281008e-01,-4.278772e-03,-5.552045e-03,1.988423e-02,6.289420e-02
9.18750,0.335910,0.593932,4.100328e-01,2.957361e-01,9.478459e-01,1.280980e-01,-4.289859e-03,-5.541300e-03,1.988127e-02,6.289898e-02
9.19000,0.335644,0.594297,4.101933e-01,2.960525e-01,9.478337e-01,1.280952e-01,-4.300969e-03,-5.530950e-03,1.987832e-02,6.290376e-02
9.19250,0.335378,0.594661,4.103534e-01,2.963690e-01,9.478225e-01,1.280923e-01,-4.311866e-03,-5.521069e-03,1.987538e-02,6.290856e-02
9.19500,0.335112,0.595027,4.105130e-01,2.966857e-01,9.478124e-01,1.280895e-01,-4.323060e-03,-5.511344e-03,1.987243e-02,6.291336e-02
9.19750,0.334847,0.595392,4.106721e-01,2.970026e-01,9.478034e-01,1.280867e-01,-4.334561e-03,-5.501471e-03,1.986947e-02,6.291817e-02
9.20000,0.334582,0.595759,4.108307e-01,2.973196e-01,9.477954e-01,1.280838e-01,-4.346340e-03,-5.491408e-03,1.986649e-02,6.292299e-02
9.20250,0.334318,0.596126,4.109888e-01,2.976368e-01,9.477886e-01,1.280810e-01,-4.358498e-03,-5.480325e-03,1.986347e-02,6.292782e-02
9.20500,0.334054,0.596493,4.111464e-01,2.979541e-01,9.477828e-01,1.280782e-01,-4.371033e-03,-5.468601e-03,1.986044e-02,6.293266e-02
9.20750,0.333790,0.596861,4.113035e-01,2.982716e-01,9.477779e-01,1.280754e-01,-4.383683e-03,-5.456673e-03,1.985740e-02,6.293751e-02
9.21000,0.333527,0.597230,4.114600e-01,2.985892e-01,9.477738e-01,1.280726e-01,-4.396127e-03,-5.445017e-03,1.985438e-02,6.294237e-02
9.21250,0.333265,0.597599,4.116160e-01,2.989070e-01,9.477700e-01,1.280698e-01,-4.408356e-03,-5.433674e-03,1.985137e-02,6.294723e-02
9.21500,0.333002,0.597969,4.117715e-01,2.992250e-01,9.477663e-01,1.280670e-01,-4.420371e-03,-5.422213e-03,1.984837e-02,6.295210e-02
9.21750,0.332741,0.598339,4.119265e-01,2.995430e-01,9.477620e-01,1.280642e-01,-4.432465e-03,-5.410075e-03,1.984539e-02,6.295698e-02
9.22000,0.332479,0.598709,4.120809e-01,2.998612e-01,9.477567e-01,1.280614e-01,-4.444683e-03,-5.397411e-03,1.984241e-02,6.296187e-02
9.22250,0.332219,0.599081,4.122348e-01,3.001796e-01,9.477501e-01,1.280585e-01,-4.457195e-03,-5.384639e-03,1.983942e-02,6.296677e-02
9.22500,0.331958,0.599452,4.123881e-01,3.004981e-01,9.477420e-01,1.280558e-01,-4.469367e-03,-5.372213e-03,1.983643e-02,6.297167e-02
9.22750,0.331698,0.599825,4.125409e-01,3.008167e-01,9.477327e-01,1.280530e-01,-4.481844e-03,-5.359780e-03,1.983343e-02,6.297658e-02
9.23000,0.331439,0.600198,4.126931e-01,3.011355e-01,9.477221e-01,1.280502e-01,-4.494894e-03,-5.347057e-03,1.983040e-02,6.298150e-02
9.23250,0.331180,0.600571,4.128447e-01,3.014544e-01,9.477105e-01,1.280474e-01,-4.507664e-03,-5.334469e-03,1.982737e-02,6.298642e-02
9.23500,0.330921,0.600945,4.129958e-01,3.017735e-01,9.476980e-01,1.280446e-01,-4.520118e-03,-5.321793e-03,1.982433e-02,6.299134e-02
9.23750,0.330663,0.601319,4.131463e-01,3.020927e-01,9.476849e-01,1.280418e-01,-4.532658e-03,-5.309423e-03,1.982127e-02,6.299628e-02
9.24000,0.330405,0.601694,4.132962e-01,3.024120e-01,9.476715e-01,1.280390e-01,-4.545059e-03,-5.298029e-03,1.981821e-02,6.300122e-02
9.24250,0.330148,0.602070,4.134456e-01,3.027315e-01,9.476583e-01,1.280362e-01,-4.557032e-03,-5.287296e-03,1.981516e-02,6.300616e-02
9.24500,0.329891,0.602446,4.135943e-01,3.030511e-01,9.476456e-01,1.280335e-01,-4.568838e-03,-5.276998e-03,1.981213e-02,6.301111e-02
9.24750,0.329635,0.602822,4.137425e-01,3.033708e-01,9.476338e-01,1.280307e-01,-4.580803e-03,-5.265941e-03,1.980912e-02,6.301606e-02
9.25000,0.329379,0.603199,4.138901e-01,3.036906e-01,9.476228e-01,1.280279e-01,-4.592954e-03,-5.253692e-03,1.980611e-02,6.302102e-02
9.25250,0.329124,0.603577,4.140371e-01,3.040106e-01,9.476126e-01,1.280252e-01,-4.605684e-03,-5.240468e-03,1.980308e-02,6.302598e-02
9.25500,0.328869,0.603955,4.141835e-01,3.043307e-01,9.476033e-01,1.280224e-01,-4.618347e-03,-5.227369e-03,1.980005e-02,6.303095e-02
9.25750,0.328615,0.604333,4.143294e-01,3.046509e-01,9.475947e-01,1.280196e-01,-4.630871e-03,-5.214599e-03,1.979703e-02,6.303592e-02
9.26000,0.328361,0.604713,4.144746e-01,3.049713e-01,9.475866e-01,1.280169e-01,-4.643450e-03,-5.201897e-03,1.979402e-02,6.304090e-02
9.26250,0.328107,0.605092,4.146193e-01,3.052918e-01,9.475790e-01,1.280141e-01,-4.656288e-03,-5.189392e-03,1.979102e-02,6.304588e-02
9.26500,0.327854,0.605472,4.147633e-01,3.056124e-01,9.475720e-01,1.280114e-01,-4.669634e-03,-5.176239e-03,1.978799e-02,6.305087e-02
9.26750,0.327601,0.605853,4.149067e-01,3.059331e-01,9.475653e-01,1.280086e-01,-4.683001e-03,-5.163332e-03,1.978494e-02,6.305585e-02
9.27000,0.327349,0.606234,4.150495e-01,3.062539e-01,9.475590e-01,1.280059e-01,-4.696504e-03,-5.150966e-03,1.978189e-02,6.306084e-02
9.27250,0.327098,0.606616,4.151917e-01,3.065749e-01,9.475530e-01,1.280031e-01,-4.710324e-03,-5.138560e-03,1.977882e-02,6.306584e-02
9.27500,0.326847,0.606998,4.153332e-01,3.068959e-01,9.475467e-01,1.280004e-01,-4.724383e-03,-5.125826e-03,1.977574e-02,6.307083e-02
9.27750,0.326596,0.607381,4.154741e-01,3.072171e-01,9.475399e-01,1.279976e-01,-4.737878e-03,-5.113202e-03,1.977267e-02,6.307582e-02
9.28000,0.326346,0.607764,4.156143e-01,3.075384e-01,9.475323e-01,1.279949e-01,-4.750941e-03,-5.100359e-03,1.976959e-02,6.308082e-02
9.28250,0.326096,0.608148,4.157539e-01,3.078598e-01,9.475240e-01,1.279921e-01,-4.763587e-03,-5.087725e-03,1.976650e-02,6.308581e-02
9.28500,0.325847,0.608532,4.158928e-01,3.081813e-01,9.475153e-01,1.279894e-01,-4.776472e-03,-5.075219e-03,1.976340e-02,6.309081e-02
9.28750,0.325598,0.608917,4.160311e-01,3.085029e-01,9.475062e-01,1.279867e-01,-4.789806e-03,-5.062480e-03,1.976028e-02,6.309581e-02
9.29000,0.325350,0.609302,4.161687e-01,3.088247e-01,9.474967e-01,1.279839e-01,-4.803321e-03,-5.049308e-03,1.975713e-02,6.310080e-02
9.29250,0.325102,0.609687,4.163056e-01,3.091465e-01,9.474866e-01,1.279812e-01,-4.817241e-03,-5.035604e-03,1.975396e-02,6.310580e-02
9.29500,0.324854,0.610074,4.164418e-01,3.094684e-01,9.474758e-01,1.279785e-01,-4.831436e-03,-5.021273e-03,1.975078e-02,6.311080e-02
9.29750,0.324608,0.610460,4.165774e-01,3.097905e-01,9.474639e-01,1.279758e-01,-4.845912e-03,-5.006567e-03,1.974758e-02,6.311580e-02
9.30000,0.324361,0.610848,4.167122e-01,3.101126e-01,9.474512e-01,1.279731e-01,-4.860049e-03,-4.992440e-03,1.974439e-02,6.312080e-02
9.30250,0.324115,0.611235,4.168464e-01,3.104349e-01,9.474381e-01,1.279703e-01,-4.873663e-03,-4.979582e-03,1.974123e-02,6.312580e-02
9.30500,0.323870,0.611623,4.169798e-01,3.107572e-01,9.474249e-01,1.279676e-01,-4.887351e-03,-4.966849e-03,1.973808e-02,6.313079e-02
9.30750,0.323625,0.612012,4.171126e-01,3.110796e-01,9.474120e-01,1.279649e-01,-4.901189e-03,-4.953704e-03,1.973491e-02,6.313579e-02
9.31000,0.323381,0.612401,4.172447e-01,3.114022e-01,9.473996e-01,1.279622e-01,-4.914905e-03,-4.940249e-03,1.973173e-02,6.314078e-02
9.31250,0.323137,0.612791,4.173761e-01,3.117248e-01,9.473879e-01,1.279595e-01,-4.928463e-03,-4.926975e-03,1.972854e-02,6.314577e-02
9.31500,0.322893,0.613181,4.175068e-01,3.120475e-01,9.473769e-01,1.279568e-01,-4.942176e-03,-4.913403e-03,1.972534e-02,6.315076e-02
9.31750,0.322650,0.613572,4.176368e-01,3.123703e-01,9.473668e-01,1.279541e-01,-4.956269e-03,-4.898854e-03,1.972211e-02,6.315574e-02
9.32000,0.322408,0.613963,4.177661e-01,3.126932e-01,9.473575e-01,1.279514e-01,-4.970399e-03,-4.884048e-03,1.971885e-02,6.316073e-02
9.32250,0.322166,0.614354,4.178947e-01,3.130162e-01,9.473490e-01,1.279487e-01,-4.984402e-03,-4.869567e-03,1.971560e-02,6.316571e-02
9.32500,0.321925,0.614746,4.180226e-01,3.133393e-01,9.473412e-01,1.279460e-01,-4.997816e-03,-4.854947e-03,1.971234e-02,6.317069e-02
9.32750,0.321684,0.615139,4.181497e-01,3.136625e-01,9.473341e-01,1.279433e-01,-5.010944e-03,-4.840187e-03,1.970910e-02,6.317567e-02
9.33000,0.321443,0.615532,4.182761e-01,3.139857e-01,9.473279e-01,1.279406e-01,-5.024080e-03,-4.825382e-03,1.970585e-02,6.318064e-02
9.33250,0.321203,0.615926,4.184017e-01,3.143090e-01,9.473221e-01,1.279379e-01,-5.037775e-03,-4.810440e-03,1.970259e-02,6.318560e-02
9.33500,0.320964,0.616320,4.185266e-01,3.146324e-01,9.473164e-01,1.279352e-01,-5.051743e-03,-4.795628e-03,1.969930e-02,6.319057e-02
9.33750,0.320725,0.616714,4.186507e-01,3.149559e-01,9.473101e-01,1.279325e-01,-5.065693e-03,-4.781056e-03,1.969599e-02,6.319552e-02
9.34000,0.320487,0.617109,4.187740e-01,3.152795e-01,9.473031e-01,1.279299e-01,-5.080149e-03,-4.766013e-03,1.969267e-02,6.320047e-02
9.34250,0.320249,0.617504,4.188966e-01,3.156031e-01,9.472952e-01,1.279272e-01,-5.095232e-03,-4.750998e-03,1.968930e-02,6.320542e-02
9.34500,0.320011,0.617900,4.190184e-01,3.159268e-01,9.472862e-01,1.279245e-01,-5.110746e-03,-4.736330e-03,1.968590e-02,6.321036e-02
9.34750,0.319775,0.618297,4.191394e-01,3.162506e-01,9.472759e-01,1.279218e-01,-5.126624e-03,-4.721972e-03,1.968246e-02,6.321529e-02
9.35000,0.319538,0.618693,4.192596e-01,3.165745e-01,9.472643e-01,1.279191e-01,-5.142153e-03,-4.707896e-03,1.967901e-02,6.322022e-02
9.35250,0.319302,0.619091,4.193790e-01,3.168984e-01,9.472513e-01,1.279165e-01,-5.157602e-03,-4.693593e-03,1.967556e-02,6.322513e-02
9.35500,0.319067,0.619488,4.194976e-01,3.172224e-01,9.472371e-01,1.279138e-01,-5.173380e-03,-4.678630e-03,1.967209e-02,6.323004e-02
9.35750,0.318832,0.619887,4.196153e-01,3.175464e-01,9.472220e-01,1.279111e-01,-5.189240e-03,-4.663431e-03,1.966860e-02,6.323494e-02
9.36000,0.318598,0.620285,4.197323e-01,3.178705e-01,9.472067e-01,1.279085e-01,-5.204953e-03,-4.648137e-03,1.966512e-02,6.323983e-02
9.36250,0.318364,0.620685,4.198484e-01,3.181947e-01,9.471917e-01,1.279058e-01,-5.220388e-03,-4.632740e-03,1.966164e-02,6.324472e-02
9.36500,0.318131,0.621084,4.199638e-01,3.185190e-01,9.471776e-01,1.279031e-01,-5.235409e-03,-4.617212e-03,1.965818e-02,6.324959e-02
9.36750,0.317898,0.621484,4.200783e-01,3.188433e-01,9.471646e-01,1.279005e-01,-5.250222e-03,-4.601428e-03,1.965473e-02,6.325446e-02
9.37000,0.317666,0.621885,4.201921e-01,3.191676e-01,9.471528e-01,1.278978e-01,-5.264850e-03,-4.585764e-03,1.965130e-02,6.325931e-02
9.37250,0.317435,0.622286,4.203050e-01,3.194920e-01,9.471420e-01,1.278952e-01,-5.279594e-03,-4.569953e-03,1.964785e-02,6.326416e-02
9.37500,0.317203,0.622687,4.204171e-01,3.198165e-01,9.471323e-01,1.278925e-01,-5.294237e-03,-4.554307e-03,1.964438e-02,6.326899e-02
9.37750,0.316973,0.623089,4.205283e-01,3.201410e-01,9.471240e-01,1.278899e-01,-5.309129e-03,-4.538494e-03,1.964089e-02,6.327381e-02
9.38000,0.316743,0.623491,4.206388e-01,3.204656e-01,9.471169e-01,1.278872e-01,-5.324009e-03,-4.522650e-03,1.963737e-02,6.327862e-02
9.38250,0.316513,0.623894,4.207484e-01,3.207902e-01,9.471109e-01,1.278846e-01,-5.338510e-03,-4.507274e-03,1.963385e-02,6.328342e-02
9.38500,0.316284,0.624297,4.208571e-01,3.211149e-01,9.471056e-01,1.278819e-01,-5.353369e-03,-4.491970e-03,1.963031e-02,6.328820e-02
9.38750,0.316056,0.624701,4.209649e-01,3.214396e-01,9.471003e-01,1.278793e-01,-5.368482e-03,-4.476921e-03,1.962675e-02,6.329297e-02
9.39000,0.315828,0.625105,4.210719e-01,3.217643e-01,9.470945e-01,1.278767e-01,-5.384024e-03,-4.462182e-03,1.962316e-02,6.329772e-02
9.39250,0.315601,0.625509,4.211780e-01,3.220891e-01,9.470877e-01,1.278740e-01,-5.400111e-03,-4.446557e-03,1.961953e-02,6.330246e-02
9.39500,0.315374,0.625914,4.212832e-01,3.224140e-01,9.470797e-01,1.278714e-01,-5.416535e-03,-4.430026e-03,1.961585e-02,6.330719e-02
9.39750,0.315148,0.626320,4.213903e-01,3.227389e-01,9.470703e-01,1.278687e-01,-5.433650e-03,-4.413045e-03,1.961213e-02,6.331190e-02
9.40000,0.314922,0.626726,4.214969e-01,3.230638e-01,9.470594e-01,1.278661e-01,-5.451512e-03,-4.396018e-03,1.960836e-02,6.331659e-02
9.40250,0.314697,0.627132,4.216025e-01,3.233887e-01,9.470470e-01,1.278635e-01,-5.469471e-03,-4.378358e-03,1.960456e-02,6.332128e-02
9.40500,0.314472,0.627539,4.217072e-01,3.237137e-01,9.470329e-01,1.278608e-01,-5.486485e-03,-4.360848e-03,1.960077e-02,6.332594e-02
9.40750,0.314248,0.627946,4.218109e-01,3.240387e-01,9.470176e-01,1.278582e-01,-5.503106e-03,-4.343780e-03,1.959700e-02,6.333059e-02
9.41000,0.314025,0.628353,4.219137e-01,3.243637e-01,9.470015e-01,1.278556e-01,-5.519677e-03,-4.326262e-03,1.959322e-02,6.333523e-02
9.41250,0.313802,0.628761,4.220156e-01,3.246888e-01,9.469854e-01,1.278530e-01,-5.535895e-03,-4.308736e-03,1.958945e-02,6.333985e-02
9.41500,0.313579,0.629170,4.221165e-01,3.250139e-01,9.469697e-01,1.278504e-01,-5.551413e-03,-4.291932e-03,1.958568e-02,6.334444e-02
9.41750,0.313357,0.629578,4.222165e-01,3.253390e-01,9.469547e-01,1.278477e-01,-5.566869e-03,-4.275790e-03,1.958191e-02,6.334902e-02
9.42000,0.313136,0.629988,4.223155e-01,3.256641e-01,9.469409e-01,1.278451e-01,-5.582247e-03,-4.259730e-03,1.957812e-02,6.335358e-02
9.42250,0.312915,0.630397,4.224136e-01,3.259893e-01,9.469284e-01,1.278425e-01,-5.597672e-03,-4.243065e-03,1.957431e-02,6.335812e-02
9.42500,0.312695,0.630808,4.225107e-01,3.263145e-01,9.469174e-01,1.278399e-01,-5.612988e-03,-4.225894e-03,1.957047e-02,6.336264e-02
9.42750,0.312476,0.631218,4.226069e-01,3.266397e-01,9.469080e-01,1.278373e-01,-5.628520e-03,-4.208664e-03,1.956660e-02,6.336714e-02
9.43000,0.312257,0.631629,4.227021e-01,3.269649e-01,9.469000e-01,1.278347e-01,-5.644468e-03,-4.191057e-03,1.956272e-02,6.337162e-02
9.43250,0.312038,0.632040,4.227964e-01,3.272901e-01,9.468930e-01,1.278321e-01,-5.660961e-03,-4.173351e-03,1.955882e-02,6.337607e-02
9.43500,0.311820,0.632452,4.228896e-01,3.276153e-01,9.468868e-01,1.278295e-01,-5.678028e-03,-4.155464e-03,1.955490e-02,6.338051e-02
9.43750,0.311603,0.632864,4.229843e-01,3.279405e-01,9.468810e-01,1.278269e-01,-5.695645e-03,-4.137307e-03,1.955094e-02,6.338492e-02
9.44000,0.311386,0.633277,4.230811e-01,3.282658e-01,9.468751e-01,1.278243e-01,-5.713778e-03,-4.118887e-03,1.954697e-02,6.338931e-02
9.44250,0.311170,0.633690,4.231769e-01,3.285910e-01,9.468685e-01,1.278217e-01,-5.731865e-03,-4.100535e-03,1.954300e-02,6.339368e-02
9.44500,0.310954,0.634103,4.232717e-01,3.289163e-01,9.468608e-01,1.278191e-01,-5.749864e-03,-4.082340e-03,1.953901e-02,6.339802e-02
9.44750,0.310739,0.634517,4.233654e-01,3.292415e-01,9.468517e-01,1.278165e-01,-5.767914e-03,-4.063974e-03,1.953498e-02,6.340234e-02
9.45000,0.310525,0.634931,4.234581e-01,3.295668e-01,9.468410e-01,1.278139e-01,-5.785537e-03,-4.045817e-03,1.953093e-02,6.340663e-02
9.45250,0.310311,0.635346,4.235497e-01,3.298920e-01,9.468286e-01,1.278113e-01,-5.803070e-03,-4.027699e-03,1.952686e-02,6.341090e-02
9.45500,0.310098,0.635761,4.236402e-01,3.302173e-01,9.468146e-01,1.278087e-01,-5.820966e-03,-4.009636e-03,1.952274e-02,6.341514e-02
9.45750,0.309885,0.636176,4.237297e-01,3.305425e-01,9.467992e-01,1.278062e-01,-5.839430e-03,-3.990834e-03,1.951857e-02,6.341935e-02
9.46000,0.309673,0.636592,4.238180e-01,3.308677e-01,9.467830e-01,1.278036e-01,-5.857876e-03,-3.971483e-03,1.951436e-02,6.342354e-02
9.46250,0.309462,0.637008,4.239053e-01,3.311929e-01,9.467664e-01,1.278010e-01,-5.876461e-03,-3.951944e-03,1.951013e-02,6.342770e-02
9.46500,0.309251,0.637425,4.239914e-01,3.315181e-01,9.467500e-01,1.277984e-01,-5.894511e-03,-3.932698e-03,1.950591e-02,6.343183e-02
9.46750,0.309040,0.637842,4.240765e-01,3.318433e-01,9.467342e-01,1.277959e-01,-5.912091e-03,-3.913287e-03,1.950170e-02,6.343593e-02
9.47000,0.308831,0.638259,4.241605e-01,3.321684e-01,9.467101e-01,1.277933e-01,-5.928879e-03,-3.894365e-03,1.949751e-02,6.344000e-02
9.47250,0.308621,0.638677,4.242433e-01,3.324936e-01,9.466787e-01,1.277907e-01,-5.945702e-03,-3.875958e-03,1.949335e-02,6.344404e-02
9.47500,0.308413,0.639095,4.243251e-01,3.328187e-01,9.466453e-01,1.277881e-01,-5.962866e-03,-3.857403e-03,1.948919e-02,6.344805e-02
9.47750,0.308205,0.639513,4.244109e-01,3.331438e-01,9.466106e-01,1.277856e-01,-5.980383e-03,-3.838465e-03,1.948502e-02,6.345203e-02
9.48000,0.307998,0.639932,4.244988e-01,3.334689e-01,9.465754e-01,1.277830e-01,-5.998776e-03,-3.818998e-03,1.948080e-02,6.345598e-02
9.48250,0.307791,0.640351,4.245856e-01,3.337939e-01,9.465405e-01,1.277804e-01,-6.017287e-03,-3.799260e-03,1.947654e-02,6.345989e-02
9.48500,0.307585,0.640771,4.246712e-01,3.341189e-01,9.465073e-01,1.277779e-01,-6.035867e-03,-3.779947e-03,1.947223e-02,6.346377e-02
9.48750,0.307379,0.641191,4.247556e-01,3.344439e-01,9.464767e-01,1.277753e-01,-6.054339e-03,-3.760774e-03,1.946790e-02,6.346762e-02
9.49000,0.307174,0.641611,4.248389e-01,3.347688e-01,9.464493e-01,1.277728e-01,-6.072538e-03,-3.741820e-03,1.946355e-02,6.347142e-02
9.49250,0.306970,0.642032,4.249210e-01,3.350937e-01,9.464252e-01,1.277702e-01,-6.090656e-03,-3.722642e-03,1.945918e-02,6.347520e-02
9.49500,0.306766,0.642453,4.250018e-01,3.354186e-01,9.464037e-01,1.277677e-01,-6.108990e-03,-3.702628e-03,1.945479e-02,6.347894e-02
9.49750,0.306563,0.642875,4.250815e-01,3.357434e-01,9.463842e-01,1.277651e-01,-6.127886e-03,-3.681633e-03,1.945036e-02,6.348264e-02
9.50000,0.306361,0.643296,4.251600e-01,3.360682e-01,9.463657e-01,1.277626e-01,-6.146549e-03,-3.660789e-03,1.944593e-02,6.348631e-02
9.50250,0.306159,0.643719,4.252372e-01,3.363929e-01,9.463472e-01,1.277600e-01,-6.165177e-03,-3.639699e-03,1.944149e-02,6.348994e-02
9.50500,0.305958,0.644141,4.253132e-01,3.367176e-01,9.463280e-01,1.277575e-01,-6.183968e-03,-3.618157e-03,1.943704e-02,6.349353e-02
9.50750,0.305757,0.644564,4.253880e-01,3.370422e-01,9.463070e-01,1.277549e-01,-6.203134e-03,-3.596246e-03,1.943254e-02,6.349708e-02
9.51000,0.305557,0.644987,4.254644e-01,3.373668e-01,9.462837e-01,1.277524e-01,-6.223218e-03,-3.574036e-03,1.942799e-02,6.350060e-02
9.51250,0.305358,0.645411,4.255424e-01,3.376913e-01,9.462581e-01,1.277498e-01,-6.243882e-03,-3.551875e-03,1.942340e-02,6.350407e-02
9.51500,0.305159,0.645835,4.256216e-01,3.380158e-01,9.462301e-01,1.277473e-01,-6.264726e-03,-3.529449e-03,1.941877e-02,6.350750e-02
9.51750,0.304961,0.646259,4.257028e-01,3.383402e-01,9.461999e-01,1.277448e-01,-6.285019e-03,-3.507807e-03,1.941416e-02,6.351089e-02
9.52000,0.304764,0.646684,4.257827e-01,3.386645e-01,9.461681e-01,1.277422e-01,-6.304717e-03,-3.487195e-03,1.940955e-02,6.351423e-02
9.52250,0.304567,0.647109,4.258612e-01,3.389888e-01,9.461351e-01,1.277397e-01,-6.324130e-03,-3.467139e-03,1.940494e-02,6.351754e-02
9.52500,0.304371,0.647534,4.259385e-01,3.393130e-01,9.461015e-01,1.277372e-01,-6.343208e-03,-3.447332e-03,1.940032e-02,6.352079e-02
9.52750,0.304175,0.647960,4.260145e-01,3.396372e-01,9.460682e-01,1.277347e-01,-6.362338e-03,-3.428015e-03,1.939568e-02,6.352400e-02
9.53000,0.303980,0.648386,4.260893e-01,3.399613e-01,9.460365e-01,1.277321e-01,-6.381330e-03,-3.408800e-03,1.939106e-02,6.352716e-02
9.53250,0.303786,0.648812,4.261627e-01,3.402853e-01,9.460076e-01,1.277296e-01,-6.400469e-03,-3.388536e-03,1.938645e-02,6.353028e-02
9.53500,0.303592,0.649239,4.262348e-01,3.406092e-01,9.459821e-01,1.277271e-01,-6.420029e-03,-3.367150e-03,1.938183e-02,6.353335e-02
9.53750,0.303399,0.649666,4.263056e-01,3.409330e-01,9.459597e-01,1.277246e-01,-6.440342e-03,-3.344743e-03,1.937717e-02,6.353637e-02
9.54000,0.303207,0.650093,4.263751e-01,3.412568e-01,9.459400e-01,1.277221e-01,-6.459898e-03,-3.321938e-03,1.937250e-02,6.353935e-02
9.54250,0.303015,0.650521,4.264459e-01,3.415805e-01,9.459221e-01,1.277196e-01,-6.479557e-03,-3.298798e-03,1.936782e-02,6.354228e-02
9.54500,0.302824,0.650949,4.265202e-01,3.419041e-01,9.459049e-01,1.277171e-01,-6.499543e-03,-3.275609e-03,1.936313e-02,6.354517e-02
9.54750,0.302634,0.651377,4.265931e-01,3.422276e-01,9.458871e-01,1.277146e-01,-6.519552e-03,-3.252380e-03,1.935843e-02,6.354800e-02
9.55000,0.302444,0.651806,4.266650e-01,3.425510e-01,9.458675e-01,1.277121e-01,-6.539873e-03,-3.229003e-03,1.935369e-02,6.355078e-02
9.55250,0.302255,0.652235,4.267426e-01,3.428743e-01,9.458459e-01,1.277096e-01,-6.560493e-03,-3.205837e-03,1.934890e-02,6.355351e-02
9.55500,0.302067,0.652664,4.268189e-01,3.431976e-01,9.458222e-01,1.277071e-01,-6.581890e-03,-3.182755e-03,1.934406e-02,6.355618e-02
9.55750,0.301879,0.653094,4.268937e-01,3.435207e-01,9.457963e-01,1.277046e-01,-6.603500e-03,-3.159794e-03,1.933916e-02,6.355880e-02
9.56000,0.301692,0.653523,4.269672e-01,3.438437e-01,9.457682e-01,1.277021e-01,-6.624558e-03,-3.137108e-03,1.933425e-02,6.356137e-02
9.56250,0.301506,0.653954,4.270392e-01,3.441666e-01,9.457386e-01,1.276996e-01,-6.645318e-03,-3.114800e-03,1.932933e-02,6.356388e-02
9.56500,0.301320,0.654384,4.271098e-01,3.444895e-01,9.457080e-01,1.276971e-01,-6.666762e-03,-3.092399e-03,1.932438e-02,6.356633e-02
9.56750,0.301135,0.654815,4.271790e-01,3.448122e-01,9.456771e-01,1.276946e-01,-6.688584e-03,-3.069654e-03,1.931942e-02,6.356872e-02
9.57000,0.300950,0.655246,4.272467e-01,3.451348e-01,9.456466e-01,1.276921e-01,-6.711069e-03,-3.046153e-03,1.931445e-02,6.357105e-02
9.57250,0.300767,0.655677,4.273129e-01,3.454573e-01,9.456168e-01,1.276896e-01,-6.733804e-03,-3.021677e-03,1.930946e-02,6.357333e-02
9.57500,0.300584,0.656109,4.273777e-01,3.457797e-01,9.455890e-01,1.276871e-01,-6.755795e-03,-2.997137e-03,1.930450e-02,6.357554e-02
9.57750,0.300401,0.656541,4.274463e-01,3.461019e-01,9.455639e-01,1.276847e-01,-6.777490e-03,-2.972396e-03,1.929954e-02,6.357769e-02
9.58000,0.300220,0.656973,4.275175e-01,3.464240e-01,9.455420e-01,1.276822e-01,-6.799043e-03,-2.947705e-03,1.929459e-02,6.357979e-02
9.58250,0.300039,0.657406,4.275873e-01,3.467460e-01,9.455229e-01,1.276797e-01,-6.820491e-03,-2.922909e-03,1.928963e-02,6.358182e-02
9.58500,0.299858,0.657839,4.276556e-01,3.470679e-01,9.455061e-01,1.276773e-01,-6.841808e-03,-2.898107e-03,1.928464e-02,6.358379e-02
9.58750,0.299679,0.658272,4.277253e-01,3.473897e-01,9.454902e-01,1.276748e-01,-6.862812e-03,-2.873476e-03,1.927964e-02,6.358570e-02
9.59000,0.299500,0.658705,4.278001e-01,3.477113e-01,9.454738e-01,1.276723e-01,-6.883832e-03,-2.848807e-03,1.927463e-02,6.358755e-02
9.59250,0.299322,0.659139,4.278734e-01,3.480328e-01,9.454553e-01,1.276699e-01,-6.905231e-03,-2.824046e-03,1.926957e-02,6.358933e-02
9.59500,0.299144,0.659573,4.279452e-01,3.483542e-01,9.454343e-01,1.276674e-01,-6.926248e-03,-2.799989e-03,1.926450e-02,6.359105e-02
9.59750,0.298967,0.660007,4.280154e-01,3.486754e-01,9.454109e-01,1.276650e-01,-6.946918e-03,-2.776515e-03,1.925945e-02,6.359270e-02
9.60000,0.298791,0.660442,4.280842e-01,3.489964e-01,9.453853e-01,1.276625e-01,-6.967374e-03,-2.752949e-03,1.925441e-02,6.359428e-02
9.60250,0.298616,0.660877,4.281514e-01,3.493174e-01,9.453580e-01,1.276601e-01,-6.988504e-03,-2.728538e-03,1.924938e-02,6.359580e-02
9.60500,0.298441,0.661312,4.282170e-01,3.496381e-01,9.453299e-01,1.276576e-01,-7.009735e-03,-2.703314e-03,1.924437e-02,6.359724e-02
9.60750,0.298267,0.661747,4.282811e-01,3.499588e-01,9.453014e-01,1.276552e-01,-7.031093e-03,-2.677850e-03,1.923936e-02,6.359862e-02
9.61000,0.298094,0.662183,4.283436e-01,3.502792e-01,9.452727e-01,1.276528e-01,-7.052915e-03,-2.652070e-03,1.923436e-02,6.359993e-02
9.61250,0.297921,0.662619,4.284045e-01,3.505996e-01,9.452447e-01,1.276503e-01,-7.074793e-03,-2.625984e-03,1.922934e-02,6.360116e-02
9.61500,0.297749,0.663055,4.284720e-01,3.509197e-01,9.452181e-01,1.276479e-01,-7.097294e-03,-2.599876e-03,1.922426e-02,6.360233e-02
9.61750,0.297578,0.663491,4.285415e-01,3.512397e-01,9.451939e-01,1.276455e-01,-7.121119e-03,-2.573450e-03,1.921909e-02,6.360341e-02
9.62000,0.297407,0.663928,4.286093e-01,3.515596e-01,9.451728e-01,1.276431e-01,-7.145898e-03,-2.546597e-03,1.921383e-02,6.360443e-02
9.62250,0.297238,0.664365,4.286755e-01,3.518793e-01,9.451546e-01,1.276406e-01,-7.171212e-03,-2.519742e-03,1.920850e-02,6.360536e-02
9.62500,0.297069,0.664802,4.287401e-01,3.521988e-01,9.451387e-01,1.276382e-01,-7.196411e-03,-2.492523e-03,1.920315e-02,6.360622e-02
9.62750,0.296900,0.665239,4.288103e-01,3.525181e-01,9.451242e-01,1.276358e-01,-7.221055e-03,-2.465245e-03,1.919780e-02,6.360700e-02
9.63000,0.296733,0.665677,4.288835e-01,3.528372e-01,9.451101e-01,1.276334e-01,-7.245517e-03,-2.437659e-03,1.919246e-02,6.360770e-02
9.63250,0.296566,0.666114,4.289550e-01,3.531562e-01,9.450947e-01,1.276310e-01,-7.269117e-03,-2.410254e-03,1.918716e-02,6.360832e-02
9.63500,0.296400,0.666553,4.290248e-01,3.534750e-01,9.450769e-01,1.276286e-01,-7.292013e-03,-2.383295e-03,1.918193e-02,6.360886e-02
9.63750,0.296234,0.666991,4.290930e-01,3.537936e-01,9.450561e-01,1.276262e-01,-7.314538e-03,-2.356523e-03,1.917675e-02,6.360931e-02
9.64000,0.296070,0.667429,4.291594e-01,3.541121e-01,9.450328e-01,1.276238e-01,-7.337575e-03,-2.329505e-03,1.917159e-02,6.360969e-02
9.64250,0.295906,0.667868,4.292241e-01,3.544303e-01,9.450072e-01,1.276214e-01,-7.360415e-03,-2.302401e-03,1.916645e-02,6.360998e-02
9.64500,0.295743,0.668307,4.292872e-01,3.547483e-01,9.449801e-01,1.276190e-01,-7.383353e-03,-2.275506e-03,1.916132e-02,6.361019e-02
9.64750,0.295580,0.668746,4.293484e-01,3.550662e-01,9.449523e-01,1.276167e-01,-7.406899e-03,-2.248337e-03,1.915614e-02,6.361031e-02
9.65000,0.295419,0.669186,4.294080e-01,3.553838e-01,9.449245e-01,1.276143e-01,-7.430477e-03,-2.221109e-03,1.915093e-02,6.361035e-02
9.65250,0.295258,0.669625,4.294657e-01,3.557013e-01,9.448975e-01,1.276119e-01,-7.453760e-03,-2.193844e-03,1.914572e-02,6.361030e-02
9.65500,0.295098,0.670065,4.295330e-01,3.560185e-01,9.448721e-01,1.276096e-01,-7.476699e-03,-2.166473e-03,1.914050e-02,6.361016e-02
9.65750,0.294938,0.670505,4.296019e-01,3.563356e-01,9.448492e-01,1.276072e-01,-7.499749e-03,-2.138927e-03,1.913527e-02,6.360994e-02
9.66000,0.294779,0.670946,4.296690e-01,3.566524e-01,9.448295e-01,1.276048e-01,-7.523275e-03,-2.110719e-03,1.913003e-02,6.360963e-02
9.66250,0.294622,0.671386,4.297344e-01,3.569690e-01,9.448131e-01,1.276025e-01,-7.546940e-03,-2.082016e-03,1.912478e-02,6.360922e-02
9.66500,0.294464,0.671827,4.297979e-01,3.572854e-01,9.447997e-01,1.276001e-01,-7.570341e-03,-2.053074e-03,1.911957e-02,6.360873e-02
9.66750,0.294308,0.672268,4.298629e-01,3.576016e-01,9.447889e-01,1.275978e-01,-7.593473e-03,-2.024237e-03,1.911438e-02,6.360815e-02
9.67000,0.294152,0.672709,4.299378e-01,3.579175e-01,9.447793e-01,1.275954e-01,-7.616647e-03,-1.995000e-03,1.910922e-02,6.360747e-02
9.67250,0.293998,0.673150,4.300109e-01,3.582333e-01,9.447689e-01,1.275931e-01,-7.640224e-03,-1.964953e-03,1.910406e-02,6.360670e-02
9.67500,0.293843,0.673592,4.300822e-01,3.585488e-01,9.447556e-01,1.275908e-01,-7.665072e-03,-1.934640e-03,1.909886e-02,6.360584e-02
9.67750,0.293690,0.674033,4.301517e-01,3.588640e-01,9.447383e-01,1.275884e-01,-7.691383e-03,-1.904326e-03,1.909359e-02,6.360488e-02
9.68000,0.293538,0.674475,4.302194e-01,3.591791e-01,9.447173e-01,1.275861e-01,-7.718453e-03,-1.874096e-03,1.908826e-02,6.360382e-02
9.68250,0.293386,0.674917,4.302853e-01,3.594939e-01,9.446936e-01,1.275838e-01,-7.745448e-03,-1.844839e-03,1.908290e-02,6.360266e-02
9.68500,0.293235,0.675359,4.303493e-01,3.598085e-01,9.445006e-01,1.275815e-01,-7.772189e-03,-1.815756e-03,1.907752e-02,6.360140e-02
9.68750,0.293085,0.675802,4.304114e-01,3.601228e-01,9.441529e-01,1.275792e-01,-7.798668e-03,-1.786933e-03,1.907214e-02,6.360003e-02
9.69000,0.292935,0.676244,4.304716e-01,3.604368e-01,9.438038e-01,1.275769e-01,-7.824106e-03,-1.757957e-03,1.906679e-02,6.359855e-02
9.69250,0.292787,0.676687,4.305299e-01,3.607507e-01,9.434528e-01,1.275746e-01,-7.848818e-03,-1.728535e-03,1.906149e-02,6.359698e-02
9.69500,0.292639,0.677130,4.305863e-01,3.610642e-01,9.430995e-01,1.275723e-01,-7.873643e-03,-1.698119e-03,1.905624e-02,6.359530e-02
9.69750,0.292492,0.677573,4.306428e-01,3.613775e-01,9.427437e-01,1.275700e-01,-7.898543e-03,-1.667165e-03,1.905103e-02,6.359352e-02
9.70000,0.292346,0.678016,4.307124e-01,3.616906e-01,9.423854e-01,1.275677e-01,-7.923075e-03,-1.635482e-03,1.904585e-02,6.359164e-02
9.70250,0.292200,0.678460,4.307800e-01,3.620034e-01,9.420249e-01,1.275654e-01,-7.947314e-03,-1.603531e-03,1.904072e-02,6.358965e-02
9.70500,0.292055,0.678903,4.308458e-01,3.623159e-01,9.416621e-01,1.275632e-01,-7.972066e-03,-1.571553e-03,1.903559e-02,6.358755e-02
9.70750,0.291912,0.679347,4.309096e-01,3.626282e-01,9.412973e-01,1.275609e-01,-7.997243e-03,-1.539254e-03,1.903047e-02,6.358535e-02
9.71000,0.291769,0.679791,4.309849e-01,3.629402e-01,9.409303e-01,1.275586e-01,-8.022319e-03,-1.507218e-03,1.902535e-02,6.358304e-02
9.71250,0.291626,0.680235,4.310622e-01,3.632519e-01,9.405615e-01,1.275564e-01,-8.048029e-03,-1.475325e-03,1.902022e-02,6.358063e-02
9.71500,0.291485,0.680679,4.311375e-01,3.635633e-01,9.401911e-01,1.275542e-01,-8.073572e-03,-1.443789e-03,1.901508e-02,6.357811e-02
9.71750,0.291344,0.681123,4.312109e-01,3.638745e-01,9.398192e-01,1.275519e-01,-8.098748e-03,-1.412833e-03,1.900996e-02,6.357547e-02
9.72000,0.291204,0.681568,4.312823e-01,3.641853e-01,9.394459e-01,1.275497e-01,-8.123515e-03,-1.382939e-03,1.900486e-02,6.357272e-02
9.72250,0.291065,0.682012,4.313516e-01,3.644959e-01,9.390714e-01,1.275475e-01,-8.147808e-03,-1.353425e-03,1.899979e-02,6.356985e-02
9.72500,0.290927,0.682457,4.314189e-01,3.648062e-01,9.386957e-01,1.275453e-01,-8.172017e-03,-1.323426e-03,1.899475e-02,6.356687e-02
9.72750,0.290790,0.682902,4.314842e-01,3.651162e-01,9.383188e-01,1.275431e-01,-8.196227e-03,-1.292411e-03,1.898976e-02,6.356377e-02
9.73000,0.290653,0.683347,4.315474e-01,3.654259e-01,9.379403e-01,1.275409e-01,-8.221215e-03,-1.260272e-03,1.898479e-02,6.356056e-02
9.73250,0.290518,0.683792,4.316086e-01,3.657353e-01,9.375599e-01,1.275387e-01,-8.247389e-03,-1.227137e-03,1.897981e-02,6.355723e-02
9.73500,0.290383,0.684237,4.316676e-01,3.660444e-01,9.371772e-01,1.275365e-01,-8.274408e-03,-1.193590e-03,1.897481e-02,6.355378e-02
9.73750,0.290249,0.684682,4.317246e-01,3.663532e-01,9.367920e-01,1.275343e-01,-8.302066e-03,-1.159948e-03,1.896980e-02,6.355020e-02
9.74000,0.290116,0.685128,4.317795e-01,3.666617e-01,9.364047e-01,1.275321e-01,-8.330724e-03,-1.125837e-03,1.896476e-02,6.354650e-02
9.74250,0.289983,0.685573,4.318375e-01,3.669698e-01,9.360152e-01,1.275299e-01,-8.358969e-03,-1.091901e-03,1.895970e-02,6.354268e-02
9.74500,0.289852,0.686019,4.319092e-01,3.672777e-01,9.356237e-01,1.275278e-01,-8.387337e-03,-1.058254e-03,1.895463e-02,6.353873e-02
9.74750,0.289721,0.686464,4.319788e-01,3.675852e-01,9.352303e-01,1.275256e-01,-8.415237e-03,-1.025149e-03,1.894959e-02,6.353466e-02
9.75000,0.289591,0.686910,4.320463e-01,3.678924e-01,9.348353e-01,1.275235e-01,-8.442824e-03,-9.914406e-04,1.894456e-02,6.353045e-02
9.75250,0.289462,0.687356,4.321116e-01,3.681993e-01,9.344390e-01,1.275213e-01,-8.470083e-03,-9.574839e-04,1.893956e-02,6.352612e-02
9.75500,0.289334,0.687802,4.321748e-01,3.685058e-01,9.340417e-01,1.275192e-01,-8.496041e-03,-9.242947e-04,1.893464e-02,6.352166e-02
9.75750,0.289207,0.688248,4.322563e-01,3.688120e-01,9.336437e-01,1.275171e-01,-8.521246e-03,-8.909799e-04,1.892980e-02,6.351707e-02
9.76000,0.289081,0.688694,4.323364e-01,3.691179e-01,9.332453e-01,1.275150e-01,-8.546931e-03,-8.566420e-04,1.892501e-02,6.351235e-02
9.76250,0.288955,0.689141,4.324143e-01,3.694234e-01,9.328467e-01,1.275129e-01,-8.573113e-03,-8.218548e-04,1.892025e-02,6.350750e-02
9.76500,0.288831,0.689587,4.324900e-01,3.697286e-01,9.324482e-01,1.275108e-01,-8.599556e-03,-7.870426e-04,1.891553e-02,6.350252e-02
9.76750,0.288707,0.690033,4.325634e-01,3.700335e-01,9.320494e-01,1.275087e-01,-8.626136e-03,-7.520268e-04,1.891086e-02,6.349742e-02
9.77000,0.288584,0.690480,4.326347e-01,3.703380e-01,9.316503e-01,1.275066e-01,-8.652470e-03,-7.167706e-04,1.890624e-02,6.349218e-02
9.77250,0.288462,0.690926,4.327038e-01,3.706421e-01,9.312503e-01,1.275046e-01,-8.678497e-03,-6.819189e-04,1.890167e-02,6.348681e-02
9.77500,0.288341,0.691373,4.327705e-01,3.709459e-01,9.308490e-01,1.275025e-01,-8.703755e-03,-6.479903e-04,1.889713e-02,6.348131e-02
9.77750,0.288220,0.691819,4.328351e-01,3.712493e-01,9.304459e-01,1.275005e-01,-8.729131e-03,-6.142564e-04,1.889261e-02,6.347568e-02
9.78000,0.288101,0.692266,4.328973e-01,3.715524e-01,9.300400e-01,1.274984e-01,-8.754646e-03,-5.807567e-04,1.888810e-02,6.346991e-02
9.78250,0.287982,0.692713,4.329572e-01,3.718551e-01,9.296304e-01,1.274964e-01,-8.779930e-03,-5.471817e-04,1.888362e-02,6.346401e-02
9.78500,0.287865,0.693160,4.330147e-01,3.721574e-01,9.292168e-01,1.274944e-01,-8.805665e-03,-5.135145e-04,1.887916e-02,6.345797e-02
9.78750,0.287748,0.693607,4.330700e-01,3.724593e-01,9.287989e-01,1.274924e-01,-8.831273e-03,-4.790232e-04,1.887474e-02,6.345179e-02
9.79000,0.287632,0.694054,4.331228e-01,3.727609e-01,9.283768e-01,1.274904e-01,-8.857078e-03,-4.434158e-04,1.887036e-02,6.344547e-02
9.79250,0.287517,0.694500,4.331892e-01,3.730621e-01,9.279505e-01,1.274884e-01,-8.883934e-03,-4.070070e-04,1.886599e-02,6.343901e-02
9.79500,0.287403,0.694947,4.332625e-01,3.733629e-01,9.275206e-01,1.274865e-01,-8.912057e-03,-3.696827e-04,1.886160e-02,6.343241e-02
9.79750,0.287290,0.695394,4.333334e-01,3.736634e-01,9.270880e-01,1.274845e-01,-8.940925e-03,-3.319963e-04,1.885722e-02,6.342566e-02
9.80000,0.287177,0.695842,4.334020e-01,3.739634e-01,9.266533e-01,1.274826e-01,-8.971111e-03,-2.937141e-04,1.885283e-02,6.341877e-02
9.80250,0.287066,0.696289,4.334683e-01,3.742630e-01,9.262171e-01,1.274806e-01,-9.001235e-03,-2.553529e-04,1.884844e-02,6.341172e-02
9.80500,0.286955,0.696736,4.335337e-01,3.745623e-01,9.257796e-01,1.274787e-01,-9.030505e-03,-2.183786e-04,1.884410e-02,6.340453e-02
9.80750,0.286846,0.697183,4.336204e-01,3.748611e-01,9.253411e-01,1.274768e-01,-9.058826e-03,-1.824058e-04,1.883984e-02,6.339719e-02
9.81000,0.286737,0.697630,4.337048e-01,3.751596e-01,9.249017e-01,1.274749e-01,-9.086426e-03,-1.462509e-04,1.883566e-02,6.338969e-02
9.81250,0.286629,0.698077,4.337868e-01,3.754576e-01,9.244615e-01,1.274730e-01,-9.113815e-03,-1.097908e-04,1.883153e-02,6.338204e-02
9.81500,0.286522,0.698524,4.338664e-01,3.757552e-01,9.240209e-01,1.274711e-01,-9.141144e-03,-7.378278e-05,1.882746e-02,6.337423e-02
9.81750,0.286416,0.698971,4.339436e-01,3.760524e-01,9.235798e-01,1.274692e-01,-9.168992e-03,-3.745565e-05,1.882345e-02,6.336628e-02
9.82000,0.286311,0.699419,4.340183e-01,3.763492e-01,9.231381e-01,1.274674e-01,-9.196226e-03,-5.131219e-07,1.881953e-02,6.335817e-02
9.82250,0.286207,0.699866,4.340906e-01,3.766455e-01,9.226958e-01,1.274655e-01,-9.223014e-03,3.683358e-05,1.881568e-02,6.334990e-02
9.82500,0.286104,0.700313,4.341603e-01,3.769415e-01,9.222526e-01,1.274637e-01,-9.250232e-03,7.500370e-05,1.881189e-02,6.334149e-02
9.82750,0.286002,0.700760,4.342276e-01,3.772370e-01,9.218084e-01,1.274619e-01,-9.277766e-03,1.136751e-04,1.880812e-02,6.333292e-02
9.83000,0.285901,0.701207,4.342924e-01,3.775320e-01,9.213630e-01,1.274601e-01,-9.305249e-03,1.526412e-04,1.880442e-02,6.332421e-02
9.83250,0.285800,0.701654,4.343546e-01,3.778267e-01,9.209163e-01,1.274583e-01,-9.332636e-03,1.919172e-04,1.880077e-02,6.331534e-02
9.83500,0.285701,0.702101,4.344143e-01,3.781209e-01,9.204687e-01,1.274565e-01,-9.358986e-03,2.300925e-04,1.879718e-02,6.330633e-02
9.83750,0.285602,0.702548,4.344714e-01,3.784146e-01,9.200204e-01,1.274548e-01,-9.384479e-03,2.667625e-04,1.879367e-02,6.329716e-02
9.84000,0.285505,0.702995,4.345259e-01,3.787080e-01,9.195716e-01,1.274531e-01,-9.409098e-03,3.026741e-04,1.879025e-02,6.328784e-02
9.84250,0.285408,0.703442,4.345845e-01,3.790008e-01,9.191225e-01,1.274513e-01,-9.433137e-03,3.383410e-04,1.878692e-02,6.327836e-02
9.84500,0.285313,0.703889,4.346633e-01,3.792932e-01,9.186733e-01,1.274496e-01,-9.457330e-03,3.740546e-04,1.878364e-02,6.326873e-02
9.84750,0.285218,0.704336,4.347396e-01,3.795852e-01,9.182239e-01,1.274479e-01,-9.481876e-03,4.106234e-04,1.878044e-02,6.325894e-02
9.85000,0.285124,0.704783,4.348133e-01,3.798767e-01,9.177743e-01,1.274463e-01,-9.507416e-03,4.483345e-04,1.877729e-02,6.324900e-02
9.85250,0.285031,0.705230,4.348844e-01,3.801677e-01,9.173245e-01,1.274446e-01,-9.533904e-03,4.867101e-04,1.877418e-02,6.323890e-02
9.85500,0.284940,0.705676,4.349528e-01,3.804583e-01,9.168744e-01,1.274430e-01,-9.560378e-03,5.260069e-04,1.877111e-02,6.322863e-02
9.85750,0.284849,0.706123,4.350276e-01,3.807484e-01,9.164235e-01,1.274413e-01,-9.587671e-03,5.665024e-04,1.876808e-02,6.321821e-02
9.86000,0.284759,0.706570,4.351206e-01,3.810380e-01,9.159713e-01,1.274397e-01,-9.615705e-03,6.075336e-04,1.876506e-02,6.320762e-02
9.86250,0.284670,0.707016,4.352110e-01,3.813272e-01,9.155174e-01,1.274381e-01,-9.645199e-03,6.492569e-04,1.876201e-02,6.319686e-02
9.86500,0.284582,0.707463,4.352987e-01,3.816159e-01,9.150610e-01,1.274365e-01,-9.676111e-03,6.908649e-04,1.875892e-02,6.318594e-02
9.86750,0.284495,0.707909,4.353838e-01,3.819041e-01,9.146018e-01,1.274350e-01,-9.706831e-03,7.317051e-04,1.875584e-02,6.317484e-02
9.87000,0.284409,0.708356,4.354662e-01,3.821918e-01,9.141396e-01,1.274334e-01,-9.736449e-03,7.714132e-04,1.875283e-02,6.316356e-02
9.87250,0.284324,0.708802,4.355459e-01,3.824790e-01,9.136745e-01,1.274319e-01,-9.765557e-03,8.104846e-04,1.874992e-02,6.315211e-02
9.87500,0.284240,0.709248,4.356229e-01,3.827657e-01,9.132063e-01,1.274304e-01,-9.793841e-03,8.498206e-04,1.874712e-02,6.314049e-02
9.87750,0.284157,0.709694,4.356971e-01,3.830519e-01,9.127356e-01,1.274289e-01,-9.820795e-03,8.887488e-04,1.874447e-02,6.312869e-02
9.88000,0.284075,0.710140,4.357685e-01,3.833376e-01,9.122629e-01,1.274274e-01,-9.847760e-03,9.283027e-04,1.874194e-02,6.311672e-02
9.88250,0.283994,0.710586,4.358371e-01,3.836229e-01,9.117892e-01,1.274260e-01,-9.874545e-03,9.679739e-04,1.873953e-02,6.310457e-02
9.88500,0.283914,0.711032,4.359029e-01,3.839076e-01,9.113151e-01,1.274245e-01,-9.900656e-03,1.007460e-03,1.873724e-02,6.309226e-02
9.88750,0.283834,0.711478,4.359659e-01,3.841918e-01,9.108411e-01,1.274231e-01,-9.926573e-03,1.047691e-03,1.873505e-02,6.307977e-02
9.89000,0.283756,0.711923,4.360260e-01,3.844755e-01,9.103674e-01,1.274217e-01,-9.952076e-03,1.087763e-03,1.873296e-02,6.306712e-02
9.89250,0.283679,0.712369,4.360832e-01,3.847586e-01,9.098938e-01,1.274203e-01,-9.978053e-03,1.128205e-03,1.873092e-02,6.305430e-02
9.89500,0.283603,0.712814,4.361380e-01,3.850413e-01,9.094198e-01,1.274190e-01,-1.000434e-02,1.168692e-03,1.872890e-02,6.304132e-02
9.89750,0.283528,0.713259,4.362240e-01,3.853234e-01,9.089451e-01,1.274177e-01,-1.003070e-02,1.208579e-03,1.872693e-02,6.302817e-02
9.90000,0.283454,0.713704,4.363071e-01,3.856050e-01,9.084694e-01,1.274163e-01,-1.005644e-02,1.247964e-03,1.872505e-02,6.301485e-02
9.90250,0.283381,0.714149,4.363874e-01,3.858861e-01,9.079923e-01,1.274151e-01,-1.008103e-02,1.287232e-03,1.872327e-02,6.300137e-02
9.90500,0.283309,0.714594,4.364649e-01,3.861666e-01,9.075136e-01,1.274138e-01,-1.010585e-02,1.326832e-03,1.872158e-02,6.298772e-02
9.90750,0.283238,0.715039,4.365394e-01,3.864466e-01,9.070335e-01,1.274126e-01,-1.013014e-02,1.366603e-03,1.872004e-02,6.297390e-02
9.91000,0.283168,0.715484,4.366110e-01,3.867261e-01,9.065530e-01,1.274113e-01,-1.015359e-02,1.406219e-03,1.871866e-02,6.295991e-02
9.91250,0.283099,0.715928,4.367080e-01,3.870050e-01,9.060727e-01,1.274102e-01,-1.017673e-02,1.445660e-03,1.871745e-02,6.294576e-02
9.91500,0.283031,0.716372,4.368088e-01,3.872834e-01,9.055930e-01,1.274090e-01,-1.020022e-02,1.485505e-03,1.871637e-02,6.293143e-02
9.91750,0.282964,0.716817,4.369066e-01,3.875612e-01,9.051143e-01,1.274079e-01,-1.022375e-02,1.525761e-03,1.871538e-02,6.291693e-02
9.92000,0.282898,0.717261,4.370016e-01,3.878385e-01,9.046368e-01,1.274067e-01,-1.024782e-02,1.566328e-03,1.871444e-02,6.290225e-02
9.92250,0.282833,0.717704,4.370936e-01,3.881152e-01,9.041609e-01,1.274056e-01,-1.027257e-02,1.607193e-03,1.871351e-02,6.288741e-02
9.92500,0.282769,0.718148,4.371827e-01,3.883914e-01,9.036869e-01,1.274046e-01,-1.029835e-02,1.649019e-03,1.871258e-02,6.287239e-02
9.92750,0.282706,0.718592,4.372687e-01,3.886670e-01,9.032148e-01,1.274035e-01,-1.032489e-02,1.690887e-03,1.871166e-02,6.285719e-02
9.93000,0.282644,0.719035,4.373518e-01,3.889420e-01,9.027446e-01,1.274025e-01,-1.035196e-02,1.733208e-03,1.871072e-02,6.284181e-02
9.93250,0.282584,0.719478,4.374318e-01,3.892165e-01,9.022753e-01,1.274015e-01,-1.037912e-02,1.775344e-03,1.870979e-02,6.282626e-02
9.93500,0.282524,0.719921,4.375087e-01,3.894904e-01,9.018063e-01,1.274006e-01,-1.040629e-02,1.817080e-03,1.870893e-02,6.281052e-02
9.93750,0.282465,0.720364,4.375825e-01,3.897637e-01,9.013368e-01,1.273996e-01,-1.043369e-02,1.858419e-03,1.870816e-02,6.279461e-02
9.94000,0.282408,0.720806,4.376532e-01,3.900364e-01,9.008658e-01,1.273987e-01,-1.046082e-02,1.899929e-03,1.870752e-02,6.277851e-02
9.94250,0.282351,0.721249,4.377207e-01,3.903086e-01,9.003929e-01,1.273978e-01,-1.048767e-02,1.941079e-03,1.870700e-02,6.276222e-02
9.94500,0.282296,0.721691,4.377850e-01,3.905802e-01,8.999177e-01,1.273970e-01,-1.051424e-02,1.982249e-03,1.870661e-02,6.274576e-02
9.94750,0.282241,0.722133,4.378460e-01,3.908512e-01,8.994402e-01,1.273961e-01,-1.054020e-02,2.024062e-03,1.870635e-02,6.272911e-02
9.95000,0.282188,0.722575,4.379127e-01,3.911216e-01,8.989608e-01,1.273953e-01,-1.056567e-02,2.066210e-03,1.870621e-02,6.271227e-02
9.95250,0.282135,0.723017,4.380073e-01,3.913914e-01,8.984802e-01,1.273946e-01,-1.059086e-02,2.107849e-03,1.870618e-02,6.269525e-02
9.95500,0.282084,0.723458,4.380988e-01,3.916606e-01,8.979992e-01,1.273938e-01,-1.061602e-02,2.149366e-03,1.870626e-02,6.267805e-02
9.95750,0.282034,0.723899,4.381870e-01,3.919292e-01,8.975187e-01,1.273931e-01,-1.064173e-02,2.191296e-03,1.870643e-02,6.266066e-02
9.96000,0.281985,0.724340,4.382721e-01,3.921972e-01,8.970390e-01,1.273924e-01,-1.066754e-02,2.233217e-03,1.870668e-02,6.264309e-02
9.96250,0.281937,0.724781,4.383539e-01,3.924646e-01,8.965605e-01,1.273917e-01,-1.069205e-02,2.274506e-03,1.870708e-02,6.262533e-02
9.96500,0.281890,0.725221,4.384325e-01,3.927314e-01,8.960832e-01,1.273911e-01,-1.071485e-02,2.315676e-03,1.870767e-02,6.260740e-02
9.96750,0.281844,0.725662,4.385380e-01,3.929976e-01,8.956072e-01,1.273905e-01,-1.073725e-02,2.357293e-03,1.870843e-02,6.258929e-02
9.97000,0.281799,0.726102,4.386505e-01,3.932631e-01,8.951321e-01,1.273900e-01,-1.075878e-02,2.399048e-03,1.870936e-02,6.257102e-02
9.97250,0.281755,0.726541,4.387598e-01,3.935281e-01,8.946582e-01,1.273894e-01,-1.077929e-02,2.440406e-03,1.871046e-02,6.255257e-02
9.97500,0.281712,0.726981,4.388659e-01,3.937924e-01,8.941856e-01,1.273890e-01,-1.080053e-02,2.481788e-03,1.871166e-02,6.253396e-02
9.97750,0.281671,0.727420,4.389688e-01,3.940561e-01,8.937135e-01,1.273885e-01,-1.082191e-02,2.523649e-03,1.871292e-02,6.251518e-02
9.98000,0.281630,0.727859,4.390684e-01,3.943192e-01,8.932413e-01,1.273881e-01,-1.084321e-02,2.565019e-03,1.871424e-02,6.249624e-02
9.98250,0.281591,0.728298,4.391646e-01,3.945816e-01,8.927685e-01,1.273877e-01,-1.086413e-02,2.605306e-03,1.871565e-02,6.247713e-02
9.98500,0.281552,0.728737,4.392575e-01,3.948434e-01,8.922953e-01,1.273874e-01,-1.088468e-02,2.645409e-03,1.871718e-02,6.245785e-02
9.98750,0.281515,0.729175,4.393470e-01,3.951046e-01,8.918223e-01,1.273870e-01,-1.090475e-02,2.685421e-03,1.871881e-02,6.243841e-02
9.99000,0.281479,0.729613,4.394331e-01,3.953652e-01,8.913503e-01,1.273868e-01,-1.092493e-02,2.725807e-03,1.872057e-02,6.241880e-02
9.99250,0.281444,0.730051,4.395157e-01,3.956251e-01,8.908803e-01,1.273865e-01,-1.094496e-02,2.766177e-03,1.872249e-02,6.239901e-02
9.99500,0.281410,0.730488,4.395949e-01,3.958844e-01,8.904131e-01,1.273863e-01,-1.096532e-02,2.806563e-03,1.872458e-02,6.237906e-02
9.99750,0.281377,0.730925,4.396706e-01,3.961430e-01,8.899490e-01,1.273862e-01,-1.098638e-02,2.847595e-03,1.872678e-02,6.235894e-02
10.00000,0.281345,0.731362,4.397427e-01,3.964010e-01,8.894881e-01,1.273860e-01,-1.100709e-02,2.888618e-03,1.872912e-02,6.233865e-02
