t,cx,cy,disp_max,disp_rms,det_min,volume,Fx,Fy,p_L2,u_L2
0.00250,0.600000,0.500000,0.000000e+00,0.000000e+00,1.000000e+00,1.255740e-01,-5.387766e-22,0.000000e+00,4.168442e-01,3.168442e-03
0.00500,0.600000,0.500000,6.989878e-07,4.455550e-07,9.999998e-01,1.255740e-01,8.011510e-02,2.177055e-02,4.387513e-01,5.380288e-03
0.00750,0.599999,0.500000,2.680665e-06,1.631175e-06,9.999962e-01,1.255740e-01,1.320021e-01,3.624788e-02,3.245522e-01,6.891257e-03
0.01000,0.599997,0.499999,6.360802e-06,3.702385e-06,9.999848e-01,1.255740e-01,1.566655e-01,4.349040e-02,2.491997e-01,8.129024e-03
0.01250,0.599994,0.499998,1.202656e-05,6.726405e-06,9.999657e-01,1.255740e-01,1.671815e-01,4.690065e-02,2.025095e-01,9.185278e-03
0.01500,0.599990,0.499997,1.987632e-05,1.072905e-05,9.999404e-01,1.255740e-01,1.703091e-01,4.824771e-02,1.721690e-01,1.011906e-02
0.01750,0.599986,0.499996,3.009217e-05,1.571379e-05,9.999110e-01,1.255740e-01,1.695240e-01,4.845564e-02,1.509174e-01,1.096218e-02
0.02000,0.599981,0.499995,4.276863e-05,2.167183e-05,9.998803e-01,1.255740e-01,1.666606e-01,4.802260e-02,1.350558e-01,1.173486e-02
0.02250,0.599975,0.499993,5.796005e-05,2.858773e-05,9.998508e-01,1.255740e-01,1.627395e-01,4.723348e-02,1.226453e-01,1.245071e-02
0.02500,0.599968,0.499991,7.570274e-05,3.644270e-05,9.998227e-01,1.255740e-01,1.583491e-01,4.625783e-02,1.126078e-01,1.311945e-02
0.02750,0.599960,0.499989,9.601250e-05,4.521649e-05,9.997900e-01,1.255740e-01,1.538336e-01,4.519884e-02,1.042982e-01,1.374831e-02
0.03000,0.599952,0.499986,1.188896e-04,5.488858e-05,9.997594e-01,1.255740e-01,1.493933e-01,4.411967e-02,9.730138e-02,1.434280e-02
0.03250,0.599942,0.499984,1.443228e-04,6.543884e-05,9.997318e-01,1.255740e-01,1.451412e-01,4.305854e-02,9.133337e-02,1.490728e-02
0.03500,0.599932,0.499981,1.722919e-04,7.684795e-05,9.997081e-01,1.255740e-01,1.411363e-01,4.203785e-02,8.619007e-02,1.544524e-02
0.03750,0.599922,0.499978,2.027705e-04,8.909758e-05,9.996819e-01,1.255740e-01,1.374044e-01,4.106988e-02,8.171915e-02,1.595954e-02
0.04000,0.599911,0.499975,2.357273e-04,1.021705e-04,9.996581e-01,1.255740e-01,1.339512e-01,4.016043e-02,7.780363e-02,1.645254e-02
0.04250,0.599899,0.499971,2.711280e-04,1.160505e-04,9.996367e-01,1.255740e-01,1.307698e-01,3.931117e-02,7.435180e-02,1.692625e-02
0.04500,0.599886,0.499967,3.089360e-04,1.307225e-04,9.995995e-01,1.255740e-01,1.278467e-01,3.852123e-02,7.129053e-02,1.738236e-02
0.04750,0.599873,0.499964,3.491131e-04,1.461727e-04,9.995628e-01,1.255740e-01,1.251647e-01,3.778822e-02,6.856076e-02,1.782232e-02
0.05000,0.599859,0.499959,3.916207e-04,1.623878e-04,9.995266e-01,1.255740e-01,1.227052e-01,3.710888e-02,6.611430e-02,1.824741e-02
0.05250,0.599844,0.499955,4.364196e-04,1.793557e-04,9.994913e-01,1.255740e-01,1.204491e-01,3.647952e-02,6.391146e-02,1.865872e-02
0.05500,0.599829,0.499951,4.834709e-04,1.970652e-04,9.994569e-01,1.255740e-01,1.183783e-01,3.589636e-02,6.191932e-02,1.905724e-02
0.05750,0.599813,0.499946,5.327361e-04,2.155057e-04,9.994237e-01,1.255740e-01,1.164756e-01,3.535562e-02,6.011035e-02,1.944382e-02
0.06000,0.599797,0.499941,5.841772e-04,2.346675e-04,9.993917e-01,1.255740e-01,1.147250e-01,3.485372e-02,5.846144e-02,1.981922e-02
0.06250,0.599780,0.499936,6.377571e-04,2.545413e-04,9.993303e-01,1.255740e-01,1.131120e-01,3.438727e-02,5.695304e-02,2.018415e-02
0.06500,0.599762,0.499931,6.934395e-04,2.751185e-04,9.992255e-01,1.255740e-01,1.116233e-01,3.395313e-02,5.556855e-02,2.053920e-02
0.06750,0.599744,0.499926,7.511892e-04,2.963913e-04,9.990946e-01,1.255740e-01,1.102471e-01,3.354844e-02,5.429379e-02,2.088494e-02
0.07000,0.599726,0.499920,8.109717e-04,3.183521e-04,9.989570e-01,1.255740e-01,1.089726e-01,3.317056e-02,5.311658e-02,2.122188e-02
0.07250,0.599706,0.499915,8.727539e-04,3.409937e-04,9.988133e-01,1.255740e-01,1.077903e-01,3.281713e-02,5.202645e-02,2.155048e-02
0.07500,0.599687,0.499909,9.365038e-04,3.643097e-04,9.986641e-01,1.255740e-01,1.066915e-01,3.248598e-02,5.101433e-02,2.187115e-02
0.07750,0.599666,0.499903,1.002190e-03,3.882938e-04,9.985098e-01,1.255740e-01,1.056688e-01,3.217518e-02,5.007232e-02,2.218429e-02
0.08000,0.599646,0.499897,1.069783e-03,4.129402e-04,9.983508e-01,1.255740e-01,1.047152e-01,3.188298e-02,4.919357e-02,2.249024e-02
0.08250,0.599624,0.499891,1.139253e-03,4.382432e-04,9.981876e-01,1.255740e-01,1.038246e-01,3.160780e-02,4.837203e-02,2.278934e-02
0.08500,0.599602,0.499884,1.210574e-03,4.641977e-04,9.980206e-01,1.255739e-01,1.029917e-01,3.134823e-02,4.760244e-02,2.308188e-02
0.08750,0.599580,0.499877,1.283717e-03,4.907988e-04,9.978502e-01,1.255739e-01,1.022116e-01,3.110299e-02,4.688012e-02,2.336815e-02
0.09000,0.599557,0.499871,1.358657e-03,5.180417e-04,9.976766e-01,1.255739e-01,1.014798e-01,3.087093e-02,4.620094e-02,2.364840e-02
0.09250,0.599534,0.499864,1.435369e-03,5.459221e-04,9.975003e-01,1.255739e-01,1.007925e-01,3.065101e-02,4.556124e-02,2.392288e-02
0.09500,0.599510,0.499857,1.513829e-03,5.744358e-04,9.973215e-01,1.255739e-01,1.001462e-01,3.044229e-02,4.495775e-02,2.419181e-02
0.09750,0.599485,0.499849,1.594014e-03,6.035789e-04,9.971405e-01,1.255739e-01,9.953773e-02,3.024393e-02,4.438757e-02,2.445540e-02
0.10000,0.599460,0.499842,1.675901e-03,6.333474e-04,9.969574e-01,1.255739e-01,9.896421e-02,3.005516e-02,4.384808e-02,2.471386e-02
0.10250,0.599435,0.499834,1.759470e-03,6.637379e-04,9.967726e-01,1.255739e-01,9.842308e-02,2.987527e-02,4.333694e-02,2.496735e-02
0.10500,0.599409,0.499827,1.844700e-03,6.947469e-04,9.965861e-01,1.255739e-01,9.791199e-02,2.970364e-02,4.285204e-02,2.521607e-02
0.10750,0.599382,0.499819,1.931570e-03,7.263713e-04,9.963983e-01,1.255739e-01,9.742885e-02,2.953969e-02,4.239146e-02,2.546017e-02
0.11000,0.599355,0.499811,2.020061e-03,7.586078e-04,9.962093e-01,1.255739e-01,9.697171e-02,2.938288e-02,4.195348e-02,2.569981e-02
0.11250,0.599328,0.499803,2.110155e-03,7.914535e-04,9.960192e-01,1.255739e-01,9.653883e-02,2.923274e-02,4.153654e-02,2.593513e-02
0.11500,0.599300,0.499794,2.201834e-03,8.249057e-04,9.958282e-01,1.255739e-01,9.612861e-02,2.908884e-02,4.113920e-02,2.616627e-02
0.11750,0.599272,0.499786,2.295081e-03,8.589616e-04,9.956363e-01,1.255739e-01,9.573956e-02,2.895075e-02,4.076018e-02,2.639337e-02
0.12000,0.599243,0.499777,2.389879e-03,8.936187e-04,9.954436e-01,1.255738e-01,9.537036e-02,2.881811e-02,4.039827e-02,2.661653e-02
0.12250,0.599213,0.499769,2.486212e-03,9.288745e-04,9.952503e-01,1.255738e-01,9.501976e-02,2.869058e-02,4.005240e-02,2.683590e-02
0.12500,0.599183,0.499760,2.584064e-03,9.647266e-04,9.950563e-01,1.255738e-01,9.468662e-02,2.856783e-02,3.972156e-02,2.705156e-02
0.12750,0.599153,0.499751,2.683420e-03,1.001173e-03,9.948618e-01,1.255738e-01,9.436989e-02,2.844959e-02,3.940484e-02,2.726364e-02
0.13000,0.599122,0.499741,2.784266e-03,1.038211e-03,9.946667e-01,1.255738e-01,9.406859e-02,2.833557e-02,3.910140e-02,2.747223e-02
0.13250,0.599091,0.499732,2.886588e-03,1.075839e-03,9.944712e-01,1.255738e-01,9.378183e-02,2.822553e-02,3.881045e-02,2.767743e-02
0.13500,0.599059,0.499723,2.990370e-03,1.114055e-03,9.942751e-01,1.255738e-01,9.350876e-02,2.811924e-02,3.853129e-02,2.787932e-02
0.13750,0.599027,0.499713,3.095601e-03,1.152857e-03,9.940786e-01,1.255738e-01,9.324861e-02,2.801647e-02,3.826323e-02,2.807801e-02
0.14000,0.598994,0.499703,3.202267e-03,1.192243e-03,9.938817e-01,1.255737e-01,9.300065e-02,2.791704e-02,3.800567e-02,2.827358e-02
0.14250,0.598961,0.499693,3.310356e-03,1.232211e-03,9.936843e-01,1.255737e-01,9.276421e-02,2.782075e-02,3.775802e-02,2.846609e-02
0.14500,0.598927,0.499683,3.419854e-03,1.272760e-03,9.934865e-01,1.255737e-01,9.253866e-02,2.772743e-02,3.751977e-02,2.865564e-02
0.14750,0.598893,0.499673,3.530750e-03,1.313889e-03,9.932802e-01,1.255737e-01,9.232340e-02,2.763692e-02,3.729041e-02,2.884230e-02
0.15000,0.598859,0.499663,3.643032e-03,1.355594e-03,9.930720e-01,1.255737e-01,9.211787e-02,2.754906e-02,3.706948e-02,2.902614e-02
0.15250,0.598824,0.499652,3.756688e-03,1.397876e-03,9.928628e-01,1.255736e-01,9.192156e-02,2.746372e-02,3.685655e-02,2.920722e-02
0.15500,0.598788,0.499642,3.871707e-03,1.440731e-03,9.926527e-01,1.255736e-01,9.173397e-02,2.738076e-02,3.665121e-02,2.938561e-02
0.15750,0.598752,0.499631,3.988078e-03,1.484160e-03,9.924416e-01,1.255736e-01,9.155465e-02,2.730005e-02,3.645309e-02,2.956138e-02
0.16000,0.598716,0.499620,4.105790e-03,1.528161e-03,9.922295e-01,1.255736e-01,9.138315e-02,2.722148e-02,3.626183e-02,2.973459e-02
0.16250,0.598679,0.499609,4.224833e-03,1.572731e-03,9.920164e-01,1.255735e-01,9.121907e-02,2.714494e-02,3.607710e-02,2.990529e-02
0.16500,0.598641,0.499598,4.345195e-03,1.617871e-03,9.918024e-01,1.255735e-01,9.106201e-02,2.707031e-02,3.589860e-02,3.007355e-02
0.16750,0.598604,0.499587,4.466866e-03,1.663579e-03,9.915873e-01,1.255735e-01,9.091162e-02,2.699752e-02,3.572602e-02,3.023942e-02
0.17000,0.598565,0.499575,4.589836e-03,1.709852e-03,9.913711e-01,1.255734e-01,9.076753e-02,2.692645e-02,3.555909e-02,3.040294e-02
0.17250,0.598526,0.499564,4.714096e-03,1.756692e-03,9.911540e-01,1.255734e-01,9.062942e-02,2.685704e-02,3.539755e-02,3.056418e-02
0.17500,0.598487,0.499552,4.839635e-03,1.804095e-03,9.909357e-01,1.255734e-01,9.049698e-02,2.678918e-02,3.524115e-02,3.072319e-02
0.17750,0.598448,0.499540,4.966443e-03,1.852061e-03,9.907164e-01,1.255733e-01,9.036991e-02,2.672281e-02,3.508967e-02,3.088000e-02
0.18000,0.598407,0.499528,5.094511e-03,1.900589e-03,9.904961e-01,1.255733e-01,9.024794e-02,2.665786e-02,3.494289e-02,3.103467e-02
0.18250,0.598367,0.499516,5.223829e-03,1.949678e-03,9.902746e-01,1.255733e-01,9.013079e-02,2.659424e-02,3.480060e-02,3.118724e-02
0.18500,0.598326,0.499504,5.354388e-03,1.999326e-03,9.900520e-01,1.255732e-01,9.001820e-02,2.653191e-02,3.466261e-02,3.133775e-02
0.18750,0.598284,0.499492,5.486179e-03,2.049533e-03,9.898284e-01,1.255732e-01,8.990993e-02,2.647078e-02,3.452872e-02,3.148625e-02
0.19000,0.598242,0.499479,5.619192e-03,2.100298e-03,9.896036e-01,1.255731e-01,8.980575e-02,2.641081e-02,3.439878e-02,3.163278e-02
0.19250,0.598200,0.499467,5.753417e-03,2.151620e-03,9.893776e-01,1.255731e-01,8.970544e-02,2.635193e-02,3.427260e-02,3.177738e-02
0.19500,0.598157,0.499454,5.888847e-03,2.203497e-03,9.891506e-01,1.255731e-01,8.960879e-02,2.629409e-02,3.415003e-02,3.192008e-02
0.19750,0.598114,0.499441,6.025472e-03,2.255928e-03,9.889224e-01,1.255730e-01,8.951561e-02,2.623724e-02,3.403092e-02,3.206093e-02
0.20000,0.598070,0.499428,6.163282e-03,2.308914e-03,9.886931e-01,1.255730e-01,8.942569e-02,2.618132e-02,3.391514e-02,3.219995e-02
0.20250,0.598026,0.499415,6.302269e-03,2.362452e-03,9.884626e-01,1.255729e-01,8.933886e-02,2.612630e-02,3.380254e-02,3.233720e-02
0.20500,0.597981,0.499402,6.442425e-03,2.416542e-03,9.882310e-01,1.255728e-01,8.925495e-02,2.607211e-02,3.369300e-02,3.247269e-02
0.20750,0.597936,0.499388,6.583739e-03,2.471183e-03,9.879982e-01,1.255728e-01,8.917379e-02,2.601872e-02,3.358639e-02,3.260646e-02
0.21000,0.597891,0.499375,6.726203e-03,2.526374e-03,9.877643e-01,1.255727e-01,8.909521e-02,2.596609e-02,3.348260e-02,3.273856e-02
0.21250,0.597845,0.499361,6.869808e-03,2.582114e-03,9.875292e-01,1.255727e-01,8.901907e-02,2.591417e-02,3.338152e-02,3.286900e-02
0.21500,0.597798,0.499347,7.014546e-03,2.638402e-03,9.872929e-01,1.255726e-01,8.894522e-02,2.586293e-02,3.328304e-02,3.299781e-02
0.21750,0.597751,0.499333,7.160408e-03,2.695237e-03,9.870556e-01,1.255725e-01,8.887352e-02,2.581232e-02,3.318706e-02,3.312504e-02
0.22000,0.597704,0.499319,7.307384e-03,2.752619e-03,9.868170e-01,1.255725e-01,8.880384e-02,2.576232e-02,3.309349e-02,3.325070e-02
0.22250,0.597656,0.499305,7.455467e-03,2.810547e-03,9.865774e-01,1.255724e-01,8.873605e-02,2.571290e-02,3.300223e-02,3.337483e-02
0.22500,0.597608,0.499291,7.604647e-03,2.869019e-03,9.863366e-01,1.255723e-01,8.867002e-02,2.566402e-02,3.291319e-02,3.349746e-02
0.22750,0.597559,0.499276,7.754916e-03,2.928035e-03,9.860946e-01,1.255723e-01,8.860565e-02,2.561565e-02,3.282630e-02,3.361860e-02
0.23000,0.597510,0.499262,7.906266e-03,2.987594e-03,9.858516e-01,1.255722e-01,8.854282e-02,2.556777e-02,3.274146e-02,3.373830e-02
0.23250,0.597460,0.499247,8.058687e-03,3.047695e-03,9.856074e-01,1.255721e-01,8.848142e-02,2.552034e-02,3.265861e-02,3.385657e-02
0.23500,0.597410,0.499232,8.212172e-03,3.108337e-03,9.853622e-01,1.255720e-01,8.842136e-02,2.547336e-02,3.257768e-02,3.397343e-02
0.23750,0.597360,0.499217,8.366711e-03,3.169520e-03,9.851158e-01,1.255719e-01,8.836254e-02,2.542679e-02,3.249858e-02,3.408892e-02
0.24000,0.597309,0.499202,8.522297e-03,3.231242e-03,9.848684e-01,1.255719e-01,8.830487e-02,2.538061e-02,3.242126e-02,3.420306e-02
0.24250,0.597258,0.499187,8.678920e-03,3.293503e-03,9.846200e-01,1.255718e-01,8.824825e-02,2.533480e-02,3.234566e-02,3.431587e-02
0.24500,0.597206,0.499171,8.836573e-03,3.356302e-03,9.843705e-01,1.255717e-01,8.819261e-02,2.528935e-02,3.227170e-02,3.442737e-02
0.24750,0.597154,0.499156,8.995247e-03,3.419637e-03,9.841200e-01,1.255716e-01,8.813787e-02,2.524421e-02,3.219933e-02,3.453759e-02
0.25000,0.597101,0.499140,9.154934e-03,3.483509e-03,9.838685e-01,1.255715e-01,8.808394e-02,2.519938e-02,3.212850e-02,3.464655e-02
0.25250,0.597048,0.499125,9.315625e-03,3.547916e-03,9.836160e-01,1.255714e-01,8.803074e-02,2.515484e-02,3.205915e-02,3.475427e-02
0.25500,0.596994,0.499109,9.477312e-03,3.612858e-03,9.833625e-01,1.255713e-01,8.797819e-02,2.511056e-02,3.199122e-02,3.486076e-02
0.25750,0.596940,0.499093,9.639987e-03,3.678333e-03,9.831080e-01,1.255712e-01,8.792624e-02,2.506653e-02,3.192467e-02,3.496606e-02
0.26000,0.596886,0.499077,9.803641e-03,3.744341e-03,9.828527e-01,1.255711e-01,8.787481e-02,2.502272e-02,3.185945e-02,3.507018e-02
0.26250,0.596831,0.499061,9.968266e-03,3.810880e-03,9.825963e-01,1.255710e-01,8.782386e-02,2.497911e-02,3.179551e-02,3.517315e-02
0.26500,0.596776,0.499044,1.013385e-02,3.877951e-03,9.823391e-01,1.255709e-01,8.777332e-02,2.493569e-02,3.173281e-02,3.527497e-02
0.26750,0.596720,0.499028,1.030040e-02,3.945552e-03,9.820809e-01,1.255708e-01,8.772315e-02,2.489245e-02,3.167131e-02,3.537567e-02
0.27000,0.596664,0.499011,1.046789e-02,4.013681e-03,9.818218e-01,1.255707e-01,8.767331e-02,2.484937e-02,3.161096e-02,3.547527e-02
0.27250,0.596607,0.498994,1.063631e-02,4.082340e-03,9.815618e-01,1.255705e-01,8.762374e-02,2.480645e-02,3.155174e-02,3.557378e-02
0.27500,0.596550,0.498978,1.080567e-02,4.151526e-03,9.813010e-01,1.255704e-01,8.757440e-02,2.476366e-02,3.149360e-02,3.567123e-02
0.27750,0.596492,0.498961,1.097595e-02,4.221238e-03,9.810394e-01,1.255703e-01,8.752525e-02,2.472100e-02,3.143650e-02,3.576763e-02
0.28000,0.596434,0.498944,1.114714e-02,4.291476e-03,9.807769e-01,1.255702e-01,8.747626e-02,2.467845e-02,3.138042e-02,3.586299e-02
0.28250,0.596376,0.498926,1.131923e-02,4.362240e-03,9.805136e-01,1.255700e-01,8.742737e-02,2.463600e-02,3.132532e-02,3.595734e-02
0.28500,0.596317,0.498909,1.149222e-02,4.433527e-03,9.802495e-01,1.255699e-01,8.737854e-02,2.459363e-02,3.127116e-02,3.605069e-02
0.28750,0.596258,0.498892,1.166610e-02,4.505337e-03,9.799847e-01,1.255698e-01,8.732974e-02,2.455135e-02,3.121793e-02,3.614306e-02
0.29000,0.596198,0.498874,1.184086e-02,4.577669e-03,9.797191e-01,1.255696e-01,8.728094e-02,2.450914e-02,3.116558e-02,3.623445e-02
0.29250,0.596138,0.498856,1.201650e-02,4.650523e-03,9.794528e-01,1.255695e-01,8.723210e-02,2.446700e-02,3.111409e-02,3.632490e-02
0.29500,0.596077,0.498838,1.219299e-02,4.723897e-03,9.791858e-01,1.255694e-01,8.718318e-02,2.442492e-02,3.106343e-02,3.641440e-02
0.29750,0.596016,0.498820,1.237035e-02,4.797791e-03,9.789180e-01,1.255692e-01,8.713415e-02,2.438289e-02,3.101357e-02,3.650299e-02
0.30000,0.595955,0.498802,1.254855e-02,4.872203e-03,9.786497e-01,1.255691e-01,8.708500e-02,2.434089e-02,3.096450e-02,3.659066e-02
0.30250,0.595893,0.498784,1.272759e-02,4.947133e-03,9.783806e-01,1.255689e-01,8.703569e-02,2.429891e-02,3.091618e-02,3.667744e-02
0.30500,0.595831,0.498766,1.290746e-02,5.022580e-03,9.781110e-01,1.255688e-01,8.698621e-02,2.425695e-02,3.086859e-02,3.676334e-02
0.30750,0.595768,0.498748,1.308815e-02,5.098542e-03,9.778407e-01,1.255686e-01,8.693653e-02,2.421499e-02,3.082171e-02,3.684837e-02
0.31000,0.595705,0.498729,1.326966e-02,5.175020e-03,9.775699e-01,1.255685e-01,8.688663e-02,2.417303e-02,3.077552e-02,3.693254e-02
0.31250,0.595641,0.498710,1.345198e-02,5.252011e-03,9.772986e-01,1.255683e-01,8.683648e-02,2.413105e-02,3.072999e-02,3.701588e-02
0.31500,0.595577,0.498691,1.363509e-02,5.329516e-03,9.770267e-01,1.255681e-01,8.678608e-02,2.408905e-02,3.068511e-02,3.709839e-02
0.31750,0.595512,0.498673,1.381900e-02,5.407532e-03,9.767542e-01,1.255680e-01,8.673541e-02,2.404701e-02,3.064086e-02,3.718008e-02
0.32000,0.595447,0.498654,1.400368e-02,5.486060e-03,9.764814e-01,1.255678e-01,8.668444e-02,2.400493e-02,3.059721e-02,3.726097e-02
0.32250,0.595382,0.498634,1.418914e-02,5.565098e-03,9.762080e-01,1.255676e-01,8.663316e-02,2.396278e-02,3.055415e-02,3.734107e-02
0.32500,0.595316,0.498615,1.437537e-02,5.644645e-03,9.759342e-01,1.255674e-01,8.658155e-02,2.392057e-02,3.051166e-02,3.742039e-02
0.32750,0.595250,0.498596,1.456236e-02,5.724701e-03,9.756599e-01,1.255673e-01,8.652960e-02,2.387828e-02,3.046973e-02,3.749894e-02
0.33000,0.595183,0.498576,1.475009e-02,5.805264e-03,9.753853e-01,1.255671e-01,8.647729e-02,2.383591e-02,3.042833e-02,3.757673e-02
0.33250,0.595116,0.498557,1.493857e-02,5.886334e-03,9.751102e-01,1.255669e-01,8.642461e-02,2.379344e-02,3.038745e-02,3.765379e-02
0.33500,0.595048,0.498537,1.512778e-02,5.967908e-03,9.748348e-01,1.255667e-01,8.637155e-02,2.375087e-02,3.034707e-02,3.773010e-02
0.33750,0.594980,0.498517,1.531772e-02,6.049988e-03,9.745590e-01,1.255665e-01,8.631810e-02,2.370819e-02,3.030718e-02,3.780570e-02
0.34000,0.594912,0.498497,1.550838e-02,6.132571e-03,9.742829e-01,1.255663e-01,8.626426e-02,2.366539e-02,3.026777e-02,3.788059e-02
0.34250,0.594843,0.498477,1.569975e-02,6.215656e-03,9.740064e-01,1.255661e-01,8.621000e-02,2.362247e-02,3.022883e-02,3.795477e-02
0.34500,0.594774,0.498457,1.589182e-02,6.299243e-03,9.737297e-01,1.255659e-01,8.615534e-02,2.357944e-02,3.019033e-02,3.802826e-02
0.34750,0.594704,0.498436,1.608459e-02,6.383331e-03,9.734526e-01,1.255657e-01,8.610024e-02,2.353627e-02,3.015227e-02,3.810107e-02
0.35000,0.594634,0.498416,1.627805e-02,6.467918e-03,9.731753e-01,1.255655e-01,8.604470e-02,2.349297e-02,3.011463e-02,3.817322e-02
0.35250,0.594564,0.498395,1.647219e-02,6.553003e-03,9.728978e-01,1.255653e-01,8.598868e-02,2.344953e-02,3.007740e-02,3.824470e-02
0.35500,0.594493,0.498375,1.666700e-02,6.638587e-03,9.726200e-01,1.255651e-01,8.593219e-02,2.340594e-02,3.004057e-02,3.831552e-02
0.35750,0.594421,0.498354,1.686248e-02,6.724667e-03,9.723419e-01,1.255649e-01,8.587522e-02,2.336221e-02,3.000412e-02,3.838571e-02
0.36000,0.594349,0.498333,1.705862e-02,6.811242e-03,9.720637e-01,1.255647e-01,8.581777e-02,2.331833e-02,2.996805e-02,3.845527e-02
0.36250,0.594277,0.498312,1.725541e-02,6.898312e-03,9.717853e-01,1.255645e-01,8.575986e-02,2.327431e-02,2.993234e-02,3.852420e-02
0.36500,0.594204,0.498291,1.745285e-02,6.985875e-03,9.715067e-01,1.255643e-01,8.570149e-02,2.323013e-02,2.989700e-02,3.859251e-02
0.36750,0.594131,0.498270,1.765093e-02,7.073931e-03,9.712281e-01,1.255641e-01,8.564265e-02,2.318581e-02,2.986200e-02,3.866022e-02
0.37000,0.594058,0.498248,1.784964e-02,7.162479e-03,9.709492e-01,1.255638e-01,8.558335e-02,2.314133e-02,2.982734e-02,3.872734e-02
0.37250,0.593984,0.498227,1.804897e-02,7.251517e-03,9.706703e-01,1.255636e-01,8.552358e-02,2.309669e-02,2.979301e-02,3.879386e-02
0.37500,0.593909,0.498205,1.824892e-02,7.341045e-03,9.703913e-01,1.255634e-01,8.546335e-02,2.305190e-02,2.975901e-02,3.885981e-02
0.37750,0.593834,0.498183,1.844948e-02,7.431061e-03,9.701123e-01,1.255631e-01,8.540264e-02,2.300695e-02,2.972532e-02,3.892518e-02
0.38000,0.593759,0.498162,1.865065e-02,7.521564e-03,9.698332e-01,1.255629e-01,8.534144e-02,2.296183e-02,2.969193e-02,3.898999e-02
0.38250,0.593683,0.498140,1.885241e-02,7.612554e-03,9.695541e-01,1.255627e-01,8.527977e-02,2.291653e-02,2.965884e-02,3.905424e-02
0.38500,0.593607,0.498118,1.905477e-02,7.704029e-03,9.692750e-01,1.255624e-01,8.521762e-02,2.287106e-02,2.962604e-02,3.911795e-02
0.38750,0.593531,0.498096,1.925771e-02,7.795988e-03,9.689959e-01,1.255622e-01,8.515497e-02,2.282540e-02,2.959352e-02,3.918111e-02
0.39000,0.593454,0.498073,1.946123e-02,7.888431e-03,9.687169e-01,1.255620e-01,8.509183e-02,2.277957e-02,2.956128e-02,3.924374e-02
0.39250,0.593376,0.498051,1.966532e-02,7.981356e-03,9.684379e-01,1.255617e-01,8.502820e-02,2.273357e-02,2.952930e-02,3.930585e-02
0.39500,0.593298,0.498028,1.986997e-02,8.074762e-03,9.681590e-01,1.255615e-01,8.496410e-02,2.268738e-02,2.949758e-02,3.936744e-02
0.39750,0.593220,0.498006,2.007519e-02,8.168649e-03,9.678803e-01,1.255612e-01,8.489954e-02,2.264102e-02,2.946611e-02,3.942852e-02
0.40000,0.593142,0.497983,2.028095e-02,8.263014e-03,9.676016e-01,1.255610e-01,8.483452e-02,2.259447e-02,2.943490e-02,3.948909e-02
0.40250,0.593062,0.497960,2.048726e-02,8.357857e-03,9.673231e-01,1.255607e-01,8.476906e-02,2.254773e-02,2.940393e-02,3.954917e-02
0.40500,0.592983,0.497937,2.069411e-02,8.453178e-03,9.670448e-01,1.255605e-01,8.470316e-02,2.250078e-02,2.937320e-02,3.960876e-02
0.40750,0.592903,0.497914,2.090149e-02,8.548974e-03,9.667667e-01,1.255602e-01,8.463679e-02,2.245363e-02,2.934271e-02,3.966786e-02
0.41000,0.592823,0.497891,2.110939e-02,8.645245e-03,9.664888e-01,1.255599e-01,8.456994e-02,2.240626e-02,2.931243e-02,3.972649e-02
0.41250,0.592742,0.497868,2.131781e-02,8.741990e-03,9.662112e-01,1.255597e-01,8.450264e-02,2.235866e-02,2.928238e-02,3.978465e-02
0.41500,0.592661,0.497844,2.152675e-02,8.839208e-03,9.659338e-01,1.255594e-01,8.443487e-02,2.231083e-02,2.925254e-02,3.984234e-02
0.41750,0.592579,0.497821,2.173619e-02,8.936898e-03,9.656566e-01,1.255592e-01,8.436663e-02,2.226277e-02,2.922290e-02,3.989958e-02
0.42000,0.592497,0.497797,2.194613e-02,9.035058e-03,9.653797e-01,1.255589e-01,8.429795e-02,2.221446e-02,2.919347e-02,3.995637e-02
0.42250,0.592415,0.497773,2.215657e-02,9.133687e-03,9.651031e-01,1.255586e-01,8.422882e-02,2.216591e-02,2.916423e-02,4.001271e-02
0.42500,0.592332,0.497750,2.236749e-02,9.232785e-03,9.648268e-01,1.255583e-01,8.415927e-02,2.211709e-02,2.913518e-02,4.006861e-02
0.42750,0.592248,0.497726,2.257889e-02,9.332351e-03,9.645508e-01,1.255581e-01,8.408929e-02,2.206801e-02,2.910633e-02,4.012408e-02
0.43000,0.592165,0.497702,2.279076e-02,9.432383e-03,9.642752e-01,1.255578e-01,8.401888e-02,2.201866e-02,2.907766e-02,4.017912e-02
0.43250,0.592081,0.497678,2.300311e-02,9.532880e-03,9.639999e-01,1.255575e-01,8.394804e-02,2.196904e-02,2.904916e-02,4.023374e-02
0.43500,0.591996,0.497653,2.321591e-02,9.633841e-03,9.637249e-01,1.255573e-01,8.387678e-02,2.191916e-02,2.902085e-02,4.028795e-02
0.43750,0.591911,0.497629,2.342917e-02,9.735265e-03,9.634504e-01,1.255570e-01,8.380510e-02,2.186902e-02,2.899270e-02,4.034174e-02
0.44000,0.591826,0.497604,2.364288e-02,9.837152e-03,9.631763e-01,1.255567e-01,8.373301e-02,2.181865e-02,2.896473e-02,4.039513e-02
0.44250,0.591740,0.497580,2.385703e-02,9.939499e-03,9.629026e-01,1.255564e-01,8.366051e-02,2.176805e-02,2.893692e-02,4.044812e-02
0.44500,0.591654,0.497555,2.407161e-02,1.004231e-02,9.626294e-01,1.255561e-01,8.358760e-02,2.171721e-02,2.890928e-02,4.050072e-02
0.44750,0.591567,0.497530,2.428663e-02,1.014557e-02,9.623566e-01,1.255559e-01,8.351430e-02,2.166614e-02,2.888179e-02,4.055292e-02
0.45000,0.591480,0.497505,2.450208e-02,1.024930e-02,9.620844e-01,1.255556e-01,8.344061e-02,2.161485e-02,2.885446e-02,4.060475e-02
0.45250,0.591393,0.497480,2.471794e-02,1.035348e-02,9.618127e-01,1.255553e-01,8.336656e-02,2.156332e-02,2.882729e-02,4.065619e-02
0.45500,0.591305,0.497455,2.493422e-02,1.045811e-02,9.615415e-01,1.255550e-01,8.329216e-02,2.151157e-02,2.880027e-02,4.070726e-02
0.45750,0.591216,0.497430,2.515090e-02,1.056320e-02,9.612709e-01,1.255547e-01,8.321742e-02,2.145956e-02,2.877341e-02,4.075797e-02
0.46000,0.591128,0.497405,2.536799e-02,1.066875e-02,9.610008e-01,1.255544e-01,8.314231e-02,2.140731e-02,2.874669e-02,4.080830e-02
0.46250,0.591039,0.497379,2.558548e-02,1.077474e-02,9.607314e-01,1.255541e-01,8.306684e-02,2.135482e-02,2.872011e-02,4.085828e-02
0.46500,0.590949,0.497354,2.580335e-02,1.088119e-02,9.604625e-01,1.255538e-01,8.299100e-02,2.130208e-02,2.869367e-02,4.090791e-02
0.46750,0.590859,0.497328,2.602162e-02,1.098809e-02,9.601943e-01,1.255536e-01,8.291480e-02,2.124911e-02,2.866737e-02,4.095718e-02
0.47000,0.590769,0.497302,2.624026e-02,1.109543e-02,9.599267e-01,1.255533e-01,8.283823e-02,2.119590e-02,2.864120e-02,4.100611e-02
0.47250,0.590678,0.497277,2.645928e-02,1.120323e-02,9.596598e-01,1.255530e-01,8.276130e-02,2.114244e-02,2.861516e-02,4.105470e-02
0.47500,0.590587,0.497251,2.667867e-02,1.131147e-02,9.593935e-01,1.255527e-01,8.268403e-02,2.108873e-02,2.858925e-02,4.110295e-02
0.47750,0.590495,0.497225,2.689842e-02,1.142016e-02,9.591280e-01,1.255524e-01,8.260645e-02,2.103476e-02,2.856346e-02,4.115086e-02
0.48000,0.590403,0.497198,2.711853e-02,1.152929e-02,9.588632e-01,1.255521e-01,8.252855e-02,2.098053e-02,2.853781e-02,4.119845e-02
0.48250,0.590311,0.497172,2.733900e-02,1.163886e-02,9.585991e-01,1.255518e-01,8.245033e-02,2.092601e-02,2.851227e-02,4.124572e-02
0.48500,0.590218,0.497146,2.755982e-02,1.174888e-02,9.583358e-01,1.255515e-01,8.237179e-02,2.087120e-02,2.848685e-02,4.129266e-02
0.48750,0.590125,0.497119,2.778098e-02,1.185934e-02,9.580732e-01,1.255512e-01,8.229292e-02,2.081612e-02,2.846155e-02,4.133929e-02
0.49000,0.590031,0.497093,2.800248e-02,1.197024e-02,9.578113e-01,1.255509e-01,8.221371e-02,2.076075e-02,2.843637e-02,4.138561e-02
0.49250,0.589937,0.497066,2.822431e-02,1.208158e-02,9.575503e-01,1.255506e-01,8.213417e-02,2.070510e-02,2.841129e-02,4.143162e-02
0.49500,0.589843,0.497039,2.844647e-02,1.219336e-02,9.572900e-01,1.255503e-01,8.205430e-02,2.064916e-02,2.838632e-02,4.147733e-02
0.49750,0.589748,0.497012,2.866895e-02,1.230557e-02,9.570306e-01,1.255500e-01,8.197411e-02,2.059293e-02,2.836146e-02,4.152274e-02
0.50000,0.589653,0.496985,2.889176e-02,1.241822e-02,9.567719e-01,1.255498e-01,8.189359e-02,2.053639e-02,2.833669e-02,4.156785e-02
0.50250,0.589557,0.496958,2.911487e-02,1.253131e-02,9.565141e-01,1.255495e-01,8.181277e-02,2.047954e-02,2.831203e-02,4.161266e-02
0.50500,0.589461,0.496931,2.933829e-02,1.264483e-02,9.562572e-01,1.255492e-01,8.173166e-02,2.042237e-02,2.828747e-02,4.165719e-02
0.50750,0.589365,0.496904,2.956202e-02,1.275878e-02,9.560010e-01,1.255489e-01,8.165029e-02,2.036489e-02,2.826301e-02,4.170143e-02
0.51000,0.589268,0.496876,2.978693e-02,1.287316e-02,9.557458e-01,1.255486e-01,8.156868e-02,2.030711e-02,2.823865e-02,4.174540e-02
0.51250,0.589171,0.496849,3.001218e-02,1.298798e-02,9.554914e-01,1.255483e-01,8.148683e-02,2.024903e-02,2.821439e-02,4.178908e-02
0.51500,0.589073,0.496821,3.023771e-02,1.310322e-02,9.552380e-01,1.255480e-01,8.140471e-02,2.019066e-02,2.819023e-02,4.183249e-02
0.51750,0.588975,0.496794,3.046353e-02,1.321890e-02,9.549854e-01,1.255477e-01,8.132233e-02,2.013201e-02,2.816617e-02,4.187562e-02
0.52000,0.588876,0.496766,3.068963e-02,1.333500e-02,9.547338e-01,1.255474e-01,8.123968e-02,2.007309e-02,2.814219e-02,4.191849e-02
0.52250,0.588777,0.496738,3.091601e-02,1.345152e-02,9.544831e-01,1.255471e-01,8.115677e-02,2.001392e-02,2.811832e-02,4.196110e-02
0.52500,0.588678,0.496710,3.114266e-02,1.356847e-02,9.542334e-01,1.255468e-01,8.107363e-02,1.995450e-02,2.809453e-02,4.200344e-02
0.52750,0.588578,0.496682,3.136958e-02,1.368585e-02,9.539846e-01,1.255466e-01,8.099028e-02,1.989481e-02,2.807083e-02,4.204552e-02
0.53000,0.588478,0.496654,3.159676e-02,1.380365e-02,9.537368e-01,1.255463e-01,8.090673e-02,1.983487e-02,2.804723e-02,4.208735e-02
0.53250,0.588378,0.496626,3.182420e-02,1.392187e-02,9.534901e-01,1.255460e-01,8.082300e-02,1.977465e-02,2.802372e-02,4.212893e-02
0.53500,0.588277,0.496597,3.205189e-02,1.404051e-02,9.532443e-01,1.255457e-01,8.073909e-02,1.971417e-02,2.800031e-02,4.217025e-02
0.53750,0.588176,0.496569,3.227984e-02,1.415957e-02,9.529995e-01,1.255454e-01,8.065497e-02,1.965342e-02,2.797698e-02,4.221133e-02
0.54000,0.588074,0.496540,3.250803e-02,1.427905e-02,9.527557e-01,1.255451e-01,8.057061e-02,1.959242e-02,2.795373e-02,4.225217e-02
0.54250,0.587972,0.496512,3.273647e-02,1.439895e-02,9.525129e-01,1.255449e-01,8.048602e-02,1.953116e-02,2.793057e-02,4.229277e-02
0.54500,0.587869,0.496483,3.296514e-02,1.451927e-02,9.522712e-01,1.255446e-01,8.040118e-02,1.946966e-02,2.790749e-02,4.233313e-02
0.54750,0.587767,0.496454,3.319404e-02,1.464000e-02,9.520304e-01,1.255443e-01,8.031610e-02,1.940793e-02,2.788449e-02,4.237325e-02
0.55000,0.587663,0.496425,3.342318e-02,1.476114e-02,9.517907e-01,1.255440e-01,8.023080e-02,1.934598e-02,2.786156e-02,4.241314e-02
0.55250,0.587560,0.496396,3.365254e-02,1.488270e-02,9.515520e-01,1.255438e-01,8.014530e-02,1.928378e-02,2.783871e-02,4.245281e-02
0.55500,0.587456,0.496367,3.388212e-02,1.500468e-02,9.513144e-01,1.255435e-01,8.005962e-02,1.922132e-02,2.781594e-02,4.249224e-02
0.55750,0.587351,0.496338,3.411192e-02,1.512706e-02,9.510778e-01,1.255432e-01,7.997375e-02,1.915860e-02,2.779325e-02,4.253146e-02
0.56000,0.587246,0.496308,3.434193e-02,1.524985e-02,9.508424e-01,1.255429e-01,7.988771e-02,1.909561e-02,2.777064e-02,4.257045e-02
0.56250,0.587141,0.496279,3.457215e-02,1.537305e-02,9.506079e-01,1.255427e-01,7.980150e-02,1.903233e-02,2.774810e-02,4.260922e-02
0.56500,0.587035,0.496250,3.480257e-02,1.549666e-02,9.503746e-01,1.255424e-01,7.971507e-02,1.896878e-02,2.772564e-02,4.264778e-02
0.56750,0.586929,0.496220,3.503319e-02,1.562068e-02,9.501423e-01,1.255422e-01,7.962842e-02,1.890495e-02,2.770324e-02,4.268613e-02
0.57000,0.586823,0.496190,3.526401e-02,1.574511e-02,9.499111e-01,1.255419e-01,7.954156e-02,1.884087e-02,2.768091e-02,4.272426e-02
0.57250,0.586716,0.496161,3.549501e-02,1.586993e-02,9.496810e-01,1.255416e-01,7.945448e-02,1.877652e-02,2.765865e-02,4.276219e-02
0.57500,0.586609,0.496131,3.572621e-02,1.599517e-02,9.494520e-01,1.255414e-01,7.936724e-02,1.871190e-02,2.763646e-02,4.279991e-02
0.57750,0.586501,0.496101,3.595759e-02,1.612080e-02,9.492241e-01,1.255411e-01,7.927987e-02,1.864699e-02,2.761433e-02,4.283742e-02
0.58000,0.586393,0.496071,3.618914e-02,1.624684e-02,9.489973e-01,1.255409e-01,7.919238e-02,1.858180e-02,2.759228e-02,4.287474e-02
0.58250,0.586285,0.496041,3.642087e-02,1.637328e-02,9.487715e-01,1.255406e-01,7.910479e-02,1.851632e-02,2.757030e-02,4.291186e-02
0.58500,0.586176,0.496010,3.665277e-02,1.650012e-02,9.485469e-01,1.255404e-01,7.901711e-02,1.845055e-02,2.754839e-02,4.294878e-02
0.58750,0.586067,0.495980,3.688484e-02,1.662736e-02,9.483234e-01,1.255402e-01,7.892934e-02,1.838449e-02,2.752656e-02,4.298550e-02
0.59000,0.585957,0.495950,3.711707e-02,1.675499e-02,9.481010e-01,1.255399e-01,7.884146e-02,1.831816e-02,2.750480e-02,4.302203e-02
0.59250,0.585847,0.495919,3.734945e-02,1.688302e-02,9.478798e-01,1.255397e-01,7.875348e-02,1.825157e-02,2.748310e-02,4.305838e-02
0.59500,0.585737,0.495889,3.758199e-02,1.701145e-02,9.476596e-01,1.255394e-01,7.866537e-02,1.818474e-02,2.746148e-02,4.309453e-02
0.59750,0.585626,0.495858,3.781469e-02,1.714027e-02,9.474407e-01,1.255392e-01,7.857712e-02,1.811768e-02,2.743992e-02,4.313050e-02
0.60000,0.585515,0.495827,3.804753e-02,1.726949e-02,9.472228e-01,1.255390e-01,7.848873e-02,1.805038e-02,2.741843e-02,4.316629e-02
0.60250,0.585403,0.495796,3.828051e-02,1.739910e-02,9.470061e-01,1.255388e-01,7.840021e-02,1.798281e-02,2.739699e-02,4.320190e-02
0.60500,0.585292,0.495765,3.851364e-02,1.752910e-02,9.467906e-01,1.255386e-01,7.831161e-02,1.791498e-02,2.737563e-02,4.323732e-02
0.60750,0.585179,0.495734,3.874690e-02,1.765949e-02,9.465762e-01,1.255383e-01,7.822294e-02,1.784689e-02,2.735433e-02,4.327257e-02
0.61000,0.585067,0.495703,3.898029e-02,1.779027e-02,9.463630e-01,1.255381e-01,7.813420e-02,1.777855e-02,2.733310e-02,4.330764e-02
0.61250,0.584954,0.495672,3.921381e-02,1.792144e-02,9.461510e-01,1.255379e-01,7.804536e-02,1.770999e-02,2.731193e-02,4.334254e-02
0.61500,0.584840,0.495641,3.944746e-02,1.805299e-02,9.459401e-01,1.255377e-01,7.795642e-02,1.764121e-02,2.729083e-02,4.337727e-02
0.61750,0.584726,0.495609,3.968124e-02,1.818493e-02,9.457305e-01,1.255375e-01,7.786738e-02,1.757223e-02,2.726979e-02,4.341183e-02
0.62000,0.584612,0.495578,3.991513e-02,1.831726e-02,9.455220e-01,1.255373e-01,7.777820e-02,1.750304e-02,2.724881e-02,4.344622e-02
0.62250,0.584497,0.495546,4.014914e-02,1.844997e-02,9.453148e-01,1.255371e-01,7.768889e-02,1.743366e-02,2.722789e-02,4.348044e-02
0.62500,0.584382,0.495515,4.038326e-02,1.858307e-02,9.451088e-01,1.255369e-01,7.759947e-02,1.736407e-02,2.720703e-02,4.351450e-02
0.62750,0.584267,0.495483,4.061749e-02,1.871655e-02,9.449040e-01,1.255368e-01,7.750996e-02,1.729429e-02,2.718623e-02,4.354840e-02
0.63000,0.584151,0.495451,4.085182e-02,1.885041e-02,9.447005e-01,1.255366e-01,7.742040e-02,1.722429e-02,2.716549e-02,4.358214e-02
0.63250,0.584035,0.495419,4.108626e-02,1.898465e-02,9.444981e-01,1.255364e-01,7.733079e-02,1.715408e-02,2.714481e-02,4.361571e-02
0.63500,0.583919,0.495387,4.132080e-02,1.911927e-02,9.442971e-01,1.255362e-01,7.724112e-02,1.708363e-02,2.712419e-02,4.364913e-02
0.63750,0.583802,0.495355,4.155544e-02,1.925427e-02,9.440973e-01,1.255361e-01,7.715141e-02,1.701294e-02,2.710364e-02,4.368240e-02
0.64000,0.583685,0.495323,4.179017e-02,1.938964e-02,9.438987e-01,1.255359e-01,7.706167e-02,1.694202e-02,2.708315e-02,4.371551e-02
0.64250,0.583567,0.495291,4.202499e-02,1.952539e-02,9.437014e-01,1.255358e-01,7.697184e-02,1.687089e-02,2.706272e-02,4.374847e-02
0.64500,0.583449,0.495259,4.225989e-02,1.966152e-02,9.435053e-01,1.255356e-01,7.688194e-02,1.679953e-02,2.704234e-02,4.378128e-02
0.64750,0.583330,0.495226,4.249488e-02,1.979802e-02,9.433105e-01,1.255355e-01,7.679194e-02,1.672795e-02,2.702202e-02,4.381394e-02
0.65000,0.583212,0.495194,4.272995e-02,1.993490e-02,9.431170e-01,1.255353e-01,7.670188e-02,1.665614e-02,2.700176e-02,4.384645e-02
0.65250,0.583093,0.495162,4.296509e-02,2.007214e-02,9.429248e-01,1.255352e-01,7.661181e-02,1.658408e-02,2.698155e-02,4.387882e-02
0.65500,0.582973,0.495129,4.320031e-02,2.020976e-02,9.427339e-01,1.255351e-01,7.652177e-02,1.651175e-02,2.696141e-02,4.391104e-02
0.65750,0.582853,0.495096,4.343559e-02,2.034775e-02,9.425443e-01,1.255349e-01,7.643176e-02,1.643914e-02,2.694132e-02,4.394312e-02
0.66000,0.582733,0.495063,4.367095e-02,2.048611e-02,9.423560e-01,1.255348e-01,7.634177e-02,1.636625e-02,2.692131e-02,4.397506e-02
0.66250,0.582612,0.495031,4.390636e-02,2.062484e-02,9.421691e-01,1.255347e-01,7.625175e-02,1.629309e-02,2.690135e-02,4.400686e-02
0.66500,0.582491,0.494998,4.414184e-02,2.076393e-02,9.419835e-01,1.255346e-01,7.616166e-02,1.621967e-02,2.688144e-02,4.403852e-02
0.66750,0.582370,0.494965,4.437737e-02,2.090340e-02,9.417993e-01,1.255345e-01,7.607148e-02,1.614600e-02,2.686158e-02,4.407005e-02
0.67000,0.582248,0.494932,4.461296e-02,2.104322e-02,9.416164e-01,1.255344e-01,7.598124e-02,1.607208e-02,2.684178e-02,4.410143e-02
0.67250,0.582126,0.494898,4.484860e-02,2.118342e-02,9.414349e-01,1.255343e-01,7.589091e-02,1.599791e-02,2.682202e-02,4.413269e-02
0.67500,0.582003,0.494865,4.508429e-02,2.132397e-02,9.412548e-01,1.255342e-01,7.580052e-02,1.592349e-02,2.680232e-02,4.416381e-02
0.67750,0.581880,0.494832,4.532003e-02,2.146489e-02,9.410760e-01,1.255341e-01,7.571007e-02,1.584882e-02,2.678266e-02,4.419480e-02
0.68000,0.581757,0.494799,4.555580e-02,2.160617e-02,9.408986e-01,1.255341e-01,7.561963e-02,1.577388e-02,2.676305e-02,4.422567e-02
0.68250,0.581633,0.494765,4.579162e-02,2.174781e-02,9.407226e-01,1.255340e-01,7.552919e-02,1.569869e-02,2.674350e-02,4.425640e-02
0.68500,0.581509,0.494732,4.602789e-02,2.188981e-02,9.405480e-01,1.255339e-01,7.543876e-02,1.562326e-02,2.672401e-02,4.428701e-02
0.68750,0.581385,0.494698,4.626436e-02,2.203217e-02,9.403748e-01,1.255339e-01,7.534829e-02,1.554759e-02,2.670457e-02,4.431749e-02
0.69000,0.581260,0.494664,4.650086e-02,2.217489e-02,9.402030e-01,1.255338e-01,7.525779e-02,1.547168e-02,2.668518e-02,4.434784e-02
0.69250,0.581135,0.494630,4.673740e-02,2.231797e-02,9.400326e-01,1.255338e-01,7.516725e-02,1.539556e-02,2.666584e-02,4.437808e-02
0.69500,0.581009,0.494597,4.697397e-02,2.246140e-02,9.398636e-01,1.255337e-01,7.507669e-02,1.531922e-02,2.664656e-02,4.440819e-02
0.69750,0.580883,0.494563,4.721057e-02,2.260519e-02,9.396960e-01,1.255337e-01,7.498610e-02,1.524268e-02,2.662732e-02,4.443818e-02
0.70000,0.580757,0.494529,4.744720e-02,2.274933e-02,9.395299e-01,1.255337e-01,7.489550e-02,1.516592e-02,2.660814e-02,4.446805e-02
0.70250,0.580630,0.494495,4.768385e-02,2.289382e-02,9.393651e-01,1.255337e-01,7.480491e-02,1.508892e-02,2.658901e-02,4.449780e-02
0.70500,0.580503,0.494461,4.792053e-02,2.303867e-02,9.392019e-01,1.255337e-01,7.471433e-02,1.501167e-02,2.656993e-02,4.452744e-02
0.70750,0.580376,0.494426,4.815722e-02,2.318386e-02,9.390401e-01,1.255337e-01,7.462376e-02,1.493417e-02,2.655090e-02,4.455696e-02
0.71000,0.580248,0.494392,4.839394e-02,2.332941e-02,9.388797e-01,1.255337e-01,7.453317e-02,1.485643e-02,2.653192e-02,4.458636e-02
0.71250,0.580120,0.494358,4.863066e-02,2.347531e-02,9.387208e-01,1.255337e-01,7.444256e-02,1.477846e-02,2.651299e-02,4.461565e-02
0.71500,0.579992,0.494323,4.886740e-02,2.362156e-02,9.385634e-01,1.255337e-01,7.435192e-02,1.470027e-02,2.649411e-02,4.464483e-02
0.71750,0.579863,0.494289,4.910415e-02,2.376815e-02,9.384075e-01,1.255337e-01,7.426127e-02,1.462186e-02,2.647527e-02,4.467390e-02
0.72000,0.579734,0.494254,4.934090e-02,2.391509e-02,9.382531e-01,1.255337e-01,7.417063e-02,1.454326e-02,2.645649e-02,4.470286e-02
0.72250,0.579604,0.494220,4.957766e-02,2.406238e-02,9.381001e-01,1.255338e-01,7.407997e-02,1.446448e-02,2.643776e-02,4.473170e-02
0.72500,0.579474,0.494185,4.981442e-02,2.421001e-02,9.379487e-01,1.255338e-01,7.398933e-02,1.438546e-02,2.641908e-02,4.476044e-02
0.72750,0.579344,0.494150,5.005118e-02,2.435799e-02,9.377988e-01,1.255339e-01,7.389873e-02,1.430617e-02,2.640045e-02,4.478908e-02
0.73000,0.579213,0.494115,5.028793e-02,2.450631e-02,9.376504e-01,1.255339e-01,7.380818e-02,1.422659e-02,2.638187e-02,4.481760e-02
0.73250,0.579082,0.494080,5.052468e-02,2.465497e-02,9.375034e-01,1.255340e-01,7.371769e-02,1.414669e-02,2.636334e-02,4.484602e-02
0.73500,0.578951,0.494045,5.076142e-02,2.480397e-02,9.373580e-01,1.255341e-01,7.362723e-02,1.406644e-02,2.634485e-02,4.487434e-02
0.73750,0.578819,0.494010,5.099814e-02,2.495332e-02,9.372140e-01,1.255342e-01,7.353678e-02,1.398584e-02,2.632642e-02,4.490255e-02
0.74000,0.578687,0.493975,5.123486e-02,2.510300e-02,9.370715e-01,1.255343e-01,7.344629e-02,1.390493e-02,2.630802e-02,4.493067e-02
0.74250,0.578554,0.493940,5.147155e-02,2.525302e-02,9.369305e-01,1.255344e-01,7.335576e-02,1.382371e-02,2.628967e-02,4.495868e-02
0.74500,0.578422,0.493905,5.170823e-02,2.540338e-02,9.367910e-01,1.255345e-01,7.326520e-02,1.374219e-02,2.627135e-02,4.498659e-02
0.74750,0.578288,0.493869,5.194489e-02,2.555408e-02,9.366530e-01,1.255346e-01,7.317464e-02,1.366038e-02,2.625308e-02,4.501440e-02
0.75000,0.578155,0.493834,5.218153e-02,2.570511e-02,9.365164e-01,1.255347e-01,7.308413e-02,1.357827e-02,2.623486e-02,4.504211e-02
0.75250,0.578021,0.493799,5.241814e-02,2.585648e-02,9.363813e-01,1.255349e-01,7.299371e-02,1.349587e-02,2.621668e-02,4.506973e-02
0.75500,0.577887,0.493763,5.265473e-02,2.600818e-02,9.362477e-01,1.255350e-01,7.290337e-02,1.341321e-02,2.619856e-02,4.509725e-02
0.75750,0.577752,0.493728,5.289129e-02,2.616022e-02,9.361155e-01,1.255352e-01,7.281311e-02,1.333028e-02,2.618049e-02,4.512468e-02
0.76000,0.577617,0.493692,5.312782e-02,2.631259e-02,9.359848e-01,1.255353e-01,7.272288e-02,1.324710e-02,2.616247e-02,4.515201e-02
0.76250,0.577482,0.493656,5.336431e-02,2.646529e-02,9.358554e-01,1.255355e-01,7.263273e-02,1.316367e-02,2.614451e-02,4.517924e-02
0.76500,0.577346,0.493620,5.360077e-02,2.661832e-02,9.357275e-01,1.255357e-01,7.254261e-02,1.308001e-02,2.612660e-02,4.520639e-02
0.76750,0.577210,0.493585,5.383720e-02,2.677168e-02,9.356009e-01,1.255359e-01,7.245253e-02,1.299613e-02,2.610873e-02,4.523344e-02
0.77000,0.577074,0.493549,5.407358e-02,2.692537e-02,9.354757e-01,1.255360e-01,7.236251e-02,1.291198e-02,2.609091e-02,4.526040e-02
0.77250,0.576937,0.493513,5.430993e-02,2.707939e-02,9.353518e-01,1.255362e-01,7.227254e-02,1.282759e-02,2.607315e-02,4.528727e-02
0.77500,0.576800,0.493477,5.454623e-02,2.723373e-02,9.352292e-01,1.255365e-01,7.218264e-02,1.274293e-02,2.605543e-02,4.531405e-02
0.77750,0.576662,0.493441,5.478249e-02,2.738841e-02,9.351079e-01,1.255367e-01,7.209281e-02,1.265797e-02,2.603776e-02,4.534074e-02
0.78000,0.576524,0.493405,5.501870e-02,2.754340e-02,9.349879e-01,1.255369e-01,7.200302e-02,1.257271e-02,2.602014e-02,4.536735e-02
0.78250,0.576386,0.493368,5.525487e-02,2.769873e-02,9.348692e-01,1.255372e-01,7.191327e-02,1.248714e-02,2.600256e-02,4.539386e-02
0.78500,0.576248,0.493332,5.549098e-02,2.785437e-02,9.347518e-01,1.255374e-01,7.182357e-02,1.240124e-02,2.598502e-02,4.542029e-02
0.78750,0.576109,0.493296,5.572704e-02,2.801034e-02,9.346356e-01,1.255377e-01,7.173388e-02,1.231503e-02,2.596753e-02,4.544664e-02
0.79000,0.575969,0.493259,5.596305e-02,2.816663e-02,9.345208e-01,1.255379e-01,7.164420e-02,1.222854e-02,2.595008e-02,4.547290e-02
0.79250,0.575830,0.493223,5.619900e-02,2.832325e-02,9.344072e-01,1.255382e-01,7.155453e-02,1.214179e-02,2.593268e-02,4.549907e-02
0.79500,0.575690,0.493187,5.643489e-02,2.848018e-02,9.342949e-01,1.255385e-01,7.146489e-02,1.205477e-02,2.591531e-02,4.552517e-02
0.79750,0.575550,0.493150,5.667072e-02,2.863743e-02,9.341839e-01,1.255388e-01,7.137531e-02,1.196744e-02,2.589799e-02,4.555118e-02
0.80000,0.575409,0.493113,5.690649e-02,2.879500e-02,9.340742e-01,1.255391e-01,7.128581e-02,1.187976e-02,2.588072e-02,4.557711e-02
0.80250,0.575268,0.493077,5.714219e-02,2.895290e-02,9.339658e-01,1.255394e-01,7.119640e-02,1.179172e-02,2.586349e-02,4.560295e-02
0.80500,0.575127,0.493040,5.737783e-02,2.911110e-02,9.338588e-01,1.255397e-01,7.110708e-02,1.170328e-02,2.584630e-02,4.562872e-02
0.80750,0.574985,0.493003,5.761340e-02,2.926963e-02,9.337531e-01,1.255401e-01,7.101786e-02,1.161443e-02,2.582916e-02,4.565441e-02
0.81000,0.574843,0.492966,5.784890e-02,2.942847e-02,9.336487e-01,1.255404e-01,7.092872e-02,1.152519e-02,2.581207e-02,4.568002e-02
0.81250,0.574700,0.492930,5.808432e-02,2.958762e-02,9.335456e-01,1.255408e-01,7.083961e-02,1.143558e-02,2.579502e-02,4.570555e-02
0.81500,0.574558,0.492893,5.831967e-02,2.974709e-02,9.334438e-01,1.255411e-01,7.075051e-02,1.134562e-02,2.577801e-02,4.573100e-02
0.81750,0.574415,0.492856,5.855495e-02,2.990687e-02,9.333434e-01,1.255415e-01,7.066141e-02,1.125535e-02,2.576104e-02,4.575638e-02
0.82000,0.574271,0.492819,5.879015e-02,3.006696e-02,9.332443e-01,1.255419e-01,7.057232e-02,1.116481e-02,2.574411e-02,4.578168e-02
0.82250,0.574127,0.492781,5.902527e-02,3.022737e-02,9.331465e-01,1.255423e-01,7.048324e-02,1.107403e-02,2.572722e-02,4.580690e-02
0.82500,0.573983,0.492744,5.926031e-02,3.038809e-02,9.330500e-01,1.255427e-01,7.039423e-02,1.098300e-02,2.571038e-02,4.583205e-02
0.82750,0.573839,0.492707,5.949527e-02,3.054911e-02,9.329548e-01,1.255431e-01,7.030531e-02,1.089174e-02,2.569359e-02,4.585713e-02
0.83000,0.573694,0.492670,5.973015e-02,3.071045e-02,9.328609e-01,1.255435e-01,7.021645e-02,1.080026e-02,2.567685e-02,4.588213e-02
0.83250,0.573549,0.492633,5.996495e-02,3.087209e-02,9.327683e-01,1.255440e-01,7.012764e-02,1.070855e-02,2.566016e-02,4.590706e-02
0.83500,0.573403,0.492595,6.019966e-02,3.103404e-02,9.326771e-01,1.255444e-01,7.003887e-02,1.061660e-02,2.564351e-02,4.593192e-02
0.83750,0.573257,0.492558,6.043429e-02,3.119630e-02,9.325871e-01,1.255449e-01,6.995010e-02,1.052441e-02,2.562690e-02,4.595670e-02
0.84000,0.573111,0.492520,6.066882e-02,3.135886e-02,9.324985e-01,1.255453e-01,6.986136e-02,1.043199e-02,2.561033e-02,4.598141e-02
0.84250,0.572965,0.492483,6.090328e-02,3.152173e-02,9.324113e-01,1.255458e-01,6.977264e-02,1.033933e-02,2.559381e-02,4.600606e-02
0.84500,0.572818,0.492445,6.113764e-02,3.168491e-02,9.323253e-01,1.255463e-01,6.968395e-02,1.024642e-02,2.557734e-02,4.603063e-02
0.84750,0.572670,0.492408,6.137191e-02,3.184838e-02,9.322407e-01,1.255468e-01,6.959531e-02,1.015324e-02,2.556090e-02,4.605514e-02
0.85000,0.572523,0.492370,6.160609e-02,3.201216e-02,9.321575e-01,1.255473e-01,6.950674e-02,1.005977e-02,2.554451e-02,4.607957e-02
0.85250,0.572375,0.492332,6.184018e-02,3.217625e-02,9.320756e-01,1.255478e-01,6.941822e-02,9.966025e-03,2.552817e-02,4.610394e-02
0.85500,0.572227,0.492295,6.207418e-02,3.234063e-02,9.319951e-01,1.255483e-01,6.932974e-02,9.871987e-03,2.551187e-02,4.612824e-02
0.85750,0.572078,0.492257,6.230808e-02,3.250531e-02,9.319159e-01,1.255489e-01,6.924129e-02,9.777650e-03,2.549562e-02,4.615247e-02
0.86000,0.571929,0.492219,6.254189e-02,3.267030e-02,9.318380e-01,1.255494e-01,6.915286e-02,9.683003e-03,2.547940e-02,4.617664e-02
0.86250,0.571780,0.492181,6.277560e-02,3.283558e-02,9.317614e-01,1.255500e-01,6.906447e-02,9.588083e-03,2.546323e-02,4.620074e-02
0.86500,0.571630,0.492143,6.300921e-02,3.300116e-02,9.316862e-01,1.255506e-01,6.897613e-02,9.492929e-03,2.544710e-02,4.622477e-02
0.86750,0.571480,0.492105,6.324273e-02,3.316704e-02,9.316122e-01,1.255512e-01,6.888784e-02,9.397578e-03,2.543102e-02,4.624874e-02
0.87000,0.571330,0.492067,6.347614e-02,3.333321e-02,9.315395e-01,1.255518e-01,6.879965e-02,9.302061e-03,2.541499e-02,4.627265e-02
0.87250,0.571179,0.492029,6.370945e-02,3.349968e-02,9.314682e-01,1.255524e-01,6.871157e-02,9.206389e-03,2.539901e-02,4.629649e-02
0.87500,0.571028,0.491991,6.394266e-02,3.366645e-02,9.313982e-01,1.255530e-01,6.862359e-02,9.110546e-03,2.538308e-02,4.632026e-02
0.87750,0.570877,0.491953,6.417576e-02,3.383351e-02,9.313294e-01,1.255536e-01,6.853572e-02,9.014518e-03,2.536720e-02,4.634398e-02
0.88000,0.570725,0.491915,6.440875e-02,3.400086e-02,9.312620e-01,1.255543e-01,6.844797e-02,8.918311e-03,2.535137e-02,4.636763e-02
0.88250,0.570573,0.491876,6.464164e-02,3.416851e-02,9.311959e-01,1.255549e-01,6.836031e-02,8.821953e-03,2.533560e-02,4.639122e-02
0.88500,0.570421,0.491838,6.487442e-02,3.433645e-02,9.311312e-01,1.255556e-01,6.827271e-02,8.725475e-03,2.531988e-02,4.641475e-02
0.88750,0.570268,0.491800,6.510709e-02,3.450468e-02,9.310678e-01,1.255563e-01,6.818516e-02,8.628924e-03,2.530420e-02,4.643822e-02
0.89000,0.570115,0.491761,6.533965e-02,3.467320e-02,9.310058e-01,1.255570e-01,6.809766e-02,8.532312e-03,2.528857e-02,4.646163e-02
0.89250,0.569962,0.491723,6.557209e-02,3.484201e-02,9.309451e-01,1.255577e-01,6.801023e-02,8.435634e-03,2.527299e-02,4.648497e-02
0.89500,0.569808,0.491685,6.580442e-02,3.501112e-02,9.308859e-01,1.255584e-01,6.792289e-02,8.338869e-03,2.525747e-02,4.650826e-02
0.89750,0.569655,0.491646,6.603663e-02,3.518051e-02,9.308281e-01,1.255591e-01,6.783568e-02,8.242055e-03,2.524200e-02,4.653149e-02
0.90000,0.569500,0.491608,6.626872e-02,3.535018e-02,9.307718e-01,1.255598e-01,6.774860e-02,8.145214e-03,2.522658e-02,4.655466e-02
0.90250,0.569346,0.491569,6.650070e-02,3.552015e-02,9.307167e-01,1.255606e-01,6.766160e-02,8.048376e-03,2.521123e-02,4.657777e-02
0.90500,0.569191,0.491530,6.673256e-02,3.569040e-02,9.306632e-01,1.255613e-01,6.757466e-02,7.951540e-03,2.519592e-02,4.660083e-02
0.90750,0.569035,0.491492,6.696429e-02,3.586093e-02,9.306111e-01,1.255621e-01,6.748777e-02,7.854710e-03,2.518067e-02,4.662382e-02
0.91000,0.568880,0.491453,6.719591e-02,3.603175e-02,9.305604e-01,1.255629e-01,6.740090e-02,7.757875e-03,2.516547e-02,4.664676e-02
0.91250,0.568724,0.491414,6.742740e-02,3.620286e-02,9.305111e-01,1.255637e-01,6.731408e-02,7.661045e-03,2.515032e-02,4.666965e-02
0.91500,0.568567,0.491376,6.765876e-02,3.637425e-02,9.304633e-01,1.255645e-01,6.722732e-02,7.564244e-03,2.513523e-02,4.669248e-02
0.91750,0.568411,0.491337,6.789001e-02,3.654592e-02,9.304169e-01,1.255653e-01,6.714062e-02,7.467498e-03,2.512018e-02,4.671525e-02
0.92000,0.568254,0.491298,6.812112e-02,3.671788e-02,9.303719e-01,1.255662e-01,6.705400e-02,7.370808e-03,2.510520e-02,4.673796e-02
0.92250,0.568096,0.491259,6.835211e-02,3.689011e-02,9.303283e-01,1.255670e-01,6.696744e-02,7.274154e-03,2.509026e-02,4.676062e-02
0.92500,0.567939,0.491220,6.858297e-02,3.706263e-02,9.302860e-01,1.255679e-01,6.688095e-02,7.177534e-03,2.507538e-02,4.678323e-02
0.92750,0.567781,0.491181,6.881371e-02,3.723542e-02,9.302451e-01,1.255687e-01,6.679452e-02,7.080934e-03,2.506055e-02,4.680578e-02
0.93000,0.567623,0.491142,6.904431e-02,3.740850e-02,9.302056e-01,1.255696e-01,6.670817e-02,6.984343e-03,2.504578e-02,4.682828e-02
0.93250,0.567464,0.491104,6.927479e-02,3.758185e-02,9.301674e-01,1.255705e-01,6.662187e-02,6.887739e-03,2.503106e-02,4.685073e-02
0.93500,0.567305,0.491064,6.950513e-02,3.775549e-02,9.301306e-01,1.255714e-01,6.653562e-02,6.791120e-03,2.501638e-02,4.687312e-02
0.93750,0.567146,0.491025,6.973534e-02,3.792939e-02,9.300950e-01,1.255723e-01,6.644943e-02,6.694489e-03,2.500176e-02,4.689546e-02
0.94000,0.566986,0.490986,6.996542e-02,3.810358e-02,9.300607e-01,1.255733e-01,6.636332e-02,6.597826e-03,2.498719e-02,4.691775e-02
0.94250,0.566826,0.490947,7.019537e-02,3.827804e-02,9.300277e-01,1.255742e-01,6.627733e-02,6.501129e-03,2.497268e-02,4.693998e-02
0.94500,0.566666,0.490908,7.042518e-02,3.845278e-02,9.299958e-01,1.255751e-01,6.619147e-02,6.404386e-03,2.495822e-02,4.696216e-02
0.94750,0.566505,0.490869,7.065485e-02,3.862779e-02,9.299650e-01,1.255761e-01,6.610576e-02,6.307590e-03,2.494381e-02,4.698430e-02
0.95000,0.566345,0.490830,7.088439e-02,3.880308e-02,9.299354e-01,1.255771e-01,6.602020e-02,6.210708e-03,2.492947e-02,4.700638e-02
0.95250,0.566183,0.490791,7.111379e-02,3.897864e-02,9.299068e-01,1.255781e-01,6.593480e-02,6.113707e-03,2.491518e-02,4.702841e-02
0.95500,0.566022,0.490751,7.134306e-02,3.915447e-02,9.298792e-01,1.255791e-01,6.584951e-02,6.016564e-03,2.490094e-02,4.705039e-02
0.95750,0.565860,0.490712,7.157218e-02,3.933057e-02,9.298526e-01,1.255801e-01,6.576430e-02,5.919291e-03,2.488676e-02,4.707232e-02
0.96000,0.565698,0.490673,7.180116e-02,3.950695e-02,9.298270e-01,1.255811e-01,6.567917e-02,5.821943e-03,2.487262e-02,4.709420e-02
0.96250,0.565535,0.490633,7.203000e-02,3.968359e-02,9.298024e-01,1.255822e-01,6.559411e-02,5.724538e-03,2.485854e-02,4.711603e-02
0.96500,0.565373,0.490594,7.225870e-02,3.986051e-02,9.297787e-01,1.255832e-01,6.550915e-02,5.627088e-03,2.484451e-02,4.713782e-02
0.96750,0.565209,0.490555,7.248725e-02,4.003769e-02,9.297560e-01,1.255843e-01,6.542431e-02,5.529602e-03,2.483053e-02,4.715955e-02
0.97000,0.565046,0.490515,7.271566e-02,4.021514e-02,9.297342e-01,1.255854e-01,6.533958e-02,5.432079e-03,2.481661e-02,4.718124e-02
0.97250,0.564882,0.490476,7.294393e-02,4.039287e-02,9.297133e-01,1.255865e-01,6.525496e-02,5.334522e-03,2.480275e-02,4.720288e-02
0.97500,0.564718,0.490436,7.317204e-02,4.057085e-02,9.296934e-01,1.255876e-01,6.517042e-02,5.236923e-03,2.478893e-02,4.722447e-02
0.97750,0.564554,0.490397,7.340001e-02,4.074911e-02,9.296745e-01,1.255887e-01,6.508596e-02,5.139295e-03,2.477518e-02,4.724601e-02
0.98000,0.564389,0.490357,7.362783e-02,4.092763e-02,9.296566e-01,1.255898e-01,6.500157e-02,5.041659e-03,2.476147e-02,4.726751e-02
0.98250,0.564224,0.490318,7.385550e-02,4.110642e-02,9.296396e-01,1.255910e-01,6.491720e-02,4.944049e-03,2.474781e-02,4.728896e-02
0.98500,0.564058,0.490278,7.408302e-02,4.128547e-02,9.296238e-01,1.255921e-01,6.483286e-02,4.846447e-03,2.473420e-02,4.731036e-02
0.98750,0.563893,0.490239,7.431039e-02,4.146479e-02,9.296089e-01,1.255933e-01,6.474859e-02,4.748826e-03,2.472064e-02,4.733171e-02
0.99000,0.563727,0.490199,7.453761e-02,4.164437e-02,9.295951e-01,1.255945e-01,6.466440e-02,4.651152e-03,2.470713e-02,4.735302e-02
0.99250,0.563560,0.490160,7.476468e-02,4.182421e-02,9.295824e-01,1.255957e-01,6.458034e-02,4.553385e-03,2.469368e-02,4.737429e-02
0.99500,0.563394,0.490120,7.499159e-02,4.200431e-02,9.295706e-01,1.255969e-01,6.449641e-02,4.455508e-03,2.468028e-02,4.739551e-02
0.99750,0.563227,0.490080,7.521836e-02,4.218468e-02,9.295599e-01,1.255981e-01,6.441255e-02,4.357506e-03,2.466693e-02,4.741668e-02
1.00000,0.563060,0.490041,7.544497e-02,4.236531e-02,9.295502e-01,1.255993e-01,6.432877e-02,4.259384e-03,2.465363e-02,4.743781e-02
1.00250,0.562892,0.490001,7.567142e-02,4.254619e-02,9.295416e-01,1.256006e-01,6.424506e-02,4.161099e-03,2.464038e-02,4.745889e-02
1.00500,0.562724,0.489961,7.589773e-02,4.272734e-02,9.295339e-01,1.256018e-01,6.416141e-02,4.062641e-03,2.462718e-02,4.747993e-02
1.00750,0.562556,0.489921,7.612388e-02,4.290875e-02,9.295272e-01,1.256031e-01,6.407786e-02,3.964061e-03,2.461402e-02,4.750093e-02
1.01000,0.562387,0.489882,7.634988e-02,4.309042e-02,9.295215e-01,1.256044e-01,6.399439e-02,3.865351e-03,2.460092e-02,4.752188e-02
1.01250,0.562218,0.489842,7.657572e-02,4.327234e-02,9.295168e-01,1.256057e-01,6.391101e-02,3.766495e-03,2.458786e-02,4.754279e-02
1.01500,0.562049,0.489802,7.680141e-02,4.345452e-02,9.295131e-01,1.256070e-01,6.382773e-02,3.667474e-03,2.457486e-02,4.756365e-02
1.01750,0.561880,0.489762,7.702695e-02,4.363696e-02,9.295104e-01,1.256083e-01,6.374456e-02,3.568268e-03,2.456191e-02,4.758447e-02
1.02000,0.561710,0.489723,7.725233e-02,4.381965e-02,9.295088e-01,1.256096e-01,6.366148e-02,3.468856e-03,2.454901e-02,4.760525e-02
1.02250,0.561540,0.489683,7.747756e-02,4.400260e-02,9.295081e-01,1.256110e-01,6.357849e-02,3.369233e-03,2.453616e-02,4.762598e-02
1.02500,0.561370,0.489643,7.770264e-02,4.418581e-02,9.295085e-01,1.256123e-01,6.349556e-02,3.269398e-03,2.452336e-02,4.764667e-02
1.02750,0.561199,0.489603,7.792756e-02,4.436927e-02,9.295099e-01,1.256137e-01,6.341264e-02,3.169380e-03,2.451060e-02,4.766732e-02
1.03000,0.561028,0.489563,7.815232e-02,4.455298e-02,9.295123e-01,1.256151e-01,6.332972e-02,3.069179e-03,2.449789e-02,4.768793e-02
1.03250,0.560857,0.489523,7.837693e-02,4.473695e-02,9.295157e-01,1.256165e-01,6.324680e-02,2.968827e-03,2.448523e-02,4.770849e-02
1.03500,0.560685,0.489483,7.860138e-02,4.492117e-02,9.295200e-01,1.256179e-01,6.316391e-02,2.868340e-03,2.447261e-02,4.772902e-02
1.03750,0.560513,0.489444,7.882567e-02,4.510564e-02,9.295252e-01,1.256193e-01,6.308109e-02,2.767641e-03,2.446005e-02,4.774950e-02
1.04000,0.560341,0.489404,7.904981e-02,4.529037e-02,9.295313e-01,1.256208e-01,6.299838e-02,2.666701e-03,2.444753e-02,4.776994e-02
1.04250,0.560168,0.489364,7.927379e-02,4.547534e-02,9.295383e-01,1.256222e-01,6.291579e-02,2.565530e-03,2.443506e-02,4.779034e-02
1.04500,0.559995,0.489324,7.949761e-02,4.566057e-02,9.295462e-01,1.256237e-01,6.283332e-02,2.464187e-03,2.442264e-02,4.781070e-02
1.04750,0.559822,0.489284,7.972128e-02,4.584604e-02,9.295550e-01,1.256251e-01,6.275095e-02,2.362669e-03,2.441028e-02,4.783101e-02
1.05000,0.559649,0.489244,7.994478e-02,4.603177e-02,9.295647e-01,1.256266e-01,6.266865e-02,2.260954e-03,2.439797e-02,4.785129e-02
1.05250,0.559475,0.489204,8.016812e-02,4.621774e-02,9.295754e-01,1.256281e-01,6.258639e-02,2.158998e-03,2.438571e-02,4.787153e-02
1.05500,0.559301,0.489164,8.039130e-02,4.640397e-02,9.295870e-01,1.256296e-01,6.250415e-02,2.056742e-03,2.437349e-02,4.789172e-02
1.05750,0.559126,0.489124,8.061432e-02,4.659043e-02,9.295995e-01,1.256312e-01,6.242196e-02,1.954144e-03,2.436132e-02,4.791188e-02
1.06000,0.558951,0.489084,8.083718e-02,4.677715e-02,9.296130e-01,1.256327e-01,6.233984e-02,1.851169e-03,2.434920e-02,4.793200e-02
1.06250,0.558776,0.489044,8.105987e-02,4.696412e-02,9.296275e-01,1.256343e-01,6.225780e-02,1.747767e-03,2.433712e-02,4.795207e-02
1.06500,0.558601,0.489004,8.128240e-02,4.715132e-02,9.296430e-01,1.256358e-01,6.217585e-02,1.643932e-03,2.432509e-02,4.797211e-02
1.06750,0.558425,0.488964,8.150477e-02,4.733878e-02,9.296596e-01,1.256374e-01,6.209397e-02,1.539716e-03,2.431311e-02,4.799211e-02
1.07000,0.558250,0.488924,8.172697e-02,4.752648e-02,9.296772e-01,1.256390e-01,6.201214e-02,1.435150e-03,2.430118e-02,4.801207e-02
1.07250,0.558073,0.488884,8.194901e-02,4.771442e-02,9.296960e-01,1.256406e-01,6.193036e-02,1.330240e-03,2.428929e-02,4.803199e-02
1.07500,0.557897,0.488844,8.217088e-02,4.790261e-02,9.297159e-01,1.256422e-01,6.184863e-02,1.225075e-03,2.427745e-02,4.805187e-02
1.07750,0.557720,0.488804,8.239258e-02,4.809105e-02,9.297370e-01,1.256439e-01,6.176693e-02,1.119703e-03,2.426565e-02,4.807171e-02
1.08000,0.557543,0.488764,8.261412e-02,4.827972e-02,9.297593e-01,1.256455e-01,6.168528e-02,1.014104e-03,2.425390e-02,4.809152e-02
1.08250,0.557365,0.488724,8.283549e-02,4.846864e-02,9.297826e-01,1.256471e-01,6.160369e-02,9.083057e-04,2.424220e-02,4.811128e-02
1.08500,0.557188,0.488684,8.305670e-02,4.865780e-02,9.298072e-01,1.256488e-01,6.152218e-02,8.022975e-04,2.423054e-02,4.813101e-02
1.08750,0.557010,0.488644,8.327773e-02,4.884720e-02,9.298328e-01,1.256505e-01,6.144075e-02,6.961054e-04,2.421894e-02,4.815070e-02
1.09000,0.556831,0.488604,8.349861e-02,4.903684e-02,9.298596e-01,1.256522e-01,6.135939e-02,5.896874e-04,2.420739e-02,4.817036e-02
1.09250,0.556652,0.488564,8.371931e-02,4.922672e-02,9.298875e-01,1.256539e-01,6.127809e-02,4.830345e-04,2.419589e-02,4.818997e-02
1.09500,0.556474,0.488524,8.393985e-02,4.941684e-02,9.299165e-01,1.256556e-01,6.119685e-02,3.761300e-04,2.418444e-02,4.820955e-02
1.09750,0.556294,0.488484,8.416022e-02,4.960720e-02,9.299465e-01,1.256573e-01,6.111567e-02,2.689478e-04,2.417305e-02,4.822910e-02
1.10000,0.556115,0.488444,8.438042e-02,4.979780e-02,9.299776e-01,1.256591e-01,6.103451e-02,1.615504e-04,2.416170e-02,4.824860e-02
1.10250,0.555935,0.488403,8.460046e-02,4.998863e-02,9.300097e-01,1.256609e-01,6.095336e-02,5.400614e-05,2.415040e-02,4.826807e-02
1.10500,0.555755,0.488363,8.482033e-02,5.017971e-02,9.300428e-01,1.256626e-01,6.087224e-02,-5.364025e-05,2.413914e-02,4.828750e-02
1.10750,0.555574,0.488323,8.504003e-02,5.037102e-02,9.300769e-01,1.256644e-01,6.079115e-02,-1.613087e-04,2.412793e-02,4.830690e-02
1.11000,0.555394,0.488283,8.525956e-02,5.056257e-02,9.301120e-01,1.256662e-01,6.071013e-02,-2.689862e-04,2.411677e-02,4.832626e-02
1.11250,0.555213,0.488243,8.547893e-02,5.075435e-02,9.301480e-01,1.256680e-01,6.062916e-02,-3.766519e-04,2.410566e-02,4.834558e-02
1.11500,0.555031,0.488203,8.569813e-02,5.094637e-02,9.301848e-01,1.256698e-01,6.054827e-02,-4.842803e-04,2.409460e-02,4.836487e-02
1.11750,0.554850,0.488163,8.591716e-02,5.113863e-02,9.302223e-01,1.256717e-01,6.046748e-02,-5.919162e-04,2.408359e-02,4.838413e-02
1.12000,0.554668,0.488123,8.613602e-02,5.133112e-02,9.302606e-01,1.256735e-01,6.038676e-02,-6.996083e-04,2.407263e-02,4.840334e-02
1.12250,0.554485,0.488083,8.635471e-02,5.152384e-02,9.302996e-01,1.256754e-01,6.030609e-02,-8.073434e-04,2.406171e-02,4.842253e-02
1.12500,0.554303,0.488043,8.657323e-02,5.171680e-02,9.303391e-01,1.256772e-01,6.022548e-02,-9.151071e-04,2.405084e-02,4.844168e-02
1.12750,0.554120,0.488003,8.679158e-02,5.190999e-02,9.303792e-01,1.256791e-01,6.014492e-02,-1.022871e-03,2.404001e-02,4.846079e-02
1.13000,0.553937,0.487963,8.700976e-02,5.210341e-02,9.304198e-01,1.256810e-01,6.006442e-02,-1.130631e-03,2.402923e-02,4.847987e-02
1.13250,0.553754,0.487923,8.722778e-02,5.229707e-02,9.304609e-01,1.256829e-01,5.998405e-02,-1.238410e-03,2.401850e-02,4.849892e-02
1.13500,0.553570,0.487883,8.744562e-02,5.249095e-02,9.305024e-01,1.256849e-01,5.990381e-02,-1.346161e-03,2.400781e-02,4.851793e-02
1.13750,0.553386,0.487843,8.766329e-02,5.268507e-02,9.305443e-01,1.256868e-01,5.982373e-02,-1.453920e-03,2.399719e-02,4.853691e-02
1.14000,0.553202,0.487803,8.788078e-02,5.287942e-02,9.305865e-01,1.256887e-01,5.974378e-02,-1.561655e-03,2.398661e-02,4.855586e-02
1.14250,0.553017,0.487764,8.809811e-02,5.307400e-02,9.306293e-01,1.256907e-01,5.966394e-02,-1.669337e-03,2.397610e-02,4.857477e-02
1.14500,0.552832,0.487724,8.831526e-02,5.326881e-02,9.306725e-01,1.256927e-01,5.958418e-02,-1.776979e-03,2.396563e-02,4.859365e-02
1.14750,0.552647,0.487684,8.853224e-02,5.346384e-02,9.307162e-01,1.256947e-01,5.950445e-02,-1.884572e-03,2.395521e-02,4.861250e-02
1.15000,0.552462,0.487644,8.874905e-02,5.365911e-02,9.307604e-01,1.256967e-01,5.942475e-02,-1.992104e-03,2.394484e-02,4.863132e-02
1.15250,0.552276,0.487604,8.896568e-02,5.385460e-02,9.308051e-01,1.256987e-01,5.934507e-02,-2.099487e-03,2.393452e-02,4.865010e-02
1.15500,0.552090,0.487564,8.918214e-02,5.405033e-02,9.308504e-01,1.257007e-01,5.926544e-02,-2.206743e-03,2.392424e-02,4.866885e-02
1.15750,0.551903,0.487524,8.939843e-02,5.424627e-02,9.308963e-01,1.257027e-01,5.918589e-02,-2.313901e-03,2.391401e-02,4.868757e-02
1.16000,0.551717,0.487484,8.961454e-02,5.444245e-02,9.309428e-01,1.257048e-01,5.910646e-02,-2.420986e-03,2.390383e-02,4.870626e-02
1.16250,0.551530,0.487444,8.983048e-02,5.463885e-02,9.309900e-01,1.257068e-01,5.902712e-02,-2.528041e-03,2.389371e-02,4.872492e-02
1.16500,0.551343,0.487405,9.004625e-02,5.483548e-02,9.310377e-01,1.257089e-01,5.894788e-02,-2.635078e-03,2.388364e-02,4.874355e-02
1.16750,0.551155,0.487365,9.026184e-02,5.503234e-02,9.310861e-01,1.257110e-01,5.886871e-02,-2.742123e-03,2.387362e-02,4.876214e-02
1.17000,0.550968,0.487325,9.047726e-02,5.522941e-02,9.311351e-01,1.257131e-01,5.878956e-02,-2.849186e-03,2.386365e-02,4.878070e-02
1.17250,0.550780,0.487285,9.069250e-02,5.542672e-02,9.311847e-01,1.257152e-01,5.871048e-02,-2.956292e-03,2.385373e-02,4.879924e-02
1.17500,0.550591,0.487245,9.090757e-02,5.562425e-02,9.312349e-01,1.257173e-01,5.863145e-02,-3.063423e-03,2.384386e-02,4.881774e-02
1.17750,0.550403,0.487206,9.112247e-02,5.582200e-02,9.312857e-01,1.257195e-01,5.855249e-02,-3.170553e-03,2.383404e-02,4.883621e-02
1.18000,0.550214,0.487166,9.133720e-02,5.601997e-02,9.313371e-01,1.257216e-01,5.847359e-02,-3.277661e-03,2.382427e-02,4.885465e-02
1.18250,0.550025,0.487126,9.155176e-02,5.621817e-02,9.313890e-01,1.257238e-01,5.839478e-02,-3.384686e-03,2.381456e-02,4.887306e-02
1.18500,0.549835,0.487087,9.176614e-02,5.641659e-02,9.314416e-01,1.257259e-01,5.831605e-02,-3.491573e-03,2.380490e-02,4.889144e-02
1.18750,0.549645,0.487047,9.198036e-02,5.661523e-02,9.314947e-01,1.257281e-01,5.823739e-02,-3.598351e-03,2.379530e-02,4.890979e-02
1.19000,0.549455,0.487007,9.219440e-02,5.681409e-02,9.315484e-01,1.257303e-01,5.815881e-02,-3.704998e-03,2.378575e-02,4.892811e-02
1.19250,0.549265,0.486968,9.240828e-02,5.701317e-02,9.316028e-01,1.257325e-01,5.808026e-02,-3.811490e-03,2.377626e-02,4.894640e-02
1.19500,0.549074,0.486928,9.262198e-02,5.721247e-02,9.316578e-01,1.257347e-01,5.800174e-02,-3.917852e-03,2.376682e-02,4.896466e-02
1.19750,0.548883,0.486888,9.283552e-02,5.741200e-02,9.317133e-01,1.257370e-01,5.792325e-02,-4.024179e-03,2.375743e-02,4.898289e-02
1.20000,0.548692,0.486849,9.304888e-02,5.761174e-02,9.317694e-01,1.257392e-01,5.784481e-02,-4.130506e-03,2.374808e-02,4.900109e-02
1.20250,0.548501,0.486809,9.326208e-02,5.781170e-02,9.318260e-01,1.257415e-01,5.776644e-02,-4.236876e-03,2.373879e-02,4.901926e-02
1.20500,0.548309,0.486770,9.347511e-02,5.801188e-02,9.318832e-01,1.257437e-01,5.768816e-02,-4.343267e-03,2.372955e-02,4.903740e-02
1.20750,0.548117,0.486730,9.368797e-02,5.821228e-02,9.319407e-01,1.257460e-01,5.760999e-02,-4.449690e-03,2.372037e-02,4.905551e-02
1.21000,0.547925,0.486691,9.390066e-02,5.841289e-02,9.319988e-01,1.257483e-01,5.753199e-02,-4.556207e-03,2.371125e-02,4.907359e-02
1.21250,0.547732,0.486651,9.411318e-02,5.861373e-02,9.320572e-01,1.257506e-01,5.745411e-02,-4.662802e-03,2.370219e-02,4.909164e-02
1.21500,0.547539,0.486612,9.432553e-02,5.881478e-02,9.321161e-01,1.257529e-01,5.737629e-02,-4.769400e-03,2.369319e-02,4.910967e-02
1.21750,0.547346,0.486573,9.453772e-02,5.901605e-02,9.321754e-01,1.257552e-01,5.729852e-02,-4.875957e-03,2.368424e-02,4.912766e-02
1.22000,0.547153,0.486533,9.474973e-02,5.921753e-02,9.322352e-01,1.257576e-01,5.722077e-02,-4.982468e-03,2.367535e-02,4.914562e-02
1.22250,0.546959,0.486494,9.496158e-02,5.941923e-02,9.322954e-01,1.257599e-01,5.714301e-02,-5.088972e-03,2.366651e-02,4.916356e-02
1.22500,0.546765,0.486455,9.517326e-02,5.962114e-02,9.323562e-01,1.257623e-01,5.706526e-02,-5.195515e-03,2.365773e-02,4.918146e-02
1.22750,0.546571,0.486415,9.538477e-02,5.982327e-02,9.324174e-01,1.257647e-01,5.698756e-02,-5.302129e-03,2.364900e-02,4.919933e-02
1.23000,0.546376,0.486376,9.559611e-02,6.002561e-02,9.324791e-01,1.257670e-01,5.690993e-02,-5.408855e-03,2.364033e-02,4.921718e-02
1.23250,0.546181,0.486337,9.580727e-02,6.022817e-02,9.325415e-01,1.257694e-01,5.683235e-02,-5.515720e-03,2.363172e-02,4.923500e-02
1.23500,0.545986,0.486298,9.601827e-02,6.043094e-02,9.326044e-01,1.257718e-01,5.675483e-02,-5.622713e-03,2.362316e-02,4.925278e-02
1.23750,0.545791,0.486258,9.622910e-02,6.063393e-02,9.326680e-01,1.257743e-01,5.667739e-02,-5.729849e-03,2.361467e-02,4.927054e-02
1.24000,0.545595,0.486219,9.643976e-02,6.083712e-02,9.327323e-01,1.257767e-01,5.660002e-02,-5.837175e-03,2.360623e-02,4.928826e-02
1.24250,0.545399,0.486180,9.665025e-02,6.104053e-02,9.327973e-01,1.257791e-01,5.652271e-02,-5.944757e-03,2.359786e-02,4.930596e-02
1.24500,0.545203,0.486141,9.686056e-02,6.124415e-02,9.328631e-01,1.257816e-01,5.644543e-02,-6.052618e-03,2.358954e-02,4.932363e-02
1.24750,0.545007,0.486102,9.707071e-02,6.144799e-02,9.329296e-01,1.257840e-01,5.636819e-02,-6.160753e-03,2.358127e-02,4.934126e-02
1.25000,0.544810,0.486063,9.728069e-02,6.165203e-02,9.329970e-01,1.257865e-01,5.629099e-02,-6.269114e-03,2.357306e-02,4.935887e-02
1.25250,0.544613,0.486024,9.749049e-02,6.185629e-02,9.330652e-01,1.257890e-01,5.621384e-02,-6.377656e-03,2.356490e-02,4.937645e-02
1.25500,0.544416,0.485985,9.770013e-02,6.206075e-02,9.331342e-01,1.257915e-01,5.613671e-02,-6.486356e-03,2.355680e-02,4.939400e-02
1.25750,0.544218,0.485946,9.791091e-02,6.226543e-02,9.332039e-01,1.257940e-01,5.605960e-02,-6.595205e-03,2.354875e-02,4.941152e-02
1.26000,0.544020,0.485907,9.812238e-02,6.247031e-02,9.332745e-01,1.257965e-01,5.598250e-02,-6.704254e-03,2.354077e-02,4.942901e-02
1.26250,0.543822,0.485868,9.833369e-02,6.267541e-02,9.333458e-01,1.257990e-01,5.590540e-02,-6.813549e-03,2.353283e-02,4.944647e-02
1.26500,0.543624,0.485830,9.854484e-02,6.288071e-02,9.334178e-01,1.258016e-01,5.582828e-02,-6.923176e-03,2.352496e-02,4.946390e-02
1.26750,0.543425,0.485791,9.875584e-02,6.308622e-02,9.334905e-01,1.258041e-01,5.575116e-02,-7.033114e-03,2.351714e-02,4.948130e-02
1.27000,0.543226,0.485752,9.896667e-02,6.329194e-02,9.335639e-01,1.258067e-01,5.567408e-02,-7.143316e-03,2.350938e-02,4.949868e-02
1.27250,0.543027,0.485713,9.917734e-02,6.349787e-02,9.336379e-01,1.258092e-01,5.559704e-02,-7.253776e-03,2.350168e-02,4.951602e-02
1.27500,0.542827,0.485675,9.938786e-02,6.370401e-02,9.337126e-01,1.258118e-01,5.552005e-02,-7.364437e-03,2.349404e-02,4.953333e-02
1.27750,0.542628,0.485636,9.959821e-02,6.391035e-02,9.337879e-01,1.258144e-01,5.544313e-02,-7.475304e-03,2.348645e-02,4.955061e-02
1.28000,0.542427,0.485598,9.980841e-02,6.411690e-02,9.338637e-01,1.258170e-01,5.536628e-02,-7.586373e-03,2.347893e-02,4.956787e-02
1.28250,0.542227,0.485559,1.000184e-01,6.432365e-02,9.339401e-01,1.258196e-01,5.528945e-02,-7.697672e-03,2.347146e-02,4.958509e-02
1.28500,0.542027,0.485521,1.002283e-01,6.453061e-02,9.340169e-01,1.258223e-01,5.521266e-02,-7.809200e-03,2.346404e-02,4.960229e-02
1.28750,0.541826,0.485482,1.004380e-01,6.473778e-02,9.340940e-01,1.258249e-01,5.513585e-02,-7.920889e-03,2.345668e-02,4.961945e-02
1.29000,0.541625,0.485444,1.006476e-01,6.494515e-02,9.341714e-01,1.258275e-01,5.505903e-02,-8.032746e-03,2.344938e-02,4.963659e-02
1.29250,0.541423,0.485405,1.008570e-01,6.515273e-02,9.342490e-01,1.258302e-01,5.498218e-02,-8.144744e-03,2.344213e-02,4.965369e-02
1.29500,0.541222,0.485367,1.010662e-01,6.536051e-02,9.343267e-01,1.258329e-01,5.490533e-02,-8.256881e-03,2.343493e-02,4.967077e-02
1.29750,0.541020,0.485329,1.012753e-01,6.556849e-02,9.344045e-01,1.258355e-01,5.482852e-02,-8.369164e-03,2.342779e-02,4.968782e-02
1.30000,0.540818,0.485290,1.014842e-01,6.577668e-02,9.344823e-01,1.258382e-01,5.475177e-02,-8.481527e-03,2.342071e-02,4.970484e-02
1.30250,0.540615,0.485252,1.016930e-01,6.598508e-02,9.345602e-01,1.258409e-01,5.467511e-02,-8.593874e-03,2.341368e-02,4.972183e-02
1.30500,0.540412,0.485214,1.019016e-01,6.619367e-02,9.346380e-01,1.258436e-01,5.459854e-02,-8.706165e-03,2.340672e-02,4.973879e-02
1.30750,0.540209,0.485176,1.021100e-01,6.640247e-02,9.347158e-01,1.258463e-01,5.452206e-02,-8.818357e-03,2.339980e-02,4.975572e-02
1.31000,0.540006,0.485138,1.023183e-01,6.661147e-02,9.347716e-01,1.258491e-01,5.444560e-02,-8.930335e-03,2.339294e-02,4.977262e-02
1.31250,0.539803,0.485100,1.025264e-01,6.682067e-02,9.348182e-01,1.258518e-01,5.436914e-02,-9.042079e-03,2.338613e-02,4.978949e-02
1.31500,0.539599,0.485062,1.027344e-01,6.703008e-02,9.348650e-01,1.258546e-01,5.429270e-02,-9.153588e-03,2.337936e-02,4.980634e-02
1.31750,0.539395,0.485024,1.029422e-01,6.723968e-02,9.349122e-01,1.258573e-01,5.421626e-02,-9.264854e-03,2.337264e-02,4.982316e-02
1.32000,0.539191,0.484986,1.031498e-01,6.744949e-02,9.349596e-01,1.258601e-01,5.413983e-02,-9.375888e-03,2.336596e-02,4.983995e-02
1.32250,0.538986,0.484948,1.033573e-01,6.765950e-02,9.350073e-01,1.258629e-01,5.406345e-02,-9.486722e-03,2.335932e-02,4.985671e-02
1.32500,0.538781,0.484911,1.035646e-01,6.786970e-02,9.350554e-01,1.258656e-01,5.398711e-02,-9.597324e-03,2.335273e-02,4.987344e-02
1.32750,0.538576,0.484873,1.037718e-01,6.808011e-02,9.351037e-01,1.258684e-01,5.391084e-02,-9.707667e-03,2.334619e-02,4.989014e-02
1.33000,0.538371,0.484835,1.039788e-01,6.829072e-02,9.351524e-01,1.258712e-01,5.383464e-02,-9.817672e-03,2.333970e-02,4.990682e-02
1.33250,0.538165,0.484798,1.041856e-01,6.850152e-02,9.352014e-01,1.258741e-01,5.375851e-02,-9.927352e-03,2.333326e-02,4.992347e-02
1.33500,0.537959,0.484760,1.043923e-01,6.871253e-02,9.352508e-01,1.258769e-01,5.368247e-02,-1.003672e-02,2.332686e-02,4.994010e-02
1.33750,0.537753,0.484723,1.045988e-01,6.892373e-02,9.353006e-01,1.258797e-01,5.360650e-02,-1.014581e-02,2.332052e-02,4.995669e-02
1.34000,0.537547,0.484685,1.048052e-01,6.913514e-02,9.353508e-01,1.258826e-01,5.353058e-02,-1.025458e-02,2.331423e-02,4.997326e-02
1.34250,0.537340,0.484648,1.050115e-01,6.934674e-02,9.354014e-01,1.258854e-01,5.345470e-02,-1.036306e-02,2.330798e-02,4.998980e-02
1.34500,0.537133,0.484610,1.052175e-01,6.955853e-02,9.354524e-01,1.258883e-01,5.337887e-02,-1.047142e-02,2.330178e-02,5.000632e-02
1.34750,0.536926,0.484573,1.054235e-01,6.977053e-02,9.355038e-01,1.258912e-01,5.330311e-02,-1.057978e-02,2.329563e-02,5.002281e-02
1.35000,0.536718,0.484536,1.056292e-01,6.998272e-02,9.355555e-01,1.258940e-01,5.322742e-02,-1.068811e-02,2.328952e-02,5.003927e-02
1.35250,0.536511,0.484499,1.058348e-01,7.019511e-02,9.356076e-01,1.258969e-01,5.315182e-02,-1.079651e-02,2.328346e-02,5.005570e-02
1.35500,0.536303,0.484461,1.060403e-01,7.040770e-02,9.356600e-01,1.258998e-01,5.307636e-02,-1.090498e-02,2.327745e-02,5.007211e-02
1.35750,0.536095,0.484424,1.062456e-01,7.062048e-02,9.357127e-01,1.259027e-01,5.300097e-02,-1.101354e-02,2.327148e-02,5.008850e-02
1.36000,0.535886,0.484387,1.064508e-01,7.083345e-02,9.357657e-01,1.259057e-01,5.292563e-02,-1.112221e-02,2.326556e-02,5.010485e-02
1.36250,0.535677,0.484350,1.066558e-01,7.104662e-02,9.358189e-01,1.259086e-01,5.285033e-02,-1.123096e-02,2.325968e-02,5.012119e-02
1.36500,0.535468,0.484313,1.068607e-01,7.125999e-02,9.358724e-01,1.259115e-01,5.277507e-02,-1.133975e-02,2.325386e-02,5.013749e-02
1.36750,0.535259,0.484277,1.070654e-01,7.147355e-02,9.359261e-01,1.259145e-01,5.269984e-02,-1.144859e-02,2.324808e-02,5.015377e-02
1.37000,0.535050,0.484240,1.072700e-01,7.168731e-02,9.359800e-01,1.259174e-01,5.262466e-02,-1.155754e-02,2.324235e-02,5.017003e-02
1.37250,0.534840,0.484203,1.074744e-01,7.190126e-02,9.360340e-01,1.259204e-01,5.254954e-02,-1.166658e-02,2.323668e-02,5.018626e-02
1.37500,0.534630,0.484166,1.076787e-01,7.211540e-02,9.360881e-01,1.259234e-01,5.247447e-02,-1.177568e-02,2.323106e-02,5.020246e-02
1.37750,0.534420,0.484130,1.078828e-01,7.232974e-02,9.361422e-01,1.259264e-01,5.239944e-02,-1.188490e-02,2.322549e-02,5.021864e-02
1.38000,0.534209,0.484093,1.080868e-01,7.254427e-02,9.361964e-01,1.259294e-01,5.232442e-02,-1.199420e-02,2.321997e-02,5.023480e-02
1.38250,0.533998,0.484057,1.082940e-01,7.275899e-02,9.362506e-01,1.259324e-01,5.224938e-02,-1.210355e-02,2.321450e-02,5.025093e-02
1.38500,0.533787,0.484020,1.085012e-01,7.297391e-02,9.363049e-01,1.259354e-01,5.217430e-02,-1.221294e-02,2.320908e-02,5.026703e-02
1.38750,0.533576,0.483984,1.087083e-01,7.318901e-02,9.363592e-01,1.259384e-01,5.209920e-02,-1.232237e-02,2.320370e-02,5.028311e-02
1.39000,0.533364,0.483948,1.089152e-01,7.340431e-02,9.364135e-01,1.259414e-01,5.202408e-02,-1.243181e-02,2.319836e-02,5.029916e-02
1.39250,0.533153,0.483911,1.091219e-01,7.361980e-02,9.364680e-01,1.259444e-01,5.194897e-02,-1.254136e-02,2.319306e-02,5.031519e-02
1.39500,0.532940,0.483875,1.093285e-01,7.383548e-02,9.365224e-01,1.259475e-01,5.187391e-02,-1.265108e-02,2.318782e-02,5.033120e-02
1.39750,0.532728,0.483839,1.095350e-01,7.405136e-02,9.365770e-01,1.259505e-01,5.179891e-02,-1.276099e-02,2.318263e-02,5.034718e-02
1.40000,0.532516,0.483803,1.097414e-01,7.426742e-02,9.366318e-01,1.259536e-01,5.172398e-02,-1.287104e-02,2.317749e-02,5.036313e-02
1.40250,0.532303,0.483767,1.099476e-01,7.448367e-02,9.366866e-01,1.259567e-01,5.164907e-02,-1.298111e-02,2.317242e-02,5.037906e-02
1.40500,0.532090,0.483731,1.101536e-01,7.470012e-02,9.367417e-01,1.259597e-01,5.157416e-02,-1.309115e-02,2.316741e-02,5.039497e-02
1.40750,0.531876,0.483695,1.103595e-01,7.491675e-02,9.367969e-01,1.259628e-01,5.149924e-02,-1.320113e-02,2.316247e-02,5.041085e-02
1.41000,0.531663,0.483660,1.105653e-01,7.513357e-02,9.368523e-01,1.259659e-01,5.142427e-02,-1.331106e-02,2.315758e-02,5.042670e-02
1.41250,0.531449,0.483624,1.107710e-01,7.535058e-02,9.369080e-01,1.259690e-01,5.134927e-02,-1.342101e-02,2.315276e-02,5.044253e-02
1.41500,0.531235,0.483588,1.109765e-01,7.556778e-02,9.369640e-01,1.259721e-01,5.127423e-02,-1.353116e-02,2.314799e-02,5.045834e-02
1.41750,0.531021,0.483553,1.111819e-01,7.578517e-02,9.370202e-01,1.259752e-01,5.119915e-02,-1.364160e-02,2.314328e-02,5.047411e-02
1.42000,0.530806,0.483517,1.113871e-01,7.600275e-02,9.370767e-01,1.259784e-01,5.112404e-02,-1.375232e-02,2.313863e-02,5.048986e-02
1.42250,0.530591,0.483482,1.115922e-01,7.622051e-02,9.371336e-01,1.259815e-01,5.104895e-02,-1.386322e-02,2.313405e-02,5.050559e-02
1.42500,0.530376,0.483446,1.117972e-01,7.643846e-02,9.371909e-01,1.259846e-01,5.097389e-02,-1.397431e-02,2.312953e-02,5.052129e-02
1.42750,0.530161,0.483411,1.120020e-01,7.665660e-02,9.372485e-01,1.259878e-01,5.089884e-02,-1.408551e-02,2.312507e-02,5.053697e-02
1.43000,0.529945,0.483376,1.122067e-01,7.687493e-02,9.373065e-01,1.259909e-01,5.082381e-02,-1.419688e-02,2.312068e-02,5.055261e-02
1.43250,0.529729,0.483341,1.124112e-01,7.709344e-02,9.373649e-01,1.259941e-01,5.074877e-02,-1.430840e-02,2.311636e-02,5.056824e-02
1.43500,0.529513,0.483306,1.126157e-01,7.731214e-02,9.374237e-01,1.259973e-01,5.067370e-02,-1.441997e-02,2.311210e-02,5.058383e-02
1.43750,0.529297,0.483271,1.128199e-01,7.753103e-02,9.374828e-01,1.260004e-01,5.059861e-02,-1.453164e-02,2.310790e-02,5.059940e-02
1.44000,0.529081,0.483236,1.130241e-01,7.775010e-02,9.375423e-01,1.260036e-01,5.052349e-02,-1.464346e-02,2.310377e-02,5.061495e-02
1.44250,0.528864,0.483201,1.132315e-01,7.796936e-02,9.376021e-01,1.260068e-01,5.044834e-02,-1.475555e-02,2.309971e-02,5.063046e-02
1.44500,0.528647,0.483166,1.134399e-01,7.818880e-02,9.376622e-01,1.260100e-01,5.037317e-02,-1.486799e-02,2.309571e-02,5.064595e-02
1.44750,0.528429,0.483132,1.136482e-01,7.840842e-02,9.377226e-01,1.260132e-01,5.029793e-02,-1.498079e-02,2.309178e-02,5.066142e-02
1.45000,0.528212,0.483097,1.138563e-01,7.862824e-02,9.377832e-01,1.260164e-01,5.022262e-02,-1.509394e-02,2.308792e-02,5.067685e-02
1.45250,0.527994,0.483062,1.140643e-01,7.884823e-02,9.378441e-01,1.260196e-01,5.014723e-02,-1.520738e-02,2.308412e-02,5.069226e-02
1.45500,0.527776,0.483028,1.142722e-01,7.906841e-02,9.379051e-01,1.260229e-01,5.007177e-02,-1.532109e-02,2.308038e-02,5.070765e-02
1.45750,0.527558,0.482994,1.144799e-01,7.928878e-02,9.379663e-01,1.260261e-01,4.999628e-02,-1.543501e-02,2.307671e-02,5.072300e-02
1.46000,0.527339,0.482959,1.146876e-01,7.950933e-02,9.380275e-01,1.260293e-01,4.992077e-02,-1.554902e-02,2.307310e-02,5.073833e-02
1.46250,0.527121,0.482925,1.148951e-01,7.973006e-02,9.380888e-01,1.260326e-01,4.984525e-02,-1.566306e-02,2.306954e-02,5.075364e-02
1.46500,0.526902,0.482891,1.151024e-01,7.995097e-02,9.381501e-01,1.260358e-01,4.976971e-02,-1.577705e-02,2.306605e-02,5.076891e-02
1.46750,0.526682,0.482857,1.153097e-01,8.017207e-02,9.382114e-01,1.260391e-01,4.969416e-02,-1.589101e-02,2.306263e-02,5.078416e-02
1.47000,0.526463,0.482823,1.155168e-01,8.039335e-02,9.382726e-01,1.260424e-01,4.961861e-02,-1.600500e-02,2.305927e-02,5.079938e-02
1.47250,0.526243,0.482789,1.157238e-01,8.061481e-02,9.383337e-01,1.260456e-01,4.954304e-02,-1.611904e-02,2.305598e-02,5.081457e-02
1.47500,0.526023,0.482755,1.159306e-01,8.083646e-02,9.383948e-01,1.260489e-01,4.946747e-02,-1.623319e-02,2.305275e-02,5.082974e-02
1.47750,0.525803,0.482721,1.161374e-01,8.105828e-02,9.384558e-01,1.260522e-01,4.939194e-02,-1.634742e-02,2.304959e-02,5.084488e-02
1.48000,0.525582,0.482688,1.163440e-01,8.128029e-02,9.385167e-01,1.260555e-01,4.931641e-02,-1.646165e-02,2.304650e-02,5.085999e-02
1.48250,0.525362,0.482654,1.165505e-01,8.150248e-02,9.385775e-01,1.260588e-01,4.924088e-02,-1.657577e-02,2.304346e-02,5.087507e-02
1.48500,0.525141,0.482621,1.167568e-01,8.172485e-02,9.386383e-01,1.260621e-01,4.916533e-02,-1.668966e-02,2.304047e-02,5.089013e-02
1.48750,0.524920,0.482587,1.169654e-01,8.194740e-02,9.386991e-01,1.260654e-01,4.908979e-02,-1.680320e-02,2.303753e-02,5.090516e-02
1.49000,0.524698,0.482554,1.171769e-01,8.217013e-02,9.387597e-01,1.260687e-01,4.901424e-02,-1.691629e-02,2.303464e-02,5.092016e-02
1.49250,0.524477,0.482521,1.173883e-01,8.239304e-02,9.388204e-01,1.260721e-01,4.893870e-02,-1.702891e-02,2.303179e-02,5.093513e-02
1.49500,0.524255,0.482488,1.175995e-01,8.261613e-02,9.388810e-01,1.260754e-01,4.886320e-02,-1.714111e-02,2.302899e-02,5.095008e-02
1.49750,0.524033,0.482455,1.178106e-01,8.283940e-02,9.389416e-01,1.260787e-01,4.878776e-02,-1.725292e-02,2.302623e-02,5.096500e-02
1.50000,0.523810,0.482422,1.180216e-01,8.306285e-02,9.390022e-01,1.260821e-01,4.871241e-02,-1.736430e-02,2.302352e-02,5.097989e-02
1.50250,0.523588,0.482389,1.182325e-01,8.328648e-02,9.390628e-01,1.260854e-01,4.863715e-02,-1.747527e-02,2.302086e-02,5.099476e-02
1.50500,0.523365,0.482356,1.184432e-01,8.351029e-02,9.391234e-01,1.260888e-01,4.856198e-02,-1.758591e-02,2.301824e-02,5.100960e-02
1.50750,0.523142,0.482323,1.186539e-01,8.373428e-02,9.391841e-01,1.260921e-01,4.848690e-02,-1.769629e-02,2.301566e-02,5.102441e-02
1.51000,0.522918,0.482291,1.188644e-01,8.395844e-02,9.392449e-01,1.260955e-01,4.841186e-02,-1.780637e-02,2.301313e-02,5.103920e-02
1.51250,0.522695,0.482258,1.190748e-01,8.418279e-02,9.393058e-01,1.260989e-01,4.833684e-02,-1.791615e-02,2.301064e-02,5.105396e-02
1.51500,0.522471,0.482226,1.192851e-01,8.440731e-02,9.393668e-01,1.261023e-01,4.826178e-02,-1.802564e-02,2.300820e-02,5.106870e-02
1.51750,0.522247,0.482193,1.194953e-01,8.463201e-02,9.394280e-01,1.261056e-01,4.818667e-02,-1.813476e-02,2.300579e-02,5.108341e-02
1.52000,0.522023,0.482161,1.197053e-01,8.485689e-02,9.394893e-01,1.261090e-01,4.811156e-02,-1.824354e-02,2.300342e-02,5.109809e-02
1.52250,0.521798,0.482129,1.199153e-01,8.508194e-02,9.395507e-01,1.261124e-01,4.803646e-02,-1.835196e-02,2.300109e-02,5.111275e-02
1.52500,0.521574,0.482097,1.201251e-01,8.530717e-02,9.396122e-01,1.261158e-01,4.796140e-02,-1.846004e-02,2.299880e-02,5.112738e-02
1.52750,0.521349,0.482065,1.203348e-01,8.553258e-02,9.396737e-01,1.261192e-01,4.788639e-02,-1.856775e-02,2.299656e-02,5.114199e-02
1.53000,0.521124,0.482033,1.205444e-01,8.575817e-02,9.397353e-01,1.261226e-01,4.781147e-02,-1.867520e-02,2.299436e-02,5.115657e-02
1.53250,0.520898,0.482001,1.207538e-01,8.598393e-02,9.397970e-01,1.261261e-01,4.773664e-02,-1.878249e-02,2.299221e-02,5.117113e-02
1.53500,0.520673,0.481970,1.209650e-01,8.620986e-02,9.398587e-01,1.261295e-01,4.766191e-02,-1.888979e-02,2.299012e-02,5.118566e-02
1.53750,0.520447,0.481938,1.211802e-01,8.643598e-02,9.399203e-01,1.261329e-01,4.758723e-02,-1.899714e-02,2.298808e-02,5.120017e-02
1.54000,0.520221,0.481907,1.213953e-01,8.666227e-02,9.399819e-01,1.261363e-01,4.751259e-02,-1.910458e-02,2.298608e-02,5.121465e-02
1.54250,0.519994,0.481875,1.216103e-01,8.688873e-02,9.400434e-01,1.261398e-01,4.743799e-02,-1.921207e-02,2.298414e-02,5.122910e-02
1.54500,0.519768,0.481844,1.218251e-01,8.711537e-02,9.401048e-01,1.261432e-01,4.736339e-02,-1.931966e-02,2.298226e-02,5.124354e-02
1.54750,0.519541,0.481813,1.220398e-01,8.734218e-02,9.401660e-01,1.261467e-01,4.728877e-02,-1.942749e-02,2.298042e-02,5.125794e-02
1.55000,0.519314,0.481782,1.222545e-01,8.756917e-02,9.402270e-01,1.261501e-01,4.721417e-02,-1.953563e-02,2.297863e-02,5.127232e-02
1.55250,0.519087,0.481751,1.224690e-01,8.779633e-02,9.402878e-01,1.261536e-01,4.713959e-02,-1.964405e-02,2.297688e-02,5.128668e-02
1.55500,0.518859,0.481720,1.226834e-01,8.802367e-02,9.403482e-01,1.261570e-01,4.706499e-02,-1.975263e-02,2.297519e-02,5.130101e-02
1.55750,0.518631,0.481689,1.228977e-01,8.825118e-02,9.404084e-01,1.261605e-01,4.699037e-02,-1.986129e-02,2.297355e-02,5.131532e-02
1.56000,0.518403,0.481658,1.231118e-01,8.847887e-02,9.404683e-01,1.261640e-01,4.691573e-02,-1.996998e-02,2.297195e-02,5.132961e-02
1.56250,0.518175,0.481628,1.233259e-01,8.870672e-02,9.405279e-01,1.261675e-01,4.684109e-02,-2.007873e-02,2.297040e-02,5.134387e-02
1.56500,0.517947,0.481597,1.235399e-01,8.893475e-02,9.405872e-01,1.261709e-01,4.676645e-02,-2.018758e-02,2.296890e-02,5.135810e-02
1.56750,0.517718,0.481567,1.237537e-01,8.916296e-02,9.406463e-01,1.261744e-01,4.669178e-02,-2.029655e-02,2.296745e-02,5.137231e-02
1.57000,0.517489,0.481537,1.239674e-01,8.939133e-02,9.407051e-01,1.261779e-01,4.661706e-02,-2.040570e-02,2.296606e-02,5.138650e-02
1.57250,0.517260,0.481506,1.241810e-01,8.961988e-02,9.407637e-01,1.261814e-01,4.654227e-02,-2.051506e-02,2.296472e-02,5.140066e-02
1.57500,0.517031,0.481476,1.243945e-01,8.984860e-02,9.408222e-01,1.261849e-01,4.646742e-02,-2.062468e-02,2.296343e-02,5.141480e-02
1.57750,0.516801,0.481446,1.246079e-01,9.007750e-02,9.408805e-01,1.261884e-01,4.639253e-02,-2.073459e-02,2.296221e-02,5.142891e-02
1.58000,0.516572,0.481416,1.248212e-01,9.030656e-02,9.409386e-01,1.261919e-01,4.631763e-02,-2.084476e-02,2.296106e-02,5.144300e-02
1.58250,0.516342,0.481387,1.250344e-01,9.053580e-02,9.409967e-01,1.261954e-01,4.624270e-02,-2.095525e-02,2.295997e-02,5.145706e-02
1.58500,0.516111,0.481357,1.252475e-01,9.076521e-02,9.410548e-01,1.261990e-01,4.616772e-02,-2.106606e-02,2.295895e-02,5.147110e-02
1.58750,0.515881,0.481327,1.254604e-01,9.099479e-02,9.411127e-01,1.262025e-01,4.609264e-02,-2.117715e-02,2.295800e-02,5.148511e-02
1.59000,0.515650,0.481298,1.256732e-01,9.122454e-02,9.411707e-01,1.262060e-01,4.601743e-02,-2.128849e-02,2.295713e-02,5.149910e-02
1.59250,0.515419,0.481269,1.258860e-01,9.145446e-02,9.412286e-01,1.262095e-01,4.594209e-02,-2.139996e-02,2.295632e-02,5.151306e-02
1.59500,0.515188,0.481239,1.261005e-01,9.168455e-02,9.412866e-01,1.262131e-01,4.586663e-02,-2.151156e-02,2.295558e-02,5.152700e-02
1.59750,0.514957,0.481210,1.263194e-01,9.191481e-02,9.413446e-01,1.262166e-01,4.579106e-02,-2.162321e-02,2.295491e-02,5.154091e-02
1.60000,0.514725,0.481181,1.265381e-01,9.214524e-02,9.414028e-01,1.262201e-01,4.571538e-02,-2.173489e-02,2.295430e-02,5.155480e-02
1.60250,0.514494,0.481152,1.267568e-01,9.237584e-02,9.414610e-01,1.262237e-01,4.563964e-02,-2.184661e-02,2.295376e-02,5.156866e-02
1.60500,0.514262,0.481124,1.269753e-01,9.260661e-02,9.415194e-01,1.262272e-01,4.556385e-02,-2.195842e-02,2.295329e-02,5.158249e-02
1.60750,0.514029,0.481095,1.271937e-01,9.283755e-02,9.415780e-01,1.262308e-01,4.548804e-02,-2.207047e-02,2.295290e-02,5.159630e-02
1.61000,0.513797,0.481066,1.274120e-01,9.306865e-02,9.416367e-01,1.262343e-01,4.541226e-02,-2.218287e-02,2.295258e-02,5.161008e-02
1.61250,0.513564,0.481038,1.276302e-01,9.329993e-02,9.416955e-01,1.262379e-01,4.533651e-02,-2.229565e-02,2.295234e-02,5.162384e-02
1.61500,0.513331,0.481010,1.278483e-01,9.353138e-02,9.417544e-01,1.262414e-01,4.526077e-02,-2.240886e-02,2.295219e-02,5.163757e-02
1.61750,0.513098,0.480981,1.280663e-01,9.376299e-02,9.418135e-01,1.262450e-01,4.518500e-02,-2.252249e-02,2.295213e-02,5.165127e-02
1.62000,0.512865,0.480953,1.282842e-01,9.399477e-02,9.418726e-01,1.262486e-01,4.510914e-02,-2.263640e-02,2.295215e-02,5.166494e-02
1.62250,0.512631,0.480925,1.285020e-01,9.422672e-02,9.419318e-01,1.262521e-01,4.503318e-02,-2.275039e-02,2.295225e-02,5.167859e-02
1.62500,0.512398,0.480897,1.287197e-01,9.445884e-02,9.419910e-01,1.262557e-01,4.495707e-02,-2.286433e-02,2.295242e-02,5.169221e-02
1.62750,0.512164,0.480870,1.289372e-01,9.469112e-02,9.420502e-01,1.262593e-01,4.488082e-02,-2.297822e-02,2.295266e-02,5.170581e-02
1.63000,0.511930,0.480842,1.291547e-01,9.492357e-02,9.421094e-01,1.262629e-01,4.480442e-02,-2.309210e-02,2.295297e-02,5.171937e-02
1.63250,0.511695,0.480815,1.293721e-01,9.515619e-02,9.421685e-01,1.262665e-01,4.472792e-02,-2.320607e-02,2.295335e-02,5.173291e-02
1.63500,0.511460,0.480787,1.295893e-01,9.538898e-02,9.422274e-01,1.262700e-01,4.465136e-02,-2.332012e-02,2.295379e-02,5.174642e-02
1.63750,0.511226,0.480760,1.298064e-01,9.562193e-02,9.422862e-01,1.262736e-01,4.457473e-02,-2.343425e-02,2.295431e-02,5.175990e-02
1.64000,0.510991,0.480733,1.300235e-01,9.585505e-02,9.423447e-01,1.262772e-01,4.449803e-02,-2.354851e-02,2.295489e-02,5.177336e-02
1.64250,0.510755,0.480706,1.302404e-01,9.608834e-02,9.424029e-01,1.262808e-01,4.442126e-02,-2.366286e-02,2.295555e-02,5.178678e-02
1.64500,0.510520,0.480679,1.304572e-01,9.632179e-02,9.424609e-01,1.262844e-01,4.434446e-02,-2.377726e-02,2.295628e-02,5.180018e-02
1.64750,0.510284,0.480652,1.306740e-01,9.655540e-02,9.425185e-01,1.262880e-01,4.426765e-02,-2.389156e-02,2.295708e-02,5.181355e-02
1.65000,0.510048,0.480625,1.308906e-01,9.678919e-02,9.425758e-01,1.262916e-01,4.419083e-02,-2.400575e-02,2.295794e-02,5.182689e-02
1.65250,0.509812,0.480599,1.311071e-01,9.702313e-02,9.426327e-01,1.262952e-01,4.411401e-02,-2.411970e-02,2.295886e-02,5.184021e-02
1.65500,0.509576,0.480572,1.313235e-01,9.725725e-02,9.426893e-01,1.262988e-01,4.403718e-02,-2.423320e-02,2.295983e-02,5.185349e-02
1.65750,0.509339,0.480546,1.315398e-01,9.749153e-02,9.427455e-01,1.263024e-01,4.396037e-02,-2.434623e-02,2.296085e-02,5.186675e-02
1.66000,0.509102,0.480520,1.317561e-01,9.772597e-02,9.428014e-01,1.263061e-01,4.388356e-02,-2.445874e-02,2.296190e-02,5.187998e-02
1.66250,0.508865,0.480494,1.319722e-01,9.796058e-02,9.428570e-01,1.263097e-01,4.380673e-02,-2.457066e-02,2.296300e-02,5.189319e-02
1.66500,0.508628,0.480468,1.321882e-01,9.819535e-02,9.429123e-01,1.263133e-01,4.372985e-02,-2.468207e-02,2.296413e-02,5.190636e-02
1.66750,0.508391,0.480442,1.324041e-01,9.843028e-02,9.429673e-01,1.263169e-01,4.365297e-02,-2.479298e-02,2.296530e-02,5.191951e-02
1.67000,0.508153,0.480416,1.326199e-01,9.866538e-02,9.430220e-01,1.263205e-01,4.357615e-02,-2.490348e-02,2.296650e-02,5.193263e-02
1.67250,0.507915,0.480390,1.328356e-01,9.890065e-02,9.430765e-01,1.263242e-01,4.349938e-02,-2.501355e-02,2.296774e-02,5.194572e-02
1.67500,0.507677,0.480365,1.330512e-01,9.913607e-02,9.431307e-01,1.263278e-01,4.342265e-02,-2.512310e-02,2.296901e-02,5.195879e-02
1.67750,0.507439,0.480340,1.332716e-01,9.937166e-02,9.431847e-01,1.263314e-01,4.334602e-02,-2.523216e-02,2.297032e-02,5.197183e-02
1.68000,0.507200,0.480314,1.334935e-01,9.960742e-02,9.432385e-01,1.263350e-01,4.326945e-02,-2.534080e-02,2.297168e-02,5.198484e-02
1.68250,0.506961,0.480289,1.337154e-01,9.984333e-02,9.432921e-01,1.263387e-01,4.319295e-02,-2.544908e-02,2.297307e-02,5.199782e-02
1.68500,0.506723,0.480264,1.339372e-01,1.000794e-01,9.433455e-01,1.263423e-01,4.311652e-02,-2.555699e-02,2.297451e-02,5.201078e-02
1.68750,0.506483,0.480240,1.341588e-01,1.003157e-01,9.433987e-01,1.263460e-01,4.304014e-02,-2.566454e-02,2.297599e-02,5.202372e-02
1.69000,0.506244,0.480215,1.343804e-01,1.005521e-01,9.434519e-01,1.263496e-01,4.296376e-02,-2.577163e-02,2.297751e-02,5.203662e-02
1.69250,0.506005,0.480190,1.346019e-01,1.007886e-01,9.435049e-01,1.263532e-01,4.288738e-02,-2.587826e-02,2.297907e-02,5.204950e-02
1.69500,0.505765,0.480166,1.348232e-01,1.010254e-01,9.435578e-01,1.263569e-01,4.281098e-02,-2.598462e-02,2.298066e-02,5.206235e-02
1.69750,0.505525,0.480142,1.350445e-01,1.012622e-01,9.436107e-01,1.263605e-01,4.273456e-02,-2.609086e-02,2.298230e-02,5.207518e-02
1.70000,0.505285,0.480118,1.352657e-01,1.014993e-01,9.436636e-01,1.263642e-01,4.265809e-02,-2.619709e-02,2.298398e-02,5.208798e-02
1.70250,0.505044,0.480093,1.354867e-01,1.017365e-01,9.437164e-01,1.263678e-01,4.258158e-02,-2.630339e-02,2.298570e-02,5.210076e-02
1.70500,0.504804,0.480070,1.357077e-01,1.019739e-01,9.437691e-01,1.263715e-01,4.250502e-02,-2.640979e-02,2.298746e-02,5.211350e-02
1.70750,0.504563,0.480046,1.359286e-01,1.022114e-01,9.438217e-01,1.263751e-01,4.242843e-02,-2.651633e-02,2.298926e-02,5.212623e-02
1.71000,0.504322,0.480022,1.361504e-01,1.024491e-01,9.438743e-01,1.263788e-01,4.235183e-02,-2.662303e-02,2.299112e-02,5.213893e-02
1.71250,0.504081,0.479999,1.363777e-01,1.026870e-01,9.439268e-01,1.263824e-01,4.227524e-02,-2.672988e-02,2.299303e-02,5.215160e-02
1.71500,0.503839,0.479975,1.366048e-01,1.029250e-01,9.439792e-01,1.263861e-01,4.219867e-02,-2.683684e-02,2.299499e-02,5.216425e-02
1.71750,0.503598,0.479952,1.368319e-01,1.031632e-01,9.440314e-01,1.263898e-01,4.212211e-02,-2.694392e-02,2.299700e-02,5.217687e-02
1.72000,0.503356,0.479929,1.370588e-01,1.034015e-01,9.440834e-01,1.263934e-01,4.204555e-02,-2.705120e-02,2.299908e-02,5.218946e-02
1.72250,0.503114,0.479906,1.372857e-01,1.036400e-01,9.441353e-01,1.263971e-01,4.196900e-02,-2.715865e-02,2.300122e-02,5.220204e-02
1.72500,0.502872,0.479883,1.375124e-01,1.038786e-01,9.441869e-01,1.264007e-01,4.189246e-02,-2.726626e-02,2.300341e-02,5.221458e-02
1.72750,0.502629,0.479861,1.377391e-01,1.041175e-01,9.442383e-01,1.264044e-01,4.181593e-02,-2.737402e-02,2.300566e-02,5.222710e-02
1.73000,0.502387,0.479838,1.379656e-01,1.043564e-01,9.442893e-01,1.264081e-01,4.173939e-02,-2.748196e-02,2.300796e-02,5.223960e-02
1.73250,0.502144,0.479816,1.381921e-01,1.045956e-01,9.443400e-01,1.264117e-01,4.166276e-02,-2.759009e-02,2.301032e-02,5.225207e-02
1.73500,0.501901,0.479793,1.384184e-01,1.048349e-01,9.443902e-01,1.264154e-01,4.158598e-02,-2.769836e-02,2.301273e-02,5.226451e-02
1.73750,0.501657,0.479771,1.386446e-01,1.050743e-01,9.444401e-01,1.264191e-01,4.150905e-02,-2.780674e-02,2.301520e-02,5.227693e-02
1.74000,0.501414,0.479749,1.388708e-01,1.053139e-01,9.444894e-01,1.264227e-01,4.143198e-02,-2.791518e-02,2.301772e-02,5.228933e-02
1.74250,0.501170,0.479727,1.390968e-01,1.055537e-01,9.445383e-01,1.264264e-01,4.135475e-02,-2.802364e-02,2.302029e-02,5.230170e-02
1.74500,0.500927,0.479706,1.393228e-01,1.057936e-01,9.445868e-01,1.264301e-01,4.127735e-02,-2.813201e-02,2.302293e-02,5.231404e-02
1.74750,0.500683,0.479684,1.395487e-01,1.060337e-01,9.446348e-01,1.264337e-01,4.119984e-02,-2.824034e-02,2.302564e-02,5.232636e-02
1.75000,0.500438,0.479663,1.397744e-01,1.062739e-01,9.446824e-01,1.264374e-01,4.112232e-02,-2.834887e-02,2.302842e-02,5.233865e-02
1.75250,0.500194,0.479641,1.400001e-01,1.065143e-01,9.447296e-01,1.264411e-01,4.104489e-02,-2.845779e-02,2.303130e-02,5.235092e-02
1.75500,0.499949,0.479620,1.402256e-01,1.067549e-01,9.447763e-01,1.264448e-01,4.096759e-02,-2.856713e-02,2.303427e-02,5.236315e-02
1.75750,0.499704,0.479599,1.404511e-01,1.069956e-01,9.448228e-01,1.264484e-01,4.089036e-02,-2.867679e-02,2.303734e-02,5.237537e-02
1.76000,0.499459,0.479579,1.406764e-01,1.072365e-01,9.448689e-01,1.264521e-01,4.081315e-02,-2.878673e-02,2.304050e-02,5.238755e-02
1.76250,0.499214,0.479558,1.409017e-01,1.074775e-01,9.449147e-01,1.264558e-01,4.073591e-02,-2.889688e-02,2.304375e-02,5.239971e-02
1.76500,0.498969,0.479537,1.411269e-01,1.077187e-01,9.449602e-01,1.264595e-01,4.065859e-02,-2.900708e-02,2.304709e-02,5.241184e-02
1.76750,0.498723,0.479517,1.413520e-01,1.079600e-01,9.450055e-01,1.264631e-01,4.058112e-02,-2.911727e-02,2.305051e-02,5.242394e-02
1.77000,0.498477,0.479497,1.415769e-01,1.082015e-01,9.450505e-01,1.264668e-01,4.050344e-02,-2.922739e-02,2.305401e-02,5.243602e-02
1.77250,0.498231,0.479476,1.418018e-01,1.084431e-01,9.450953e-01,1.264705e-01,4.042556e-02,-2.933757e-02,2.305759e-02,5.244806e-02
1.77500,0.497985,0.479457,1.420266e-01,1.086849e-01,9.451400e-01,1.264742e-01,4.034751e-02,-2.944798e-02,2.306125e-02,5.246008e-02
1.77750,0.497738,0.479437,1.422513e-01,1.089269e-01,9.451844e-01,1.264778e-01,4.026929e-02,-2.955868e-02,2.306501e-02,5.247207e-02
1.78000,0.497492,0.479417,1.424759e-01,1.091690e-01,9.452287e-01,1.264815e-01,4.019088e-02,-2.966982e-02,2.306885e-02,5.248403e-02
1.78250,0.497245,0.479398,1.427003e-01,1.094113e-01,9.452729e-01,1.264852e-01,4.011232e-02,-2.978140e-02,2.307278e-02,5.249597e-02
1.78500,0.496998,0.479378,1.429247e-01,1.096537e-01,9.453170e-01,1.264889e-01,4.003359e-02,-2.989322e-02,2.307680e-02,5.250787e-02
1.78750,0.496751,0.479359,1.431490e-01,1.098963e-01,9.453611e-01,1.264926e-01,3.995472e-02,-3.000513e-02,2.308090e-02,5.251974e-02
1.79000,0.496503,0.479340,1.433732e-01,1.101390e-01,9.454051e-01,1.264962e-01,3.987573e-02,-3.011694e-02,2.308507e-02,5.253159e-02
1.79250,0.496256,0.479321,1.435973e-01,1.103819e-01,9.454491e-01,1.264999e-01,3.979671e-02,-3.022874e-02,2.308932e-02,5.254341e-02
1.79500,0.496008,0.479302,1.438214e-01,1.106250e-01,9.454931e-01,1.265036e-01,3.971765e-02,-3.034062e-02,2.309366e-02,5.255520e-02
1.79750,0.495760,0.479284,1.440453e-01,1.108682e-01,9.455370e-01,1.265073e-01,3.963857e-02,-3.045253e-02,2.309808e-02,5.256695e-02
1.80000,0.495512,0.479265,1.442691e-01,1.111115e-01,9.455810e-01,1.265109e-01,3.955953e-02,-3.056460e-02,2.310259e-02,5.257868e-02
1.80250,0.495263,0.479247,1.444928e-01,1.113550e-01,9.456248e-01,1.265146e-01,3.948048e-02,-3.067688e-02,2.310718e-02,5.259038e-02
1.80500,0.495015,0.479229,1.447164e-01,1.115987e-01,9.456687e-01,1.265183e-01,3.940139e-02,-3.078937e-02,2.311187e-02,5.260205e-02
1.80750,0.494766,0.479211,1.449400e-01,1.118425e-01,9.457124e-01,1.265220e-01,3.932220e-02,-3.090199e-02,2.311663e-02,5.261369e-02
1.81000,0.494517,0.479193,1.451634e-01,1.120864e-01,9.457560e-01,1.265256e-01,3.924292e-02,-3.101474e-02,2.312147e-02,5.262530e-02
1.81250,0.494268,0.479175,1.453867e-01,1.123305e-01,9.457994e-01,1.265293e-01,3.916350e-02,-3.112737e-02,2.312638e-02,5.263687e-02
1.81500,0.494019,0.479158,1.456100e-01,1.125748e-01,9.458427e-01,1.265330e-01,3.908393e-02,-3.123968e-02,2.313135e-02,5.264842e-02
1.81750,0.493769,0.479140,1.458331e-01,1.128192e-01,9.458858e-01,1.265367e-01,3.900421e-02,-3.135160e-02,2.313636e-02,5.265994e-02
1.82000,0.493519,0.479123,1.460562e-01,1.130638e-01,9.459286e-01,1.265403e-01,3.892434e-02,-3.146298e-02,2.314141e-02,5.267143e-02
1.82250,0.493270,0.479106,1.462791e-01,1.133085e-01,9.459712e-01,1.265440e-01,3.884437e-02,-3.157372e-02,2.314649e-02,5.268289e-02
1.82500,0.493019,0.479089,1.465020e-01,1.135534e-01,9.460133e-01,1.265477e-01,3.876436e-02,-3.168392e-02,2.315159e-02,5.269432e-02
1.82750,0.492769,0.479072,1.467248e-01,1.137984e-01,9.460551e-01,1.265513e-01,3.868435e-02,-3.179362e-02,2.315672e-02,5.270572e-02
1.83000,0.492519,0.479056,1.469474e-01,1.140436e-01,9.460965e-01,1.265550e-01,3.860432e-02,-3.190285e-02,2.316188e-02,5.271709e-02
1.83250,0.492268,0.479039,1.471700e-01,1.142889e-01,9.461373e-01,1.265587e-01,3.852431e-02,-3.201178e-02,2.316708e-02,5.272843e-02
1.83500,0.492017,0.479023,1.473925e-01,1.145344e-01,9.461777e-01,1.265624e-01,3.844437e-02,-3.212041e-02,2.317232e-02,5.273974e-02
1.83750,0.491766,0.479007,1.476149e-01,1.147800e-01,9.462176e-01,1.265660e-01,3.836453e-02,-3.222873e-02,2.317752e-02,5.275103e-02
1.84000,0.491515,0.478991,1.478372e-01,1.150258e-01,9.462570e-01,1.265697e-01,3.828478e-02,-3.233658e-02,2.318289e-02,5.276228e-02
1.84250,0.491264,0.478975,1.480595e-01,1.152718e-01,9.462959e-01,1.265734e-01,3.820509e-02,-3.244395e-02,2.318825e-02,5.277351e-02
1.84500,0.491012,0.478960,1.482882e-01,1.155178e-01,9.463344e-01,1.265770e-01,3.812542e-02,-3.255090e-02,2.319363e-02,5.278471e-02
1.84750,0.490760,0.478944,1.485169e-01,1.157641e-01,9.463724e-01,1.265807e-01,3.804577e-02,-3.265746e-02,2.319903e-02,5.279588e-02
1.85000,0.490508,0.478929,1.487455e-01,1.160105e-01,9.464099e-01,1.265844e-01,3.796614e-02,-3.276373e-02,2.320446e-02,5.280702e-02
1.85250,0.490256,0.478914,1.489740e-01,1.162570e-01,9.464471e-01,1.265880e-01,3.788655e-02,-3.286978e-02,2.320991e-02,5.281814e-02
1.85500,0.490004,0.478899,1.492024e-01,1.165037e-01,9.464838e-01,1.265917e-01,3.780694e-02,-3.297567e-02,2.321540e-02,5.282923e-02
1.85750,0.489751,0.478884,1.494307e-01,1.167505e-01,9.465202e-01,1.265953e-01,3.772729e-02,-3.308147e-02,2.322093e-02,5.284029e-02
1.86000,0.489499,0.478870,1.496589e-01,1.169975e-01,9.465563e-01,1.265990e-01,3.764758e-02,-3.318724e-02,2.322649e-02,5.285132e-02
1.86250,0.489246,0.478855,1.498870e-01,1.172446e-01,9.465920e-01,1.266027e-01,3.756777e-02,-3.329310e-02,2.323209e-02,5.286233e-02
1.86500,0.488993,0.478841,1.501150e-01,1.174919e-01,9.466275e-01,1.266063e-01,3.748783e-02,-3.339906e-02,2.323774e-02,5.287331e-02
1.86750,0.488739,0.478827,1.503430e-01,1.177393e-01,9.466626e-01,1.266100e-01,3.740781e-02,-3.350530e-02,2.324343e-02,5.288426e-02
1.87000,0.488486,0.478813,1.505708e-01,1.179869e-01,9.466975e-01,1.266136e-01,3.732774e-02,-3.361187e-02,2.324919e-02,5.289519e-02
1.87250,0.488232,0.478799,1.507985e-01,1.182346e-01,9.467321e-01,1.266173e-01,3.724764e-02,-3.371870e-02,2.325501e-02,5.290609e-02
1.87500,0.487979,0.478786,1.510262e-01,1.184825e-01,9.467665e-01,1.266209e-01,3.716746e-02,-3.382561e-02,2.326089e-02,5.291696e-02
1.87750,0.487725,0.478772,1.512538e-01,1.187305e-01,9.468006e-01,1.266246e-01,3.708723e-02,-3.393260e-02,2.326682e-02,5.292781e-02
1.88000,0.487470,0.478759,1.514812e-01,1.189787e-01,9.468344e-01,1.266282e-01,3.700695e-02,-3.403968e-02,2.327282e-02,5.293863e-02
1.88250,0.487216,0.478746,1.517086e-01,1.192270e-01,9.468680e-01,1.266319e-01,3.692660e-02,-3.414674e-02,2.327888e-02,5.294943e-02
1.88500,0.486962,0.478733,1.519359e-01,1.194755e-01,9.469015e-01,1.266355e-01,3.684617e-02,-3.425372e-02,2.328499e-02,5.296019e-02
1.88750,0.486707,0.478720,1.521631e-01,1.197241e-01,9.469347e-01,1.266392e-01,3.676568e-02,-3.436060e-02,2.329115e-02,5.297093e-02
1.89000,0.486452,0.478708,1.523902e-01,1.199728e-01,9.469678e-01,1.266428e-01,3.668514e-02,-3.446733e-02,2.329738e-02,5.298165e-02
1.89250,0.486197,0.478695,1.526172e-01,1.202217e-01,9.470007e-01,1.266465e-01,3.660452e-02,-3.457391e-02,2.330365e-02,5.299234e-02
1.89500,0.485942,0.478683,1.528441e-01,1.204708e-01,9.470334e-01,1.266501e-01,3.652385e-02,-3.468018e-02,2.330999e-02,5.300300e-02
1.89750,0.485686,0.478671,1.530710e-01,1.207200e-01,9.470659e-01,1.266537e-01,3.644312e-02,-3.478608e-02,2.331637e-02,5.301363e-02
1.90000,0.485431,0.478659,1.532977e-01,1.209693e-01,9.470982e-01,1.266574e-01,3.636228e-02,-3.489152e-02,2.332281e-02,5.302424e-02
1.90250,0.485175,0.478647,1.535244e-01,1.212188e-01,9.471303e-01,1.266610e-01,3.628131e-02,-3.499657e-02,2.332931e-02,5.303482e-02
1.90500,0.484919,0.478636,1.537510e-01,1.214684e-01,9.471621e-01,1.266646e-01,3.620026e-02,-3.510129e-02,2.333586e-02,5.304537e-02
1.90750,0.484663,0.478624,1.539774e-01,1.217182e-01,9.471937e-01,1.266683e-01,3.611916e-02,-3.520593e-02,2.334250e-02,5.305589e-02
1.91000,0.484407,0.478613,1.542038e-01,1.219681e-01,9.472250e-01,1.266719e-01,3.603804e-02,-3.531079e-02,2.334922e-02,5.306639e-02
1.91250,0.484150,0.478602,1.544301e-01,1.222182e-01,9.472561e-01,1.266755e-01,3.595693e-02,-3.541591e-02,2.335605e-02,5.307686e-02
1.91500,0.483894,0.478591,1.546563e-01,1.224684e-01,9.472868e-01,1.266791e-01,3.587583e-02,-3.552130e-02,2.336297e-02,5.308729e-02
1.91750,0.483637,0.478581,1.548825e-01,1.227188e-01,9.473171e-01,1.266828e-01,3.579473e-02,-3.562698e-02,2.336999e-02,5.309770e-02
1.92000,0.483380,0.478570,1.551085e-01,1.229693e-01,9.473470e-01,1.266864e-01,3.571360e-02,-3.573288e-02,2.337712e-02,5.310808e-02
1.92250,0.483123,0.478560,1.553344e-01,1.232199e-01,9.473765e-01,1.266900e-01,3.563241e-02,-3.583882e-02,2.338434e-02,5.311844e-02
1.92500,0.482865,0.478550,1.555603e-01,1.234707e-01,9.474054e-01,1.266936e-01,3.555112e-02,-3.594466e-02,2.339164e-02,5.312876e-02
1.92750,0.482608,0.478540,1.557861e-01,1.237217e-01,9.474338e-01,1.266972e-01,3.546969e-02,-3.605040e-02,2.339903e-02,5.313905e-02
1.93000,0.482350,0.478530,1.560117e-01,1.239728e-01,9.474617e-01,1.267008e-01,3.538812e-02,-3.615625e-02,2.340650e-02,5.314931e-02
1.93250,0.482092,0.478521,1.562373e-01,1.242240e-01,9.474890e-01,1.267044e-01,3.530643e-02,-3.626232e-02,2.341407e-02,5.315954e-02
1.93500,0.481834,0.478511,1.564628e-01,1.244753e-01,9.475157e-01,1.267081e-01,3.522458e-02,-3.636870e-02,2.342175e-02,5.316974e-02
1.93750,0.481576,0.478502,1.566882e-01,1.247269e-01,9.475418e-01,1.267117e-01,3.514259e-02,-3.647552e-02,2.342953e-02,5.317991e-02
1.94000,0.481318,0.478493,1.569136e-01,1.249785e-01,9.475674e-01,1.267153e-01,3.506045e-02,-3.658279e-02,2.343742e-02,5.319005e-02
1.94250,0.481059,0.478484,1.571388e-01,1.252303e-01,9.475924e-01,1.267189e-01,3.497815e-02,-3.669035e-02,2.344542e-02,5.320016e-02
1.94500,0.480800,0.478476,1.573640e-01,1.254822e-01,9.476169e-01,1.267224e-01,3.489571e-02,-3.679816e-02,2.345352e-02,5.321023e-02
1.94750,0.480541,0.478467,1.575890e-01,1.257343e-01,9.476408e-01,1.267260e-01,3.481315e-02,-3.690610e-02,2.346171e-02,5.322028e-02
1.95000,0.480282,0.478459,1.578140e-01,1.259865e-01,9.476644e-01,1.267296e-01,3.473048e-02,-3.701424e-02,2.346999e-02,5.323029e-02
1.95250,0.480023,0.478451,1.580389e-01,1.262389e-01,9.476874e-01,1.267332e-01,3.464773e-02,-3.712256e-02,2.347836e-02,5.324027e-02
1.95500,0.479764,0.478443,1.582637e-01,1.264914e-01,9.477101e-01,1.267368e-01,3.456492e-02,-3.723102e-02,2.348683e-02,5.325022e-02
1.95750,0.479504,0.478435,1.584885e-01,1.267441e-01,9.477324e-01,1.267404e-01,3.448204e-02,-3.733962e-02,2.349539e-02,5.326014e-02
1.96000,0.479245,0.478428,1.587131e-01,1.269969e-01,9.477543e-01,1.267440e-01,3.439903e-02,-3.744844e-02,2.350404e-02,5.327002e-02
1.96250,0.478985,0.478420,1.589376e-01,1.272498e-01,9.477759e-01,1.267475e-01,3.431589e-02,-3.755734e-02,2.351277e-02,5.327988e-02
1.96500,0.478725,0.478413,1.591621e-01,1.275029e-01,9.477971e-01,1.267511e-01,3.423261e-02,-3.766634e-02,2.352158e-02,5.328970e-02
1.96750,0.478464,0.478406,1.593865e-01,1.277561e-01,9.478181e-01,1.267547e-01,3.414919e-02,-3.777560e-02,2.353047e-02,5.329949e-02
1.97000,0.478204,0.478399,1.596108e-01,1.280094e-01,9.478388e-01,1.267583e-01,3.406563e-02,-3.788526e-02,2.353945e-02,5.330925e-02
1.97250,0.477943,0.478393,1.598380e-01,1.282629e-01,9.478593e-01,1.267618e-01,3.398194e-02,-3.799510e-02,2.354851e-02,5.331897e-02
1.97500,0.477683,0.478386,1.600688e-01,1.285166e-01,9.478795e-01,1.267654e-01,3.389809e-02,-3.810477e-02,2.355762e-02,5.332867e-02
1.97750,0.477422,0.478380,1.602996e-01,1.287703e-01,9.478995e-01,1.267689e-01,3.381410e-02,-3.821418e-02,2.356679e-02,5.333833e-02
1.98000,0.477161,0.478374,1.605303e-01,1.290243e-01,9.479194e-01,1.267725e-01,3.373002e-02,-3.832332e-02,2.357599e-02,5.334796e-02
1.98250,0.476899,0.478368,1.607609e-01,1.292783e-01,9.479390e-01,1.267761e-01,3.364586e-02,-3.843222e-02,2.358524e-02,5.335756e-02
1.98500,0.476638,0.478363,1.609914e-01,1.295325e-01,9.479586e-01,1.267796e-01,3.356162e-02,-3.854098e-02,2.359452e-02,5.336713e-02
1.98750,0.476377,0.478357,1.612218e-01,1.297869e-01,9.479780e-01,1.267831e-01,3.347731e-02,-3.864967e-02,2.360384e-02,5.337666e-02
1.99000,0.476115,0.478352,1.614522e-01,1.300413e-01,9.479973e-01,1.267867e-01,3.339293e-02,-3.875829e-02,2.361319e-02,5.338617e-02
1.99250,0.475853,0.478347,1.616824e-01,1.302959e-01,9.480165e-01,1.267902e-01,3.330850e-02,-3.886689e-02,2.362258e-02,5.339565e-02
1.99500,0.475591,0.478342,1.619126e-01,1.305507e-01,9.480356e-01,1.267938e-01,3.322401e-02,-3.897541e-02,2.363201e-02,5.340509e-02
1.99750,0.475329,0.478338,1.621427e-01,1.308056e-01,9.480545e-01,1.267973e-01,3.313947e-02,-3.908390e-02,2.364147e-02,5.341451e-02
2.00000,0.475066,0.478333,1.623727e-01,1.310606e-01,9.480733e-01,1.268008e-01,3.305490e-02,-3.919227e-02,2.365096e-02,5.342390e-02
2.00250,0.474804,0.478329,1.626026e-01,1.313158e-01,9.480920e-01,1.268044e-01,3.297033e-02,-3.930035e-02,2.366047e-02,5.343325e-02
2.00500,0.474541,0.478325,1.628325e-01,1.315711e-01,9.481106e-01,1.268079e-01,3.288572e-02,-3.940803e-02,2.367000e-02,5.344258e-02
2.00750,0.474278,0.478321,1.630622e-01,1.318265e-01,9.481289e-01,1.268114e-01,3.280107e-02,-3.951540e-02,2.367955e-02,5.345188e-02
2.01000,0.474015,0.478317,1.632919e-01,1.320821e-01,9.481471e-01,1.268149e-01,3.271640e-02,-3.962260e-02,2.368912e-02,5.346115e-02
2.01250,0.473752,0.478314,1.635215e-01,1.323378e-01,9.481651e-01,1.268184e-01,3.263171e-02,-3.972958e-02,2.369872e-02,5.347040e-02
2.01500,0.473489,0.478311,1.637510e-01,1.325937e-01,9.481828e-01,1.268220e-01,3.254699e-02,-3.983626e-02,2.370835e-02,5.347961e-02
2.01750,0.473225,0.478307,1.639804e-01,1.328497e-01,9.482002e-01,1.268255e-01,3.246223e-02,-3.994267e-02,2.371800e-02,5.348880e-02
2.02000,0.472962,0.478305,1.642098e-01,1.331058e-01,9.482173e-01,1.268290e-01,3.237741e-02,-4.004886e-02,2.372769e-02,5.349795e-02
2.02250,0.472698,0.478302,1.644391e-01,1.333621e-01,9.482341e-01,1.268325e-01,3.229256e-02,-4.015489e-02,2.373744e-02,5.350708e-02
2.02500,0.472434,0.478299,1.646682e-01,1.336185e-01,9.482504e-01,1.268360e-01,3.220768e-02,-4.026067e-02,2.374724e-02,5.351619e-02
2.02750,0.472170,0.478297,1.648973e-01,1.338750e-01,9.482663e-01,1.268395e-01,3.212277e-02,-4.036604e-02,2.375709e-02,5.352526e-02
2.03000,0.471906,0.478295,1.651264e-01,1.341317e-01,9.482817e-01,1.268429e-01,3.203780e-02,-4.047077e-02,2.376700e-02,5.353430e-02
2.03250,0.471641,0.478293,1.653553e-01,1.343885e-01,9.482966e-01,1.268464e-01,3.195278e-02,-4.057486e-02,2.377694e-02,5.354332e-02
2.03500,0.471377,0.478292,1.655841e-01,1.346455e-01,9.483110e-01,1.268499e-01,3.186767e-02,-4.067829e-02,2.378693e-02,5.355231e-02
2.03750,0.471112,0.478290,1.658129e-01,1.349026e-01,9.483248e-01,1.268534e-01,3.178249e-02,-4.078120e-02,2.379695e-02,5.356127e-02
2.04000,0.470847,0.478289,1.660416e-01,1.351598e-01,9.483380e-01,1.268569e-01,3.169725e-02,-4.088368e-02,2.380702e-02,5.357020e-02
2.04250,0.470582,0.478288,1.662702e-01,1.354171e-01,9.483508e-01,1.268603e-01,3.161197e-02,-4.098579e-02,2.381714e-02,5.357910e-02
2.04500,0.470317,0.478287,1.664988e-01,1.356746e-01,9.483630e-01,1.268638e-01,3.152669e-02,-4.108752e-02,2.382731e-02,5.358797e-02
2.04750,0.470051,0.478286,1.667272e-01,1.359323e-01,9.483747e-01,1.268673e-01,3.144140e-02,-4.118882e-02,2.383751e-02,5.359682e-02
2.05000,0.469786,0.478286,1.669556e-01,1.361900e-01,9.483859e-01,1.268707e-01,3.135610e-02,-4.128960e-02,2.384776e-02,5.360563e-02
2.05250,0.469520,0.478286,1.671839e-01,1.364479e-01,9.483967e-01,1.268742e-01,3.127079e-02,-4.138977e-02,2.385804e-02,5.361442e-02
2.05500,0.469254,0.478286,1.674121e-01,1.367059e-01,9.484071e-01,1.268776e-01,3.118547e-02,-4.148942e-02,2.386837e-02,5.362318e-02
2.05750,0.468988,0.478286,1.676402e-01,1.369641e-01,9.484171e-01,1.268811e-01,3.110017e-02,-4.158879e-02,2.387877e-02,5.363191e-02
2.06000,0.468722,0.478286,1.678682e-01,1.372224e-01,9.484267e-01,1.268845e-01,3.101491e-02,-4.168813e-02,2.388924e-02,5.364060e-02
2.06250,0.468456,0.478287,1.680962e-01,1.374808e-01,9.484360e-01,1.268880e-01,3.092966e-02,-4.178758e-02,2.389980e-02,5.364927e-02
2.06500,0.468190,0.478288,1.683241e-01,1.377394e-01,9.484450e-01,1.268914e-01,3.084440e-02,-4.188725e-02,2.391045e-02,5.365791e-02
2.06750,0.467923,0.478289,1.685519e-01,1.379981e-01,9.484536e-01,1.268948e-01,3.075914e-02,-4.198719e-02,2.392121e-02,5.366651e-02
2.07000,0.467656,0.478290,1.687796e-01,1.382569e-01,9.484620e-01,1.268982e-01,3.067385e-02,-4.208742e-02,2.393208e-02,5.367509e-02
2.07250,0.467389,0.478292,1.690073e-01,1.385159e-01,9.484701e-01,1.269017e-01,3.058853e-02,-4.218786e-02,2.394304e-02,5.368363e-02
2.07500,0.467122,0.478293,1.692349e-01,1.387749e-01,9.484779e-01,1.269051e-01,3.050314e-02,-4.228831e-02,2.395410e-02,5.369214e-02
2.07750,0.466855,0.478295,1.694624e-01,1.390342e-01,9.484854e-01,1.269085e-01,3.041765e-02,-4.238868e-02,2.396524e-02,5.370062e-02
2.08000,0.466588,0.478297,1.696898e-01,1.392935e-01,9.484927e-01,1.269119e-01,3.033203e-02,-4.248903e-02,2.397646e-02,5.370907e-02
2.08250,0.466320,0.478299,1.699171e-01,1.395530e-01,9.484997e-01,1.269153e-01,3.024625e-02,-4.258944e-02,2.398777e-02,5.371749e-02
2.08500,0.466053,0.478302,1.701444e-01,1.398126e-01,9.485064e-01,1.269187e-01,3.016034e-02,-4.269002e-02,2.399917e-02,5.372587e-02
2.08750,0.465785,0.478305,1.703716e-01,1.400724e-01,9.485129e-01,1.269221e-01,3.007428e-02,-4.279087e-02,2.401066e-02,5.373422e-02
2.09000,0.465517,0.478308,1.705987e-01,1.403323e-01,9.485192e-01,1.269255e-01,2.998807e-02,-4.289203e-02,2.402226e-02,5.374254e-02
2.09250,0.465249,0.478311,1.708257e-01,1.405923e-01,9.485252e-01,1.269289e-01,2.990170e-02,-4.299353e-02,2.403396e-02,5.375083e-02
2.09500,0.464981,0.478314,1.710527e-01,1.408524e-01,9.485310e-01,1.269323e-01,2.981519e-02,-4.309563e-02,2.404579e-02,5.375908e-02
2.09750,0.464712,0.478318,1.712795e-01,1.411127e-01,9.485366e-01,1.269356e-01,2.972855e-02,-4.319857e-02,2.405774e-02,5.376730e-02
2.10000,0.464444,0.478322,1.715063e-01,1.413731e-01,9.485419e-01,1.269390e-01,2.964174e-02,-4.330229e-02,2.406983e-02,5.377549e-02
2.10250,0.464175,0.478326,1.717331e-01,1.416336e-01,9.485470e-01,1.269424e-01,2.955477e-02,-4.340660e-02,2.408205e-02,5.378364e-02
2.10500,0.463907,0.478330,1.719597e-01,1.418943e-01,9.485519e-01,1.269458e-01,2.946764e-02,-4.351135e-02,2.409439e-02,5.379177e-02
2.10750,0.463638,0.478334,1.721863e-01,1.421551e-01,9.485566e-01,1.269491e-01,2.938038e-02,-4.361646e-02,2.410683e-02,5.379985e-02
2.11000,0.463369,0.478339,1.724128e-01,1.424160e-01,9.485609e-01,1.269525e-01,2.929299e-02,-4.372199e-02,2.411938e-02,5.380791e-02
2.11250,0.463099,0.478344,1.726452e-01,1.426771e-01,9.485650e-01,1.269558e-01,2.920550e-02,-4.382799e-02,2.413203e-02,5.381593e-02
2.11500,0.462830,0.478349,1.728784e-01,1.429383e-01,9.485688e-01,1.269592e-01,2.911789e-02,-4.393448e-02,2.414476e-02,5.382392e-02
2.11750,0.462560,0.478354,1.731116e-01,1.431996e-01,9.485723e-01,1.269625e-01,2.903018e-02,-4.404156e-02,2.415760e-02,5.383187e-02
2.12000,0.462291,0.478360,1.733447e-01,1.434610e-01,9.485754e-01,1.269658e-01,2.894240e-02,-4.414934e-02,2.417024e-02,5.383979e-02
2.12250,0.462021,0.478366,1.735777e-01,1.437226e-01,9.485782e-01,1.269692e-01,2.885453e-02,-4.425779e-02,2.418337e-02,5.384768e-02
2.12500,0.461751,0.478372,1.738106e-01,1.439843e-01,9.485807e-01,1.269725e-01,2.876657e-02,-4.436693e-02,2.419654e-02,5.385553e-02
2.12750,0.461481,0.478378,1.740435e-01,1.442461e-01,9.485827e-01,1.269758e-01,2.867851e-02,-4.447669e-02,2.420980e-02,5.386335e-02
2.13000,0.461211,0.478384,1.742763e-01,1.445081e-01,9.485843e-01,1.269791e-01,2.859030e-02,-4.458690e-02,2.422315e-02,5.387114e-02
2.13250,0.460940,0.478391,1.745091e-01,1.447702e-01,9.485855e-01,1.269824e-01,2.850191e-02,-4.469755e-02,2.423659e-02,5.387889e-02
2.13500,0.460670,0.478398,1.747417e-01,1.450324e-01,9.485861e-01,1.269857e-01,2.841330e-02,-4.480843e-02,2.425011e-02,5.388661e-02
2.13750,0.460399,0.478405,1.749743e-01,1.452947e-01,9.485863e-01,1.269890e-01,2.832447e-02,-4.491930e-02,2.426368e-02,5.389430e-02
2.14000,0.460129,0.478412,1.752068e-01,1.455572e-01,9.485859e-01,1.269923e-01,2.823543e-02,-4.502998e-02,2.427729e-02,5.390195e-02
2.14250,0.459858,0.478420,1.754392e-01,1.458198e-01,9.485850e-01,1.269956e-01,2.814621e-02,-4.514054e-02,2.429094e-02,5.390958e-02
2.14500,0.459587,0.478428,1.756716e-01,1.460825e-01,9.485836e-01,1.269989e-01,2.805681e-02,-4.525076e-02,2.430462e-02,5.391717e-02
2.14750,0.459315,0.478436,1.759039e-01,1.463453e-01,9.485818e-01,1.270022e-01,2.796725e-02,-4.536034e-02,2.431832e-02,5.392473e-02
2.15000,0.459044,0.478444,1.761361e-01,1.466083e-01,9.485794e-01,1.270055e-01,2.787751e-02,-4.546895e-02,2.433203e-02,5.393225e-02
2.15250,0.458773,0.478452,1.763682e-01,1.468714e-01,9.485766e-01,1.270087e-01,2.778763e-02,-4.557648e-02,2.434572e-02,5.393975e-02
2.15500,0.458501,0.478461,1.766003e-01,1.471346e-01,9.485734e-01,1.270120e-01,2.769766e-02,-4.568305e-02,2.435941e-02,5.394722e-02
2.15750,0.458229,0.478470,1.768323e-01,1.473980e-01,9.485698e-01,1.270153e-01,2.760766e-02,-4.578851e-02,2.437309e-02,5.395465e-02
2.16000,0.457958,0.478479,1.770642e-01,1.476614e-01,9.485659e-01,1.270185e-01,2.751767e-02,-4.589289e-02,2.438675e-02,5.396205e-02
2.16250,0.457686,0.478489,1.772961e-01,1.479250e-01,9.485616e-01,1.270218e-01,2.742777e-02,-4.599642e-02,2.440040e-02,5.396942e-02
2.16500,0.457413,0.478498,1.775279e-01,1.481888e-01,9.485570e-01,1.270250e-01,2.733801e-02,-4.609925e-02,2.441407e-02,5.397677e-02
2.16750,0.457141,0.478508,1.777596e-01,1.484526e-01,9.485520e-01,1.270283e-01,2.724838e-02,-4.620144e-02,2.442775e-02,5.398408e-02
2.17000,0.456869,0.478518,1.779912e-01,1.487166e-01,9.485468e-01,1.270315e-01,2.715887e-02,-4.630308e-02,2.444145e-02,5.399135e-02
2.17250,0.456596,0.478528,1.782228e-01,1.489807e-01,9.485413e-01,1.270347e-01,2.706946e-02,-4.640417e-02,2.445517e-02,5.399860e-02
2.17500,0.456324,0.478539,1.784543e-01,1.492449e-01,9.485356e-01,1.270379e-01,2.698013e-02,-4.650461e-02,2.446891e-02,5.400582e-02
2.17750,0.456051,0.478550,1.786857e-01,1.495093e-01,9.485296e-01,1.270412e-01,2.689087e-02,-4.660442e-02,2.448267e-02,5.401301e-02
2.18000,0.455778,0.478561,1.789171e-01,1.497737e-01,9.485235e-01,1.270444e-01,2.680165e-02,-4.670363e-02,2.449646e-02,5.402016e-02
2.18250,0.455505,0.478572,1.791484e-01,1.500383e-01,9.485170e-01,1.270476e-01,2.671248e-02,-4.680228e-02,2.451028e-02,5.402729e-02
2.18500,0.455232,0.478583,1.793796e-01,1.503030e-01,9.485104e-01,1.270508e-01,2.662332e-02,-4.690051e-02,2.452414e-02,5.403438e-02
2.18750,0.454958,0.478595,1.796108e-01,1.505679e-01,9.485035e-01,1.270540e-01,2.653414e-02,-4.699823e-02,2.453804e-02,5.404144e-02
2.19000,0.454685,0.478607,1.798418e-01,1.508328e-01,9.484964e-01,1.270572e-01,2.644489e-02,-4.709534e-02,2.455198e-02,5.404847e-02
2.19250,0.454411,0.478619,1.800729e-01,1.510979e-01,9.484891e-01,1.270603e-01,2.635557e-02,-4.719206e-02,2.456594e-02,5.405547e-02
2.19500,0.454138,0.478632,1.803038e-01,1.513631e-01,9.484816e-01,1.270635e-01,2.626616e-02,-4.728851e-02,2.457994e-02,5.406243e-02
2.19750,0.453864,0.478644,1.805347e-01,1.516285e-01,9.484739e-01,1.270667e-01,2.617662e-02,-4.738472e-02,2.459399e-02,5.406937e-02
2.20000,0.453590,0.478657,1.807655e-01,1.518939e-01,9.484660e-01,1.270699e-01,2.608697e-02,-4.748059e-02,2.460808e-02,5.407627e-02
2.20250,0.453316,0.478670,1.809962e-01,1.521595e-01,9.484579e-01,1.270730e-01,2.599726e-02,-4.757599e-02,2.462222e-02,5.408315e-02
2.20500,0.453042,0.478684,1.812269e-01,1.524252e-01,9.484496e-01,1.270762e-01,2.590751e-02,-4.767081e-02,2.463638e-02,5.408999e-02
2.20750,0.452767,0.478697,1.814575e-01,1.526910e-01,9.484412e-01,1.270793e-01,2.581777e-02,-4.776512e-02,2.465056e-02,5.409680e-02
2.21000,0.452493,0.478711,1.816880e-01,1.529569e-01,9.484326e-01,1.270825e-01,2.572799e-02,-4.785900e-02,2.466476e-02,5.410358e-02
2.21250,0.452218,0.478725,1.819185e-01,1.532230e-01,9.484237e-01,1.270856e-01,2.563821e-02,-4.795260e-02,2.467899e-02,5.411032e-02
2.21500,0.451943,0.478739,1.821489e-01,1.534892e-01,9.484147e-01,1.270887e-01,2.554846e-02,-4.804620e-02,2.469328e-02,5.411704e-02
2.21750,0.451669,0.478754,1.823793e-01,1.537555e-01,9.484054e-01,1.270919e-01,2.545875e-02,-4.814012e-02,2.470764e-02,5.412372e-02
2.22000,0.451394,0.478769,1.826095e-01,1.540219e-01,9.483958e-01,1.270950e-01,2.536906e-02,-4.823442e-02,2.472208e-02,5.413037e-02
2.22250,0.451119,0.478784,1.828397e-01,1.542884e-01,9.483860e-01,1.270981e-01,2.527937e-02,-4.832916e-02,2.473663e-02,5.413699e-02
2.22500,0.450843,0.478799,1.830699e-01,1.545551e-01,9.483760e-01,1.271012e-01,2.518969e-02,-4.842423e-02,2.475127e-02,5.414358e-02
2.22750,0.450568,0.478815,1.832999e-01,1.548219e-01,9.483656e-01,1.271043e-01,2.510000e-02,-4.851958e-02,2.476601e-02,5.415014e-02
2.23000,0.450292,0.478830,1.835299e-01,1.550888e-01,9.483550e-01,1.271074e-01,2.501031e-02,-4.861530e-02,2.478084e-02,5.415666e-02
2.23250,0.450017,0.478846,1.837599e-01,1.553558e-01,9.483440e-01,1.271105e-01,2.492062e-02,-4.871159e-02,2.479578e-02,5.416315e-02
2.23500,0.449741,0.478863,1.839898e-01,1.556229e-01,9.483326e-01,1.271136e-01,2.483093e-02,-4.880863e-02,2.481083e-02,5.416960e-02
2.23750,0.449465,0.478879,1.842196e-01,1.558902e-01,9.483208e-01,1.271167e-01,2.474121e-02,-4.890646e-02,2.482600e-02,5.417602e-02
2.24000,0.449189,0.478896,1.844493e-01,1.561575e-01,9.483086e-01,1.271197e-01,2.465143e-02,-4.900522e-02,2.484130e-02,5.418241e-02
2.24250,0.448913,0.478913,1.846790e-01,1.564250e-01,9.482960e-01,1.271228e-01,2.456150e-02,-4.910512e-02,2.485674e-02,5.418877e-02
2.24500,0.448637,0.478930,1.849086e-01,1.566926e-01,9.482829e-01,1.271259e-01,2.447141e-02,-4.920617e-02,2.487233e-02,5.419509e-02
2.24750,0.448361,0.478948,1.851382e-01,1.569603e-01,9.482692e-01,1.271289e-01,2.438107e-02,-4.930825e-02,2.488808e-02,5.420138e-02
2.25000,0.448084,0.478965,1.853677e-01,1.572282e-01,9.482552e-01,1.271320e-01,2.429042e-02,-4.941121e-02,2.490398e-02,5.420763e-02
2.25250,0.447808,0.478983,1.855971e-01,1.574961e-01,9.482406e-01,1.271350e-01,2.419942e-02,-4.951504e-02,2.492003e-02,5.421385e-02
2.25500,0.447531,0.479002,1.858333e-01,1.577642e-01,9.482257e-01,1.271381e-01,2.410806e-02,-4.961950e-02,2.493620e-02,5.422004e-02
2.25750,0.447254,0.479020,1.860697e-01,1.580324e-01,9.482103e-01,1.271411e-01,2.401634e-02,-4.972441e-02,2.495249e-02,5.422619e-02
2.26000,0.446977,0.479039,1.863061e-01,1.583007e-01,9.481945e-01,1.271441e-01,2.392430e-02,-4.982969e-02,2.496887e-02,5.423231e-02
2.26250,0.446700,0.479058,1.865425e-01,1.585692e-01,9.481783e-01,1.271471e-01,2.383203e-02,-4.993536e-02,2.498537e-02,5.423839e-02
2.26500,0.446423,0.479077,1.867788e-01,1.588377e-01,9.481618e-01,1.271501e-01,2.373958e-02,-5.004142e-02,2.500197e-02,5.424444e-02
2.26750,0.446146,0.479096,1.870150e-01,1.591064e-01,9.481450e-01,1.271531e-01,2.364696e-02,-5.014762e-02,2.501868e-02,5.425046e-02
2.27000,0.445869,0.479116,1.872512e-01,1.593751e-01,9.481279e-01,1.271561e-01,2.355416e-02,-5.025377e-02,2.503548e-02,5.425644e-02
2.27250,0.445591,0.479136,1.874872e-01,1.596440e-01,9.481106e-01,1.271591e-01,2.346116e-02,-5.035969e-02,2.505236e-02,5.426239e-02
2.27500,0.445314,0.479156,1.877233e-01,1.599130e-01,9.480930e-01,1.271621e-01,2.336801e-02,-5.046536e-02,2.506931e-02,5.426830e-02
2.27750,0.445036,0.479177,1.879593e-01,1.601822e-01,9.480753e-01,1.271651e-01,2.327473e-02,-5.057089e-02,2.508634e-02,5.427418e-02
2.28000,0.444758,0.479197,1.881952e-01,1.604514e-01,9.480575e-01,1.271681e-01,2.318137e-02,-5.067620e-02,2.510345e-02,5.428003e-02
2.28250,0.444480,0.479218,1.884310e-01,1.607207e-01,9.480395e-01,1.271710e-01,2.308796e-02,-5.078127e-02,2.512063e-02,5.428583e-02
2.28500,0.444202,0.479240,1.886668e-01,1.609902e-01,9.480213e-01,1.271740e-01,2.299453e-02,-5.088627e-02,2.513790e-02,5.429161e-02
2.28750,0.443924,0.479261,1.889025e-01,1.612598e-01,9.480031e-01,1.271770e-01,2.290111e-02,-5.099128e-02,2.515526e-02,5.429735e-02
2.29000,0.443646,0.479283,1.891382e-01,1.615295e-01,9.479847e-01,1.271799e-01,2.280779e-02,-5.109612e-02,2.517269e-02,5.430305e-02
2.29250,0.443367,0.479305,1.893738e-01,1.617993e-01,9.479661e-01,1.271828e-01,2.271453e-02,-5.120051e-02,2.519017e-02,5.430872e-02
2.29500,0.443089,0.479327,1.896093e-01,1.620692e-01,9.479475e-01,1.271858e-01,2.262129e-02,-5.130429e-02,2.520769e-02,5.431435e-02
2.29750,0.442810,0.479350,1.898448e-01,1.623392e-01,9.479286e-01,1.271887e-01,2.252803e-02,-5.140744e-02,2.522522e-02,5.431995e-02
2.30000,0.442531,0.479372,1.900803e-01,1.626094e-01,9.479096e-01,1.271916e-01,2.243471e-02,-5.150991e-02,2.524277e-02,5.432551e-02
2.30250,0.442252,0.479395,1.903156e-01,1.628796e-01,9.478905e-01,1.271945e-01,2.234133e-02,-5.161153e-02,2.526030e-02,5.433104e-02
2.30500,0.441973,0.479419,1.905509e-01,1.631500e-01,9.478712e-01,1.271974e-01,2.224787e-02,-5.171218e-02,2.527782e-02,5.433653e-02
2.30750,0.441694,0.479442,1.907862e-01,1.634205e-01,9.478518e-01,1.272003e-01,2.215433e-02,-5.181193e-02,2.529532e-02,5.434199e-02
2.31000,0.441415,0.479466,1.910214e-01,1.636911e-01,9.478323e-01,1.272032e-01,2.206072e-02,-5.191080e-02,2.531279e-02,5.434741e-02
2.31250,0.441136,0.479490,1.912565e-01,1.639618e-01,9.478126e-01,1.272061e-01,2.196705e-02,-5.200876e-02,2.533023e-02,5.435280e-02
2.31500,0.440857,0.479514,1.914916e-01,1.642326e-01,9.477927e-01,1.272090e-01,2.187333e-02,-5.210565e-02,2.534763e-02,5.435816e-02
2.31750,0.440577,0.479539,1.917266e-01,1.645035e-01,9.477727e-01,1.272119e-01,2.177956e-02,-5.220139e-02,2.536497e-02,5.436348e-02
2.32000,0.440298,0.479564,1.919616e-01,1.647745e-01,9.477525e-01,1.272148e-01,2.168574e-02,-5.229609e-02,2.538225e-02,5.436877e-02
2.32250,0.440018,0.479589,1.921965e-01,1.650457e-01,9.477321e-01,1.272176e-01,2.159193e-02,-5.238990e-02,2.539948e-02,5.437402e-02
2.32500,0.439738,0.479614,1.924313e-01,1.653170e-01,9.477115e-01,1.272205e-01,2.149816e-02,-5.248309e-02,2.541669e-02,5.437925e-02
2.32750,0.439458,0.479640,1.926661e-01,1.655883e-01,9.476907e-01,1.272233e-01,2.140445e-02,-5.257590e-02,2.543388e-02,5.438444e-02
2.33000,0.439178,0.479666,1.929008e-01,1.658598e-01,9.476697e-01,1.272262e-01,2.131077e-02,-5.266845e-02,2.545110e-02,5.438960e-02
2.33250,0.438898,0.479692,1.931355e-01,1.661314e-01,9.476485e-01,1.272290e-01,2.121716e-02,-5.276084e-02,2.546834e-02,5.439472e-02
2.33500,0.438618,0.479718,1.933701e-01,1.664031e-01,9.476270e-01,1.272318e-01,2.112365e-02,-5.285319e-02,2.548561e-02,5.439982e-02
2.33750,0.438337,0.479745,1.936047e-01,1.666749e-01,9.476052e-01,1.272346e-01,2.103024e-02,-5.294549e-02,2.550293e-02,5.440488e-02
2.34000,0.438057,0.479772,1.938392e-01,1.669468e-01,9.475831e-01,1.272375e-01,2.093695e-02,-5.303771e-02,2.552028e-02,5.440991e-02
2.34250,0.437776,0.479799,1.940736e-01,1.672188e-01,9.475607e-01,1.272403e-01,2.084384e-02,-5.312997e-02,2.553769e-02,5.441490e-02
2.34500,0.437496,0.479826,1.943080e-01,1.674910e-01,9.475379e-01,1.272431e-01,2.075090e-02,-5.322232e-02,2.555514e-02,5.441987e-02
2.34750,0.437215,0.479854,1.945423e-01,1.677632e-01,9.475147e-01,1.272459e-01,2.065813e-02,-5.331482e-02,2.557263e-02,5.442480e-02
2.35000,0.436934,0.479882,1.947766e-01,1.680356e-01,9.474911e-01,1.272486e-01,2.056543e-02,-5.340746e-02,2.559015e-02,5.442970e-02
2.35250,0.436653,0.479910,1.950108e-01,1.683080e-01,9.474671e-01,1.272514e-01,2.047271e-02,-5.350020e-02,2.560772e-02,5.443456e-02
2.35500,0.436372,0.479939,1.952450e-01,1.685806e-01,9.474425e-01,1.272542e-01,2.037991e-02,-5.359318e-02,2.562532e-02,5.443940e-02
2.35750,0.436091,0.479968,1.954791e-01,1.688533e-01,9.474176e-01,1.272570e-01,2.028699e-02,-5.368637e-02,2.564297e-02,5.444420e-02
2.36000,0.435810,0.479997,1.957132e-01,1.691261e-01,9.473921e-01,1.272597e-01,2.019395e-02,-5.377975e-02,2.566065e-02,5.444897e-02
2.36250,0.435528,0.480026,1.959472e-01,1.693989e-01,9.473662e-01,1.272625e-01,2.010080e-02,-5.387336e-02,2.567837e-02,5.445370e-02
2.36500,0.435247,0.480056,1.961811e-01,1.696719e-01,9.473399e-01,1.272652e-01,2.000754e-02,-5.396703e-02,2.569613e-02,5.445841e-02
2.36750,0.434965,0.480086,1.964150e-01,1.699450e-01,9.473131e-01,1.272680e-01,1.991420e-02,-5.406091e-02,2.571392e-02,5.446308e-02
2.37000,0.434684,0.480116,1.966488e-01,1.702182e-01,9.472859e-01,1.272707e-01,1.982072e-02,-5.415523e-02,2.573178e-02,5.446773e-02
2.37250,0.434402,0.480146,1.968826e-01,1.704916e-01,9.472584e-01,1.272734e-01,1.972707e-02,-5.425002e-02,2.574971e-02,5.447234e-02
2.37500,0.434120,0.480177,1.971163e-01,1.707650e-01,9.472305e-01,1.272761e-01,1.963319e-02,-5.434520e-02,2.576774e-02,5.447692e-02
2.37750,0.433838,0.480208,1.973500e-01,1.710385e-01,9.472023e-01,1.272788e-01,1.953904e-02,-5.444060e-02,2.578585e-02,5.448146e-02
2.38000,0.433556,0.480239,1.975836e-01,1.713121e-01,9.471738e-01,1.272815e-01,1.944464e-02,-5.453620e-02,2.580406e-02,5.448598e-02
2.38250,0.433274,0.480270,1.978172e-01,1.715859e-01,9.471451e-01,1.272842e-01,1.934999e-02,-5.463178e-02,2.582236e-02,5.449046e-02
2.38500,0.432992,0.480302,1.980507e-01,1.718597e-01,9.471161e-01,1.272869e-01,1.925514e-02,-5.472714e-02,2.584072e-02,5.449491e-02
2.38750,0.432709,0.480334,1.982842e-01,1.721337e-01,9.470870e-01,1.272896e-01,1.916014e-02,-5.482242e-02,2.585916e-02,5.449932e-02
2.39000,0.432427,0.480366,1.985194e-01,1.724077e-01,9.470577e-01,1.272923e-01,1.906504e-02,-5.491768e-02,2.587766e-02,5.450371e-02
2.39250,0.432145,0.480399,1.987566e-01,1.726819e-01,9.470283e-01,1.272949e-01,1.896990e-02,-5.501280e-02,2.589623e-02,5.450806e-02
2.39500,0.431862,0.480432,1.989953e-01,1.729561e-01,9.469988e-01,1.272976e-01,1.887474e-02,-5.510777e-02,2.591488e-02,5.451237e-02
2.39750,0.431579,0.480465,1.992361e-01,1.732305e-01,9.469691e-01,1.273003e-01,1.877959e-02,-5.520287e-02,2.593361e-02,5.451665e-02
2.40000,0.431296,0.480498,1.994768e-01,1.735049e-01,9.469393e-01,1.273029e-01,1.868442e-02,-5.529831e-02,2.595247e-02,5.452090e-02
2.40250,0.431014,0.480532,1.997175e-01,1.737795e-01,9.469094e-01,1.273055e-01,1.858925e-02,-5.539418e-02,2.597147e-02,5.452511e-02
2.40500,0.430731,0.480566,1.999582e-01,1.740542e-01,9.468794e-01,1.273082e-01,1.849404e-02,-5.549051e-02,2.599060e-02,5.452929e-02
2.40750,0.430448,0.480600,2.001988e-01,1.743289e-01,9.468492e-01,1.273108e-01,1.839873e-02,-5.558714e-02,2.600988e-02,5.453343e-02
2.41000,0.430164,0.480635,2.004393e-01,1.746038e-01,9.468189e-01,1.273134e-01,1.830329e-02,-5.568388e-02,2.602928e-02,5.453754e-02
2.41250,0.429881,0.480670,2.006798e-01,1.748788e-01,9.467885e-01,1.273160e-01,1.820768e-02,-5.578075e-02,2.604880e-02,5.454161e-02
2.41500,0.429598,0.480705,2.009203e-01,1.751539e-01,9.467579e-01,1.273186e-01,1.811191e-02,-5.587765e-02,2.606841e-02,5.454564e-02
2.41750,0.429314,0.480740,2.011607e-01,1.754290e-01,9.467272e-01,1.273212e-01,1.801597e-02,-5.597438e-02,2.608810e-02,5.454964e-02
2.42000,0.429031,0.480776,2.014010e-01,1.757043e-01,9.466963e-01,1.273238e-01,1.791996e-02,-5.607096e-02,2.610785e-02,5.455361e-02
2.42250,0.428747,0.480812,2.016413e-01,1.759797e-01,9.466653e-01,1.273264e-01,1.782389e-02,-5.616754e-02,2.612769e-02,5.455753e-02
2.42500,0.428464,0.480848,2.018816e-01,1.762552e-01,9.466341e-01,1.273289e-01,1.772778e-02,-5.626404e-02,2.614759e-02,5.456142e-02
2.42750,0.428180,0.480884,2.021218e-01,1.765308e-01,9.466028e-01,1.273315e-01,1.763159e-02,-5.636031e-02,2.616754e-02,5.456528e-02
2.43000,0.427896,0.480921,2.023619e-01,1.768064e-01,9.465714e-01,1.273341e-01,1.753525e-02,-5.645618e-02,2.618753e-02,5.456909e-02
2.43250,0.427612,0.480958,2.026020e-01,1.770822e-01,9.465398e-01,1.273366e-01,1.743866e-02,-5.655162e-02,2.620755e-02,5.457287e-02
2.43500,0.427328,0.480995,2.028421e-01,1.773581e-01,9.465080e-01,1.273392e-01,1.734187e-02,-5.664665e-02,2.622759e-02,5.457662e-02
2.43750,0.427044,0.481033,2.030821e-01,1.776341e-01,9.464760e-01,1.273417e-01,1.724494e-02,-5.674161e-02,2.624768e-02,5.458032e-02
2.44000,0.426760,0.481071,2.033221e-01,1.779102e-01,9.464439e-01,1.273442e-01,1.714789e-02,-5.683664e-02,2.626782e-02,5.458399e-02
2.44250,0.426475,0.481109,2.035620e-01,1.781864e-01,9.464116e-01,1.273467e-01,1.705073e-02,-5.693183e-02,2.628803e-02,5.458763e-02
2.44500,0.426191,0.481147,2.038018e-01,1.784626e-01,9.463790e-01,1.273493e-01,1.695350e-02,-5.702706e-02,2.630829e-02,5.459123e-02
2.44750,0.425906,0.481186,2.040416e-01,1.787390e-01,9.463463e-01,1.273518e-01,1.685624e-02,-5.712232e-02,2.632860e-02,5.459479e-02
2.45000,0.425622,0.481225,2.042814e-01,1.790155e-01,9.463133e-01,1.273543e-01,1.675893e-02,-5.721729e-02,2.634893e-02,5.459832e-02
2.45250,0.425337,0.481264,2.045211e-01,1.792921e-01,9.462800e-01,1.273568e-01,1.666160e-02,-5.731188e-02,2.636927e-02,5.460181e-02
2.45500,0.425053,0.481304,2.047608e-01,1.795687e-01,9.462465e-01,1.273592e-01,1.656423e-02,-5.740611e-02,2.638960e-02,5.460526e-02
2.45750,0.424768,0.481344,2.050004e-01,1.798455e-01,9.462127e-01,1.273617e-01,1.646683e-02,-5.750001e-02,2.640992e-02,5.460868e-02
2.46000,0.424483,0.481384,2.052400e-01,1.801224e-01,9.461785e-01,1.273642e-01,1.636949e-02,-5.759390e-02,2.643024e-02,5.461207e-02
2.46250,0.424198,0.481424,2.054795e-01,1.803993e-01,9.461441e-01,1.273666e-01,1.627226e-02,-5.768798e-02,2.645056e-02,5.461542e-02
2.46500,0.423913,0.481465,2.057190e-01,1.806764e-01,9.461092e-01,1.273691e-01,1.617513e-02,-5.778222e-02,2.647089e-02,5.461873e-02
2.46750,0.423628,0.481506,2.059585e-01,1.809535e-01,9.460740e-01,1.273715e-01,1.607808e-02,-5.787643e-02,2.649121e-02,5.462202e-02
2.47000,0.423343,0.481548,2.061978e-01,1.812308e-01,9.460384e-01,1.273740e-01,1.598109e-02,-5.797055e-02,2.651151e-02,5.462527e-02
2.47250,0.423057,0.481589,2.064372e-01,1.815081e-01,9.460024e-01,1.273764e-01,1.588409e-02,-5.806447e-02,2.653178e-02,5.462848e-02
2.47500,0.422772,0.481631,2.066765e-01,1.817856e-01,9.459660e-01,1.273788e-01,1.578705e-02,-5.815796e-02,2.655199e-02,5.463166e-02
2.47750,0.422487,0.481673,2.069158e-01,1.820631e-01,9.459294e-01,1.273813e-01,1.568991e-02,-5.825097e-02,2.657215e-02,5.463481e-02
2.48000,0.422201,0.481716,2.071550e-01,1.823408e-01,9.458923e-01,1.273837e-01,1.559269e-02,-5.834383e-02,2.659228e-02,5.463793e-02
2.48250,0.421915,0.481758,2.073941e-01,1.826185e-01,9.458550e-01,1.273861e-01,1.549534e-02,-5.843684e-02,2.661241e-02,5.464102e-02
2.48500,0.421630,0.481801,2.076333e-01,1.828963e-01,9.458174e-01,1.273885e-01,1.539783e-02,-5.852986e-02,2.663254e-02,5.464407e-02
2.48750,0.421344,0.481845,2.078724e-01,1.831742e-01,9.457795e-01,1.273908e-01,1.530017e-02,-5.862281e-02,2.665268e-02,5.464709e-02
2.49000,0.421058,0.481888,2.081114e-01,1.834523e-01,9.457414e-01,1.273932e-01,1.520238e-02,-5.871550e-02,2.667282e-02,5.465008e-02
2.49250,0.420772,0.481932,2.083504e-01,1.837304e-01,9.457032e-01,1.273956e-01,1.510451e-02,-5.880780e-02,2.669296e-02,5.465304e-02
2.49500,0.420486,0.481977,2.085893e-01,1.840086e-01,9.456647e-01,1.273979e-01,1.500658e-02,-5.889958e-02,2.671310e-02,5.465596e-02
2.49750,0.420200,0.482021,2.088282e-01,1.842869e-01,9.456261e-01,1.274003e-01,1.490859e-02,-5.899081e-02,2.673325e-02,5.465886e-02
2.50000,0.419914,0.482066,2.090671e-01,1.845652e-01,9.455873e-01,1.274026e-01,1.481057e-02,-5.908140e-02,2.675338e-02,5.466172e-02
2.50250,0.419628,0.482111,2.093059e-01,1.848437e-01,9.455484e-01,1.274050e-01,1.471253e-02,-5.917136e-02,2.677350e-02,5.466455e-02
2.50500,0.419342,0.482156,2.095447e-01,1.851223e-01,9.455095e-01,1.274073e-01,1.461447e-02,-5.926068e-02,2.679359e-02,5.466735e-02
2.50750,0.419055,0.482202,2.097834e-01,1.854010e-01,9.454704e-01,1.274096e-01,1.451637e-02,-5.934943e-02,2.681368e-02,5.467012e-02
2.51000,0.418769,0.482248,2.100221e-01,1.856797e-01,9.454313e-01,1.274120e-01,1.441822e-02,-5.943761e-02,2.683375e-02,5.467285e-02
2.51250,0.418483,0.482294,2.102608e-01,1.859586e-01,9.453920e-01,1.274143e-01,1.432004e-02,-5.952520e-02,2.685380e-02,5.467556e-02
2.51500,0.418196,0.482341,2.104994e-01,1.862375e-01,9.453527e-01,1.274166e-01,1.422187e-02,-5.961224e-02,2.687382e-02,5.467823e-02
2.51750,0.417909,0.482388,2.107380e-01,1.865165e-01,9.453133e-01,1.274189e-01,1.412376e-02,-5.969872e-02,2.689382e-02,5.468087e-02
2.52000,0.417623,0.482435,2.109794e-01,1.867957e-01,9.452738e-01,1.274211e-01,1.402572e-02,-5.978462e-02,2.691379e-02,5.468348e-02
2.52250,0.417336,0.482482,2.112219e-01,1.870749e-01,9.452342e-01,1.274234e-01,1.392772e-02,-5.986997e-02,2.693373e-02,5.468606e-02
2.52500,0.417049,0.482530,2.114643e-01,1.873542e-01,9.451944e-01,1.274257e-01,1.382974e-02,-5.995506e-02,2.695369e-02,5.468861e-02
2.52750,0.416762,0.482578,2.117080e-01,1.876336e-01,9.451546e-01,1.274280e-01,1.373180e-02,-6.003992e-02,2.697367e-02,5.469112e-02
2.53000,0.416475,0.482627,2.119543e-01,1.879131e-01,9.451147e-01,1.274302e-01,1.363388e-02,-6.012442e-02,2.699366e-02,5.469360e-02
2.53250,0.416188,0.482675,2.122005e-01,1.881926e-01,9.450747e-01,1.274325e-01,1.353596e-02,-6.020859e-02,2.701369e-02,5.469605e-02
2.53500,0.415901,0.482724,2.124467e-01,1.884723e-01,9.450347e-01,1.274347e-01,1.343804e-02,-6.029257e-02,2.703374e-02,5.469847e-02
2.53750,0.415614,0.482773,2.126929e-01,1.887521e-01,9.449945e-01,1.274369e-01,1.334009e-02,-6.037647e-02,2.705384e-02,5.470085e-02
2.54000,0.415327,0.482823,2.129390e-01,1.890319e-01,9.449543e-01,1.274391e-01,1.324214e-02,-6.046037e-02,2.707397e-02,5.470320e-02
2.54250,0.415039,0.482873,2.131850e-01,1.893118e-01,9.449140e-01,1.274414e-01,1.314420e-02,-6.054419e-02,2.709415e-02,5.470552e-02
2.54500,0.414752,0.482923,2.134310e-01,1.895919e-01,9.448736e-01,1.274436e-01,1.304627e-02,-6.062787e-02,2.711435e-02,5.470780e-02
2.54750,0.414465,0.482973,2.136770e-01,1.898720e-01,9.448332e-01,1.274458e-01,1.294832e-02,-6.071153e-02,2.713460e-02,5.471005e-02
2.55000,0.414177,0.483024,2.139230e-01,1.901522e-01,9.447927e-01,1.274480e-01,1.285035e-02,-6.079547e-02,2.715491e-02,5.471227e-02
2.55250,0.413890,0.483075,2.141689e-01,1.904324e-01,9.447522e-01,1.274501e-01,1.275233e-02,-6.087997e-02,2.717533e-02,5.471445e-02
2.55500,0.413602,0.483127,2.144147e-01,1.907128e-01,9.447116e-01,1.274523e-01,1.265421e-02,-6.096504e-02,2.719587e-02,5.471660e-02
2.55750,0.413314,0.483178,2.146605e-01,1.909933e-01,9.446709e-01,1.274545e-01,1.255592e-02,-6.105082e-02,2.721654e-02,5.471871e-02
2.56000,0.413027,0.483230,2.149063e-01,1.912738e-01,9.446301e-01,1.274567e-01,1.245740e-02,-6.113740e-02,2.723737e-02,5.472079e-02
2.56250,0.412739,0.483283,2.151521e-01,1.915545e-01,9.445891e-01,1.274588e-01,1.235863e-02,-6.122479e-02,2.725836e-02,5.472283e-02
2.56500,0.412451,0.483335,2.153978e-01,1.918352e-01,9.445481e-01,1.274610e-01,1.225959e-02,-6.131285e-02,2.727947e-02,5.472483e-02
2.56750,0.412163,0.483388,2.156434e-01,1.921160e-01,9.445069e-01,1.274631e-01,1.216031e-02,-6.140139e-02,2.730069e-02,5.472680e-02
2.57000,0.411875,0.483441,2.158891e-01,1.923969e-01,9.444656e-01,1.274652e-01,1.206084e-02,-6.149042e-02,2.732199e-02,5.472874e-02
2.57250,0.411587,0.483495,2.161346e-01,1.926778e-01,9.444241e-01,1.274673e-01,1.196126e-02,-6.158002e-02,2.734336e-02,5.473064e-02
2.57500,0.411299,0.483549,2.163802e-01,1.929589e-01,9.443824e-01,1.274695e-01,1.186160e-02,-6.167023e-02,2.736482e-02,5.473250e-02
2.57750,0.411011,0.483603,2.166257e-01,1.932401e-01,9.443405e-01,1.274716e-01,1.176185e-02,-6.176096e-02,2.738635e-02,5.473433e-02
2.58000,0.410722,0.483657,2.168712e-01,1.935213e-01,9.442983e-01,1.274737e-01,1.166201e-02,-6.185216e-02,2.740794e-02,5.473613e-02
2.58250,0.410434,0.483712,2.171166e-01,1.938026e-01,9.442560e-01,1.274758e-01,1.156204e-02,-6.194387e-02,2.742959e-02,5.473789e-02
2.58500,0.410146,0.483767,2.173620e-01,1.940840e-01,9.442133e-01,1.274778e-01,1.146196e-02,-6.203605e-02,2.745130e-02,5.473961e-02
2.58750,0.409857,0.483822,2.176074e-01,1.943655e-01,9.441704e-01,1.274799e-01,1.136179e-02,-6.212861e-02,2.747307e-02,5.474130e-02
2.59000,0.409569,0.483878,2.178527e-01,1.946471e-01,9.441273e-01,1.274820e-01,1.126152e-02,-6.222169e-02,2.749491e-02,5.474296e-02
2.59250,0.409280,0.483934,2.180980e-01,1.949287e-01,9.440840e-01,1.274840e-01,1.116114e-02,-6.231532e-02,2.751683e-02,5.474458e-02
2.59500,0.408992,0.483990,2.183432e-01,1.952104e-01,9.440405e-01,1.274861e-01,1.106063e-02,-6.240957e-02,2.753883e-02,5.474616e-02
2.59750,0.408703,0.484047,2.185885e-01,1.954923e-01,9.439967e-01,1.274881e-01,1.095997e-02,-6.250422e-02,2.756092e-02,5.474771e-02
2.60000,0.408415,0.484104,2.188336e-01,1.957742e-01,9.439528e-01,1.274902e-01,1.085913e-02,-6.259898e-02,2.758307e-02,5.474923e-02
2.60250,0.408126,0.484161,2.190788e-01,1.960561e-01,9.439088e-01,1.274922e-01,1.075813e-02,-6.269349e-02,2.760525e-02,5.475071e-02
2.60500,0.407837,0.484218,2.193239e-01,1.963382e-01,9.438646e-01,1.274942e-01,1.065701e-02,-6.278747e-02,2.762743e-02,5.475215e-02
2.60750,0.407548,0.484276,2.195689e-01,1.966204e-01,9.438203e-01,1.274962e-01,1.055579e-02,-6.288058e-02,2.764956e-02,5.475356e-02
2.61000,0.407259,0.484334,2.198140e-01,1.969026e-01,9.437760e-01,1.274982e-01,1.045452e-02,-6.297255e-02,2.767160e-02,5.475494e-02
2.61250,0.406970,0.484393,2.200590e-01,1.971849e-01,9.437315e-01,1.275002e-01,1.035324e-02,-6.306340e-02,2.769354e-02,5.475628e-02
2.61500,0.406681,0.484452,2.203039e-01,1.974673e-01,9.436870e-01,1.275022e-01,1.025199e-02,-6.315308e-02,2.771536e-02,5.475759e-02
2.61750,0.406392,0.484511,2.205488e-01,1.977498e-01,9.436424e-01,1.275042e-01,1.015080e-02,-6.324174e-02,2.773708e-02,5.475886e-02
2.62000,0.406103,0.484570,2.207937e-01,1.980323e-01,9.435978e-01,1.275062e-01,1.004971e-02,-6.332946e-02,2.775869e-02,5.476011e-02
2.62250,0.405814,0.484630,2.210386e-01,1.983149e-01,9.435532e-01,1.275081e-01,9.948768e-03,-6.341621e-02,2.778017e-02,5.476132e-02
2.62500,0.405525,0.484690,2.212834e-01,1.985977e-01,9.435085e-01,1.275101e-01,9.847952e-03,-6.350195e-02,2.780152e-02,5.476250e-02
2.62750,0.405236,0.484750,2.215282e-01,1.988805e-01,9.434639e-01,1.275120e-01,9.747217e-03,-6.358675e-02,2.782275e-02,5.476364e-02
2.63000,0.404946,0.484811,2.217729e-01,1.991633e-01,9.434192e-01,1.275140e-01,9.646579e-03,-6.367059e-02,2.784385e-02,5.476476e-02
2.63250,0.404657,0.484872,2.220177e-01,1.994463e-01,9.433745e-01,1.275159e-01,9.546038e-03,-6.375344e-02,2.786484e-02,5.476584e-02
2.63500,0.404368,0.484933,2.222623e-01,1.997293e-01,9.433298e-01,1.275178e-01,9.445534e-03,-6.383544e-02,2.788572e-02,5.476689e-02
2.63750,0.404078,0.484995,2.225070e-01,2.000124e-01,9.432852e-01,1.275198e-01,9.344989e-03,-6.391674e-02,2.790653e-02,5.476791e-02
2.64000,0.403789,0.485057,2.227516e-01,2.002956e-01,9.432405e-01,1.275217e-01,9.244363e-03,-6.399735e-02,2.792725e-02,5.476890e-02
2.64250,0.403499,0.485119,2.229962e-01,2.005789e-01,9.431959e-01,1.275236e-01,9.143723e-03,-6.407733e-02,2.794791e-02,5.476986e-02
2.64500,0.403210,0.485181,2.232449e-01,2.008622e-01,9.431513e-01,1.275255e-01,9.043168e-03,-6.415678e-02,2.796850e-02,5.477079e-02
2.64750,0.402920,0.485244,2.234936e-01,2.011456e-01,9.431068e-01,1.275274e-01,8.942691e-03,-6.423576e-02,2.798904e-02,5.477168e-02
2.65000,0.402630,0.485308,2.237422e-01,2.014291e-01,9.430623e-01,1.275292e-01,8.842317e-03,-6.431417e-02,2.800952e-02,5.477255e-02
2.65250,0.402341,0.485371,2.239908e-01,2.017127e-01,9.430179e-01,1.275311e-01,8.742018e-03,-6.439195e-02,2.802992e-02,5.477338e-02
2.65500,0.402051,0.485435,2.242394e-01,2.019964e-01,9.429735e-01,1.275330e-01,8.641819e-03,-6.446918e-02,2.805026e-02,5.477418e-02
2.65750,0.401761,0.485499,2.244880e-01,2.022801e-01,9.429292e-01,1.275348e-01,8.541719e-03,-6.454610e-02,2.807053e-02,5.477496e-02
2.66000,0.401471,0.485564,2.247365e-01,2.025639e-01,9.428850e-01,1.275367e-01,8.441651e-03,-6.462271e-02,2.809076e-02,5.477570e-02
2.66250,0.401181,0.485628,2.249850e-01,2.028478e-01,9.428409e-01,1.275385e-01,8.341621e-03,-6.469908e-02,2.811093e-02,5.477641e-02
2.66500,0.400891,0.485694,2.252374e-01,2.031317e-01,9.427968e-01,1.275403e-01,8.241660e-03,-6.477519e-02,2.813106e-02,5.477709e-02
2.66750,0.400601,0.485759,2.254900e-01,2.034158e-01,9.427527e-01,1.275422e-01,8.141753e-03,-6.485091e-02,2.815112e-02,5.477774e-02
2.67000,0.400311,0.485825,2.257425e-01,2.036999e-01,9.427087e-01,1.275440e-01,8.041913e-03,-6.492618e-02,2.817111e-02,5.477837e-02
2.67250,0.400021,0.485891,2.259950e-01,2.039841e-01,9.426647e-01,1.275458e-01,7.942165e-03,-6.500113e-02,2.819103e-02,5.477896e-02
2.67500,0.399731,0.485957,2.262474e-01,2.042683e-01,9.426206e-01,1.275476e-01,7.842507e-03,-6.507600e-02,2.821092e-02,5.477952e-02
2.67750,0.399441,0.486024,2.264998e-01,2.045527e-01,9.425766e-01,1.275494e-01,7.742922e-03,-6.515103e-02,2.823080e-02,5.478005e-02
2.68000,0.399151,0.486091,2.267522e-01,2.048371e-01,9.425326e-01,1.275512e-01,7.643360e-03,-6.522654e-02,2.825069e-02,5.478056e-02
2.68250,0.398861,0.486158,2.270045e-01,2.051216e-01,9.424885e-01,1.275530e-01,7.543792e-03,-6.530259e-02,2.827061e-02,5.478103e-02
2.68500,0.398571,0.486226,2.272569e-01,2.054061e-01,9.424444e-01,1.275547e-01,7.444172e-03,-6.537912e-02,2.829056e-02,5.478147e-02
2.68750,0.398280,0.486294,2.275091e-01,2.056907e-01,9.424001e-01,1.275565e-01,7.344478e-03,-6.545615e-02,2.831054e-02,5.478189e-02
2.69000,0.397990,0.486363,2.277614e-01,2.059754e-01,9.423558e-01,1.275582e-01,7.244735e-03,-6.553374e-02,2.833057e-02,5.478227e-02
2.69250,0.397700,0.486431,2.280136e-01,2.062602e-01,9.423114e-01,1.275600e-01,7.144936e-03,-6.561186e-02,2.835064e-02,5.478262e-02
2.69500,0.397409,0.486500,2.282658e-01,2.065451e-01,9.422668e-01,1.275617e-01,7.045117e-03,-6.569043e-02,2.837076e-02,5.478294e-02
2.69750,0.397119,0.486570,2.285180e-01,2.068300e-01,9.422221e-01,1.275635e-01,6.945317e-03,-6.576963e-02,2.839092e-02,5.478323e-02
2.70000,0.396828,0.486639,2.287701e-01,2.071150e-01,9.421772e-01,1.275652e-01,6.845462e-03,-6.584957e-02,2.841116e-02,5.478349e-02
2.70250,0.396538,0.486709,2.290222e-01,2.074000e-01,9.421323e-01,1.275669e-01,6.745478e-03,-6.593038e-02,2.843150e-02,5.478372e-02
2.70500,0.396247,0.486780,2.292742e-01,2.076852e-01,9.420871e-01,1.275686e-01,6.645303e-03,-6.601192e-02,2.845194e-02,5.478391e-02
2.70750,0.395957,0.486850,2.295263e-01,2.079704e-01,9.420419e-01,1.275703e-01,6.544926e-03,-6.609406e-02,2.847250e-02,5.478408e-02
2.71000,0.395666,0.486921,2.297783e-01,2.082557e-01,9.419966e-01,1.275720e-01,6.444312e-03,-6.617668e-02,2.849317e-02,5.478421e-02
2.71250,0.395375,0.486993,2.300302e-01,2.085410e-01,9.419512e-01,1.275737e-01,6.343475e-03,-6.625970e-02,2.851396e-02,5.478431e-02
2.71500,0.395085,0.487064,2.302822e-01,2.088264e-01,9.419057e-01,1.275754e-01,6.242390e-03,-6.634301e-02,2.853485e-02,5.478437e-02
2.71750,0.394794,0.487136,2.305341e-01,2.091119e-01,9.418601e-01,1.275770e-01,6.141067e-03,-6.642642e-02,2.855584e-02,5.478440e-02
2.72000,0.394503,0.487208,2.307859e-01,2.093975e-01,9.418145e-01,1.275787e-01,6.039576e-03,-6.650986e-02,2.857689e-02,5.478440e-02
2.72250,0.394213,0.487281,2.310378e-01,2.096831e-01,9.417688e-01,1.275804e-01,5.937982e-03,-6.659326e-02,2.859799e-02,5.478437e-02
2.72500,0.393922,0.487354,2.312896e-01,2.099688e-01,9.417231e-01,1.275820e-01,5.836344e-03,-6.667650e-02,2.861911e-02,5.478430e-02
2.72750,0.393631,0.487427,2.315414e-01,2.102546e-01,9.416773e-01,1.275836e-01,5.734704e-03,-6.675943e-02,2.864024e-02,5.478420e-02
2.73000,0.393340,0.487501,2.317931e-01,2.105404e-01,9.416314e-01,1.275853e-01,5.633089e-03,-6.684189e-02,2.866133e-02,5.478407e-02
2.73250,0.393049,0.487575,2.320448e-01,2.108263e-01,9.415855e-01,1.275869e-01,5.531460e-03,-6.692389e-02,2.868238e-02,5.478390e-02
2.73500,0.392758,0.487649,2.322994e-01,2.111123e-01,9.415395e-01,1.275885e-01,5.429816e-03,-6.700538e-02,2.870339e-02,5.478370e-02
2.73750,0.392467,0.487724,2.325554e-01,2.113984e-01,9.414934e-01,1.275901e-01,5.328218e-03,-6.708626e-02,2.872435e-02,5.478347e-02
2.74000,0.392176,0.487799,2.328113e-01,2.116845e-01,9.414472e-01,1.275917e-01,5.226694e-03,-6.716671e-02,2.874525e-02,5.478321e-02
2.74250,0.391885,0.487874,2.330671e-01,2.119706e-01,9.414008e-01,1.275933e-01,5.125266e-03,-6.724680e-02,2.876610e-02,5.478291e-02
2.74500,0.391594,0.487950,2.333230e-01,2.122569e-01,9.413543e-01,1.275949e-01,5.023944e-03,-6.732675e-02,2.878693e-02,5.478258e-02
2.74750,0.391303,0.488026,2.335788e-01,2.125432e-01,9.413076e-01,1.275965e-01,4.922734e-03,-6.740645e-02,2.880773e-02,5.478221e-02
2.75000,0.391012,0.488102,2.338346e-01,2.128296e-01,9.412608e-01,1.275981e-01,4.821582e-03,-6.748594e-02,2.882852e-02,5.478182e-02
2.75250,0.390721,0.488179,2.340903e-01,2.131160e-01,9.412137e-01,1.275996e-01,4.720415e-03,-6.756530e-02,2.884931e-02,5.478139e-02
2.75500,0.390430,0.488256,2.343460e-01,2.134026e-01,9.411665e-01,1.276012e-01,4.619181e-03,-6.764458e-02,2.887010e-02,5.478092e-02
2.75750,0.390139,0.488333,2.346039e-01,2.136891e-01,9.411192e-01,1.276027e-01,4.517829e-03,-6.772362e-02,2.889089e-02,5.478042e-02
2.76000,0.389848,0.488410,2.348638e-01,2.139758e-01,9.410716e-01,1.276043e-01,4.416356e-03,-6.780203e-02,2.891162e-02,5.477989e-02
2.76250,0.389557,0.488488,2.351236e-01,2.142625e-01,9.410238e-01,1.276058e-01,4.314851e-03,-6.787979e-02,2.893226e-02,5.477932e-02
2.76500,0.389265,0.488567,2.353834e-01,2.145493e-01,9.409759e-01,1.276073e-01,4.213383e-03,-6.795709e-02,2.895280e-02,5.477873e-02
2.76750,0.388974,0.488645,2.356432e-01,2.148361e-01,9.409279e-01,1.276089e-01,4.112014e-03,-6.803379e-02,2.897322e-02,5.477810e-02
2.77000,0.388683,0.488724,2.359030e-01,2.151230e-01,9.408796e-01,1.276104e-01,4.010812e-03,-6.810984e-02,2.899349e-02,5.477744e-02
2.77250,0.388392,0.488804,2.361627e-01,2.154100e-01,9.408312e-01,1.276119e-01,3.909755e-03,-6.818528e-02,2.901361e-02,5.477675e-02
2.77500,0.388100,0.488883,2.364224e-01,2.156970e-01,9.407826e-01,1.276134e-01,3.808800e-03,-6.825999e-02,2.903357e-02,5.477602e-02
2.77750,0.387809,0.488963,2.366821e-01,2.159841e-01,9.407338e-01,1.276149e-01,3.707898e-03,-6.833387e-02,2.905336e-02,5.477527e-02
2.78000,0.387518,0.489044,2.369418e-01,2.162713e-01,9.406849e-01,1.276164e-01,3.607049e-03,-6.840687e-02,2.907297e-02,5.477449e-02
2.78250,0.387226,0.489124,2.372014e-01,2.165585e-01,9.406356e-01,1.276178e-01,3.506288e-03,-6.847904e-02,2.909240e-02,5.477368e-02
2.78500,0.386935,0.489205,2.374610e-01,2.168458e-01,9.405862e-01,1.276193e-01,3.405659e-03,-6.855068e-02,2.911166e-02,5.477284e-02
2.78750,0.386644,0.489287,2.377205e-01,2.171332e-01,9.405365e-01,1.276208e-01,3.305153e-03,-6.862211e-02,2.913078e-02,5.477198e-02
2.79000,0.386352,0.489368,2.379800e-01,2.174206e-01,9.404866e-01,1.276222e-01,3.204715e-03,-6.869342e-02,2.914977e-02,5.477108e-02
2.79250,0.386061,0.489450,2.382395e-01,2.177081e-01,9.404364e-01,1.276237e-01,3.104342e-03,-6.876472e-02,2.916866e-02,5.477016e-02
2.79500,0.385769,0.489533,2.384990e-01,2.179956e-01,9.403859e-01,1.276251e-01,3.004009e-03,-6.883619e-02,2.918748e-02,5.476921e-02
2.79750,0.385478,0.489616,2.387584e-01,2.182832e-01,9.403351e-01,1.276265e-01,2.903665e-03,-6.890797e-02,2.920626e-02,5.476823e-02
2.80000,0.385186,0.489699,2.390178e-01,2.185709e-01,9.402841e-01,1.276280e-01,2.803318e-03,-6.897996e-02,2.922501e-02,5.476722e-02
2.80250,0.384895,0.489782,2.392772e-01,2.188586e-01,9.402327e-01,1.276294e-01,2.702989e-03,-6.905199e-02,2.924370e-02,5.476619e-02
2.80500,0.384603,0.489866,2.395365e-01,2.191464e-01,9.401811e-01,1.276308e-01,2.602695e-03,-6.912411e-02,2.926235e-02,5.476513e-02
2.80750,0.384312,0.489950,2.397958e-01,2.194343e-01,9.401292e-01,1.276322e-01,2.502467e-03,-6.919635e-02,2.928095e-02,5.476404e-02
2.81000,0.384020,0.490034,2.400551e-01,2.197222e-01,9.400771e-01,1.276336e-01,2.402355e-03,-6.926867e-02,2.929949e-02,5.476293e-02
2.81250,0.383729,0.490119,2.403144e-01,2.200102e-01,9.400246e-01,1.276350e-01,2.302382e-03,-6.934092e-02,2.931798e-02,5.476178e-02
2.81500,0.383437,0.490204,2.405736e-01,2.202982e-01,9.399720e-01,1.276364e-01,2.202557e-03,-6.941291e-02,2.933638e-02,5.476061e-02
2.81750,0.383146,0.490290,2.408328e-01,2.205863e-01,9.399192e-01,1.276377e-01,2.102899e-03,-6.948427e-02,2.935466e-02,5.475942e-02
2.82000,0.382854,0.490375,2.410920e-01,2.208745e-01,9.398661e-01,1.276391e-01,2.003408e-03,-6.955494e-02,2.937281e-02,5.475819e-02
2.82250,0.382563,0.490462,2.413511e-01,2.211627e-01,9.398130e-01,1.276405e-01,1.904066e-03,-6.962492e-02,2.939084e-02,5.475694e-02
2.82500,0.382271,0.490548,2.416102e-01,2.214510e-01,9.397598e-01,1.276418e-01,1.804837e-03,-6.969431e-02,2.940876e-02,5.475566e-02
2.82750,0.381979,0.490635,2.418693e-01,2.217393e-01,9.397065e-01,1.276431e-01,1.705619e-03,-6.976318e-02,2.942659e-02,5.475436e-02
2.83000,0.381688,0.490722,2.421283e-01,2.220277e-01,9.396532e-01,1.276445e-01,1.606355e-03,-6.983136e-02,2.944432e-02,5.475303e-02
2.83250,0.381396,0.490810,2.423874e-01,2.223161e-01,9.395999e-01,1.276458e-01,1.507057e-03,-6.989878e-02,2.946193e-02,5.475167e-02
2.83500,0.381104,0.490898,2.426464e-01,2.226047e-01,9.395466e-01,1.276471e-01,1.407752e-03,-6.996562e-02,2.947943e-02,5.475029e-02
2.83750,0.380813,0.490986,2.429053e-01,2.228932e-01,9.394934e-01,1.276485e-01,1.308471e-03,-7.003203e-02,2.949683e-02,5.474888e-02
2.84000,0.380521,0.491074,2.431643e-01,2.231819e-01,9.394403e-01,1.276498e-01,1.209239e-03,-7.009785e-02,2.951413e-02,5.474745e-02
2.84250,0.380230,0.491163,2.434232e-01,2.234705e-01,9.393872e-01,1.276511e-01,1.110093e-03,-7.016322e-02,2.953133e-02,5.474599e-02
2.84500,0.379938,0.491253,2.436821e-01,2.237593e-01,9.393343e-01,1.276524e-01,1.011050e-03,-7.022823e-02,2.954845e-02,5.474450e-02
2.84750,0.379646,0.491342,2.439409e-01,2.240481e-01,9.392816e-01,1.276537e-01,9.120979e-04,-7.029304e-02,2.956551e-02,5.474298e-02
2.85000,0.379355,0.491432,2.441998e-01,2.243369e-01,9.392290e-01,1.276549e-01,8.131876e-04,-7.035779e-02,2.958253e-02,5.474144e-02
2.85250,0.379063,0.491522,2.444607e-01,2.246259e-01,9.391766e-01,1.276562e-01,7.142454e-04,-7.042247e-02,2.959954e-02,5.473987e-02
2.85500,0.378771,0.491613,2.447238e-01,2.249148e-01,9.391244e-01,1.276575e-01,6.152670e-04,-7.048707e-02,2.961653e-02,5.473828e-02
2.85750,0.378479,0.491704,2.449870e-01,2.252039e-01,9.390724e-01,1.276588e-01,5.163084e-04,-7.055160e-02,2.963350e-02,5.473665e-02
2.86000,0.378188,0.491795,2.452500e-01,2.254929e-01,9.390206e-01,1.276600e-01,4.174148e-04,-7.061633e-02,2.965049e-02,5.473500e-02
2.86250,0.377896,0.491887,2.455131e-01,2.257821e-01,9.389690e-01,1.276613e-01,3.185557e-04,-7.068130e-02,2.966750e-02,5.473332e-02
2.86500,0.377604,0.491979,2.457785e-01,2.260713e-01,9.389176e-01,1.276625e-01,2.196945e-04,-7.074654e-02,2.968455e-02,5.473161e-02
2.86750,0.377313,0.492072,2.460458e-01,2.263605e-01,9.388665e-01,1.276637e-01,1.207621e-04,-7.081218e-02,2.970166e-02,5.472987e-02
2.87000,0.377021,0.492164,2.463131e-01,2.266498e-01,9.388156e-01,1.276650e-01,2.173202e-05,-7.087817e-02,2.971882e-02,5.472810e-02
2.87250,0.376729,0.492258,2.465803e-01,2.269392e-01,9.387650e-01,1.276662e-01,-7.737681e-05,-7.094450e-02,2.973602e-02,5.472630e-02
2.87500,0.376438,0.492351,2.468475e-01,2.272286e-01,9.387147e-01,1.276674e-01,-1.765486e-04,-7.101118e-02,2.975326e-02,5.472447e-02
2.87750,0.376146,0.492445,2.471147e-01,2.275181e-01,9.386646e-01,1.276686e-01,-2.757842e-04,-7.107813e-02,2.977051e-02,5.472262e-02
2.88000,0.375854,0.492539,2.473819e-01,2.278076e-01,9.386148e-01,1.276698e-01,-3.750873e-04,-7.114519e-02,2.978775e-02,5.472073e-02
2.88250,0.375562,0.492634,2.476490e-01,2.280972e-01,9.385653e-01,1.276710e-01,-4.744684e-04,-7.121218e-02,2.980495e-02,5.471881e-02
2.88500,0.375271,0.492728,2.479161e-01,2.283868e-01,9.385161e-01,1.276722e-01,-5.738317e-04,-7.127921e-02,2.982211e-02,5.471687e-02
2.88750,0.374979,0.492824,2.481832e-01,2.286765e-01,9.384672e-01,1.276734e-01,-6.731084e-04,-7.134646e-02,2.983924e-02,5.471490e-02
2.89000,0.374687,0.492919,2.484502e-01,2.289662e-01,9.384185e-01,1.276746e-01,-7.722927e-04,-7.141377e-02,2.985633e-02,5.471290e-02
2.89250,0.374396,0.493015,2.487173e-01,2.292560e-01,9.383701e-01,1.276757e-01,-8.714063e-04,-7.148118e-02,2.987337e-02,5.471087e-02
2.89500,0.374104,0.493112,2.489842e-01,2.295459e-01,9.383218e-01,1.276769e-01,-9.705353e-04,-7.154883e-02,2.989036e-02,5.470881e-02
2.89750,0.373812,0.493208,2.492512e-01,2.298358e-01,9.382738e-01,1.276781e-01,-1.069732e-03,-7.161670e-02,2.990732e-02,5.470672e-02
2.90000,0.373521,0.493305,2.495181e-01,2.301257e-01,9.382259e-01,1.276792e-01,-1.169052e-03,-7.168496e-02,2.992424e-02,5.470461e-02
2.90250,0.373229,0.493403,2.497850e-01,2.304157e-01,9.381782e-01,1.276804e-01,-1.268547e-03,-7.175368e-02,2.994115e-02,5.470246e-02
2.90500,0.372937,0.493500,2.500519e-01,2.307058e-01,9.381305e-01,1.276815e-01,-1.368260e-03,-7.182288e-02,2.995805e-02,5.470029e-02
2.90750,0.372645,0.493598,2.503187e-01,2.309959e-01,9.380829e-01,1.276826e-01,-1.468204e-03,-7.189260e-02,2.997496e-02,5.469809e-02
2.91000,0.372354,0.493697,2.505855e-01,2.312860e-01,9.380354e-01,1.276838e-01,-1.568376e-03,-7.196269e-02,2.999186e-02,5.469586e-02
2.91250,0.372062,0.493796,2.508523e-01,2.315762e-01,9.379878e-01,1.276849e-01,-1.668835e-03,-7.203305e-02,3.000874e-02,5.469360e-02
2.91500,0.371771,0.493895,2.511191e-01,2.318665e-01,9.379403e-01,1.276860e-01,-1.769616e-03,-7.210362e-02,3.002557e-02,5.469131e-02
2.91750,0.371479,0.493994,2.513858e-01,2.321568e-01,9.378927e-01,1.276871e-01,-1.870686e-03,-7.217415e-02,3.004232e-02,5.468900e-02
2.92000,0.371187,0.494094,2.516525e-01,2.324472e-01,9.378450e-01,1.276882e-01,-1.971986e-03,-7.224432e-02,3.005896e-02,5.468666e-02
2.92250,0.370896,0.494194,2.519191e-01,2.327376e-01,9.377972e-01,1.276893e-01,-2.073480e-03,-7.231389e-02,3.007544e-02,5.468429e-02
2.92500,0.370604,0.494295,2.521857e-01,2.330280e-01,9.377493e-01,1.276904e-01,-2.175100e-03,-7.238256e-02,3.009172e-02,5.468190e-02
2.92750,0.370312,0.494396,2.524523e-01,2.333185e-01,9.377013e-01,1.276915e-01,-2.276765e-03,-7.245006e-02,3.010777e-02,5.467949e-02
2.93000,0.370021,0.494497,2.527189e-01,2.336091e-01,9.376532e-01,1.276925e-01,-2.378401e-03,-7.251641e-02,3.012356e-02,5.467705e-02
2.93250,0.369729,0.494599,2.529855e-01,2.338997e-01,9.376049e-01,1.276936e-01,-2.479998e-03,-7.258175e-02,3.013912e-02,5.467458e-02
2.93500,0.369438,0.494701,2.532520e-01,2.341904e-01,9.375565e-01,1.276947e-01,-2.581499e-03,-7.264594e-02,3.015443e-02,5.467209e-02
2.93750,0.369146,0.494803,2.535184e-01,2.344811e-01,9.375080e-01,1.276957e-01,-2.682920e-03,-7.270902e-02,3.016949e-02,5.466958e-02
2.94000,0.368854,0.494906,2.537849e-01,2.347718e-01,9.374490e-01,1.276968e-01,-2.784272e-03,-7.277111e-02,3.018431e-02,5.466705e-02
2.94250,0.368563,0.495009,2.540513e-01,2.350626e-01,9.373769e-01,1.276978e-01,-2.885589e-03,-7.283230e-02,3.019892e-02,5.466449e-02
2.94500,0.368271,0.495112,2.543177e-01,2.353535e-01,9.373051e-01,1.276989e-01,-2.986931e-03,-7.289252e-02,3.021333e-02,5.466192e-02
2.94750,0.367980,0.495216,2.545867e-01,2.356444e-01,9.372335e-01,1.276999e-01,-3.088322e-03,-7.295186e-02,3.022754e-02,5.465932e-02
2.95000,0.367688,0.495320,2.548574e-01,2.359353e-01,9.371622e-01,1.277009e-01,-3.189728e-03,-7.301039e-02,3.024157e-02,5.465670e-02
2.95250,0.367397,0.495425,2.551281e-01,2.362263e-01,9.370914e-01,1.277020e-01,-3.291076e-03,-7.306823e-02,3.025543e-02,5.465405e-02
2.95500,0.367105,0.495530,2.553987e-01,2.365174e-01,9.370209e-01,1.277030e-01,-3.392335e-03,-7.312556e-02,3.026912e-02,5.465139e-02
2.95750,0.366814,0.495635,2.556693e-01,2.368085e-01,9.369509e-01,1.277040e-01,-3.493456e-03,-7.318237e-02,3.028265e-02,5.464870e-02
2.96000,0.366522,0.495741,2.559412e-01,2.370996e-01,9.368814e-01,1.277050e-01,-3.594395e-03,-7.323850e-02,3.029600e-02,5.464600e-02
2.96250,0.366231,0.495847,2.562161e-01,2.373908e-01,9.368124e-01,1.277060e-01,-3.695140e-03,-7.329379e-02,3.030917e-02,5.464327e-02
2.96500,0.365940,0.495953,2.564910e-01,2.376820e-01,9.367438e-01,1.277070e-01,-3.795723e-03,-7.334826e-02,3.032214e-02,5.464053e-02
2.96750,0.365648,0.496060,2.567658e-01,2.379733e-01,9.366757e-01,1.277080e-01,-3.896159e-03,-7.340195e-02,3.033491e-02,5.463776e-02
2.97000,0.365357,0.496167,2.570406e-01,2.382646e-01,9.366081e-01,1.277090e-01,-3.996502e-03,-7.345496e-02,3.034749e-02,5.463497e-02
2.97250,0.365066,0.496274,2.573153e-01,2.385560e-01,9.365410e-01,1.277099e-01,-4.096810e-03,-7.350733e-02,3.035989e-02,5.463217e-02
2.97500,0.364774,0.496382,2.575900e-01,2.388474e-01,9.364742e-01,1.277109e-01,-4.197068e-03,-7.355933e-02,3.037215e-02,5.462934e-02
2.97750,0.364483,0.496490,2.578647e-01,2.391389e-01,9.364078e-01,1.277119e-01,-4.297326e-03,-7.361100e-02,3.038427e-02,5.462649e-02
2.98000,0.364192,0.496599,2.581394e-01,2.394304e-01,9.363419e-01,1.277128e-01,-4.397633e-03,-7.366223e-02,3.039624e-02,5.462363e-02
2.98250,0.363900,0.496708,2.584140e-01,2.397219e-01,9.362762e-01,1.277138e-01,-4.498007e-03,-7.371304e-02,3.040805e-02,5.462074e-02
2.98500,0.363609,0.496817,2.586886e-01,2.400135e-01,9.362109e-01,1.277147e-01,-4.598505e-03,-7.376335e-02,3.041969e-02,5.461784e-02
2.98750,0.363318,0.496927,2.589631e-01,2.403052e-01,9.361459e-01,1.277157e-01,-4.699171e-03,-7.381317e-02,3.043115e-02,5.461492e-02
2.99000,0.363027,0.497037,2.592377e-01,2.405969e-01,9.360813e-01,1.277166e-01,-4.800046e-03,-7.386262e-02,3.044246e-02,5.461198e-02
2.99250,0.362735,0.497147,2.595122e-01,2.408886e-01,9.360169e-01,1.277175e-01,-4.901123e-03,-7.391189e-02,3.045363e-02,5.460902e-02
2.99500,0.362444,0.497258,2.597866e-01,2.411804e-01,9.359528e-01,1.277185e-01,-5.002300e-03,-7.396102e-02,3.046469e-02,5.460604e-02
2.99750,0.362153,0.497369,2.600610e-01,2.414722e-01,9.358891e-01,1.277194e-01,-5.103516e-03,-7.401007e-02,3.047565e-02,5.460305e-02
3.00000,0.361862,0.497480,2.603354e-01,2.417640e-01,9.358256e-01,1.277203e-01,-5.204754e-03,-7.405932e-02,3.048652e-02,5.460003e-02
3.00250,0.361571,0.497592,2.606098e-01,2.420559e-01,9.357624e-01,1.277212e-01,-5.305979e-03,-7.410907e-02,3.049735e-02,5.459700e-02
3.00500,0.361280,0.497704,2.608841e-01,2.423479e-01,9.356995e-01,1.277221e-01,-5.407181e-03,-7.415951e-02,3.050816e-02,5.459395e-02
3.00750,0.360989,0.497817,2.611584e-01,2.426399e-01,9.356369e-01,1.277230e-01,-5.508343e-03,-7.421074e-02,3.051898e-02,5.459088e-02
3.01000,0.360698,0.497930,2.614327e-01,2.429319e-01,9.355746e-01,1.277239e-01,-5.609469e-03,-7.426261e-02,3.052981e-02,5.458779e-02
3.01250,0.360407,0.498043,2.617069e-01,2.432240e-01,9.355126e-01,1.277248e-01,-5.710534e-03,-7.431507e-02,3.054066e-02,5.458468e-02
3.01500,0.360116,0.498157,2.619811e-01,2.435161e-01,9.354509e-01,1.277257e-01,-5.811543e-03,-7.436822e-02,3.055154e-02,5.458155e-02
3.01750,0.359825,0.498271,2.622553e-01,2.438082e-01,9.353895e-01,1.277265e-01,-5.912592e-03,-7.442219e-02,3.056247e-02,5.457840e-02
3.02000,0.359534,0.498385,2.625294e-01,2.441004e-01,9.353283e-01,1.277274e-01,-6.013737e-03,-7.447714e-02,3.057349e-02,5.457523e-02
3.02250,0.359243,0.498500,2.628035e-01,2.443927e-01,9.352674e-01,1.277283e-01,-6.114998e-03,-7.453307e-02,3.058462e-02,5.457204e-02
3.02500,0.358952,0.498615,2.630776e-01,2.446849e-01,9.352067e-01,1.277291e-01,-6.216332e-03,-7.458971e-02,3.059581e-02,5.456883e-02
3.02750,0.358661,0.498730,2.633516e-01,2.449773e-01,9.351462e-01,1.277300e-01,-6.317724e-03,-7.464678e-02,3.060701e-02,5.456559e-02
3.03000,0.358370,0.498846,2.636257e-01,2.452696e-01,9.350859e-01,1.277309e-01,-6.419195e-03,-7.470397e-02,3.061817e-02,5.456234e-02
3.03250,0.358080,0.498963,2.638996e-01,2.455620e-01,9.350257e-01,1.277317e-01,-6.520789e-03,-7.476119e-02,3.062928e-02,5.455906e-02
3.03500,0.357789,0.499079,2.641737e-01,2.458545e-01,9.349657e-01,1.277325e-01,-6.622532e-03,-7.481823e-02,3.064030e-02,5.455577e-02
3.03750,0.357498,0.499196,2.644519e-01,2.461469e-01,9.349058e-01,1.277334e-01,-6.724404e-03,-7.487488e-02,3.065122e-02,5.455245e-02
3.04000,0.357208,0.499314,2.647302e-01,2.464395e-01,9.348460e-01,1.277342e-01,-6.826339e-03,-7.493098e-02,3.066201e-02,5.454911e-02
3.04250,0.356917,0.499431,2.650083e-01,2.467320e-01,9.347864e-01,1.277350e-01,-6.928283e-03,-7.498658e-02,3.067264e-02,5.454575e-02
3.04500,0.356626,0.499549,2.652865e-01,2.470246e-01,9.347269e-01,1.277358e-01,-7.030223e-03,-7.504163e-02,3.068312e-02,5.454237e-02
3.04750,0.356336,0.499668,2.655646e-01,2.473173e-01,9.346675e-01,1.277367e-01,-7.132214e-03,-7.509610e-02,3.069342e-02,5.453898e-02
3.05000,0.356045,0.499787,2.658454e-01,2.476099e-01,9.346083e-01,1.277375e-01,-7.234265e-03,-7.514992e-02,3.070356e-02,5.453556e-02
3.05250,0.355755,0.499906,2.661278e-01,2.479027e-01,9.345491e-01,1.277383e-01,-7.336384e-03,-7.520321e-02,3.071353e-02,5.453212e-02
3.05500,0.355464,0.500025,2.664100e-01,2.481954e-01,9.344901e-01,1.277391e-01,-7.438592e-03,-7.525624e-02,3.072339e-02,5.452866e-02
3.05750,0.355174,0.500145,2.666923e-01,2.484882e-01,9.344311e-01,1.277399e-01,-7.540868e-03,-7.530909e-02,3.073316e-02,5.452518e-02
3.06000,0.354883,0.500266,2.669745e-01,2.487810e-01,9.343723e-01,1.277407e-01,-7.643234e-03,-7.536179e-02,3.074285e-02,5.452169e-02
3.06250,0.354593,0.500386,2.672567e-01,2.490739e-01,9.343136e-01,1.277415e-01,-7.745785e-03,-7.541439e-02,3.075248e-02,5.451817e-02
3.06500,0.354303,0.500508,2.675388e-01,2.493668e-01,9.342551e-01,1.277422e-01,-7.848494e-03,-7.546671e-02,3.076203e-02,5.451463e-02
3.06750,0.354012,0.500629,2.678209e-01,2.496597e-01,9.341968e-01,1.277430e-01,-7.951215e-03,-7.551856e-02,3.077146e-02,5.451107e-02
3.07000,0.353722,0.500751,2.681030e-01,2.499527e-01,9.341387e-01,1.277438e-01,-8.053853e-03,-7.556999e-02,3.078075e-02,5.450750e-02
3.07250,0.353432,0.500873,2.683850e-01,2.502457e-01,9.340807e-01,1.277445e-01,-8.156335e-03,-7.562083e-02,3.078987e-02,5.450390e-02
3.07500,0.353142,0.500996,2.686670e-01,2.505388e-01,9.340230e-01,1.277453e-01,-8.258579e-03,-7.567071e-02,3.079877e-02,5.450029e-02
3.07750,0.352852,0.501118,2.689489e-01,2.508319e-01,9.339656e-01,1.277461e-01,-8.360566e-03,-7.571953e-02,3.080740e-02,5.449666e-02
3.08000,0.352562,0.501242,2.692308e-01,2.511250e-01,9.339083e-01,1.277468e-01,-8.462310e-03,-7.576729e-02,3.081575e-02,5.449301e-02
3.08250,0.352271,0.501365,2.695127e-01,2.514182e-01,9.338513e-01,1.277476e-01,-8.563807e-03,-7.581395e-02,3.082381e-02,5.448934e-02
3.08500,0.351981,0.501490,2.697945e-01,2.517114e-01,9.337944e-01,1.277483e-01,-8.665101e-03,-7.585960e-02,3.083160e-02,5.448566e-02
3.08750,0.351691,0.501614,2.700763e-01,2.520046e-01,9.337377e-01,1.277491e-01,-8.766188e-03,-7.590426e-02,3.083911e-02,5.448196e-02
3.09000,0.351402,0.501739,2.703581e-01,2.522979e-01,9.336811e-01,1.277498e-01,-8.867024e-03,-7.594799e-02,3.084634e-02,5.447825e-02
3.09250,0.351112,0.501864,2.706398e-01,2.525912e-01,9.336246e-01,1.277505e-01,-8.967603e-03,-7.599081e-02,3.085327e-02,5.447452e-02
3.09500,0.350822,0.501990,2.709215e-01,2.528845e-01,9.335682e-01,1.277512e-01,-9.068005e-03,-7.603283e-02,3.085992e-02,5.447078e-02
3.09750,0.350532,0.502116,2.712031e-01,2.531779e-01,9.335118e-01,1.277520e-01,-9.168313e-03,-7.607420e-02,3.086632e-02,5.446702e-02
3.10000,0.350242,0.502242,2.714847e-01,2.534713e-01,9.334554e-01,1.277527e-01,-9.268599e-03,-7.611497e-02,3.087248e-02,5.446325e-02
3.10250,0.349952,0.502369,2.717663e-01,2.537648e-01,9.333990e-01,1.277534e-01,-9.368878e-03,-7.615522e-02,3.087844e-02,5.445947e-02
3.10500,0.349663,0.502496,2.720479e-01,2.540582e-01,9.333424e-01,1.277541e-01,-9.469142e-03,-7.619510e-02,3.088420e-02,5.445567e-02
3.10750,0.349373,0.502623,2.723294e-01,2.543517e-01,9.332858e-01,1.277548e-01,-9.569400e-03,-7.623475e-02,3.088980e-02,5.445186e-02
3.11000,0.349084,0.502751,2.726108e-01,2.546453e-01,9.332290e-01,1.277555e-01,-9.669667e-03,-7.627426e-02,3.089524e-02,5.444803e-02
3.11250,0.348794,0.502879,2.728922e-01,2.549389e-01,9.331720e-01,1.277562e-01,-9.769904e-03,-7.631381e-02,3.090055e-02,5.444419e-02
3.11500,0.348505,0.503008,2.731736e-01,2.552325e-01,9.331148e-01,1.277569e-01,-9.870044e-03,-7.635343e-02,3.090572e-02,5.444034e-02
3.11750,0.348215,0.503137,2.734550e-01,2.555261e-01,9.330573e-01,1.277576e-01,-9.969985e-03,-7.639307e-02,3.091074e-02,5.443648e-02
3.12000,0.347926,0.503266,2.737384e-01,2.558198e-01,9.329996e-01,1.277583e-01,-1.006967e-02,-7.643260e-02,3.091561e-02,5.443260e-02
3.12250,0.347636,0.503396,2.740239e-01,2.561135e-01,9.329416e-01,1.277589e-01,-1.016915e-02,-7.647195e-02,3.092029e-02,5.442871e-02
3.12500,0.347347,0.503526,2.743094e-01,2.564073e-01,9.328833e-01,1.277596e-01,-1.026851e-02,-7.651112e-02,3.092481e-02,5.442481e-02
3.12750,0.347058,0.503656,2.745948e-01,2.567010e-01,9.328246e-01,1.277603e-01,-1.036778e-02,-7.655012e-02,3.092918e-02,5.442090e-02
3.13000,0.346769,0.503787,2.748802e-01,2.569949e-01,9.327656e-01,1.277610e-01,-1.046696e-02,-7.658909e-02,3.093340e-02,5.441697e-02
3.13250,0.346479,0.503918,2.751659e-01,2.572887e-01,9.327061e-01,1.277616e-01,-1.056602e-02,-7.662821e-02,3.093752e-02,5.441304e-02
3.13500,0.346190,0.504050,2.754554e-01,2.575826e-01,9.326462e-01,1.277623e-01,-1.066495e-02,-7.666753e-02,3.094154e-02,5.440909e-02
3.13750,0.345901,0.504182,2.757448e-01,2.578765e-01,9.325858e-01,1.277629e-01,-1.076368e-02,-7.670671e-02,3.094541e-02,5.440513e-02
3.14000,0.345612,0.504314,2.760343e-01,2.581704e-01,9.325250e-01,1.277636e-01,-1.086215e-02,-7.674552e-02,3.094910e-02,5.440116e-02
3.14250,0.345323,0.504447,2.763237e-01,2.584644e-01,9.324636e-01,1.277642e-01,-1.096037e-02,-7.678376e-02,3.095259e-02,5.439717e-02
3.14500,0.345034,0.504580,2.766130e-01,2.587584e-01,9.324017e-01,1.277649e-01,-1.105835e-02,-7.682134e-02,3.095587e-02,5.439318e-02
3.14750,0.344746,0.504714,2.769023e-01,2.590524e-01,9.323393e-01,1.277655e-01,-1.115608e-02,-7.685829e-02,3.095895e-02,5.438917e-02
3.15000,0.344457,0.504848,2.771916e-01,2.593465e-01,9.322764e-01,1.277662e-01,-1.125361e-02,-7.689489e-02,3.096185e-02,5.438516e-02
3.15250,0.344168,0.504982,2.774808e-01,2.596406e-01,9.322131e-01,1.277668e-01,-1.135102e-02,-7.693116e-02,3.096461e-02,5.438113e-02
3.15500,0.343879,0.505116,2.777699e-01,2.599347e-01,9.321494e-01,1.277674e-01,-1.144839e-02,-7.696707e-02,3.096724e-02,5.437708e-02
3.15750,0.343591,0.505251,2.780590e-01,2.602288e-01,9.320853e-01,1.277680e-01,-1.154570e-02,-7.700257e-02,3.096972e-02,5.437303e-02
3.16000,0.343302,0.505387,2.783481e-01,2.605230e-01,9.320209e-01,1.277687e-01,-1.164288e-02,-7.703788e-02,3.097208e-02,5.436896e-02
3.16250,0.343014,0.505523,2.786371e-01,2.608172e-01,9.319563e-01,1.277693e-01,-1.173996e-02,-7.707316e-02,3.097434e-02,5.436489e-02
3.16500,0.342725,0.505659,2.789261e-01,2.611115e-01,9.318915e-01,1.277699e-01,-1.183699e-02,-7.710838e-02,3.097651e-02,5.436079e-02
3.16750,0.342437,0.505795,2.792150e-01,2.614057e-01,9.318266e-01,1.277705e-01,-1.193402e-02,-7.714360e-02,3.097859e-02,5.435669e-02
3.17000,0.342149,0.505932,2.795039e-01,2.617000e-01,9.317616e-01,1.277711e-01,-1.203107e-02,-7.717888e-02,3.098061e-02,5.435257e-02
3.17250,0.341860,0.506070,2.797928e-01,2.619944e-01,9.316967e-01,1.277717e-01,-1.212810e-02,-7.721431e-02,3.098259e-02,5.434844e-02
3.17500,0.341572,0.506207,2.800816e-01,2.622887e-01,9.316318e-01,1.277723e-01,-1.222519e-02,-7.724995e-02,3.098455e-02,5.434430e-02
3.17750,0.341284,0.506345,2.803703e-01,2.625831e-01,9.315672e-01,1.277729e-01,-1.232238e-02,-7.728572e-02,3.098649e-02,5.434015e-02
3.18000,0.340996,0.506484,2.806590e-01,2.628775e-01,9.315028e-01,1.277735e-01,-1.241966e-02,-7.732143e-02,3.098838e-02,5.433598e-02
3.18250,0.340708,0.506623,2.809477e-01,2.631720e-01,9.314388e-01,1.277741e-01,-1.251694e-02,-7.735687e-02,3.099019e-02,5.433179e-02
3.18500,0.340420,0.506762,2.812363e-01,2.634664e-01,9.313752e-01,1.277747e-01,-1.261423e-02,-7.739192e-02,3.099188e-02,5.432760e-02
3.18750,0.340132,0.506901,2.815249e-01,2.637609e-01,9.313122e-01,1.277753e-01,-1.271152e-02,-7.742660e-02,3.099343e-02,5.432339e-02
3.19000,0.339844,0.507041,2.818134e-01,2.640555e-01,9.312498e-01,1.277759e-01,-1.280881e-02,-7.746100e-02,3.099484e-02,5.431916e-02
3.19250,0.339556,0.507182,2.821019e-01,2.643500e-01,9.311881e-01,1.277764e-01,-1.290611e-02,-7.749515e-02,3.099611e-02,5.431493e-02
3.19500,0.339268,0.507323,2.823903e-01,2.646446e-01,9.311271e-01,1.277770e-01,-1.300345e-02,-7.752895e-02,3.099723e-02,5.431068e-02
3.19750,0.338981,0.507464,2.826787e-01,2.649392e-01,9.310669e-01,1.277776e-01,-1.310084e-02,-7.756228e-02,3.099818e-02,5.430642e-02
3.20000,0.338693,0.507605,2.829696e-01,2.652338e-01,9.310075e-01,1.277782e-01,-1.319830e-02,-7.759508e-02,3.099896e-02,5.430215e-02
3.20250,0.338406,0.507747,2.832620e-01,2.655285e-01,9.309490e-01,1.277787e-01,-1.329582e-02,-7.762737e-02,3.099954e-02,5.429786e-02
3.20500,0.338118,0.507889,2.835544e-01,2.658232e-01,9.308913e-01,1.277793e-01,-1.339336e-02,-7.765931e-02,3.099993e-02,5.429357e-02
3.20750,0.337831,0.508032,2.838467e-01,2.661179e-01,9.308345e-01,1.277798e-01,-1.349093e-02,-7.769106e-02,3.100016e-02,5.428926e-02
3.21000,0.337543,0.508175,2.841389e-01,2.664126e-01,9.307785e-01,1.277804e-01,-1.358854e-02,-7.772274e-02,3.100024e-02,5.428494e-02
3.21250,0.337256,0.508319,2.844319e-01,2.667074e-01,9.307235e-01,1.277810e-01,-1.368622e-02,-7.775450e-02,3.100021e-02,5.428061e-02
3.21500,0.336969,0.508462,2.847281e-01,2.670022e-01,9.306693e-01,1.277815e-01,-1.378398e-02,-7.778630e-02,3.100007e-02,5.427627e-02
3.21750,0.336682,0.508607,2.850242e-01,2.672970e-01,9.306159e-01,1.277821e-01,-1.388185e-02,-7.781808e-02,3.099982e-02,5.427191e-02
3.22000,0.336394,0.508751,2.853203e-01,2.675919e-01,9.305633e-01,1.277826e-01,-1.397986e-02,-7.784988e-02,3.099946e-02,5.426755e-02
3.22250,0.336107,0.508896,2.856164e-01,2.678867e-01,9.305116e-01,1.277831e-01,-1.407804e-02,-7.788178e-02,3.099900e-02,5.426317e-02
3.22500,0.335821,0.509041,2.859124e-01,2.681816e-01,9.304606e-01,1.277837e-01,-1.417639e-02,-7.791388e-02,3.099845e-02,5.425879e-02
3.22750,0.335534,0.509187,2.862084e-01,2.684766e-01,9.304104e-01,1.277842e-01,-1.427488e-02,-7.794610e-02,3.099778e-02,5.425439e-02
3.23000,0.335247,0.509333,2.865043e-01,2.687715e-01,9.303609e-01,1.277848e-01,-1.437347e-02,-7.797814e-02,3.099696e-02,5.424998e-02
3.23250,0.334960,0.509480,2.868001e-01,2.690665e-01,9.303120e-01,1.277853e-01,-1.447215e-02,-7.800985e-02,3.099593e-02,5.424556e-02
3.23500,0.334673,0.509627,2.870959e-01,2.693615e-01,9.302639e-01,1.277858e-01,-1.457090e-02,-7.804127e-02,3.099470e-02,5.424113e-02
3.23750,0.334387,0.509774,2.873917e-01,2.696565e-01,9.302164e-01,1.277863e-01,-1.466974e-02,-7.807245e-02,3.099328e-02,5.423669e-02
3.24000,0.334100,0.509922,2.876874e-01,2.699515e-01,9.301694e-01,1.277869e-01,-1.476872e-02,-7.810317e-02,3.099163e-02,5.423225e-02
3.24250,0.333814,0.510070,2.879830e-01,2.702466e-01,9.301230e-01,1.277874e-01,-1.486785e-02,-7.813313e-02,3.098973e-02,5.422779e-02
3.24500,0.333527,0.510218,2.882786e-01,2.705417e-01,9.300771e-01,1.277879e-01,-1.496709e-02,-7.816223e-02,3.098755e-02,5.422333e-02
3.24750,0.333241,0.510367,2.885742e-01,2.708368e-01,9.300316e-01,1.277884e-01,-1.506635e-02,-7.819041e-02,3.098508e-02,5.421887e-02
3.25000,0.332955,0.510516,2.888696e-01,2.711320e-01,9.299866e-01,1.277889e-01,-1.516553e-02,-7.821776e-02,3.098232e-02,5.421440e-02
3.25250,0.332669,0.510666,2.891651e-01,2.714271e-01,9.299420e-01,1.277894e-01,-1.526450e-02,-7.824436e-02,3.097927e-02,5.420992e-02
3.25500,0.332383,0.510816,2.894605e-01,2.717223e-01,9.298977e-01,1.277900e-01,-1.536322e-02,-7.827024e-02,3.097594e-02,5.420544e-02
3.25750,0.332096,0.510966,2.897558e-01,2.720175e-01,9.298538e-01,1.277905e-01,-1.546180e-02,-7.829553e-02,3.097236e-02,5.420096e-02
3.26000,0.331811,0.511117,2.900511e-01,2.723128e-01,9.298102e-01,1.277910e-01,-1.556036e-02,-7.832025e-02,3.096854e-02,5.419647e-02
3.26250,0.331525,0.511268,2.903464e-01,2.726080e-01,9.297669e-01,1.277915e-01,-1.565904e-02,-7.834433e-02,3.096451e-02,5.419197e-02
3.26500,0.331239,0.511420,2.906416e-01,2.729033e-01,9.297239e-01,1.277920e-01,-1.575781e-02,-7.836781e-02,3.096027e-02,5.418748e-02
3.26750,0.330953,0.511572,2.909367e-01,2.731986e-01,9.296810e-01,1.277925e-01,-1.585664e-02,-7.839070e-02,3.095582e-02,5.418297e-02
3.27000,0.330667,0.511724,2.912318e-01,2.734939e-01,9.296384e-01,1.277930e-01,-1.595552e-02,-7.841305e-02,3.095116e-02,5.417847e-02
3.27250,0.330382,0.511877,2.915268e-01,2.737893e-01,9.295959e-01,1.277935e-01,-1.605434e-02,-7.843487e-02,3.094629e-02,5.417396e-02
3.27500,0.330096,0.512030,2.918218e-01,2.740847e-01,9.295537e-01,1.277940e-01,-1.615306e-02,-7.845618e-02,3.094123e-02,5.416944e-02
3.27750,0.329811,0.512183,2.921200e-01,2.743800e-01,9.295116e-01,1.277945e-01,-1.625168e-02,-7.847687e-02,3.093595e-02,5.416493e-02
3.28000,0.329526,0.512337,2.924188e-01,2.746755e-01,9.294697e-01,1.277949e-01,-1.635025e-02,-7.849696e-02,3.093045e-02,5.416041e-02
3.28250,0.329240,0.512491,2.927175e-01,2.749709e-01,9.294281e-01,1.277954e-01,-1.644878e-02,-7.851656e-02,3.092476e-02,5.415589e-02
3.28500,0.328955,0.512646,2.930162e-01,2.752663e-01,9.293867e-01,1.277959e-01,-1.654724e-02,-7.853570e-02,3.091889e-02,5.415136e-02
3.28750,0.328670,0.512801,2.933148e-01,2.755618e-01,9.293456e-01,1.277964e-01,-1.664561e-02,-7.855437e-02,3.091285e-02,5.414683e-02
3.29000,0.328385,0.512956,2.936146e-01,2.758573e-01,9.293048e-01,1.277969e-01,-1.674388e-02,-7.857248e-02,3.090662e-02,5.414230e-02
3.29250,0.328100,0.513112,2.939170e-01,2.761528e-01,9.292644e-01,1.277974e-01,-1.684205e-02,-7.858994e-02,3.090019e-02,5.413777e-02
3.29500,0.327815,0.513268,2.942193e-01,2.764484e-01,9.292243e-01,1.277978e-01,-1.694005e-02,-7.860669e-02,3.089355e-02,5.413323e-02
3.29750,0.327531,0.513425,2.945215e-01,2.767439e-01,9.291846e-01,1.277983e-01,-1.703779e-02,-7.862265e-02,3.088667e-02,5.412870e-02
3.30000,0.327246,0.513582,2.948237e-01,2.770395e-01,9.291452e-01,1.277988e-01,-1.713533e-02,-7.863783e-02,3.087956e-02,5.412416e-02
3.30250,0.326961,0.513739,2.951258e-01,2.773351e-01,9.291062e-01,1.277993e-01,-1.723276e-02,-7.865223e-02,3.087221e-02,5.411962e-02
3.30500,0.326677,0.513897,2.954279e-01,2.776307e-01,9.290675e-01,1.277997e-01,-1.733015e-02,-7.866594e-02,3.086464e-02,5.411508e-02
3.30750,0.326392,0.514055,2.957299e-01,2.779264e-01,9.290292e-01,1.278002e-01,-1.742762e-02,-7.867902e-02,3.085686e-02,5.411054e-02
3.31000,0.326108,0.514213,2.960319e-01,2.782220e-01,9.289910e-01,1.278007e-01,-1.752523e-02,-7.869151e-02,3.084888e-02,5.410600e-02
3.31250,0.325824,0.514372,2.963337e-01,2.785177e-01,9.289532e-01,1.278012e-01,-1.762301e-02,-7.870351e-02,3.084074e-02,5.410146e-02
3.31500,0.325539,0.514532,2.966356e-01,2.788134e-01,9.289155e-01,1.278016e-01,-1.772090e-02,-7.871529e-02,3.083246e-02,5.409692e-02
3.31750,0.325255,0.514691,2.969373e-01,2.791091e-01,9.288779e-01,1.278021e-01,-1.781885e-02,-7.872690e-02,3.082406e-02,5.409238e-02
3.32000,0.324971,0.514851,2.972390e-01,2.794049e-01,9.288404e-01,1.278026e-01,-1.791678e-02,-7.873850e-02,3.081555e-02,5.408783e-02
3.32250,0.324687,0.515012,2.975406e-01,2.797006e-01,9.288029e-01,1.278030e-01,-1.801469e-02,-7.875014e-02,3.080695e-02,5.408329e-02
3.32500,0.324404,0.515173,2.978422e-01,2.799964e-01,9.287652e-01,1.278035e-01,-1.811262e-02,-7.876191e-02,3.079827e-02,5.407875e-02
3.32750,0.324120,0.515334,2.981437e-01,2.802922e-01,9.287274e-01,1.278039e-01,-1.821060e-02,-7.877401e-02,3.078955e-02,5.407420e-02
3.33000,0.323836,0.515495,2.984452e-01,2.805880e-01,9.286893e-01,1.278044e-01,-1.830864e-02,-7.878655e-02,3.078081e-02,5.406965e-02
3.33250,0.323553,0.515657,2.987466e-01,2.808838e-01,9.286509e-01,1.278049e-01,-1.840678e-02,-7.879970e-02,3.077208e-02,5.406510e-02
3.33500,0.323269,0.515820,2.990479e-01,2.811797e-01,9.286120e-01,1.278053e-01,-1.850509e-02,-7.881340e-02,3.076339e-02,5.406055e-02
3.33750,0.322986,0.515983,2.993491e-01,2.814755e-01,9.285727e-01,1.278058e-01,-1.860352e-02,-7.882743e-02,3.075470e-02,5.405600e-02
3.34000,0.322702,0.516146,2.996503e-01,2.817714e-01,9.285328e-01,1.278062e-01,-1.870198e-02,-7.884174e-02,3.074600e-02,5.405144e-02
3.34250,0.322419,0.516309,2.999515e-01,2.820673e-01,9.284924e-01,1.278067e-01,-1.880050e-02,-7.885637e-02,3.073726e-02,5.404688e-02
3.34500,0.322136,0.516473,3.002526e-01,2.823632e-01,9.284514e-01,1.278071e-01,-1.889902e-02,-7.887138e-02,3.072850e-02,5.404231e-02
3.34750,0.321853,0.516638,3.005536e-01,2.826592e-01,9.284097e-01,1.278076e-01,-1.899748e-02,-7.888675e-02,3.071969e-02,5.403775e-02
3.35000,0.321570,0.516802,3.008545e-01,2.829551e-01,9.283674e-01,1.278080e-01,-1.909581e-02,-7.890229e-02,3.071082e-02,5.403318e-02
3.35250,0.321287,0.516967,3.011554e-01,2.832511e-01,9.283244e-01,1.278085e-01,-1.919404e-02,-7.891791e-02,3.070188e-02,5.402861e-02
3.35500,0.321005,0.517133,3.014579e-01,2.835471e-01,9.282808e-01,1.278089e-01,-1.929213e-02,-7.893345e-02,3.069282e-02,5.402403e-02
3.35750,0.320722,0.517299,3.017624e-01,2.838431e-01,9.282366e-01,1.278094e-01,-1.939014e-02,-7.894882e-02,3.068365e-02,5.401946e-02
3.36000,0.320439,0.517465,3.020668e-01,2.841391e-01,9.281918e-01,1.278098e-01,-1.948805e-02,-7.896405e-02,3.067437e-02,5.401488e-02
3.36250,0.320157,0.517632,3.023712e-01,2.844351e-01,9.281464e-01,1.278103e-01,-1.958581e-02,-7.897908e-02,3.066496e-02,5.401030e-02
3.36500,0.319874,0.517799,3.026755e-01,2.847312e-01,9.281003e-01,1.278107e-01,-1.968339e-02,-7.899402e-02,3.065544e-02,5.400572e-02
3.36750,0.319592,0.517966,3.029797e-01,2.850272e-01,9.280538e-01,1.278112e-01,-1.978078e-02,-7.900897e-02,3.064582e-02,5.400113e-02
3.37000,0.319310,0.518134,3.032838e-01,2.853233e-01,9.280067e-01,1.278116e-01,-1.987810e-02,-7.902390e-02,3.063612e-02,5.399655e-02
3.37250,0.319028,0.518302,3.035894e-01,2.856194e-01,9.279593e-01,1.278121e-01,-1.997541e-02,-7.903877e-02,3.062633e-02,5.399196e-02
3.37500,0.318746,0.518471,3.038971e-01,2.859155e-01,9.279115e-01,1.278125e-01,-2.007276e-02,-7.905346e-02,3.061644e-02,5.398736e-02
3.37750,0.318464,0.518640,3.042047e-01,2.862117e-01,9.278635e-01,1.278130e-01,-2.017024e-02,-7.906797e-02,3.060647e-02,5.398277e-02
3.38000,0.318182,0.518809,3.045122e-01,2.865078e-01,9.278154e-01,1.278134e-01,-2.026791e-02,-7.908236e-02,3.059641e-02,5.397817e-02
3.38250,0.317901,0.518979,3.048196e-01,2.868040e-01,9.277673e-01,1.278139e-01,-2.036575e-02,-7.909670e-02,3.058630e-02,5.397357e-02
3.38500,0.317619,0.519149,3.051270e-01,2.871001e-01,9.277195e-01,1.278143e-01,-2.046364e-02,-7.911080e-02,3.057612e-02,5.396896e-02
3.38750,0.317337,0.519320,3.054343e-01,2.873963e-01,9.276720e-01,1.278147e-01,-2.056152e-02,-7.912442e-02,3.056581e-02,5.396436e-02
3.39000,0.317056,0.519491,3.057415e-01,2.876925e-01,9.276250e-01,1.278152e-01,-2.065935e-02,-7.913745e-02,3.055536e-02,5.395975e-02
3.39250,0.316775,0.519662,3.060487e-01,2.879888e-01,9.275786e-01,1.278156e-01,-2.075711e-02,-7.914971e-02,3.054472e-02,5.395514e-02
3.39500,0.316494,0.519834,3.063558e-01,2.882850e-01,9.275330e-01,1.278161e-01,-2.085479e-02,-7.916112e-02,3.053388e-02,5.395053e-02
3.39750,0.316212,0.520006,3.066628e-01,2.885812e-01,9.274882e-01,1.278165e-01,-2.095243e-02,-7.917161e-02,3.052282e-02,5.394592e-02
3.40000,0.315931,0.520179,3.069698e-01,2.888775e-01,9.274444e-01,1.278170e-01,-2.104997e-02,-7.918105e-02,3.051150e-02,5.394131e-02
3.40250,0.315651,0.520352,3.072767e-01,2.891738e-01,9.274017e-01,1.278174e-01,-2.114729e-02,-7.918945e-02,3.049991e-02,5.393670e-02
3.40500,0.315370,0.520525,3.075835e-01,2.894701e-01,9.273601e-01,1.278178e-01,-2.124442e-02,-7.919668e-02,3.048805e-02,5.393209e-02
3.40750,0.315089,0.520699,3.078903e-01,2.897664e-01,9.273198e-01,1.278183e-01,-2.134133e-02,-7.920275e-02,3.047589e-02,5.392749e-02
3.41000,0.314809,0.520873,3.081969e-01,2.900627e-01,9.272809e-01,1.278187e-01,-2.143808e-02,-7.920777e-02,3.046347e-02,5.392289e-02
3.41250,0.314528,0.521047,3.085047e-01,2.903590e-01,9.272433e-01,1.278191e-01,-2.153467e-02,-7.921184e-02,3.045078e-02,5.391829e-02
3.41500,0.314248,0.521222,3.088148e-01,2.906553e-01,9.272071e-01,1.278196e-01,-2.163108e-02,-7.921494e-02,3.043784e-02,5.391369e-02
3.41750,0.313967,0.521397,3.091247e-01,2.909517e-01,9.271722e-01,1.278200e-01,-2.172740e-02,-7.921728e-02,3.042466e-02,5.390910e-02
3.42000,0.313687,0.521573,3.094346e-01,2.912481e-01,9.271387e-01,1.278205e-01,-2.182370e-02,-7.921907e-02,3.041129e-02,5.390451e-02
3.42250,0.313407,0.521749,3.097444e-01,2.915445e-01,9.271065e-01,1.278209e-01,-2.192005e-02,-7.922040e-02,3.039775e-02,5.389993e-02
3.42500,0.313127,0.521925,3.100541e-01,2.918409e-01,9.270755e-01,1.278213e-01,-2.201651e-02,-7.922123e-02,3.038404e-02,5.389535e-02
3.42750,0.312847,0.522102,3.103638e-01,2.921373e-01,9.270456e-01,1.278218e-01,-2.211311e-02,-7.922155e-02,3.037017e-02,5.389078e-02
3.43000,0.312568,0.522280,3.106734e-01,2.924337e-01,9.270169e-01,1.278222e-01,-2.220984e-02,-7.922135e-02,3.035612e-02,5.388621e-02
3.43250,0.312288,0.522457,3.109829e-01,2.927301e-01,9.269892e-01,1.278227e-01,-2.230666e-02,-7.922060e-02,3.034190e-02,5.388164e-02
3.43500,0.312009,0.522635,3.112923e-01,2.930266e-01,9.269623e-01,1.278231e-01,-2.240361e-02,-7.921940e-02,3.032751e-02,5.387708e-02
3.43750,0.311729,0.522814,3.116017e-01,2.933230e-01,9.269364e-01,1.278235e-01,-2.250078e-02,-7.921779e-02,3.031296e-02,5.387253e-02
3.44000,0.311450,0.522992,3.119110e-01,2.936195e-01,9.269111e-01,1.278240e-01,-2.259825e-02,-7.921574e-02,3.029824e-02,5.386798e-02
3.44250,0.311171,0.523171,3.122202e-01,2.939160e-01,9.268866e-01,1.278244e-01,-2.269607e-02,-7.921340e-02,3.028339e-02,5.386344e-02
3.44500,0.310892,0.523351,3.125305e-01,2.942124e-01,9.268627e-01,1.278249e-01,-2.279424e-02,-7.921076e-02,3.026841e-02,5.385890e-02
3.44750,0.310613,0.523531,3.128430e-01,2.945089e-01,9.268395e-01,1.278253e-01,-2.289278e-02,-7.920780e-02,3.025330e-02,5.385437e-02
3.45000,0.310334,0.523711,3.131555e-01,2.948055e-01,9.268168e-01,1.278258e-01,-2.299161e-02,-7.920435e-02,3.023805e-02,5.384985e-02
3.45250,0.310055,0.523892,3.134678e-01,2.951020e-01,9.267946e-01,1.278262e-01,-2.309067e-02,-7.920034e-02,3.022265e-02,5.384534e-02
3.45500,0.309776,0.524073,3.137801e-01,2.953985e-01,9.267730e-01,1.278266e-01,-2.318989e-02,-7.919579e-02,3.020709e-02,5.384083e-02
3.45750,0.309498,0.524255,3.140923e-01,2.956951e-01,9.267518e-01,1.278271e-01,-2.328922e-02,-7.919071e-02,3.019135e-02,5.383633e-02
3.46000,0.309220,0.524437,3.144045e-01,2.959916e-01,9.267311e-01,1.278275e-01,-2.338866e-02,-7.918539e-02,3.017546e-02,5.383184e-02
3.46250,0.308941,0.524619,3.147165e-01,2.962882e-01,9.267109e-01,1.278280e-01,-2.348817e-02,-7.918009e-02,3.015945e-02,5.382736e-02
3.46500,0.308663,0.524802,3.150285e-01,2.965848e-01,9.266912e-01,1.278284e-01,-2.358769e-02,-7.917478e-02,3.014332e-02,5.382289e-02
3.46750,0.308385,0.524985,3.153404e-01,2.968813e-01,9.266720e-01,1.278289e-01,-2.368720e-02,-7.916941e-02,3.012707e-02,5.381843e-02
3.47000,0.308107,0.525168,3.156522e-01,2.971779e-01,9.266533e-01,1.278293e-01,-2.378674e-02,-7.916395e-02,3.011070e-02,5.381397e-02
3.47250,0.307829,0.525352,3.159640e-01,2.974746e-01,9.266350e-01,1.278298e-01,-2.388643e-02,-7.915848e-02,3.009423e-02,5.380952e-02
3.47500,0.307552,0.525536,3.162756e-01,2.977712e-01,9.266172e-01,1.278303e-01,-2.398635e-02,-7.915308e-02,3.007769e-02,5.380508e-02
3.47750,0.307274,0.525721,3.165872e-01,2.980678e-01,9.265997e-01,1.278307e-01,-2.408645e-02,-7.914770e-02,3.006107e-02,5.380065e-02
3.48000,0.306996,0.525906,3.168987e-01,2.983644e-01,9.265826e-01,1.278312e-01,-2.418663e-02,-7.914242e-02,3.004440e-02,5.379623e-02
3.48250,0.306719,0.526091,3.172101e-01,2.986611e-01,9.265658e-01,1.278316e-01,-2.428682e-02,-7.913723e-02,3.002767e-02,5.379181e-02
3.48500,0.306442,0.526277,3.175215e-01,2.989577e-01,9.265495e-01,1.278321e-01,-2.438696e-02,-7.913232e-02,3.001090e-02,5.378741e-02
3.48750,0.306165,0.526463,3.178360e-01,2.992544e-01,9.265335e-01,1.278325e-01,-2.448714e-02,-7.912777e-02,2.999412e-02,5.378301e-02
3.49000,0.305888,0.526650,3.181503e-01,2.995511e-01,9.265180e-01,1.278330e-01,-2.458743e-02,-7.912345e-02,2.997733e-02,5.377861e-02
3.49250,0.305611,0.526837,3.184646e-01,2.998477e-01,9.265028e-01,1.278335e-01,-2.468786e-02,-7.911914e-02,2.996053e-02,5.377422e-02
3.49500,0.305334,0.527024,3.187789e-01,3.001444e-01,9.264879e-01,1.278339e-01,-2.478852e-02,-7.911486e-02,2.994408e-02,5.376984e-02
3.49750,0.305058,0.527212,3.190930e-01,3.004411e-01,9.264733e-01,1.278344e-01,-2.488953e-02,-7.911035e-02,2.992717e-02,5.376547e-02
3.50000,0.304781,0.527400,3.194070e-01,3.007378e-01,9.264591e-01,1.278349e-01,-2.499043e-02,-7.910623e-02,2.991034e-02,5.376110e-02
3.50250,0.304505,0.527589,3.197210e-01,3.010345e-01,9.264450e-01,1.278353e-01,-2.509136e-02,-7.910226e-02,2.989353e-02,5.375674e-02
3.50500,0.304228,0.527777,3.200349e-01,3.013313e-01,9.264311e-01,1.278358e-01,-2.519226e-02,-7.909827e-02,2.987669e-02,5.375238e-02
3.50750,0.303952,0.527967,3.203487e-01,3.016280e-01,9.264172e-01,1.278363e-01,-2.529300e-02,-7.909409e-02,2.985979e-02,5.374803e-02
3.51000,0.303676,0.528156,3.206624e-01,3.019247e-01,9.264034e-01,1.278368e-01,-2.539354e-02,-7.908969e-02,2.984281e-02,5.374369e-02
3.51250,0.303400,0.528347,3.209760e-01,3.022215e-01,9.263895e-01,1.278372e-01,-2.549385e-02,-7.908500e-02,2.982574e-02,5.373935e-02
3.51500,0.303124,0.528537,3.212896e-01,3.025182e-01,9.263755e-01,1.278377e-01,-2.559397e-02,-7.907992e-02,2.980855e-02,5.373502e-02
3.51750,0.302849,0.528728,3.216045e-01,3.028150e-01,9.263613e-01,1.278382e-01,-2.569392e-02,-7.907436e-02,2.979124e-02,5.373070e-02
3.52000,0.302573,0.528919,3.219210e-01,3.031117e-01,9.263468e-01,1.278387e-01,-2.579382e-02,-7.906835e-02,2.977380e-02,5.372638e-02
3.52250,0.302298,0.529111,3.222376e-01,3.034085e-01,9.263318e-01,1.278392e-01,-2.589366e-02,-7.906181e-02,2.975624e-02,5.372207e-02
3.52500,0.302023,0.529303,3.225540e-01,3.037053e-01,9.263163e-01,1.278396e-01,-2.599346e-02,-7.905473e-02,2.973853e-02,5.371776e-02
3.52750,0.301747,0.529495,3.228703e-01,3.040021e-01,9.263003e-01,1.278401e-01,-2.609316e-02,-7.904717e-02,2.972068e-02,5.371346e-02
3.53000,0.301472,0.529688,3.231866e-01,3.042988e-01,9.262835e-01,1.278406e-01,-2.619281e-02,-7.903919e-02,2.970272e-02,5.370917e-02
3.53250,0.301198,0.529881,3.235027e-01,3.045956e-01,9.262659e-01,1.278411e-01,-2.629238e-02,-7.903083e-02,2.968464e-02,5.370488e-02
3.53500,0.300923,0.530075,3.238188e-01,3.048924e-01,9.262475e-01,1.278416e-01,-2.639179e-02,-7.902215e-02,2.966647e-02,5.370060e-02
3.53750,0.300648,0.530269,3.241348e-01,3.051893e-01,9.262282e-01,1.278421e-01,-2.649095e-02,-7.901312e-02,2.964821e-02,5.369633e-02
3.54000,0.300374,0.530463,3.244507e-01,3.054861e-01,9.262079e-01,1.278426e-01,-2.658983e-02,-7.900382e-02,2.962986e-02,5.369207e-02
3.54250,0.300099,0.530658,3.247665e-01,3.057829e-01,9.261868e-01,1.278431e-01,-2.668839e-02,-7.899433e-02,2.961144e-02,5.368781e-02
3.54500,0.299825,0.530853,3.250822e-01,3.060797e-01,9.261649e-01,1.278436e-01,-2.678657e-02,-7.898477e-02,2.959298e-02,5.368355e-02
3.54750,0.299551,0.531049,3.253979e-01,3.063765e-01,9.261422e-01,1.278441e-01,-2.688438e-02,-7.897531e-02,2.957449e-02,5.367931e-02
3.55000,0.299277,0.531245,3.257134e-01,3.066734e-01,9.261189e-01,1.278446e-01,-2.698176e-02,-7.896598e-02,2.955600e-02,5.367507e-02
3.55250,0.299003,0.531441,3.260289e-01,3.069702e-01,9.260952e-01,1.278451e-01,-2.707868e-02,-7.895654e-02,2.953747e-02,5.367083e-02
3.55500,0.298729,0.531638,3.263443e-01,3.072671e-01,9.260711e-01,1.278456e-01,-2.717513e-02,-7.894676e-02,2.951886e-02,5.366660e-02
3.55750,0.298456,0.531835,3.266596e-01,3.075639e-01,9.260470e-01,1.278461e-01,-2.727121e-02,-7.893645e-02,2.950014e-02,5.366238e-02
3.56000,0.298182,0.532032,3.269776e-01,3.078608e-01,9.260229e-01,1.278466e-01,-2.736705e-02,-7.892559e-02,2.948129e-02,5.365816e-02
3.56250,0.297909,0.532230,3.272957e-01,3.081576e-01,9.259990e-01,1.278471e-01,-2.746266e-02,-7.891432e-02,2.946232e-02,5.365395e-02
3.56500,0.297636,0.532428,3.276137e-01,3.084545e-01,9.259756e-01,1.278476e-01,-2.755809e-02,-7.890258e-02,2.944322e-02,5.364975e-02
3.56750,0.297363,0.532627,3.279316e-01,3.087514e-01,9.259527e-01,1.278482e-01,-2.765336e-02,-7.889020e-02,2.942397e-02,5.364555e-02
3.57000,0.297090,0.532826,3.282494e-01,3.090482e-01,9.259305e-01,1.278487e-01,-2.774850e-02,-7.887717e-02,2.940457e-02,5.364137e-02
3.57250,0.296817,0.533025,3.285671e-01,3.093451e-01,9.259093e-01,1.278492e-01,-2.784347e-02,-7.886348e-02,2.938503e-02,5.363719e-02
3.57500,0.296545,0.533225,3.288848e-01,3.096420e-01,9.258890e-01,1.278497e-01,-2.793824e-02,-7.884908e-02,2.936533e-02,5.363301e-02
3.57750,0.296272,0.533425,3.292023e-01,3.099389e-01,9.258698e-01,1.278503e-01,-2.803285e-02,-7.883406e-02,2.934548e-02,5.362885e-02
3.58000,0.296000,0.533626,3.295197e-01,3.102358e-01,9.258517e-01,1.278508e-01,-2.812735e-02,-7.881863e-02,2.932552e-02,5.362469e-02
3.58250,0.295727,0.533827,3.298371e-01,3.105326e-01,9.258350e-01,1.278513e-01,-2.822184e-02,-7.880282e-02,2.930545e-02,5.362055e-02
3.58500,0.295455,0.534028,3.301543e-01,3.108295e-01,9.258195e-01,1.278519e-01,-2.831638e-02,-7.878673e-02,2.928530e-02,5.361641e-02
3.58750,0.295183,0.534230,3.304715e-01,3.111264e-01,9.258055e-01,1.278524e-01,-2.841099e-02,-7.877042e-02,2.926508e-02,5.361228e-02
3.59000,0.294912,0.534432,3.307890e-01,3.114233e-01,9.257928e-01,1.278529e-01,-2.850560e-02,-7.875378e-02,2.924478e-02,5.360816e-02
3.59250,0.294640,0.534635,3.311089e-01,3.117202e-01,9.257815e-01,1.278535e-01,-2.860023e-02,-7.873678e-02,2.922441e-02,5.360406e-02
3.59500,0.294368,0.534838,3.314288e-01,3.120172e-01,9.257717e-01,1.278540e-01,-2.869485e-02,-7.871954e-02,2.920396e-02,5.359996e-02
3.59750,0.294097,0.535041,3.317485e-01,3.123141e-01,9.257633e-01,1.278546e-01,-2.878958e-02,-7.870189e-02,2.918343e-02,5.359587e-02
3.60000,0.293826,0.535245,3.320682e-01,3.126110e-01,9.257564e-01,1.278551e-01,-2.888451e-02,-7.868392e-02,2.916283e-02,5.359179e-02
3.60250,0.293555,0.535449,3.323878e-01,3.129079e-01,9.257508e-01,1.278557e-01,-2.897971e-02,-7.866574e-02,2.914218e-02,5.358773e-02
3.60500,0.293284,0.535653,3.327072e-01,3.132048e-01,9.257466e-01,1.278562e-01,-2.907524e-02,-7.864737e-02,2.912148e-02,5.358367e-02
3.60750,0.293013,0.535858,3.330266e-01,3.135017e-01,9.257437e-01,1.278568e-01,-2.917110e-02,-7.862876e-02,2.910095e-02,5.357962e-02
3.61000,0.292742,0.536063,3.333459e-01,3.137987e-01,9.257421e-01,1.278574e-01,-2.926733e-02,-7.860986e-02,2.908007e-02,5.357559e-02
3.61250,0.292472,0.536269,3.336651e-01,3.140956e-01,9.257416e-01,1.278579e-01,-2.936392e-02,-7.859087e-02,2.905921e-02,5.357157e-02
3.61500,0.292201,0.536475,3.339842e-01,3.143925e-01,9.257423e-01,1.278585e-01,-2.946092e-02,-7.857173e-02,2.903835e-02,5.356755e-02
3.61750,0.291931,0.536682,3.343032e-01,3.146894e-01,9.257440e-01,1.278591e-01,-2.955822e-02,-7.855248e-02,2.901746e-02,5.356355e-02
3.62000,0.291661,0.536888,3.346221e-01,3.149864e-01,9.257468e-01,1.278596e-01,-2.965573e-02,-7.853293e-02,2.899653e-02,5.355957e-02
3.62250,0.291391,0.537096,3.349409e-01,3.152833e-01,9.257505e-01,1.278602e-01,-2.975345e-02,-7.851302e-02,2.897553e-02,5.355559e-02
3.62500,0.291121,0.537303,3.352596e-01,3.155802e-01,9.257552e-01,1.278608e-01,-2.985140e-02,-7.849266e-02,2.895446e-02,5.355162e-02
3.62750,0.290851,0.537511,3.355782e-01,3.158772e-01,9.257608e-01,1.278614e-01,-2.994963e-02,-7.847180e-02,2.893331e-02,5.354767e-02
3.63000,0.290582,0.537719,3.358967e-01,3.161741e-01,9.257672e-01,1.278620e-01,-3.004821e-02,-7.845039e-02,2.891209e-02,5.354373e-02
3.63250,0.290312,0.537928,3.362166e-01,3.164710e-01,9.257745e-01,1.278626e-01,-3.014712e-02,-7.842837e-02,2.889079e-02,5.353981e-02
3.63500,0.290043,0.538137,3.365376e-01,3.167680e-01,9.257826e-01,1.278632e-01,-3.024634e-02,-7.840564e-02,2.886942e-02,5.353589e-02
3.63750,0.289774,0.538347,3.368586e-01,3.170649e-01,9.257914e-01,1.278638e-01,-3.034584e-02,-7.838214e-02,2.884796e-02,5.353200e-02
3.64000,0.289505,0.538557,3.371794e-01,3.173618e-01,9.258009e-01,1.278644e-01,-3.044564e-02,-7.835808e-02,2.882642e-02,5.352811e-02
3.64250,0.289236,0.538767,3.375002e-01,3.176588e-01,9.258109e-01,1.278650e-01,-3.054575e-02,-7.833366e-02,2.880484e-02,5.352424e-02
3.64500,0.288968,0.538978,3.378209e-01,3.179557e-01,9.258216e-01,1.278656e-01,-3.064614e-02,-7.830892e-02,2.878322e-02,5.352039e-02
3.64750,0.288699,0.539189,3.381414e-01,3.182527e-01,9.258327e-01,1.278662e-01,-3.074682e-02,-7.828399e-02,2.876158e-02,5.351655e-02
3.65000,0.288431,0.539400,3.384619e-01,3.185496e-01,9.258443e-01,1.278668e-01,-3.084790e-02,-7.825909e-02,2.873995e-02,5.351272e-02
3.65250,0.288163,0.539612,3.387823e-01,3.188465e-01,9.258563e-01,1.278675e-01,-3.094942e-02,-7.823437e-02,2.871836e-02,5.350891e-02
3.65500,0.287895,0.539824,3.391026e-01,3.191435e-01,9.258686e-01,1.278681e-01,-3.105142e-02,-7.820974e-02,2.869680e-02,5.350511e-02
3.65750,0.287627,0.540037,3.394228e-01,3.194404e-01,9.258812e-01,1.278687e-01,-3.115391e-02,-7.818523e-02,2.867529e-02,5.350133e-02
3.66000,0.287359,0.540250,3.397428e-01,3.197374e-01,9.258941e-01,1.278694e-01,-3.125695e-02,-7.816094e-02,2.865384e-02,5.349756e-02
3.66250,0.287092,0.540463,3.400628e-01,3.200343e-01,9.259072e-01,1.278700e-01,-3.136040e-02,-7.813688e-02,2.863245e-02,5.349380e-02
3.66500,0.286824,0.540677,3.403843e-01,3.203312e-01,9.259204e-01,1.278707e-01,-3.146413e-02,-7.811299e-02,2.861115e-02,5.349005e-02
3.66750,0.286557,0.540891,3.407068e-01,3.206282e-01,9.259337e-01,1.278713e-01,-3.156805e-02,-7.808933e-02,2.858992e-02,5.348632e-02
3.67000,0.286290,0.541105,3.410292e-01,3.209251e-01,9.259471e-01,1.278720e-01,-3.167206e-02,-7.806599e-02,2.856878e-02,5.348260e-02
3.67250,0.286023,0.541320,3.413516e-01,3.212220e-01,9.259605e-01,1.278726e-01,-3.177601e-02,-7.804286e-02,2.854771e-02,5.347890e-02
3.67500,0.285756,0.541536,3.416738e-01,3.215190e-01,9.259737e-01,1.278733e-01,-3.187988e-02,-7.801988e-02,2.852670e-02,5.347521e-02
3.67750,0.285489,0.541751,3.419959e-01,3.218159e-01,9.259866e-01,1.278739e-01,-3.198358e-02,-7.799687e-02,2.850574e-02,5.347153e-02
3.68000,0.285223,0.541967,3.423179e-01,3.221128e-01,9.259992e-01,1.278746e-01,-3.208719e-02,-7.797364e-02,2.848478e-02,5.346786e-02
3.68250,0.284957,0.542184,3.426399e-01,3.224097e-01,9.260113e-01,1.278753e-01,-3.219069e-02,-7.795013e-02,2.846383e-02,5.346421e-02
3.68500,0.284691,0.542400,3.429617e-01,3.227067e-01,9.260227e-01,1.278760e-01,-3.229408e-02,-7.792640e-02,2.844289e-02,5.346056e-02
3.68750,0.284425,0.542618,3.432834e-01,3.230036e-01,9.260334e-01,1.278766e-01,-3.239738e-02,-7.790244e-02,2.842194e-02,5.345694e-02
3.69000,0.284159,0.542835,3.436050e-01,3.233005e-01,9.260434e-01,1.278773e-01,-3.250057e-02,-7.787813e-02,2.840099e-02,5.345332e-02
3.69250,0.283893,0.543053,3.439266e-01,3.235974e-01,9.260525e-01,1.278780e-01,-3.260358e-02,-7.785342e-02,2.838001e-02,5.344972e-02
3.69500,0.283627,0.543272,3.442480e-01,3.238943e-01,9.260608e-01,1.278787e-01,-3.270649e-02,-7.782840e-02,2.835900e-02,5.344614e-02
3.69750,0.283362,0.543490,3.445693e-01,3.241912e-01,9.260683e-01,1.278794e-01,-3.280930e-02,-7.780330e-02,2.833797e-02,5.344256e-02
3.70000,0.283097,0.543709,3.448905e-01,3.244882e-01,9.260751e-01,1.278801e-01,-3.291213e-02,-7.777813e-02,2.831693e-02,5.343900e-02
3.70250,0.282832,0.543929,3.452116e-01,3.247851e-01,9.260813e-01,1.278808e-01,-3.301496e-02,-7.775297e-02,2.829591e-02,5.343545e-02
3.70500,0.282567,0.544149,3.455326e-01,3.250820e-01,9.260869e-01,1.278815e-01,-3.311785e-02,-7.772775e-02,2.827491e-02,5.343191e-02
3.70750,0.282302,0.544369,3.458558e-01,3.253789e-01,9.260922e-01,1.278823e-01,-3.322081e-02,-7.770250e-02,2.825393e-02,5.342839e-02
3.71000,0.282038,0.544590,3.461791e-01,3.256758e-01,9.260973e-01,1.278830e-01,-3.332379e-02,-7.767734e-02,2.823299e-02,5.342488e-02
3.71250,0.281773,0.544811,3.465023e-01,3.259726e-01,9.261023e-01,1.278837e-01,-3.342670e-02,-7.765230e-02,2.821211e-02,5.342138e-02
3.71500,0.281509,0.545032,3.468254e-01,3.262695e-01,9.261074e-01,1.278844e-01,-3.352938e-02,-7.762733e-02,2.819126e-02,5.341789e-02
3.71750,0.281245,0.545254,3.471484e-01,3.265664e-01,9.261128e-01,1.278852e-01,-3.363175e-02,-7.760238e-02,2.817045e-02,5.341442e-02
3.72000,0.280981,0.545476,3.474713e-01,3.268633e-01,9.261186e-01,1.278859e-01,-3.373377e-02,-7.757752e-02,2.814968e-02,5.341096e-02
3.72250,0.280717,0.545699,3.477941e-01,3.271602e-01,9.261249e-01,1.278867e-01,-3.383550e-02,-7.755274e-02,2.812895e-02,5.340751e-02
3.72500,0.280454,0.545922,3.481168e-01,3.274570e-01,9.261320e-01,1.278874e-01,-3.393692e-02,-7.752813e-02,2.810828e-02,5.340407e-02
3.72750,0.280190,0.546145,3.484394e-01,3.277539e-01,9.261400e-01,1.278882e-01,-3.403795e-02,-7.750371e-02,2.808767e-02,5.340064e-02
3.73000,0.279927,0.546369,3.487618e-01,3.280508e-01,9.261489e-01,1.278889e-01,-3.413868e-02,-7.747940e-02,2.806711e-02,5.339722e-02
3.73250,0.279664,0.546593,3.490842e-01,3.283476e-01,9.261591e-01,1.278897e-01,-3.423916e-02,-7.745507e-02,2.804659e-02,5.339382e-02
3.73500,0.279401,0.546817,3.494065e-01,3.286445e-01,9.261704e-01,1.278905e-01,-3.433944e-02,-7.743057e-02,2.802608e-02,5.339042e-02
3.73750,0.279138,0.547042,3.497286e-01,3.289413e-01,9.261832e-01,1.278913e-01,-3.443951e-02,-7.740584e-02,2.800558e-02,5.338704e-02
3.74000,0.278876,0.547267,3.500531e-01,3.292381e-01,9.261973e-01,1.278920e-01,-3.453926e-02,-7.738091e-02,2.798506e-02,5.338367e-02
3.74250,0.278613,0.547493,3.503776e-01,3.295350e-01,9.262129e-01,1.278928e-01,-3.463869e-02,-7.735584e-02,2.796454e-02,5.338031e-02
3.74500,0.278351,0.547719,3.507019e-01,3.298318e-01,9.262300e-01,1.278936e-01,-3.473775e-02,-7.733067e-02,2.794402e-02,5.337696e-02
3.74750,0.278089,0.547945,3.510262e-01,3.301286e-01,9.262486e-01,1.278944e-01,-3.483636e-02,-7.730531e-02,2.792348e-02,5.337362e-02
3.75000,0.277827,0.548172,3.513504e-01,3.304254e-01,9.262687e-01,1.278952e-01,-3.493459e-02,-7.727947e-02,2.790291e-02,5.337029e-02
3.75250,0.277566,0.548399,3.516745e-01,3.307222e-01,9.262903e-01,1.278960e-01,-3.503259e-02,-7.725309e-02,2.788227e-02,5.336698e-02
3.75500,0.277304,0.548627,3.519985e-01,3.310190e-01,9.263133e-01,1.278968e-01,-3.513040e-02,-7.722624e-02,2.786158e-02,5.336368e-02
3.75750,0.277043,0.548854,3.523223e-01,3.313158e-01,9.263377e-01,1.278977e-01,-3.522805e-02,-7.719901e-02,2.784086e-02,5.336038e-02
3.76000,0.276781,0.549083,3.526461e-01,3.316126e-01,9.263634e-01,1.278985e-01,-3.532555e-02,-7.717131e-02,2.782009e-02,5.335711e-02
3.76250,0.276520,0.549311,3.529697e-01,3.319094e-01,9.263904e-01,1.278993e-01,-3.542292e-02,-7.714297e-02,2.779927e-02,5.335384e-02
3.76500,0.276260,0.549540,3.532933e-01,3.322062e-01,9.264187e-01,1.279002e-01,-3.552022e-02,-7.711387e-02,2.777838e-02,5.335058e-02
3.76750,0.275999,0.549770,3.536167e-01,3.325030e-01,9.264483e-01,1.279010e-01,-3.561749e-02,-7.708405e-02,2.775742e-02,5.334734e-02
3.77000,0.275738,0.550000,3.539400e-01,3.327997e-01,9.264791e-01,1.279018e-01,-3.571472e-02,-7.705374e-02,2.773642e-02,5.334412e-02
3.77250,0.275478,0.550230,3.542632e-01,3.330965e-01,9.265112e-01,1.279027e-01,-3.581197e-02,-7.702299e-02,2.771537e-02,5.334090e-02
3.77500,0.275218,0.550460,3.545863e-01,3.333932e-01,9.265445e-01,1.279036e-01,-3.590943e-02,-7.699180e-02,2.769430e-02,5.333770e-02
3.77750,0.274958,0.550691,3.549093e-01,3.336900e-01,9.265790e-01,1.279044e-01,-3.600726e-02,-7.696025e-02,2.767321e-02,5.333451e-02
3.78000,0.274698,0.550923,3.552332e-01,3.339867e-01,9.266146e-01,1.279053e-01,-3.610555e-02,-7.692823e-02,2.765211e-02,5.333134e-02
3.78250,0.274439,0.551154,3.555583e-01,3.342834e-01,9.266514e-01,1.279062e-01,-3.620430e-02,-7.689591e-02,2.763100e-02,5.332818e-02
3.78500,0.274179,0.551386,3.558833e-01,3.345802e-01,9.266893e-01,1.279070e-01,-3.630350e-02,-7.686351e-02,2.760992e-02,5.332503e-02
3.78750,0.273920,0.551619,3.562082e-01,3.348769e-01,9.267281e-01,1.279079e-01,-3.640314e-02,-7.683122e-02,2.758888e-02,5.332190e-02
3.79000,0.273661,0.551852,3.565329e-01,3.351736e-01,9.267680e-01,1.279088e-01,-3.650314e-02,-7.679917e-02,2.756790e-02,5.331879e-02
3.79250,0.273402,0.552085,3.568576e-01,3.354703e-01,9.268087e-01,1.279097e-01,-3.660339e-02,-7.676724e-02,2.754699e-02,5.331568e-02
3.79500,0.273143,0.552318,3.571822e-01,3.357670e-01,9.268501e-01,1.279106e-01,-3.670379e-02,-7.673511e-02,2.752613e-02,5.331260e-02
3.79750,0.272885,0.552552,3.575066e-01,3.360636e-01,9.268923e-01,1.279115e-01,-3.680432e-02,-7.670263e-02,2.750528e-02,5.330952e-02
3.80000,0.272626,0.552787,3.578310e-01,3.363603e-01,9.269351e-01,1.279125e-01,-3.690503e-02,-7.666973e-02,2.748444e-02,5.330647e-02
3.80250,0.272368,0.553021,3.581552e-01,3.366570e-01,9.269785e-01,1.279134e-01,-3.700601e-02,-7.663642e-02,2.746361e-02,5.330343e-02
3.80500,0.272110,0.553256,3.584794e-01,3.369536e-01,9.270223e-01,1.279143e-01,-3.710725e-02,-7.660270e-02,2.744280e-02,5.330040e-02
3.80750,0.271852,0.553492,3.588034e-01,3.372503e-01,9.270665e-01,1.279153e-01,-3.720870e-02,-7.656850e-02,2.742199e-02,5.329739e-02
3.81000,0.271595,0.553728,3.591273e-01,3.375469e-01,9.271110e-01,1.279162e-01,-3.731023e-02,-7.653385e-02,2.740118e-02,5.329440e-02
3.81250,0.271337,0.553964,3.594523e-01,3.378435e-01,9.271557e-01,1.279172e-01,-3.741190e-02,-7.649872e-02,2.738038e-02,5.329142e-02
3.81500,0.271080,0.554201,3.597784e-01,3.381402e-01,9.272005e-01,1.279181e-01,-3.751372e-02,-7.646324e-02,2.735959e-02,5.328847e-02
3.81750,0.270823,0.554438,3.601043e-01,3.384368e-01,9.272452e-01,1.279191e-01,-3.761559e-02,-7.642754e-02,2.733884e-02,5.328552e-02
3.82000,0.270566,0.554675,3.604301e-01,3.387334e-01,9.272898e-01,1.279200e-01,-3.771759e-02,-7.639169e-02,2.731814e-02,5.328260e-02
3.82250,0.270309,0.554913,3.607559e-01,3.390299e-01,9.273340e-01,1.279210e-01,-3.781975e-02,-7.635565e-02,2.729747e-02,5.327969e-02
3.82500,0.270053,0.555151,3.610815e-01,3.393265e-01,9.273778e-01,1.279220e-01,-3.792208e-02,-7.631952e-02,2.727686e-02,5.327680e-02
3.82750,0.269796,0.555389,3.614070e-01,3.396231e-01,9.274211e-01,1.279230e-01,-3.802445e-02,-7.628346e-02,2.725633e-02,5.327393e-02
3.83000,0.269540,0.555628,3.617324e-01,3.399197e-01,9.274637e-01,1.279240e-01,-3.812675e-02,-7.624743e-02,2.723587e-02,5.327108e-02
3.83250,0.269284,0.555867,3.620577e-01,3.402162e-01,9.275055e-01,1.279250e-01,-3.822899e-02,-7.621144e-02,2.721550e-02,5.326824e-02
3.83500,0.269029,0.556107,3.623828e-01,3.405127e-01,9.275467e-01,1.279260e-01,-3.833118e-02,-7.617556e-02,2.719521e-02,5.326542e-02
3.83750,0.268773,0.556347,3.627079e-01,3.408093e-01,9.275872e-01,1.279270e-01,-3.843329e-02,-7.613983e-02,2.717502e-02,5.326261e-02
3.84000,0.268518,0.556587,3.630329e-01,3.411058e-01,9.276271e-01,1.279281e-01,-3.853523e-02,-7.610434e-02,2.715495e-02,5.325983e-02
3.84250,0.268262,0.556828,3.633662e-01,3.414023e-01,9.276664e-01,1.279291e-01,-3.863702e-02,-7.606931e-02,2.713502e-02,5.325705e-02
3.84500,0.268007,0.557069,3.637091e-01,3.416988e-01,9.277053e-01,1.279301e-01,-3.873886e-02,-7.603478e-02,2.711525e-02,5.325430e-02
3.84750,0.267753,0.557310,3.640521e-01,3.419953e-01,9.277438e-01,1.279312e-01,-3.884087e-02,-7.600066e-02,2.709567e-02,5.325156e-02
3.85000,0.267498,0.557552,3.643949e-01,3.422917e-01,9.277820e-01,1.279322e-01,-3.894303e-02,-7.596687e-02,2.707625e-02,5.324883e-02
3.85250,0.267244,0.557795,3.647377e-01,3.425882e-01,9.278201e-01,1.279333e-01,-3.904533e-02,-7.593336e-02,2.705700e-02,5.324611e-02
3.85500,0.266989,0.558037,3.650805e-01,3.428846e-01,9.278583e-01,1.279343e-01,-3.914779e-02,-7.590008e-02,2.703789e-02,5.324342e-02
3.85750,0.266735,0.558280,3.654232e-01,3.431811e-01,9.278966e-01,1.279354e-01,-3.925033e-02,-7.586701e-02,2.701892e-02,5.324073e-02
3.86000,0.266481,0.558523,3.657658e-01,3.434775e-01,9.279353e-01,1.279365e-01,-3.935281e-02,-7.583422e-02,2.700008e-02,5.323806e-02
3.86250,0.266228,0.558767,3.661084e-01,3.437739e-01,9.279745e-01,1.279376e-01,-3.945516e-02,-7.580171e-02,2.698136e-02,5.323541e-02
3.86500,0.265974,0.559011,3.664509e-01,3.440703e-01,9.280143e-01,1.279387e-01,-3.955740e-02,-7.576944e-02,2.696277e-02,5.323276e-02
3.86750,0.265721,0.559256,3.667934e-01,3.443667e-01,9.280550e-01,1.279398e-01,-3.965953e-02,-7.573737e-02,2.694430e-02,5.323013e-02
3.87000,0.265468,0.559501,3.671358e-01,3.446631e-01,9.280967e-01,1.279409e-01,-3.976150e-02,-7.570539e-02,2.692595e-02,5.322752e-02
3.87250,0.265215,0.559746,3.674782e-01,3.449594e-01,9.281395e-01,1.279420e-01,-3.986338e-02,-7.567346e-02,2.690772e-02,5.322492e-02
3.87500,0.264962,0.559991,3.678204e-01,3.452558e-01,9.281837e-01,1.279431e-01,-3.996513e-02,-7.564163e-02,2.688960e-02,5.322233e-02
3.87750,0.264710,0.560237,3.681627e-01,3.455521e-01,9.282292e-01,1.279443e-01,-4.006674e-02,-7.560999e-02,2.687159e-02,5.321975e-02
3.88000,0.264458,0.560484,3.685048e-01,3.458485e-01,9.282763e-01,1.279454e-01,-4.016828e-02,-7.557866e-02,2.685371e-02,5.321719e-02
3.88250,0.264205,0.560730,3.688469e-01,3.461448e-01,9.283250e-01,1.279466e-01,-4.026972e-02,-7.554761e-02,2.683597e-02,5.321463e-02
3.88500,0.263954,0.560977,3.691889e-01,3.464411e-01,9.283754e-01,1.279477e-01,-4.037089e-02,-7.551653e-02,2.681835e-02,5.321210e-02
3.88750,0.263702,0.561225,3.695309e-01,3.467373e-01,9.284274e-01,1.279489e-01,-4.047175e-02,-7.548533e-02,2.680081e-02,5.320957e-02
3.89000,0.263450,0.561473,3.698728e-01,3.470336e-01,9.284810e-01,1.279501e-01,-4.057246e-02,-7.545402e-02,2.678338e-02,5.320706e-02
3.89250,0.263199,0.561721,3.702146e-01,3.473299e-01,9.285362e-01,1.279512e-01,-4.067321e-02,-7.542257e-02,2.676604e-02,5.320456e-02
3.89500,0.262948,0.561969,3.705564e-01,3.476261e-01,9.285931e-01,1.279524e-01,-4.077420e-02,-7.539097e-02,2.674878e-02,5.320208e-02
3.89750,0.262697,0.562218,3.708981e-01,3.479224e-01,9.286515e-01,1.279536e-01,-4.087548e-02,-7.535936e-02,2.673162e-02,5.319960e-02
3.90000,0.262446,0.562468,3.712397e-01,3.482186e-01,9.287115e-01,1.279548e-01,-4.097702e-02,-7.532799e-02,2.671457e-02,5.319714e-02
3.90250,0.262196,0.562717,3.715813e-01,3.485148e-01,9.287732e-01,1.279560e-01,-4.107882e-02,-7.529685e-02,2.669764e-02,5.319470e-02
3.90500,0.261946,0.562967,3.719227e-01,3.488110e-01,9.288365e-01,1.279572e-01,-4.118095e-02,-7.526589e-02,2.668081e-02,5.319226e-02
3.90750,0.261695,0.563218,3.722641e-01,3.491071e-01,9.289013e-01,1.279585e-01,-4.128347e-02,-7.523521e-02,2.666408e-02,5.318984e-02
3.91000,0.261446,0.563469,3.726055e-01,3.494033e-01,9.289677e-01,1.279597e-01,-4.138638e-02,-7.520466e-02,2.664744e-02,5.318744e-02
3.91250,0.261196,0.563720,3.729467e-01,3.496994e-01,9.290356e-01,1.279610e-01,-4.148966e-02,-7.517401e-02,2.663088e-02,5.318504e-02
3.91500,0.260946,0.563971,3.732879e-01,3.499956e-01,9.291050e-01,1.279622e-01,-4.159322e-02,-7.514319e-02,2.661439e-02,5.318266e-02
3.91750,0.260697,0.564223,3.736291e-01,3.502917e-01,9.291759e-01,1.279635e-01,-4.169706e-02,-7.511232e-02,2.659797e-02,5.318030e-02
3.92000,0.260448,0.564475,3.739701e-01,3.505878e-01,9.292480e-01,1.279647e-01,-4.180121e-02,-7.508133e-02,2.658165e-02,5.317795e-02
3.92250,0.260199,0.564728,3.743111e-01,3.508839e-01,9.293214e-01,1.279660e-01,-4.190559e-02,-7.505028e-02,2.656540e-02,5.317561e-02
3.92500,0.259951,0.564981,3.746520e-01,3.511799e-01,9.293959e-01,1.279673e-01,-4.201003e-02,-7.501912e-02,2.654923e-02,5.317329e-02
3.92750,0.259702,0.565234,3.749928e-01,3.514760e-01,9.294715e-01,1.279686e-01,-4.211438e-02,-7.498782e-02,2.653311e-02,5.317099e-02
3.93000,0.259454,0.565488,3.753335e-01,3.517720e-01,9.295480e-01,1.279699e-01,-4.221864e-02,-7.495645e-02,2.651705e-02,5.316870e-02
3.93250,0.259206,0.565742,3.756742e-01,3.520680e-01,9.296255e-01,1.279712e-01,-4.232294e-02,-7.492488e-02,2.650104e-02,5.316642e-02
3.93500,0.258958,0.565997,3.760148e-01,3.523640e-01,9.297036e-01,1.279725e-01,-4.242735e-02,-7.489308e-02,2.648506e-02,5.316416e-02
3.93750,0.258710,0.566252,3.763553e-01,3.526600e-01,9.297825e-01,1.279738e-01,-4.253190e-02,-7.486103e-02,2.646911e-02,5.316192e-02
3.94000,0.258463,0.566507,3.766957e-01,3.529560e-01,9.298618e-01,1.279752e-01,-4.263652e-02,-7.482866e-02,2.645317e-02,5.315970e-02
3.94250,0.258216,0.566762,3.770361e-01,3.532520e-01,9.299415e-01,1.279765e-01,-4.274107e-02,-7.479610e-02,2.643724e-02,5.315749e-02
3.94500,0.257969,0.567018,3.773764e-01,3.535479e-01,9.300214e-01,1.279779e-01,-4.284562e-02,-7.476328e-02,2.642133e-02,5.315530e-02
3.94750,0.257722,0.567275,3.777165e-01,3.538438e-01,9.301014e-01,1.279792e-01,-4.295006e-02,-7.473001e-02,2.640541e-02,5.315313e-02
3.95000,0.257475,0.567531,3.780566e-01,3.541397e-01,9.301812e-01,1.279806e-01,-4.305439e-02,-7.469625e-02,2.638948e-02,5.315097e-02
3.95250,0.257229,0.567788,3.783966e-01,3.544356e-01,9.302608e-01,1.279820e-01,-4.315862e-02,-7.466216e-02,2.637357e-02,5.314883e-02
3.95500,0.256983,0.568046,3.787366e-01,3.547315e-01,9.303398e-01,1.279834e-01,-4.326266e-02,-7.462800e-02,2.635769e-02,5.314671e-02
3.95750,0.256737,0.568304,3.790764e-01,3.550273e-01,9.304183e-01,1.279848e-01,-4.336628e-02,-7.459384e-02,2.634187e-02,5.314460e-02
3.96000,0.256491,0.568562,3.794162e-01,3.553232e-01,9.304962e-01,1.279862e-01,-4.346928e-02,-7.455973e-02,2.632612e-02,5.314251e-02
3.96250,0.256246,0.568820,3.797558e-01,3.556190e-01,9.305735e-01,1.279876e-01,-4.357166e-02,-7.452563e-02,2.631044e-02,5.314044e-02
3.96500,0.256001,0.569079,3.800954e-01,3.559148e-01,9.306502e-01,1.279890e-01,-4.367347e-02,-7.449138e-02,2.629482e-02,5.313838e-02
3.96750,0.255756,0.569338,3.804348e-01,3.562106e-01,9.307264e-01,1.279904e-01,-4.377466e-02,-7.445681e-02,2.627926e-02,5.313634e-02
3.97000,0.255511,0.569598,3.807742e-01,3.565063e-01,9.308022e-01,1.279919e-01,-4.387522e-02,-7.442198e-02,2.626375e-02,5.313432e-02
3.97250,0.255266,0.569858,3.811135e-01,3.568021e-01,9.308778e-01,1.279933e-01,-4.397514e-02,-7.438701e-02,2.624830e-02,5.313231e-02
3.97500,0.255022,0.570118,3.814527e-01,3.570978e-01,9.309532e-01,1.279948e-01,-4.407438e-02,-7.435202e-02,2.623291e-02,5.313032e-02
3.97750,0.254777,0.570379,3.817918e-01,3.573935e-01,9.310287e-01,1.279962e-01,-4.417302e-02,-7.431712e-02,2.621760e-02,5.312835e-02
3.98000,0.254533,0.570640,3.821308e-01,3.576892e-01,9.311043e-01,1.279977e-01,-4.427126e-02,-7.428223e-02,2.620238e-02,5.312639e-02
3.98250,0.254290,0.570902,3.824697e-01,3.579849e-01,9.311803e-01,1.279992e-01,-4.436926e-02,-7.424745e-02,2.618727e-02,5.312444e-02
3.98500,0.254046,0.571163,3.828086e-01,3.582805e-01,9.312567e-01,1.280007e-01,-4.446711e-02,-7.421288e-02,2.617228e-02,5.312251e-02
3.98750,0.253803,0.571426,3.831473e-01,3.585762e-01,9.313337e-01,1.280022e-01,-4.456465e-02,-7.417850e-02,2.615741e-02,5.312060e-02
3.99000,0.253560,0.571688,3.834859e-01,3.588718e-01,9.314116e-01,1.280037e-01,-4.466193e-02,-7.414423e-02,2.614266e-02,5.311870e-02
3.99250,0.253317,0.571951,3.838244e-01,3.591674e-01,9.314903e-01,1.280052e-01,-4.475901e-02,-7.410991e-02,2.612802e-02,5.311682e-02
3.99500,0.253074,0.572214,3.841628e-01,3.594630e-01,9.315702e-01,1.280068e-01,-4.485598e-02,-7.407563e-02,2.611350e-02,5.311495e-02
3.99750,0.252832,0.572478,3.845012e-01,3.597585e-01,9.316513e-01,1.280083e-01,-4.495282e-02,-7.404146e-02,2.609913e-02,5.311309e-02
4.00000,0.252590,0.572742,3.848394e-01,3.600541e-01,9.317338e-01,1.280099e-01,-4.504928e-02,-7.400736e-02,2.608491e-02,5.311125e-02
4.00250,0.252348,0.573006,3.851775e-01,3.603496e-01,9.318178e-01,1.280114e-01,-4.514522e-02,-7.397317e-02,2.607082e-02,5.310943e-02
4.00500,0.252106,0.573271,3.855155e-01,3.606451e-01,9.319034e-01,1.280130e-01,-4.524074e-02,-7.393879e-02,2.605685e-02,5.310762e-02
4.00750,0.251864,0.573536,3.858534e-01,3.609406e-01,9.319907e-01,1.280146e-01,-4.533585e-02,-7.390432e-02,2.604299e-02,5.310582e-02
4.01000,0.251623,0.573802,3.861912e-01,3.612361e-01,9.320796e-01,1.280162e-01,-4.543063e-02,-7.386988e-02,2.602925e-02,5.310404e-02
4.01250,0.251382,0.574068,3.865289e-01,3.615315e-01,9.321702e-01,1.280178e-01,-4.552512e-02,-7.383562e-02,2.601563e-02,5.310228e-02
4.01500,0.251141,0.574334,3.868665e-01,3.618269e-01,9.322624e-01,1.280194e-01,-4.561951e-02,-7.380160e-02,2.600215e-02,5.310053e-02
4.01750,0.250900,0.574600,3.872040e-01,3.621223e-01,9.323445e-01,1.280210e-01,-4.571400e-02,-7.376778e-02,2.598880e-02,5.309880e-02
4.02000,0.250660,0.574867,3.875414e-01,3.624177e-01,9.324095e-01,1.280227e-01,-4.580881e-02,-7.373414e-02,2.597557e-02,5.309708e-02
4.02250,0.250420,0.575135,3.878786e-01,3.627131e-01,9.324750e-01,1.280243e-01,-4.590411e-02,-7.370078e-02,2.596247e-02,5.309537e-02
4.02500,0.250180,0.575402,3.882158e-01,3.630084e-01,9.325411e-01,1.280260e-01,-4.600000e-02,-7.366743e-02,2.594949e-02,5.309368e-02
4.02750,0.249940,0.575670,3.885528e-01,3.633037e-01,9.326079e-01,1.280276e-01,-4.609653e-02,-7.363380e-02,2.593660e-02,5.309201e-02
4.03000,0.249700,0.575939,3.888898e-01,3.635990e-01,9.326754e-01,1.280293e-01,-4.619376e-02,-7.359983e-02,2.592379e-02,5.309036e-02
4.03250,0.249461,0.576207,3.892266e-01,3.638943e-01,9.327437e-01,1.280310e-01,-4.629160e-02,-7.356552e-02,2.591106e-02,5.308872e-02
4.03500,0.249222,0.576476,3.895633e-01,3.641896e-01,9.328129e-01,1.280327e-01,-4.638992e-02,-7.353095e-02,2.589841e-02,5.308710e-02
4.03750,0.248983,0.576746,3.898999e-01,3.644848e-01,9.328831e-01,1.280344e-01,-4.648880e-02,-7.349621e-02,2.588585e-02,5.308549e-02
4.04000,0.248745,0.577016,3.902364e-01,3.647801e-01,9.329544e-01,1.280361e-01,-4.658824e-02,-7.346140e-02,2.587339e-02,5.308391e-02
4.04250,0.248506,0.577286,3.905727e-01,3.650752e-01,9.330267e-01,1.280378e-01,-4.668817e-02,-7.342672e-02,2.586103e-02,5.308234e-02
4.04500,0.248268,0.577556,3.909092e-01,3.653704e-01,9.331003e-01,1.280396e-01,-4.678850e-02,-7.339243e-02,2.584881e-02,5.308079e-02
4.04750,0.248030,0.577827,3.912463e-01,3.656656e-01,9.331751e-01,1.280413e-01,-4.688918e-02,-7.335864e-02,2.583674e-02,5.307926e-02
4.05000,0.247793,0.578099,3.915833e-01,3.659607e-01,9.332512e-01,1.280431e-01,-4.699010e-02,-7.332536e-02,2.582482e-02,5.307775e-02
4.05250,0.247555,0.578370,3.919202e-01,3.662558e-01,9.333286e-01,1.280448e-01,-4.709123e-02,-7.329251e-02,2.581305e-02,5.307626e-02
4.05500,0.247318,0.578642,3.922570e-01,3.665509e-01,9.334073e-01,1.280466e-01,-4.719265e-02,-7.326013e-02,2.580142e-02,5.307479e-02
4.05750,0.247081,0.578915,3.925936e-01,3.668460e-01,9.334874e-01,1.280484e-01,-4.729439e-02,-7.322838e-02,2.578995e-02,5.307333e-02
4.06000,0.246844,0.579187,3.929302e-01,3.671410e-01,9.335687e-01,1.280502e-01,-4.739642e-02,-7.319723e-02,2.577863e-02,5.307190e-02
4.06250,0.246608,0.579460,3.932666e-01,3.674361e-01,9.336514e-01,1.280520e-01,-4.749871e-02,-7.316662e-02,2.576746e-02,5.307048e-02
4.06500,0.246371,0.579734,3.936029e-01,3.677311e-01,9.337352e-01,1.280538e-01,-4.760125e-02,-7.313644e-02,2.575644e-02,5.306907e-02
4.06750,0.246135,0.580008,3.939391e-01,3.680261e-01,9.338202e-01,1.280557e-01,-4.770393e-02,-7.310660e-02,2.574556e-02,5.306769e-02
4.07000,0.245900,0.580282,3.942752e-01,3.683210e-01,9.339063e-01,1.280575e-01,-4.780667e-02,-7.307693e-02,2.573481e-02,5.306632e-02
4.07250,0.245664,0.580556,3.946111e-01,3.686159e-01,9.339935e-01,1.280594e-01,-4.790941e-02,-7.304730e-02,2.572416e-02,5.306498e-02
4.07500,0.245429,0.580831,3.949469e-01,3.689109e-01,9.340817e-01,1.280612e-01,-4.801206e-02,-7.301778e-02,2.571363e-02,5.306365e-02
4.07750,0.245194,0.581106,3.952826e-01,3.692058e-01,9.341708e-01,1.280631e-01,-4.811439e-02,-7.298823e-02,2.570318e-02,5.306233e-02
4.08000,0.244959,0.581382,3.956182e-01,3.695006e-01,9.342607e-01,1.280650e-01,-4.821637e-02,-7.295868e-02,2.569283e-02,5.306104e-02
4.08250,0.244724,0.581658,3.959537e-01,3.697955e-01,9.343514e-01,1.280669e-01,-4.831801e-02,-7.292922e-02,2.568256e-02,5.305977e-02
4.08500,0.244490,0.581934,3.962890e-01,3.700903e-01,9.344429e-01,1.280688e-01,-4.841943e-02,-7.289990e-02,2.567237e-02,5.305851e-02
4.08750,0.244256,0.582211,3.966242e-01,3.703851e-01,9.345350e-01,1.280707e-01,-4.852059e-02,-7.287087e-02,2.566228e-02,5.305727e-02
4.09000,0.244022,0.582488,3.969598e-01,3.706799e-01,9.346278e-01,1.280727e-01,-4.862145e-02,-7.284218e-02,2.565229e-02,5.305605e-02
4.09250,0.243788,0.582765,3.972958e-01,3.709746e-01,9.347212e-01,1.280746e-01,-4.872196e-02,-7.281381e-02,2.564242e-02,5.305485e-02
4.09500,0.243555,0.583043,3.976317e-01,3.712693e-01,9.348151e-01,1.280766e-01,-4.882214e-02,-7.278575e-02,2.563267e-02,5.305366e-02
4.09750,0.243321,0.583321,3.979675e-01,3.715641e-01,9.349096e-01,1.280786e-01,-4.892190e-02,-7.275794e-02,2.562304e-02,5.305249e-02
4.10000,0.243088,0.583600,3.983031e-01,3.718587e-01,9.350047e-01,1.280805e-01,-4.902116e-02,-7.273030e-02,2.561352e-02,5.305134e-02
4.10250,0.242856,0.583878,3.986386e-01,3.721534e-01,9.351003e-01,1.280825e-01,-4.911972e-02,-7.270295e-02,2.560410e-02,5.305021e-02
4.10500,0.242623,0.584158,3.989740e-01,3.724480e-01,9.351965e-01,1.280845e-01,-4.921764e-02,-7.267601e-02,2.559481e-02,5.304909e-02
4.10750,0.242391,0.584437,3.993092e-01,3.727426e-01,9.352933e-01,1.280865e-01,-4.931481e-02,-7.264938e-02,2.558565e-02,5.304799e-02
4.11000,0.242159,0.584717,3.996443e-01,3.730372e-01,9.353907e-01,1.280886e-01,-4.941106e-02,-7.262279e-02,2.557661e-02,5.304690e-02
4.11250,0.241927,0.584997,3.999793e-01,3.733318e-01,9.354887e-01,1.280906e-01,-4.950626e-02,-7.259611e-02,2.556766e-02,5.304584e-02
4.11500,0.241696,0.585278,4.003142e-01,3.736263e-01,9.355873e-01,1.280927e-01,-4.960037e-02,-7.256940e-02,2.555882e-02,5.304479e-02
4.11750,0.241465,0.585559,4.006489e-01,3.739208e-01,9.356865e-01,1.280947e-01,-4.969335e-02,-7.254260e-02,2.555007e-02,5.304375e-02
4.12000,0.241234,0.585840,4.009835e-01,3.742153e-01,9.357863e-01,1.280968e-01,-4.978524e-02,-7.251575e-02,2.554143e-02,5.304273e-02
4.12250,0.241003,0.586122,4.013180e-01,3.745098e-01,9.358866e-01,1.280989e-01,-4.987616e-02,-7.248899e-02,2.553288e-02,5.304173e-02
4.12500,0.240773,0.586404,4.016523e-01,3.748042e-01,9.359875e-01,1.281010e-01,-4.996637e-02,-7.246257e-02,2.552445e-02,5.304074e-02
4.12750,0.240542,0.586686,4.019865e-01,3.750986e-01,9.360892e-01,1.281031e-01,-5.005615e-02,-7.243650e-02,2.551615e-02,5.303977e-02
4.13000,0.240312,0.586969,4.023206e-01,3.753930e-01,9.361916e-01,1.281052e-01,-5.014565e-02,-7.241095e-02,2.550798e-02,5.303881e-02
4.13250,0.240083,0.587252,4.026545e-01,3.756874e-01,9.362949e-01,1.281074e-01,-5.023487e-02,-7.238593e-02,2.549995e-02,5.303787e-02
4.13500,0.239853,0.587536,4.029883e-01,3.759817e-01,9.363991e-01,1.281095e-01,-5.032395e-02,-7.236112e-02,2.549204e-02,5.303694e-02
4.13750,0.239624,0.587820,4.033219e-01,3.762761e-01,9.365043e-01,1.281117e-01,-5.041305e-02,-7.233631e-02,2.548422e-02,5.303602e-02
4.14000,0.239395,0.588104,4.036554e-01,3.765703e-01,9.366105e-01,1.281138e-01,-5.050223e-02,-7.231136e-02,2.547648e-02,5.303512e-02
4.14250,0.239166,0.588388,4.039888e-01,3.768646e-01,9.367178e-01,1.281160e-01,-5.059151e-02,-7.228610e-02,2.546880e-02,5.303424e-02
4.14500,0.238938,0.588673,4.043221e-01,3.771589e-01,9.368263e-01,1.281182e-01,-5.068085e-02,-7.226063e-02,2.546117e-02,5.303337e-02
4.14750,0.238709,0.588959,4.046552e-01,3.774531e-01,9.369360e-01,1.281204e-01,-5.077012e-02,-7.223488e-02,2.545359e-02,5.303252e-02
4.15000,0.238481,0.589244,4.049881e-01,3.777473e-01,9.370471e-01,1.281226e-01,-5.085927e-02,-7.220887e-02,2.544605e-02,5.303168e-02
4.15250,0.238254,0.589530,4.053219e-01,3.780414e-01,9.371358e-01,1.281249e-01,-5.094847e-02,-7.218273e-02,2.543854e-02,5.303087e-02
4.15500,0.238026,0.589816,4.056556e-01,3.783356e-01,9.372200e-01,1.281271e-01,-5.103779e-02,-7.215642e-02,2.543109e-02,5.303007e-02
4.15750,0.237799,0.590103,4.059891e-01,3.786297e-01,9.373051e-01,1.281294e-01,-5.112720e-02,-7.212983e-02,2.542367e-02,5.302929e-02
4.16000,0.237572,0.590390,4.063225e-01,3.789238e-01,9.373911e-01,1.281316e-01,-5.121674e-02,-7.210300e-02,2.541627e-02,5.302853e-02
4.16250,0.237345,0.590678,4.066558e-01,3.792178e-01,9.374780e-01,1.281339e-01,-5.130655e-02,-7.207605e-02,2.540890e-02,5.302779e-02
4.16500,0.237119,0.590965,4.069889e-01,3.795119e-01,9.375660e-01,1.281362e-01,-5.139687e-02,-7.204890e-02,2.540157e-02,5.302707e-02
4.16750,0.236892,0.591253,4.073218e-01,3.798059e-01,9.376551e-01,1.281385e-01,-5.148780e-02,-7.202155e-02,2.539429e-02,5.302637e-02
4.17000,0.236666,0.591542,4.076546e-01,3.800999e-01,9.377453e-01,1.281408e-01,-5.157932e-02,-7.199413e-02,2.538705e-02,5.302569e-02
4.17250,0.236441,0.591831,4.079873e-01,3.803938e-01,9.378367e-01,1.281432e-01,-5.167138e-02,-7.196662e-02,2.537986e-02,5.302503e-02
4.17500,0.236215,0.592120,4.083198e-01,3.806878e-01,9.379292e-01,1.281455e-01,-5.176398e-02,-7.193888e-02,2.537273e-02,5.302439e-02
4.17750,0.235990,0.592409,4.086521e-01,3.809817e-01,9.380229e-01,1.281479e-01,-5.185696e-02,-7.191070e-02,2.536562e-02,5.302377e-02
4.18000,0.235765,0.592699,4.089843e-01,3.812756e-01,9.381177e-01,1.281503e-01,-5.195001e-02,-7.188205e-02,2.535855e-02,5.302318e-02
4.18250,0.235540,0.592989,4.093163e-01,3.815694e-01,9.382137e-01,1.281526e-01,-5.204281e-02,-7.185300e-02,2.535151e-02,5.302261e-02
4.18500,0.235316,0.593280,4.096482e-01,3.818633e-01,9.383109e-01,1.281550e-01,-5.213536e-02,-7.182386e-02,2.534453e-02,5.302206e-02
4.18750,0.235092,0.593571,4.099800e-01,3.821571e-01,9.384091e-01,1.281575e-01,-5.222774e-02,-7.179488e-02,2.533761e-02,5.302154e-02
4.19000,0.234868,0.593862,4.103116e-01,3.824509e-01,9.385086e-01,1.281599e-01,-5.231994e-02,-7.176609e-02,2.533076e-02,5.302104e-02
4.19250,0.234644,0.594154,4.106430e-01,3.827446e-01,9.386091e-01,1.281623e-01,-5.241206e-02,-7.173756e-02,2.532400e-02,5.302056e-02
4.19500,0.234421,0.594446,4.109743e-01,3.830384e-01,9.387109e-01,1.281648e-01,-5.250408e-02,-7.170934e-02,2.531733e-02,5.302010e-02
4.19750,0.234198,0.594738,4.113054e-01,3.833321e-01,9.388138e-01,1.281672e-01,-5.259590e-02,-7.168133e-02,2.531076e-02,5.301967e-02
4.20000,0.233975,0.595031,4.116363e-01,3.836257e-01,9.389180e-01,1.281697e-01,-5.268751e-02,-7.165353e-02,2.530429e-02,5.301926e-02
4.20250,0.233752,0.595324,4.119671e-01,3.839194e-01,9.390233e-01,1.281722e-01,-5.277878e-02,-7.162607e-02,2.529791e-02,5.301888e-02
4.20500,0.233530,0.595617,4.122978e-01,3.842130e-01,9.391299e-01,1.281747e-01,-5.286956e-02,-7.159888e-02,2.529163e-02,5.301851e-02
4.20750,0.233308,0.595911,4.126283e-01,3.845066e-01,9.392377e-01,1.281772e-01,-5.295988e-02,-7.157187e-02,2.528544e-02,5.301817e-02
4.21000,0.233086,0.596205,4.129596e-01,3.848002e-01,9.393468e-01,1.281798e-01,-5.304979e-02,-7.154503e-02,2.527934e-02,5.301786e-02
4.21250,0.232865,0.596500,4.132908e-01,3.850937e-01,9.394573e-01,1.281823e-01,-5.313920e-02,-7.151821e-02,2.527333e-02,5.301756e-02
4.21500,0.232643,0.596795,4.136218e-01,3.853872e-01,9.395692e-01,1.281849e-01,-5.322803e-02,-7.149122e-02,2.526739e-02,5.301729e-02
4.21750,0.232422,0.597090,4.139526e-01,3.856807e-01,9.396826e-01,1.281875e-01,-5.331627e-02,-7.146408e-02,2.526153e-02,5.301703e-02
4.22000,0.232201,0.597385,4.142833e-01,3.859742e-01,9.397974e-01,1.281900e-01,-5.340383e-02,-7.143694e-02,2.525577e-02,5.301681e-02
4.22250,0.231981,0.597681,4.146139e-01,3.862676e-01,9.399136e-01,1.281926e-01,-5.349063e-02,-7.140992e-02,2.525011e-02,5.301660e-02
4.22500,0.231761,0.597977,4.149442e-01,3.865611e-01,9.400311e-01,1.281953e-01,-5.357659e-02,-7.138312e-02,2.524456e-02,5.301642e-02
4.22750,0.231541,0.598274,4.152744e-01,3.868544e-01,9.401499e-01,1.281979e-01,-5.366171e-02,-7.135666e-02,2.523912e-02,5.301626e-02
4.23000,0.231321,0.598571,4.156044e-01,3.871478e-01,9.402699e-01,1.282005e-01,-5.374618e-02,-7.133088e-02,2.523381e-02,5.301612e-02
4.23250,0.231250,0.598868,4.157870e-01,3.872998e-01,9.403910e-01,1.282032e-01,-5.383028e-02,-7.130594e-02,2.522865e-02,5.301600e-02
4.23500,0.231250,0.599166,4.158993e-01,3.873845e-01,9.405130e-01,1.282059e-01,-5.336771e-02,-7.097587e-02,2.520134e-02,5.301600e-02
4.23750,0.231250,0.599464,4.160117e-01,3.874695e-01,9.406356e-01,1.282086e-01,-5.272469e-02,-7.060477e-02,2.516249e-02,5.301612e-02
4.24000,0.231250,0.599762,4.161242e-01,3.875548e-01,9.407587e-01,1.282113e-01,-5.214725e-02,-7.033085e-02,2.512578e-02,5.301632e-02
4.24250,0.231250,0.600061,4.162369e-01,3.876404e-01,9.408821e-01,1.282140e-01,-5.160094e-02,-7.010842e-02,2.509305e-02,5.301659e-02
4.24500,0.231250,0.600360,4.163498e-01,3.877263e-01,9.410058e-01,1.282167e-01,-5.108016e-02,-6.991991e-02,2.506386e-02,5.301692e-02
4.24750,0.231250,0.600659,4.164628e-01,3.878126e-01,9.411299e-01,1.282195e-01,-5.058402e-02,-6.975592e-02,2.503753e-02,5.301728e-02
4.25000,0.231250,0.600959,4.165760e-01,3.878991e-01,9.412543e-01,1.282222e-01,-5.011200e-02,-6.961041e-02,2.501344e-02,5.301769e-02
4.25250,0.231250,0.601259,4.166893e-01,3.879859e-01,9.413792e-01,1.282250e-01,-4.966315e-02,-6.947906e-02,2.499113e-02,5.301813e-02
4.25500,0.231250,0.601559,4.168028e-01,3.880731e-01,9.415048e-01,1.282278e-01,-4.923636e-02,-6.935871e-02,2.497026e-02,5.301861e-02
4.25750,0.231250,0.601860,4.169165e-01,3.881605e-01,9.416312e-01,1.282306e-01,-4.883035e-02,-6.924696e-02,2.495054e-02,5.301912e-02
4.26000,0.231250,0.602161,4.170303e-01,3.882483e-01,9.417587e-01,1.282335e-01,-4.844377e-02,-6.914210e-02,2.493177e-02,5.301968e-02
4.26250,0.231250,0.602463,4.171444e-01,3.883364e-01,9.418874e-01,1.282363e-01,-4.807531e-02,-6.904302e-02,2.491380e-02,5.302027e-02
4.26500,0.231250,0.602764,4.172585e-01,3.884247e-01,9.420178e-01,1.282392e-01,-4.772376e-02,-6.894874e-02,2.489650e-02,5.302091e-02
4.26750,0.231250,0.603066,4.173729e-01,3.885134e-01,9.421501e-01,1.282420e-01,-4.738790e-02,-6.885832e-02,2.487979e-02,5.302159e-02
4.27000,0.231250,0.603369,4.174874e-01,3.886024e-01,9.422846e-01,1.282449e-01,-4.706649e-02,-6.877101e-02,2.486357e-02,5.302231e-02
4.27250,0.231250,0.603672,4.176021e-01,3.886917e-01,9.424215e-01,1.282479e-01,-4.675833e-02,-6.868646e-02,2.484778e-02,5.302308e-02
4.27500,0.231250,0.603975,4.177176e-01,3.887813e-01,9.425610e-01,1.282508e-01,-4.646228e-02,-6.860459e-02,2.483241e-02,5.302390e-02
4.27750,0.231250,0.604278,4.178334e-01,3.888713e-01,9.427033e-01,1.282538e-01,-4.617740e-02,-6.852513e-02,2.481741e-02,5.302476e-02
4.28000,0.231250,0.604582,4.179493e-01,3.889615e-01,9.428485e-01,1.282567e-01,-4.590276e-02,-6.844768e-02,2.480275e-02,5.302568e-02
4.28250,0.231250,0.604886,4.180654e-01,3.890520e-01,9.429967e-01,1.282597e-01,-4.563748e-02,-6.837180e-02,2.478840e-02,5.302664e-02
4.28500,0.231250,0.605191,4.181816e-01,3.891429e-01,9.431482e-01,1.282627e-01,-4.538067e-02,-6.829733e-02,2.477432e-02,5.302766e-02
4.28750,0.231250,0.605496,4.182980e-01,3.892341e-01,9.433028e-01,1.282657e-01,-4.513176e-02,-6.822421e-02,2.476048e-02,5.302873e-02
4.29000,0.231250,0.605801,4.184146e-01,3.893255e-01,9.434608e-01,1.282688e-01,-4.489024e-02,-6.815245e-02,2.474688e-02,5.302985e-02
4.29250,0.231250,0.606106,4.185313e-01,3.894173e-01,9.436221e-01,1.282718e-01,-4.465571e-02,-6.808209e-02,2.473351e-02,5.303102e-02
4.29500,0.231250,0.606412,4.186482e-01,3.895094e-01,9.437868e-01,1.282749e-01,-4.442783e-02,-6.801300e-02,2.472035e-02,5.303225e-02
4.29750,0.231250,0.606718,4.187653e-01,3.896019e-01,9.439551e-01,1.282780e-01,-4.420609e-02,-6.794513e-02,2.470740e-02,5.303353e-02
4.30000,0.231250,0.607025,4.188825e-01,3.896946e-01,9.441267e-01,1.282811e-01,-4.399015e-02,-6.787837e-02,2.469465e-02,5.303486e-02
4.30250,0.231250,0.607331,4.189999e-01,3.897876e-01,9.443020e-01,1.282843e-01,-4.377969e-02,-6.781267e-02,2.468208e-02,5.303624e-02
4.30500,0.231250,0.607639,4.191175e-01,3.898810e-01,9.444807e-01,1.282874e-01,-4.357423e-02,-6.774802e-02,2.466970e-02,5.303768e-02
4.30750,0.231250,0.607946,4.192352e-01,3.899747e-01,9.446631e-01,1.282906e-01,-4.337349e-02,-6.768434e-02,2.465748e-02,5.303917e-02
4.31000,0.231250,0.608254,4.193531e-01,3.900687e-01,9.448492e-01,1.282938e-01,-4.317736e-02,-6.762153e-02,2.464544e-02,5.304071e-02
4.31250,0.231250,0.608562,4.194712e-01,3.901630e-01,9.450389e-01,1.282970e-01,-4.298570e-02,-6.755924e-02,2.463355e-02,5.304231e-02
4.31500,0.231250,0.608871,4.195894e-01,3.902576e-01,9.452325e-01,1.283002e-01,-4.279807e-02,-6.749735e-02,2.462180e-02,5.304396e-02
4.31750,0.231250,0.609179,4.197078e-01,3.903525e-01,9.454299e-01,1.283034e-01,-4.261423e-02,-6.743591e-02,2.461017e-02,5.304566e-02
4.32000,0.231250,0.609489,4.198263e-01,3.904478e-01,9.456311e-01,1.283067e-01,-4.243418e-02,-6.737497e-02,2.459867e-02,5.304741e-02
4.32250,0.231250,0.609798,4.199450e-01,3.905434e-01,9.458362e-01,1.283100e-01,-4.225791e-02,-6.731458e-02,2.458730e-02,5.304922e-02
4.32500,0.231250,0.610108,4.200639e-01,3.906392e-01,9.460450e-01,1.283133e-01,-4.208535e-02,-6.725477e-02,2.457607e-02,5.305108e-02
4.32750,0.231250,0.610418,4.201829e-01,3.907354e-01,9.462575e-01,1.283166e-01,-4.191650e-02,-6.719559e-02,2.456497e-02,5.305299e-02
4.33000,0.231250,0.610729,4.203021e-01,3.908320e-01,9.464735e-01,1.283199e-01,-4.175137e-02,-6.713712e-02,2.455399e-02,5.305496e-02
4.33250,0.231250,0.611039,4.204214e-01,3.909288e-01,9.466930e-01,1.283233e-01,-4.158995e-02,-6.707933e-02,2.454314e-02,5.305697e-02
4.33500,0.231250,0.611351,4.205408e-01,3.910260e-01,9.469158e-01,1.283267e-01,-4.143231e-02,-6.702217e-02,2.453241e-02,5.305904e-02
4.33750,0.231250,0.611662,4.206605e-01,3.911235e-01,9.471420e-01,1.283300e-01,-4.127849e-02,-6.696548e-02,2.452177e-02,5.306115e-02
4.34000,0.231250,0.611974,4.207802e-01,3.912213e-01,9.473715e-01,1.283334e-01,-4.112853e-02,-6.690930e-02,2.451122e-02,5.306332e-02
4.34250,0.231250,0.612286,4.209002e-01,3.913194e-01,9.476043e-01,1.283369e-01,-4.098241e-02,-6.685345e-02,2.450075e-02,5.306554e-02
4.34500,0.231250,0.612599,4.210203e-01,3.914178e-01,9.478403e-01,1.283403e-01,-4.084010e-02,-6.679780e-02,2.449033e-02,5.306781e-02
4.34750,0.231250,0.612911,4.211405e-01,3.915166e-01,9.480796e-01,1.283438e-01,-4.070169e-02,-6.674224e-02,2.447993e-02,5.307013e-02
4.35000,0.231250,0.613224,4.212609e-01,3.916157e-01,9.483222e-01,1.283473e-01,-4.056731e-02,-6.668675e-02,2.446955e-02,5.307251e-02
4.35250,0.231250,0.613538,4.213814e-01,3.917151e-01,9.485608e-01,1.283507e-01,-4.043688e-02,-6.663133e-02,2.445917e-02,5.307493e-02
4.35500,0.231250,0.613852,4.215021e-01,3.918148e-01,9.487193e-01,1.283543e-01,-4.031030e-02,-6.657593e-02,2.444878e-02,5.307741e-02
4.35750,0.231250,0.614166,4.216230e-01,3.919148e-01,9.488811e-01,1.283578e-01,-4.018756e-02,-6.652065e-02,2.443838e-02,5.307994e-02
4.36000,0.231250,0.614480,4.217440e-01,3.920152e-01,9.490462e-01,1.283613e-01,-4.006872e-02,-6.646560e-02,2.442797e-02,5.308252e-02
4.36250,0.231250,0.614795,4.218651e-01,3.921159e-01,9.492147e-01,1.283649e-01,-3.995375e-02,-6.641088e-02,2.441754e-02,5.308515e-02
4.36500,0.231250,0.615110,4.219865e-01,3.922169e-01,9.493865e-01,1.283685e-01,-3.984262e-02,-6.635650e-02,2.440710e-02,5.308784e-02
4.36750,0.231250,0.615426,4.221080e-01,3.923183e-01,9.495614e-01,1.283721e-01,-3.973532e-02,-6.630236e-02,2.439663e-02,5.309057e-02
4.37000,0.231250,0.615741,4.222296e-01,3.924199e-01,9.497392e-01,1.283757e-01,-3.963175e-02,-6.624837e-02,2.438613e-02,5.309336e-02
4.37250,0.231250,0.616058,4.223514e-01,3.925219e-01,9.499196e-01,1.283794e-01,-3.953174e-02,-6.619451e-02,2.437560e-02,5.309619e-02
4.37500,0.231250,0.616374,4.224734e-01,3.926243e-01,9.501026e-01,1.283830e-01,-3.943527e-02,-6.614079e-02,2.436504e-02,5.309908e-02
4.37750,0.231250,0.616691,4.225955e-01,3.927269e-01,9.502879e-01,1.283867e-01,-3.934223e-02,-6.608704e-02,2.435441e-02,5.310201e-02
4.38000,0.231250,0.617008,4.227178e-01,3.928299e-01,9.504756e-01,1.283904e-01,-3.925254e-02,-6.603306e-02,2.434373e-02,5.310500e-02
4.38250,0.231250,0.617325,4.228402e-01,3.929332e-01,9.506658e-01,1.283941e-01,-3.916621e-02,-6.597885e-02,2.433296e-02,5.310804e-02
4.38500,0.231250,0.617643,4.229629e-01,3.930368e-01,9.508585e-01,1.283978e-01,-3.908321e-02,-6.592439e-02,2.432211e-02,5.311112e-02
4.38750,0.231250,0.617961,4.230859e-01,3.931407e-01,9.510538e-01,1.284016e-01,-3.900333e-02,-6.586983e-02,2.431118e-02,5.311426e-02
4.39000,0.231250,0.618279,4.232091e-01,3.932450e-01,9.512518e-01,1.284053e-01,-3.892638e-02,-6.581514e-02,2.430017e-02,5.311745e-02
4.39250,0.231250,0.618598,4.233324e-01,3.933496e-01,9.514527e-01,1.284091e-01,-3.885241e-02,-6.576031e-02,2.428909e-02,5.312068e-02
4.39500,0.231250,0.618917,4.234559e-01,3.934546e-01,9.516566e-01,1.284129e-01,-3.878149e-02,-6.570532e-02,2.427793e-02,5.312397e-02
4.39750,0.231250,0.619236,4.235796e-01,3.935598e-01,9.518637e-01,1.284167e-01,-3.871360e-02,-6.565006e-02,2.426668e-02,5.312730e-02
4.40000,0.231250,0.619556,4.237034e-01,3.936654e-01,9.520743e-01,1.284206e-01,-3.864861e-02,-6.559460e-02,2.425535e-02,5.313068e-02
4.40250,0.231250,0.619876,4.238274e-01,3.937713e-01,9.522885e-01,1.284244e-01,-3.858645e-02,-6.553899e-02,2.424392e-02,5.313411e-02
4.40500,0.231250,0.620197,4.239516e-01,3.938776e-01,9.525065e-01,1.284283e-01,-3.852701e-02,-6.548322e-02,2.423240e-02,5.313758e-02
4.40750,0.231250,0.620517,4.240759e-01,3.939842e-01,9.527286e-01,1.284322e-01,-3.847013e-02,-6.542716e-02,2.422080e-02,5.314110e-02
4.41000,0.231250,0.620838,4.242003e-01,3.940911e-01,9.529549e-01,1.284361e-01,-3.841576e-02,-6.537055e-02,2.420909e-02,5.314467e-02
4.41250,0.231250,0.621159,4.243249e-01,3.941983e-01,9.531855e-01,1.284400e-01,-3.836376e-02,-6.531337e-02,2.419727e-02,5.314829e-02
4.41500,0.231250,0.621481,4.244497e-01,3.943059e-01,9.534199e-01,1.284439e-01,-3.831402e-02,-6.525548e-02,2.418534e-02,5.315195e-02
4.41750,0.231250,0.621803,4.245746e-01,3.944138e-01,9.536578e-01,1.284479e-01,-3.826661e-02,-6.519683e-02,2.417329e-02,5.315566e-02
4.42000,0.231250,0.622125,4.246997e-01,3.945220e-01,9.538989e-01,1.284518e-01,-3.822155e-02,-6.513747e-02,2.416111e-02,5.315941e-02
4.42250,0.231250,0.622448,4.248249e-01,3.946306e-01,9.541427e-01,1.284558e-01,-3.817877e-02,-6.507752e-02,2.414881e-02,5.316321e-02
4.42500,0.231250,0.622771,4.249503e-01,3.947395e-01,9.543890e-01,1.284598e-01,-3.813811e-02,-6.501725e-02,2.413640e-02,5.316705e-02
4.42750,0.231250,0.623094,4.250758e-01,3.948487e-01,9.546378e-01,1.284638e-01,-3.809951e-02,-6.495675e-02,2.412388e-02,5.317094e-02
4.43000,0.231250,0.623418,4.252015e-01,3.949583e-01,9.548889e-01,1.284678e-01,-3.806302e-02,-6.489599e-02,2.411126e-02,5.317487e-02
4.43250,0.231250,0.623741,4.253273e-01,3.950682e-01,9.551424e-01,1.284719e-01,-3.802882e-02,-6.483492e-02,2.409852e-02,5.317884e-02
4.43500,0.231250,0.624066,4.254533e-01,3.951784e-01,9.553982e-01,1.284759e-01,-3.799716e-02,-6.477349e-02,2.408567e-02,5.318286e-02
4.43750,0.231250,0.624390,4.255794e-01,3.952890e-01,9.556566e-01,1.284800e-01,-3.796828e-02,-6.471175e-02,2.407268e-02,5.318691e-02
4.44000,0.231250,0.624715,4.257057e-01,3.953999e-01,9.559174e-01,1.284841e-01,-3.794233e-02,-6.464959e-02,2.405955e-02,5.319101e-02
4.44250,0.231250,0.625040,4.258322e-01,3.955112e-01,9.561811e-01,1.284882e-01,-3.791931e-02,-6.458692e-02,2.404626e-02,5.319514e-02
4.44500,0.231250,0.625366,4.259588e-01,3.956228e-01,9.564477e-01,1.284924e-01,-3.789917e-02,-6.452364e-02,2.403282e-02,5.319932e-02
4.44750,0.231250,0.625691,4.260856e-01,3.957347e-01,9.567176e-01,1.284965e-01,-3.788203e-02,-6.445975e-02,2.401919e-02,5.320354e-02
4.45000,0.231250,0.626018,4.262125e-01,3.958469e-01,9.569911e-01,1.285006e-01,-3.786787e-02,-6.439519e-02,2.400539e-02,5.320779e-02
4.45250,0.231250,0.626344,4.263396e-01,3.959595e-01,9.572686e-01,1.285048e-01,-3.785670e-02,-6.432979e-02,2.399141e-02,5.321208e-02
4.45500,0.231250,0.626671,4.264669e-01,3.960724e-01,9.575505e-01,1.285090e-01,-3.784865e-02,-6.426355e-02,2.397722e-02,5.321641e-02
4.45750,0.231250,0.626998,4.265943e-01,3.961857e-01,9.578368e-01,1.285132e-01,-3.784385e-02,-6.419669e-02,2.396283e-02,5.322078e-02
4.46000,0.231250,0.627325,4.267218e-01,3.962993e-01,9.581276e-01,1.285174e-01,-3.784244e-02,-6.412925e-02,2.394825e-02,5.322519e-02
4.46250,0.231250,0.627653,4.268496e-01,3.964132e-01,9.584226e-01,1.285217e-01,-3.784438e-02,-6.406123e-02,2.393347e-02,5.322963e-02
4.46500,0.231250,0.627981,4.269774e-01,3.965275e-01,9.587213e-01,1.285259e-01,-3.784976e-02,-6.399264e-02,2.391850e-02,5.323411e-02
4.46750,0.231250,0.628309,4.271055e-01,3.966421e-01,9.590234e-01,1.285302e-01,-3.785872e-02,-6.392333e-02,2.390332e-02,5.323862e-02
4.47000,0.231250,0.628638,4.272337e-01,3.967571e-01,9.593283e-01,1.285344e-01,-3.787144e-02,-6.385324e-02,2.388795e-02,5.324317e-02
4.47250,0.231250,0.628967,4.273621e-01,3.968724e-01,9.596356e-01,1.285387e-01,-3.788813e-02,-6.378231e-02,2.387237e-02,5.324775e-02
4.47500,0.231250,0.629296,4.274906e-01,3.969880e-01,9.599452e-01,1.285430e-01,-3.790874e-02,-6.371029e-02,2.385655e-02,5.325236e-02
4.47750,0.231250,0.629626,4.276193e-01,3.971040e-01,9.602570e-01,1.285473e-01,-3.793290e-02,-6.363722e-02,2.384050e-02,5.325701e-02
4.48000,0.231250,0.629956,4.277481e-01,3.972203e-01,9.605710e-01,1.285517e-01,-3.796035e-02,-6.356324e-02,2.382423e-02,5.326169e-02
4.48250,0.231250,0.630286,4.278771e-01,3.973370e-01,9.608872e-01,1.285560e-01,-3.799117e-02,-6.348839e-02,2.380773e-02,5.326640e-02
4.48500,0.231250,0.630617,4.280062e-01,3.974540e-01,9.612059e-01,1.285604e-01,-3.802561e-02,-6.341270e-02,2.379100e-02,5.327115e-02
4.48750,0.231250,0.630947,4.281355e-01,3.975713e-01,9.615272e-01,1.285648e-01,-3.806345e-02,-6.333628e-02,2.377404e-02,5.327593e-02
4.49000,0.231250,0.631279,4.282650e-01,3.976890e-01,9.618512e-01,1.285691e-01,-3.810438e-02,-6.325935e-02,2.375689e-02,5.328073e-02
4.49250,0.231250,0.631610,4.283946e-01,3.978070e-01,9.621782e-01,1.285735e-01,-3.814844e-02,-6.318178e-02,2.373954e-02,5.328557e-02
4.49500,0.231250,0.631942,4.285244e-01,3.979254e-01,9.625086e-01,1.285780e-01,-3.819563e-02,-6.310366e-02,2.372200e-02,5.329044e-02
4.49750,0.231250,0.632274,4.286544e-01,3.980441e-01,9.628428e-01,1.285824e-01,-3.824594e-02,-6.302504e-02,2.370425e-02,5.329533e-02
4.50000,0.231250,0.632606,4.287845e-01,3.981631e-01,9.631814e-01,1.285868e-01,-3.829941e-02,-6.294592e-02,2.368630e-02,5.330026e-02
4.50250,0.231250,0.632939,4.289148e-01,3.982825e-01,9.635115e-01,1.285913e-01,-3.835598e-02,-6.286621e-02,2.366815e-02,5.330520e-02
4.50500,0.231250,0.633272,4.290452e-01,3.984023e-01,9.634700e-01,1.285957e-01,-3.841543e-02,-6.278570e-02,2.364980e-02,5.331018e-02
4.50750,0.231250,0.633605,4.291759e-01,3.985223e-01,9.634286e-01,1.286002e-01,-3.847772e-02,-6.270427e-02,2.363122e-02,5.331518e-02
4.51000,0.231250,0.633939,4.293067e-01,3.986428e-01,9.633873e-01,1.286047e-01,-3.854279e-02,-6.262187e-02,2.361243e-02,5.332020e-02
4.51250,0.231250,0.634273,4.294376e-01,3.987635e-01,9.633462e-01,1.286092e-01,-3.861062e-02,-6.253831e-02,2.359341e-02,5.332525e-02
4.51500,0.231250,0.634607,4.295688e-01,3.988847e-01,9.633052e-01,1.286137e-01,-3.868129e-02,-6.245357e-02,2.357414e-02,5.333032e-02
4.51750,0.231250,0.634942,4.297001e-01,3.990061e-01,9.632645e-01,1.286183e-01,-3.875486e-02,-6.236772e-02,2.355464e-02,5.333541e-02
4.52000,0.231250,0.635277,4.298316e-01,3.991279e-01,9.632240e-01,1.286228e-01,-3.883133e-02,-6.228082e-02,2.353489e-02,5.334052e-02
4.52250,0.231250,0.635612,4.299633e-01,3.992501e-01,9.631837e-01,1.286274e-01,-3.891080e-02,-6.219283e-02,2.351491e-02,5.334566e-02
4.52500,0.231250,0.635948,4.300952e-01,3.993726e-01,9.631437e-01,1.286319e-01,-3.899331e-02,-6.210384e-02,2.349468e-02,5.335081e-02
4.52750,0.231250,0.636283,4.302273e-01,3.994954e-01,9.631039e-01,1.286365e-01,-3.907896e-02,-6.201391e-02,2.347423e-02,5.335598e-02
4.53000,0.231250,0.636620,4.303596e-01,3.996186e-01,9.630643e-01,1.286411e-01,-3.916798e-02,-6.192299e-02,2.345353e-02,5.336117e-02
4.53250,0.231250,0.636956,4.304920e-01,3.997422e-01,9.630249e-01,1.286457e-01,-3.926055e-02,-6.183104e-02,2.343258e-02,5.336638e-02
4.53500,0.231250,0.637293,4.306247e-01,3.998660e-01,9.629855e-01,1.286503e-01,-3.935699e-02,-6.173799e-02,2.341135e-02,5.337160e-02
4.53750,0.231250,0.637630,4.307575e-01,3.999903e-01,9.629463e-01,1.286549e-01,-3.945752e-02,-6.164376e-02,2.338983e-02,5.337684e-02
4.54000,0.231250,0.637967,4.308905e-01,4.001149e-01,9.629072e-01,1.286596e-01,-3.956191e-02,-6.154853e-02,2.336803e-02,5.338209e-02
4.54250,0.231250,0.638305,4.310238e-01,4.002398e-01,9.628680e-01,1.286642e-01,-3.967006e-02,-6.145227e-02,2.334596e-02,5.338735e-02
4.54500,0.231250,0.638643,4.311572e-01,4.003651e-01,9.628289e-01,1.286689e-01,-3.978202e-02,-6.135481e-02,2.332360e-02,5.339262e-02
4.54750,0.231250,0.638981,4.312908e-01,4.004907e-01,9.627898e-01,1.286735e-01,-3.989792e-02,-6.125600e-02,2.330095e-02,5.339791e-02
4.55000,0.231250,0.639320,4.314246e-01,4.006167e-01,9.627506e-01,1.286782e-01,-4.001813e-02,-6.115578e-02,2.327798e-02,5.340320e-02
4.55250,0.231250,0.639658,4.315587e-01,4.007430e-01,9.627115e-01,1.286829e-01,-4.014281e-02,-6.105416e-02,2.325467e-02,5.340850e-02
4.55500,0.231250,0.639998,4.316929e-01,4.008697e-01,9.626723e-01,1.286876e-01,-4.027204e-02,-6.095134e-02,2.323104e-02,5.341381e-02
4.55750,0.231250,0.640337,4.318273e-01,4.009967e-01,9.626332e-01,1.286923e-01,-4.040532e-02,-6.084742e-02,2.320710e-02,5.341912e-02
4.56000,0.231250,0.640677,4.319622e-01,4.011240e-01,9.625941e-01,1.286970e-01,-4.054227e-02,-6.074246e-02,2.318286e-02,5.342444e-02
4.56250,0.231250,0.641017,4.320973e-01,4.012518e-01,9.625550e-01,1.287017e-01,-4.068284e-02,-6.063644e-02,2.315832e-02,5.342975e-02
4.56500,0.231250,0.641357,4.322327e-01,4.013798e-01,9.625161e-01,1.287065e-01,-4.082698e-02,-6.052930e-02,2.313349e-02,5.343507e-02
4.56750,0.231250,0.641698,4.323682e-01,4.015083e-01,9.624772e-01,1.287112e-01,-4.097475e-02,-6.042102e-02,2.310836e-02,5.344039e-02
4.57000,0.231250,0.642039,4.325040e-01,4.016370e-01,9.624386e-01,1.287160e-01,-4.112626e-02,-6.031142e-02,2.308292e-02,5.344570e-02
4.57250,0.231250,0.642380,4.326400e-01,4.017662e-01,9.624001e-01,1.287207e-01,-4.128132e-02,-6.020033e-02,2.305718e-02,5.345101e-02
4.57500,0.231250,0.642722,4.327762e-01,4.018956e-01,9.623619e-01,1.287255e-01,-4.143960e-02,-6.008780e-02,2.303114e-02,5.345631e-02
4.57750,0.231250,0.643064,4.329127e-01,4.020255e-01,9.623239e-01,1.287303e-01,-4.160072e-02,-5.997384e-02,2.300484e-02,5.346161e-02
4.58000,0.231250,0.643406,4.330493e-01,4.021556e-01,9.622863e-01,1.287351e-01,-4.176473e-02,-5.985844e-02,2.297826e-02,5.346690e-02
4.58250,0.231250,0.643748,4.331862e-01,4.022862e-01,9.622491e-01,1.287399e-01,-4.193191e-02,-5.974164e-02,2.295140e-02,5.347218e-02
4.58500,0.231250,0.644091,4.333234e-01,4.024170e-01,9.622123e-01,1.287447e-01,-4.210262e-02,-5.962349e-02,2.292425e-02,5.347745e-02
4.58750,0.231250,0.644434,4.334607e-01,4.025483e-01,9.621758e-01,1.287495e-01,-4.227682e-02,-5.950394e-02,2.289679e-02,5.348271e-02
4.59000,0.231250,0.644777,4.335983e-01,4.026799e-01,9.621399e-01,1.287543e-01,-4.245438e-02,-5.938304e-02,2.286905e-02,5.348795e-02
4.59250,0.231250,0.645121,4.337361e-01,4.028118e-01,9.621043e-01,1.287591e-01,-4.263523e-02,-5.926078e-02,2.284102e-02,5.349318e-02
4.59500,0.231250,0.645465,4.338741e-01,4.029441e-01,9.620692e-01,1.287640e-01,-4.281946e-02,-5.913712e-02,2.281272e-02,5.349840e-02
4.59750,0.231250,0.645809,4.340124e-01,4.030767e-01,9.620345e-01,1.287688e-01,-4.300712e-02,-5.901196e-02,2.278415e-02,5.350360e-02
4.60000,0.231250,0.646153,4.341509e-01,4.032097e-01,9.620001e-01,1.287737e-01,-4.319818e-02,-5.888525e-02,2.275530e-02,5.350877e-02
4.60250,0.231250,0.646498,4.342897e-01,4.033431e-01,9.619660e-01,1.287785e-01,-4.339269e-02,-5.875684e-02,2.272617e-02,5.351393e-02
4.60500,0.231250,0.646843,4.344287e-01,4.034768e-01,9.619322e-01,1.287834e-01,-4.359102e-02,-5.862655e-02,2.269674e-02,5.351907e-02
4.60750,0.231250,0.647189,4.345679e-01,4.036108e-01,9.618986e-01,1.287882e-01,-4.379312e-02,-5.849438e-02,2.266699e-02,5.352419e-02
4.61000,0.231250,0.647534,4.347074e-01,4.037453e-01,9.618652e-01,1.287931e-01,-4.399875e-02,-5.836036e-02,2.263694e-02,5.352929e-02
4.61250,0.231250,0.647880,4.348471e-01,4.038800e-01,9.618319e-01,1.287980e-01,-4.420799e-02,-5.822445e-02,2.260659e-02,5.353436e-02
4.61500,0.231250,0.648227,4.349870e-01,4.040151e-01,9.617423e-01,1.288029e-01,-4.442089e-02,-5.808684e-02,2.257594e-02,5.353941e-02
4.61750,0.231250,0.648573,4.351272e-01,4.041506e-01,9.615705e-01,1.288078e-01,-4.463749e-02,-5.794756e-02,2.254499e-02,5.354443e-02
4.62000,0.231250,0.648920,4.352676e-01,4.042864e-01,9.613954e-01,1.288127e-01,-4.485765e-02,-5.780684e-02,2.251375e-02,5.354942e-02
4.62250,0.231250,0.649267,4.354083e-01,4.044226e-01,9.612174e-01,1.288176e-01,-4.508161e-02,-5.766463e-02,2.248223e-02,5.355439e-02
4.62500,0.231250,0.649614,4.355492e-01,4.045591e-01,9.610363e-01,1.288225e-01,-4.530989e-02,-5.752080e-02,2.245039e-02,5.355932e-02
4.62750,0.231250,0.649962,4.356904e-01,4.046960e-01,9.608523e-01,1.288274e-01,-4.554270e-02,-5.737533e-02,2.241824e-02,5.356421e-02
4.63000,0.231250,0.650310,4.358318e-01,4.048333e-01,9.606655e-01,1.288323e-01,-4.577976e-02,-5.722821e-02,2.238579e-02,5.356907e-02
4.63250,0.231250,0.650658,4.359735e-01,4.049709e-01,9.604760e-01,1.288373e-01,-4.602127e-02,-5.707936e-02,2.235302e-02,5.357389e-02
4.63500,0.231250,0.651007,4.361155e-01,4.051088e-01,9.602839e-01,1.288422e-01,-4.626739e-02,-5.692873e-02,2.231992e-02,5.357867e-02
4.63750,0.231250,0.651356,4.362577e-01,4.052471e-01,9.600891e-01,1.288471e-01,-4.651857e-02,-5.677633e-02,2.228646e-02,5.358341e-02
4.64000,0.231250,0.651705,4.364002e-01,4.053858e-01,9.598919e-01,1.288521e-01,-4.677478e-02,-5.662219e-02,2.225266e-02,5.358810e-02
4.64250,0.231250,0.652054,4.365430e-01,4.055248e-01,9.596921e-01,1.288570e-01,-4.703591e-02,-5.646615e-02,2.221851e-02,5.359275e-02
4.64500,0.231250,0.652404,4.366865e-01,4.056642e-01,9.594896e-01,1.288619e-01,-4.730207e-02,-5.630813e-02,2.218401e-02,5.359735e-02
4.64750,0.231250,0.652753,4.368306e-01,4.058039e-01,9.592844e-01,1.288669e-01,-4.757345e-02,-5.614810e-02,2.214915e-02,5.360189e-02
4.65000,0.231250,0.653104,4.369749e-01,4.059440e-01,9.590760e-01,1.288718e-01,-4.785010e-02,-5.598607e-02,2.211394e-02,5.360639e-02
4.65250,0.231250,0.653454,4.371195e-01,4.060845e-01,9.588643e-01,1.288768e-01,-4.813239e-02,-5.582192e-02,2.207837e-02,5.361083e-02
4.65500,0.231250,0.653805,4.372644e-01,4.062253e-01,9.586488e-01,1.288818e-01,-4.842037e-02,-5.565567e-02,2.204241e-02,5.361521e-02
4.65750,0.231250,0.654156,4.374096e-01,4.063664e-01,9.584291e-01,1.288867e-01,-4.871399e-02,-5.548731e-02,2.200606e-02,5.361953e-02
4.66000,0.231250,0.654507,4.376297e-01,4.065079e-01,9.582051e-01,1.288917e-01,-4.901319e-02,-5.531682e-02,2.196932e-02,5.362378e-02
4.66250,0.231250,0.654859,4.379236e-01,4.066498e-01,9.579764e-01,1.288966e-01,-4.931786e-02,-5.514421e-02,2.193221e-02,5.362797e-02
4.66500,0.231250,0.655211,4.382178e-01,4.067920e-01,9.577429e-01,1.289016e-01,-4.962798e-02,-5.496955e-02,2.189474e-02,5.363210e-02
4.66750,0.231250,0.655563,4.385124e-01,4.069346e-01,9.575045e-01,1.289066e-01,-4.994330e-02,-5.479273e-02,2.185693e-02,5.363615e-02
4.67000,0.231250,0.655915,4.388074e-01,4.070775e-01,9.572612e-01,1.289116e-01,-5.026351e-02,-5.461360e-02,2.181880e-02,5.364013e-02
4.67250,0.231250,0.656268,4.391029e-01,4.072208e-01,9.570133e-01,1.289165e-01,-5.058784e-02,-5.443227e-02,2.178037e-02,5.364404e-02
4.67500,0.231250,0.656621,4.393987e-01,4.073645e-01,9.567608e-01,1.289215e-01,-5.091624e-02,-5.424876e-02,2.174167e-02,5.364788e-02
4.67750,0.231250,0.656974,4.396948e-01,4.075085e-01,9.565041e-01,1.289265e-01,-5.124867e-02,-5.406313e-02,2.170270e-02,5.365163e-02
4.68000,0.231250,0.657327,4.399914e-01,4.076528e-01,9.562434e-01,1.289314e-01,-5.158502e-02,-5.387550e-02,2.166347e-02,5.365531e-02
4.68250,0.231250,0.657681,4.402883e-01,4.077975e-01,9.559791e-01,1.289364e-01,-5.192520e-02,-5.368582e-02,2.162399e-02,5.365891e-02
4.68500,0.231250,0.658035,4.405856e-01,4.079426e-01,9.557109e-01,1.289414e-01,-5.226896e-02,-5.349410e-02,2.158426e-02,5.366243e-02
4.68750,0.231250,0.658389,4.408833e-01,4.080880e-01,9.554396e-01,1.289464e-01,-5.261597e-02,-5.330035e-02,2.154431e-02,5.366586e-02
4.69000,0.231250,0.658744,4.411813e-01,4.082338e-01,9.551654e-01,1.289513e-01,-5.296650e-02,-5.310449e-02,2.150411e-02,5.366920e-02
4.69250,0.231250,0.659098,4.414797e-01,4.083799e-01,9.548885e-01,1.289563e-01,-5.332061e-02,-5.290658e-02,2.146368e-02,5.367246e-02
4.69500,0.231250,0.659453,4.417784e-01,4.085264e-01,9.546091e-01,1.289613e-01,-5.367844e-02,-5.270650e-02,2.142301e-02,5.367563e-02
4.69750,0.231250,0.659809,4.420774e-01,4.086733e-01,9.543273e-01,1.289663e-01,-5.403987e-02,-5.250403e-02,2.138209e-02,5.367872e-02
4.70000,0.231250,0.660164,4.423768e-01,4.088205e-01,9.540434e-01,1.289712e-01,-5.440487e-02,-5.229895e-02,2.134093e-02,5.368171e-02
4.70250,0.231250,0.660520,4.426766e-01,4.089680e-01,9.537574e-01,1.289762e-01,-5.477322e-02,-5.209122e-02,2.129953e-02,5.368460e-02
4.70500,0.231250,0.660876,4.429766e-01,4.091159e-01,9.534692e-01,1.289812e-01,-5.514482e-02,-5.188078e-02,2.125790e-02,5.368741e-02
4.70750,0.231250,0.661232,4.432770e-01,4.092642e-01,9.531786e-01,1.289861e-01,-5.551985e-02,-5.166742e-02,2.121604e-02,5.369011e-02
4.71000,0.231250,0.661589,4.435777e-01,4.094128e-01,9.528853e-01,1.289911e-01,-5.589794e-02,-5.145124e-02,2.117397e-02,5.369272e-02
4.71250,0.231250,0.661946,4.438787e-01,4.095618e-01,9.525890e-01,1.289961e-01,-5.627920e-02,-5.123231e-02,2.113168e-02,5.369524e-02
4.71500,0.231250,0.662303,4.441801e-01,4.097112e-01,9.522891e-01,1.290010e-01,-5.666398e-02,-5.101077e-02,2.108917e-02,5.369765e-02
4.71750,0.231250,0.662660,4.444817e-01,4.098609e-01,9.519851e-01,1.290060e-01,-5.705243e-02,-5.078680e-02,2.104645e-02,5.369995e-02
4.72000,0.231250,0.663018,4.447837e-01,4.100109e-01,9.516767e-01,1.290110e-01,-5.744480e-02,-5.056045e-02,2.100350e-02,5.370215e-02
4.72250,0.231250,0.663375,4.450859e-01,4.101613e-01,9.513636e-01,1.290159e-01,-5.784120e-02,-5.033175e-02,2.096034e-02,5.370425e-02
4.72500,0.231250,0.663733,4.453884e-01,4.103121e-01,9.510454e-01,1.290209e-01,-5.824186e-02,-5.010065e-02,2.091697e-02,5.370622e-02
4.72750,0.231250,0.664092,4.456912e-01,4.104632e-01,9.507220e-01,1.290258e-01,-5.864706e-02,-4.986705e-02,2.087336e-02,5.370809e-02
4.73000,0.231250,0.664450,4.459943e-01,4.106146e-01,9.503933e-01,1.290307e-01,-5.905668e-02,-4.963097e-02,2.082952e-02,5.370983e-02
4.73250,0.231250,0.664809,4.462977e-01,4.107665e-01,9.500595e-01,1.290357e-01,-5.947062e-02,-4.939243e-02,2.078547e-02,5.371145e-02
4.73500,0.231250,0.665168,4.466013e-01,4.109186e-01,9.497206e-01,1.290406e-01,-5.988906e-02,-4.915134e-02,2.074121e-02,5.371295e-02
4.73750,0.231250,0.665527,4.469052e-01,4.110712e-01,9.493768e-01,1.290455e-01,-6.031247e-02,-4.890747e-02,2.069673e-02,5.371431e-02
4.74000,0.231250,0.665887,4.472094e-01,4.112241e-01,9.490282e-01,1.290505e-01,-6.074140e-02,-4.866061e-02,2.065202e-02,5.371555e-02
4.74250,0.231250,0.666247,4.475138e-01,4.113773e-01,9.486751e-01,1.290554e-01,-6.117619e-02,-4.841083e-02,2.060707e-02,5.371665e-02
4.74500,0.231250,0.666607,4.478185e-01,4.115309e-01,9.483176e-01,1.290603e-01,-6.161763e-02,-4.815808e-02,2.056184e-02,5.371761e-02
4.74750,0.231250,0.666967,4.481233e-01,4.116848e-01,9.479558e-01,1.290652e-01,-6.206575e-02,-4.790244e-02,2.051632e-02,5.371844e-02
4.75000,0.231250,0.667327,4.484285e-01,4.118391e-01,9.475900e-01,1.290701e-01,-6.252052e-02,-4.764378e-02,2.047052e-02,5.371911e-02
4.75250,0.231250,0.667688,4.487338e-01,4.119938e-01,9.472201e-01,1.290750e-01,-6.298231e-02,-4.738195e-02,2.042441e-02,5.371964e-02
4.75500,0.231250,0.668049,4.490394e-01,4.121488e-01,9.468463e-01,1.290799e-01,-6.345072e-02,-4.711704e-02,2.037803e-02,5.372002e-02
4.75750,0.231250,0.668410,4.493452e-01,4.123041e-01,9.464686e-01,1.290847e-01,-6.392529e-02,-4.684909e-02,2.033140e-02,5.372024e-02
4.76000,0.231250,0.668772,4.496511e-01,4.124598e-01,9.460870e-01,1.290896e-01,-6.440583e-02,-4.657811e-02,2.028453e-02,5.372031e-02
4.76250,0.231250,0.669133,4.499573e-01,4.126159e-01,9.457016e-01,1.290945e-01,-6.489236e-02,-4.630413e-02,2.023746e-02,5.372021e-02
4.76500,0.231250,0.669495,4.502637e-01,4.127723e-01,9.453122e-01,1.290993e-01,-6.538523e-02,-4.602691e-02,2.019017e-02,5.371995e-02
4.76750,0.231250,0.669857,4.505702e-01,4.129291e-01,9.449185e-01,1.291042e-01,-6.588436e-02,-4.574651e-02,2.014267e-02,5.371952e-02
4.77000,0.231250,0.670220,4.508770e-01,4.130862e-01,9.445202e-01,1.291090e-01,-6.638992e-02,-4.546299e-02,2.009493e-02,5.371892e-02
4.77250,0.231250,0.670582,4.511839e-01,4.132437e-01,9.441169e-01,1.291139e-01,-6.690146e-02,-4.517645e-02,2.004700e-02,5.371815e-02
4.77500,0.231250,0.670945,4.514909e-01,4.134015e-01,9.437080e-01,1.291187e-01,-6.741817e-02,-4.488694e-02,1.999891e-02,5.371720e-02
4.77750,0.231250,0.671308,4.517982e-01,4.135596e-01,9.432930e-01,1.291235e-01,-6.793990e-02,-4.459440e-02,1.995068e-02,5.371606e-02
4.78000,0.231250,0.671671,4.521055e-01,4.137182e-01,9.428714e-01,1.291283e-01,-6.846695e-02,-4.429853e-02,1.990234e-02,5.371475e-02
4.78250,0.231250,0.672034,4.524130e-01,4.138770e-01,9.424431e-01,1.291331e-01,-6.899886e-02,-4.399927e-02,1.985389e-02,5.371325e-02
4.78500,0.231250,0.672398,4.527207e-01,4.140362e-01,9.420078e-01,1.291379e-01,-6.953531e-02,-4.369651e-02,1.980535e-02,5.371157e-02
4.78750,0.231250,0.672762,4.530284e-01,4.141958e-01,9.415655e-01,1.291427e-01,-7.007600e-02,-4.339042e-02,1.975675e-02,5.370971e-02
4.79000,0.231250,0.673126,4.533363e-01,4.143557e-01,9.411161e-01,1.291475e-01,-7.062044e-02,-4.308104e-02,1.970811e-02,5.370765e-02
4.79250,0.231250,0.673490,4.536443e-01,4.145160e-01,9.406600e-01,1.291522e-01,-7.116856e-02,-4.276826e-02,1.965944e-02,5.370541e-02
4.79500,0.231250,0.673855,4.539524e-01,4.146766e-01,9.401973e-01,1.291570e-01,-7.172022e-02,-4.245193e-02,1.961076e-02,5.370298e-02
4.79750,0.231250,0.674219,4.542605e-01,4.148376e-01,9.397284e-01,1.291617e-01,-7.227495e-02,-4.213204e-02,1.956209e-02,5.370037e-02
4.80000,0.231250,0.674584,4.545688e-01,4.149989e-01,9.392538e-01,1.291664e-01,-7.283307e-02,-4.180840e-02,1.951343e-02,5.369757e-02
4.80250,0.231250,0.674949,4.548771e-01,4.151605e-01,9.387739e-01,1.291711e-01,-7.339499e-02,-4.148079e-02,1.946476e-02,5.369458e-02
4.80500,0.231250,0.675315,4.551854e-01,4.153225e-01,9.382890e-01,1.291758e-01,-7.396022e-02,-4.114939e-02,1.941610e-02,5.369140e-02
4.80750,0.231250,0.675680,4.554939e-01,4.154849e-01,9.377997e-01,1.291805e-01,-7.452822e-02,-4.081434e-02,1.936748e-02,5.368803e-02
4.81000,0.231250,0.676046,4.558023e-01,4.156475e-01,9.373062e-01,1.291852e-01,-7.509887e-02,-4.047574e-02,1.931890e-02,5.368448e-02
4.81250,0.231250,0.676412,4.561109e-01,4.158106e-01,9.368088e-01,1.291898e-01,-7.567212e-02,-4.013366e-02,1.927037e-02,5.368073e-02
4.81500,0.231250,0.676778,4.564194e-01,4.159740e-01,9.363078e-01,1.291945e-01,-7.624791e-02,-3.978813e-02,1.922192e-02,5.367679e-02
4.81750,0.231250,0.677144,4.567279e-01,4.161377e-01,9.358033e-01,1.291991e-01,-7.682586e-02,-3.943929e-02,1.917356e-02,5.367266e-02
4.82000,0.231250,0.677511,4.570365e-01,4.163018e-01,9.352954e-01,1.292037e-01,-7.740568e-02,-3.908724e-02,1.912532e-02,5.366834e-02
4.82250,0.231250,0.677877,4.573451e-01,4.164662e-01,9.347842e-01,1.292083e-01,-7.798771e-02,-3.873192e-02,1.907719e-02,5.366382e-02
4.82500,0.231250,0.678244,4.576536e-01,4.166309e-01,9.342699e-01,1.292129e-01,-7.857213e-02,-3.837323e-02,1.902918e-02,5.365910e-02
4.82750,0.231250,0.678611,4.579622e-01,4.167960e-01,9.337521e-01,1.292175e-01,-7.915838e-02,-3.801124e-02,1.898130e-02,5.365418e-02
4.83000,0.231250,0.678978,4.582707e-01,4.169615e-01,9.332304e-01,1.292220e-01,-7.974613e-02,-3.764613e-02,1.893357e-02,5.364906e-02
4.83250,0.231250,0.679346,4.585792e-01,4.171272e-01,9.327045e-01,1.292266e-01,-8.033558e-02,-3.727789e-02,1.888601e-02,5.364374e-02
4.83500,0.231250,0.679713,4.588876e-01,4.172934e-01,9.321735e-01,1.292311e-01,-8.092725e-02,-3.690644e-02,1.883861e-02,5.363821e-02
4.83750,0.231250,0.680081,4.591960e-01,4.174598e-01,9.316370e-01,1.292356e-01,-8.152179e-02,-3.653163e-02,1.879135e-02,5.363247e-02
4.84000,0.231250,0.680449,4.595043e-01,4.176266e-01,9.310942e-01,1.292401e-01,-8.211991e-02,-3.615328e-02,1.874420e-02,5.362651e-02
4.84250,0.231250,0.680817,4.598125e-01,4.177938e-01,9.305449e-01,1.292446e-01,-8.272222e-02,-3.577127e-02,1.869716e-02,5.362033e-02
4.84500,0.231250,0.681185,4.601206e-01,4.179612e-01,9.299886e-01,1.292490e-01,-8.332826e-02,-3.538565e-02,1.865023e-02,5.361393e-02
4.84750,0.231250,0.681554,4.604286e-01,4.181291e-01,9.294251e-01,1.292535e-01,-8.393812e-02,-3.499636e-02,1.860341e-02,5.360730e-02
4.85000,0.231250,0.681923,4.607365e-01,4.182972e-01,9.288542e-01,1.292579e-01,-8.455213e-02,-3.460330e-02,1.855672e-02,5.360044e-02
4.85250,0.231250,0.682291,4.610443e-01,4.184657e-01,9.282757e-01,1.292623e-01,-8.517106e-02,-3.420618e-02,1.851014e-02,5.359334e-02
4.85500,0.231250,0.682660,4.613519e-01,4.186345e-01,9.276898e-01,1.292667e-01,-8.579513e-02,-3.380489e-02,1.846368e-02,5.358601e-02
4.85750,0.231250,0.683030,4.616594e-01,4.188037e-01,9.270969e-01,1.292711e-01,-8.642479e-02,-3.339943e-02,1.841734e-02,5.357843e-02
4.86000,0.231250,0.683399,4.619668e-01,4.189732e-01,9.264973e-01,1.292754e-01,-8.706071e-02,-3.298975e-02,1.837110e-02,5.357061e-02
4.86250,0.231250,0.683768,4.622740e-01,4.191430e-01,9.258915e-01,1.292797e-01,-8.770321e-02,-3.257573e-02,1.832496e-02,5.356254e-02
4.86500,0.231250,0.684138,4.625809e-01,4.193132e-01,9.252796e-01,1.292840e-01,-8.835181e-02,-3.215752e-02,1.827894e-02,5.355422e-02
4.86750,0.231250,0.684508,4.628877e-01,4.194837e-01,9.246619e-01,1.292883e-01,-8.900645e-02,-3.173515e-02,1.823304e-02,5.354565e-02
4.87000,0.231250,0.684878,4.631943e-01,4.196545e-01,9.240387e-01,1.292926e-01,-8.966731e-02,-3.130865e-02,1.818728e-02,5.353681e-02
4.87250,0.231250,0.685248,4.635007e-01,4.198257e-01,9.234099e-01,1.292969e-01,-9.033419e-02,-3.087812e-02,1.814166e-02,5.352772e-02
4.87500,0.231250,0.685618,4.638069e-01,4.199972e-01,9.227757e-01,1.293011e-01,-9.100636e-02,-3.044372e-02,1.809624e-02,5.351836e-02
4.87750,0.231250,0.685988,4.641128e-01,4.201690e-01,9.221358e-01,1.293053e-01,-9.168285e-02,-3.000550e-02,1.805105e-02,5.350873e-02
4.88000,0.231250,0.686359,4.644184e-01,4.203411e-01,9.214903e-01,1.293095e-01,-9.236326e-02,-2.956336e-02,1.800611e-02,5.349884e-02
4.88250,0.231250,0.686730,4.647238e-01,4.205136e-01,9.208390e-01,1.293137e-01,-9.304770e-02,-2.911729e-02,1.796145e-02,5.348867e-02
4.88500,0.231250,0.687100,4.650289e-01,4.206864e-01,9.201819e-01,1.293178e-01,-9.373620e-02,-2.866726e-02,1.791708e-02,5.347823e-02
4.88750,0.231250,0.687471,4.653338e-01,4.208595e-01,9.195188e-01,1.293219e-01,-9.442849e-02,-2.821326e-02,1.787299e-02,5.346751e-02
4.89000,0.231250,0.687842,4.656383e-01,4.210330e-01,9.188494e-01,1.293260e-01,-9.512519e-02,-2.775507e-02,1.782919e-02,5.345650e-02
4.89250,0.231250,0.688214,4.659424e-01,4.212068e-01,9.181733e-01,1.293301e-01,-9.582740e-02,-2.729250e-02,1.778565e-02,5.344522e-02
4.89500,0.231250,0.688585,4.662463e-01,4.213809e-01,9.174898e-01,1.293341e-01,-9.653554e-02,-2.682538e-02,1.774239e-02,5.343365e-02
4.89750,0.231250,0.688957,4.665498e-01,4.215553e-01,9.167984e-01,1.293382e-01,-9.724870e-02,-2.635352e-02,1.769944e-02,5.342179e-02
4.90000,0.231250,0.689328,4.668529e-01,4.217301e-01,9.160985e-01,1.293422e-01,-9.796614e-02,-2.587681e-02,1.765683e-02,5.340965e-02
4.90250,0.231250,0.689700,4.671556e-01,4.219052e-01,9.153899e-01,1.293461e-01,-9.868645e-02,-2.539545e-02,1.761461e-02,5.339722e-02
4.90500,0.231250,0.690072,4.674580e-01,4.220806e-01,9.146724e-01,1.293501e-01,-9.940870e-02,-2.490968e-02,1.757281e-02,5.338452e-02
4.90750,0.231250,0.690444,4.677599e-01,4.222563e-01,9.139459e-01,1.293540e-01,-1.001320e-01,-2.441966e-02,1.753147e-02,5.337153e-02
4.91000,0.231250,0.690816,4.680614e-01,4.224323e-01,9.132105e-01,1.293579e-01,-1.008558e-01,-2.392552e-02,1.749061e-02,5.335828e-02
4.91250,0.231250,0.691188,4.683625e-01,4.226087e-01,9.124664e-01,1.293618e-01,-1.015800e-01,-2.342714e-02,1.745023e-02,5.334474e-02
4.91500,0.231250,0.691560,4.686631e-01,4.227854e-01,9.117140e-01,1.293656e-01,-1.023043e-01,-2.292453e-02,1.741036e-02,5.333094e-02
4.91750,0.231250,0.691933,4.689718e-01,4.229624e-01,9.109536e-01,1.293694e-01,-1.030282e-01,-2.241780e-02,1.737101e-02,5.331687e-02
4.92000,0.231250,0.692305,4.692840e-01,4.231397e-01,9.101860e-01,1.293732e-01,-1.037518e-01,-2.190691e-02,1.733219e-02,5.330253e-02
4.92250,0.231250,0.692678,4.695960e-01,4.233173e-01,9.094116e-01,1.293770e-01,-1.044756e-01,-2.139194e-02,1.729389e-02,5.328793e-02
4.92500,0.231250,0.693051,4.699078e-01,4.234952e-01,9.086313e-01,1.293807e-01,-1.051994e-01,-2.087314e-02,1.725611e-02,5.327308e-02
4.92750,0.231250,0.693424,4.702194e-01,4.236735e-01,9.078456e-01,1.293844e-01,-1.059232e-01,-2.035057e-02,1.721885e-02,5.325796e-02
4.93000,0.231250,0.693797,4.705307e-01,4.238520e-01,9.070551e-01,1.293881e-01,-1.066466e-01,-1.982432e-02,1.718213e-02,5.324258e-02
4.93250,0.231250,0.694170,4.708418e-01,4.240309e-01,9.062603e-01,1.293917e-01,-1.073692e-01,-1.929452e-02,1.714595e-02,5.322695e-02
4.93500,0.231250,0.694543,4.711526e-01,4.242101e-01,9.054615e-01,1.293954e-01,-1.080907e-01,-1.876114e-02,1.711035e-02,5.321106e-02
4.93750,0.231250,0.694916,4.714631e-01,4.243896e-01,9.046589e-01,1.293989e-01,-1.088106e-01,-1.822421e-02,1.707534e-02,5.319492e-02
4.94000,0.231250,0.695289,4.717733e-01,4.245694e-01,9.038525e-01,1.294025e-01,-1.095286e-01,-1.768381e-02,1.704092e-02,5.317851e-02
4.94250,0.231250,0.695663,4.720833e-01,4.247495e-01,9.030425e-01,1.294060e-01,-1.102457e-01,-1.713984e-02,1.700709e-02,5.316186e-02
4.94500,0.231250,0.696036,4.723929e-01,4.249299e-01,9.022287e-01,1.294095e-01,-1.109620e-01,-1.659230e-02,1.697384e-02,5.314494e-02
4.94750,0.231250,0.696410,4.727021e-01,4.251106e-01,9.014111e-01,1.294130e-01,-1.116771e-01,-1.604123e-02,1.694119e-02,5.312777e-02
4.95000,0.231250,0.696783,4.730111e-01,4.252917e-01,9.005897e-01,1.294164e-01,-1.123907e-01,-1.548659e-02,1.690914e-02,5.311035e-02
4.95250,0.231250,0.697157,4.733197e-01,4.254730e-01,8.997639e-01,1.294198e-01,-1.131025e-01,-1.492830e-02,1.687772e-02,5.309268e-02
4.95500,0.231250,0.697531,4.736279e-01,4.256546e-01,8.989332e-01,1.294232e-01,-1.138128e-01,-1.436607e-02,1.684693e-02,5.307476e-02
4.95750,0.231250,0.697905,4.739357e-01,4.258365e-01,8.980968e-01,1.294265e-01,-1.145221e-01,-1.379983e-02,1.681678e-02,5.305659e-02
4.96000,0.231250,0.698279,4.742431e-01,4.260188e-01,8.972538e-01,1.294298e-01,-1.152305e-01,-1.322957e-02,1.678726e-02,5.303818e-02
4.96250,0.231250,0.698653,4.745502e-01,4.262013e-01,8.964035e-01,1.294331e-01,-1.159383e-01,-1.265530e-02,1.675837e-02,5.301952e-02
4.96500,0.231250,0.699027,4.748568e-01,4.263841e-01,8.955453e-01,1.294363e-01,-1.166450e-01,-1.207728e-02,1.673011e-02,5.300062e-02
4.96750,0.231250,0.699401,4.751630e-01,4.265672e-01,8.946788e-01,1.294395e-01,-1.173508e-01,-1.149564e-02,1.670248e-02,5.298146e-02
4.97000,0.231250,0.699775,4.754687e-01,4.267507e-01,8.938036e-01,1.294427e-01,-1.180561e-01,-1.091042e-02,1.667549e-02,5.296206e-02
4.97250,0.231250,0.700149,4.757754e-01,4.269344e-01,8.929194e-01,1.294458e-01,-1.187613e-01,-1.032144e-02,1.664912e-02,5.294240e-02
4.97500,0.231250,0.700523,4.760954e-01,4.271184e-01,8.920262e-01,1.294489e-01,-1.194664e-01,-9.728680e-03,1.662340e-02,5.292249e-02
4.97750,0.231250,0.700898,4.764153e-01,4.273027e-01,8.911239e-01,1.294520e-01,-1.201710e-01,-9.132337e-03,1.659832e-02,5.290231e-02
4.98000,0.231250,0.701272,4.767350e-01,4.274872e-01,8.902128e-01,1.294550e-01,-1.208752e-01,-8.532644e-03,1.657390e-02,5.288188e-02
4.98250,0.231250,0.701646,4.770545e-01,4.276721e-01,8.892929e-01,1.294580e-01,-1.215792e-01,-7.929701e-03,1.655013e-02,5.286119e-02
4.98500,0.231250,0.702021,4.773737e-01,4.278573e-01,8.883647e-01,1.294610e-01,-1.222840e-01,-7.323393e-03,1.652702e-02,5.284024e-02
4.98750,0.231250,0.702395,4.776928e-01,4.280427e-01,8.874285e-01,1.294639e-01,-1.229899e-01,-6.713581e-03,1.650456e-02,5.281902e-02
4.99000,0.231250,0.702770,4.780117e-01,4.282285e-01,8.864846e-01,1.294668e-01,-1.236970e-01,-6.100262e-03,1.648277e-02,5.279753e-02
4.99250,0.231250,0.703144,4.783303e-01,4.284145e-01,8.855335e-01,1.294697e-01,-1.244057e-01,-5.483422e-03,1.646163e-02,5.277578e-02
4.99500,0.231250,0.703519,4.786487e-01,4.286008e-01,8.845752e-01,1.294725e-01,-1.251169e-01,-4.862798e-03,1.644114e-02,5.275374e-02
4.99750,0.231250,0.703893,4.789669e-01,4.287874e-01,8.836098e-01,1.294753e-01,-1.258309e-01,-4.238263e-03,1.642132e-02,5.273144e-02
5.00000,0.231250,0.704268,4.792847e-01,4.289742e-01,8.826371e-01,1.294780e-01,-1.265471e-01,-3.609804e-03,1.640217e-02,5.270886e-02
5.00250,0.231250,0.704643,4.796023e-01,4.291614e-01,8.816570e-01,1.294808e-01,-1.272655e-01,-2.977312e-03,1.638370e-02,5.268600e-02
5.00500,0.231250,0.705017,4.799197e-01,4.293488e-01,8.806693e-01,1.294834e-01,-1.279861e-01,-2.340761e-03,1.636588e-02,5.266286e-02
5.00750,0.231250,0.705392,4.802367e-01,4.295365e-01,8.796738e-01,1.294861e-01,-1.287083e-01,-1.700060e-03,1.634874e-02,5.263944e-02
5.01000,0.231250,0.705766,4.805534e-01,4.297245e-01,8.786704e-01,1.294887e-01,-1.294311e-01,-1.055323e-03,1.633230e-02,5.261575e-02
5.01250,0.231250,0.706141,4.808698e-01,4.299127e-01,8.776590e-01,1.294912e-01,-1.301531e-01,-4.069373e-04,1.631658e-02,5.259179e-02
5.01500,0.231250,0.706516,4.811859e-01,4.301012e-01,8.766397e-01,1.294937e-01,-1.308735e-01,2.446407e-04,1.630160e-02,5.256757e-02
5.01750,0.231250,0.706890,4.815016e-01,4.302900e-01,8.756120e-01,1.294962e-01,-1.315919e-01,8.992944e-04,1.628738e-02,5.254308e-02
5.02000,0.231250,0.707265,4.818170e-01,4.304791e-01,8.745756e-01,1.294987e-01,-1.323081e-01,1.556960e-03,1.627392e-02,5.251833e-02
5.02250,0.231250,0.707639,4.821319e-01,4.306684e-01,8.735299e-01,1.295011e-01,-1.330220e-01,2.217358e-03,1.626119e-02,5.249332e-02
5.02500,0.231250,0.708014,4.824466e-01,4.308580e-01,8.724747e-01,1.295035e-01,-1.337337e-01,2.880224e-03,1.624921e-02,5.246806e-02
5.02750,0.231250,0.708389,4.827608e-01,4.310479e-01,8.714099e-01,1.295058e-01,-1.344430e-01,3.545299e-03,1.623796e-02,5.244254e-02
5.03000,0.231250,0.708763,4.830745e-01,4.312380e-01,8.703359e-01,1.295081e-01,-1.351498e-01,4.212578e-03,1.622746e-02,5.241677e-02
5.03250,0.231250,0.709138,4.833879e-01,4.314284e-01,8.692528e-01,1.295103e-01,-1.358545e-01,4.882295e-03,1.621769e-02,5.239074e-02
5.03500,0.231250,0.709512,4.837008e-01,4.316191e-01,8.681613e-01,1.295125e-01,-1.365574e-01,5.554608e-03,1.620864e-02,5.236446e-02
5.03750,0.231250,0.709887,4.840133e-01,4.318100e-01,8.670619e-01,1.295147e-01,-1.372585e-01,6.229469e-03,1.620031e-02,5.233792e-02
5.04000,0.231250,0.710261,4.843253e-01,4.320011e-01,8.659555e-01,1.295168e-01,-1.379583e-01,6.907100e-03,1.619271e-02,5.231113e-02
5.04250,0.231250,0.710635,4.846368e-01,4.321926e-01,8.648426e-01,1.295189e-01,-1.386563e-01,7.587437e-03,1.618583e-02,5.228409e-02
5.04500,0.231250,0.711010,4.849478e-01,4.323843e-01,8.637240e-01,1.295210e-01,-1.393517e-01,8.270341e-03,1.617970e-02,5.225680e-02
5.04750,0.231250,0.711384,4.852583e-01,4.325762e-01,8.626004e-01,1.295230e-01,-1.400439e-01,8.955845e-03,1.617432e-02,5.222926e-02
5.05000,0.231250,0.711758,4.855683e-01,4.327684e-01,8.614726e-01,1.295249e-01,-1.407322e-01,9.644138e-03,1.616971e-02,5.220149e-02
5.05250,0.231250,0.712133,4.858777e-01,4.329609e-01,8.603414e-01,1.295269e-01,-1.414166e-01,1.033534e-02,1.616587e-02,5.217350e-02
5.05500,0.231250,0.712507,4.861866e-01,4.331536e-01,8.592072e-01,1.295287e-01,-1.420958e-01,1.102905e-02,1.616281e-02,5.214528e-02
5.05750,0.231250,0.712881,4.864949e-01,4.333465e-01,8.580707e-01,1.295306e-01,-1.427695e-01,1.172525e-02,1.616052e-02,5.211685e-02
5.06000,0.231250,0.713255,4.868026e-01,4.335397e-01,8.569320e-01,1.295324e-01,-1.434374e-01,1.242385e-02,1.615899e-02,5.208821e-02
5.06250,0.231250,0.713629,4.871097e-01,4.337332e-01,8.557913e-01,1.295341e-01,-1.440998e-01,1.312498e-02,1.615818e-02,5.205937e-02
5.06500,0.231250,0.714003,4.874162e-01,4.339269e-01,8.546486e-01,1.295358e-01,-1.447568e-01,1.382859e-02,1.615808e-02,5.203034e-02
5.06750,0.231250,0.714377,4.877220e-01,4.341208e-01,8.535037e-01,1.295375e-01,-1.454077e-01,1.453446e-02,1.615871e-02,5.200113e-02
5.07000,0.231250,0.714750,4.880272e-01,4.343150e-01,8.523564e-01,1.295392e-01,-1.460520e-01,1.524248e-02,1.616007e-02,5.197174e-02
5.07250,0.231250,0.715124,4.883317e-01,4.345094e-01,8.512064e-01,1.295407e-01,-1.466895e-01,1.595239e-02,1.616216e-02,5.194218e-02
5.07500,0.231250,0.715498,4.886356e-01,4.347041e-01,8.500532e-01,1.295423e-01,-1.473205e-01,1.666395e-02,1.616499e-02,5.191245e-02
5.07750,0.231250,0.715871,4.889386e-01,4.348990e-01,8.488967e-01,1.295438e-01,-1.479448e-01,1.737673e-02,1.616852e-02,5.188257e-02
5.08000,0.231250,0.716245,4.892410e-01,4.350941e-01,8.477362e-01,1.295453e-01,-1.485624e-01,1.809045e-02,1.617273e-02,5.185252e-02
5.08250,0.231250,0.716618,4.895426e-01,4.352895e-01,8.465711e-01,1.295467e-01,-1.491741e-01,1.880521e-02,1.617762e-02,5.182231e-02
5.08500,0.231250,0.716991,4.898434e-01,4.354851e-01,8.454007e-01,1.295481e-01,-1.497801e-01,1.952112e-02,1.618317e-02,5.179193e-02
5.08750,0.231250,0.717364,4.901435e-01,4.356809e-01,8.442244e-01,1.295494e-01,-1.503802e-01,2.023811e-02,1.618938e-02,5.176140e-02
5.09000,0.231250,0.717737,4.904427e-01,4.358770e-01,8.430415e-01,1.295507e-01,-1.509741e-01,2.095632e-02,1.619626e-02,5.173071e-02
5.09250,0.231250,0.718110,4.907411e-01,4.360733e-01,8.418518e-01,1.295520e-01,-1.515622e-01,2.167583e-02,1.620379e-02,5.169987e-02
5.09500,0.231250,0.718483,4.910386e-01,4.362698e-01,8.406550e-01,1.295532e-01,-1.521444e-01,2.239626e-02,1.621197e-02,5.166888e-02
5.09750,0.231250,0.718856,4.913353e-01,4.364666e-01,8.394510e-01,1.295544e-01,-1.527208e-01,2.311760e-02,1.622077e-02,5.163774e-02
5.10000,0.231250,0.719229,4.916311e-01,4.366636e-01,8.382399e-01,1.295555e-01,-1.532906e-01,2.383933e-02,1.623018e-02,5.160647e-02
5.10250,0.231250,0.719601,4.919259e-01,4.368608e-01,8.370215e-01,1.295566e-01,-1.538535e-01,2.456092e-02,1.624017e-02,5.157506e-02
5.10500,0.231250,0.719973,4.922199e-01,4.370582e-01,8.357958e-01,1.295577e-01,-1.544094e-01,2.528182e-02,1.625071e-02,5.154352e-02
5.10750,0.231250,0.720346,4.925129e-01,4.372559e-01,8.345629e-01,1.295587e-01,-1.549591e-01,2.600202e-02,1.626182e-02,5.151186e-02
5.11000,0.231250,0.720718,4.928049e-01,4.374537e-01,8.333227e-01,1.295597e-01,-1.555031e-01,2.672183e-02,1.627348e-02,5.148008e-02
5.11250,0.231250,0.721090,4.930975e-01,4.376518e-01,8.320753e-01,1.295607e-01,-1.560421e-01,2.744158e-02,1.628570e-02,5.144818e-02
5.11500,0.231250,0.721462,4.934154e-01,4.378501e-01,8.308209e-01,1.295616e-01,-1.565761e-01,2.816117e-02,1.629833e-02,5.141615e-02
5.11750,0.231250,0.721833,4.937327e-01,4.380487e-01,8.295596e-01,1.295624e-01,-1.571040e-01,2.888036e-02,1.631167e-02,5.138401e-02
5.12000,0.231250,0.722205,4.940496e-01,4.382474e-01,8.282916e-01,1.295633e-01,-1.576253e-01,2.959854e-02,1.632550e-02,5.135177e-02
5.12250,0.231250,0.722576,4.943658e-01,4.384463e-01,8.270173e-01,1.295641e-01,-1.581397e-01,3.031528e-02,1.633984e-02,5.131941e-02
5.12500,0.231250,0.722948,4.946816e-01,4.386455e-01,8.257366e-01,1.295648e-01,-1.586471e-01,3.103055e-02,1.635471e-02,5.128695e-02
5.12750,0.231250,0.723319,4.949967e-01,4.388449e-01,8.244498e-01,1.295655e-01,-1.591470e-01,3.174400e-02,1.637009e-02,5.125440e-02
5.13000,0.231250,0.723690,4.953113e-01,4.390444e-01,8.231566e-01,1.295662e-01,-1.596396e-01,3.245549e-02,1.638596e-02,5.122175e-02
5.13250,0.231250,0.724060,4.956252e-01,4.392442e-01,8.218570e-01,1.295668e-01,-1.601245e-01,3.316467e-02,1.640227e-02,5.118900e-02
5.13500,0.231250,0.724431,4.959385e-01,4.394442e-01,8.205509e-01,1.295675e-01,-1.606016e-01,3.387165e-02,1.641904e-02,5.115615e-02
5.13750,0.231250,0.724802,4.962512e-01,4.396444e-01,8.192385e-01,1.295680e-01,-1.610717e-01,3.457686e-02,1.643630e-02,5.112321e-02
5.14000,0.231250,0.725172,4.965632e-01,4.398448e-01,8.179199e-01,1.295686e-01,-1.615356e-01,3.528068e-02,1.645405e-02,5.109017e-02
5.14250,0.231250,0.725542,4.968745e-01,4.400454e-01,8.165954e-01,1.295691e-01,-1.619944e-01,3.598356e-02,1.647231e-02,5.105702e-02
5.14500,0.231250,0.725912,4.971852e-01,4.402462e-01,8.152657e-01,1.295695e-01,-1.624490e-01,3.668570e-02,1.649113e-02,5.102377e-02
5.14750,0.231250,0.726282,4.974951e-01,4.404472e-01,8.139315e-01,1.295699e-01,-1.628992e-01,3.738736e-02,1.651051e-02,5.099042e-02
5.15000,0.231250,0.726651,4.978042e-01,4.406484e-01,8.125935e-01,1.295703e-01,-1.633445e-01,3.808857e-02,1.653039e-02,5.095696e-02
5.15250,0.231250,0.727021,4.981126e-01,4.408497e-01,8.112522e-01,1.295707e-01,-1.637846e-01,3.878911e-02,1.655073e-02,5.092340e-02
5.15500,0.231250,0.727390,4.984203e-01,4.410513e-01,8.099083e-01,1.295710e-01,-1.642195e-01,3.948867e-02,1.657147e-02,5.088974e-02
5.15750,0.231250,0.727759,4.987546e-01,4.412531e-01,8.085621e-01,1.295713e-01,-1.646491e-01,4.018674e-02,1.659260e-02,5.085599e-02
5.16000,0.231250,0.728128,4.990907e-01,4.414551e-01,8.072144e-01,1.295716e-01,-1.650740e-01,4.088307e-02,1.661412e-02,5.082215e-02
5.16250,0.231250,0.728496,4.994264e-01,4.416572e-01,8.058657e-01,1.295718e-01,-1.654953e-01,4.157782e-02,1.663603e-02,5.078822e-02
5.16500,0.231250,0.728865,4.997619e-01,4.418596e-01,8.045164e-01,1.295721e-01,-1.659134e-01,4.227102e-02,1.665834e-02,5.075419e-02
5.16750,0.231250,0.729233,5.000971e-01,4.420621e-01,8.031673e-01,1.295722e-01,-1.663287e-01,4.296258e-02,1.668106e-02,5.072006e-02
5.17000,0.231250,0.729601,5.004319e-01,4.422648e-01,8.018188e-01,1.295724e-01,-1.667407e-01,4.365216e-02,1.670415e-02,5.068585e-02
5.17250,0.231250,0.729968,5.007665e-01,4.424677e-01,8.004713e-01,1.295725e-01,-1.671487e-01,4.433958e-02,1.672760e-02,5.065156e-02
5.17500,0.231250,0.730336,5.011007e-01,4.426708e-01,7.991251e-01,1.295726e-01,-1.675510e-01,4.502405e-02,1.675133e-02,5.061720e-02
5.17750,0.231250,0.730703,5.014345e-01,4.428741e-01,7.977806e-01,1.295727e-01,-1.679488e-01,4.570578e-02,1.677532e-02,5.058276e-02
5.18000,0.231250,0.731070,5.017679e-01,4.430776e-01,7.964378e-01,1.295727e-01,-1.683424e-01,4.638479e-02,1.679955e-02,5.054825e-02
5.18250,0.231250,0.731437,5.021009e-01,4.432812e-01,7.950973e-01,1.295727e-01,-1.687320e-01,4.706135e-02,1.682397e-02,5.051367e-02
5.18500,0.231250,0.731804,5.024335e-01,4.434850e-01,7.937592e-01,1.295727e-01,-1.691166e-01,4.773506e-02,1.684865e-02,5.047903e-02
5.18750,0.231250,0.732170,5.027657e-01,4.436890e-01,7.924241e-01,1.295727e-01,-1.694953e-01,4.840528e-02,1.687358e-02,5.044432e-02
5.19000,0.231250,0.732536,5.030974e-01,4.438932e-01,7.910924e-01,1.295726e-01,-1.698672e-01,4.907149e-02,1.689878e-02,5.040957e-02
5.19250,0.231250,0.732902,5.034286e-01,4.440975e-01,7.897645e-01,1.295726e-01,-1.702319e-01,4.973356e-02,1.692423e-02,5.037476e-02
5.19500,0.231250,0.733268,5.037594e-01,4.443021e-01,7.884408e-01,1.295725e-01,-1.705891e-01,5.039175e-02,1.694994e-02,5.033991e-02
5.19750,0.231250,0.733633,5.040896e-01,4.445068e-01,7.871214e-01,1.295723e-01,-1.709394e-01,5.104644e-02,1.697593e-02,5.030501e-02
5.20000,0.231250,0.733999,5.044193e-01,4.447116e-01,7.858061e-01,1.295722e-01,-1.712835e-01,5.169784e-02,1.700215e-02,5.027008e-02
5.20250,0.231250,0.734363,5.047484e-01,4.449167e-01,7.844948e-01,1.295720e-01,-1.716212e-01,5.234584e-02,1.702857e-02,5.023510e-02
5.20500,0.231250,0.734728,5.050769e-01,4.451219e-01,7.831872e-01,1.295719e-01,-1.719525e-01,5.299053e-02,1.705512e-02,5.020010e-02
5.20750,0.231250,0.735092,5.054049e-01,4.453273e-01,7.818829e-01,1.295717e-01,-1.722781e-01,5.363207e-02,1.708182e-02,5.016506e-02
5.21000,0.231250,0.735457,5.057322e-01,4.455328e-01,7.805815e-01,1.295714e-01,-1.725982e-01,5.427015e-02,1.710867e-02,5.012998e-02
5.21250,0.231250,0.735820,5.060589e-01,4.457385e-01,7.792823e-01,1.295712e-01,-1.729126e-01,5.490436e-02,1.713569e-02,5.009489e-02
5.21500,0.231250,0.736184,5.063849e-01,4.459444e-01,7.779845e-01,1.295710e-01,-1.732213e-01,5.553472e-02,1.716290e-02,5.005977e-02
5.21750,0.231250,0.736547,5.067102e-01,4.461505e-01,7.766869e-01,1.295707e-01,-1.735241e-01,5.616123e-02,1.719026e-02,5.002463e-02
5.22000,0.231250,0.736910,5.070348e-01,4.463567e-01,7.753886e-01,1.295704e-01,-1.738204e-01,5.678358e-02,1.721777e-02,4.998946e-02
5.22250,0.231250,0.737273,5.073586e-01,4.465631e-01,7.740887e-01,1.295702e-01,-1.741106e-01,5.740201e-02,1.724547e-02,4.995428e-02
5.22500,0.231250,0.737636,5.076816e-01,4.467696e-01,7.727868e-01,1.295699e-01,-1.743944e-01,5.801618e-02,1.727328e-02,4.991909e-02
5.22750,0.231250,0.737998,5.080038e-01,4.469763e-01,7.714827e-01,1.295696e-01,-1.746717e-01,5.862579e-02,1.730114e-02,4.988388e-02
5.23000,0.231250,0.738360,5.083252e-01,4.471832e-01,7.701760e-01,1.295693e-01,-1.749425e-01,5.923031e-02,1.732899e-02,4.984865e-02
5.23250,0.231250,0.738721,5.086456e-01,4.473902e-01,7.688668e-01,1.295689e-01,-1.752073e-01,5.982980e-02,1.735681e-02,4.981343e-02
5.23500,0.231250,0.739083,5.089652e-01,4.475974e-01,7.675553e-01,1.295686e-01,-1.754658e-01,6.042390e-02,1.738458e-02,4.977820e-02
5.23750,0.231250,0.739444,5.092839e-01,4.478047e-01,7.662417e-01,1.295683e-01,-1.757176e-01,6.101218e-02,1.741230e-02,4.974299e-02
5.24000,0.231250,0.739804,5.096016e-01,4.480122e-01,7.649260e-01,1.295679e-01,-1.759624e-01,6.159420e-02,1.743998e-02,4.970779e-02
5.24250,0.231250,0.740165,5.099183e-01,4.482198e-01,7.636090e-01,1.295676e-01,-1.761999e-01,6.216987e-02,1.746757e-02,4.967261e-02
5.24500,0.231250,0.740525,5.102340e-01,4.484276e-01,7.622919e-01,1.295672e-01,-1.764301e-01,6.273935e-02,1.749509e-02,4.963746e-02
5.24750,0.231250,0.740885,5.105486e-01,4.486356e-01,7.609756e-01,1.295669e-01,-1.766528e-01,6.330261e-02,1.752257e-02,4.960235e-02
5.25000,0.231250,0.741244,5.108622e-01,4.488437e-01,7.596611e-01,1.295665e-01,-1.768668e-01,6.385919e-02,1.754991e-02,4.956728e-02
5.25250,0.231250,0.741603,5.111746e-01,4.490519e-01,7.583498e-01,1.295662e-01,-1.770717e-01,6.440825e-02,1.757704e-02,4.953225e-02
5.25500,0.231250,0.741962,5.114859e-01,4.492604e-01,7.570426e-01,1.295658e-01,-1.772672e-01,6.494941e-02,1.760393e-02,4.949728e-02
5.25750,0.231250,0.742321,5.117960e-01,4.494689e-01,7.557405e-01,1.295655e-01,-1.774536e-01,6.548290e-02,1.763062e-02,4.946237e-02
5.26000,0.231250,0.742679,5.121049e-01,4.496776e-01,7.544443e-01,1.295651e-01,-1.776313e-01,6.600913e-02,1.765720e-02,4.942752e-02
5.26250,0.231250,0.743037,5.124126e-01,4.498865e-01,7.531548e-01,1.295648e-01,-1.778005e-01,6.652853e-02,1.768373e-02,4.939274e-02
5.26500,0.231250,0.743394,5.127530e-01,4.500955e-01,7.518726e-01,1.295645e-01,-1.779609e-01,6.704077e-02,1.771022e-02,4.935803e-02
5.26750,0.231250,0.743751,5.130994e-01,4.503047e-01,7.505985e-01,1.295642e-01,-1.781120e-01,6.754503e-02,1.773663e-02,4.932340e-02
5.27000,0.231250,0.744108,5.134452e-01,4.505140e-01,7.493329e-01,1.295639e-01,-1.782549e-01,6.804128e-02,1.776288e-02,4.928884e-02
5.27250,0.231250,0.744465,5.137904e-01,4.507234e-01,7.480764e-01,1.295636e-01,-1.783915e-01,6.853020e-02,1.778896e-02,4.925436e-02
5.27500,0.231250,0.744821,5.141350e-01,4.509330e-01,7.468299e-01,1.295633e-01,-1.785224e-01,6.901225e-02,1.781485e-02,4.921995e-02
5.27750,0.231250,0.745177,5.144790e-01,4.511428e-01,7.455940e-01,1.295630e-01,-1.786482e-01,6.948733e-02,1.784046e-02,4.918561e-02
5.28000,0.231250,0.745532,5.148222e-01,4.513527e-01,7.443697e-01,1.295628e-01,-1.787697e-01,6.995571e-02,1.786582e-02,4.915134e-02
5.28250,0.231250,0.745888,5.151648e-01,4.515627e-01,7.431578e-01,1.295625e-01,-1.788863e-01,7.041713e-02,1.789099e-02,4.911713e-02
5.28500,0.231250,0.746242,5.155066e-01,4.517729e-01,7.419588e-01,1.295623e-01,-1.789964e-01,7.087031e-02,1.791602e-02,4.908300e-02
5.28750,0.231250,0.746597,5.158477e-01,4.519833e-01,7.407729e-01,1.295621e-01,-1.790990e-01,7.131411e-02,1.794086e-02,4.904896e-02
5.29000,0.231250,0.746951,5.161880e-01,4.521937e-01,7.396002e-01,1.295620e-01,-1.791944e-01,7.174848e-02,1.796546e-02,4.901499e-02
5.29250,0.231250,0.747305,5.165274e-01,4.524043e-01,7.384405e-01,1.295618e-01,-1.792830e-01,7.217378e-02,1.798971e-02,4.898111e-02
5.29500,0.231250,0.747658,5.168660e-01,4.526151e-01,7.372941e-01,1.295617e-01,-1.793666e-01,7.259076e-02,1.801362e-02,4.894731e-02
5.29750,0.231250,0.748011,5.172036e-01,4.528260e-01,7.361609e-01,1.295616e-01,-1.794455e-01,7.299975e-02,1.803719e-02,4.891359e-02
5.30000,0.231250,0.748364,5.175404e-01,4.530371e-01,7.350413e-01,1.295616e-01,-1.795185e-01,7.340019e-02,1.806047e-02,4.887995e-02
5.30250,0.231250,0.748716,5.178831e-01,4.532482e-01,7.339354e-01,1.295615e-01,-1.795857e-01,7.379198e-02,1.808338e-02,4.884639e-02
5.30500,0.231250,0.749068,5.182597e-01,4.534596e-01,7.328438e-01,1.295615e-01,-1.796471e-01,7.417464e-02,1.810597e-02,4.881291e-02
5.30750,0.231250,0.749420,5.186360e-01,4.536710e-01,7.317667e-01,1.295616e-01,-1.797027e-01,7.454822e-02,1.812838e-02,4.877951e-02
5.31000,0.231250,0.749771,5.190122e-01,4.538827e-01,7.307046e-01,1.295616e-01,-1.797524e-01,7.491286e-02,1.815058e-02,4.874620e-02
5.31250,0.231250,0.750122,5.193880e-01,4.540944e-01,7.296580e-01,1.295618e-01,-1.797965e-01,7.526868e-02,1.817251e-02,4.871298e-02
5.31500,0.231250,0.750473,5.197636e-01,4.543063e-01,7.286272e-01,1.295619e-01,-1.798353e-01,7.561643e-02,1.819410e-02,4.867984e-02
5.31750,0.231250,0.750823,5.201389e-01,4.545183e-01,7.276129e-01,1.295621e-01,-1.798691e-01,7.595642e-02,1.821538e-02,4.864679e-02
5.32000,0.231250,0.751172,5.205138e-01,4.547305e-01,7.266154e-01,1.295623e-01,-1.798979e-01,7.628828e-02,1.823638e-02,4.861384e-02
5.32250,0.231250,0.751522,5.208883e-01,4.549428e-01,7.256349e-01,1.295626e-01,-1.799210e-01,7.661066e-02,1.825709e-02,4.858099e-02
5.32500,0.231250,0.751871,5.212624e-01,4.551553e-01,7.246710e-01,1.295630e-01,-1.799392e-01,7.692300e-02,1.827754e-02,4.854825e-02
5.32750,0.231250,0.752219,5.216360e-01,4.553679e-01,7.237232e-01,1.295633e-01,-1.799533e-01,7.722603e-02,1.829761e-02,4.851559e-02
5.33000,0.231250,0.752568,5.220092e-01,4.555806e-01,7.227907e-01,1.295638e-01,-1.799638e-01,7.752033e-02,1.831746e-02,4.848304e-02
5.33250,0.231250,0.752915,5.223819e-01,4.557935e-01,7.218727e-01,1.295642e-01,-1.799702e-01,7.780689e-02,1.833712e-02,4.845057e-02
5.33500,0.231250,0.753263,5.227540e-01,4.560066e-01,7.209684e-01,1.295648e-01,-1.799719e-01,7.808640e-02,1.835660e-02,4.841819e-02
5.33750,0.231250,0.753610,5.231255e-01,4.562197e-01,7.200769e-01,1.295653e-01,-1.799682e-01,7.835778e-02,1.837573e-02,4.838592e-02
5.34000,0.231250,0.753957,5.234964e-01,4.564330e-01,7.191973e-01,1.295660e-01,-1.799588e-01,7.861950e-02,1.839443e-02,4.835374e-02
5.34250,0.231250,0.754303,5.238667e-01,4.566465e-01,7.183287e-01,1.295667e-01,-1.799434e-01,7.887068e-02,1.841271e-02,4.832168e-02
5.34500,0.231250,0.754649,5.242363e-01,4.568601e-01,7.172296e-01,1.295674e-01,-1.799226e-01,7.911122e-02,1.843065e-02,4.828973e-02
5.34750,0.231250,0.754994,5.246051e-01,4.570738e-01,7.159717e-01,1.295683e-01,-1.798967e-01,7.934166e-02,1.844814e-02,4.825789e-02
5.35000,0.231250,0.755339,5.249732e-01,4.572877e-01,7.147250e-01,1.295691e-01,-1.798671e-01,7.956320e-02,1.846526e-02,4.822616e-02
5.35250,0.231250,0.755684,5.253405e-01,4.575017e-01,7.134901e-01,1.295701e-01,-1.798334e-01,7.977531e-02,1.848198e-02,4.819453e-02
5.35500,0.231250,0.756029,5.257070e-01,4.577158e-01,7.122673e-01,1.295711e-01,-1.797959e-01,7.997806e-02,1.849828e-02,4.816302e-02
5.35750,0.231250,0.756372,5.260726e-01,4.579301e-01,7.110568e-01,1.295722e-01,-1.797537e-01,8.017061e-02,1.851408e-02,4.813163e-02
5.36000,0.231250,0.756716,5.264372e-01,4.581446e-01,7.098589e-01,1.295733e-01,-1.797083e-01,8.035224e-02,1.852939e-02,4.810036e-02
5.36250,0.231250,0.757059,5.268009e-01,4.583591e-01,7.086739e-01,1.295746e-01,-1.796605e-01,8.052430e-02,1.854436e-02,4.806920e-02
5.36500,0.231250,0.757402,5.271636e-01,4.585739e-01,7.075018e-01,1.295759e-01,-1.796100e-01,8.068799e-02,1.855908e-02,4.803816e-02
5.36750,0.231250,0.757744,5.275252e-01,4.587887e-01,7.063429e-01,1.295773e-01,-1.795564e-01,8.084379e-02,1.857358e-02,4.800723e-02
5.37000,0.231250,0.758086,5.278856e-01,4.590038e-01,7.051975e-01,1.295787e-01,-1.794992e-01,8.099221e-02,1.858786e-02,4.797642e-02
5.37250,0.231250,0.758428,5.282449e-01,4.592189e-01,7.040657e-01,1.295803e-01,-1.794376e-01,8.113213e-02,1.860187e-02,4.794573e-02
5.37500,0.231251,0.758769,5.286026e-01,4.594336e-01,7.029477e-01,1.295819e-01,-1.793728e-01,8.126265e-02,1.861555e-02,4.791516e-02
5.37750,0.231252,0.759109,5.289583e-01,4.596478e-01,7.018438e-01,1.295836e-01,-1.793110e-01,8.138551e-02,1.862881e-02,4.788470e-02
5.38000,0.231255,0.759450,5.293122e-01,4.598613e-01,7.007540e-01,1.295854e-01,-1.792523e-01,8.150107e-02,1.864172e-02,4.785435e-02
5.38250,0.231258,0.759790,5.296642e-01,4.600742e-01,6.996783e-01,1.295872e-01,-1.791952e-01,8.160978e-02,1.865422e-02,4.782410e-02
5.38500,0.231263,0.760129,5.300141e-01,4.602866e-01,6.986169e-01,1.295892e-01,-1.791392e-01,8.171133e-02,1.866628e-02,4.779397e-02
5.38750,0.231268,0.760468,5.303620e-01,4.604984e-01,6.975697e-01,1.295913e-01,-1.790837e-01,8.180460e-02,1.867793e-02,4.776395e-02
5.39000,0.231274,0.760807,5.307077e-01,4.607096e-01,6.965365e-01,1.295934e-01,-1.790282e-01,8.188807e-02,1.868915e-02,4.773405e-02
5.39250,0.231282,0.761145,5.310514e-01,4.609202e-01,6.955170e-01,1.295956e-01,-1.789732e-01,8.196039e-02,1.869990e-02,4.770427e-02
5.39500,0.231290,0.761483,5.313928e-01,4.611303e-01,6.945104e-01,1.295980e-01,-1.789187e-01,8.202079e-02,1.871024e-02,4.767460e-02
5.39750,0.231299,0.761820,5.317320e-01,4.613397e-01,6.935160e-01,1.296004e-01,-1.788654e-01,8.206975e-02,1.871987e-02,4.764504e-02
5.40000,0.231309,0.762157,5.321089e-01,4.615487e-01,6.925329e-01,1.296029e-01,-1.788136e-01,8.210754e-02,1.872912e-02,4.761558e-02
5.40250,0.231319,0.762494,5.324969e-01,4.617570e-01,6.915602e-01,1.296056e-01,-1.787624e-01,8.213316e-02,1.873801e-02,4.758623e-02
5.40500,0.231331,0.762830,5.328836e-01,4.619647e-01,6.905954e-01,1.296083e-01,-1.787116e-01,8.214559e-02,1.874635e-02,4.755698e-02
5.40750,0.231344,0.763166,5.332689e-01,4.621719e-01,6.896386e-01,1.296111e-01,-1.786625e-01,8.214513e-02,1.875417e-02,4.752783e-02
5.41000,0.231357,0.763501,5.336528e-01,4.623786e-01,6.886906e-01,1.296141e-01,-1.786150e-01,8.213243e-02,1.876157e-02,4.749877e-02
5.41250,0.231372,0.763836,5.340352e-01,4.625847e-01,6.877516e-01,1.296171e-01,-1.785685e-01,8.210852e-02,1.876859e-02,4.746979e-02
5.41500,0.231387,0.764171,5.344161e-01,4.627902e-01,6.868218e-01,1.296203e-01,-1.785233e-01,8.207492e-02,1.877529e-02,4.744088e-02
5.41750,0.231403,0.764505,5.347954e-01,4.629951e-01,6.859018e-01,1.296236e-01,-1.784796e-01,8.203213e-02,1.878168e-02,4.741204e-02
5.42000,0.231421,0.764839,5.351731e-01,4.631995e-01,6.849926e-01,1.296269e-01,-1.784367e-01,8.197879e-02,1.878778e-02,4.738325e-02
5.42250,0.231439,0.765172,5.355491e-01,4.634034e-01,6.840952e-01,1.296304e-01,-1.783946e-01,8.191669e-02,1.879358e-02,4.735451e-02
5.42500,0.231458,0.765505,5.359234e-01,4.636067e-01,6.832109e-01,1.296341e-01,-1.783519e-01,8.185106e-02,1.879898e-02,4.732581e-02
5.42750,0.231478,0.765838,5.362959e-01,4.638094e-01,6.823412e-01,1.296378e-01,-1.783082e-01,8.178488e-02,1.880412e-02,4.729714e-02
5.43000,0.231499,0.766170,5.366666e-01,4.640116e-01,6.814874e-01,1.296416e-01,-1.782617e-01,8.171861e-02,1.880905e-02,4.726852e-02
5.43250,0.231520,0.766502,5.370353e-01,4.642133e-01,6.806507e-01,1.296456e-01,-1.782110e-01,8.165191e-02,1.881383e-02,4.723995e-02
5.43500,0.231543,0.766833,5.374021e-01,4.644144e-01,6.798320e-01,1.296497e-01,-1.781554e-01,8.158459e-02,1.881831e-02,4.721145e-02
5.43750,0.231567,0.767164,5.377994e-01,4.646150e-01,6.790321e-01,1.296539e-01,-1.780968e-01,8.151671e-02,1.882247e-02,4.718303e-02
5.44000,0.231591,0.767494,5.382161e-01,4.648151e-01,6.782516e-01,1.296583e-01,-1.780344e-01,8.144644e-02,1.882623e-02,4.715469e-02
5.44250,0.231616,0.767824,5.386318e-01,4.650146e-01,6.774909e-01,1.296627e-01,-1.779689e-01,8.137310e-02,1.882979e-02,4.712646e-02
5.44500,0.231643,0.768154,5.390465e-01,4.652136e-01,6.767504e-01,1.296673e-01,-1.778993e-01,8.129572e-02,1.883315e-02,4.709834e-02
5.44750,0.231670,0.768483,5.394601e-01,4.654120e-01,6.760303e-01,1.296720e-01,-1.778250e-01,8.121246e-02,1.883635e-02,4.707035e-02
5.45000,0.231698,0.768750,5.398248e-01,4.655743e-01,6.753306e-01,1.296769e-01,-1.777461e-01,8.112110e-02,1.883933e-02,4.704251e-02
5.45250,0.231727,0.768750,5.399825e-01,4.655820e-01,6.746515e-01,1.296819e-01,-1.758626e-01,8.054518e-02,1.885025e-02,4.701712e-02
5.45500,0.231757,0.768750,5.401393e-01,4.655894e-01,6.739927e-01,1.296870e-01,-1.665346e-01,7.792908e-02,1.891648e-02,4.700341e-02
5.45750,0.231788,0.768750,5.402951e-01,4.655963e-01,6.733532e-01,1.296922e-01,-1.586376e-01,7.536081e-02,1.902027e-02,4.699830e-02
5.46000,0.231819,0.768750,5.404499e-01,4.656030e-01,6.727324e-01,1.296976e-01,-1.512798e-01,7.260159e-02,1.914941e-02,4.699962e-02
5.46250,0.231851,0.768750,5.406036e-01,4.656093e-01,6.721295e-01,1.297031e-01,-1.443195e-01,6.967884e-02,1.929612e-02,4.700582e-02
5.46500,0.231884,0.768750,5.407564e-01,4.656153e-01,6.715436e-01,1.297088e-01,-1.377446e-01,6.664945e-02,1.945559e-02,4.701576e-02
5.46750,0.231918,0.768750,5.409081e-01,4.656211e-01,6.709737e-01,1.297145e-01,-1.315525e-01,6.356356e-02,1.962434e-02,4.702859e-02
5.47000,0.231952,0.768750,5.410587e-01,4.656266e-01,6.704189e-01,1.297204e-01,-1.257330e-01,6.046233e-02,1.979982e-02,4.704365e-02
5.47250,0.231986,0.768750,5.412082e-01,4.656319e-01,6.698785e-01,1.297265e-01,-1.202703e-01,5.737633e-02,1.998010e-02,4.706043e-02
5.47500,0.232022,0.768750,5.413566e-01,4.656370e-01,6.693520e-01,1.297326e-01,-1.151449e-01,5.432470e-02,2.016364e-02,4.707854e-02
5.47750,0.232057,0.768750,5.415038e-01,4.656419e-01,6.688391e-01,1.297389e-01,-1.103366e-01,5.132057e-02,2.034932e-02,4.709767e-02
5.48000,0.232094,0.768750,5.416499e-01,4.656466e-01,6.683395e-01,1.297454e-01,-1.058234e-01,4.837469e-02,2.053622e-02,4.711758e-02
5.48250,0.232131,0.768750,5.417948e-01,4.656512e-01,6.678536e-01,1.297519e-01,-1.015843e-01,4.549566e-02,2.072335e-02,4.713804e-02
5.48500,0.232168,0.768750,5.419384e-01,4.656557e-01,6.673820e-01,1.297586e-01,-9.759926e-02,4.268896e-02,2.091008e-02,4.715892e-02
5.48750,0.232206,0.768750,5.420808e-01,4.656600e-01,6.669252e-01,1.297654e-01,-9.384879e-02,3.995578e-02,2.109599e-02,4.718008e-02
5.49000,0.232244,0.768750,5.422220e-01,4.656642e-01,6.664840e-01,1.297723e-01,-9.031507e-02,3.729633e-02,2.128068e-02,4.720142e-02
5.49250,0.232283,0.768750,5.423617e-01,4.656684e-01,6.660593e-01,1.297794e-01,-8.698221e-02,3.471032e-02,2.146388e-02,4.722285e-02
5.49500,0.232322,0.768750,5.425002e-01,4.656724e-01,6.656516e-01,1.297866e-01,-8.383618e-02,3.219697e-02,2.164547e-02,4.724430e-02
5.49750,0.232361,0.768750,5.426373e-01,4.656764e-01,6.652613e-01,1.297939e-01,-8.086161e-02,2.975715e-02,2.182534e-02,4.726573e-02
5.50000,0.232401,0.768750,5.427729e-01,4.656804e-01,6.648849e-01,1.298014e-01,-7.804366e-02,2.739038e-02,2.200330e-02,4.728708e-02
5.50250,0.232441,0.768750,5.429071e-01,4.656843e-01,6.645267e-01,1.298090e-01,-7.536984e-02,2.509358e-02,2.217917e-02,4.730832e-02
5.50500,0.232481,0.768750,5.430398e-01,4.656881e-01,6.641873e-01,1.298167e-01,-7.283036e-02,2.286301e-02,2.235289e-02,4.732944e-02
5.50750,0.232522,0.768750,5.431710e-01,4.656919e-01,6.638669e-01,1.298246e-01,-7.041610e-02,2.069560e-02,2.252445e-02,4.735039e-02
5.51000,0.232563,0.768750,5.433007e-01,4.656957e-01,6.635660e-01,1.298326e-01,-6.811977e-02,1.859010e-02,2.269369e-02,4.737115e-02
5.51250,0.232605,0.768750,5.434287e-01,4.656995e-01,6.632849e-01,1.298408e-01,-6.593341e-02,1.654582e-02,2.286054e-02,4.739169e-02
5.51500,0.232646,0.768750,5.435551e-01,4.657033e-01,6.630242e-01,1.298491e-01,-6.384849e-02,1.456022e-02,2.302494e-02,4.741201e-02
5.51750,0.232689,0.768750,5.436799e-01,4.657071e-01,6.627849e-01,1.298575e-01,-6.185937e-02,1.263132e-02,2.318668e-02,4.743207e-02
5.52000,0.232731,0.768750,5.438030e-01,4.657109e-01,6.625675e-01,1.298661e-01,-5.996226e-02,1.075535e-02,2.334566e-02,4.745186e-02
5.52250,0.232773,0.768750,5.439243e-01,4.657147e-01,6.623723e-01,1.298749e-01,-5.815310e-02,8.928893e-03,2.350175e-02,4.747136e-02
5.52500,0.232816,0.768750,5.440439e-01,4.657186e-01,6.621994e-01,1.298838e-01,-5.642570e-02,7.151255e-03,2.365499e-02,4.749055e-02
5.52750,0.232859,0.768750,5.441617e-01,4.657225e-01,6.620483e-01,1.298928e-01,-5.477389e-02,5.423079e-03,2.380531e-02,4.750941e-02
5.53000,0.232903,0.768750,5.443045e-01,4.657264e-01,6.619185e-01,1.299020e-01,-5.319281e-02,3.743204e-03,2.395279e-02,4.752791e-02
5.53250,0.232946,0.768750,5.444787e-01,4.657303e-01,6.618091e-01,1.299114e-01,-5.167723e-02,2.111120e-03,2.409750e-02,4.754607e-02
5.53500,0.232990,0.768750,5.446519e-01,4.657343e-01,6.617193e-01,1.299209e-01,-5.022200e-02,5.258120e-04,2.423940e-02,4.756386e-02
5.53750,0.233034,0.768750,5.448241e-01,4.657384e-01,6.616487e-01,1.299306e-01,-4.882209e-02,-1.013347e-03,2.437867e-02,4.758129e-02
5.54000,0.233078,0.768750,5.449953e-01,4.657425e-01,6.615968e-01,1.299404e-01,-4.747220e-02,-2.507379e-03,2.451551e-02,4.759837e-02
5.54250,0.233122,0.768750,5.451653e-01,4.657466e-01,6.615633e-01,1.299504e-01,-4.616807e-02,-3.957334e-03,2.465011e-02,4.761511e-02
5.54500,0.233167,0.768750,5.453341e-01,4.657509e-01,6.615482e-01,1.299605e-01,-4.490540e-02,-5.363817e-03,2.478260e-02,4.763152e-02
5.54750,0.233212,0.768750,5.455018e-01,4.657552e-01,6.615518e-01,1.299708e-01,-4.368255e-02,-6.729293e-03,2.491287e-02,4.764761e-02
5.55000,0.233257,0.768750,5.456683e-01,4.657595e-01,6.615747e-01,1.299813e-01,-4.249795e-02,-8.055546e-03,2.504096e-02,4.766340e-02
5.55250,0.233302,0.768750,5.458335e-01,4.657640e-01,6.616173e-01,1.299919e-01,-4.134781e-02,-9.344507e-03,2.516699e-02,4.767889e-02
5.55500,0.233347,0.768750,5.459974e-01,4.657685e-01,6.616792e-01,1.300027e-01,-4.023111e-02,-1.059713e-02,2.529092e-02,4.769409e-02
5.55750,0.233393,0.768750,5.461600e-01,4.657731e-01,6.617601e-01,1.300136e-01,-3.914665e-02,-1.181390e-02,2.541272e-02,4.770901e-02
5.56000,0.233438,0.768750,5.463213e-01,4.657778e-01,6.618595e-01,1.300247e-01,-3.809355e-02,-1.299656e-02,2.553240e-02,4.772365e-02
5.56250,0.233484,0.768750,5.464811e-01,4.657826e-01,6.619764e-01,1.300359e-01,-3.707022e-02,-1.414691e-02,2.564990e-02,4.773801e-02
5.56500,0.233530,0.768750,5.466395e-01,4.657875e-01,6.621100e-01,1.300473e-01,-3.607544e-02,-1.526544e-02,2.576518e-02,4.775210e-02
5.56750,0.233576,0.768750,5.467965e-01,4.657925e-01,6.622600e-01,1.300588e-01,-3.510868e-02,-1.635393e-02,2.587810e-02,4.776590e-02
5.57000,0.233622,0.768750,5.469520e-01,4.657976e-01,6.624261e-01,1.300705e-01,-3.416966e-02,-1.741338e-02,2.598860e-02,4.777943e-02
5.57250,0.233669,0.768750,5.471059e-01,4.658027e-01,6.626085e-01,1.300824e-01,-3.325911e-02,-1.844494e-02,2.609671e-02,4.779268e-02
5.57500,0.233715,0.768750,5.472938e-01,4.658080e-01,6.628071e-01,1.300943e-01,-3.237714e-02,-1.944893e-02,2.620238e-02,4.780564e-02
5.57750,0.233762,0.768750,5.475012e-01,4.658134e-01,6.630227e-01,1.301065e-01,-3.152185e-02,-2.042552e-02,2.630553e-02,4.781831e-02
5.58000,0.233808,0.768750,5.477076e-01,4.658189e-01,6.632564e-01,1.301188e-01,-3.069242e-02,-2.137456e-02,2.640614e-02,4.783068e-02
5.58250,0.233855,0.768750,5.479131e-01,4.658245e-01,6.635092e-01,1.301312e-01,-2.988778e-02,-2.229654e-02,2.650418e-02,4.784275e-02
5.58500,0.233902,0.768750,5.481177e-01,4.658303e-01,6.637824e-01,1.301438e-01,-2.910583e-02,-2.319027e-02,2.659975e-02,4.785451e-02
5.58750,0.233949,0.768750,5.483213e-01,4.658361e-01,6.640765e-01,1.301565e-01,-2.834387e-02,-2.405395e-02,2.669303e-02,4.786597e-02
5.59000,0.233996,0.768750,5.485238e-01,4.658421e-01,6.643913e-01,1.301693e-01,-2.760028e-02,-2.488795e-02,2.678416e-02,4.787713e-02
5.59250,0.234044,0.768750,5.487253e-01,4.658481e-01,6.647260e-01,1.301823e-01,-2.687320e-02,-2.569341e-02,2.687327e-02,4.788801e-02
5.59500,0.234091,0.768750,5.489257e-01,4.658543e-01,6.650793e-01,1.301954e-01,-2.616089e-02,-2.647190e-02,2.696052e-02,4.789863e-02
5.59750,0.234138,0.768750,5.491249e-01,4.658607e-01,6.654496e-01,1.302087e-01,-2.546270e-02,-2.722417e-02,2.704597e-02,4.790899e-02
5.60000,0.234186,0.768750,5.493230e-01,4.658671e-01,6.658355e-01,1.302221e-01,-2.477884e-02,-2.795149e-02,2.712952e-02,4.791911e-02
5.60250,0.234234,0.768750,5.495199e-01,4.658737e-01,6.662360e-01,1.302356e-01,-2.410800e-02,-2.865441e-02,2.721116e-02,4.792901e-02
5.60500,0.234281,0.768750,5.497155e-01,4.658804e-01,6.666492e-01,1.302492e-01,-2.344883e-02,-2.933340e-02,2.729103e-02,4.793869e-02
5.60750,0.234329,0.768750,5.499099e-01,4.658872e-01,6.670726e-01,1.302630e-01,-2.280044e-02,-2.998901e-02,2.736917e-02,4.794818e-02
5.61000,0.234377,0.768750,5.501031e-01,4.658942e-01,6.675082e-01,1.302769e-01,-2.216291e-02,-3.062358e-02,2.744559e-02,4.795748e-02
5.61250,0.234425,0.768750,5.502949e-01,4.659013e-01,6.679558e-01,1.302909e-01,-2.153690e-02,-3.123884e-02,2.752024e-02,4.796660e-02
5.61500,0.234473,0.768750,5.504854e-01,4.659085e-01,6.684153e-01,1.303050e-01,-2.092363e-02,-3.183573e-02,2.759301e-02,4.797554e-02
5.61750,0.234521,0.768750,5.506745e-01,4.659159e-01,6.688864e-01,1.303193e-01,-2.032294e-02,-3.241535e-02,2.766382e-02,4.798430e-02
5.62000,0.234569,0.768750,5.508622e-01,4.659234e-01,6.693687e-01,1.303336e-01,-1.973431e-02,-3.297821e-02,2.773259e-02,4.799289e-02
5.62250,0.234617,0.768750,5.510485e-01,4.659310e-01,6.698613e-01,1.303481e-01,-1.915881e-02,-3.352561e-02,2.779927e-02,4.800131e-02
5.62500,0.234666,0.768750,5.512334e-01,4.659388e-01,6.703629e-01,1.303627e-01,-1.859854e-02,-3.405826e-02,2.786377e-02,4.800954e-02
5.62750,0.234714,0.768750,5.514168e-01,4.659467e-01,6.708717e-01,1.303774e-01,-1.805500e-02,-3.457777e-02,2.792603e-02,4.801758e-02
5.63000,0.234762,0.768750,5.515988e-01,4.659548e-01,6.713865e-01,1.303922e-01,-1.752809e-02,-3.508344e-02,2.798604e-02,4.802544e-02
5.63250,0.234811,0.768750,5.517792e-01,4.659630e-01,6.719062e-01,1.304071e-01,-1.701605e-02,-3.557444e-02,2.804382e-02,4.803310e-02
5.63500,0.234859,0.768750,5.519581e-01,4.659713e-01,6.724307e-01,1.304221e-01,-1.651738e-02,-3.605079e-02,2.809947e-02,4.804056e-02
5.63750,0.234908,0.768750,5.521355e-01,4.659798e-01,6.729605e-01,1.304372e-01,-1.602942e-02,-3.651047e-02,2.815315e-02,4.804783e-02
5.64000,0.234956,0.768750,5.523113e-01,4.659885e-01,6.734963e-01,1.304524e-01,-1.555031e-02,-3.695327e-02,2.820504e-02,4.805491e-02
5.64250,0.235005,0.768750,5.524855e-01,4.659972e-01,6.740393e-01,1.304676e-01,-1.507928e-02,-3.737903e-02,2.825521e-02,4.806181e-02
5.64500,0.235053,0.768750,5.526581e-01,4.660062e-01,6.745908e-01,1.304830e-01,-1.461595e-02,-3.778774e-02,2.830376e-02,4.806853e-02
5.64750,0.235102,0.768750,5.528291e-01,4.660152e-01,6.751526e-01,1.304985e-01,-1.416086e-02,-3.818053e-02,2.835078e-02,4.807508e-02
5.65000,0.235151,0.768750,5.529985e-01,4.660245e-01,6.757263e-01,1.305141e-01,-1.371348e-02,-3.855813e-02,2.839633e-02,4.808146e-02
5.65250,0.235199,0.768750,5.531662e-01,4.660338e-01,6.763134e-01,1.305297e-01,-1.327341e-02,-3.892004e-02,2.844048e-02,4.808767e-02
5.65500,0.235248,0.768750,5.533501e-01,4.660433e-01,6.769150e-01,1.305454e-01,-1.284144e-02,-3.926646e-02,2.848322e-02,4.809372e-02
5.65750,0.235297,0.768750,5.535661e-01,4.660530e-01,6.775315e-01,1.305612e-01,-1.241725e-02,-3.959733e-02,2.852459e-02,4.809962e-02
5.66000,0.235346,0.768750,5.537809e-01,4.660628e-01,6.781624e-01,1.305771e-01,-1.199949e-02,-3.991258e-02,2.856469e-02,4.810536e-02
5.66250,0.235395,0.768750,5.539945e-01,4.660728e-01,6.788064e-01,1.305931e-01,-1.158836e-02,-4.021374e-02,2.860354e-02,4.811097e-02
5.66500,0.235443,0.768750,5.542069e-01,4.660829e-01,6.794618e-01,1.306091e-01,-1.118439e-02,-4.050147e-02,2.864111e-02,4.811645e-02
5.66750,0.235492,0.768750,5.544180e-01,4.660931e-01,6.801270e-01,1.306253e-01,-1.078881e-02,-4.077583e-02,2.867737e-02,4.812179e-02
5.67000,0.235541,0.768750,5.546278e-01,4.661035e-01,6.808010e-01,1.306415e-01,-1.040063e-02,-4.103791e-02,2.871233e-02,4.812701e-02
5.67250,0.235590,0.768750,5.548364e-01,4.661141e-01,6.814827e-01,1.306577e-01,-1.001881e-02,-4.128734e-02,2.874607e-02,4.813210e-02
5.67500,0.235639,0.768750,5.550436e-01,4.661248e-01,6.821715e-01,1.306740e-01,-9.642684e-03,-4.152481e-02,2.877860e-02,4.813708e-02
5.67750,0.235688,0.768750,5.552495e-01,4.661357e-01,6.828668e-01,1.306904e-01,-9.273848e-03,-4.175148e-02,2.880986e-02,4.814194e-02
5.68000,0.235737,0.768750,5.554541e-01,4.661467e-01,6.835680e-01,1.307069e-01,-8.913389e-03,-4.196810e-02,2.883983e-02,4.814668e-02
5.68250,0.235786,0.768750,5.556573e-01,4.661578e-01,6.842747e-01,1.307234e-01,-8.562204e-03,-4.217541e-02,2.886846e-02,4.815131e-02
5.68500,0.235834,0.768750,5.558592e-01,4.661692e-01,6.849868e-01,1.307400e-01,-8.221485e-03,-4.237408e-02,2.889568e-02,4.815580e-02
5.68750,0.235883,0.768750,5.560596e-01,4.661806e-01,6.857038e-01,1.307566e-01,-7.890165e-03,-4.256314e-02,2.892150e-02,4.816018e-02
5.69000,0.235932,0.768750,5.562587e-01,4.661923e-01,6.864255e-01,1.307733e-01,-7.566686e-03,-4.274210e-02,2.894598e-02,4.816442e-02
5.69250,0.235981,0.768750,5.564563e-01,4.662040e-01,6.871514e-01,1.307901e-01,-7.251841e-03,-4.291192e-02,2.896912e-02,4.816852e-02
5.69500,0.236030,0.768750,5.566526e-01,4.662160e-01,6.878809e-01,1.308069e-01,-6.945701e-03,-4.307225e-02,2.899098e-02,4.817248e-02
5.69750,0.236079,0.768750,5.568473e-01,4.662281e-01,6.886132e-01,1.308237e-01,-6.645887e-03,-4.322183e-02,2.901167e-02,4.817631e-02
5.70000,0.236128,0.768750,5.570407e-01,4.662403e-01,6.893473e-01,1.308406e-01,-6.350993e-03,-4.336029e-02,2.903129e-02,4.818000e-02
5.70250,0.236177,0.768750,5.572325e-01,4.662527e-01,6.900822e-01,1.308576e-01,-6.060738e-03,-4.348880e-02,2.904991e-02,4.818357e-02
5.70500,0.236226,0.768750,5.574229e-01,4.662652e-01,6.908176e-01,1.308746e-01,-5.775422e-03,-4.360827e-02,2.906757e-02,4.818702e-02
5.70750,0.236275,0.768750,5.576118e-01,4.662779e-01,6.915541e-01,1.308916e-01,-5.494776e-03,-4.371886e-02,2.908432e-02,4.819036e-02
5.71000,0.236323,0.768750,5.578346e-01,4.662908e-01,6.922925e-01,1.309087e-01,-5.218458e-03,-4.382029e-02,2.910016e-02,4.819360e-02
5.71250,0.236372,0.768750,5.580693e-01,4.663038e-01,6.930340e-01,1.309258e-01,-4.947403e-03,-4.391260e-02,2.911509e-02,4.819673e-02
5.71500,0.236421,0.768750,5.583029e-01,4.663170e-01,6.937799e-01,1.309430e-01,-4.682055e-03,-4.399580e-02,2.912912e-02,4.819976e-02
5.71750,0.236470,0.768750,5.585354e-01,4.663303e-01,6.945313e-01,1.309602e-01,-4.421475e-03,-4.406984e-02,2.914230e-02,4.820269e-02
5.72000,0.236519,0.768750,5.587667e-01,4.663437e-01,6.952895e-01,1.309774e-01,-4.164757e-03,-4.413483e-02,2.915468e-02,4.820555e-02
5.72250,0.236568,0.768750,5.589969e-01,4.663574e-01,6.960553e-01,1.309947e-01,-3.911960e-03,-4.419045e-02,2.916631e-02,4.820833e-02
5.72500,0.236616,0.768750,5.592259e-01,4.663711e-01,6.968296e-01,1.310120e-01,-3.663374e-03,-4.423736e-02,2.917719e-02,4.821104e-02
5.72750,0.236665,0.768750,5.594538e-01,4.663851e-01,6.976130e-01,1.310293e-01,-3.418362e-03,-4.427618e-02,2.918737e-02,4.821368e-02
5.73000,0.236714,0.768750,5.596805e-01,4.663991e-01,6.984056e-01,1.310467e-01,-3.176226e-03,-4.430743e-02,2.919688e-02,4.821628e-02
5.73250,0.236763,0.768750,5.599059e-01,4.664134e-01,6.992074e-01,1.310640e-01,-2.937415e-03,-4.433232e-02,2.920571e-02,4.821883e-02
5.73500,0.236811,0.768750,5.601302e-01,4.664278e-01,7.000181e-01,1.310815e-01,-2.701708e-03,-4.435174e-02,2.921388e-02,4.822133e-02
5.73750,0.236860,0.768750,5.603532e-01,4.664423e-01,7.008366e-01,1.310989e-01,-2.469291e-03,-4.436616e-02,2.922134e-02,4.822380e-02
5.74000,0.236909,0.768750,5.605750e-01,4.664570e-01,7.016620e-01,1.311164e-01,-2.240227e-03,-4.437540e-02,2.922811e-02,4.822624e-02
5.74250,0.236957,0.768750,5.607956e-01,4.664718e-01,7.024929e-01,1.311338e-01,-2.014397e-03,-4.437968e-02,2.923423e-02,4.822864e-02
5.74500,0.237006,0.768750,5.610149e-01,4.664868e-01,7.033283e-01,1.311513e-01,-1.792521e-03,-4.437958e-02,2.923970e-02,4.823102e-02
5.74750,0.237054,0.768750,5.612329e-01,4.665020e-01,7.041677e-01,1.311689e-01,-1.575108e-03,-4.437581e-02,2.924450e-02,4.823337e-02
5.75000,0.237103,0.768750,5.614497e-01,4.665173e-01,7.050107e-01,1.311864e-01,-1.362480e-03,-4.436848e-02,2.924860e-02,4.823569e-02
5.75250,0.237151,0.768750,5.616652e-01,4.665327e-01,7.058573e-01,1.312040e-01,-1.153902e-03,-4.435764e-02,2.925197e-02,4.823798e-02
5.75500,0.237200,0.768750,5.618794e-01,4.665483e-01,7.067072e-01,1.312216e-01,-9.493338e-04,-4.434348e-02,2.925462e-02,4.824024e-02
5.75750,0.237248,0.768750,5.620924e-01,4.665641e-01,7.075602e-01,1.312392e-01,-7.485337e-04,-4.432584e-02,2.925657e-02,4.824246e-02
5.76000,0.237297,0.768750,5.623040e-01,4.665800e-01,7.084160e-01,1.312568e-01,-5.507001e-04,-4.430372e-02,2.925788e-02,4.824466e-02
5.76250,0.237345,0.768750,5.625143e-01,4.665961e-01,7.092742e-01,1.312744e-01,-3.549982e-04,-4.427642e-02,2.925861e-02,4.824682e-02
5.76500,0.237393,0.768750,5.627233e-01,4.666123e-01,7.101345e-01,1.312920e-01,-1.606410e-04,-4.424419e-02,2.925882e-02,4.824895e-02
5.76750,0.237441,0.768750,5.629309e-01,4.666286e-01,7.109964e-01,1.313097e-01,3.270504e-05,-4.420748e-02,2.925857e-02,4.825106e-02
5.77000,0.237490,0.768750,5.631373e-01,4.666451e-01,7.118597e-01,1.313273e-01,2.252785e-04,-4.416662e-02,2.925793e-02,4.825316e-02
5.77250,0.237538,0.768750,5.633423e-01,4.666618e-01,7.127238e-01,1.313450e-01,4.181502e-04,-4.412167e-02,2.925700e-02,4.825524e-02
5.77500,0.237586,0.768750,5.635459e-01,4.666786e-01,7.135883e-01,1.313626e-01,6.116221e-04,-4.407248e-02,2.925581e-02,4.825733e-02
5.77750,0.237634,0.768750,5.637482e-01,4.666956e-01,7.144528e-01,1.313803e-01,8.055875e-04,-4.401934e-02,2.925438e-02,4.825942e-02
5.78000,0.237682,0.768750,5.639491e-01,4.667127e-01,7.153171e-01,1.313980e-01,9.996307e-04,-4.396242e-02,2.925269e-02,4.826153e-02
5.78250,0.237730,0.768750,5.641486e-01,4.667299e-01,7.161809e-01,1.314156e-01,1.193703e-03,-4.390171e-02,2.925075e-02,4.826365e-02
5.78500,0.237778,0.768750,5.643467e-01,4.667473e-01,7.170443e-01,1.314333e-01,1.387883e-03,-4.383756e-02,2.924857e-02,4.826579e-02
5.78750,0.237826,0.768750,5.645435e-01,4.667649e-01,7.179074e-01,1.314510e-01,1.582993e-03,-4.377000e-02,2.924624e-02,4.826797e-02
5.79000,0.237874,0.768750,5.647389e-01,4.667826e-01,7.187705e-01,1.314687e-01,1.779699e-03,-4.369900e-02,2.924381e-02,4.827017e-02
5.79250,0.237922,0.768750,5.649328e-01,4.668004e-01,7.196345e-01,1.314863e-01,1.977999e-03,-4.362464e-02,2.924131e-02,4.827243e-02
5.79500,0.237970,0.768750,5.651254e-01,4.668184e-01,7.205000e-01,1.315040e-01,2.177623e-03,-4.354776e-02,2.923872e-02,4.827474e-02
5.79750,0.238018,0.768750,5.653165e-01,4.668366e-01,7.213678e-01,1.315217e-01,2.378376e-03,-4.346937e-02,2.923609e-02,4.827710e-02
5.80000,0.238065,0.768750,5.655062e-01,4.668549e-01,7.222387e-01,1.315393e-01,2.579210e-03,-4.338971e-02,2.923336e-02,4.827952e-02
5.80250,0.238113,0.768750,5.656945e-01,4.668733e-01,7.231130e-01,1.315570e-01,2.779326e-03,-4.330869e-02,2.923050e-02,4.828200e-02
5.80500,0.238161,0.768750,5.658813e-01,4.668919e-01,7.237605e-01,1.315746e-01,2.978006e-03,-4.322602e-02,2.922744e-02,4.828454e-02
5.80750,0.238208,0.768750,5.660667e-01,4.669107e-01,7.238604e-01,1.315923e-01,3.174544e-03,-4.314160e-02,2.922410e-02,4.828712e-02
5.81000,0.238256,0.768750,5.662507e-01,4.669295e-01,7.239801e-01,1.316099e-01,3.368511e-03,-4.305549e-02,2.922047e-02,4.828976e-02
5.81250,0.238303,0.768750,5.664332e-01,4.669486e-01,7.241204e-01,1.316275e-01,3.559326e-03,-4.296776e-02,2.921649e-02,4.829243e-02
5.81500,0.238351,0.768750,5.666142e-01,4.669677e-01,7.242823e-01,1.316451e-01,3.746217e-03,-4.287871e-02,2.921209e-02,4.829515e-02
5.81750,0.238398,0.768750,5.667937e-01,4.669871e-01,7.244668e-01,1.316627e-01,3.929167e-03,-4.278810e-02,2.920725e-02,4.829790e-02
5.82000,0.238445,0.768750,5.669718e-01,4.670065e-01,7.246749e-01,1.316803e-01,4.107959e-03,-4.269565e-02,2.920195e-02,4.830069e-02
5.82250,0.238492,0.768750,5.671800e-01,4.670261e-01,7.249075e-01,1.316979e-01,4.282924e-03,-4.260122e-02,2.919618e-02,4.830351e-02
5.82500,0.238540,0.768750,5.673981e-01,4.670459e-01,7.251657e-01,1.317154e-01,4.454479e-03,-4.250454e-02,2.918994e-02,4.830636e-02
5.82750,0.238587,0.768750,5.676151e-01,4.670658e-01,7.254496e-01,1.317329e-01,4.622610e-03,-4.240552e-02,2.918325e-02,4.830925e-02
5.83000,0.238634,0.768750,5.678309e-01,4.670859e-01,7.257587e-01,1.317505e-01,4.787061e-03,-4.230432e-02,2.917608e-02,4.831216e-02
5.83250,0.238681,0.768750,5.680455e-01,4.671061e-01,7.260920e-01,1.317680e-01,4.947905e-03,-4.220122e-02,2.916845e-02,4.831510e-02
5.83500,0.238728,0.768750,5.682590e-01,4.671264e-01,7.264476e-01,1.317855e-01,5.105143e-03,-4.209613e-02,2.916037e-02,4.831807e-02
5.83750,0.238775,0.768750,5.684713e-01,4.671469e-01,7.268233e-01,1.318029e-01,5.258748e-03,-4.198861e-02,2.915186e-02,4.832106e-02
5.84000,0.238821,0.768750,5.686824e-01,4.671675e-01,7.272166e-01,1.318204e-01,5.409180e-03,-4.187836e-02,2.914291e-02,4.832407e-02
5.84250,0.238868,0.768750,5.688923e-01,4.671883e-01,7.276248e-01,1.318378e-01,5.557137e-03,-4.176499e-02,2.913358e-02,4.832710e-02
5.84500,0.238915,0.768750,5.691011e-01,4.672092e-01,7.280455e-01,1.318552e-01,5.703115e-03,-4.164846e-02,2.912388e-02,4.833015e-02
5.84750,0.238961,0.768750,5.693086e-01,4.672302e-01,7.284759e-01,1.318726e-01,5.846510e-03,-4.152871e-02,2.911383e-02,4.833323e-02
5.85000,0.239008,0.768750,5.695149e-01,4.672514e-01,7.289140e-01,1.318899e-01,5.987251e-03,-4.140574e-02,2.910341e-02,4.833632e-02
5.85250,0.239055,0.768750,5.697200e-01,4.672728e-01,7.293576e-01,1.319073e-01,6.125065e-03,-4.127904e-02,2.909257e-02,4.833943e-02
5.85500,0.239101,0.768750,5.699239e-01,4.672942e-01,7.298052e-01,1.319246e-01,6.259970e-03,-4.114836e-02,2.908134e-02,4.834255e-02
5.85750,0.239147,0.768750,5.701266e-01,4.673159e-01,7.302557e-01,1.319419e-01,6.392171e-03,-4.101369e-02,2.906973e-02,4.834568e-02
5.86000,0.239194,0.768750,5.703280e-01,4.673376e-01,7.307085e-01,1.319591e-01,6.521856e-03,-4.087543e-02,2.905776e-02,4.834882e-02
5.86250,0.239240,0.768750,5.705282e-01,4.673595e-01,7.311630e-01,1.319764e-01,6.649075e-03,-4.073390e-02,2.904548e-02,4.835197e-02
5.86500,0.239286,0.768750,5.707271e-01,4.673816e-01,7.316191e-01,1.319936e-01,6.773950e-03,-4.058925e-02,2.903290e-02,4.835513e-02
5.86750,0.239332,0.768750,5.709248e-01,4.674038e-01,7.320765e-01,1.320108e-01,6.896806e-03,-4.044123e-02,2.902006e-02,4.835831e-02
5.87000,0.239378,0.768750,5.711213e-01,4.674261e-01,7.325346e-01,1.320279e-01,7.018059e-03,-4.028970e-02,2.900700e-02,4.836150e-02
5.87250,0.239424,0.768750,5.713164e-01,4.674485e-01,7.329929e-01,1.320451e-01,7.137773e-03,-4.013449e-02,2.899371e-02,4.836470e-02
5.87500,0.239470,0.768750,5.715103e-01,4.674711e-01,7.334505e-01,1.320622e-01,7.256549e-03,-3.997558e-02,2.898024e-02,4.836794e-02
5.87750,0.239516,0.768750,5.717139e-01,4.674939e-01,7.339065e-01,1.320792e-01,7.375650e-03,-3.981334e-02,2.896668e-02,4.837120e-02
5.88000,0.239561,0.768750,5.719451e-01,4.675168e-01,7.343600e-01,1.320963e-01,7.495433e-03,-3.964836e-02,2.895307e-02,4.837450e-02
5.88250,0.239607,0.768750,5.721753e-01,4.675398e-01,7.348107e-01,1.321133e-01,7.616241e-03,-3.948089e-02,2.893944e-02,4.837786e-02
5.88500,0.239653,0.768750,5.724046e-01,4.675629e-01,7.352583e-01,1.321302e-01,7.737957e-03,-3.931169e-02,2.892586e-02,4.838127e-02
5.88750,0.239698,0.768750,5.726329e-01,4.675862e-01,7.357033e-01,1.321472e-01,7.860090e-03,-3.914136e-02,2.891234e-02,4.838474e-02
5.89000,0.239744,0.768750,5.728602e-01,4.676097e-01,7.361460e-01,1.321641e-01,7.981846e-03,-3.897018e-02,2.889884e-02,4.838827e-02
5.89250,0.239789,0.768750,5.730866e-01,4.676332e-01,7.365872e-01,1.321810e-01,8.103529e-03,-3.879827e-02,2.888536e-02,4.839186e-02
5.89500,0.239834,0.768750,5.733120e-01,4.676569e-01,7.370276e-01,1.321978e-01,8.225306e-03,-3.862582e-02,2.887191e-02,4.839553e-02
5.89750,0.239880,0.768750,5.735363e-01,4.676808e-01,7.374683e-01,1.322146e-01,8.347829e-03,-3.845271e-02,2.885853e-02,4.839928e-02
5.90000,0.239925,0.768750,5.737597e-01,4.677048e-01,7.379106e-01,1.322314e-01,8.470804e-03,-3.827942e-02,2.884524e-02,4.840310e-02
5.90250,0.239970,0.768750,5.739821e-01,4.677289e-01,7.383562e-01,1.322481e-01,8.593956e-03,-3.810593e-02,2.883202e-02,4.840700e-02
5.90500,0.240015,0.768750,5.742035e-01,4.677531e-01,7.388069e-01,1.322648e-01,8.716742e-03,-3.793246e-02,2.881885e-02,4.841098e-02
5.90750,0.240060,0.768750,5.744239e-01,4.677775e-01,7.392650e-01,1.322815e-01,8.838623e-03,-3.775944e-02,2.880569e-02,4.841503e-02
5.91000,0.240104,0.768750,5.746432e-01,4.678020e-01,7.397327e-01,1.322981e-01,8.959825e-03,-3.758669e-02,2.879254e-02,4.841916e-02
5.91250,0.240149,0.768750,5.748616e-01,4.678267e-01,7.402120e-01,1.323147e-01,9.079938e-03,-3.741417e-02,2.877939e-02,4.842336e-02
5.91500,0.240194,0.768750,5.750789e-01,4.678515e-01,7.407049e-01,1.323312e-01,9.198602e-03,-3.724193e-02,2.876619e-02,4.842764e-02
5.91750,0.240238,0.768750,5.752952e-01,4.678764e-01,7.412127e-01,1.323477e-01,9.316158e-03,-3.706969e-02,2.875296e-02,4.843199e-02
5.92000,0.240283,0.768750,5.755105e-01,4.679015e-01,7.417365e-01,1.323642e-01,9.432999e-03,-3.689719e-02,2.873972e-02,4.843641e-02
5.92250,0.240327,0.768750,5.757247e-01,4.679267e-01,7.422772e-01,1.323806e-01,9.549292e-03,-3.672475e-02,2.872648e-02,4.844091e-02
5.92500,0.240372,0.768750,5.759379e-01,4.679520e-01,7.428354e-01,1.323970e-01,9.665982e-03,-3.655249e-02,2.871329e-02,4.844550e-02
5.92750,0.240416,0.768750,5.761500e-01,4.679774e-01,7.434114e-01,1.324134e-01,9.783528e-03,-3.638030e-02,2.870018e-02,4.845017e-02
5.93000,0.240460,0.768750,5.763611e-01,4.680030e-01,7.440054e-01,1.324297e-01,9.902101e-03,-3.620787e-02,2.868716e-02,4.845494e-02
5.93250,0.240504,0.768750,5.765711e-01,4.680287e-01,7.446171e-01,1.324459e-01,1.002208e-02,-3.603499e-02,2.867426e-02,4.845981e-02
5.93500,0.240548,0.768750,5.767800e-01,4.680546e-01,7.452462e-01,1.324622e-01,1.014378e-02,-3.586213e-02,2.866147e-02,4.846479e-02
5.93750,0.240592,0.768750,5.769879e-01,4.680806e-01,7.458920e-01,1.324783e-01,1.026660e-02,-3.568993e-02,2.864879e-02,4.846987e-02
5.94000,0.240636,0.768750,5.771947e-01,4.681067e-01,7.465535e-01,1.324945e-01,1.038959e-02,-3.551879e-02,2.863616e-02,4.847506e-02
5.94250,0.240680,0.768750,5.774004e-01,4.681330e-01,7.472297e-01,1.325106e-01,1.051246e-02,-3.534891e-02,2.862357e-02,4.848036e-02
5.94500,0.240724,0.768750,5.776050e-01,4.681593e-01,7.479194e-01,1.325266e-01,1.063514e-02,-3.517994e-02,2.861101e-02,4.848576e-02
5.94750,0.240767,0.768750,5.778085e-01,4.681859e-01,7.486210e-01,1.325426e-01,1.075790e-02,-3.501147e-02,2.859850e-02,4.849128e-02
5.95000,0.240811,0.768750,5.780110e-01,4.682125e-01,7.493333e-01,1.325586e-01,1.087984e-02,-3.484337e-02,2.858603e-02,4.849690e-02
5.95250,0.240854,0.768750,5.782123e-01,4.682393e-01,7.500548e-01,1.325745e-01,1.100002e-02,-3.467573e-02,2.857354e-02,4.850262e-02
5.95500,0.240897,0.768750,5.784124e-01,4.682662e-01,7.507841e-01,1.325903e-01,1.111801e-02,-3.450836e-02,2.856096e-02,4.850844e-02
5.95750,0.240941,0.768750,5.786115e-01,4.682932e-01,7.515200e-01,1.326062e-01,1.123387e-02,-3.434113e-02,2.854825e-02,4.851436e-02
5.96000,0.240984,0.768750,5.788094e-01,4.683204e-01,7.522613e-01,1.326219e-01,1.134754e-02,-3.417381e-02,2.853541e-02,4.852037e-02
5.96250,0.241027,0.768750,5.790062e-01,4.683477e-01,7.530070e-01,1.326377e-01,1.145933e-02,-3.400639e-02,2.852243e-02,4.852647e-02
5.96500,0.241070,0.768750,5.792018e-01,4.683751e-01,7.537563e-01,1.326534e-01,1.156969e-02,-3.383867e-02,2.850934e-02,4.853265e-02
5.96750,0.241113,0.768750,5.793963e-01,4.684027e-01,7.545086e-01,1.326690e-01,1.167942e-02,-3.367050e-02,2.849621e-02,4.853893e-02
5.97000,0.241156,0.768750,5.795896e-01,4.684304e-01,7.552637e-01,1.326846e-01,1.178903e-02,-3.350198e-02,2.848306e-02,4.854530e-02
5.97250,0.241198,0.768750,5.797818e-01,4.684582e-01,7.560211e-01,1.327001e-01,1.189833e-02,-3.333322e-02,2.846990e-02,4.855176e-02
5.97500,0.241241,0.768750,5.799728e-01,4.684861e-01,7.567805e-01,1.327156e-01,1.200704e-02,-3.316399e-02,2.845674e-02,4.855831e-02
5.97750,0.241283,0.768750,5.801626e-01,4.685142e-01,7.575415e-01,1.327311e-01,1.211513e-02,-3.299414e-02,2.844356e-02,4.856495e-02
5.98000,0.241326,0.768750,5.803512e-01,4.685424e-01,7.583030e-01,1.327465e-01,1.222284e-02,-3.282361e-02,2.843037e-02,4.857169e-02
5.98250,0.241368,0.768750,5.805386e-01,4.685707e-01,7.590642e-01,1.327618e-01,1.233107e-02,-3.265247e-02,2.841722e-02,4.857851e-02
5.98500,0.241410,0.768750,5.807249e-01,4.685992e-01,7.598243e-01,1.327771e-01,1.243963e-02,-3.248069e-02,2.840412e-02,4.858543e-02
5.98750,0.241453,0.768750,5.809099e-01,4.686278e-01,7.605826e-01,1.327924e-01,1.254864e-02,-3.230825e-02,2.839109e-02,4.859245e-02
5.99000,0.241495,0.768750,5.810937e-01,4.686565e-01,7.613385e-01,1.328076e-01,1.265809e-02,-3.213527e-02,2.837816e-02,4.859956e-02
5.99250,0.241537,0.768750,5.812762e-01,4.686853e-01,7.620919e-01,1.328227e-01,1.276768e-02,-3.196203e-02,2.836532e-02,4.860677e-02
5.99500,0.241578,0.768750,5.814576e-01,4.687143e-01,7.628426e-01,1.328378e-01,1.287708e-02,-3.178867e-02,2.835255e-02,4.861407e-02
5.99750,0.241620,0.768750,5.816377e-01,4.687434e-01,7.635906e-01,1.328529e-01,1.298641e-02,-3.161488e-02,2.833987e-02,4.862146e-02
6.00000,0.241662,0.768750,5.818165e-01,4.687726e-01,7.643361e-01,1.328679e-01,1.309543e-02,-3.144061e-02,2.832727e-02,4.862894e-02
6.00250,0.241703,0.768750,5.820210e-01,4.688019e-01,7.650791e-01,1.328828e-01,1.320352e-02,-3.126593e-02,2.831462e-02,4.863652e-02
6.00500,0.241745,0.768750,5.822335e-01,4.688314e-01,7.658195e-01,1.328977e-01,1.331093e-02,-3.109052e-02,2.830211e-02,4.864417e-02
6.00750,0.241786,0.768750,5.824451e-01,4.688610e-01,7.665570e-01,1.329126e-01,1.341778e-02,-3.091476e-02,2.828961e-02,4.865192e-02
6.01000,0.241828,0.768750,5.826557e-01,4.688907e-01,7.672915e-01,1.329274e-01,1.352430e-02,-3.073821e-02,2.827714e-02,4.865974e-02
6.01250,0.241869,0.768750,5.828654e-01,4.689206e-01,7.680230e-01,1.329421e-01,1.363040e-02,-3.056078e-02,2.826471e-02,4.866765e-02
6.01500,0.241910,0.768750,5.830742e-01,4.689506e-01,7.687515e-01,1.329568e-01,1.373563e-02,-3.038272e-02,2.825230e-02,4.867565e-02
6.01750,0.241951,0.768750,5.832820e-01,4.689807e-01,7.694771e-01,1.329715e-01,1.383987e-02,-3.020441e-02,2.823990e-02,4.868373e-02
6.02000,0.241992,0.768750,5.834888e-01,4.690109e-01,7.702002e-01,1.329860e-01,1.394297e-02,-3.002598e-02,2.822749e-02,4.869191e-02
6.02250,0.242033,0.768750,5.836947e-01,4.690413e-01,7.709214e-01,1.330006e-01,1.404573e-02,-2.984722e-02,2.821511e-02,4.870017e-02
6.02500,0.242073,0.768750,5.838997e-01,4.690717e-01,7.716412e-01,1.330151e-01,1.414850e-02,-2.966797e-02,2.820277e-02,4.870852e-02
6.02750,0.242114,0.768750,5.841036e-01,4.691023e-01,7.723607e-01,1.330295e-01,1.425136e-02,-2.948848e-02,2.819049e-02,4.871696e-02
6.03000,0.242154,0.768750,5.843066e-01,4.691331e-01,7.730808e-01,1.330439e-01,1.435403e-02,-2.930899e-02,2.817826e-02,4.872551e-02
6.03250,0.242195,0.768750,5.845085e-01,4.691639e-01,7.738028e-01,1.330582e-01,1.445624e-02,-2.912953e-02,2.816607e-02,4.873414e-02
6.03500,0.242235,0.768750,5.847095e-01,4.691949e-01,7.745280e-01,1.330725e-01,1.455790e-02,-2.895030e-02,2.815389e-02,4.874288e-02
6.03750,0.242275,0.768750,5.849095e-01,4.692260e-01,7.752573e-01,1.330867e-01,1.465868e-02,-2.877142e-02,2.814172e-02,4.875171e-02
6.04000,0.242315,0.768750,5.851085e-01,4.692572e-01,7.759913e-01,1.331009e-01,1.475808e-02,-2.859306e-02,2.812952e-02,4.876063e-02
6.04250,0.242355,0.768750,5.853065e-01,4.692886e-01,7.767304e-01,1.331150e-01,1.485572e-02,-2.841514e-02,2.811725e-02,4.876966e-02
6.04500,0.242395,0.768750,5.855034e-01,4.693200e-01,7.774748e-01,1.331290e-01,1.495197e-02,-2.823764e-02,2.810490e-02,4.877878e-02
6.04750,0.242435,0.768750,5.856994e-01,4.693516e-01,7.782248e-01,1.331431e-01,1.504663e-02,-2.806035e-02,2.809247e-02,4.878799e-02
6.05000,0.242474,0.768750,5.858943e-01,4.693834e-01,7.789808e-01,1.331570e-01,1.514001e-02,-2.788330e-02,2.807995e-02,4.879730e-02
6.05250,0.242514,0.768750,5.860881e-01,4.694152e-01,7.797432e-01,1.331709e-01,1.523245e-02,-2.770637e-02,2.806736e-02,4.880671e-02
6.05500,0.242553,0.768750,5.862810e-01,4.694472e-01,7.805127e-01,1.331847e-01,1.532385e-02,-2.752947e-02,2.805470e-02,4.881622e-02
6.05750,0.242593,0.768750,5.864727e-01,4.694793e-01,7.812897e-01,1.331985e-01,1.541391e-02,-2.735275e-02,2.804193e-02,4.882582e-02
6.06000,0.242632,0.768750,5.866635e-01,4.695115e-01,7.820750e-01,1.332123e-01,1.550294e-02,-2.717612e-02,2.802908e-02,4.883551e-02
6.06250,0.242671,0.768750,5.868531e-01,4.695438e-01,7.828689e-01,1.332259e-01,1.559075e-02,-2.699956e-02,2.801615e-02,4.884530e-02
6.06500,0.242710,0.768750,5.870618e-01,4.695763e-01,7.836715e-01,1.332395e-01,1.567731e-02,-2.682312e-02,2.800316e-02,4.885518e-02
6.06750,0.242749,0.768750,5.872834e-01,4.696089e-01,7.844828e-01,1.332531e-01,1.576281e-02,-2.664689e-02,2.799012e-02,4.886516e-02
6.07000,0.242788,0.768750,5.875043e-01,4.696416e-01,7.853026e-01,1.332666e-01,1.584767e-02,-2.647069e-02,2.797707e-02,4.887522e-02
6.07250,0.242827,0.768750,5.877244e-01,4.696744e-01,7.861302e-01,1.332801e-01,1.593174e-02,-2.629423e-02,2.796398e-02,4.888537e-02
6.07500,0.242865,0.768750,5.879438e-01,4.697073e-01,7.869649e-01,1.332935e-01,1.601474e-02,-2.611718e-02,2.795085e-02,4.889561e-02
6.07750,0.242904,0.768750,5.881624e-01,4.697404e-01,7.878058e-01,1.333068e-01,1.609714e-02,-2.593955e-02,2.793767e-02,4.890594e-02
6.08000,0.242942,0.768750,5.883802e-01,4.697736e-01,7.886519e-01,1.333201e-01,1.618021e-02,-2.576163e-02,2.792451e-02,4.891635e-02
6.08250,0.242980,0.768750,5.885972e-01,4.698069e-01,7.895024e-01,1.333333e-01,1.626468e-02,-2.558377e-02,2.791144e-02,4.892686e-02
6.08500,0.243018,0.768750,5.888135e-01,4.698403e-01,7.903565e-01,1.333465e-01,1.635080e-02,-2.540633e-02,2.789850e-02,4.893747e-02
6.08750,0.243056,0.768750,5.890289e-01,4.698739e-01,7.912137e-01,1.333596e-01,1.643883e-02,-2.522968e-02,2.788574e-02,4.894818e-02
6.09000,0.243094,0.768750,5.892436e-01,4.699076e-01,7.920736e-01,1.333726e-01,1.652880e-02,-2.505419e-02,2.787318e-02,4.895899e-02
6.09250,0.243132,0.768750,5.894575e-01,4.699414e-01,7.929359e-01,1.333856e-01,1.662023e-02,-2.488021e-02,2.786082e-02,4.896990e-02
6.09500,0.243170,0.768750,5.896706e-01,4.699753e-01,7.938005e-01,1.333986e-01,1.671241e-02,-2.470792e-02,2.784862e-02,4.898091e-02
6.09750,0.243207,0.768750,5.898828e-01,4.700093e-01,7.946669e-01,1.334115e-01,1.680506e-02,-2.453715e-02,2.783656e-02,4.899202e-02
6.10000,0.243245,0.768750,5.900943e-01,4.700435e-01,7.955345e-01,1.334243e-01,1.689762e-02,-2.436783e-02,2.782460e-02,4.900322e-02
6.10250,0.243282,0.768750,5.903049e-01,4.700778e-01,7.964024e-01,1.334370e-01,1.698984e-02,-2.419959e-02,2.781273e-02,4.901452e-02
6.10500,0.243320,0.768750,5.905147e-01,4.701122e-01,7.972696e-01,1.334497e-01,1.708186e-02,-2.403217e-02,2.780092e-02,4.902592e-02
6.10750,0.243357,0.768750,5.907237e-01,4.701467e-01,7.981351e-01,1.334624e-01,1.717413e-02,-2.386554e-02,2.778922e-02,4.903741e-02
6.11000,0.243394,0.768750,5.909319e-01,4.701813e-01,7.989979e-01,1.334750e-01,1.726696e-02,-2.369980e-02,2.777764e-02,4.904899e-02
6.11250,0.243431,0.768750,5.911392e-01,4.702161e-01,7.998574e-01,1.334875e-01,1.736037e-02,-2.353487e-02,2.776619e-02,4.906067e-02
6.11500,0.243467,0.768750,5.913456e-01,4.702510e-01,8.007134e-01,1.335000e-01,1.745413e-02,-2.337075e-02,2.775487e-02,4.907244e-02
6.11750,0.243504,0.768750,5.915512e-01,4.702860e-01,8.015655e-01,1.335124e-01,1.754811e-02,-2.320738e-02,2.774368e-02,4.908430e-02
6.12000,0.243541,0.768750,5.917559e-01,4.703211e-01,8.024138e-01,1.335248e-01,1.764242e-02,-2.304487e-02,2.773263e-02,4.909626e-02
6.12250,0.243577,0.768750,5.919598e-01,4.703564e-01,8.032582e-01,1.335371e-01,1.773684e-02,-2.288317e-02,2.772171e-02,4.910831e-02
6.12500,0.243614,0.768750,5.921628e-01,4.703917e-01,8.040987e-01,1.335493e-01,1.783121e-02,-2.272210e-02,2.771090e-02,4.912045e-02
6.12750,0.243650,0.768750,5.923649e-01,4.704272e-01,8.049350e-01,1.335615e-01,1.792543e-02,-2.256151e-02,2.770019e-02,4.913269e-02
6.13000,0.243686,0.768750,5.925661e-01,4.704628e-01,8.057668e-01,1.335736e-01,1.801870e-02,-2.240137e-02,2.768952e-02,4.914501e-02
6.13250,0.243722,0.768750,5.927665e-01,4.704985e-01,8.065937e-01,1.335857e-01,1.811097e-02,-2.224158e-02,2.767889e-02,4.915743e-02
6.13500,0.243758,0.768750,5.929659e-01,4.705344e-01,8.074153e-01,1.335977e-01,1.820228e-02,-2.208228e-02,2.766828e-02,4.916993e-02
6.13750,0.243793,0.768750,5.931645e-01,4.705703e-01,8.082313e-01,1.336097e-01,1.829227e-02,-2.192348e-02,2.765768e-02,4.918252e-02
6.14000,0.243829,0.768750,5.933621e-01,4.706064e-01,8.090413e-01,1.336216e-01,1.838164e-02,-2.176522e-02,2.764713e-02,4.919519e-02
6.14250,0.243865,0.768750,5.935588e-01,4.706426e-01,8.098452e-01,1.336334e-01,1.847086e-02,-2.160751e-02,2.763665e-02,4.920796e-02
6.14500,0.243900,0.768750,5.937546e-01,4.706789e-01,8.106429e-01,1.336452e-01,1.855950e-02,-2.145037e-02,2.762625e-02,4.922080e-02
6.14750,0.243935,0.768750,5.939494e-01,4.707154e-01,8.114343e-01,1.336569e-01,1.864737e-02,-2.129360e-02,2.761589e-02,4.923373e-02
6.15000,0.243970,0.768750,5.941433e-01,4.707519e-01,8.122199e-01,1.336686e-01,1.873401e-02,-2.113702e-02,2.760556e-02,4.924675e-02
6.15250,0.244005,0.768750,5.943363e-01,4.707886e-01,8.130001e-01,1.336802e-01,1.881897e-02,-2.098030e-02,2.759522e-02,4.925984e-02
6.15500,0.244040,0.768750,5.945283e-01,4.708254e-01,8.137754e-01,1.336918e-01,1.890191e-02,-2.082316e-02,2.758483e-02,4.927302e-02
6.15750,0.244075,0.768750,5.947193e-01,4.708623e-01,8.145465e-01,1.337032e-01,1.898311e-02,-2.066550e-02,2.757441e-02,4.928626e-02
6.16000,0.244110,0.768750,5.949094e-01,4.708994e-01,8.153137e-01,1.337147e-01,1.906310e-02,-2.050735e-02,2.756397e-02,4.929958e-02
6.16250,0.244144,0.768750,5.950985e-01,4.709365e-01,8.160775e-01,1.337261e-01,1.914164e-02,-2.034863e-02,2.755349e-02,4.931296e-02
6.16500,0.244179,0.768750,5.952866e-01,4.709738e-01,8.168379e-01,1.337374e-01,1.921858e-02,-2.018926e-02,2.754297e-02,4.932641e-02
6.16750,0.244213,0.768750,5.954737e-01,4.710112e-01,8.175950e-01,1.337487e-01,1.929425e-02,-2.002921e-02,2.753241e-02,4.933993e-02
6.17000,0.244247,0.768750,5.956599e-01,4.710487e-01,8.183488e-01,1.337599e-01,1.936916e-02,-1.986861e-02,2.752182e-02,4.935350e-02
6.17250,0.244281,0.768750,5.958450e-01,4.710863e-01,8.190995e-01,1.337710e-01,1.944354e-02,-1.970751e-02,2.751123e-02,4.936714e-02
6.17500,0.244315,0.768750,5.960291e-01,4.711241e-01,8.198475e-01,1.337821e-01,1.951750e-02,-1.954598e-02,2.750065e-02,4.938085e-02
6.17750,0.244349,0.768750,5.962121e-01,4.711619e-01,8.205934e-01,1.337931e-01,1.959158e-02,-1.938413e-02,2.749008e-02,4.939462e-02
6.18000,0.244383,0.768750,5.963941e-01,4.711999e-01,8.213377e-01,1.338041e-01,1.966620e-02,-1.922210e-02,2.747958e-02,4.940846e-02
6.18250,0.244416,0.768750,5.965751e-01,4.712380e-01,8.220813e-01,1.338150e-01,1.974183e-02,-1.906007e-02,2.746917e-02,4.942236e-02
6.18500,0.244450,0.768750,5.967550e-01,4.712762e-01,8.228246e-01,1.338259e-01,1.981868e-02,-1.889839e-02,2.745887e-02,4.943634e-02
6.18750,0.244483,0.768750,5.969339e-01,4.713146e-01,8.235683e-01,1.338367e-01,1.989662e-02,-1.873744e-02,2.744870e-02,4.945039e-02
6.19000,0.244516,0.768750,5.971117e-01,4.713530e-01,8.243127e-01,1.338475e-01,1.997523e-02,-1.857740e-02,2.743865e-02,4.946452e-02
6.19250,0.244549,0.768750,5.972884e-01,4.713916e-01,8.250579e-01,1.338582e-01,2.005418e-02,-1.841843e-02,2.742870e-02,4.947872e-02
6.19500,0.244582,0.768750,5.974640e-01,4.714303e-01,8.258040e-01,1.338688e-01,2.013345e-02,-1.826069e-02,2.741886e-02,4.949299e-02
6.19750,0.244615,0.768750,5.976539e-01,4.714691e-01,8.265509e-01,1.338794e-01,2.021332e-02,-1.810407e-02,2.740914e-02,4.950735e-02
6.20000,0.244648,0.768750,5.978593e-01,4.715080e-01,8.272983e-01,1.338899e-01,2.029402e-02,-1.794857e-02,2.739955e-02,4.952178e-02
6.20250,0.244680,0.768750,5.980639e-01,4.715471e-01,8.280462e-01,1.339004e-01,2.037591e-02,-1.779427e-02,2.739012e-02,4.953630e-02
6.20500,0.244713,0.768750,5.982677e-01,4.715863e-01,8.287948e-01,1.339108e-01,2.045894e-02,-1.764135e-02,2.738085e-02,4.955089e-02
6.20750,0.244745,0.768750,5.984707e-01,4.716256e-01,8.295440e-01,1.339212e-01,2.054288e-02,-1.748994e-02,2.737173e-02,4.956557e-02
6.21000,0.244777,0.768750,5.986730e-01,4.716650e-01,8.302940e-01,1.339315e-01,2.062727e-02,-1.733996e-02,2.736275e-02,4.958033e-02
6.21250,0.244809,0.768750,5.988744e-01,4.717045e-01,8.310451e-01,1.339417e-01,2.071187e-02,-1.719140e-02,2.735389e-02,4.959517e-02
6.21500,0.244841,0.768750,5.990751e-01,4.717441e-01,8.317976e-01,1.339519e-01,2.079643e-02,-1.704429e-02,2.734514e-02,4.961009e-02
6.21750,0.244873,0.768750,5.992749e-01,4.717839e-01,8.318511e-01,1.339620e-01,2.088088e-02,-1.689852e-02,2.733647e-02,4.962508e-02
6.22000,0.244905,0.768750,5.994740e-01,4.718238e-01,8.318183e-01,1.339721e-01,2.096491e-02,-1.675405e-02,2.732787e-02,4.964016e-02
6.22250,0.244936,0.768750,5.996722e-01,4.718637e-01,8.317884e-01,1.339821e-01,2.104889e-02,-1.661072e-02,2.731933e-02,4.965531e-02
6.22500,0.244968,0.768750,5.998696e-01,4.719039e-01,8.317614e-01,1.339921e-01,2.113276e-02,-1.646831e-02,2.731085e-02,4.967055e-02
6.22750,0.244999,0.768750,6.000661e-01,4.719441e-01,8.317373e-01,1.340020e-01,2.121625e-02,-1.632669e-02,2.730241e-02,4.968585e-02
6.23000,0.245030,0.768750,6.002618e-01,4.719844e-01,8.317162e-01,1.340118e-01,2.129964e-02,-1.618583e-02,2.729401e-02,4.970124e-02
6.23250,0.245061,0.768750,6.004567e-01,4.720249e-01,8.316982e-01,1.340216e-01,2.138303e-02,-1.604570e-02,2.728565e-02,4.971670e-02
6.23500,0.245092,0.768750,6.006507e-01,4.720655e-01,8.316833e-01,1.340314e-01,2.146653e-02,-1.590651e-02,2.727736e-02,4.973224e-02
6.23750,0.245123,0.768750,6.008439e-01,4.721062e-01,8.316715e-01,1.340411e-01,2.154983e-02,-1.576827e-02,2.726912e-02,4.974785e-02
6.24000,0.245154,0.768750,6.010362e-01,4.721470e-01,8.316629e-01,1.340507e-01,2.163271e-02,-1.563102e-02,2.726092e-02,4.976353e-02
6.24250,0.245184,0.768750,6.012276e-01,4.721880e-01,8.316575e-01,1.340603e-01,2.171504e-02,-1.549475e-02,2.725277e-02,4.977929e-02
6.24500,0.245214,0.768750,6.014181e-01,4.722290e-01,8.316553e-01,1.340698e-01,2.179672e-02,-1.535933e-02,2.724465e-02,4.979511e-02
6.24750,0.245245,0.768750,6.016078e-01,4.722702e-01,8.316564e-01,1.340792e-01,2.187773e-02,-1.522474e-02,2.723658e-02,4.981101e-02
6.25000,0.245275,0.768750,6.017965e-01,4.723115e-01,8.316606e-01,1.340886e-01,2.195830e-02,-1.509090e-02,2.722855e-02,4.982698e-02
6.25250,0.245305,0.768750,6.019843e-01,4.723529e-01,8.316681e-01,1.340980e-01,2.203832e-02,-1.495770e-02,2.722056e-02,4.984301e-02
6.25500,0.245335,0.768750,6.021713e-01,4.723944e-01,8.316787e-01,1.341073e-01,2.211755e-02,-1.482521e-02,2.721260e-02,4.985911e-02
6.25750,0.245364,0.768750,6.023573e-01,4.724361e-01,8.316924e-01,1.341165e-01,2.219592e-02,-1.469341e-02,2.720465e-02,4.987528e-02
6.26000,0.245394,0.768750,6.025423e-01,4.724778e-01,8.317092e-01,1.341257e-01,2.227326e-02,-1.456222e-02,2.719670e-02,4.989150e-02
6.26250,0.245423,0.768750,6.027264e-01,4.725197e-01,8.317288e-01,1.341349e-01,2.234960e-02,-1.443148e-02,2.718876e-02,4.990779e-02
6.26500,0.245453,0.768750,6.029096e-01,4.725617e-01,8.317513e-01,1.341439e-01,2.242512e-02,-1.430115e-02,2.718082e-02,4.992413e-02
6.26750,0.245482,0.768750,6.031218e-01,4.726038e-01,8.317764e-01,1.341529e-01,2.250007e-02,-1.417144e-02,2.717292e-02,4.994052e-02
6.27000,0.245511,0.768750,6.033340e-01,4.726461e-01,8.318040e-01,1.341619e-01,2.257466e-02,-1.404231e-02,2.716505e-02,4.995697e-02
6.27250,0.245540,0.768750,6.035456e-01,4.726884e-01,8.318341e-01,1.341708e-01,2.264903e-02,-1.391361e-02,2.715723e-02,4.997347e-02
6.27500,0.245569,0.768750,6.037566e-01,4.727309e-01,8.318666e-01,1.341797e-01,2.272290e-02,-1.378525e-02,2.714945e-02,4.999001e-02
6.27750,0.245597,0.768750,6.039669e-01,4.727735e-01,8.319015e-01,1.341885e-01,2.279615e-02,-1.365703e-02,2.714168e-02,5.000660e-02
6.28000,0.245626,0.768750,6.041766e-01,4.728162e-01,8.319388e-01,1.341972e-01,2.286904e-02,-1.352889e-02,2.713395e-02,5.002324e-02
6.28250,0.245654,0.768750,6.043857e-01,4.728590e-01,8.319786e-01,1.342059e-01,2.294180e-02,-1.340090e-02,2.712626e-02,5.003992e-02
6.28500,0.245682,0.768750,6.045940e-01,4.729020e-01,8.320208e-01,1.342146e-01,2.301442e-02,-1.327305e-02,2.711861e-02,5.005665e-02
6.28750,0.245710,0.768750,6.048018e-01,4.729450e-01,8.320655e-01,1.342231e-01,2.308671e-02,-1.314534e-02,2.711101e-02,5.007343e-02
6.29000,0.245738,0.768750,6.050088e-01,4.729882e-01,8.321129e-01,1.342317e-01,2.315870e-02,-1.301779e-02,2.710344e-02,5.009025e-02
6.29250,0.245766,0.768750,6.052152e-01,4.730315e-01,8.321629e-01,1.342401e-01,2.323059e-02,-1.289041e-02,2.709592e-02,5.010712e-02
6.29500,0.245794,0.768750,6.054210e-01,4.730749e-01,8.322157e-01,1.342486e-01,2.330226e-02,-1.276332e-02,2.708844e-02,5.012403e-02
6.29750,0.245821,0.768750,6.056260e-01,4.731184e-01,8.322713e-01,1.342569e-01,2.337365e-02,-1.263660e-02,2.708100e-02,5.014098e-02
6.30000,0.245849,0.768750,6.058304e-01,4.731621e-01,8.323296e-01,1.342652e-01,2.344473e-02,-1.251034e-02,2.707359e-02,5.015797e-02
6.30250,0.245876,0.768750,6.060340e-01,4.732059e-01,8.323908e-01,1.342735e-01,2.351543e-02,-1.238446e-02,2.706621e-02,5.017501e-02
6.30500,0.245903,0.768750,6.062370e-01,4.732498e-01,8.324549e-01,1.342817e-01,2.358597e-02,-1.225883e-02,2.705885e-02,5.019208e-02
6.30750,0.245930,0.768750,6.064393e-01,4.732938e-01,8.325219e-01,1.342899e-01,2.365668e-02,-1.213346e-02,2.705155e-02,5.020920e-02
6.31000,0.245957,0.768750,6.066408e-01,4.733379e-01,8.325918e-01,1.342980e-01,2.372742e-02,-1.200839e-02,2.704429e-02,5.022635e-02
6.31250,0.245983,0.768750,6.068417e-01,4.733821e-01,8.326646e-01,1.343060e-01,2.379784e-02,-1.188377e-02,2.703706e-02,5.024354e-02
6.31500,0.246010,0.768750,6.070418e-01,4.734265e-01,8.327402e-01,1.343140e-01,2.386763e-02,-1.175970e-02,2.702984e-02,5.026077e-02
6.31750,0.246036,0.768750,6.072412e-01,4.734710e-01,8.328187e-01,1.343219e-01,2.393650e-02,-1.163627e-02,2.702263e-02,5.027803e-02
6.32000,0.246063,0.768750,6.074399e-01,4.735156e-01,8.328998e-01,1.343298e-01,2.400462e-02,-1.151346e-02,2.701542e-02,5.029532e-02
6.32250,0.246089,0.768750,6.076378e-01,4.735603e-01,8.329836e-01,1.343377e-01,2.407241e-02,-1.139120e-02,2.700823e-02,5.031265e-02
6.32500,0.246115,0.768750,6.078350e-01,4.736051e-01,8.330698e-01,1.343455e-01,2.414010e-02,-1.126938e-02,2.700107e-02,5.033001e-02
6.32750,0.246141,0.768750,6.080315e-01,4.736500e-01,8.331584e-01,1.343532e-01,2.420778e-02,-1.114808e-02,2.699394e-02,5.034740e-02
6.33000,0.246166,0.768750,6.082272e-01,4.736951e-01,8.332491e-01,1.343609e-01,2.427520e-02,-1.102732e-02,2.698685e-02,5.036482e-02
6.33250,0.246192,0.768750,6.084221e-01,4.737403e-01,8.333420e-01,1.343685e-01,2.434248e-02,-1.090726e-02,2.697981e-02,5.038227e-02
6.33500,0.246217,0.768750,6.086162e-01,4.737856e-01,8.334369e-01,1.343761e-01,2.440946e-02,-1.078796e-02,2.697279e-02,5.039974e-02
6.33750,0.246243,0.768750,6.088096e-01,4.738310e-01,8.335338e-01,1.343836e-01,2.447613e-02,-1.066940e-02,2.696580e-02,5.041725e-02
6.34000,0.246268,0.768750,6.090022e-01,4.738766e-01,8.336326e-01,1.343911e-01,2.454242e-02,-1.055164e-02,2.695883e-02,5.043478e-02
6.34250,0.246293,0.768750,6.091940e-01,4.739222e-01,8.337335e-01,1.343985e-01,2.460813e-02,-1.043473e-02,2.695187e-02,5.045234e-02
6.34500,0.246318,0.768750,6.093850e-01,4.739680e-01,8.338363e-01,1.344059e-01,2.467325e-02,-1.031864e-02,2.694491e-02,5.046992e-02
6.34750,0.246342,0.768750,6.095753e-01,4.740139e-01,8.339411e-01,1.344132e-01,2.473805e-02,-1.020329e-02,2.693796e-02,5.048753e-02
6.35000,0.246367,0.768750,6.097647e-01,4.740599e-01,8.340479e-01,1.344205e-01,2.480273e-02,-1.008855e-02,2.693105e-02,5.050516e-02
6.35250,0.246391,0.768750,6.099532e-01,4.741060e-01,8.341567e-01,1.344277e-01,2.486714e-02,-9.974401e-03,2.692417e-02,5.052281e-02
6.35500,0.246416,0.768750,6.101410e-01,4.741523e-01,8.342676e-01,1.344349e-01,2.493107e-02,-9.860786e-03,2.691732e-02,5.054048e-02
6.35750,0.246440,0.768750,6.103279e-01,4.741986e-01,8.343806e-01,1.344420e-01,2.499451e-02,-9.747688e-03,2.691049e-02,5.055818e-02
6.36000,0.246464,0.768750,6.105140e-01,4.742451e-01,8.344957e-01,1.344491e-01,2.505746e-02,-9.634972e-03,2.690369e-02,5.057589e-02
6.36250,0.246488,0.768750,6.106993e-01,4.742917e-01,8.346129e-01,1.344561e-01,2.512020e-02,-9.522599e-03,2.689692e-02,5.059362e-02
6.36500,0.246511,0.768750,6.108837e-01,4.743385e-01,8.347322e-01,1.344631e-01,2.518275e-02,-9.410582e-03,2.689019e-02,5.061137e-02
6.36750,0.246535,0.768750,6.110672e-01,4.743853e-01,8.348537e-01,1.344701e-01,2.524505e-02,-9.298937e-03,2.688349e-02,5.062913e-02
6.37000,0.246558,0.768750,6.112498e-01,4.744322e-01,8.349774e-01,1.344770e-01,2.530747e-02,-9.187719e-03,2.687684e-02,5.064692e-02
6.37250,0.246582,0.768750,6.114316e-01,4.744793e-01,8.351032e-01,1.344838e-01,2.537025e-02,-9.077048e-03,2.687026e-02,5.066472e-02
6.37500,0.246605,0.768750,6.116125e-01,4.745265e-01,8.352311e-01,1.344906e-01,2.543357e-02,-8.967056e-03,2.686375e-02,5.068254e-02
6.37750,0.246628,0.768750,6.117925e-01,4.745738e-01,8.353612e-01,1.344973e-01,2.549769e-02,-8.857900e-03,2.685734e-02,5.070038e-02
6.38000,0.246650,0.768750,6.119716e-01,4.746213e-01,8.354933e-01,1.345040e-01,2.556257e-02,-8.749609e-03,2.685104e-02,5.071823e-02
6.38250,0.246673,0.768750,6.121498e-01,4.746688e-01,8.356274e-01,1.345107e-01,2.562791e-02,-8.642087e-03,2.684483e-02,5.073611e-02
6.38500,0.246696,0.768750,6.123270e-01,4.747165e-01,8.357634e-01,1.345173e-01,2.569341e-02,-8.535210e-03,2.683869e-02,5.075400e-02
6.38750,0.246718,0.768750,6.125033e-01,4.747642e-01,8.359013e-01,1.345238e-01,2.575877e-02,-8.428972e-03,2.683260e-02,5.077191e-02
6.39000,0.246740,0.768750,6.126787e-01,4.748121e-01,8.360410e-01,1.345304e-01,2.582388e-02,-8.323465e-03,2.682657e-02,5.078984e-02
6.39250,0.246762,0.768750,6.128531e-01,4.748602e-01,8.361824e-01,1.345368e-01,2.588879e-02,-8.218682e-03,2.682059e-02,5.080778e-02
6.39500,0.246784,0.768750,6.130265e-01,4.749083e-01,8.363254e-01,1.345432e-01,2.595400e-02,-8.114772e-03,2.681469e-02,5.082574e-02
6.39750,0.246806,0.768750,6.131990e-01,4.749566e-01,8.364701e-01,1.345496e-01,2.601943e-02,-8.011810e-03,2.680886e-02,5.084372e-02
6.40000,0.246828,0.768750,6.133705e-01,4.750049e-01,8.366165e-01,1.345559e-01,2.608494e-02,-7.909783e-03,2.680313e-02,5.086172e-02
6.40250,0.246849,0.768750,6.135410e-01,4.750534e-01,8.367645e-01,1.345622e-01,2.615026e-02,-7.808533e-03,2.679746e-02,5.087973e-02
6.40500,0.246871,0.768750,6.137315e-01,4.751020e-01,8.369143e-01,1.345685e-01,2.621536e-02,-7.707916e-03,2.679185e-02,5.089775e-02
6.40750,0.246892,0.768750,6.139298e-01,4.751508e-01,8.370658e-01,1.345746e-01,2.628009e-02,-7.607954e-03,2.678629e-02,5.091579e-02
6.41000,0.246913,0.768750,6.141274e-01,4.751996e-01,8.372190e-01,1.345808e-01,2.634428e-02,-7.508656e-03,2.678077e-02,5.093384e-02
6.41250,0.246934,0.768750,6.143244e-01,4.752486e-01,8.373741e-01,1.345869e-01,2.640796e-02,-7.409890e-03,2.677528e-02,5.095189e-02
6.41500,0.246955,0.768750,6.145207e-01,4.752977e-01,8.375309e-01,1.345929e-01,2.647130e-02,-7.311612e-03,2.676981e-02,5.096996e-02
6.41750,0.246975,0.768750,6.147163e-01,4.753469e-01,8.376897e-01,1.345989e-01,2.653451e-02,-7.213945e-03,2.676438e-02,5.098804e-02
6.42000,0.246996,0.768750,6.149113e-01,4.753962e-01,8.378503e-01,1.346049e-01,2.659754e-02,-7.116984e-03,2.675898e-02,5.100613e-02
6.42250,0.247016,0.768750,6.151055e-01,4.754456e-01,8.380128e-01,1.346108e-01,2.666026e-02,-7.020735e-03,2.675361e-02,5.102422e-02
6.42500,0.247036,0.768750,6.152991e-01,4.754952e-01,8.381773e-01,1.346167e-01,2.672237e-02,-6.925191e-03,2.674826e-02,5.104232e-02
6.42750,0.247056,0.768750,6.154919e-01,4.755448e-01,8.382054e-01,1.346225e-01,2.678376e-02,-6.830371e-03,2.674292e-02,5.106042e-02
6.43000,0.247076,0.768750,6.156840e-01,4.755946e-01,8.382276e-01,1.346283e-01,2.684449e-02,-6.736197e-03,2.673758e-02,5.107853e-02
6.43250,0.247096,0.768750,6.158754e-01,4.756445e-01,8.382528e-01,1.346341e-01,2.690462e-02,-6.642611e-03,2.673224e-02,5.109664e-02
6.43500,0.247115,0.768750,6.160661e-01,4.756946e-01,8.382810e-01,1.346398e-01,2.696411e-02,-6.549588e-03,2.672691e-02,5.111475e-02
6.43750,0.247135,0.768750,6.162560e-01,4.757447e-01,8.383122e-01,1.346454e-01,2.702340e-02,-6.457237e-03,2.672159e-02,5.113287e-02
6.44000,0.247154,0.768750,6.164452e-01,4.757950e-01,8.383464e-01,1.346510e-01,2.708248e-02,-6.365575e-03,2.671631e-02,5.115098e-02
6.44250,0.247173,0.768750,6.166336e-01,4.758454e-01,8.383834e-01,1.346566e-01,2.714138e-02,-6.274484e-03,2.671105e-02,5.116909e-02
6.44500,0.247192,0.768750,6.168213e-01,4.758959e-01,8.384233e-01,1.346621e-01,2.720006e-02,-6.183917e-03,2.670581e-02,5.118721e-02
6.44750,0.247211,0.768750,6.170082e-01,4.759465e-01,8.384659e-01,1.346676e-01,2.725839e-02,-6.093862e-03,2.670059e-02,5.120532e-02
6.45000,0.247229,0.768750,6.171944e-01,4.759972e-01,8.385112e-01,1.346731e-01,2.731641e-02,-6.004287e-03,2.669537e-02,5.122343e-02
6.45250,0.247248,0.768750,6.173797e-01,4.760481e-01,8.385591e-01,1.346785e-01,2.737419e-02,-5.915324e-03,2.669016e-02,5.124154e-02
6.45500,0.247266,0.768750,6.175643e-01,4.760991e-01,8.386096e-01,1.346839e-01,2.743160e-02,-5.826989e-03,2.668497e-02,5.125964e-02
6.45750,0.247284,0.768750,6.177480e-01,4.761502e-01,8.386625e-01,1.346892e-01,2.748862e-02,-5.739236e-03,2.667978e-02,5.127774e-02
6.46000,0.247303,0.768750,6.179310e-01,4.762014e-01,8.387179e-01,1.346945e-01,2.754532e-02,-5.651928e-03,2.667460e-02,5.129583e-02
6.46250,0.247320,0.768750,6.181131e-01,4.762527e-01,8.387756e-01,1.346997e-01,2.760191e-02,-5.565014e-03,2.666942e-02,5.131391e-02
6.46500,0.247338,0.768750,6.182944e-01,4.763041e-01,8.388358e-01,1.347049e-01,2.765849e-02,-5.478537e-03,2.666425e-02,5.133199e-02
6.46750,0.247356,0.768750,6.184749e-01,4.763557e-01,8.388982e-01,1.347101e-01,2.771508e-02,-5.392501e-03,2.665909e-02,5.135006e-02
6.47000,0.247373,0.768750,6.186545e-01,4.764074e-01,8.389630e-01,1.347152e-01,2.777154e-02,-5.306933e-03,2.665394e-02,5.136812e-02
6.47250,0.247390,0.768750,6.188333e-01,4.764592e-01,8.390301e-01,1.347203e-01,2.782781e-02,-5.221879e-03,2.664881e-02,5.138617e-02
6.47500,0.247408,0.768750,6.190124e-01,4.765111e-01,8.390995e-01,1.347253e-01,2.788391e-02,-5.137408e-03,2.664370e-02,5.140422e-02
6.47750,0.247424,0.768750,6.192185e-01,4.765631e-01,8.391713e-01,1.347303e-01,2.793992e-02,-5.053599e-03,2.663862e-02,5.142225e-02
6.48000,0.247441,0.768750,6.194240e-01,4.766153e-01,8.392453e-01,1.347353e-01,2.799579e-02,-4.970467e-03,2.663357e-02,5.144027e-02
6.48250,0.247458,0.768750,6.196290e-01,4.766676e-01,8.393218e-01,1.347402e-01,2.805155e-02,-4.888033e-03,2.662857e-02,5.145828e-02
6.48500,0.247474,0.768750,6.198335e-01,4.767200e-01,8.394005e-01,1.347451e-01,2.810731e-02,-4.806221e-03,2.662360e-02,5.147627e-02
6.48750,0.247491,0.768750,6.200374e-01,4.767725e-01,8.394816e-01,1.347499e-01,2.816329e-02,-4.724991e-03,2.661869e-02,5.149425e-02
6.49000,0.247507,0.768750,6.202408e-01,4.768251e-01,8.395649e-01,1.347548e-01,2.821968e-02,-4.644299e-03,2.661383e-02,5.151222e-02
6.49250,0.247523,0.768750,6.204437e-01,4.768778e-01,8.396507e-01,1.347595e-01,2.827654e-02,-4.564144e-03,2.660904e-02,5.153018e-02
6.49500,0.247539,0.768750,6.206460e-01,4.769307e-01,8.397387e-01,1.347642e-01,2.833369e-02,-4.484561e-03,2.660429e-02,5.154811e-02
6.49750,0.247555,0.768750,6.208477e-01,4.769837e-01,8.398291e-01,1.347689e-01,2.839099e-02,-4.405636e-03,2.659959e-02,5.156603e-02
6.50000,0.247570,0.768750,6.210489e-01,4.770368e-01,8.399217e-01,1.347736e-01,2.844838e-02,-4.327354e-03,2.659494e-02,5.158393e-02
6.50250,0.247586,0.768750,6.212495e-01,4.770900e-01,8.400167e-01,1.347782e-01,2.850584e-02,-4.249566e-03,2.659032e-02,5.160182e-02
6.50500,0.247601,0.768750,6.214495e-01,4.771433e-01,8.401140e-01,1.347828e-01,2.856338e-02,-4.172294e-03,2.658576e-02,5.161968e-02
6.50750,0.247616,0.768750,6.216490e-01,4.771967e-01,8.402136e-01,1.347873e-01,2.862081e-02,-4.095585e-03,2.658122e-02,5.163753e-02
6.51000,0.247631,0.768750,6.218478e-01,4.772503e-01,8.403155e-01,1.347918e-01,2.867809e-02,-4.019473e-03,2.657671e-02,5.165535e-02
6.51250,0.247646,0.768750,6.220461e-01,4.773040e-01,8.404195e-01,1.347963e-01,2.873522e-02,-3.943925e-03,2.657223e-02,5.167315e-02
6.51500,0.247660,0.768750,6.222438e-01,4.773578e-01,8.405258e-01,1.348007e-01,2.879211e-02,-3.868809e-03,2.656776e-02,5.169093e-02
6.51750,0.247675,0.768750,6.224408e-01,4.774117e-01,8.406343e-01,1.348051e-01,2.884867e-02,-3.794056e-03,2.656330e-02,5.170868e-02
6.52000,0.247689,0.768750,6.226373e-01,4.774657e-01,8.407449e-01,1.348094e-01,2.890499e-02,-3.719649e-03,2.655885e-02,5.172641e-02
6.52250,0.247703,0.768750,6.228331e-01,4.775199e-01,8.408576e-01,1.348137e-01,2.896099e-02,-3.645642e-03,2.655441e-02,5.174412e-02
6.52500,0.247717,0.768750,6.230283e-01,4.775742e-01,8.409724e-01,1.348180e-01,2.901655e-02,-3.571980e-03,2.655000e-02,5.176180e-02
6.52750,0.247731,0.768750,6.232229e-01,4.776285e-01,8.410892e-01,1.348222e-01,2.907166e-02,-3.498633e-03,2.654560e-02,5.177946e-02
6.53000,0.247745,0.768750,6.234168e-01,4.776830e-01,8.412080e-01,1.348264e-01,2.912637e-02,-3.425643e-03,2.654121e-02,5.179709e-02
6.53250,0.247758,0.768750,6.236101e-01,4.777377e-01,8.413287e-01,1.348306e-01,2.918069e-02,-3.353075e-03,2.653685e-02,5.181469e-02
6.53500,0.247772,0.768750,6.238027e-01,4.777924e-01,8.414515e-01,1.348347e-01,2.923449e-02,-3.280909e-03,2.653250e-02,5.183226e-02
6.53750,0.247785,0.768750,6.239947e-01,4.778473e-01,8.415763e-01,1.348388e-01,2.928774e-02,-3.209087e-03,2.652816e-02,5.184980e-02
6.54000,0.247798,0.768750,6.241860e-01,4.779022e-01,8.417031e-01,1.348429e-01,2.934048e-02,-3.137549e-03,2.652383e-02,5.186732e-02
6.54250,0.247811,0.768750,6.243766e-01,4.779573e-01,8.418318e-01,1.348469e-01,2.939289e-02,-3.066348e-03,2.651952e-02,5.188480e-02
6.54500,0.247824,0.768750,6.245665e-01,4.780125e-01,8.419627e-01,1.348509e-01,2.944505e-02,-2.995504e-03,2.651522e-02,5.190225e-02
6.54750,0.247836,0.768750,6.247558e-01,4.780678e-01,8.420955e-01,1.348549e-01,2.949693e-02,-2.924976e-03,2.651094e-02,5.191967e-02
6.55000,0.247849,0.768750,6.249443e-01,4.781233e-01,8.422305e-01,1.348588e-01,2.954847e-02,-2.854708e-03,2.650666e-02,5.193705e-02
6.55250,0.247861,0.768750,6.251322e-01,4.781788e-01,8.423676e-01,1.348627e-01,2.959971e-02,-2.784706e-03,2.650240e-02,5.195440e-02
6.55500,0.247873,0.768750,6.253193e-01,4.782345e-01,8.425068e-01,1.348666e-01,2.965087e-02,-2.715091e-03,2.649816e-02,5.197172e-02
6.55750,0.247885,0.768750,6.255058e-01,4.782903e-01,8.426482e-01,1.348704e-01,2.970186e-02,-2.645907e-03,2.649395e-02,5.198900e-02
6.56000,0.247897,0.768750,6.256915e-01,4.783462e-01,8.427919e-01,1.348742e-01,2.975250e-02,-2.577148e-03,2.648976e-02,5.200625e-02
6.56250,0.247908,0.768750,6.258764e-01,4.784022e-01,8.429377e-01,1.348779e-01,2.980268e-02,-2.508828e-03,2.648556e-02,5.202346e-02
6.56500,0.247920,0.768750,6.260606e-01,4.784584e-01,8.430857e-01,1.348816e-01,2.985235e-02,-2.441020e-03,2.648137e-02,5.204063e-02
6.56750,0.247931,0.768750,6.262441e-01,4.785146e-01,8.432360e-01,1.348853e-01,2.990137e-02,-2.373592e-03,2.647717e-02,5.205777e-02
6.57000,0.247942,0.768750,6.264268e-01,4.785710e-01,8.433886e-01,1.348890e-01,2.994965e-02,-2.306429e-03,2.647294e-02,5.207487e-02
6.57250,0.247953,0.768750,6.266087e-01,4.786275e-01,8.435434e-01,1.348926e-01,2.999729e-02,-2.239530e-03,2.646868e-02,5.209194e-02
6.57500,0.247964,0.768750,6.267898e-01,4.786841e-01,8.437004e-01,1.348962e-01,3.004439e-02,-2.172866e-03,2.646440e-02,5.210896e-02
6.57750,0.247975,0.768750,6.269702e-01,4.787408e-01,8.438597e-01,1.348997e-01,3.009102e-02,-2.106560e-03,2.646011e-02,5.212595e-02
6.58000,0.247985,0.768750,6.271497e-01,4.787976e-01,8.440212e-01,1.349033e-01,3.013727e-02,-2.040722e-03,2.645582e-02,5.214289e-02
6.58250,0.247996,0.768750,6.273285e-01,4.788546e-01,8.441849e-01,1.349068e-01,3.018309e-02,-1.975284e-03,2.645153e-02,5.215980e-02
6.58500,0.248006,0.768750,6.275064e-01,4.789116e-01,8.443509e-01,1.349102e-01,3.022848e-02,-1.910240e-03,2.644723e-02,5.217666e-02
6.58750,0.248016,0.768750,6.276834e-01,4.789688e-01,8.445189e-01,1.349136e-01,3.027359e-02,-1.845642e-03,2.644293e-02,5.219348e-02
6.59000,0.248026,0.768750,6.278596e-01,4.790261e-01,8.446511e-01,1.349170e-01,3.031855e-02,-1.781462e-03,2.643863e-02,5.221026e-02
6.59250,0.248035,0.768750,6.280350e-01,4.790835e-01,8.447556e-01,1.349204e-01,3.036327e-02,-1.717581e-03,2.643433e-02,5.222700e-02
6.59500,0.248045,0.768750,6.282095e-01,4.791410e-01,8.448624e-01,1.349237e-01,3.040779e-02,-1.653990e-03,2.643003e-02,5.224369e-02
6.59750,0.248054,0.768750,6.283831e-01,4.791987e-01,8.449715e-01,1.349270e-01,3.045215e-02,-1.590698e-03,2.642572e-02,5.226033e-02
6.60000,0.248063,0.768750,6.285558e-01,4.792564e-01,8.450830e-01,1.349303e-01,3.049640e-02,-1.527754e-03,2.642141e-02,5.227693e-02
6.60250,0.248072,0.768750,6.287276e-01,4.793143e-01,8.451967e-01,1.349335e-01,3.054052e-02,-1.465142e-03,2.641710e-02,5.229348e-02
6.60500,0.248081,0.768750,6.288985e-01,4.793723e-01,8.453126e-01,1.349367e-01,3.058444e-02,-1.402910e-03,2.641280e-02,5.230999e-02
6.60750,0.248090,0.768750,6.290685e-01,4.794304e-01,8.454308e-01,1.349399e-01,3.062820e-02,-1.341136e-03,2.640851e-02,5.232644e-02
6.61000,0.248099,0.768750,6.292375e-01,4.794886e-01,8.455513e-01,1.349430e-01,3.067192e-02,-1.279827e-03,2.640424e-02,5.234285e-02
6.61250,0.248107,0.768750,6.294069e-01,4.795469e-01,8.456739e-01,1.349462e-01,3.071575e-02,-1.218991e-03,2.639999e-02,5.235921e-02
6.61500,0.248115,0.768750,6.296021e-01,4.796053e-01,8.457989e-01,1.349492e-01,3.075975e-02,-1.158703e-03,2.639579e-02,5.237553e-02
6.61750,0.248123,0.768750,6.297967e-01,4.796639e-01,8.459261e-01,1.349523e-01,3.080392e-02,-1.099001e-03,2.639162e-02,5.239179e-02
6.62000,0.248131,0.768750,6.299907e-01,4.797226e-01,8.460555e-01,1.349553e-01,3.084840e-02,-1.039933e-03,2.638749e-02,5.240800e-02
6.62250,0.248139,0.768750,6.301841e-01,4.797814e-01,8.461873e-01,1.349583e-01,3.089334e-02,-9.815554e-04,2.638341e-02,5.242417e-02
6.62500,0.248147,0.768750,6.303769e-01,4.798403e-01,8.463214e-01,1.349613e-01,3.093873e-02,-9.238941e-04,2.637939e-02,5.244028e-02
6.62750,0.248154,0.768750,6.305691e-01,4.798993e-01,8.464578e-01,1.349642e-01,3.098448e-02,-8.669755e-04,2.637542e-02,5.245634e-02
6.63000,0.248161,0.768750,6.307606e-01,4.799584e-01,8.465966e-01,1.349671e-01,3.103039e-02,-8.107688e-04,2.637149e-02,5.247234e-02
6.63250,0.248168,0.768750,6.309516e-01,4.800176e-01,8.467377e-01,1.349700e-01,3.107625e-02,-7.551375e-04,2.636759e-02,5.248830e-02
6.63500,0.248175,0.768750,6.311419e-01,4.800770e-01,8.468812e-01,1.349728e-01,3.112202e-02,-6.999394e-04,2.636371e-02,5.250419e-02
6.63750,0.248182,0.768750,6.313315e-01,4.801364e-01,8.470271e-01,1.349756e-01,3.116740e-02,-6.449381e-04,2.635981e-02,5.252004e-02
6.64000,0.248189,0.768750,6.315206e-01,4.801960e-01,8.471754e-01,1.349784e-01,3.121232e-02,-5.900388e-04,2.635590e-02,5.253583e-02
6.64250,0.248195,0.768750,6.317089e-01,4.802557e-01,8.473261e-01,1.349812e-01,3.125688e-02,-5.352449e-04,2.635197e-02,5.255156e-02
6.64500,0.248202,0.768750,6.318966e-01,4.803155e-01,8.474791e-01,1.349839e-01,3.130099e-02,-4.806059e-04,2.634803e-02,5.256724e-02
6.64750,0.248208,0.768750,6.320836e-01,4.803754e-01,8.476345e-01,1.349866e-01,3.134445e-02,-4.261328e-04,2.634406e-02,5.258286e-02
6.65000,0.248214,0.768750,6.322699e-01,4.804354e-01,8.477923e-01,1.349892e-01,3.138731e-02,-3.718792e-04,2.634007e-02,5.259842e-02
6.65250,0.248220,0.768750,6.324555e-01,4.804956e-01,8.479525e-01,1.349919e-01,3.142964e-02,-3.179236e-04,2.633607e-02,5.261393e-02
6.65500,0.248225,0.768750,6.326404e-01,4.805558e-01,8.481150e-01,1.349945e-01,3.147145e-02,-2.642401e-04,2.633207e-02,5.262938e-02
6.65750,0.248231,0.768750,6.328247e-01,4.806162e-01,8.482799e-01,1.349971e-01,3.151274e-02,-2.108420e-04,2.632807e-02,5.264476e-02
6.66000,0.248236,0.768750,6.330081e-01,4.806767e-01,8.484471e-01,1.349996e-01,3.155355e-02,-1.578115e-04,2.632407e-02,5.266009e-02
6.66250,0.248241,0.768750,6.331909e-01,4.807372e-01,8.486166e-01,1.350021e-01,3.159396e-02,-1.051732e-04,2.632007e-02,5.267536e-02
6.66500,0.248246,0.768750,6.333729e-01,4.807979e-01,8.487885e-01,1.350046e-01,3.163404e-02,-5.289743e-05,2.631609e-02,5.269057e-02
6.66750,0.248251,0.768750,6.335542e-01,4.808588e-01,8.489626e-01,1.350071e-01,3.167376e-02,-9.180808e-07,2.631210e-02,5.270572e-02
6.67000,0.248256,0.768750,6.337347e-01,4.809197e-01,8.491390e-01,1.350095e-01,3.171311e-02,5.079312e-05,2.630811e-02,5.272081e-02
6.67250,0.248260,0.768750,6.339144e-01,4.809807e-01,8.493177e-01,1.350120e-01,3.175212e-02,1.022117e-04,2.630410e-02,5.273583e-02
6.67500,0.248264,0.768750,6.340934e-01,4.810418e-01,8.494986e-01,1.350143e-01,3.179085e-02,1.532903e-04,2.630009e-02,5.275080e-02
6.67750,0.248269,0.768750,6.342716e-01,4.811031e-01,8.496818e-01,1.350167e-01,3.182926e-02,2.040532e-04,2.629607e-02,5.276570e-02
6.68000,0.248273,0.768750,6.344490e-01,4.811645e-01,8.498672e-01,1.350190e-01,3.186734e-02,2.544485e-04,2.629206e-02,5.278054e-02
6.68250,0.248276,0.768750,6.346256e-01,4.812259e-01,8.500548e-01,1.350213e-01,3.190525e-02,3.043890e-04,2.628805e-02,5.279532e-02
6.68500,0.248280,0.768750,6.348013e-01,4.812875e-01,8.502445e-01,1.350236e-01,3.194295e-02,3.539156e-04,2.628406e-02,5.281003e-02
6.68750,0.248284,0.768750,6.349951e-01,4.813492e-01,8.504364e-01,1.350258e-01,3.198051e-02,4.030722e-04,2.628008e-02,5.282469e-02
6.69000,0.248287,0.768750,6.351974e-01,4.814110e-01,8.506304e-01,1.350280e-01,3.201791e-02,4.518394e-04,2.627611e-02,5.283928e-02
6.69250,0.248290,0.768750,6.353993e-01,4.814729e-01,8.508264e-01,1.350302e-01,3.205509e-02,5.002860e-04,2.627216e-02,5.285380e-02
6.69500,0.248293,0.768750,6.356007e-01,4.815349e-01,8.510244e-01,1.350324e-01,3.209206e-02,5.484341e-04,2.626822e-02,5.286827e-02
6.69750,0.248296,0.768750,6.358016e-01,4.815971e-01,8.512244e-01,1.350345e-01,3.212894e-02,5.962002e-04,2.626430e-02,5.288267e-02
6.70000,0.248299,0.768750,6.360020e-01,4.816593e-01,8.514264e-01,1.350366e-01,3.216583e-02,6.434874e-04,2.626040e-02,5.289701e-02
6.70250,0.248301,0.768750,6.362020e-01,4.817217e-01,8.516302e-01,1.350387e-01,3.220279e-02,6.901797e-04,2.625654e-02,5.291128e-02
6.70500,0.248304,0.768750,6.364015e-01,4.817841e-01,8.518359e-01,1.350408e-01,3.223990e-02,7.361743e-04,2.625271e-02,5.292549e-02
6.70750,0.248306,0.768750,6.366005e-01,4.818467e-01,8.520433e-01,1.350428e-01,3.227713e-02,7.814778e-04,2.624892e-02,5.293964e-02
6.71000,0.248308,0.768750,6.367991e-01,4.819094e-01,8.522526e-01,1.350448e-01,3.231446e-02,8.261710e-04,2.624517e-02,5.295372e-02
6.71250,0.248310,0.768750,6.369971e-01,4.819722e-01,8.524635e-01,1.350468e-01,3.235186e-02,8.702869e-04,2.624143e-02,5.296773e-02
6.71500,0.248312,0.768750,6.372326e-01,4.820350e-01,8.526762e-01,1.350487e-01,3.238930e-02,9.138145e-04,2.623772e-02,5.298167e-02
6.71750,0.248313,0.768750,6.375780e-01,4.820980e-01,8.528905e-01,1.350507e-01,3.242664e-02,9.567938e-04,2.623403e-02,5.299555e-02
6.72000,0.248314,0.768750,6.379236e-01,4.821611e-01,8.531065e-01,1.350526e-01,3.246389e-02,9.991774e-04,2.623035e-02,5.300936e-02
6.72250,0.248316,0.768750,6.382694e-01,4.822244e-01,8.533242e-01,1.350545e-01,3.250119e-02,1.040907e-03,2.622670e-02,5.302309e-02
6.72500,0.248317,0.768750,6.386155e-01,4.822877e-01,8.535436e-01,1.350563e-01,3.253857e-02,1.081986e-03,2.622307e-02,5.303676e-02
6.72750,0.248318,0.768750,6.389618e-01,4.823511e-01,8.537646e-01,1.350581e-01,3.257598e-02,1.122482e-03,2.621948e-02,5.305036e-02
6.73000,0.248318,0.768750,6.393083e-01,4.824146e-01,8.539872e-01,1.350599e-01,3.261345e-02,1.162407e-03,2.621591e-02,5.306389e-02
6.73250,0.248319,0.768750,6.396551e-01,4.824783e-01,8.542115e-01,1.350617e-01,3.265100e-02,1.201859e-03,2.621236e-02,5.307734e-02
6.73500,0.248319,0.768750,6.400020e-01,4.825420e-01,8.544374e-01,1.350634e-01,3.268864e-02,1.240885e-03,2.620883e-02,5.309073e-02
6.73750,0.248320,0.768750,6.403492e-01,4.826059e-01,8.546649e-01,1.350652e-01,3.272633e-02,1.279540e-03,2.620531e-02,5.310404e-02
6.74000,0.248320,0.768750,6.406966e-01,4.826698e-01,8.548940e-01,1.350669e-01,3.276396e-02,1.317989e-03,2.620180e-02,5.311727e-02
6.74250,0.248319,0.768750,6.410441e-01,4.827339e-01,8.551248e-01,1.350685e-01,3.280154e-02,1.356187e-03,2.619828e-02,5.313044e-02
6.74500,0.248319,0.768750,6.413919e-01,4.827981e-01,8.553571e-01,1.350702e-01,3.283912e-02,1.394065e-03,2.619476e-02,5.314353e-02
6.74750,0.248319,0.768750,6.417399e-01,4.828623e-01,8.555911e-01,1.350718e-01,3.287668e-02,1.431640e-03,2.619124e-02,5.315654e-02
6.75000,0.248318,0.768750,6.420880e-01,4.829267e-01,8.558266e-01,1.350734e-01,3.291407e-02,1.469146e-03,2.618772e-02,5.316948e-02
6.75250,0.248317,0.768750,6.424364e-01,4.829912e-01,8.560638e-01,1.350749e-01,3.295107e-02,1.506800e-03,2.618417e-02,5.318234e-02
6.75500,0.248316,0.768750,6.427849e-01,4.830558e-01,8.563025e-01,1.350765e-01,3.298765e-02,1.544504e-03,2.618058e-02,5.319513e-02
6.75750,0.248315,0.768750,6.431336e-01,4.831205e-01,8.565427e-01,1.350780e-01,3.302392e-02,1.582068e-03,2.617697e-02,5.320785e-02
6.76000,0.248314,0.768750,6.434824e-01,4.831853e-01,8.567845e-01,1.350795e-01,3.305981e-02,1.619473e-03,2.617334e-02,5.322049e-02
6.76250,0.248313,0.768750,6.438315e-01,4.832502e-01,8.570279e-01,1.350809e-01,3.309516e-02,1.656721e-03,2.616969e-02,5.323305e-02
6.76500,0.248311,0.768750,6.441807e-01,4.833152e-01,8.572728e-01,1.350824e-01,3.313004e-02,1.693669e-03,2.616602e-02,5.324553e-02
6.76750,0.248309,0.768750,6.445300e-01,4.833803e-01,8.575193e-01,1.350838e-01,3.316459e-02,1.730232e-03,2.616237e-02,5.325794e-02
6.77000,0.248307,0.768750,6.448796e-01,4.834455e-01,8.577673e-01,1.350851e-01,3.319883e-02,1.766387e-03,2.615873e-02,5.327027e-02
6.77250,0.248305,0.768750,6.452292e-01,4.835108e-01,8.580169e-01,1.350865e-01,3.323281e-02,1.802110e-03,2.615510e-02,5.328253e-02
6.77500,0.248303,0.768750,6.455790e-01,4.835762e-01,8.582680e-01,1.350878e-01,3.326659e-02,1.837367e-03,2.615151e-02,5.329471e-02
6.77750,0.248301,0.768750,6.459290e-01,4.836417e-01,8.584904e-01,1.350891e-01,3.330022e-02,1.872185e-03,2.614794e-02,5.330681e-02
6.78000,0.248298,0.768750,6.462791e-01,4.837074e-01,8.586826e-01,1.350904e-01,3.333368e-02,1.906666e-03,2.614440e-02,5.331883e-02
6.78250,0.248295,0.768750,6.466293e-01,4.837731e-01,8.588769e-01,1.350916e-01,3.336693e-02,1.940894e-03,2.614087e-02,5.333077e-02
6.78500,0.248292,0.768750,6.469797e-01,4.838389e-01,8.590735e-01,1.350929e-01,3.340002e-02,1.974882e-03,2.613737e-02,5.334264e-02
6.78750,0.248289,0.768750,6.473302e-01,4.839048e-01,8.592722e-01,1.350941e-01,3.343306e-02,2.008692e-03,2.613388e-02,5.335443e-02
6.79000,0.248286,0.768750,6.476808e-01,4.839709e-01,8.594730e-01,1.350952e-01,3.346608e-02,2.042399e-03,2.613042e-02,5.336615e-02
6.79250,0.248283,0.768750,6.480315e-01,4.840370e-01,8.596760e-01,1.350964e-01,3.349896e-02,2.076117e-03,2.612696e-02,5.337779e-02
6.79500,0.248279,0.768750,6.483823e-01,4.841032e-01,8.598810e-01,1.350975e-01,3.353168e-02,2.109756e-03,2.612351e-02,5.338935e-02
6.79750,0.248275,0.768750,6.487332e-01,4.841695e-01,8.600882e-01,1.350986e-01,3.356427e-02,2.143160e-03,2.612005e-02,5.340083e-02
6.80000,0.248271,0.768750,6.490843e-01,4.842360e-01,8.602973e-01,1.350997e-01,3.359676e-02,2.176192e-03,2.611660e-02,5.341224e-02
6.80250,0.248267,0.768750,6.494354e-01,4.843025e-01,8.605084e-01,1.351007e-01,3.362910e-02,2.208833e-03,2.611316e-02,5.342357e-02
6.80500,0.248263,0.768750,6.497867e-01,4.843691e-01,8.607216e-01,1.351018e-01,3.366114e-02,2.241121e-03,2.610972e-02,5.343482e-02
6.80750,0.248259,0.768750,6.501380e-01,4.844359e-01,8.609366e-01,1.351028e-01,3.369283e-02,2.272967e-03,2.610628e-02,5.344599e-02
6.81000,0.248254,0.768750,6.504894e-01,4.845027e-01,8.611536e-01,1.351037e-01,3.372424e-02,2.304250e-03,2.610286e-02,5.345708e-02
6.81250,0.248249,0.768750,6.508409e-01,4.845696e-01,8.613725e-01,1.351047e-01,3.375527e-02,2.335062e-03,2.609943e-02,5.346810e-02
6.81500,0.248245,0.768750,6.511924e-01,4.846366e-01,8.615932e-01,1.351056e-01,3.378588e-02,2.365447e-03,2.609602e-02,5.347903e-02
6.81750,0.248239,0.768750,6.515440e-01,4.847038e-01,8.618158e-01,1.351065e-01,3.381617e-02,2.395321e-03,2.609259e-02,5.348988e-02
6.82000,0.248234,0.768750,6.518957e-01,4.847710e-01,8.620402e-01,1.351074e-01,3.384635e-02,2.424637e-03,2.608918e-02,5.350066e-02
6.82250,0.248229,0.768750,6.522475e-01,4.848383e-01,8.622663e-01,1.351082e-01,3.387636e-02,2.453402e-03,2.608578e-02,5.351135e-02
6.82500,0.248223,0.768750,6.525993e-01,4.849057e-01,8.624942e-01,1.351091e-01,3.390620e-02,2.481585e-03,2.608240e-02,5.352196e-02
6.82750,0.248218,0.768750,6.529511e-01,4.849732e-01,8.627239e-01,1.351099e-01,3.393592e-02,2.509165e-03,2.607905e-02,5.353248e-02
6.83000,0.248212,0.768750,6.533030e-01,4.850408e-01,8.629552e-01,1.351106e-01,3.396539e-02,2.536230e-03,2.607571e-02,5.354293e-02
6.83250,0.248206,0.768750,6.536549e-01,4.851085e-01,8.631883e-01,1.351114e-01,3.399460e-02,2.562802e-03,2.607240e-02,5.355329e-02
6.83500,0.248199,0.768750,6.540069e-01,4.851764e-01,8.634229e-01,1.351121e-01,3.402364e-02,2.588845e-03,2.606911e-02,5.356356e-02
6.83750,0.248193,0.768750,6.543589e-01,4.852443e-01,8.636592e-01,1.351128e-01,3.405255e-02,2.614436e-03,2.606584e-02,5.357376e-02
6.84000,0.248186,0.768750,6.547109e-01,4.853122e-01,8.638971e-01,1.351135e-01,3.408130e-02,2.639775e-03,2.606258e-02,5.358386e-02
6.84250,0.248180,0.768750,6.550629e-01,4.853803e-01,8.641366e-01,1.351142e-01,3.410991e-02,2.665002e-03,2.605932e-02,5.359388e-02
6.84500,0.248173,0.768750,6.554149e-01,4.854485e-01,8.643776e-01,1.351148e-01,3.413850e-02,2.690107e-03,2.605606e-02,5.360382e-02
6.84750,0.248166,0.768750,6.557669e-01,4.855168e-01,8.646201e-01,1.351154e-01,3.416721e-02,2.715050e-03,2.605282e-02,5.361367e-02
6.85000,0.248158,0.768750,6.561190e-01,4.855852e-01,8.648642e-01,1.351160e-01,3.419593e-02,2.739927e-03,2.604963e-02,5.362343e-02
6.85250,0.248151,0.768750,6.564710e-01,4.856537e-01,8.651098e-01,1.351165e-01,3.422474e-02,2.764608e-03,2.604647e-02,5.363311e-02
6.85500,0.248144,0.768750,6.568230e-01,4.857222e-01,8.653569e-01,1.351170e-01,3.425363e-02,2.789010e-03,2.604335e-02,5.364271e-02
6.85750,0.248136,0.768750,6.571750e-01,4.857909e-01,8.656055e-01,1.351175e-01,3.428269e-02,2.813055e-03,2.604026e-02,5.365222e-02
6.86000,0.248128,0.768750,6.575270e-01,4.858596e-01,8.658556e-01,1.351180e-01,3.431198e-02,2.836765e-03,2.603723e-02,5.366164e-02
6.86250,0.248120,0.768750,6.578790e-01,4.859285e-01,8.661072e-01,1.351185e-01,3.434135e-02,2.860327e-03,2.603426e-02,5.367097e-02
6.86500,0.248112,0.768750,6.582309e-01,4.859974e-01,8.663604e-01,1.351189e-01,3.437069e-02,2.883727e-03,2.603135e-02,5.368023e-02
6.86750,0.248103,0.768750,6.585828e-01,4.860665e-01,8.666151e-01,1.351193e-01,3.439996e-02,2.906835e-03,2.602851e-02,5.368939e-02
6.87000,0.248095,0.768750,6.589347e-01,4.861356e-01,8.668712e-01,1.351197e-01,3.442923e-02,2.929563e-03,2.602573e-02,5.369847e-02
6.87250,0.248086,0.768750,6.592894e-01,4.862048e-01,8.671289e-01,1.351200e-01,3.445847e-02,2.951906e-03,2.602303e-02,5.370746e-02
6.87500,0.248077,0.768750,6.596456e-01,4.862741e-01,8.673882e-01,1.351203e-01,3.448760e-02,2.973943e-03,2.602038e-02,5.371637e-02
6.87750,0.248068,0.768750,6.600017e-01,4.863435e-01,8.676489e-01,1.351206e-01,3.451663e-02,2.995595e-03,2.601780e-02,5.372519e-02
6.88000,0.248059,0.768750,6.603583e-01,4.864130e-01,8.679112e-01,1.351209e-01,3.454565e-02,3.016758e-03,2.601533e-02,5.373393e-02
6.88250,0.248049,0.768750,6.607188e-01,4.864826e-01,8.681750e-01,1.351211e-01,3.457475e-02,3.037279e-03,2.601298e-02,5.374258e-02
6.88500,0.248040,0.768750,6.610792e-01,4.865522e-01,8.684403e-01,1.351213e-01,3.460408e-02,3.057062e-03,2.601076e-02,5.375114e-02
6.88750,0.248030,0.768750,6.614395e-01,4.866220e-01,8.687072e-01,1.351215e-01,3.463364e-02,3.076161e-03,2.600869e-02,5.375962e-02
6.89000,0.248020,0.768750,6.617999e-01,4.866919e-01,8.689755e-01,1.351217e-01,3.466333e-02,3.094725e-03,2.600672e-02,5.376800e-02
6.89250,0.248010,0.768750,6.621602e-01,4.867618e-01,8.692454e-01,1.351218e-01,3.469310e-02,3.112847e-03,2.600486e-02,5.377630e-02
6.89500,0.248000,0.768750,6.625204e-01,4.868318e-01,8.695168e-01,1.351219e-01,3.472286e-02,3.130620e-03,2.600310e-02,5.378452e-02
6.89750,0.247990,0.768750,6.628806e-01,4.869019e-01,8.697896e-01,1.351220e-01,3.475261e-02,3.148156e-03,2.600145e-02,5.379265e-02
6.90000,0.247979,0.768750,6.632408e-01,4.869722e-01,8.700638e-01,1.351221e-01,3.478233e-02,3.165604e-03,2.599992e-02,5.380069e-02
6.90250,0.247968,0.768750,6.636008e-01,4.870425e-01,8.703396e-01,1.351221e-01,3.481204e-02,3.182975e-03,2.599849e-02,5.380864e-02
6.90500,0.247958,0.768750,6.639609e-01,4.871128e-01,8.706167e-01,1.351221e-01,3.484174e-02,3.200171e-03,2.599717e-02,5.381651e-02
6.90750,0.247947,0.768750,6.643208e-01,4.871833e-01,8.708952e-01,1.351221e-01,3.487141e-02,3.217191e-03,2.599595e-02,5.382429e-02
6.91000,0.247935,0.768750,6.646807e-01,4.872539e-01,8.711751e-01,1.351221e-01,3.490093e-02,3.234110e-03,2.599481e-02,5.383198e-02
6.91250,0.247924,0.768750,6.650404e-01,4.873245e-01,8.714564e-01,1.351220e-01,3.493019e-02,3.251021e-03,2.599374e-02,5.383959e-02
6.91500,0.247912,0.768750,6.654001e-01,4.873953e-01,8.717389e-01,1.351219e-01,3.495902e-02,3.268027e-03,2.599270e-02,5.384711e-02
6.91750,0.247901,0.768750,6.657597e-01,4.874661e-01,8.720228e-01,1.351218e-01,3.498759e-02,3.284875e-03,2.599175e-02,5.385455e-02
6.92000,0.247889,0.768750,6.661192e-01,4.875370e-01,8.723081e-01,1.351217e-01,3.501604e-02,3.301375e-03,2.599090e-02,5.386190e-02
6.92250,0.247877,0.768750,6.664786e-01,4.876080e-01,8.725945e-01,1.351215e-01,3.504442e-02,3.317335e-03,2.599016e-02,5.386917e-02
6.92500,0.247865,0.768750,6.668379e-01,4.876791e-01,8.728823e-01,1.351213e-01,3.507278e-02,3.332738e-03,2.598955e-02,5.387635e-02
6.92750,0.247852,0.768750,6.671971e-01,4.877502e-01,8.731713e-01,1.351211e-01,3.510106e-02,3.347671e-03,2.598906e-02,5.388344e-02
6.93000,0.247840,0.768750,6.675561e-01,4.878215e-01,8.734615e-01,1.351209e-01,3.512930e-02,3.362156e-03,2.598868e-02,5.389045e-02
6.93250,0.247827,0.768750,6.679150e-01,4.878928e-01,8.737530e-01,1.351206e-01,3.515748e-02,3.376305e-03,2.598838e-02,5.389737e-02
6.93500,0.247814,0.768750,6.682738e-01,4.879642e-01,8.740456e-01,1.351203e-01,3.518570e-02,3.390048e-03,2.598819e-02,5.390420e-02
6.93750,0.247801,0.768750,6.686325e-01,4.880358e-01,8.743394e-01,1.351200e-01,3.521396e-02,3.403330e-03,2.598810e-02,5.391094e-02
6.94000,0.247788,0.768750,6.689910e-01,4.881073e-01,8.746344e-01,1.351197e-01,3.524214e-02,3.416140e-03,2.598814e-02,5.391760e-02
6.94250,0.247774,0.768750,6.693493e-01,4.881790e-01,8.749304e-01,1.351193e-01,3.527018e-02,3.428507e-03,2.598833e-02,5.392417e-02
6.94500,0.247761,0.768750,6.697076e-01,4.882508e-01,8.752276e-01,1.351189e-01,3.529816e-02,3.440419e-03,2.598864e-02,5.393066e-02
6.94750,0.247747,0.768750,6.700656e-01,4.883226e-01,8.755259e-01,1.351185e-01,3.532607e-02,3.451886e-03,2.598909e-02,5.393705e-02
6.95000,0.247733,0.768750,6.704235e-01,4.883945e-01,8.758253e-01,1.351181e-01,3.535398e-02,3.462994e-03,2.598970e-02,5.394337e-02
6.95250,0.247719,0.768750,6.707812e-01,4.884665e-01,8.761257e-01,1.351176e-01,3.538202e-02,3.473718e-03,2.599045e-02,5.394959e-02
6.95500,0.247705,0.768750,6.711387e-01,4.885386e-01,8.764272e-01,1.351171e-01,3.541036e-02,3.483909e-03,2.599133e-02,5.395573e-02
6.95750,0.247691,0.768750,6.714961e-01,4.886108e-01,8.767297e-01,1.351166e-01,3.543905e-02,3.493585e-03,2.599236e-02,5.396178e-02
6.96000,0.247676,0.768750,6.718533e-01,4.886830e-01,8.770333e-01,1.351160e-01,3.546806e-02,3.502712e-03,2.599353e-02,5.396775e-02
6.96250,0.247661,0.768750,6.722103e-01,4.887554e-01,8.773379e-01,1.351154e-01,3.549726e-02,3.511376e-03,2.599485e-02,5.397363e-02
6.96500,0.247647,0.768750,6.725670e-01,4.888278e-01,8.776435e-01,1.351148e-01,3.552652e-02,3.519697e-03,2.599630e-02,5.397942e-02
6.96750,0.247632,0.768750,6.729236e-01,4.889003e-01,8.779500e-01,1.351142e-01,3.555585e-02,3.527729e-03,2.599794e-02,5.398513e-02
6.97000,0.247616,0.768750,6.732800e-01,4.889729e-01,8.782575e-01,1.351135e-01,3.558523e-02,3.535567e-03,2.599977e-02,5.399075e-02
6.97250,0.247601,0.768750,6.736361e-01,4.890455e-01,8.785659e-01,1.351129e-01,3.561468e-02,3.543126e-03,2.600176e-02,5.399628e-02
6.97500,0.247585,0.768750,6.739921e-01,4.891182e-01,8.788753e-01,1.351121e-01,3.564425e-02,3.550234e-03,2.600392e-02,5.400173e-02
6.97750,0.247570,0.768750,6.743478e-01,4.891911e-01,8.791855e-01,1.351114e-01,3.567397e-02,3.556906e-03,2.600624e-02,5.400709e-02
6.98000,0.247554,0.768750,6.747033e-01,4.892639e-01,8.794965e-01,1.351106e-01,3.570383e-02,3.563141e-03,2.600872e-02,5.401237e-02
6.98250,0.247538,0.768750,6.750586e-01,4.893369e-01,8.798084e-01,1.351098e-01,3.573378e-02,3.569069e-03,2.601137e-02,5.401756e-02
6.98500,0.247522,0.768750,6.754136e-01,4.894100e-01,8.794170e-01,1.351090e-01,3.576380e-02,3.574686e-03,2.601418e-02,5.402267e-02
6.98750,0.247505,0.768750,6.757704e-01,4.894831e-01,8.788883e-01,1.351082e-01,3.579392e-02,3.579816e-03,2.601714e-02,5.402769e-02
6.99000,0.247489,0.768750,6.761294e-01,4.895563e-01,8.783576e-01,1.351073e-01,3.582423e-02,3.584398e-03,2.602027e-02,5.403262e-02
6.99250,0.247472,0.768750,6.764882e-01,4.896296e-01,8.778248e-01,1.351064e-01,3.585466e-02,3.588465e-03,2.602355e-02,5.403747e-02
6.99500,0.247455,0.768750,6.768468e-01,4.897029e-01,8.772898e-01,1.351054e-01,3.588519e-02,3.591971e-03,2.602698e-02,5.404222e-02
6.99750,0.247438,0.768750,6.772051e-01,4.897764e-01,8.767526e-01,1.351045e-01,3.591576e-02,3.594887e-03,2.603057e-02,5.404689e-02
7.00000,0.247421,0.768750,6.775631e-01,4.898499e-01,8.762134e-01,1.351035e-01,3.594624e-02,3.597255e-03,2.603430e-02,5.405148e-02
7.00250,0.247404,0.768750,6.779250e-01,4.899235e-01,8.756722e-01,1.351025e-01,3.597656e-02,3.599109e-03,2.603817e-02,5.405597e-02
7.00500,0.247386,0.768750,6.782872e-01,4.899972e-01,8.751293e-01,1.351014e-01,3.600660e-02,3.600582e-03,2.604219e-02,5.406038e-02
7.00750,0.247368,0.768750,6.786491e-01,4.900709e-01,8.745847e-01,1.351004e-01,3.603633e-02,3.601750e-03,2.604643e-02,5.406470e-02
7.01000,0.247350,0.768750,6.790108e-01,4.901447e-01,8.740386e-01,1.350993e-01,3.606575e-02,3.602667e-03,2.605087e-02,5.406893e-02
7.01250,0.247332,0.768750,6.793722e-01,4.902186e-01,8.734913e-01,1.350981e-01,3.609495e-02,3.603268e-03,2.605547e-02,5.407307e-02
7.01500,0.247314,0.768750,6.797333e-01,4.902926e-01,8.729429e-01,1.350970e-01,3.612398e-02,3.603442e-03,2.606023e-02,5.407713e-02
7.01750,0.247296,0.768750,6.800941e-01,4.903666e-01,8.723934e-01,1.350958e-01,3.615288e-02,3.603122e-03,2.606516e-02,5.408110e-02
7.02000,0.247277,0.768750,6.804547e-01,4.904407e-01,8.718429e-01,1.350946e-01,3.618163e-02,3.602331e-03,2.607027e-02,5.408499e-02
7.02250,0.247259,0.768750,6.808149e-01,4.905149e-01,8.712917e-01,1.350934e-01,3.621026e-02,3.601032e-03,2.607561e-02,5.408879e-02
7.02500,0.247240,0.768750,6.811749e-01,4.905892e-01,8.707397e-01,1.350921e-01,3.623891e-02,3.599097e-03,2.608117e-02,5.409251e-02
7.02750,0.247221,0.768750,6.815345e-01,4.906635e-01,8.701871e-01,1.350909e-01,3.626750e-02,3.596624e-03,2.608694e-02,5.409613e-02
7.03000,0.247201,0.768750,6.818939e-01,4.907380e-01,8.696340e-01,1.350895e-01,3.629588e-02,3.593700e-03,2.609291e-02,5.409968e-02
7.03250,0.247182,0.768750,6.822529e-01,4.908124e-01,8.690805e-01,1.350882e-01,3.632408e-02,3.590403e-03,2.609907e-02,5.410314e-02
7.03500,0.247163,0.768750,6.826117e-01,4.908870e-01,8.685266e-01,1.350868e-01,3.635220e-02,3.586574e-03,2.610542e-02,5.410651e-02
7.03750,0.247143,0.768750,6.829701e-01,4.909616e-01,8.679725e-01,1.350854e-01,3.638049e-02,3.582115e-03,2.611198e-02,5.410980e-02
7.04000,0.247123,0.768750,6.833281e-01,4.910363e-01,8.674185e-01,1.350840e-01,3.640900e-02,3.577127e-03,2.611875e-02,5.411301e-02
7.04250,0.247103,0.768750,6.836859e-01,4.911111e-01,8.668646e-01,1.350826e-01,3.643765e-02,3.571729e-03,2.612572e-02,5.411613e-02
7.04500,0.247083,0.768750,6.840433e-01,4.911860e-01,8.663112e-01,1.350811e-01,3.646644e-02,3.565858e-03,2.613288e-02,5.411917e-02
7.04750,0.247062,0.768750,6.844003e-01,4.912609e-01,8.657585e-01,1.350796e-01,3.649529e-02,3.559588e-03,2.614022e-02,5.412212e-02
7.05000,0.247042,0.768750,6.847571e-01,4.913359e-01,8.652067e-01,1.350781e-01,3.652412e-02,3.552969e-03,2.614774e-02,5.412499e-02
7.05250,0.247021,0.768750,6.851134e-01,4.914109e-01,8.646560e-01,1.350765e-01,3.655291e-02,3.546042e-03,2.615546e-02,5.412778e-02
7.05500,0.247000,0.768750,6.854694e-01,4.914861e-01,8.641063e-01,1.350749e-01,3.658164e-02,3.538894e-03,2.616350e-02,5.413048e-02
7.05750,0.246979,0.768750,6.858250e-01,4.915613e-01,8.635581e-01,1.350733e-01,3.661038e-02,3.531455e-03,2.617182e-02,5.413310e-02
7.06000,0.246958,0.768750,6.861803e-01,4.916365e-01,8.630116e-01,1.350717e-01,3.663935e-02,3.523483e-03,2.618041e-02,5.413564e-02
7.06250,0.246937,0.768750,6.865352e-01,4.917119e-01,8.624670e-01,1.350700e-01,3.666867e-02,3.514866e-03,2.618928e-02,5.413810e-02
7.06500,0.246915,0.768750,6.868897e-01,4.917873e-01,8.619243e-01,1.350683e-01,3.669843e-02,3.505487e-03,2.619844e-02,5.414048e-02
7.06750,0.246893,0.768750,6.872438e-01,4.918628e-01,8.613835e-01,1.350666e-01,3.672867e-02,3.495283e-03,2.620789e-02,5.414277e-02
7.07000,0.246871,0.768750,6.875975e-01,4.919383e-01,8.608445e-01,1.350648e-01,3.675921e-02,3.484324e-03,2.621761e-02,5.414498e-02
7.07250,0.246849,0.768750,6.879508e-01,4.920139e-01,8.603073e-01,1.350631e-01,3.678990e-02,3.472818e-03,2.622759e-02,5.414712e-02
7.07500,0.246827,0.768750,6.883037e-01,4.920896e-01,8.597717e-01,1.350613e-01,3.682079e-02,3.460759e-03,2.623782e-02,5.414917e-02
7.07750,0.246805,0.768750,6.886562e-01,4.921654e-01,8.592375e-01,1.350594e-01,3.685193e-02,3.448198e-03,2.624838e-02,5.415114e-02
7.08000,0.246782,0.768750,6.890084e-01,4.922412e-01,8.587044e-01,1.350576e-01,3.688325e-02,3.435290e-03,2.625921e-02,5.415302e-02
7.08250,0.246759,0.768750,6.893601e-01,4.923171e-01,8.581724e-01,1.350557e-01,3.691456e-02,3.422124e-03,2.627028e-02,5.415483e-02
7.08500,0.246736,0.768750,6.897113e-01,4.923930e-01,8.576411e-01,1.350538e-01,3.694576e-02,3.408621e-03,2.628158e-02,5.415655e-02
7.08750,0.246713,0.768750,6.900622e-01,4.924690e-01,8.571105e-01,1.350518e-01,3.697690e-02,3.394604e-03,2.629311e-02,5.415819e-02
7.09000,0.246690,0.768750,6.904127e-01,4.925451e-01,8.565803e-01,1.350498e-01,3.700795e-02,3.380010e-03,2.630490e-02,5.415975e-02
7.09250,0.246667,0.768750,6.907627e-01,4.926213e-01,8.560505e-01,1.350478e-01,3.703871e-02,3.364955e-03,2.631692e-02,5.416122e-02
7.09500,0.246643,0.768750,6.911123e-01,4.926975e-01,8.555211e-01,1.350458e-01,3.706909e-02,3.349540e-03,2.632918e-02,5.416261e-02
7.09750,0.246619,0.768750,6.914614e-01,4.927738e-01,8.549919e-01,1.350437e-01,3.709912e-02,3.333718e-03,2.634165e-02,5.416392e-02
7.10000,0.246596,0.768750,6.918101e-01,4.928502e-01,8.544631e-01,1.350416e-01,3.712882e-02,3.317392e-03,2.635435e-02,5.416515e-02
7.10250,0.246571,0.768750,6.921584e-01,4.929266e-01,8.539345e-01,1.350395e-01,3.715833e-02,3.300478e-03,2.636729e-02,5.416630e-02
7.10500,0.246547,0.768750,6.925062e-01,4.930031e-01,8.534062e-01,1.350374e-01,3.718765e-02,3.283030e-03,2.638048e-02,5.416736e-02
7.10750,0.246523,0.768750,6.928536e-01,4.930796e-01,8.528782e-01,1.350352e-01,3.721684e-02,3.265017e-03,2.639390e-02,5.416834e-02
7.11000,0.246498,0.768750,6.932005e-01,4.931562e-01,8.523503e-01,1.350330e-01,3.724594e-02,3.246385e-03,2.640757e-02,5.416923e-02
7.11250,0.246473,0.768750,6.935470e-01,4.932329e-01,8.518228e-01,1.350308e-01,3.727492e-02,3.227223e-03,2.642149e-02,5.417004e-02
7.11500,0.246449,0.768750,6.938929e-01,4.933096e-01,8.512954e-01,1.350285e-01,3.730383e-02,3.207531e-03,2.643573e-02,5.417077e-02
7.11750,0.246423,0.768750,6.942385e-01,4.933865e-01,8.507681e-01,1.350262e-01,3.733283e-02,3.187137e-03,2.645042e-02,5.417142e-02
7.12000,0.246398,0.768750,6.945835e-01,4.934633e-01,8.502408e-01,1.350239e-01,3.736193e-02,3.166140e-03,2.646549e-02,5.417198e-02
7.12250,0.246373,0.768750,6.949281e-01,4.935403e-01,8.497134e-01,1.350215e-01,3.739100e-02,3.144714e-03,2.648089e-02,5.417247e-02
7.12500,0.246347,0.768750,6.952722e-01,4.936173e-01,8.491856e-01,1.350191e-01,3.742000e-02,3.122949e-03,2.649660e-02,5.417288e-02
7.12750,0.246321,0.768750,6.956158e-01,4.936943e-01,8.486572e-01,1.350167e-01,3.744894e-02,3.100985e-03,2.651262e-02,5.417320e-02
7.13000,0.246295,0.768750,6.959589e-01,4.937714e-01,8.481280e-01,1.350143e-01,3.747787e-02,3.078823e-03,2.652897e-02,5.417346e-02
7.13250,0.246269,0.768750,6.963016e-01,4.938486e-01,8.475977e-01,1.350118e-01,3.750682e-02,3.056405e-03,2.654565e-02,5.417363e-02
7.13500,0.246243,0.768750,6.966437e-01,4.939259e-01,8.470662e-01,1.350093e-01,3.753591e-02,3.033663e-03,2.656267e-02,5.417374e-02
7.13750,0.246217,0.768750,6.969875e-01,4.940032e-01,8.465333e-01,1.350068e-01,3.756526e-02,3.010585e-03,2.658004e-02,5.417376e-02
7.14000,0.246190,0.768750,6.973329e-01,4.940806e-01,8.459989e-01,1.350042e-01,3.759498e-02,2.987045e-03,2.659776e-02,5.417372e-02
7.14250,0.246163,0.768750,6.976777e-01,4.941580e-01,8.454629e-01,1.350016e-01,3.762502e-02,2.962951e-03,2.661584e-02,5.417360e-02
7.14500,0.246136,0.768750,6.980220e-01,4.942355e-01,8.449254e-01,1.349990e-01,3.765535e-02,2.938284e-03,2.663438e-02,5.417341e-02
7.14750,0.246109,0.768750,6.983700e-01,4.943130e-01,8.443865e-01,1.349963e-01,3.768590e-02,2.913059e-03,2.665336e-02,5.417315e-02
7.15000,0.246082,0.768750,6.987176e-01,4.943907e-01,8.438463e-01,1.349937e-01,3.771658e-02,2.887323e-03,2.667273e-02,5.417281e-02
7.15250,0.246054,0.768750,6.990648e-01,4.944683e-01,8.433050e-01,1.349910e-01,3.774734e-02,2.861151e-03,2.669248e-02,5.417240e-02
7.15500,0.246027,0.768750,6.994114e-01,4.945461e-01,8.427627e-01,1.349882e-01,3.777825e-02,2.834529e-03,2.671259e-02,5.417191e-02
7.15750,0.245999,0.768750,6.997575e-01,4.946239e-01,8.422197e-01,1.349855e-01,3.780928e-02,2.807527e-03,2.673305e-02,5.417136e-02
7.16000,0.245971,0.768750,7.001030e-01,4.947017e-01,8.416762e-01,1.349827e-01,3.784030e-02,2.780046e-03,2.675385e-02,5.417073e-02
7.16250,0.245943,0.768750,7.004480e-01,4.947796e-01,8.411325e-01,1.349799e-01,3.787112e-02,2.752133e-03,2.677497e-02,5.417002e-02
7.16500,0.245914,0.768750,7.007925e-01,4.948576e-01,8.405886e-01,1.349770e-01,3.790161e-02,2.723866e-03,2.679641e-02,5.416925e-02
7.16750,0.245886,0.768750,7.011364e-01,4.949357e-01,8.400451e-01,1.349742e-01,3.793191e-02,2.694896e-03,2.681818e-02,5.416840e-02
7.17000,0.245857,0.768750,7.014797e-01,4.950138e-01,8.395019e-01,1.349713e-01,3.796194e-02,2.665230e-03,2.684029e-02,5.416748e-02
7.17250,0.245828,0.768750,7.018225e-01,4.950919e-01,8.389592e-01,1.349684e-01,3.799163e-02,2.634981e-03,2.686275e-02,5.416648e-02
7.17500,0.245799,0.768750,7.021647e-01,4.951701e-01,8.384172e-01,1.349654e-01,3.802102e-02,2.604186e-03,2.688555e-02,5.416542e-02
7.17750,0.245770,0.768750,7.025064e-01,4.952484e-01,8.378757e-01,1.349624e-01,3.805017e-02,2.572897e-03,2.690867e-02,5.416428e-02
7.18000,0.245741,0.768750,7.028475e-01,4.953267e-01,8.373348e-01,1.349594e-01,3.807904e-02,2.541276e-03,2.693207e-02,5.416306e-02
7.18250,0.245711,0.768750,7.031880e-01,4.954051e-01,8.367945e-01,1.349564e-01,3.810756e-02,2.509454e-03,2.695576e-02,5.416178e-02
7.18500,0.245682,0.768750,7.035279e-01,4.954836e-01,8.362545e-01,1.349533e-01,3.813577e-02,2.477534e-03,2.697971e-02,5.416041e-02
7.18750,0.245652,0.768750,7.038673e-01,4.955621e-01,8.357150e-01,1.349502e-01,3.816377e-02,2.445478e-03,2.700392e-02,5.415898e-02
7.19000,0.245622,0.768750,7.042061e-01,4.956406e-01,8.351757e-01,1.349471e-01,3.819147e-02,2.413411e-03,2.702840e-02,5.415747e-02
7.19250,0.245592,0.768750,7.045443e-01,4.957192e-01,8.346365e-01,1.349439e-01,3.821871e-02,2.381408e-03,2.705333e-02,5.415589e-02
7.19500,0.245561,0.768750,7.048819e-01,4.957979e-01,8.340976e-01,1.349407e-01,3.824553e-02,2.349420e-03,2.707861e-02,5.415424e-02
7.19750,0.245531,0.768750,7.052190e-01,4.958767e-01,8.335589e-01,1.349375e-01,3.827201e-02,2.317152e-03,2.710421e-02,5.415252e-02
7.20000,0.245500,0.768750,7.055554e-01,4.959554e-01,8.330203e-01,1.349343e-01,3.829818e-02,2.284597e-03,2.713010e-02,5.415073e-02
7.20250,0.245469,0.768750,7.058913e-01,4.960343e-01,8.324820e-01,1.349310e-01,3.832394e-02,2.251740e-03,2.715641e-02,5.414887e-02
7.20500,0.245438,0.768750,7.062265e-01,4.961132e-01,8.319440e-01,1.349277e-01,3.834950e-02,2.218437e-03,2.718318e-02,5.414693e-02
7.20750,0.245407,0.768750,7.065612e-01,4.961922e-01,8.314064e-01,1.349243e-01,3.837504e-02,2.184557e-03,2.721038e-02,5.414493e-02
7.21000,0.245375,0.768750,7.068952e-01,4.962712e-01,8.308691e-01,1.349210e-01,3.840065e-02,2.150029e-03,2.723801e-02,5.414286e-02
7.21250,0.245344,0.768750,7.072286e-01,4.963502e-01,8.303323e-01,1.349176e-01,3.842643e-02,2.114821e-03,2.726607e-02,5.414072e-02
7.21500,0.245312,0.768750,7.075615e-01,4.964294e-01,8.297961e-01,1.349141e-01,3.845253e-02,2.078753e-03,2.729459e-02,5.413852e-02
7.21750,0.245280,0.768750,7.078937e-01,4.965086e-01,8.292605e-01,1.349107e-01,3.847891e-02,2.041867e-03,2.732361e-02,5.413625e-02
7.22000,0.245248,0.768750,7.082253e-01,4.965878e-01,8.287256e-01,1.349072e-01,3.850553e-02,2.004240e-03,2.735311e-02,5.413391e-02
7.22250,0.245216,0.768750,7.085563e-01,4.966671e-01,8.281914e-01,1.349037e-01,3.853237e-02,1.965865e-03,2.738309e-02,5.413151e-02
7.22500,0.245183,0.768750,7.088866e-01,4.967464e-01,8.276580e-01,1.349001e-01,3.855937e-02,1.926735e-03,2.741356e-02,5.412905e-02
7.22750,0.245151,0.768750,7.092163e-01,4.968258e-01,8.271255e-01,1.348965e-01,3.858651e-02,1.886970e-03,2.744466e-02,5.412652e-02
7.23000,0.245118,0.768750,7.095455e-01,4.969053e-01,8.265937e-01,1.348929e-01,3.861381e-02,1.846634e-03,2.747635e-02,5.412393e-02
7.23250,0.245085,0.768750,7.098739e-01,4.969848e-01,8.260626e-01,1.348893e-01,3.864135e-02,1.805644e-03,2.750859e-02,5.412128e-02
7.23500,0.245052,0.768750,7.102018e-01,4.970644e-01,8.255323e-01,1.348856e-01,3.866904e-02,1.764067e-03,2.754134e-02,5.411856e-02
7.23750,0.245018,0.768750,7.105290e-01,4.971440e-01,8.250025e-01,1.348819e-01,3.869673e-02,1.722049e-03,2.757461e-02,5.411579e-02
7.24000,0.244985,0.768750,7.108556e-01,4.972237e-01,8.244734e-01,1.348782e-01,3.872432e-02,1.679745e-03,2.760838e-02,5.411295e-02
7.24250,0.244951,0.768750,7.111815e-01,4.973034e-01,8.239448e-01,1.348744e-01,3.875175e-02,1.637235e-03,2.764265e-02,5.411005e-02
7.24500,0.244917,0.768750,7.115068e-01,4.973832e-01,8.234166e-01,1.348706e-01,3.877887e-02,1.594600e-03,2.767742e-02,5.410709e-02
7.24750,0.244883,0.768750,7.118315e-01,4.974630e-01,8.228888e-01,1.348668e-01,3.880567e-02,1.551717e-03,2.771269e-02,5.410407e-02
7.25000,0.244849,0.768750,7.121555e-01,4.975429e-01,8.223615e-01,1.348630e-01,3.883226e-02,1.508305e-03,2.774845e-02,5.410099e-02
7.25250,0.244815,0.768750,7.124788e-01,4.976228e-01,8.218345e-01,1.348591e-01,3.885872e-02,1.464352e-03,2.778471e-02,5.409785e-02
7.25500,0.244780,0.768750,7.128015e-01,4.977028e-01,8.213080e-01,1.348552e-01,3.888506e-02,1.419759e-03,2.782147e-02,5.409464e-02
7.25750,0.244746,0.768750,7.131236e-01,4.977829e-01,8.207819e-01,1.348513e-01,3.891126e-02,1.374446e-03,2.785874e-02,5.409138e-02
7.26000,0.244711,0.768750,7.134450e-01,4.978630e-01,8.202563e-01,1.348473e-01,3.893734e-02,1.328380e-03,2.789653e-02,5.408805e-02
7.26250,0.244676,0.768750,7.137657e-01,4.979431e-01,8.197311e-01,1.348434e-01,3.896340e-02,1.281557e-03,2.793488e-02,5.408466e-02
7.26500,0.244640,0.768750,7.140858e-01,4.980233e-01,8.192064e-01,1.348394e-01,3.898952e-02,1.233905e-03,2.797378e-02,5.408121e-02
7.26750,0.244605,0.768750,7.144052e-01,4.981036e-01,8.186821e-01,1.348353e-01,3.901560e-02,1.185373e-03,2.801326e-02,5.407770e-02
7.27000,0.244569,0.768750,7.147239e-01,4.981839e-01,8.181582e-01,1.348313e-01,3.904146e-02,1.136037e-03,2.805333e-02,5.407412e-02
7.27250,0.244534,0.768750,7.150419e-01,4.982643e-01,8.176348e-01,1.348272e-01,3.906702e-02,1.086056e-03,2.809399e-02,5.407049e-02
7.27500,0.244498,0.768750,7.153593e-01,4.983447e-01,8.171117e-01,1.348231e-01,3.909222e-02,1.035514e-03,2.813520e-02,5.406679e-02
7.27750,0.244462,0.768750,7.156760e-01,4.984251e-01,8.165891e-01,1.348189e-01,3.911696e-02,9.845836e-04,2.817698e-02,5.406303e-02
7.28000,0.244425,0.768750,7.159921e-01,4.985056e-01,8.160669e-01,1.348148e-01,3.914115e-02,9.333674e-04,2.821934e-02,5.405921e-02
7.28250,0.244389,0.768750,7.163074e-01,4.985862e-01,8.155451e-01,1.348106e-01,3.916481e-02,8.818680e-04,2.826247e-02,5.405533e-02
7.28500,0.244352,0.768750,7.166221e-01,4.986668e-01,8.150237e-01,1.348063e-01,3.918796e-02,8.301812e-04,2.830638e-02,5.405138e-02
7.28750,0.244316,0.768750,7.169361e-01,4.987475e-01,8.145025e-01,1.348021e-01,3.921064e-02,7.783946e-04,2.835100e-02,5.404738e-02
7.29000,0.244279,0.768750,7.172494e-01,4.988282e-01,8.139815e-01,1.347978e-01,3.923288e-02,7.265439e-04,2.839630e-02,5.404332e-02
7.29250,0.244241,0.768750,7.175620e-01,4.989090e-01,8.134604e-01,1.347935e-01,3.925482e-02,6.745108e-04,2.844227e-02,5.403920e-02
7.29500,0.244204,0.768750,7.178740e-01,4.989898e-01,8.129393e-01,1.347891e-01,3.927665e-02,6.221465e-04,2.848893e-02,5.403502e-02
7.29750,0.244167,0.768750,7.181852e-01,4.990707e-01,8.124180e-01,1.347848e-01,3.929855e-02,5.692245e-04,2.853632e-02,5.403078e-02
7.30000,0.244129,0.768750,7.184958e-01,4.991516e-01,8.118963e-01,1.347804e-01,3.932062e-02,5.156160e-04,2.858447e-02,5.402649e-02
7.30250,0.244091,0.768750,7.188057e-01,4.992326e-01,8.113743e-01,1.347759e-01,3.934278e-02,4.613421e-04,2.863340e-02,5.402215e-02
7.30500,0.244053,0.768750,7.191149e-01,4.993136e-01,8.108519e-01,1.347715e-01,3.936509e-02,4.064534e-04,2.868310e-02,5.401775e-02
7.30750,0.244015,0.768750,7.194233e-01,4.993947e-01,8.103290e-01,1.347670e-01,3.938755e-02,3.509186e-04,2.873357e-02,5.401329e-02
7.31000,0.243977,0.768750,7.197311e-01,4.994758e-01,8.098057e-01,1.347625e-01,3.941014e-02,2.946655e-04,2.878481e-02,5.400879e-02
7.31250,0.243938,0.768750,7.200382e-01,4.995570e-01,8.092819e-01,1.347579e-01,3.943277e-02,2.377053e-04,2.883678e-02,5.400423e-02
7.31500,0.243899,0.768750,7.203446e-01,4.996382e-01,8.087578e-01,1.347533e-01,3.945539e-02,1.799192e-04,2.888956e-02,5.399962e-02
7.31750,0.243860,0.768750,7.206503e-01,4.997194e-01,8.082334e-01,1.347487e-01,3.947792e-02,1.212458e-04,2.894317e-02,5.399496e-02
7.32000,0.243821,0.768750,7.209553e-01,4.998008e-01,8.077087e-01,1.347441e-01,3.950022e-02,6.174262e-05,2.899762e-02,5.399025e-02
7.32250,0.243782,0.768750,7.212596e-01,4.998821e-01,8.071837e-01,1.347394e-01,3.952232e-02,1.363925e-06,2.905293e-02,5.398550e-02
7.32500,0.243743,0.768750,7.215632e-01,4.999635e-01,8.066586e-01,1.347347e-01,3.954422e-02,-5.979615e-05,2.910912e-02,5.398069e-02
7.32750,0.243703,0.768750,7.218661e-01,5.000450e-01,8.061334e-01,1.347300e-01,3.956588e-02,-1.216769e-04,2.916630e-02,5.397583e-02
7.33000,0.243663,0.768750,7.221682e-01,5.001265e-01,8.056081e-01,1.347253e-01,3.958715e-02,-1.841232e-04,2.922440e-02,5.397093e-02
7.33250,0.243623,0.768750,7.224697e-01,5.002081e-01,8.050829e-01,1.347205e-01,3.960790e-02,-2.469732e-04,2.928334e-02,5.396598e-02
7.33500,0.243583,0.768750,7.227705e-01,5.002897e-01,8.045577e-01,1.347157e-01,3.962809e-02,-3.101645e-04,2.934304e-02,5.396097e-02
7.33750,0.243543,0.768750,7.230705e-01,5.003714e-01,8.040327e-01,1.347108e-01,3.964764e-02,-3.736766e-04,2.940347e-02,5.395592e-02
7.34000,0.243502,0.768750,7.233761e-01,5.004531e-01,8.035078e-01,1.347060e-01,3.966649e-02,-4.374507e-04,2.946460e-02,5.395082e-02
7.34250,0.243462,0.768750,7.236819e-01,5.005348e-01,8.029832e-01,1.347011e-01,3.968459e-02,-5.014346e-04,2.952641e-02,5.394567e-02
7.34500,0.243421,0.768750,7.239869e-01,5.006166e-01,8.024588e-01,1.346962e-01,3.970198e-02,-5.657034e-04,2.958889e-02,5.394047e-02
7.34750,0.243380,0.768750,7.242913e-01,5.006985e-01,8.019346e-01,1.346912e-01,3.971876e-02,-6.303099e-04,2.965206e-02,5.393523e-02
7.35000,0.243339,0.768750,7.245949e-01,5.007804e-01,8.014106e-01,1.346863e-01,3.973494e-02,-6.952851e-04,2.971646e-02,5.392993e-02
7.35250,0.243297,0.768750,7.248977e-01,5.008623e-01,8.008868e-01,1.346813e-01,3.975071e-02,-7.606798e-04,2.978208e-02,5.392458e-02
7.35500,0.243256,0.768750,7.251999e-01,5.009443e-01,8.003632e-01,1.346763e-01,3.976618e-02,-8.264893e-04,2.984883e-02,5.391918e-02
7.35750,0.243214,0.768750,7.255013e-01,5.010264e-01,7.998397e-01,1.346712e-01,3.978135e-02,-8.926148e-04,2.991667e-02,5.391374e-02
7.36000,0.243172,0.768750,7.258020e-01,5.011085e-01,7.993163e-01,1.346662e-01,3.979615e-02,-9.590678e-04,2.998549e-02,5.390824e-02
7.36250,0.243130,0.768750,7.261019e-01,5.011906e-01,7.987931e-01,1.346611e-01,3.981059e-02,-1.026080e-03,3.005539e-02,5.390269e-02
7.36500,0.243088,0.768750,7.264011e-01,5.012728e-01,7.982701e-01,1.346560e-01,3.982458e-02,-1.093672e-03,3.012636e-02,5.389710e-02
7.36750,0.243045,0.768750,7.266996e-01,5.013550e-01,7.977473e-01,1.346508e-01,3.983809e-02,-1.161867e-03,3.019809e-02,5.389146e-02
7.37000,0.243003,0.768750,7.269973e-01,5.014373e-01,7.972247e-01,1.346457e-01,3.985123e-02,-1.230775e-03,3.027049e-02,5.388577e-02
7.37250,0.242960,0.768750,7.272943e-01,5.015197e-01,7.967026e-01,1.346405e-01,3.986410e-02,-1.300488e-03,3.034363e-02,5.388003e-02
7.37500,0.242917,0.768750,7.275906e-01,5.016020e-01,7.961810e-01,1.346353e-01,3.987679e-02,-1.370957e-03,3.041763e-02,5.387425e-02
7.37750,0.242874,0.768750,7.278861e-01,5.016845e-01,7.956601e-01,1.346300e-01,3.988929e-02,-1.442010e-03,3.049255e-02,5.386842e-02
7.38000,0.242830,0.768750,7.281809e-01,5.017669e-01,7.951399e-01,1.346247e-01,3.990154e-02,-1.513516e-03,3.056814e-02,5.386255e-02
7.38250,0.242787,0.768750,7.284749e-01,5.018494e-01,7.946206e-01,1.346195e-01,3.991350e-02,-1.585417e-03,3.064426e-02,5.385664e-02
7.38500,0.242743,0.768750,7.287682e-01,5.019320e-01,7.941024e-01,1.346141e-01,3.992525e-02,-1.657678e-03,3.072105e-02,5.385068e-02
7.38750,0.242699,0.768750,7.290608e-01,5.020146e-01,7.935853e-01,1.346088e-01,3.993696e-02,-1.730298e-03,3.079860e-02,5.384468e-02
7.39000,0.242655,0.768750,7.293526e-01,5.020973e-01,7.930694e-01,1.346034e-01,3.994877e-02,-1.803253e-03,3.087703e-02,5.383865e-02
7.39250,0.242611,0.768750,7.296436e-01,5.021800e-01,7.925549e-01,1.345980e-01,3.996071e-02,-1.876623e-03,3.095647e-02,5.383258e-02
7.39500,0.242567,0.768750,7.299340e-01,5.022627e-01,7.920418e-01,1.345926e-01,3.997297e-02,-1.950616e-03,3.103662e-02,5.382647e-02
7.39750,0.242522,0.768750,7.302236e-01,5.023455e-01,7.915302e-01,1.345872e-01,3.998560e-02,-2.025279e-03,3.111750e-02,5.382032e-02
7.40000,0.242477,0.768750,7.305124e-01,5.024284e-01,7.910201e-01,1.345817e-01,3.999867e-02,-2.100747e-03,3.119909e-02,5.381414e-02
7.40250,0.242432,0.768750,7.308006e-01,5.025112e-01,7.905115e-01,1.345762e-01,4.001210e-02,-2.177016e-03,3.128145e-02,5.380792e-02
7.40500,0.242387,0.768750,7.310879e-01,5.025942e-01,7.900044e-01,1.345707e-01,4.002571e-02,-2.254110e-03,3.136464e-02,5.380167e-02
7.40750,0.242342,0.768750,7.313746e-01,5.026771e-01,7.894987e-01,1.345651e-01,4.003925e-02,-2.332006e-03,3.144864e-02,5.379538e-02
7.41000,0.242296,0.768750,7.316605e-01,5.027602e-01,7.889943e-01,1.345596e-01,4.005247e-02,-2.410691e-03,3.153331e-02,5.378906e-02
7.41250,0.242251,0.768750,7.319456e-01,5.028432e-01,7.884910e-01,1.345540e-01,4.006520e-02,-2.490237e-03,3.161842e-02,5.378270e-02
7.41500,0.242205,0.768750,7.322300e-01,5.029264e-01,7.879888e-01,1.345483e-01,4.007722e-02,-2.570558e-03,3.170407e-02,5.377631e-02
7.41750,0.242159,0.768750,7.325137e-01,5.030095e-01,7.874877e-01,1.345427e-01,4.008852e-02,-2.651587e-03,3.179027e-02,5.376988e-02
7.42000,0.242113,0.768750,7.327966e-01,5.030927e-01,7.869874e-01,1.345370e-01,4.009913e-02,-2.733188e-03,3.187700e-02,5.376343e-02
7.42250,0.242066,0.768750,7.330788e-01,5.031760e-01,7.864881e-01,1.345313e-01,4.010892e-02,-2.815139e-03,3.196418e-02,5.375693e-02
7.42500,0.242020,0.768750,7.333602e-01,5.032593e-01,7.859895e-01,1.345256e-01,4.011779e-02,-2.897394e-03,3.205178e-02,5.375040e-02
7.42750,0.241973,0.768750,7.336409e-01,5.033426e-01,7.854917e-01,1.345198e-01,4.012580e-02,-2.979987e-03,3.213977e-02,5.374384e-02
7.43000,0.241926,0.768750,7.339208e-01,5.034260e-01,7.849947e-01,1.345141e-01,4.013303e-02,-3.062951e-03,3.222815e-02,5.373724e-02
7.43250,0.241879,0.768750,7.342000e-01,5.035094e-01,7.844984e-01,1.345083e-01,4.013937e-02,-3.146068e-03,3.231667e-02,5.373061e-02
7.43500,0.241832,0.768750,7.344785e-01,5.035929e-01,7.840030e-01,1.345025e-01,4.014478e-02,-3.229296e-03,3.240507e-02,5.372394e-02
7.43750,0.241784,0.768750,7.347562e-01,5.036764e-01,7.835084e-01,1.344966e-01,4.014929e-02,-3.312691e-03,3.249344e-02,5.371724e-02
7.44000,0.241737,0.768750,7.350332e-01,5.037600e-01,7.830148e-01,1.344908e-01,4.015300e-02,-3.396358e-03,3.258161e-02,5.371050e-02
7.44250,0.241689,0.768750,7.353094e-01,5.038436e-01,7.825220e-01,1.344849e-01,4.015595e-02,-3.480330e-03,3.266959e-02,5.370374e-02
7.44500,0.241641,0.768750,7.355849e-01,5.039272e-01,7.820303e-01,1.344790e-01,4.015816e-02,-3.564610e-03,3.275739e-02,5.369694e-02
7.44750,0.241593,0.768750,7.358596e-01,5.040109e-01,7.815395e-01,1.344731e-01,4.015949e-02,-3.649195e-03,3.284499e-02,5.369010e-02
7.45000,0.241544,0.768750,7.361336e-01,5.040947e-01,7.810498e-01,1.344671e-01,4.015985e-02,-3.734200e-03,3.293217e-02,5.368324e-02
7.45250,0.241496,0.768750,7.364068e-01,5.041785e-01,7.805611e-01,1.344612e-01,4.015943e-02,-3.819579e-03,3.301881e-02,5.367634e-02
7.45500,0.241447,0.768750,7.366794e-01,5.042623e-01,7.800735e-01,1.344552e-01,4.015822e-02,-3.905279e-03,3.310485e-02,5.366942e-02
7.45750,0.241398,0.768750,7.369511e-01,5.043462e-01,7.795869e-01,1.344492e-01,4.015629e-02,-3.991377e-03,3.319008e-02,5.366246e-02
7.46000,0.241349,0.768750,7.372222e-01,5.044301e-01,7.791014e-01,1.344431e-01,4.015367e-02,-4.077844e-03,3.327427e-02,5.365547e-02
7.46250,0.241300,0.768750,7.374925e-01,5.045140e-01,7.786169e-01,1.344371e-01,4.015050e-02,-4.164709e-03,3.335717e-02,5.364846e-02
7.46500,0.241250,0.768750,7.377620e-01,5.045980e-01,7.781334e-01,1.344310e-01,4.014679e-02,-4.251893e-03,3.343966e-02,5.364142e-02
7.46750,0.241201,0.768750,7.380308e-01,5.046821e-01,7.776509e-01,1.344249e-01,4.014264e-02,-4.339216e-03,3.352376e-02,5.363435e-02
7.47000,0.241151,0.768750,7.382989e-01,5.047662e-01,7.771691e-01,1.344188e-01,4.013832e-02,-4.426825e-03,3.360877e-02,5.362726e-02
7.47250,0.241101,0.768750,7.385662e-01,5.048503e-01,7.766882e-01,1.344127e-01,4.013388e-02,-4.514720e-03,3.369442e-02,5.362015e-02
7.47500,0.241051,0.768750,7.388328e-01,5.049345e-01,7.762080e-01,1.344065e-01,4.012923e-02,-4.602983e-03,3.378025e-02,5.361302e-02
7.47750,0.241000,0.768750,7.390987e-01,5.050187e-01,7.757286e-01,1.344004e-01,4.012427e-02,-4.691546e-03,3.386607e-02,5.360587e-02
7.48000,0.240950,0.768750,7.393638e-01,5.051030e-01,7.752499e-01,1.343942e-01,4.011907e-02,-4.780352e-03,3.395194e-02,5.359869e-02
7.48250,0.240899,0.768750,7.396282e-01,5.051873e-01,7.747719e-01,1.343880e-01,4.011367e-02,-4.869268e-03,3.403792e-02,5.359150e-02
7.48500,0.240848,0.768750,7.398918e-01,5.052717e-01,7.742946e-01,1.343817e-01,4.010821e-02,-4.958533e-03,3.412409e-02,5.358429e-02
7.48750,0.240797,0.768750,7.401547e-01,5.053561e-01,7.738180e-01,1.343755e-01,4.010302e-02,-5.048418e-03,3.421051e-02,5.357707e-02
7.49000,0.240746,0.768750,7.404169e-01,5.054405e-01,7.733421e-01,1.343692e-01,4.009824e-02,-5.139054e-03,3.429716e-02,5.356982e-02
7.49250,0.240695,0.768750,7.406783e-01,5.055250e-01,7.728668e-01,1.343629e-01,4.009366e-02,-5.230400e-03,3.438386e-02,5.356256e-02
7.49500,0.240643,0.768750,7.409390e-01,5.056095e-01,7.723921e-01,1.343566e-01,4.008888e-02,-5.322353e-03,3.447072e-02,5.355529e-02
7.49750,0.240591,0.768750,7.411989e-01,5.056941e-01,7.719181e-01,1.343502e-01,4.008374e-02,-5.414971e-03,3.455780e-02,5.354800e-02
7.50000,0.240539,0.768750,7.414581e-01,5.057787e-01,7.714448e-01,1.343439e-01,4.007821e-02,-5.508335e-03,3.464511e-02,5.354069e-02
7.50250,0.240487,0.768750,7.417166e-01,5.058634e-01,7.709722e-01,1.343375e-01,4.007218e-02,-5.602468e-03,3.473267e-02,5.353336e-02
7.50500,0.240435,0.768750,7.419743e-01,5.059481e-01,7.705003e-01,1.343310e-01,4.006553e-02,-5.697410e-03,3.482050e-02,5.352601e-02
7.50750,0.240382,0.768750,7.422313e-01,5.060328e-01,7.700291e-01,1.343246e-01,4.005804e-02,-5.793104e-03,3.490870e-02,5.351864e-02
7.51000,0.240330,0.768750,7.424876e-01,5.061176e-01,7.695586e-01,1.343182e-01,4.004964e-02,-5.889517e-03,3.499728e-02,5.351125e-02
7.51250,0.240277,0.768750,7.427431e-01,5.062024e-01,7.690889e-01,1.343117e-01,4.004024e-02,-5.986490e-03,3.508622e-02,5.350384e-02
7.51500,0.240224,0.768750,7.429979e-01,5.062873e-01,7.686198e-01,1.343052e-01,4.002974e-02,-6.083806e-03,3.517550e-02,5.349641e-02
7.51750,0.240171,0.768750,7.432520e-01,5.063722e-01,7.681514e-01,1.342986e-01,4.001814e-02,-6.181382e-03,3.526553e-02,5.348895e-02
7.52000,0.240117,0.768750,7.435053e-01,5.064571e-01,7.670685e-01,1.342921e-01,4.000525e-02,-6.279144e-03,3.535530e-02,5.348148e-02
7.52250,0.240064,0.768750,7.437579e-01,5.065421e-01,7.655499e-01,1.342855e-01,3.999129e-02,-6.376711e-03,3.544554e-02,5.347398e-02
7.52500,0.240010,0.768750,7.440098e-01,5.066272e-01,7.640684e-01,1.342789e-01,3.997623e-02,-6.474085e-03,3.553637e-02,5.346646e-02
7.52750,0.239956,0.768750,7.442609e-01,5.067122e-01,7.626246e-01,1.342723e-01,3.996020e-02,-6.571347e-03,3.562764e-02,5.345892e-02
7.53000,0.239902,0.768750,7.445113e-01,5.067974e-01,7.612191e-01,1.342657e-01,3.994323e-02,-6.668510e-03,3.571934e-02,5.345136e-02
7.53250,0.239848,0.768750,7.447610e-01,5.068825e-01,7.598528e-01,1.342590e-01,3.992537e-02,-6.765639e-03,3.581139e-02,5.344377e-02
7.53500,0.239793,0.768750,7.450099e-01,5.069677e-01,7.585262e-01,1.342523e-01,3.990670e-02,-6.862726e-03,3.590380e-02,5.343617e-02
7.53750,0.239739,0.768750,7.452581e-01,5.070530e-01,7.572403e-01,1.342456e-01,3.988722e-02,-6.959752e-03,3.599658e-02,5.342855e-02
7.54000,0.239684,0.768750,7.455056e-01,5.071383e-01,7.559957e-01,1.342389e-01,3.986693e-02,-7.056818e-03,3.608931e-02,5.342091e-02
7.54250,0.239629,0.768750,7.457524e-01,5.072236e-01,7.547935e-01,1.342322e-01,3.984589e-02,-7.154027e-03,3.618185e-02,5.341326e-02
7.54500,0.239574,0.768750,7.459984e-01,5.073090e-01,7.536346e-01,1.342254e-01,3.982428e-02,-7.251393e-03,3.627433e-02,5.340559e-02
7.54750,0.239518,0.768750,7.462438e-01,5.073944e-01,7.525199e-01,1.342186e-01,3.980227e-02,-7.349392e-03,3.636686e-02,5.339791e-02
7.55000,0.239463,0.768750,7.464883e-01,5.074798e-01,7.514505e-01,1.342118e-01,3.977995e-02,-7.448184e-03,3.645947e-02,5.339021e-02
7.55250,0.239407,0.768750,7.467322e-01,5.075653e-01,7.504273e-01,1.342050e-01,3.975729e-02,-7.547706e-03,3.655210e-02,5.338249e-02
7.55500,0.239351,0.768750,7.469754e-01,5.076508e-01,7.494514e-01,1.341981e-01,3.973427e-02,-7.647932e-03,3.664485e-02,5.337477e-02
7.55750,0.239295,0.768750,7.472178e-01,5.077364e-01,7.485239e-01,1.341912e-01,3.971093e-02,-7.748811e-03,3.673771e-02,5.336703e-02
7.56000,0.239239,0.768750,7.474595e-01,5.078220e-01,7.476458e-01,1.341843e-01,3.968741e-02,-7.850297e-03,3.683061e-02,5.335928e-02
7.56250,0.239182,0.768750,7.477005e-01,5.079077e-01,7.468181e-01,1.341774e-01,3.966369e-02,-7.952261e-03,3.692347e-02,5.335152e-02
7.56500,0.239126,0.768750,7.479408e-01,5.079934e-01,7.460419e-01,1.341705e-01,3.963972e-02,-8.054469e-03,3.701617e-02,5.334375e-02
7.56750,0.239069,0.768750,7.481803e-01,5.080791e-01,7.453182e-01,1.341635e-01,3.961543e-02,-8.156705e-03,3.710856e-02,5.333597e-02
7.57000,0.239012,0.768750,7.484191e-01,5.081649e-01,7.446479e-01,1.341565e-01,3.959073e-02,-8.258807e-03,3.720014e-02,5.332818e-02
7.57250,0.238955,0.768750,7.486573e-01,5.082507e-01,7.440317e-01,1.341495e-01,3.956548e-02,-8.360551e-03,3.729063e-02,5.332039e-02
7.57500,0.238897,0.768750,7.488947e-01,5.083365e-01,7.434704e-01,1.341425e-01,3.953957e-02,-8.461769e-03,3.737988e-02,5.331259e-02
7.57750,0.238840,0.768750,7.491313e-01,5.084224e-01,7.429646e-01,1.341354e-01,3.951296e-02,-8.562486e-03,3.746781e-02,5.330479e-02
7.58000,0.238782,0.768750,7.493673e-01,5.085084e-01,7.425147e-01,1.341284e-01,3.948574e-02,-8.662613e-03,3.755417e-02,5.329698e-02
7.58250,0.238724,0.768750,7.496026e-01,5.085943e-01,7.421211e-01,1.341213e-01,3.945777e-02,-8.762018e-03,3.763918e-02,5.328917e-02
7.58500,0.238666,0.768750,7.498371e-01,5.086804e-01,7.417842e-01,1.341142e-01,3.942908e-02,-8.860709e-03,3.772563e-02,5.328136e-02
7.58750,0.238608,0.768750,7.500710e-01,5.087664e-01,7.415043e-01,1.341070e-01,3.940004e-02,-8.959229e-03,3.781310e-02,5.327355e-02
7.59000,0.238550,0.768750,7.503041e-01,5.088525e-01,7.412816e-01,1.340999e-01,3.937074e-02,-9.057827e-03,3.790130e-02,5.326573e-02
7.59250,0.238491,0.768750,7.505365e-01,5.089386e-01,7.411166e-01,1.340927e-01,3.934097e-02,-9.156462e-03,3.799026e-02,5.325791e-02
7.59500,0.238432,0.768750,7.507683e-01,5.090248e-01,7.410097e-01,1.340855e-01,3.931056e-02,-9.255162e-03,3.807989e-02,5.325008e-02
7.59750,0.238373,0.768750,7.509993e-01,5.091110e-01,7.409615e-01,1.340783e-01,3.927943e-02,-9.354074e-03,3.817010e-02,5.324225e-02
7.60000,0.238314,0.768750,7.512296e-01,5.091973e-01,7.409727e-01,1.340711e-01,3.924764e-02,-9.453537e-03,3.826088e-02,5.323441e-02
7.60250,0.238255,0.768750,7.514592e-01,5.092835e-01,7.410440e-01,1.340638e-01,3.921512e-02,-9.553461e-03,3.835225e-02,5.322656e-02
7.60500,0.238196,0.768750,7.516881e-01,5.093699e-01,7.411764e-01,1.340566e-01,3.918177e-02,-9.653865e-03,3.844425e-02,5.321871e-02
7.60750,0.238136,0.768750,7.519163e-01,5.094562e-01,7.413706e-01,1.340493e-01,3.914759e-02,-9.754771e-03,3.853709e-02,5.321084e-02
7.61000,0.238076,0.768750,7.521438e-01,5.095426e-01,7.416276e-01,1.340420e-01,3.911257e-02,-9.855996e-03,3.863076e-02,5.320296e-02
7.61250,0.238016,0.768750,7.523706e-01,5.096291e-01,7.419483e-01,1.340346e-01,3.907665e-02,-9.957289e-03,3.872517e-02,5.319507e-02
7.61500,0.237956,0.768750,7.525967e-01,5.097155e-01,7.423334e-01,1.340273e-01,3.903996e-02,-1.005855e-02,3.882047e-02,5.318717e-02
7.61750,0.237896,0.768750,7.528221e-01,5.098021e-01,7.427838e-01,1.340199e-01,3.900265e-02,-1.015971e-02,3.891668e-02,5.317926e-02
7.62000,0.237835,0.768750,7.530469e-01,5.098886e-01,7.432853e-01,1.340125e-01,3.896488e-02,-1.026068e-02,3.901380e-02,5.317135e-02
7.62250,0.237774,0.768750,7.532709e-01,5.099752e-01,7.438478e-01,1.340051e-01,3.892674e-02,-1.036141e-02,3.911178e-02,5.316343e-02
7.62500,0.237713,0.768750,7.534942e-01,5.100618e-01,7.444774e-01,1.339976e-01,3.888825e-02,-1.046197e-02,3.921061e-02,5.315551e-02
7.62750,0.237652,0.768750,7.537168e-01,5.101485e-01,7.451745e-01,1.339901e-01,3.884941e-02,-1.056239e-02,3.931036e-02,5.314758e-02
7.63000,0.237591,0.768750,7.539388e-01,5.102352e-01,7.459397e-01,1.339827e-01,3.881027e-02,-1.066275e-02,3.941102e-02,5.313965e-02
7.63250,0.237530,0.768750,7.541600e-01,5.103219e-01,7.464312e-01,1.339751e-01,3.877082e-02,-1.076315e-02,3.951246e-02,5.313173e-02
7.63500,0.237468,0.768750,7.543806e-01,5.104087e-01,7.459378e-01,1.339676e-01,3.873108e-02,-1.086367e-02,3.961421e-02,5.312380e-02
7.63750,0.237406,0.768750,7.546005e-01,5.104955e-01,7.454432e-01,1.339600e-01,3.869090e-02,-1.096432e-02,3.971658e-02,5.311588e-02
7.64000,0.237345,0.768750,7.548218e-01,5.105824e-01,7.449477e-01,1.339525e-01,3.865031e-02,-1.106524e-02,3.981956e-02,5.310796e-02
7.64250,0.237282,0.768750,7.550453e-01,5.106693e-01,7.444513e-01,1.339449e-01,3.860943e-02,-1.116649e-02,3.992283e-02,5.310004e-02
7.64500,0.237220,0.768750,7.552682e-01,5.107562e-01,7.439540e-01,1.339372e-01,3.856828e-02,-1.126817e-02,4.002644e-02,5.309213e-02
7.64750,0.237158,0.768750,7.554904e-01,5.108431e-01,7.434559e-01,1.339296e-01,3.852693e-02,-1.137064e-02,4.013065e-02,5.308422e-02
7.65000,0.237095,0.768750,7.557119e-01,5.109301e-01,7.429570e-01,1.339219e-01,3.848545e-02,-1.147395e-02,4.023531e-02,5.307632e-02
7.65250,0.237032,0.768750,7.559327e-01,5.110172e-01,7.424573e-01,1.339143e-01,3.844380e-02,-1.157800e-02,4.034018e-02,5.306842e-02
7.65500,0.236969,0.768750,7.561528e-01,5.111042e-01,7.419568e-01,1.339065e-01,3.840183e-02,-1.168253e-02,4.044522e-02,5.306053e-02
7.65750,0.236906,0.768750,7.563723e-01,5.111913e-01,7.414556e-01,1.338988e-01,3.835935e-02,-1.178730e-02,4.055034e-02,5.305265e-02
7.66000,0.236843,0.768750,7.565910e-01,5.112785e-01,7.409535e-01,1.338911e-01,3.831633e-02,-1.189214e-02,4.065523e-02,5.304478e-02
7.66250,0.236779,0.768750,7.568091e-01,5.113656e-01,7.404506e-01,1.338833e-01,3.827266e-02,-1.199684e-02,4.075963e-02,5.303691e-02
7.66500,0.236716,0.768750,7.570264e-01,5.114528e-01,7.399468e-01,1.338755e-01,3.822822e-02,-1.210117e-02,4.086337e-02,5.302905e-02
7.66750,0.236652,0.768750,7.572431e-01,5.115401e-01,7.394420e-01,1.338677e-01,3.818293e-02,-1.220497e-02,4.096631e-02,5.302119e-02
7.67000,0.236588,0.768750,7.574591e-01,5.116274e-01,7.389362e-01,1.338599e-01,3.813681e-02,-1.230800e-02,4.106798e-02,5.301335e-02
7.67250,0.236524,0.768750,7.576744e-01,5.117147e-01,7.384294e-01,1.338520e-01,3.808972e-02,-1.240991e-02,4.116795e-02,5.300551e-02
7.67500,0.236459,0.768750,7.578891e-01,5.118020e-01,7.379215e-01,1.338442e-01,3.804174e-02,-1.251058e-02,4.126573e-02,5.299769e-02
7.67750,0.236395,0.768750,7.581030e-01,5.118894e-01,7.374125e-01,1.338363e-01,3.799281e-02,-1.261033e-02,4.136087e-02,5.298987e-02
7.68000,0.236330,0.768750,7.583163e-01,5.119768e-01,7.369024e-01,1.338284e-01,3.794278e-02,-1.270914e-02,4.145291e-02,5.298207e-02
7.68250,0.236265,0.768750,7.585289e-01,5.120643e-01,7.363911e-01,1.338204e-01,3.789156e-02,-1.280705e-02,4.154081e-02,5.297427e-02
7.68500,0.236200,0.768750,7.587408e-01,5.121518e-01,7.358786e-01,1.338125e-01,3.783901e-02,-1.290391e-02,4.162359e-02,5.296649e-02
7.68750,0.236135,0.768750,7.589521e-01,5.122393e-01,7.353648e-01,1.338045e-01,3.778497e-02,-1.299958e-02,4.170532e-02,5.295871e-02
7.69000,0.236070,0.768750,7.591627e-01,5.123268e-01,7.348497e-01,1.337965e-01,3.772969e-02,-1.309449e-02,4.179231e-02,5.295094e-02
7.69250,0.236004,0.768750,7.593726e-01,5.124144e-01,7.343333e-01,1.337885e-01,3.767373e-02,-1.318963e-02,4.188196e-02,5.294318e-02
7.69500,0.235938,0.768750,7.595818e-01,5.125021e-01,7.338155e-01,1.337805e-01,3.761699e-02,-1.328513e-02,4.197338e-02,5.293543e-02
7.69750,0.235872,0.768750,7.597904e-01,5.125897e-01,7.332963e-01,1.337725e-01,3.755945e-02,-1.338103e-02,4.206629e-02,5.292768e-02
7.70000,0.235806,0.768750,7.599983e-01,5.126774e-01,7.327756e-01,1.337644e-01,3.750120e-02,-1.347726e-02,4.215997e-02,5.291994e-02
7.70250,0.235740,0.768750,7.602055e-01,5.127651e-01,7.322533e-01,1.337563e-01,3.744225e-02,-1.357377e-02,4.225430e-02,5.291220e-02
7.70500,0.235674,0.768750,7.604121e-01,5.128529e-01,7.317296e-01,1.337482e-01,3.738280e-02,-1.367065e-02,4.234968e-02,5.290446e-02
7.70750,0.235607,0.768750,7.606180e-01,5.129407e-01,7.312042e-01,1.337401e-01,3.732288e-02,-1.376783e-02,4.244623e-02,5.289673e-02
7.71000,0.235540,0.768750,7.608233e-01,5.130285e-01,7.306773e-01,1.337319e-01,3.726247e-02,-1.386521e-02,4.254388e-02,5.288900e-02
7.71250,0.235473,0.768750,7.610279e-01,5.131163e-01,7.301488e-01,1.337237e-01,3.720160e-02,-1.396268e-02,4.264257e-02,5.288128e-02
7.71500,0.235406,0.768750,7.612318e-01,5.132042e-01,7.296187e-01,1.337155e-01,3.714037e-02,-1.406021e-02,4.274228e-02,5.287357e-02
7.71750,0.235339,0.768750,7.614351e-01,5.132921e-01,7.290871e-01,1.337073e-01,3.707883e-02,-1.415789e-02,4.284299e-02,5.286587e-02
7.72000,0.235272,0.768750,7.616377e-01,5.133801e-01,7.285540e-01,1.336991e-01,3.701703e-02,-1.425580e-02,4.294470e-02,5.285818e-02
7.72250,0.235204,0.768750,7.618397e-01,5.134680e-01,7.280194e-01,1.336908e-01,3.695500e-02,-1.435397e-02,4.304744e-02,5.285050e-02
7.72500,0.235136,0.768750,7.620410e-01,5.135560e-01,7.274834e-01,1.336825e-01,3.689261e-02,-1.445233e-02,4.315122e-02,5.284283e-02
7.72750,0.235068,0.768750,7.622417e-01,5.136441e-01,7.269459e-01,1.336742e-01,3.682984e-02,-1.455092e-02,4.325636e-02,5.283517e-02
7.73000,0.235000,0.768750,7.624417e-01,5.137322e-01,7.264071e-01,1.336659e-01,3.676680e-02,-1.464979e-02,4.336297e-02,5.282753e-02
7.73250,0.234932,0.768750,7.626411e-01,5.138203e-01,7.258669e-01,1.336575e-01,3.670359e-02,-1.474895e-02,4.347096e-02,5.281990e-02
7.73500,0.234864,0.768750,7.628399e-01,5.139084e-01,7.253254e-01,1.336492e-01,3.664025e-02,-1.484852e-02,4.358027e-02,5.281229e-02
7.73750,0.234795,0.768750,7.630379e-01,5.139966e-01,7.247826e-01,1.336408e-01,3.657678e-02,-1.494869e-02,4.369089e-02,5.280469e-02
7.74000,0.234726,0.768750,7.632354e-01,5.140847e-01,7.242384e-01,1.336324e-01,3.651307e-02,-1.504940e-02,4.380264e-02,5.279711e-02
7.74250,0.234657,0.768750,7.634322e-01,5.141730e-01,7.236929e-01,1.336239e-01,3.644898e-02,-1.515054e-02,4.391576e-02,5.278954e-02
7.74500,0.234588,0.768750,7.636284e-01,5.142612e-01,7.231459e-01,1.336155e-01,3.638437e-02,-1.525217e-02,4.403028e-02,5.278200e-02
7.74750,0.234519,0.768750,7.638239e-01,5.143495e-01,7.225975e-01,1.336070e-01,3.631925e-02,-1.535430e-02,4.414602e-02,5.277446e-02
7.75000,0.234449,0.768750,7.640188e-01,5.144378e-01,7.220475e-01,1.335985e-01,3.625363e-02,-1.545680e-02,4.426281e-02,5.276694e-02
7.75250,0.234380,0.768750,7.642130e-01,5.145261e-01,7.214959e-01,1.335899e-01,3.618744e-02,-1.555956e-02,4.438054e-02,5.275944e-02
7.75500,0.234310,0.768750,7.644066e-01,5.146145e-01,7.209425e-01,1.335814e-01,3.612056e-02,-1.566246e-02,4.449920e-02,5.275195e-02
7.75750,0.234240,0.768750,7.645996e-01,5.147029e-01,7.203873e-01,1.335728e-01,3.605296e-02,-1.576543e-02,4.461872e-02,5.274447e-02
7.76000,0.234170,0.768750,7.647920e-01,5.147913e-01,7.198301e-01,1.335642e-01,3.598469e-02,-1.586843e-02,4.473903e-02,5.273700e-02
7.76250,0.234100,0.768750,7.649837e-01,5.148798e-01,7.192710e-01,1.335556e-01,3.591577e-02,-1.597127e-02,4.486033e-02,5.272954e-02
7.76500,0.234029,0.768750,7.651748e-01,5.149683e-01,7.187099e-01,1.335470e-01,3.584618e-02,-1.607384e-02,4.498224e-02,5.272209e-02
7.76750,0.233959,0.768750,7.653652e-01,5.150568e-01,7.181467e-01,1.335383e-01,3.577587e-02,-1.617601e-02,4.510451e-02,5.271466e-02
7.77000,0.233888,0.768750,7.655550e-01,5.151453e-01,7.175813e-01,1.335297e-01,3.570481e-02,-1.627765e-02,4.522701e-02,5.270723e-02
7.77250,0.233817,0.768750,7.657442e-01,5.152339e-01,7.170139e-01,1.335210e-01,3.563292e-02,-1.637861e-02,4.534952e-02,5.269982e-02
7.77500,0.233746,0.768750,7.659328e-01,5.153225e-01,7.164443e-01,1.335123e-01,3.556007e-02,-1.647865e-02,4.547185e-02,5.269243e-02
7.77750,0.233675,0.768750,7.661208e-01,5.154111e-01,7.158725e-01,1.335036e-01,3.548622e-02,-1.657771e-02,4.559380e-02,5.268504e-02
7.78000,0.233604,0.768750,7.663081e-01,5.154998e-01,7.152985e-01,1.334948e-01,3.541144e-02,-1.667610e-02,4.571515e-02,5.267767e-02
7.78250,0.233532,0.768750,7.664948e-01,5.155884e-01,7.147222e-01,1.334861e-01,3.533567e-02,-1.677382e-02,4.583567e-02,5.267031e-02
7.78500,0.233460,0.768750,7.666809e-01,5.156771e-01,7.141436e-01,1.334773e-01,3.525900e-02,-1.687092e-02,4.595499e-02,5.266296e-02
7.78750,0.233389,0.768750,7.668664e-01,5.157659e-01,7.135627e-01,1.334685e-01,3.518151e-02,-1.696743e-02,4.607264e-02,5.265563e-02
7.79000,0.233317,0.768750,7.670512e-01,5.158546e-01,7.129795e-01,1.334597e-01,3.510329e-02,-1.706324e-02,4.618811e-02,5.264831e-02
7.79250,0.233244,0.768750,7.672355e-01,5.159434e-01,7.123939e-01,1.334509e-01,3.502435e-02,-1.715824e-02,4.630086e-02,5.264100e-02
7.79500,0.233172,0.768750,7.674191e-01,5.160322e-01,7.118060e-01,1.334420e-01,3.494474e-02,-1.725241e-02,4.641018e-02,5.263371e-02
7.79750,0.233100,0.768750,7.676021e-01,5.161210e-01,7.112157e-01,1.334332e-01,3.486449e-02,-1.734610e-02,4.651540e-02,5.262643e-02
7.80000,0.233027,0.768750,7.677845e-01,5.162099e-01,7.106230e-01,1.334243e-01,3.478356e-02,-1.743944e-02,4.661868e-02,5.261917e-02
7.80250,0.232954,0.768750,7.679663e-01,5.162988e-01,7.100281e-01,1.334154e-01,3.470215e-02,-1.753263e-02,4.672655e-02,5.261192e-02
7.80500,0.232881,0.768750,7.681474e-01,5.163877e-01,7.094310e-01,1.334065e-01,3.462078e-02,-1.762638e-02,4.683696e-02,5.260469e-02
7.80750,0.232808,0.768750,7.683280e-01,5.164766e-01,7.088316e-01,1.333975e-01,3.453957e-02,-1.772091e-02,4.694903e-02,5.259748e-02
7.81000,0.232735,0.768750,7.685080e-01,5.165656e-01,7.082302e-01,1.333886e-01,3.445850e-02,-1.781621e-02,4.706239e-02,5.259029e-02
7.81250,0.232661,0.768750,7.686873e-01,5.166545e-01,7.076266e-01,1.333796e-01,3.437755e-02,-1.791222e-02,4.717688e-02,5.258311e-02
7.81500,0.232588,0.768750,7.688661e-01,5.167436e-01,7.070209e-01,1.333706e-01,3.429670e-02,-1.800874e-02,4.729223e-02,5.257596e-02
7.81750,0.232514,0.768750,7.690442e-01,5.168326e-01,7.064132e-01,1.333616e-01,3.421584e-02,-1.810552e-02,4.740845e-02,5.256883e-02
7.82000,0.232440,0.768750,7.692218e-01,5.169216e-01,7.058036e-01,1.333526e-01,3.413485e-02,-1.820249e-02,4.752563e-02,5.256171e-02
7.82250,0.232366,0.768750,7.693987e-01,5.170107e-01,7.051919e-01,1.333435e-01,3.405379e-02,-1.829960e-02,4.764380e-02,5.255462e-02
7.82500,0.232292,0.768750,7.695751e-01,5.170998e-01,7.045784e-01,1.333344e-01,3.397254e-02,-1.839676e-02,4.776303e-02,5.254755e-02
7.82750,0.232217,0.768750,7.697508e-01,5.171889e-01,7.039629e-01,1.333253e-01,3.389105e-02,-1.849405e-02,4.788343e-02,5.254051e-02
7.83000,0.232143,0.768750,7.699260e-01,5.172781e-01,7.033456e-01,1.333162e-01,3.380929e-02,-1.859147e-02,4.800503e-02,5.253348e-02
7.83250,0.232068,0.768750,7.701006e-01,5.173672e-01,7.027264e-01,1.333071e-01,3.372719e-02,-1.868894e-02,4.812770e-02,5.252648e-02
7.83500,0.231993,0.768750,7.702745e-01,5.174564e-01,7.021054e-01,1.332979e-01,3.364467e-02,-1.878640e-02,4.825154e-02,5.251951e-02
7.83750,0.231918,0.768750,7.704479e-01,5.175456e-01,7.014825e-01,1.332887e-01,3.356172e-02,-1.888402e-02,4.837682e-02,5.251256e-02
7.84000,0.231843,0.768750,7.706207e-01,5.176348e-01,7.008578e-01,1.332795e-01,3.347817e-02,-1.898170e-02,4.850353e-02,5.250563e-02
7.84250,0.231768,0.768750,7.707929e-01,5.177241e-01,7.002312e-01,1.332703e-01,3.339398e-02,-1.907934e-02,4.863167e-02,5.249872e-02
7.84500,0.231692,0.768750,7.709644e-01,5.178134e-01,6.996027e-01,1.332611e-01,3.330908e-02,-1.917677e-02,4.876147e-02,5.249184e-02
7.84750,0.231617,0.768750,7.711355e-01,5.179027e-01,6.989724e-01,1.332518e-01,3.322347e-02,-1.927397e-02,4.889301e-02,5.248499e-02
7.85000,0.231541,0.768750,7.713059e-01,5.179920e-01,6.983401e-01,1.332425e-01,3.313722e-02,-1.937100e-02,4.902616e-02,5.247815e-02
7.85250,0.231465,0.768750,7.714757e-01,5.180813e-01,6.977059e-01,1.332332e-01,3.305030e-02,-1.946781e-02,4.916028e-02,5.247133e-02
7.85500,0.231389,0.768750,7.716450e-01,5.181707e-01,6.970698e-01,1.332239e-01,3.296253e-02,-1.956406e-02,4.929394e-02,5.246454e-02
7.85750,0.231313,0.768750,7.718136e-01,5.182600e-01,6.964318e-01,1.332146e-01,3.287368e-02,-1.965937e-02,4.942755e-02,5.245776e-02
7.86000,0.231250,0.768750,7.719708e-01,5.183399e-01,6.957917e-01,1.332052e-01,3.278369e-02,-1.975358e-02,4.956112e-02,5.245100e-02
7.86250,0.231250,0.768750,7.720759e-01,5.183749e-01,6.951496e-01,1.331958e-01,3.266619e-02,-1.979418e-02,4.958604e-02,5.244428e-02
7.86500,0.231250,0.768750,7.721803e-01,5.184098e-01,6.945057e-01,1.331864e-01,3.241823e-02,-1.960395e-02,4.913946e-02,5.243773e-02
7.86750,0.231250,0.768750,7.722841e-01,5.184447e-01,6.938609e-01,1.331770e-01,3.214867e-02,-1.950154e-02,4.889599e-02,5.243131e-02
7.87000,0.231250,0.768750,7.723872e-01,5.184794e-01,6.932161e-01,1.331676e-01,3.188971e-02,-1.943992e-02,4.871392e-02,5.242499e-02
7.87250,0.231250,0.768750,7.724897e-01,5.185141e-01,6.925724e-01,1.331581e-01,3.164329e-02,-1.939836e-02,4.855268e-02,5.241876e-02
7.87500,0.231250,0.768750,7.725916e-01,5.185487e-01,6.919309e-01,1.331487e-01,3.140768e-02,-1.936683e-02,4.839894e-02,5.241261e-02
7.87750,0.231250,0.768750,7.726928e-01,5.185832e-01,6.912927e-01,1.331392e-01,3.118117e-02,-1.933978e-02,4.824660e-02,5.240653e-02
7.88000,0.231250,0.768750,7.727934e-01,5.186176e-01,6.906586e-01,1.331297e-01,3.096222e-02,-1.931414e-02,4.809163e-02,5.240053e-02
7.88250,0.231250,0.768750,7.728934e-01,5.186520e-01,6.900297e-01,1.331202e-01,3.074947e-02,-1.928768e-02,4.793043e-02,5.239459e-02
7.88500,0.231250,0.768750,7.729929e-01,5.186863e-01,6.894066e-01,1.331107e-01,3.054171e-02,-1.925873e-02,4.776163e-02,5.238871e-02
7.88750,0.231250,0.768750,7.730917e-01,5.187205e-01,6.887899e-01,1.331012e-01,3.033792e-02,-1.922613e-02,4.758301e-02,5.238290e-02
7.89000,0.231250,0.768750,7.731899e-01,5.187546e-01,6.881802e-01,1.330916e-01,3.013724e-02,-1.918884e-02,4.739143e-02,5.237715e-02
7.89250,0.231250,0.768750,7.732875e-01,5.187887e-01,6.875778e-01,1.330821e-01,2.993904e-02,-1.914598e-02,4.721747e-02,5.237146e-02
7.89500,0.231250,0.768750,7.733846e-01,5.188227e-01,6.869830e-01,1.330725e-01,2.974498e-02,-1.910029e-02,4.706126e-02,5.236584e-02
7.89750,0.231250,0.768750,7.734810e-01,5.188566e-01,6.863961e-01,1.330630e-01,2.955571e-02,-1.905359e-02,4.691629e-02,5.236028e-02
7.90000,0.231250,0.768750,7.735769e-01,5.188905e-01,6.858171e-01,1.330534e-01,2.937094e-02,-1.900623e-02,4.678038e-02,5.235477e-02
7.90250,0.231250,0.768750,7.736723e-01,5.189243e-01,6.852460e-01,1.330439e-01,2.919021e-02,-1.895823e-02,4.665284e-02,5.234932e-02
7.90500,0.231250,0.768750,7.737671e-01,5.189580e-01,6.846829e-01,1.330343e-01,2.901318e-02,-1.890963e-02,4.653346e-02,5.234393e-02
7.90750,0.231250,0.768750,7.738613e-01,5.189917e-01,6.841277e-01,1.330247e-01,2.883941e-02,-1.886054e-02,4.642209e-02,5.233860e-02
7.91000,0.231250,0.768750,7.739550e-01,5.190252e-01,6.835803e-01,1.330151e-01,2.866853e-02,-1.881098e-02,4.631864e-02,5.233332e-02
7.91250,0.231250,0.768750,7.740482e-01,5.190588e-01,6.830406e-01,1.330056e-01,2.850012e-02,-1.876095e-02,4.622308e-02,5.232809e-02
7.91500,0.231250,0.768750,7.741408e-01,5.190922e-01,6.825085e-01,1.329960e-01,2.833382e-02,-1.871047e-02,4.613544e-02,5.232291e-02
7.91750,0.231250,0.768750,7.742329e-01,5.191256e-01,6.819838e-01,1.329864e-01,2.816929e-02,-1.865974e-02,4.605595e-02,5.231777e-02
7.92000,0.231250,0.768750,7.743245e-01,5.191589e-01,6.814664e-01,1.329768e-01,2.800638e-02,-1.860927e-02,4.598492e-02,5.231268e-02
7.92250,0.231250,0.768750,7.744156e-01,5.191922e-01,6.809562e-01,1.329672e-01,2.784482e-02,-1.855881e-02,4.591669e-02,5.230764e-02
7.92500,0.231250,0.768750,7.745061e-01,5.192254e-01,6.804529e-01,1.329576e-01,2.768408e-02,-1.850740e-02,4.584465e-02,5.230264e-02
7.92750,0.231250,0.768750,7.745962e-01,5.192585e-01,6.799565e-01,1.329480e-01,2.752345e-02,-1.845424e-02,4.577174e-02,5.229768e-02
7.93000,0.231250,0.768750,7.746858e-01,5.192916e-01,6.794668e-01,1.329384e-01,2.736271e-02,-1.839921e-02,4.569877e-02,5.229277e-02
7.93250,0.231250,0.768750,7.747749e-01,5.193246e-01,6.789837e-01,1.329288e-01,2.720190e-02,-1.834237e-02,4.562580e-02,5.228790e-02
7.93500,0.231250,0.768750,7.748635e-01,5.193575e-01,6.785070e-01,1.329193e-01,2.704111e-02,-1.828394e-02,4.555251e-02,5.228307e-02
7.93750,0.231250,0.768750,7.749517e-01,5.193904e-01,6.780366e-01,1.329097e-01,2.688050e-02,-1.822385e-02,4.547838e-02,5.227828e-02
7.94000,0.231250,0.768750,7.750394e-01,5.194232e-01,6.775723e-01,1.329001e-01,2.672008e-02,-1.816209e-02,4.540290e-02,5.227353e-02
7.94250,0.231250,0.768750,7.751266e-01,5.194560e-01,6.771139e-01,1.328906e-01,2.655973e-02,-1.809863e-02,4.532672e-02,5.226882e-02
7.94500,0.231250,0.768750,7.752134e-01,5.194887e-01,6.766614e-01,1.328810e-01,2.639962e-02,-1.803336e-02,4.525031e-02,5.226414e-02
7.94750,0.231250,0.768750,7.752997e-01,5.195213e-01,6.762145e-01,1.328714e-01,2.623979e-02,-1.796619e-02,4.517272e-02,5.225950e-02
7.95000,0.231250,0.768750,7.753856e-01,5.195539e-01,6.757732e-01,1.328619e-01,2.608031e-02,-1.789709e-02,4.509327e-02,5.225490e-02
7.95250,0.231250,0.768750,7.754710e-01,5.195864e-01,6.753372e-01,1.328524e-01,2.592115e-02,-1.782598e-02,4.501138e-02,5.225032e-02
7.95500,0.231250,0.768750,7.755561e-01,5.196189e-01,6.749065e-01,1.328428e-01,2.576234e-02,-1.775281e-02,4.492633e-02,5.224579e-02
7.95750,0.231250,0.768750,7.756407e-01,5.196513e-01,6.744810e-01,1.328333e-01,2.560396e-02,-1.767744e-02,4.483727e-02,5.224129e-02
7.96000,0.231250,0.768750,7.757249e-01,5.196837e-01,6.740606e-01,1.328238e-01,2.544597e-02,-1.759995e-02,4.474328e-02,5.223683e-02
7.96250,0.231250,0.768750,7.758087e-01,5.197160e-01,6.736451e-01,1.328143e-01,2.528840e-02,-1.752058e-02,4.464311e-02,5.223241e-02
7.96500,0.231250,0.768750,7.758920e-01,5.197483e-01,6.732345e-01,1.328049e-01,2.513122e-02,-1.743946e-02,4.453502e-02,5.222803e-02
7.96750,0.231250,0.768750,7.759750e-01,5.197805e-01,6.728287e-01,1.327954e-01,2.497431e-02,-1.735638e-02,4.442720e-02,5.222368e-02
7.97000,0.231250,0.768750,7.760577e-01,5.198126e-01,6.724276e-01,1.327859e-01,2.481836e-02,-1.727237e-02,4.432687e-02,5.221937e-02
7.97250,0.231250,0.768750,7.761399e-01,5.198447e-01,6.720311e-01,1.327765e-01,2.466412e-02,-1.718841e-02,4.423034e-02,5.221510e-02
7.97500,0.231250,0.768750,7.762218e-01,5.198768e-01,6.716392e-01,1.327671e-01,2.451167e-02,-1.710495e-02,4.413639e-02,5.221087e-02
7.97750,0.231250,0.768750,7.763032e-01,5.199088e-01,6.712518e-01,1.327576e-01,2.436102e-02,-1.702244e-02,4.404463e-02,5.220667e-02
7.98000,0.231250,0.768750,7.763844e-01,5.199407e-01,6.708688e-01,1.327482e-01,2.421205e-02,-1.694112e-02,4.395494e-02,5.220251e-02
7.98250,0.231250,0.768750,7.764652e-01,5.199726e-01,6.704902e-01,1.327388e-01,2.406477e-02,-1.686118e-02,4.386730e-02,5.219838e-02
7.98500,0.231250,0.768750,7.765456e-01,5.200044e-01,6.701160e-01,1.327295e-01,2.391906e-02,-1.678269e-02,4.378186e-02,5.219429e-02
7.98750,0.231250,0.768750,7.766257e-01,5.200362e-01,6.697461e-01,1.327201e-01,2.377470e-02,-1.670563e-02,4.369894e-02,5.219023e-02
7.99000,0.231250,0.768750,7.767055e-01,5.200679e-01,6.693805e-01,1.327108e-01,2.363156e-02,-1.662988e-02,4.361767e-02,5.218621e-02
7.99250,0.231250,0.768750,7.767849e-01,5.200996e-01,6.690191e-01,1.327014e-01,2.348948e-02,-1.655507e-02,4.353412e-02,5.218221e-02
7.99500,0.231250,0.768750,7.768640e-01,5.201313e-01,6.686620e-01,1.326921e-01,2.334792e-02,-1.648069e-02,4.344902e-02,5.217825e-02
7.99750,0.231250,0.768750,7.769428e-01,5.201629e-01,6.683092e-01,1.326828e-01,2.320661e-02,-1.640645e-02,4.336282e-02,5.217432e-02
8.00000,0.231250,0.768750,7.770213e-01,5.201944e-01,6.679606e-01,1.326735e-01,2.306553e-02,-1.633228e-02,4.327557e-02,5.217043e-02
8.00250,0.231250,0.768750,7.770995e-01,5.202259e-01,6.676164e-01,1.326642e-01,2.292444e-02,-1.625797e-02,4.318757e-02,5.216656e-02
8.00500,0.231250,0.768750,7.771774e-01,5.202573e-01,6.672765e-01,1.326550e-01,2.278343e-02,-1.618370e-02,4.309923e-02,5.216273e-02
8.00750,0.231250,0.768750,7.772550e-01,5.202887e-01,6.669410e-01,1.326457e-01,2.264254e-02,-1.610949e-02,4.301011e-02,5.215892e-02
8.01000,0.231250,0.768750,7.773323e-01,5.203201e-01,6.666099e-01,1.326365e-01,2.250168e-02,-1.603518e-02,4.291995e-02,5.215515e-02
8.01250,0.231250,0.768750,7.774093e-01,5.203514e-01,6.662832e-01,1.326273e-01,2.236083e-02,-1.596067e-02,4.282839e-02,5.215140e-02
8.01500,0.231250,0.768750,7.774861e-01,5.203827e-01,6.659608e-01,1.326181e-01,2.222003e-02,-1.588581e-02,4.273502e-02,5.214769e-02
8.01750,0.231250,0.768750,7.775626e-01,5.204139e-01,6.656429e-01,1.326090e-01,2.207912e-02,-1.581036e-02,4.263936e-02,5.214400e-02
8.02000,0.231250,0.768750,7.776389e-01,5.204451e-01,6.653294e-01,1.325998e-01,2.193815e-02,-1.573446e-02,4.254080e-02,5.214034e-02
8.02250,0.231250,0.768750,7.777149e-01,5.204762e-01,6.650203e-01,1.325907e-01,2.179710e-02,-1.565799e-02,4.243879e-02,5.213672e-02
8.02500,0.231250,0.768750,7.777906e-01,5.205073e-01,6.647156e-01,1.325816e-01,2.165598e-02,-1.558074e-02,4.233250e-02,5.213312e-02
8.02750,0.231250,0.768750,7.778661e-01,5.205383e-01,6.644153e-01,1.325725e-01,2.151473e-02,-1.550251e-02,4.222085e-02,5.212955e-02
8.03000,0.231250,0.768750,7.779414e-01,5.205693e-01,6.641193e-01,1.325634e-01,2.137328e-02,-1.542328e-02,4.210250e-02,5.212600e-02
8.03250,0.231250,0.768750,7.780165e-01,5.206003e-01,6.638278e-01,1.325544e-01,2.123165e-02,-1.534291e-02,4.197583e-02,5.212249e-02
8.03500,0.231250,0.768750,7.780913e-01,5.206312e-01,6.635407e-01,1.325454e-01,2.108955e-02,-1.526122e-02,4.183874e-02,5.211899e-02
8.03750,0.231250,0.768750,7.781659e-01,5.206621e-01,6.632580e-01,1.325364e-01,2.094651e-02,-1.517777e-02,4.169670e-02,5.211553e-02
8.04000,0.231250,0.768750,7.782403e-01,5.206929e-01,6.629798e-01,1.325274e-01,2.080290e-02,-1.509272e-02,4.156584e-02,5.211209e-02
8.04250,0.231250,0.768750,7.783145e-01,5.207237e-01,6.627060e-01,1.325184e-01,2.066030e-02,-1.500778e-02,4.144113e-02,5.210867e-02
8.04500,0.231250,0.768750,7.783885e-01,5.207545e-01,6.624367e-01,1.325095e-01,2.051916e-02,-1.492342e-02,4.132042e-02,5.210528e-02
8.04750,0.231250,0.768750,7.784623e-01,5.207852e-01,6.621720e-01,1.325006e-01,2.037962e-02,-1.484015e-02,4.120316e-02,5.210191e-02
8.05000,0.231250,0.768750,7.785359e-01,5.208158e-01,6.619119e-01,1.324917e-01,2.024166e-02,-1.475806e-02,4.108930e-02,5.209857e-02
8.05250,0.231250,0.768750,7.786093e-01,5.208465e-01,6.616564e-01,1.324828e-01,2.010524e-02,-1.467714e-02,4.097855e-02,5.209525e-02
8.05500,0.231250,0.768750,7.786825e-01,5.208771e-01,6.614056e-01,1.324739e-01,1.997040e-02,-1.459720e-02,4.086680e-02,5.209196e-02
8.05750,0.231250,0.768750,7.787556e-01,5.209076e-01,6.611595e-01,1.324651e-01,1.983691e-02,-1.451803e-02,4.075438e-02,5.208869e-02
8.06000,0.231250,0.768750,7.788285e-01,5.209382e-01,6.609182e-01,1.324563e-01,1.970445e-02,-1.443943e-02,4.064212e-02,5.208543e-02
8.06250,0.231250,0.768750,7.789012e-01,5.209686e-01,6.606817e-01,1.324475e-01,1.957286e-02,-1.436141e-02,4.053036e-02,5.208220e-02
8.06500,0.231250,0.768750,7.789738e-01,5.209991e-01,6.604500e-01,1.324387e-01,1.944195e-02,-1.428398e-02,4.041930e-02,5.207899e-02
8.06750,0.231250,0.768750,7.790462e-01,5.210295e-01,6.602233e-01,1.324300e-01,1.931159e-02,-1.420724e-02,4.030902e-02,5.207579e-02
8.07000,0.231250,0.768750,7.791185e-01,5.210599e-01,6.600014e-01,1.324212e-01,1.918193e-02,-1.413129e-02,4.019959e-02,5.207262e-02
8.07250,0.231250,0.768750,7.791907e-01,5.210902e-01,6.597845e-01,1.324125e-01,1.905285e-02,-1.405598e-02,4.009098e-02,5.206946e-02
8.07500,0.231250,0.768750,7.792627e-01,5.211205e-01,6.595725e-01,1.324039e-01,1.892421e-02,-1.398121e-02,3.998312e-02,5.206633e-02
8.07750,0.231250,0.768750,7.793345e-01,5.211508e-01,6.593655e-01,1.323952e-01,1.879594e-02,-1.390690e-02,3.987594e-02,5.206321e-02
8.08000,0.231250,0.768750,7.794063e-01,5.211810e-01,6.591635e-01,1.323866e-01,1.866800e-02,-1.383302e-02,3.976930e-02,5.206012e-02
8.08250,0.231250,0.768750,7.794779e-01,5.212112e-01,6.589664e-01,1.323779e-01,1.854031e-02,-1.375978e-02,3.966312e-02,5.205704e-02
8.08500,0.231250,0.768750,7.795494e-01,5.212414e-01,6.587742e-01,1.323693e-01,1.841272e-02,-1.368714e-02,3.955728e-02,5.205399e-02
8.08750,0.231250,0.768750,7.796207e-01,5.212715e-01,6.585871e-01,1.323608e-01,1.828540e-02,-1.361512e-02,3.945170e-02,5.205095e-02
8.09000,0.231250,0.768750,7.796920e-01,5.213016e-01,6.584049e-01,1.323522e-01,1.815832e-02,-1.354354e-02,3.934607e-02,5.204793e-02
8.09250,0.231250,0.768750,7.797632e-01,5.213316e-01,6.582276e-01,1.323437e-01,1.803133e-02,-1.347218e-02,3.924009e-02,5.204493e-02
8.09500,0.231250,0.768750,7.798342e-01,5.213617e-01,6.580553e-01,1.323352e-01,1.790437e-02,-1.340093e-02,3.913361e-02,5.204195e-02
8.09750,0.231250,0.768750,7.799052e-01,5.213917e-01,6.578880e-01,1.323267e-01,1.777735e-02,-1.332966e-02,3.902636e-02,5.203898e-02
8.10000,0.231250,0.768750,7.799761e-01,5.214216e-01,6.577256e-01,1.323183e-01,1.765029e-02,-1.325836e-02,3.891805e-02,5.203603e-02
8.10250,0.231250,0.768750,7.800468e-01,5.214516e-01,6.575681e-01,1.323099e-01,1.752318e-02,-1.318703e-02,3.880832e-02,5.203310e-02
8.10500,0.231250,0.768750,7.801175e-01,5.214815e-01,6.574156e-01,1.323015e-01,1.739585e-02,-1.311556e-02,3.869663e-02,5.203019e-02
8.10750,0.231250,0.768750,7.801881e-01,5.215113e-01,6.572680e-01,1.322931e-01,1.726854e-02,-1.304410e-02,3.858236e-02,5.202730e-02
8.11000,0.231250,0.768750,7.802587e-01,5.215412e-01,6.571254e-01,1.322848e-01,1.714116e-02,-1.297228e-02,3.846473e-02,5.202442e-02
8.11250,0.231250,0.768750,7.803291e-01,5.215710e-01,6.569878e-01,1.322765e-01,1.701387e-02,-1.289989e-02,3.834571e-02,5.202155e-02
8.11500,0.231250,0.768750,7.803995e-01,5.216008e-01,6.568551e-01,1.322682e-01,1.688692e-02,-1.282708e-02,3.823237e-02,5.201871e-02
8.11750,0.231250,0.768750,7.804698e-01,5.216305e-01,6.567273e-01,1.322599e-01,1.676110e-02,-1.275440e-02,3.812264e-02,5.201589e-02
8.12000,0.231250,0.768750,7.805401e-01,5.216602e-01,6.566045e-01,1.322517e-01,1.663665e-02,-1.268188e-02,3.801555e-02,5.201308e-02
8.12250,0.231250,0.768750,7.806103e-01,5.216899e-01,6.564865e-01,1.322435e-01,1.651352e-02,-1.260952e-02,3.790983e-02,5.201029e-02
8.12500,0.231250,0.768750,7.806805e-01,5.217196e-01,6.563735e-01,1.322354e-01,1.639147e-02,-1.253713e-02,3.780444e-02,5.200751e-02
8.12750,0.231250,0.768750,7.807506e-01,5.217492e-01,6.562653e-01,1.322272e-01,1.627030e-02,-1.246475e-02,3.769972e-02,5.200476e-02
8.13000,0.231250,0.768750,7.808206e-01,5.217788e-01,6.561620e-01,1.322191e-01,1.614997e-02,-1.239281e-02,3.759580e-02,5.200202e-02
8.13250,0.231250,0.768750,7.808906e-01,5.218084e-01,6.560634e-01,1.322110e-01,1.603023e-02,-1.232124e-02,3.749270e-02,5.199929e-02
8.13500,0.231250,0.768750,7.809606e-01,5.218379e-01,6.559697e-01,1.322030e-01,1.591118e-02,-1.225022e-02,3.739041e-02,5.199658e-02
8.13750,0.231250,0.768750,7.810305e-01,5.218675e-01,6.558808e-01,1.321950e-01,1.579291e-02,-1.217979e-02,3.728884e-02,5.199389e-02
8.14000,0.231250,0.768750,7.811004e-01,5.218970e-01,6.557962e-01,1.321870e-01,1.567532e-02,-1.210990e-02,3.718788e-02,5.199121e-02
8.14250,0.231250,0.768750,7.811703e-01,5.219264e-01,6.557163e-01,1.321791e-01,1.555822e-02,-1.204058e-02,3.708747e-02,5.198854e-02
8.14500,0.231250,0.768750,7.812402e-01,5.219559e-01,6.556411e-01,1.321711e-01,1.544151e-02,-1.197193e-02,3.698758e-02,5.198589e-02
8.14750,0.231250,0.768750,7.813100e-01,5.219853e-01,6.555706e-01,1.321632e-01,1.532514e-02,-1.190390e-02,3.688797e-02,5.198325e-02
8.15000,0.231250,0.768750,7.813798e-01,5.220147e-01,6.555047e-01,1.321554e-01,1.520902e-02,-1.183638e-02,3.678842e-02,5.198063e-02
8.15250,0.231250,0.768750,7.814496e-01,5.220441e-01,6.554433e-01,1.321476e-01,1.509320e-02,-1.176939e-02,3.668879e-02,5.197801e-02
8.15500,0.231250,0.768750,7.815194e-01,5.220734e-01,6.553866e-01,1.321398e-01,1.497779e-02,-1.170310e-02,3.658902e-02,5.197541e-02
8.15750,0.231250,0.768750,7.815892e-01,5.221027e-01,6.553344e-01,1.321320e-01,1.486278e-02,-1.163757e-02,3.648917e-02,5.197282e-02
8.16000,0.231250,0.768750,7.816589e-01,5.221320e-01,6.552867e-01,1.321243e-01,1.474803e-02,-1.157263e-02,3.638899e-02,5.197025e-02
8.16250,0.231250,0.768750,7.817287e-01,5.221613e-01,6.552435e-01,1.321165e-01,1.463336e-02,-1.150812e-02,3.628819e-02,5.196769e-02
8.16500,0.231250,0.768750,7.817985e-01,5.221905e-01,6.552048e-01,1.321089e-01,1.451860e-02,-1.144398e-02,3.618644e-02,5.196514e-02
8.16750,0.231250,0.768750,7.818682e-01,5.222198e-01,6.551705e-01,1.321012e-01,1.440362e-02,-1.138016e-02,3.608339e-02,5.196261e-02
8.17000,0.231250,0.768750,7.819380e-01,5.222490e-01,6.551407e-01,1.320936e-01,1.428813e-02,-1.131633e-02,3.597859e-02,5.196009e-02
8.17250,0.231250,0.768750,7.820078e-01,5.222781e-01,6.551154e-01,1.320860e-01,1.417195e-02,-1.125230e-02,3.587151e-02,5.195759e-02
8.17500,0.231250,0.768750,7.820776e-01,5.223073e-01,6.550946e-01,1.320785e-01,1.405496e-02,-1.118785e-02,3.576142e-02,5.195510e-02
8.17750,0.231250,0.768750,7.821474e-01,5.223364e-01,6.550782e-01,1.320710e-01,1.393706e-02,-1.112279e-02,3.564741e-02,5.195262e-02
8.18000,0.231250,0.768750,7.822172e-01,5.223655e-01,6.550662e-01,1.320635e-01,1.381834e-02,-1.105703e-02,3.552835e-02,5.195016e-02
8.18250,0.231250,0.768750,7.822871e-01,5.223946e-01,6.550588e-01,1.320561e-01,1.369872e-02,-1.099020e-02,3.540854e-02,5.194771e-02
8.18500,0.231250,0.768750,7.823569e-01,5.224237e-01,6.550559e-01,1.320487e-01,1.357863e-02,-1.092202e-02,3.529417e-02,5.194528e-02
8.18750,0.231250,0.768750,7.824268e-01,5.224527e-01,6.550576e-01,1.320413e-01,1.345892e-02,-1.085336e-02,3.518238e-02,5.194287e-02
8.19000,0.231250,0.768750,7.824967e-01,5.224818e-01,6.550638e-01,1.320339e-01,1.333981e-02,-1.078472e-02,3.507221e-02,5.194047e-02
8.19250,0.231250,0.768750,7.825667e-01,5.225108e-01,6.550745e-01,1.320266e-01,1.322150e-02,-1.071616e-02,3.496331e-02,5.193809e-02
8.19500,0.231250,0.768750,7.826367e-01,5.225398e-01,6.550899e-01,1.320193e-01,1.310404e-02,-1.064782e-02,3.485550e-02,5.193572e-02
8.19750,0.231250,0.768750,7.827067e-01,5.225687e-01,6.551098e-01,1.320121e-01,1.298727e-02,-1.057971e-02,3.474857e-02,5.193336e-02
8.20000,0.231250,0.768750,7.827767e-01,5.225977e-01,6.551343e-01,1.320049e-01,1.287116e-02,-1.051184e-02,3.464250e-02,5.193101e-02
8.20250,0.231250,0.768750,7.828468e-01,5.226266e-01,6.551635e-01,1.319977e-01,1.275590e-02,-1.044440e-02,3.453732e-02,5.192867e-02
8.20500,0.231250,0.768750,7.829170e-01,5.226555e-01,6.551972e-01,1.319906e-01,1.264145e-02,-1.037711e-02,3.443293e-02,5.192634e-02
8.20750,0.231250,0.768750,7.829871e-01,5.226844e-01,6.552355e-01,1.319835e-01,1.252780e-02,-1.030970e-02,3.432948e-02,5.192402e-02
8.21000,0.231250,0.768750,7.830574e-01,5.227133e-01,6.552785e-01,1.319764e-01,1.241486e-02,-1.024213e-02,3.422700e-02,5.192172e-02
8.21250,0.231250,0.768750,7.831276e-01,5.227421e-01,6.553260e-01,1.319694e-01,1.230270e-02,-1.017496e-02,3.412545e-02,5.191942e-02
8.21500,0.231250,0.768750,7.831979e-01,5.227709e-01,6.553781e-01,1.319624e-01,1.219136e-02,-1.010821e-02,3.402478e-02,5.191712e-02
8.21750,0.231250,0.768750,7.832683e-01,5.227998e-01,6.554348e-01,1.319554e-01,1.208087e-02,-1.004192e-02,3.392507e-02,5.191484e-02
8.22000,0.231250,0.768750,7.833388e-01,5.228286e-01,6.554960e-01,1.319485e-01,1.197119e-02,-9.976078e-03,3.382630e-02,5.191257e-02
8.22250,0.231250,0.768750,7.834092e-01,5.228573e-01,6.555618e-01,1.319416e-01,1.186226e-02,-9.910529e-03,3.372859e-02,5.191030e-02
8.22500,0.231250,0.768750,7.834798e-01,5.228861e-01,6.556321e-01,1.319348e-01,1.175399e-02,-9.845168e-03,3.363180e-02,5.190804e-02
8.22750,0.231250,0.768750,7.835504e-01,5.229148e-01,6.557069e-01,1.319280e-01,1.164643e-02,-9.780043e-03,3.353575e-02,5.190579e-02
8.23000,0.231250,0.768750,7.836211e-01,5.229436e-01,6.557862e-01,1.319212e-01,1.153973e-02,-9.715324e-03,3.344039e-02,5.190355e-02
8.23250,0.231250,0.768750,7.836918e-01,5.229723e-01,6.558701e-01,1.319144e-01,1.143386e-02,-9.651082e-03,3.334556e-02,5.190132e-02
8.23500,0.231250,0.768750,7.837626e-01,5.230010e-01,6.559584e-01,1.319077e-01,1.132864e-02,-9.587323e-03,3.325107e-02,5.189910e-02
8.23750,0.231250,0.768750,7.838335e-01,5.230297e-01,6.560512e-01,1.319011e-01,1.122386e-02,-9.523978e-03,3.315685e-02,5.189690e-02
8.24000,0.231250,0.768750,7.839044e-01,5.230583e-01,6.561485e-01,1.318944e-01,1.111936e-02,-9.460880e-03,3.306275e-02,5.189470e-02
8.24250,0.231250,0.768750,7.839754e-01,5.230870e-01,6.562503e-01,1.318879e-01,1.101511e-02,-9.398388e-03,3.296870e-02,5.189252e-02
8.24500,0.231250,0.768750,7.840465e-01,5.231156e-01,6.563565e-01,1.318813e-01,1.091078e-02,-9.336506e-03,3.287459e-02,5.189034e-02
8.24750,0.231250,0.768750,7.841176e-01,5.231442e-01,6.564673e-01,1.318748e-01,1.080618e-02,-9.275048e-03,3.278015e-02,5.188818e-02
8.25000,0.231250,0.768750,7.841889e-01,5.231728e-01,6.565825e-01,1.318683e-01,1.070118e-02,-9.214060e-03,3.268494e-02,5.188604e-02
8.25250,0.231250,0.768750,7.842602e-01,5.232014e-01,6.567023e-01,1.318619e-01,1.059577e-02,-9.153298e-03,3.258783e-02,5.188390e-02
8.25500,0.231250,0.768750,7.843316e-01,5.232300e-01,6.568267e-01,1.318555e-01,1.048971e-02,-9.092485e-03,3.248860e-02,5.188178e-02
8.25750,0.231250,0.768750,7.844031e-01,5.232586e-01,6.569556e-01,1.318491e-01,1.038296e-02,-9.031435e-03,3.239157e-02,5.187966e-02
8.26000,0.231250,0.768750,7.844746e-01,5.232871e-01,6.570892e-01,1.318428e-01,1.027601e-02,-8.970436e-03,3.229706e-02,5.187757e-02
8.26250,0.231250,0.768750,7.845463e-01,5.233157e-01,6.572275e-01,1.318365e-01,1.016914e-02,-8.909640e-03,3.220416e-02,5.187548e-02
8.26500,0.231250,0.768750,7.846180e-01,5.233442e-01,6.573704e-01,1.318302e-01,1.006232e-02,-8.848949e-03,3.211245e-02,5.187341e-02
8.26750,0.231250,0.768750,7.846898e-01,5.233727e-01,6.575180e-01,1.318240e-01,9.955583e-03,-8.788130e-03,3.202168e-02,5.187134e-02
8.27000,0.231250,0.768750,7.847617e-01,5.234012e-01,6.576704e-01,1.318178e-01,9.849113e-03,-8.727222e-03,3.193183e-02,5.186930e-02
8.27250,0.231250,0.768750,7.848337e-01,5.234297e-01,6.578274e-01,1.318116e-01,9.743011e-03,-8.666379e-03,3.184286e-02,5.186726e-02
8.27500,0.231250,0.768750,7.849058e-01,5.234581e-01,6.579892e-01,1.318055e-01,9.637145e-03,-8.605960e-03,3.175471e-02,5.186523e-02
8.27750,0.231250,0.768750,7.849780e-01,5.234866e-01,6.581556e-01,1.317995e-01,9.531262e-03,-8.545828e-03,3.166739e-02,5.186322e-02
8.28000,0.231250,0.768750,7.850503e-01,5.235150e-01,6.583267e-01,1.317934e-01,9.425070e-03,-8.485765e-03,3.158085e-02,5.186121e-02
8.28250,0.231250,0.768750,7.851227e-01,5.235435e-01,6.585025e-01,1.317874e-01,9.318549e-03,-8.425718e-03,3.149501e-02,5.185921e-02
8.28500,0.231250,0.768750,7.851951e-01,5.235719e-01,6.586831e-01,1.317815e-01,9.211875e-03,-8.365714e-03,3.140981e-02,5.185722e-02
8.28750,0.231250,0.768750,7.852677e-01,5.236003e-01,6.588683e-01,1.317755e-01,9.105232e-03,-8.305817e-03,3.132513e-02,5.185524e-02
8.29000,0.231250,0.768750,7.853404e-01,5.236287e-01,6.590583e-01,1.317697e-01,8.998919e-03,-8.246313e-03,3.124088e-02,5.185327e-02
8.29250,0.231250,0.768750,7.854131e-01,5.236571e-01,6.592530e-01,1.317638e-01,8.893152e-03,-8.187525e-03,3.115713e-02,5.185130e-02
8.29500,0.231250,0.768750,7.854860e-01,5.236855e-01,6.594525e-01,1.317580e-01,8.787791e-03,-8.129356e-03,3.107384e-02,5.184933e-02
8.29750,0.231250,0.768750,7.855590e-01,5.237138e-01,6.596568e-01,1.317522e-01,8.682680e-03,-8.071747e-03,3.099093e-02,5.184737e-02
8.30000,0.231250,0.768750,7.856321e-01,5.237422e-01,6.598659e-01,1.317465e-01,8.577770e-03,-8.014696e-03,3.090823e-02,5.184541e-02
8.30250,0.231250,0.768750,7.857053e-01,5.237705e-01,6.600800e-01,1.317408e-01,8.473198e-03,-7.958265e-03,3.082559e-02,5.184345e-02
8.30500,0.231250,0.768750,7.857786e-01,5.237988e-01,6.602990e-01,1.317352e-01,8.368892e-03,-7.902295e-03,3.074289e-02,5.184150e-02
8.30750,0.231250,0.768750,7.858520e-01,5.238272e-01,6.605230e-01,1.317296e-01,8.264760e-03,-7.846615e-03,3.065985e-02,5.183955e-02
8.31000,0.231250,0.768750,7.859255e-01,5.238555e-01,6.607520e-01,1.317240e-01,8.160757e-03,-7.790778e-03,3.057558e-02,5.183760e-02
8.31250,0.231250,0.768750,7.859991e-01,5.238838e-01,6.609861e-01,1.317185e-01,8.056667e-03,-7.734431e-03,3.048978e-02,5.183566e-02
8.31500,0.231250,0.768750,7.860729e-01,5.239121e-01,6.612252e-01,1.317130e-01,7.952497e-03,-7.677371e-03,3.040212e-02,5.183372e-02
8.31750,0.231250,0.768750,7.861467e-01,5.239404e-01,6.614696e-01,1.317075e-01,7.848157e-03,-7.619384e-03,3.031212e-02,5.183178e-02
8.32000,0.231250,0.768750,7.862207e-01,5.239686e-01,6.617190e-01,1.317021e-01,7.743530e-03,-7.560285e-03,3.021912e-02,5.182985e-02
8.32250,0.231250,0.768750,7.862948e-01,5.239969e-01,6.619737e-01,1.316968e-01,7.638565e-03,-7.499941e-03,3.012277e-02,5.182793e-02
8.32500,0.231250,0.768750,7.863690e-01,5.240252e-01,6.622336e-01,1.316915e-01,7.533075e-03,-7.438330e-03,3.002893e-02,5.182601e-02
8.32750,0.231250,0.768750,7.864433e-01,5.240534e-01,6.624987e-01,1.316862e-01,7.427753e-03,-7.376494e-03,2.993791e-02,5.182411e-02
8.33000,0.231250,0.768750,7.865177e-01,5.240817e-01,6.627690e-01,1.316810e-01,7.322929e-03,-7.315007e-03,2.984846e-02,5.182221e-02
8.33250,0.231250,0.768750,7.865923e-01,5.241099e-01,6.630445e-01,1.316758e-01,7.218394e-03,-7.253706e-03,2.976018e-02,5.182033e-02
8.33500,0.231250,0.768750,7.866670e-01,5.241381e-01,6.633252e-01,1.316706e-01,7.113836e-03,-7.192427e-03,2.967293e-02,5.181846e-02
8.33750,0.231250,0.768750,7.867418e-01,5.241663e-01,6.636112e-01,1.316655e-01,7.009395e-03,-7.131124e-03,2.958669e-02,5.181660e-02
8.34000,0.231250,0.768750,7.868167e-01,5.241945e-01,6.639023e-01,1.316604e-01,6.905134e-03,-7.069659e-03,2.950142e-02,5.181475e-02
8.34250,0.231250,0.768750,7.868917e-01,5.242227e-01,6.641987e-01,1.316554e-01,6.801162e-03,-7.008122e-03,2.941706e-02,5.181291e-02
8.34500,0.231250,0.768750,7.869669e-01,5.242509e-01,6.645003e-01,1.316504e-01,6.697637e-03,-6.946586e-03,2.933359e-02,5.181109e-02
8.34750,0.231250,0.768750,7.870422e-01,5.242791e-01,6.648071e-01,1.316455e-01,6.594609e-03,-6.884986e-03,2.925094e-02,5.180928e-02
8.35000,0.231250,0.768750,7.871176e-01,5.243073e-01,6.651191e-01,1.316406e-01,6.492310e-03,-6.823484e-03,2.916912e-02,5.180749e-02
8.35250,0.231250,0.768750,7.871931e-01,5.243355e-01,6.654363e-01,1.316357e-01,6.390709e-03,-6.762119e-03,2.908821e-02,5.180571e-02
8.35500,0.231250,0.768750,7.872688e-01,5.243636e-01,6.657586e-01,1.316309e-01,6.289704e-03,-6.701049e-03,2.900820e-02,5.180394e-02
8.35750,0.231250,0.768750,7.873445e-01,5.243918e-01,6.660862e-01,1.316261e-01,6.189267e-03,-6.640343e-03,2.892907e-02,5.180218e-02
8.36000,0.231250,0.768750,7.874205e-01,5.244199e-01,6.664189e-01,1.316214e-01,6.089452e-03,-6.580046e-03,2.885075e-02,5.180044e-02
8.36250,0.231250,0.768750,7.874965e-01,5.244481e-01,6.667567e-01,1.316166e-01,5.990233e-03,-6.520231e-03,2.877318e-02,5.179870e-02
8.36500,0.231250,0.768750,7.875727e-01,5.244762e-01,6.670996e-01,1.316120e-01,5.891421e-03,-6.461208e-03,2.869636e-02,5.179698e-02
8.36750,0.231250,0.768750,7.876490e-01,5.245044e-01,6.674475e-01,1.316074e-01,5.792946e-03,-6.402940e-03,2.862026e-02,5.179527e-02
8.37000,0.231250,0.768750,7.877254e-01,5.245325e-01,6.678005e-01,1.316028e-01,5.694779e-03,-6.345351e-03,2.854483e-02,5.179357e-02
8.37250,0.231250,0.768750,7.878020e-01,5.245606e-01,6.681585e-01,1.315982e-01,5.596882e-03,-6.288690e-03,2.846992e-02,5.179187e-02
8.37500,0.231250,0.768750,7.878787e-01,5.245887e-01,6.685214e-01,1.315937e-01,5.499152e-03,-6.232640e-03,2.839535e-02,5.179018e-02
8.37750,0.231250,0.768750,7.879555e-01,5.246168e-01,6.688893e-01,1.315893e-01,5.401515e-03,-6.176892e-03,2.832104e-02,5.178850e-02
8.38000,0.231250,0.768750,7.880325e-01,5.246449e-01,6.692622e-01,1.315848e-01,5.304012e-03,-6.121260e-03,2.824674e-02,5.178681e-02
8.38250,0.231250,0.768750,7.881096e-01,5.246730e-01,6.696399e-01,1.315805e-01,5.206653e-03,-6.065602e-03,2.817238e-02,5.178513e-02
8.38500,0.231250,0.768750,7.881868e-01,5.247011e-01,6.700225e-01,1.315761e-01,5.109348e-03,-6.009822e-03,2.809785e-02,5.178346e-02
8.38750,0.231250,0.768750,7.882642e-01,5.247292e-01,6.704100e-01,1.315718e-01,5.012020e-03,-5.953862e-03,2.802293e-02,5.178178e-02
8.39000,0.231250,0.768750,7.883416e-01,5.247573e-01,6.708024e-01,1.315676e-01,4.914603e-03,-5.897601e-03,2.794740e-02,5.178011e-02
8.39250,0.231250,0.768750,7.884193e-01,5.247854e-01,6.711997e-01,1.315634e-01,4.817106e-03,-5.840976e-03,2.787102e-02,5.177844e-02
8.39500,0.231250,0.768750,7.884971e-01,5.248134e-01,6.716019e-01,1.315592e-01,4.719460e-03,-5.783880e-03,2.779415e-02,5.177678e-02
8.39750,0.231250,0.768750,7.885750e-01,5.248415e-01,6.720089e-01,1.315551e-01,4.621808e-03,-5.726462e-03,2.771925e-02,5.177512e-02
8.40000,0.231250,0.768750,7.886530e-01,5.248696e-01,6.724208e-01,1.315510e-01,4.524663e-03,-5.669407e-03,2.764580e-02,5.177346e-02
8.40250,0.231250,0.768750,7.887312e-01,5.248976e-01,6.728376e-01,1.315470e-01,4.427927e-03,-5.612677e-03,2.757343e-02,5.177180e-02
8.40500,0.231250,0.768750,7.888095e-01,5.249257e-01,6.732592e-01,1.315430e-01,4.331456e-03,-5.556134e-03,2.750197e-02,5.177015e-02
8.40750,0.231250,0.768750,7.888879e-01,5.249537e-01,6.736856e-01,1.315390e-01,4.235286e-03,-5.499894e-03,2.743137e-02,5.176850e-02
8.41000,0.231250,0.768750,7.889665e-01,5.249818e-01,6.741169e-01,1.315351e-01,4.139414e-03,-5.444099e-03,2.736161e-02,5.176686e-02
8.41250,0.231250,0.768750,7.890453e-01,5.250098e-01,6.745530e-01,1.315312e-01,4.043633e-03,-5.388670e-03,2.729269e-02,5.176522e-02
8.41500,0.231250,0.768750,7.891241e-01,5.250379e-01,6.749938e-01,1.315274e-01,3.947760e-03,-5.333525e-03,2.722458e-02,5.176359e-02
8.41750,0.231250,0.768750,7.892032e-01,5.250659e-01,6.754395e-01,1.315236e-01,3.851757e-03,-5.278474e-03,2.715729e-02,5.176197e-02
8.42000,0.231250,0.768750,7.892823e-01,5.250939e-01,6.758901e-01,1.315199e-01,3.755701e-03,-5.223420e-03,2.709084e-02,5.176035e-02
8.42250,0.231250,0.768750,7.893616e-01,5.251220e-01,6.763454e-01,1.315162e-01,3.659727e-03,-5.168470e-03,2.702522e-02,5.175875e-02
8.42500,0.231250,0.768750,7.894410e-01,5.251500e-01,6.768056e-01,1.315125e-01,3.563974e-03,-5.113663e-03,2.696042e-02,5.175716e-02
8.42750,0.231250,0.768750,7.895206e-01,5.251780e-01,6.772707e-01,1.315089e-01,3.468566e-03,-5.059024e-03,2.689642e-02,5.175558e-02
8.43000,0.231250,0.768750,7.896003e-01,5.252060e-01,6.777406e-01,1.315053e-01,3.373545e-03,-5.004533e-03,2.683318e-02,5.175401e-02
8.43250,0.231250,0.768750,7.896801e-01,5.252340e-01,6.782154e-01,1.315017e-01,3.278810e-03,-4.949992e-03,2.677056e-02,5.175246e-02
8.43500,0.231250,0.768750,7.897601e-01,5.252620e-01,6.786952e-01,1.314982e-01,3.184171e-03,-4.895279e-03,2.670838e-02,5.175091e-02
8.43750,0.231250,0.768750,7.898403e-01,5.252900e-01,6.791799e-01,1.314948e-01,3.089418e-03,-4.840407e-03,2.664652e-02,5.174938e-02
8.44000,0.231250,0.768750,7.899205e-01,5.253180e-01,6.796696e-01,1.314914e-01,2.994568e-03,-4.785393e-03,2.658486e-02,5.174786e-02
8.44250,0.231250,0.768750,7.900010e-01,5.253460e-01,6.801644e-01,1.314880e-01,2.899669e-03,-4.730259e-03,2.652319e-02,5.174636e-02
8.44500,0.231250,0.768750,7.900815e-01,5.253740e-01,6.806643e-01,1.314846e-01,2.804696e-03,-4.675091e-03,2.646134e-02,5.174486e-02
8.44750,0.231250,0.768750,7.901622e-01,5.254020e-01,6.811692e-01,1.314813e-01,2.709691e-03,-4.620218e-03,2.639915e-02,5.174337e-02
8.45000,0.231250,0.768750,7.902431e-01,5.254300e-01,6.816794e-01,1.314781e-01,2.614738e-03,-4.565897e-03,2.633642e-02,5.174190e-02
8.45250,0.231250,0.768750,7.903240e-01,5.254580e-01,6.821947e-01,1.314749e-01,2.519704e-03,-4.512044e-03,2.627294e-02,5.174043e-02
8.45500,0.231250,0.768750,7.904052e-01,5.254860e-01,6.827152e-01,1.314717e-01,2.424616e-03,-4.458545e-03,2.620848e-02,5.173897e-02
8.45750,0.231250,0.768750,7.904865e-01,5.255140e-01,6.832409e-01,1.314685e-01,2.329380e-03,-4.405219e-03,2.614262e-02,5.173751e-02
8.46000,0.231250,0.768750,7.905679e-01,5.255420e-01,6.837717e-01,1.314655e-01,2.233904e-03,-4.351583e-03,2.607658e-02,5.173606e-02
8.46250,0.231250,0.768750,7.906494e-01,5.255700e-01,6.843077e-01,1.314624e-01,2.138308e-03,-4.297544e-03,2.601292e-02,5.173462e-02
8.46500,0.231250,0.768750,7.907311e-01,5.255979e-01,6.848489e-01,1.314594e-01,2.043199e-03,-4.243682e-03,2.595066e-02,5.173318e-02
8.46750,0.231250,0.768750,7.908130e-01,5.256259e-01,6.853951e-01,1.314564e-01,1.948586e-03,-4.190026e-03,2.588938e-02,5.173174e-02
8.47000,0.231250,0.768750,7.908950e-01,5.256539e-01,6.859464e-01,1.314535e-01,1.854486e-03,-4.136437e-03,2.582899e-02,5.173030e-02
8.47250,0.231250,0.768750,7.909771e-01,5.256819e-01,6.865027e-01,1.314506e-01,1.760859e-03,-4.082751e-03,2.576950e-02,5.172887e-02
8.47500,0.231250,0.768750,7.910594e-01,5.257098e-01,6.870640e-01,1.314478e-01,1.667631e-03,-4.028993e-03,2.571093e-02,5.172744e-02
8.47750,0.231250,0.768750,7.911418e-01,5.257378e-01,6.876302e-01,1.314450e-01,1.574703e-03,-3.975254e-03,2.565323e-02,5.172601e-02
8.48000,0.231250,0.768750,7.912244e-01,5.257658e-01,6.882014e-01,1.314422e-01,1.482084e-03,-3.921723e-03,2.559635e-02,5.172458e-02
8.48250,0.231250,0.768750,7.913071e-01,5.257937e-01,6.887774e-01,1.314395e-01,1.389716e-03,-3.868429e-03,2.554026e-02,5.172316e-02
8.48500,0.231250,0.768750,7.913900e-01,5.258217e-01,6.893583e-01,1.314369e-01,1.297515e-03,-3.815264e-03,2.548495e-02,5.172173e-02
8.48750,0.231250,0.768750,7.914730e-01,5.258497e-01,6.899440e-01,1.314342e-01,1.205318e-03,-3.762077e-03,2.543045e-02,5.172031e-02
8.49000,0.231250,0.768750,7.915561e-01,5.258776e-01,6.905347e-01,1.314316e-01,1.112905e-03,-3.708801e-03,2.537676e-02,5.171889e-02
8.49250,0.231250,0.768750,7.916394e-01,5.259056e-01,6.911303e-01,1.314291e-01,1.020326e-03,-3.655737e-03,2.532389e-02,5.171747e-02
8.49500,0.231250,0.768750,7.917229e-01,5.259335e-01,6.917308e-01,1.314266e-01,9.277703e-04,-3.603079e-03,2.527187e-02,5.171606e-02
8.49750,0.231250,0.768750,7.918064e-01,5.259615e-01,6.923363e-01,1.314241e-01,8.355270e-04,-3.550809e-03,2.522070e-02,5.171465e-02
8.50000,0.231250,0.768750,7.918902e-01,5.259894e-01,6.929469e-01,1.314217e-01,7.438402e-04,-3.498918e-03,2.517036e-02,5.171325e-02
8.50250,0.231250,0.768750,7.919740e-01,5.260174e-01,6.935625e-01,1.314193e-01,6.527502e-04,-3.447177e-03,2.512080e-02,5.171186e-02
8.50500,0.231250,0.768750,7.920581e-01,5.260453e-01,6.941832e-01,1.314170e-01,5.623348e-04,-3.395443e-03,2.507196e-02,5.171048e-02
8.50750,0.231250,0.768750,7.921422e-01,5.260733e-01,6.948090e-01,1.314147e-01,4.724442e-04,-3.343530e-03,2.502383e-02,5.170910e-02
8.51000,0.231250,0.768750,7.922265e-01,5.261012e-01,6.954399e-01,1.314124e-01,3.828768e-04,-3.291524e-03,2.497638e-02,5.170774e-02
8.51250,0.231250,0.768750,7.923110e-01,5.261292e-01,6.960759e-01,1.314102e-01,2.937020e-04,-3.239650e-03,2.492960e-02,5.170639e-02
8.51500,0.231250,0.768750,7.923956e-01,5.261571e-01,6.967170e-01,1.314080e-01,2.050488e-04,-3.188206e-03,2.488342e-02,5.170505e-02
8.51750,0.231250,0.768750,7.924803e-01,5.261851e-01,6.973632e-01,1.314059e-01,1.169930e-04,-3.137288e-03,2.483782e-02,5.170373e-02
8.52000,0.231250,0.768750,7.925652e-01,5.262130e-01,6.980145e-01,1.314038e-01,2.947630e-05,-3.086827e-03,2.479276e-02,5.170241e-02
8.52250,0.231250,0.768750,7.926503e-01,5.262410e-01,6.986708e-01,1.314017e-01,-5.747279e-05,-3.036827e-03,2.474819e-02,5.170111e-02
8.52500,0.231250,0.768750,7.927354e-01,5.262689e-01,6.993322e-01,1.313997e-01,-1.439043e-04,-2.987387e-03,2.470407e-02,5.169982e-02
8.52750,0.231250,0.768750,7.928208e-01,5.262969e-01,6.999986e-01,1.313977e-01,-2.297466e-04,-2.938757e-03,2.466026e-02,5.169854e-02
8.53000,0.231250,0.768750,7.929062e-01,5.263248e-01,7.006701e-01,1.313958e-01,-3.150521e-04,-2.890872e-03,2.461727e-02,5.169727e-02
8.53250,0.231250,0.768750,7.929918e-01,5.263527e-01,7.013466e-01,1.313939e-01,-3.998687e-04,-2.843770e-03,2.457553e-02,5.169601e-02
8.53500,0.231250,0.768750,7.930833e-01,5.263807e-01,7.020282e-01,1.313920e-01,-4.841719e-04,-2.797488e-03,2.453476e-02,5.169475e-02
8.53750,0.231250,0.768750,7.931755e-01,5.264086e-01,7.027148e-01,1.313902e-01,-5.680277e-04,-2.752036e-03,2.449487e-02,5.169351e-02
8.54000,0.231250,0.768750,7.932679e-01,5.264366e-01,7.034065e-01,1.313884e-01,-6.514120e-04,-2.707520e-03,2.445580e-02,5.169227e-02
8.54250,0.231250,0.768750,7.933604e-01,5.264645e-01,7.041034e-01,1.313867e-01,-7.343303e-04,-2.663662e-03,2.441759e-02,5.169104e-02
8.54500,0.231250,0.768750,7.934532e-01,5.264924e-01,7.048054e-01,1.313850e-01,-8.169485e-04,-2.620140e-03,2.438016e-02,5.168981e-02
8.54750,0.231250,0.768750,7.935460e-01,5.265204e-01,7.055125e-01,1.313833e-01,-8.993883e-04,-2.576791e-03,2.434342e-02,5.168859e-02
8.55000,0.231250,0.768750,7.936391e-01,5.265483e-01,7.062249e-01,1.313817e-01,-9.816723e-04,-2.533708e-03,2.430735e-02,5.168737e-02
8.55250,0.231250,0.768750,7.937323e-01,5.265762e-01,7.069425e-01,1.313801e-01,-1.063910e-03,-2.490904e-03,2.427188e-02,5.168615e-02
8.55500,0.231250,0.768750,7.938256e-01,5.266042e-01,7.076653e-01,1.313786e-01,-1.146066e-03,-2.448325e-03,2.423693e-02,5.168494e-02
8.55750,0.231250,0.768750,7.939192e-01,5.266321e-01,7.083934e-01,1.313771e-01,-1.228275e-03,-2.405779e-03,2.420248e-02,5.168373e-02
8.56000,0.231250,0.768750,7.940129e-01,5.266600e-01,7.091268e-01,1.313757e-01,-1.310623e-03,-2.362982e-03,2.416851e-02,5.168252e-02
8.56250,0.231250,0.768750,7.941067e-01,5.266880e-01,7.098653e-01,1.313743e-01,-1.393098e-03,-2.319723e-03,2.413499e-02,5.168131e-02
8.56500,0.231250,0.768750,7.942007e-01,5.267159e-01,7.106091e-01,1.313729e-01,-1.475964e-03,-2.275840e-03,2.410187e-02,5.168010e-02
8.56750,0.231250,0.768750,7.942949e-01,5.267438e-01,7.113579e-01,1.313715e-01,-1.559400e-03,-2.231384e-03,2.406912e-02,5.167889e-02
8.57000,0.231250,0.768750,7.943893e-01,5.267718e-01,7.121119e-01,1.313702e-01,-1.643318e-03,-2.186582e-03,2.403675e-02,5.167769e-02
8.57250,0.231250,0.768750,7.944838e-01,5.267997e-01,7.128708e-01,1.313690e-01,-1.727438e-03,-2.141568e-03,2.400471e-02,5.167649e-02
8.57500,0.231250,0.768750,7.945784e-01,5.268276e-01,7.136347e-01,1.313678e-01,-1.811598e-03,-2.096260e-03,2.397296e-02,5.167530e-02
8.57750,0.231250,0.768750,7.946732e-01,5.268556e-01,7.144034e-01,1.313666e-01,-1.895685e-03,-2.050645e-03,2.394146e-02,5.167411e-02
8.58000,0.231250,0.768750,7.947682e-01,5.268835e-01,7.151770e-01,1.313654e-01,-1.979636e-03,-2.004890e-03,2.391017e-02,5.167292e-02
8.58250,0.231250,0.768750,7.948634e-01,5.269114e-01,7.159555e-01,1.313643e-01,-2.063656e-03,-1.959030e-03,2.387902e-02,5.167174e-02
8.58500,0.231250,0.768750,7.949587e-01,5.269393e-01,7.167387e-01,1.313633e-01,-2.147853e-03,-1.913174e-03,2.384791e-02,5.167057e-02
8.58750,0.231250,0.768750,7.950541e-01,5.269673e-01,7.175267e-01,1.313622e-01,-2.232199e-03,-1.867282e-03,2.381667e-02,5.166940e-02
8.59000,0.231250,0.768750,7.951497e-01,5.269952e-01,7.183195e-01,1.313612e-01,-2.316596e-03,-1.821318e-03,2.378517e-02,5.166825e-02
8.59250,0.231250,0.768750,7.952455e-01,5.270231e-01,7.191170e-01,1.313603e-01,-2.401003e-03,-1.775307e-03,2.375326e-02,5.166710e-02
8.59500,0.231250,0.768750,7.953414e-01,5.270510e-01,7.199193e-01,1.313593e-01,-2.485441e-03,-1.729141e-03,2.372151e-02,5.166597e-02
8.59750,0.231250,0.768750,7.954375e-01,5.270790e-01,7.207264e-01,1.313584e-01,-2.569522e-03,-1.682924e-03,2.369120e-02,5.166484e-02
8.60000,0.231250,0.768750,7.955338e-01,5.271069e-01,7.215382e-01,1.313576e-01,-2.652682e-03,-1.637341e-03,2.366187e-02,5.166373e-02
8.60250,0.231250,0.768750,7.956302e-01,5.271348e-01,7.223549e-01,1.313568e-01,-2.734949e-03,-1.592566e-03,2.363331e-02,5.166262e-02
8.60500,0.231250,0.768750,7.957268e-01,5.271627e-01,7.231763e-01,1.313560e-01,-2.816415e-03,-1.548609e-03,2.360547e-02,5.166153e-02
8.60750,0.231250,0.768750,7.958235e-01,5.271907e-01,7.240024e-01,1.313553e-01,-2.896982e-03,-1.505416e-03,2.357829e-02,5.166044e-02
8.61000,0.231250,0.768750,7.959204e-01,5.272186e-01,7.248334e-01,1.313546e-01,-2.976690e-03,-1.462954e-03,2.355176e-02,5.165935e-02
8.61250,0.231250,0.768750,7.960174e-01,5.272465e-01,7.256691e-01,1.313539e-01,-3.055688e-03,-1.421220e-03,2.352586e-02,5.165827e-02
8.61500,0.231250,0.768750,7.961146e-01,5.272744e-01,7.265095e-01,1.313533e-01,-3.134134e-03,-1.380277e-03,2.350059e-02,5.165720e-02
8.61750,0.231250,0.768750,7.962119e-01,5.273024e-01,7.273546e-01,1.313527e-01,-3.212055e-03,-1.340153e-03,2.347597e-02,5.165614e-02
8.62000,0.231250,0.768750,7.963094e-01,5.273303e-01,7.282044e-01,1.313521e-01,-3.289470e-03,-1.300781e-03,2.345205e-02,5.165508e-02
8.62250,0.231250,0.768750,7.964071e-01,5.273582e-01,7.290588e-01,1.313516e-01,-3.366330e-03,-1.262079e-03,2.342875e-02,5.165403e-02
8.62500,0.231250,0.768750,7.965049e-01,5.273861e-01,7.299178e-01,1.313512e-01,-3.442612e-03,-1.223904e-03,2.340599e-02,5.165299e-02
8.62750,0.231250,0.768750,7.966029e-01,5.274140e-01,7.307814e-01,1.313507e-01,-3.518361e-03,-1.186089e-03,2.338380e-02,5.165195e-02
8.63000,0.231250,0.768750,7.967010e-01,5.274419e-01,7.316496e-01,1.313503e-01,-3.593700e-03,-1.148400e-03,2.336216e-02,5.165091e-02
8.63250,0.231250,0.768750,7.967993e-01,5.274699e-01,7.325224e-01,1.313500e-01,-3.668720e-03,-1.110562e-03,2.334101e-02,5.164988e-02
8.63500,0.231250,0.768750,7.968977e-01,5.274978e-01,7.333997e-01,1.313496e-01,-3.743682e-03,-1.072393e-03,2.332032e-02,5.164886e-02
8.63750,0.231250,0.768750,7.969963e-01,5.275257e-01,7.342817e-01,1.313493e-01,-3.818635e-03,-1.034040e-03,2.330002e-02,5.164784e-02
8.64000,0.231250,0.768750,7.970950e-01,5.275536e-01,7.351683e-01,1.313491e-01,-3.893253e-03,-9.956602e-04,2.328011e-02,5.164682e-02
8.64250,0.231250,0.768750,7.971939e-01,5.275815e-01,7.360594e-01,1.313489e-01,-3.967866e-03,-9.572938e-04,2.326058e-02,5.164582e-02
8.64500,0.231250,0.768750,7.972929e-01,5.276094e-01,7.369552e-01,1.313487e-01,-4.042605e-03,-9.188703e-04,2.324143e-02,5.164481e-02
8.64750,0.231250,0.768750,7.973921e-01,5.276374e-01,7.378556e-01,1.313485e-01,-4.117221e-03,-8.804458e-04,2.322260e-02,5.164381e-02
8.65000,0.231250,0.768750,7.974914e-01,5.276653e-01,7.387605e-01,1.313484e-01,-4.191670e-03,-8.421553e-04,2.320403e-02,5.164282e-02
8.65250,0.231250,0.768750,7.975909e-01,5.276932e-01,7.396700e-01,1.313483e-01,-4.265879e-03,-8.041916e-04,2.318573e-02,5.164184e-02
8.65500,0.231250,0.768750,7.976905e-01,5.277211e-01,7.405840e-01,1.313483e-01,-4.339867e-03,-7.667701e-04,2.316767e-02,5.164086e-02
8.65750,0.231250,0.768750,7.977903e-01,5.277490e-01,7.415025e-01,1.313483e-01,-4.413648e-03,-7.298661e-04,2.314982e-02,5.163989e-02
8.66000,0.231250,0.768750,7.978902e-01,5.277769e-01,7.424254e-01,1.313483e-01,-4.487433e-03,-6.933793e-04,2.313212e-02,5.163892e-02
8.66250,0.231250,0.768750,7.979903e-01,5.278048e-01,7.433528e-01,1.313484e-01,-4.561283e-03,-6.572919e-04,2.311452e-02,5.163797e-02
8.66500,0.231250,0.768750,7.980905e-01,5.278327e-01,7.442845e-01,1.313485e-01,-4.635133e-03,-6.211879e-04,2.309735e-02,5.163701e-02
8.66750,0.231250,0.768750,7.981909e-01,5.278606e-01,7.452206e-01,1.313486e-01,-4.708846e-03,-5.850172e-04,2.308089e-02,5.163607e-02
8.67000,0.231250,0.768750,7.982914e-01,5.278885e-01,7.461611e-01,1.313488e-01,-4.782217e-03,-5.491287e-04,2.306496e-02,5.163514e-02
8.67250,0.231250,0.768750,7.983920e-01,5.279164e-01,7.471059e-01,1.313490e-01,-4.855192e-03,-5.135340e-04,2.304948e-02,5.163421e-02
8.67500,0.231250,0.768750,7.984929e-01,5.279443e-01,7.480549e-01,1.313492e-01,-4.927658e-03,-4.786178e-04,2.303442e-02,5.163330e-02
8.67750,0.231250,0.768750,7.985938e-01,5.279722e-01,7.490082e-01,1.313495e-01,-4.999713e-03,-4.444570e-04,2.301977e-02,5.163238e-02
8.68000,0.231250,0.768750,7.986949e-01,5.280001e-01,7.499658e-01,1.313498e-01,-5.071490e-03,-4.107148e-04,2.300549e-02,5.163148e-02
8.68250,0.231250,0.768750,7.987962e-01,5.280280e-01,7.509275e-01,1.313502e-01,-5.143002e-03,-3.772430e-04,2.299156e-02,5.163057e-02
8.68500,0.231250,0.768750,7.988976e-01,5.280559e-01,7.518935e-01,1.313505e-01,-5.214204e-03,-3.439029e-04,2.297796e-02,5.162967e-02
8.68750,0.231250,0.768750,7.989992e-01,5.280838e-01,7.528637e-01,1.313510e-01,-5.285143e-03,-3.106165e-04,2.296467e-02,5.162878e-02
8.69000,0.231250,0.768750,7.991009e-01,5.281117e-01,7.538381e-01,1.313514e-01,-5.355804e-03,-2.773416e-04,2.295168e-02,5.162788e-02
8.69250,0.231250,0.768750,7.992027e-01,5.281396e-01,7.548168e-01,1.313519e-01,-5.426121e-03,-2.439160e-04,2.293896e-02,5.162700e-02
8.69500,0.231250,0.768750,7.993047e-01,5.281675e-01,7.557998e-01,1.313524e-01,-5.495843e-03,-2.105920e-04,2.292649e-02,5.162612e-02
8.69750,0.231250,0.768750,7.994068e-01,5.281954e-01,7.567870e-01,1.313530e-01,-5.564894e-03,-1.775750e-04,2.291427e-02,5.162524e-02
8.70000,0.231250,0.768750,7.995091e-01,5.282233e-01,7.577785e-01,1.313536e-01,-5.633177e-03,-1.449828e-04,2.290227e-02,5.162438e-02
8.70250,0.231250,0.768750,7.996115e-01,5.282512e-01,7.587743e-01,1.313542e-01,-5.700688e-03,-1.127900e-04,2.289048e-02,5.162352e-02
8.70500,0.231250,0.768750,7.997141e-01,5.282790e-01,7.597744e-01,1.313549e-01,-5.767604e-03,-8.088365e-05,2.287884e-02,5.162267e-02
8.70750,0.231250,0.768750,7.998168e-01,5.283069e-01,7.607780e-01,1.313556e-01,-5.834063e-03,-4.899002e-05,2.286732e-02,5.162182e-02
8.71000,0.231250,0.768750,7.999197e-01,5.283348e-01,7.617858e-01,1.313563e-01,-5.900029e-03,-1.703889e-05,2.285588e-02,5.162098e-02
8.71250,0.231250,0.768750,8.000227e-01,5.283627e-01,7.627979e-01,1.313571e-01,-5.965544e-03,1.511620e-05,2.284447e-02,5.162015e-02
8.71500,0.231250,0.768750,8.001258e-01,5.283906e-01,7.638141e-01,1.313579e-01,-6.030785e-03,4.746549e-05,2.283305e-02,5.161932e-02
8.71750,0.231250,0.768750,8.002291e-01,5.284184e-01,7.648344e-01,1.313588e-01,-6.096057e-03,7.997848e-05,2.282159e-02,5.161850e-02
8.72000,0.231250,0.768750,8.003325e-01,5.284463e-01,7.658589e-01,1.313596e-01,-6.161423e-03,1.126853e-04,2.281004e-02,5.161769e-02
8.72250,0.231250,0.768750,8.004361e-01,5.284742e-01,7.668874e-01,1.313605e-01,-6.227015e-03,1.456893e-04,2.279832e-02,5.161689e-02
8.72500,0.231250,0.768750,8.005398e-01,5.285020e-01,7.679200e-01,1.313615e-01,-6.293026e-03,1.790487e-04,2.278663e-02,5.161610e-02
8.72750,0.231250,0.768750,8.006437e-01,5.285299e-01,7.689566e-01,1.313624e-01,-6.359391e-03,2.126032e-04,2.277551e-02,5.161531e-02
8.73000,0.231250,0.768750,8.007477e-01,5.285578e-01,7.699971e-01,1.313634e-01,-6.425937e-03,2.461423e-04,2.276477e-02,5.161453e-02
8.73250,0.231250,0.768750,8.008518e-01,5.285856e-01,7.710417e-01,1.313644e-01,-6.492629e-03,2.796693e-04,2.275429e-02,5.161376e-02
8.73500,0.231250,0.768750,8.009561e-01,5.286135e-01,7.720902e-01,1.313655e-01,-6.559457e-03,3.131359e-04,2.274403e-02,5.161299e-02
8.73750,0.231250,0.768750,8.010606e-01,5.286413e-01,7.731427e-01,1.313666e-01,-6.626326e-03,3.464961e-04,2.273399e-02,5.161223e-02
8.74000,0.231250,0.768750,8.011651e-01,5.286692e-01,7.741991e-01,1.313677e-01,-6.693119e-03,3.797845e-04,2.272415e-02,5.161148e-02
8.74250,0.231250,0.768750,8.012769e-01,5.286970e-01,7.752595e-01,1.313689e-01,-6.759605e-03,4.128316e-04,2.271452e-02,5.161073e-02
8.74500,0.231250,0.768750,8.013900e-01,5.287249e-01,7.763238e-01,1.313701e-01,-6.825710e-03,4.455783e-04,2.270509e-02,5.160999e-02
8.74750,0.231250,0.768750,8.015033e-01,5.287527e-01,7.773920e-01,1.313713e-01,-6.891377e-03,4.778809e-04,2.269587e-02,5.160925e-02
8.75000,0.231250,0.768750,8.016168e-01,5.287806e-01,7.784642e-01,1.313726e-01,-6.956587e-03,5.095741e-04,2.268684e-02,5.160852e-02
8.75250,0.231250,0.768750,8.017304e-01,5.288084e-01,7.795404e-01,1.313739e-01,-7.021366e-03,5.406829e-04,2.267802e-02,5.160779e-02
8.75500,0.231250,0.768750,8.018441e-01,5.288362e-01,7.806204e-01,1.313752e-01,-7.085765e-03,5.713663e-04,2.266936e-02,5.160706e-02
8.75750,0.231250,0.768750,8.019580e-01,5.288641e-01,7.817044e-01,1.313766e-01,-7.149888e-03,6.018231e-04,2.266087e-02,5.160634e-02
8.76000,0.231250,0.768750,8.020721e-01,5.288919e-01,7.827922e-01,1.313780e-01,-7.213718e-03,6.319965e-04,2.265251e-02,5.160562e-02
8.76250,0.231250,0.768750,8.021863e-01,5.289197e-01,7.838839e-01,1.313794e-01,-7.277321e-03,6.618019e-04,2.264431e-02,5.160490e-02
8.76500,0.231250,0.768750,8.023007e-01,5.289476e-01,7.849792e-01,1.313809e-01,-7.340689e-03,6.912835e-04,2.263622e-02,5.160419e-02
8.76750,0.231250,0.768750,8.024152e-01,5.289754e-01,7.860783e-01,1.313824e-01,-7.403905e-03,7.204248e-04,2.262825e-02,5.160347e-02
8.77000,0.231250,0.768750,8.025298e-01,5.290032e-01,7.871810e-01,1.313839e-01,-7.466914e-03,7.492331e-04,2.262037e-02,5.160277e-02
8.77250,0.231250,0.768750,8.026446e-01,5.290310e-01,7.882873e-01,1.313855e-01,-7.529391e-03,7.777215e-04,2.261261e-02,5.160207e-02
8.77500,0.231250,0.768750,8.027596e-01,5.290588e-01,7.893971e-01,1.313871e-01,-7.591133e-03,8.059039e-04,2.260496e-02,5.160137e-02
8.77750,0.231250,0.768750,8.028747e-01,5.290866e-01,7.905104e-01,1.313887e-01,-7.652069e-03,8.338069e-04,2.259738e-02,5.160069e-02
8.78000,0.231250,0.768750,8.029899e-01,5.291144e-01,7.916271e-01,1.313903e-01,-7.712036e-03,8.615497e-04,2.258985e-02,5.160001e-02
8.78250,0.231250,0.768750,8.031053e-01,5.291422e-01,7.927472e-01,1.313920e-01,-7.771142e-03,8.891225e-04,2.258233e-02,5.159933e-02
8.78500,0.231250,0.768750,8.032209e-01,5.291700e-01,7.938707e-01,1.313938e-01,-7.829713e-03,9.165603e-04,2.257481e-02,5.159867e-02
8.78750,0.231250,0.768750,8.033366e-01,5.291978e-01,7.949977e-01,1.313955e-01,-7.887971e-03,9.440518e-04,2.256731e-02,5.159802e-02
8.79000,0.231250,0.768750,8.034525e-01,5.292256e-01,7.961279e-01,1.313973e-01,-7.945944e-03,9.715505e-04,2.256005e-02,5.159737e-02
8.79250,0.231250,0.768750,8.035684e-01,5.292534e-01,7.972616e-01,1.313991e-01,-8.003417e-03,9.987564e-04,2.255301e-02,5.159674e-02
8.79500,0.231250,0.768750,8.036846e-01,5.292812e-01,7.983986e-01,1.314010e-01,-8.060270e-03,1.025582e-03,2.254615e-02,5.159612e-02
8.79750,0.231250,0.768750,8.038009e-01,5.293089e-01,7.995390e-01,1.314029e-01,-8.116490e-03,1.052013e-03,2.253943e-02,5.159551e-02
8.80000,0.231250,0.768750,8.039173e-01,5.293367e-01,8.006827e-01,1.314048e-01,-8.172049e-03,1.078031e-03,2.253285e-02,5.159490e-02
8.80250,0.231250,0.768750,8.040339e-01,5.293645e-01,8.018298e-01,1.314067e-01,-8.227057e-03,1.103618e-03,2.252641e-02,5.159431e-02
8.80500,0.231250,0.768750,8.041507e-01,5.293922e-01,8.029802e-01,1.314087e-01,-8.281609e-03,1.128720e-03,2.252012e-02,5.159373e-02
8.80750,0.231250,0.768750,8.042675e-01,5.294200e-01,8.041339e-01,1.314107e-01,-8.335895e-03,1.153318e-03,2.251397e-02,5.159315e-02
8.81000,0.231250,0.768750,8.043846e-01,5.294477e-01,8.052909e-01,1.314127e-01,-8.390151e-03,1.177509e-03,2.250794e-02,5.159258e-02
8.81250,0.231250,0.768750,8.045018e-01,5.294755e-01,8.064512e-01,1.314148e-01,-8.444513e-03,1.201489e-03,2.250202e-02,5.159202e-02
8.81500,0.231250,0.768750,8.046191e-01,5.295032e-01,8.076146e-01,1.314169e-01,-8.498854e-03,1.225346e-03,2.249615e-02,5.159147e-02
8.81750,0.231250,0.768750,8.047366e-01,5.295309e-01,8.087811e-01,1.314190e-01,-8.553038e-03,1.249103e-03,2.249031e-02,5.159093e-02
8.82000,0.231250,0.768750,8.048542e-01,5.295587e-01,8.099508e-01,1.314211e-01,-8.607015e-03,1.272663e-03,2.248449e-02,5.159039e-02
8.82250,0.231250,0.768750,8.049719e-01,5.295864e-01,8.111235e-01,1.314233e-01,-8.660802e-03,1.296050e-03,2.247868e-02,5.158987e-02
8.82500,0.231250,0.768750,8.050899e-01,5.296141e-01,8.122994e-01,1.314255e-01,-8.714472e-03,1.319605e-03,2.247285e-02,5.158934e-02
8.82750,0.231250,0.768750,8.052079e-01,5.296418e-01,8.134782e-01,1.314278e-01,-8.768070e-03,1.343515e-03,2.246697e-02,5.158882e-02
8.83000,0.231250,0.768750,8.053261e-01,5.296695e-01,8.146602e-01,1.314301e-01,-8.821734e-03,1.367977e-03,2.246103e-02,5.158831e-02
8.83250,0.231250,0.768750,8.054445e-01,5.296972e-01,8.158451e-01,1.314324e-01,-8.875912e-03,1.393301e-03,2.245497e-02,5.158781e-02
8.83500,0.231250,0.768750,8.055630e-01,5.297249e-01,8.170331e-01,1.314347e-01,-8.930626e-03,1.419414e-03,2.244879e-02,5.158731e-02
8.83750,0.231250,0.768750,8.056816e-01,5.297526e-01,8.182241e-01,1.314371e-01,-8.985680e-03,1.445975e-03,2.244251e-02,5.158682e-02
8.84000,0.231250,0.768750,8.058004e-01,5.297803e-01,8.194180e-01,1.314394e-01,-9.041024e-03,1.473016e-03,2.243613e-02,5.158633e-02
8.84250,0.231250,0.768750,8.059193e-01,5.298080e-01,8.206149e-01,1.314419e-01,-9.096577e-03,1.500678e-03,2.242988e-02,5.158585e-02
8.84500,0.231250,0.768750,8.060384e-01,5.298357e-01,8.218147e-01,1.314443e-01,-9.152101e-03,1.528508e-03,2.242376e-02,5.158537e-02
8.84750,0.231250,0.768750,8.061576e-01,5.298633e-01,8.230174e-01,1.314468e-01,-9.207478e-03,1.556272e-03,2.241773e-02,5.158490e-02
8.85000,0.231250,0.768750,8.062769e-01,5.298910e-01,8.242229e-01,1.314493e-01,-9.262795e-03,1.583904e-03,2.241178e-02,5.158443e-02
8.85250,0.231250,0.768750,8.063964e-01,5.299186e-01,8.254312e-01,1.314518e-01,-9.317722e-03,1.611084e-03,2.240591e-02,5.158397e-02
8.85500,0.231250,0.768750,8.065161e-01,5.299463e-01,8.266424e-01,1.314543e-01,-9.371728e-03,1.637693e-03,2.240015e-02,5.158352e-02
8.85750,0.231250,0.768750,8.066359e-01,5.299739e-01,8.278564e-01,1.314569e-01,-9.424668e-03,1.663604e-03,2.239452e-02,5.158307e-02
8.86000,0.231250,0.768750,8.067558e-01,5.300016e-01,8.290732e-01,1.314595e-01,-9.476548e-03,1.688890e-03,2.238902e-02,5.158263e-02
8.86250,0.231250,0.768750,8.068759e-01,5.300292e-01,8.302927e-01,1.314621e-01,-9.527536e-03,1.713718e-03,2.238364e-02,5.158220e-02
8.86500,0.231250,0.768750,8.069961e-01,5.300568e-01,8.315150e-01,1.314647e-01,-9.577858e-03,1.738118e-03,2.237836e-02,5.158177e-02
8.86750,0.231250,0.768750,8.071164e-01,5.300844e-01,8.327399e-01,1.314674e-01,-9.627571e-03,1.762148e-03,2.237315e-02,5.158136e-02
8.87000,0.231250,0.768750,8.072369e-01,5.301120e-01,8.339675e-01,1.314700e-01,-9.676700e-03,1.785844e-03,2.236801e-02,5.158095e-02
8.87250,0.231250,0.768750,8.073576e-01,5.301396e-01,8.351977e-01,1.314727e-01,-9.725360e-03,1.809237e-03,2.236295e-02,5.158055e-02
8.87500,0.231250,0.768750,8.074783e-01,5.301672e-01,8.364305e-01,1.314755e-01,-9.773641e-03,1.832318e-03,2.235793e-02,5.158015e-02
8.87750,0.231250,0.768750,8.075993e-01,5.301948e-01,8.376658e-01,1.314782e-01,-9.821521e-03,1.854935e-03,2.235300e-02,5.157977e-02
8.88000,0.231250,0.768750,8.077203e-01,5.302224e-01,8.389036e-01,1.314810e-01,-9.869103e-03,1.877085e-03,2.234814e-02,5.157940e-02
8.88250,0.231250,0.768750,8.078415e-01,5.302499e-01,8.401439e-01,1.314838e-01,-9.916486e-03,1.898715e-03,2.234335e-02,5.157903e-02
8.88500,0.231250,0.768750,8.079629e-01,5.302775e-01,8.413866e-01,1.314866e-01,-9.963689e-03,1.919870e-03,2.233858e-02,5.157868e-02
8.88750,0.231250,0.768750,8.080844e-01,5.303051e-01,8.426316e-01,1.314894e-01,-1.001076e-02,1.940740e-03,2.233382e-02,5.157833e-02
8.89000,0.231250,0.768750,8.082060e-01,5.303326e-01,8.438788e-01,1.314923e-01,-1.005783e-02,1.961304e-03,2.232904e-02,5.157800e-02
8.89250,0.231250,0.768750,8.083278e-01,5.303601e-01,8.451283e-01,1.314951e-01,-1.010515e-02,1.981494e-03,2.232422e-02,5.157767e-02
8.89500,0.231250,0.768750,8.084589e-01,5.303877e-01,8.463799e-01,1.314980e-01,-1.015286e-02,2.001203e-03,2.231933e-02,5.157735e-02
8.89750,0.231250,0.768750,8.085910e-01,5.304152e-01,8.476336e-01,1.315010e-01,-1.020067e-02,2.020661e-03,2.231442e-02,5.157703e-02
8.90000,0.231250,0.768750,8.087232e-01,5.304427e-01,8.488893e-01,1.315039e-01,-1.024844e-02,2.040122e-03,2.230957e-02,5.157672e-02
8.90250,0.231250,0.768750,8.088555e-01,5.304702e-01,8.501471e-01,1.315069e-01,-1.029604e-02,2.059848e-03,2.230472e-02,5.157641e-02
8.90500,0.231250,0.768750,8.089881e-01,5.304977e-01,8.514069e-01,1.315098e-01,-1.034361e-02,2.080101e-03,2.229986e-02,5.157611e-02
8.90750,0.231250,0.768750,8.091207e-01,5.305252e-01,8.526687e-01,1.315128e-01,-1.039139e-02,2.100947e-03,2.229497e-02,5.157582e-02
8.91000,0.231250,0.768750,8.092536e-01,5.305527e-01,8.539325e-01,1.315159e-01,-1.043951e-02,2.122296e-03,2.229005e-02,5.157553e-02
8.91250,0.231250,0.768750,8.093866e-01,5.305801e-01,8.551983e-01,1.315189e-01,-1.048809e-02,2.144278e-03,2.228510e-02,5.157525e-02
8.91500,0.231250,0.768750,8.095197e-01,5.306076e-01,8.564663e-01,1.315219e-01,-1.053695e-02,2.166709e-03,2.228011e-02,5.157497e-02
8.91750,0.231250,0.768750,8.096530e-01,5.306350e-01,8.577364e-01,1.315250e-01,-1.058566e-02,2.189203e-03,2.227511e-02,5.157470e-02
8.92000,0.231250,0.768750,8.097865e-01,5.306625e-01,8.590088e-01,1.315281e-01,-1.063414e-02,2.211696e-03,2.227011e-02,5.157443e-02
8.92250,0.231250,0.768750,8.099201e-01,5.306899e-01,8.602834e-01,1.315312e-01,-1.068231e-02,2.233947e-03,2.226512e-02,5.157417e-02
8.92500,0.231250,0.768750,8.100539e-01,5.307173e-01,8.615603e-01,1.315343e-01,-1.072998e-02,2.255673e-03,2.226019e-02,5.157392e-02
8.92750,0.231250,0.768750,8.101879e-01,5.307447e-01,8.628395e-01,1.315375e-01,-1.077715e-02,2.276843e-03,2.225533e-02,5.157367e-02
8.93000,0.231250,0.768750,8.103220e-01,5.307721e-01,8.641210e-01,1.315406e-01,-1.082377e-02,2.297490e-03,2.225052e-02,5.157343e-02
8.93250,0.231250,0.768750,8.104563e-01,5.307995e-01,8.654048e-01,1.315438e-01,-1.086986e-02,2.317649e-03,2.224577e-02,5.157320e-02
8.93500,0.231250,0.768750,8.105907e-01,5.308269e-01,8.666908e-01,1.315470e-01,-1.091539e-02,2.337351e-03,2.224106e-02,5.157297e-02
8.93750,0.231250,0.768750,8.107253e-01,5.308543e-01,8.679791e-01,1.315502e-01,-1.096037e-02,2.356771e-03,2.223638e-02,5.157275e-02
8.94000,0.231250,0.768750,8.108601e-01,5.308816e-01,8.692695e-01,1.315534e-01,-1.100486e-02,2.375992e-03,2.223170e-02,5.157253e-02
8.94250,0.231250,0.768750,8.109950e-01,5.309090e-01,8.705621e-01,1.315566e-01,-1.104887e-02,2.395145e-03,2.222709e-02,5.157232e-02
8.94500,0.231250,0.768750,8.111301e-01,5.309363e-01,8.718568e-01,1.315598e-01,-1.109230e-02,2.414268e-03,2.222255e-02,5.157212e-02
8.94750,0.231250,0.768750,8.112653e-01,5.309636e-01,8.731535e-01,1.315631e-01,-1.113493e-02,2.433373e-03,2.221805e-02,5.157192e-02
8.95000,0.231250,0.768750,8.114007e-01,5.309910e-01,8.744521e-01,1.315664e-01,-1.117668e-02,2.452440e-03,2.221359e-02,5.157174e-02
8.95250,0.231250,0.768750,8.115363e-01,5.310183e-01,8.757526e-01,1.315696e-01,-1.121775e-02,2.471424e-03,2.220918e-02,5.157157e-02
8.95500,0.231250,0.768750,8.116720e-01,5.310456e-01,8.770550e-01,1.315729e-01,-1.125839e-02,2.490322e-03,2.220478e-02,5.157140e-02
8.95750,0.231250,0.768750,8.118079e-01,5.310728e-01,8.783591e-01,1.315762e-01,-1.129850e-02,2.509104e-03,2.220039e-02,5.157126e-02
8.96000,0.231250,0.768750,8.119440e-01,5.311001e-01,8.796648e-01,1.315796e-01,-1.133804e-02,2.527679e-03,2.219599e-02,5.157112e-02
8.96250,0.231250,0.768750,8.120802e-01,5.311274e-01,8.809722e-01,1.315829e-01,-1.137729e-02,2.546227e-03,2.219156e-02,5.157099e-02
8.96500,0.231250,0.768750,8.122166e-01,5.311546e-01,8.822812e-01,1.315863e-01,-1.141638e-02,2.564697e-03,2.218709e-02,5.157087e-02
8.96750,0.231250,0.768750,8.123531e-01,5.311819e-01,8.835919e-01,1.315896e-01,-1.145540e-02,2.583158e-03,2.218257e-02,5.157076e-02
8.97000,0.231250,0.768750,8.124898e-01,5.312091e-01,8.849041e-01,1.315930e-01,-1.149459e-02,2.601808e-03,2.217799e-02,5.157066e-02
8.97250,0.231250,0.768750,8.126267e-01,5.312363e-01,8.862180e-01,1.315964e-01,-1.153400e-02,2.620661e-03,2.217337e-02,5.157056e-02
8.97500,0.231250,0.768750,8.127637e-01,5.312635e-01,8.875335e-01,1.315998e-01,-1.157384e-02,2.639632e-03,2.216873e-02,5.157047e-02
8.97750,0.231250,0.768750,8.129008e-01,5.312907e-01,8.888505e-01,1.316032e-01,-1.161401e-02,2.658523e-03,2.216409e-02,5.157039e-02
8.98000,0.231250,0.768750,8.130382e-01,5.313179e-01,8.901670e-01,1.316066e-01,-1.165446e-02,2.677354e-03,2.215946e-02,5.157031e-02
8.98250,0.231250,0.768750,8.131757e-01,5.313450e-01,8.914850e-01,1.316100e-01,-1.169522e-02,2.696199e-03,2.215485e-02,5.157024e-02
8.98500,0.231250,0.768750,8.133133e-01,5.313722e-01,8.928047e-01,1.316135e-01,-1.173625e-02,2.714965e-03,2.215023e-02,5.157018e-02
8.98750,0.231250,0.768750,8.134511e-01,5.313993e-01,8.941258e-01,1.316169e-01,-1.177752e-02,2.733599e-03,2.214563e-02,5.157012e-02
8.99000,0.231250,0.768750,8.135891e-01,5.314264e-01,8.954485e-01,1.316204e-01,-1.181913e-02,2.752164e-03,2.214102e-02,5.157007e-02
8.99250,0.231250,0.768750,8.137272e-01,5.314536e-01,8.967726e-01,1.316238e-01,-1.186103e-02,2.770657e-03,2.213643e-02,5.157002e-02
8.99500,0.231250,0.768750,8.138655e-01,5.314806e-01,8.980981e-01,1.316273e-01,-1.190312e-02,2.789024e-03,2.213189e-02,5.156997e-02
8.99750,0.231250,0.768750,8.140088e-01,5.315077e-01,8.994248e-01,1.316308e-01,-1.194540e-02,2.807141e-03,2.212738e-02,5.156993e-02
9.00000,0.231250,0.768750,8.141597e-01,5.315348e-01,9.007528e-01,1.316343e-01,-1.198771e-02,2.824910e-03,2.212289e-02,5.156988e-02
9.00250,0.231250,0.768750,8.143109e-01,5.315619e-01,9.020819e-01,1.316378e-01,-1.202991e-02,2.842356e-03,2.211843e-02,5.156985e-02
9.00500,0.231250,0.768750,8.144622e-01,5.315889e-01,9.023710e-01,1.316413e-01,-1.207206e-02,2.859477e-03,2.211399e-02,5.156981e-02
9.00750,0.231250,0.768750,8.146137e-01,5.316159e-01,9.024474e-01,1.316448e-01,-1.211395e-02,2.876185e-03,2.210957e-02,5.156978e-02
9.01000,0.231250,0.768750,8.147653e-01,5.316430e-01,9.025238e-01,1.316483e-01,-1.215562e-02,2.892585e-03,2.210517e-02,5.156975e-02
9.01250,0.231250,0.768750,8.149172e-01,5.316700e-01,9.026004e-01,1.316518e-01,-1.219729e-02,2.908986e-03,2.210076e-02,5.156972e-02
9.01500,0.231250,0.768750,8.150693e-01,5.316970e-01,9.026771e-01,1.316554e-01,-1.223884e-02,2.925535e-03,2.209633e-02,5.156970e-02
9.01750,0.231250,0.768750,8.152215e-01,5.317239e-01,9.027539e-01,1.316589e-01,-1.228011e-02,2.942348e-03,2.209188e-02,5.156968e-02
9.02000,0.231250,0.768750,8.153740e-01,5.317509e-01,9.028308e-01,1.316625e-01,-1.232093e-02,2.959211e-03,2.208740e-02,5.156967e-02
9.02250,0.231250,0.768750,8.155266e-01,5.317778e-01,9.027233e-01,1.316660e-01,-1.236114e-02,2.976083e-03,2.208290e-02,5.156966e-02
9.02500,0.231250,0.768750,8.156794e-01,5.318048e-01,9.025901e-01,1.316696e-01,-1.240076e-02,2.993026e-03,2.207841e-02,5.156966e-02
9.02750,0.231250,0.768750,8.158324e-01,5.318317e-01,9.024587e-01,1.316732e-01,-1.243967e-02,3.010093e-03,2.207393e-02,5.156966e-02
9.03000,0.231250,0.768750,8.159856e-01,5.318586e-01,9.023292e-01,1.316767e-01,-1.247796e-02,3.027308e-03,2.206947e-02,5.156967e-02
9.03250,0.231250,0.768750,8.161390e-01,5.318855e-01,9.022014e-01,1.316803e-01,-1.251559e-02,3.044563e-03,2.206500e-02,5.156969e-02
9.03500,0.231250,0.768750,8.162926e-01,5.319123e-01,9.020754e-01,1.316839e-01,-1.255239e-02,3.061498e-03,2.206056e-02,5.156972e-02
9.03750,0.231250,0.768750,8.164463e-01,5.319392e-01,9.019509e-01,1.316875e-01,-1.258832e-02,3.078143e-03,2.205614e-02,5.156976e-02
9.04000,0.231250,0.768750,8.166003e-01,5.319660e-01,9.018282e-01,1.316911e-01,-1.262340e-02,3.094562e-03,2.205175e-02,5.156980e-02
9.04250,0.231250,0.768750,8.167544e-01,5.319929e-01,9.017070e-01,1.316947e-01,-1.265757e-02,3.110746e-03,2.204741e-02,5.156985e-02
9.04500,0.231250,0.768750,8.169088e-01,5.320197e-01,9.015873e-01,1.316983e-01,-1.269081e-02,3.126573e-03,2.204313e-02,5.156991e-02
9.04750,0.231250,0.768750,8.170633e-01,5.320465e-01,9.014692e-01,1.317020e-01,-1.272306e-02,3.141983e-03,2.203893e-02,5.156998e-02
9.05000,0.231250,0.768750,8.172180e-01,5.320733e-01,9.013527e-01,1.317056e-01,-1.275434e-02,3.157118e-03,2.203480e-02,5.157006e-02
9.05250,0.231250,0.768750,8.173730e-01,5.321000e-01,9.012377e-01,1.317092e-01,-1.278485e-02,3.172037e-03,2.203075e-02,5.157015e-02
9.05500,0.231250,0.768750,8.175281e-01,5.321268e-01,9.011243e-01,1.317128e-01,-1.281474e-02,3.186769e-03,2.202677e-02,5.157025e-02
9.05750,0.231250,0.768750,8.176834e-01,5.321535e-01,9.010125e-01,1.317164e-01,-1.284409e-02,3.201341e-03,2.202285e-02,5.157035e-02
9.06000,0.231250,0.768750,8.178513e-01,5.321802e-01,9.009024e-01,1.317201e-01,-1.287301e-02,3.215731e-03,2.201899e-02,5.157046e-02
9.06250,0.231250,0.768750,8.180221e-01,5.322069e-01,9.007939e-01,1.317237e-01,-1.290168e-02,3.229984e-03,2.201520e-02,5.157058e-02
9.06500,0.231250,0.768750,8.181930e-01,5.322336e-01,9.006872e-01,1.317273e-01,-1.293022e-02,3.244137e-03,2.201146e-02,5.157070e-02
9.06750,0.231250,0.768750,8.183642e-01,5.322602e-01,9.005823e-01,1.317310e-01,-1.295881e-02,3.258123e-03,2.200778e-02,5.157084e-02
9.07000,0.231250,0.768750,8.185356e-01,5.322869e-01,9.004793e-01,1.317346e-01,-1.298774e-02,3.271899e-03,2.200411e-02,5.157098e-02
9.07250,0.231250,0.768750,8.187072e-01,5.323135e-01,9.003783e-01,1.317383e-01,-1.301688e-02,3.285457e-03,2.200044e-02,5.157113e-02
9.07500,0.231250,0.768750,8.188790e-01,5.323401e-01,9.002793e-01,1.317419e-01,-1.304607e-02,3.298815e-03,2.199677e-02,5.157128e-02
9.07750,0.231250,0.768750,8.190511e-01,5.323667e-01,9.001824e-01,1.317455e-01,-1.307536e-02,3.311943e-03,2.199310e-02,5.157144e-02
9.08000,0.231250,0.768750,8.192234e-01,5.323933e-01,9.000877e-01,1.317492e-01,-1.310471e-02,3.324893e-03,2.198940e-02,5.157161e-02
9.08250,0.231250,0.768750,8.193959e-01,5.324199e-01,8.999952e-01,1.317528e-01,-1.313399e-02,3.337822e-03,2.198568e-02,5.157178e-02
9.08500,0.231250,0.768750,8.195686e-01,5.324464e-01,8.999050e-01,1.317565e-01,-1.316316e-02,3.350954e-03,2.198191e-02,5.157196e-02
9.08750,0.231250,0.768750,8.197415e-01,5.324729e-01,8.998172e-01,1.317601e-01,-1.319214e-02,3.364363e-03,2.197809e-02,5.157214e-02
9.09000,0.231250,0.768750,8.199147e-01,5.324994e-01,8.997317e-01,1.317638e-01,-1.322081e-02,3.377963e-03,2.197420e-02,5.157233e-02
9.09250,0.231250,0.768750,8.200881e-01,5.325259e-01,8.996485e-01,1.317674e-01,-1.324905e-02,3.391437e-03,2.197029e-02,5.157252e-02
9.09500,0.231250,0.768750,8.202617e-01,5.325524e-01,8.995676e-01,1.317711e-01,-1.327713e-02,3.405012e-03,2.196634e-02,5.157272e-02
9.09750,0.231250,0.768750,8.204355e-01,5.325788e-01,8.994890e-01,1.317747e-01,-1.330521e-02,3.418918e-03,2.196234e-02,5.157293e-02
9.10000,0.231250,0.768750,8.206095e-01,5.326053e-01,8.994127e-01,1.317784e-01,-1.333312e-02,3.433106e-03,2.195829e-02,5.157314e-02
9.10250,0.231250,0.768750,8.207838e-01,5.326317e-01,8.993385e-01,1.317820e-01,-1.336069e-02,3.447178e-03,2.195421e-02,5.157336e-02
9.10500,0.231250,0.768750,8.209583e-01,5.326581e-01,8.992664e-01,1.317856e-01,-1.338769e-02,3.460750e-03,2.195017e-02,5.157359e-02
9.10750,0.231250,0.768750,8.211330e-01,5.326845e-01,8.991963e-01,1.317893e-01,-1.341414e-02,3.473750e-03,2.194617e-02,5.157382e-02
9.11000,0.231250,0.768750,8.213079e-01,5.327108e-01,8.991280e-01,1.317929e-01,-1.344006e-02,3.486100e-03,2.194223e-02,5.157406e-02
9.11250,0.231250,0.768750,8.214831e-01,5.327371e-01,8.990614e-01,1.317966e-01,-1.346529e-02,3.497557e-03,2.193838e-02,5.157431e-02
9.11500,0.231250,0.768750,8.216585e-01,5.327635e-01,8.989964e-01,1.318002e-01,-1.348976e-02,3.508069e-03,2.193462e-02,5.157456e-02
9.11750,0.231250,0.768750,8.218341e-01,5.327898e-01,8.989329e-01,1.318038e-01,-1.351358e-02,3.517851e-03,2.193097e-02,5.157481e-02
9.12000,0.231250,0.768750,8.220099e-01,5.328160e-01,8.988707e-01,1.318075e-01,-1.353705e-02,3.527331e-03,2.192739e-02,5.157507e-02
9.12250,0.231250,0.768750,8.221859e-01,5.328423e-01,8.988097e-01,1.318111e-01,-1.356038e-02,3.536829e-03,2.192385e-02,5.157534e-02
9.12500,0.231250,0.768750,8.223622e-01,5.328685e-01,8.987499e-01,1.318147e-01,-1.358376e-02,3.546518e-03,2.192033e-02,5.157561e-02
9.12750,0.231250,0.768750,8.225387e-01,5.328948e-01,8.986910e-01,1.318183e-01,-1.360743e-02,3.556487e-03,2.191684e-02,5.157588e-02
9.13000,0.231250,0.768750,8.227154e-01,5.329210e-01,8.986332e-01,1.318219e-01,-1.363136e-02,3.566676e-03,2.191335e-02,5.157616e-02
9.13250,0.231250,0.768750,8.228924e-01,5.329472e-01,8.985762e-01,1.318255e-01,-1.365552e-02,3.577085e-03,2.190988e-02,5.157645e-02
9.13500,0.231250,0.768750,8.230955e-01,5.329733e-01,8.985202e-01,1.318292e-01,-1.367993e-02,3.587620e-03,2.190641e-02,5.157674e-02
9.13750,0.231250,0.768750,8.233036e-01,5.329995e-01,8.984651e-01,1.318328e-01,-1.370454e-02,3.598215e-03,2.190295e-02,5.157704e-02
9.14000,0.231250,0.768750,8.235118e-01,5.330256e-01,8.984110e-01,1.318364e-01,-1.372945e-02,3.608843e-03,2.189947e-02,5.157734e-02
9.14250,0.231250,0.768750,8.237202e-01,5.330517e-01,8.983578e-01,1.318400e-01,-1.375459e-02,3.619546e-03,2.189599e-02,5.157765e-02
9.14500,0.231250,0.768750,8.239287e-01,5.330778e-01,8.983056e-01,1.318435e-01,-1.377974e-02,3.630364e-03,2.189251e-02,5.157796e-02
9.14750,0.231250,0.768750,8.241373e-01,5.331038e-01,8.982544e-01,1.318471e-01,-1.380473e-02,3.641183e-03,2.188904e-02,5.157828e-02
9.15000,0.231250,0.768750,8.243461e-01,5.331298e-01,8.982043e-01,1.318507e-01,-1.382926e-02,3.651662e-03,2.188559e-02,5.157860e-02
9.15250,0.231250,0.768750,8.245549e-01,5.331559e-01,8.981551e-01,1.318543e-01,-1.385310e-02,3.661834e-03,2.188215e-02,5.157893e-02
9.15500,0.231250,0.768750,8.247639e-01,5.331819e-01,8.981069e-01,1.318579e-01,-1.387618e-02,3.671860e-03,2.187873e-02,5.157926e-02
9.15750,0.231250,0.768750,8.249729e-01,5.332078e-01,8.980597e-01,1.318614e-01,-1.389882e-02,3.682022e-03,2.187530e-02,5.157959e-02
9.16000,0.231250,0.768750,8.251820e-01,5.332338e-01,8.980135e-01,1.318650e-01,-1.392109e-02,3.692389e-03,2.187187e-02,5.157993e-02
9.16250,0.231250,0.768750,8.253913e-01,5.332597e-01,8.979682e-01,1.318685e-01,-1.394306e-02,3.703184e-03,2.186843e-02,5.158027e-02
9.16500,0.231250,0.768750,8.256006e-01,5.332856e-01,8.979239e-01,1.318721e-01,-1.396464e-02,3.714502e-03,2.186499e-02,5.158062e-02
9.16750,0.231250,0.768750,8.258100e-01,5.333115e-01,8.978805e-01,1.318756e-01,-1.398580e-02,3.726480e-03,2.186154e-02,5.158097e-02
9.17000,0.231250,0.768750,8.260194e-01,5.333374e-01,8.978380e-01,1.318791e-01,-1.400635e-02,3.738772e-03,2.185808e-02,5.158133e-02
9.17250,0.231250,0.768750,8.262290e-01,5.333632e-01,8.977964e-01,1.318827e-01,-1.402606e-02,3.751060e-03,2.185465e-02,5.158170e-02
9.17500,0.231250,0.768750,8.264386e-01,5.333891e-01,8.977008e-01,1.318862e-01,-1.404481e-02,3.763233e-03,2.185126e-02,5.158208e-02
9.17750,0.231250,0.768750,8.266482e-01,5.334149e-01,8.974850e-01,1.318897e-01,-1.406265e-02,3.775253e-03,2.184791e-02,5.158246e-02
9.18000,0.231250,0.768750,8.268579e-01,5.334406e-01,8.972714e-01,1.318932e-01,-1.407974e-02,3.787079e-03,2.184459e-02,5.158285e-02
9.18250,0.231250,0.768750,8.270677e-01,5.334664e-01,8.970601e-01,1.318967e-01,-1.409620e-02,3.798615e-03,2.184129e-02,5.158324e-02
9.18500,0.231250,0.768750,8.272775e-01,5.334921e-01,8.968512e-01,1.319002e-01,-1.411215e-02,3.809737e-03,2.183803e-02,5.158364e-02
9.18750,0.231250,0.768750,8.274874e-01,5.335178e-01,8.966446e-01,1.319037e-01,-1.412744e-02,3.820180e-03,2.183482e-02,5.158404e-02
9.19000,0.231250,0.768750,8.276972e-01,5.335435e-01,8.964404e-01,1.319072e-01,-1.414222e-02,3.829875e-03,2.183169e-02,5.158445e-02
9.19250,0.231250,0.768750,8.279072e-01,5.335692e-01,8.962387e-01,1.319106e-01,-1.415679e-02,3.839221e-03,2.182862e-02,5.158486e-02
9.19500,0.231250,0.768750,8.281171e-01,5.335949e-01,8.960394e-01,1.319141e-01,-1.417126e-02,3.848393e-03,2.182561e-02,5.158528e-02
9.19750,0.231250,0.768750,8.283270e-01,5.336205e-01,8.958425e-01,1.319175e-01,-1.418566e-02,3.857457e-03,2.182263e-02,5.158571e-02
9.20000,0.231250,0.768750,8.285370e-01,5.336461e-01,8.956480e-01,1.319210e-01,-1.420001e-02,3.866436e-03,2.181968e-02,5.158613e-02
9.20250,0.231250,0.768750,8.287470e-01,5.336717e-01,8.954559e-01,1.319244e-01,-1.421432e-02,3.875317e-03,2.181675e-02,5.158657e-02
9.20500,0.231250,0.768750,8.289569e-01,5.336972e-01,8.952663e-01,1.319278e-01,-1.422860e-02,3.884044e-03,2.181386e-02,5.158701e-02
9.20750,0.231250,0.768750,8.291669e-01,5.337227e-01,8.950790e-01,1.319312e-01,-1.424285e-02,3.892588e-03,2.181099e-02,5.158745e-02
9.21000,0.231250,0.768750,8.293768e-01,5.337482e-01,8.948941e-01,1.319346e-01,-1.425710e-02,3.901011e-03,2.180812e-02,5.158789e-02
9.21250,0.231250,0.768750,8.295867e-01,5.337737e-01,8.947116e-01,1.319380e-01,-1.427114e-02,3.909323e-03,2.180525e-02,5.158834e-02
9.21500,0.231250,0.768750,8.297966e-01,5.337992e-01,8.945313e-01,1.319414e-01,-1.428472e-02,3.917329e-03,2.180241e-02,5.158879e-02
9.21750,0.231250,0.768750,8.300065e-01,5.338246e-01,8.943533e-01,1.319447e-01,-1.429779e-02,3.925098e-03,2.179960e-02,5.158925e-02
9.22000,0.231250,0.768750,8.302163e-01,5.338500e-01,8.941774e-01,1.319481e-01,-1.431021e-02,3.932571e-03,2.179681e-02,5.158970e-02
9.22250,0.231250,0.768750,8.304260e-01,5.338754e-01,8.940037e-01,1.319514e-01,-1.432187e-02,3.939698e-03,2.179405e-02,5.159017e-02
9.22500,0.231250,0.768750,8.306357e-01,5.339008e-01,8.938322e-01,1.319548e-01,-1.433286e-02,3.946626e-03,2.179130e-02,5.159064e-02
9.22750,0.231250,0.768750,8.308453e-01,5.339261e-01,8.936627e-01,1.319581e-01,-1.434335e-02,3.953652e-03,2.178854e-02,5.159111e-02
9.23000,0.231250,0.768750,8.310548e-01,5.339514e-01,8.934952e-01,1.319614e-01,-1.435335e-02,3.960593e-03,2.178581e-02,5.159160e-02
9.23250,0.231250,0.768750,8.312642e-01,5.339767e-01,8.933297e-01,1.319647e-01,-1.436299e-02,3.967542e-03,2.178311e-02,5.159209e-02
9.23500,0.231250,0.768750,8.314736e-01,5.340020e-01,8.931662e-01,1.319680e-01,-1.437231e-02,3.974558e-03,2.178044e-02,5.159259e-02
9.23750,0.231250,0.768750,8.316828e-01,5.340273e-01,8.930047e-01,1.319713e-01,-1.438124e-02,3.981365e-03,2.177780e-02,5.159309e-02
9.24000,0.231250,0.768750,8.318918e-01,5.340525e-01,8.928451e-01,1.319745e-01,-1.438992e-02,3.987949e-03,2.177516e-02,5.159361e-02
9.24250,0.231250,0.768750,8.321008e-01,5.340777e-01,8.926874e-01,1.319778e-01,-1.439854e-02,3.994209e-03,2.177254e-02,5.159413e-02
9.24500,0.231250,0.768750,8.323096e-01,5.341028e-01,8.925316e-01,1.319810e-01,-1.440713e-02,4.000075e-03,2.176994e-02,5.159466e-02
9.24750,0.231250,0.768750,8.325182e-01,5.341280e-01,8.923776e-01,1.319843e-01,-1.441575e-02,4.005545e-03,2.176734e-02,5.159520e-02
9.25000,0.231250,0.768750,8.327266e-01,5.341531e-01,8.922255e-01,1.319875e-01,-1.442439e-02,4.010524e-03,2.176475e-02,5.159574e-02
9.25250,0.231250,0.768750,8.329349e-01,5.341782e-01,8.920753e-01,1.319907e-01,-1.443313e-02,4.015069e-03,2.176219e-02,5.159628e-02
9.25500,0.231250,0.768750,8.331430e-01,5.342033e-01,8.919270e-01,1.319939e-01,-1.444198e-02,4.019204e-03,2.175965e-02,5.159683e-02
9.25750,0.231250,0.768750,8.333509e-01,5.342283e-01,8.917807e-01,1.319970e-01,-1.445078e-02,4.022788e-03,2.175716e-02,5.159738e-02
9.26000,0.231250,0.768750,8.335585e-01,5.342534e-01,8.916363e-01,1.320002e-01,-1.445944e-02,4.025834e-03,2.175473e-02,5.159794e-02
9.26250,0.231250,0.768750,8.337659e-01,5.342784e-01,8.914940e-01,1.320034e-01,-1.446794e-02,4.028598e-03,2.175235e-02,5.159850e-02
9.26500,0.231250,0.768750,8.339731e-01,5.343033e-01,8.913536e-01,1.320065e-01,-1.447637e-02,4.031288e-03,2.175003e-02,5.159906e-02
9.26750,0.231250,0.768750,8.341800e-01,5.343283e-01,8.912153e-01,1.320096e-01,-1.448476e-02,4.033969e-03,2.174777e-02,5.159963e-02
9.27000,0.231250,0.768750,8.343867e-01,5.343532e-01,8.910790e-01,1.320127e-01,-1.449311e-02,4.036731e-03,2.174555e-02,5.160020e-02
9.27250,0.231250,0.768750,8.345930e-01,5.343781e-01,8.909447e-01,1.320158e-01,-1.450140e-02,4.039649e-03,2.174336e-02,5.160077e-02
9.27500,0.231250,0.768750,8.347991e-01,5.344030e-01,8.908123e-01,1.320189e-01,-1.450947e-02,4.042519e-03,2.174120e-02,5.160135e-02
9.27750,0.231250,0.768750,8.350049e-01,5.344278e-01,8.906818e-01,1.320220e-01,-1.451711e-02,4.045441e-03,2.173903e-02,5.160192e-02
9.28000,0.231250,0.768750,8.352103e-01,5.344526e-01,8.905532e-01,1.320250e-01,-1.452415e-02,4.048529e-03,2.173686e-02,5.160250e-02
9.28250,0.231250,0.768750,8.354154e-01,5.344774e-01,8.904263e-01,1.320281e-01,-1.453058e-02,4.051826e-03,2.173472e-02,5.160308e-02
9.28500,0.231250,0.768750,8.356201e-01,5.345022e-01,8.903011e-01,1.320311e-01,-1.453628e-02,4.055358e-03,2.173259e-02,5.160366e-02
9.28750,0.231250,0.768750,8.358245e-01,5.345269e-01,8.901775e-01,1.320341e-01,-1.454122e-02,4.059153e-03,2.173047e-02,5.160425e-02
9.29000,0.231250,0.768750,8.360284e-01,5.345516e-01,8.900555e-01,1.320371e-01,-1.454526e-02,4.063116e-03,2.172839e-02,5.160484e-02
9.29250,0.231250,0.768750,8.362320e-01,5.345763e-01,8.899349e-01,1.320401e-01,-1.454844e-02,4.067311e-03,2.172633e-02,5.160544e-02
9.29500,0.231250,0.768750,8.364351e-01,5.346010e-01,8.898157e-01,1.320430e-01,-1.455056e-02,4.071458e-03,2.172431e-02,5.160605e-02
9.29750,0.231250,0.768750,8.366378e-01,5.346256e-01,8.896977e-01,1.320460e-01,-1.455169e-02,4.075610e-03,2.172236e-02,5.160666e-02
9.30000,0.231250,0.768750,8.368400e-01,5.346503e-01,8.895811e-01,1.320489e-01,-1.455245e-02,4.079993e-03,2.172044e-02,5.160729e-02
9.30250,0.231250,0.768750,8.370418e-01,5.346748e-01,8.894657e-01,1.320519e-01,-1.455308e-02,4.084535e-03,2.171854e-02,5.160791e-02
9.30500,0.231250,0.768750,8.372430e-01,5.346994e-01,8.893516e-01,1.320548e-01,-1.455346e-02,4.088963e-03,2.171663e-02,5.160855e-02
9.30750,0.231250,0.768750,8.374438e-01,5.347239e-01,8.892387e-01,1.320577e-01,-1.455363e-02,4.093157e-03,2.171473e-02,5.160920e-02
9.31000,0.231250,0.768750,8.376440e-01,5.347484e-01,8.891271e-01,1.320606e-01,-1.455368e-02,4.097102e-03,2.171282e-02,5.160985e-02
9.31250,0.231250,0.768750,8.378436e-01,5.347729e-01,8.890168e-01,1.320634e-01,-1.455351e-02,4.100775e-03,2.171091e-02,5.161050e-02
9.31500,0.231250,0.768750,8.380427e-01,5.347974e-01,8.889079e-01,1.320663e-01,-1.455320e-02,4.104171e-03,2.170903e-02,5.161116e-02
9.31750,0.231250,0.768750,8.382411e-01,5.348218e-01,8.888003e-01,1.320691e-01,-1.455281e-02,4.107211e-03,2.170716e-02,5.161182e-02
9.32000,0.231250,0.768750,8.384390e-01,5.348462e-01,8.886941e-01,1.320719e-01,-1.455231e-02,4.109922e-03,2.170532e-02,5.161248e-02
9.32250,0.231250,0.768750,8.386361e-01,5.348706e-01,8.885893e-01,1.320747e-01,-1.455169e-02,4.112331e-03,2.170351e-02,5.161315e-02
9.32500,0.231250,0.768750,8.388327e-01,5.348949e-01,8.884859e-01,1.320775e-01,-1.455091e-02,4.114314e-03,2.170174e-02,5.161381e-02
9.32750,0.231250,0.768750,8.390285e-01,5.349192e-01,8.883839e-01,1.320803e-01,-1.454993e-02,4.115809e-03,2.170003e-02,5.161448e-02
9.33000,0.231250,0.768750,8.392236e-01,5.349435e-01,8.882832e-01,1.320830e-01,-1.454885e-02,4.116923e-03,2.169837e-02,5.161515e-02
9.33250,0.231250,0.768750,8.394179e-01,5.349678e-01,8.881839e-01,1.320858e-01,-1.454783e-02,4.117874e-03,2.169676e-02,5.161583e-02
9.33500,0.231250,0.768750,8.396114e-01,5.349920e-01,8.880859e-01,1.320885e-01,-1.454695e-02,4.118810e-03,2.169518e-02,5.161650e-02
9.33750,0.231250,0.768750,8.398042e-01,5.350163e-01,8.879893e-01,1.320912e-01,-1.454627e-02,4.119850e-03,2.169362e-02,5.161717e-02
9.34000,0.231250,0.768750,8.399961e-01,5.350404e-01,8.878938e-01,1.320939e-01,-1.454577e-02,4.121023e-03,2.169206e-02,5.161784e-02
9.34250,0.231250,0.768750,8.401871e-01,5.350646e-01,8.877997e-01,1.320965e-01,-1.454517e-02,4.122274e-03,2.169051e-02,5.161851e-02
9.34500,0.231250,0.768750,8.403773e-01,5.350887e-01,8.877067e-01,1.320992e-01,-1.454448e-02,4.123621e-03,2.168894e-02,5.161919e-02
9.34750,0.231250,0.768750,8.405665e-01,5.351128e-01,8.876149e-01,1.321018e-01,-1.454365e-02,4.125354e-03,2.168733e-02,5.161986e-02
9.35000,0.231250,0.768750,8.407547e-01,5.351369e-01,8.875244e-01,1.321044e-01,-1.454256e-02,4.127728e-03,2.168567e-02,5.162054e-02
9.35250,0.231250,0.768750,8.409420e-01,5.351610e-01,8.874350e-01,1.321070e-01,-1.454111e-02,4.130655e-03,2.168398e-02,5.162122e-02
9.35500,0.231250,0.768750,8.411283e-01,5.351850e-01,8.873469e-01,1.321096e-01,-1.453925e-02,4.133813e-03,2.168229e-02,5.162191e-02
9.35750,0.231250,0.768750,8.413134e-01,5.352090e-01,8.872600e-01,1.321122e-01,-1.453705e-02,4.137041e-03,2.168062e-02,5.162260e-02
9.36000,0.231250,0.768750,8.414976e-01,5.352329e-01,8.871743e-01,1.321147e-01,-1.453470e-02,4.140278e-03,2.167895e-02,5.162329e-02
9.36250,0.231250,0.768750,8.416806e-01,5.352569e-01,8.870899e-01,1.321173e-01,-1.453216e-02,4.143304e-03,2.167729e-02,5.162399e-02
9.36500,0.231250,0.768750,8.418624e-01,5.352808e-01,8.870069e-01,1.321198e-01,-1.452945e-02,4.146066e-03,2.167566e-02,5.162469e-02
9.36750,0.231250,0.768750,8.420430e-01,5.353047e-01,8.869252e-01,1.321223e-01,-1.452668e-02,4.148511e-03,2.167406e-02,5.162540e-02
9.37000,0.231250,0.768750,8.422224e-01,5.353285e-01,8.868448e-01,1.321248e-01,-1.452378e-02,4.150513e-03,2.167250e-02,5.162611e-02
9.37250,0.231250,0.768750,8.424006e-01,5.353523e-01,8.867659e-01,1.321272e-01,-1.452052e-02,4.151907e-03,2.167097e-02,5.162684e-02
9.37500,0.231250,0.768750,8.425774e-01,5.353761e-01,8.866884e-01,1.321297e-01,-1.451685e-02,4.152766e-03,2.166948e-02,5.162756e-02
9.37750,0.231250,0.768750,8.427529e-01,5.353999e-01,8.866123e-01,1.321321e-01,-1.451278e-02,4.153211e-03,2.166805e-02,5.162830e-02
9.38000,0.231250,0.768750,8.429442e-01,5.354237e-01,8.865377e-01,1.321345e-01,-1.450851e-02,4.153405e-03,2.166667e-02,5.162904e-02
9.38250,0.231250,0.768750,8.431365e-01,5.354474e-01,8.864645e-01,1.321369e-01,-1.450411e-02,4.153411e-03,2.166533e-02,5.162978e-02
9.38500,0.231250,0.768750,8.433281e-01,5.354711e-01,8.863927e-01,1.321392e-01,-1.449964e-02,4.153264e-03,2.166402e-02,5.163052e-02
9.38750,0.231250,0.768750,8.435189e-01,5.354947e-01,8.863225e-01,1.321416e-01,-1.449505e-02,4.152960e-03,2.166275e-02,5.163127e-02
9.39000,0.231250,0.768750,8.437090e-01,5.355184e-01,8.862537e-01,1.321439e-01,-1.449033e-02,4.152511e-03,2.166152e-02,5.163201e-02
9.39250,0.231250,0.768750,8.438982e-01,5.355420e-01,8.861865e-01,1.321462e-01,-1.448542e-02,4.151859e-03,2.166035e-02,5.163276e-02
9.39500,0.231250,0.768750,8.440867e-01,5.355655e-01,8.861207e-01,1.321485e-01,-1.448026e-02,4.150888e-03,2.165923e-02,5.163351e-02
9.39750,0.231250,0.768750,8.442743e-01,5.355891e-01,8.860565e-01,1.321508e-01,-1.447481e-02,4.149524e-03,2.165818e-02,5.163425e-02
9.40000,0.231250,0.768750,8.444611e-01,5.356126e-01,8.859939e-01,1.321531e-01,-1.446893e-02,4.147774e-03,2.165718e-02,5.163500e-02
9.40250,0.231250,0.768750,8.446469e-01,5.356361e-01,8.859327e-01,1.321553e-01,-1.446267e-02,4.145983e-03,2.165623e-02,5.163575e-02
9.40500,0.231250,0.768750,8.448318e-01,5.356596e-01,8.858732e-01,1.321575e-01,-1.445607e-02,4.144345e-03,2.165532e-02,5.163649e-02
9.40750,0.231250,0.768750,8.450158e-01,5.356830e-01,8.858151e-01,1.321597e-01,-1.444895e-02,4.142999e-03,2.165445e-02,5.163724e-02
9.41000,0.231250,0.768750,8.451988e-01,5.357064e-01,8.857586e-01,1.321619e-01,-1.444135e-02,4.142091e-03,2.165360e-02,5.163799e-02
9.41250,0.231250,0.768750,8.453808e-01,5.357298e-01,8.857036e-01,1.321641e-01,-1.443337e-02,4.141809e-03,2.165274e-02,5.163874e-02
9.41500,0.231250,0.768750,8.455617e-01,5.357531e-01,8.856500e-01,1.321662e-01,-1.442487e-02,4.142289e-03,2.165186e-02,5.163949e-02
9.41750,0.231250,0.768750,8.457445e-01,5.357764e-01,8.855979e-01,1.321683e-01,-1.441583e-02,4.143483e-03,2.165098e-02,5.164025e-02
9.42000,0.231250,0.768750,8.459418e-01,5.357997e-01,8.855472e-01,1.321704e-01,-1.440639e-02,4.145267e-03,2.165008e-02,5.164102e-02
9.42250,0.231250,0.768750,8.461387e-01,5.358230e-01,8.854979e-01,1.321725e-01,-1.439677e-02,4.147494e-03,2.164918e-02,5.164179e-02
9.42500,0.231250,0.768750,8.463352e-01,5.358462e-01,8.854498e-01,1.321746e-01,-1.438685e-02,4.149784e-03,2.164827e-02,5.164257e-02
9.42750,0.231250,0.768750,8.465312e-01,5.358694e-01,8.854031e-01,1.321767e-01,-1.437663e-02,4.152045e-03,2.164737e-02,5.164335e-02
9.43000,0.231250,0.768750,8.467268e-01,5.358926e-01,8.853575e-01,1.321787e-01,-1.436597e-02,4.154007e-03,2.164648e-02,5.164413e-02
9.43250,0.231250,0.768750,8.469218e-01,5.359158e-01,8.853132e-01,1.321807e-01,-1.435469e-02,4.155366e-03,2.164563e-02,5.164493e-02
9.43500,0.231250,0.768750,8.471163e-01,5.359389e-01,8.852701e-01,1.321827e-01,-1.434278e-02,4.156207e-03,2.164485e-02,5.164572e-02
9.43750,0.231250,0.768750,8.473103e-01,5.359620e-01,8.852281e-01,1.321847e-01,-1.433041e-02,4.156663e-03,2.164413e-02,5.164653e-02
9.44000,0.231250,0.768750,8.475038e-01,5.359851e-01,8.851873e-01,1.321867e-01,-1.431784e-02,4.156701e-03,2.164346e-02,5.164734e-02
9.44250,0.231250,0.768750,8.476967e-01,5.360081e-01,8.851477e-01,1.321886e-01,-1.430520e-02,4.156464e-03,2.164284e-02,5.164814e-02
9.44500,0.231250,0.768750,8.478889e-01,5.360311e-01,8.851092e-01,1.321905e-01,-1.429263e-02,4.156023e-03,2.164224e-02,5.164895e-02
9.44750,0.231250,0.768750,8.480806e-01,5.360541e-01,8.850719e-01,1.321924e-01,-1.428016e-02,4.155410e-03,2.164165e-02,5.164976e-02
9.45000,0.231250,0.768750,8.482716e-01,5.360770e-01,8.850357e-01,1.321943e-01,-1.426779e-02,4.154543e-03,2.164107e-02,5.165057e-02
9.45250,0.231250,0.768750,8.484619e-01,5.360999e-01,8.850006e-01,1.321962e-01,-1.425556e-02,4.153300e-03,2.164050e-02,5.165138e-02
9.45500,0.231250,0.768750,8.486515e-01,5.361228e-01,8.849666e-01,1.321980e-01,-1.424342e-02,4.151689e-03,2.163994e-02,5.165219e-02
9.45750,0.231250,0.768750,8.488404e-01,5.361457e-01,8.849337e-01,1.321999e-01,-1.423139e-02,4.149838e-03,2.163941e-02,5.165299e-02
9.46000,0.231250,0.768750,8.490285e-01,5.361685e-01,8.849017e-01,1.322017e-01,-1.421945e-02,4.147734e-03,2.163890e-02,5.165379e-02
9.46250,0.231250,0.768750,8.492159e-01,5.361913e-01,8.848707e-01,1.322035e-01,-1.420753e-02,4.145205e-03,2.163841e-02,5.165459e-02
9.46500,0.231250,0.768750,8.494025e-01,5.362141e-01,8.848407e-01,1.322052e-01,-1.419548e-02,4.142195e-03,2.163794e-02,5.165538e-02
9.46750,0.231250,0.768750,8.495882e-01,5.362369e-01,8.848116e-01,1.322070e-01,-1.418314e-02,4.138884e-03,2.163752e-02,5.165617e-02
9.47000,0.231250,0.768750,8.497731e-01,5.362596e-01,8.847835e-01,1.322087e-01,-1.417051e-02,4.135500e-03,2.163712e-02,5.165696e-02
9.47250,0.231250,0.768750,8.499571e-01,5.362823e-01,8.847562e-01,1.322104e-01,-1.415764e-02,4.132414e-03,2.163673e-02,5.165774e-02
9.47500,0.231250,0.768750,8.501402e-01,5.363049e-01,8.847298e-01,1.322121e-01,-1.414468e-02,4.129981e-03,2.163631e-02,5.165853e-02
9.47750,0.231250,0.768750,8.503223e-01,5.363276e-01,8.847042e-01,1.322138e-01,-1.413167e-02,4.128196e-03,2.163587e-02,5.165932e-02
9.48000,0.231250,0.768750,8.505035e-01,5.363502e-01,8.846794e-01,1.322155e-01,-1.411870e-02,4.126975e-03,2.163541e-02,5.166011e-02
9.48250,0.231250,0.768750,8.506836e-01,5.363727e-01,8.846553e-01,1.322171e-01,-1.410572e-02,4.126213e-03,2.163493e-02,5.166090e-02
9.48500,0.231250,0.768750,8.508627e-01,5.363953e-01,8.846320e-01,1.322187e-01,-1.409278e-02,4.125828e-03,2.163443e-02,5.166170e-02
9.48750,0.231250,0.768750,8.510408e-01,5.364178e-01,8.846094e-01,1.322203e-01,-1.407984e-02,4.125767e-03,2.163391e-02,5.166250e-02
9.49000,0.231250,0.768750,8.512178e-01,5.364403e-01,8.845875e-01,1.322219e-01,-1.406685e-02,4.125908e-03,2.163339e-02,5.166331e-02
9.49250,0.231250,0.768750,8.513936e-01,5.364627e-01,8.845663e-01,1.322235e-01,-1.405343e-02,4.125886e-03,2.163288e-02,5.166411e-02
9.49500,0.231250,0.768750,8.515683e-01,5.364852e-01,8.845458e-01,1.322250e-01,-1.403952e-02,4.125486e-03,2.163242e-02,5.166493e-02
9.49750,0.231250,0.768750,8.517417e-01,5.365076e-01,8.845260e-01,1.322265e-01,-1.402501e-02,4.124544e-03,2.163200e-02,5.166575e-02
9.50000,0.231250,0.768750,8.519139e-01,5.365299e-01,8.845068e-01,1.322280e-01,-1.400986e-02,4.122970e-03,2.163165e-02,5.166657e-02
9.50250,0.231250,0.768750,8.520848e-01,5.365523e-01,8.844884e-01,1.322295e-01,-1.399433e-02,4.121051e-03,2.163137e-02,5.166740e-02
9.50500,0.231250,0.768750,8.522544e-01,5.365746e-01,8.844706e-01,1.322310e-01,-1.397877e-02,4.119114e-03,2.163115e-02,5.166823e-02
9.50750,0.231250,0.768750,8.524226e-01,5.365969e-01,8.844536e-01,1.322324e-01,-1.396343e-02,4.117300e-03,2.163096e-02,5.166906e-02
9.51000,0.231250,0.768750,8.525894e-01,5.366191e-01,8.844373e-01,1.322339e-01,-1.394830e-02,4.115481e-03,2.163077e-02,5.166989e-02
9.51250,0.231250,0.768750,8.527547e-01,5.366414e-01,8.844217e-01,1.322353e-01,-1.393330e-02,4.113596e-03,2.163059e-02,5.167072e-02
9.51500,0.231250,0.768750,8.529186e-01,5.366636e-01,8.844069e-01,1.322366e-01,-1.391835e-02,4.111578e-03,2.163042e-02,5.167155e-02
9.51750,0.231250,0.768750,8.530809e-01,5.366857e-01,8.843929e-01,1.322380e-01,-1.390355e-02,4.109390e-03,2.163027e-02,5.167238e-02
9.52000,0.231250,0.768750,8.532416e-01,5.367079e-01,8.843796e-01,1.322393e-01,-1.388882e-02,4.106961e-03,2.163013e-02,5.167321e-02
9.52250,0.231250,0.768750,8.534006e-01,5.367300e-01,8.843672e-01,1.322407e-01,-1.387412e-02,4.104271e-03,2.163002e-02,5.167403e-02
9.52500,0.231250,0.768750,8.535580e-01,5.367521e-01,8.843557e-01,1.322420e-01,-1.385939e-02,4.101263e-03,2.162994e-02,5.167485e-02
9.52750,0.231250,0.768750,8.537137e-01,5.367741e-01,8.843452e-01,1.322432e-01,-1.384458e-02,4.098058e-03,2.162989e-02,5.167567e-02
9.53000,0.231250,0.768750,8.538676e-01,5.367961e-01,8.843355e-01,1.322445e-01,-1.382949e-02,4.094628e-03,2.162987e-02,5.167648e-02
9.53250,0.231250,0.768750,8.540196e-01,5.368181e-01,8.843270e-01,1.322457e-01,-1.381403e-02,4.091053e-03,2.162990e-02,5.167728e-02
9.53500,0.231250,0.768750,8.541698e-01,5.368401e-01,8.843194e-01,1.322470e-01,-1.379817e-02,4.087571e-03,2.162997e-02,5.167808e-02
9.53750,0.231250,0.768750,8.543181e-01,5.368620e-01,8.843129e-01,1.322482e-01,-1.378195e-02,4.084538e-03,2.163007e-02,5.167888e-02
9.54000,0.231250,0.768750,8.544644e-01,5.368839e-01,8.843075e-01,1.322494e-01,-1.376547e-02,4.082195e-03,2.163019e-02,5.167968e-02
9.54250,0.231250,0.768750,8.546231e-01,5.369058e-01,8.843031e-01,1.322505e-01,-1.374877e-02,4.080592e-03,2.163029e-02,5.168048e-02
9.54500,0.231250,0.768750,8.547976e-01,5.369276e-01,8.842998e-01,1.322517e-01,-1.373181e-02,4.079616e-03,2.163039e-02,5.168129e-02
9.54750,0.231250,0.768750,8.549709e-01,5.369495e-01,8.842976e-01,1.322528e-01,-1.371483e-02,4.079189e-03,2.163047e-02,5.168209e-02
9.55000,0.231250,0.768750,8.551432e-01,5.369713e-01,8.842964e-01,1.322539e-01,-1.369806e-02,4.079272e-03,2.163051e-02,5.168290e-02
9.55250,0.231250,0.768750,8.553143e-01,5.369930e-01,8.842962e-01,1.322550e-01,-1.368107e-02,4.079733e-03,2.163055e-02,5.168371e-02
9.55500,0.231250,0.768750,8.554842e-01,5.370148e-01,8.842970e-01,1.322561e-01,-1.366370e-02,4.080527e-03,2.163058e-02,5.168452e-02
9.55750,0.231250,0.768750,8.556529e-01,5.370365e-01,8.842988e-01,1.322571e-01,-1.364569e-02,4.081447e-03,2.163062e-02,5.168534e-02
9.56000,0.231250,0.768750,8.558203e-01,5.370581e-01,8.843015e-01,1.322582e-01,-1.362681e-02,4.082228e-03,2.163071e-02,5.168616e-02
9.56250,0.231250,0.768750,8.559864e-01,5.370798e-01,8.843051e-01,1.322592e-01,-1.360716e-02,4.082773e-03,2.163085e-02,5.168699e-02
9.56500,0.231250,0.768750,8.561512e-01,5.371014e-01,8.843096e-01,1.322602e-01,-1.358703e-02,4.083031e-03,2.163106e-02,5.168782e-02
9.56750,0.231250,0.768750,8.563146e-01,5.371230e-01,8.843150e-01,1.322612e-01,-1.356658e-02,4.083069e-03,2.163132e-02,5.168866e-02
9.57000,0.231250,0.768750,8.564766e-01,5.371445e-01,8.843212e-01,1.322621e-01,-1.354590e-02,4.082898e-03,2.163163e-02,5.168949e-02
9.57250,0.231250,0.768750,8.566372e-01,5.371661e-01,8.843282e-01,1.322630e-01,-1.352528e-02,4.082620e-03,2.163198e-02,5.169033e-02
9.57500,0.231250,0.768750,8.567962e-01,5.371876e-01,8.843360e-01,1.322640e-01,-1.350489e-02,4.082309e-03,2.163236e-02,5.169116e-02
9.57750,0.231250,0.768750,8.569537e-01,5.372090e-01,8.843446e-01,1.322649e-01,-1.348479e-02,4.081970e-03,2.163274e-02,5.169200e-02
9.58000,0.231250,0.768750,8.571096e-01,5.372305e-01,8.843539e-01,1.322657e-01,-1.346506e-02,4.081573e-03,2.163312e-02,5.169283e-02
9.58250,0.231250,0.768750,8.572893e-01,5.372519e-01,8.843638e-01,1.322666e-01,-1.344573e-02,4.081196e-03,2.163349e-02,5.169365e-02
9.58500,0.231250,0.768750,8.574721e-01,5.372733e-01,8.843744e-01,1.322674e-01,-1.342676e-02,4.080807e-03,2.163384e-02,5.169447e-02
9.58750,0.231250,0.768750,8.576541e-01,5.372946e-01,8.843855e-01,1.322682e-01,-1.340809e-02,4.080335e-03,2.163418e-02,5.169529e-02
9.59000,0.231250,0.768750,8.578353e-01,5.373159e-01,8.843972e-01,1.322690e-01,-1.338954e-02,4.079537e-03,2.163450e-02,5.169609e-02
9.59250,0.231250,0.768750,8.580157e-01,5.373372e-01,8.844093e-01,1.322698e-01,-1.337091e-02,4.078389e-03,2.163483e-02,5.169689e-02
9.59500,0.231250,0.768750,8.581953e-01,5.373585e-01,8.844219e-01,1.322706e-01,-1.335197e-02,4.076896e-03,2.163517e-02,5.169768e-02
9.59750,0.231250,0.768750,8.583740e-01,5.373798e-01,8.844348e-01,1.322713e-01,-1.333270e-02,4.075152e-03,2.163553e-02,5.169847e-02
9.60000,0.231250,0.768750,8.585518e-01,5.374010e-01,8.844481e-01,1.322721e-01,-1.331315e-02,4.073308e-03,2.163590e-02,5.169925e-02
9.60250,0.231250,0.768750,8.587287e-01,5.374221e-01,8.844615e-01,1.322728e-01,-1.329336e-02,4.071521e-03,2.163627e-02,5.170003e-02
9.60500,0.231250,0.768750,8.589047e-01,5.374433e-01,8.844752e-01,1.322735e-01,-1.327335e-02,4.069617e-03,2.163667e-02,5.170081e-02
9.60750,0.231250,0.768750,8.590797e-01,5.374644e-01,8.844891e-01,1.322741e-01,-1.325328e-02,4.067662e-03,2.163709e-02,5.170158e-02
9.61000,0.231250,0.768750,8.592537e-01,5.374855e-01,8.845031e-01,1.322748e-01,-1.323314e-02,4.065608e-03,2.163754e-02,5.170236e-02
9.61250,0.231250,0.768750,8.594267e-01,5.375066e-01,8.845173e-01,1.322754e-01,-1.321304e-02,4.063560e-03,2.163801e-02,5.170313e-02
9.61500,0.231250,0.768750,8.595986e-01,5.375276e-01,8.845317e-01,1.322760e-01,-1.319328e-02,4.061609e-03,2.163848e-02,5.170390e-02
9.61750,0.231250,0.768750,8.597694e-01,5.375486e-01,8.845462e-01,1.322766e-01,-1.317375e-02,4.059695e-03,2.163897e-02,5.170467e-02
9.62000,0.231250,0.768750,8.599391e-01,5.375696e-01,8.845609e-01,1.322772e-01,-1.315433e-02,4.057794e-03,2.163947e-02,5.170545e-02
9.62250,0.231250,0.768750,8.601076e-01,5.375906e-01,8.845758e-01,1.322778e-01,-1.313466e-02,4.055833e-03,2.163998e-02,5.170622e-02
9.62500,0.231250,0.768750,8.602749e-01,5.376115e-01,8.845909e-01,1.322783e-01,-1.311451e-02,4.053741e-03,2.164053e-02,5.170700e-02
9.62750,0.231250,0.768750,8.604410e-01,5.376324e-01,8.846064e-01,1.322788e-01,-1.309376e-02,4.051458e-03,2.164112e-02,5.170778e-02
9.63000,0.231250,0.768750,8.606058e-01,5.376532e-01,8.846221e-01,1.322793e-01,-1.307245e-02,4.049149e-03,2.164177e-02,5.170856e-02
9.63250,0.231250,0.768750,8.607693e-01,5.376741e-01,8.846382e-01,1.322798e-01,-1.305081e-02,4.047006e-03,2.164247e-02,5.170934e-02
9.63500,0.231250,0.768750,8.609315e-01,5.376949e-01,8.846547e-01,1.322803e-01,-1.302904e-02,4.044988e-03,2.164319e-02,5.171012e-02
9.63750,0.231250,0.768750,8.610922e-01,5.377157e-01,8.846716e-01,1.322807e-01,-1.300720e-02,4.043031e-03,2.164392e-02,5.171090e-02
9.64000,0.231250,0.768750,8.612515e-01,5.377364e-01,8.846890e-01,1.322812e-01,-1.298523e-02,4.041026e-03,2.164467e-02,5.171168e-02
9.64250,0.231250,0.768750,8.614094e-01,5.377571e-01,8.847069e-01,1.322816e-01,-1.296328e-02,4.039020e-03,2.164543e-02,5.171246e-02
9.64500,0.231250,0.768750,8.615657e-01,5.377778e-01,8.847253e-01,1.322819e-01,-1.294145e-02,4.037129e-03,2.164621e-02,5.171324e-02
9.64750,0.231250,0.768750,8.617205e-01,5.377985e-01,8.847443e-01,1.322823e-01,-1.291989e-02,4.035458e-03,2.164699e-02,5.171402e-02
9.65000,0.231250,0.768750,8.618737e-01,5.378191e-01,8.847639e-01,1.322827e-01,-1.289866e-02,4.033928e-03,2.164777e-02,5.171479e-02
9.65250,0.231250,0.768750,8.620252e-01,5.378397e-01,8.847842e-01,1.322830e-01,-1.287761e-02,4.032209e-03,2.164854e-02,5.171556e-02
9.65500,0.231250,0.768750,8.621751e-01,5.378603e-01,8.848051e-01,1.322833e-01,-1.285671e-02,4.030407e-03,2.164930e-02,5.171632e-02
9.65750,0.231250,0.768750,8.623233e-01,5.378809e-01,8.848268e-01,1.322836e-01,-1.283594e-02,4.028603e-03,2.165006e-02,5.171708e-02
9.66000,0.231250,0.768750,8.624696e-01,5.379014e-01,8.848493e-01,1.322839e-01,-1.281529e-02,4.026827e-03,2.165081e-02,5.171782e-02
9.66250,0.231250,0.768750,8.626142e-01,5.379219e-01,8.848726e-01,1.322841e-01,-1.279477e-02,4.025170e-03,2.165156e-02,5.171856e-02
9.66500,0.231250,0.768750,8.627569e-01,5.379424e-01,8.848967e-01,1.322844e-01,-1.277425e-02,4.023792e-03,2.165230e-02,5.171930e-02
9.66750,0.231250,0.768750,8.628977e-01,5.379628e-01,8.849217e-01,1.322846e-01,-1.275365e-02,4.022715e-03,2.165304e-02,5.172002e-02
9.67000,0.231250,0.768750,8.630365e-01,5.379832e-01,8.849474e-01,1.322848e-01,-1.273292e-02,4.021811e-03,2.165378e-02,5.172075e-02
9.67250,0.231250,0.768750,8.631733e-01,5.380036e-01,8.849740e-01,1.322850e-01,-1.271181e-02,4.020857e-03,2.165453e-02,5.172147e-02
9.67500,0.231250,0.768750,8.633081e-01,5.380239e-01,8.850014e-01,1.322852e-01,-1.269025e-02,4.019759e-03,2.165531e-02,5.172219e-02
9.67750,0.231250,0.768750,8.634407e-01,5.380443e-01,8.850296e-01,1.322854e-01,-1.266843e-02,4.018604e-03,2.165612e-02,5.172291e-02
9.68000,0.231250,0.768750,8.635712e-01,5.380646e-01,8.850586e-01,1.322855e-01,-1.264634e-02,4.017328e-03,2.165695e-02,5.172363e-02
9.68250,0.231250,0.768750,8.636994e-01,5.380848e-01,8.850883e-01,1.322856e-01,-1.262393e-02,4.015910e-03,2.165781e-02,5.172435e-02
9.68500,0.231250,0.768750,8.638253e-01,5.381051e-01,8.851186e-01,1.322857e-01,-1.260109e-02,4.014221e-03,2.165871e-02,5.172507e-02
9.68750,0.231250,0.768750,8.639489e-01,5.381253e-01,8.851496e-01,1.322858e-01,-1.257762e-02,4.012050e-03,2.165967e-02,5.172580e-02
9.69000,0.231250,0.768750,8.640701e-01,5.381455e-01,8.851812e-01,1.322859e-01,-1.255345e-02,4.009375e-03,2.166069e-02,5.172652e-02
9.69250,0.231250,0.768750,8.641887e-01,5.381656e-01,8.852134e-01,1.322860e-01,-1.252883e-02,4.006442e-03,2.166177e-02,5.172724e-02
9.69500,0.231250,0.768750,8.643314e-01,5.381858e-01,8.852460e-01,1.322860e-01,-1.250398e-02,4.003412e-03,2.166290e-02,5.172796e-02
9.69750,0.231250,0.768750,8.644926e-01,5.382059e-01,8.852791e-01,1.322860e-01,-1.247880e-02,4.000325e-03,2.166406e-02,5.172868e-02
9.70000,0.231250,0.768750,8.646525e-01,5.382259e-01,8.853125e-01,1.322860e-01,-1.245343e-02,3.997301e-03,2.166525e-02,5.172940e-02
9.70250,0.231250,0.768750,8.648110e-01,5.382460e-01,8.853463e-01,1.322860e-01,-1.242802e-02,3.994407e-03,2.166647e-02,5.173012e-02
9.70500,0.231250,0.768750,8.649681e-01,5.382660e-01,8.853805e-01,1.322860e-01,-1.240281e-02,3.991807e-03,2.166769e-02,5.173083e-02
9.70750,0.231250,0.768750,8.651237e-01,5.382860e-01,8.854149e-01,1.322859e-01,-1.237792e-02,3.989582e-03,2.166889e-02,5.173154e-02
9.71000,0.231250,0.768750,8.652778e-01,5.383060e-01,8.854496e-01,1.322859e-01,-1.235340e-02,3.987726e-03,2.167006e-02,5.173225e-02
9.71250,0.231250,0.768750,8.654303e-01,5.383259e-01,8.854845e-01,1.322858e-01,-1.232918e-02,3.986166e-03,2.167122e-02,5.173295e-02
9.71500,0.231250,0.768750,8.655812e-01,5.383458e-01,8.855196e-01,1.322857e-01,-1.230529e-02,3.984933e-03,2.167235e-02,5.173364e-02
9.71750,0.231250,0.768750,8.657305e-01,5.383657e-01,8.855548e-01,1.322856e-01,-1.228175e-02,3.983948e-03,2.167347e-02,5.173433e-02
9.72000,0.231250,0.768750,8.658780e-01,5.383855e-01,8.855902e-01,1.322855e-01,-1.225848e-02,3.983070e-03,2.167456e-02,5.173501e-02
9.72250,0.231250,0.768750,8.660239e-01,5.384053e-01,8.856258e-01,1.322853e-01,-1.223527e-02,3.982197e-03,2.167563e-02,5.173568e-02
9.72500,0.231250,0.768750,8.661680e-01,5.384251e-01,8.856615e-01,1.322852e-01,-1.221196e-02,3.981291e-03,2.167669e-02,5.173635e-02
9.72750,0.231250,0.768750,8.663102e-01,5.384449e-01,8.856972e-01,1.322850e-01,-1.218864e-02,3.980505e-03,2.167772e-02,5.173701e-02
9.73000,0.231250,0.768750,8.664506e-01,5.384646e-01,8.857331e-01,1.322848e-01,-1.216538e-02,3.979909e-03,2.167871e-02,5.173766e-02
9.73250,0.231250,0.768750,8.665891e-01,5.384844e-01,8.857692e-01,1.322846e-01,-1.214214e-02,3.979442e-03,2.167967e-02,5.173830e-02
9.73500,0.231250,0.768750,8.667256e-01,5.385040e-01,8.858053e-01,1.322844e-01,-1.211884e-02,3.978903e-03,2.168064e-02,5.173894e-02
9.73750,0.231250,0.768750,8.668602e-01,5.385237e-01,8.858415e-01,1.322842e-01,-1.209566e-02,3.978275e-03,2.168161e-02,5.173957e-02
9.74000,0.231250,0.768750,8.669926e-01,5.385433e-01,8.858778e-01,1.322840e-01,-1.207261e-02,3.977438e-03,2.168260e-02,5.174019e-02
9.74250,0.231250,0.768750,8.671230e-01,5.385629e-01,8.859141e-01,1.322837e-01,-1.204972e-02,3.976443e-03,2.168361e-02,5.174081e-02
9.74500,0.231250,0.768750,8.672512e-01,5.385825e-01,8.859506e-01,1.322834e-01,-1.202693e-02,3.975342e-03,2.168465e-02,5.174142e-02
9.74750,0.231250,0.768750,8.673772e-01,5.386021e-01,8.859871e-01,1.322832e-01,-1.200432e-02,3.974136e-03,2.168570e-02,5.174202e-02
9.75000,0.231250,0.768750,8.675090e-01,5.386216e-01,8.860236e-01,1.322829e-01,-1.198183e-02,3.972744e-03,2.168678e-02,5.174263e-02
9.75250,0.231250,0.768750,8.676802e-01,5.386411e-01,8.860602e-01,1.322826e-01,-1.195914e-02,3.971043e-03,2.168791e-02,5.174323e-02
9.75500,0.231250,0.768750,8.678503e-01,5.386605e-01,8.860969e-01,1.322822e-01,-1.193611e-02,3.969040e-03,2.168909e-02,5.174382e-02
9.75750,0.231250,0.768750,8.680193e-01,5.386800e-01,8.861336e-01,1.322819e-01,-1.191265e-02,3.966781e-03,2.169033e-02,5.174442e-02
9.76000,0.231250,0.768750,8.681873e-01,5.386994e-01,8.861704e-01,1.322816e-01,-1.188892e-02,3.964482e-03,2.169164e-02,5.174501e-02
9.76250,0.231250,0.768750,8.683542e-01,5.387188e-01,8.862074e-01,1.322812e-01,-1.186496e-02,3.962199e-03,2.169299e-02,5.174559e-02
9.76500,0.231250,0.768750,8.685199e-01,5.387381e-01,8.862445e-01,1.322808e-01,-1.184072e-02,3.959988e-03,2.169438e-02,5.174617e-02
9.76750,0.231250,0.768750,8.686845e-01,5.387575e-01,8.862818e-01,1.322804e-01,-1.181640e-02,3.958017e-03,2.169578e-02,5.174675e-02
9.77000,0.231250,0.768750,8.688478e-01,5.387768e-01,8.863193e-01,1.322801e-01,-1.179217e-02,3.956371e-03,2.169720e-02,5.174732e-02
9.77250,0.231250,0.768750,8.690098e-01,5.387960e-01,8.863571e-01,1.322796e-01,-1.176792e-02,3.954922e-03,2.169862e-02,5.174788e-02
9.77500,0.231250,0.768750,8.691705e-01,5.388153e-01,8.863951e-01,1.322792e-01,-1.174355e-02,3.953662e-03,2.170005e-02,5.174844e-02
9.77750,0.231250,0.768750,8.693299e-01,5.388345e-01,8.864335e-01,1.322788e-01,-1.171912e-02,3.952649e-03,2.170150e-02,5.174899e-02
9.78000,0.231250,0.768750,8.694879e-01,5.388537e-01,8.864723e-01,1.322783e-01,-1.169485e-02,3.951944e-03,2.170295e-02,5.174954e-02
9.78250,0.231250,0.768750,8.696445e-01,5.388729e-01,8.865115e-01,1.322779e-01,-1.167066e-02,3.951183e-03,2.170439e-02,5.175008e-02
9.78500,0.231250,0.768750,8.697996e-01,5.388920e-01,8.865511e-01,1.322774e-01,-1.164650e-02,3.950455e-03,2.170583e-02,5.175061e-02
9.78750,0.231250,0.768750,8.699533e-01,5.389111e-01,8.865913e-01,1.322769e-01,-1.162242e-02,3.949952e-03,2.170727e-02,5.175113e-02
9.79000,0.231250,0.768750,8.701053e-01,5.389302e-01,8.866320e-01,1.322764e-01,-1.159834e-02,3.949774e-03,2.170870e-02,5.175164e-02
9.79250,0.231250,0.768750,8.702558e-01,5.389493e-01,8.866733e-01,1.322759e-01,-1.157426e-02,3.950038e-03,2.171011e-02,5.175215e-02
9.79500,0.231250,0.768750,8.704046e-01,5.389683e-01,8.867152e-01,1.322754e-01,-1.155016e-02,3.950765e-03,2.171149e-02,5.175265e-02
9.79750,0.231250,0.768750,8.705518e-01,5.389874e-01,8.867577e-01,1.322749e-01,-1.152601e-02,3.951823e-03,2.171284e-02,5.175314e-02
9.80000,0.231250,0.768750,8.706972e-01,5.390063e-01,8.868008e-01,1.322744e-01,-1.150180e-02,3.953232e-03,2.171417e-02,5.175363e-02
9.80250,0.231250,0.768750,8.708409e-01,5.390253e-01,8.868445e-01,1.322738e-01,-1.147739e-02,3.954714e-03,2.171548e-02,5.175411e-02
9.80500,0.231250,0.768750,8.709827e-01,5.390442e-01,8.868888e-01,1.322733e-01,-1.145265e-02,3.956018e-03,2.171680e-02,5.175459e-02
9.80750,0.231250,0.768750,8.711227e-01,5.390631e-01,8.869337e-01,1.322727e-01,-1.142758e-02,3.957128e-03,2.171817e-02,5.175506e-02
9.81000,0.231250,0.768750,8.712607e-01,5.390820e-01,8.869792e-01,1.322722e-01,-1.140218e-02,3.957966e-03,2.171958e-02,5.175553e-02
9.81250,0.231250,0.768750,8.713968e-01,5.391009e-01,8.870252e-01,1.322716e-01,-1.137658e-02,3.958456e-03,2.172103e-02,5.175599e-02
9.81500,0.231250,0.768750,8.715308e-01,5.391197e-01,8.870718e-01,1.322710e-01,-1.135081e-02,3.958555e-03,2.172253e-02,5.175645e-02
9.81750,0.231250,0.768750,8.716628e-01,5.391385e-01,8.871189e-01,1.322704e-01,-1.132466e-02,3.958217e-03,2.172407e-02,5.175691e-02
9.82000,0.231250,0.768750,8.717926e-01,5.391573e-01,8.871664e-01,1.322698e-01,-1.129810e-02,3.957450e-03,2.172567e-02,5.175736e-02
9.82250,0.231250,0.768750,8.719202e-01,5.391760e-01,8.872144e-01,1.322692e-01,-1.127125e-02,3.956364e-03,2.172733e-02,5.175781e-02
9.82500,0.231250,0.768750,8.720456e-01,5.391947e-01,8.872629e-01,1.322686e-01,-1.124424e-02,3.955091e-03,2.172902e-02,5.175826e-02
9.82750,0.231250,0.768750,8.721686e-01,5.392134e-01,8.873118e-01,1.322680e-01,-1.121704e-02,3.953646e-03,2.173075e-02,5.175870e-02
9.83000,0.231250,0.768750,8.722892e-01,5.392321e-01,8.873611e-01,1.322673e-01,-1.118957e-02,3.951969e-03,2.173251e-02,5.175913e-02
9.83250,0.231250,0.768750,8.724074e-01,5.392508e-01,8.874107e-01,1.322667e-01,-1.116182e-02,3.950071e-03,2.173432e-02,5.175956e-02
9.83500,0.231250,0.768750,8.725231e-01,5.392694e-01,8.874607e-01,1.322660e-01,-1.113393e-02,3.948130e-03,2.173615e-02,5.175999e-02
9.83750,0.231250,0.768750,8.726361e-01,5.392880e-01,8.875109e-01,1.322653e-01,-1.110597e-02,3.946242e-03,2.173798e-02,5.176041e-02
9.84000,0.231250,0.768750,8.727465e-01,5.393065e-01,8.875613e-01,1.322647e-01,-1.107794e-02,3.944412e-03,2.173982e-02,5.176082e-02
9.84250,0.231250,0.768750,8.728542e-01,5.393251e-01,8.876120e-01,1.322640e-01,-1.104986e-02,3.942614e-03,2.174166e-02,5.176122e-02
9.84500,0.231250,0.768750,8.729591e-01,5.393436e-01,8.876627e-01,1.322633e-01,-1.102180e-02,3.940856e-03,2.174352e-02,5.176162e-02
9.84750,0.231250,0.768750,8.730611e-01,5.393621e-01,8.877136e-01,1.322626e-01,-1.099384e-02,3.939208e-03,2.174538e-02,5.176200e-02
9.85000,0.231250,0.768750,8.731602e-01,5.393806e-01,8.877645e-01,1.322619e-01,-1.096593e-02,3.937611e-03,2.174725e-02,5.176238e-02
9.85250,0.231250,0.768750,8.732563e-01,5.393990e-01,8.878156e-01,1.322611e-01,-1.093805e-02,3.936130e-03,2.174911e-02,5.176275e-02
9.85500,0.231250,0.768750,8.733966e-01,5.394174e-01,8.878666e-01,1.322604e-01,-1.091028e-02,3.934998e-03,2.175096e-02,5.176312e-02
9.85750,0.231250,0.768750,8.735449e-01,5.394358e-01,8.879177e-01,1.322597e-01,-1.088265e-02,3.934331e-03,2.175276e-02,5.176347e-02
9.86000,0.231250,0.768750,8.736915e-01,5.394542e-01,8.879688e-01,1.322589e-01,-1.085520e-02,3.934143e-03,2.175452e-02,5.176382e-02
9.86250,0.231250,0.768750,8.738364e-01,5.394725e-01,8.880200e-01,1.322582e-01,-1.082807e-02,3.934589e-03,2.175623e-02,5.176416e-02
9.86500,0.231250,0.768750,8.739796e-01,5.394908e-01,8.880711e-01,1.322574e-01,-1.080136e-02,3.935792e-03,2.175787e-02,5.176449e-02
9.86750,0.231250,0.768750,8.741209e-01,5.395091e-01,8.881223e-01,1.322566e-01,-1.077494e-02,3.937526e-03,2.175946e-02,5.176482e-02
9.87000,0.231250,0.768750,8.742604e-01,5.395274e-01,8.881736e-01,1.322558e-01,-1.074873e-02,3.939432e-03,2.176102e-02,5.176514e-02
9.87250,0.231250,0.768750,8.743980e-01,5.395456e-01,8.882249e-01,1.322551e-01,-1.072264e-02,3.941390e-03,2.176255e-02,5.176546e-02
9.87500,0.231250,0.768750,8.745336e-01,5.395638e-01,8.882762e-01,1.322543e-01,-1.069650e-02,3.943270e-03,2.176407e-02,5.176577e-02
9.87750,0.231250,0.768750,8.746672e-01,5.395820e-01,8.883275e-01,1.322535e-01,-1.067022e-02,3.944892e-03,2.176561e-02,5.176607e-02
9.88000,0.231250,0.768750,8.747988e-01,5.396002e-01,8.883790e-01,1.322526e-01,-1.064382e-02,3.946247e-03,2.176718e-02,5.176637e-02
9.88250,0.231250,0.768750,8.749282e-01,5.396183e-01,8.884304e-01,1.322518e-01,-1.061746e-02,3.947285e-03,2.176879e-02,5.176667e-02
9.88500,0.231250,0.768750,8.750555e-01,5.396364e-01,8.884819e-01,1.322510e-01,-1.059116e-02,3.947793e-03,2.177044e-02,5.176696e-02
9.88750,0.231250,0.768750,8.751805e-01,5.396545e-01,8.885335e-01,1.322502e-01,-1.056492e-02,3.947683e-03,2.177214e-02,5.176725e-02
9.89000,0.231250,0.768750,8.753033e-01,5.396726e-01,8.885850e-01,1.322493e-01,-1.053868e-02,3.947074e-03,2.177390e-02,5.176754e-02
9.89250,0.231250,0.768750,8.754238e-01,5.396906e-01,8.886366e-01,1.322485e-01,-1.051267e-02,3.946287e-03,2.177570e-02,5.176782e-02
9.89500,0.231250,0.768750,8.755418e-01,5.397086e-01,8.886882e-01,1.322476e-01,-1.048692e-02,3.945533e-03,2.177752e-02,5.176809e-02
9.89750,0.231250,0.768750,8.756574e-01,5.397266e-01,8.887397e-01,1.322467e-01,-1.046129e-02,3.944854e-03,2.177937e-02,5.176837e-02
9.90000,0.231250,0.768750,8.757705e-01,5.397446e-01,8.887913e-01,1.322458e-01,-1.043570e-02,3.944247e-03,2.178123e-02,5.176863e-02
9.90250,0.231250,0.768750,8.758810e-01,5.397625e-01,8.888429e-01,1.322449e-01,-1.041015e-02,3.943734e-03,2.178311e-02,5.176889e-02
9.90500,0.231250,0.768750,8.759889e-01,5.397804e-01,8.888945e-01,1.322440e-01,-1.038468e-02,3.943308e-03,2.178500e-02,5.176914e-02
9.90750,0.231250,0.768750,8.761190e-01,5.397983e-01,8.889462e-01,1.322431e-01,-1.035924e-02,3.942916e-03,2.178689e-02,5.176939e-02
9.91000,0.231250,0.768750,8.762816e-01,5.398162e-01,8.889979e-01,1.322422e-01,-1.033380e-02,3.942541e-03,2.178879e-02,5.176962e-02
9.91250,0.231250,0.768750,8.764430e-01,5.398340e-01,8.890499e-01,1.322413e-01,-1.030824e-02,3.942122e-03,2.179069e-02,5.176985e-02
9.91500,0.231250,0.768750,8.766031e-01,5.398519e-01,8.891019e-01,1.322403e-01,-1.028254e-02,3.941572e-03,2.179261e-02,5.177007e-02
9.91750,0.231250,0.768750,8.767618e-01,5.398696e-01,8.891543e-01,1.322394e-01,-1.025674e-02,3.940719e-03,2.179454e-02,5.177027e-02
9.92000,0.231250,0.768750,8.769192e-01,5.398874e-01,8.892069e-01,1.322384e-01,-1.023086e-02,3.939685e-03,2.179648e-02,5.177047e-02
9.92250,0.231250,0.768750,8.770752e-01,5.399052e-01,8.892598e-01,1.322374e-01,-1.020499e-02,3.938633e-03,2.179843e-02,5.177064e-02
9.92500,0.231250,0.768750,8.772298e-01,5.399229e-01,8.893131e-01,1.322365e-01,-1.017909e-02,3.937879e-03,2.180037e-02,5.177081e-02
9.92750,0.231250,0.768750,8.773828e-01,5.399406e-01,8.893667e-01,1.322355e-01,-1.015332e-02,3.937737e-03,2.180229e-02,5.177097e-02
9.93000,0.231250,0.768750,8.775344e-01,5.399583e-01,8.894208e-01,1.322345e-01,-1.012775e-02,3.938393e-03,2.180416e-02,5.177111e-02
9.93250,0.231250,0.768750,8.776843e-01,5.399759e-01,8.894753e-01,1.322335e-01,-1.010232e-02,3.939777e-03,2.180598e-02,5.177125e-02
9.93500,0.231250,0.768750,8.778327e-01,5.399935e-01,8.895302e-01,1.322325e-01,-1.007717e-02,3.941891e-03,2.180777e-02,5.177137e-02
9.93750,0.231250,0.768750,8.779794e-01,5.400111e-01,8.895856e-01,1.322315e-01,-1.005244e-02,3.944877e-03,2.180950e-02,5.177149e-02
9.94000,0.231250,0.768750,8.781244e-01,5.400287e-01,8.896414e-01,1.322305e-01,-1.002806e-02,3.948701e-03,2.181117e-02,5.177160e-02
9.94250,0.231250,0.768750,8.782676e-01,5.400463e-01,8.896976e-01,1.322294e-01,-1.000386e-02,3.952965e-03,2.181279e-02,5.177171e-02
9.94500,0.231250,0.768750,8.784090e-01,5.400638e-01,8.897542e-01,1.322284e-01,-9.979768e-03,3.957542e-03,2.181438e-02,5.177180e-02
9.94750,0.231250,0.768750,8.785486e-01,5.400813e-01,8.898113e-01,1.322274e-01,-9.955722e-03,3.962170e-03,2.181594e-02,5.177189e-02
9.95000,0.231250,0.768750,8.786862e-01,5.400988e-01,8.898687e-01,1.322264e-01,-9.931565e-03,3.966628e-03,2.181750e-02,5.177198e-02
9.95250,0.231250,0.768750,8.788220e-01,5.401162e-01,8.899266e-01,1.322253e-01,-9.907189e-03,3.970741e-03,2.181908e-02,5.177205e-02
9.95500,0.231250,0.768750,8.789557e-01,5.401337e-01,8.899847e-01,1.322243e-01,-9.882805e-03,3.974456e-03,2.182069e-02,5.177212e-02
9.95750,0.231250,0.768750,8.790873e-01,5.401511e-01,8.900433e-01,1.322232e-01,-9.858464e-03,3.977701e-03,2.182232e-02,5.177219e-02
9.96000,0.231250,0.768750,8.792168e-01,5.401685e-01,8.901021e-01,1.322222e-01,-9.834251e-03,3.980610e-03,2.182400e-02,5.177224e-02
9.96250,0.231250,0.768750,8.793441e-01,5.401858e-01,8.901612e-01,1.322211e-01,-9.810326e-03,3.983434e-03,2.182568e-02,5.177229e-02
9.96500,0.231250,0.768750,8.794692e-01,5.402032e-01,8.902206e-01,1.322200e-01,-9.786685e-03,3.986303e-03,2.182736e-02,5.177234e-02
9.96750,0.231250,0.768750,8.795920e-01,5.402205e-01,8.902803e-01,1.322190e-01,-9.763305e-03,3.989249e-03,2.182904e-02,5.177237e-02
9.97000,0.231250,0.768750,8.797125e-01,5.402378e-01,8.903401e-01,1.322179e-01,-9.740229e-03,3.992353e-03,2.183074e-02,5.177240e-02
9.97250,0.231250,0.768750,8.798305e-01,5.402551e-01,8.904001e-01,1.322168e-01,-9.717420e-03,3.995629e-03,2.183243e-02,5.177242e-02
9.97500,0.231250,0.768750,8.799460e-01,5.402723e-01,8.904603e-01,1.322157e-01,-9.694805e-03,3.999034e-03,2.183413e-02,5.177243e-02
9.97750,0.231250,0.768750,8.800589e-01,5.402895e-01,8.905205e-01,1.322146e-01,-9.672332e-03,4.002568e-03,2.183583e-02,5.177243e-02
9.98000,0.231250,0.768750,8.801692e-01,5.403067e-01,8.905809e-01,1.322135e-01,-9.649894e-03,4.006218e-03,2.183753e-02,5.177242e-02
9.98250,0.231250,0.768750,8.802769e-01,5.403239e-01,8.906412e-01,1.322124e-01,-9.627450e-03,4.009893e-03,2.183923e-02,5.177240e-02
9.98500,0.231250,0.768750,8.803818e-01,5.403411e-01,8.907015e-01,1.322113e-01,-9.604984e-03,4.013530e-03,2.184094e-02,5.177237e-02
9.98750,0.231250,0.768750,8.804838e-01,5.403582e-01,8.907618e-01,1.322102e-01,-9.582438e-03,4.017027e-03,2.184265e-02,5.177233e-02
9.99000,0.231250,0.768750,8.805830e-01,5.403753e-01,8.908219e-01,1.322091e-01,-9.559723e-03,4.020203e-03,2.184438e-02,5.177227e-02
9.99250,0.231250,0.768750,8.806792e-01,5.403924e-01,8.908820e-01,1.322079e-01,-9.536724e-03,4.022998e-03,2.184613e-02,5.177221e-02
9.99500,0.231250,0.768750,8.807725e-01,5.404095e-01,8.909420e-01,1.322068e-01,-9.513453e-03,4.025566e-03,2.184789e-02,5.177213e-02
9.99750,0.231250,0.768750,8.808626e-01,5.404265e-01,8.910018e-01,1.322057e-01,-9.490017e-03,4.028176e-03,2.184966e-02,5.177204e-02
10.00000,0.231250,0.768750,8.809495e-01,5.404435e-01,8.910615e-01,1.322045e-01,-9.466598e-03,4.031118e-03,2.185141e-02,5.177194e-02
