t,cx,cy,disp_max,disp_rms,det_min,volume,Fx,Fy,p_L2,u_L2
0.00250,0.600000,0.500000,0.000000e+00,0.000000e+00,1.000000e+00,1.255740e-01,-5.387766e-22,0.000000e+00,4.168442e-01,3.168442e-03
0.00500,0.599996,0.499999,7.235770e-06,4.673254e-06,9.999909e-01,1.255740e-01,4.206043e-02,1.142954e-02,4.241355e-01,5.381768e-03
0.00750,0.599986,0.499996,2.463924e-05,1.557971e-05,9.999720e-01,1.255740e-01,5.583831e-02,1.533544e-02,2.949310e-01,6.896313e-03
0.01000,0.599971,0.499992,5.230531e-05,3.253652e-05,9.999381e-01,1.255740e-01,5.401558e-02,1.499640e-02,2.104645e-01,8.139134e-03
0.01250,0.599951,0.499987,8.938501e-05,5.492655e-05,9.998944e-01,1.255740e-01,4.839037e-02,1.356772e-02,1.596130e-01,9.201263e-03
0.01500,0.599927,0.499980,1.349183e-04,8.212262e-05,9.998438e-01,1.255740e-01,4.272663e-02,1.207735e-02,1.281981e-01,1.014131e-02
0.01750,0.599899,0.499972,1.879723e-04,1.135985e-04,9.997791e-01,1.255740e-01,3.799071e-02,1.080543e-02,1.076218e-01,1.099084e-02
0.02000,0.599867,0.499963,2.478057e-04,1.489367e-04,9.996951e-01,1.255740e-01,3.424102e-02,9.782286e-03,9.334778e-02,1.176997e-02
0.02250,0.599833,0.499954,3.138265e-04,1.878102e-04,9.996006e-01,1.255740e-01,3.130622e-02,8.970603e-03,8.293968e-02,1.249226e-02
0.02500,0.599795,0.499943,3.855625e-04,2.299610e-04,9.994977e-01,1.255740e-01,2.899320e-02,8.323161e-03,7.503345e-02,1.316745e-02
0.02750,0.599755,0.499932,4.626333e-04,2.751824e-04,9.993878e-01,1.255740e-01,2.714239e-02,7.799349e-03,6.882565e-02,1.380275e-02
0.03000,0.599712,0.499920,5.447277e-04,3.233058e-04,9.992722e-01,1.255740e-01,2.563405e-02,7.367995e-03,6.381932e-02,1.440374e-02
0.03250,0.599667,0.499907,6.315867e-04,3.741909e-04,9.991519e-01,1.255739e-01,2.438167e-02,7.006207e-03,5.969304e-02,1.497479e-02
0.03500,0.599619,0.499894,7.229909e-04,4.277192e-04,9.990277e-01,1.255739e-01,2.332342e-02,6.697432e-03,5.623062e-02,1.551943e-02
0.03750,0.599569,0.499879,8.187517e-04,4.837888e-04,9.989004e-01,1.255739e-01,2.241503e-02,6.429710e-03,5.328156e-02,1.604052e-02
0.04000,0.599518,0.499865,9.187050e-04,5.423107e-04,9.987704e-01,1.255739e-01,2.162449e-02,6.194337e-03,5.073796e-02,1.654048e-02
0.04250,0.599463,0.499850,1.022706e-03,6.032067e-04,9.986383e-01,1.255739e-01,2.092831e-02,5.984895e-03,4.852043e-02,1.702131e-02
0.04500,0.599407,0.499834,1.130625e-03,6.664069e-04,9.985044e-01,1.255738e-01,2.030898e-02,5.796585e-03,4.656925e-02,1.748472e-02
0.04750,0.599349,0.499817,1.242347e-03,7.318487e-04,9.983691e-01,1.255738e-01,1.975321e-02,5.625754e-03,4.483857e-02,1.793219e-02
0.05000,0.599289,0.499800,1.357766e-03,7.994753e-04,9.982327e-01,1.255738e-01,1.925072e-02,5.469577e-03,4.329262e-02,1.836500e-02
0.05250,0.599228,0.499783,1.476786e-03,8.692349e-04,9.980953e-01,1.255738e-01,1.879347e-02,5.325834e-03,4.190305e-02,1.878426e-02
0.05500,0.599164,0.499765,1.599320e-03,9.410801e-04,9.979573e-01,1.255737e-01,1.837501e-02,5.192753e-03,4.064707e-02,1.919095e-02
0.05750,0.599098,0.499746,1.725287e-03,1.014967e-03,9.978187e-01,1.255737e-01,1.799014e-02,5.068900e-03,3.950617e-02,1.958593e-02
0.06000,0.599031,0.499727,1.854613e-03,1.090856e-03,9.976798e-01,1.255737e-01,1.763461e-02,4.953100e-03,3.846514e-02,1.996999e-02
0.06250,0.598962,0.499708,1.987226e-03,1.168709e-03,9.975407e-01,1.255736e-01,1.730488e-02,4.844379e-03,3.751134e-02,2.034381e-02
0.06500,0.598892,0.499688,2.123063e-03,1.248491e-03,9.974015e-01,1.255736e-01,1.699800e-02,4.741922e-03,3.663423e-02,2.070801e-02
0.06750,0.598819,0.499668,2.262062e-03,1.330169e-03,9.972622e-01,1.255736e-01,1.671146e-02,4.645038e-03,3.582489e-02,2.106315e-02
0.07000,0.598745,0.499647,2.404167e-03,1.413712e-03,9.971230e-01,1.255735e-01,1.644314e-02,4.553140e-03,3.507574e-02,2.140975e-02
0.07250,0.598670,0.499625,2.549324e-03,1.499093e-03,9.969840e-01,1.255735e-01,1.619120e-02,4.465723e-03,3.438032e-02,2.174826e-02
0.07500,0.598593,0.499604,2.697482e-03,1.586283e-03,9.968452e-01,1.255735e-01,1.595407e-02,4.382349e-03,3.373305e-02,2.207911e-02
0.07750,0.598514,0.499581,2.848593e-03,1.675257e-03,9.967066e-01,1.255734e-01,1.573038e-02,4.302639e-03,3.312910e-02,2.240268e-02
0.08000,0.598434,0.499559,3.002612e-03,1.765991e-03,9.965684e-01,1.255734e-01,1.551891e-02,4.226258e-03,3.256430e-02,2.271932e-02
0.08250,0.598352,0.499536,3.159495e-03,1.858461e-03,9.964305e-01,1.255733e-01,1.531862e-02,4.152916e-03,3.203496e-02,2.302938e-02
0.08500,0.598268,0.499512,3.319202e-03,1.952645e-03,9.962930e-01,1.255733e-01,1.512858e-02,4.082354e-03,3.153787e-02,2.333314e-02
0.08750,0.598184,0.499489,3.481693e-03,2.048523e-03,9.961558e-01,1.255732e-01,1.494795e-02,4.014341e-03,3.107019e-02,2.363089e-02
0.09000,0.598097,0.499464,3.646930e-03,2.146074e-03,9.960191e-01,1.255732e-01,1.477599e-02,3.948673e-03,3.062941e-02,2.392289e-02
0.09250,0.598010,0.499440,3.814878e-03,2.245281e-03,9.958829e-01,1.255731e-01,1.461206e-02,3.885168e-03,3.021330e-02,2.420938e-02
0.09500,0.597920,0.499415,3.985502e-03,2.346123e-03,9.957471e-01,1.255731e-01,1.445555e-02,3.823661e-03,2.981986e-02,2.449059e-02
0.09750,0.597830,0.499389,4.158770e-03,2.448584e-03,9.956117e-01,1.255730e-01,1.430593e-02,3.764005e-03,2.944731e-02,2.476672e-02
0.10000,0.597738,0.499364,4.334648e-03,2.552647e-03,9.954768e-01,1.255729e-01,1.416273e-02,3.706064e-03,2.909405e-02,2.503797e-02
0.10250,0.597644,0.499338,4.513107e-03,2.658297e-03,9.953424e-01,1.255729e-01,1.402549e-02,3.649718e-03,2.875866e-02,2.530453e-02
0.10500,0.597550,0.499311,4.694116e-03,2.765517e-03,9.952085e-01,1.255728e-01,1.389383e-02,3.594857e-03,2.843982e-02,2.556657e-02
0.10750,0.597453,0.499284,4.877648e-03,2.874292e-03,9.950750e-01,1.255728e-01,1.376739e-02,3.541379e-03,2.813636e-02,2.582425e-02
0.11000,0.597356,0.499257,5.063675e-03,2.984609e-03,9.949419e-01,1.255727e-01,1.364583e-02,3.489193e-03,2.784722e-02,2.607773e-02
0.11250,0.597257,0.499230,5.252169e-03,3.096453e-03,9.948094e-01,1.255726e-01,1.352884e-02,3.438216e-03,2.757143e-02,2.632714e-02
0.11500,0.597157,0.499202,5.443106e-03,3.209811e-03,9.946772e-01,1.255726e-01,1.341616e-02,3.388369e-03,2.730810e-02,2.657264e-02
0.11750,0.597055,0.499174,5.636459e-03,3.324670e-03,9.945455e-01,1.255725e-01,1.330752e-02,3.339581e-03,2.705644e-02,2.681434e-02
0.12000,0.596952,0.499145,5.832204e-03,3.441018e-03,9.944143e-01,1.255724e-01,1.320269e-02,3.291786e-03,2.681569e-02,2.705237e-02
0.12250,0.596848,0.499116,6.030317e-03,3.558842e-03,9.942834e-01,1.255723e-01,1.310145e-02,3.244922e-03,2.658518e-02,2.728684e-02
0.12500,0.596743,0.499087,6.230775e-03,3.678131e-03,9.941530e-01,1.255723e-01,1.300360e-02,3.198933e-03,2.636430e-02,2.751787e-02
0.12750,0.596636,0.499058,6.433555e-03,3.798874e-03,9.940230e-01,1.255722e-01,1.290895e-02,3.153768e-03,2.615246e-02,2.774555e-02
0.13000,0.596528,0.499028,6.638636e-03,3.921059e-03,9.938935e-01,1.255721e-01,1.281732e-02,3.109377e-03,2.594914e-02,2.796999e-02
0.13250,0.596419,0.498998,6.845994e-03,4.044675e-03,9.937643e-01,1.255720e-01,1.272855e-02,3.065716e-03,2.575386e-02,2.819129e-02
0.13500,0.596308,0.498968,7.055609e-03,4.169712e-03,9.936355e-01,1.255719e-01,1.264250e-02,3.022744e-03,2.556615e-02,2.840952e-02
0.13750,0.596196,0.498937,7.267459e-03,4.296160e-03,9.935071e-01,1.255719e-01,1.255901e-02,2.980422e-03,2.538561e-02,2.862478e-02
0.14000,0.596083,0.498906,7.481524e-03,4.424010e-03,9.933791e-01,1.255718e-01,1.247796e-02,2.938714e-03,2.521185e-02,2.883716e-02
0.14250,0.595969,0.498875,7.697783e-03,4.553250e-03,9.932515e-01,1.255717e-01,1.239922e-02,2.897588e-03,2.504450e-02,2.904672e-02
0.14500,0.595853,0.498843,7.916217e-03,4.683873e-03,9.931242e-01,1.255716e-01,1.232268e-02,2.857015e-03,2.488324e-02,2.925354e-02
0.14750,0.595737,0.498812,8.136804e-03,4.815868e-03,9.929972e-01,1.255715e-01,1.224821e-02,2.816966e-03,2.472774e-02,2.945770e-02
0.15000,0.595619,0.498780,8.359527e-03,4.949227e-03,9.928707e-01,1.255714e-01,1.217573e-02,2.777415e-03,2.457771e-02,2.965926e-02
0.15250,0.595499,0.498747,8.584364e-03,5.083942e-03,9.927444e-01,1.255713e-01,1.210513e-02,2.738335e-03,2.443290e-02,2.985830e-02
0.15500,0.595379,0.498715,8.811298e-03,5.220002e-03,9.926185e-01,1.255712e-01,1.203633e-02,2.699701e-03,2.429303e-02,3.005486e-02
0.15750,0.595258,0.498682,9.040309e-03,5.357401e-03,9.924929e-01,1.255711e-01,1.196923e-02,2.661490e-03,2.415788e-02,3.024902e-02
0.16000,0.595135,0.498649,9.271379e-03,5.496129e-03,9.923677e-01,1.255710e-01,1.190377e-02,2.623682e-03,2.402722e-02,3.044083e-02
0.16250,0.595011,0.498615,9.504489e-03,5.636179e-03,9.922428e-01,1.255709e-01,1.183985e-02,2.586256e-03,2.390084e-02,3.063034e-02
0.16500,0.594886,0.498581,9.739622e-03,5.777543e-03,9.921182e-01,1.255708e-01,1.177741e-02,2.549193e-03,2.377854e-02,3.081762e-02
0.16750,0.594759,0.498548,9.976758e-03,5.920212e-03,9.919939e-01,1.255708e-01,1.171638e-02,2.512473e-03,2.366014e-02,3.100271e-02
0.17000,0.594632,0.498513,1.021588e-02,6.064181e-03,9.918700e-01,1.255706e-01,1.165670e-02,2.476078e-03,2.354547e-02,3.118566e-02
0.17250,0.594503,0.498479,1.045697e-02,6.209440e-03,9.917463e-01,1.255705e-01,1.159830e-02,2.439993e-03,2.343436e-02,3.136653e-02
0.17500,0.594374,0.498444,1.070001e-02,6.355983e-03,9.916230e-01,1.255704e-01,1.154112e-02,2.404206e-03,2.332666e-02,3.154535e-02
0.17750,0.594243,0.498410,1.094498e-02,6.503802e-03,9.915000e-01,1.255703e-01,1.148511e-02,2.368704e-03,2.322222e-02,3.172217e-02
0.18000,0.594111,0.498374,1.119187e-02,6.652891e-03,9.913773e-01,1.255702e-01,1.143022e-02,2.333475e-03,2.312091e-02,3.189704e-02
0.18250,0.593978,0.498339,1.144066e-02,6.803241e-03,9.912548e-01,1.255701e-01,1.137639e-02,2.298509e-03,2.302259e-02,3.207000e-02
0.18500,0.593843,0.498304,1.169132e-02,6.954847e-03,9.911327e-01,1.255700e-01,1.132358e-02,2.263795e-03,2.292714e-02,3.224108e-02
0.18750,0.593708,0.498268,1.194385e-02,7.107702e-03,9.910108e-01,1.255699e-01,1.127174e-02,2.229319e-03,2.283446e-02,3.241033e-02
0.19000,0.593572,0.498232,1.219822e-02,7.261799e-03,9.908892e-01,1.255698e-01,1.122083e-02,2.195074e-03,2.274441e-02,3.257778e-02
0.19250,0.593434,0.498196,1.245442e-02,7.417131e-03,9.907679e-01,1.255697e-01,1.117080e-02,2.161047e-03,2.265691e-02,3.274348e-02
0.19500,0.593295,0.498159,1.271243e-02,7.573691e-03,9.906469e-01,1.255696e-01,1.112162e-02,2.127226e-03,2.257186e-02,3.290745e-02
0.19750,0.593155,0.498123,1.297223e-02,7.731474e-03,9.905262e-01,1.255695e-01,1.107325e-02,2.093599e-03,2.248915e-02,3.306972e-02
0.20000,0.593014,0.498086,1.323381e-02,7.890473e-03,9.904058e-01,1.255694e-01,1.102565e-02,2.060160e-03,2.240870e-02,3.323035e-02
0.20250,0.592872,0.498049,1.349715e-02,8.050682e-03,9.902857e-01,1.255693e-01,1.097879e-02,2.026903e-03,2.233042e-02,3.338934e-02
0.20500,0.592729,0.498012,1.376224e-02,8.212094e-03,9.901659e-01,1.255691e-01,1.093264e-02,1.993820e-03,2.225424e-02,3.354674e-02
0.20750,0.592585,0.497974,1.402905e-02,8.374704e-03,9.900464e-01,1.255690e-01,1.088717e-02,1.960905e-03,2.218008e-02,3.370258e-02
0.21000,0.592440,0.497937,1.429757e-02,8.538505e-03,9.899273e-01,1.255689e-01,1.084234e-02,1.928154e-03,2.210786e-02,3.385688e-02
0.21250,0.592294,0.497899,1.456818e-02,8.703491e-03,9.898085e-01,1.255688e-01,1.079813e-02,1.895566e-03,2.203752e-02,3.400968e-02
0.21500,0.592146,0.497861,1.484075e-02,8.869656e-03,9.896901e-01,1.255687e-01,1.075451e-02,1.863130e-03,2.196899e-02,3.416099e-02
0.21750,0.591998,0.497823,1.511500e-02,9.036995e-03,9.895720e-01,1.255686e-01,1.071144e-02,1.830839e-03,2.190220e-02,3.431086e-02
0.22000,0.591848,0.497784,1.539092e-02,9.205501e-03,9.894543e-01,1.255685e-01,1.066892e-02,1.798688e-03,2.183710e-02,3.445930e-02
0.22250,0.591698,0.497746,1.566848e-02,9.375170e-03,9.893369e-01,1.255683e-01,1.062691e-02,1.766673e-03,2.177362e-02,3.460634e-02
0.22500,0.591546,0.497707,1.594768e-02,9.545994e-03,9.892200e-01,1.255682e-01,1.058540e-02,1.734788e-03,2.171172e-02,3.475200e-02
0.22750,0.591393,0.497668,1.622848e-02,9.717969e-03,9.891034e-01,1.255681e-01,1.054436e-02,1.703024e-03,2.165133e-02,3.489631e-02
0.23000,0.591239,0.497629,1.651089e-02,9.891088e-03,9.889873e-01,1.255680e-01,1.050378e-02,1.671377e-03,2.159241e-02,3.503929e-02
0.23250,0.591085,0.497590,1.679488e-02,1.006535e-02,9.888716e-01,1.255679e-01,1.046364e-02,1.639844e-03,2.153492e-02,3.518096e-02
0.23500,0.590929,0.497551,1.708043e-02,1.024074e-02,9.887562e-01,1.255678e-01,1.042392e-02,1.608422e-03,2.147880e-02,3.532135e-02
0.23750,0.590772,0.497511,1.736753e-02,1.041726e-02,9.886413e-01,1.255676e-01,1.038460e-02,1.577111e-03,2.142401e-02,3.546048e-02
0.24000,0.590614,0.497472,1.765616e-02,1.059490e-02,9.885268e-01,1.255675e-01,1.034567e-02,1.545904e-03,2.137051e-02,3.559836e-02
0.24250,0.590455,0.497432,1.794631e-02,1.077366e-02,9.884126e-01,1.255674e-01,1.030711e-02,1.514799e-03,2.131826e-02,3.573503e-02
0.24500,0.590295,0.497392,1.823795e-02,1.095354e-02,9.882990e-01,1.255673e-01,1.026889e-02,1.483794e-03,2.126722e-02,3.587049e-02
0.24750,0.590134,0.497352,1.853108e-02,1.113451e-02,9.881857e-01,1.255672e-01,1.023100e-02,1.452887e-03,2.121735e-02,3.600477e-02
0.25000,0.589972,0.497312,1.882568e-02,1.131659e-02,9.880730e-01,1.255671e-01,1.019343e-02,1.422080e-03,2.116862e-02,3.613788e-02
0.25250,0.589809,0.497272,1.912172e-02,1.149977e-02,9.879607e-01,1.255670e-01,1.015617e-02,1.391373e-03,2.112098e-02,3.626986e-02
0.25500,0.589645,0.497231,1.941920e-02,1.168404e-02,9.878489e-01,1.255668e-01,1.011920e-02,1.360758e-03,2.107442e-02,3.640070e-02
0.25750,0.589480,0.497190,1.971810e-02,1.186939e-02,9.877377e-01,1.255667e-01,1.008251e-02,1.330227e-03,2.102889e-02,3.653043e-02
0.26000,0.589315,0.497150,2.001840e-02,1.205582e-02,9.876270e-01,1.255666e-01,1.004609e-02,1.299778e-03,2.098437e-02,3.665908e-02
0.26250,0.589148,0.497109,2.032008e-02,1.224333e-02,9.875169e-01,1.255665e-01,1.000993e-02,1.269410e-03,2.094082e-02,3.678664e-02
0.26500,0.588980,0.497068,2.062314e-02,1.243190e-02,9.874072e-01,1.255664e-01,9.974021e-03,1.239126e-03,2.089823e-02,3.691315e-02
0.26750,0.588811,0.497027,2.092754e-02,1.262154e-02,9.872982e-01,1.255663e-01,9.938352e-03,1.208928e-03,2.085656e-02,3.703861e-02
0.27000,0.588641,0.496986,2.123329e-02,1.281224e-02,9.871897e-01,1.255662e-01,9.902914e-03,1.178808e-03,2.081578e-02,3.716305e-02
0.27250,0.588470,0.496944,2.154036e-02,1.300400e-02,9.870818e-01,1.255661e-01,9.867692e-03,1.148767e-03,2.077587e-02,3.728647e-02
0.27500,0.588298,0.496903,2.184873e-02,1.319681e-02,9.869745e-01,1.255660e-01,9.832680e-03,1.118808e-03,2.073681e-02,3.740890e-02
0.27750,0.588125,0.496861,2.215839e-02,1.339065e-02,9.868677e-01,1.255659e-01,9.797871e-03,1.088935e-03,2.069857e-02,3.753034e-02
0.28000,0.587951,0.496820,2.246933e-02,1.358554e-02,9.867616e-01,1.255657e-01,9.763262e-03,1.059142e-03,2.066114e-02,3.765081e-02
0.28250,0.587777,0.496778,2.278152e-02,1.378147e-02,9.866561e-01,1.255656e-01,9.728844e-03,1.029419e-03,2.062448e-02,3.777033e-02
0.28500,0.587601,0.496736,2.309496e-02,1.397842e-02,9.865512e-01,1.255655e-01,9.694610e-03,9.997709e-04,2.058858e-02,3.788891e-02
0.28750,0.587424,0.496694,2.340962e-02,1.417640e-02,9.864469e-01,1.255654e-01,9.660555e-03,9.701984e-04,2.055342e-02,3.800655e-02
0.29000,0.587246,0.496652,2.372549e-02,1.437539e-02,9.863433e-01,1.255653e-01,9.626671e-03,9.407015e-04,2.051897e-02,3.812329e-02
0.29250,0.587068,0.496610,2.404256e-02,1.457540e-02,9.862404e-01,1.255652e-01,9.592952e-03,9.112835e-04,2.048523e-02,3.823912e-02
0.29500,0.586888,0.496568,2.436081e-02,1.477643e-02,9.861381e-01,1.255651e-01,9.559385e-03,8.819386e-04,2.045217e-02,3.835406e-02
0.29750,0.586708,0.496526,2.468022e-02,1.497845e-02,9.860365e-01,1.255651e-01,9.525961e-03,8.526654e-04,2.041977e-02,3.846812e-02
0.30000,0.586526,0.496483,2.500079e-02,1.518148e-02,9.859356e-01,1.255650e-01,9.492674e-03,8.234587e-04,2.038802e-02,3.858132e-02
0.30250,0.586344,0.496441,2.532249e-02,1.538550e-02,9.858355e-01,1.255649e-01,9.459510e-03,7.943195e-04,2.035690e-02,3.869366e-02
0.30500,0.586161,0.496398,2.564531e-02,1.559051e-02,9.857360e-01,1.255648e-01,9.426466e-03,7.652599e-04,2.032639e-02,3.880516e-02
0.30750,0.585976,0.496356,2.596923e-02,1.579651e-02,9.856373e-01,1.255647e-01,9.393538e-03,7.362786e-04,2.029649e-02,3.891583e-02
0.31000,0.585791,0.496313,2.629425e-02,1.600349e-02,9.855392e-01,1.255646e-01,9.360731e-03,7.073669e-04,2.026716e-02,3.902567e-02
0.31250,0.585605,0.496270,2.662034e-02,1.621144e-02,9.854419e-01,1.255645e-01,9.328042e-03,6.785217e-04,2.023841e-02,3.913471e-02
0.31500,0.585418,0.496227,2.694750e-02,1.642037e-02,9.853452e-01,1.255644e-01,9.295469e-03,6.497437e-04,2.021021e-02,3.924295e-02
0.31750,0.585230,0.496185,2.727571e-02,1.663026e-02,9.852493e-01,1.255644e-01,9.263006e-03,6.210306e-04,2.018256e-02,3.935040e-02
0.32000,0.585041,0.496142,2.760495e-02,1.684112e-02,9.851540e-01,1.255643e-01,9.230649e-03,5.923777e-04,2.015544e-02,3.945707e-02
0.32250,0.584852,0.496099,2.793521e-02,1.705293e-02,9.850595e-01,1.255642e-01,9.198397e-03,5.637795e-04,2.012883e-02,3.956298e-02
0.32500,0.584661,0.496056,2.826783e-02,1.726570e-02,9.849658e-01,1.255641e-01,9.166244e-03,5.352445e-04,2.010273e-02,3.966812e-02
0.32750,0.584469,0.496013,2.860167e-02,1.747941e-02,9.848728e-01,1.255641e-01,9.134182e-03,5.067709e-04,2.007712e-02,3.977251e-02
0.33000,0.584277,0.495970,2.893652e-02,1.769407e-02,9.847806e-01,1.255640e-01,9.102213e-03,4.783565e-04,2.005199e-02,3.987617e-02
0.33250,0.584083,0.495927,2.927236e-02,1.790966e-02,9.846891e-01,1.255640e-01,9.070333e-03,4.500000e-04,2.002734e-02,3.997909e-02
0.33500,0.583889,0.495883,2.960918e-02,1.812619e-02,9.845984e-01,1.255639e-01,9.038540e-03,4.216996e-04,2.000314e-02,4.008130e-02
0.33750,0.583694,0.495840,2.994698e-02,1.834365e-02,9.845084e-01,1.255638e-01,9.006837e-03,3.934463e-04,1.997939e-02,4.018279e-02
0.34000,0.583498,0.495797,3.028573e-02,1.856203e-02,9.844191e-01,1.255638e-01,8.975228e-03,3.652388e-04,1.995609e-02,4.028357e-02
0.34250,0.583301,0.495754,3.062542e-02,1.878134e-02,9.843305e-01,1.255637e-01,8.943711e-03,3.370839e-04,1.993321e-02,4.038366e-02
0.34500,0.583103,0.495710,3.096603e-02,1.900156e-02,9.842427e-01,1.255637e-01,8.912276e-03,3.089791e-04,1.991075e-02,4.048307e-02
0.34750,0.582904,0.495667,3.130756e-02,1.922269e-02,9.841557e-01,1.255636e-01,8.880916e-03,2.809318e-04,1.988871e-02,4.058179e-02
0.35000,0.582705,0.495624,3.165000e-02,1.944472e-02,9.840693e-01,1.255636e-01,8.849621e-03,2.529515e-04,1.986707e-02,4.067984e-02
0.35250,0.582504,0.495580,3.199332e-02,1.966766e-02,9.839837e-01,1.255636e-01,8.818383e-03,2.250512e-04,1.984582e-02,4.077723e-02
0.35500,0.582303,0.495537,3.233751e-02,1.989150e-02,9.838989e-01,1.255635e-01,8.787201e-03,1.972303e-04,1.982495e-02,4.087397e-02
0.35750,0.582101,0.495494,3.268257e-02,2.011623e-02,9.838148e-01,1.255635e-01,8.756085e-03,1.694781e-04,1.980446e-02,4.097006e-02
0.36000,0.581898,0.495450,3.302847e-02,2.034185e-02,9.837315e-01,1.255635e-01,8.725038e-03,1.417843e-04,1.978434e-02,4.106551e-02
0.36250,0.581694,0.495407,3.337522e-02,2.056835e-02,9.836490e-01,1.255634e-01,8.694058e-03,1.141496e-04,1.976458e-02,4.116032e-02
0.36500,0.581489,0.495363,3.372278e-02,2.079574e-02,9.835673e-01,1.255634e-01,8.663144e-03,8.656670e-05,1.974518e-02,4.125451e-02
0.36750,0.581284,0.495320,3.407116e-02,2.102400e-02,9.834864e-01,1.255634e-01,8.632299e-03,5.902359e-05,1.972612e-02,4.134809e-02
0.37000,0.581077,0.495276,3.442033e-02,2.125313e-02,9.834063e-01,1.255634e-01,8.601523e-03,3.152034e-05,1.970739e-02,4.144105e-02
0.37250,0.580870,0.495233,3.477029e-02,2.148312e-02,9.833270e-01,1.255634e-01,8.570809e-03,4.067368e-06,1.968901e-02,4.153340e-02
0.37500,0.580662,0.495190,3.512102e-02,2.171398e-02,9.832485e-01,1.255634e-01,8.540154e-03,-2.333454e-05,1.967094e-02,4.162517e-02
0.37750,0.580453,0.495146,3.547251e-02,2.194570e-02,9.831708e-01,1.255634e-01,8.509552e-03,-5.068548e-05,1.965320e-02,4.171633e-02
0.38000,0.580243,0.495103,3.582474e-02,2.217827e-02,9.830938e-01,1.255634e-01,8.479003e-03,-7.798557e-05,1.963576e-02,4.180692e-02
0.38250,0.580032,0.495059,3.617771e-02,2.241169e-02,9.830176e-01,1.255634e-01,8.448507e-03,-1.052398e-04,1.961863e-02,4.189693e-02
0.38500,0.579821,0.495016,3.653141e-02,2.264595e-02,9.829421e-01,1.255634e-01,8.418067e-03,-1.324561e-04,1.960180e-02,4.198636e-02
0.38750,0.579608,0.494973,3.688581e-02,2.288106e-02,9.828675e-01,1.255634e-01,8.387688e-03,-1.596282e-04,1.958527e-02,4.207523e-02
0.39000,0.579395,0.494929,3.724091e-02,2.311700e-02,9.827936e-01,1.255635e-01,8.357365e-03,-1.867463e-04,1.956902e-02,4.216355e-02
0.39250,0.579181,0.494886,3.759670e-02,2.335377e-02,9.827206e-01,1.255635e-01,8.327095e-03,-2.138042e-04,1.955306e-02,4.225131e-02
0.39500,0.578966,0.494843,3.795346e-02,2.359137e-02,9.826485e-01,1.255635e-01,8.296864e-03,-2.407955e-04,1.953738e-02,4.233852e-02
0.39750,0.578751,0.494800,3.831302e-02,2.382979e-02,9.825772e-01,1.255636e-01,8.266669e-03,-2.677212e-04,1.952197e-02,4.242519e-02
0.40000,0.578534,0.494756,3.867328e-02,2.406904e-02,9.825067e-01,1.255636e-01,8.236509e-03,-2.945919e-04,1.950682e-02,4.251132e-02
0.40250,0.578317,0.494713,3.903421e-02,2.430909e-02,9.824372e-01,1.255636e-01,8.206390e-03,-3.214255e-04,1.949193e-02,4.259693e-02
0.40500,0.578099,0.494670,3.939582e-02,2.454996e-02,9.823684e-01,1.255637e-01,8.176320e-03,-3.482423e-04,1.947730e-02,4.268201e-02
0.40750,0.577880,0.494627,3.975810e-02,2.479164e-02,9.823005e-01,1.255638e-01,8.146297e-03,-3.750543e-04,1.946293e-02,4.276657e-02
0.41000,0.577661,0.494584,4.012102e-02,2.503412e-02,9.822335e-01,1.255638e-01,8.116326e-03,-4.018462e-04,1.944880e-02,4.285062e-02
0.41250,0.577440,0.494541,4.048458e-02,2.527739e-02,9.821673e-01,1.255639e-01,8.086420e-03,-4.286279e-04,1.943491e-02,4.293416e-02
0.41500,0.577219,0.494498,4.084877e-02,2.552146e-02,9.821020e-01,1.255640e-01,8.056575e-03,-4.553948e-04,1.942126e-02,4.301720e-02
0.41750,0.576997,0.494455,4.121358e-02,2.576632e-02,9.820040e-01,1.255640e-01,8.026783e-03,-4.821295e-04,1.940785e-02,4.309974e-02
0.42000,0.576774,0.494412,4.157899e-02,2.601197e-02,9.819041e-01,1.255641e-01,7.997044e-03,-5.088244e-04,1.939466e-02,4.318178e-02
0.42250,0.576550,0.494369,4.194500e-02,2.625839e-02,9.818047e-01,1.255642e-01,7.967351e-03,-5.354742e-04,1.938170e-02,4.326334e-02
0.42500,0.576326,0.494326,4.231159e-02,2.650560e-02,9.817059e-01,1.255643e-01,7.937704e-03,-5.620803e-04,1.936896e-02,4.334442e-02
0.42750,0.576101,0.494284,4.267875e-02,2.675358e-02,9.816075e-01,1.255644e-01,7.908098e-03,-5.886212e-04,1.935644e-02,4.342501e-02
0.43000,0.575875,0.494241,4.304648e-02,2.700232e-02,9.815098e-01,1.255645e-01,7.878543e-03,-6.150914e-04,1.934414e-02,4.350514e-02
0.43250,0.575648,0.494199,4.341476e-02,2.725184e-02,9.814126e-01,1.255646e-01,7.849042e-03,-6.415063e-04,1.933204e-02,4.358479e-02
0.43500,0.575421,0.494156,4.378358e-02,2.750211e-02,9.813160e-01,1.255647e-01,7.819585e-03,-6.678637e-04,1.932015e-02,4.366399e-02
0.43750,0.575192,0.494114,4.415293e-02,2.775314e-02,9.812199e-01,1.255649e-01,7.790170e-03,-6.941692e-04,1.930847e-02,4.374272e-02
0.44000,0.574963,0.494071,4.452281e-02,2.800493e-02,9.811245e-01,1.255650e-01,7.760789e-03,-7.204317e-04,1.929698e-02,4.382099e-02
0.44250,0.574734,0.494029,4.489320e-02,2.825746e-02,9.810297e-01,1.255651e-01,7.731442e-03,-7.466488e-04,1.928569e-02,4.389882e-02
0.44500,0.574503,0.493987,4.526409e-02,2.851074e-02,9.809355e-01,1.255653e-01,7.702125e-03,-7.728036e-04,1.927459e-02,4.397620e-02
0.44750,0.574272,0.493945,4.563548e-02,2.876476e-02,9.808420e-01,1.255654e-01,7.672845e-03,-7.989029e-04,1.926368e-02,4.405314e-02
0.45000,0.574040,0.493903,4.600734e-02,2.901952e-02,9.807489e-01,1.255656e-01,7.643614e-03,-8.249457e-04,1.925296e-02,4.412964e-02
0.45250,0.573807,0.493861,4.637969e-02,2.927501e-02,9.806565e-01,1.255657e-01,7.614432e-03,-8.509141e-04,1.924242e-02,4.420570e-02
0.45500,0.573573,0.493819,4.675249e-02,2.953124e-02,9.805646e-01,1.255659e-01,7.585305e-03,-8.768102e-04,1.923207e-02,4.428134e-02
0.45750,0.573339,0.493777,4.712706e-02,2.978818e-02,9.804733e-01,1.255661e-01,7.556230e-03,-9.026426e-04,1.922188e-02,4.435655e-02
0.46000,0.573104,0.493736,4.750411e-02,3.004585e-02,9.803826e-01,1.255663e-01,7.527204e-03,-9.284178e-04,1.921188e-02,4.443134e-02
0.46250,0.572868,0.493694,4.788164e-02,3.030424e-02,9.802924e-01,1.255664e-01,7.498224e-03,-9.541230e-04,1.920204e-02,4.450571e-02
0.46500,0.572632,0.493653,4.825964e-02,3.056334e-02,9.802027e-01,1.255666e-01,7.469292e-03,-9.797673e-04,1.919237e-02,4.457967e-02
0.46750,0.572394,0.493611,4.863810e-02,3.082315e-02,9.801137e-01,1.255668e-01,7.440396e-03,-1.005355e-03,1.918286e-02,4.465321e-02
0.47000,0.572156,0.493570,4.901702e-02,3.108367e-02,9.800252e-01,1.255670e-01,7.411537e-03,-1.030872e-03,1.917352e-02,4.472635e-02
0.47250,0.571918,0.493529,4.939639e-02,3.134489e-02,9.799372e-01,1.255673e-01,7.382725e-03,-1.056296e-03,1.916433e-02,4.479909e-02
0.47500,0.571678,0.493488,4.977618e-02,3.160681e-02,9.798498e-01,1.255675e-01,7.353969e-03,-1.081626e-03,1.915531e-02,4.487143e-02
0.47750,0.571438,0.493447,5.015641e-02,3.186942e-02,9.797630e-01,1.255677e-01,7.325266e-03,-1.106855e-03,1.914644e-02,4.494338e-02
0.48000,0.571197,0.493406,5.053706e-02,3.213273e-02,9.796767e-01,1.255679e-01,7.296613e-03,-1.131985e-03,1.913772e-02,4.501493e-02
0.48250,0.570956,0.493365,5.091811e-02,3.239672e-02,9.795910e-01,1.255682e-01,7.267997e-03,-1.157008e-03,1.912916e-02,4.508609e-02
0.48500,0.570713,0.493325,5.129957e-02,3.266140e-02,9.795057e-01,1.255684e-01,7.239410e-03,-1.181914e-03,1.912074e-02,4.515687e-02
0.48750,0.570470,0.493284,5.168142e-02,3.292676e-02,9.794211e-01,1.255687e-01,7.210856e-03,-1.206721e-03,1.911247e-02,4.522727e-02
0.49000,0.570227,0.493244,5.206366e-02,3.319279e-02,9.793370e-01,1.255689e-01,7.182331e-03,-1.231446e-03,1.910434e-02,4.529729e-02
0.49250,0.569982,0.493204,5.244628e-02,3.345950e-02,9.792534e-01,1.255692e-01,7.153846e-03,-1.256090e-03,1.909635e-02,4.536694e-02
0.49500,0.569737,0.493164,5.282926e-02,3.372687e-02,9.791704e-01,1.255695e-01,7.125417e-03,-1.280658e-03,1.908850e-02,4.543621e-02
0.49750,0.569491,0.493124,5.321260e-02,3.399491e-02,9.790880e-01,1.255698e-01,7.097049e-03,-1.305160e-03,1.908079e-02,4.550511e-02
0.50000,0.569245,0.493084,5.359630e-02,3.426361e-02,9.790062e-01,1.255701e-01,7.068745e-03,-1.329617e-03,1.907321e-02,4.557365e-02
0.50250,0.568998,0.493044,5.398034e-02,3.453297e-02,9.789249e-01,1.255704e-01,7.040496e-03,-1.354014e-03,1.906576e-02,4.564183e-02
0.50500,0.568750,0.493005,5.436471e-02,3.480298e-02,9.788443e-01,1.255707e-01,7.012295e-03,-1.378335e-03,1.905845e-02,4.570965e-02
0.50750,0.568501,0.492965,5.474942e-02,3.507365e-02,9.787642e-01,1.255710e-01,6.984125e-03,-1.402572e-03,1.905126e-02,4.577712e-02
0.51000,0.568252,0.492926,5.513444e-02,3.534496e-02,9.786846e-01,1.255713e-01,6.955976e-03,-1.426728e-03,1.904420e-02,4.584423e-02
0.51250,0.568002,0.492887,5.551977e-02,3.561692e-02,9.786056e-01,1.255717e-01,6.927876e-03,-1.450833e-03,1.903727e-02,4.591099e-02
0.51500,0.567751,0.492848,5.590541e-02,3.588951e-02,9.785271e-01,1.255720e-01,6.899842e-03,-1.474864e-03,1.903046e-02,4.597741e-02
0.51750,0.567500,0.492809,5.629134e-02,3.616274e-02,9.784492e-01,1.255724e-01,6.871870e-03,-1.498796e-03,1.902377e-02,4.604348e-02
0.52000,0.567248,0.492771,5.667756e-02,3.643661e-02,9.783718e-01,1.255727e-01,6.843944e-03,-1.522619e-03,1.901720e-02,4.610921e-02
0.52250,0.566995,0.492732,5.706577e-02,3.671110e-02,9.782950e-01,1.255731e-01,6.816053e-03,-1.546330e-03,1.901075e-02,4.617460e-02
0.52500,0.566742,0.492694,5.745677e-02,3.698622e-02,9.782188e-01,1.255734e-01,6.788188e-03,-1.569951e-03,1.900442e-02,4.623965e-02
0.52750,0.566488,0.492656,5.784809e-02,3.726196e-02,9.781431e-01,1.255738e-01,6.760339e-03,-1.593488e-03,1.899820e-02,4.630438e-02
0.53000,0.566233,0.492618,5.823972e-02,3.753833e-02,9.780679e-01,1.255742e-01,6.732526e-03,-1.616921e-03,1.899210e-02,4.636877e-02
0.53250,0.565978,0.492580,5.863164e-02,3.781530e-02,9.779933e-01,1.255746e-01,6.704745e-03,-1.640262e-03,1.898610e-02,4.643284e-02
0.53500,0.565722,0.492542,5.902386e-02,3.809289e-02,9.779193e-01,1.255750e-01,6.677016e-03,-1.663541e-03,1.898021e-02,4.649658e-02
0.53750,0.565465,0.492505,5.941636e-02,3.837109e-02,9.778458e-01,1.255754e-01,6.649357e-03,-1.686809e-03,1.897444e-02,4.656000e-02
0.54000,0.565208,0.492468,5.980914e-02,3.864990e-02,9.777728e-01,1.255759e-01,6.621766e-03,-1.710063e-03,1.896877e-02,4.662310e-02
0.54250,0.564950,0.492430,6.020219e-02,3.892930e-02,9.777005e-01,1.255763e-01,6.594240e-03,-1.733309e-03,1.896321e-02,4.668588e-02
0.54500,0.564692,0.492393,6.059551e-02,3.920930e-02,9.776287e-01,1.255767e-01,6.566762e-03,-1.756526e-03,1.895775e-02,4.674835e-02
0.54750,0.564432,0.492357,6.098908e-02,3.948990e-02,9.775576e-01,1.255772e-01,6.539335e-03,-1.779681e-03,1.895239e-02,4.681050e-02
0.55000,0.564173,0.492320,6.138289e-02,3.977110e-02,9.774871e-01,1.255776e-01,6.511953e-03,-1.802766e-03,1.894713e-02,4.687235e-02
0.55250,0.563912,0.492284,6.177695e-02,4.005288e-02,9.774172e-01,1.255781e-01,6.484614e-03,-1.825784e-03,1.894198e-02,4.693389e-02
0.55500,0.563651,0.492247,6.217124e-02,4.033524e-02,9.773480e-01,1.255786e-01,6.457333e-03,-1.848732e-03,1.893693e-02,4.699513e-02
0.55750,0.563389,0.492211,6.256576e-02,4.061819e-02,9.772795e-01,1.255791e-01,6.430093e-03,-1.871621e-03,1.893197e-02,4.705606e-02
0.56000,0.563127,0.492176,6.296050e-02,4.090171e-02,9.772115e-01,1.255795e-01,6.402896e-03,-1.894450e-03,1.892711e-02,4.711669e-02
0.56250,0.562864,0.492140,6.335546e-02,4.118581e-02,9.771441e-01,1.255800e-01,6.375745e-03,-1.917229e-03,1.892235e-02,4.717703e-02
0.56500,0.562600,0.492104,6.375062e-02,4.147049e-02,9.770773e-01,1.255806e-01,6.348637e-03,-1.939947e-03,1.891768e-02,4.723706e-02
0.56750,0.562336,0.492069,6.414599e-02,4.175573e-02,9.770111e-01,1.255811e-01,6.321557e-03,-1.962595e-03,1.891311e-02,4.729681e-02
0.57000,0.562071,0.492034,6.454155e-02,4.204154e-02,9.769454e-01,1.255816e-01,6.294508e-03,-1.985188e-03,1.890863e-02,4.735626e-02
0.57250,0.561806,0.491999,6.493731e-02,4.232791e-02,9.768802e-01,1.255821e-01,6.267512e-03,-2.007779e-03,1.890423e-02,4.741543e-02
0.57500,0.561540,0.491964,6.533324e-02,4.261484e-02,9.768156e-01,1.255827e-01,6.240572e-03,-2.030401e-03,1.889993e-02,4.747431e-02
0.57750,0.561273,0.491930,6.572936e-02,4.290232e-02,9.767515e-01,1.255832e-01,6.213694e-03,-2.053036e-03,1.889572e-02,4.753290e-02
0.58000,0.561006,0.491896,6.612564e-02,4.319036e-02,9.766880e-01,1.255838e-01,6.186878e-03,-2.075652e-03,1.889159e-02,4.759122e-02
0.58250,0.560738,0.491862,6.652209e-02,4.347895e-02,9.766251e-01,1.255844e-01,6.160113e-03,-2.098233e-03,1.888754e-02,4.764925e-02
0.58500,0.560469,0.491828,6.691870e-02,4.376809e-02,9.765627e-01,1.255849e-01,6.133378e-03,-2.120749e-03,1.888358e-02,4.770700e-02
0.58750,0.560200,0.491794,6.731546e-02,4.405777e-02,9.765008e-01,1.255855e-01,6.106666e-03,-2.143167e-03,1.887971e-02,4.776448e-02
0.59000,0.559930,0.491761,6.771237e-02,4.434798e-02,9.764395e-01,1.255861e-01,6.080005e-03,-2.165514e-03,1.887591e-02,4.782168e-02
0.59250,0.559660,0.491728,6.810942e-02,4.463874e-02,9.763787e-01,1.255867e-01,6.053394e-03,-2.187805e-03,1.887220e-02,4.787861e-02
0.59500,0.559389,0.491695,6.850660e-02,4.493003e-02,9.763184e-01,1.255874e-01,6.026844e-03,-2.210032e-03,1.886857e-02,4.793527e-02
0.59750,0.559118,0.491662,6.890391e-02,4.522186e-02,9.762586e-01,1.255880e-01,6.000356e-03,-2.232182e-03,1.886502e-02,4.799166e-02
0.60000,0.558845,0.491630,6.930134e-02,4.551421e-02,9.761994e-01,1.255886e-01,5.973917e-03,-2.254287e-03,1.886154e-02,4.804778e-02
0.60250,0.558573,0.491597,6.970320e-02,4.580708e-02,9.761407e-01,1.255893e-01,5.947520e-03,-2.276366e-03,1.885815e-02,4.810364e-02
0.60500,0.558300,0.491565,7.010599e-02,4.610048e-02,9.760827e-01,1.255899e-01,5.921150e-03,-2.298374e-03,1.885483e-02,4.815924e-02
0.60750,0.558026,0.491533,7.050894e-02,4.639440e-02,9.760252e-01,1.255906e-01,5.894808e-03,-2.320277e-03,1.885159e-02,4.821458e-02
0.61000,0.557751,0.491502,7.091202e-02,4.668884e-02,9.759684e-01,1.255913e-01,5.868491e-03,-2.342107e-03,1.884842e-02,4.826966e-02
0.61250,0.557476,0.491471,7.131525e-02,4.698378e-02,9.759121e-01,1.255919e-01,5.842211e-03,-2.363883e-03,1.884532e-02,4.832448e-02
0.61500,0.557201,0.491439,7.171861e-02,4.727924e-02,9.758563e-01,1.255926e-01,5.816001e-03,-2.385577e-03,1.884229e-02,4.837904e-02
0.61750,0.556925,0.491409,7.212211e-02,4.757521e-02,9.758011e-01,1.255933e-01,5.789863e-03,-2.407162e-03,1.883933e-02,4.843335e-02
0.62000,0.556648,0.491378,7.252572e-02,4.787168e-02,9.757464e-01,1.255941e-01,5.763801e-03,-2.428629e-03,1.883643e-02,4.848741e-02
0.62250,0.556371,0.491348,7.292945e-02,4.816865e-02,9.756922e-01,1.255948e-01,5.737804e-03,-2.450033e-03,1.883361e-02,4.854122e-02
0.62500,0.556093,0.491317,7.333329e-02,4.846612e-02,9.756385e-01,1.255955e-01,5.711867e-03,-2.471368e-03,1.883086e-02,4.859478e-02
0.62750,0.555815,0.491288,7.373724e-02,4.876409e-02,9.755853e-01,1.255962e-01,5.685980e-03,-2.492583e-03,1.882817e-02,4.864810e-02
0.63000,0.555536,0.491258,7.414129e-02,4.906255e-02,9.755326e-01,1.255970e-01,5.660158e-03,-2.513691e-03,1.882555e-02,4.870117e-02
0.63250,0.555256,0.491229,7.454543e-02,4.936150e-02,9.754804e-01,1.255978e-01,5.634403e-03,-2.534701e-03,1.882299e-02,4.875400e-02
0.63500,0.554976,0.491199,7.494967e-02,4.966093e-02,9.754286e-01,1.255985e-01,5.608711e-03,-2.555615e-03,1.882049e-02,4.880658e-02
0.63750,0.554696,0.491171,7.535398e-02,4.996085e-02,9.753774e-01,1.255993e-01,5.583066e-03,-2.576418e-03,1.881806e-02,4.885893e-02
0.64000,0.554415,0.491142,7.575838e-02,5.026125e-02,9.753267e-01,1.256001e-01,5.557466e-03,-2.597133e-03,1.881569e-02,4.891104e-02
0.64250,0.554133,0.491114,7.616285e-02,5.056214e-02,9.752765e-01,1.256009e-01,5.531908e-03,-2.617789e-03,1.881339e-02,4.896291e-02
0.64500,0.553851,0.491086,7.656739e-02,5.086349e-02,9.752267e-01,1.256017e-01,5.506378e-03,-2.638394e-03,1.881114e-02,4.901455e-02
0.64750,0.553568,0.491058,7.697199e-02,5.116532e-02,9.751775e-01,1.256025e-01,5.480873e-03,-2.658919e-03,1.880896e-02,4.906595e-02
0.65000,0.553285,0.491030,7.737666e-02,5.146762e-02,9.751288e-01,1.256034e-01,5.455401e-03,-2.679365e-03,1.880683e-02,4.911712e-02
0.65250,0.553001,0.491003,7.778137e-02,5.177039e-02,9.750806e-01,1.256042e-01,5.429975e-03,-2.699744e-03,1.880476e-02,4.916806e-02
0.65500,0.552717,0.490976,7.818614e-02,5.207362e-02,9.750331e-01,1.256050e-01,5.404618e-03,-2.720048e-03,1.880275e-02,4.921878e-02
0.65750,0.552432,0.490949,7.859096e-02,5.237732e-02,9.749862e-01,1.256059e-01,5.379342e-03,-2.740277e-03,1.880080e-02,4.926926e-02
0.66000,0.552146,0.490923,7.899582e-02,5.268147e-02,9.749399e-01,1.256068e-01,5.354138e-03,-2.760458e-03,1.879890e-02,4.931952e-02
0.66250,0.551861,0.490897,7.940071e-02,5.298608e-02,9.748943e-01,1.256077e-01,5.328983e-03,-2.780577e-03,1.879706e-02,4.936956e-02
0.66500,0.551574,0.490871,7.980563e-02,5.329115e-02,9.748492e-01,1.256085e-01,5.303855e-03,-2.800645e-03,1.879528e-02,4.941937e-02
0.66750,0.551287,0.490845,8.021058e-02,5.359667e-02,9.748048e-01,1.256094e-01,5.278750e-03,-2.820600e-03,1.879354e-02,4.946897e-02
0.67000,0.551000,0.490820,8.061556e-02,5.390263e-02,9.747610e-01,1.256104e-01,5.253692e-03,-2.840432e-03,1.879187e-02,4.951834e-02
0.67250,0.550712,0.490795,8.102055e-02,5.420904e-02,9.747176e-01,1.256113e-01,5.228704e-03,-2.860150e-03,1.879025e-02,4.956749e-02
0.67500,0.550423,0.490770,8.142556e-02,5.451590e-02,9.746748e-01,1.256122e-01,5.203786e-03,-2.879790e-03,1.878868e-02,4.961643e-02
0.67750,0.550134,0.490746,8.183057e-02,5.482319e-02,9.746324e-01,1.256131e-01,5.178923e-03,-2.899350e-03,1.878716e-02,4.966515e-02
0.68000,0.549845,0.490721,8.223559e-02,5.513092e-02,9.745905e-01,1.256141e-01,5.154111e-03,-2.918863e-03,1.878570e-02,4.971366e-02
0.68250,0.549555,0.490698,8.264060e-02,5.543909e-02,9.745491e-01,1.256150e-01,5.129347e-03,-2.938321e-03,1.878430e-02,4.976196e-02
0.68500,0.549264,0.490674,8.304562e-02,5.574769e-02,9.745082e-01,1.256160e-01,5.104597e-03,-2.957718e-03,1.878294e-02,4.981004e-02
0.68750,0.548973,0.490651,8.345062e-02,5.605672e-02,9.744679e-01,1.256170e-01,5.079889e-03,-2.977066e-03,1.878164e-02,4.985791e-02
0.69000,0.548682,0.490628,8.385560e-02,5.636618e-02,9.744280e-01,1.256180e-01,5.055234e-03,-2.996399e-03,1.878038e-02,4.990558e-02
0.69250,0.548390,0.490605,8.426057e-02,5.667607e-02,9.743886e-01,1.256190e-01,5.030625e-03,-3.015736e-03,1.877918e-02,4.995303e-02
0.69500,0.548097,0.490583,8.466552e-02,5.698637e-02,9.743497e-01,1.256200e-01,5.006082e-03,-3.035080e-03,1.877803e-02,5.000028e-02
0.69750,0.547804,0.490561,8.507044e-02,5.729710e-02,9.743113e-01,1.256210e-01,4.981612e-03,-3.054410e-03,1.877693e-02,5.004733e-02
0.70000,0.547511,0.490539,8.547533e-02,5.760824e-02,9.742733e-01,1.256220e-01,4.957227e-03,-3.073695e-03,1.877588e-02,5.009417e-02
0.70250,0.547217,0.490517,8.588018e-02,5.791980e-02,9.742357e-01,1.256231e-01,4.932890e-03,-3.092886e-03,1.877489e-02,5.014081e-02
0.70500,0.546923,0.490496,8.628500e-02,5.823178e-02,9.741986e-01,1.256241e-01,4.908597e-03,-3.112017e-03,1.877394e-02,5.018724e-02
0.70750,0.546628,0.490475,8.668977e-02,5.854416e-02,9.741621e-01,1.256252e-01,4.884349e-03,-3.131127e-03,1.877304e-02,5.023348e-02
0.71000,0.546332,0.490455,8.709808e-02,5.885695e-02,9.741260e-01,1.256263e-01,4.860145e-03,-3.150214e-03,1.877220e-02,5.027951e-02
0.71250,0.546037,0.490435,8.750886e-02,5.917015e-02,9.740905e-01,1.256273e-01,4.835994e-03,-3.169260e-03,1.877140e-02,5.032535e-02
0.71500,0.545740,0.490415,8.791964e-02,5.948374e-02,9.740555e-01,1.256284e-01,4.811890e-03,-3.188254e-03,1.877065e-02,5.037099e-02
0.71750,0.545444,0.490395,8.833039e-02,5.979774e-02,9.740210e-01,1.256295e-01,4.787817e-03,-3.207167e-03,1.876995e-02,5.041644e-02
0.72000,0.545146,0.490376,8.874113e-02,6.011214e-02,9.739870e-01,1.256306e-01,4.763754e-03,-3.226013e-03,1.876929e-02,5.046169e-02
0.72250,0.544849,0.490357,8.915183e-02,6.042694e-02,9.739535e-01,1.256318e-01,4.739720e-03,-3.244799e-03,1.876868e-02,5.050675e-02
0.72500,0.544550,0.490338,8.956251e-02,6.074212e-02,9.739204e-01,1.256329e-01,4.715718e-03,-3.263551e-03,1.876811e-02,5.055161e-02
0.72750,0.544252,0.490320,8.997315e-02,6.105770e-02,9.738876e-01,1.256340e-01,4.691783e-03,-3.282272e-03,1.876758e-02,5.059628e-02
0.73000,0.543953,0.490302,9.038375e-02,6.137367e-02,9.738552e-01,1.256352e-01,4.667930e-03,-3.300930e-03,1.876710e-02,5.064076e-02
0.73250,0.543653,0.490285,9.079431e-02,6.169002e-02,9.738232e-01,1.256364e-01,4.644159e-03,-3.319559e-03,1.876666e-02,5.068506e-02
0.73500,0.543353,0.490267,9.120482e-02,6.200676e-02,9.737916e-01,1.256375e-01,4.620475e-03,-3.338216e-03,1.876626e-02,5.072916e-02
0.73750,0.543053,0.490250,9.161528e-02,6.232388e-02,9.737603e-01,1.256387e-01,4.596851e-03,-3.356855e-03,1.876591e-02,5.077308e-02
0.74000,0.542752,0.490234,9.202570e-02,6.264138e-02,9.737294e-01,1.256399e-01,4.573286e-03,-3.375399e-03,1.876560e-02,5.081681e-02
0.74250,0.542451,0.490218,9.243605e-02,6.295925e-02,9.736988e-01,1.256411e-01,4.549748e-03,-3.393816e-03,1.876533e-02,5.086036e-02
0.74500,0.542149,0.490202,9.284634e-02,6.327751e-02,9.736687e-01,1.256423e-01,4.526230e-03,-3.412067e-03,1.876509e-02,5.090373e-02
0.74750,0.541847,0.490186,9.325657e-02,6.359613e-02,9.736390e-01,1.256435e-01,4.502730e-03,-3.430144e-03,1.876490e-02,5.094691e-02
0.75000,0.541544,0.490171,9.366673e-02,6.391513e-02,9.736096e-01,1.256448e-01,4.479253e-03,-3.448022e-03,1.876474e-02,5.098991e-02
0.75250,0.541241,0.490156,9.407682e-02,6.423449e-02,9.735807e-01,1.256460e-01,4.455832e-03,-3.465709e-03,1.876462e-02,5.103272e-02
0.75500,0.540937,0.490141,9.448683e-02,6.455422e-02,9.735521e-01,1.256473e-01,4.432459e-03,-3.483244e-03,1.876454e-02,5.107536e-02
0.75750,0.540633,0.490127,9.489676e-02,6.487431e-02,9.735240e-01,1.256485e-01,4.409171e-03,-3.500693e-03,1.876449e-02,5.111782e-02
0.76000,0.540329,0.490113,9.530661e-02,6.519477e-02,9.734964e-01,1.256498e-01,4.385971e-03,-3.518042e-03,1.876448e-02,5.116011e-02
0.76250,0.540024,0.490100,9.571637e-02,6.551559e-02,9.734693e-01,1.256511e-01,4.362830e-03,-3.535292e-03,1.876450e-02,5.120221e-02
0.76500,0.539719,0.490087,9.612605e-02,6.583676e-02,9.734428e-01,1.256524e-01,4.339735e-03,-3.552459e-03,1.876456e-02,5.124414e-02
0.76750,0.539413,0.490074,9.653563e-02,6.615829e-02,9.734168e-01,1.256537e-01,4.316691e-03,-3.569502e-03,1.876465e-02,5.128590e-02
0.77000,0.539107,0.490061,9.694522e-02,6.648017e-02,9.733915e-01,1.256550e-01,4.293704e-03,-3.586415e-03,1.876476e-02,5.132748e-02
0.77250,0.538801,0.490049,9.736084e-02,6.680240e-02,9.733666e-01,1.256563e-01,4.270779e-03,-3.603245e-03,1.876492e-02,5.136889e-02
0.77500,0.538494,0.490038,9.777639e-02,6.712499e-02,9.733423e-01,1.256577e-01,4.247909e-03,-3.619986e-03,1.876510e-02,5.141013e-02
0.77750,0.538186,0.490026,9.819186e-02,6.744791e-02,9.733185e-01,1.256590e-01,4.225104e-03,-3.636659e-03,1.876532e-02,5.145120e-02
0.78000,0.537879,0.490015,9.860727e-02,6.777119e-02,9.732951e-01,1.256604e-01,4.202356e-03,-3.653319e-03,1.876558e-02,5.149210e-02
0.78250,0.537571,0.490005,9.902260e-02,6.809480e-02,9.732720e-01,1.256618e-01,4.179617e-03,-3.669885e-03,1.876587e-02,5.153283e-02
0.78500,0.537262,0.489994,9.943785e-02,6.841876e-02,9.732493e-01,1.256631e-01,4.156892e-03,-3.686315e-03,1.876619e-02,5.157339e-02
0.78750,0.536953,0.489985,9.985302e-02,6.874306e-02,9.732270e-01,1.256645e-01,4.134185e-03,-3.702593e-03,1.876654e-02,5.161379e-02
0.79000,0.536644,0.489975,1.002681e-01,6.906769e-02,9.732050e-01,1.256659e-01,4.111502e-03,-3.718742e-03,1.876692e-02,5.165402e-02
0.79250,0.536334,0.489966,1.006831e-01,6.939266e-02,9.731834e-01,1.256673e-01,4.088891e-03,-3.734850e-03,1.876733e-02,5.169409e-02
0.79500,0.536024,0.489957,1.010980e-01,6.971796e-02,9.731622e-01,1.256688e-01,4.066382e-03,-3.750964e-03,1.876777e-02,5.173399e-02
0.79750,0.535713,0.489949,1.015128e-01,7.004358e-02,9.731414e-01,1.256702e-01,4.043984e-03,-3.767094e-03,1.876824e-02,5.177373e-02
0.80000,0.535402,0.489941,1.019275e-01,7.036954e-02,9.731210e-01,1.256716e-01,4.021682e-03,-3.783247e-03,1.876874e-02,5.181331e-02
0.80250,0.535091,0.489933,1.023421e-01,7.069583e-02,9.731010e-01,1.256731e-01,3.999414e-03,-3.799396e-03,1.876927e-02,5.185272e-02
0.80500,0.534779,0.489926,1.027566e-01,7.102244e-02,9.730813e-01,1.256745e-01,3.977144e-03,-3.815511e-03,1.876983e-02,5.189198e-02
0.80750,0.534467,0.489919,1.031709e-01,7.134937e-02,9.730620e-01,1.256760e-01,3.954873e-03,-3.831638e-03,1.877042e-02,5.193107e-02
0.81000,0.534154,0.489913,1.035852e-01,7.167662e-02,9.730430e-01,1.256775e-01,3.932647e-03,-3.847768e-03,1.877103e-02,5.197001e-02
0.81250,0.533842,0.489906,1.039994e-01,7.200419e-02,9.730243e-01,1.256790e-01,3.910492e-03,-3.863867e-03,1.877168e-02,5.200879e-02
0.81500,0.533528,0.489901,1.044134e-01,7.233207e-02,9.730062e-01,1.256805e-01,3.888434e-03,-3.879930e-03,1.877236e-02,5.204741e-02
0.81750,0.533215,0.489895,1.048273e-01,7.266028e-02,9.729884e-01,1.256820e-01,3.866479e-03,-3.895980e-03,1.877308e-02,5.208588e-02
0.82000,0.532901,0.489890,1.052411e-01,7.298879e-02,9.729711e-01,1.256835e-01,3.844595e-03,-3.912004e-03,1.877382e-02,5.212419e-02
0.82250,0.532586,0.489886,1.056548e-01,7.331761e-02,9.729544e-01,1.256850e-01,3.822745e-03,-3.928013e-03,1.877460e-02,5.216234e-02
0.82500,0.532271,0.489882,1.060683e-01,7.364675e-02,9.729381e-01,1.256866e-01,3.800912e-03,-3.944023e-03,1.877540e-02,5.220035e-02
0.82750,0.531956,0.489878,1.064817e-01,7.397619e-02,9.729224e-01,1.256881e-01,3.779071e-03,-3.960058e-03,1.877623e-02,5.223820e-02
0.83000,0.531641,0.489875,1.068950e-01,7.430593e-02,9.729071e-01,1.256897e-01,3.757241e-03,-3.976114e-03,1.877709e-02,5.227589e-02
0.83250,0.531325,0.489872,1.073081e-01,7.463598e-02,9.728327e-01,1.256913e-01,3.735474e-03,-3.992202e-03,1.877798e-02,5.231344e-02
0.83500,0.531009,0.489869,1.077211e-01,7.496633e-02,9.727454e-01,1.256929e-01,3.713805e-03,-4.008389e-03,1.877891e-02,5.235083e-02
0.83750,0.530692,0.489867,1.081339e-01,7.529698e-02,9.726584e-01,1.256944e-01,3.692226e-03,-4.024655e-03,1.877986e-02,5.238807e-02
0.84000,0.530375,0.489865,1.085466e-01,7.562792e-02,9.725715e-01,1.256960e-01,3.670716e-03,-4.040932e-03,1.878084e-02,5.242517e-02
0.84250,0.530058,0.489864,1.089592e-01,7.595916e-02,9.724849e-01,1.256977e-01,3.649243e-03,-4.057117e-03,1.878185e-02,5.246211e-02
0.84500,0.529740,0.489863,1.093716e-01,7.629070e-02,9.723985e-01,1.256993e-01,3.627759e-03,-4.073178e-03,1.878289e-02,5.249891e-02
0.84750,0.529422,0.489862,1.097838e-01,7.662253e-02,9.723123e-01,1.257009e-01,3.606255e-03,-4.089129e-03,1.878395e-02,5.253556e-02
0.85000,0.529104,0.489862,1.101959e-01,7.695465e-02,9.722263e-01,1.257026e-01,3.584764e-03,-4.105030e-03,1.878504e-02,5.257206e-02
0.85250,0.528785,0.489862,1.106078e-01,7.728705e-02,9.721405e-01,1.257042e-01,3.563328e-03,-4.120859e-03,1.878615e-02,5.260842e-02
0.85500,0.528466,0.489863,1.110196e-01,7.761975e-02,9.720549e-01,1.257059e-01,3.541950e-03,-4.136607e-03,1.878729e-02,5.264463e-02
0.85750,0.528147,0.489864,1.114311e-01,7.795272e-02,9.719694e-01,1.257075e-01,3.520635e-03,-4.152314e-03,1.878845e-02,5.268070e-02
0.86000,0.527827,0.489865,1.118426e-01,7.828599e-02,9.718841e-01,1.257092e-01,3.499353e-03,-4.167953e-03,1.878965e-02,5.271662e-02
0.86250,0.527507,0.489867,1.122538e-01,7.861953e-02,9.717990e-01,1.257109e-01,3.478088e-03,-4.183501e-03,1.879087e-02,5.275240e-02
0.86500,0.527186,0.489870,1.126649e-01,7.895335e-02,9.717141e-01,1.257126e-01,3.456842e-03,-4.198898e-03,1.879211e-02,5.278804e-02
0.86750,0.526865,0.489872,1.130758e-01,7.928745e-02,9.716292e-01,1.257143e-01,3.435620e-03,-4.214208e-03,1.879337e-02,5.282354e-02
0.87000,0.526544,0.489876,1.134865e-01,7.962183e-02,9.715446e-01,1.257161e-01,3.414455e-03,-4.229443e-03,1.879465e-02,5.285889e-02
0.87250,0.526223,0.489879,1.138970e-01,7.995648e-02,9.714601e-01,1.257178e-01,3.393389e-03,-4.244544e-03,1.879595e-02,5.289411e-02
0.87500,0.525901,0.489883,1.143074e-01,8.029141e-02,9.713758e-01,1.257195e-01,3.372421e-03,-4.259515e-03,1.879727e-02,5.292918e-02
0.87750,0.525579,0.489888,1.147175e-01,8.062661e-02,9.712916e-01,1.257213e-01,3.351538e-03,-4.274339e-03,1.879861e-02,5.296412e-02
0.88000,0.525257,0.489892,1.151275e-01,8.096207e-02,9.712076e-01,1.257230e-01,3.330695e-03,-4.288981e-03,1.879997e-02,5.299892e-02
0.88250,0.524934,0.489898,1.155373e-01,8.129781e-02,9.711239e-01,1.257248e-01,3.309870e-03,-4.303417e-03,1.880135e-02,5.303358e-02
0.88500,0.524611,0.489903,1.159469e-01,8.163381e-02,9.710403e-01,1.257266e-01,3.289068e-03,-4.317620e-03,1.880275e-02,5.306810e-02
0.88750,0.524287,0.489910,1.163563e-01,8.197007e-02,9.709571e-01,1.257284e-01,3.268285e-03,-4.331586e-03,1.880416e-02,5.310249e-02
0.89000,0.523964,0.489916,1.167655e-01,8.230660e-02,9.708741e-01,1.257302e-01,3.247526e-03,-4.345393e-03,1.880559e-02,5.313675e-02
0.89250,0.523640,0.489923,1.171745e-01,8.264339e-02,9.707914e-01,1.257320e-01,3.226816e-03,-4.359114e-03,1.880704e-02,5.317086e-02
0.89500,0.523315,0.489931,1.175832e-01,8.298044e-02,9.707090e-01,1.257338e-01,3.206158e-03,-4.372750e-03,1.880851e-02,5.320485e-02
0.89750,0.522991,0.489939,1.179918e-01,8.331775e-02,9.706269e-01,1.257357e-01,3.185569e-03,-4.386316e-03,1.880999e-02,5.323870e-02
0.90000,0.522666,0.489947,1.184002e-01,8.365531e-02,9.705452e-01,1.257375e-01,3.165040e-03,-4.399811e-03,1.881150e-02,5.327242e-02
0.90250,0.522340,0.489956,1.188084e-01,8.399313e-02,9.704637e-01,1.257393e-01,3.144557e-03,-4.413235e-03,1.881302e-02,5.330601e-02
0.90500,0.522015,0.489965,1.192163e-01,8.433121e-02,9.703825e-01,1.257412e-01,3.124117e-03,-4.426619e-03,1.881456e-02,5.333946e-02
0.90750,0.521689,0.489974,1.196240e-01,8.466953e-02,9.703015e-01,1.257431e-01,3.103713e-03,-4.439960e-03,1.881612e-02,5.337279e-02
0.91000,0.521363,0.489985,1.200316e-01,8.500811e-02,9.702207e-01,1.257450e-01,3.083341e-03,-4.453223e-03,1.881769e-02,5.340598e-02
0.91250,0.521036,0.489995,1.204389e-01,8.534693e-02,9.701401e-01,1.257468e-01,3.062997e-03,-4.466383e-03,1.881928e-02,5.343905e-02
0.91500,0.520710,0.490006,1.208460e-01,8.568600e-02,9.700597e-01,1.257487e-01,3.042683e-03,-4.479457e-03,1.882088e-02,5.347198e-02
0.91750,0.520382,0.490017,1.212528e-01,8.602531e-02,9.699794e-01,1.257507e-01,3.022426e-03,-4.492472e-03,1.882251e-02,5.350479e-02
0.92000,0.520055,0.490029,1.216595e-01,8.636487e-02,9.698992e-01,1.257526e-01,3.002223e-03,-4.505439e-03,1.882415e-02,5.353747e-02
0.92250,0.519727,0.490042,1.220659e-01,8.670468e-02,9.698192e-01,1.257545e-01,2.982017e-03,-4.518280e-03,1.882581e-02,5.357003e-02
0.92500,0.519400,0.490054,1.224720e-01,8.704472e-02,9.697392e-01,1.257564e-01,2.961812e-03,-4.530932e-03,1.882749e-02,5.360245e-02
0.92750,0.519071,0.490068,1.228780e-01,8.738500e-02,9.696592e-01,1.257584e-01,2.941617e-03,-4.543456e-03,1.882918e-02,5.363475e-02
0.93000,0.518743,0.490081,1.232837e-01,8.772552e-02,9.695792e-01,1.257603e-01,2.921480e-03,-4.555962e-03,1.883089e-02,5.366693e-02
0.93250,0.518414,0.490095,1.236892e-01,8.806628e-02,9.694992e-01,1.257623e-01,2.901430e-03,-4.568502e-03,1.883262e-02,5.369898e-02
0.93500,0.518085,0.490110,1.240944e-01,8.840727e-02,9.694193e-01,1.257643e-01,2.881461e-03,-4.581088e-03,1.883436e-02,5.373091e-02
0.93750,0.517755,0.490125,1.244994e-01,8.874850e-02,9.693393e-01,1.257663e-01,2.861577e-03,-4.593778e-03,1.883612e-02,5.376271e-02
0.94000,0.517426,0.490141,1.249042e-01,8.908996e-02,9.692592e-01,1.257683e-01,2.841759e-03,-4.606586e-03,1.883791e-02,5.379439e-02
0.94250,0.517096,0.490156,1.253087e-01,8.943164e-02,9.691792e-01,1.257703e-01,2.822003e-03,-4.619499e-03,1.883971e-02,5.382595e-02
0.94500,0.516766,0.490173,1.257130e-01,8.977356e-02,9.690991e-01,1.257723e-01,2.802270e-03,-4.632477e-03,1.884153e-02,5.385739e-02
0.94750,0.516435,0.490190,1.261170e-01,9.011571e-02,9.690191e-01,1.257743e-01,2.782522e-03,-4.645448e-03,1.884336e-02,5.388870e-02
0.95000,0.516104,0.490207,1.265208e-01,9.045808e-02,9.689391e-01,1.257763e-01,2.762797e-03,-4.658487e-03,1.884522e-02,5.391989e-02
0.95250,0.515773,0.490225,1.269243e-01,9.080067e-02,9.688591e-01,1.257784e-01,2.743137e-03,-4.671639e-03,1.884710e-02,5.395097e-02
0.95500,0.515442,0.490243,1.273276e-01,9.114349e-02,9.687793e-01,1.257804e-01,2.723516e-03,-4.684849e-03,1.884900e-02,5.398192e-02
0.95750,0.515111,0.490262,1.277306e-01,9.148653e-02,9.686996e-01,1.257825e-01,2.703951e-03,-4.698093e-03,1.885092e-02,5.401275e-02
0.96000,0.514779,0.490281,1.281334e-01,9.182979e-02,9.686201e-01,1.257846e-01,2.684431e-03,-4.711343e-03,1.885286e-02,5.404347e-02
0.96250,0.514447,0.490301,1.285359e-01,9.217328e-02,9.685409e-01,1.257866e-01,2.664944e-03,-4.724608e-03,1.885481e-02,5.407406e-02
0.96500,0.514114,0.490321,1.289408e-01,9.251697e-02,9.684619e-01,1.257887e-01,2.645500e-03,-4.737889e-03,1.885678e-02,5.410454e-02
0.96750,0.513782,0.490341,1.293502e-01,9.286089e-02,9.683834e-01,1.257908e-01,2.626108e-03,-4.751202e-03,1.885875e-02,5.413490e-02
0.97000,0.513449,0.490362,1.297593e-01,9.320502e-02,9.683052e-01,1.257929e-01,2.606781e-03,-4.764529e-03,1.886075e-02,5.416514e-02
0.97250,0.513116,0.490384,1.301682e-01,9.354936e-02,9.682274e-01,1.257950e-01,2.587506e-03,-4.777836e-03,1.886275e-02,5.419527e-02
0.97500,0.512783,0.490406,1.305769e-01,9.389392e-02,9.681501e-01,1.257972e-01,2.568283e-03,-4.791132e-03,1.886477e-02,5.422528e-02
0.97750,0.512449,0.490429,1.309853e-01,9.423869e-02,9.680731e-01,1.257993e-01,2.549089e-03,-4.804362e-03,1.886681e-02,5.425517e-02
0.98000,0.512115,0.490452,1.313935e-01,9.458366e-02,9.679966e-01,1.258014e-01,2.529920e-03,-4.817581e-03,1.886885e-02,5.428495e-02
0.98250,0.511781,0.490475,1.318014e-01,9.492885e-02,9.679205e-01,1.258036e-01,2.510768e-03,-4.830775e-03,1.887092e-02,5.431462e-02
0.98500,0.511447,0.490499,1.322091e-01,9.527424e-02,9.678447e-01,1.258058e-01,2.491636e-03,-4.843927e-03,1.887299e-02,5.434417e-02
0.98750,0.511112,0.490523,1.326165e-01,9.561984e-02,9.677694e-01,1.258079e-01,2.472537e-03,-4.856948e-03,1.887508e-02,5.437361e-02
0.99000,0.510777,0.490548,1.330237e-01,9.596564e-02,9.676944e-01,1.258101e-01,2.453482e-03,-4.869778e-03,1.887718e-02,5.440293e-02
0.99250,0.510442,0.490574,1.334306e-01,9.631165e-02,9.676198e-01,1.258123e-01,2.434488e-03,-4.882414e-03,1.887929e-02,5.443215e-02
0.99500,0.510107,0.490600,1.338373e-01,9.665785e-02,9.675455e-01,1.258145e-01,2.415558e-03,-4.894895e-03,1.888141e-02,5.446125e-02
0.99750,0.509772,0.490626,1.342438e-01,9.700426e-02,9.674716e-01,1.258167e-01,2.396649e-03,-4.907119e-03,1.888353e-02,5.449024e-02
1.00000,0.509436,0.490653,1.346499e-01,9.735087e-02,9.673979e-01,1.258189e-01,2.377778e-03,-4.919057e-03,1.888566e-02,5.451912e-02
1.00250,0.509100,0.490680,1.350559e-01,9.769767e-02,9.673243e-01,1.258211e-01,2.358987e-03,-4.930799e-03,1.888780e-02,5.454789e-02
1.00500,0.508764,0.490708,1.354615e-01,9.804467e-02,9.672510e-01,1.258234e-01,2.340274e-03,-4.942422e-03,1.888994e-02,5.457654e-02
1.00750,0.508427,0.490736,1.358669e-01,9.839187e-02,9.671778e-01,1.258256e-01,2.321631e-03,-4.953917e-03,1.889210e-02,5.460510e-02
1.01000,0.508090,0.490765,1.362720e-01,9.873926e-02,9.671046e-01,1.258278e-01,2.303056e-03,-4.965231e-03,1.889426e-02,5.463354e-02
1.01250,0.507754,0.490794,1.366769e-01,9.908685e-02,9.670317e-01,1.258301e-01,2.284525e-03,-4.976362e-03,1.889643e-02,5.466187e-02
1.01500,0.507416,0.490824,1.370815e-01,9.943462e-02,9.669588e-01,1.258324e-01,2.266057e-03,-4.987466e-03,1.889860e-02,5.469010e-02
1.01750,0.507079,0.490854,1.374858e-01,9.978259e-02,9.668862e-01,1.258346e-01,2.247647e-03,-4.998525e-03,1.890079e-02,5.471822e-02
1.02000,0.506742,0.490885,1.378899e-01,1.001307e-01,9.668137e-01,1.258369e-01,2.229286e-03,-5.009530e-03,1.890299e-02,5.474623e-02
1.02250,0.506404,0.490917,1.382937e-01,1.004791e-01,9.667415e-01,1.258392e-01,2.210955e-03,-5.020446e-03,1.890519e-02,5.477413e-02
1.02500,0.506066,0.490948,1.386972e-01,1.008276e-01,9.666696e-01,1.258415e-01,2.192668e-03,-5.031250e-03,1.890741e-02,5.480194e-02
1.02750,0.505728,0.490981,1.391004e-01,1.011763e-01,9.665981e-01,1.258438e-01,2.174427e-03,-5.041953e-03,1.890964e-02,5.482963e-02
1.03000,0.505389,0.491013,1.395034e-01,1.015252e-01,9.665270e-01,1.258461e-01,2.156233e-03,-5.052572e-03,1.891188e-02,5.485722e-02
1.03250,0.505051,0.491047,1.399061e-01,1.018743e-01,9.664563e-01,1.258485e-01,2.138080e-03,-5.063112e-03,1.891412e-02,5.488471e-02
1.03500,0.504712,0.491081,1.403085e-01,1.022236e-01,9.663862e-01,1.258508e-01,2.119961e-03,-5.073625e-03,1.891638e-02,5.491209e-02
1.03750,0.504373,0.491115,1.407106e-01,1.025730e-01,9.663166e-01,1.258532e-01,2.101869e-03,-5.084082e-03,1.891864e-02,5.493937e-02
1.04000,0.504033,0.491150,1.411125e-01,1.029227e-01,9.662477e-01,1.258555e-01,2.083863e-03,-5.094421e-03,1.892091e-02,5.496654e-02
1.04250,0.503694,0.491185,1.415140e-01,1.032725e-01,9.661792e-01,1.258579e-01,2.065952e-03,-5.104607e-03,1.892319e-02,5.499361e-02
1.04500,0.503354,0.491221,1.419153e-01,1.036225e-01,9.661113e-01,1.258602e-01,2.048092e-03,-5.114650e-03,1.892547e-02,5.502058e-02
1.04750,0.503015,0.491257,1.423163e-01,1.039726e-01,9.660438e-01,1.258626e-01,2.030264e-03,-5.124543e-03,1.892777e-02,5.504745e-02
1.05000,0.502675,0.491294,1.427170e-01,1.043229e-01,9.659767e-01,1.258650e-01,2.012501e-03,-5.134389e-03,1.893008e-02,5.507422e-02
1.05250,0.502334,0.491331,1.431174e-01,1.046735e-01,9.659100e-01,1.258674e-01,1.994811e-03,-5.144333e-03,1.893240e-02,5.510089e-02
1.05500,0.501994,0.491369,1.435175e-01,1.050241e-01,9.658435e-01,1.258698e-01,1.977133e-03,-5.154286e-03,1.893473e-02,5.512745e-02
1.05750,0.501653,0.491408,1.439174e-01,1.053750e-01,9.657772e-01,1.258722e-01,1.959458e-03,-5.164140e-03,1.893708e-02,5.515391e-02
1.06000,0.501312,0.491446,1.443169e-01,1.057260e-01,9.657111e-01,1.258746e-01,1.941780e-03,-5.173918e-03,1.893944e-02,5.518028e-02
1.06250,0.500971,0.491486,1.447161e-01,1.060772e-01,9.656450e-01,1.258771e-01,1.924128e-03,-5.183719e-03,1.894180e-02,5.520654e-02
1.06500,0.500630,0.491526,1.451151e-01,1.064286e-01,9.655790e-01,1.258795e-01,1.906513e-03,-5.193627e-03,1.894418e-02,5.523271e-02
1.06750,0.500289,0.491566,1.455137e-01,1.067801e-01,9.655129e-01,1.258820e-01,1.888975e-03,-5.203714e-03,1.894658e-02,5.525877e-02
1.07000,0.499947,0.491607,1.459121e-01,1.071318e-01,9.654467e-01,1.258844e-01,1.871528e-03,-5.213993e-03,1.894898e-02,5.528474e-02
1.07250,0.499606,0.491649,1.463101e-01,1.074837e-01,9.653805e-01,1.258869e-01,1.854160e-03,-5.224468e-03,1.895140e-02,5.531061e-02
1.07500,0.499264,0.491691,1.467079e-01,1.078357e-01,9.653141e-01,1.258893e-01,1.836863e-03,-5.235166e-03,1.895383e-02,5.533638e-02
1.07750,0.498922,0.491733,1.471053e-01,1.081879e-01,9.652476e-01,1.258918e-01,1.819610e-03,-5.245955e-03,1.895627e-02,5.536206e-02
1.08000,0.498579,0.491776,1.475025e-01,1.085403e-01,9.651810e-01,1.258943e-01,1.802379e-03,-5.256760e-03,1.895871e-02,5.538763e-02
1.08250,0.498237,0.491820,1.478993e-01,1.088928e-01,9.651143e-01,1.258968e-01,1.785166e-03,-5.267538e-03,1.896117e-02,5.541311e-02
1.08500,0.497894,0.491864,1.482959e-01,1.092455e-01,9.650476e-01,1.258993e-01,1.767971e-03,-5.278333e-03,1.896363e-02,5.543850e-02
1.08750,0.497551,0.491908,1.486921e-01,1.095983e-01,9.649811e-01,1.259018e-01,1.750785e-03,-5.289097e-03,1.896611e-02,5.546379e-02
1.09000,0.497208,0.491953,1.490880e-01,1.099514e-01,9.649146e-01,1.259043e-01,1.733605e-03,-5.299798e-03,1.896858e-02,5.548898e-02
1.09250,0.496865,0.491999,1.494836e-01,1.103045e-01,9.648483e-01,1.259069e-01,1.716479e-03,-5.310505e-03,1.897106e-02,5.551408e-02
1.09500,0.496522,0.492045,1.498789e-01,1.106578e-01,9.647823e-01,1.259094e-01,1.699425e-03,-5.321227e-03,1.897354e-02,5.553908e-02
1.09750,0.496179,0.492092,1.502739e-01,1.110113e-01,9.647167e-01,1.259119e-01,1.682452e-03,-5.332000e-03,1.897603e-02,5.556399e-02
1.10000,0.495835,0.492139,1.506686e-01,1.113649e-01,9.646515e-01,1.259145e-01,1.665546e-03,-5.342842e-03,1.897852e-02,5.558880e-02
1.10250,0.495491,0.492187,1.510629e-01,1.117187e-01,9.645868e-01,1.259171e-01,1.648683e-03,-5.353725e-03,1.898103e-02,5.561353e-02
1.10500,0.495147,0.492235,1.514570e-01,1.120727e-01,9.645227e-01,1.259196e-01,1.631837e-03,-5.364571e-03,1.898353e-02,5.563816e-02
1.10750,0.494803,0.492284,1.518507e-01,1.124268e-01,9.644592e-01,1.259222e-01,1.615017e-03,-5.375350e-03,1.898604e-02,5.566269e-02
1.11000,0.494459,0.492333,1.522441e-01,1.127810e-01,9.643962e-01,1.259248e-01,1.598212e-03,-5.386008e-03,1.898855e-02,5.568714e-02
1.11250,0.494114,0.492383,1.526372e-01,1.131354e-01,9.643338e-01,1.259274e-01,1.581386e-03,-5.396485e-03,1.899106e-02,5.571149e-02
1.11500,0.493770,0.492434,1.530299e-01,1.134899e-01,9.642719e-01,1.259300e-01,1.564527e-03,-5.406791e-03,1.899356e-02,5.573575e-02
1.11750,0.493425,0.492485,1.534224e-01,1.138446e-01,9.642105e-01,1.259326e-01,1.547663e-03,-5.416933e-03,1.899607e-02,5.575992e-02
1.12000,0.493080,0.492536,1.538145e-01,1.141995e-01,9.641496e-01,1.259352e-01,1.530812e-03,-5.426878e-03,1.899857e-02,5.578401e-02
1.12250,0.492735,0.492588,1.542063e-01,1.145545e-01,9.640891e-01,1.259378e-01,1.513985e-03,-5.436581e-03,1.900107e-02,5.580800e-02
1.12500,0.492390,0.492641,1.545978e-01,1.149096e-01,9.640288e-01,1.259404e-01,1.497201e-03,-5.446064e-03,1.900356e-02,5.583190e-02
1.12750,0.492045,0.492694,1.549889e-01,1.152649e-01,9.639688e-01,1.259431e-01,1.480463e-03,-5.455327e-03,1.900605e-02,5.585571e-02
1.13000,0.491699,0.492748,1.553797e-01,1.156203e-01,9.639089e-01,1.259457e-01,1.463749e-03,-5.464407e-03,1.900854e-02,5.587944e-02
1.13250,0.491354,0.492802,1.557702e-01,1.159758e-01,9.638491e-01,1.259484e-01,1.447089e-03,-5.473396e-03,1.901103e-02,5.590308e-02
1.13500,0.491008,0.492857,1.561604e-01,1.163316e-01,9.637894e-01,1.259510e-01,1.430492e-03,-5.482319e-03,1.901352e-02,5.592663e-02
1.13750,0.490662,0.492912,1.565502e-01,1.166874e-01,9.637296e-01,1.259537e-01,1.413942e-03,-5.491190e-03,1.901601e-02,5.595009e-02
1.14000,0.490316,0.492968,1.569397e-01,1.170434e-01,9.636700e-01,1.259564e-01,1.397445e-03,-5.499970e-03,1.901851e-02,5.597347e-02
1.14250,0.489970,0.493024,1.573289e-01,1.173995e-01,9.636105e-01,1.259591e-01,1.380976e-03,-5.508600e-03,1.902100e-02,5.599676e-02
1.14500,0.489624,0.493081,1.577177e-01,1.177558e-01,9.635512e-01,1.259618e-01,1.364554e-03,-5.517150e-03,1.902350e-02,5.601996e-02
1.14750,0.489277,0.493139,1.581062e-01,1.181122e-01,9.634922e-01,1.259645e-01,1.348173e-03,-5.525585e-03,1.902600e-02,5.604308e-02
1.15000,0.488931,0.493197,1.584944e-01,1.184687e-01,9.634336e-01,1.259672e-01,1.331785e-03,-5.533879e-03,1.902850e-02,5.606611e-02
1.15250,0.488584,0.493255,1.588823e-01,1.188254e-01,9.633755e-01,1.259699e-01,1.315400e-03,-5.542030e-03,1.903100e-02,5.608905e-02
1.15500,0.488237,0.493314,1.592753e-01,1.191822e-01,9.633179e-01,1.259726e-01,1.299050e-03,-5.550102e-03,1.903350e-02,5.611191e-02
1.15750,0.487890,0.493374,1.596707e-01,1.195392e-01,9.632610e-01,1.259753e-01,1.282753e-03,-5.558143e-03,1.903601e-02,5.613469e-02
1.16000,0.487543,0.493434,1.600657e-01,1.198962e-01,9.632048e-01,1.259781e-01,1.266472e-03,-5.566084e-03,1.903852e-02,5.615738e-02
1.16250,0.487196,0.493495,1.604605e-01,1.202535e-01,9.631494e-01,1.259808e-01,1.250208e-03,-5.573927e-03,1.904103e-02,5.617999e-02
1.16500,0.486849,0.493556,1.608549e-01,1.206108e-01,9.630950e-01,1.259836e-01,1.233989e-03,-5.581673e-03,1.904354e-02,5.620251e-02
1.16750,0.486501,0.493618,1.612490e-01,1.209683e-01,9.630413e-01,1.259863e-01,1.217819e-03,-5.589353e-03,1.904604e-02,5.622496e-02
1.17000,0.486154,0.493681,1.616428e-01,1.213259e-01,9.629885e-01,1.259891e-01,1.201687e-03,-5.596979e-03,1.904855e-02,5.624731e-02
1.17250,0.485806,0.493744,1.620363e-01,1.216836e-01,9.629364e-01,1.259919e-01,1.185580e-03,-5.604582e-03,1.905106e-02,5.626959e-02
1.17500,0.485458,0.493807,1.624294e-01,1.220415e-01,9.628849e-01,1.259947e-01,1.169476e-03,-5.612155e-03,1.905358e-02,5.629178e-02
1.17750,0.485111,0.493871,1.628222e-01,1.223995e-01,9.628338e-01,1.259974e-01,1.153404e-03,-5.619716e-03,1.905610e-02,5.631389e-02
1.18000,0.484763,0.493936,1.632147e-01,1.227576e-01,9.627831e-01,1.260002e-01,1.137373e-03,-5.627279e-03,1.905862e-02,5.633592e-02
1.18250,0.484414,0.494001,1.636069e-01,1.231158e-01,9.627325e-01,1.260030e-01,1.121385e-03,-5.634830e-03,1.906116e-02,5.635787e-02
1.18500,0.484066,0.494067,1.639988e-01,1.234742e-01,9.626819e-01,1.260058e-01,1.105420e-03,-5.642391e-03,1.906369e-02,5.637973e-02
1.18750,0.483718,0.494133,1.643903e-01,1.238327e-01,9.626313e-01,1.260087e-01,1.089466e-03,-5.649978e-03,1.906624e-02,5.640152e-02
1.19000,0.483369,0.494200,1.647815e-01,1.241913e-01,9.625805e-01,1.260115e-01,1.073540e-03,-5.657693e-03,1.906879e-02,5.642322e-02
1.19250,0.483021,0.494268,1.651724e-01,1.245501e-01,9.625294e-01,1.260143e-01,1.057689e-03,-5.665677e-03,1.907135e-02,5.644484e-02
1.19500,0.482672,0.494336,1.655629e-01,1.249089e-01,9.624781e-01,1.260171e-01,1.041916e-03,-5.673910e-03,1.907392e-02,5.646639e-02
1.19750,0.482324,0.494404,1.659531e-01,1.252679e-01,9.624265e-01,1.260200e-01,1.026241e-03,-5.682367e-03,1.907649e-02,5.648785e-02
1.20000,0.481975,0.494473,1.663430e-01,1.256270e-01,9.623746e-01,1.260228e-01,1.010654e-03,-5.691007e-03,1.907906e-02,5.650923e-02
1.20250,0.481626,0.494543,1.667326e-01,1.259862e-01,9.623225e-01,1.260257e-01,9.951226e-04,-5.699756e-03,1.908163e-02,5.653053e-02
1.20500,0.481277,0.494613,1.671218e-01,1.263456e-01,9.622702e-01,1.260286e-01,9.796059e-04,-5.708518e-03,1.908420e-02,5.655176e-02
1.20750,0.480928,0.494684,1.675107e-01,1.267050e-01,9.622178e-01,1.260314e-01,9.641016e-04,-5.717258e-03,1.908677e-02,5.657290e-02
1.21000,0.480578,0.494756,1.678992e-01,1.270646e-01,9.621655e-01,1.260343e-01,9.486175e-04,-5.725980e-03,1.908934e-02,5.659397e-02
1.21250,0.480229,0.494828,1.682875e-01,1.274243e-01,9.621133e-01,1.260372e-01,9.331461e-04,-5.734611e-03,1.909191e-02,5.661496e-02
1.21500,0.479880,0.494900,1.686754e-01,1.277841e-01,9.620614e-01,1.260401e-01,9.176883e-04,-5.743127e-03,1.909448e-02,5.663587e-02
1.21750,0.479530,0.494973,1.690629e-01,1.281441e-01,9.619992e-01,1.260430e-01,9.022339e-04,-5.751622e-03,1.909704e-02,5.665671e-02
1.22000,0.479181,0.495047,1.694501e-01,1.285041e-01,9.619243e-01,1.260459e-01,8.868362e-04,-5.760201e-03,1.909960e-02,5.667746e-02
1.22250,0.478831,0.495121,1.698370e-01,1.288643e-01,9.618498e-01,1.260488e-01,8.715073e-04,-5.768839e-03,1.910217e-02,5.669815e-02
1.22500,0.478481,0.495196,1.702235e-01,1.292246e-01,9.617756e-01,1.260517e-01,8.562774e-04,-5.777556e-03,1.910474e-02,5.671875e-02
1.22750,0.478131,0.495272,1.706097e-01,1.295850e-01,9.617018e-01,1.260547e-01,8.411324e-04,-5.786292e-03,1.910731e-02,5.673928e-02
1.23000,0.477781,0.495348,1.709956e-01,1.299455e-01,9.616283e-01,1.260576e-01,8.260750e-04,-5.794973e-03,1.910988e-02,5.675973e-02
1.23250,0.477432,0.495424,1.713811e-01,1.303061e-01,9.615552e-01,1.260605e-01,8.110882e-04,-5.803491e-03,1.911245e-02,5.678011e-02
1.23500,0.477081,0.495501,1.717662e-01,1.306668e-01,9.614825e-01,1.260635e-01,7.961523e-04,-5.811829e-03,1.911500e-02,5.680042e-02
1.23750,0.476731,0.495579,1.721511e-01,1.310276e-01,9.614101e-01,1.260664e-01,7.812758e-04,-5.819982e-03,1.911756e-02,5.682064e-02
1.24000,0.476381,0.495657,1.725355e-01,1.313886e-01,9.613380e-01,1.260694e-01,7.663919e-04,-5.827852e-03,1.912010e-02,5.684080e-02
1.24250,0.476031,0.495736,1.729197e-01,1.317496e-01,9.612662e-01,1.260723e-01,7.514778e-04,-5.835407e-03,1.912264e-02,5.686088e-02
1.24500,0.475680,0.495816,1.733035e-01,1.321108e-01,9.611947e-01,1.260753e-01,7.365846e-04,-5.842802e-03,1.912517e-02,5.688089e-02
1.24750,0.475330,0.495896,1.736869e-01,1.324721e-01,9.611233e-01,1.260783e-01,7.217684e-04,-5.850070e-03,1.912769e-02,5.690082e-02
1.25000,0.474979,0.495976,1.740700e-01,1.328334e-01,9.610522e-01,1.260813e-01,7.070371e-04,-5.857203e-03,1.913021e-02,5.692069e-02
1.25250,0.474629,0.496057,1.744528e-01,1.331949e-01,9.609812e-01,1.260843e-01,6.923733e-04,-5.864207e-03,1.913273e-02,5.694048e-02
1.25500,0.474278,0.496139,1.748352e-01,1.335565e-01,9.609104e-01,1.260873e-01,6.777242e-04,-5.871050e-03,1.913524e-02,5.696019e-02
1.25750,0.473928,0.496222,1.752172e-01,1.339182e-01,9.608397e-01,1.260903e-01,6.630672e-04,-5.877750e-03,1.913774e-02,5.697984e-02
1.26000,0.473577,0.496304,1.755989e-01,1.342800e-01,9.607692e-01,1.260933e-01,6.484771e-04,-5.884377e-03,1.914024e-02,5.699941e-02
1.26250,0.473226,0.496388,1.759803e-01,1.346419e-01,9.606989e-01,1.260963e-01,6.339746e-04,-5.890907e-03,1.914274e-02,5.701892e-02
1.26500,0.472875,0.496472,1.763613e-01,1.350039e-01,9.606287e-01,1.260993e-01,6.195532e-04,-5.897325e-03,1.914524e-02,5.703835e-02
1.26750,0.472524,0.496557,1.767420e-01,1.353660e-01,9.605587e-01,1.261023e-01,6.051863e-04,-5.903613e-03,1.914773e-02,5.705771e-02
1.27000,0.472173,0.496642,1.771223e-01,1.357283e-01,9.604889e-01,1.261054e-01,5.908691e-04,-5.909780e-03,1.915021e-02,5.707700e-02
1.27250,0.471822,0.496728,1.775022e-01,1.360906e-01,9.604193e-01,1.261084e-01,5.766153e-04,-5.915854e-03,1.915270e-02,5.709622e-02
1.27500,0.471471,0.496814,1.778818e-01,1.364530e-01,9.603499e-01,1.261114e-01,5.624018e-04,-5.921856e-03,1.915518e-02,5.711538e-02
1.27750,0.471120,0.496901,1.782610e-01,1.368155e-01,9.602807e-01,1.261145e-01,5.482057e-04,-5.927801e-03,1.915766e-02,5.713446e-02
1.28000,0.470768,0.496989,1.786399e-01,1.371781e-01,9.602118e-01,1.261176e-01,5.340045e-04,-5.933684e-03,1.916013e-02,5.715347e-02
1.28250,0.470417,0.497077,1.790185e-01,1.375408e-01,9.601432e-01,1.261206e-01,5.197742e-04,-5.939518e-03,1.916260e-02,5.717241e-02
1.28500,0.470066,0.497166,1.793967e-01,1.379037e-01,9.600749e-01,1.261237e-01,5.054958e-04,-5.945274e-03,1.916507e-02,5.719129e-02
1.28750,0.469714,0.497255,1.797745e-01,1.382666e-01,9.600069e-01,1.261268e-01,4.911418e-04,-5.950826e-03,1.916753e-02,5.721009e-02
1.29000,0.469363,0.497345,1.801519e-01,1.386296e-01,9.599391e-01,1.261298e-01,4.767719e-04,-5.956221e-03,1.916997e-02,5.722883e-02
1.29250,0.469011,0.497436,1.805291e-01,1.389927e-01,9.598716e-01,1.261329e-01,4.624060e-04,-5.961535e-03,1.917241e-02,5.724750e-02
1.29500,0.468660,0.497527,1.809058e-01,1.393559e-01,9.598042e-01,1.261360e-01,4.480383e-04,-5.966828e-03,1.917483e-02,5.726610e-02
1.29750,0.468308,0.497619,1.812822e-01,1.397192e-01,9.597370e-01,1.261391e-01,4.336558e-04,-5.972137e-03,1.917726e-02,5.728464e-02
1.30000,0.467957,0.497711,1.816582e-01,1.400826e-01,9.596698e-01,1.261422e-01,4.192843e-04,-5.977539e-03,1.917967e-02,5.730311e-02
1.30250,0.467605,0.497804,1.820339e-01,1.404461e-01,9.596027e-01,1.261454e-01,4.049965e-04,-5.983130e-03,1.918208e-02,5.732151e-02
1.30500,0.467253,0.497898,1.824092e-01,1.408097e-01,9.595356e-01,1.261485e-01,3.908102e-04,-5.988926e-03,1.918450e-02,5.733984e-02
1.30750,0.466902,0.497992,1.827842e-01,1.411734e-01,9.594686e-01,1.261516e-01,3.766964e-04,-5.994913e-03,1.918691e-02,5.735811e-02
1.31000,0.466550,0.498086,1.831588e-01,1.415371e-01,9.594016e-01,1.261547e-01,3.626329e-04,-6.001093e-03,1.918932e-02,5.737631e-02
1.31250,0.466198,0.498182,1.835330e-01,1.419010e-01,9.593346e-01,1.261579e-01,3.485913e-04,-6.007499e-03,1.919174e-02,5.739445e-02
1.31500,0.465846,0.498278,1.839069e-01,1.422650e-01,9.592678e-01,1.261610e-01,3.345582e-04,-6.014126e-03,1.919416e-02,5.741252e-02
1.31750,0.465494,0.498374,1.842804e-01,1.426290e-01,9.592010e-01,1.261642e-01,3.205721e-04,-6.021013e-03,1.919658e-02,5.743053e-02
1.32000,0.465143,0.498471,1.846536e-01,1.429932e-01,9.591344e-01,1.261673e-01,3.066342e-04,-6.028095e-03,1.919900e-02,5.744847e-02
1.32250,0.464791,0.498569,1.850263e-01,1.433574e-01,9.590680e-01,1.261705e-01,2.927253e-04,-6.035304e-03,1.920141e-02,5.746635e-02
1.32500,0.464439,0.498667,1.853988e-01,1.437217e-01,9.590018e-01,1.261736e-01,2.788285e-04,-6.042496e-03,1.920382e-02,5.748416e-02
1.32750,0.464087,0.498766,1.857708e-01,1.440862e-01,9.589359e-01,1.261768e-01,2.649163e-04,-6.049605e-03,1.920622e-02,5.750191e-02
1.33000,0.463735,0.498866,1.861425e-01,1.444507e-01,9.588704e-01,1.261800e-01,2.510009e-04,-6.056645e-03,1.920860e-02,5.751959e-02
1.33250,0.463383,0.498966,1.865138e-01,1.448153e-01,9.588052e-01,1.261832e-01,2.370543e-04,-6.063544e-03,1.921098e-02,5.753722e-02
1.33500,0.463031,0.499066,1.868848e-01,1.451799e-01,9.587404e-01,1.261864e-01,2.230672e-04,-6.070313e-03,1.921334e-02,5.755477e-02
1.33750,0.462679,0.499168,1.872554e-01,1.455447e-01,9.586761e-01,1.261896e-01,2.090856e-04,-6.077012e-03,1.921570e-02,5.757227e-02
1.34000,0.462327,0.499269,1.876256e-01,1.459096e-01,9.586123e-01,1.261928e-01,1.951398e-04,-6.083667e-03,1.921805e-02,5.758970e-02
1.34250,0.461974,0.499372,1.879955e-01,1.462745e-01,9.585491e-01,1.261960e-01,1.812418e-04,-6.090310e-03,1.922039e-02,5.760707e-02
1.34500,0.461622,0.499475,1.883650e-01,1.466396e-01,9.584864e-01,1.261992e-01,1.673839e-04,-6.096921e-03,1.922273e-02,5.762438e-02
1.34750,0.461270,0.499579,1.887341e-01,1.470047e-01,9.584243e-01,1.262024e-01,1.535611e-04,-6.103387e-03,1.922506e-02,5.764163e-02
1.35000,0.460918,0.499683,1.891029e-01,1.473699e-01,9.583627e-01,1.262056e-01,1.397721e-04,-6.109662e-03,1.922740e-02,5.765881e-02
1.35250,0.460566,0.499788,1.894713e-01,1.477352e-01,9.583014e-01,1.262088e-01,1.260873e-04,-6.115918e-03,1.922973e-02,5.767594e-02
1.35500,0.460214,0.499893,1.898393e-01,1.481005e-01,9.582405e-01,1.262121e-01,1.125126e-04,-6.122108e-03,1.923206e-02,5.769300e-02
1.35750,0.459861,0.500000,1.902069e-01,1.484660e-01,9.581799e-01,1.262153e-01,9.898999e-05,-6.128134e-03,1.923439e-02,5.771000e-02
1.36000,0.459509,0.500106,1.905742e-01,1.488315e-01,9.581195e-01,1.262185e-01,8.548917e-05,-6.133863e-03,1.923670e-02,5.772694e-02
1.36250,0.459157,0.500214,1.909411e-01,1.491972e-01,9.580592e-01,1.262218e-01,7.202424e-05,-6.139379e-03,1.923900e-02,5.774382e-02
1.36500,0.458805,0.500322,1.913099e-01,1.495629e-01,9.579990e-01,1.262250e-01,5.857845e-05,-6.144809e-03,1.924129e-02,5.776064e-02
1.36750,0.458453,0.500430,1.916852e-01,1.499287e-01,9.579390e-01,1.262283e-01,4.514169e-05,-6.150092e-03,1.924357e-02,5.777739e-02
1.37000,0.458100,0.500539,1.920602e-01,1.502945e-01,9.578790e-01,1.262316e-01,3.172360e-05,-6.155186e-03,1.924584e-02,5.779409e-02
1.37250,0.457748,0.500649,1.924348e-01,1.506605e-01,9.578192e-01,1.262348e-01,1.832891e-05,-6.160121e-03,1.924809e-02,5.781073e-02
1.37500,0.457396,0.500759,1.928090e-01,1.510265e-01,9.577595e-01,1.262381e-01,4.982009e-06,-6.164940e-03,1.925034e-02,5.782731e-02
1.37750,0.457044,0.500870,1.931829e-01,1.513926e-01,9.577000e-01,1.262414e-01,-8.304765e-06,-6.169649e-03,1.925258e-02,5.784383e-02
1.38000,0.456692,0.500982,1.935565e-01,1.517588e-01,9.576406e-01,1.262447e-01,-2.158668e-05,-6.174146e-03,1.925481e-02,5.786029e-02
1.38250,0.456339,0.501094,1.939297e-01,1.521251e-01,9.575813e-01,1.262479e-01,-3.486880e-05,-6.178431e-03,1.925702e-02,5.787670e-02
1.38500,0.455987,0.501207,1.943025e-01,1.524915e-01,9.575222e-01,1.262512e-01,-4.810504e-05,-6.182616e-03,1.925923e-02,5.789304e-02
1.38750,0.455635,0.501321,1.946750e-01,1.528579e-01,9.574634e-01,1.262545e-01,-6.129351e-05,-6.186682e-03,1.926143e-02,5.790933e-02
1.39000,0.455283,0.501435,1.950471e-01,1.532244e-01,9.574047e-01,1.262578e-01,-7.444510e-05,-6.190571e-03,1.926363e-02,5.792556e-02
1.39250,0.454930,0.501549,1.954189e-01,1.535910e-01,9.573464e-01,1.262611e-01,-8.758796e-05,-6.194296e-03,1.926581e-02,5.794174e-02
1.39500,0.454578,0.501665,1.957903e-01,1.539577e-01,9.572883e-01,1.262645e-01,-1.006846e-04,-6.197939e-03,1.926798e-02,5.795785e-02
1.39750,0.454226,0.501780,1.961613e-01,1.543244e-01,9.572306e-01,1.262678e-01,-1.137711e-04,-6.201508e-03,1.927015e-02,5.797391e-02
1.40000,0.453874,0.501897,1.965320e-01,1.546912e-01,9.571731e-01,1.262711e-01,-1.268299e-04,-6.205024e-03,1.927230e-02,5.798991e-02
1.40250,0.453522,0.502014,1.969023e-01,1.550581e-01,9.571158e-01,1.262744e-01,-1.398486e-04,-6.208548e-03,1.927445e-02,5.800586e-02
1.40500,0.453170,0.502132,1.972723e-01,1.554251e-01,9.570587e-01,1.262778e-01,-1.528125e-04,-6.212140e-03,1.927658e-02,5.802175e-02
1.40750,0.452818,0.502250,1.976419e-01,1.557922e-01,9.570017e-01,1.262811e-01,-1.657011e-04,-6.215986e-03,1.927871e-02,5.803758e-02
1.41000,0.452465,0.502369,1.980112e-01,1.561593e-01,9.569447e-01,1.262844e-01,-1.784377e-04,-6.220209e-03,1.928084e-02,5.805336e-02
1.41250,0.452113,0.502489,1.983801e-01,1.565265e-01,9.568876e-01,1.262878e-01,-1.910564e-04,-6.224676e-03,1.928295e-02,5.806909e-02
1.41500,0.451761,0.502609,1.987486e-01,1.568938e-01,9.568306e-01,1.262912e-01,-2.035799e-04,-6.229378e-03,1.928506e-02,5.808476e-02
1.41750,0.451409,0.502730,1.991168e-01,1.572611e-01,9.567735e-01,1.262945e-01,-2.160482e-04,-6.234200e-03,1.928716e-02,5.810038e-02
1.42000,0.451057,0.502851,1.994846e-01,1.576285e-01,9.567165e-01,1.262979e-01,-2.284753e-04,-6.238999e-03,1.928925e-02,5.811594e-02
1.42250,0.450705,0.502973,1.998521e-01,1.579960e-01,9.566594e-01,1.263012e-01,-2.408747e-04,-6.243741e-03,1.929133e-02,5.813145e-02
1.42500,0.450353,0.503096,2.002192e-01,1.583636e-01,9.566023e-01,1.263046e-01,-2.532900e-04,-6.248423e-03,1.929339e-02,5.814690e-02
1.42750,0.450001,0.503219,2.005859e-01,1.587313e-01,9.565454e-01,1.263080e-01,-2.657457e-04,-6.253045e-03,1.929544e-02,5.816231e-02
1.43000,0.449649,0.503343,2.009523e-01,1.590990e-01,9.564888e-01,1.263114e-01,-2.782454e-04,-6.257680e-03,1.929747e-02,5.817766e-02
1.43250,0.449298,0.503468,2.013183e-01,1.594668e-01,9.564324e-01,1.263148e-01,-2.907306e-04,-6.262528e-03,1.929950e-02,5.819296e-02
1.43500,0.448946,0.503593,2.016839e-01,1.598346e-01,9.563763e-01,1.263181e-01,-3.032123e-04,-6.267535e-03,1.930153e-02,5.820820e-02
1.43750,0.448594,0.503718,2.020492e-01,1.602026e-01,9.563206e-01,1.263215e-01,-3.157026e-04,-6.272622e-03,1.930354e-02,5.822340e-02
1.44000,0.448242,0.503845,2.024141e-01,1.605706e-01,9.562654e-01,1.263249e-01,-3.282284e-04,-6.277673e-03,1.930555e-02,5.823854e-02
1.44250,0.447890,0.503972,2.027787e-01,1.609386e-01,9.562108e-01,1.263283e-01,-3.407770e-04,-6.282753e-03,1.930756e-02,5.825363e-02
1.44500,0.447539,0.504099,2.031429e-01,1.613068e-01,9.561569e-01,1.263318e-01,-3.532910e-04,-6.288003e-03,1.930956e-02,5.826867e-02
1.44750,0.447187,0.504228,2.035067e-01,1.616750e-01,9.561036e-01,1.263352e-01,-3.657708e-04,-6.293246e-03,1.931156e-02,5.828366e-02
1.45000,0.446835,0.504357,2.038701e-01,1.620433e-01,9.560511e-01,1.263386e-01,-3.782025e-04,-6.298337e-03,1.931355e-02,5.829860e-02
1.45250,0.446484,0.504486,2.042332e-01,1.624116e-01,9.559994e-01,1.263420e-01,-3.905956e-04,-6.303178e-03,1.931554e-02,5.831348e-02
1.45500,0.446132,0.504616,2.045960e-01,1.627801e-01,9.559482e-01,1.263454e-01,-4.029452e-04,-6.307792e-03,1.931752e-02,5.832832e-02
1.45750,0.445780,0.504747,2.049583e-01,1.631486e-01,9.558977e-01,1.263489e-01,-4.152474e-04,-6.312272e-03,1.931948e-02,5.834310e-02
1.46000,0.445429,0.504878,2.053204e-01,1.635171e-01,9.558475e-01,1.263523e-01,-4.275471e-04,-6.316700e-03,1.932145e-02,5.835783e-02
1.46250,0.445077,0.505010,2.056820e-01,1.638857e-01,9.557977e-01,1.263557e-01,-4.398402e-04,-6.321061e-03,1.932340e-02,5.837252e-02
1.46500,0.444726,0.505143,2.060433e-01,1.642544e-01,9.557480e-01,1.263592e-01,-4.521441e-04,-6.325275e-03,1.932534e-02,5.838715e-02
1.46750,0.444375,0.505276,2.064042e-01,1.646232e-01,9.556986e-01,1.263626e-01,-4.644796e-04,-6.329290e-03,1.932726e-02,5.840173e-02
1.47000,0.444023,0.505410,2.067647e-01,1.649920e-01,9.556493e-01,1.263661e-01,-4.768415e-04,-6.333095e-03,1.932917e-02,5.841626e-02
1.47250,0.443672,0.505545,2.071249e-01,1.653609e-01,9.556000e-01,1.263695e-01,-4.892204e-04,-6.336729e-03,1.933106e-02,5.843074e-02
1.47500,0.443321,0.505680,2.074847e-01,1.657299e-01,9.555509e-01,1.263730e-01,-5.015876e-04,-6.340272e-03,1.933294e-02,5.844517e-02
1.47750,0.442970,0.505815,2.078441e-01,1.660989e-01,9.555018e-01,1.263764e-01,-5.139463e-04,-6.343735e-03,1.933481e-02,5.845956e-02
1.48000,0.442618,0.505952,2.082032e-01,1.664680e-01,9.554528e-01,1.263799e-01,-5.263422e-04,-6.347122e-03,1.933667e-02,5.847389e-02
1.48250,0.442267,0.506089,2.085619e-01,1.668372e-01,9.554040e-01,1.263834e-01,-5.387685e-04,-6.350455e-03,1.933853e-02,5.848817e-02
1.48500,0.441916,0.506226,2.089203e-01,1.672064e-01,9.553553e-01,1.263869e-01,-5.512247e-04,-6.353698e-03,1.934038e-02,5.850241e-02
1.48750,0.441565,0.506365,2.092783e-01,1.675757e-01,9.553067e-01,1.263903e-01,-5.636559e-04,-6.356858e-03,1.934221e-02,5.851659e-02
1.49000,0.441214,0.506504,2.096359e-01,1.679451e-01,9.552583e-01,1.263938e-01,-5.760337e-04,-6.359821e-03,1.934404e-02,5.853073e-02
1.49250,0.440864,0.506643,2.099931e-01,1.683145e-01,9.552101e-01,1.263973e-01,-5.883536e-04,-6.362634e-03,1.934586e-02,5.854481e-02
1.49500,0.440513,0.506783,2.103500e-01,1.686840e-01,9.551622e-01,1.264008e-01,-6.006525e-04,-6.365250e-03,1.934767e-02,5.855885e-02
1.49750,0.440162,0.506924,2.107065e-01,1.690535e-01,9.551146e-01,1.264043e-01,-6.129421e-04,-6.367622e-03,1.934946e-02,5.857284e-02
1.50000,0.439811,0.507066,2.110626e-01,1.694232e-01,9.550673e-01,1.264078e-01,-6.252040e-04,-6.369825e-03,1.935122e-02,5.858678e-02
1.50250,0.439461,0.507208,2.114184e-01,1.697928e-01,9.550203e-01,1.264113e-01,-6.373954e-04,-6.372158e-03,1.935298e-02,5.860068e-02
1.50500,0.439110,0.507350,2.117738e-01,1.701626e-01,9.549736e-01,1.264148e-01,-6.494957e-04,-6.374732e-03,1.935471e-02,5.861453e-02
1.50750,0.438760,0.507494,2.121288e-01,1.705324e-01,9.549271e-01,1.264183e-01,-6.615205e-04,-6.377510e-03,1.935643e-02,5.862833e-02
1.51000,0.438409,0.507638,2.124835e-01,1.709023e-01,9.548807e-01,1.264219e-01,-6.735170e-04,-6.380465e-03,1.935813e-02,5.864208e-02
1.51250,0.438059,0.507782,2.128378e-01,1.712722e-01,9.548342e-01,1.264254e-01,-6.854716e-04,-6.383591e-03,1.935982e-02,5.865579e-02
1.51500,0.437709,0.507927,2.131917e-01,1.716422e-01,9.547878e-01,1.264289e-01,-6.973593e-04,-6.386859e-03,1.936149e-02,5.866946e-02
1.51750,0.437358,0.508073,2.135452e-01,1.720122e-01,9.547413e-01,1.264324e-01,-7.091531e-04,-6.390220e-03,1.936315e-02,5.868308e-02
1.52000,0.437008,0.508220,2.138984e-01,1.723824e-01,9.546947e-01,1.264360e-01,-7.208747e-04,-6.393603e-03,1.936480e-02,5.869665e-02
1.52250,0.436658,0.508367,2.142512e-01,1.727525e-01,9.546480e-01,1.264395e-01,-7.324933e-04,-6.397083e-03,1.936643e-02,5.871018e-02
1.52500,0.436308,0.508514,2.146037e-01,1.731228e-01,9.546014e-01,1.264430e-01,-7.440019e-04,-6.400711e-03,1.936805e-02,5.872367e-02
1.52750,0.435958,0.508663,2.149558e-01,1.734931e-01,9.545547e-01,1.264466e-01,-7.554175e-04,-6.404435e-03,1.936967e-02,5.873711e-02
1.53000,0.435608,0.508812,2.153075e-01,1.738635e-01,9.545082e-01,1.264501e-01,-7.668045e-04,-6.408073e-03,1.937127e-02,5.875051e-02
1.53250,0.435259,0.508961,2.156588e-01,1.742339e-01,9.544620e-01,1.264537e-01,-7.782314e-04,-6.411546e-03,1.937285e-02,5.876387e-02
1.53500,0.434909,0.509112,2.160098e-01,1.746044e-01,9.544161e-01,1.264572e-01,-7.896435e-04,-6.415005e-03,1.937442e-02,5.877719e-02
1.53750,0.434559,0.509263,2.163604e-01,1.749749e-01,9.543706e-01,1.264608e-01,-8.010446e-04,-6.418476e-03,1.937597e-02,5.879046e-02
1.54000,0.434210,0.509414,2.167106e-01,1.753455e-01,9.543256e-01,1.264644e-01,-8.125001e-04,-6.421861e-03,1.937751e-02,5.880369e-02
1.54250,0.433860,0.509566,2.170604e-01,1.757162e-01,9.542813e-01,1.264679e-01,-8.240613e-04,-6.425115e-03,1.937903e-02,5.881688e-02
1.54500,0.433511,0.509719,2.174099e-01,1.760869e-01,9.542377e-01,1.264715e-01,-8.357353e-04,-6.428129e-03,1.938053e-02,5.883002e-02
1.54750,0.433162,0.509873,2.177590e-01,1.764577e-01,9.541950e-01,1.264751e-01,-8.474755e-04,-6.430852e-03,1.938201e-02,5.884313e-02
1.55000,0.432812,0.510027,2.181078e-01,1.768285e-01,9.541532e-01,1.264786e-01,-8.591861e-04,-6.433378e-03,1.938347e-02,5.885619e-02
1.55250,0.432463,0.510181,2.184562e-01,1.771994e-01,9.541122e-01,1.264822e-01,-8.707538e-04,-6.435811e-03,1.938493e-02,5.886922e-02
1.55500,0.432114,0.510337,2.188042e-01,1.775704e-01,9.540721e-01,1.264858e-01,-8.821620e-04,-6.438208e-03,1.938637e-02,5.888220e-02
1.55750,0.431765,0.510493,2.191518e-01,1.779414e-01,9.540326e-01,1.264894e-01,-8.934700e-04,-6.440537e-03,1.938781e-02,5.889514e-02
1.56000,0.431416,0.510649,2.194991e-01,1.783124e-01,9.539936e-01,1.264930e-01,-9.046869e-04,-6.442784e-03,1.938925e-02,5.890804e-02
1.56250,0.431068,0.510807,2.198460e-01,1.786836e-01,9.539550e-01,1.264966e-01,-9.157987e-04,-6.445001e-03,1.939067e-02,5.892091e-02
1.56500,0.430719,0.510965,2.201925e-01,1.790548e-01,9.539167e-01,1.265002e-01,-9.268740e-04,-6.447150e-03,1.939209e-02,5.893372e-02
1.56750,0.430370,0.511123,2.205386e-01,1.794260e-01,9.538785e-01,1.265038e-01,-9.379781e-04,-6.449203e-03,1.939350e-02,5.894650e-02
1.57000,0.430022,0.511282,2.208844e-01,1.797973e-01,9.538405e-01,1.265074e-01,-9.491639e-04,-6.451125e-03,1.939490e-02,5.895924e-02
1.57250,0.429673,0.511442,2.212298e-01,1.801686e-01,9.538025e-01,1.265110e-01,-9.604671e-04,-6.452847e-03,1.939629e-02,5.897194e-02
1.57500,0.429325,0.511603,2.215749e-01,1.805401e-01,9.537646e-01,1.265146e-01,-9.718578e-04,-6.454438e-03,1.939766e-02,5.898460e-02
1.57750,0.428977,0.511764,2.219195e-01,1.809115e-01,9.537266e-01,1.265182e-01,-9.832622e-04,-6.456120e-03,1.939903e-02,5.899721e-02
1.58000,0.428629,0.511925,2.222638e-01,1.812830e-01,9.536887e-01,1.265218e-01,-9.947287e-04,-6.457783e-03,1.940040e-02,5.900979e-02
1.58250,0.428281,0.512088,2.226141e-01,1.816546e-01,9.536509e-01,1.265254e-01,-1.006247e-03,-6.459342e-03,1.940175e-02,5.902232e-02
1.58500,0.427933,0.512251,2.229678e-01,1.820263e-01,9.536132e-01,1.265290e-01,-1.017785e-03,-6.460781e-03,1.940310e-02,5.903482e-02
1.58750,0.427585,0.512414,2.233212e-01,1.823979e-01,9.535756e-01,1.265327e-01,-1.029334e-03,-6.462027e-03,1.940443e-02,5.904727e-02
1.59000,0.427237,0.512579,2.236741e-01,1.827697e-01,9.535381e-01,1.265363e-01,-1.040857e-03,-6.463141e-03,1.940575e-02,5.905968e-02
1.59250,0.426890,0.512744,2.240268e-01,1.831415e-01,9.535008e-01,1.265399e-01,-1.052329e-03,-6.464181e-03,1.940705e-02,5.907206e-02
1.59500,0.426542,0.512909,2.243791e-01,1.835133e-01,9.534638e-01,1.265436e-01,-1.063711e-03,-6.465172e-03,1.940835e-02,5.908439e-02
1.59750,0.426195,0.513075,2.247310e-01,1.838852e-01,9.534272e-01,1.265472e-01,-1.074968e-03,-6.466254e-03,1.940963e-02,5.909669e-02
1.60000,0.425847,0.513242,2.250826e-01,1.842572e-01,9.533908e-01,1.265508e-01,-1.086118e-03,-6.467538e-03,1.941089e-02,5.910894e-02
1.60250,0.425500,0.513410,2.254338e-01,1.846292e-01,9.533548e-01,1.265545e-01,-1.097215e-03,-6.469131e-03,1.941214e-02,5.912116e-02
1.60500,0.425153,0.513578,2.257846e-01,1.850013e-01,9.533191e-01,1.265581e-01,-1.108341e-03,-6.470978e-03,1.941337e-02,5.913334e-02
1.60750,0.424806,0.513747,2.261351e-01,1.853734e-01,9.532834e-01,1.265618e-01,-1.119526e-03,-6.472990e-03,1.941459e-02,5.914548e-02
1.61000,0.424459,0.513916,2.264853e-01,1.857456e-01,9.532478e-01,1.265654e-01,-1.130779e-03,-6.475173e-03,1.941579e-02,5.915758e-02
1.61250,0.424113,0.514086,2.268351e-01,1.861178e-01,9.532121e-01,1.265691e-01,-1.142075e-03,-6.477535e-03,1.941698e-02,5.916965e-02
1.61500,0.423766,0.514257,2.271845e-01,1.864901e-01,9.531764e-01,1.265727e-01,-1.153379e-03,-6.480090e-03,1.941814e-02,5.918168e-02
1.61750,0.423419,0.514428,2.275336e-01,1.868625e-01,9.531405e-01,1.265764e-01,-1.164690e-03,-6.482736e-03,1.941929e-02,5.919367e-02
1.62000,0.423073,0.514600,2.278823e-01,1.872349e-01,9.531045e-01,1.265801e-01,-1.176014e-03,-6.485413e-03,1.942043e-02,5.920562e-02
1.62250,0.422727,0.514773,2.282306e-01,1.876073e-01,9.530685e-01,1.265837e-01,-1.187318e-03,-6.488105e-03,1.942155e-02,5.921754e-02
1.62500,0.422381,0.514946,2.285786e-01,1.879798e-01,9.530324e-01,1.265874e-01,-1.198555e-03,-6.490842e-03,1.942267e-02,5.922942e-02
1.62750,0.422035,0.515120,2.289263e-01,1.883523e-01,9.529965e-01,1.265911e-01,-1.209709e-03,-6.493541e-03,1.942377e-02,5.924127e-02
1.63000,0.421689,0.515294,2.292736e-01,1.887249e-01,9.529609e-01,1.265948e-01,-1.220734e-03,-6.496206e-03,1.942486e-02,5.925308e-02
1.63250,0.421343,0.515470,2.296205e-01,1.890976e-01,9.529256e-01,1.265984e-01,-1.231654e-03,-6.498816e-03,1.942593e-02,5.926485e-02
1.63500,0.420997,0.515645,2.299671e-01,1.894703e-01,9.528909e-01,1.266021e-01,-1.242537e-03,-6.501287e-03,1.942698e-02,5.927659e-02
1.63750,0.420652,0.515822,2.303133e-01,1.898431e-01,9.528568e-01,1.266058e-01,-1.253419e-03,-6.503587e-03,1.942802e-02,5.928830e-02
1.64000,0.420306,0.515999,2.306591e-01,1.902159e-01,9.528234e-01,1.266095e-01,-1.264341e-03,-6.505600e-03,1.942903e-02,5.929997e-02
1.64250,0.419961,0.516177,2.310046e-01,1.905887e-01,9.527910e-01,1.266132e-01,-1.275303e-03,-6.507328e-03,1.943003e-02,5.931161e-02
1.64500,0.419616,0.516355,2.313498e-01,1.909616e-01,9.527595e-01,1.266169e-01,-1.286267e-03,-6.508871e-03,1.943100e-02,5.932321e-02
1.64750,0.419270,0.516534,2.316946e-01,1.913346e-01,9.527290e-01,1.266206e-01,-1.297197e-03,-6.510267e-03,1.943196e-02,5.933478e-02
1.65000,0.418926,0.516714,2.320390e-01,1.917076e-01,9.526995e-01,1.266243e-01,-1.308093e-03,-6.511482e-03,1.943290e-02,5.934631e-02
1.65250,0.418581,0.516894,2.323830e-01,1.920807e-01,9.526708e-01,1.266280e-01,-1.318953e-03,-6.512483e-03,1.943382e-02,5.935781e-02
1.65500,0.418236,0.517075,2.327268e-01,1.924538e-01,9.526428e-01,1.266317e-01,-1.329779e-03,-6.513232e-03,1.943472e-02,5.936928e-02
1.65750,0.417891,0.517257,2.330701e-01,1.928269e-01,9.526152e-01,1.266354e-01,-1.340581e-03,-6.513756e-03,1.943561e-02,5.938072e-02
1.66000,0.417547,0.517439,2.334131e-01,1.932001e-01,9.525879e-01,1.266391e-01,-1.351352e-03,-6.514118e-03,1.943649e-02,5.939212e-02
1.66250,0.417203,0.517622,2.337557e-01,1.935734e-01,9.525608e-01,1.266428e-01,-1.362100e-03,-6.514288e-03,1.943735e-02,5.940349e-02
1.66500,0.416859,0.517805,2.340980e-01,1.939467e-01,9.525339e-01,1.266465e-01,-1.372799e-03,-6.514288e-03,1.943820e-02,5.941482e-02
1.66750,0.416515,0.517990,2.344399e-01,1.943200e-01,9.525070e-01,1.266502e-01,-1.383437e-03,-6.514235e-03,1.943904e-02,5.942612e-02
1.67000,0.416171,0.518174,2.347815e-01,1.946935e-01,9.524800e-01,1.266539e-01,-1.394049e-03,-6.514130e-03,1.943986e-02,5.943739e-02
1.67250,0.415827,0.518360,2.351226e-01,1.950669e-01,9.524529e-01,1.266576e-01,-1.404674e-03,-6.513967e-03,1.944068e-02,5.944863e-02
1.67500,0.415483,0.518546,2.354635e-01,1.954404e-01,9.524258e-01,1.266614e-01,-1.415354e-03,-6.513665e-03,1.944147e-02,5.945983e-02
1.67750,0.415140,0.518733,2.358040e-01,1.958140e-01,9.523986e-01,1.266651e-01,-1.426115e-03,-6.513285e-03,1.944226e-02,5.947101e-02
1.68000,0.414797,0.518920,2.361441e-01,1.961876e-01,9.523714e-01,1.266688e-01,-1.436940e-03,-6.512817e-03,1.944302e-02,5.948214e-02
1.68250,0.414453,0.519108,2.364838e-01,1.965612e-01,9.523442e-01,1.266725e-01,-1.447842e-03,-6.512171e-03,1.944377e-02,5.949325e-02
1.68500,0.414110,0.519297,2.368232e-01,1.969349e-01,9.523170e-01,1.266763e-01,-1.458778e-03,-6.511402e-03,1.944450e-02,5.950432e-02
1.68750,0.413768,0.519486,2.371623e-01,1.973086e-01,9.522900e-01,1.266800e-01,-1.469709e-03,-6.510533e-03,1.944521e-02,5.951537e-02
1.69000,0.413425,0.519676,2.375009e-01,1.976824e-01,9.522632e-01,1.266837e-01,-1.480637e-03,-6.509636e-03,1.944590e-02,5.952638e-02
1.69250,0.413082,0.519867,2.378393e-01,1.980563e-01,9.522367e-01,1.266875e-01,-1.491495e-03,-6.508931e-03,1.944656e-02,5.953736e-02
1.69500,0.412740,0.520058,2.381772e-01,1.984302e-01,9.522106e-01,1.266912e-01,-1.502262e-03,-6.508510e-03,1.944721e-02,5.954831e-02
1.69750,0.412398,0.520250,2.385148e-01,1.988041e-01,9.521848e-01,1.266949e-01,-1.512978e-03,-6.508328e-03,1.944784e-02,5.955923e-02
1.70000,0.412055,0.520443,2.388521e-01,1.991781e-01,9.521592e-01,1.266987e-01,-1.523667e-03,-6.508320e-03,1.944845e-02,5.957012e-02
1.70250,0.411713,0.520636,2.391890e-01,1.995521e-01,9.521338e-01,1.267024e-01,-1.534326e-03,-6.508589e-03,1.944905e-02,5.958098e-02
1.70500,0.411372,0.520830,2.395255e-01,1.999262e-01,9.521083e-01,1.267062e-01,-1.544924e-03,-6.509195e-03,1.944963e-02,5.959181e-02
1.70750,0.411030,0.521024,2.398616e-01,2.003003e-01,9.520826e-01,1.267099e-01,-1.555502e-03,-6.509967e-03,1.945020e-02,5.960261e-02
1.71000,0.410688,0.521219,2.401975e-01,2.006745e-01,9.520569e-01,1.267137e-01,-1.566079e-03,-6.510848e-03,1.945076e-02,5.961338e-02
1.71250,0.410347,0.521415,2.405329e-01,2.010487e-01,9.520310e-01,1.267175e-01,-1.576645e-03,-6.511866e-03,1.945131e-02,5.962412e-02
1.71500,0.410006,0.521612,2.408680e-01,2.014229e-01,9.520049e-01,1.267212e-01,-1.587171e-03,-6.513080e-03,1.945185e-02,5.963483e-02
1.71750,0.409665,0.521809,2.412027e-01,2.017972e-01,9.519788e-01,1.267250e-01,-1.597685e-03,-6.514403e-03,1.945239e-02,5.964552e-02
1.72000,0.409324,0.522006,2.415371e-01,2.021716e-01,9.519528e-01,1.267287e-01,-1.608214e-03,-6.515813e-03,1.945291e-02,5.965617e-02
1.72250,0.408983,0.522205,2.418711e-01,2.025460e-01,9.519269e-01,1.267325e-01,-1.618794e-03,-6.517170e-03,1.945343e-02,5.966680e-02
1.72500,0.408642,0.522404,2.422048e-01,2.029204e-01,9.519014e-01,1.267363e-01,-1.629443e-03,-6.518368e-03,1.945393e-02,5.967740e-02
1.72750,0.408302,0.522603,2.425381e-01,2.032949e-01,9.518764e-01,1.267400e-01,-1.640144e-03,-6.519373e-03,1.945441e-02,5.968797e-02
1.73000,0.407962,0.522804,2.428710e-01,2.036694e-01,9.518521e-01,1.267438e-01,-1.650879e-03,-6.520129e-03,1.945487e-02,5.969851e-02
1.73250,0.407622,0.523005,2.432036e-01,2.040440e-01,9.518285e-01,1.267476e-01,-1.661646e-03,-6.520632e-03,1.945531e-02,5.970902e-02
1.73500,0.407282,0.523206,2.435359e-01,2.044186e-01,9.518059e-01,1.267513e-01,-1.672454e-03,-6.520879e-03,1.945573e-02,5.971951e-02
1.73750,0.406942,0.523408,2.438678e-01,2.047933e-01,9.517844e-01,1.267551e-01,-1.683247e-03,-6.520974e-03,1.945613e-02,5.972997e-02
1.74000,0.406602,0.523611,2.441993e-01,2.051680e-01,9.517639e-01,1.267589e-01,-1.694010e-03,-6.520937e-03,1.945652e-02,5.974040e-02
1.74250,0.406263,0.523815,2.445305e-01,2.055427e-01,9.517445e-01,1.267627e-01,-1.704720e-03,-6.520735e-03,1.945689e-02,5.975080e-02
1.74500,0.405924,0.524019,2.448613e-01,2.059175e-01,9.517261e-01,1.267664e-01,-1.715404e-03,-6.520360e-03,1.945725e-02,5.976118e-02
1.74750,0.405584,0.524224,2.451918e-01,2.062923e-01,9.517084e-01,1.267702e-01,-1.726058e-03,-6.519861e-03,1.945761e-02,5.977153e-02
1.75000,0.405246,0.524429,2.455219e-01,2.066672e-01,9.516912e-01,1.267740e-01,-1.736675e-03,-6.519203e-03,1.945795e-02,5.978185e-02
1.75250,0.404907,0.524635,2.458516e-01,2.070421e-01,9.516744e-01,1.267778e-01,-1.747227e-03,-6.518400e-03,1.945828e-02,5.979214e-02
1.75500,0.404568,0.524842,2.461810e-01,2.074171e-01,9.516578e-01,1.267816e-01,-1.757692e-03,-6.517499e-03,1.945860e-02,5.980240e-02
1.75750,0.404230,0.525049,2.465101e-01,2.077921e-01,9.516413e-01,1.267854e-01,-1.768081e-03,-6.516508e-03,1.945891e-02,5.981264e-02
1.76000,0.403892,0.525257,2.468388e-01,2.081671e-01,9.516247e-01,1.267891e-01,-1.778455e-03,-6.515373e-03,1.945921e-02,5.982285e-02
1.76250,0.403554,0.525466,2.471671e-01,2.085422e-01,9.516080e-01,1.267929e-01,-1.788877e-03,-6.513965e-03,1.945949e-02,5.983303e-02
1.76500,0.403216,0.525675,2.474951e-01,2.089174e-01,9.515911e-01,1.267967e-01,-1.799391e-03,-6.512366e-03,1.945976e-02,5.984319e-02
1.76750,0.402878,0.525885,2.478228e-01,2.092925e-01,9.515739e-01,1.268005e-01,-1.809976e-03,-6.510691e-03,1.946001e-02,5.985331e-02
1.77000,0.402540,0.526096,2.481500e-01,2.096677e-01,9.515566e-01,1.268043e-01,-1.820609e-03,-6.508975e-03,1.946024e-02,5.986341e-02
1.77250,0.402203,0.526307,2.484770e-01,2.100430e-01,9.515392e-01,1.268081e-01,-1.831255e-03,-6.507173e-03,1.946047e-02,5.987349e-02
1.77500,0.401866,0.526519,2.488036e-01,2.104183e-01,9.515217e-01,1.268119e-01,-1.841872e-03,-6.505262e-03,1.946068e-02,5.988353e-02
1.77750,0.401529,0.526731,2.491298e-01,2.107936e-01,9.515041e-01,1.268157e-01,-1.852418e-03,-6.503311e-03,1.946087e-02,5.989355e-02
1.78000,0.401192,0.526945,2.494557e-01,2.111690e-01,9.514867e-01,1.268195e-01,-1.862896e-03,-6.501435e-03,1.946105e-02,5.990355e-02
1.78250,0.400856,0.527158,2.497812e-01,2.115444e-01,9.514694e-01,1.268233e-01,-1.873325e-03,-6.499793e-03,1.946121e-02,5.991351e-02
1.78500,0.400519,0.527373,2.501064e-01,2.119199e-01,9.514526e-01,1.268271e-01,-1.883739e-03,-6.498531e-03,1.946135e-02,5.992345e-02
1.78750,0.400183,0.527588,2.504312e-01,2.122954e-01,9.514360e-01,1.268309e-01,-1.894147e-03,-6.497555e-03,1.946147e-02,5.993337e-02
1.79000,0.399847,0.527804,2.507557e-01,2.126709e-01,9.514198e-01,1.268347e-01,-1.904528e-03,-6.496790e-03,1.946157e-02,5.994326e-02
1.79250,0.399511,0.528020,2.510868e-01,2.130465e-01,9.514038e-01,1.268385e-01,-1.914869e-03,-6.496279e-03,1.946165e-02,5.995313e-02
1.79500,0.399175,0.528237,2.514217e-01,2.134222e-01,9.513878e-01,1.268423e-01,-1.925247e-03,-6.495930e-03,1.946170e-02,5.996297e-02
1.79750,0.398840,0.528455,2.517562e-01,2.137978e-01,9.513717e-01,1.268462e-01,-1.935662e-03,-6.495617e-03,1.946172e-02,5.997279e-02
1.80000,0.398505,0.528673,2.520904e-01,2.141735e-01,9.513555e-01,1.268500e-01,-1.946119e-03,-6.495315e-03,1.946173e-02,5.998258e-02
1.80250,0.398170,0.528892,2.524243e-01,2.145493e-01,9.513391e-01,1.268538e-01,-1.956626e-03,-6.494997e-03,1.946171e-02,5.999235e-02
1.80500,0.397835,0.529111,2.527578e-01,2.149251e-01,9.513225e-01,1.268576e-01,-1.967186e-03,-6.494684e-03,1.946167e-02,6.000210e-02
1.80750,0.397500,0.529332,2.531938e-01,2.153009e-01,9.513057e-01,1.268614e-01,-1.977832e-03,-6.494317e-03,1.946161e-02,6.001183e-02
1.81000,0.397165,0.529553,2.536300e-01,2.156767e-01,9.512890e-01,1.268652e-01,-1.988540e-03,-6.493918e-03,1.946154e-02,6.002153e-02
1.81250,0.396831,0.529774,2.540663e-01,2.160527e-01,9.512724e-01,1.268691e-01,-1.999308e-03,-6.493363e-03,1.946144e-02,6.003121e-02
1.81500,0.396497,0.529996,2.545026e-01,2.164286e-01,9.512561e-01,1.268729e-01,-2.010073e-03,-6.492643e-03,1.946133e-02,6.004087e-02
1.81750,0.396163,0.530219,2.549389e-01,2.168046e-01,9.512403e-01,1.268767e-01,-2.020822e-03,-6.491796e-03,1.946120e-02,6.005051e-02
1.82000,0.395829,0.530442,2.553795e-01,2.171806e-01,9.512253e-01,1.268805e-01,-2.031522e-03,-6.490894e-03,1.946105e-02,6.006012e-02
1.82250,0.395496,0.530666,2.558241e-01,2.175566e-01,9.512110e-01,1.268843e-01,-2.042193e-03,-6.489774e-03,1.946090e-02,6.006972e-02
1.82500,0.395163,0.530891,2.562689e-01,2.179327e-01,9.511977e-01,1.268882e-01,-2.052804e-03,-6.488486e-03,1.946073e-02,6.007929e-02
1.82750,0.394829,0.531117,2.567137e-01,2.183089e-01,9.511855e-01,1.268920e-01,-2.063363e-03,-6.486950e-03,1.946054e-02,6.008884e-02
1.83000,0.394497,0.531343,2.571585e-01,2.186850e-01,9.511745e-01,1.268958e-01,-2.073874e-03,-6.485215e-03,1.946034e-02,6.009836e-02
1.83250,0.394164,0.531569,2.576034e-01,2.190612e-01,9.511647e-01,1.268996e-01,-2.084394e-03,-6.483267e-03,1.946013e-02,6.010787e-02
1.83500,0.393831,0.531796,2.580483e-01,2.194375e-01,9.511559e-01,1.269035e-01,-2.094947e-03,-6.481034e-03,1.945989e-02,6.011735e-02
1.83750,0.393499,0.532024,2.584933e-01,2.198137e-01,9.511480e-01,1.269073e-01,-2.105504e-03,-6.478512e-03,1.945965e-02,6.012681e-02
1.84000,0.393167,0.532253,2.589383e-01,2.201901e-01,9.511407e-01,1.269111e-01,-2.116046e-03,-6.475712e-03,1.945938e-02,6.013625e-02
1.84250,0.392835,0.532482,2.593834e-01,2.205664e-01,9.511337e-01,1.269150e-01,-2.126560e-03,-6.472816e-03,1.945910e-02,6.014567e-02
1.84500,0.392504,0.532712,2.598284e-01,2.209428e-01,9.511269e-01,1.269188e-01,-2.137058e-03,-6.469879e-03,1.945880e-02,6.015506e-02
1.84750,0.392172,0.532942,2.602736e-01,2.213192e-01,9.511201e-01,1.269226e-01,-2.147646e-03,-6.466773e-03,1.945848e-02,6.016443e-02
1.85000,0.391841,0.533174,2.607187e-01,2.216957e-01,9.511131e-01,1.269265e-01,-2.158351e-03,-6.463391e-03,1.945815e-02,6.017378e-02
1.85250,0.391510,0.533405,2.611639e-01,2.220721e-01,9.511059e-01,1.269303e-01,-2.169138e-03,-6.459790e-03,1.945780e-02,6.018311e-02
1.85500,0.391179,0.533638,2.616091e-01,2.224487e-01,9.510983e-01,1.269341e-01,-2.179961e-03,-6.455993e-03,1.945743e-02,6.019242e-02
1.85750,0.390849,0.533871,2.620543e-01,2.228252e-01,9.510905e-01,1.269380e-01,-2.190765e-03,-6.452173e-03,1.945704e-02,6.020170e-02
1.86000,0.390518,0.534104,2.624995e-01,2.232018e-01,9.510823e-01,1.269418e-01,-2.201513e-03,-6.448303e-03,1.945664e-02,6.021096e-02
1.86250,0.390188,0.534339,2.629447e-01,2.235784e-01,9.510739e-01,1.269456e-01,-2.212241e-03,-6.444278e-03,1.945623e-02,6.022020e-02
1.86500,0.389858,0.534574,2.633900e-01,2.239551e-01,9.510653e-01,1.269495e-01,-2.222959e-03,-6.440263e-03,1.945581e-02,6.022942e-02
1.86750,0.389529,0.534809,2.638353e-01,2.243318e-01,9.510566e-01,1.269533e-01,-2.233647e-03,-6.436366e-03,1.945538e-02,6.023862e-02
1.87000,0.389199,0.535045,2.642805e-01,2.247085e-01,9.510480e-01,1.269572e-01,-2.244281e-03,-6.432771e-03,1.945494e-02,6.024780e-02
1.87250,0.388870,0.535282,2.647258e-01,2.250853e-01,9.510397e-01,1.269610e-01,-2.254883e-03,-6.429593e-03,1.945449e-02,6.025695e-02
1.87500,0.388541,0.535520,2.651710e-01,2.254621e-01,9.510318e-01,1.269648e-01,-2.265422e-03,-6.426900e-03,1.945404e-02,6.026609e-02
1.87750,0.388212,0.535758,2.656163e-01,2.258389e-01,9.510242e-01,1.269687e-01,-2.275945e-03,-6.424548e-03,1.945357e-02,6.027520e-02
1.88000,0.387883,0.535996,2.660616e-01,2.262158e-01,9.510170e-01,1.269725e-01,-2.286453e-03,-6.422529e-03,1.945308e-02,6.028430e-02
1.88250,0.387555,0.536236,2.665068e-01,2.265927e-01,9.510099e-01,1.269764e-01,-2.297001e-03,-6.420792e-03,1.945258e-02,6.029337e-02
1.88500,0.387227,0.536476,2.669520e-01,2.269696e-01,9.510027e-01,1.269802e-01,-2.307621e-03,-6.419066e-03,1.945206e-02,6.030242e-02
1.88750,0.386899,0.536717,2.673973e-01,2.273465e-01,9.509955e-01,1.269841e-01,-2.318244e-03,-6.417312e-03,1.945152e-02,6.031145e-02
1.89000,0.386571,0.536958,2.678425e-01,2.277235e-01,9.509880e-01,1.269879e-01,-2.328836e-03,-6.415549e-03,1.945096e-02,6.032047e-02
1.89250,0.386244,0.537200,2.682876e-01,2.281005e-01,9.509803e-01,1.269918e-01,-2.339423e-03,-6.413787e-03,1.945038e-02,6.032946e-02
1.89500,0.385917,0.537442,2.687328e-01,2.284776e-01,9.509725e-01,1.269956e-01,-2.350035e-03,-6.412113e-03,1.944979e-02,6.033844e-02
1.89750,0.385590,0.537685,2.691779e-01,2.288547e-01,9.509646e-01,1.269995e-01,-2.360750e-03,-6.410427e-03,1.944917e-02,6.034740e-02
1.90000,0.385263,0.537929,2.696231e-01,2.292318e-01,9.509567e-01,1.270033e-01,-2.371562e-03,-6.408640e-03,1.944854e-02,6.035634e-02
1.90250,0.384937,0.538174,2.700681e-01,2.296089e-01,9.509491e-01,1.270072e-01,-2.382441e-03,-6.406755e-03,1.944789e-02,6.036526e-02
1.90500,0.384610,0.538419,2.705132e-01,2.299861e-01,9.509420e-01,1.270110e-01,-2.393374e-03,-6.404753e-03,1.944722e-02,6.037416e-02
1.90750,0.384284,0.538664,2.709582e-01,2.303633e-01,9.509356e-01,1.270149e-01,-2.404347e-03,-6.402612e-03,1.944653e-02,6.038304e-02
1.91000,0.383959,0.538911,2.714032e-01,2.307405e-01,9.509300e-01,1.270187e-01,-2.415361e-03,-6.400212e-03,1.944582e-02,6.039191e-02
1.91250,0.383633,0.539158,2.718552e-01,2.311178e-01,9.509253e-01,1.270226e-01,-2.426354e-03,-6.397650e-03,1.944510e-02,6.040076e-02
1.91500,0.383308,0.539405,2.723091e-01,2.314951e-01,9.509218e-01,1.270264e-01,-2.437346e-03,-6.394842e-03,1.944436e-02,6.040958e-02
1.91750,0.382983,0.539654,2.727631e-01,2.318724e-01,9.509196e-01,1.270303e-01,-2.448351e-03,-6.391861e-03,1.944360e-02,6.041839e-02
1.92000,0.382658,0.539902,2.732171e-01,2.322497e-01,9.509186e-01,1.270341e-01,-2.459386e-03,-6.388653e-03,1.944283e-02,6.042718e-02
1.92250,0.382333,0.540152,2.736711e-01,2.326271e-01,9.509188e-01,1.270380e-01,-2.470508e-03,-6.385146e-03,1.944204e-02,6.043595e-02
1.92500,0.382009,0.540402,2.741251e-01,2.330045e-01,9.509200e-01,1.270418e-01,-2.481711e-03,-6.381273e-03,1.944123e-02,6.044470e-02
1.92750,0.381685,0.540653,2.745792e-01,2.333819e-01,9.509219e-01,1.270457e-01,-2.492930e-03,-6.377134e-03,1.944041e-02,6.045343e-02
1.93000,0.381361,0.540904,2.750332e-01,2.337594e-01,9.509241e-01,1.270495e-01,-2.504092e-03,-6.373005e-03,1.943957e-02,6.046215e-02
1.93250,0.381038,0.541156,2.754872e-01,2.341369e-01,9.509265e-01,1.270534e-01,-2.515197e-03,-6.368967e-03,1.943872e-02,6.047084e-02
1.93500,0.380714,0.541409,2.759412e-01,2.345144e-01,9.509289e-01,1.270572e-01,-2.526283e-03,-6.364847e-03,1.943787e-02,6.047951e-02
1.93750,0.380391,0.541662,2.763952e-01,2.348919e-01,9.509311e-01,1.270611e-01,-2.537326e-03,-6.360532e-03,1.943700e-02,6.048817e-02
1.94000,0.380069,0.541916,2.768492e-01,2.352695e-01,9.509329e-01,1.270649e-01,-2.548340e-03,-6.355985e-03,1.943612e-02,6.049680e-02
1.94250,0.379746,0.542171,2.773031e-01,2.356471e-01,9.509343e-01,1.270688e-01,-2.559330e-03,-6.351109e-03,1.943523e-02,6.050541e-02
1.94500,0.379424,0.542426,2.777571e-01,2.360247e-01,9.509352e-01,1.270726e-01,-2.570330e-03,-6.346052e-03,1.943432e-02,6.051401e-02
1.94750,0.379102,0.542682,2.782110e-01,2.364023e-01,9.509357e-01,1.270765e-01,-2.581372e-03,-6.340787e-03,1.943339e-02,6.052258e-02
1.95000,0.378780,0.542938,2.786650e-01,2.367800e-01,9.509359e-01,1.270803e-01,-2.592443e-03,-6.335330e-03,1.943244e-02,6.053114e-02
1.95250,0.378458,0.543195,2.791188e-01,2.371576e-01,9.509358e-01,1.270842e-01,-2.603553e-03,-6.329762e-03,1.943147e-02,6.053968e-02
1.95500,0.378137,0.543453,2.795727e-01,2.375353e-01,9.509356e-01,1.270881e-01,-2.614702e-03,-6.324252e-03,1.943048e-02,6.054820e-02
1.95750,0.377816,0.543711,2.800265e-01,2.379131e-01,9.509355e-01,1.270919e-01,-2.625857e-03,-6.319015e-03,1.942947e-02,6.055670e-02
1.96000,0.377495,0.543970,2.804803e-01,2.382908e-01,9.509357e-01,1.270958e-01,-2.637011e-03,-6.314200e-03,1.942845e-02,6.056518e-02
1.96250,0.377175,0.544229,2.809371e-01,2.386686e-01,9.509363e-01,1.270996e-01,-2.648214e-03,-6.309801e-03,1.942741e-02,6.057365e-02
1.96500,0.376855,0.544489,2.814005e-01,2.390464e-01,9.509374e-01,1.271035e-01,-2.659465e-03,-6.305772e-03,1.942635e-02,6.058209e-02
1.96750,0.376535,0.544750,2.818639e-01,2.394242e-01,9.509109e-01,1.271073e-01,-2.670707e-03,-6.302020e-03,1.942528e-02,6.059052e-02
1.97000,0.376215,0.545012,2.823273e-01,2.398021e-01,9.508696e-01,1.271112e-01,-2.681905e-03,-6.298486e-03,1.942419e-02,6.059894e-02
1.97250,0.375896,0.545274,2.827907e-01,2.401799e-01,9.508288e-01,1.271151e-01,-2.693029e-03,-6.295046e-03,1.942309e-02,6.060733e-02
1.97500,0.375576,0.545536,2.832542e-01,2.405578e-01,9.507883e-01,1.271189e-01,-2.704143e-03,-6.291595e-03,1.942198e-02,6.061571e-02
1.97750,0.375258,0.545800,2.837176e-01,2.409357e-01,9.507482e-01,1.271228e-01,-2.715198e-03,-6.288222e-03,1.942086e-02,6.062407e-02
1.98000,0.374939,0.546063,2.841811e-01,2.413137e-01,9.507083e-01,1.271266e-01,-2.726228e-03,-6.284953e-03,1.941973e-02,6.063242e-02
1.98250,0.374621,0.546328,2.846445e-01,2.416916e-01,9.506687e-01,1.271305e-01,-2.737286e-03,-6.281674e-03,1.941858e-02,6.064075e-02
1.98500,0.374303,0.546593,2.851079e-01,2.420696e-01,9.506292e-01,1.271343e-01,-2.748398e-03,-6.278238e-03,1.941741e-02,6.064907e-02
1.98750,0.373985,0.546859,2.855713e-01,2.424476e-01,9.505896e-01,1.271382e-01,-2.759538e-03,-6.274593e-03,1.941623e-02,6.065736e-02
1.99000,0.373667,0.547125,2.860347e-01,2.428256e-01,9.505501e-01,1.271420e-01,-2.770708e-03,-6.270738e-03,1.941503e-02,6.066565e-02
1.99250,0.373350,0.547392,2.864981e-01,2.432036e-01,9.505106e-01,1.271459e-01,-2.781940e-03,-6.266619e-03,1.941381e-02,6.067391e-02
1.99500,0.373033,0.547660,2.869614e-01,2.435817e-01,9.504711e-01,1.271497e-01,-2.793230e-03,-6.262185e-03,1.941257e-02,6.068216e-02
1.99750,0.372716,0.547928,2.874247e-01,2.439597e-01,9.504317e-01,1.271536e-01,-2.804513e-03,-6.257444e-03,1.941131e-02,6.069040e-02
2.00000,0.372400,0.548197,2.878880e-01,2.443378e-01,9.503923e-01,1.271574e-01,-2.815741e-03,-6.252502e-03,1.941003e-02,6.069862e-02
2.00250,0.372084,0.548466,2.883513e-01,2.447159e-01,9.503530e-01,1.271613e-01,-2.826862e-03,-6.247424e-03,1.940874e-02,6.070682e-02
2.00500,0.371768,0.548736,2.888145e-01,2.450940e-01,9.503136e-01,1.271652e-01,-2.837890e-03,-6.242224e-03,1.940743e-02,6.071501e-02
2.00750,0.371452,0.549007,2.892777e-01,2.454721e-01,9.502742e-01,1.271690e-01,-2.848973e-03,-6.236722e-03,1.940611e-02,6.072318e-02
2.01000,0.371137,0.549278,2.897408e-01,2.458503e-01,9.502348e-01,1.271729e-01,-2.860236e-03,-6.230797e-03,1.940477e-02,6.073133e-02
2.01250,0.370822,0.549550,2.902039e-01,2.462284e-01,9.501956e-01,1.271767e-01,-2.871663e-03,-6.224611e-03,1.940340e-02,6.073947e-02
2.01500,0.370507,0.549823,2.906669e-01,2.466066e-01,9.501566e-01,1.271806e-01,-2.883144e-03,-6.218422e-03,1.940201e-02,6.074759e-02
2.01750,0.370193,0.550096,2.911299e-01,2.469848e-01,9.501178e-01,1.271844e-01,-2.894726e-03,-6.212203e-03,1.940060e-02,6.075569e-02
2.02000,0.369879,0.550369,2.915928e-01,2.473630e-01,9.500792e-01,1.271883e-01,-2.906441e-03,-6.205818e-03,1.939917e-02,6.076378e-02
2.02250,0.369565,0.550644,2.920556e-01,2.477412e-01,9.500407e-01,1.271921e-01,-2.918280e-03,-6.199204e-03,1.939772e-02,6.077185e-02
2.02500,0.369252,0.550919,2.925184e-01,2.481195e-01,9.500024e-01,1.271960e-01,-2.930216e-03,-6.192422e-03,1.939625e-02,6.077990e-02
2.02750,0.368938,0.551194,2.929811e-01,2.484977e-01,9.499642e-01,1.271998e-01,-2.942290e-03,-6.185374e-03,1.939477e-02,6.078793e-02
2.03000,0.368625,0.551471,2.934437e-01,2.488760e-01,9.499259e-01,1.272037e-01,-2.954489e-03,-6.178100e-03,1.939326e-02,6.079595e-02
2.03250,0.368313,0.551747,2.939063e-01,2.492542e-01,9.498877e-01,1.272075e-01,-2.966808e-03,-6.170631e-03,1.939173e-02,6.080395e-02
2.03500,0.368000,0.552025,2.943687e-01,2.496325e-01,9.498496e-01,1.272114e-01,-2.979137e-03,-6.163096e-03,1.939019e-02,6.081193e-02
2.03750,0.367688,0.552303,2.948311e-01,2.500108e-01,9.498118e-01,1.272152e-01,-2.991375e-03,-6.155644e-03,1.938865e-02,6.081989e-02
2.04000,0.367377,0.552581,2.952933e-01,2.503891e-01,9.497742e-01,1.272191e-01,-3.003459e-03,-6.148500e-03,1.938710e-02,6.082784e-02
2.04250,0.367065,0.552861,2.957555e-01,2.507674e-01,9.497370e-01,1.272229e-01,-3.015419e-03,-6.141830e-03,1.938555e-02,6.083577e-02
2.04500,0.366754,0.553140,2.962176e-01,2.511457e-01,9.497000e-01,1.272267e-01,-3.027347e-03,-6.135635e-03,1.938399e-02,6.084368e-02
2.04750,0.366443,0.553421,2.966795e-01,2.515241e-01,9.496633e-01,1.272306e-01,-3.039164e-03,-6.129955e-03,1.938243e-02,6.085157e-02
2.05000,0.366133,0.553702,2.971413e-01,2.519024e-01,9.496270e-01,1.272344e-01,-3.050877e-03,-6.124673e-03,1.938086e-02,6.085944e-02
2.05250,0.365822,0.553984,2.976030e-01,2.522807e-01,9.495910e-01,1.272383e-01,-3.062607e-03,-6.119574e-03,1.937927e-02,6.086730e-02
2.05500,0.365512,0.554266,2.980646e-01,2.526591e-01,9.495555e-01,1.272421e-01,-3.074382e-03,-6.114573e-03,1.937767e-02,6.087514e-02
2.05750,0.365203,0.554549,2.985261e-01,2.530375e-01,9.495205e-01,1.272460e-01,-3.086208e-03,-6.109625e-03,1.937605e-02,6.088296e-02
2.06000,0.364893,0.554832,2.989874e-01,2.534158e-01,9.494859e-01,1.272498e-01,-3.098073e-03,-6.104643e-03,1.937441e-02,6.089077e-02
2.06250,0.364584,0.555116,2.994486e-01,2.537942e-01,9.494517e-01,1.272536e-01,-3.110012e-03,-6.099634e-03,1.937276e-02,6.089856e-02
2.06500,0.364276,0.555401,2.999097e-01,2.541726e-01,9.494178e-01,1.272575e-01,-3.122000e-03,-6.094671e-03,1.937109e-02,6.090633e-02
2.06750,0.363967,0.555686,3.003706e-01,2.545510e-01,9.493842e-01,1.272613e-01,-3.134043e-03,-6.089742e-03,1.936940e-02,6.091408e-02
2.07000,0.363659,0.555972,3.008313e-01,2.549294e-01,9.493507e-01,1.272652e-01,-3.146180e-03,-6.084636e-03,1.936770e-02,6.092182e-02
2.07250,0.363351,0.556258,3.012919e-01,2.553078e-01,9.493171e-01,1.272690e-01,-3.158480e-03,-6.079259e-03,1.936598e-02,6.092954e-02
2.07500,0.363044,0.556545,3.017523e-01,2.556862e-01,9.492835e-01,1.272728e-01,-3.170914e-03,-6.073671e-03,1.936423e-02,6.093725e-02
2.07750,0.362737,0.556833,3.022125e-01,2.560646e-01,9.492498e-01,1.272767e-01,-3.183411e-03,-6.067700e-03,1.936247e-02,6.094494e-02
2.08000,0.362430,0.557121,3.026726e-01,2.564430e-01,9.492162e-01,1.272805e-01,-3.195862e-03,-6.061408e-03,1.936070e-02,6.095261e-02
2.08250,0.362124,0.557410,3.031325e-01,2.568214e-01,9.491826e-01,1.272843e-01,-3.208134e-03,-6.054984e-03,1.935892e-02,6.096027e-02
2.08500,0.361817,0.557700,3.035922e-01,2.571998e-01,9.491492e-01,1.272882e-01,-3.220250e-03,-6.048467e-03,1.935713e-02,6.096791e-02
2.08750,0.361512,0.557990,3.040517e-01,2.575782e-01,9.491157e-01,1.272920e-01,-3.232307e-03,-6.041672e-03,1.935534e-02,6.097553e-02
2.09000,0.361206,0.558280,3.045109e-01,2.579566e-01,9.490823e-01,1.272958e-01,-3.244318e-03,-6.034750e-03,1.935354e-02,6.098313e-02
2.09250,0.360901,0.558572,3.049700e-01,2.583350e-01,9.490489e-01,1.272997e-01,-3.256286e-03,-6.027676e-03,1.935172e-02,6.099072e-02
2.09500,0.360596,0.558863,3.054289e-01,2.587134e-01,9.490157e-01,1.273035e-01,-3.268228e-03,-6.020345e-03,1.934990e-02,6.099829e-02
2.09750,0.360291,0.559156,3.058876e-01,2.590918e-01,9.489827e-01,1.273073e-01,-3.280203e-03,-6.012668e-03,1.934807e-02,6.100584e-02
2.10000,0.359987,0.559449,3.063460e-01,2.594703e-01,9.489499e-01,1.273111e-01,-3.292268e-03,-6.004792e-03,1.934622e-02,6.101338e-02
2.10250,0.359683,0.559742,3.068042e-01,2.598487e-01,9.489175e-01,1.273150e-01,-3.304458e-03,-5.996847e-03,1.934435e-02,6.102089e-02
2.10500,0.359380,0.560037,3.072622e-01,2.602271e-01,9.488854e-01,1.273188e-01,-3.316784e-03,-5.988780e-03,1.934247e-02,6.102839e-02
2.10750,0.359077,0.560331,3.077199e-01,2.606055e-01,9.488535e-01,1.273226e-01,-3.329239e-03,-5.980536e-03,1.934058e-02,6.103587e-02
2.11000,0.358774,0.560627,3.081774e-01,2.609839e-01,9.488219e-01,1.273264e-01,-3.341793e-03,-5.972050e-03,1.933867e-02,6.104334e-02
2.11250,0.358471,0.560923,3.086447e-01,2.613623e-01,9.487904e-01,1.273302e-01,-3.354386e-03,-5.963369e-03,1.933675e-02,6.105078e-02
2.11500,0.358169,0.561219,3.091137e-01,2.617406e-01,9.487588e-01,1.273341e-01,-3.367091e-03,-5.954334e-03,1.933481e-02,6.105821e-02
2.11750,0.357867,0.561516,3.095825e-01,2.621190e-01,9.487274e-01,1.273379e-01,-3.379892e-03,-5.945022e-03,1.933284e-02,6.106561e-02
2.12000,0.357566,0.561814,3.100512e-01,2.624974e-01,9.486961e-01,1.273417e-01,-3.392768e-03,-5.935722e-03,1.933086e-02,6.107300e-02
2.12250,0.357264,0.562113,3.105196e-01,2.628758e-01,9.486650e-01,1.273455e-01,-3.405711e-03,-5.926505e-03,1.932886e-02,6.108037e-02
2.12500,0.356963,0.562411,3.109879e-01,2.632542e-01,9.486341e-01,1.273493e-01,-3.418737e-03,-5.917411e-03,1.932685e-02,6.108773e-02
2.12750,0.356663,0.562711,3.114560e-01,2.636325e-01,9.486037e-01,1.273532e-01,-3.431933e-03,-5.908586e-03,1.932481e-02,6.109506e-02
2.13000,0.356363,0.563011,3.119239e-01,2.640109e-01,9.485735e-01,1.273570e-01,-3.445328e-03,-5.900100e-03,1.932275e-02,6.110238e-02
2.13250,0.356063,0.563312,3.123916e-01,2.643892e-01,9.485437e-01,1.273608e-01,-3.458845e-03,-5.892022e-03,1.932067e-02,6.110968e-02
2.13500,0.355763,0.563613,3.128694e-01,2.647675e-01,9.485142e-01,1.273646e-01,-3.472464e-03,-5.884340e-03,1.931857e-02,6.111696e-02
2.13750,0.355464,0.563915,3.133488e-01,2.651459e-01,9.484851e-01,1.273684e-01,-3.486233e-03,-5.876947e-03,1.931646e-02,6.112422e-02
2.14000,0.355166,0.564217,3.138281e-01,2.655242e-01,9.484566e-01,1.273722e-01,-3.500153e-03,-5.869661e-03,1.931433e-02,6.113147e-02
2.14250,0.354867,0.564520,3.143073e-01,2.659025e-01,9.484287e-01,1.273760e-01,-3.514178e-03,-5.862517e-03,1.931218e-02,6.113869e-02
2.14500,0.354569,0.564823,3.147863e-01,2.662808e-01,9.484013e-01,1.273798e-01,-3.528330e-03,-5.855485e-03,1.931002e-02,6.114590e-02
2.14750,0.354271,0.565128,3.152652e-01,2.666590e-01,9.483743e-01,1.273836e-01,-3.542531e-03,-5.848420e-03,1.930783e-02,6.115309e-02
2.15000,0.353974,0.565432,3.157439e-01,2.670373e-01,9.483477e-01,1.273874e-01,-3.556717e-03,-5.841340e-03,1.930563e-02,6.116026e-02
2.15250,0.353677,0.565738,3.162225e-01,2.674155e-01,9.483213e-01,1.273912e-01,-3.570825e-03,-5.834340e-03,1.930343e-02,6.116741e-02
2.15500,0.353380,0.566043,3.167009e-01,2.677938e-01,9.482950e-01,1.273950e-01,-3.584830e-03,-5.827315e-03,1.930121e-02,6.117454e-02
2.15750,0.353084,0.566350,3.171792e-01,2.681720e-01,9.482685e-01,1.273988e-01,-3.598775e-03,-5.820110e-03,1.929899e-02,6.118166e-02
2.16000,0.352788,0.566657,3.176573e-01,2.685502e-01,9.482419e-01,1.274026e-01,-3.612747e-03,-5.812623e-03,1.929676e-02,6.118875e-02
2.16250,0.352493,0.566964,3.181352e-01,2.689283e-01,9.482150e-01,1.274064e-01,-3.626843e-03,-5.804745e-03,1.929451e-02,6.119582e-02
2.16500,0.352197,0.567272,3.186129e-01,2.693065e-01,9.481881e-01,1.274102e-01,-3.640985e-03,-5.796403e-03,1.929224e-02,6.120288e-02
2.16750,0.351903,0.567581,3.190905e-01,2.696846e-01,9.481610e-01,1.274140e-01,-3.655137e-03,-5.787702e-03,1.928996e-02,6.120991e-02
2.17000,0.351608,0.567890,3.195679e-01,2.700628e-01,9.481339e-01,1.274178e-01,-3.669301e-03,-5.778697e-03,1.928767e-02,6.121693e-02
2.17250,0.351314,0.568200,3.200450e-01,2.704409e-01,9.481067e-01,1.274216e-01,-3.683499e-03,-5.769360e-03,1.928537e-02,6.122392e-02
2.17500,0.351020,0.568511,3.205220e-01,2.708189e-01,9.480792e-01,1.274254e-01,-3.697737e-03,-5.759825e-03,1.928304e-02,6.123090e-02
2.17750,0.350727,0.568822,3.209987e-01,2.711970e-01,9.480517e-01,1.274292e-01,-3.711982e-03,-5.750143e-03,1.928071e-02,6.123785e-02
2.18000,0.350434,0.569133,3.214752e-01,2.715750e-01,9.480242e-01,1.274329e-01,-3.726349e-03,-5.740146e-03,1.927837e-02,6.124478e-02
2.18250,0.350141,0.569445,3.219515e-01,2.719530e-01,9.479968e-01,1.274367e-01,-3.740871e-03,-5.729838e-03,1.927601e-02,6.125169e-02
2.18500,0.349849,0.569758,3.224275e-01,2.723310e-01,9.479696e-01,1.274405e-01,-3.755369e-03,-5.719374e-03,1.927364e-02,6.125859e-02
2.18750,0.349557,0.570071,3.229033e-01,2.727090e-01,9.479426e-01,1.274443e-01,-3.769727e-03,-5.708841e-03,1.927126e-02,6.126546e-02
2.19000,0.349266,0.570385,3.233788e-01,2.730869e-01,9.479158e-01,1.274480e-01,-3.783995e-03,-5.698140e-03,1.926889e-02,6.127231e-02
2.19250,0.348975,0.570699,3.238541e-01,2.734648e-01,9.478891e-01,1.274518e-01,-3.798159e-03,-5.687277e-03,1.926651e-02,6.127914e-02
2.19500,0.348684,0.571014,3.243291e-01,2.738427e-01,9.478626e-01,1.274556e-01,-3.812195e-03,-5.676305e-03,1.926413e-02,6.128594e-02
2.19750,0.348394,0.571330,3.248038e-01,2.742205e-01,9.478359e-01,1.274594e-01,-3.826217e-03,-5.665224e-03,1.926174e-02,6.129273e-02
2.20000,0.348104,0.571646,3.252783e-01,2.745983e-01,9.478093e-01,1.274631e-01,-3.840337e-03,-5.653790e-03,1.925935e-02,6.129949e-02
2.20250,0.347814,0.571962,3.257524e-01,2.749761e-01,9.477825e-01,1.274669e-01,-3.854494e-03,-5.642152e-03,1.925695e-02,6.130624e-02
2.20500,0.347525,0.572280,3.262263e-01,2.753539e-01,9.477558e-01,1.274707e-01,-3.868712e-03,-5.630464e-03,1.925453e-02,6.131296e-02
2.20750,0.347236,0.572597,3.266999e-01,2.757316e-01,9.477293e-01,1.274745e-01,-3.883053e-03,-5.618825e-03,1.925210e-02,6.131966e-02
2.21000,0.346948,0.572915,3.271731e-01,2.761093e-01,9.477031e-01,1.274782e-01,-3.897533e-03,-5.607427e-03,1.924965e-02,6.132634e-02
2.21250,0.346660,0.573234,3.276461e-01,2.764869e-01,9.476771e-01,1.274820e-01,-3.912106e-03,-5.596403e-03,1.924719e-02,6.133300e-02
2.21500,0.346372,0.573554,3.281187e-01,2.768646e-01,9.476515e-01,1.274857e-01,-3.926797e-03,-5.585815e-03,1.924473e-02,6.133963e-02
2.21750,0.346085,0.573874,3.285910e-01,2.772421e-01,9.476261e-01,1.274895e-01,-3.941641e-03,-5.575613e-03,1.924226e-02,6.134625e-02
2.22000,0.345798,0.574194,3.290630e-01,2.776197e-01,9.476011e-01,1.274933e-01,-3.956654e-03,-5.565739e-03,1.923978e-02,6.135284e-02
2.22250,0.345512,0.574515,3.295346e-01,2.779972e-01,9.475767e-01,1.274970e-01,-3.971805e-03,-5.556128e-03,1.923729e-02,6.135941e-02
2.22500,0.345226,0.574837,3.300058e-01,2.783747e-01,9.475528e-01,1.275008e-01,-3.987072e-03,-5.546719e-03,1.923478e-02,6.136596e-02
2.22750,0.344940,0.575159,3.304767e-01,2.787521e-01,9.475296e-01,1.275045e-01,-4.002421e-03,-5.537533e-03,1.923227e-02,6.137249e-02
2.23000,0.344655,0.575481,3.309472e-01,2.791295e-01,9.475069e-01,1.275083e-01,-4.017865e-03,-5.528530e-03,1.922974e-02,6.137900e-02
2.23250,0.344370,0.575804,3.314174e-01,2.795069e-01,9.474847e-01,1.275120e-01,-4.033354e-03,-5.519731e-03,1.922720e-02,6.138548e-02
2.23500,0.344086,0.576128,3.318871e-01,2.798842e-01,9.474630e-01,1.275158e-01,-4.048990e-03,-5.510961e-03,1.922465e-02,6.139194e-02
2.23750,0.343802,0.576452,3.323565e-01,2.802615e-01,9.474414e-01,1.275195e-01,-4.064932e-03,-5.502010e-03,1.922208e-02,6.139837e-02
2.24000,0.343518,0.576777,3.328254e-01,2.806387e-01,9.474199e-01,1.275233e-01,-4.081155e-03,-5.492709e-03,1.921948e-02,6.140479e-02
2.24250,0.343235,0.577103,3.332940e-01,2.810159e-01,9.473983e-01,1.275270e-01,-4.097576e-03,-5.483025e-03,1.921686e-02,6.141118e-02
2.24500,0.342952,0.577428,3.337621e-01,2.813930e-01,9.473765e-01,1.275308e-01,-4.114144e-03,-5.472826e-03,1.921421e-02,6.141754e-02
2.24750,0.342670,0.577755,3.342298e-01,2.817701e-01,9.473547e-01,1.275345e-01,-4.130793e-03,-5.462163e-03,1.921154e-02,6.142388e-02
2.25000,0.342388,0.578082,3.346971e-01,2.821472e-01,9.473329e-01,1.275382e-01,-4.147552e-03,-5.451080e-03,1.920886e-02,6.143020e-02
2.25250,0.342106,0.578409,3.351639e-01,2.825241e-01,9.473111e-01,1.275420e-01,-4.164378e-03,-5.439683e-03,1.920616e-02,6.143649e-02
2.25500,0.341825,0.578737,3.356303e-01,2.829011e-01,9.472894e-01,1.275457e-01,-4.181217e-03,-5.428159e-03,1.920345e-02,6.144275e-02
2.25750,0.341545,0.579066,3.360962e-01,2.832780e-01,9.472677e-01,1.275494e-01,-4.198181e-03,-5.416482e-03,1.920073e-02,6.144899e-02
2.26000,0.341264,0.579395,3.365616e-01,2.836548e-01,9.472459e-01,1.275532e-01,-4.215178e-03,-5.404708e-03,1.919800e-02,6.145520e-02
2.26250,0.340985,0.579725,3.370266e-01,2.840316e-01,9.472243e-01,1.275569e-01,-4.232085e-03,-5.392739e-03,1.919526e-02,6.146139e-02
2.26500,0.340705,0.580055,3.375041e-01,2.844083e-01,9.472029e-01,1.275606e-01,-4.248936e-03,-5.380482e-03,1.919252e-02,6.146754e-02
2.26750,0.340426,0.580386,3.379830e-01,2.847850e-01,9.471820e-01,1.275643e-01,-4.265738e-03,-5.368037e-03,1.918977e-02,6.147367e-02
2.27000,0.340148,0.580717,3.384616e-01,2.851616e-01,9.471614e-01,1.275681e-01,-4.282488e-03,-5.355553e-03,1.918702e-02,6.147976e-02
2.27250,0.339870,0.581048,3.389397e-01,2.855382e-01,9.471413e-01,1.275718e-01,-4.299057e-03,-5.342909e-03,1.918427e-02,6.148583e-02
2.27500,0.339592,0.581381,3.394175e-01,2.859147e-01,9.471216e-01,1.275755e-01,-4.315448e-03,-5.330066e-03,1.918152e-02,6.149187e-02
2.27750,0.339315,0.581714,3.398949e-01,2.862912e-01,9.471020e-01,1.275792e-01,-4.331806e-03,-5.316969e-03,1.917877e-02,6.149787e-02
2.28000,0.339038,0.582047,3.403719e-01,2.866676e-01,9.470827e-01,1.275829e-01,-4.348219e-03,-5.303570e-03,1.917601e-02,6.150385e-02
2.28250,0.338762,0.582381,3.408485e-01,2.870439e-01,9.470634e-01,1.275866e-01,-4.364703e-03,-5.289923e-03,1.917323e-02,6.150980e-02
2.28500,0.338486,0.582715,3.413246e-01,2.874201e-01,9.470440e-01,1.275903e-01,-4.381219e-03,-5.276093e-03,1.917044e-02,6.151572e-02
2.28750,0.338210,0.583050,3.418052e-01,2.877963e-01,9.470247e-01,1.275940e-01,-4.397742e-03,-5.262316e-03,1.916764e-02,6.152160e-02
2.29000,0.337935,0.583385,3.422955e-01,2.881725e-01,9.470056e-01,1.275977e-01,-4.414291e-03,-5.248646e-03,1.916483e-02,6.152746e-02
2.29250,0.337661,0.583721,3.427855e-01,2.885485e-01,9.469866e-01,1.276014e-01,-4.430890e-03,-5.234971e-03,1.916201e-02,6.153328e-02
2.29500,0.337386,0.584058,3.432752e-01,2.889245e-01,9.469678e-01,1.276051e-01,-4.447573e-03,-5.221339e-03,1.915918e-02,6.153908e-02
2.29750,0.337113,0.584395,3.437646e-01,2.893005e-01,9.469493e-01,1.276088e-01,-4.464226e-03,-5.207938e-03,1.915634e-02,6.154485e-02
2.30000,0.336840,0.584732,3.442536e-01,2.896763e-01,9.469310e-01,1.276125e-01,-4.480714e-03,-5.195021e-03,1.915351e-02,6.155058e-02
2.30250,0.336567,0.585070,3.447422e-01,2.900521e-01,9.469130e-01,1.276162e-01,-4.497117e-03,-5.182644e-03,1.915068e-02,6.155629e-02
2.30500,0.336294,0.585408,3.452305e-01,2.904279e-01,9.468953e-01,1.276199e-01,-4.513454e-03,-5.170713e-03,1.914785e-02,6.156197e-02
2.30750,0.336023,0.585747,3.457184e-01,2.908035e-01,9.468781e-01,1.276236e-01,-4.529818e-03,-5.158949e-03,1.914503e-02,6.156762e-02
2.31000,0.335751,0.586087,3.462059e-01,2.911791e-01,9.468615e-01,1.276273e-01,-4.546339e-03,-5.147174e-03,1.914219e-02,6.157323e-02
2.31250,0.335480,0.586427,3.466930e-01,2.915546e-01,9.468454e-01,1.276310e-01,-4.562971e-03,-5.135357e-03,1.913934e-02,6.157882e-02
2.31500,0.335210,0.586767,3.471797e-01,2.919300e-01,9.468298e-01,1.276346e-01,-4.579605e-03,-5.123539e-03,1.913648e-02,6.158438e-02
2.31750,0.334940,0.587108,3.476660e-01,2.923054e-01,9.468145e-01,1.276383e-01,-4.596285e-03,-5.111759e-03,1.913361e-02,6.158991e-02
2.32000,0.334670,0.587450,3.481519e-01,2.926807e-01,9.467995e-01,1.276420e-01,-4.613055e-03,-5.099889e-03,1.913073e-02,6.159542e-02
2.32250,0.334401,0.587792,3.486374e-01,2.930559e-01,9.467844e-01,1.276457e-01,-4.629848e-03,-5.087823e-03,1.912784e-02,6.160089e-02
2.32500,0.334132,0.588134,3.491224e-01,2.934310e-01,9.467690e-01,1.276493e-01,-4.646639e-03,-5.075578e-03,1.912494e-02,6.160634e-02
2.32750,0.333864,0.588477,3.496069e-01,2.938060e-01,9.467532e-01,1.276530e-01,-4.663482e-03,-5.062973e-03,1.912204e-02,6.161175e-02
2.33000,0.333596,0.588821,3.500910e-01,2.941810e-01,9.467372e-01,1.276566e-01,-4.680569e-03,-5.049878e-03,1.911913e-02,6.161714e-02
2.33250,0.333329,0.589165,3.505747e-01,2.945559e-01,9.467210e-01,1.276603e-01,-4.697843e-03,-5.036474e-03,1.911621e-02,6.162249e-02
2.33500,0.333062,0.589509,3.510578e-01,2.949306e-01,9.467046e-01,1.276640e-01,-4.715186e-03,-5.022787e-03,1.911328e-02,6.162782e-02
2.33750,0.332796,0.589854,3.515405e-01,2.953053e-01,9.466882e-01,1.276676e-01,-4.732529e-03,-5.008946e-03,1.911034e-02,6.163311e-02
2.34000,0.332530,0.590200,3.520226e-01,2.956800e-01,9.466716e-01,1.276713e-01,-4.749971e-03,-4.994847e-03,1.910740e-02,6.163837e-02
2.34250,0.332265,0.590546,3.525043e-01,2.960545e-01,9.466549e-01,1.276749e-01,-4.767576e-03,-4.980430e-03,1.910444e-02,6.164360e-02
2.34500,0.332000,0.590892,3.529855e-01,2.964289e-01,9.466382e-01,1.276786e-01,-4.785352e-03,-4.965750e-03,1.910147e-02,6.164880e-02
2.34750,0.331736,0.591239,3.534661e-01,2.968033e-01,9.466217e-01,1.276822e-01,-4.803252e-03,-4.950937e-03,1.909849e-02,6.165396e-02
2.35000,0.331472,0.591587,3.539462e-01,2.971775e-01,9.466056e-01,1.276858e-01,-4.821463e-03,-4.935884e-03,1.909549e-02,6.165908e-02
2.35250,0.331209,0.591935,3.544258e-01,2.975517e-01,9.465901e-01,1.276895e-01,-4.840031e-03,-4.920575e-03,1.909248e-02,6.166418e-02
2.35500,0.330946,0.592283,3.549048e-01,2.979258e-01,9.465751e-01,1.276931e-01,-4.858878e-03,-4.905050e-03,1.908946e-02,6.166923e-02
2.35750,0.330683,0.592632,3.553832e-01,2.982997e-01,9.465605e-01,1.276967e-01,-4.877933e-03,-4.889274e-03,1.908642e-02,6.167425e-02
2.36000,0.330421,0.592981,3.558610e-01,2.986736e-01,9.465464e-01,1.277004e-01,-4.897160e-03,-4.873262e-03,1.908337e-02,6.167924e-02
2.36250,0.330160,0.593331,3.563383e-01,2.990474e-01,9.465325e-01,1.277040e-01,-4.916565e-03,-4.857118e-03,1.908031e-02,6.168418e-02
2.36500,0.329899,0.593681,3.568149e-01,2.994211e-01,9.465188e-01,1.277076e-01,-4.936167e-03,-4.840771e-03,1.907723e-02,6.168909e-02
2.36750,0.329639,0.594032,3.572910e-01,2.997947e-01,9.465050e-01,1.277113e-01,-4.955845e-03,-4.824211e-03,1.907414e-02,6.169396e-02
2.37000,0.329379,0.594383,3.577664e-01,3.001681e-01,9.464912e-01,1.277149e-01,-4.975557e-03,-4.807528e-03,1.907104e-02,6.169879e-02
2.37250,0.329119,0.594735,3.582411e-01,3.005415e-01,9.464640e-01,1.277185e-01,-4.995340e-03,-4.790956e-03,1.906793e-02,6.170358e-02
2.37500,0.328860,0.595087,3.587153e-01,3.009148e-01,9.464345e-01,1.277221e-01,-5.015324e-03,-4.774549e-03,1.906481e-02,6.170833e-02
2.37750,0.328602,0.595440,3.591887e-01,3.012880e-01,9.464048e-01,1.277257e-01,-5.035533e-03,-4.758148e-03,1.906168e-02,6.171304e-02
2.38000,0.328344,0.595793,3.596615e-01,3.016610e-01,9.463749e-01,1.277293e-01,-5.055853e-03,-4.741758e-03,1.905854e-02,6.171771e-02
2.38250,0.328087,0.596147,3.601336e-01,3.020340e-01,9.463449e-01,1.277329e-01,-5.076121e-03,-4.725714e-03,1.905539e-02,6.172234e-02
2.38500,0.327830,0.596501,3.606050e-01,3.024068e-01,9.463147e-01,1.277365e-01,-5.096304e-03,-4.710119e-03,1.905224e-02,6.172692e-02
2.38750,0.327574,0.596855,3.610756e-01,3.027795e-01,9.462843e-01,1.277401e-01,-5.116431e-03,-4.694832e-03,1.904910e-02,6.173146e-02
2.39000,0.327318,0.597210,3.615456e-01,3.031521e-01,9.462539e-01,1.277437e-01,-5.136584e-03,-4.679711e-03,1.904596e-02,6.173596e-02
2.39250,0.327062,0.597566,3.620148e-01,3.035246e-01,9.462235e-01,1.277473e-01,-5.156728e-03,-4.664775e-03,1.904282e-02,6.174042e-02
2.39500,0.326808,0.597922,3.624832e-01,3.038970e-01,9.461934e-01,1.277509e-01,-5.176883e-03,-4.649952e-03,1.903969e-02,6.174483e-02
2.39750,0.326553,0.598278,3.629509e-01,3.042693e-01,9.461635e-01,1.277545e-01,-5.197117e-03,-4.635198e-03,1.903655e-02,6.174921e-02
2.40000,0.326300,0.598635,3.634178e-01,3.046414e-01,9.461339e-01,1.277581e-01,-5.217395e-03,-4.620399e-03,1.903342e-02,6.175354e-02
2.40250,0.326046,0.598992,3.638839e-01,3.050134e-01,9.461046e-01,1.277617e-01,-5.237690e-03,-4.605593e-03,1.903029e-02,6.175783e-02
2.40500,0.325794,0.599350,3.643650e-01,3.053853e-01,9.460756e-01,1.277653e-01,-5.258014e-03,-4.590689e-03,1.902717e-02,6.176208e-02
2.40750,0.325542,0.599708,3.648482e-01,3.057571e-01,9.460466e-01,1.277688e-01,-5.278324e-03,-4.575639e-03,1.902404e-02,6.176628e-02
2.41000,0.325290,0.600067,3.653307e-01,3.061288e-01,9.460176e-01,1.277724e-01,-5.298571e-03,-4.560438e-03,1.902092e-02,6.177045e-02
2.41250,0.325039,0.600426,3.658126e-01,3.065003e-01,9.459885e-01,1.277760e-01,-5.318803e-03,-4.544934e-03,1.901781e-02,6.177457e-02
2.41500,0.324788,0.600785,3.662938e-01,3.068717e-01,9.459594e-01,1.277796e-01,-5.339185e-03,-4.529048e-03,1.901468e-02,6.177865e-02
2.41750,0.324538,0.601145,3.667744e-01,3.072429e-01,9.459302e-01,1.277831e-01,-5.359661e-03,-4.512907e-03,1.901156e-02,6.178269e-02
2.42000,0.324289,0.601506,3.672542e-01,3.076141e-01,9.459011e-01,1.277867e-01,-5.380133e-03,-4.496467e-03,1.900844e-02,6.178669e-02
2.42250,0.324040,0.601866,3.677334e-01,3.079851e-01,9.458722e-01,1.277902e-01,-5.400561e-03,-4.479701e-03,1.900533e-02,6.179064e-02
2.42500,0.323792,0.602228,3.682118e-01,3.083560e-01,9.458434e-01,1.277938e-01,-5.420992e-03,-4.462738e-03,1.900223e-02,6.179456e-02
2.42750,0.323544,0.602589,3.686894e-01,3.087267e-01,9.458149e-01,1.277973e-01,-5.441499e-03,-4.445549e-03,1.899913e-02,6.179843e-02
2.43000,0.323297,0.602952,3.691846e-01,3.090973e-01,9.457866e-01,1.278009e-01,-5.462054e-03,-4.428086e-03,1.899603e-02,6.180225e-02
2.43250,0.323050,0.603314,3.696798e-01,3.094677e-01,9.457588e-01,1.278044e-01,-5.482637e-03,-4.410261e-03,1.899293e-02,6.180604e-02
2.43500,0.322804,0.603677,3.701744e-01,3.098381e-01,9.457314e-01,1.278080e-01,-5.503097e-03,-4.392304e-03,1.898985e-02,6.180978e-02
2.43750,0.322558,0.604041,3.706685e-01,3.102082e-01,9.457047e-01,1.278115e-01,-5.523413e-03,-4.374291e-03,1.898677e-02,6.181348e-02
2.44000,0.322313,0.604405,3.711619e-01,3.105783e-01,9.456788e-01,1.278151e-01,-5.543675e-03,-4.356117e-03,1.898371e-02,6.181713e-02
2.44250,0.322069,0.604769,3.716546e-01,3.109482e-01,9.456535e-01,1.278186e-01,-5.564095e-03,-4.337787e-03,1.898065e-02,6.182074e-02
2.44500,0.321825,0.605134,3.721468e-01,3.113179e-01,9.456288e-01,1.278221e-01,-5.584690e-03,-4.319277e-03,1.897759e-02,6.182431e-02
2.44750,0.321581,0.605499,3.726383e-01,3.116875e-01,9.456047e-01,1.278257e-01,-5.605380e-03,-4.300630e-03,1.897452e-02,6.182783e-02
2.45000,0.321338,0.605864,3.731291e-01,3.120570e-01,9.455811e-01,1.278292e-01,-5.626064e-03,-4.281732e-03,1.897146e-02,6.183131e-02
2.45250,0.321096,0.606230,3.736193e-01,3.124263e-01,9.455578e-01,1.278327e-01,-5.646708e-03,-4.262576e-03,1.896839e-02,6.183474e-02
2.45500,0.320855,0.606597,3.741088e-01,3.127954e-01,9.455347e-01,1.278362e-01,-5.667294e-03,-4.243254e-03,1.896533e-02,6.183813e-02
2.45750,0.320614,0.606964,3.745976e-01,3.131644e-01,9.455117e-01,1.278398e-01,-5.687933e-03,-4.223845e-03,1.896226e-02,6.184146e-02
2.46000,0.320373,0.607331,3.750857e-01,3.135332e-01,9.454887e-01,1.278433e-01,-5.708653e-03,-4.204469e-03,1.895919e-02,6.184475e-02
2.46250,0.320133,0.607699,3.755731e-01,3.139019e-01,9.454656e-01,1.278468e-01,-5.729495e-03,-4.185033e-03,1.895612e-02,6.184800e-02
2.46500,0.319894,0.608067,3.760597e-01,3.142704e-01,9.454424e-01,1.278503e-01,-5.750583e-03,-4.165496e-03,1.895304e-02,6.185119e-02
2.46750,0.319655,0.608435,3.765456e-01,3.146388e-01,9.454189e-01,1.278538e-01,-5.771967e-03,-4.146068e-03,1.894993e-02,6.185433e-02
2.47000,0.319417,0.608804,3.770307e-01,3.150070e-01,9.453951e-01,1.278573e-01,-5.793657e-03,-4.127047e-03,1.894681e-02,6.185743e-02
2.47250,0.319179,0.609173,3.775151e-01,3.153751e-01,9.453710e-01,1.278608e-01,-5.815556e-03,-4.108414e-03,1.894368e-02,6.186047e-02
2.47500,0.318942,0.609543,3.779987e-01,3.157429e-01,9.453468e-01,1.278643e-01,-5.837548e-03,-4.089997e-03,1.894054e-02,6.186346e-02
2.47750,0.318706,0.609913,3.784815e-01,3.161107e-01,9.453226e-01,1.278678e-01,-5.859570e-03,-4.071764e-03,1.893741e-02,6.186640e-02
2.48000,0.318470,0.610283,3.789635e-01,3.164782e-01,9.452986e-01,1.278713e-01,-5.881658e-03,-4.053829e-03,1.893427e-02,6.186928e-02
2.48250,0.318235,0.610654,3.794446e-01,3.168456e-01,9.452747e-01,1.278748e-01,-5.903807e-03,-4.036097e-03,1.893114e-02,6.187212e-02
2.48500,0.318000,0.611026,3.799249e-01,3.172128e-01,9.452511e-01,1.278783e-01,-5.926043e-03,-4.018493e-03,1.892800e-02,6.187490e-02
2.48750,0.317766,0.611397,3.804044e-01,3.175798e-01,9.452277e-01,1.278818e-01,-5.948285e-03,-4.000987e-03,1.892486e-02,6.187762e-02
2.49000,0.317533,0.611769,3.808830e-01,3.179467e-01,9.452046e-01,1.278852e-01,-5.970482e-03,-3.983460e-03,1.892173e-02,6.188029e-02
2.49250,0.317300,0.612142,3.813607e-01,3.183134e-01,9.451815e-01,1.278887e-01,-5.992621e-03,-3.965764e-03,1.891861e-02,6.188290e-02
2.49500,0.317068,0.612515,3.818375e-01,3.186799e-01,9.451583e-01,1.278922e-01,-6.014836e-03,-3.947940e-03,1.891548e-02,6.188546e-02
2.49750,0.316836,0.612888,3.823134e-01,3.190462e-01,9.451351e-01,1.278957e-01,-6.037196e-03,-3.929826e-03,1.891235e-02,6.188796e-02
2.50000,0.316605,0.613262,3.827884e-01,3.194124e-01,9.451116e-01,1.278991e-01,-6.059731e-03,-3.911314e-03,1.890922e-02,6.189040e-02
2.50250,0.316375,0.613636,3.832624e-01,3.197784e-01,9.450881e-01,1.279026e-01,-6.082473e-03,-3.892455e-03,1.890607e-02,6.189278e-02
2.50500,0.316145,0.614010,3.837354e-01,3.201442e-01,9.450646e-01,1.279061e-01,-6.105499e-03,-3.873233e-03,1.890291e-02,6.189511e-02
2.50750,0.315916,0.614385,3.842075e-01,3.205098e-01,9.450411e-01,1.279095e-01,-6.128708e-03,-3.853714e-03,1.889975e-02,6.189737e-02
2.51000,0.315688,0.614760,3.846786e-01,3.208752e-01,9.450176e-01,1.279130e-01,-6.151967e-03,-3.833980e-03,1.889658e-02,6.189958e-02
2.51250,0.315460,0.615135,3.851487e-01,3.212404e-01,9.449944e-01,1.279164e-01,-6.175229e-03,-3.814007e-03,1.889342e-02,6.190172e-02
2.51500,0.315233,0.615511,3.856178e-01,3.216054e-01,9.449713e-01,1.279199e-01,-6.198448e-03,-3.793707e-03,1.889028e-02,6.190381e-02
2.51750,0.315006,0.615887,3.860858e-01,3.219703e-01,9.449487e-01,1.279233e-01,-6.221708e-03,-3.773097e-03,1.888715e-02,6.190584e-02
2.52000,0.314780,0.616264,3.865528e-01,3.223349e-01,9.449266e-01,1.279267e-01,-6.244981e-03,-3.752270e-03,1.888402e-02,6.190780e-02
2.52250,0.314555,0.616641,3.870186e-01,3.226994e-01,9.449052e-01,1.279302e-01,-6.268176e-03,-3.731293e-03,1.888091e-02,6.190971e-02
2.52500,0.314330,0.617018,3.874834e-01,3.230637e-01,9.448846e-01,1.279336e-01,-6.291264e-03,-3.710231e-03,1.887782e-02,6.191156e-02
2.52750,0.314106,0.617396,3.879471e-01,3.234277e-01,9.448646e-01,1.279370e-01,-6.314312e-03,-3.689003e-03,1.887474e-02,6.191334e-02
2.53000,0.313882,0.617774,3.884097e-01,3.237916e-01,9.448452e-01,1.279405e-01,-6.337366e-03,-3.667550e-03,1.887169e-02,6.191507e-02
2.53250,0.313660,0.618153,3.888896e-01,3.241553e-01,9.448263e-01,1.279439e-01,-6.360417e-03,-3.645914e-03,1.886865e-02,6.191674e-02
2.53500,0.313437,0.618531,3.893728e-01,3.245187e-01,9.448078e-01,1.279473e-01,-6.383597e-03,-3.623950e-03,1.886562e-02,6.191835e-02
2.53750,0.313216,0.618911,3.898550e-01,3.248820e-01,9.447894e-01,1.279507e-01,-6.406863e-03,-3.601667e-03,1.886260e-02,6.191989e-02
2.54000,0.312995,0.619290,3.903363e-01,3.252450e-01,9.447711e-01,1.279541e-01,-6.430092e-03,-3.579362e-03,1.885959e-02,6.192138e-02
2.54250,0.312775,0.619670,3.908166e-01,3.256079e-01,9.447527e-01,1.279576e-01,-6.453241e-03,-3.557033e-03,1.885661e-02,6.192281e-02
2.54500,0.312555,0.620050,3.912959e-01,3.259705e-01,9.447341e-01,1.279610e-01,-6.476261e-03,-3.534747e-03,1.885366e-02,6.192418e-02
2.54750,0.312336,0.620431,3.917743e-01,3.263329e-01,9.447152e-01,1.279644e-01,-6.499136e-03,-3.512464e-03,1.885072e-02,6.192549e-02
2.55000,0.312118,0.620812,3.922516e-01,3.266951e-01,9.446960e-01,1.279678e-01,-6.521995e-03,-3.490118e-03,1.884781e-02,6.192675e-02
2.55250,0.311901,0.621193,3.927279e-01,3.270571e-01,9.443858e-01,1.279712e-01,-6.544955e-03,-3.467732e-03,1.884490e-02,6.192794e-02
2.55500,0.311684,0.621574,3.932032e-01,3.274189e-01,9.440671e-01,1.279746e-01,-6.567968e-03,-3.445430e-03,1.884202e-02,6.192907e-02
2.55750,0.311468,0.621956,3.936914e-01,3.277804e-01,9.437478e-01,1.279780e-01,-6.590945e-03,-3.423416e-03,1.883915e-02,6.193015e-02
2.56000,0.311252,0.622338,3.941877e-01,3.281418e-01,9.434282e-01,1.279814e-01,-6.613823e-03,-3.401702e-03,1.883630e-02,6.193117e-02
2.56250,0.311037,0.622721,3.946832e-01,3.285029e-01,9.431084e-01,1.279848e-01,-6.636725e-03,-3.380211e-03,1.883347e-02,6.193213e-02
2.56500,0.310823,0.623104,3.951778e-01,3.288638e-01,9.427885e-01,1.279881e-01,-6.659723e-03,-3.358882e-03,1.883066e-02,6.193303e-02
2.56750,0.310609,0.623487,3.956716e-01,3.292244e-01,9.424681e-01,1.279915e-01,-6.682836e-03,-3.337756e-03,1.882785e-02,6.193388e-02
2.57000,0.310396,0.623871,3.961644e-01,3.295849e-01,9.421473e-01,1.279949e-01,-6.706051e-03,-3.316851e-03,1.882505e-02,6.193466e-02
2.57250,0.310184,0.624255,3.966564e-01,3.299451e-01,9.418259e-01,1.279983e-01,-6.729284e-03,-3.296200e-03,1.882227e-02,6.193539e-02
2.57500,0.309973,0.624639,3.971474e-01,3.303051e-01,9.415038e-01,1.280017e-01,-6.752554e-03,-3.275584e-03,1.881949e-02,6.193606e-02
2.57750,0.309762,0.625023,3.976375e-01,3.306648e-01,9.411810e-01,1.280050e-01,-6.775938e-03,-3.254843e-03,1.881672e-02,6.193667e-02
2.58000,0.309552,0.625408,3.981266e-01,3.310244e-01,9.408573e-01,1.280084e-01,-6.799390e-03,-3.233983e-03,1.881396e-02,6.193722e-02
2.58250,0.309342,0.625793,3.986148e-01,3.313836e-01,9.405327e-01,1.280118e-01,-6.822847e-03,-3.212995e-03,1.881120e-02,6.193771e-02
2.58500,0.309134,0.626179,3.991019e-01,3.317427e-01,9.402071e-01,1.280151e-01,-6.846248e-03,-3.191861e-03,1.880846e-02,6.193814e-02
2.58750,0.308926,0.626565,3.995881e-01,3.321015e-01,9.398807e-01,1.280185e-01,-6.869574e-03,-3.170452e-03,1.880574e-02,6.193851e-02
2.59000,0.308718,0.626951,4.000733e-01,3.324601e-01,9.395533e-01,1.280219e-01,-6.892912e-03,-3.148771e-03,1.880302e-02,6.193882e-02
2.59250,0.308512,0.627337,4.005574e-01,3.328184e-01,9.392249e-01,1.280252e-01,-6.916346e-03,-3.126800e-03,1.880031e-02,6.193907e-02
2.59500,0.308306,0.627724,4.010404e-01,3.331765e-01,9.388956e-01,1.280286e-01,-6.939893e-03,-3.104534e-03,1.879759e-02,6.193925e-02
2.59750,0.308100,0.628111,4.015224e-01,3.335343e-01,9.385650e-01,1.280319e-01,-6.963641e-03,-3.081890e-03,1.879488e-02,6.193937e-02
2.60000,0.307896,0.628498,4.020033e-01,3.338919e-01,9.382331e-01,1.280353e-01,-6.987551e-03,-3.058903e-03,1.879216e-02,6.193942e-02
2.60250,0.307692,0.628886,4.024830e-01,3.342492e-01,9.378998e-01,1.280386e-01,-7.011664e-03,-3.035693e-03,1.878944e-02,6.193941e-02
2.60500,0.307489,0.629274,4.029617e-01,3.346063e-01,9.375653e-01,1.280420e-01,-7.035865e-03,-3.012252e-03,1.878671e-02,6.193933e-02
2.60750,0.307286,0.629662,4.034392e-01,3.349632e-01,9.372295e-01,1.280453e-01,-7.060139e-03,-2.988558e-03,1.878398e-02,6.193918e-02
2.61000,0.307085,0.630050,4.039156e-01,3.353198e-01,9.368926e-01,1.280487e-01,-7.084534e-03,-2.964597e-03,1.878126e-02,6.193897e-02
2.61250,0.306884,0.630439,4.043907e-01,3.356761e-01,9.365547e-01,1.280520e-01,-7.108860e-03,-2.940451e-03,1.877855e-02,6.193868e-02
2.61500,0.306683,0.630828,4.048647e-01,3.360322e-01,9.362157e-01,1.280554e-01,-7.133043e-03,-2.916146e-03,1.877585e-02,6.193833e-02
2.61750,0.306484,0.631217,4.053375e-01,3.363880e-01,9.358757e-01,1.280587e-01,-7.157002e-03,-2.891833e-03,1.877317e-02,6.193790e-02
2.62000,0.306285,0.631607,4.058091e-01,3.367436e-01,9.355349e-01,1.280620e-01,-7.180882e-03,-2.867512e-03,1.877052e-02,6.193740e-02
2.62250,0.306087,0.631997,4.062794e-01,3.370989e-01,9.351934e-01,1.280654e-01,-7.204768e-03,-2.842992e-03,1.876789e-02,6.193684e-02
2.62500,0.305890,0.632387,4.067484e-01,3.374539e-01,9.348512e-01,1.280687e-01,-7.228567e-03,-2.818260e-03,1.876528e-02,6.193620e-02
2.62750,0.305693,0.632778,4.072162e-01,3.378087e-01,9.345083e-01,1.280720e-01,-7.252205e-03,-2.793445e-03,1.876270e-02,6.193549e-02
2.63000,0.305497,0.633168,4.076826e-01,3.381632e-01,9.341649e-01,1.280754e-01,-7.275717e-03,-2.768517e-03,1.876014e-02,6.193471e-02
2.63250,0.305302,0.633559,4.081477e-01,3.385174e-01,9.338212e-01,1.280787e-01,-7.299317e-03,-2.743559e-03,1.875759e-02,6.193385e-02
2.63500,0.305108,0.633951,4.086114e-01,3.388714e-01,9.334776e-01,1.280820e-01,-7.323003e-03,-2.718711e-03,1.875506e-02,6.193292e-02
2.63750,0.304914,0.634342,4.090738e-01,3.392250e-01,9.331342e-01,1.280853e-01,-7.346730e-03,-2.694001e-03,1.875254e-02,6.193192e-02
2.64000,0.304721,0.634734,4.095348e-01,3.395785e-01,9.327911e-01,1.280887e-01,-7.370613e-03,-2.669397e-03,1.875003e-02,6.193085e-02
2.64250,0.304529,0.635126,4.099944e-01,3.399316e-01,9.324482e-01,1.280920e-01,-7.394717e-03,-2.644715e-03,1.874753e-02,6.192970e-02
2.64500,0.304337,0.635518,4.104526e-01,3.402845e-01,9.321057e-01,1.280953e-01,-7.419217e-03,-2.619850e-03,1.874504e-02,6.192847e-02
2.64750,0.304147,0.635911,4.109093e-01,3.406371e-01,9.317633e-01,1.280986e-01,-7.443988e-03,-2.595042e-03,1.874255e-02,6.192717e-02
2.65000,0.303957,0.636304,4.113808e-01,3.409894e-01,9.314212e-01,1.281019e-01,-7.468884e-03,-2.570603e-03,1.874007e-02,6.192580e-02
2.65250,0.303768,0.636697,4.118618e-01,3.413414e-01,9.310792e-01,1.281052e-01,-7.493861e-03,-2.546557e-03,1.873761e-02,6.192435e-02
2.65500,0.303579,0.637090,4.123417e-01,3.416932e-01,9.307373e-01,1.281085e-01,-7.518849e-03,-2.522855e-03,1.873517e-02,6.192282e-02
2.65750,0.303392,0.637484,4.128203e-01,3.420446e-01,9.303955e-01,1.281119e-01,-7.543760e-03,-2.499387e-03,1.873276e-02,6.192122e-02
2.66000,0.303205,0.637877,4.132977e-01,3.423958e-01,9.300538e-01,1.281152e-01,-7.568453e-03,-2.476132e-03,1.873039e-02,6.191954e-02
2.66250,0.303019,0.638271,4.137738e-01,3.427467e-01,9.297120e-01,1.281185e-01,-7.592813e-03,-2.453030e-03,1.872806e-02,6.191779e-02
2.66500,0.302833,0.638666,4.142487e-01,3.430973e-01,9.293702e-01,1.281218e-01,-7.616972e-03,-2.430048e-03,1.872577e-02,6.191596e-02
2.66750,0.302649,0.639060,4.147222e-01,3.434476e-01,9.290282e-01,1.281251e-01,-7.641122e-03,-2.407087e-03,1.872351e-02,6.191406e-02
2.67000,0.302465,0.639455,4.151944e-01,3.437976e-01,9.286859e-01,1.281284e-01,-7.665193e-03,-2.384167e-03,1.872128e-02,6.191209e-02
2.67250,0.302282,0.639850,4.156652e-01,3.441473e-01,9.283431e-01,1.281317e-01,-7.689193e-03,-2.361233e-03,1.871908e-02,6.191004e-02
2.67500,0.302100,0.640245,4.161393e-01,3.444967e-01,9.279998e-01,1.281350e-01,-7.713249e-03,-2.338118e-03,1.871691e-02,6.190792e-02
2.67750,0.301919,0.640641,4.166350e-01,3.448459e-01,9.276557e-01,1.281383e-01,-7.737376e-03,-2.314714e-03,1.871474e-02,6.190573e-02
2.68000,0.301738,0.641036,4.171296e-01,3.451947e-01,9.273104e-01,1.281416e-01,-7.761584e-03,-2.290834e-03,1.871260e-02,6.190346e-02
2.68250,0.301558,0.641432,4.176231e-01,3.455432e-01,9.269640e-01,1.281449e-01,-7.785780e-03,-2.266608e-03,1.871047e-02,6.190111e-02
2.68500,0.301379,0.641828,4.181155e-01,3.458915e-01,9.266162e-01,1.281481e-01,-7.809779e-03,-2.242200e-03,1.870838e-02,6.189870e-02
2.68750,0.301201,0.642225,4.186067e-01,3.462394e-01,9.262671e-01,1.281514e-01,-7.833582e-03,-2.217617e-03,1.870632e-02,6.189621e-02
2.69000,0.301023,0.642621,4.190968e-01,3.465870e-01,9.259167e-01,1.281547e-01,-7.857371e-03,-2.192787e-03,1.870429e-02,6.189364e-02
2.69250,0.300847,0.643018,4.195856e-01,3.469343e-01,9.255650e-01,1.281580e-01,-7.881212e-03,-2.167714e-03,1.870229e-02,6.189101e-02
2.69500,0.300671,0.643415,4.200733e-01,3.472813e-01,9.252120e-01,1.281613e-01,-7.905166e-03,-2.142428e-03,1.870031e-02,6.188830e-02
2.69750,0.300496,0.643812,4.205597e-01,3.476280e-01,9.248578e-01,1.281646e-01,-7.929171e-03,-2.117017e-03,1.869836e-02,6.188552e-02
2.70000,0.300321,0.644210,4.210449e-01,3.479744e-01,9.245025e-01,1.281679e-01,-7.953174e-03,-2.091393e-03,1.869643e-02,6.188267e-02
2.70250,0.300148,0.644607,4.215288e-01,3.483205e-01,9.241462e-01,1.281712e-01,-7.977120e-03,-2.065497e-03,1.869454e-02,6.187974e-02
2.70500,0.299975,0.645005,4.220114e-01,3.486662e-01,9.237891e-01,1.281745e-01,-8.000889e-03,-2.039490e-03,1.869268e-02,6.187674e-02
2.70750,0.299803,0.645403,4.224927e-01,3.490117e-01,9.234313e-01,1.281778e-01,-8.024432e-03,-2.013441e-03,1.869086e-02,6.187367e-02
2.71000,0.299632,0.645801,4.229726e-01,3.493568e-01,9.230729e-01,1.281811e-01,-8.047751e-03,-1.987454e-03,1.868907e-02,6.187053e-02
2.71250,0.299462,0.646199,4.234513e-01,3.497016e-01,9.227141e-01,1.281844e-01,-8.070863e-03,-1.961430e-03,1.868731e-02,6.186731e-02
2.71500,0.299293,0.646598,4.239285e-01,3.500461e-01,9.223550e-01,1.281877e-01,-8.093830e-03,-1.935358e-03,1.868558e-02,6.186402e-02
2.71750,0.299124,0.646997,4.244044e-01,3.503903e-01,9.219960e-01,1.281910e-01,-8.116846e-03,-1.909137e-03,1.868387e-02,6.186067e-02
2.72000,0.298956,0.647396,4.248789e-01,3.507341e-01,9.216373e-01,1.281943e-01,-8.139795e-03,-1.882798e-03,1.868220e-02,6.185724e-02
2.72250,0.298789,0.647795,4.253520e-01,3.510776e-01,9.212790e-01,1.281975e-01,-8.162458e-03,-1.856440e-03,1.868055e-02,6.185374e-02
2.72500,0.298623,0.648194,4.258236e-01,3.514208e-01,9.209213e-01,1.282008e-01,-8.184801e-03,-1.830197e-03,1.867894e-02,6.185017e-02
2.72750,0.298458,0.648594,4.262938e-01,3.517637e-01,9.205643e-01,1.282041e-01,-8.206944e-03,-1.804130e-03,1.867737e-02,6.184653e-02
2.73000,0.298294,0.648993,4.267624e-01,3.521062e-01,9.202079e-01,1.282074e-01,-8.229009e-03,-1.778147e-03,1.867582e-02,6.184282e-02
2.73250,0.298130,0.649393,4.272295e-01,3.524485e-01,9.198523e-01,1.282108e-01,-8.250878e-03,-1.752171e-03,1.867430e-02,6.183905e-02
2.73500,0.297967,0.649793,4.276951e-01,3.527903e-01,9.194974e-01,1.282141e-01,-8.272584e-03,-1.726266e-03,1.867281e-02,6.183520e-02
2.73750,0.297805,0.650193,4.281591e-01,3.531319e-01,9.191435e-01,1.282174e-01,-8.294130e-03,-1.700475e-03,1.867135e-02,6.183129e-02
2.74000,0.297644,0.650594,4.286215e-01,3.534731e-01,9.187906e-01,1.282207e-01,-8.315561e-03,-1.674865e-03,1.866991e-02,6.182730e-02
2.74250,0.297484,0.650994,4.290823e-01,3.538140e-01,9.184387e-01,1.282240e-01,-8.336783e-03,-1.649606e-03,1.866851e-02,6.182325e-02
2.74500,0.297325,0.651395,4.295415e-01,3.541546e-01,9.180878e-01,1.282273e-01,-8.357800e-03,-1.624889e-03,1.866714e-02,6.181913e-02
2.74750,0.297166,0.651795,4.299990e-01,3.544948e-01,9.177377e-01,1.282306e-01,-8.378801e-03,-1.600587e-03,1.866581e-02,6.181494e-02
2.75000,0.297008,0.652196,4.304549e-01,3.548347e-01,9.173883e-01,1.282339e-01,-8.399767e-03,-1.576584e-03,1.866450e-02,6.181067e-02
2.75250,0.296851,0.652598,4.309090e-01,3.551742e-01,9.170397e-01,1.282372e-01,-8.420879e-03,-1.552820e-03,1.866320e-02,6.180633e-02
2.75500,0.296695,0.652999,4.313615e-01,3.555134e-01,9.166918e-01,1.282406e-01,-8.442240e-03,-1.529177e-03,1.866191e-02,6.180193e-02
2.75750,0.296540,0.653400,4.318122e-01,3.558523e-01,9.163447e-01,1.282439e-01,-8.463792e-03,-1.505571e-03,1.866063e-02,6.179745e-02
2.76000,0.296386,0.653802,4.322611e-01,3.561908e-01,9.159982e-01,1.282472e-01,-8.485515e-03,-1.482005e-03,1.865936e-02,6.179289e-02
2.76250,0.296233,0.654203,4.327393e-01,3.565290e-01,9.156523e-01,1.282505e-01,-8.507410e-03,-1.458359e-03,1.865811e-02,6.178826e-02
2.76500,0.296080,0.654605,4.332168e-01,3.568668e-01,9.153069e-01,1.282539e-01,-8.529572e-03,-1.434524e-03,1.865686e-02,6.178355e-02
2.76750,0.295928,0.655007,4.336928e-01,3.572043e-01,9.149621e-01,1.282572e-01,-8.551856e-03,-1.410554e-03,1.865563e-02,6.177877e-02
2.77000,0.295777,0.655409,4.341673e-01,3.575414e-01,9.146178e-01,1.282606e-01,-8.573877e-03,-1.386529e-03,1.865442e-02,6.177392e-02
2.77250,0.295628,0.655812,4.346402e-01,3.578782e-01,9.142743e-01,1.282639e-01,-8.595569e-03,-1.362384e-03,1.865326e-02,6.176898e-02
2.77500,0.295478,0.656214,4.351117e-01,3.582147e-01,9.139317e-01,1.282672e-01,-8.617102e-03,-1.338100e-03,1.865213e-02,6.176398e-02
2.77750,0.295330,0.656617,4.355815e-01,3.585508e-01,9.135901e-01,1.282706e-01,-8.638538e-03,-1.313659e-03,1.865104e-02,6.175889e-02
2.78000,0.295183,0.657019,4.360498e-01,3.588866e-01,9.132497e-01,1.282739e-01,-8.660181e-03,-1.288925e-03,1.864997e-02,6.175373e-02
2.78250,0.295036,0.657422,4.365165e-01,3.592220e-01,9.129106e-01,1.282773e-01,-8.681981e-03,-1.263891e-03,1.864891e-02,6.174849e-02
2.78500,0.294891,0.657825,4.369816e-01,3.595570e-01,9.125730e-01,1.282806e-01,-8.703779e-03,-1.238636e-03,1.864788e-02,6.174317e-02
2.78750,0.294746,0.658228,4.374608e-01,3.598917e-01,9.122370e-01,1.282840e-01,-8.725557e-03,-1.213237e-03,1.864687e-02,6.173778e-02
2.79000,0.294602,0.658631,4.379550e-01,3.602260e-01,9.119027e-01,1.282874e-01,-8.747437e-03,-1.187550e-03,1.864588e-02,6.173231e-02
2.79250,0.294459,0.659034,4.384479e-01,3.605600e-01,9.115702e-01,1.282908e-01,-8.769510e-03,-1.161599e-03,1.864491e-02,6.172677e-02
2.79500,0.294317,0.659437,4.389394e-01,3.608937e-01,9.112394e-01,1.282941e-01,-8.791686e-03,-1.135372e-03,1.864397e-02,6.172114e-02
2.79750,0.294176,0.659841,4.394295e-01,3.612269e-01,9.109106e-01,1.282975e-01,-8.813682e-03,-1.108982e-03,1.864306e-02,6.171544e-02
2.80000,0.294036,0.660245,4.399182e-01,3.615599e-01,9.105838e-01,1.283009e-01,-8.835502e-03,-1.082559e-03,1.864219e-02,6.170967e-02
2.80250,0.293897,0.660648,4.404055e-01,3.618924e-01,9.102590e-01,1.283043e-01,-8.857225e-03,-1.056082e-03,1.864136e-02,6.170382e-02
2.80500,0.293758,0.661052,4.408914e-01,3.622246e-01,9.099362e-01,1.283077e-01,-8.878824e-03,-1.029592e-03,1.864056e-02,6.169789e-02
2.80750,0.293621,0.661456,4.413758e-01,3.625565e-01,9.096154e-01,1.283111e-01,-8.900334e-03,-1.003050e-03,1.863980e-02,6.169189e-02
2.81000,0.293484,0.661860,4.418587e-01,3.628879e-01,9.092963e-01,1.283145e-01,-8.921761e-03,-9.764658e-04,1.863908e-02,6.168581e-02
2.81250,0.293348,0.662264,4.423401e-01,3.632190e-01,9.089790e-01,1.283179e-01,-8.943285e-03,-9.496315e-04,1.863838e-02,6.167966e-02
2.81500,0.293213,0.662668,4.428199e-01,3.635498e-01,9.086634e-01,1.283213e-01,-8.964649e-03,-9.226507e-04,1.863772e-02,6.167342e-02
2.81750,0.293079,0.663072,4.432982e-01,3.638802e-01,9.083493e-01,1.283247e-01,-8.985893e-03,-8.958035e-04,1.863710e-02,6.166712e-02
2.82000,0.292946,0.663476,4.437750e-01,3.642102e-01,9.080369e-01,1.283281e-01,-9.007033e-03,-8.691004e-04,1.863652e-02,6.166074e-02
2.82250,0.292814,0.663881,4.442501e-01,3.645398e-01,9.077261e-01,1.283316e-01,-9.027998e-03,-8.424296e-04,1.863597e-02,6.165428e-02
2.82500,0.292683,0.664285,4.447236e-01,3.648691e-01,9.073913e-01,1.283350e-01,-9.048944e-03,-8.157172e-04,1.863547e-02,6.164775e-02
2.82750,0.292553,0.664690,4.451954e-01,3.651980e-01,9.069404e-01,1.283384e-01,-9.070004e-03,-7.889058e-04,1.863499e-02,6.164115e-02
2.83000,0.292423,0.665094,4.456656e-01,3.655266e-01,9.064928e-01,1.283419e-01,-9.091135e-03,-7.620795e-04,1.863454e-02,6.163447e-02
2.83250,0.292295,0.665499,4.461341e-01,3.658548e-01,9.060487e-01,1.283454e-01,-9.112273e-03,-7.354065e-04,1.863411e-02,6.162771e-02
2.83500,0.292167,0.665904,4.466008e-01,3.661826e-01,9.056078e-01,1.283488e-01,-9.133383e-03,-7.089022e-04,1.863371e-02,6.162088e-02
2.83750,0.292041,0.666309,4.470658e-01,3.665100e-01,9.051703e-01,1.283523e-01,-9.154426e-03,-6.825342e-04,1.863333e-02,6.161397e-02
2.84000,0.291915,0.666714,4.475290e-01,3.668371e-01,9.047355e-01,1.283558e-01,-9.175199e-03,-6.563420e-04,1.863297e-02,6.160698e-02
2.84250,0.291790,0.667119,4.479904e-01,3.671638e-01,9.043029e-01,1.283592e-01,-9.195721e-03,-6.303565e-04,1.863265e-02,6.159992e-02
2.84500,0.291667,0.667524,4.484499e-01,3.674901e-01,9.038717e-01,1.283627e-01,-9.215829e-03,-6.049800e-04,1.863238e-02,6.159279e-02
2.84750,0.291544,0.667929,4.489075e-01,3.678160e-01,9.034413e-01,1.283662e-01,-9.235570e-03,-5.802991e-04,1.863215e-02,6.158558e-02
2.85000,0.291422,0.668334,4.493633e-01,3.681416e-01,9.030111e-01,1.283697e-01,-9.254980e-03,-5.561906e-04,1.863198e-02,6.157829e-02
2.85250,0.291301,0.668739,4.498172e-01,3.684667e-01,9.025806e-01,1.283733e-01,-9.274130e-03,-5.326148e-04,1.863185e-02,6.157093e-02
2.85500,0.291181,0.669144,4.502691e-01,3.687916e-01,9.021495e-01,1.283768e-01,-9.293043e-03,-5.093351e-04,1.863177e-02,6.156350e-02
2.85750,0.291061,0.669550,4.507190e-01,3.691160e-01,9.017179e-01,1.283803e-01,-9.311872e-03,-4.859976e-04,1.863173e-02,6.155599e-02
2.86000,0.290943,0.669955,4.511670e-01,3.694400e-01,9.012861e-01,1.283839e-01,-9.330514e-03,-4.625133e-04,1.863172e-02,6.154841e-02
2.86250,0.290826,0.670360,4.516129e-01,3.697637e-01,9.008543e-01,1.283874e-01,-9.348931e-03,-4.390491e-04,1.863176e-02,6.154076e-02
2.86500,0.290710,0.670766,4.520568e-01,3.700870e-01,9.004229e-01,1.283910e-01,-9.367186e-03,-4.157742e-04,1.863184e-02,6.153304e-02
2.86750,0.290594,0.671171,4.524986e-01,3.704099e-01,8.999925e-01,1.283945e-01,-9.385372e-03,-3.926345e-04,1.863197e-02,6.152525e-02
2.87000,0.290480,0.671577,4.529578e-01,3.707325e-01,8.995636e-01,1.283981e-01,-9.403669e-03,-3.695036e-04,1.863211e-02,6.151739e-02
2.87250,0.290367,0.671982,4.534325e-01,3.710546e-01,8.991366e-01,1.284017e-01,-9.422066e-03,-3.463406e-04,1.863228e-02,6.150946e-02
2.87500,0.290254,0.672388,4.539055e-01,3.713764e-01,8.987117e-01,1.284053e-01,-9.440426e-03,-3.231155e-04,1.863247e-02,6.150146e-02
2.87750,0.290143,0.672793,4.543767e-01,3.716978e-01,8.982890e-01,1.284089e-01,-9.458730e-03,-2.997890e-04,1.863269e-02,6.149340e-02
2.88000,0.290032,0.673199,4.548461e-01,3.720188e-01,8.978684e-01,1.284125e-01,-9.476858e-03,-2.767042e-04,1.863293e-02,6.148526e-02
2.88250,0.289922,0.673604,4.553137e-01,3.723394e-01,8.974500e-01,1.284161e-01,-9.494652e-03,-2.539763e-04,1.863323e-02,6.147706e-02
2.88500,0.289814,0.674010,4.557794e-01,3.726597e-01,8.970338e-01,1.284198e-01,-9.512029e-03,-2.314983e-04,1.863357e-02,6.146879e-02
2.88750,0.289706,0.674416,4.562433e-01,3.729796e-01,8.966193e-01,1.284234e-01,-9.529128e-03,-2.090100e-04,1.863397e-02,6.146045e-02
2.89000,0.289599,0.674821,4.567053e-01,3.732991e-01,8.962064e-01,1.284271e-01,-9.546212e-03,-1.863028e-04,1.863440e-02,6.145205e-02
2.89250,0.289494,0.675227,4.571654e-01,3.736182e-01,8.957948e-01,1.284307e-01,-9.563504e-03,-1.633956e-04,1.863485e-02,6.144358e-02
2.89500,0.289389,0.675633,4.576235e-01,3.739369e-01,8.953848e-01,1.284344e-01,-9.580961e-03,-1.404110e-04,1.863533e-02,6.143504e-02
2.89750,0.289285,0.676039,4.580904e-01,3.742552e-01,8.949764e-01,1.284381e-01,-9.598676e-03,-1.172623e-04,1.863584e-02,6.142644e-02
2.90000,0.289182,0.676444,4.585816e-01,3.745732e-01,8.945700e-01,1.284418e-01,-9.616513e-03,-9.379910e-05,1.863636e-02,6.141777e-02
2.90250,0.289080,0.676850,4.590712e-01,3.748908e-01,8.941655e-01,1.284455e-01,-9.634241e-03,-7.006960e-05,1.863692e-02,6.140904e-02
2.90500,0.288979,0.677256,4.595591e-01,3.752080e-01,8.937634e-01,1.284493e-01,-9.651678e-03,-4.620590e-05,1.863752e-02,6.140024e-02
2.90750,0.288879,0.677662,4.600455e-01,3.755248e-01,8.933640e-01,1.284530e-01,-9.668805e-03,-2.236330e-05,1.863816e-02,6.139137e-02
2.91000,0.288780,0.678067,4.605301e-01,3.758412e-01,8.929673e-01,1.284568e-01,-9.685488e-03,1.404602e-06,1.863884e-02,6.138245e-02
2.91250,0.288682,0.678473,4.610131e-01,3.761573e-01,8.925737e-01,1.284605e-01,-9.701808e-03,2.501153e-05,1.863958e-02,6.137346e-02
2.91500,0.288585,0.678879,4.614943e-01,3.764729e-01,8.921830e-01,1.284643e-01,-9.717855e-03,4.856839e-05,1.864035e-02,6.136441e-02
2.91750,0.288489,0.679284,4.619737e-01,3.767882e-01,8.917957e-01,1.284681e-01,-9.733762e-03,7.217400e-05,1.864118e-02,6.135530e-02
2.92000,0.288394,0.679690,4.624514e-01,3.771031e-01,8.914117e-01,1.284719e-01,-9.749404e-03,9.581169e-05,1.864205e-02,6.134613e-02
2.92250,0.288300,0.680096,4.629273e-01,3.774176e-01,8.910311e-01,1.284757e-01,-9.764733e-03,1.194069e-04,1.864297e-02,6.133689e-02
2.92500,0.288207,0.680502,4.634013e-01,3.777317e-01,8.906532e-01,1.284795e-01,-9.779747e-03,1.428546e-04,1.864394e-02,6.132760e-02
2.92750,0.288115,0.680907,4.638735e-01,3.780455e-01,8.902775e-01,1.284833e-01,-9.794395e-03,1.659618e-04,1.864496e-02,6.131825e-02
2.93000,0.288024,0.681313,4.643438e-01,3.783588e-01,8.899037e-01,1.284872e-01,-9.808798e-03,1.888482e-04,1.864602e-02,6.130885e-02
2.93250,0.287934,0.681719,4.648122e-01,3.786718e-01,8.895318e-01,1.284910e-01,-9.823087e-03,2.114233e-04,1.864711e-02,6.129940e-02
2.93500,0.287845,0.682124,4.652786e-01,3.789844e-01,8.891621e-01,1.284949e-01,-9.837459e-03,2.337642e-04,1.864822e-02,6.128988e-02
2.93750,0.287757,0.682530,4.657431e-01,3.792966e-01,8.887951e-01,1.284988e-01,-9.851881e-03,2.560070e-04,1.864935e-02,6.128032e-02
2.94000,0.287670,0.682935,4.662056e-01,3.796085e-01,8.884318e-01,1.285027e-01,-9.866009e-03,2.779864e-04,1.865051e-02,6.127070e-02
2.94250,0.287584,0.683341,4.666660e-01,3.799199e-01,8.880727e-01,1.285066e-01,-9.879969e-03,2.997653e-04,1.865170e-02,6.126102e-02
2.94500,0.287498,0.683746,4.671244e-01,3.802310e-01,8.877184e-01,1.285106e-01,-9.893844e-03,3.211844e-04,1.865291e-02,6.125129e-02
2.94750,0.287414,0.684152,4.675806e-01,3.805416e-01,8.873691e-01,1.285145e-01,-9.907601e-03,3.421758e-04,1.865415e-02,6.124151e-02
2.95000,0.287331,0.684557,4.680357e-01,3.808519e-01,8.870252e-01,1.285185e-01,-9.921201e-03,3.627733e-04,1.865540e-02,6.123168e-02
2.95250,0.287249,0.684963,4.685254e-01,3.811618e-01,8.866873e-01,1.285225e-01,-9.934744e-03,3.830809e-04,1.865666e-02,6.122179e-02
2.95500,0.287168,0.685368,4.690134e-01,3.814714e-01,8.863551e-01,1.285265e-01,-9.948329e-03,4.031723e-04,1.865794e-02,6.121185e-02
2.95750,0.287088,0.685773,4.694995e-01,3.817805e-01,8.860279e-01,1.285305e-01,-9.962265e-03,4.231097e-04,1.865921e-02,6.120185e-02
2.96000,0.287009,0.686178,4.699839e-01,3.820893e-01,8.857043e-01,1.285345e-01,-9.976311e-03,4.428029e-04,1.866050e-02,6.119180e-02
2.96250,0.286931,0.686584,4.704665e-01,3.823977e-01,8.853833e-01,1.285386e-01,-9.990154e-03,4.620538e-04,1.866181e-02,6.118169e-02
2.96500,0.286854,0.686989,4.709472e-01,3.827057e-01,8.850642e-01,1.285426e-01,-1.000386e-02,4.808303e-04,1.866315e-02,6.117153e-02
2.96750,0.286778,0.687394,4.714260e-01,3.830133e-01,8.847468e-01,1.285467e-01,-1.001764e-02,4.994482e-04,1.866449e-02,6.116130e-02
2.97000,0.286703,0.687799,4.719030e-01,3.833206e-01,8.844310e-01,1.285508e-01,-1.003158e-02,5.180315e-04,1.866584e-02,6.115103e-02
2.97250,0.286628,0.688204,4.723780e-01,3.836274e-01,8.841168e-01,1.285549e-01,-1.004554e-02,5.365752e-04,1.866721e-02,6.114069e-02
2.97500,0.286555,0.688609,4.728510e-01,3.839339e-01,8.838043e-01,1.285591e-01,-1.005933e-02,5.550461e-04,1.866860e-02,6.113030e-02
2.97750,0.286483,0.689014,4.733220e-01,3.842401e-01,8.834937e-01,1.285632e-01,-1.007318e-02,5.734528e-04,1.867001e-02,6.111985e-02
2.98000,0.286412,0.689419,4.737910e-01,3.845458e-01,8.831856e-01,1.285674e-01,-1.008707e-02,5.919047e-04,1.867143e-02,6.110935e-02
2.98250,0.286342,0.689823,4.742579e-01,3.848512e-01,8.828805e-01,1.285716e-01,-1.010098e-02,6.104141e-04,1.867287e-02,6.109879e-02
2.98500,0.286273,0.690228,4.747227e-01,3.851561e-01,8.825785e-01,1.285758e-01,-1.011489e-02,6.288173e-04,1.867434e-02,6.108818e-02
2.98750,0.286206,0.690633,4.751853e-01,3.854607e-01,8.822798e-01,1.285800e-01,-1.012879e-02,6.472963e-04,1.867582e-02,6.107751e-02
2.99000,0.286139,0.691037,4.756799e-01,3.857650e-01,8.819845e-01,1.285843e-01,-1.014267e-02,6.658612e-04,1.867733e-02,6.106678e-02
2.99250,0.286073,0.691442,4.761787e-01,3.860688e-01,8.816923e-01,1.285885e-01,-1.015617e-02,6.841636e-04,1.867887e-02,6.105600e-02
2.99500,0.286008,0.691846,4.766759e-01,3.863723e-01,8.814034e-01,1.285928e-01,-1.016948e-02,7.023692e-04,1.868047e-02,6.104516e-02
2.99750,0.285944,0.692251,4.771712e-01,3.866754e-01,8.811187e-01,1.285971e-01,-1.018254e-02,7.205977e-04,1.868213e-02,6.103427e-02
3.00000,0.285881,0.692655,4.776648e-01,3.869782e-01,8.808395e-01,1.286014e-01,-1.019555e-02,7.388581e-04,1.868381e-02,6.102333e-02
3.00250,0.285819,0.693059,4.781566e-01,3.872805e-01,8.805671e-01,1.286057e-01,-1.020859e-02,7.571723e-04,1.868553e-02,6.101234e-02
3.00500,0.285759,0.693463,4.786465e-01,3.875825e-01,8.803026e-01,1.286101e-01,-1.022173e-02,7.755598e-04,1.868726e-02,6.100129e-02
3.00750,0.285699,0.693867,4.791345e-01,3.878841e-01,8.800469e-01,1.286144e-01,-1.023510e-02,7.941107e-04,1.868900e-02,6.099019e-02
3.01000,0.285640,0.694271,4.796207e-01,3.881854e-01,8.798010e-01,1.286188e-01,-1.024857e-02,8.126817e-04,1.869075e-02,6.097904e-02
3.01250,0.285582,0.694675,4.801049e-01,3.884863e-01,8.795651e-01,1.286232e-01,-1.026212e-02,8.312868e-04,1.869251e-02,6.096784e-02
3.01500,0.285526,0.695079,4.805871e-01,3.887868e-01,8.793391e-01,1.286276e-01,-1.027568e-02,8.497846e-04,1.869427e-02,6.095658e-02
3.01750,0.285470,0.695483,4.810673e-01,3.890869e-01,8.791227e-01,1.286321e-01,-1.028927e-02,8.680482e-04,1.869605e-02,6.094527e-02
3.02000,0.285416,0.695886,4.815455e-01,3.893867e-01,8.789150e-01,1.286366e-01,-1.030295e-02,8.860147e-04,1.869783e-02,6.093392e-02
3.02250,0.285362,0.696290,4.820215e-01,3.896861e-01,8.787148e-01,1.286410e-01,-1.031684e-02,9.037702e-04,1.869963e-02,6.092251e-02
3.02500,0.285310,0.696693,4.824954e-01,3.899851e-01,8.785206e-01,1.286455e-01,-1.033075e-02,9.213654e-04,1.870144e-02,6.091104e-02
3.02750,0.285258,0.697097,4.829672e-01,3.902838e-01,8.783315e-01,1.286501e-01,-1.034467e-02,9.387385e-04,1.870326e-02,6.089953e-02
3.03000,0.285208,0.697500,4.834367e-01,3.905821e-01,8.781471e-01,1.286546e-01,-1.035855e-02,9.557150e-04,1.870509e-02,6.088797e-02
3.03250,0.285158,0.697903,4.839041e-01,3.908801e-01,8.779671e-01,1.286592e-01,-1.037211e-02,9.721955e-04,1.870693e-02,6.087635e-02
3.03500,0.285110,0.698306,4.843691e-01,3.911776e-01,8.777915e-01,1.286638e-01,-1.038516e-02,9.885233e-04,1.870880e-02,6.086469e-02
3.03750,0.285063,0.698709,4.848319e-01,3.914748e-01,8.776201e-01,1.286684e-01,-1.039779e-02,1.004830e-03,1.871070e-02,6.085297e-02
3.04000,0.285017,0.699112,4.852924e-01,3.917717e-01,8.774527e-01,1.286730e-01,-1.040951e-02,1.020686e-03,1.871267e-02,6.084121e-02
3.04250,0.284971,0.699515,4.857505e-01,3.920682e-01,8.772894e-01,1.286777e-01,-1.042046e-02,1.036184e-03,1.871471e-02,6.082940e-02
3.04500,0.284927,0.699917,4.862062e-01,3.923643e-01,8.771304e-01,1.286824e-01,-1.043089e-02,1.051508e-03,1.871681e-02,6.081753e-02
3.04750,0.284884,0.700320,4.866594e-01,3.926601e-01,8.769756e-01,1.286871e-01,-1.044140e-02,1.066890e-03,1.871893e-02,6.080563e-02
3.05000,0.284842,0.700722,4.871102e-01,3.929555e-01,8.768255e-01,1.286918e-01,-1.045212e-02,1.082304e-03,1.872105e-02,6.079367e-02
3.05250,0.284801,0.701125,4.875584e-01,3.932505e-01,8.766802e-01,1.286965e-01,-1.046312e-02,1.097766e-03,1.872318e-02,6.078167e-02
3.05500,0.284761,0.701527,4.880112e-01,3.935452e-01,8.765395e-01,1.287013e-01,-1.047417e-02,1.113418e-03,1.872534e-02,6.076963e-02
3.05750,0.284722,0.701929,4.884975e-01,3.938396e-01,8.764040e-01,1.287061e-01,-1.048503e-02,1.129160e-03,1.872752e-02,6.075754e-02
3.06000,0.284685,0.702331,4.889816e-01,3.941335e-01,8.762750e-01,1.287109e-01,-1.049550e-02,1.144777e-03,1.872976e-02,6.074541e-02
3.06250,0.284648,0.702733,4.894636e-01,3.944272e-01,8.761543e-01,1.287157e-01,-1.050584e-02,1.160130e-03,1.873201e-02,6.073324e-02
3.06500,0.284612,0.703135,4.899434e-01,3.947204e-01,8.760428e-01,1.287205e-01,-1.051627e-02,1.175119e-03,1.873428e-02,6.072103e-02
3.06750,0.284578,0.703536,4.904210e-01,3.950134e-01,8.759411e-01,1.287254e-01,-1.052669e-02,1.189756e-03,1.873657e-02,6.070877e-02
3.07000,0.284544,0.703938,4.908964e-01,3.953059e-01,8.758493e-01,1.287303e-01,-1.053690e-02,1.203968e-03,1.873888e-02,6.069648e-02
3.07250,0.284511,0.704339,4.913696e-01,3.955982e-01,8.757676e-01,1.287352e-01,-1.054682e-02,1.217837e-03,1.874124e-02,6.068415e-02
3.07500,0.284480,0.704740,4.918404e-01,3.958900e-01,8.756958e-01,1.287401e-01,-1.055662e-02,1.231458e-03,1.874361e-02,6.067178e-02
3.07750,0.284450,0.705141,4.923089e-01,3.961816e-01,8.756339e-01,1.287451e-01,-1.056685e-02,1.244962e-03,1.874597e-02,6.065938e-02
3.08000,0.284420,0.705543,4.927751e-01,3.964727e-01,8.755813e-01,1.287500e-01,-1.057782e-02,1.258380e-03,1.874830e-02,6.064693e-02
3.08250,0.284392,0.705943,4.932388e-01,3.967636e-01,8.755366e-01,1.287550e-01,-1.058930e-02,1.271624e-03,1.875060e-02,6.063445e-02
3.08500,0.284365,0.706344,4.937001e-01,3.970541e-01,8.754986e-01,1.287601e-01,-1.060146e-02,1.284459e-03,1.875286e-02,6.062192e-02
3.08750,0.284339,0.706745,4.941793e-01,3.973442e-01,8.754663e-01,1.287651e-01,-1.061442e-02,1.296966e-03,1.875507e-02,6.060936e-02
3.09000,0.284313,0.707145,4.946809e-01,3.976340e-01,8.754393e-01,1.287702e-01,-1.062801e-02,1.309145e-03,1.875725e-02,6.059675e-02
3.09250,0.284289,0.707546,4.951805e-01,3.979235e-01,8.754170e-01,1.287753e-01,-1.064153e-02,1.321212e-03,1.875942e-02,6.058411e-02
3.09500,0.284267,0.707946,4.956780e-01,3.982126e-01,8.753990e-01,1.287804e-01,-1.065486e-02,1.333200e-03,1.876160e-02,6.057142e-02
3.09750,0.284245,0.708346,4.961735e-01,3.985014e-01,8.753849e-01,1.287855e-01,-1.066793e-02,1.345260e-03,1.876380e-02,6.055870e-02
3.10000,0.284224,0.708746,4.966668e-01,3.987898e-01,8.753746e-01,1.287907e-01,-1.068061e-02,1.357391e-03,1.876604e-02,6.054593e-02
3.10250,0.284204,0.709146,4.971580e-01,3.990780e-01,8.753677e-01,1.287958e-01,-1.069277e-02,1.369231e-03,1.876834e-02,6.053313e-02
3.10500,0.284185,0.709545,4.976470e-01,3.993657e-01,8.753645e-01,1.288010e-01,-1.070440e-02,1.380826e-03,1.877070e-02,6.052029e-02
3.10750,0.284168,0.709945,4.981338e-01,3.996532e-01,8.753649e-01,1.288063e-01,-1.071584e-02,1.392557e-03,1.877308e-02,6.050742e-02
3.11000,0.284151,0.710344,4.986183e-01,3.999403e-01,8.753694e-01,1.288115e-01,-1.072788e-02,1.404713e-03,1.877545e-02,6.049450e-02
3.11250,0.284136,0.710744,4.991006e-01,4.002271e-01,8.753788e-01,1.288168e-01,-1.074042e-02,1.416950e-03,1.877780e-02,6.048155e-02
3.11500,0.284122,0.711143,4.995805e-01,4.005135e-01,8.753945e-01,1.288221e-01,-1.075261e-02,1.429061e-03,1.878018e-02,6.046857e-02
3.11750,0.284108,0.711542,5.000581e-01,4.007996e-01,8.754181e-01,1.288274e-01,-1.076444e-02,1.440889e-03,1.878258e-02,6.045555e-02
3.12000,0.284096,0.711941,5.005333e-01,4.010854e-01,8.754511e-01,1.288327e-01,-1.077609e-02,1.452363e-03,1.878499e-02,6.044251e-02
3.12250,0.284085,0.712339,5.010060e-01,4.013709e-01,8.754942e-01,1.288381e-01,-1.078776e-02,1.463590e-03,1.878740e-02,6.042943e-02
3.12500,0.284075,0.712738,5.014763e-01,4.016560e-01,8.755480e-01,1.288434e-01,-1.079962e-02,1.474780e-03,1.878979e-02,6.041631e-02
3.12750,0.284066,0.713136,5.019440e-01,4.019408e-01,8.756127e-01,1.288488e-01,-1.081166e-02,1.485711e-03,1.879214e-02,6.040316e-02
3.13000,0.284058,0.713534,5.024090e-01,4.022253e-01,8.756882e-01,1.288543e-01,-1.082349e-02,1.496261e-03,1.879451e-02,6.038999e-02
3.13250,0.284051,0.713932,5.028715e-01,4.025095e-01,8.757744e-01,1.288597e-01,-1.083498e-02,1.506291e-03,1.879691e-02,6.037677e-02
3.13500,0.284046,0.714330,5.033313e-01,4.027933e-01,8.758707e-01,1.288652e-01,-1.084655e-02,1.515982e-03,1.879931e-02,6.036353e-02
3.13750,0.284041,0.714728,5.037883e-01,4.030768e-01,8.759765e-01,1.288707e-01,-1.085842e-02,1.525581e-03,1.880168e-02,6.035025e-02
3.14000,0.284038,0.715126,5.042427e-01,4.033600e-01,8.760906e-01,1.288762e-01,-1.087090e-02,1.534870e-03,1.880399e-02,6.033694e-02
3.14250,0.284035,0.715523,5.046942e-01,4.036429e-01,8.762115e-01,1.288817e-01,-1.088370e-02,1.543938e-03,1.880628e-02,6.032359e-02
3.14500,0.284034,0.715921,5.051429e-01,4.039255e-01,8.763377e-01,1.288873e-01,-1.089611e-02,1.552776e-03,1.880858e-02,6.031021e-02
3.14750,0.284033,0.716318,5.055887e-01,4.042077e-01,8.764679e-01,1.288928e-01,-1.090787e-02,1.561504e-03,1.881092e-02,6.029680e-02
3.15000,0.284034,0.716715,5.060517e-01,4.044897e-01,8.766013e-01,1.288984e-01,-1.091902e-02,1.570367e-03,1.881330e-02,6.028336e-02
3.15250,0.284036,0.717112,5.065396e-01,4.047713e-01,8.767371e-01,1.289041e-01,-1.092988e-02,1.579192e-03,1.881571e-02,6.026990e-02
3.15500,0.284039,0.717508,5.070251e-01,4.050526e-01,8.768754e-01,1.289097e-01,-1.094033e-02,1.588148e-03,1.881814e-02,6.025641e-02
3.15750,0.284043,0.717905,5.075083e-01,4.053336e-01,8.770165e-01,1.289154e-01,-1.095033e-02,1.597315e-03,1.882063e-02,6.024291e-02
3.16000,0.284049,0.718301,5.079889e-01,4.056143e-01,8.771608e-01,1.289211e-01,-1.096043e-02,1.606626e-03,1.882316e-02,6.022938e-02
3.16250,0.284055,0.718697,5.084671e-01,4.058947e-01,8.773092e-01,1.289268e-01,-1.097065e-02,1.616119e-03,1.882571e-02,6.021584e-02
3.16500,0.284062,0.719093,5.089427e-01,4.061748e-01,8.774637e-01,1.289325e-01,-1.098112e-02,1.625601e-03,1.882826e-02,6.020229e-02
3.16750,0.284071,0.719489,5.094157e-01,4.064546e-01,8.776258e-01,1.289383e-01,-1.099182e-02,1.634518e-03,1.883080e-02,6.018872e-02
3.17000,0.284081,0.719885,5.098860e-01,4.067341e-01,8.777970e-01,1.289440e-01,-1.100254e-02,1.642940e-03,1.883334e-02,6.017513e-02
3.17250,0.284091,0.720281,5.103536e-01,4.070133e-01,8.779782e-01,1.289498e-01,-1.101321e-02,1.651291e-03,1.883588e-02,6.016154e-02
3.17500,0.284103,0.720676,5.108186e-01,4.072922e-01,8.781702e-01,1.289556e-01,-1.102392e-02,1.659402e-03,1.883841e-02,6.014793e-02
3.17750,0.284116,0.721071,5.112807e-01,4.075707e-01,8.783733e-01,1.289615e-01,-1.103470e-02,1.667433e-03,1.884094e-02,6.013430e-02
3.18000,0.284130,0.721466,5.117562e-01,4.078490e-01,8.785873e-01,1.289673e-01,-1.104575e-02,1.675651e-03,1.884343e-02,6.012065e-02
3.18250,0.284145,0.721861,5.122623e-01,4.081270e-01,8.788121e-01,1.289732e-01,-1.105689e-02,1.683988e-03,1.884589e-02,6.010699e-02
3.18500,0.284161,0.722256,5.127661e-01,4.084047e-01,8.790472e-01,1.289791e-01,-1.106792e-02,1.692087e-03,1.884834e-02,6.009332e-02
3.18750,0.284179,0.722650,5.132677e-01,4.086821e-01,8.792922e-01,1.289850e-01,-1.107952e-02,1.699950e-03,1.885075e-02,6.007962e-02
3.19000,0.284197,0.723045,5.137669e-01,4.089592e-01,8.795469e-01,1.289910e-01,-1.109229e-02,1.707221e-03,1.885308e-02,6.006591e-02
3.19250,0.284217,0.723439,5.142637e-01,4.092361e-01,8.798098e-01,1.289969e-01,-1.110568e-02,1.714317e-03,1.885535e-02,6.005217e-02
3.19500,0.284237,0.723833,5.147581e-01,4.095126e-01,8.800785e-01,1.290029e-01,-1.111873e-02,1.721439e-03,1.885760e-02,6.003842e-02
3.19750,0.284259,0.724227,5.152500e-01,4.097889e-01,8.803516e-01,1.290089e-01,-1.113138e-02,1.728310e-03,1.885984e-02,6.002466e-02
3.20000,0.284282,0.724620,5.157395e-01,4.100648e-01,8.806283e-01,1.290149e-01,-1.114354e-02,1.735210e-03,1.886212e-02,6.001087e-02
3.20250,0.284306,0.725014,5.162263e-01,4.103405e-01,8.809077e-01,1.290210e-01,-1.115497e-02,1.742164e-03,1.886443e-02,5.999708e-02
3.20500,0.284331,0.725407,5.167106e-01,4.106159e-01,8.811895e-01,1.290270e-01,-1.116581e-02,1.749206e-03,1.886677e-02,5.998328e-02
3.20750,0.284357,0.725800,5.171922e-01,4.108910e-01,8.814739e-01,1.290331e-01,-1.117587e-02,1.755937e-03,1.886915e-02,5.996947e-02
3.21000,0.284385,0.726193,5.176710e-01,4.111658e-01,8.817623e-01,1.290392e-01,-1.118559e-02,1.762191e-03,1.887155e-02,5.995565e-02
3.21250,0.284413,0.726586,5.181472e-01,4.114404e-01,8.820569e-01,1.290453e-01,-1.119518e-02,1.768222e-03,1.887397e-02,5.994183e-02
3.21500,0.284443,0.726979,5.186205e-01,4.117147e-01,8.823607e-01,1.290515e-01,-1.120494e-02,1.774067e-03,1.887637e-02,5.992800e-02
3.21750,0.284473,0.727371,5.190911e-01,4.119887e-01,8.826753e-01,1.290576e-01,-1.121493e-02,1.779955e-03,1.887873e-02,5.991415e-02
3.22000,0.284505,0.727763,5.195587e-01,4.122624e-01,8.830004e-01,1.290638e-01,-1.122471e-02,1.785921e-03,1.888106e-02,5.990030e-02
3.22250,0.284538,0.728155,5.200235e-01,4.125358e-01,8.833354e-01,1.290700e-01,-1.123437e-02,1.791962e-03,1.888337e-02,5.988644e-02
3.22500,0.284572,0.728547,5.204853e-01,4.128090e-01,8.836802e-01,1.290762e-01,-1.124384e-02,1.797693e-03,1.888568e-02,5.987256e-02
3.22750,0.284607,0.728939,5.209441e-01,4.130819e-01,8.835753e-01,1.290824e-01,-1.125311e-02,1.803309e-03,1.888797e-02,5.985868e-02
3.23000,0.284644,0.729331,5.213999e-01,4.133546e-01,8.833646e-01,1.290887e-01,-1.126280e-02,1.808915e-03,1.889023e-02,5.984479e-02
3.23250,0.284681,0.729722,5.218525e-01,4.136269e-01,8.831611e-01,1.290949e-01,-1.127362e-02,1.814741e-03,1.889240e-02,5.983089e-02
3.23500,0.284720,0.730113,5.223020e-01,4.138990e-01,8.829638e-01,1.291012e-01,-1.128577e-02,1.820398e-03,1.889447e-02,5.981697e-02
3.23750,0.284759,0.730504,5.227483e-01,4.141709e-01,8.827693e-01,1.291075e-01,-1.129910e-02,1.825541e-03,1.889644e-02,5.980304e-02
3.24000,0.284800,0.730895,5.232073e-01,4.144425e-01,8.825737e-01,1.291138e-01,-1.131319e-02,1.830165e-03,1.889836e-02,5.978910e-02
3.24250,0.284842,0.731286,5.236989e-01,4.147138e-01,8.823748e-01,1.291202e-01,-1.132705e-02,1.834999e-03,1.890027e-02,5.977515e-02
3.24500,0.284885,0.731676,5.241878e-01,4.149848e-01,8.821702e-01,1.291265e-01,-1.134063e-02,1.840303e-03,1.890217e-02,5.976119e-02
3.24750,0.284929,0.732066,5.246740e-01,4.152556e-01,8.819585e-01,1.291329e-01,-1.135368e-02,1.845717e-03,1.890409e-02,5.974722e-02
3.25000,0.284975,0.732456,5.251574e-01,4.155262e-01,8.817388e-01,1.291393e-01,-1.136599e-02,1.851205e-03,1.890606e-02,5.973324e-02
3.25250,0.285021,0.732846,5.256380e-01,4.157965e-01,8.815122e-01,1.291457e-01,-1.137798e-02,1.856756e-03,1.890804e-02,5.971926e-02
3.25500,0.285069,0.733236,5.261157e-01,4.160665e-01,8.812818e-01,1.291521e-01,-1.138960e-02,1.862258e-03,1.891005e-02,5.970528e-02
3.25750,0.285117,0.733625,5.265905e-01,4.163363e-01,8.810530e-01,1.291585e-01,-1.140070e-02,1.867918e-03,1.891209e-02,5.969130e-02
3.26000,0.285167,0.734015,5.270624e-01,4.166058e-01,8.808290e-01,1.291649e-01,-1.141235e-02,1.873531e-03,1.891410e-02,5.967731e-02
3.26250,0.285218,0.734404,5.275313e-01,4.168751e-01,8.806119e-01,1.291714e-01,-1.142468e-02,1.878776e-03,1.891604e-02,5.966333e-02
3.26500,0.285270,0.734793,5.279972e-01,4.171441e-01,8.804034e-01,1.291779e-01,-1.143731e-02,1.884012e-03,1.891792e-02,5.964933e-02
3.26750,0.285323,0.735182,5.284600e-01,4.174129e-01,8.802044e-01,1.291844e-01,-1.145010e-02,1.889340e-03,1.891975e-02,5.963534e-02
3.27000,0.285378,0.735570,5.289517e-01,4.176814e-01,8.800157e-01,1.291909e-01,-1.146299e-02,1.894595e-03,1.892153e-02,5.962134e-02
3.27250,0.285433,0.735959,5.294617e-01,4.179497e-01,8.798377e-01,1.291974e-01,-1.147630e-02,1.899845e-03,1.892325e-02,5.960734e-02
3.27500,0.285490,0.736347,5.299692e-01,4.182177e-01,8.796699e-01,1.292039e-01,-1.149026e-02,1.904541e-03,1.892489e-02,5.959333e-02
3.27750,0.285548,0.736735,5.304741e-01,4.184855e-01,8.795122e-01,1.292105e-01,-1.150488e-02,1.908551e-03,1.892644e-02,5.957932e-02
3.28000,0.285607,0.737123,5.309764e-01,4.187530e-01,8.793640e-01,1.292171e-01,-1.151998e-02,1.912394e-03,1.892792e-02,5.956529e-02
3.28250,0.285667,0.737510,5.314760e-01,4.190204e-01,8.792211e-01,1.292236e-01,-1.153562e-02,1.915873e-03,1.892935e-02,5.955125e-02
3.28500,0.285728,0.737898,5.319728e-01,4.192874e-01,8.790781e-01,1.292302e-01,-1.155179e-02,1.919162e-03,1.893075e-02,5.953720e-02
3.28750,0.285790,0.738285,5.324668e-01,4.195542e-01,8.789306e-01,1.292368e-01,-1.156739e-02,1.922963e-03,1.893214e-02,5.952314e-02
3.29000,0.285854,0.738672,5.329580e-01,4.198208e-01,8.787751e-01,1.292434e-01,-1.158215e-02,1.927417e-03,1.893355e-02,5.950908e-02
3.29250,0.285918,0.739059,5.334464e-01,4.200872e-01,8.786108e-01,1.292501e-01,-1.159626e-02,1.932219e-03,1.893498e-02,5.949501e-02
3.29500,0.285984,0.739445,5.339318e-01,4.203533e-01,8.784388e-01,1.292567e-01,-1.160976e-02,1.937430e-03,1.893646e-02,5.948094e-02
3.29750,0.286051,0.739832,5.344143e-01,4.206192e-01,8.782615e-01,1.292633e-01,-1.162236e-02,1.942988e-03,1.893799e-02,5.946688e-02
3.30000,0.286119,0.740218,5.348938e-01,4.208848e-01,8.780834e-01,1.292700e-01,-1.163413e-02,1.948630e-03,1.893957e-02,5.945281e-02
3.30250,0.286189,0.740604,5.353702e-01,4.211502e-01,8.777488e-01,1.292767e-01,-1.164591e-02,1.954214e-03,1.894114e-02,5.943875e-02
3.30500,0.286259,0.740990,5.358435e-01,4.214154e-01,8.772617e-01,1.292834e-01,-1.165850e-02,1.959240e-03,1.894263e-02,5.942469e-02
3.30750,0.286331,0.741376,5.363137e-01,4.216804e-01,8.767804e-01,1.292901e-01,-1.167138e-02,1.963927e-03,1.894408e-02,5.941063e-02
3.31000,0.286403,0.741761,5.367806e-01,4.219451e-01,8.763050e-01,1.292968e-01,-1.168401e-02,1.968534e-03,1.894550e-02,5.939657e-02
3.31250,0.286477,0.742147,5.372442e-01,4.222096e-01,8.758357e-01,1.293035e-01,-1.169688e-02,1.972861e-03,1.894687e-02,5.938252e-02
3.31500,0.286552,0.742532,5.377045e-01,4.224739e-01,8.753727e-01,1.293102e-01,-1.171054e-02,1.976814e-03,1.894815e-02,5.936846e-02
3.31750,0.286629,0.742917,5.381614e-01,4.227379e-01,8.749160e-01,1.293170e-01,-1.172468e-02,1.980471e-03,1.894936e-02,5.935440e-02
3.32000,0.286706,0.743301,5.386149e-01,4.230017e-01,8.744662e-01,1.293237e-01,-1.173972e-02,1.983873e-03,1.895049e-02,5.934033e-02
3.32250,0.286785,0.743686,5.390649e-01,4.232653e-01,8.740231e-01,1.293305e-01,-1.175554e-02,1.987481e-03,1.895157e-02,5.932626e-02
3.32500,0.286864,0.744070,5.395113e-01,4.235287e-01,8.735832e-01,1.293372e-01,-1.177203e-02,1.991703e-03,1.895260e-02,5.931218e-02
3.32750,0.286945,0.744454,5.399782e-01,4.237919e-01,8.731407e-01,1.293440e-01,-1.178913e-02,1.996308e-03,1.895356e-02,5.929810e-02
3.33000,0.287027,0.744838,5.404729e-01,4.240548e-01,8.726911e-01,1.293508e-01,-1.180618e-02,2.001536e-03,1.895447e-02,5.928402e-02
3.33250,0.287110,0.745222,5.409647e-01,4.243175e-01,8.722312e-01,1.293576e-01,-1.182261e-02,2.007272e-03,1.895543e-02,5.926994e-02
3.33500,0.287195,0.745605,5.414535e-01,4.245801e-01,8.717594e-01,1.293644e-01,-1.183804e-02,2.012965e-03,1.895643e-02,5.925586e-02
3.33750,0.287280,0.745989,5.419392e-01,4.248423e-01,8.712764e-01,1.293712e-01,-1.185293e-02,2.018397e-03,1.895749e-02,5.924179e-02
3.34000,0.287367,0.746372,5.424218e-01,4.251044e-01,8.707875e-01,1.293780e-01,-1.186719e-02,2.024224e-03,1.895860e-02,5.922773e-02
3.34250,0.287455,0.746755,5.429013e-01,4.253663e-01,8.702987e-01,1.293848e-01,-1.188142e-02,2.030796e-03,1.895968e-02,5.921368e-02
3.34500,0.287544,0.747137,5.433775e-01,4.256279e-01,8.698137e-01,1.293916e-01,-1.189668e-02,2.037654e-03,1.896068e-02,5.919964e-02
3.34750,0.287634,0.747520,5.438505e-01,4.258893e-01,8.693332e-01,1.293984e-01,-1.191262e-02,2.043782e-03,1.896161e-02,5.918560e-02
3.35000,0.287726,0.747902,5.443202e-01,4.261506e-01,8.688577e-01,1.294053e-01,-1.192741e-02,2.048902e-03,1.896250e-02,5.917157e-02
3.35250,0.287818,0.748284,5.447864e-01,4.264116e-01,8.683881e-01,1.294121e-01,-1.194177e-02,2.053172e-03,1.896339e-02,5.915755e-02
3.35500,0.287912,0.748666,5.452505e-01,4.266724e-01,8.679247e-01,1.294190e-01,-1.195588e-02,2.057179e-03,1.896426e-02,5.914354e-02
3.35750,0.288007,0.749048,5.457665e-01,4.269330e-01,8.674673e-01,1.294258e-01,-1.196974e-02,2.060991e-03,1.896510e-02,5.912953e-02
3.36000,0.288103,0.749429,5.462797e-01,4.271933e-01,8.670171e-01,1.294327e-01,-1.198406e-02,2.064823e-03,1.896589e-02,5.911553e-02
3.36250,0.288200,0.749810,5.467901e-01,4.274535e-01,8.665735e-01,1.294396e-01,-1.199872e-02,2.068617e-03,1.896663e-02,5.910153e-02
3.36500,0.288299,0.750191,5.472975e-01,4.277135e-01,8.661343e-01,1.294464e-01,-1.201364e-02,2.072406e-03,1.896732e-02,5.908754e-02
3.36750,0.288399,0.750572,5.478021e-01,4.279732e-01,8.656950e-01,1.294533e-01,-1.202955e-02,2.076275e-03,1.896796e-02,5.907356e-02
3.37000,0.288500,0.750953,5.483037e-01,4.282328e-01,8.652499e-01,1.294602e-01,-1.204519e-02,2.080482e-03,1.896860e-02,5.905958e-02
3.37250,0.288602,0.751333,5.488023e-01,4.284922e-01,8.647947e-01,1.294671e-01,-1.206018e-02,2.085184e-03,1.896924e-02,5.904562e-02
3.37500,0.288705,0.751714,5.492979e-01,4.287513e-01,8.643272e-01,1.294740e-01,-1.207526e-02,2.090009e-03,1.896988e-02,5.903167e-02
3.37750,0.288809,0.752094,5.497903e-01,4.290103e-01,8.638483e-01,1.294809e-01,-1.209029e-02,2.095114e-03,1.897053e-02,5.901774e-02
3.38000,0.288915,0.752473,5.502795e-01,4.292690e-01,8.633629e-01,1.294878e-01,-1.210482e-02,2.101069e-03,1.897120e-02,5.900382e-02
3.38250,0.289022,0.752853,5.507655e-01,4.295276e-01,8.628769e-01,1.294947e-01,-1.211937e-02,2.108063e-03,1.897184e-02,5.898993e-02
3.38500,0.289130,0.753232,5.512483e-01,4.297859e-01,8.623938e-01,1.295016e-01,-1.213397e-02,2.115447e-03,1.897243e-02,5.897605e-02
3.38750,0.289239,0.753612,5.517277e-01,4.300441e-01,8.619154e-01,1.295085e-01,-1.214950e-02,2.122921e-03,1.897292e-02,5.896219e-02
3.39000,0.289350,0.753991,5.522036e-01,4.303020e-01,8.614421e-01,1.295154e-01,-1.216524e-02,2.130289e-03,1.897335e-02,5.894835e-02
3.39250,0.289461,0.754369,5.526761e-01,4.305598e-01,8.609745e-01,1.295223e-01,-1.218048e-02,2.137458e-03,1.897377e-02,5.893452e-02
3.39500,0.289574,0.754748,5.531451e-01,4.308174e-01,8.605127e-01,1.295292e-01,-1.219542e-02,2.144147e-03,1.897417e-02,5.892071e-02
3.39750,0.289688,0.755126,5.536106e-01,4.310748e-01,8.600565e-01,1.295361e-01,-1.220993e-02,2.150270e-03,1.897455e-02,5.890692e-02
3.40000,0.289803,0.755504,5.540724e-01,4.313319e-01,8.596077e-01,1.295430e-01,-1.222428e-02,2.155160e-03,1.897490e-02,5.889315e-02
3.40250,0.289920,0.755882,5.545306e-01,4.315889e-01,8.591678e-01,1.295499e-01,-1.223888e-02,2.159172e-03,1.897523e-02,5.887939e-02
3.40500,0.290037,0.756260,5.549850e-01,4.318457e-01,8.587343e-01,1.295568e-01,-1.225379e-02,2.162908e-03,1.897551e-02,5.886566e-02
3.40750,0.290156,0.756637,5.554357e-01,4.321023e-01,8.583009e-01,1.295637e-01,-1.227000e-02,2.166520e-03,1.897572e-02,5.885194e-02
3.41000,0.290276,0.757015,5.558826e-01,4.323587e-01,8.578615e-01,1.295707e-01,-1.228682e-02,2.170612e-03,1.897588e-02,5.883824e-02
3.41250,0.290398,0.757392,5.563585e-01,4.326149e-01,8.574127e-01,1.295776e-01,-1.230380e-02,2.175559e-03,1.897599e-02,5.882456e-02
3.41500,0.290520,0.757769,5.568562e-01,4.328710e-01,8.569528e-01,1.295845e-01,-1.232098e-02,2.181304e-03,1.897608e-02,5.881090e-02
3.41750,0.290644,0.758145,5.573507e-01,4.331268e-01,8.564826e-01,1.295914e-01,-1.233799e-02,2.187938e-03,1.897616e-02,5.879726e-02
3.42000,0.290769,0.758522,5.578419e-01,4.333825e-01,8.560073e-01,1.295983e-01,-1.235446e-02,2.195429e-03,1.897623e-02,5.878365e-02
3.42250,0.290895,0.758898,5.583297e-01,4.336379e-01,8.555338e-01,1.296052e-01,-1.237089e-02,2.203433e-03,1.897627e-02,5.877007e-02
3.42500,0.291022,0.759274,5.588142e-01,4.338932e-01,8.550655e-01,1.296121e-01,-1.238735e-02,2.211750e-03,1.897628e-02,5.875651e-02
3.42750,0.291151,0.759650,5.592952e-01,4.341483e-01,8.546021e-01,1.296190e-01,-1.240427e-02,2.220223e-03,1.897622e-02,5.874297e-02
3.43000,0.291280,0.760025,5.597727e-01,4.344032e-01,8.541436e-01,1.296259e-01,-1.242095e-02,2.228623e-03,1.897611e-02,5.872946e-02
3.43250,0.291411,0.760400,5.602466e-01,4.346579e-01,8.536901e-01,1.296328e-01,-1.243618e-02,2.236897e-03,1.897601e-02,5.871597e-02
3.43500,0.291544,0.760775,5.607170e-01,4.349125e-01,8.532430e-01,1.296397e-01,-1.245070e-02,2.244511e-03,1.897593e-02,5.870251e-02
3.43750,0.291677,0.761150,5.611837e-01,4.351668e-01,8.528045e-01,1.296466e-01,-1.246462e-02,2.251244e-03,1.897583e-02,5.868907e-02
3.44000,0.291812,0.761525,5.616726e-01,4.354210e-01,8.523758e-01,1.296535e-01,-1.247864e-02,2.257319e-03,1.897569e-02,5.867566e-02
3.44250,0.291948,0.761899,5.621917e-01,4.356750e-01,8.519572e-01,1.296604e-01,-1.249294e-02,2.262820e-03,1.897551e-02,5.866227e-02
3.44500,0.292085,0.762274,5.627077e-01,4.359288e-01,8.515453e-01,1.296673e-01,-1.250744e-02,2.268186e-03,1.897530e-02,5.864892e-02
3.44750,0.292223,0.762648,5.632207e-01,4.361824e-01,8.511338e-01,1.296742e-01,-1.252269e-02,2.273608e-03,1.897505e-02,5.863559e-02
3.45000,0.292363,0.763021,5.637305e-01,4.364359e-01,8.507169e-01,1.296811e-01,-1.253910e-02,2.279314e-03,1.897471e-02,5.862228e-02
3.45250,0.292504,0.763395,5.642372e-01,4.366891e-01,8.502906e-01,1.296880e-01,-1.255582e-02,2.285252e-03,1.897432e-02,5.860900e-02
3.45500,0.292646,0.763768,5.647406e-01,4.369422e-01,8.498537e-01,1.296948e-01,-1.257248e-02,2.291949e-03,1.897390e-02,5.859575e-02
3.45750,0.292789,0.764141,5.652407e-01,4.371951e-01,8.494096e-01,1.297017e-01,-1.258828e-02,2.299516e-03,1.897354e-02,5.858253e-02
3.46000,0.292933,0.764514,5.657374e-01,4.374478e-01,8.489651e-01,1.297085e-01,-1.260314e-02,2.307895e-03,1.897323e-02,5.856934e-02
3.46250,0.293079,0.764887,5.662307e-01,4.377003e-01,8.485258e-01,1.297154e-01,-1.261777e-02,2.317279e-03,1.897291e-02,5.855618e-02
3.46500,0.293226,0.765259,5.667206e-01,4.379527e-01,8.480929e-01,1.297222e-01,-1.263285e-02,2.327018e-03,1.897253e-02,5.854306e-02
3.46750,0.293374,0.765631,5.672069e-01,4.382049e-01,8.476651e-01,1.297291e-01,-1.264821e-02,2.336626e-03,1.897208e-02,5.852996e-02
3.47000,0.293524,0.766003,5.676896e-01,4.384569e-01,8.472435e-01,1.297359e-01,-1.266306e-02,2.346284e-03,1.897160e-02,5.851691e-02
3.47250,0.293675,0.766375,5.681687e-01,4.387087e-01,8.468297e-01,1.297427e-01,-1.267722e-02,2.355533e-03,1.897110e-02,5.850389e-02
3.47500,0.293826,0.766746,5.686442e-01,4.389604e-01,8.464254e-01,1.297496e-01,-1.269166e-02,2.364157e-03,1.897054e-02,5.849090e-02
3.47750,0.293980,0.767118,5.691158e-01,4.392119e-01,8.460312e-01,1.297564e-01,-1.270651e-02,2.371881e-03,1.896989e-02,5.847796e-02
3.48000,0.294134,0.767489,5.695837e-01,4.394632e-01,8.456465e-01,1.297632e-01,-1.272121e-02,2.378949e-03,1.896919e-02,5.846505e-02
3.48250,0.294290,0.767859,5.700477e-01,4.397143e-01,8.452716e-01,1.297700e-01,-1.273561e-02,2.386445e-03,1.896849e-02,5.845219e-02
3.48500,0.294447,0.768230,5.705079e-01,4.399652e-01,8.449037e-01,1.297768e-01,-1.275098e-02,2.394380e-03,1.896775e-02,5.843936e-02
3.48750,0.294605,0.768600,5.709640e-01,4.402160e-01,8.445368e-01,1.297836e-01,-1.276805e-02,2.402349e-03,1.896690e-02,5.842657e-02
3.49000,0.294764,0.768970,5.714161e-01,4.404666e-01,8.441646e-01,1.297904e-01,-1.278630e-02,2.410584e-03,1.896596e-02,5.841380e-02
3.49250,0.294925,0.769340,5.718640e-01,4.407170e-01,8.437845e-01,1.297971e-01,-1.280404e-02,2.419538e-03,1.896503e-02,5.840107e-02
3.49500,0.295087,0.769710,5.723394e-01,4.409673e-01,8.433976e-01,1.298039e-01,-1.282058e-02,2.429932e-03,1.896418e-02,5.838837e-02
3.49750,0.295250,0.770079,5.728403e-01,4.412173e-01,8.430071e-01,1.298106e-01,-1.283557e-02,2.441225e-03,1.896343e-02,5.837572e-02
3.50000,0.295415,0.770448,5.733377e-01,4.414672e-01,8.426185e-01,1.298174e-01,-1.284903e-02,2.453194e-03,1.896276e-02,5.836310e-02
3.50250,0.295580,0.770817,5.738316e-01,4.417170e-01,8.422374e-01,1.298241e-01,-1.286225e-02,2.465293e-03,1.896205e-02,5.835053e-02
3.50500,0.295747,0.771185,5.743219e-01,4.419665e-01,8.418658e-01,1.298308e-01,-1.287670e-02,2.476609e-03,1.896124e-02,5.833800e-02
3.50750,0.295915,0.771554,5.748086e-01,4.422159e-01,8.415036e-01,1.298375e-01,-1.289234e-02,2.487254e-03,1.896028e-02,5.832551e-02
3.51000,0.296085,0.771922,5.752916e-01,4.424651e-01,8.411507e-01,1.298443e-01,-1.290743e-02,2.497317e-03,1.895924e-02,5.831307e-02
3.51250,0.296256,0.772290,5.757708e-01,4.427141e-01,8.408080e-01,1.298510e-01,-1.292129e-02,2.506464e-03,1.895817e-02,5.830067e-02
3.51500,0.296428,0.772657,5.762463e-01,4.429630e-01,8.404756e-01,1.298576e-01,-1.293434e-02,2.514791e-03,1.895706e-02,5.828832e-02
3.51750,0.296601,0.773025,5.767180e-01,4.432117e-01,8.401535e-01,1.298643e-01,-1.294656e-02,2.522597e-03,1.895597e-02,5.827602e-02
3.52000,0.296776,0.773392,5.771858e-01,4.434602e-01,8.398413e-01,1.298710e-01,-1.295914e-02,2.530045e-03,1.895486e-02,5.826376e-02
3.52250,0.296951,0.773759,5.776878e-01,4.437085e-01,8.395378e-01,1.298776e-01,-1.297288e-02,2.537848e-03,1.895370e-02,5.825155e-02
3.52500,0.297128,0.774125,5.782102e-01,4.439567e-01,8.392398e-01,1.298843e-01,-1.298882e-02,2.546689e-03,1.895243e-02,5.823937e-02
3.52750,0.297307,0.774492,5.787292e-01,4.442047e-01,8.389427e-01,1.298909e-01,-1.300539e-02,2.556770e-03,1.895112e-02,5.822723e-02
3.53000,0.297486,0.774858,5.792450e-01,4.444525e-01,8.386423e-01,1.298975e-01,-1.302117e-02,2.568057e-03,1.894987e-02,5.821513e-02
3.53250,0.297667,0.775224,5.797574e-01,4.447002e-01,8.383362e-01,1.299041e-01,-1.303521e-02,2.580239e-03,1.894873e-02,5.820307e-02
3.53500,0.297849,0.775589,5.802664e-01,4.449477e-01,8.380256e-01,1.299107e-01,-1.304769e-02,2.593538e-03,1.894769e-02,5.819106e-02
3.53750,0.298033,0.775955,5.807719e-01,4.451950e-01,8.377162e-01,1.299173e-01,-1.305974e-02,2.607559e-03,1.894667e-02,5.817910e-02
3.54000,0.298218,0.776320,5.812738e-01,4.454421e-01,8.374144e-01,1.299239e-01,-1.307253e-02,2.621542e-03,1.894559e-02,5.816720e-02
3.54250,0.298404,0.776685,5.817721e-01,4.456891e-01,8.371230e-01,1.299304e-01,-1.308723e-02,2.635338e-03,1.894434e-02,5.815536e-02
3.54500,0.298591,0.777049,5.822668e-01,4.459359e-01,8.368429e-01,1.299370e-01,-1.310288e-02,2.648502e-03,1.894291e-02,5.814356e-02
3.54750,0.298779,0.777414,5.827578e-01,4.461825e-01,8.365743e-01,1.299435e-01,-1.311776e-02,2.660945e-03,1.894139e-02,5.813183e-02
3.55000,0.298969,0.777778,5.832450e-01,4.464289e-01,8.363174e-01,1.299500e-01,-1.313146e-02,2.672907e-03,1.893985e-02,5.812015e-02
3.55250,0.299160,0.778142,5.837284e-01,4.466752e-01,8.360727e-01,1.299565e-01,-1.314417e-02,2.684241e-03,1.893835e-02,5.810852e-02
3.55500,0.299353,0.778505,5.842079e-01,4.469213e-01,8.358385e-01,1.299630e-01,-1.315759e-02,2.694995e-03,1.893680e-02,5.809696e-02
3.55750,0.299546,0.778869,5.846835e-01,4.471673e-01,8.356132e-01,1.299695e-01,-1.317160e-02,2.705291e-03,1.893520e-02,5.808544e-02
3.56000,0.299741,0.779232,5.851551e-01,4.474130e-01,8.353976e-01,1.299760e-01,-1.318658e-02,2.715849e-03,1.893355e-02,5.807396e-02
3.56250,0.299938,0.779594,5.856226e-01,4.476586e-01,8.351892e-01,1.299824e-01,-1.320203e-02,2.727513e-03,1.893192e-02,5.806253e-02
3.56500,0.300135,0.779957,5.860860e-01,4.479040e-01,8.349845e-01,1.299889e-01,-1.321717e-02,2.740146e-03,1.893032e-02,5.805115e-02
3.56750,0.300334,0.780319,5.865451e-01,4.481493e-01,8.347795e-01,1.299953e-01,-1.323030e-02,2.753676e-03,1.892882e-02,5.803982e-02
3.57000,0.300534,0.780681,5.870000e-01,4.483944e-01,8.345726e-01,1.300017e-01,-1.324184e-02,2.767767e-03,1.892739e-02,5.802854e-02
3.57250,0.300735,0.781043,5.874506e-01,4.486392e-01,8.343652e-01,1.300080e-01,-1.325333e-02,2.782007e-03,1.892599e-02,5.801732e-02
3.57500,0.300938,0.781404,5.878968e-01,4.488840e-01,8.341604e-01,1.300144e-01,-1.326469e-02,2.796348e-03,1.892457e-02,5.800617e-02
3.57750,0.301142,0.781765,5.883949e-01,4.491285e-01,8.339615e-01,1.300208e-01,-1.327587e-02,2.810537e-03,1.892312e-02,5.799508e-02
3.58000,0.301347,0.782126,5.888961e-01,4.493729e-01,8.337728e-01,1.300271e-01,-1.328712e-02,2.824344e-03,1.892156e-02,5.798406e-02
3.58250,0.301554,0.782487,5.893935e-01,4.496171e-01,8.335963e-01,1.300334e-01,-1.329923e-02,2.837536e-03,1.891988e-02,5.797310e-02
3.58500,0.301762,0.782847,5.898872e-01,4.498611e-01,8.334318e-01,1.300397e-01,-1.331117e-02,2.850474e-03,1.891813e-02,5.796221e-02
3.58750,0.301971,0.783207,5.903771e-01,4.501050e-01,8.332802e-01,1.300460e-01,-1.332257e-02,2.863217e-03,1.891639e-02,5.795138e-02
3.59000,0.302181,0.783567,5.908631e-01,4.503487e-01,8.331426e-01,1.300523e-01,-1.333388e-02,2.875632e-03,1.891462e-02,5.794061e-02
3.59250,0.302393,0.783926,5.913452e-01,4.505922e-01,8.330186e-01,1.300586e-01,-1.334552e-02,2.888399e-03,1.891279e-02,5.792989e-02
3.59500,0.302606,0.784285,5.918234e-01,4.508355e-01,8.329066e-01,1.300648e-01,-1.335675e-02,2.901818e-03,1.891098e-02,5.791924e-02
3.59750,0.302820,0.784644,5.922975e-01,4.510787e-01,8.328049e-01,1.300711e-01,-1.336752e-02,2.916489e-03,1.890923e-02,5.790864e-02
3.60000,0.303036,0.785003,5.927674e-01,4.513217e-01,8.327118e-01,1.300773e-01,-1.337844e-02,2.932057e-03,1.890750e-02,5.789811e-02
3.60250,0.303253,0.785361,5.932672e-01,4.515645e-01,8.326246e-01,1.300835e-01,-1.339002e-02,2.947446e-03,1.890572e-02,5.788764e-02
3.60500,0.303471,0.785719,5.937921e-01,4.518071e-01,8.325403e-01,1.300897e-01,-1.340152e-02,2.962793e-03,1.890390e-02,5.787724e-02
3.60750,0.303691,0.786077,5.943135e-01,4.520496e-01,8.324574e-01,1.300958e-01,-1.341281e-02,2.978257e-03,1.890210e-02,5.786691e-02
3.61000,0.303912,0.786435,5.948314e-01,4.522918e-01,8.323760e-01,1.301020e-01,-1.342345e-02,2.994264e-03,1.890036e-02,5.785665e-02
3.61250,0.304134,0.786792,5.953458e-01,4.525339e-01,8.322987e-01,1.301081e-01,-1.343312e-02,3.010770e-03,1.889865e-02,5.784646e-02
3.61500,0.304357,0.787149,5.958565e-01,4.527759e-01,8.322295e-01,1.301142e-01,-1.344298e-02,3.027120e-03,1.889690e-02,5.783636e-02
3.61750,0.304582,0.787505,5.963636e-01,4.530176e-01,8.321717e-01,1.301203e-01,-1.345384e-02,3.043319e-03,1.889504e-02,5.782632e-02
3.62000,0.304808,0.787862,5.968670e-01,4.532592e-01,8.321269e-01,1.301263e-01,-1.346579e-02,3.058889e-03,1.889307e-02,5.781636e-02
3.62250,0.305036,0.788218,5.973665e-01,4.535006e-01,8.320957e-01,1.301324e-01,-1.347776e-02,3.074324e-03,1.889104e-02,5.780647e-02
3.62500,0.305264,0.788573,5.978622e-01,4.537418e-01,8.320786e-01,1.301384e-01,-1.348890e-02,3.090377e-03,1.888897e-02,5.779665e-02
3.62750,0.305494,0.788929,5.983541e-01,4.539828e-01,8.320756e-01,1.301445e-01,-1.349907e-02,3.106572e-03,1.888688e-02,5.778689e-02
3.63000,0.305726,0.789284,5.988419e-01,4.542237e-01,8.320875e-01,1.301505e-01,-1.350861e-02,3.122556e-03,1.888475e-02,5.777720e-02
3.63250,0.305958,0.789638,5.993258e-01,4.544644e-01,8.321129e-01,1.301565e-01,-1.351790e-02,3.137858e-03,1.888261e-02,5.776758e-02
3.63500,0.306192,0.789993,5.998055e-01,4.547048e-01,8.321505e-01,1.301624e-01,-1.352540e-02,3.152761e-03,1.888056e-02,5.775804e-02
3.63750,0.306427,0.790347,6.002811e-01,4.549452e-01,8.321994e-01,1.301684e-01,-1.353247e-02,3.167697e-03,1.887856e-02,5.774857e-02
3.64000,0.306664,0.790701,6.007525e-01,4.551853e-01,8.322572e-01,1.301743e-01,-1.354119e-02,3.183134e-03,1.887650e-02,5.773917e-02
3.64250,0.306902,0.791054,6.012195e-01,4.554252e-01,8.323207e-01,1.301802e-01,-1.355130e-02,3.198950e-03,1.887438e-02,5.772986e-02
3.64500,0.307141,0.791408,6.016822e-01,4.556650e-01,8.323871e-01,1.301861e-01,-1.356031e-02,3.215465e-03,1.887231e-02,5.772062e-02
3.64750,0.307382,0.791761,6.021913e-01,4.559046e-01,8.324564e-01,1.301920e-01,-1.356824e-02,3.233171e-03,1.887033e-02,5.771146e-02
3.65000,0.307623,0.792113,6.027090e-01,4.561440e-01,8.325315e-01,1.301978e-01,-1.357606e-02,3.251775e-03,1.886839e-02,5.770238e-02
3.65250,0.307867,0.792465,6.032229e-01,4.563832e-01,8.326164e-01,1.302036e-01,-1.358354e-02,3.270708e-03,1.886645e-02,5.769339e-02
3.65500,0.308111,0.792817,6.037332e-01,4.566222e-01,8.327140e-01,1.302095e-01,-1.359082e-02,3.289424e-03,1.886450e-02,5.768447e-02
3.65750,0.308357,0.793169,6.042396e-01,4.568611e-01,8.328258e-01,1.302152e-01,-1.359837e-02,3.307804e-03,1.886248e-02,5.767564e-02
3.66000,0.308604,0.793520,6.047422e-01,4.570997e-01,8.329524e-01,1.302210e-01,-1.360597e-02,3.325814e-03,1.886036e-02,5.766688e-02
3.66250,0.308852,0.793871,6.052409e-01,4.573382e-01,8.330939e-01,1.302268e-01,-1.361346e-02,3.343651e-03,1.885813e-02,5.765821e-02
3.66500,0.309102,0.794222,6.057356e-01,4.575765e-01,8.332499e-01,1.302325e-01,-1.362007e-02,3.361286e-03,1.885584e-02,5.764961e-02
3.66750,0.309353,0.794572,6.062263e-01,4.578146e-01,8.334204e-01,1.302382e-01,-1.362647e-02,3.378445e-03,1.885350e-02,5.764111e-02
3.67000,0.309606,0.794922,6.067129e-01,4.580525e-01,8.336059e-01,1.302440e-01,-1.363261e-02,3.395517e-03,1.885115e-02,5.763268e-02
3.67250,0.309859,0.795272,6.071952e-01,4.582902e-01,8.338068e-01,1.302496e-01,-1.363840e-02,3.412989e-03,1.884882e-02,5.762435e-02
3.67500,0.310114,0.795621,6.076734e-01,4.585277e-01,8.340214e-01,1.302553e-01,-1.364476e-02,3.430964e-03,1.884653e-02,5.761610e-02
3.67750,0.310371,0.795971,6.081472e-01,4.587651e-01,8.342474e-01,1.302609e-01,-1.365181e-02,3.448990e-03,1.884428e-02,5.760794e-02
3.68000,0.310628,0.796319,6.086764e-01,4.590022e-01,8.344823e-01,1.302665e-01,-1.365881e-02,3.467344e-03,1.884207e-02,5.759987e-02
3.68250,0.310887,0.796668,6.092068e-01,4.592392e-01,8.347235e-01,1.302721e-01,-1.366591e-02,3.486194e-03,1.883988e-02,5.759188e-02
3.68500,0.311148,0.797016,6.097335e-01,4.594759e-01,8.349694e-01,1.302777e-01,-1.367244e-02,3.505989e-03,1.883774e-02,5.758398e-02
3.68750,0.311409,0.797363,6.102566e-01,4.597125e-01,8.352204e-01,1.302833e-01,-1.367764e-02,3.526848e-03,1.883567e-02,5.757617e-02
3.69000,0.311672,0.797711,6.107760e-01,4.599489e-01,8.354782e-01,1.302888e-01,-1.368220e-02,3.548192e-03,1.883360e-02,5.756845e-02
3.69250,0.311936,0.798057,6.112916e-01,4.601850e-01,8.357459e-01,1.302943e-01,-1.368677e-02,3.568923e-03,1.883144e-02,5.756081e-02
3.69500,0.312202,0.798404,6.118033e-01,4.604210e-01,8.360266e-01,1.302998e-01,-1.369163e-02,3.588513e-03,1.882910e-02,5.755327e-02
3.69750,0.312469,0.798750,6.123112e-01,4.606568e-01,8.363217e-01,1.303053e-01,-1.369712e-02,3.607313e-03,1.882662e-02,5.754582e-02
3.70000,0.312737,0.799096,6.128151e-01,4.608924e-01,8.366319e-01,1.303107e-01,-1.370164e-02,3.626083e-03,1.882408e-02,5.753846e-02
3.70250,0.313007,0.799442,6.133150e-01,4.611278e-01,8.369572e-01,1.303162e-01,-1.370562e-02,3.644740e-03,1.882152e-02,5.753118e-02
3.70500,0.313278,0.799787,6.138107e-01,4.613630e-01,8.372974e-01,1.303216e-01,-1.370976e-02,3.663198e-03,1.881894e-02,5.752401e-02
3.70750,0.313550,0.800132,6.143023e-01,4.615980e-01,8.376531e-01,1.303270e-01,-1.371356e-02,3.682276e-03,1.881642e-02,5.751692e-02
3.71000,0.313823,0.800476,6.147897e-01,4.618328e-01,8.380244e-01,1.303324e-01,-1.371662e-02,3.702033e-03,1.881400e-02,5.750992e-02
3.71250,0.314098,0.800821,6.152728e-01,4.620673e-01,8.384110e-01,1.303377e-01,-1.371922e-02,3.721824e-03,1.881167e-02,5.750302e-02
3.71500,0.314375,0.801164,6.157515e-01,4.623017e-01,8.388113e-01,1.303430e-01,-1.372192e-02,3.741610e-03,1.880941e-02,5.749621e-02
3.71750,0.314652,0.801508,6.162258e-01,4.625359e-01,8.392226e-01,1.303483e-01,-1.372474e-02,3.761706e-03,1.880718e-02,5.748950e-02
3.72000,0.314931,0.801851,6.166956e-01,4.627699e-01,8.396434e-01,1.303536e-01,-1.372689e-02,3.782633e-03,1.880499e-02,5.748288e-02
3.72250,0.315211,0.802194,6.171608e-01,4.630037e-01,8.400718e-01,1.303589e-01,-1.372922e-02,3.803976e-03,1.880275e-02,5.747636e-02
3.72500,0.315493,0.802536,6.176215e-01,4.632372e-01,8.405058e-01,1.303641e-01,-1.373133e-02,3.825678e-03,1.880045e-02,5.746994e-02
3.72750,0.315775,0.802878,6.181367e-01,4.634706e-01,8.409453e-01,1.303693e-01,-1.373355e-02,3.847853e-03,1.879809e-02,5.746362e-02
3.73000,0.316060,0.803219,6.186538e-01,4.637037e-01,8.413914e-01,1.303745e-01,-1.373597e-02,3.870105e-03,1.879564e-02,5.745741e-02
3.73250,0.316345,0.803560,6.191670e-01,4.639367e-01,8.418478e-01,1.303797e-01,-1.373826e-02,3.892411e-03,1.879313e-02,5.745130e-02
3.73500,0.316632,0.803901,6.196762e-01,4.641694e-01,8.423177e-01,1.303849e-01,-1.374023e-02,3.914387e-03,1.879059e-02,5.744529e-02
3.73750,0.316920,0.804242,6.201813e-01,4.644019e-01,8.428023e-01,1.303900e-01,-1.374141e-02,3.936094e-03,1.878809e-02,5.743938e-02
3.74000,0.317210,0.804582,6.206823e-01,4.646342e-01,8.433022e-01,1.303951e-01,-1.374207e-02,3.957726e-03,1.878561e-02,5.743358e-02
3.74250,0.317500,0.804921,6.211792e-01,4.648663e-01,8.438177e-01,1.304002e-01,-1.374296e-02,3.978799e-03,1.878315e-02,5.742787e-02
3.74500,0.317792,0.805261,6.216718e-01,4.650982e-01,8.443486e-01,1.304053e-01,-1.374273e-02,4.000186e-03,1.878074e-02,5.742226e-02
3.74750,0.318086,0.805600,6.221600e-01,4.653298e-01,8.448946e-01,1.304103e-01,-1.374243e-02,4.022175e-03,1.877836e-02,5.741676e-02
3.75000,0.318381,0.805938,6.226439e-01,4.655613e-01,8.454547e-01,1.304153e-01,-1.374198e-02,4.044351e-03,1.877597e-02,5.741136e-02
3.75250,0.318677,0.806276,6.231233e-01,4.657925e-01,8.460293e-01,1.304203e-01,-1.374158e-02,4.066583e-03,1.877354e-02,5.740607e-02
3.75500,0.318974,0.806614,6.236095e-01,4.660235e-01,8.466182e-01,1.304253e-01,-1.374197e-02,4.088434e-03,1.877106e-02,5.740087e-02
3.75750,0.319273,0.806951,6.241458e-01,4.662543e-01,8.472199e-01,1.304303e-01,-1.374231e-02,4.110297e-03,1.876853e-02,5.739578e-02
3.76000,0.319573,0.807288,6.246784e-01,4.664848e-01,8.478320e-01,1.304352e-01,-1.374276e-02,4.132478e-03,1.876596e-02,5.739080e-02
3.76250,0.319874,0.807625,6.252071e-01,4.667152e-01,8.484519e-01,1.304401e-01,-1.374217e-02,4.154760e-03,1.876345e-02,5.738593e-02
3.76500,0.320177,0.807961,6.257320e-01,4.669453e-01,8.490783e-01,1.304450e-01,-1.374066e-02,4.177281e-03,1.876102e-02,5.738116e-02
3.76750,0.320481,0.808296,6.262530e-01,4.671752e-01,8.497115e-01,1.304498e-01,-1.373886e-02,4.200382e-03,1.875861e-02,5.737650e-02
3.77000,0.320786,0.808632,6.267700e-01,4.674048e-01,8.503511e-01,1.304547e-01,-1.373740e-02,4.224066e-03,1.875618e-02,5.737194e-02
3.77250,0.321093,0.808966,6.272830e-01,4.676343e-01,8.509982e-01,1.304595e-01,-1.373678e-02,4.248200e-03,1.875368e-02,5.736749e-02
3.77500,0.321401,0.809301,6.277919e-01,4.678635e-01,8.516551e-01,1.304643e-01,-1.373646e-02,4.271880e-03,1.875111e-02,5.736314e-02
3.77750,0.321710,0.809635,6.282966e-01,4.680924e-01,8.523244e-01,1.304691e-01,-1.373439e-02,4.294810e-03,1.874857e-02,5.735889e-02
3.78000,0.322021,0.809969,6.287971e-01,4.683212e-01,8.530093e-01,1.304738e-01,-1.373063e-02,4.317823e-03,1.874608e-02,5.735476e-02
3.78250,0.322333,0.810302,6.292932e-01,4.685497e-01,8.537123e-01,1.304785e-01,-1.372645e-02,4.341113e-03,1.874359e-02,5.735073e-02
3.78500,0.322646,0.810634,6.297850e-01,4.687780e-01,8.544336e-01,1.304832e-01,-1.372207e-02,4.364180e-03,1.874107e-02,5.734682e-02
3.78750,0.322961,0.810967,6.302723e-01,4.690060e-01,8.551716e-01,1.304879e-01,-1.371727e-02,4.387093e-03,1.873855e-02,5.734302e-02
3.79000,0.323277,0.811299,6.307551e-01,4.692338e-01,8.559242e-01,1.304926e-01,-1.371233e-02,4.410261e-03,1.873604e-02,5.733933e-02
3.79250,0.323594,0.811630,6.312334e-01,4.694613e-01,8.566839e-01,1.304972e-01,-1.370783e-02,4.433824e-03,1.873355e-02,5.733576e-02
3.79500,0.323913,0.811961,6.317070e-01,4.696887e-01,8.574484e-01,1.305018e-01,-1.370393e-02,4.458135e-03,1.873107e-02,5.733230e-02
3.79750,0.324233,0.812292,6.321759e-01,4.699157e-01,8.582211e-01,1.305064e-01,-1.369999e-02,4.482897e-03,1.872861e-02,5.732895e-02
3.80000,0.324554,0.812622,6.326402e-01,4.701426e-01,8.590016e-01,1.305109e-01,-1.369503e-02,4.508379e-03,1.872622e-02,5.732571e-02
3.80250,0.324876,0.812952,6.331620e-01,4.703692e-01,8.597905e-01,1.305154e-01,-1.368929e-02,4.534440e-03,1.872390e-02,5.732259e-02
3.80500,0.325200,0.813281,6.336830e-01,4.705955e-01,8.605882e-01,1.305199e-01,-1.368370e-02,4.560756e-03,1.872159e-02,5.731958e-02
3.80750,0.325525,0.813610,6.342000e-01,4.708216e-01,8.613942e-01,1.305244e-01,-1.367852e-02,4.587357e-03,1.871922e-02,5.731669e-02
3.81000,0.325852,0.813938,6.347129e-01,4.710475e-01,8.622076e-01,1.305288e-01,-1.367391e-02,4.613487e-03,1.871677e-02,5.731391e-02
3.81250,0.326180,0.814266,6.352215e-01,4.712731e-01,8.630288e-01,1.305333e-01,-1.366950e-02,4.638673e-03,1.871423e-02,5.731125e-02
3.81500,0.326509,0.814594,6.357259e-01,4.714984e-01,8.638584e-01,1.305377e-01,-1.366475e-02,4.663207e-03,1.871164e-02,5.730869e-02
3.81750,0.326839,0.814921,6.362259e-01,4.717235e-01,8.646986e-01,1.305421e-01,-1.365835e-02,4.687141e-03,1.870911e-02,5.730625e-02
3.82000,0.327171,0.815248,6.367215e-01,4.719483e-01,8.655512e-01,1.305464e-01,-1.365043e-02,4.710813e-03,1.870666e-02,5.730393e-02
3.82250,0.327504,0.815574,6.372126e-01,4.721729e-01,8.664176e-01,1.305508e-01,-1.364232e-02,4.734616e-03,1.870421e-02,5.730173e-02
3.82500,0.327838,0.815899,6.376992e-01,4.723972e-01,8.672984e-01,1.305551e-01,-1.363464e-02,4.758379e-03,1.870172e-02,5.729964e-02
3.82750,0.328174,0.816225,6.381812e-01,4.726213e-01,8.681942e-01,1.305594e-01,-1.362750e-02,4.782369e-03,1.869920e-02,5.729767e-02
3.83000,0.328511,0.816549,6.387065e-01,4.728451e-01,8.691054e-01,1.305636e-01,-1.361947e-02,4.807131e-03,1.869675e-02,5.729582e-02
3.83250,0.328849,0.816874,6.392460e-01,4.730686e-01,8.700307e-01,1.305678e-01,-1.361115e-02,4.832906e-03,1.869434e-02,5.729408e-02
3.83500,0.329189,0.817198,6.397816e-01,4.732919e-01,8.709677e-01,1.305720e-01,-1.360279e-02,4.859065e-03,1.869194e-02,5.729245e-02
3.83750,0.329530,0.817521,6.403133e-01,4.735149e-01,8.719141e-01,1.305762e-01,-1.359440e-02,4.885136e-03,1.868953e-02,5.729095e-02
3.84000,0.329872,0.817844,6.408410e-01,4.737376e-01,8.728680e-01,1.305804e-01,-1.358587e-02,4.911027e-03,1.868714e-02,5.728957e-02
3.84250,0.330215,0.818166,6.413647e-01,4.739601e-01,8.738267e-01,1.305845e-01,-1.357666e-02,4.937100e-03,1.868478e-02,5.728829e-02
3.84500,0.330560,0.818488,6.418842e-01,4.741823e-01,8.747890e-01,1.305886e-01,-1.356678e-02,4.963638e-03,1.868247e-02,5.728714e-02
3.84750,0.330906,0.818809,6.423995e-01,4.744042e-01,8.757554e-01,1.305927e-01,-1.355666e-02,4.990483e-03,1.868019e-02,5.728611e-02
3.85000,0.331253,0.819130,6.429105e-01,4.746259e-01,8.767275e-01,1.305967e-01,-1.354657e-02,5.017377e-03,1.867788e-02,5.728519e-02
3.85250,0.331602,0.819451,6.434172e-01,4.748473e-01,8.777074e-01,1.306007e-01,-1.353679e-02,5.044730e-03,1.867552e-02,5.728439e-02
3.85500,0.331952,0.819771,6.439195e-01,4.750683e-01,8.786959e-01,1.306047e-01,-1.352781e-02,5.072327e-03,1.867307e-02,5.728371e-02
3.85750,0.332303,0.820090,6.444173e-01,4.752892e-01,8.796929e-01,1.306087e-01,-1.351804e-02,5.099852e-03,1.867062e-02,5.728314e-02
3.86000,0.332656,0.820409,6.449105e-01,4.755097e-01,8.806992e-01,1.306127e-01,-1.350698e-02,5.127040e-03,1.866820e-02,5.728269e-02
3.86250,0.333010,0.820728,6.453992e-01,4.757299e-01,8.817152e-01,1.306166e-01,-1.349506e-02,5.153824e-03,1.866577e-02,5.728237e-02
3.86500,0.333365,0.821046,6.458832e-01,4.759499e-01,8.827414e-01,1.306205e-01,-1.348277e-02,5.180464e-03,1.866336e-02,5.728216e-02
3.86750,0.333721,0.821363,6.463626e-01,4.761696e-01,8.837778e-01,1.306244e-01,-1.347050e-02,5.207305e-03,1.866095e-02,5.728207e-02
3.87000,0.334079,0.821680,6.468371e-01,4.763889e-01,8.848242e-01,1.306282e-01,-1.345822e-02,5.234403e-03,1.865854e-02,5.728209e-02
3.87250,0.334438,0.821996,6.473068e-01,4.766080e-01,8.858807e-01,1.306320e-01,-1.344567e-02,5.261247e-03,1.865615e-02,5.728224e-02
3.87500,0.334799,0.822312,6.478230e-01,4.768268e-01,8.869466e-01,1.306358e-01,-1.343301e-02,5.288195e-03,1.865377e-02,5.728249e-02
3.87750,0.335160,0.822628,6.483493e-01,4.770453e-01,8.880206e-01,1.306396e-01,-1.342061e-02,5.315315e-03,1.865141e-02,5.728287e-02
3.88000,0.335523,0.822943,6.488714e-01,4.772635e-01,8.891015e-01,1.306433e-01,-1.340808e-02,5.342520e-03,1.864911e-02,5.728335e-02
3.88250,0.335887,0.823257,6.493893e-01,4.774814e-01,8.901876e-01,1.306470e-01,-1.339487e-02,5.369427e-03,1.864688e-02,5.728396e-02
3.88500,0.336253,0.823571,6.499028e-01,4.776990e-01,8.912642e-01,1.306507e-01,-1.338088e-02,5.396288e-03,1.864474e-02,5.728468e-02
3.88750,0.336619,0.823884,6.504120e-01,4.779163e-01,8.923460e-01,1.306544e-01,-1.336688e-02,5.423852e-03,1.864260e-02,5.728552e-02
3.89000,0.336987,0.824197,6.509167e-01,4.781333e-01,8.934320e-01,1.306580e-01,-1.335264e-02,5.452239e-03,1.864045e-02,5.728647e-02
3.89250,0.337357,0.824509,6.514168e-01,4.783500e-01,8.945215e-01,1.306616e-01,-1.333780e-02,5.480525e-03,1.863828e-02,5.728754e-02
3.89500,0.337727,0.824821,6.519124e-01,4.785663e-01,8.956146e-01,1.306652e-01,-1.332274e-02,5.508610e-03,1.863611e-02,5.728873e-02
3.89750,0.338099,0.825132,6.524034e-01,4.787824e-01,8.967113e-01,1.306687e-01,-1.330775e-02,5.536683e-03,1.863388e-02,5.729003e-02
3.90000,0.338472,0.825443,6.528942e-01,4.789981e-01,8.978122e-01,1.306722e-01,-1.329263e-02,5.564872e-03,1.863160e-02,5.729145e-02
3.90250,0.338846,0.825753,6.534419e-01,4.792136e-01,8.989185e-01,1.306757e-01,-1.327713e-02,5.592999e-03,1.862932e-02,5.729299e-02
3.90500,0.339222,0.826062,6.539857e-01,4.794287e-01,9.000316e-01,1.306792e-01,-1.326107e-02,5.621413e-03,1.862705e-02,5.729464e-02
3.90750,0.339599,0.826371,6.545255e-01,4.796434e-01,9.011520e-01,1.306826e-01,-1.324509e-02,5.650094e-03,1.862477e-02,5.729641e-02
3.91000,0.339977,0.826680,6.550613e-01,4.798579e-01,9.022793e-01,1.306861e-01,-1.322895e-02,5.678696e-03,1.862251e-02,5.729830e-02
3.91250,0.340357,0.826988,6.555930e-01,4.800720e-01,9.034130e-01,1.306895e-01,-1.321222e-02,5.707582e-03,1.862031e-02,5.730029e-02
3.91500,0.340737,0.827295,6.561204e-01,4.802858e-01,9.045529e-01,1.306928e-01,-1.319561e-02,5.737013e-03,1.861815e-02,5.730240e-02
3.91750,0.341119,0.827602,6.566437e-01,4.804993e-01,9.056987e-01,1.306962e-01,-1.317873e-02,5.766645e-03,1.861603e-02,5.730463e-02
3.92000,0.341502,0.827908,6.571625e-01,4.807125e-01,9.068497e-01,1.306995e-01,-1.316121e-02,5.795623e-03,1.861400e-02,5.730697e-02
3.92250,0.341887,0.828214,6.576770e-01,4.809253e-01,9.080051e-01,1.307028e-01,-1.314332e-02,5.824073e-03,1.861202e-02,5.730942e-02
3.92500,0.342272,0.828519,6.581870e-01,4.811377e-01,9.091643e-01,1.307060e-01,-1.312510e-02,5.852386e-03,1.861007e-02,5.731199e-02
3.92750,0.342659,0.828823,6.586925e-01,4.813499e-01,9.103273e-01,1.307092e-01,-1.310646e-02,5.880761e-03,1.860816e-02,5.731466e-02
3.93000,0.343048,0.829127,6.591933e-01,4.815617e-01,9.114936e-01,1.307124e-01,-1.308722e-02,5.909237e-03,1.860630e-02,5.731745e-02
3.93250,0.343437,0.829431,6.596896e-01,4.817731e-01,9.126627e-01,1.307156e-01,-1.306746e-02,5.937799e-03,1.860447e-02,5.732035e-02
3.93500,0.343828,0.829734,6.601811e-01,4.819842e-01,9.138326e-01,1.307187e-01,-1.304841e-02,5.966476e-03,1.860260e-02,5.732336e-02
3.93750,0.344220,0.830036,6.606678e-01,4.821950e-01,9.149851e-01,1.307218e-01,-1.302946e-02,5.995347e-03,1.860069e-02,5.732647e-02
3.94000,0.344613,0.830337,6.611497e-01,4.824054e-01,9.158047e-01,1.307249e-01,-1.301050e-02,6.024720e-03,1.859873e-02,5.732969e-02
3.94250,0.345007,0.830638,6.616267e-01,4.826154e-01,9.156707e-01,1.307280e-01,-1.299153e-02,6.054519e-03,1.859675e-02,5.733302e-02
3.94500,0.345403,0.830939,6.621227e-01,4.828251e-01,9.155389e-01,1.307310e-01,-1.297197e-02,6.084802e-03,1.859477e-02,5.733646e-02
3.94750,0.345800,0.831239,6.626555e-01,4.830344e-01,9.154102e-01,1.307341e-01,-1.295181e-02,6.115215e-03,1.859280e-02,5.734001e-02
3.95000,0.346198,0.831538,6.631840e-01,4.832434e-01,9.152847e-01,1.307371e-01,-1.293214e-02,6.145595e-03,1.859080e-02,5.734366e-02
3.95250,0.346597,0.831837,6.637081e-01,4.834520e-01,9.151618e-01,1.307400e-01,-1.291243e-02,6.175742e-03,1.858878e-02,5.734741e-02
3.95500,0.346998,0.832135,6.642279e-01,4.836602e-01,9.150409e-01,1.307430e-01,-1.289168e-02,6.205431e-03,1.858682e-02,5.735127e-02
3.95750,0.347400,0.832432,6.647432e-01,4.838681e-01,9.149217e-01,1.307459e-01,-1.286981e-02,6.234688e-03,1.858496e-02,5.735524e-02
3.96000,0.347803,0.832729,6.652540e-01,4.840756e-01,9.148035e-01,1.307487e-01,-1.284708e-02,6.264198e-03,1.858320e-02,5.735931e-02
3.96250,0.348207,0.833025,6.657602e-01,4.842827e-01,9.146857e-01,1.307516e-01,-1.282395e-02,6.294209e-03,1.858150e-02,5.736348e-02
3.96500,0.348613,0.833321,6.662617e-01,4.844895e-01,9.145675e-01,1.307544e-01,-1.280105e-02,6.324470e-03,1.857982e-02,5.736776e-02
3.96750,0.349019,0.833616,6.667584e-01,4.846958e-01,9.144483e-01,1.307572e-01,-1.277864e-02,6.354954e-03,1.857813e-02,5.737213e-02
3.97000,0.349427,0.833910,6.672635e-01,4.849018e-01,9.143279e-01,1.307600e-01,-1.275596e-02,6.385543e-03,1.857645e-02,5.737661e-02
3.97250,0.349836,0.834204,6.678166e-01,4.851074e-01,9.142064e-01,1.307627e-01,-1.273343e-02,6.416278e-03,1.857476e-02,5.738118e-02
3.97500,0.350247,0.834497,6.683657e-01,4.853126e-01,9.140839e-01,1.307654e-01,-1.271098e-02,6.447414e-03,1.857310e-02,5.738585e-02
3.97750,0.350658,0.834789,6.689108e-01,4.855175e-01,9.139612e-01,1.307681e-01,-1.268799e-02,6.478580e-03,1.857148e-02,5.739061e-02
3.98000,0.351071,0.835081,6.694517e-01,4.857219e-01,9.138395e-01,1.307708e-01,-1.266430e-02,6.509746e-03,1.856992e-02,5.739548e-02
3.98250,0.351485,0.835372,6.699884e-01,4.859259e-01,9.137204e-01,1.307734e-01,-1.263949e-02,6.540914e-03,1.856846e-02,5.740043e-02
3.98500,0.351900,0.835663,6.705208e-01,4.861295e-01,9.136050e-01,1.307760e-01,-1.261472e-02,6.572066e-03,1.856705e-02,5.740548e-02
3.98750,0.352316,0.835953,6.710488e-01,4.863328e-01,9.134938e-01,1.307786e-01,-1.259032e-02,6.602503e-03,1.856565e-02,5.741063e-02
3.99000,0.352734,0.836242,6.715725e-01,4.865356e-01,9.133869e-01,1.307812e-01,-1.256607e-02,6.632732e-03,1.856424e-02,5.741587e-02
3.99250,0.353153,0.836531,6.720916e-01,4.867380e-01,9.132840e-01,1.307837e-01,-1.254173e-02,6.663119e-03,1.856280e-02,5.742121e-02
3.99500,0.353573,0.836819,6.726061e-01,4.869400e-01,9.131843e-01,1.307862e-01,-1.251653e-02,6.693439e-03,1.856141e-02,5.742663e-02
3.99750,0.353994,0.837106,6.731160e-01,4.871416e-01,9.130872e-01,1.307887e-01,-1.249099e-02,6.724334e-03,1.856005e-02,5.743216e-02
4.00000,0.354416,0.837392,6.736213e-01,4.873428e-01,9.129923e-01,1.307911e-01,-1.246488e-02,6.755527e-03,1.855873e-02,5.743777e-02
4.00250,0.354839,0.837678,6.741217e-01,4.875435e-01,9.128996e-01,1.307935e-01,-1.243876e-02,6.786982e-03,1.855744e-02,5.744348e-02
4.00500,0.355264,0.837964,6.746174e-01,4.877439e-01,9.128092e-01,1.307959e-01,-1.241233e-02,6.818439e-03,1.855619e-02,5.744928e-02
4.00750,0.355690,0.838248,6.751082e-01,4.879438e-01,9.127208e-01,1.307983e-01,-1.238584e-02,6.849403e-03,1.855497e-02,5.745517e-02
4.01000,0.356117,0.838532,6.755941e-01,4.881433e-01,9.126339e-01,1.308006e-01,-1.235935e-02,6.879958e-03,1.855375e-02,5.746114e-02
4.01250,0.356545,0.838816,6.760749e-01,4.883423e-01,9.125479e-01,1.308029e-01,-1.233340e-02,6.910542e-03,1.855251e-02,5.746719e-02
4.01500,0.356974,0.839098,6.765975e-01,4.885409e-01,9.124622e-01,1.308052e-01,-1.230780e-02,6.941228e-03,1.855127e-02,5.747332e-02
4.01750,0.357405,0.839380,6.771335e-01,4.887391e-01,9.123764e-01,1.308075e-01,-1.228106e-02,6.972383e-03,1.855008e-02,5.747954e-02
4.02000,0.357837,0.839662,6.776651e-01,4.889369e-01,9.122906e-01,1.308097e-01,-1.225364e-02,7.004140e-03,1.854896e-02,5.748584e-02
4.02250,0.358269,0.839942,6.781922e-01,4.891342e-01,9.122047e-01,1.308119e-01,-1.222523e-02,7.035600e-03,1.854793e-02,5.749222e-02
4.02500,0.358703,0.840222,6.787148e-01,4.893310e-01,9.121195e-01,1.308141e-01,-1.219653e-02,7.067124e-03,1.854696e-02,5.749868e-02
4.02750,0.359138,0.840501,6.792328e-01,4.895274e-01,9.120355e-01,1.308162e-01,-1.216853e-02,7.099250e-03,1.854599e-02,5.750521e-02
4.03000,0.359575,0.840780,6.797462e-01,4.897234e-01,9.119534e-01,1.308183e-01,-1.214031e-02,7.131370e-03,1.854506e-02,5.751181e-02
4.03250,0.360012,0.841057,6.802548e-01,4.899189e-01,9.118735e-01,1.308204e-01,-1.211070e-02,7.163290e-03,1.854424e-02,5.751849e-02
4.03500,0.360451,0.841335,6.807587e-01,4.901139e-01,9.117960e-01,1.308224e-01,-1.208033e-02,7.195354e-03,1.854350e-02,5.752524e-02
4.03750,0.360890,0.841611,6.812666e-01,4.903085e-01,9.117210e-01,1.308245e-01,-1.205005e-02,7.227202e-03,1.854277e-02,5.753206e-02
4.04000,0.361331,0.841887,6.818259e-01,4.905026e-01,9.116491e-01,1.308265e-01,-1.202039e-02,7.259304e-03,1.854202e-02,5.753895e-02
4.04250,0.361773,0.842162,6.823810e-01,4.906962e-01,9.115815e-01,1.308285e-01,-1.199176e-02,7.291811e-03,1.854122e-02,5.754590e-02
4.04500,0.362216,0.842436,6.829320e-01,4.908894e-01,9.115191e-01,1.308304e-01,-1.196332e-02,7.324531e-03,1.854038e-02,5.755292e-02
4.04750,0.362661,0.842709,6.834788e-01,4.910821e-01,9.114625e-01,1.308323e-01,-1.193435e-02,7.356990e-03,1.853960e-02,5.756001e-02
4.05000,0.363106,0.842982,6.840214e-01,4.912743e-01,9.114116e-01,1.308342e-01,-1.190549e-02,7.389314e-03,1.853886e-02,5.756715e-02
4.05250,0.363553,0.843254,6.845596e-01,4.914660e-01,9.113665e-01,1.308361e-01,-1.187595e-02,7.421641e-03,1.853820e-02,5.757436e-02
4.05500,0.364000,0.843525,6.850933e-01,4.916573e-01,9.113268e-01,1.308380e-01,-1.184560e-02,7.453473e-03,1.853761e-02,5.758163e-02
4.05750,0.364449,0.843796,6.856226e-01,4.918481e-01,9.112916e-01,1.308398e-01,-1.181421e-02,7.484975e-03,1.853713e-02,5.758896e-02
4.06000,0.364899,0.844066,6.861472e-01,4.920383e-01,9.112605e-01,1.308416e-01,-1.178223e-02,7.516614e-03,1.853672e-02,5.759635e-02
4.06250,0.365350,0.844335,6.866672e-01,4.922281e-01,9.112331e-01,1.308434e-01,-1.175004e-02,7.548420e-03,1.853637e-02,5.760380e-02
4.06500,0.365802,0.844604,6.871825e-01,4.924174e-01,9.112092e-01,1.308451e-01,-1.171757e-02,7.580429e-03,1.853606e-02,5.761131e-02
4.06750,0.366255,0.844871,6.876931e-01,4.926062e-01,9.111885e-01,1.308468e-01,-1.168594e-02,7.612696e-03,1.853574e-02,5.761887e-02
4.07000,0.366709,0.845138,6.881988e-01,4.927944e-01,9.111711e-01,1.308485e-01,-1.165482e-02,7.645059e-03,1.853542e-02,5.762648e-02
4.07250,0.367165,0.845404,6.886997e-01,4.929822e-01,9.111575e-01,1.308501e-01,-1.162333e-02,7.677338e-03,1.853514e-02,5.763414e-02
4.07500,0.367621,0.845670,6.891956e-01,4.931694e-01,9.111475e-01,1.308518e-01,-1.159125e-02,7.710005e-03,1.853492e-02,5.764185e-02
4.07750,0.368079,0.845934,6.896865e-01,4.933562e-01,9.111410e-01,1.308534e-01,-1.155890e-02,7.743162e-03,1.853476e-02,5.764961e-02
4.08000,0.368538,0.846198,6.901722e-01,4.935424e-01,9.111384e-01,1.308550e-01,-1.152603e-02,7.776419e-03,1.853467e-02,5.765742e-02
4.08250,0.368997,0.846461,6.907051e-01,4.937281e-01,9.111403e-01,1.308565e-01,-1.149309e-02,7.809327e-03,1.853463e-02,5.766527e-02
4.08500,0.369458,0.846724,6.912447e-01,4.939133e-01,9.111474e-01,1.308580e-01,-1.146008e-02,7.841913e-03,1.853464e-02,5.767316e-02
4.08750,0.369920,0.846985,6.917799e-01,4.940979e-01,9.111599e-01,1.308595e-01,-1.142687e-02,7.874524e-03,1.853470e-02,5.768110e-02
4.09000,0.370383,0.847246,6.923105e-01,4.942820e-01,9.111779e-01,1.308610e-01,-1.139322e-02,7.907360e-03,1.853482e-02,5.768908e-02
4.09250,0.370847,0.847506,6.928364e-01,4.944656e-01,9.112013e-01,1.308624e-01,-1.135934e-02,7.940059e-03,1.853501e-02,5.769710e-02
4.09500,0.371312,0.847765,6.933577e-01,4.946486e-01,9.112295e-01,1.308639e-01,-1.132564e-02,7.972731e-03,1.853525e-02,5.770515e-02
4.09750,0.371778,0.848024,6.938743e-01,4.948311e-01,9.112621e-01,1.308652e-01,-1.129160e-02,8.004914e-03,1.853556e-02,5.771323e-02
4.10000,0.372246,0.848281,6.943860e-01,4.950131e-01,9.096166e-01,1.308666e-01,-1.125706e-02,8.037009e-03,1.853593e-02,5.772135e-02
4.10250,0.372714,0.848538,6.948928e-01,4.951945e-01,9.069328e-01,1.308679e-01,-1.122218e-02,8.068970e-03,1.853636e-02,5.772949e-02
4.10500,0.373183,0.848794,6.954373e-01,4.953753e-01,9.042500e-01,1.308692e-01,-1.118769e-02,8.101105e-03,1.853682e-02,5.773766e-02
4.10750,0.373654,0.849049,6.959985e-01,4.955556e-01,9.015698e-01,1.308705e-01,-1.115312e-02,8.133778e-03,1.853729e-02,5.774586e-02
4.11000,0.374125,0.849304,6.965555e-01,4.957353e-01,8.988941e-01,1.308718e-01,-1.111929e-02,8.167143e-03,1.853774e-02,5.775408e-02
4.11250,0.374598,0.849558,6.971084e-01,4.959145e-01,8.962249e-01,1.308730e-01,-1.108571e-02,8.200718e-03,1.853817e-02,5.776232e-02
4.11500,0.375071,0.849810,6.976569e-01,4.960931e-01,8.935637e-01,1.308742e-01,-1.105182e-02,8.234182e-03,1.853864e-02,5.777058e-02
4.11750,0.375546,0.850062,6.982010e-01,4.962711e-01,8.909120e-01,1.308754e-01,-1.101720e-02,8.266996e-03,1.853919e-02,5.777887e-02
4.12000,0.376022,0.850314,6.987406e-01,4.964486e-01,8.882709e-01,1.308766e-01,-1.098196e-02,8.299733e-03,1.853983e-02,5.778717e-02
4.12250,0.376498,0.850564,6.992756e-01,4.966254e-01,8.856418e-01,1.308777e-01,-1.094614e-02,8.332284e-03,1.854058e-02,5.779549e-02
4.12500,0.376976,0.850814,6.998060e-01,4.968017e-01,8.830256e-01,1.308788e-01,-1.091042e-02,8.364590e-03,1.854139e-02,5.780383e-02
4.12750,0.377455,0.851062,7.003318e-01,4.969774e-01,8.804229e-01,1.308799e-01,-1.087452e-02,8.396617e-03,1.854227e-02,5.781218e-02
4.13000,0.377934,0.851310,7.008528e-01,4.971525e-01,8.778265e-01,1.308809e-01,-1.083831e-02,8.428721e-03,1.854320e-02,5.782054e-02
4.13250,0.378415,0.851557,7.013690e-01,4.973270e-01,8.752302e-01,1.308820e-01,-1.080185e-02,8.461533e-03,1.854418e-02,5.782891e-02
4.13500,0.378897,0.851804,7.018803e-01,4.975009e-01,8.726472e-01,1.308830e-01,-1.076538e-02,8.494841e-03,1.854520e-02,5.783729e-02
4.13750,0.379380,0.852049,7.023867e-01,4.976743e-01,8.700768e-01,1.308839e-01,-1.072905e-02,8.528407e-03,1.854625e-02,5.784569e-02
4.14000,0.379863,0.852294,7.028880e-01,4.978470e-01,8.675183e-01,1.308849e-01,-1.069214e-02,8.561935e-03,1.854740e-02,5.785409e-02
4.14250,0.380348,0.852537,7.033843e-01,4.980191e-01,8.649714e-01,1.308858e-01,-1.065547e-02,8.595304e-03,1.854860e-02,5.786249e-02
4.14500,0.380834,0.852780,7.038754e-01,4.981906e-01,8.624359e-01,1.308867e-01,-1.061853e-02,8.627951e-03,1.854988e-02,5.787090e-02
4.14750,0.381321,0.853022,7.043974e-01,4.983614e-01,8.599122e-01,1.308876e-01,-1.058159e-02,8.660226e-03,1.855122e-02,5.787932e-02
4.15000,0.381808,0.853263,7.049402e-01,4.985317e-01,8.574009e-01,1.308885e-01,-1.054473e-02,8.692413e-03,1.855262e-02,5.788773e-02
4.15250,0.382297,0.853504,7.054784e-01,4.987013e-01,8.549034e-01,1.308893e-01,-1.050812e-02,8.724796e-03,1.855405e-02,5.789614e-02
4.15500,0.382787,0.853743,7.060121e-01,4.988703e-01,8.524217e-01,1.308901e-01,-1.047131e-02,8.757374e-03,1.855554e-02,5.790455e-02
4.15750,0.383278,0.853982,7.065411e-01,4.990387e-01,8.499579e-01,1.308909e-01,-1.043383e-02,8.790182e-03,1.855712e-02,5.791295e-02
4.16000,0.383769,0.854220,7.070653e-01,4.992064e-01,8.475142e-01,1.308916e-01,-1.039596e-02,8.823087e-03,1.855878e-02,5.792135e-02
4.16250,0.384262,0.854456,7.075847e-01,4.993735e-01,8.450923e-01,1.308924e-01,-1.035862e-02,8.855918e-03,1.856047e-02,5.792974e-02
4.16500,0.384756,0.854692,7.081268e-01,4.995400e-01,8.426935e-01,1.308931e-01,-1.032196e-02,8.888122e-03,1.856218e-02,5.793812e-02
4.16750,0.385250,0.854927,7.086972e-01,4.997058e-01,8.403194e-01,1.308938e-01,-1.028518e-02,8.920091e-03,1.856393e-02,5.794647e-02
4.17000,0.385746,0.855162,7.092635e-01,4.998710e-01,8.379715e-01,1.308944e-01,-1.024845e-02,8.952251e-03,1.856571e-02,5.795481e-02
4.17250,0.386242,0.855395,7.098257e-01,5.000355e-01,8.356510e-01,1.308951e-01,-1.021154e-02,8.984720e-03,1.856754e-02,5.796313e-02
4.17500,0.386740,0.855627,7.103835e-01,5.001993e-01,8.333593e-01,1.308957e-01,-1.017424e-02,9.017455e-03,1.856942e-02,5.797143e-02
4.17750,0.387238,0.855859,7.109371e-01,5.003625e-01,8.310979e-01,1.308963e-01,-1.013663e-02,9.050648e-03,1.857135e-02,5.797970e-02
4.18000,0.387738,0.856090,7.114862e-01,5.005250e-01,8.288694e-01,1.308969e-01,-1.009869e-02,9.083943e-03,1.857332e-02,5.798796e-02
4.18250,0.388238,0.856319,7.120308e-01,5.006869e-01,8.266764e-01,1.308974e-01,-1.006012e-02,9.117137e-03,1.857540e-02,5.799620e-02
4.18500,0.388739,0.856548,7.125708e-01,5.008480e-01,8.245214e-01,1.308980e-01,-1.002118e-02,9.149881e-03,1.857755e-02,5.800441e-02
4.18750,0.389241,0.856776,7.131062e-01,5.010085e-01,8.224064e-01,1.308985e-01,-9.981501e-03,9.182004e-03,1.857980e-02,5.801260e-02
4.19000,0.389745,0.857003,7.136368e-01,5.011683e-01,8.203329e-01,1.308990e-01,-9.941664e-03,9.213864e-03,1.858214e-02,5.802077e-02
4.19250,0.390249,0.857229,7.141627e-01,5.013275e-01,8.183016e-01,1.308994e-01,-9.902024e-03,9.245807e-03,1.858453e-02,5.802890e-02
4.19500,0.390754,0.857454,7.146838e-01,5.014859e-01,8.163128e-01,1.308999e-01,-9.862801e-03,9.277799e-03,1.858697e-02,5.803700e-02
4.19750,0.391260,0.857679,7.151999e-01,5.016437e-01,8.143664e-01,1.309003e-01,-9.824067e-03,9.309693e-03,1.858946e-02,5.804507e-02
4.20000,0.391766,0.857902,7.157111e-01,5.018007e-01,8.124622e-01,1.309007e-01,-9.785068e-03,9.341704e-03,1.859204e-02,5.805310e-02
4.20250,0.392274,0.858125,7.162172e-01,5.019571e-01,8.106002e-01,1.309011e-01,-9.745472e-03,9.374051e-03,1.859473e-02,5.806110e-02
4.20500,0.392783,0.858346,7.167182e-01,5.021127e-01,8.087809e-01,1.309015e-01,-9.706372e-03,9.406658e-03,1.859747e-02,5.806907e-02
4.20750,0.393292,0.858567,7.172631e-01,5.022676e-01,8.070052e-01,1.309018e-01,-9.668005e-03,9.439037e-03,1.860020e-02,5.807701e-02
4.21000,0.393803,0.858786,7.178160e-01,5.024219e-01,8.052744e-01,1.309021e-01,-9.630148e-03,9.471087e-03,1.860293e-02,5.808490e-02
4.21250,0.394314,0.859005,7.183643e-01,5.025754e-01,8.035892e-01,1.309025e-01,-9.592458e-03,9.502994e-03,1.860567e-02,5.809276e-02
4.21500,0.394826,0.859223,7.189081e-01,5.027282e-01,8.019497e-01,1.309028e-01,-9.554928e-03,9.534778e-03,1.860844e-02,5.810057e-02
4.21750,0.395340,0.859440,7.194471e-01,5.028802e-01,8.003557e-01,1.309030e-01,-9.517547e-03,9.566722e-03,1.861123e-02,5.810834e-02
4.22000,0.395854,0.859655,7.199814e-01,5.030315e-01,7.988069e-01,1.309033e-01,-9.479408e-03,9.598657e-03,1.861411e-02,5.811606e-02
4.22250,0.396369,0.859870,7.205109e-01,5.031821e-01,7.973036e-01,1.309035e-01,-9.440298e-03,9.630402e-03,1.861709e-02,5.812373e-02
4.22500,0.396884,0.860084,7.210355e-01,5.033320e-01,7.958464e-01,1.309037e-01,-9.400683e-03,9.662031e-03,1.862015e-02,5.813136e-02
4.22750,0.397401,0.860297,7.215552e-01,5.034811e-01,7.944363e-01,1.309039e-01,-9.361243e-03,9.693650e-03,1.862325e-02,5.813893e-02
4.23000,0.397919,0.860509,7.220698e-01,5.036295e-01,7.930744e-01,1.309041e-01,-9.321574e-03,9.725138e-03,1.862638e-02,5.814645e-02
4.23250,0.398437,0.860720,7.226056e-01,5.037771e-01,7.917617e-01,1.309043e-01,-9.281919e-03,9.756438e-03,1.862956e-02,5.815392e-02
4.23500,0.398956,0.860931,7.231714e-01,5.039240e-01,7.904995e-01,1.309045e-01,-9.242516e-03,9.787758e-03,1.863277e-02,5.816133e-02
4.23750,0.399476,0.861140,7.237329e-01,5.040701e-01,7.892844e-01,1.309046e-01,-9.203921e-03,9.819531e-03,1.863597e-02,5.816869e-02
4.24000,0.399997,0.861348,7.242899e-01,5.042155e-01,7.881195e-01,1.309048e-01,-9.166238e-03,9.851859e-03,1.863915e-02,5.817599e-02
4.24250,0.400519,0.861555,7.248425e-01,5.043601e-01,7.870067e-01,1.309049e-01,-9.128180e-03,9.883961e-03,1.864238e-02,5.818323e-02
4.24500,0.401042,0.861761,7.253904e-01,5.045039e-01,7.859461e-01,1.309050e-01,-9.089757e-03,9.915469e-03,1.864571e-02,5.819041e-02
4.24750,0.401566,0.861966,7.259337e-01,5.046470e-01,7.849382e-01,1.309051e-01,-9.049479e-03,9.946072e-03,1.864922e-02,5.819752e-02
4.25000,0.402090,0.862171,7.264723e-01,5.047893e-01,7.839841e-01,1.309052e-01,-9.007469e-03,9.976048e-03,1.865295e-02,5.820458e-02
4.25250,0.402615,0.862374,7.270061e-01,5.049308e-01,7.830846e-01,1.309052e-01,-8.965834e-03,1.000596e-02,1.865680e-02,5.821158e-02
4.25500,0.403141,0.862576,7.275350e-01,5.050715e-01,7.822414e-01,1.309053e-01,-8.924231e-03,1.003562e-02,1.866074e-02,5.821852e-02
4.25750,0.403668,0.862777,7.280591e-01,5.052114e-01,7.814551e-01,1.309053e-01,-8.883403e-03,1.006520e-02,1.866468e-02,5.822540e-02
4.26000,0.404196,0.862978,7.285781e-01,5.053505e-01,7.807256e-01,1.309053e-01,-8.843482e-03,1.009484e-02,1.866861e-02,5.823223e-02
4.26250,0.404724,0.863177,7.290921e-01,5.054889e-01,7.800520e-01,1.309054e-01,-8.805161e-03,1.012498e-02,1.867246e-02,5.823899e-02
4.26500,0.405254,0.863375,7.296009e-01,5.056264e-01,7.794339e-01,1.309054e-01,-8.767781e-03,1.015619e-02,1.867626e-02,5.824569e-02
4.26750,0.405784,0.863572,7.301045e-01,5.057632e-01,7.788711e-01,1.309054e-01,-8.730605e-03,1.018852e-02,1.868002e-02,5.825232e-02
4.27000,0.406315,0.863769,7.306275e-01,5.058991e-01,7.783645e-01,1.309054e-01,-8.693923e-03,1.022116e-02,1.868379e-02,5.825889e-02
4.27250,0.406847,0.863964,7.311810e-01,5.060342e-01,7.779147e-01,1.309053e-01,-8.656386e-03,1.025346e-02,1.868765e-02,5.826540e-02
4.27500,0.407379,0.864158,7.317299e-01,5.061685e-01,7.775222e-01,1.309053e-01,-8.618418e-03,1.028507e-02,1.869159e-02,5.827184e-02
4.27750,0.407913,0.864351,7.322741e-01,5.063020e-01,7.771877e-01,1.309053e-01,-8.578873e-03,1.031562e-02,1.869571e-02,5.827821e-02
4.28000,0.408447,0.864543,7.328136e-01,5.064346e-01,7.769120e-01,1.309052e-01,-8.537831e-03,1.034506e-02,1.869999e-02,5.828452e-02
4.28250,0.408982,0.864734,7.333481e-01,5.065665e-01,7.766948e-01,1.309052e-01,-8.496199e-03,1.037386e-02,1.870437e-02,5.829075e-02
4.28500,0.409518,0.864924,7.338777e-01,5.066974e-01,7.765354e-01,1.309051e-01,-8.456036e-03,1.040293e-02,1.870869e-02,5.829691e-02
4.28750,0.410055,0.865113,7.344024e-01,5.068276e-01,7.764329e-01,1.309051e-01,-8.417255e-03,1.043214e-02,1.871292e-02,5.830299e-02
4.29000,0.410592,0.865301,7.349219e-01,5.069569e-01,7.763862e-01,1.309050e-01,-8.378412e-03,1.046126e-02,1.871714e-02,5.830898e-02
4.29250,0.411130,0.865488,7.354541e-01,5.070854e-01,7.763953e-01,1.309049e-01,-8.339754e-03,1.049074e-02,1.872133e-02,5.831490e-02
4.29500,0.411669,0.865674,7.360221e-01,5.072130e-01,7.764605e-01,1.309048e-01,-8.300264e-03,1.052053e-02,1.872558e-02,5.832074e-02
4.29750,0.412209,0.865859,7.365856e-01,5.073398e-01,7.765817e-01,1.309048e-01,-8.260394e-03,1.055094e-02,1.872989e-02,5.832650e-02
4.30000,0.412749,0.866043,7.371446e-01,5.074657e-01,7.767587e-01,1.309047e-01,-8.219621e-03,1.058102e-02,1.873431e-02,5.833219e-02
4.30250,0.413290,0.866226,7.376991e-01,5.075907e-01,7.769903e-01,1.309046e-01,-8.178573e-03,1.061015e-02,1.873882e-02,5.833780e-02
4.30500,0.413832,0.866407,7.382488e-01,5.077149e-01,7.772758e-01,1.309045e-01,-8.137753e-03,1.063851e-02,1.874342e-02,5.834334e-02
4.30750,0.414375,0.866588,7.387939e-01,5.078383e-01,7.776141e-01,1.309044e-01,-8.097608e-03,1.066647e-02,1.874806e-02,5.834880e-02
4.31000,0.414919,0.866768,7.393342e-01,5.079607e-01,7.780043e-01,1.309044e-01,-8.059648e-03,1.069430e-02,1.875263e-02,5.835418e-02
4.31250,0.415463,0.866946,7.398696e-01,5.080823e-01,7.784455e-01,1.309043e-01,-8.022076e-03,1.072186e-02,1.875719e-02,5.835949e-02
4.31500,0.416008,0.867124,7.404000e-01,5.082030e-01,7.789372e-01,1.309042e-01,-7.984531e-03,1.074954e-02,1.876179e-02,5.836472e-02
4.31750,0.416554,0.867300,7.409255e-01,5.083228e-01,7.794798e-01,1.309041e-01,-7.946351e-03,1.077754e-02,1.876647e-02,5.836987e-02
4.32000,0.417100,0.867475,7.414459e-01,5.084417e-01,7.800739e-01,1.309040e-01,-7.907706e-03,1.080574e-02,1.877124e-02,5.837495e-02
4.32250,0.417648,0.867650,7.419611e-01,5.085597e-01,7.807192e-01,1.309039e-01,-7.868847e-03,1.083445e-02,1.877607e-02,5.837995e-02
4.32500,0.418196,0.867823,7.424710e-01,5.086768e-01,7.814150e-01,1.309038e-01,-7.829677e-03,1.086338e-02,1.878095e-02,5.838489e-02
4.32750,0.418744,0.867995,7.429756e-01,5.087931e-01,7.821601e-01,1.309037e-01,-7.791002e-03,1.089194e-02,1.878585e-02,5.838976e-02
4.33000,0.419294,0.868166,7.435172e-01,5.089084e-01,7.829534e-01,1.309036e-01,-7.753062e-03,1.092008e-02,1.879070e-02,5.839456e-02
4.33250,0.419844,0.868336,7.440692e-01,5.090228e-01,7.837932e-01,1.309036e-01,-7.716857e-03,1.094809e-02,1.879544e-02,5.839928e-02
4.33500,0.420395,0.868505,7.446163e-01,5.091363e-01,7.846777e-01,1.309035e-01,-7.679708e-03,1.097586e-02,1.880020e-02,5.840392e-02
4.33750,0.420946,0.868672,7.451587e-01,5.092489e-01,7.856055e-01,1.309034e-01,-7.640694e-03,1.100296e-02,1.880505e-02,5.840849e-02
4.34000,0.421499,0.868839,7.456961e-01,5.093605e-01,7.865756e-01,1.309034e-01,-7.599671e-03,1.102925e-02,1.881008e-02,5.841297e-02
4.34250,0.422052,0.869004,7.462286e-01,5.094713e-01,7.875874e-01,1.309033e-01,-7.557916e-03,1.105542e-02,1.881521e-02,5.841738e-02
4.34500,0.422605,0.869169,7.467560e-01,5.095811e-01,7.886404e-01,1.309032e-01,-7.516752e-03,1.108166e-02,1.882035e-02,5.842170e-02
4.34750,0.423160,0.869332,7.472783e-01,5.096900e-01,7.897338e-01,1.309032e-01,-7.475792e-03,1.110798e-02,1.882549e-02,5.842595e-02
4.35000,0.423715,0.869494,7.478245e-01,5.097979e-01,7.908672e-01,1.309032e-01,-7.435411e-03,1.113443e-02,1.883062e-02,5.843011e-02
4.35250,0.424271,0.869656,7.483925e-01,5.099049e-01,7.920400e-01,1.309031e-01,-7.395622e-03,1.116134e-02,1.883571e-02,5.843420e-02
4.35500,0.424827,0.869816,7.489560e-01,5.100109e-01,7.932514e-01,1.309031e-01,-7.357671e-03,1.118844e-02,1.884067e-02,5.843819e-02
4.35750,0.425384,0.869974,7.495149e-01,5.101160e-01,7.945008e-01,1.309031e-01,-7.319783e-03,1.121526e-02,1.884561e-02,5.844211e-02
4.36000,0.425942,0.870132,7.500692e-01,5.102202e-01,7.957872e-01,1.309031e-01,-7.281613e-03,1.124167e-02,1.885058e-02,5.844594e-02
4.36250,0.426501,0.870289,7.506187e-01,5.103234e-01,7.971098e-01,1.309031e-01,-7.242462e-03,1.126713e-02,1.885565e-02,5.844968e-02
4.36500,0.427060,0.870444,7.511634e-01,5.104256e-01,7.984677e-01,1.309031e-01,-7.203759e-03,1.129193e-02,1.886075e-02,5.845335e-02
4.36750,0.427620,0.870599,7.517033e-01,5.105269e-01,7.998595e-01,1.309031e-01,-7.165411e-03,1.131612e-02,1.886586e-02,5.845694e-02
4.37000,0.428180,0.870752,7.522382e-01,5.106272e-01,8.012835e-01,1.309032e-01,-7.126993e-03,1.133989e-02,1.887101e-02,5.846045e-02
4.37250,0.428741,0.870904,7.527680e-01,5.107265e-01,8.027371e-01,1.309032e-01,-7.088818e-03,1.136362e-02,1.887617e-02,5.846389e-02
4.37500,0.429303,0.871055,7.532928e-01,5.108248e-01,8.042183e-01,1.309033e-01,-7.050969e-03,1.138773e-02,1.888134e-02,5.846726e-02
4.37750,0.429866,0.871205,7.538123e-01,5.109222e-01,8.057255e-01,1.309034e-01,-7.014761e-03,1.141282e-02,1.888645e-02,5.847055e-02
4.38000,0.430429,0.871354,7.543266e-01,5.110186e-01,8.072579e-01,1.309035e-01,-6.979714e-03,1.143933e-02,1.889149e-02,5.847377e-02
4.38250,0.430993,0.871501,7.548355e-01,5.111140e-01,8.088150e-01,1.309036e-01,-6.945012e-03,1.146615e-02,1.889650e-02,5.847691e-02
4.38500,0.431557,0.871648,7.553388e-01,5.112084e-01,8.103968e-01,1.309037e-01,-6.908972e-03,1.149199e-02,1.890160e-02,5.847998e-02
4.38750,0.432122,0.871793,7.558648e-01,5.113018e-01,8.120032e-01,1.309038e-01,-6.871355e-03,1.151657e-02,1.890680e-02,5.848298e-02
4.39000,0.432688,0.871937,7.564127e-01,5.113942e-01,8.136334e-01,1.309040e-01,-6.832108e-03,1.154012e-02,1.891213e-02,5.848590e-02
4.39250,0.433255,0.872080,7.569557e-01,5.114856e-01,8.152859e-01,1.309041e-01,-6.792337e-03,1.156315e-02,1.891753e-02,5.848876e-02
4.39500,0.433822,0.872222,7.574938e-01,5.115759e-01,8.169591e-01,1.309043e-01,-6.752465e-03,1.158600e-02,1.892295e-02,5.849154e-02
4.39750,0.434389,0.872363,7.580269e-01,5.116653e-01,8.186516e-01,1.309045e-01,-6.713186e-03,1.160852e-02,1.892831e-02,5.849424e-02
4.40000,0.434958,0.872502,7.585548e-01,5.117537e-01,8.203620e-01,1.309047e-01,-6.674872e-03,1.163088e-02,1.893361e-02,5.849686e-02
4.40250,0.435526,0.872640,7.590776e-01,5.118410e-01,8.220890e-01,1.309049e-01,-6.636715e-03,1.165352e-02,1.893885e-02,5.849941e-02
4.40500,0.436096,0.872778,7.596121e-01,5.119273e-01,8.238310e-01,1.309052e-01,-6.598855e-03,1.167660e-02,1.894406e-02,5.850187e-02
4.40750,0.436666,0.872914,7.601777e-01,5.120125e-01,8.255867e-01,1.309054e-01,-6.559837e-03,1.169984e-02,1.894931e-02,5.850426e-02
4.41000,0.437237,0.873048,7.607387e-01,5.120968e-01,8.273544e-01,1.309057e-01,-6.520584e-03,1.172303e-02,1.895457e-02,5.850657e-02
4.41250,0.437808,0.873182,7.612949e-01,5.121800e-01,8.291329e-01,1.309060e-01,-6.480592e-03,1.174563e-02,1.895990e-02,5.850881e-02
4.41500,0.438380,0.873315,7.618465e-01,5.122621e-01,8.309218e-01,1.309064e-01,-6.440770e-03,1.176746e-02,1.896525e-02,5.851097e-02
4.41750,0.438953,0.873446,7.623931e-01,5.123432e-01,8.312614e-01,1.309067e-01,-6.401375e-03,1.178860e-02,1.897060e-02,5.851306e-02
4.42000,0.439526,0.873576,7.629349e-01,5.124233e-01,8.296019e-01,1.309071e-01,-6.363415e-03,1.180973e-02,1.897587e-02,5.851509e-02
4.42250,0.440100,0.873705,7.634716e-01,5.125023e-01,8.280354e-01,1.309075e-01,-6.326721e-03,1.183079e-02,1.898108e-02,5.851704e-02
4.42500,0.440674,0.873833,7.640033e-01,5.125802e-01,8.265512e-01,1.309079e-01,-6.290587e-03,1.185193e-02,1.898623e-02,5.851891e-02
4.42750,0.441249,0.873959,7.645299e-01,5.126571e-01,8.251581e-01,1.309083e-01,-6.255355e-03,1.187321e-02,1.899131e-02,5.852072e-02
4.43000,0.441825,0.874085,7.650512e-01,5.127330e-01,8.238595e-01,1.309088e-01,-6.220213e-03,1.189464e-02,1.899637e-02,5.852245e-02
4.43250,0.442401,0.874209,7.655671e-01,5.128077e-01,8.226560e-01,1.309093e-01,-6.184776e-03,1.191611e-02,1.900145e-02,5.852412e-02
4.43500,0.442977,0.874332,7.660776e-01,5.128814e-01,8.215484e-01,1.309098e-01,-6.147904e-03,1.193680e-02,1.900661e-02,5.852572e-02
4.43750,0.443555,0.874454,7.665826e-01,5.129540e-01,8.205370e-01,1.309103e-01,-6.109854e-03,1.195701e-02,1.901188e-02,5.852727e-02
4.44000,0.444132,0.874575,7.670819e-01,5.130255e-01,8.196217e-01,1.309109e-01,-6.071376e-03,1.197682e-02,1.901720e-02,5.852875e-02
4.44250,0.444711,0.874694,7.675755e-01,5.130959e-01,8.188025e-01,1.309114e-01,-6.033804e-03,1.199644e-02,1.902247e-02,5.853017e-02
4.44500,0.445290,0.874812,7.680948e-01,5.131653e-01,8.180792e-01,1.309120e-01,-5.997363e-03,1.201588e-02,1.902763e-02,5.853153e-02
4.44750,0.445869,0.874929,7.686304e-01,5.132335e-01,8.174520e-01,1.309127e-01,-5.961760e-03,1.203492e-02,1.903270e-02,5.853283e-02
4.45000,0.446449,0.875045,7.691609e-01,5.133006e-01,8.169211e-01,1.309133e-01,-5.926331e-03,1.205384e-02,1.903774e-02,5.853406e-02
4.45250,0.447030,0.875160,7.696861e-01,5.133667e-01,8.164823e-01,1.309140e-01,-5.890525e-03,1.207276e-02,1.904278e-02,5.853524e-02
4.45500,0.447611,0.875273,7.702061e-01,5.134316e-01,8.161329e-01,1.309147e-01,-5.855046e-03,1.209175e-02,1.904780e-02,5.853635e-02
4.45750,0.448193,0.875385,7.707207e-01,5.134954e-01,8.158773e-01,1.309155e-01,-5.818679e-03,1.211049e-02,1.905285e-02,5.853739e-02
4.46000,0.448775,0.875496,7.712550e-01,5.135582e-01,8.157136e-01,1.309162e-01,-5.780587e-03,1.212842e-02,1.905801e-02,5.853838e-02
4.46250,0.449358,0.875606,7.718098e-01,5.136197e-01,8.156407e-01,1.309170e-01,-5.742215e-03,1.214568e-02,1.906319e-02,5.853931e-02
4.46500,0.449941,0.875715,7.723597e-01,5.136802e-01,8.156580e-01,1.309178e-01,-5.705093e-03,1.216264e-02,1.906827e-02,5.854017e-02
4.46750,0.450525,0.875822,7.729047e-01,5.137396e-01,8.157654e-01,1.309187e-01,-5.668096e-03,1.217957e-02,1.907329e-02,5.854097e-02
4.47000,0.451110,0.875928,7.734448e-01,5.137978e-01,8.159629e-01,1.309196e-01,-5.630014e-03,1.219659e-02,1.907831e-02,5.854171e-02
4.47250,0.451695,0.876033,7.739798e-01,5.138549e-01,8.162497e-01,1.309205e-01,-5.591448e-03,1.221367e-02,1.908333e-02,5.854239e-02
4.47500,0.452280,0.876137,7.745097e-01,5.139108e-01,8.166241e-01,1.309214e-01,-5.553188e-03,1.223057e-02,1.908832e-02,5.854302e-02
4.47750,0.452866,0.876239,7.750344e-01,5.139656e-01,8.170844e-01,1.309224e-01,-5.515572e-03,1.224750e-02,1.909328e-02,5.854360e-02
4.48000,0.453453,0.876341,7.755537e-01,5.140193e-01,8.157619e-01,1.309234e-01,-5.478539e-03,1.226442e-02,1.909819e-02,5.854412e-02
4.48250,0.454040,0.876441,7.760677e-01,5.140718e-01,8.140055e-01,1.309244e-01,-5.441795e-03,1.228134e-02,1.910310e-02,5.854460e-02
4.48500,0.454627,0.876539,7.765761e-01,5.141231e-01,8.123262e-01,1.309255e-01,-5.405802e-03,1.229777e-02,1.910799e-02,5.854502e-02
4.48750,0.455215,0.876637,7.770789e-01,5.141733e-01,8.107251e-01,1.309266e-01,-5.370449e-03,1.231346e-02,1.911282e-02,5.854539e-02
4.49000,0.455804,0.876733,7.775760e-01,5.142224e-01,8.092038e-01,1.309277e-01,-5.336014e-03,1.232867e-02,1.911758e-02,5.854571e-02
4.49250,0.456393,0.876828,7.780674e-01,5.142703e-01,8.077642e-01,1.309289e-01,-5.301694e-03,1.234340e-02,1.912229e-02,5.854599e-02
4.49500,0.456983,0.876922,7.785529e-01,5.143170e-01,8.064087e-01,1.309301e-01,-5.267175e-03,1.235777e-02,1.912695e-02,5.854622e-02
4.49750,0.457573,0.877015,7.790324e-01,5.143625e-01,8.051399e-01,1.309313e-01,-5.232964e-03,1.237250e-02,1.913152e-02,5.854641e-02
4.50000,0.458163,0.877106,7.795058e-01,5.144069e-01,8.039600e-01,1.309325e-01,-5.199498e-03,1.238769e-02,1.913600e-02,5.854656e-02
4.50250,0.458754,0.877196,7.800169e-01,5.144500e-01,8.028686e-01,1.309338e-01,-5.165847e-03,1.240286e-02,1.914044e-02,5.854667e-02
4.50500,0.459346,0.877285,7.805298e-01,5.144920e-01,8.018609e-01,1.309351e-01,-5.131155e-03,1.241748e-02,1.914491e-02,5.854675e-02
4.50750,0.459938,0.877373,7.810372e-01,5.145329e-01,8.009456e-01,1.309365e-01,-5.095784e-03,1.243121e-02,1.914941e-02,5.854678e-02
4.51000,0.460530,0.877459,7.815389e-01,5.145725e-01,8.001230e-01,1.309379e-01,-5.060810e-03,1.244449e-02,1.915389e-02,5.854677e-02
4.51250,0.461123,0.877544,7.820350e-01,5.146109e-01,7.993934e-01,1.309393e-01,-5.025958e-03,1.245765e-02,1.915837e-02,5.854672e-02
4.51500,0.461717,0.877628,7.825671e-01,5.146481e-01,7.987570e-01,1.309407e-01,-4.990977e-03,1.247054e-02,1.916284e-02,5.854661e-02
4.51750,0.462311,0.877711,7.831008e-01,5.146841e-01,7.982142e-01,1.309422e-01,-4.955250e-03,1.248290e-02,1.916732e-02,5.854648e-02
4.52000,0.462905,0.877792,7.836294e-01,5.147190e-01,7.977656e-01,1.309437e-01,-4.919255e-03,1.249470e-02,1.917177e-02,5.854630e-02
4.52250,0.463500,0.877872,7.841527e-01,5.147526e-01,7.974112e-01,1.309453e-01,-4.883529e-03,1.250626e-02,1.917615e-02,5.854609e-02
4.52500,0.464095,0.877951,7.846708e-01,5.147849e-01,7.971506e-01,1.309469e-01,-4.847774e-03,1.251780e-02,1.918045e-02,5.854585e-02
4.52750,0.464691,0.878029,7.851834e-01,5.148161e-01,7.969826e-01,1.309485e-01,-4.812363e-03,1.252955e-02,1.918465e-02,5.854558e-02
4.53000,0.465287,0.878105,7.856905e-01,5.148461e-01,7.969060e-01,1.309502e-01,-4.776778e-03,1.254145e-02,1.918879e-02,5.854528e-02
4.53250,0.465884,0.878181,7.861920e-01,5.148748e-01,7.969191e-01,1.309518e-01,-4.741774e-03,1.255331e-02,1.919284e-02,5.854494e-02
4.53500,0.466481,0.878254,7.866878e-01,5.149023e-01,7.970214e-01,1.309536e-01,-4.706190e-03,1.256480e-02,1.919688e-02,5.854457e-02
4.53750,0.467079,0.878327,7.871778e-01,5.149286e-01,7.972127e-01,1.309553e-01,-4.670150e-03,1.257607e-02,1.920095e-02,5.854417e-02
4.54000,0.467677,0.878398,7.876619e-01,5.149536e-01,7.974930e-01,1.309571e-01,-4.632622e-03,1.258695e-02,1.920507e-02,5.854373e-02
4.54250,0.468275,0.878468,7.881400e-01,5.149774e-01,7.978622e-01,1.309589e-01,-4.594837e-03,1.259779e-02,1.920921e-02,5.854327e-02
4.54500,0.468874,0.878537,7.886121e-01,5.150000e-01,7.983195e-01,1.309608e-01,-4.557643e-03,1.260812e-02,1.921329e-02,5.854278e-02
4.54750,0.469473,0.878605,7.890780e-01,5.150213e-01,7.988640e-01,1.309627e-01,-4.521764e-03,1.261773e-02,1.921727e-02,5.854226e-02
4.55000,0.470073,0.878671,7.895377e-01,5.150413e-01,7.994949e-01,1.309646e-01,-4.487179e-03,1.262707e-02,1.922111e-02,5.854172e-02
4.55250,0.470673,0.878736,7.899911e-01,5.150602e-01,8.002113e-01,1.309665e-01,-4.452779e-03,1.263685e-02,1.922485e-02,5.854115e-02
4.55500,0.471274,0.878800,7.904379e-01,5.150777e-01,8.010127e-01,1.309685e-01,-4.419542e-03,1.264660e-02,1.922845e-02,5.854056e-02
4.55750,0.471875,0.878862,7.908783e-01,5.150940e-01,8.018990e-01,1.309705e-01,-4.386985e-03,1.265573e-02,1.923195e-02,5.853995e-02
4.56000,0.472476,0.878924,7.913610e-01,5.151091e-01,8.028688e-01,1.309726e-01,-4.354832e-03,1.266443e-02,1.923537e-02,5.853932e-02
4.56250,0.473078,0.878984,7.918378e-01,5.151228e-01,8.039193e-01,1.309747e-01,-4.322406e-03,1.267321e-02,1.923874e-02,5.853866e-02
4.56500,0.473680,0.879042,7.923084e-01,5.151353e-01,8.050470e-01,1.309768e-01,-4.289512e-03,1.268210e-02,1.924210e-02,5.853799e-02
4.56750,0.474283,0.879100,7.927729e-01,5.151466e-01,8.062491e-01,1.309790e-01,-4.255758e-03,1.269048e-02,1.924549e-02,5.853730e-02
4.57000,0.474886,0.879156,7.932658e-01,5.151565e-01,8.075226e-01,1.309811e-01,-4.221937e-03,1.269853e-02,1.924885e-02,5.853659e-02
4.57250,0.475490,0.879211,7.937651e-01,5.151652e-01,8.088648e-01,1.309834e-01,-4.188548e-03,1.270635e-02,1.925216e-02,5.853588e-02
4.57500,0.476094,0.879264,7.942588e-01,5.151726e-01,8.102734e-01,1.309856e-01,-4.155457e-03,1.271404e-02,1.925540e-02,5.853515e-02
4.57750,0.476698,0.879317,7.947467e-01,5.151787e-01,8.117472e-01,1.309879e-01,-4.122391e-03,1.272146e-02,1.925854e-02,5.853441e-02
4.58000,0.477302,0.879368,7.952288e-01,5.151835e-01,8.132852e-01,1.309902e-01,-4.088486e-03,1.272844e-02,1.926164e-02,5.853366e-02
4.58250,0.477908,0.879417,7.957049e-01,5.151870e-01,8.148852e-01,1.309926e-01,-4.054473e-03,1.273508e-02,1.926470e-02,5.853290e-02
4.58500,0.478513,0.879466,7.961750e-01,5.151892e-01,8.165448e-01,1.309950e-01,-4.021619e-03,1.274148e-02,1.926763e-02,5.853213e-02
4.58750,0.479119,0.879513,7.966390e-01,5.151901e-01,8.182619e-01,1.309974e-01,-3.988892e-03,1.274747e-02,1.927046e-02,5.853136e-02
4.59000,0.479725,0.879559,7.970967e-01,5.151898e-01,8.200352e-01,1.309998e-01,-3.954946e-03,1.275322e-02,1.927329e-02,5.853057e-02
4.59250,0.480332,0.879604,7.975481e-01,5.151881e-01,8.218629e-01,1.310023e-01,-3.920070e-03,1.275883e-02,1.927614e-02,5.852978e-02
4.59500,0.480939,0.879647,7.979930e-01,5.151851e-01,8.237423e-01,1.310048e-01,-3.884679e-03,1.276432e-02,1.927899e-02,5.852898e-02
4.59750,0.481546,0.879689,7.984315e-01,5.151808e-01,8.256701e-01,1.310073e-01,-3.849161e-03,1.276901e-02,1.928179e-02,5.852817e-02
4.60000,0.482154,0.879730,7.988633e-01,5.151752e-01,8.276426e-01,1.310099e-01,-3.812743e-03,1.277316e-02,1.928455e-02,5.852735e-02
4.60250,0.482762,0.879770,7.992885e-01,5.151682e-01,8.296567e-01,1.310125e-01,-3.776069e-03,1.277731e-02,1.928726e-02,5.852653e-02
4.60500,0.483371,0.879808,7.997068e-01,5.151600e-01,8.317094e-01,1.310151e-01,-3.739959e-03,1.278136e-02,1.928983e-02,5.852571e-02
4.60750,0.483979,0.879845,8.001181e-01,5.151504e-01,8.319750e-01,1.310178e-01,-3.705064e-03,1.278551e-02,1.929224e-02,5.852488e-02
4.61000,0.484589,0.879880,8.005225e-01,5.151395e-01,8.294727e-01,1.310204e-01,-3.671109e-03,1.278948e-02,1.929450e-02,5.852406e-02
4.61250,0.485198,0.879915,8.009197e-01,5.151272e-01,8.270317e-01,1.310232e-01,-3.636604e-03,1.279305e-02,1.929671e-02,5.852323e-02
4.61500,0.485808,0.879948,8.013096e-01,5.151137e-01,8.246561e-01,1.310259e-01,-3.601791e-03,1.279640e-02,1.929891e-02,5.852241e-02
4.61750,0.486418,0.879980,8.017222e-01,5.150988e-01,8.223501e-01,1.310287e-01,-3.567112e-03,1.279954e-02,1.930107e-02,5.852159e-02
4.62000,0.487029,0.880010,8.021454e-01,5.150825e-01,8.201174e-01,1.310315e-01,-3.531778e-03,1.280251e-02,1.930322e-02,5.852077e-02
4.62250,0.487640,0.880040,8.025619e-01,5.150650e-01,8.179613e-01,1.310343e-01,-3.494989e-03,1.280511e-02,1.930540e-02,5.851996e-02
4.62500,0.488251,0.880068,8.030054e-01,5.150461e-01,8.158852e-01,1.310371e-01,-3.457556e-03,1.280738e-02,1.930755e-02,5.851916e-02
4.62750,0.488863,0.880094,8.034542e-01,5.150258e-01,8.138918e-01,1.310400e-01,-3.421490e-03,1.280950e-02,1.930958e-02,5.851837e-02
4.63000,0.489475,0.880120,8.038966e-01,5.150042e-01,8.119833e-01,1.310429e-01,-3.387742e-03,1.281118e-02,1.931138e-02,5.851759e-02
4.63250,0.490087,0.880144,8.043326e-01,5.149812e-01,8.101620e-01,1.310458e-01,-3.354772e-03,1.281220e-02,1.931299e-02,5.851682e-02
4.63500,0.490700,0.880167,8.047621e-01,5.149569e-01,8.084313e-01,1.310488e-01,-3.320987e-03,1.281267e-02,1.931455e-02,5.851606e-02
4.63750,0.491313,0.880188,8.051849e-01,5.149313e-01,8.067943e-01,1.310518e-01,-3.286203e-03,1.281294e-02,1.931613e-02,5.851533e-02
4.64000,0.491926,0.880208,8.056009e-01,5.149042e-01,8.052536e-01,1.310548e-01,-3.252572e-03,1.281331e-02,1.931761e-02,5.851461e-02
4.64250,0.492540,0.880227,8.060101e-01,5.148759e-01,8.038110e-01,1.310578e-01,-3.219711e-03,1.281343e-02,1.931896e-02,5.851390e-02
4.64500,0.493154,0.880245,8.064124e-01,5.148461e-01,8.024677e-01,1.310608e-01,-3.186285e-03,1.281320e-02,1.932025e-02,5.851320e-02
4.64750,0.493768,0.880261,8.068076e-01,5.148150e-01,8.012253e-01,1.310639e-01,-3.150656e-03,1.281249e-02,1.932161e-02,5.851253e-02
4.65000,0.494383,0.880277,8.071957e-01,5.147826e-01,8.000862e-01,1.310670e-01,-3.114204e-03,1.281177e-02,1.932298e-02,5.851188e-02
4.65250,0.494998,0.880290,8.075765e-01,5.147487e-01,7.990529e-01,1.310701e-01,-3.079407e-03,1.281077e-02,1.932420e-02,5.851125e-02
4.65500,0.495613,0.880303,8.079501e-01,5.147135e-01,7.981278e-01,1.310733e-01,-3.046241e-03,1.280979e-02,1.932520e-02,5.851064e-02
4.65750,0.496228,0.880314,8.083161e-01,5.146770e-01,7.973130e-01,1.310764e-01,-3.014146e-03,1.280914e-02,1.932599e-02,5.851006e-02
4.66000,0.496844,0.880324,8.086747e-01,5.146390e-01,7.966106e-01,1.310796e-01,-2.981846e-03,1.280863e-02,1.932664e-02,5.850951e-02
4.66250,0.497460,0.880333,8.090256e-01,5.145997e-01,7.960227e-01,1.310828e-01,-2.948649e-03,1.280765e-02,1.932722e-02,5.850899e-02
4.66500,0.498077,0.880340,8.093687e-01,5.145590e-01,7.955508e-01,1.310860e-01,-2.914328e-03,1.280612e-02,1.932779e-02,5.850851e-02
4.66750,0.498693,0.880346,8.097040e-01,5.145169e-01,7.951957e-01,1.310893e-01,-2.880196e-03,1.280388e-02,1.932831e-02,5.850806e-02
4.67000,0.499310,0.880351,8.100314e-01,5.144735e-01,7.949580e-01,1.310925e-01,-2.845918e-03,1.280152e-02,1.932878e-02,5.850764e-02
4.67250,0.499928,0.880355,8.103742e-01,5.144286e-01,7.948377e-01,1.310958e-01,-2.810845e-03,1.279884e-02,1.932922e-02,5.850726e-02
4.67500,0.500545,0.880357,8.107343e-01,5.143824e-01,7.948350e-01,1.310991e-01,-2.775263e-03,1.279588e-02,1.932965e-02,5.850693e-02
4.67750,0.501163,0.880358,8.110868e-01,5.143348e-01,7.949499e-01,1.311025e-01,-2.739511e-03,1.279291e-02,1.933002e-02,5.850663e-02
4.68000,0.501781,0.880357,8.114317e-01,5.142858e-01,7.951824e-01,1.311058e-01,-2.703488e-03,1.278936e-02,1.933033e-02,5.850638e-02
4.68250,0.502399,0.880356,8.117689e-01,5.142354e-01,7.955328e-01,1.311092e-01,-2.667346e-03,1.278523e-02,1.933054e-02,5.850617e-02
4.68500,0.503018,0.880353,8.120982e-01,5.141836e-01,7.959953e-01,1.311126e-01,-2.631876e-03,1.278088e-02,1.933059e-02,5.850601e-02
4.68750,0.503637,0.880349,8.124578e-01,5.141305e-01,7.965753e-01,1.311160e-01,-2.597091e-03,1.277605e-02,1.933048e-02,5.850589e-02
4.69000,0.504256,0.880343,8.128195e-01,5.140759e-01,7.972730e-01,1.311194e-01,-2.561553e-03,1.277058e-02,1.933026e-02,5.850582e-02
4.69250,0.504876,0.880337,8.131739e-01,5.140199e-01,7.980863e-01,1.311228e-01,-2.524610e-03,1.276510e-02,1.933001e-02,5.850581e-02
4.69500,0.505496,0.880329,8.135208e-01,5.139626e-01,7.990132e-01,1.311263e-01,-2.487371e-03,1.276010e-02,1.932971e-02,5.850585e-02
4.69750,0.506116,0.880319,8.138603e-01,5.139038e-01,8.000527e-01,1.311298e-01,-2.449993e-03,1.275562e-02,1.932933e-02,5.850595e-02
4.70000,0.506736,0.880309,8.141921e-01,5.138437e-01,8.012044e-01,1.311333e-01,-2.413806e-03,1.275136e-02,1.932880e-02,5.850611e-02
4.70250,0.507356,0.880297,8.145161e-01,5.137821e-01,8.024675e-01,1.311368e-01,-2.378141e-03,1.274649e-02,1.932813e-02,5.850633e-02
4.70500,0.507977,0.880284,8.148324e-01,5.137192e-01,8.038401e-01,1.311403e-01,-2.341032e-03,1.274072e-02,1.932741e-02,5.850660e-02
4.70750,0.508598,0.880269,8.151408e-01,5.136548e-01,8.030422e-01,1.311438e-01,-2.302035e-03,1.273418e-02,1.932671e-02,5.850694e-02
4.71000,0.509219,0.880254,8.154411e-01,5.135891e-01,8.017612e-01,1.311474e-01,-2.263194e-03,1.272740e-02,1.932593e-02,5.850734e-02
4.71250,0.509841,0.880237,8.157334e-01,5.135219e-01,8.006203e-01,1.311509e-01,-2.224624e-03,1.272074e-02,1.932502e-02,5.850781e-02
4.71500,0.510463,0.880218,8.160175e-01,5.134534e-01,7.996225e-01,1.311545e-01,-2.186523e-03,1.271386e-02,1.932399e-02,5.850834e-02
4.71750,0.511085,0.880199,8.162933e-01,5.133834e-01,7.987704e-01,1.311581e-01,-2.148669e-03,1.270649e-02,1.932283e-02,5.850895e-02
4.72000,0.511707,0.880178,8.165607e-01,5.133120e-01,7.980670e-01,1.311617e-01,-2.110517e-03,1.269842e-02,1.932157e-02,5.850964e-02
4.72250,0.512329,0.880156,8.168196e-01,5.132393e-01,7.975152e-01,1.311653e-01,-2.072944e-03,1.269011e-02,1.932022e-02,5.851040e-02
4.72500,0.512952,0.880132,8.170698e-01,5.131651e-01,7.971171e-01,1.311689e-01,-2.035584e-03,1.268193e-02,1.931877e-02,5.851123e-02
4.72750,0.513575,0.880108,8.173114e-01,5.130895e-01,7.968736e-01,1.311726e-01,-1.997745e-03,1.267338e-02,1.931724e-02,5.851214e-02
4.73000,0.514198,0.880082,8.175442e-01,5.130125e-01,7.967848e-01,1.311762e-01,-1.959043e-03,1.266410e-02,1.931568e-02,5.851312e-02
4.73250,0.514821,0.880055,8.177681e-01,5.129341e-01,7.968512e-01,1.311799e-01,-1.919960e-03,1.265449e-02,1.931407e-02,5.851418e-02
4.73500,0.515445,0.880026,8.179830e-01,5.128543e-01,7.970734e-01,1.311835e-01,-1.880715e-03,1.264476e-02,1.931236e-02,5.851532e-02
4.73750,0.516068,0.879997,8.181887e-01,5.127731e-01,7.974516e-01,1.311872e-01,-1.841883e-03,1.263522e-02,1.931050e-02,5.851655e-02
4.74000,0.516692,0.879966,8.184322e-01,5.126905e-01,7.979853e-01,1.311909e-01,-1.803398e-03,1.262561e-02,1.930849e-02,5.851787e-02
4.74250,0.517316,0.879933,8.186683e-01,5.126065e-01,7.986741e-01,1.311946e-01,-1.765267e-03,1.261564e-02,1.930629e-02,5.851927e-02
4.74500,0.517941,0.879900,8.188957e-01,5.125211e-01,7.995176e-01,1.311983e-01,-1.726198e-03,1.260530e-02,1.930401e-02,5.852075e-02
4.74750,0.518565,0.879865,8.191143e-01,5.124343e-01,8.005145e-01,1.312020e-01,-1.685622e-03,1.259473e-02,1.930171e-02,5.852232e-02
4.75000,0.519190,0.879829,8.193372e-01,5.123460e-01,8.016628e-01,1.312057e-01,-1.643892e-03,1.258431e-02,1.929942e-02,5.852398e-02
4.75250,0.519815,0.879792,8.195857e-01,5.122564e-01,8.029601e-01,1.312094e-01,-1.601820e-03,1.257366e-02,1.929711e-02,5.852573e-02
4.75500,0.520440,0.879753,8.198257e-01,5.121653e-01,8.044034e-01,1.312131e-01,-1.559651e-03,1.256215e-02,1.929473e-02,5.852757e-02
4.75750,0.521065,0.879713,8.200572e-01,5.120729e-01,8.059893e-01,1.312168e-01,-1.516999e-03,1.254970e-02,1.929228e-02,5.852950e-02
4.76000,0.521691,0.879672,8.202801e-01,5.119791e-01,8.077098e-01,1.312205e-01,-1.473399e-03,1.253613e-02,1.928979e-02,5.853153e-02
4.76250,0.522316,0.879630,8.204943e-01,5.118838e-01,8.095615e-01,1.312242e-01,-1.428937e-03,1.252244e-02,1.928729e-02,5.853365e-02
4.76500,0.522942,0.879586,8.206996e-01,5.117872e-01,8.115469e-01,1.312280e-01,-1.385302e-03,1.250879e-02,1.928465e-02,5.853587e-02
4.76750,0.523568,0.879541,8.208961e-01,5.116891e-01,8.136646e-01,1.312317e-01,-1.342694e-03,1.249469e-02,1.928182e-02,5.853818e-02
4.77000,0.524194,0.879495,8.210837e-01,5.115897e-01,8.159136e-01,1.312354e-01,-1.299611e-03,1.247949e-02,1.927891e-02,5.854059e-02
4.77250,0.524820,0.879448,8.212621e-01,5.114889e-01,8.182914e-01,1.312391e-01,-1.254049e-03,1.246360e-02,1.927604e-02,5.854309e-02
4.77500,0.525447,0.879399,8.214314e-01,5.113866e-01,8.207942e-01,1.312428e-01,-1.207827e-03,1.244773e-02,1.927316e-02,5.854569e-02
4.77750,0.526073,0.879349,8.215915e-01,5.112830e-01,8.234176e-01,1.312465e-01,-1.162355e-03,1.243250e-02,1.927016e-02,5.854838e-02
4.78000,0.526700,0.879298,8.217422e-01,5.111780e-01,8.261555e-01,1.312502e-01,-1.116646e-03,1.241784e-02,1.926707e-02,5.855117e-02
4.78250,0.527327,0.879245,8.218836e-01,5.110716e-01,8.290005e-01,1.312539e-01,-1.070417e-03,1.240297e-02,1.926392e-02,5.855406e-02
4.78500,0.527954,0.879192,8.220154e-01,5.109638e-01,8.319446e-01,1.312576e-01,-1.023871e-03,1.238728e-02,1.926072e-02,5.855706e-02
4.78750,0.528581,0.879137,8.221377e-01,5.108546e-01,8.349802e-01,1.312613e-01,-9.777460e-04,1.237045e-02,1.925740e-02,5.856015e-02
4.79000,0.529208,0.879081,8.222504e-01,5.107441e-01,8.381007e-01,1.312650e-01,-9.305008e-04,1.235289e-02,1.925401e-02,5.856335e-02
4.79250,0.529836,0.879023,8.223534e-01,5.106321e-01,8.413005e-01,1.312686e-01,-8.822532e-04,1.233568e-02,1.925058e-02,5.856666e-02
4.79500,0.530463,0.878965,8.224467e-01,5.105188e-01,8.445751e-01,1.312723e-01,-8.332078e-04,1.231872e-02,1.924711e-02,5.857008e-02
4.79750,0.531091,0.878905,8.225301e-01,5.104041e-01,8.479212e-01,1.312759e-01,-7.844718e-04,1.230160e-02,1.924356e-02,5.857361e-02
4.80000,0.531719,0.878844,8.226036e-01,5.102881e-01,8.513361e-01,1.312796e-01,-7.361001e-04,1.228413e-02,1.923993e-02,5.857725e-02
4.80250,0.532347,0.878782,8.226673e-01,5.101706e-01,8.548158e-01,1.312832e-01,-6.873842e-04,1.226627e-02,1.923624e-02,5.858101e-02
4.80500,0.532974,0.878718,8.227209e-01,5.100518e-01,8.583551e-01,1.312868e-01,-6.389160e-04,1.224853e-02,1.923248e-02,5.858488e-02
4.80750,0.533603,0.878653,8.227966e-01,5.099317e-01,8.619469e-01,1.312904e-01,-5.907523e-04,1.223060e-02,1.922865e-02,5.858887e-02
4.81000,0.534231,0.878587,8.228778e-01,5.098101e-01,8.655828e-01,1.312940e-01,-5.421379e-04,1.221227e-02,1.922477e-02,5.859298e-02
4.81250,0.534859,0.878520,8.229493e-01,5.096872e-01,8.692537e-01,1.312976e-01,-4.929047e-04,1.219342e-02,1.922086e-02,5.859721e-02
4.81500,0.535487,0.878452,8.230147e-01,5.095630e-01,8.694430e-01,1.313011e-01,-4.441151e-04,1.217465e-02,1.921683e-02,5.860157e-02
4.81750,0.536116,0.878382,8.231143e-01,5.094374e-01,8.687753e-01,1.313047e-01,-3.958834e-04,1.215645e-02,1.921266e-02,5.860605e-02
4.82000,0.536744,0.878311,8.232047e-01,5.093105e-01,8.681159e-01,1.313082e-01,-3.469757e-04,1.213872e-02,1.920838e-02,5.861066e-02
4.82250,0.537373,0.878239,8.232858e-01,5.091822e-01,8.674646e-01,1.313117e-01,-2.966572e-04,1.212180e-02,1.920406e-02,5.861540e-02
4.82500,0.538001,0.878166,8.233575e-01,5.090525e-01,8.668208e-01,1.313152e-01,-2.458850e-04,1.210491e-02,1.919969e-02,5.862027e-02
4.82750,0.538630,0.878091,8.234199e-01,5.089216e-01,8.661856e-01,1.313187e-01,-1.951145e-04,1.208738e-02,1.919524e-02,5.862527e-02
4.83000,0.539259,0.878015,8.234727e-01,5.087893e-01,8.655606e-01,1.313221e-01,-1.440646e-04,1.206870e-02,1.919073e-02,5.863039e-02
4.83250,0.539888,0.877938,8.235161e-01,5.086556e-01,8.649459e-01,1.313256e-01,-9.160320e-05,1.204972e-02,1.918622e-02,5.863565e-02
4.83500,0.540517,0.877860,8.235498e-01,5.085206e-01,8.643409e-01,1.313290e-01,-3.856862e-05,1.203084e-02,1.918172e-02,5.864105e-02
4.83750,0.541146,0.877781,8.235739e-01,5.083843e-01,8.637457e-01,1.313324e-01,1.458429e-05,1.201173e-02,1.917721e-02,5.864658e-02
4.84000,0.541775,0.877700,8.235883e-01,5.082467e-01,8.631614e-01,1.313357e-01,6.857355e-05,1.199185e-02,1.917267e-02,5.865224e-02
4.84250,0.542404,0.877618,8.235929e-01,5.081078e-01,8.625880e-01,1.313390e-01,1.237185e-04,1.197097e-02,1.916814e-02,5.865804e-02
4.84500,0.543033,0.877535,8.235876e-01,5.079675e-01,8.620253e-01,1.313423e-01,1.796165e-04,1.194939e-02,1.916360e-02,5.866397e-02
4.84750,0.543662,0.877451,8.235724e-01,5.078259e-01,8.614718e-01,1.313456e-01,2.367917e-04,1.192695e-02,1.915908e-02,5.867004e-02
4.85000,0.544291,0.877366,8.235473e-01,5.076831e-01,8.609247e-01,1.313488e-01,2.945761e-04,1.190468e-02,1.915451e-02,5.867624e-02
4.85250,0.544920,0.877279,8.235121e-01,5.075389e-01,8.603819e-01,1.313520e-01,3.531729e-04,1.188248e-02,1.914990e-02,5.868258e-02
4.85500,0.545549,0.877191,8.234669e-01,5.073934e-01,8.598440e-01,1.313552e-01,4.113903e-04,1.186100e-02,1.914519e-02,5.868906e-02
4.85750,0.546178,0.877103,8.234116e-01,5.072467e-01,8.593125e-01,1.313584e-01,4.678244e-04,1.183957e-02,1.914031e-02,5.869566e-02
4.86000,0.546807,0.877012,8.233462e-01,5.070986e-01,8.587883e-01,1.313615e-01,5.252066e-04,1.181760e-02,1.913536e-02,5.870240e-02
4.86250,0.547436,0.876921,8.232707e-01,5.069493e-01,8.582724e-01,1.313645e-01,5.843358e-04,1.179499e-02,1.913046e-02,5.870926e-02
4.86500,0.548065,0.876829,8.231849e-01,5.067987e-01,8.577684e-01,1.313676e-01,6.445983e-04,1.177193e-02,1.912562e-02,5.871626e-02
4.86750,0.548694,0.876735,8.230889e-01,5.066468e-01,8.572800e-01,1.313706e-01,7.065662e-04,1.174915e-02,1.912089e-02,5.872339e-02
4.87000,0.549324,0.876640,8.229827e-01,5.064937e-01,8.568092e-01,1.313736e-01,7.693392e-04,1.172662e-02,1.911622e-02,5.873065e-02
4.87250,0.549953,0.876544,8.228662e-01,5.063393e-01,8.563585e-01,1.313765e-01,8.328381e-04,1.170400e-02,1.911161e-02,5.873804e-02
4.87500,0.550582,0.876447,8.227395e-01,5.061837e-01,8.559306e-01,1.313794e-01,8.953935e-04,1.168031e-02,1.910698e-02,5.874557e-02
4.87750,0.551211,0.876348,8.226025e-01,5.060268e-01,8.555288e-01,1.313822e-01,9.559812e-04,1.165571e-02,1.910219e-02,5.875324e-02
4.88000,0.551839,0.876249,8.224840e-01,5.058687e-01,8.551531e-01,1.313851e-01,1.016265e-03,1.163120e-02,1.909729e-02,5.876103e-02
4.88250,0.552468,0.876148,8.223725e-01,5.057093e-01,8.548017e-01,1.313879e-01,1.077613e-03,1.160674e-02,1.909236e-02,5.876897e-02
4.88500,0.553097,0.876046,8.222661e-01,5.055487e-01,8.544739e-01,1.313906e-01,1.139507e-03,1.158295e-02,1.908742e-02,5.877706e-02
4.88750,0.553726,0.875943,8.221811e-01,5.053869e-01,8.541717e-01,1.313933e-01,1.201179e-03,1.155942e-02,1.908243e-02,5.878528e-02
4.89000,0.554355,0.875839,8.220867e-01,5.052238e-01,8.538975e-01,1.313960e-01,1.262836e-03,1.153639e-02,1.907741e-02,5.879364e-02
4.89250,0.554983,0.875734,8.219829e-01,5.050596e-01,8.536529e-01,1.313986e-01,1.324224e-03,1.151382e-02,1.907234e-02,5.880215e-02
4.89500,0.555612,0.875627,8.218696e-01,5.048941e-01,8.534387e-01,1.314012e-01,1.386542e-03,1.149153e-02,1.906731e-02,5.881079e-02
4.89750,0.556240,0.875520,8.217468e-01,5.047275e-01,8.532560e-01,1.314038e-01,1.449024e-03,1.146930e-02,1.906229e-02,5.881958e-02
4.90000,0.556868,0.875411,8.216144e-01,5.045596e-01,8.531047e-01,1.314063e-01,1.512132e-03,1.144665e-02,1.905729e-02,5.882852e-02
4.90250,0.557497,0.875301,8.214726e-01,5.043906e-01,8.529831e-01,1.314088e-01,1.575484e-03,1.142364e-02,1.905229e-02,5.883760e-02
4.90500,0.558125,0.875190,8.213211e-01,5.042204e-01,8.528892e-01,1.314112e-01,1.639171e-03,1.140007e-02,1.904727e-02,5.884682e-02
4.90750,0.558753,0.875078,8.211600e-01,5.040490e-01,8.528253e-01,1.314136e-01,1.702973e-03,1.137658e-02,1.904224e-02,5.885619e-02
4.91000,0.559381,0.874964,8.209892e-01,5.038764e-01,8.527948e-01,1.314159e-01,1.767691e-03,1.135291e-02,1.903723e-02,5.886569e-02
4.91250,0.560009,0.874850,8.208088e-01,5.037027e-01,8.527993e-01,1.314182e-01,1.834942e-03,1.132844e-02,1.903231e-02,5.887535e-02
4.91500,0.560636,0.874734,8.206187e-01,5.035278e-01,8.528400e-01,1.314204e-01,1.904354e-03,1.130426e-02,1.902750e-02,5.888514e-02
4.91750,0.561264,0.874617,8.204190e-01,5.033518e-01,8.529217e-01,1.314226e-01,1.973490e-03,1.128060e-02,1.902270e-02,5.889507e-02
4.92000,0.561891,0.874499,8.202096e-01,5.031746e-01,8.530494e-01,1.314248e-01,2.042942e-03,1.125693e-02,1.901792e-02,5.890514e-02
4.92250,0.562518,0.874380,8.199906e-01,5.029963e-01,8.532280e-01,1.314269e-01,2.113080e-03,1.123213e-02,1.901319e-02,5.891535e-02
4.92500,0.563145,0.874260,8.197620e-01,5.028168e-01,8.534634e-01,1.314289e-01,2.184384e-03,1.120594e-02,1.900855e-02,5.892570e-02
4.92750,0.563772,0.874139,8.195237e-01,5.026363e-01,8.537567e-01,1.314310e-01,2.255779e-03,1.117921e-02,1.900396e-02,5.893617e-02
4.93000,0.564399,0.874017,8.192758e-01,5.024546e-01,8.541041e-01,1.314329e-01,2.325955e-03,1.115307e-02,1.899935e-02,5.894678e-02
4.93250,0.565026,0.873893,8.190184e-01,5.022719e-01,8.545003e-01,1.314348e-01,2.396511e-03,1.112719e-02,1.899478e-02,5.895752e-02
4.93500,0.565652,0.873769,8.187514e-01,5.020880e-01,8.549444e-01,1.314367e-01,2.468286e-03,1.110135e-02,1.899031e-02,5.896839e-02
4.93750,0.566278,0.873643,8.184750e-01,5.019030e-01,8.554380e-01,1.314385e-01,2.540201e-03,1.107572e-02,1.898588e-02,5.897939e-02
4.94000,0.566904,0.873516,8.181892e-01,5.017170e-01,8.559820e-01,1.314403e-01,2.612037e-03,1.105061e-02,1.898146e-02,5.899053e-02
4.94250,0.567530,0.873388,8.178941e-01,5.015299e-01,8.565745e-01,1.314420e-01,2.683088e-03,1.102628e-02,1.897694e-02,5.900181e-02
4.94500,0.568156,0.873259,8.175897e-01,5.013417e-01,8.572091e-01,1.314437e-01,2.753863e-03,1.100277e-02,1.897237e-02,5.901324e-02
4.94750,0.568781,0.873129,8.172761e-01,5.011525e-01,8.578800e-01,1.314454e-01,2.825112e-03,1.097983e-02,1.896780e-02,5.902481e-02
4.95000,0.569406,0.872998,8.169531e-01,5.009622e-01,8.585879e-01,1.314470e-01,2.896424e-03,1.095687e-02,1.896324e-02,5.903652e-02
4.95250,0.570031,0.872866,8.166209e-01,5.007709e-01,8.593390e-01,1.314485e-01,2.966670e-03,1.093360e-02,1.895863e-02,5.904837e-02
4.95500,0.570656,0.872732,8.162795e-01,5.005785e-01,8.601413e-01,1.314500e-01,3.036003e-03,1.091034e-02,1.895399e-02,5.906036e-02
4.95750,0.571280,0.872598,8.159288e-01,5.003852e-01,8.609997e-01,1.314514e-01,3.106720e-03,1.088709e-02,1.894946e-02,5.907248e-02
4.96000,0.571904,0.872462,8.155928e-01,5.001907e-01,8.619137e-01,1.314528e-01,3.179424e-03,1.086368e-02,1.894512e-02,5.908474e-02
4.96250,0.572528,0.872326,8.153036e-01,4.999953e-01,8.618210e-01,1.314542e-01,3.253323e-03,1.084052e-02,1.894094e-02,5.909713e-02
4.96500,0.573152,0.872188,8.150102e-01,4.997989e-01,8.612851e-01,1.314554e-01,3.327362e-03,1.081671e-02,1.893682e-02,5.910964e-02
4.96750,0.573775,0.872049,8.147081e-01,4.996015e-01,8.607574e-01,1.314567e-01,3.403184e-03,1.079156e-02,1.893283e-02,5.912229e-02
4.97000,0.574398,0.871910,8.143972e-01,4.994031e-01,8.602341e-01,1.314579e-01,3.480023e-03,1.076520e-02,1.892890e-02,5.913506e-02
4.97250,0.575021,0.871769,8.140777e-01,4.992037e-01,8.597134e-01,1.314590e-01,3.558128e-03,1.073911e-02,1.892503e-02,5.914796e-02
4.97500,0.575644,0.871627,8.137494e-01,4.990033e-01,8.591949e-01,1.314601e-01,3.636614e-03,1.071403e-02,1.892122e-02,5.916099e-02
4.97750,0.576266,0.871484,8.134126e-01,4.988020e-01,8.586823e-01,1.314611e-01,3.714270e-03,1.069031e-02,1.891739e-02,5.917415e-02
4.98000,0.576888,0.871339,8.130671e-01,4.985997e-01,8.581834e-01,1.314621e-01,3.791544e-03,1.066678e-02,1.891354e-02,5.918743e-02
4.98250,0.577509,0.871194,8.127132e-01,4.983965e-01,8.577043e-01,1.314630e-01,3.868914e-03,1.064337e-02,1.890971e-02,5.920085e-02
4.98500,0.578131,0.871048,8.123508e-01,4.981923e-01,8.572471e-01,1.314639e-01,3.946597e-03,1.062036e-02,1.890596e-02,5.921439e-02
4.98750,0.578751,0.870901,8.119801e-01,4.979872e-01,8.568120e-01,1.314647e-01,4.024396e-03,1.059680e-02,1.890235e-02,5.922806e-02
4.99000,0.579372,0.870752,8.116011e-01,4.977812e-01,8.563994e-01,1.314655e-01,4.100992e-03,1.057297e-02,1.889879e-02,5.924185e-02
4.99250,0.579992,0.870603,8.112140e-01,4.975743e-01,8.560097e-01,1.314662e-01,4.177933e-03,1.054924e-02,1.889533e-02,5.925577e-02
4.99500,0.580612,0.870453,8.108187e-01,4.973664e-01,8.556449e-01,1.314669e-01,4.255190e-03,1.052563e-02,1.889198e-02,5.926980e-02
4.99750,0.581232,0.870301,8.104153e-01,4.971577e-01,8.553083e-01,1.314676e-01,4.332050e-03,1.050233e-02,1.888867e-02,5.928395e-02
5.00000,0.581851,0.870149,8.100038e-01,4.969481e-01,8.549992e-01,1.314682e-01,4.408586e-03,1.047898e-02,1.888536e-02,5.929822e-02
5.00250,0.582469,0.869995,8.095841e-01,4.967376e-01,8.547151e-01,1.314687e-01,4.484140e-03,1.045573e-02,1.888197e-02,5.931261e-02
5.00500,0.583088,0.869840,8.091564e-01,4.965262e-01,8.544546e-01,1.314692e-01,4.558997e-03,1.043316e-02,1.887848e-02,5.932712e-02
5.00750,0.583706,0.869685,8.087207e-01,4.963140e-01,8.542129e-01,1.314696e-01,4.633907e-03,1.041059e-02,1.887494e-02,5.934176e-02
5.01000,0.584323,0.869528,8.082771e-01,4.961009e-01,8.539865e-01,1.314700e-01,4.711088e-03,1.038842e-02,1.887152e-02,5.935652e-02
5.01250,0.584940,0.869370,8.078255e-01,4.958870e-01,8.537789e-01,1.314703e-01,4.791275e-03,1.036657e-02,1.886834e-02,5.937141e-02
5.01500,0.585557,0.869212,8.073660e-01,4.956722e-01,8.535958e-01,1.314706e-01,4.873855e-03,1.034481e-02,1.886545e-02,5.938641e-02
5.01750,0.586174,0.869052,8.068988e-01,4.954566e-01,8.534416e-01,1.314708e-01,4.956703e-03,1.032314e-02,1.886273e-02,5.940152e-02
5.02000,0.586789,0.868891,8.064237e-01,4.952402e-01,8.533224e-01,1.314710e-01,5.038582e-03,1.030136e-02,1.886010e-02,5.941673e-02
5.02250,0.587405,0.868729,8.059411e-01,4.950230e-01,8.532407e-01,1.314711e-01,5.120882e-03,1.028053e-02,1.885761e-02,5.943204e-02
5.02500,0.588020,0.868567,8.054509e-01,4.948050e-01,8.531929e-01,1.314712e-01,5.204054e-03,1.026055e-02,1.885531e-02,5.944745e-02
5.02750,0.588634,0.868403,8.049532e-01,4.945861e-01,8.531763e-01,1.314712e-01,5.287831e-03,1.024009e-02,1.885316e-02,5.946295e-02
5.03000,0.589248,0.868238,8.044483e-01,4.943665e-01,8.531914e-01,1.314712e-01,5.368631e-03,1.021731e-02,1.885093e-02,5.947857e-02
5.03250,0.589862,0.868072,8.039361e-01,4.941461e-01,8.532383e-01,1.314711e-01,5.445643e-03,1.019238e-02,1.884848e-02,5.949428e-02
5.03500,0.590475,0.867905,8.034168e-01,4.939250e-01,8.533175e-01,1.314710e-01,5.521721e-03,1.016741e-02,1.884593e-02,5.951011e-02
5.03750,0.591088,0.867737,8.028903e-01,4.937031e-01,8.534288e-01,1.314708e-01,5.597207e-03,1.014413e-02,1.884332e-02,5.952605e-02
5.04000,0.591700,0.867568,8.023567e-01,4.934804e-01,8.535692e-01,1.314706e-01,5.674035e-03,1.012286e-02,1.884080e-02,5.954210e-02
5.04250,0.592311,0.867399,8.018162e-01,4.932570e-01,8.537374e-01,1.314703e-01,5.752645e-03,1.010302e-02,1.883844e-02,5.955826e-02
5.04500,0.592922,0.867228,8.012686e-01,4.930329e-01,8.539349e-01,1.314700e-01,5.832951e-03,1.008353e-02,1.883631e-02,5.957452e-02
5.04750,0.593533,0.867056,8.007142e-01,4.928080e-01,8.541628e-01,1.314697e-01,5.914449e-03,1.006389e-02,1.883436e-02,5.959088e-02
5.05000,0.594143,0.866883,8.001529e-01,4.925824e-01,8.544267e-01,1.314693e-01,5.998198e-03,1.004484e-02,1.883261e-02,5.960733e-02
5.05250,0.594752,0.866709,7.996406e-01,4.923561e-01,8.547329e-01,1.314688e-01,6.084820e-03,1.002569e-02,1.883117e-02,5.962387e-02
5.05500,0.595361,0.866534,7.991368e-01,4.921291e-01,8.550855e-01,1.314683e-01,6.172380e-03,1.000665e-02,1.882999e-02,5.964049e-02
5.05750,0.595970,0.866358,7.986263e-01,4.919014e-01,8.554871e-01,1.314678e-01,6.256741e-03,9.988133e-03,1.882877e-02,5.965721e-02
5.06000,0.596578,0.866182,7.981091e-01,4.916730e-01,8.559349e-01,1.314672e-01,6.338492e-03,9.969163e-03,1.882743e-02,5.967400e-02
5.06250,0.597185,0.866004,7.975854e-01,4.914440e-01,8.564230e-01,1.314665e-01,6.417904e-03,9.947858e-03,1.882594e-02,5.969088e-02
5.06500,0.597792,0.865825,7.970552e-01,4.912143e-01,8.569509e-01,1.314658e-01,6.496813e-03,9.925162e-03,1.882441e-02,5.970785e-02
5.06750,0.598398,0.865645,7.965188e-01,4.909839e-01,8.575180e-01,1.314651e-01,6.577171e-03,9.902298e-03,1.882299e-02,5.972491e-02
5.07000,0.599003,0.865465,7.959761e-01,4.907529e-01,8.581226e-01,1.314643e-01,6.658111e-03,9.880885e-03,1.882170e-02,5.974205e-02
5.07250,0.599608,0.865283,7.954274e-01,4.905212e-01,8.587580e-01,1.314635e-01,6.739267e-03,9.861410e-03,1.882052e-02,5.975930e-02
5.07500,0.600212,0.865100,7.948725e-01,4.902889e-01,8.594219e-01,1.314626e-01,6.820052e-03,9.844405e-03,1.881942e-02,5.977663e-02
5.07750,0.600816,0.864916,7.943116e-01,4.900560e-01,8.591969e-01,1.314617e-01,6.901806e-03,9.829285e-03,1.881847e-02,5.979403e-02
5.08000,0.601419,0.864732,7.937446e-01,4.898224e-01,8.580554e-01,1.314608e-01,6.984690e-03,9.814983e-03,1.881770e-02,5.981152e-02
5.08250,0.602021,0.864546,7.931717e-01,4.895883e-01,8.569209e-01,1.314598e-01,7.067939e-03,9.798954e-03,1.881712e-02,5.982908e-02
5.08500,0.602623,0.864360,7.925929e-01,4.893535e-01,8.557936e-01,1.314587e-01,7.150941e-03,9.781329e-03,1.881665e-02,5.984671e-02
5.08750,0.603224,0.864172,7.920083e-01,4.891182e-01,8.546713e-01,1.314576e-01,7.234065e-03,9.762934e-03,1.881627e-02,5.986442e-02
5.09000,0.603824,0.863984,7.914178e-01,4.888822e-01,8.535477e-01,1.314565e-01,7.317616e-03,9.743068e-03,1.881600e-02,5.988220e-02
5.09250,0.604424,0.863794,7.908217e-01,4.886457e-01,8.524163e-01,1.314553e-01,7.399727e-03,9.722084e-03,1.881571e-02,5.990006e-02
5.09500,0.605023,0.863604,7.902199e-01,4.884086e-01,8.512764e-01,1.314541e-01,7.480047e-03,9.701909e-03,1.881533e-02,5.991799e-02
5.09750,0.605622,0.863412,7.896127e-01,4.881710e-01,8.501311e-01,1.314529e-01,7.561247e-03,9.682882e-03,1.881500e-02,5.993599e-02
5.10000,0.606219,0.863220,7.890001e-01,4.879328e-01,8.489882e-01,1.314516e-01,7.644480e-03,9.665341e-03,1.881483e-02,5.995407e-02
5.10250,0.606816,0.863027,7.883822e-01,4.876940e-01,8.478574e-01,1.314502e-01,7.730187e-03,9.648284e-03,1.881494e-02,5.997222e-02
5.10500,0.607413,0.862833,7.877591e-01,4.874547e-01,8.467457e-01,1.314489e-01,7.816346e-03,9.632165e-03,1.881527e-02,5.999045e-02
5.10750,0.608008,0.862637,7.871309e-01,4.872149e-01,8.456540e-01,1.314475e-01,7.900660e-03,9.617499e-03,1.881568e-02,6.000875e-02
5.11000,0.608603,0.862441,7.864977e-01,4.869746e-01,8.445803e-01,1.314460e-01,7.981391e-03,9.603480e-03,1.881601e-02,6.002711e-02
5.11250,0.609197,0.862244,7.858595e-01,4.867338e-01,8.435189e-01,1.314446e-01,8.060731e-03,9.589708e-03,1.881630e-02,6.004553e-02
5.11500,0.609790,0.862046,7.852163e-01,4.864924e-01,8.424666e-01,1.314431e-01,8.140086e-03,9.575764e-03,1.881663e-02,6.006400e-02
5.11750,0.610383,0.861847,7.845682e-01,4.862505e-01,8.414255e-01,1.314415e-01,8.220224e-03,9.560560e-03,1.881707e-02,6.008252e-02
5.12000,0.610975,0.861647,7.839154e-01,4.860082e-01,8.403988e-01,1.314399e-01,8.301040e-03,9.544588e-03,1.881756e-02,6.010108e-02
5.12250,0.611566,0.861446,7.832577e-01,4.857654e-01,8.393832e-01,1.314383e-01,8.383208e-03,9.527873e-03,1.881813e-02,6.011969e-02
5.12500,0.612156,0.861245,7.825955e-01,4.855220e-01,8.383694e-01,1.314366e-01,8.465802e-03,9.510642e-03,1.881879e-02,6.013836e-02
5.12750,0.612745,0.861042,7.819286e-01,4.852783e-01,8.373503e-01,1.314349e-01,8.547712e-03,9.494011e-03,1.881946e-02,6.015707e-02
5.13000,0.613334,0.860838,7.812574e-01,4.850340e-01,8.363229e-01,1.314331e-01,8.630247e-03,9.478603e-03,1.882024e-02,6.017585e-02
5.13250,0.613922,0.860634,7.805818e-01,4.847893e-01,8.352896e-01,1.314314e-01,8.713651e-03,9.463209e-03,1.882119e-02,6.019467e-02
5.13500,0.614509,0.860428,7.799020e-01,4.845442e-01,8.342630e-01,1.314296e-01,8.798049e-03,9.447095e-03,1.882237e-02,6.021354e-02
5.13750,0.615095,0.860222,7.792180e-01,4.842986e-01,8.332553e-01,1.314277e-01,8.883333e-03,9.431505e-03,1.882381e-02,6.023247e-02
5.14000,0.615681,0.860015,7.785300e-01,4.840526e-01,8.322716e-01,1.314259e-01,8.968132e-03,9.417281e-03,1.882543e-02,6.025144e-02
5.14250,0.616265,0.859806,7.778379e-01,4.838061e-01,8.313122e-01,1.314240e-01,9.050471e-03,9.404324e-03,1.882707e-02,6.027045e-02
5.14500,0.616849,0.859597,7.771418e-01,4.835592e-01,8.303740e-01,1.314220e-01,9.132258e-03,9.392434e-03,1.882877e-02,6.028950e-02
5.14750,0.617432,0.859387,7.764419e-01,4.833120e-01,8.294536e-01,1.314201e-01,9.212595e-03,9.380766e-03,1.883047e-02,6.030859e-02
5.15000,0.618014,0.859176,7.757382e-01,4.830643e-01,8.285492e-01,1.314180e-01,9.292844e-03,9.367562e-03,1.883221e-02,6.032771e-02
5.15250,0.618595,0.858964,7.750307e-01,4.828162e-01,8.276639e-01,1.314160e-01,9.373559e-03,9.353094e-03,1.883398e-02,6.034687e-02
5.15500,0.619175,0.858751,7.743196e-01,4.825677e-01,8.267925e-01,1.314139e-01,9.453306e-03,9.338208e-03,1.883572e-02,6.036607e-02
5.15750,0.619755,0.858537,7.736049e-01,4.823188e-01,8.259258e-01,1.314118e-01,9.532853e-03,9.323070e-03,1.883748e-02,6.038530e-02
5.16000,0.620333,0.858323,7.728868e-01,4.820696e-01,8.250591e-01,1.314097e-01,9.612906e-03,9.309306e-03,1.883933e-02,6.040457e-02
5.16250,0.620911,0.858107,7.721654e-01,4.818200e-01,8.241915e-01,1.314075e-01,9.693715e-03,9.296596e-03,1.884131e-02,6.042387e-02
5.16500,0.621487,0.857891,7.714407e-01,4.815700e-01,8.233288e-01,1.314053e-01,9.776317e-03,9.284866e-03,1.884349e-02,6.044321e-02
5.16750,0.622063,0.857673,7.707128e-01,4.813197e-01,8.224816e-01,1.314030e-01,9.860541e-03,9.272894e-03,1.884594e-02,6.046256e-02
5.17000,0.622638,0.857455,7.700042e-01,4.810690e-01,8.216569e-01,1.314008e-01,9.945679e-03,9.260731e-03,1.884865e-02,6.048194e-02
5.17250,0.623212,0.857236,7.693193e-01,4.808179e-01,8.208560e-01,1.313984e-01,1.002999e-02,9.249685e-03,1.885146e-02,6.050135e-02
5.17500,0.623785,0.857015,7.686310e-01,4.805666e-01,8.200786e-01,1.313961e-01,1.011202e-02,9.239182e-03,1.885424e-02,6.052077e-02
5.17750,0.624357,0.856794,7.679394e-01,4.803148e-01,8.193238e-01,1.313937e-01,1.019218e-02,9.228422e-03,1.885695e-02,6.054021e-02
5.18000,0.624928,0.856572,7.672446e-01,4.800628e-01,8.185926e-01,1.313913e-01,1.027115e-02,9.217066e-03,1.885960e-02,6.055968e-02
5.18250,0.625498,0.856350,7.665466e-01,4.798104e-01,8.178878e-01,1.313889e-01,1.034921e-02,9.204626e-03,1.886214e-02,6.057915e-02
5.18500,0.626067,0.856126,7.658455e-01,4.795578e-01,8.172053e-01,1.313864e-01,1.042762e-02,9.191879e-03,1.886462e-02,6.059865e-02
5.18750,0.626635,0.855901,7.651413e-01,4.793048e-01,8.165361e-01,1.313839e-01,1.050760e-02,9.179821e-03,1.886719e-02,6.061816e-02
5.19000,0.627202,0.855676,7.644342e-01,4.790515e-01,8.158741e-01,1.313813e-01,1.058711e-02,9.168196e-03,1.886984e-02,6.063769e-02
5.19250,0.627768,0.855449,7.637241e-01,4.787979e-01,8.152204e-01,1.313788e-01,1.066709e-02,9.157563e-03,1.887260e-02,6.065723e-02
5.19500,0.628333,0.855222,7.630113e-01,4.785440e-01,8.145821e-01,1.313762e-01,1.074764e-02,9.147709e-03,1.887554e-02,6.067678e-02
5.19750,0.628897,0.854994,7.622959e-01,4.782898e-01,8.139680e-01,1.313735e-01,1.082870e-02,9.136829e-03,1.887871e-02,6.069633e-02
5.20000,0.629460,0.854765,7.615778e-01,4.780354e-01,8.133791e-01,1.313709e-01,1.091051e-02,9.125583e-03,1.888216e-02,6.071590e-02
5.20250,0.630022,0.854535,7.608571e-01,4.777806e-01,8.128143e-01,1.313682e-01,1.099183e-02,9.114603e-03,1.888578e-02,6.073547e-02
5.20500,0.630583,0.854304,7.601339e-01,4.775256e-01,8.122731e-01,1.313654e-01,1.107181e-02,9.104115e-03,1.888946e-02,6.075504e-02
5.20750,0.631143,0.854072,7.594083e-01,4.772704e-01,8.117584e-01,1.313627e-01,1.115064e-02,9.093003e-03,1.889314e-02,6.077462e-02
5.21000,0.631702,0.853839,7.586803e-01,4.770149e-01,8.112738e-01,1.313599e-01,1.122913e-02,9.083400e-03,1.889682e-02,6.079420e-02
5.21250,0.632259,0.853606,7.579500e-01,4.767591e-01,8.108199e-01,1.313571e-01,1.130759e-02,9.073874e-03,1.890050e-02,6.081379e-02
5.21500,0.632816,0.853371,7.572174e-01,4.765030e-01,8.103882e-01,1.313542e-01,1.138799e-02,9.064837e-03,1.890425e-02,6.083338e-02
5.21750,0.633372,0.853136,7.564827e-01,4.762468e-01,8.099740e-01,1.313513e-01,1.147062e-02,9.056697e-03,1.890817e-02,6.085299e-02
5.22000,0.633926,0.852900,7.557459e-01,4.759903e-01,8.095765e-01,1.313484e-01,1.155080e-02,9.047985e-03,1.891207e-02,6.087260e-02
5.22250,0.634480,0.852663,7.550071e-01,4.757335e-01,8.092002e-01,1.313454e-01,1.162823e-02,9.038618e-03,1.891588e-02,6.089221e-02
5.22500,0.635032,0.852425,7.542663e-01,4.754765e-01,8.088520e-01,1.313424e-01,1.170509e-02,9.029832e-03,1.891970e-02,6.091181e-02
5.22750,0.635583,0.852186,7.535238e-01,4.752193e-01,8.085335e-01,1.313394e-01,1.178361e-02,9.021196e-03,1.892369e-02,6.093139e-02
5.23000,0.636133,0.851946,7.527794e-01,4.749619e-01,8.082418e-01,1.313364e-01,1.186400e-02,9.011018e-03,1.892792e-02,6.095098e-02
5.23250,0.636682,0.851705,7.520333e-01,4.747043e-01,8.079760e-01,1.313333e-01,1.194291e-02,9.000703e-03,1.893218e-02,6.097055e-02
5.23500,0.637230,0.851464,7.512855e-01,4.744465e-01,8.077381e-01,1.313303e-01,1.201974e-02,8.991042e-03,1.893635e-02,6.099012e-02
5.23750,0.637776,0.851222,7.505362e-01,4.741884e-01,8.075302e-01,1.313271e-01,1.209681e-02,8.982321e-03,1.894055e-02,6.100967e-02
5.24000,0.638322,0.850978,7.497853e-01,4.739302e-01,8.073530e-01,1.313240e-01,1.217397e-02,8.974127e-03,1.894481e-02,6.102922e-02
5.24250,0.638866,0.850734,7.490329e-01,4.736717e-01,8.072048e-01,1.313208e-01,1.225069e-02,8.966007e-03,1.894907e-02,6.104875e-02
5.24500,0.639409,0.850489,7.482792e-01,4.734131e-01,8.070825e-01,1.313176e-01,1.232801e-02,8.957502e-03,1.895339e-02,6.106827e-02
5.24750,0.639951,0.850243,7.475241e-01,4.731542e-01,8.069859e-01,1.313144e-01,1.240817e-02,8.949916e-03,1.895791e-02,6.108778e-02
5.25000,0.640492,0.849997,7.467678e-01,4.728952e-01,8.069191e-01,1.313111e-01,1.248759e-02,8.942832e-03,1.896249e-02,6.110728e-02
5.25250,0.641032,0.849749,7.460104e-01,4.726360e-01,8.068852e-01,1.313078e-01,1.256530e-02,8.935406e-03,1.896708e-02,6.112676e-02
5.25500,0.641570,0.849501,7.452518e-01,4.723767e-01,8.068863e-01,1.313045e-01,1.264319e-02,8.928109e-03,1.897174e-02,6.114622e-02
5.25750,0.642107,0.849251,7.444922e-01,4.721171e-01,8.069195e-01,1.313012e-01,1.272215e-02,8.921357e-03,1.897658e-02,6.116566e-02
5.26000,0.642643,0.849001,7.437317e-01,4.718574e-01,8.069815e-01,1.312978e-01,1.280029e-02,8.913781e-03,1.898153e-02,6.118508e-02
5.26250,0.643178,0.848750,7.429702e-01,4.715975e-01,8.070739e-01,1.312945e-01,1.287522e-02,8.905446e-03,1.898642e-02,6.120448e-02
5.26500,0.643711,0.848498,7.422079e-01,4.713375e-01,8.071972e-01,1.312911e-01,1.294820e-02,8.896683e-03,1.899124e-02,6.122385e-02
5.26750,0.644244,0.848245,7.414448e-01,4.710773e-01,8.073525e-01,1.312876e-01,1.302030e-02,8.887531e-03,1.899602e-02,6.124320e-02
5.27000,0.644775,0.847992,7.406809e-01,4.708169e-01,8.075393e-01,1.312842e-01,1.309398e-02,8.878929e-03,1.900089e-02,6.126252e-02
5.27250,0.645304,0.847737,7.399165e-01,4.705564e-01,8.077543e-01,1.312807e-01,1.317075e-02,8.871716e-03,1.900597e-02,6.128181e-02
5.27500,0.645833,0.847482,7.391514e-01,4.702958e-01,8.080000e-01,1.312772e-01,1.324830e-02,8.863791e-03,1.901115e-02,6.130109e-02
5.27750,0.646360,0.847226,7.383859e-01,4.700350e-01,8.082801e-01,1.312737e-01,1.332799e-02,8.856610e-03,1.901651e-02,6.132036e-02
5.28000,0.646886,0.846968,7.376199e-01,4.697740e-01,8.085996e-01,1.312702e-01,1.340696e-02,8.851225e-03,1.902196e-02,6.133960e-02
5.28250,0.647411,0.846710,7.368535e-01,4.695130e-01,8.089578e-01,1.312666e-01,1.348432e-02,8.845389e-03,1.902739e-02,6.135881e-02
5.28500,0.647934,0.846452,7.360869e-01,4.692517e-01,8.093504e-01,1.312630e-01,1.356144e-02,8.838973e-03,1.903284e-02,6.137799e-02
5.28750,0.648456,0.846192,7.355831e-01,4.689904e-01,8.097762e-01,1.312594e-01,1.363906e-02,8.831220e-03,1.903841e-02,6.139714e-02
5.29000,0.648977,0.845931,7.357680e-01,4.687289e-01,8.102338e-01,1.312558e-01,1.371340e-02,8.822481e-03,1.904388e-02,6.141625e-02
5.29250,0.649496,0.845670,7.359379e-01,4.684673e-01,8.107250e-01,1.312522e-01,1.378598e-02,8.814943e-03,1.904922e-02,6.143533e-02
5.29500,0.650014,0.845408,7.361209e-01,4.682056e-01,8.112488e-01,1.312486e-01,1.385671e-02,8.807999e-03,1.905446e-02,6.145436e-02
5.29750,0.650531,0.845145,7.364219e-01,4.679438e-01,8.118014e-01,1.312449e-01,1.392710e-02,8.800763e-03,1.905968e-02,6.147336e-02
5.30000,0.651046,0.844881,7.367090e-01,4.676818e-01,8.123845e-01,1.312412e-01,1.399818e-02,8.793260e-03,1.906495e-02,6.149231e-02
5.30250,0.651560,0.844616,7.369821e-01,4.674197e-01,8.130014e-01,1.312375e-01,1.407127e-02,8.786394e-03,1.907036e-02,6.151123e-02
5.30500,0.652073,0.844350,7.372408e-01,4.671575e-01,8.136586e-01,1.312338e-01,1.414569e-02,8.779042e-03,1.907590e-02,6.153010e-02
5.30750,0.652584,0.844084,7.374850e-01,4.668952e-01,8.143575e-01,1.312301e-01,1.422148e-02,8.772521e-03,1.908161e-02,6.154894e-02
5.31000,0.653094,0.843817,7.377144e-01,4.666328e-01,8.150968e-01,1.312263e-01,1.429757e-02,8.767119e-03,1.908746e-02,6.156774e-02
5.31250,0.653603,0.843548,7.379289e-01,4.663703e-01,8.158740e-01,1.312226e-01,1.437397e-02,8.761950e-03,1.909338e-02,6.158650e-02
5.31500,0.654110,0.843279,7.381282e-01,4.661077e-01,8.166874e-01,1.312188e-01,1.445135e-02,8.756892e-03,1.909944e-02,6.160523e-02
5.31750,0.654616,0.843009,7.383122e-01,4.658450e-01,8.175368e-01,1.312150e-01,1.452701e-02,8.750697e-03,1.910555e-02,6.162391e-02
5.32000,0.655120,0.842739,7.384807e-01,4.655821e-01,8.184187e-01,1.312112e-01,1.459993e-02,8.743706e-03,1.911158e-02,6.164255e-02
5.32250,0.655623,0.842467,7.386336e-01,4.653192e-01,8.193305e-01,1.312074e-01,1.467085e-02,8.736992e-03,1.911750e-02,6.166114e-02
5.32500,0.656125,0.842195,7.387708e-01,4.650562e-01,8.202726e-01,1.312036e-01,1.474032e-02,8.729515e-03,1.912333e-02,6.167968e-02
5.32750,0.656625,0.841921,7.388921e-01,4.647931e-01,8.212485e-01,1.311997e-01,1.480979e-02,8.721130e-03,1.912914e-02,6.169816e-02
5.33000,0.657124,0.841647,7.389975e-01,4.645299e-01,8.222634e-01,1.311959e-01,1.488052e-02,8.713119e-03,1.913501e-02,6.171660e-02
5.33250,0.657621,0.841372,7.390869e-01,4.642666e-01,8.233191e-01,1.311920e-01,1.495306e-02,8.706091e-03,1.914098e-02,6.173499e-02
5.33500,0.658117,0.841097,7.391601e-01,4.640032e-01,8.244151e-01,1.311881e-01,1.502740e-02,8.699485e-03,1.914705e-02,6.175335e-02
5.33750,0.658611,0.840820,7.392172e-01,4.637397e-01,8.255513e-01,1.311842e-01,1.510119e-02,8.693071e-03,1.915315e-02,6.177167e-02
5.34000,0.659104,0.840542,7.393537e-01,4.634761e-01,8.267275e-01,1.311803e-01,1.517468e-02,8.687372e-03,1.915933e-02,6.178994e-02
5.34250,0.659595,0.840264,7.395488e-01,4.632125e-01,8.279420e-01,1.311764e-01,1.524722e-02,8.681120e-03,1.916551e-02,6.180816e-02
5.34500,0.660085,0.839985,7.397287e-01,4.629487e-01,8.291904e-01,1.311725e-01,1.531924e-02,8.674807e-03,1.917173e-02,6.182634e-02
5.34750,0.660574,0.839705,7.398935e-01,4.626849e-01,8.304684e-01,1.311686e-01,1.538933e-02,8.666867e-03,1.917793e-02,6.184446e-02
5.35000,0.661061,0.839424,7.400428e-01,4.624210e-01,8.317754e-01,1.311647e-01,1.545779e-02,8.657962e-03,1.918404e-02,6.186253e-02
5.35250,0.661546,0.839142,7.401766e-01,4.621570e-01,8.331159e-01,1.311607e-01,1.552615e-02,8.650165e-03,1.919013e-02,6.188053e-02
5.35500,0.662030,0.838860,7.404512e-01,4.618930e-01,8.344925e-01,1.311568e-01,1.559541e-02,8.643981e-03,1.919632e-02,6.189847e-02
5.35750,0.662513,0.838577,7.407182e-01,4.616288e-01,8.359052e-01,1.311528e-01,1.566535e-02,8.637685e-03,1.920259e-02,6.191634e-02
5.36000,0.662994,0.838292,7.409706e-01,4.613646e-01,8.373551e-01,1.311489e-01,1.573699e-02,8.631650e-03,1.920895e-02,6.193416e-02
5.36250,0.663473,0.838008,7.412083e-01,4.611003e-01,8.388442e-01,1.311449e-01,1.580992e-02,8.626674e-03,1.921544e-02,6.195192e-02
5.36500,0.663951,0.837722,7.414309e-01,4.608359e-01,8.403748e-01,1.311409e-01,1.588173e-02,8.621373e-03,1.922194e-02,6.196964e-02
5.36750,0.664427,0.837435,7.416384e-01,4.605714e-01,8.419444e-01,1.311370e-01,1.595221e-02,8.616158e-03,1.922839e-02,6.198729e-02
5.37000,0.664902,0.837148,7.418305e-01,4.603069e-01,8.435459e-01,1.311330e-01,1.602144e-02,8.609976e-03,1.923477e-02,6.200490e-02
5.37250,0.665375,0.836859,7.420071e-01,4.600423e-01,8.451772e-01,1.311290e-01,1.608818e-02,8.602189e-03,1.924103e-02,6.202244e-02
5.37500,0.665847,0.836570,7.421680e-01,4.597776e-01,8.468399e-01,1.311250e-01,1.615405e-02,8.593599e-03,1.924722e-02,6.203993e-02
5.37750,0.666317,0.836280,7.423131e-01,4.595128e-01,8.485345e-01,1.311210e-01,1.621896e-02,8.584363e-03,1.925338e-02,6.205735e-02
5.38000,0.666786,0.835989,7.424423e-01,4.592480e-01,8.502578e-01,1.311171e-01,1.628361e-02,8.575169e-03,1.925952e-02,6.207471e-02
5.38250,0.667253,0.835698,7.425553e-01,4.589831e-01,8.520106e-01,1.311131e-01,1.634928e-02,8.567102e-03,1.926573e-02,6.209200e-02
5.38500,0.667718,0.835405,7.426522e-01,4.587181e-01,8.537976e-01,1.311091e-01,1.641769e-02,8.559377e-03,1.927217e-02,6.210923e-02
5.38750,0.668182,0.835112,7.427328e-01,4.584530e-01,8.556228e-01,1.311051e-01,1.648769e-02,8.550945e-03,1.927874e-02,6.212639e-02
5.39000,0.668644,0.834818,7.427971e-01,4.581878e-01,8.555563e-01,1.311011e-01,1.655946e-02,8.543435e-03,1.928547e-02,6.214350e-02
5.39250,0.669105,0.834523,7.428450e-01,4.579226e-01,8.551506e-01,1.310971e-01,1.663238e-02,8.537599e-03,1.929237e-02,6.216055e-02
5.39500,0.669564,0.834227,7.428765e-01,4.576573e-01,8.547597e-01,1.310931e-01,1.670330e-02,8.532260e-03,1.929919e-02,6.217755e-02
5.39750,0.670021,0.833931,7.429697e-01,4.573919e-01,8.543854e-01,1.310891e-01,1.677336e-02,8.526477e-03,1.930594e-02,6.219450e-02
5.40000,0.670477,0.833633,7.431400e-01,4.571265e-01,8.540318e-01,1.310851e-01,1.684207e-02,8.519917e-03,1.931261e-02,6.221138e-02
5.40250,0.670931,0.833335,7.432949e-01,4.568609e-01,8.537011e-01,1.310811e-01,1.690753e-02,8.512627e-03,1.931913e-02,6.222820e-02
5.40500,0.671383,0.833036,7.434342e-01,4.565953e-01,8.533919e-01,1.310771e-01,1.697071e-02,8.504279e-03,1.932550e-02,6.224495e-02
5.40750,0.671834,0.832736,7.435578e-01,4.563296e-01,8.531043e-01,1.310732e-01,1.703239e-02,8.494928e-03,1.933177e-02,6.226164e-02
5.41000,0.672283,0.832436,7.436655e-01,4.560639e-01,8.528395e-01,1.310692e-01,1.709212e-02,8.484067e-03,1.933787e-02,6.227825e-02
5.41250,0.672730,0.832134,7.439186e-01,4.557980e-01,8.525983e-01,1.310652e-01,1.715240e-02,8.473220e-03,1.934396e-02,6.229478e-02
5.41500,0.673176,0.831832,7.441590e-01,4.555321e-01,8.523822e-01,1.310612e-01,1.721404e-02,8.462624e-03,1.935010e-02,6.231125e-02
5.41750,0.673620,0.831529,7.443844e-01,4.552661e-01,8.521906e-01,1.310573e-01,1.727856e-02,8.453736e-03,1.935639e-02,6.232764e-02
5.42000,0.674062,0.831225,7.445945e-01,4.550000e-01,8.520187e-01,1.310533e-01,1.734751e-02,8.446765e-03,1.936300e-02,6.234397e-02
5.42250,0.674503,0.830920,7.447894e-01,4.547338e-01,8.518616e-01,1.310493e-01,1.741826e-02,8.440943e-03,1.936987e-02,6.236025e-02
5.42500,0.674942,0.830615,7.449686e-01,4.544675e-01,8.517186e-01,1.310454e-01,1.748572e-02,8.434342e-03,1.937665e-02,6.237647e-02
5.42750,0.675380,0.830309,7.451322e-01,4.542011e-01,8.515920e-01,1.310415e-01,1.755124e-02,8.427328e-03,1.938330e-02,6.239262e-02
5.43000,0.675815,0.830001,7.452799e-01,4.539347e-01,8.514870e-01,1.310375e-01,1.761620e-02,8.419356e-03,1.938994e-02,6.240869e-02
5.43250,0.676249,0.829693,7.454116e-01,4.536682e-01,8.514075e-01,1.310336e-01,1.768019e-02,8.409884e-03,1.939658e-02,6.242470e-02
5.43500,0.676681,0.829385,7.455272e-01,4.534015e-01,8.513533e-01,1.310297e-01,1.774412e-02,8.399307e-03,1.940323e-02,6.244063e-02
5.43750,0.677112,0.829075,7.456264e-01,4.531348e-01,8.513224e-01,1.310258e-01,1.780709e-02,8.388233e-03,1.940986e-02,6.245650e-02
5.44000,0.677540,0.828765,7.457093e-01,4.528680e-01,8.513147e-01,1.310219e-01,1.786691e-02,8.376870e-03,1.941628e-02,6.247230e-02
5.44250,0.677967,0.828454,7.457758e-01,4.526011e-01,8.511432e-01,1.310181e-01,1.792539e-02,8.365479e-03,1.942249e-02,6.248802e-02
5.44500,0.678392,0.828142,7.458257e-01,4.523341e-01,8.507500e-01,1.310142e-01,1.798643e-02,8.355005e-03,1.942878e-02,6.250368e-02
5.44750,0.678816,0.827829,7.458592e-01,4.520670e-01,8.503792e-01,1.310104e-01,1.804835e-02,8.344863e-03,1.943511e-02,6.251928e-02
5.45000,0.679238,0.827516,7.458760e-01,4.517997e-01,8.500254e-01,1.310065e-01,1.811020e-02,8.335126e-03,1.944144e-02,6.253481e-02
5.45250,0.679657,0.827201,7.458764e-01,4.515324e-01,8.496873e-01,1.310027e-01,1.817228e-02,8.325800e-03,1.944782e-02,6.255029e-02
5.45500,0.680076,0.826886,7.459666e-01,4.512650e-01,8.493665e-01,1.309989e-01,1.823411e-02,8.316097e-03,1.945423e-02,6.256569e-02
5.45750,0.680492,0.826570,7.461051e-01,4.509975e-01,8.490667e-01,1.309951e-01,1.829807e-02,8.307889e-03,1.946081e-02,6.258104e-02
5.46000,0.680907,0.826254,7.462278e-01,4.507298e-01,8.487915e-01,1.309914e-01,1.836190e-02,8.299409e-03,1.946748e-02,6.259632e-02
5.46250,0.681319,0.825936,7.463346e-01,4.504621e-01,8.485421e-01,1.309876e-01,1.842384e-02,8.289554e-03,1.947413e-02,6.261153e-02
5.46500,0.681730,0.825618,7.464253e-01,4.501942e-01,8.483173e-01,1.309839e-01,1.848406e-02,8.278717e-03,1.948069e-02,6.262666e-02
5.46750,0.682139,0.825299,7.465355e-01,4.499263e-01,8.481170e-01,1.309802e-01,1.854178e-02,8.266145e-03,1.948703e-02,6.264172e-02
5.47000,0.682547,0.824979,7.467566e-01,4.496582e-01,8.479420e-01,1.309765e-01,1.859976e-02,8.252883e-03,1.949329e-02,6.265671e-02
5.47250,0.682952,0.824658,7.469625e-01,4.493899e-01,8.477931e-01,1.309728e-01,1.865774e-02,8.239866e-03,1.949949e-02,6.267162e-02
5.47500,0.683356,0.824337,7.471529e-01,4.491216e-01,8.476714e-01,1.309692e-01,1.871567e-02,8.227122e-03,1.950560e-02,6.268646e-02
5.47750,0.683758,0.824015,7.473277e-01,4.488531e-01,8.475748e-01,1.309655e-01,1.877363e-02,8.215386e-03,1.951162e-02,6.270122e-02
5.48000,0.684158,0.823692,7.474867e-01,4.485845e-01,8.474989e-01,1.309619e-01,1.883334e-02,8.204574e-03,1.951771e-02,6.271592e-02
5.48250,0.684556,0.823368,7.476297e-01,4.483158e-01,8.474400e-01,1.309584e-01,1.889360e-02,8.194106e-03,1.952389e-02,6.273056e-02
5.48500,0.684953,0.823043,7.477567e-01,4.480469e-01,8.473984e-01,1.309548e-01,1.895209e-02,8.183477e-03,1.953004e-02,6.274514e-02
5.48750,0.685347,0.822718,7.478674e-01,4.477779e-01,8.473774e-01,1.309513e-01,1.900878e-02,8.172254e-03,1.953610e-02,6.275966e-02
5.49000,0.685740,0.822392,7.479617e-01,4.475088e-01,8.473822e-01,1.309478e-01,1.906400e-02,8.160060e-03,1.954211e-02,6.277410e-02
5.49250,0.686131,0.822065,7.480395e-01,4.472395e-01,8.471469e-01,1.309443e-01,1.911846e-02,8.146556e-03,1.954809e-02,6.278846e-02
5.49500,0.686520,0.821737,7.481008e-01,4.469701e-01,8.461706e-01,1.309409e-01,1.917487e-02,8.133239e-03,1.955421e-02,6.280276e-02
5.49750,0.686907,0.821409,7.481455e-01,4.467005e-01,8.452047e-01,1.309375e-01,1.923091e-02,8.118288e-03,1.956036e-02,6.281698e-02
5.50000,0.687292,0.821080,7.481735e-01,4.464307e-01,8.442497e-01,1.309341e-01,1.928601e-02,8.102312e-03,1.956645e-02,6.283112e-02
5.50250,0.687675,0.820750,7.481847e-01,4.461608e-01,8.433066e-01,1.309308e-01,1.934124e-02,8.087056e-03,1.957254e-02,6.284520e-02
5.50500,0.688057,0.820419,7.481792e-01,4.458908e-01,8.423770e-01,1.309274e-01,1.939726e-02,8.072845e-03,1.957865e-02,6.285921e-02
5.50750,0.688436,0.820087,7.481569e-01,4.456206e-01,8.414644e-01,1.309242e-01,1.945276e-02,8.059064e-03,1.958470e-02,6.287316e-02
5.51000,0.688814,0.819755,7.481179e-01,4.453502e-01,8.405713e-01,1.309209e-01,1.950916e-02,8.046837e-03,1.959077e-02,6.288705e-02
5.51250,0.689190,0.819422,7.481929e-01,4.450796e-01,8.396991e-01,1.309177e-01,1.956585e-02,8.035215e-03,1.959686e-02,6.290088e-02
5.51500,0.689563,0.819088,7.482899e-01,4.448089e-01,8.388480e-01,1.309146e-01,1.962050e-02,8.022590e-03,1.960283e-02,6.291465e-02
5.51750,0.689935,0.818754,7.483709e-01,4.445380e-01,8.380176e-01,1.309114e-01,1.967358e-02,8.009816e-03,1.960867e-02,6.292835e-02
5.52000,0.690305,0.818419,7.484356e-01,4.442669e-01,8.372082e-01,1.309083e-01,1.972518e-02,7.996166e-03,1.961438e-02,6.294198e-02
5.52250,0.690673,0.818082,7.484840e-01,4.439956e-01,8.364205e-01,1.309053e-01,1.977735e-02,7.981443e-03,1.962013e-02,6.295554e-02
5.52500,0.691039,0.817746,7.485160e-01,4.437242e-01,8.356556e-01,1.309023e-01,1.983027e-02,7.965593e-03,1.962595e-02,6.296903e-02
5.52750,0.691403,0.817408,7.486864e-01,4.434525e-01,8.349147e-01,1.308994e-01,1.988117e-02,7.947352e-03,1.963165e-02,6.298244e-02
5.53000,0.691766,0.817070,7.488478e-01,4.431807e-01,8.341966e-01,1.308965e-01,1.993131e-02,7.928216e-03,1.963724e-02,6.299579e-02
5.53250,0.692126,0.816731,7.489933e-01,4.429086e-01,8.334984e-01,1.308936e-01,1.998116e-02,7.910026e-03,1.964277e-02,6.300907e-02
5.53500,0.692484,0.816391,7.491229e-01,4.426364e-01,8.328170e-01,1.308908e-01,2.003155e-02,7.893085e-03,1.964830e-02,6.302228e-02
5.53750,0.692840,0.816050,7.492363e-01,4.423639e-01,8.321511e-01,1.308880e-01,2.008204e-02,7.877266e-03,1.965379e-02,6.303542e-02
5.54000,0.693195,0.815709,7.493334e-01,4.420913e-01,8.315009e-01,1.308853e-01,2.013392e-02,7.863102e-03,1.965938e-02,6.304850e-02
5.54250,0.693547,0.815367,7.494142e-01,4.418184e-01,8.308693e-01,1.308826e-01,2.018700e-02,7.849112e-03,1.966507e-02,6.306151e-02
5.54500,0.693898,0.815024,7.494786e-01,4.415453e-01,8.302603e-01,1.308800e-01,2.024009e-02,7.834921e-03,1.967080e-02,6.307446e-02
5.54750,0.694246,0.814681,7.495264e-01,4.412719e-01,8.296772e-01,1.308774e-01,2.029243e-02,7.820525e-03,1.967654e-02,6.308735e-02
5.55000,0.694593,0.814336,7.495575e-01,4.409984e-01,8.291212e-01,1.308749e-01,2.034207e-02,7.804720e-03,1.968216e-02,6.310018e-02
5.55250,0.694937,0.813991,7.495720e-01,4.407246e-01,8.285924e-01,1.308725e-01,2.039012e-02,7.787533e-03,1.968768e-02,6.311295e-02
5.55500,0.695280,0.813646,7.495698e-01,4.404505e-01,8.280914e-01,1.308701e-01,2.043633e-02,7.769816e-03,1.969309e-02,6.312565e-02
5.55750,0.695620,0.813299,7.495508e-01,4.401763e-01,8.276151e-01,1.308677e-01,2.048081e-02,7.750854e-03,1.969834e-02,6.313829e-02
5.56000,0.695958,0.812952,7.495151e-01,4.399017e-01,8.271660e-01,1.308654e-01,2.052449e-02,7.730478e-03,1.970348e-02,6.315085e-02
5.56250,0.696295,0.812604,7.495738e-01,4.396270e-01,8.267463e-01,1.308632e-01,2.056850e-02,7.709710e-03,1.970861e-02,6.316335e-02
5.56500,0.696629,0.812255,7.496673e-01,4.393519e-01,8.263575e-01,1.308610e-01,2.061386e-02,7.688660e-03,1.971379e-02,6.317577e-02
5.56750,0.696962,0.811906,7.497445e-01,4.390766e-01,8.259994e-01,1.308589e-01,2.066115e-02,7.667716e-03,1.971909e-02,6.318814e-02
5.57000,0.697292,0.811556,7.498054e-01,4.388011e-01,8.256697e-01,1.308569e-01,2.070965e-02,7.648018e-03,1.972446e-02,6.320045e-02
5.57250,0.697621,0.811205,7.498497e-01,4.385252e-01,8.253644e-01,1.308549e-01,2.075776e-02,7.629305e-03,1.972982e-02,6.321271e-02
5.57500,0.697947,0.810854,7.498776e-01,4.382491e-01,8.250800e-01,1.308530e-01,2.080538e-02,7.611440e-03,1.973511e-02,6.322491e-02
5.57750,0.698271,0.810501,7.498888e-01,4.379727e-01,8.248149e-01,1.308511e-01,2.085339e-02,7.594540e-03,1.974042e-02,6.323705e-02
5.58000,0.698594,0.810149,7.500154e-01,4.376960e-01,8.245717e-01,1.308493e-01,2.089997e-02,7.577466e-03,1.974567e-02,6.324914e-02
5.58250,0.698914,0.809795,7.501553e-01,4.374191e-01,8.243545e-01,1.308476e-01,2.094458e-02,7.559972e-03,1.975082e-02,6.326116e-02
5.58500,0.699232,0.809441,7.502791e-01,4.371418e-01,8.241662e-01,1.308459e-01,2.098716e-02,7.541335e-03,1.975585e-02,6.327311e-02
5.58750,0.699548,0.809085,7.503865e-01,4.368642e-01,8.240087e-01,1.308443e-01,2.102792e-02,7.521288e-03,1.976072e-02,6.328499e-02
5.59000,0.699862,0.808730,7.504775e-01,4.365864e-01,8.238830e-01,1.308428e-01,2.106703e-02,7.498867e-03,1.976541e-02,6.329680e-02
5.59250,0.700174,0.808373,7.505520e-01,4.363082e-01,8.237889e-01,1.308413e-01,2.110534e-02,7.475839e-03,1.977000e-02,6.330855e-02
5.59500,0.700484,0.808016,7.506097e-01,4.360297e-01,8.236704e-01,1.308400e-01,2.114342e-02,7.452573e-03,1.977456e-02,6.332023e-02
5.59750,0.700792,0.807658,7.506507e-01,4.357509e-01,8.228414e-01,1.308386e-01,2.118125e-02,7.429165e-03,1.977910e-02,6.333185e-02
5.60000,0.701098,0.807300,7.506748e-01,4.354717e-01,8.220326e-01,1.308374e-01,2.122058e-02,7.406362e-03,1.978369e-02,6.334340e-02
5.60250,0.701401,0.806940,7.506819e-01,4.351922e-01,8.212461e-01,1.308362e-01,2.126087e-02,7.385001e-03,1.978836e-02,6.335490e-02
5.60500,0.701703,0.806580,7.506722e-01,4.349124e-01,8.204844e-01,1.308351e-01,2.130107e-02,7.364038e-03,1.979303e-02,6.336633e-02
5.60750,0.702003,0.806220,7.506455e-01,4.346322e-01,8.197494e-01,1.308341e-01,2.134298e-02,7.344713e-03,1.979778e-02,6.337771e-02
5.61000,0.702300,0.805858,7.506018e-01,4.343517e-01,8.190424e-01,1.308331e-01,2.138611e-02,7.326363e-03,1.980267e-02,6.338903e-02
5.61250,0.702595,0.805496,7.505411e-01,4.340708e-01,8.183639e-01,1.308322e-01,2.142784e-02,7.306390e-03,1.980752e-02,6.340031e-02
5.61500,0.702889,0.805134,7.504634e-01,4.337896e-01,8.177145e-01,1.308314e-01,2.146646e-02,7.284702e-03,1.981214e-02,6.341152e-02
5.61750,0.703180,0.804770,7.503689e-01,4.335080e-01,8.170943e-01,1.308307e-01,2.150315e-02,7.262787e-03,1.981658e-02,6.342268e-02
5.62000,0.703469,0.804406,7.502934e-01,4.332260e-01,8.165037e-01,1.308300e-01,2.153748e-02,7.239784e-03,1.982080e-02,6.343379e-02
5.62250,0.703756,0.804042,7.503253e-01,4.329437e-01,8.159435e-01,1.308294e-01,2.157126e-02,7.215073e-03,1.982493e-02,6.344484e-02
5.62500,0.704041,0.803676,7.503407e-01,4.326610e-01,8.154142e-01,1.308289e-01,2.160506e-02,7.190155e-03,1.982905e-02,6.345583e-02
5.62750,0.704323,0.803310,7.503396e-01,4.323778e-01,8.149166e-01,1.308285e-01,2.163958e-02,7.165768e-03,1.983322e-02,6.346676e-02
5.63000,0.704604,0.802943,7.503218e-01,4.320943e-01,8.144509e-01,1.308281e-01,2.167403e-02,7.140529e-03,1.983740e-02,6.347764e-02
5.63250,0.704882,0.802576,7.503091e-01,4.318104e-01,8.140152e-01,1.308279e-01,2.170873e-02,7.114660e-03,1.984160e-02,6.348846e-02
5.63500,0.705159,0.802208,7.504142e-01,4.315261e-01,8.136094e-01,1.308277e-01,2.174299e-02,7.088813e-03,1.984576e-02,6.349922e-02
5.63750,0.705433,0.801839,7.505029e-01,4.312413e-01,8.132323e-01,1.308276e-01,2.177563e-02,7.062581e-03,1.984978e-02,6.350993e-02
5.64000,0.705705,0.801470,7.505752e-01,4.309562e-01,8.128834e-01,1.308276e-01,2.180851e-02,7.038436e-03,1.985377e-02,6.352058e-02
5.64250,0.705975,0.801100,7.506309e-01,4.306706e-01,8.124209e-01,1.308276e-01,2.184141e-02,7.015351e-03,1.985772e-02,6.353118e-02
5.64500,0.706243,0.800729,7.506699e-01,4.303846e-01,8.117476e-01,1.308278e-01,2.187369e-02,6.992703e-03,1.986156e-02,6.354172e-02
5.64750,0.706508,0.800358,7.506921e-01,4.300982e-01,8.110938e-01,1.308280e-01,2.190355e-02,6.969944e-03,1.986517e-02,6.355221e-02
5.65000,0.706772,0.799986,7.506975e-01,4.298113e-01,8.104603e-01,1.308283e-01,2.193352e-02,6.947110e-03,1.986871e-02,6.356265e-02
5.65250,0.707033,0.799613,7.506861e-01,4.295239e-01,8.098477e-01,1.308287e-01,2.196335e-02,6.924002e-03,1.987226e-02,6.357304e-02
5.65500,0.707293,0.799240,7.506577e-01,4.292361e-01,8.092568e-01,1.308292e-01,2.199321e-02,6.899859e-03,1.987583e-02,6.358337e-02
5.65750,0.707550,0.798866,7.506124e-01,4.289479e-01,8.086882e-01,1.308298e-01,2.202287e-02,6.875428e-03,1.987945e-02,6.359365e-02
5.66000,0.707805,0.798491,7.505500e-01,4.286592e-01,8.081424e-01,1.308304e-01,2.205092e-02,6.849187e-03,1.988302e-02,6.360387e-02
5.66250,0.708057,0.798116,7.504707e-01,4.283700e-01,8.076201e-01,1.308312e-01,2.207801e-02,6.821498e-03,1.988650e-02,6.361404e-02
5.66500,0.708308,0.797740,7.503744e-01,4.280803e-01,8.071219e-01,1.308321e-01,2.210471e-02,6.793204e-03,1.988991e-02,6.362415e-02
5.66750,0.708557,0.797364,7.502611e-01,4.277901e-01,8.066484e-01,1.308330e-01,2.213166e-02,6.765588e-03,1.989333e-02,6.363420e-02
5.67000,0.708803,0.796987,7.501309e-01,4.274994e-01,8.062001e-01,1.308341e-01,2.215711e-02,6.737008e-03,1.989666e-02,6.364420e-02
5.67250,0.709047,0.796609,7.499838e-01,4.272083e-01,8.057775e-01,1.308352e-01,2.218085e-02,6.707920e-03,1.989982e-02,6.365415e-02
5.67500,0.709289,0.796231,7.499185e-01,4.269166e-01,8.053811e-01,1.308364e-01,2.220390e-02,6.678909e-03,1.990286e-02,6.366404e-02
5.67750,0.709529,0.795852,7.498927e-01,4.266245e-01,8.050115e-01,1.308377e-01,2.222660e-02,6.649888e-03,1.990585e-02,6.367389e-02
5.68000,0.709766,0.795472,7.498502e-01,4.263318e-01,8.046691e-01,1.308392e-01,2.224926e-02,6.621710e-03,1.990881e-02,6.368369e-02
5.68250,0.710002,0.795092,7.497910e-01,4.260385e-01,8.043546e-01,1.308407e-01,2.227227e-02,6.595364e-03,1.991177e-02,6.369343e-02
5.68500,0.710235,0.794711,7.497151e-01,4.257448e-01,8.040684e-01,1.308423e-01,2.229564e-02,6.569859e-03,1.991473e-02,6.370312e-02
5.68750,0.710466,0.794330,7.497437e-01,4.254505e-01,8.038112e-01,1.308440e-01,2.231884e-02,6.544441e-03,1.991763e-02,6.371275e-02
5.69000,0.710695,0.793948,7.497850e-01,4.251557e-01,8.035836e-01,1.308458e-01,2.234259e-02,6.519422e-03,1.992054e-02,6.372234e-02
5.69250,0.710922,0.793565,7.498098e-01,4.248603e-01,8.033863e-01,1.308477e-01,2.236492e-02,6.494594e-03,1.992338e-02,6.373187e-02
5.69500,0.711146,0.793182,7.498178e-01,4.245644e-01,8.032200e-01,1.308497e-01,2.238502e-02,6.469477e-03,1.992605e-02,6.374135e-02
5.69750,0.711368,0.792798,7.498090e-01,4.242679e-01,8.030856e-01,1.308518e-01,2.240270e-02,6.443323e-03,1.992852e-02,6.375076e-02
5.70000,0.711589,0.792414,7.497833e-01,4.239708e-01,8.029842e-01,1.308540e-01,2.241913e-02,6.415147e-03,1.993082e-02,6.376012e-02
5.70250,0.711806,0.792029,7.497407e-01,4.236732e-01,8.029168e-01,1.308563e-01,2.243331e-02,6.384130e-03,1.993289e-02,6.376941e-02
5.70500,0.712022,0.791643,7.496811e-01,4.233749e-01,8.028842e-01,1.308587e-01,2.244698e-02,6.352554e-03,1.993484e-02,6.377865e-02
5.70750,0.712236,0.791257,7.496044e-01,4.230761e-01,8.028872e-01,1.308613e-01,2.246189e-02,6.322021e-03,1.993685e-02,6.378782e-02
5.71000,0.712447,0.790870,7.495107e-01,4.227767e-01,8.029268e-01,1.308639e-01,2.247760e-02,6.290874e-03,1.993894e-02,6.379694e-02
5.71250,0.712656,0.790483,7.494000e-01,4.224767e-01,8.030038e-01,1.308666e-01,2.249371e-02,6.259292e-03,1.994108e-02,6.380600e-02
5.71500,0.712863,0.790095,7.492723e-01,4.221761e-01,8.031189e-01,1.308694e-01,2.250893e-02,6.228128e-03,1.994320e-02,6.381501e-02
5.71750,0.713068,0.789706,7.491276e-01,4.218748e-01,8.032728e-01,1.308723e-01,2.252230e-02,6.197219e-03,1.994520e-02,6.382395e-02
5.72000,0.713271,0.789317,7.489659e-01,4.215730e-01,8.034661e-01,1.308754e-01,2.253460e-02,6.166535e-03,1.994711e-02,6.383283e-02
5.72250,0.713471,0.788927,7.487874e-01,4.212705e-01,8.036994e-01,1.308785e-01,2.254724e-02,6.136304e-03,1.994900e-02,6.384165e-02
5.72500,0.713669,0.788537,7.485922e-01,4.209674e-01,8.039731e-01,1.308817e-01,2.255919e-02,6.106445e-03,1.995082e-02,6.385042e-02
5.72750,0.713865,0.788146,7.483985e-01,4.206636e-01,8.042877e-01,1.308850e-01,2.256936e-02,6.076726e-03,1.995248e-02,6.385913e-02
5.73000,0.714059,0.787755,7.483182e-01,4.203592e-01,8.046435e-01,1.308885e-01,2.257698e-02,6.046781e-03,1.995388e-02,6.386779e-02
5.73250,0.714250,0.787363,7.482212e-01,4.200542e-01,8.050409e-01,1.308920e-01,2.258447e-02,6.017705e-03,1.995514e-02,6.387638e-02
5.73500,0.714439,0.786970,7.481074e-01,4.197484e-01,8.054801e-01,1.308956e-01,2.259412e-02,5.989508e-03,1.995652e-02,6.388492e-02
5.73750,0.714627,0.786577,7.479769e-01,4.194421e-01,8.059615e-01,1.308993e-01,2.260432e-02,5.961547e-03,1.995795e-02,6.389340e-02
5.74000,0.714811,0.786183,7.479176e-01,4.191350e-01,8.064852e-01,1.309032e-01,2.261413e-02,5.933476e-03,1.995939e-02,6.390181e-02
5.74250,0.714994,0.785789,7.478980e-01,4.188273e-01,8.070516e-01,1.309071e-01,2.262231e-02,5.905008e-03,1.996072e-02,6.391017e-02
5.74500,0.715175,0.785394,7.478617e-01,4.185189e-01,8.076609e-01,1.309112e-01,2.262905e-02,5.875533e-03,1.996193e-02,6.391845e-02
5.74750,0.715353,0.784999,7.478084e-01,4.182098e-01,8.083132e-01,1.309153e-01,2.263454e-02,5.844222e-03,1.996298e-02,6.392667e-02
5.75000,0.715529,0.784603,7.477382e-01,4.178999e-01,8.090089e-01,1.309195e-01,2.263911e-02,5.812453e-03,1.996391e-02,6.393482e-02
5.75250,0.715703,0.784207,7.476510e-01,4.175894e-01,8.097481e-01,1.309238e-01,2.264117e-02,5.778726e-03,1.996462e-02,6.394290e-02
5.75500,0.715874,0.783810,7.475467e-01,4.172782e-01,8.105312e-01,1.309282e-01,2.264111e-02,5.744040e-03,1.996510e-02,6.395092e-02
5.75750,0.716044,0.783412,7.474255e-01,4.169663e-01,8.113581e-01,1.309328e-01,2.264003e-02,5.709421e-03,1.996543e-02,6.395886e-02
5.76000,0.716211,0.783014,7.472872e-01,4.166536e-01,8.122281e-01,1.309374e-01,2.264015e-02,5.676114e-03,1.996579e-02,6.396674e-02
5.76250,0.716376,0.782616,7.471320e-01,4.163402e-01,8.131400e-01,1.309421e-01,2.264144e-02,5.643949e-03,1.996627e-02,6.397455e-02
5.76500,0.716539,0.782217,7.469598e-01,4.160261e-01,8.140951e-01,1.309469e-01,2.264335e-02,5.611579e-03,1.996688e-02,6.398228e-02
5.76750,0.716699,0.781817,7.467706e-01,4.157112e-01,8.150932e-01,1.309518e-01,2.264478e-02,5.579031e-03,1.996749e-02,6.398995e-02
5.77000,0.716857,0.781417,7.465646e-01,4.153956e-01,8.161341e-01,1.309568e-01,2.264406e-02,5.545670e-03,1.996794e-02,6.399754e-02
5.77250,0.717013,0.781016,7.463417e-01,4.150793e-01,8.172176e-01,1.309619e-01,2.264179e-02,5.512149e-03,1.996818e-02,6.400507e-02
5.77500,0.717167,0.780615,7.461021e-01,4.147621e-01,8.183436e-01,1.309670e-01,2.263795e-02,5.478740e-03,1.996823e-02,6.401252e-02
5.77750,0.717319,0.780214,7.458459e-01,4.144443e-01,8.195121e-01,1.309723e-01,2.263191e-02,5.445354e-03,1.996805e-02,6.401990e-02
5.78000,0.717468,0.779811,7.455732e-01,4.141256e-01,8.207230e-01,1.309776e-01,2.262446e-02,5.411716e-03,1.996767e-02,6.402721e-02
5.78250,0.717616,0.779409,7.453851e-01,4.138062e-01,8.219765e-01,1.309830e-01,2.261806e-02,5.379396e-03,1.996725e-02,6.403444e-02
5.78500,0.717761,0.779005,7.452202e-01,4.134860e-01,8.232724e-01,1.309886e-01,2.261290e-02,5.348027e-03,1.996687e-02,6.404161e-02
5.78750,0.717903,0.778602,7.450386e-01,4.131650e-01,8.246109e-01,1.309942e-01,2.260822e-02,5.317101e-03,1.996654e-02,6.404870e-02
5.79000,0.718044,0.778197,7.448403e-01,4.128432e-01,8.259917e-01,1.309998e-01,2.260333e-02,5.286665e-03,1.996621e-02,6.405572e-02
5.79250,0.718182,0.777793,7.446950e-01,4.125206e-01,8.274149e-01,1.310056e-01,2.259670e-02,5.255599e-03,1.996572e-02,6.406265e-02
5.79500,0.718319,0.777387,7.446007e-01,4.121972e-01,8.288802e-01,1.310114e-01,2.258775e-02,5.224462e-03,1.996500e-02,6.406951e-02
5.79750,0.718453,0.776982,7.444895e-01,4.118730e-01,8.303873e-01,1.310173e-01,2.257607e-02,5.191744e-03,1.996398e-02,6.407628e-02
5.80000,0.718584,0.776576,7.443613e-01,4.115480e-01,8.319360e-01,1.310233e-01,2.256269e-02,5.158727e-03,1.996273e-02,6.408297e-02
5.80250,0.718714,0.776169,7.442163e-01,4.112221e-01,8.335258e-01,1.310294e-01,2.254770e-02,5.125130e-03,1.996130e-02,6.408958e-02
5.80500,0.718841,0.775762,7.440543e-01,4.108955e-01,8.351563e-01,1.310355e-01,2.253250e-02,5.091860e-03,1.995980e-02,6.409610e-02
5.80750,0.718966,0.775354,7.438754e-01,4.105680e-01,8.368265e-01,1.310417e-01,2.251854e-02,5.059302e-03,1.995835e-02,6.410254e-02
5.81000,0.719089,0.774946,7.436796e-01,4.102397e-01,8.385351e-01,1.310480e-01,2.250538e-02,5.027207e-03,1.995700e-02,6.410890e-02
5.81250,0.719210,0.774537,7.434669e-01,4.099105e-01,8.402807e-01,1.310543e-01,2.249052e-02,4.994122e-03,1.995555e-02,6.411518e-02
5.81500,0.719328,0.774128,7.432373e-01,4.095805e-01,8.420620e-01,1.310607e-01,2.247533e-02,4.961316e-03,1.995406e-02,6.412136e-02
5.81750,0.719445,0.773718,7.429910e-01,4.092496e-01,8.438778e-01,1.310672e-01,2.245786e-02,4.927126e-03,1.995239e-02,6.412746e-02
5.82000,0.719559,0.773308,7.427279e-01,4.089179e-01,8.457269e-01,1.310737e-01,2.243937e-02,4.892368e-03,1.995056e-02,6.413347e-02
5.82250,0.719671,0.772898,7.424483e-01,4.085853e-01,8.476082e-01,1.310803e-01,2.241982e-02,4.857580e-03,1.994858e-02,6.413939e-02
5.82500,0.719780,0.772487,7.421522e-01,4.082518e-01,8.495208e-01,1.310869e-01,2.239842e-02,4.822028e-03,1.994642e-02,6.414522e-02
5.82750,0.719888,0.772075,7.418398e-01,4.079175e-01,8.514636e-01,1.310936e-01,2.237625e-02,4.786018e-03,1.994414e-02,6.415097e-02
5.83000,0.719993,0.771663,7.415112e-01,4.075823e-01,8.534354e-01,1.311003e-01,2.235414e-02,4.750798e-03,1.994179e-02,6.415663e-02
5.83250,0.720096,0.771251,7.411665e-01,4.072462e-01,8.554353e-01,1.311071e-01,2.233351e-02,4.716783e-03,1.993950e-02,6.416221e-02
5.83500,0.720197,0.770838,7.408460e-01,4.069092e-01,8.574622e-01,1.311140e-01,2.231255e-02,4.682979e-03,1.993720e-02,6.416769e-02
5.83750,0.720296,0.770425,7.406009e-01,4.065714e-01,8.595150e-01,1.311208e-01,2.228933e-02,4.647954e-03,1.993471e-02,6.417309e-02
5.84000,0.720392,0.770011,7.403393e-01,4.062326e-01,8.615929e-01,1.311278e-01,2.226587e-02,4.613887e-03,1.993213e-02,6.417839e-02
5.84250,0.720487,0.769597,7.400613e-01,4.058930e-01,8.636949e-01,1.311348e-01,2.224190e-02,4.580144e-03,1.992947e-02,6.418359e-02
5.84500,0.720579,0.769182,7.398176e-01,4.055524e-01,8.658199e-01,1.311418e-01,2.221598e-02,4.545670e-03,1.992662e-02,6.418870e-02
5.84750,0.720669,0.768767,7.396360e-01,4.052110e-01,8.679668e-01,1.311488e-01,2.218795e-02,4.510246e-03,1.992354e-02,6.419372e-02
5.85000,0.720757,0.768352,7.394376e-01,4.048686e-01,8.701344e-01,1.311559e-01,2.215886e-02,4.474963e-03,1.992030e-02,6.419864e-02
5.85250,0.720842,0.767936,7.392226e-01,4.045254e-01,8.723215e-01,1.311630e-01,2.212873e-02,4.439766e-03,1.991691e-02,6.420347e-02
5.85500,0.720926,0.767519,7.389907e-01,4.041812e-01,8.745272e-01,1.311702e-01,2.209938e-02,4.404743e-03,1.991354e-02,6.420820e-02
5.85750,0.721007,0.767103,7.387422e-01,4.038361e-01,8.767505e-01,1.311774e-01,2.207149e-02,4.370570e-03,1.991026e-02,6.421284e-02
5.86000,0.721086,0.766685,7.384770e-01,4.034900e-01,8.789908e-01,1.311846e-01,2.204340e-02,4.336926e-03,1.990700e-02,6.421739e-02
5.86250,0.721163,0.766268,7.381953e-01,4.031431e-01,8.812476e-01,1.311918e-01,2.201426e-02,4.303191e-03,1.990366e-02,6.422184e-02
5.86500,0.721238,0.765850,7.378970e-01,4.027952e-01,8.835206e-01,1.311991e-01,2.198290e-02,4.268320e-03,1.990010e-02,6.422619e-02
5.86750,0.721311,0.765431,7.375824e-01,4.024463e-01,8.858092e-01,1.312064e-01,2.194894e-02,4.232543e-03,1.989628e-02,6.423045e-02
5.87000,0.721381,0.765012,7.372516e-01,4.020966e-01,8.881127e-01,1.312136e-01,2.191327e-02,4.195973e-03,1.989221e-02,6.423461e-02
5.87250,0.721449,0.764593,7.369046e-01,4.017458e-01,8.904304e-01,1.312210e-01,2.187767e-02,4.159681e-03,1.988803e-02,6.423867e-02
5.87500,0.721515,0.764173,7.365416e-01,4.013942e-01,8.927612e-01,1.312283e-01,2.184139e-02,4.123275e-03,1.988373e-02,6.424265e-02
5.87750,0.721579,0.763753,7.361627e-01,4.010416e-01,8.951040e-01,1.312356e-01,2.180589e-02,4.087643e-03,1.987940e-02,6.424653e-02
5.88000,0.721641,0.763332,7.357681e-01,4.006880e-01,8.974569e-01,1.312430e-01,2.177041e-02,4.052749e-03,1.987503e-02,6.425031e-02
5.88250,0.721701,0.762911,7.353579e-01,4.003335e-01,8.998182e-01,1.312504e-01,2.173504e-02,4.018527e-03,1.987063e-02,6.425399e-02
5.88500,0.721759,0.762490,7.349323e-01,3.999781e-01,9.021872e-01,1.312577e-01,2.169874e-02,3.984180e-03,1.986616e-02,6.425758e-02
5.88750,0.721814,0.762068,7.344914e-01,3.996216e-01,9.045621e-01,1.312651e-01,2.166015e-02,3.949126e-03,1.986149e-02,6.426106e-02
5.89000,0.721867,0.761646,7.341177e-01,3.992642e-01,9.069412e-01,1.312725e-01,2.161915e-02,3.913093e-03,1.985658e-02,6.426444e-02
5.89250,0.721919,0.761224,7.337669e-01,3.989059e-01,9.093218e-01,1.312799e-01,2.157694e-02,3.876990e-03,1.985150e-02,6.426771e-02
5.89500,0.721968,0.760801,7.334003e-01,3.985466e-01,9.117016e-01,1.312872e-01,2.153358e-02,3.840280e-03,1.984627e-02,6.427088e-02
5.89750,0.722015,0.760378,7.330187e-01,3.981863e-01,9.140783e-01,1.312946e-01,2.149079e-02,3.803359e-03,1.984102e-02,6.427396e-02
5.90000,0.722059,0.759954,7.327398e-01,3.978251e-01,9.164498e-01,1.313020e-01,2.144816e-02,3.766900e-03,1.983573e-02,6.427693e-02
5.90250,0.722102,0.759530,7.324446e-01,3.974628e-01,9.188142e-01,1.313093e-01,2.140469e-02,3.731410e-03,1.983036e-02,6.427981e-02
5.90500,0.722143,0.759105,7.321331e-01,3.970996e-01,9.211701e-01,1.313167e-01,2.136015e-02,3.696540e-03,1.982491e-02,6.428258e-02
5.90750,0.722181,0.758681,7.318054e-01,3.967355e-01,9.235164e-01,1.313240e-01,2.131515e-02,3.661987e-03,1.981940e-02,6.428524e-02
5.91000,0.722217,0.758256,7.314617e-01,3.963703e-01,9.258521e-01,1.313314e-01,2.126969e-02,3.627097e-03,1.981385e-02,6.428781e-02
5.91250,0.722252,0.757830,7.311020e-01,3.960042e-01,9.281765e-01,1.313387e-01,2.122294e-02,3.590871e-03,1.980819e-02,6.429028e-02
5.91500,0.722284,0.757404,7.307264e-01,3.956371e-01,9.304889e-01,1.313460e-01,2.117387e-02,3.552780e-03,1.980230e-02,6.429265e-02
5.91750,0.722314,0.756978,7.303351e-01,3.952690e-01,9.327883e-01,1.313533e-01,2.112320e-02,3.514176e-03,1.979617e-02,6.429492e-02
5.92000,0.722342,0.756551,7.299282e-01,3.948999e-01,9.350731e-01,1.313605e-01,2.107178e-02,3.475672e-03,1.978989e-02,6.429710e-02
5.92250,0.722368,0.756124,7.295058e-01,3.945298e-01,9.373448e-01,1.313678e-01,2.102148e-02,3.438113e-03,1.978361e-02,6.429918e-02
5.92500,0.722392,0.755697,7.290681e-01,3.941588e-01,9.396031e-01,1.313750e-01,2.097149e-02,3.401395e-03,1.977734e-02,6.430115e-02
5.92750,0.722414,0.755269,7.286152e-01,3.937868e-01,9.418475e-01,1.313822e-01,2.092140e-02,3.365446e-03,1.977106e-02,6.430303e-02
5.93000,0.722433,0.754842,7.281473e-01,3.934137e-01,9.440759e-01,1.313893e-01,2.087095e-02,3.329761e-03,1.976476e-02,6.430480e-02
5.93250,0.722451,0.754413,7.276646e-01,3.930397e-01,9.462367e-01,1.313965e-01,2.081959e-02,3.294273e-03,1.975842e-02,6.430647e-02
5.93500,0.722467,0.753985,7.271674e-01,3.926647e-01,9.480795e-01,1.314036e-01,2.076569e-02,3.257609e-03,1.975186e-02,6.430804e-02
5.93750,0.722480,0.753556,7.266558e-01,3.922888e-01,9.499033e-01,1.314107e-01,2.071048e-02,3.220319e-03,1.974512e-02,6.430952e-02
5.94000,0.722492,0.753126,7.261299e-01,3.919118e-01,9.516387e-01,1.314177e-01,2.065412e-02,3.182354e-03,1.973821e-02,6.431090e-02
5.94250,0.722501,0.752697,7.255901e-01,3.915338e-01,9.530057e-01,1.314247e-01,2.059836e-02,3.144769e-03,1.973128e-02,6.431218e-02
5.94500,0.722508,0.752267,7.250365e-01,3.911549e-01,9.543643e-01,1.314317e-01,2.054261e-02,3.107499e-03,1.972436e-02,6.431336e-02
5.94750,0.722514,0.751836,7.245706e-01,3.907749e-01,9.554193e-01,1.314386e-01,2.048541e-02,3.069764e-03,1.971732e-02,6.431445e-02
5.95000,0.722517,0.751406,7.240957e-01,3.903940e-01,9.560461e-01,1.314455e-01,2.042707e-02,3.031650e-03,1.971016e-02,6.431544e-02
5.95250,0.722518,0.750975,7.236063e-01,3.900121e-01,9.566801e-01,1.314523e-01,2.036873e-02,2.993689e-03,1.970297e-02,6.431633e-02
5.95500,0.722518,0.750544,7.231026e-01,3.896292e-01,9.573213e-01,1.314591e-01,2.031053e-02,2.955636e-03,1.969576e-02,6.431713e-02
5.95750,0.722515,0.750112,7.226732e-01,3.892453e-01,9.579694e-01,1.314659e-01,2.025088e-02,2.916456e-03,1.968842e-02,6.431783e-02
5.96000,0.722510,0.749680,7.222465e-01,3.888604e-01,9.586242e-01,1.314726e-01,2.018966e-02,2.876430e-03,1.968090e-02,6.431846e-02
5.96250,0.722504,0.749248,7.218048e-01,3.884746e-01,9.592856e-01,1.314793e-01,2.012917e-02,2.837119e-03,1.967334e-02,6.431899e-02
5.96500,0.722495,0.748816,7.213482e-01,3.880877e-01,9.599533e-01,1.314859e-01,2.007011e-02,2.799430e-03,1.966590e-02,6.431944e-02
5.96750,0.722484,0.748383,7.208769e-01,3.876999e-01,9.606272e-01,1.314924e-01,2.001086e-02,2.762308e-03,1.965850e-02,6.431981e-02
5.97000,0.722471,0.747950,7.203911e-01,3.873111e-01,9.613071e-01,1.314990e-01,1.995029e-02,2.724731e-03,1.965102e-02,6.432008e-02
5.97250,0.722457,0.747517,7.198908e-01,3.869213e-01,9.619927e-01,1.315054e-01,1.988832e-02,2.686540e-03,1.964337e-02,6.432026e-02
5.97500,0.722440,0.747083,7.193763e-01,3.865305e-01,9.626840e-01,1.315118e-01,1.982553e-02,2.648302e-03,1.963559e-02,6.432036e-02
5.97750,0.722422,0.746649,7.188478e-01,3.861387e-01,9.633807e-01,1.315182e-01,1.976051e-02,2.608665e-03,1.962759e-02,6.432037e-02
5.98000,0.722401,0.746215,7.183054e-01,3.857460e-01,9.640828e-01,1.315244e-01,1.969373e-02,2.567446e-03,1.961936e-02,6.432029e-02
5.98250,0.722378,0.745781,7.177493e-01,3.853523e-01,9.647901e-01,1.315307e-01,1.962712e-02,2.525926e-03,1.961105e-02,6.432014e-02
5.98500,0.722354,0.745346,7.171797e-01,3.849576e-01,9.655024e-01,1.315368e-01,1.956231e-02,2.486402e-03,1.960286e-02,6.431990e-02
5.98750,0.722328,0.744911,7.165969e-01,3.845619e-01,9.662196e-01,1.315429e-01,1.949859e-02,2.448777e-03,1.959484e-02,6.431958e-02
5.99000,0.722299,0.744476,7.160009e-01,3.841653e-01,9.669416e-01,1.315490e-01,1.943356e-02,2.410621e-03,1.958679e-02,6.431918e-02
5.99250,0.722269,0.744041,7.153921e-01,3.837677e-01,9.676683e-01,1.315550e-01,1.936636e-02,2.371258e-03,1.957857e-02,6.431870e-02
5.99500,0.722237,0.743605,7.148128e-01,3.833691e-01,9.683994e-01,1.315609e-01,1.929771e-02,2.331119e-03,1.957018e-02,6.431814e-02
5.99750,0.722203,0.743169,7.142727e-01,3.829696e-01,9.690950e-01,1.315667e-01,1.922854e-02,2.290372e-03,1.956170e-02,6.431751e-02
6.00000,0.722166,0.742733,7.137190e-01,3.825691e-01,9.696393e-01,1.315725e-01,1.915842e-02,2.248597e-03,1.955309e-02,6.431680e-02
6.00250,0.722128,0.742297,7.131518e-01,3.821677e-01,9.701866e-01,1.315782e-01,1.908824e-02,2.206791e-03,1.954442e-02,6.431603e-02
6.00500,0.722089,0.741860,7.125714e-01,3.817653e-01,9.707369e-01,1.315839e-01,1.901799e-02,2.165831e-03,1.953573e-02,6.431518e-02
6.00750,0.722047,0.741423,7.120458e-01,3.813619e-01,9.712899e-01,1.315895e-01,1.894785e-02,2.125805e-03,1.952706e-02,6.431425e-02
6.01000,0.722003,0.740986,7.115335e-01,3.809576e-01,9.718456e-01,1.315950e-01,1.887699e-02,2.085999e-03,1.951834e-02,6.431325e-02
6.01250,0.721958,0.740549,7.110072e-01,3.805523e-01,9.724037e-01,1.316004e-01,1.880531e-02,2.045790e-03,1.950953e-02,6.431217e-02
6.01500,0.721910,0.740111,7.104671e-01,3.801461e-01,9.729642e-01,1.316058e-01,1.873278e-02,2.004843e-03,1.950063e-02,6.431103e-02
6.01750,0.721861,0.739673,7.099134e-01,3.797390e-01,9.735268e-01,1.316111e-01,1.865961e-02,1.963157e-03,1.949162e-02,6.430982e-02
6.02000,0.721810,0.739235,7.093461e-01,3.793309e-01,9.740915e-01,1.316163e-01,1.858565e-02,1.920200e-03,1.948249e-02,6.430854e-02
6.02250,0.721757,0.738797,7.087657e-01,3.789219e-01,9.746580e-01,1.316214e-01,1.851199e-02,1.876946e-03,1.947333e-02,6.430721e-02
6.02500,0.721702,0.738359,7.081721e-01,3.785120e-01,9.752262e-01,1.316265e-01,1.843924e-02,1.834910e-03,1.946424e-02,6.430580e-02
6.02750,0.721646,0.737920,7.075657e-01,3.781011e-01,9.757960e-01,1.316315e-01,1.836751e-02,1.794395e-03,1.945526e-02,6.430434e-02
6.03000,0.721587,0.737481,7.069466e-01,3.776893e-01,9.763671e-01,1.316364e-01,1.829509e-02,1.754259e-03,1.944630e-02,6.430280e-02
6.03250,0.721527,0.737042,7.063151e-01,3.772766e-01,9.769394e-01,1.316413e-01,1.822065e-02,1.712642e-03,1.943722e-02,6.430121e-02
6.03500,0.721465,0.736603,7.056713e-01,3.768630e-01,9.775127e-01,1.316460e-01,1.814370e-02,1.669056e-03,1.942791e-02,6.429955e-02
6.03750,0.721401,0.736164,7.050155e-01,3.764484e-01,9.780869e-01,1.316507e-01,1.806523e-02,1.623981e-03,1.941840e-02,6.429784e-02
6.04000,0.721335,0.735724,7.043479e-01,3.760330e-01,9.786619e-01,1.316553e-01,1.798730e-02,1.578736e-03,1.940884e-02,6.429607e-02
6.04250,0.721267,0.735284,7.036686e-01,3.756166e-01,9.792375e-01,1.316599e-01,1.791134e-02,1.534783e-03,1.939940e-02,6.429425e-02
6.04500,0.721198,0.734844,7.029779e-01,3.751994e-01,9.798135e-01,1.316644e-01,1.783630e-02,1.492322e-03,1.939008e-02,6.429237e-02
6.04750,0.721127,0.734404,7.022760e-01,3.747813e-01,9.803899e-01,1.316687e-01,1.776045e-02,1.450155e-03,1.938079e-02,6.429043e-02
6.05000,0.721054,0.733964,7.015633e-01,3.743622e-01,9.809665e-01,1.316730e-01,1.768390e-02,1.407759e-03,1.937146e-02,6.428843e-02
6.05250,0.720979,0.733524,7.008398e-01,3.739423e-01,9.815431e-01,1.316773e-01,1.760636e-02,1.364495e-03,1.936206e-02,6.428638e-02
6.05500,0.720903,0.733083,7.001058e-01,3.735215e-01,9.821196e-01,1.316814e-01,1.752783e-02,1.320145e-03,1.935254e-02,6.428428e-02
6.05750,0.720825,0.732642,6.993616e-01,3.730999e-01,9.826958e-01,1.316855e-01,1.744766e-02,1.274044e-03,1.934285e-02,6.428213e-02
6.06000,0.720745,0.732202,6.986108e-01,3.726774e-01,9.832716e-01,1.316895e-01,1.736642e-02,1.227010e-03,1.933302e-02,6.427993e-02
6.06250,0.720663,0.731761,6.979220e-01,3.722540e-01,9.838468e-01,1.316934e-01,1.728617e-02,1.181350e-03,1.932324e-02,6.427768e-02
6.06500,0.720580,0.731319,6.972304e-01,3.718297e-01,9.844213e-01,1.316972e-01,1.720695e-02,1.137125e-03,1.931362e-02,6.427538e-02
6.06750,0.720495,0.730878,6.965984e-01,3.714046e-01,9.849951e-01,1.317010e-01,1.712807e-02,1.093475e-03,1.930411e-02,6.427303e-02
6.07000,0.720408,0.730437,6.959544e-01,3.709787e-01,9.853764e-01,1.317047e-01,1.704871e-02,1.049454e-03,1.929463e-02,6.427063e-02
6.07250,0.720319,0.729995,6.952985e-01,3.705519e-01,9.855147e-01,1.317083e-01,1.696831e-02,1.004435e-03,1.928510e-02,6.426818e-02
6.07500,0.720229,0.729553,6.946310e-01,3.701243e-01,9.856518e-01,1.317118e-01,1.688712e-02,9.578366e-04,1.927548e-02,6.426568e-02
6.07750,0.720137,0.729112,6.939521e-01,3.696959e-01,9.857875e-01,1.317152e-01,1.680512e-02,9.097100e-04,1.926577e-02,6.426315e-02
6.08000,0.720044,0.728670,6.932619e-01,3.692666e-01,9.859218e-01,1.317186e-01,1.672318e-02,8.615825e-04,1.925605e-02,6.426057e-02
6.08250,0.719948,0.728228,6.925607e-01,3.688365e-01,9.860549e-01,1.317218e-01,1.664244e-02,8.153934e-04,1.924647e-02,6.425795e-02
6.08500,0.719852,0.727786,6.918488e-01,3.684056e-01,9.861865e-01,1.317250e-01,1.656161e-02,7.699948e-04,1.923699e-02,6.425528e-02
6.08750,0.719753,0.727343,6.911262e-01,3.679740e-01,9.863168e-01,1.317281e-01,1.647966e-02,7.241973e-04,1.922751e-02,6.425257e-02
6.09000,0.719653,0.726901,6.903932e-01,3.675415e-01,9.864456e-01,1.317312e-01,1.639686e-02,6.778005e-04,1.921799e-02,6.424983e-02
6.09250,0.719551,0.726459,6.896500e-01,3.671082e-01,9.865731e-01,1.317341e-01,1.631299e-02,6.299900e-04,1.920841e-02,6.424704e-02
6.09500,0.719447,0.726016,6.888968e-01,3.666741e-01,9.866991e-01,1.317370e-01,1.622948e-02,5.811064e-04,1.919882e-02,6.424424e-02
6.09750,0.719342,0.725574,6.881338e-01,3.662393e-01,9.868237e-01,1.317398e-01,1.614723e-02,5.320584e-04,1.918933e-02,6.424141e-02
6.10000,0.719235,0.725131,6.873612e-01,3.658037e-01,9.869469e-01,1.317425e-01,1.606623e-02,4.843209e-04,1.918001e-02,6.423857e-02
6.10250,0.719127,0.724688,6.865793e-01,3.653673e-01,9.870687e-01,1.317452e-01,1.598603e-02,4.380335e-04,1.917087e-02,6.423570e-02
6.10500,0.719017,0.724245,6.857882e-01,3.649302e-01,9.871892e-01,1.317477e-01,1.590611e-02,3.921979e-04,1.916185e-02,6.423281e-02
6.10750,0.718905,0.723803,6.849881e-01,3.644923e-01,9.873084e-01,1.317502e-01,1.582535e-02,3.457442e-04,1.915284e-02,6.422990e-02
6.11000,0.718792,0.723360,6.841793e-01,3.640536e-01,9.874262e-01,1.317526e-01,1.574337e-02,2.982175e-04,1.914376e-02,6.422697e-02
6.11250,0.718678,0.722917,6.833620e-01,3.636143e-01,9.875428e-01,1.317549e-01,1.565969e-02,2.489359e-04,1.913452e-02,6.422404e-02
6.11500,0.718561,0.722474,6.825363e-01,3.631742e-01,9.876582e-01,1.317572e-01,1.557549e-02,1.984811e-04,1.912518e-02,6.422110e-02
6.11750,0.718443,0.722031,6.817024e-01,3.627334e-01,9.877722e-01,1.317594e-01,1.549170e-02,1.484025e-04,1.911586e-02,6.421815e-02
6.12000,0.718324,0.721588,6.808606e-01,3.622918e-01,9.878848e-01,1.317614e-01,1.540963e-02,1.002763e-04,1.910671e-02,6.421519e-02
6.12250,0.718203,0.721144,6.800110e-01,3.618496e-01,9.879963e-01,1.317635e-01,1.532880e-02,5.338706e-05,1.909774e-02,6.421223e-02
6.12500,0.718080,0.720701,6.791538e-01,3.614067e-01,9.880942e-01,1.317654e-01,1.524839e-02,6.344380e-06,1.908889e-02,6.420925e-02
6.12750,0.717956,0.720258,6.783434e-01,3.609630e-01,9.881770e-01,1.317673e-01,1.516828e-02,-4.127188e-05,1.908011e-02,6.420628e-02
6.13000,0.717831,0.719815,6.775898e-01,3.605187e-01,9.882593e-01,1.317690e-01,1.508729e-02,-9.012391e-05,1.907129e-02,6.420330e-02
6.13250,0.717704,0.719372,6.768266e-01,3.600737e-01,9.883409e-01,1.317707e-01,1.500505e-02,-1.408855e-04,1.906235e-02,6.420033e-02
6.13500,0.717575,0.718928,6.760540e-01,3.596280e-01,9.884219e-01,1.317724e-01,1.492325e-02,-1.917658e-04,1.905340e-02,6.419737e-02
6.13750,0.717445,0.718485,6.752722e-01,3.591817e-01,9.885024e-01,1.317739e-01,1.484223e-02,-2.413184e-04,1.904457e-02,6.419440e-02
6.14000,0.717313,0.718042,6.744815e-01,3.587347e-01,9.885823e-01,1.317754e-01,1.476117e-02,-2.899801e-04,1.903583e-02,6.419144e-02
6.14250,0.717180,0.717599,6.736818e-01,3.582871e-01,9.886616e-01,1.317768e-01,1.468027e-02,-3.381796e-04,1.902716e-02,6.418848e-02
6.14500,0.717046,0.717155,6.728736e-01,3.578388e-01,9.887403e-01,1.317781e-01,1.459976e-02,-3.865520e-04,1.901857e-02,6.418553e-02
6.14750,0.716910,0.716712,6.720569e-01,3.573899e-01,9.888184e-01,1.317794e-01,1.451853e-02,-4.359669e-04,1.900995e-02,6.418257e-02
6.15000,0.716772,0.716269,6.712319e-01,3.569404e-01,9.888959e-01,1.317805e-01,1.443674e-02,-4.865612e-04,1.900126e-02,6.417963e-02
6.15250,0.716633,0.715826,6.703988e-01,3.564903e-01,9.889728e-01,1.317816e-01,1.435465e-02,-5.379715e-04,1.899251e-02,6.417669e-02
6.15500,0.716493,0.715383,6.695579e-01,3.560396e-01,9.890491e-01,1.317826e-01,1.427318e-02,-5.882915e-04,1.898382e-02,6.417376e-02
6.15750,0.716351,0.714940,6.687093e-01,3.555882e-01,9.891246e-01,1.317836e-01,1.419250e-02,-6.368793e-04,1.897527e-02,6.417083e-02
6.16000,0.716208,0.714496,6.678532e-01,3.551363e-01,9.891994e-01,1.317845e-01,1.411129e-02,-6.850713e-04,1.896677e-02,6.416790e-02
6.16250,0.716063,0.714053,6.669898e-01,3.546838e-01,9.892160e-01,1.317853e-01,1.402974e-02,-7.337493e-04,1.895828e-02,6.416498e-02
6.16500,0.715917,0.713610,6.661192e-01,3.542307e-01,9.886749e-01,1.317860e-01,1.394822e-02,-7.832172e-04,1.894979e-02,6.416205e-02
6.16750,0.715770,0.713168,6.652416e-01,3.537770e-01,9.881364e-01,1.317866e-01,1.386596e-02,-8.343272e-04,1.894126e-02,6.415913e-02
6.17000,0.715621,0.712725,6.643573e-01,3.533228e-01,9.876000e-01,1.317872e-01,1.378320e-02,-8.870156e-04,1.893266e-02,6.415622e-02
6.17250,0.715470,0.712282,6.634663e-01,3.528681e-01,9.870629e-01,1.317877e-01,1.370121e-02,-9.393679e-04,1.892412e-02,6.415332e-02
6.17500,0.715319,0.711839,6.625689e-01,3.524128e-01,9.865278e-01,1.317881e-01,1.362008e-02,-9.901139e-04,1.891572e-02,6.415042e-02
6.17750,0.715166,0.711396,6.616652e-01,3.519570e-01,9.859969e-01,1.317885e-01,1.353941e-02,-1.039596e-03,1.890745e-02,6.414751e-02
6.18000,0.715011,0.710954,6.607555e-01,3.515006e-01,9.854729e-01,1.317888e-01,1.345941e-02,-1.088414e-03,1.889931e-02,6.414461e-02
6.18250,0.714856,0.710511,6.598398e-01,3.510438e-01,9.849595e-01,1.317890e-01,1.337890e-02,-1.137959e-03,1.889120e-02,6.414170e-02
6.18500,0.714699,0.710069,6.589183e-01,3.505864e-01,9.844598e-01,1.317891e-01,1.329816e-02,-1.188763e-03,1.888309e-02,6.413880e-02
6.18750,0.714540,0.709627,6.579912e-01,3.501286e-01,9.839750e-01,1.317892e-01,1.321793e-02,-1.240444e-03,1.887503e-02,6.413591e-02
6.19000,0.714380,0.709184,6.570587e-01,3.496702e-01,9.835050e-01,1.317892e-01,1.313828e-02,-1.292553e-03,1.886704e-02,6.413304e-02
6.19250,0.714219,0.708742,6.561209e-01,3.492114e-01,9.830488e-01,1.317891e-01,1.305979e-02,-1.343351e-03,1.885924e-02,6.413018e-02
6.19500,0.714057,0.708300,6.551780e-01,3.487521e-01,9.826051e-01,1.317890e-01,1.298163e-02,-1.393284e-03,1.885159e-02,6.412734e-02
6.19750,0.713893,0.707858,6.542301e-01,3.482924e-01,9.821716e-01,1.317888e-01,1.290336e-02,-1.443539e-03,1.884405e-02,6.412451e-02
6.20000,0.713728,0.707417,6.532774e-01,3.478322e-01,9.817456e-01,1.317885e-01,1.282504e-02,-1.494119e-03,1.883658e-02,6.412170e-02
6.20250,0.713562,0.706975,6.523927e-01,3.473715e-01,9.813241e-01,1.317882e-01,1.274599e-02,-1.545787e-03,1.882910e-02,6.411891e-02
6.20500,0.713394,0.706533,6.515111e-01,3.469105e-01,9.809029e-01,1.317878e-01,1.266719e-02,-1.598511e-03,1.882165e-02,6.411615e-02
6.20750,0.713225,0.706092,6.506230e-01,3.464490e-01,9.804847e-01,1.317873e-01,1.258960e-02,-1.651326e-03,1.881431e-02,6.411343e-02
6.21000,0.713055,0.705651,6.497285e-01,3.459871e-01,9.800706e-01,1.317867e-01,1.251362e-02,-1.702960e-03,1.880717e-02,6.411074e-02
6.21250,0.712884,0.705210,6.488278e-01,3.455247e-01,9.796632e-01,1.317861e-01,1.243931e-02,-1.752708e-03,1.880027e-02,6.410808e-02
6.21500,0.712711,0.704769,6.479211e-01,3.450620e-01,9.792665e-01,1.317854e-01,1.236671e-02,-1.801046e-03,1.879363e-02,6.410545e-02
6.21750,0.712537,0.704328,6.470085e-01,3.445989e-01,9.788846e-01,1.317847e-01,1.229419e-02,-1.849604e-03,1.878713e-02,6.410285e-02
6.22000,0.712362,0.703887,6.460902e-01,3.441354e-01,9.785204e-01,1.317838e-01,1.222089e-02,-1.899309e-03,1.878064e-02,6.410029e-02
6.22250,0.712186,0.703447,6.451663e-01,3.436716e-01,9.781746e-01,1.317830e-01,1.214666e-02,-1.950726e-03,1.877410e-02,6.409778e-02
6.22500,0.712008,0.703006,6.442370e-01,3.432074e-01,9.778460e-01,1.317820e-01,1.207119e-02,-2.003640e-03,1.876747e-02,6.409530e-02
6.22750,0.711829,0.702566,6.433024e-01,3.427428e-01,9.775323e-01,1.317810e-01,1.199524e-02,-2.056831e-03,1.876081e-02,6.409286e-02
6.23000,0.711649,0.702126,6.423627e-01,3.422779e-01,9.772303e-01,1.317799e-01,1.192012e-02,-2.108592e-03,1.875423e-02,6.409047e-02
6.23250,0.711468,0.701686,6.414181e-01,3.418126e-01,9.769363e-01,1.317788e-01,1.184596e-02,-2.158943e-03,1.874779e-02,6.408810e-02
6.23500,0.711286,0.701247,6.404685e-01,3.413471e-01,9.766475e-01,1.317776e-01,1.177211e-02,-2.208622e-03,1.874143e-02,6.408577e-02
6.23750,0.711102,0.700807,6.395143e-01,3.408812e-01,9.763618e-01,1.317763e-01,1.169823e-02,-2.258563e-03,1.873510e-02,6.408346e-02
6.24000,0.710917,0.700368,6.385554e-01,3.404150e-01,9.760777e-01,1.317750e-01,1.162450e-02,-2.309058e-03,1.872878e-02,6.408119e-02
6.24250,0.710731,0.699929,6.375922e-01,3.399485e-01,9.757994e-01,1.317736e-01,1.155105e-02,-2.360062e-03,1.872249e-02,6.407895e-02
6.24500,0.710544,0.699491,6.366247e-01,3.394817e-01,9.755311e-01,1.317721e-01,1.147741e-02,-2.411572e-03,1.871618e-02,6.407674e-02
6.24750,0.710356,0.699052,6.356530e-01,3.390146e-01,9.752768e-01,1.317706e-01,1.140456e-02,-2.462068e-03,1.870996e-02,6.407456e-02
6.25000,0.710166,0.698614,6.346772e-01,3.385473e-01,9.750404e-01,1.317690e-01,1.133240e-02,-2.511190e-03,1.870386e-02,6.407241e-02
6.25250,0.709976,0.698176,6.336976e-01,3.380797e-01,9.748242e-01,1.317674e-01,1.125936e-02,-2.560323e-03,1.869779e-02,6.407028e-02
6.25500,0.709784,0.697738,6.327141e-01,3.376119e-01,9.746279e-01,1.317656e-01,1.118540e-02,-2.609998e-03,1.869170e-02,6.406817e-02
6.25750,0.709591,0.697300,6.317270e-01,3.371438e-01,9.744484e-01,1.317639e-01,1.111171e-02,-2.660077e-03,1.868563e-02,6.406609e-02
6.26000,0.709397,0.696863,6.307363e-01,3.366755e-01,9.742795e-01,1.317621e-01,1.103850e-02,-2.710271e-03,1.867960e-02,6.406403e-02
6.26250,0.709202,0.696425,6.297423e-01,3.362069e-01,9.741161e-01,1.317602e-01,1.096598e-02,-2.760779e-03,1.867363e-02,6.406200e-02
6.26500,0.709006,0.695989,6.287449e-01,3.357382e-01,9.739552e-01,1.317582e-01,1.089539e-02,-2.810482e-03,1.866783e-02,6.406001e-02
6.26750,0.708808,0.695552,6.277444e-01,3.352692e-01,9.737960e-01,1.317562e-01,1.082681e-02,-2.858446e-03,1.866227e-02,6.405804e-02
6.27000,0.708610,0.695116,6.267407e-01,3.348000e-01,9.736402e-01,1.317542e-01,1.075943e-02,-2.905379e-03,1.865692e-02,6.405609e-02
6.27250,0.708410,0.694679,6.257341e-01,3.343307e-01,9.734907e-01,1.317520e-01,1.069230e-02,-2.952326e-03,1.865169e-02,6.405418e-02
6.27500,0.708210,0.694244,6.247247e-01,3.338612e-01,9.733502e-01,1.317499e-01,1.062490e-02,-2.999922e-03,1.864652e-02,6.405229e-02
6.27750,0.708008,0.693808,6.237124e-01,3.333915e-01,9.732217e-01,1.317476e-01,1.055661e-02,-3.048872e-03,1.864135e-02,6.405044e-02
6.28000,0.707806,0.693373,6.226976e-01,3.329216e-01,9.731071e-01,1.317453e-01,1.048777e-02,-3.099059e-03,1.863617e-02,6.404864e-02
6.28250,0.707602,0.692938,6.216802e-01,3.324516e-01,9.730067e-01,1.317430e-01,1.041906e-02,-3.149983e-03,1.863103e-02,6.404688e-02
6.28500,0.707397,0.692503,6.206604e-01,3.319815e-01,9.729191e-01,1.317406e-01,1.035185e-02,-3.199985e-03,1.862605e-02,6.404518e-02
6.28750,0.707191,0.692068,6.196382e-01,3.315112e-01,9.728401e-01,1.317381e-01,1.028721e-02,-3.247739e-03,1.862132e-02,6.404351e-02
6.29000,0.706984,0.691634,6.186137e-01,3.310408e-01,9.727660e-01,1.317356e-01,1.022486e-02,-3.293776e-03,1.861686e-02,6.404189e-02
6.29250,0.706776,0.691201,6.175871e-01,3.305703e-01,9.726946e-01,1.317330e-01,1.016353e-02,-3.339414e-03,1.861258e-02,6.404031e-02
6.29500,0.706567,0.690767,6.165609e-01,3.300996e-01,9.726263e-01,1.317304e-01,1.010196e-02,-3.385561e-03,1.860837e-02,6.403877e-02
6.29750,0.706357,0.690334,6.155734e-01,3.296289e-01,9.725624e-01,1.317277e-01,1.003997e-02,-3.432482e-03,1.860418e-02,6.403728e-02
6.30000,0.706146,0.689901,6.145826e-01,3.291581e-01,9.725040e-01,1.317250e-01,9.976851e-03,-3.480309e-03,1.859996e-02,6.403583e-02
6.30250,0.705934,0.689468,6.135886e-01,3.286872e-01,9.724530e-01,1.317222e-01,9.912193e-03,-3.529292e-03,1.859567e-02,6.403443e-02
6.30500,0.705721,0.689036,6.125914e-01,3.282162e-01,9.724112e-01,1.317193e-01,9.846799e-03,-3.578410e-03,1.859135e-02,6.403308e-02
6.30750,0.705507,0.688604,6.115912e-01,3.277452e-01,9.723792e-01,1.317164e-01,9.782312e-03,-3.625984e-03,1.858711e-02,6.403177e-02
6.31000,0.705292,0.688173,6.105881e-01,3.272741e-01,9.723567e-01,1.317135e-01,9.718700e-03,-3.672367e-03,1.858297e-02,6.403050e-02
6.31250,0.705076,0.687742,6.095822e-01,3.268030e-01,9.723417e-01,1.317105e-01,9.656352e-03,-3.717997e-03,1.857897e-02,6.402926e-02
6.31500,0.704859,0.687311,6.085736e-01,3.263318e-01,9.723326e-01,1.317074e-01,9.594664e-03,-3.763400e-03,1.857507e-02,6.402806e-02
6.31750,0.704641,0.686880,6.075624e-01,3.258607e-01,9.723281e-01,1.317043e-01,9.532639e-03,-3.809289e-03,1.857118e-02,6.402689e-02
6.32000,0.704422,0.686450,6.065487e-01,3.253895e-01,9.723266e-01,1.317011e-01,9.470134e-03,-3.855689e-03,1.856729e-02,6.402575e-02
6.32250,0.704202,0.686020,6.055325e-01,3.249182e-01,9.723280e-01,1.316979e-01,9.407124e-03,-3.902595e-03,1.856338e-02,6.402465e-02
6.32500,0.703981,0.685591,6.045140e-01,3.244470e-01,9.723317e-01,1.316947e-01,9.343719e-03,-3.949615e-03,1.855947e-02,6.402358e-02
6.32750,0.703759,0.685162,6.034933e-01,3.239758e-01,9.723389e-01,1.316914e-01,9.280686e-03,-3.996078e-03,1.855560e-02,6.402255e-02
6.33000,0.703537,0.684733,6.024704e-01,3.235047e-01,9.723501e-01,1.316880e-01,9.218761e-03,-4.041620e-03,1.855184e-02,6.402155e-02
6.33250,0.703313,0.684305,6.014455e-01,3.230335e-01,9.723651e-01,1.316846e-01,9.158018e-03,-4.086379e-03,1.854820e-02,6.402057e-02
6.33500,0.703089,0.683877,6.004186e-01,3.225624e-01,9.723831e-01,1.316811e-01,9.098096e-03,-4.131000e-03,1.854469e-02,6.401963e-02
6.33750,0.702863,0.683449,5.993898e-01,3.220913e-01,9.724044e-01,1.316776e-01,9.039020e-03,-4.175524e-03,1.854130e-02,6.401871e-02
6.34000,0.702637,0.683022,5.983592e-01,3.216203e-01,9.724299e-01,1.316741e-01,8.979867e-03,-4.220459e-03,1.853798e-02,6.401783e-02
6.34250,0.702409,0.682596,5.973269e-01,3.211493e-01,9.724591e-01,1.316705e-01,8.920506e-03,-4.265767e-03,1.853471e-02,6.401699e-02
6.34500,0.702181,0.682169,5.962929e-01,3.206784e-01,9.724904e-01,1.316668e-01,8.861891e-03,-4.310798e-03,1.853156e-02,6.401618e-02
6.34750,0.701952,0.681743,5.952574e-01,3.202076e-01,9.725226e-01,1.316631e-01,8.804262e-03,-4.355543e-03,1.852856e-02,6.401540e-02
6.35000,0.701722,0.681318,5.942204e-01,3.197369e-01,9.725563e-01,1.316594e-01,8.747820e-03,-4.399808e-03,1.852572e-02,6.401467e-02
6.35250,0.701491,0.680893,5.931819e-01,3.192663e-01,9.725921e-01,1.316556e-01,8.692866e-03,-4.443309e-03,1.852306e-02,6.401397e-02
6.35500,0.701259,0.680468,5.921422e-01,3.187957e-01,9.726298e-01,1.316517e-01,8.638709e-03,-4.486542e-03,1.852056e-02,6.401331e-02
6.35750,0.701027,0.680044,5.911011e-01,3.183253e-01,9.726692e-01,1.316478e-01,8.584889e-03,-4.529775e-03,1.851814e-02,6.401270e-02
6.36000,0.700793,0.679620,5.900588e-01,3.178550e-01,9.727120e-01,1.316439e-01,8.531562e-03,-4.572930e-03,1.851581e-02,6.401212e-02
6.36250,0.700559,0.679197,5.890154e-01,3.173849e-01,9.727602e-01,1.316399e-01,8.478595e-03,-4.615740e-03,1.851355e-02,6.401159e-02
6.36500,0.700323,0.678774,5.879710e-01,3.169148e-01,9.728132e-01,1.316359e-01,8.425435e-03,-4.658312e-03,1.851133e-02,6.401110e-02
6.36750,0.700087,0.678351,5.869255e-01,3.164450e-01,9.728685e-01,1.316319e-01,8.371689e-03,-4.701003e-03,1.850911e-02,6.401064e-02
6.37000,0.699850,0.677929,5.858791e-01,3.159752e-01,9.729250e-01,1.316277e-01,8.318398e-03,-4.743001e-03,1.850692e-02,6.401023e-02
6.37250,0.699612,0.677508,5.848318e-01,3.155057e-01,9.729829e-01,1.316236e-01,8.265043e-03,-4.784430e-03,1.850476e-02,6.400985e-02
6.37500,0.699374,0.677087,5.837837e-01,3.150363e-01,9.730412e-01,1.316194e-01,8.211190e-03,-4.825832e-03,1.850259e-02,6.400951e-02
6.37750,0.699134,0.676666,5.827348e-01,3.145670e-01,9.730974e-01,1.316152e-01,8.157640e-03,-4.866902e-03,1.850044e-02,6.400920e-02
6.38000,0.698894,0.676246,5.816853e-01,3.140980e-01,9.731523e-01,1.316109e-01,8.104595e-03,-4.907732e-03,1.849834e-02,6.400892e-02
6.38250,0.698653,0.675826,5.806351e-01,3.136292e-01,9.732091e-01,1.316066e-01,8.051903e-03,-4.948303e-03,1.849628e-02,6.400868e-02
6.38500,0.698411,0.675407,5.795843e-01,3.131605e-01,9.732686e-01,1.316022e-01,7.999574e-03,-4.988385e-03,1.849429e-02,6.400846e-02
6.38750,0.698168,0.674988,5.785329e-01,3.126921e-01,9.733297e-01,1.315978e-01,7.946928e-03,-5.028426e-03,1.849233e-02,6.400828e-02
6.39000,0.697925,0.674570,5.774811e-01,3.122239e-01,9.733906e-01,1.315933e-01,7.894151e-03,-5.068322e-03,1.849037e-02,6.400812e-02
6.39250,0.697680,0.674152,5.764289e-01,3.117559e-01,9.734512e-01,1.315888e-01,7.842119e-03,-5.107627e-03,1.848848e-02,6.400798e-02
6.39500,0.697435,0.673735,5.753763e-01,3.112881e-01,9.735119e-01,1.315843e-01,7.790371e-03,-5.146613e-03,1.848665e-02,6.400787e-02
6.39750,0.697189,0.673318,5.743233e-01,3.108206e-01,9.735717e-01,1.315797e-01,7.738710e-03,-5.185479e-03,1.848484e-02,6.400778e-02
6.40000,0.696942,0.672901,5.732701e-01,3.103534e-01,9.736300e-01,1.315751e-01,7.687621e-03,-5.224144e-03,1.848310e-02,6.400772e-02
6.40250,0.696695,0.672486,5.722166e-01,3.098864e-01,9.736892e-01,1.315705e-01,7.637350e-03,-5.262466e-03,1.848145e-02,6.400769e-02
6.40500,0.696447,0.672070,5.711630e-01,3.094196e-01,9.737511e-01,1.315658e-01,7.587612e-03,-5.300438e-03,1.847989e-02,6.400768e-02
6.40750,0.696198,0.671655,5.701092e-01,3.089531e-01,9.738157e-01,1.315611e-01,7.538422e-03,-5.338211e-03,1.847840e-02,6.400771e-02
6.41000,0.695948,0.671241,5.690554e-01,3.084870e-01,9.738818e-01,1.315563e-01,7.489631e-03,-5.375890e-03,1.847700e-02,6.400776e-02
6.41250,0.695697,0.670827,5.680014e-01,3.080210e-01,9.739483e-01,1.315515e-01,7.442198e-03,-5.413018e-03,1.847572e-02,6.400783e-02
6.41500,0.695446,0.670414,5.669475e-01,3.075554e-01,9.740151e-01,1.315467e-01,7.396108e-03,-5.449560e-03,1.847460e-02,6.400794e-02
6.41750,0.695194,0.670001,5.658936e-01,3.070901e-01,9.740815e-01,1.315418e-01,7.351128e-03,-5.485702e-03,1.847362e-02,6.400808e-02
6.42000,0.694941,0.669589,5.648399e-01,3.066251e-01,9.741465e-01,1.315369e-01,7.306304e-03,-5.521860e-03,1.847272e-02,6.400826e-02
6.42250,0.694688,0.669178,5.637862e-01,3.061605e-01,9.742104e-01,1.315319e-01,7.262235e-03,-5.557735e-03,1.847192e-02,6.400847e-02
6.42500,0.694433,0.668766,5.627327e-01,3.056961e-01,9.742749e-01,1.315269e-01,7.218985e-03,-5.593366e-03,1.847123e-02,6.400871e-02
6.42750,0.694178,0.668356,5.616794e-01,3.052321e-01,9.743404e-01,1.315219e-01,7.175983e-03,-5.628854e-03,1.847061e-02,6.400898e-02
6.43000,0.693922,0.667946,5.606263e-01,3.047684e-01,9.744062e-01,1.315169e-01,7.132681e-03,-5.664450e-03,1.847003e-02,6.400929e-02
6.43250,0.693666,0.667536,5.595735e-01,3.043050e-01,9.744715e-01,1.315118e-01,7.089024e-03,-5.700092e-03,1.846944e-02,6.400962e-02
6.43500,0.693409,0.667127,5.585209e-01,3.038420e-01,9.745358e-01,1.315066e-01,7.045062e-03,-5.735592e-03,1.846884e-02,6.400999e-02
6.43750,0.693151,0.666719,5.574688e-01,3.033794e-01,9.745990e-01,1.315015e-01,7.000784e-03,-5.771050e-03,1.846823e-02,6.401039e-02
6.44000,0.692892,0.666311,5.564170e-01,3.029171e-01,9.746611e-01,1.314963e-01,6.956441e-03,-5.806264e-03,1.846761e-02,6.401081e-02
6.44250,0.692633,0.665904,5.553657e-01,3.024553e-01,9.747221e-01,1.314911e-01,6.911758e-03,-5.841355e-03,1.846699e-02,6.401127e-02
6.44500,0.692373,0.665497,5.543148e-01,3.019938e-01,9.747834e-01,1.314858e-01,6.867548e-03,-5.876092e-03,1.846640e-02,6.401174e-02
6.44750,0.692112,0.665091,5.532643e-01,3.015326e-01,9.748457e-01,1.314805e-01,6.823567e-03,-5.910588e-03,1.846584e-02,6.401225e-02
6.45000,0.691851,0.664685,5.522144e-01,3.010719e-01,9.749089e-01,1.314752e-01,6.779662e-03,-5.944867e-03,1.846531e-02,6.401277e-02
6.45250,0.691589,0.664280,5.511650e-01,3.006116e-01,9.749727e-01,1.314698e-01,6.735775e-03,-5.979049e-03,1.846480e-02,6.401332e-02
6.45500,0.691326,0.663876,5.501162e-01,3.001517e-01,9.750364e-01,1.314644e-01,6.692215e-03,-6.012903e-03,1.846431e-02,6.401388e-02
6.45750,0.691062,0.663472,5.490680e-01,2.996922e-01,9.750996e-01,1.314590e-01,6.648796e-03,-6.046736e-03,1.846386e-02,6.401446e-02
6.46000,0.690798,0.663069,5.480205e-01,2.992331e-01,9.751618e-01,1.314535e-01,6.605242e-03,-6.080650e-03,1.846340e-02,6.401506e-02
6.46250,0.690533,0.662666,5.469735e-01,2.987745e-01,9.752225e-01,1.314480e-01,6.561415e-03,-6.114510e-03,1.846295e-02,6.401568e-02
6.46500,0.690268,0.662264,5.459273e-01,2.983162e-01,9.752829e-01,1.314425e-01,6.518249e-03,-6.147873e-03,1.846255e-02,6.401632e-02
6.46750,0.690002,0.661863,5.448818e-01,2.978585e-01,9.753434e-01,1.314370e-01,6.476198e-03,-6.180457e-03,1.846226e-02,6.401697e-02
6.47000,0.689735,0.661462,5.438370e-01,2.974012e-01,9.754040e-01,1.314314e-01,6.434783e-03,-6.212649e-03,1.846206e-02,6.401764e-02
6.47250,0.689468,0.661062,5.427930e-01,2.969443e-01,9.754646e-01,1.314258e-01,6.393461e-03,-6.244909e-03,1.846192e-02,6.401832e-02
6.47500,0.689199,0.660662,5.417497e-01,2.964879e-01,9.755246e-01,1.314202e-01,6.352294e-03,-6.277129e-03,1.846183e-02,6.401903e-02
6.47750,0.688931,0.660263,5.407073e-01,2.960320e-01,9.755832e-01,1.314145e-01,6.312191e-03,-6.308946e-03,1.846183e-02,6.401975e-02
6.48000,0.688661,0.659865,5.396657e-01,2.955766e-01,9.756408e-01,1.314088e-01,6.273386e-03,-6.340343e-03,1.846197e-02,6.402049e-02
6.48250,0.688391,0.659467,5.386249e-01,2.951216e-01,9.756976e-01,1.314031e-01,6.235049e-03,-6.371726e-03,1.846219e-02,6.402125e-02
6.48500,0.688121,0.659070,5.375850e-01,2.946671e-01,9.757543e-01,1.313973e-01,6.196881e-03,-6.403161e-03,1.846247e-02,6.402203e-02
6.48750,0.687849,0.658673,5.365460e-01,2.942132e-01,9.756411e-01,1.313916e-01,6.159653e-03,-6.434025e-03,1.846285e-02,6.402284e-02
6.49000,0.687577,0.658277,5.355080e-01,2.937597e-01,9.754098e-01,1.313858e-01,6.123270e-03,-6.464239e-03,1.846332e-02,6.402366e-02
6.49250,0.687305,0.657882,5.344708e-01,2.933067e-01,9.751787e-01,1.313799e-01,6.087419e-03,-6.494109e-03,1.846388e-02,6.402451e-02
6.49500,0.687032,0.657487,5.334347e-01,2.928543e-01,9.749477e-01,1.313741e-01,6.051600e-03,-6.523911e-03,1.846446e-02,6.402537e-02
6.49750,0.686758,0.657093,5.323995e-01,2.924023e-01,9.747164e-01,1.313682e-01,6.015913e-03,-6.553527e-03,1.846507e-02,6.402626e-02
6.50000,0.686484,0.656700,5.313653e-01,2.919509e-01,9.744845e-01,1.313623e-01,5.980040e-03,-6.582742e-03,1.846567e-02,6.402716e-02
6.50250,0.686209,0.656307,5.303322e-01,2.915001e-01,9.742520e-01,1.313564e-01,5.943974e-03,-6.611608e-03,1.846627e-02,6.402809e-02
6.50500,0.685933,0.655915,5.293001e-01,2.910497e-01,9.740194e-01,1.313504e-01,5.907207e-03,-6.640545e-03,1.846683e-02,6.402902e-02
6.50750,0.685657,0.655523,5.282690e-01,2.906000e-01,9.737875e-01,1.313444e-01,5.869816e-03,-6.669471e-03,1.846733e-02,6.402998e-02
6.51000,0.685380,0.655133,5.272390e-01,2.901507e-01,9.735572e-01,1.313384e-01,5.832798e-03,-6.697864e-03,1.846783e-02,6.403095e-02
6.51250,0.685103,0.654742,5.262101e-01,2.897021e-01,9.733295e-01,1.313324e-01,5.796593e-03,-6.725545e-03,1.846840e-02,6.403193e-02
6.51500,0.684825,0.654353,5.251824e-01,2.892539e-01,9.731042e-01,1.313264e-01,5.760607e-03,-6.752915e-03,1.846900e-02,6.403292e-02
6.51750,0.684546,0.653964,5.241557e-01,2.888064e-01,9.728810e-01,1.313203e-01,5.724587e-03,-6.780178e-03,1.846960e-02,6.403392e-02
6.52000,0.684267,0.653576,5.231302e-01,2.883594e-01,9.726596e-01,1.313142e-01,5.688706e-03,-6.807241e-03,1.847021e-02,6.403494e-02
6.52250,0.683988,0.653188,5.221059e-01,2.879131e-01,9.724395e-01,1.313081e-01,5.652607e-03,-6.834134e-03,1.847082e-02,6.403596e-02
6.52500,0.683707,0.652801,5.210827e-01,2.874673e-01,9.722205e-01,1.313019e-01,5.616572e-03,-6.860722e-03,1.847143e-02,6.403698e-02
6.52750,0.683426,0.652415,5.200608e-01,2.870221e-01,9.720029e-01,1.312958e-01,5.580465e-03,-6.887138e-03,1.847204e-02,6.403802e-02
6.53000,0.683145,0.652030,5.190400e-01,2.865775e-01,9.717872e-01,1.312896e-01,5.544672e-03,-6.913327e-03,1.847267e-02,6.403906e-02
6.53250,0.682863,0.651645,5.180205e-01,2.861335e-01,9.715734e-01,1.312834e-01,5.509574e-03,-6.939059e-03,1.847336e-02,6.404010e-02
6.53500,0.682581,0.651261,5.170022e-01,2.856901e-01,9.713619e-01,1.312772e-01,5.475254e-03,-6.964326e-03,1.847412e-02,6.404115e-02
6.53750,0.682298,0.650877,5.159851e-01,2.852473e-01,9.711526e-01,1.312709e-01,5.441310e-03,-6.989412e-03,1.847493e-02,6.404221e-02
6.54000,0.682014,0.650495,5.149693e-01,2.848051e-01,9.709450e-01,1.312647e-01,5.407795e-03,-7.014202e-03,1.847580e-02,6.404328e-02
6.54250,0.681730,0.650112,5.139548e-01,2.843636e-01,9.707384e-01,1.312584e-01,5.374632e-03,-7.038830e-03,1.847672e-02,6.404435e-02
6.54500,0.681445,0.649731,5.129415e-01,2.839227e-01,9.705326e-01,1.312521e-01,5.341840e-03,-7.063287e-03,1.847769e-02,6.404542e-02
6.54750,0.681160,0.649350,5.119295e-01,2.834825e-01,9.703276e-01,1.312458e-01,5.309571e-03,-7.087372e-03,1.847872e-02,6.404651e-02
6.55000,0.680874,0.648970,5.109189e-01,2.830429e-01,9.701233e-01,1.312394e-01,5.278098e-03,-7.111255e-03,1.847983e-02,6.404760e-02
6.55250,0.680588,0.648591,5.099095e-01,2.826039e-01,9.699201e-01,1.312331e-01,5.247670e-03,-7.134772e-03,1.848105e-02,6.404870e-02
6.55500,0.680301,0.648212,5.089015e-01,2.821656e-01,9.697184e-01,1.312267e-01,5.218016e-03,-7.157855e-03,1.848237e-02,6.404981e-02
6.55750,0.680013,0.647834,5.078948e-01,2.817279e-01,9.695179e-01,1.312203e-01,5.188597e-03,-7.180950e-03,1.848374e-02,6.405093e-02
6.56000,0.679725,0.647457,5.068894e-01,2.812910e-01,9.693180e-01,1.312139e-01,5.159478e-03,-7.203852e-03,1.848516e-02,6.405206e-02
6.56250,0.679437,0.647081,5.058924e-01,2.808546e-01,9.691182e-01,1.312074e-01,5.130529e-03,-7.226573e-03,1.848662e-02,6.405320e-02
6.56500,0.679148,0.646705,5.049104e-01,2.804190e-01,9.689181e-01,1.312010e-01,5.101632e-03,-7.249271e-03,1.848810e-02,6.405434e-02
6.56750,0.678859,0.646330,5.039299e-01,2.799840e-01,9.687173e-01,1.311945e-01,5.072650e-03,-7.271766e-03,1.848959e-02,6.405550e-02
6.57000,0.678569,0.645955,5.029509e-01,2.795497e-01,9.685158e-01,1.311880e-01,5.043201e-03,-7.294213e-03,1.849106e-02,6.405666e-02
6.57250,0.678278,0.645582,5.019734e-01,2.791162e-01,9.683135e-01,1.311815e-01,5.013157e-03,-7.316687e-03,1.849248e-02,6.405782e-02
6.57500,0.677987,0.645209,5.009974e-01,2.786833e-01,9.681107e-01,1.311750e-01,4.983163e-03,-7.338763e-03,1.849388e-02,6.405899e-02
6.57750,0.677696,0.644836,5.000229e-01,2.782511e-01,9.679074e-01,1.311685e-01,4.953270e-03,-7.360523e-03,1.849529e-02,6.406017e-02
6.58000,0.677403,0.644465,4.990499e-01,2.778196e-01,9.677040e-01,1.311620e-01,4.923167e-03,-7.382254e-03,1.849670e-02,6.406134e-02
6.58250,0.677111,0.644094,4.980783e-01,2.773888e-01,9.675007e-01,1.311554e-01,4.892991e-03,-7.403906e-03,1.849810e-02,6.406252e-02
6.58500,0.676818,0.643724,4.971083e-01,2.769587e-01,9.672975e-01,1.311488e-01,4.863206e-03,-7.425327e-03,1.849952e-02,6.406371e-02
6.58750,0.676524,0.643355,4.961398e-01,2.765294e-01,9.670944e-01,1.311422e-01,4.833475e-03,-7.446619e-03,1.850095e-02,6.406489e-02
6.59000,0.676230,0.642986,4.951727e-01,2.761007e-01,9.668917e-01,1.311356e-01,4.803543e-03,-7.467736e-03,1.850236e-02,6.406607e-02
6.59250,0.675936,0.642618,4.942072e-01,2.756728e-01,9.666899e-01,1.311290e-01,4.773445e-03,-7.488771e-03,1.850376e-02,6.406725e-02
6.59500,0.675641,0.642251,4.932432e-01,2.752457e-01,9.664893e-01,1.311224e-01,4.743323e-03,-7.509591e-03,1.850514e-02,6.406843e-02
6.59750,0.675345,0.641885,4.922807e-01,2.748192e-01,9.662904e-01,1.311158e-01,4.713441e-03,-7.530222e-03,1.850653e-02,6.406961e-02
6.60000,0.675050,0.641519,4.913197e-01,2.743935e-01,9.660937e-01,1.311091e-01,4.683852e-03,-7.550721e-03,1.850794e-02,6.407078e-02
6.60250,0.674753,0.641154,4.903602e-01,2.739686e-01,9.658994e-01,1.311024e-01,4.654381e-03,-7.571045e-03,1.850936e-02,6.407195e-02
6.60500,0.674456,0.640790,4.894023e-01,2.735444e-01,9.657073e-01,1.310958e-01,4.625148e-03,-7.591098e-03,1.851081e-02,6.407311e-02
6.60750,0.674159,0.640427,4.884459e-01,2.731210e-01,9.655173e-01,1.310891e-01,4.596323e-03,-7.610880e-03,1.851230e-02,6.407427e-02
6.61000,0.673861,0.640064,4.874910e-01,2.726983e-01,9.653294e-01,1.310824e-01,4.568081e-03,-7.630380e-03,1.851383e-02,6.407543e-02
6.61250,0.673563,0.639702,4.865376e-01,2.722764e-01,9.651435e-01,1.310757e-01,4.540047e-03,-7.649779e-03,1.851540e-02,6.407659e-02
6.61500,0.673264,0.639341,4.856092e-01,2.718553e-01,9.649596e-01,1.310689e-01,4.512022e-03,-7.668991e-03,1.851697e-02,6.407774e-02
6.61750,0.672965,0.638980,4.846848e-01,2.714349e-01,9.647775e-01,1.310622e-01,4.484409e-03,-7.687762e-03,1.851857e-02,6.407889e-02
6.62000,0.672665,0.638621,4.837619e-01,2.710154e-01,9.645971e-01,1.310555e-01,4.457596e-03,-7.706104e-03,1.852023e-02,6.408004e-02
6.62250,0.672365,0.638262,4.828406e-01,2.705966e-01,9.644186e-01,1.310487e-01,4.431629e-03,-7.724141e-03,1.852195e-02,6.408118e-02
6.62500,0.672065,0.637904,4.819207e-01,2.701786e-01,9.642418e-01,1.310419e-01,4.406152e-03,-7.742092e-03,1.852374e-02,6.408233e-02
6.62750,0.671764,0.637546,4.810024e-01,2.697614e-01,9.640667e-01,1.310352e-01,4.381193e-03,-7.759875e-03,1.852559e-02,6.408347e-02
6.63000,0.671462,0.637190,4.800856e-01,2.693449e-01,9.638928e-01,1.310284e-01,4.356721e-03,-7.777302e-03,1.852747e-02,6.408461e-02
6.63250,0.671160,0.636834,4.791703e-01,2.689293e-01,9.637199e-01,1.310216e-01,4.332508e-03,-7.794446e-03,1.852940e-02,6.408575e-02
6.63500,0.670858,0.636479,4.782565e-01,2.685145e-01,9.635476e-01,1.310148e-01,4.308411e-03,-7.811491e-03,1.853135e-02,6.408689e-02
6.63750,0.670555,0.636124,4.773443e-01,2.681005e-01,9.633757e-01,1.310080e-01,4.284628e-03,-7.828315e-03,1.853331e-02,6.408803e-02
6.64000,0.670252,0.635771,4.764336e-01,2.676873e-01,9.632044e-01,1.310012e-01,4.261120e-03,-7.844886e-03,1.853529e-02,6.408916e-02
6.64250,0.669948,0.635418,4.755244e-01,2.672750e-01,9.630336e-01,1.309944e-01,4.237598e-03,-7.861274e-03,1.853727e-02,6.409029e-02
6.64500,0.669644,0.635066,4.746167e-01,2.668634e-01,9.628633e-01,1.309875e-01,4.213791e-03,-7.877459e-03,1.853924e-02,6.409143e-02
6.64750,0.669340,0.634715,4.737105e-01,2.664527e-01,9.626935e-01,1.309807e-01,4.189759e-03,-7.893402e-03,1.854118e-02,6.409255e-02
6.65000,0.669035,0.634364,4.728059e-01,2.660428e-01,9.625239e-01,1.309738e-01,4.165599e-03,-7.909058e-03,1.854310e-02,6.409368e-02
6.65250,0.668730,0.634015,4.719028e-01,2.656338e-01,9.623542e-01,1.309670e-01,4.141132e-03,-7.924656e-03,1.854500e-02,6.409479e-02
6.65500,0.668424,0.633666,4.710012e-01,2.652256e-01,9.621843e-01,1.309601e-01,4.116649e-03,-7.940279e-03,1.854689e-02,6.409591e-02
6.65750,0.668118,0.633318,4.701012e-01,2.648182e-01,9.620144e-01,1.309533e-01,4.092233e-03,-7.955783e-03,1.854877e-02,6.409701e-02
6.66000,0.667811,0.632970,4.692027e-01,2.644116e-01,9.618446e-01,1.309464e-01,4.067782e-03,-7.971002e-03,1.855062e-02,6.409812e-02
6.66250,0.667504,0.632624,4.683057e-01,2.640060e-01,9.616753e-01,1.309395e-01,4.043633e-03,-7.985912e-03,1.855249e-02,6.409921e-02
6.66500,0.667197,0.632278,4.674364e-01,2.636011e-01,9.615066e-01,1.309326e-01,4.019732e-03,-8.000673e-03,1.855436e-02,6.410030e-02
6.66750,0.666889,0.631933,4.665695e-01,2.631972e-01,9.613389e-01,1.309257e-01,3.995916e-03,-8.015303e-03,1.855624e-02,6.410137e-02
6.67000,0.666581,0.631589,4.657040e-01,2.627941e-01,9.611725e-01,1.309189e-01,3.972003e-03,-8.029810e-03,1.855810e-02,6.410244e-02
6.67250,0.666272,0.631246,4.648400e-01,2.623918e-01,9.610079e-01,1.309120e-01,3.948069e-03,-8.044120e-03,1.855996e-02,6.410350e-02
6.67500,0.665963,0.630903,4.639774e-01,2.619905e-01,9.608453e-01,1.309051e-01,3.924045e-03,-8.058192e-03,1.856181e-02,6.410454e-02
6.67750,0.665654,0.630561,4.631164e-01,2.615900e-01,9.606845e-01,1.308981e-01,3.899844e-03,-8.072155e-03,1.856364e-02,6.410558e-02
6.68000,0.665344,0.630220,4.622567e-01,2.611903e-01,9.605255e-01,1.308912e-01,3.875837e-03,-8.085967e-03,1.856548e-02,6.410660e-02
6.68250,0.665034,0.629880,4.613985e-01,2.607916e-01,9.603679e-01,1.308843e-01,3.852304e-03,-8.099649e-03,1.856734e-02,6.410761e-02
6.68500,0.664723,0.629541,4.605418e-01,2.603937e-01,9.602118e-01,1.308774e-01,3.829392e-03,-8.113058e-03,1.856924e-02,6.410861e-02
6.68750,0.664412,0.629202,4.596865e-01,2.599968e-01,9.600574e-01,1.308705e-01,3.806779e-03,-8.126234e-03,1.857118e-02,6.410959e-02
6.69000,0.664101,0.628864,4.588326e-01,2.596007e-01,9.599049e-01,1.308636e-01,3.784350e-03,-8.139282e-03,1.857315e-02,6.411057e-02
6.69250,0.663789,0.628527,4.579802e-01,2.592055e-01,9.597543e-01,1.308566e-01,3.762278e-03,-8.152104e-03,1.857514e-02,6.411153e-02
6.69500,0.663477,0.628191,4.571291e-01,2.588112e-01,9.596054e-01,1.308497e-01,3.740374e-03,-8.164827e-03,1.857717e-02,6.411248e-02
6.69750,0.663164,0.627856,4.562796e-01,2.584178e-01,9.594579e-01,1.308428e-01,3.718458e-03,-8.177565e-03,1.857920e-02,6.411341e-02
6.70000,0.662851,0.627521,4.554314e-01,2.580254e-01,9.593115e-01,1.308358e-01,3.696586e-03,-8.190216e-03,1.858124e-02,6.411434e-02
6.70250,0.662538,0.627187,4.545847e-01,2.576338e-01,9.591660e-01,1.308289e-01,3.675024e-03,-8.202643e-03,1.858330e-02,6.411525e-02
6.70500,0.662225,0.626854,4.537393e-01,2.572431e-01,9.590216e-01,1.308220e-01,3.654109e-03,-8.214804e-03,1.858541e-02,6.411615e-02
6.70750,0.661911,0.626522,4.528954e-01,2.568534e-01,9.588783e-01,1.308150e-01,3.633416e-03,-8.226922e-03,1.858755e-02,6.411704e-02
6.71000,0.661596,0.626191,4.520529e-01,2.564646e-01,9.587358e-01,1.308081e-01,3.613168e-03,-8.238907e-03,1.858973e-02,6.411791e-02
6.71250,0.661281,0.625860,4.512117e-01,2.560766e-01,9.585940e-01,1.308011e-01,3.593379e-03,-8.250676e-03,1.859196e-02,6.411878e-02
6.71500,0.660966,0.625531,4.503720e-01,2.556897e-01,9.584524e-01,1.307942e-01,3.574018e-03,-8.262234e-03,1.859422e-02,6.411963e-02
6.71750,0.660651,0.625202,4.495337e-01,2.553036e-01,9.583110e-01,1.307872e-01,3.554892e-03,-8.273598e-03,1.859650e-02,6.412048e-02
6.72000,0.660335,0.624874,4.486967e-01,2.549185e-01,9.581696e-01,1.307803e-01,3.535568e-03,-8.284914e-03,1.859879e-02,6.412131e-02
6.72250,0.660019,0.624547,4.478612e-01,2.545343e-01,9.580285e-01,1.307733e-01,3.516172e-03,-8.296153e-03,1.860107e-02,6.412213e-02
6.72500,0.659702,0.624220,4.470327e-01,2.541510e-01,9.578873e-01,1.307664e-01,3.496798e-03,-8.307324e-03,1.860335e-02,6.412294e-02
6.72750,0.659385,0.623894,4.462262e-01,2.537687e-01,9.577457e-01,1.307594e-01,3.477379e-03,-8.318477e-03,1.860562e-02,6.412374e-02
6.73000,0.659068,0.623570,4.454209e-01,2.533874e-01,9.576034e-01,1.307525e-01,3.458017e-03,-8.329418e-03,1.860788e-02,6.412453e-02
6.73250,0.658751,0.623246,4.446170e-01,2.530069e-01,9.574603e-01,1.307455e-01,3.438665e-03,-8.340054e-03,1.861012e-02,6.412531e-02
6.73500,0.658433,0.622923,4.438143e-01,2.526275e-01,9.573166e-01,1.307386e-01,3.419052e-03,-8.350340e-03,1.861235e-02,6.412607e-02
6.73750,0.658114,0.622600,4.430129e-01,2.522490e-01,9.571731e-01,1.307316e-01,3.399168e-03,-8.360443e-03,1.861454e-02,6.412682e-02
6.74000,0.657796,0.622279,4.422128e-01,2.518714e-01,9.570302e-01,1.307247e-01,3.379212e-03,-8.370526e-03,1.861671e-02,6.412756e-02
6.74250,0.657477,0.621958,4.414140e-01,2.514948e-01,9.568886e-01,1.307178e-01,3.359290e-03,-8.380604e-03,1.861887e-02,6.412829e-02
6.74500,0.657157,0.621638,4.406165e-01,2.511192e-01,9.567483e-01,1.307108e-01,3.339101e-03,-8.390667e-03,1.862100e-02,6.412900e-02
6.74750,0.656838,0.621319,4.398203e-01,2.507445e-01,9.566094e-01,1.307039e-01,3.318651e-03,-8.400619e-03,1.862310e-02,6.412970e-02
6.75000,0.656518,0.621001,4.390253e-01,2.503708e-01,9.564721e-01,1.306969e-01,3.298329e-03,-8.410218e-03,1.862519e-02,6.413039e-02
6.75250,0.656197,0.620684,4.382316e-01,2.499980e-01,9.563364e-01,1.306900e-01,3.278247e-03,-8.419527e-03,1.862728e-02,6.413106e-02
6.75500,0.655877,0.620367,4.374392e-01,2.496263e-01,9.562027e-01,1.306831e-01,3.258309e-03,-8.428725e-03,1.862936e-02,6.413172e-02
6.75750,0.655556,0.620051,4.366480e-01,2.492555e-01,9.560712e-01,1.306761e-01,3.238504e-03,-8.437730e-03,1.863144e-02,6.413237e-02
6.76000,0.655234,0.619737,4.358581e-01,2.488857e-01,9.559418e-01,1.306692e-01,3.218834e-03,-8.446527e-03,1.863351e-02,6.413300e-02
6.76250,0.654913,0.619423,4.350695e-01,2.485169e-01,9.558141e-01,1.306623e-01,3.199244e-03,-8.455210e-03,1.863558e-02,6.413361e-02
6.76500,0.654591,0.619109,4.342821e-01,2.481490e-01,9.556883e-01,1.306554e-01,3.179760e-03,-8.463678e-03,1.863765e-02,6.413421e-02
6.76750,0.654268,0.618797,4.334960e-01,2.477822e-01,9.555641e-01,1.306484e-01,3.160453e-03,-8.471885e-03,1.863972e-02,6.413479e-02
6.77000,0.653946,0.618486,4.327111e-01,2.474163e-01,9.554419e-01,1.306415e-01,3.141149e-03,-8.480004e-03,1.864178e-02,6.413535e-02
6.77250,0.653623,0.618175,4.319275e-01,2.470515e-01,9.553217e-01,1.306346e-01,3.121750e-03,-8.488099e-03,1.864382e-02,6.413590e-02
6.77500,0.653300,0.617865,4.311451e-01,2.466876e-01,9.552036e-01,1.306277e-01,3.102401e-03,-8.496022e-03,1.864587e-02,6.413643e-02
6.77750,0.652976,0.617556,4.303639e-01,2.463247e-01,9.550872e-01,1.306208e-01,3.083078e-03,-8.503772e-03,1.864791e-02,6.413694e-02
6.78000,0.652652,0.617248,4.295840e-01,2.459629e-01,9.549722e-01,1.306139e-01,3.064054e-03,-8.511346e-03,1.864996e-02,6.413743e-02
6.78250,0.652328,0.616941,4.288052e-01,2.456020e-01,9.548582e-01,1.306070e-01,3.045737e-03,-8.518724e-03,1.865205e-02,6.413791e-02
6.78500,0.652004,0.616634,4.280277e-01,2.452422e-01,9.547450e-01,1.306001e-01,3.027902e-03,-8.526068e-03,1.865418e-02,6.413837e-02
6.78750,0.651679,0.616329,4.272514e-01,2.448833e-01,9.546328e-01,1.305932e-01,3.010284e-03,-8.533378e-03,1.865633e-02,6.413881e-02
6.79000,0.651354,0.616024,4.264763e-01,2.445255e-01,9.545216e-01,1.305863e-01,2.992659e-03,-8.540544e-03,1.865847e-02,6.413924e-02
6.79250,0.651028,0.615720,4.257025e-01,2.441687e-01,9.544115e-01,1.305794e-01,2.975166e-03,-8.547521e-03,1.866063e-02,6.413965e-02
6.79500,0.650703,0.615417,4.249298e-01,2.438129e-01,9.543022e-01,1.305726e-01,2.957867e-03,-8.554336e-03,1.866279e-02,6.414004e-02
6.79750,0.650377,0.615115,4.241583e-01,2.434581e-01,9.541935e-01,1.305657e-01,2.940785e-03,-8.561035e-03,1.866496e-02,6.414041e-02
6.80000,0.650050,0.614813,4.233880e-01,2.431044e-01,9.540850e-01,1.305588e-01,2.923678e-03,-8.567690e-03,1.866713e-02,6.414077e-02
6.80250,0.649724,0.614513,4.226189e-01,2.427516e-01,9.539767e-01,1.305520e-01,2.906509e-03,-8.574308e-03,1.866929e-02,6.414111e-02
6.80500,0.649397,0.614213,4.218510e-01,2.423999e-01,9.538684e-01,1.305451e-01,2.889385e-03,-8.581010e-03,1.867146e-02,6.414143e-02
6.80750,0.649070,0.613914,4.210843e-01,2.420493e-01,9.537606e-01,1.305383e-01,2.872413e-03,-8.587715e-03,1.867364e-02,6.414174e-02
6.81000,0.648742,0.613616,4.203188e-01,2.416996e-01,9.536536e-01,1.305314e-01,2.855809e-03,-8.594268e-03,1.867584e-02,6.414203e-02
6.81250,0.648414,0.613319,4.195545e-01,2.413510e-01,9.535478e-01,1.305246e-01,2.839592e-03,-8.600683e-03,1.867807e-02,6.414230e-02
6.81500,0.648086,0.613023,4.187914e-01,2.410035e-01,9.534432e-01,1.305178e-01,2.823806e-03,-8.606938e-03,1.868032e-02,6.414256e-02
6.81750,0.647758,0.612727,4.180294e-01,2.406570e-01,9.533398e-01,1.305109e-01,2.808242e-03,-8.613059e-03,1.868260e-02,6.414280e-02
6.82000,0.647429,0.612433,4.172802e-01,2.403115e-01,9.532378e-01,1.305041e-01,2.792817e-03,-8.619065e-03,1.868488e-02,6.414302e-02
6.82250,0.647100,0.612139,4.165443e-01,2.399671e-01,9.531374e-01,1.304973e-01,2.777545e-03,-8.624984e-03,1.868717e-02,6.414322e-02
6.82500,0.646771,0.611846,4.158095e-01,2.396237e-01,9.530388e-01,1.304905e-01,2.762476e-03,-8.630817e-03,1.868948e-02,6.414341e-02
6.82750,0.646442,0.611554,4.150758e-01,2.392813e-01,9.529419e-01,1.304837e-01,2.747469e-03,-8.636550e-03,1.869179e-02,6.414358e-02
6.83000,0.646112,0.611263,4.143431e-01,2.389400e-01,9.528468e-01,1.304769e-01,2.732500e-03,-8.642264e-03,1.869410e-02,6.414373e-02
6.83250,0.645782,0.610972,4.136116e-01,2.385998e-01,9.527532e-01,1.304701e-01,2.717381e-03,-8.647963e-03,1.869639e-02,6.414387e-02
6.83500,0.645452,0.610683,4.128812e-01,2.382606e-01,9.526608e-01,1.304634e-01,2.702031e-03,-8.653576e-03,1.869865e-02,6.414398e-02
6.83750,0.645121,0.610394,4.121518e-01,2.379225e-01,9.525694e-01,1.304566e-01,2.686532e-03,-8.659033e-03,1.870088e-02,6.414408e-02
6.84000,0.644790,0.610107,4.114235e-01,2.375855e-01,9.524790e-01,1.304498e-01,2.671067e-03,-8.664254e-03,1.870310e-02,6.414416e-02
6.84250,0.644459,0.609820,4.106963e-01,2.372495e-01,9.523895e-01,1.304431e-01,2.655764e-03,-8.669221e-03,1.870532e-02,6.414422e-02
6.84500,0.644128,0.609534,4.099701e-01,2.369145e-01,9.523011e-01,1.304363e-01,2.640510e-03,-8.674085e-03,1.870754e-02,6.414427e-02
6.84750,0.643796,0.609248,4.092450e-01,2.365807e-01,9.522136e-01,1.304296e-01,2.625233e-03,-8.678936e-03,1.870975e-02,6.414429e-02
6.85000,0.643464,0.608964,4.085210e-01,2.362479e-01,9.521272e-01,1.304229e-01,2.609890e-03,-8.683830e-03,1.871195e-02,6.414430e-02
6.85250,0.643132,0.608681,4.077979e-01,2.359161e-01,9.520414e-01,1.304161e-01,2.594519e-03,-8.688656e-03,1.871413e-02,6.414428e-02
6.85500,0.642799,0.608398,4.070760e-01,2.355855e-01,9.519563e-01,1.304094e-01,2.579159e-03,-8.693264e-03,1.871630e-02,6.414425e-02
6.85750,0.642467,0.608116,4.063550e-01,2.352559e-01,9.518714e-01,1.304027e-01,2.563796e-03,-8.697588e-03,1.871846e-02,6.414420e-02
6.86000,0.642134,0.607836,4.056351e-01,2.349274e-01,9.517868e-01,1.303960e-01,2.548393e-03,-8.701677e-03,1.872061e-02,6.414413e-02
6.86250,0.641801,0.607555,4.049162e-01,2.346000e-01,9.517024e-01,1.303893e-01,2.533005e-03,-8.705668e-03,1.872275e-02,6.414405e-02
6.86500,0.641467,0.607276,4.041983e-01,2.342736e-01,9.516181e-01,1.303827e-01,2.517592e-03,-8.709641e-03,1.872486e-02,6.414394e-02
6.86750,0.641133,0.606998,4.034814e-01,2.339484e-01,9.515338e-01,1.303760e-01,2.502040e-03,-8.713581e-03,1.872695e-02,6.414381e-02
6.87000,0.640799,0.606721,4.027655e-01,2.336242e-01,9.514494e-01,1.303693e-01,2.486511e-03,-8.717491e-03,1.872903e-02,6.414367e-02
6.87250,0.640465,0.606444,4.020506e-01,2.333011e-01,9.513650e-01,1.303627e-01,2.470934e-03,-8.721337e-03,1.873109e-02,6.414351e-02
6.87500,0.640131,0.606168,4.013368e-01,2.329791e-01,9.512805e-01,1.303560e-01,2.455380e-03,-8.725022e-03,1.873315e-02,6.414333e-02
6.87750,0.639796,0.605894,4.006265e-01,2.326582e-01,9.511962e-01,1.303494e-01,2.439834e-03,-8.728536e-03,1.873520e-02,6.414312e-02
6.88000,0.639461,0.605620,3.999370e-01,2.323384e-01,9.511126e-01,1.303428e-01,2.424294e-03,-8.732000e-03,1.873723e-02,6.414291e-02
6.88250,0.639126,0.605346,3.992485e-01,2.320197e-01,9.510300e-01,1.303362e-01,2.408853e-03,-8.735410e-03,1.873925e-02,6.414267e-02
6.88500,0.638790,0.605074,3.985609e-01,2.317021e-01,9.509486e-01,1.303296e-01,2.393515e-03,-8.738686e-03,1.874126e-02,6.414241e-02
6.88750,0.638454,0.604803,3.978743e-01,2.313855e-01,9.508686e-01,1.303230e-01,2.378236e-03,-8.741789e-03,1.874326e-02,6.414214e-02
6.89000,0.638118,0.604532,3.971885e-01,2.310701e-01,9.507901e-01,1.303164e-01,2.363081e-03,-8.744752e-03,1.874527e-02,6.414184e-02
6.89250,0.637782,0.604263,3.965037e-01,2.307558e-01,9.507130e-01,1.303098e-01,2.347942e-03,-8.747605e-03,1.874728e-02,6.414153e-02
6.89500,0.637446,0.603994,3.958198e-01,2.304426e-01,9.506375e-01,1.303033e-01,2.332605e-03,-8.750338e-03,1.874929e-02,6.414119e-02
6.89750,0.637109,0.603726,3.951368e-01,2.301305e-01,9.505637e-01,1.302967e-01,2.317202e-03,-8.753037e-03,1.875128e-02,6.414084e-02
6.90000,0.636772,0.603459,3.944548e-01,2.298194e-01,9.504915e-01,1.302902e-01,2.301935e-03,-8.755725e-03,1.875327e-02,6.414046e-02
6.90250,0.636435,0.603193,3.937736e-01,2.295095e-01,9.504210e-01,1.302836e-01,2.287048e-03,-8.758293e-03,1.875526e-02,6.414007e-02
6.90500,0.636098,0.602928,3.930934e-01,2.292008e-01,9.503524e-01,1.302771e-01,2.272339e-03,-8.760604e-03,1.875727e-02,6.413966e-02
6.90750,0.635760,0.602663,3.924140e-01,2.288931e-01,9.502856e-01,1.302706e-01,2.257760e-03,-8.762640e-03,1.875928e-02,6.413923e-02
6.91000,0.635422,0.602400,3.917355e-01,2.285865e-01,9.502207e-01,1.302641e-01,2.243315e-03,-8.764458e-03,1.876130e-02,6.413878e-02
6.91250,0.635084,0.602137,3.910579e-01,2.282811e-01,9.501575e-01,1.302576e-01,2.228959e-03,-8.766190e-03,1.876334e-02,6.413830e-02
6.91500,0.634746,0.601875,3.903812e-01,2.279767e-01,9.500960e-01,1.302511e-01,2.214653e-03,-8.767997e-03,1.876537e-02,6.413781e-02
6.91750,0.634407,0.601614,3.897053e-01,2.276735e-01,9.500359e-01,1.302447e-01,2.200473e-03,-8.769994e-03,1.876740e-02,6.413730e-02
6.92000,0.634069,0.601354,3.890303e-01,2.273715e-01,9.499771e-01,1.302382e-01,2.186524e-03,-8.772058e-03,1.876944e-02,6.413677e-02
6.92250,0.633730,0.601095,3.883562e-01,2.270705e-01,9.499196e-01,1.302318e-01,2.172708e-03,-8.773988e-03,1.877148e-02,6.413622e-02
6.92500,0.633390,0.600836,3.876829e-01,2.267706e-01,9.498632e-01,1.302253e-01,2.158942e-03,-8.775682e-03,1.877351e-02,6.413565e-02
6.92750,0.633051,0.600579,3.870105e-01,2.264719e-01,9.498079e-01,1.302189e-01,2.145327e-03,-8.777166e-03,1.877555e-02,6.413506e-02
6.93000,0.632711,0.600322,3.863389e-01,2.261743e-01,9.497537e-01,1.302125e-01,2.131752e-03,-8.778459e-03,1.877760e-02,6.413445e-02
6.93250,0.632372,0.600067,3.856682e-01,2.258779e-01,9.497005e-01,1.302061e-01,2.118108e-03,-8.779785e-03,1.877963e-02,6.413382e-02
6.93500,0.632032,0.599812,3.849983e-01,2.255826e-01,9.496482e-01,1.301997e-01,2.104475e-03,-8.781326e-03,1.878166e-02,6.413317e-02
6.93750,0.631691,0.599558,3.843292e-01,2.252884e-01,9.495968e-01,1.301933e-01,2.090967e-03,-8.783075e-03,1.878369e-02,6.413251e-02
6.94000,0.631351,0.599305,3.836610e-01,2.249953e-01,9.495462e-01,1.301869e-01,2.077633e-03,-8.784884e-03,1.878572e-02,6.413182e-02
6.94250,0.631010,0.599052,3.829936e-01,2.247034e-01,9.494962e-01,1.301806e-01,2.064322e-03,-8.786608e-03,1.878775e-02,6.413111e-02
6.94500,0.630669,0.598801,3.823271e-01,2.244126e-01,9.494469e-01,1.301742e-01,2.051042e-03,-8.788212e-03,1.878978e-02,6.413038e-02
6.94750,0.630328,0.598550,3.816614e-01,2.241229e-01,9.493983e-01,1.301679e-01,2.037804e-03,-8.789680e-03,1.879180e-02,6.412963e-02
6.95000,0.629987,0.598301,3.809966e-01,2.238344e-01,9.493506e-01,1.301616e-01,2.024672e-03,-8.791049e-03,1.879383e-02,6.412886e-02
6.95250,0.629645,0.598052,3.803325e-01,2.235470e-01,9.493038e-01,1.301553e-01,2.011809e-03,-8.792430e-03,1.879585e-02,6.412807e-02
6.95500,0.629304,0.597804,3.796693e-01,2.232608e-01,9.492579e-01,1.301490e-01,1.999175e-03,-8.793822e-03,1.879788e-02,6.412727e-02
6.95750,0.628962,0.597557,3.790070e-01,2.229757e-01,9.492130e-01,1.301427e-01,1.986628e-03,-8.795319e-03,1.879991e-02,6.412644e-02
6.96000,0.628620,0.597311,3.783454e-01,2.226918e-01,9.491689e-01,1.301364e-01,1.974051e-03,-8.796724e-03,1.880193e-02,6.412559e-02
6.96250,0.628277,0.597066,3.776847e-01,2.224090e-01,9.491256e-01,1.301302e-01,1.961501e-03,-8.797924e-03,1.880394e-02,6.412472e-02
6.96500,0.627935,0.596821,3.770248e-01,2.221273e-01,9.490833e-01,1.301239e-01,1.948915e-03,-8.798903e-03,1.880594e-02,6.412384e-02
6.96750,0.627592,0.596578,3.763657e-01,2.218468e-01,9.490419e-01,1.301177e-01,1.936362e-03,-8.799607e-03,1.880793e-02,6.412293e-02
6.97000,0.627249,0.596335,3.757075e-01,2.215675e-01,9.490015e-01,1.301115e-01,1.924006e-03,-8.800216e-03,1.880991e-02,6.412200e-02
6.97250,0.626906,0.596093,3.750500e-01,2.212893e-01,9.489621e-01,1.301053e-01,1.911951e-03,-8.800775e-03,1.881189e-02,6.412106e-02
6.97500,0.626563,0.595852,3.743933e-01,2.210122e-01,9.489236e-01,1.300991e-01,1.900207e-03,-8.801310e-03,1.881388e-02,6.412010e-02
6.97750,0.626219,0.595612,3.737374e-01,2.207364e-01,9.488859e-01,1.300929e-01,1.888607e-03,-8.801910e-03,1.881586e-02,6.411911e-02
6.98000,0.625875,0.595373,3.730823e-01,2.204616e-01,9.488487e-01,1.300867e-01,1.876933e-03,-8.802538e-03,1.881784e-02,6.411811e-02
6.98250,0.625532,0.595135,3.724280e-01,2.201880e-01,9.488119e-01,1.300806e-01,1.865087e-03,-8.803140e-03,1.881981e-02,6.411709e-02
6.98500,0.625187,0.594897,3.717744e-01,2.199156e-01,9.487755e-01,1.300744e-01,1.853139e-03,-8.803658e-03,1.882177e-02,6.411604e-02
6.98750,0.624843,0.594661,3.711216e-01,2.196444e-01,9.487395e-01,1.300683e-01,1.841187e-03,-8.804025e-03,1.882371e-02,6.411498e-02
6.99000,0.624499,0.594425,3.704696e-01,2.193743e-01,9.487039e-01,1.300622e-01,1.829414e-03,-8.804302e-03,1.882565e-02,6.411390e-02
6.99250,0.624154,0.594190,3.698184e-01,2.191053e-01,9.486688e-01,1.300561e-01,1.817742e-03,-8.804562e-03,1.882757e-02,6.411281e-02
6.99500,0.623809,0.593956,3.691679e-01,2.188376e-01,9.486342e-01,1.300500e-01,1.806074e-03,-8.804778e-03,1.882946e-02,6.411169e-02
6.99750,0.623464,0.593723,3.685182e-01,2.185709e-01,9.486002e-01,1.300439e-01,1.794347e-03,-8.804871e-03,1.883135e-02,6.411056e-02
7.00000,0.623119,0.593491,3.678692e-01,2.183055e-01,9.485667e-01,1.300378e-01,1.782443e-03,-8.804843e-03,1.883321e-02,6.410941e-02
7.00250,0.622774,0.593260,3.672403e-01,2.180412e-01,9.485337e-01,1.300318e-01,1.770339e-03,-8.804731e-03,1.883506e-02,6.410824e-02
7.00500,0.622428,0.593029,3.666124e-01,2.177781e-01,9.485009e-01,1.300257e-01,1.758113e-03,-8.804514e-03,1.883689e-02,6.410705e-02
7.00750,0.622083,0.592799,3.659852e-01,2.175162e-01,9.484685e-01,1.300197e-01,1.745917e-03,-8.804230e-03,1.883872e-02,6.410584e-02
7.01000,0.621737,0.592571,3.653586e-01,2.172554e-01,9.484364e-01,1.300137e-01,1.733820e-03,-8.803900e-03,1.884054e-02,6.410462e-02
7.01250,0.621391,0.592343,3.647327e-01,2.169958e-01,9.484048e-01,1.300077e-01,1.721887e-03,-8.803532e-03,1.884236e-02,6.410338e-02
7.01500,0.621044,0.592116,3.641075e-01,2.167373e-01,9.483741e-01,1.300017e-01,1.710049e-03,-8.803104e-03,1.884418e-02,6.410212e-02
7.01750,0.620698,0.591890,3.634830e-01,2.164801e-01,9.483443e-01,1.299957e-01,1.698283e-03,-8.802556e-03,1.884600e-02,6.410084e-02
7.02000,0.620351,0.591665,3.628592e-01,2.162240e-01,9.483157e-01,1.299897e-01,1.686533e-03,-8.801836e-03,1.884782e-02,6.409955e-02
7.02250,0.620004,0.591440,3.622360e-01,2.159691e-01,9.482880e-01,1.299838e-01,1.674766e-03,-8.800998e-03,1.884964e-02,6.409824e-02
7.02500,0.619658,0.591217,3.616135e-01,2.157153e-01,9.482615e-01,1.299779e-01,1.662959e-03,-8.800027e-03,1.885145e-02,6.409690e-02
7.02750,0.619310,0.590994,3.609916e-01,2.154628e-01,9.482363e-01,1.299719e-01,1.651160e-03,-8.798974e-03,1.885326e-02,6.409555e-02
7.03000,0.618963,0.590773,3.603704e-01,2.152114e-01,9.482126e-01,1.299660e-01,1.639341e-03,-8.797927e-03,1.885507e-02,6.409419e-02
7.03250,0.618616,0.590552,3.597499e-01,2.149612e-01,9.481904e-01,1.299601e-01,1.627511e-03,-8.796900e-03,1.885687e-02,6.409280e-02
7.03500,0.618268,0.590332,3.591300e-01,2.147122e-01,9.481699e-01,1.299543e-01,1.615734e-03,-8.795816e-03,1.885866e-02,6.409139e-02
7.03750,0.617920,0.590113,3.585107e-01,2.144643e-01,9.481508e-01,1.299484e-01,1.603950e-03,-8.794627e-03,1.886044e-02,6.408997e-02
7.04000,0.617572,0.589894,3.578921e-01,2.142177e-01,9.481334e-01,1.299425e-01,1.592095e-03,-8.793302e-03,1.886221e-02,6.408853e-02
7.04250,0.617224,0.589677,3.572741e-01,2.139722e-01,9.481174e-01,1.299367e-01,1.580221e-03,-8.791795e-03,1.886397e-02,6.408707e-02
7.04500,0.616876,0.589460,3.566567e-01,2.137279e-01,9.481027e-01,1.299309e-01,1.568279e-03,-8.790185e-03,1.886573e-02,6.408560e-02
7.04750,0.616528,0.589245,3.560399e-01,2.134848e-01,9.480891e-01,1.299251e-01,1.556297e-03,-8.788582e-03,1.886749e-02,6.408410e-02
7.05000,0.616179,0.589030,3.554238e-01,2.132428e-01,9.480767e-01,1.299193e-01,1.544332e-03,-8.787002e-03,1.886924e-02,6.408259e-02
7.05250,0.615830,0.588816,3.548083e-01,2.130021e-01,9.480653e-01,1.299135e-01,1.532425e-03,-8.785511e-03,1.887100e-02,6.408106e-02
7.05500,0.615481,0.588603,3.541934e-01,2.127625e-01,9.480552e-01,1.299077e-01,1.520568e-03,-8.784080e-03,1.887274e-02,6.407951e-02
7.05750,0.615132,0.588391,3.535791e-01,2.125242e-01,9.480462e-01,1.299020e-01,1.508739e-03,-8.782650e-03,1.887448e-02,6.407795e-02
7.06000,0.614783,0.588180,3.529655e-01,2.122870e-01,9.480384e-01,1.298962e-01,1.496943e-03,-8.781152e-03,1.887622e-02,6.407636e-02
7.06250,0.614434,0.587969,3.523524e-01,2.120510e-01,9.480318e-01,1.298905e-01,1.485080e-03,-8.779593e-03,1.887794e-02,6.407476e-02
7.06500,0.614084,0.587760,3.517400e-01,2.118162e-01,9.480262e-01,1.298848e-01,1.473196e-03,-8.777966e-03,1.887965e-02,6.407314e-02
7.06750,0.613735,0.587551,3.511282e-01,2.115826e-01,9.480213e-01,1.298791e-01,1.461267e-03,-8.776327e-03,1.888135e-02,6.407150e-02
7.07000,0.613385,0.587343,3.505170e-01,2.113502e-01,9.480170e-01,1.298734e-01,1.449298e-03,-8.774758e-03,1.888304e-02,6.406985e-02
7.07250,0.613035,0.587136,3.499064e-01,2.111189e-01,9.480131e-01,1.298677e-01,1.437421e-03,-8.773298e-03,1.888473e-02,6.406817e-02
7.07500,0.612685,0.586930,3.492964e-01,2.108889e-01,9.480095e-01,1.298620e-01,1.425729e-03,-8.771927e-03,1.888642e-02,6.406648e-02
7.07750,0.612335,0.586725,3.486870e-01,2.106601e-01,9.480062e-01,1.298564e-01,1.414181e-03,-8.770569e-03,1.888810e-02,6.406477e-02
7.08000,0.611984,0.586521,3.480782e-01,2.104324e-01,9.480004e-01,1.298508e-01,1.402708e-03,-8.769119e-03,1.888978e-02,6.406304e-02
7.08250,0.611634,0.586318,3.474700e-01,2.102060e-01,9.478917e-01,1.298451e-01,1.391259e-03,-8.767539e-03,1.889145e-02,6.406130e-02
7.08500,0.611283,0.586115,3.468623e-01,2.099807e-01,9.477839e-01,1.298395e-01,1.379830e-03,-8.765851e-03,1.889311e-02,6.405953e-02
7.08750,0.610932,0.585913,3.462553e-01,2.097566e-01,9.476771e-01,1.298340e-01,1.368461e-03,-8.764026e-03,1.889476e-02,6.405775e-02
7.09000,0.610581,0.585712,3.456488e-01,2.095338e-01,9.475715e-01,1.298284e-01,1.357045e-03,-8.762177e-03,1.889640e-02,6.405595e-02
7.09250,0.610230,0.585512,3.450430e-01,2.093121e-01,9.474671e-01,1.298228e-01,1.345550e-03,-8.760386e-03,1.889803e-02,6.405414e-02
7.09500,0.609879,0.585313,3.444377e-01,2.090917e-01,9.473639e-01,1.298173e-01,1.334102e-03,-8.758679e-03,1.889965e-02,6.405230e-02
7.09750,0.609528,0.585115,3.438329e-01,2.088724e-01,9.472620e-01,1.298118e-01,1.322877e-03,-8.757063e-03,1.890126e-02,6.405045e-02
7.10000,0.609176,0.584918,3.432287e-01,2.086543e-01,9.471614e-01,1.298062e-01,1.311785e-03,-8.755412e-03,1.890286e-02,6.404858e-02
7.10250,0.608824,0.584721,3.426251e-01,2.084375e-01,9.470619e-01,1.298007e-01,1.300798e-03,-8.753696e-03,1.890446e-02,6.404669e-02
7.10500,0.608473,0.584526,3.420221e-01,2.082218e-01,9.469637e-01,1.297953e-01,1.289820e-03,-8.751938e-03,1.890604e-02,6.404479e-02
7.10750,0.608121,0.584331,3.414196e-01,2.080073e-01,9.468666e-01,1.297898e-01,1.278805e-03,-8.750223e-03,1.890762e-02,6.404287e-02
7.11000,0.607769,0.584137,3.408176e-01,2.077941e-01,9.467705e-01,1.297843e-01,1.267823e-03,-8.748476e-03,1.890919e-02,6.404093e-02
7.11250,0.607417,0.583944,3.402162e-01,2.075820e-01,9.466753e-01,1.297789e-01,1.256885e-03,-8.746609e-03,1.891075e-02,6.403897e-02
7.11500,0.607064,0.583752,3.396154e-01,2.073711e-01,9.465811e-01,1.297735e-01,1.246031e-03,-8.744652e-03,1.891231e-02,6.403700e-02
7.11750,0.606712,0.583561,3.390151e-01,2.071615e-01,9.464877e-01,1.297680e-01,1.235290e-03,-8.742671e-03,1.891387e-02,6.403501e-02
7.12000,0.606359,0.583370,3.384153e-01,2.069530e-01,9.463952e-01,1.297626e-01,1.224714e-03,-8.740721e-03,1.891542e-02,6.403301e-02
7.12250,0.606007,0.583181,3.378218e-01,2.067458e-01,9.463034e-01,1.297573e-01,1.214276e-03,-8.738731e-03,1.891697e-02,6.403098e-02
7.12500,0.605654,0.582992,3.372402e-01,2.065397e-01,9.462123e-01,1.297519e-01,1.203810e-03,-8.736662e-03,1.891852e-02,6.402894e-02
7.12750,0.605301,0.582804,3.366590e-01,2.063349e-01,9.461217e-01,1.297465e-01,1.193281e-03,-8.734450e-03,1.892005e-02,6.402689e-02
7.13000,0.604948,0.582617,3.360782e-01,2.061313e-01,9.460317e-01,1.297412e-01,1.182664e-03,-8.732103e-03,1.892157e-02,6.402481e-02
7.13250,0.604595,0.582431,3.354980e-01,2.059288e-01,9.459423e-01,1.297359e-01,1.172000e-03,-8.729652e-03,1.892309e-02,6.402272e-02
7.13500,0.604242,0.582246,3.349182e-01,2.057276e-01,9.458535e-01,1.297305e-01,1.161391e-03,-8.727135e-03,1.892459e-02,6.402061e-02
7.13750,0.603888,0.582062,3.343389e-01,2.055276e-01,9.457654e-01,1.297252e-01,1.150785e-03,-8.724606e-03,1.892610e-02,6.401849e-02
7.14000,0.603535,0.581878,3.337600e-01,2.053288e-01,9.456782e-01,1.297200e-01,1.140244e-03,-8.722092e-03,1.892759e-02,6.401635e-02
7.14250,0.603181,0.581696,3.331816e-01,2.051312e-01,9.455920e-01,1.297147e-01,1.129808e-03,-8.719535e-03,1.892909e-02,6.401420e-02
7.14500,0.602827,0.581514,3.326036e-01,2.049348e-01,9.455068e-01,1.297094e-01,1.119525e-03,-8.716916e-03,1.893058e-02,6.401202e-02
7.14750,0.602474,0.581333,3.320261e-01,2.047396e-01,9.454228e-01,1.297042e-01,1.109310e-03,-8.714206e-03,1.893206e-02,6.400984e-02
7.15000,0.602120,0.581153,3.314490e-01,2.045456e-01,9.453400e-01,1.296990e-01,1.099111e-03,-8.711349e-03,1.893354e-02,6.400763e-02
7.15250,0.601766,0.580974,3.308723e-01,2.043528e-01,9.452583e-01,1.296938e-01,1.088852e-03,-8.708324e-03,1.893502e-02,6.400541e-02
7.15500,0.601411,0.580795,3.302961e-01,2.041612e-01,9.451778e-01,1.296886e-01,1.078473e-03,-8.705108e-03,1.893649e-02,6.400317e-02
7.15750,0.601057,0.580618,3.297204e-01,2.039709e-01,9.450983e-01,1.296834e-01,1.068099e-03,-8.701798e-03,1.893795e-02,6.400092e-02
7.16000,0.600703,0.580441,3.291451e-01,2.037817e-01,9.450197e-01,1.296782e-01,1.057793e-03,-8.698483e-03,1.893941e-02,6.399865e-02
7.16250,0.600348,0.580266,3.285702e-01,2.035938e-01,9.449420e-01,1.296731e-01,1.047582e-03,-8.695178e-03,1.894086e-02,6.399636e-02
7.16500,0.599994,0.580091,3.279957e-01,2.034070e-01,9.448652e-01,1.296679e-01,1.037443e-03,-8.692000e-03,1.894230e-02,6.399406e-02
7.16750,0.599639,0.579917,3.274217e-01,2.032215e-01,9.447894e-01,1.296628e-01,1.027308e-03,-8.688902e-03,1.894374e-02,6.399174e-02
7.17000,0.599284,0.579744,3.268481e-01,2.030372e-01,9.447146e-01,1.296577e-01,1.017182e-03,-8.685774e-03,1.894517e-02,6.398940e-02
7.17250,0.598929,0.579572,3.262750e-01,2.028541e-01,9.446405e-01,1.296526e-01,1.007057e-03,-8.682563e-03,1.894659e-02,6.398705e-02
7.17500,0.598574,0.579400,3.257022e-01,2.026722e-01,9.445671e-01,1.296475e-01,9.968922e-04,-8.679110e-03,1.894800e-02,6.398469e-02
7.17750,0.598219,0.579230,3.251299e-01,2.024915e-01,9.444943e-01,1.296424e-01,9.866721e-04,-8.675413e-03,1.894940e-02,6.398231e-02
7.18000,0.597864,0.579060,3.245580e-01,2.023120e-01,9.444218e-01,1.296374e-01,9.764019e-04,-8.671643e-03,1.895079e-02,6.397991e-02
7.18250,0.597508,0.578891,3.239866e-01,2.021338e-01,9.443494e-01,1.296323e-01,9.661711e-04,-8.667907e-03,1.895217e-02,6.397750e-02
7.18500,0.597153,0.578723,3.234155e-01,2.019567e-01,9.442770e-01,1.296273e-01,9.559881e-04,-8.664231e-03,1.895354e-02,6.397507e-02
7.18750,0.596797,0.578556,3.228449e-01,2.017809e-01,9.442045e-01,1.296223e-01,9.458261e-04,-8.660648e-03,1.895490e-02,6.397262e-02
7.19000,0.596442,0.578390,3.222747e-01,2.016062e-01,9.441318e-01,1.296173e-01,9.356997e-04,-8.657140e-03,1.895626e-02,6.397017e-02
7.19250,0.596086,0.578224,3.217049e-01,2.014328e-01,9.440591e-01,1.296123e-01,9.255912e-04,-8.653682e-03,1.895761e-02,6.396769e-02
7.19500,0.595730,0.578060,3.211355e-01,2.012606e-01,9.439867e-01,1.296073e-01,9.154974e-04,-8.650303e-03,1.895896e-02,6.396520e-02
7.19750,0.595374,0.577896,3.205665e-01,2.010896e-01,9.439147e-01,1.296024e-01,9.053781e-04,-8.646908e-03,1.896030e-02,6.396270e-02
7.20000,0.595018,0.577733,3.199978e-01,2.009198e-01,9.438435e-01,1.295974e-01,8.952494e-04,-8.643446e-03,1.896164e-02,6.396018e-02
7.20250,0.594662,0.577572,3.194296e-01,2.007512e-01,9.437732e-01,1.295925e-01,8.851122e-04,-8.640071e-03,1.896297e-02,6.395765e-02
7.20500,0.594306,0.577410,3.188618e-01,2.005838e-01,9.437038e-01,1.295876e-01,8.750109e-04,-8.636890e-03,1.896429e-02,6.395510e-02
7.20750,0.593950,0.577250,3.182943e-01,2.004176e-01,9.436355e-01,1.295827e-01,8.649829e-04,-8.633878e-03,1.896561e-02,6.395254e-02
7.21000,0.593593,0.577091,3.177273e-01,2.002527e-01,9.435682e-01,1.295778e-01,8.550116e-04,-8.631016e-03,1.896692e-02,6.394996e-02
7.21250,0.593237,0.576932,3.171606e-01,2.000889e-01,9.435019e-01,1.295730e-01,8.450467e-04,-8.628242e-03,1.896822e-02,6.394737e-02
7.21500,0.592880,0.576775,3.165943e-01,1.999264e-01,9.434366e-01,1.295681e-01,8.350554e-04,-8.625520e-03,1.896951e-02,6.394476e-02
7.21750,0.592523,0.576618,3.160283e-01,1.997651e-01,9.433725e-01,1.295633e-01,8.250544e-04,-8.622692e-03,1.897080e-02,6.394214e-02
7.22000,0.592167,0.576462,3.154628e-01,1.996049e-01,9.433094e-01,1.295584e-01,8.150487e-04,-8.619716e-03,1.897207e-02,6.393951e-02
7.22250,0.591810,0.576307,3.148976e-01,1.994460e-01,9.432474e-01,1.295536e-01,8.050683e-04,-8.616668e-03,1.897335e-02,6.393686e-02
7.22500,0.591453,0.576153,3.143328e-01,1.992883e-01,9.431865e-01,1.295488e-01,7.950970e-04,-8.613586e-03,1.897462e-02,6.393420e-02
7.22750,0.591096,0.575999,3.137683e-01,1.991318e-01,9.431267e-01,1.295440e-01,7.850586e-04,-8.610441e-03,1.897588e-02,6.393152e-02
7.23000,0.590739,0.575847,3.132042e-01,1.989765e-01,9.430679e-01,1.295393e-01,7.749861e-04,-8.607294e-03,1.897714e-02,6.392883e-02
7.23250,0.590382,0.575695,3.126405e-01,1.988225e-01,9.430100e-01,1.295345e-01,7.649168e-04,-8.604238e-03,1.897839e-02,6.392613e-02
7.23500,0.590025,0.575544,3.120772e-01,1.986696e-01,9.429529e-01,1.295298e-01,7.548059e-04,-8.601315e-03,1.897965e-02,6.392341e-02
7.23750,0.589667,0.575394,3.115142e-01,1.985179e-01,9.428966e-01,1.295251e-01,7.446952e-04,-8.598497e-03,1.898089e-02,6.392068e-02
7.24000,0.589310,0.575245,3.109515e-01,1.983675e-01,9.428409e-01,1.295204e-01,7.346748e-04,-8.595718e-03,1.898214e-02,6.391793e-02
7.24250,0.588953,0.575097,3.103893e-01,1.982182e-01,9.427858e-01,1.295157e-01,7.247430e-04,-8.592828e-03,1.898337e-02,6.391518e-02
7.24500,0.588595,0.574949,3.098273e-01,1.980702e-01,9.427314e-01,1.295110e-01,7.148969e-04,-8.589841e-03,1.898460e-02,6.391240e-02
7.24750,0.588238,0.574803,3.092658e-01,1.979234e-01,9.426776e-01,1.295063e-01,7.050887e-04,-8.586714e-03,1.898583e-02,6.390962e-02
7.25000,0.587880,0.574657,3.087145e-01,1.977777e-01,9.426245e-01,1.295017e-01,6.952525e-04,-8.583347e-03,1.898704e-02,6.390682e-02
7.25250,0.587522,0.574512,3.081680e-01,1.976333e-01,9.425721e-01,1.294970e-01,6.853045e-04,-8.579782e-03,1.898825e-02,6.390401e-02
7.25500,0.587164,0.574368,3.076217e-01,1.974901e-01,9.425206e-01,1.294924e-01,6.752611e-04,-8.576013e-03,1.898945e-02,6.390118e-02
7.25750,0.586806,0.574225,3.070758e-01,1.973481e-01,9.424698e-01,1.294878e-01,6.651907e-04,-8.572165e-03,1.899064e-02,6.389834e-02
7.26000,0.586448,0.574083,3.065301e-01,1.972073e-01,9.424198e-01,1.294832e-01,6.550740e-04,-8.568332e-03,1.899183e-02,6.389549e-02
7.26250,0.586090,0.573941,3.059848e-01,1.970677e-01,9.423706e-01,1.294786e-01,6.449061e-04,-8.564420e-03,1.899301e-02,6.389263e-02
7.26500,0.585732,0.573801,3.054397e-01,1.969293e-01,9.423222e-01,1.294740e-01,6.347758e-04,-8.560420e-03,1.899418e-02,6.388975e-02
7.26750,0.585374,0.573661,3.048949e-01,1.967922e-01,9.422747e-01,1.294695e-01,6.247907e-04,-8.556397e-03,1.899534e-02,6.388686e-02
7.27000,0.585016,0.573522,3.043503e-01,1.966562e-01,9.422280e-01,1.294649e-01,6.148500e-04,-8.552375e-03,1.899649e-02,6.388395e-02
7.27250,0.584658,0.573384,3.038061e-01,1.965214e-01,9.421823e-01,1.294604e-01,6.049103e-04,-8.548314e-03,1.899763e-02,6.388104e-02
7.27500,0.584299,0.573247,3.032621e-01,1.963878e-01,9.421375e-01,1.294559e-01,5.949579e-04,-8.544164e-03,1.899877e-02,6.387811e-02
7.27750,0.583941,0.573110,3.027184e-01,1.962555e-01,9.420936e-01,1.294514e-01,5.849921e-04,-8.539885e-03,1.899990e-02,6.387517e-02
7.28000,0.583583,0.572975,3.021749e-01,1.961243e-01,9.420505e-01,1.294469e-01,5.750273e-04,-8.535412e-03,1.900102e-02,6.387221e-02
7.28250,0.583224,0.572840,3.016318e-01,1.959943e-01,9.420084e-01,1.294424e-01,5.650858e-04,-8.530831e-03,1.900213e-02,6.386925e-02
7.28500,0.582865,0.572706,3.010889e-01,1.958656e-01,9.419669e-01,1.294380e-01,5.551693e-04,-8.526197e-03,1.900323e-02,6.386627e-02
7.28750,0.582507,0.572573,3.005462e-01,1.957380e-01,9.419261e-01,1.294335e-01,5.453281e-04,-8.521562e-03,1.900432e-02,6.386327e-02
7.29000,0.582148,0.572441,3.000038e-01,1.956117e-01,9.418857e-01,1.294291e-01,5.356577e-04,-8.516930e-03,1.900541e-02,6.386027e-02
7.29250,0.581789,0.572310,2.994617e-01,1.954865e-01,9.418457e-01,1.294247e-01,5.260826e-04,-8.512276e-03,1.900649e-02,6.385725e-02
7.29500,0.581431,0.572179,2.989198e-01,1.953625e-01,9.418057e-01,1.294202e-01,5.165236e-04,-8.507673e-03,1.900756e-02,6.385423e-02
7.29750,0.581072,0.572050,2.983782e-01,1.952398e-01,9.417656e-01,1.294159e-01,5.068813e-04,-8.503066e-03,1.900862e-02,6.385119e-02
7.30000,0.580713,0.571921,2.978368e-01,1.951182e-01,9.417254e-01,1.294115e-01,4.970895e-04,-8.498440e-03,1.900967e-02,6.384813e-02
7.30250,0.580354,0.571793,2.975799e-01,1.949979e-01,9.416847e-01,1.294071e-01,4.871952e-04,-8.493828e-03,1.901070e-02,6.384507e-02
7.30500,0.579995,0.571666,2.974892e-01,1.948787e-01,9.416437e-01,1.294027e-01,4.772915e-04,-8.489265e-03,1.901173e-02,6.384200e-02
7.30750,0.579636,0.571540,2.973998e-01,1.947607e-01,9.416025e-01,1.293984e-01,4.674733e-04,-8.484731e-03,1.901274e-02,6.383891e-02
7.31000,0.579277,0.571414,2.973116e-01,1.946439e-01,9.415614e-01,1.293941e-01,4.578339e-04,-8.480276e-03,1.901375e-02,6.383581e-02
7.31250,0.578917,0.571290,2.972246e-01,1.945283e-01,9.415204e-01,1.293898e-01,4.483701e-04,-8.475858e-03,1.901475e-02,6.383270e-02
7.31500,0.578558,0.571166,2.971449e-01,1.944140e-01,9.414799e-01,1.293855e-01,4.391003e-04,-8.471539e-03,1.901574e-02,6.382958e-02
7.31750,0.578199,0.571043,2.970899e-01,1.943008e-01,9.414398e-01,1.293812e-01,4.298998e-04,-8.467261e-03,1.901673e-02,6.382645e-02
7.32000,0.577840,0.570921,2.970360e-01,1.941888e-01,9.414003e-01,1.293769e-01,4.207189e-04,-8.463069e-03,1.901772e-02,6.382331e-02
7.32250,0.577480,0.570800,2.969832e-01,1.940780e-01,9.413617e-01,1.293727e-01,4.115624e-04,-8.458989e-03,1.901871e-02,6.382016e-02
7.32500,0.577121,0.570680,2.969314e-01,1.939683e-01,9.413240e-01,1.293684e-01,4.024152e-04,-8.455031e-03,1.901969e-02,6.381699e-02
7.32750,0.576762,0.570560,2.968808e-01,1.938599e-01,9.412875e-01,1.293642e-01,3.932639e-04,-8.451171e-03,1.902067e-02,6.381382e-02
7.33000,0.576402,0.570441,2.968312e-01,1.937527e-01,9.412523e-01,1.293600e-01,3.841129e-04,-8.447419e-03,1.902165e-02,6.381063e-02
7.33250,0.576043,0.570324,2.967828e-01,1.936466e-01,9.412183e-01,1.293558e-01,3.749379e-04,-8.443758e-03,1.902262e-02,6.380743e-02
7.33500,0.575683,0.570207,2.967354e-01,1.935417e-01,9.411857e-01,1.293516e-01,3.656477e-04,-8.440104e-03,1.902358e-02,6.380423e-02
7.33750,0.575323,0.570090,2.966891e-01,1.934381e-01,9.411543e-01,1.293474e-01,3.563375e-04,-8.436454e-03,1.902454e-02,6.380101e-02
7.34000,0.574964,0.569975,2.966439e-01,1.933356e-01,9.411241e-01,1.293432e-01,3.470618e-04,-8.432782e-03,1.902550e-02,6.379778e-02
7.34250,0.574604,0.569861,2.965997e-01,1.932343e-01,9.410949e-01,1.293391e-01,3.379003e-04,-8.429086e-03,1.902645e-02,6.379454e-02
7.34500,0.574244,0.569747,2.965567e-01,1.931342e-01,9.410665e-01,1.293350e-01,3.288300e-04,-8.425410e-03,1.902740e-02,6.379128e-02
7.34750,0.573885,0.569634,2.965147e-01,1.930352e-01,9.410387e-01,1.293308e-01,3.198396e-04,-8.421839e-03,1.902834e-02,6.378802e-02
7.35000,0.573525,0.569522,2.964738e-01,1.929375e-01,9.410114e-01,1.293267e-01,3.108616e-04,-8.418302e-03,1.902927e-02,6.378475e-02
7.35250,0.573165,0.569411,2.964340e-01,1.928409e-01,9.409844e-01,1.293226e-01,3.018830e-04,-8.414745e-03,1.903019e-02,6.378147e-02
7.35500,0.572805,0.569301,2.963953e-01,1.927455e-01,9.409578e-01,1.293185e-01,2.929425e-04,-8.411137e-03,1.903111e-02,6.377817e-02
7.35750,0.572445,0.569191,2.963816e-01,1.926513e-01,9.409315e-01,1.293145e-01,2.840313e-04,-8.407449e-03,1.903203e-02,6.377487e-02
7.36000,0.572085,0.569083,2.963695e-01,1.925583e-01,9.409054e-01,1.293104e-01,2.750732e-04,-8.403684e-03,1.903294e-02,6.377156e-02
7.36250,0.571726,0.568975,2.963583e-01,1.924664e-01,9.408799e-01,1.293064e-01,2.660382e-04,-8.399764e-03,1.903385e-02,6.376823e-02
7.36500,0.571366,0.568868,2.963480e-01,1.923757e-01,9.408551e-01,1.293023e-01,2.569247e-04,-8.395645e-03,1.903476e-02,6.376489e-02
7.36750,0.571006,0.568762,2.963387e-01,1.922862e-01,9.408310e-01,1.292983e-01,2.477739e-04,-8.391394e-03,1.903565e-02,6.376155e-02
7.37000,0.570646,0.568656,2.963303e-01,1.921979e-01,9.408078e-01,1.292943e-01,2.386418e-04,-8.387126e-03,1.903654e-02,6.375819e-02
7.37250,0.570286,0.568552,2.963229e-01,1.921107e-01,9.407855e-01,1.292903e-01,2.295397e-04,-8.382900e-03,1.903743e-02,6.375482e-02
7.37500,0.569925,0.568448,2.963163e-01,1.920248e-01,9.407641e-01,1.292863e-01,2.204578e-04,-8.378686e-03,1.903831e-02,6.375144e-02
7.37750,0.569565,0.568345,2.963107e-01,1.919400e-01,9.407437e-01,1.292824e-01,2.113964e-04,-8.374389e-03,1.903918e-02,6.374805e-02
7.38000,0.569205,0.568243,2.963060e-01,1.918563e-01,9.407242e-01,1.292784e-01,2.023491e-04,-8.369979e-03,1.904004e-02,6.374465e-02
7.38250,0.568845,0.568142,2.963023e-01,1.917739e-01,9.407057e-01,1.292745e-01,1.932894e-04,-8.365485e-03,1.904089e-02,6.374124e-02
7.38500,0.568485,0.568042,2.962994e-01,1.916926e-01,9.406880e-01,1.292705e-01,1.841850e-04,-8.360856e-03,1.904173e-02,6.373782e-02
7.38750,0.568125,0.567942,2.962975e-01,1.916124e-01,9.406711e-01,1.292666e-01,1.749905e-04,-8.356198e-03,1.904256e-02,6.373439e-02
7.39000,0.567765,0.567844,2.962965e-01,1.915335e-01,9.406547e-01,1.292627e-01,1.656905e-04,-8.351506e-03,1.904337e-02,6.373095e-02
7.39250,0.567404,0.567746,2.962964e-01,1.914557e-01,9.406387e-01,1.292588e-01,1.563224e-04,-8.346597e-03,1.904418e-02,6.372750e-02
7.39500,0.567044,0.567649,2.962972e-01,1.913790e-01,9.406230e-01,1.292549e-01,1.468895e-04,-8.341418e-03,1.904497e-02,6.372404e-02
7.39750,0.566684,0.567553,2.962989e-01,1.913036e-01,9.406073e-01,1.292511e-01,1.373797e-04,-8.336102e-03,1.904575e-02,6.372057e-02
7.40000,0.566324,0.567457,2.963015e-01,1.912292e-01,9.405915e-01,1.292472e-01,1.277748e-04,-8.330737e-03,1.904651e-02,6.371709e-02
7.40250,0.565963,0.567363,2.963050e-01,1.911561e-01,9.405753e-01,1.292434e-01,1.181127e-04,-8.325424e-03,1.904727e-02,6.371361e-02
7.40500,0.565603,0.567269,2.963234e-01,1.910841e-01,9.405584e-01,1.292395e-01,1.084448e-04,-8.320231e-03,1.904801e-02,6.371011e-02
7.40750,0.565243,0.567176,2.963484e-01,1.910133e-01,9.405406e-01,1.292357e-01,9.876131e-05,-8.315158e-03,1.904875e-02,6.370660e-02
7.41000,0.564882,0.567084,2.963742e-01,1.909436e-01,9.405219e-01,1.292319e-01,8.920496e-05,-8.310239e-03,1.904948e-02,6.370309e-02
7.41250,0.564522,0.566993,2.964008e-01,1.908751e-01,9.405026e-01,1.292281e-01,7.981031e-05,-8.305428e-03,1.905020e-02,6.369957e-02
7.41500,0.564162,0.566902,2.964282e-01,1.908077e-01,9.404831e-01,1.292243e-01,7.046026e-05,-8.300614e-03,1.905091e-02,6.369604e-02
7.41750,0.563801,0.566813,2.964563e-01,1.907415e-01,9.404638e-01,1.292206e-01,6.115584e-05,-8.295775e-03,1.905162e-02,6.369250e-02
7.42000,0.563441,0.566724,2.964852e-01,1.906764e-01,9.404450e-01,1.292168e-01,5.188425e-05,-8.290980e-03,1.905233e-02,6.368895e-02
7.42250,0.563081,0.566636,2.965148e-01,1.906125e-01,9.404269e-01,1.292130e-01,4.262298e-05,-8.286278e-03,1.905302e-02,6.368539e-02
7.42500,0.562720,0.566549,2.965453e-01,1.905497e-01,9.404098e-01,1.292093e-01,3.334285e-05,-8.281672e-03,1.905371e-02,6.368183e-02
7.42750,0.562360,0.566463,2.965764e-01,1.904881e-01,9.403937e-01,1.292056e-01,2.401041e-05,-8.277105e-03,1.905440e-02,6.367826e-02
7.43000,0.562000,0.566377,2.966084e-01,1.904276e-01,9.403788e-01,1.292019e-01,1.463548e-05,-8.272639e-03,1.905507e-02,6.367468e-02
7.43250,0.561639,0.566292,2.966410e-01,1.903683e-01,9.403650e-01,1.291982e-01,5.213814e-06,-8.268262e-03,1.905574e-02,6.367109e-02
7.43500,0.561279,0.566209,2.966745e-01,1.903101e-01,9.403522e-01,1.291945e-01,-4.252734e-06,-8.263890e-03,1.905640e-02,6.366750e-02
7.43750,0.560918,0.566126,2.967087e-01,1.902531e-01,9.403403e-01,1.291908e-01,-1.367373e-05,-8.259503e-03,1.905705e-02,6.366390e-02
7.44000,0.560558,0.566043,2.967436e-01,1.901972e-01,9.403294e-01,1.291872e-01,-2.301360e-05,-8.255125e-03,1.905769e-02,6.366029e-02
7.44250,0.560198,0.565962,2.967793e-01,1.901424e-01,9.403193e-01,1.291835e-01,-3.221378e-05,-8.250801e-03,1.905832e-02,6.365667e-02
7.44500,0.559837,0.565881,2.968157e-01,1.900888e-01,9.403101e-01,1.291799e-01,-4.126775e-05,-8.246477e-03,1.905895e-02,6.365305e-02
7.44750,0.559477,0.565802,2.968529e-01,1.900363e-01,9.403018e-01,1.291763e-01,-5.024599e-05,-8.242165e-03,1.905957e-02,6.364942e-02
7.45000,0.559116,0.565723,2.968908e-01,1.899849e-01,9.402943e-01,1.291727e-01,-5.922999e-05,-8.237898e-03,1.906019e-02,6.364578e-02
7.45250,0.558756,0.565645,2.969294e-01,1.899347e-01,9.402874e-01,1.291690e-01,-6.826766e-05,-8.233698e-03,1.906080e-02,6.364214e-02
7.45500,0.558396,0.565567,2.969688e-01,1.898856e-01,9.402809e-01,1.291655e-01,-7.746339e-05,-8.229441e-03,1.906141e-02,6.363849e-02
7.45750,0.558035,0.565491,2.970120e-01,1.898377e-01,9.402746e-01,1.291619e-01,-8.679287e-05,-8.225131e-03,1.906201e-02,6.363483e-02
7.46000,0.557675,0.565415,2.970673e-01,1.897908e-01,9.402684e-01,1.291583e-01,-9.618154e-05,-8.220785e-03,1.906262e-02,6.363117e-02
7.46250,0.557315,0.565340,2.971232e-01,1.897451e-01,9.402624e-01,1.291548e-01,-1.056385e-04,-8.216397e-03,1.906321e-02,6.362750e-02
7.46500,0.556954,0.565266,2.971797e-01,1.897006e-01,9.402568e-01,1.291512e-01,-1.151293e-04,-8.211978e-03,1.906381e-02,6.362382e-02
7.46750,0.556594,0.565193,2.972368e-01,1.896571e-01,9.402517e-01,1.291477e-01,-1.245889e-04,-8.207446e-03,1.906440e-02,6.362013e-02
7.47000,0.556233,0.565121,2.972945e-01,1.896148e-01,9.402472e-01,1.291442e-01,-1.340390e-04,-8.202863e-03,1.906499e-02,6.361644e-02
7.47250,0.555873,0.565049,2.973528e-01,1.895736e-01,9.402434e-01,1.291407e-01,-1.434899e-04,-8.198262e-03,1.906558e-02,6.361274e-02
7.47500,0.555513,0.564978,2.974118e-01,1.895335e-01,9.402405e-01,1.291372e-01,-1.529216e-04,-8.193612e-03,1.906616e-02,6.360903e-02
7.47750,0.555153,0.564908,2.974713e-01,1.894945e-01,9.402386e-01,1.291337e-01,-1.623298e-04,-8.188838e-03,1.906673e-02,6.360531e-02
7.48000,0.554792,0.564839,2.975315e-01,1.894567e-01,9.402377e-01,1.291302e-01,-1.716696e-04,-8.184029e-03,1.906729e-02,6.360158e-02
7.48250,0.554432,0.564771,2.975922e-01,1.894199e-01,9.402376e-01,1.291267e-01,-1.809851e-04,-8.179202e-03,1.906785e-02,6.359785e-02
7.48500,0.554072,0.564703,2.976536e-01,1.893843e-01,9.402383e-01,1.291233e-01,-1.902821e-04,-8.174374e-03,1.906839e-02,6.359411e-02
7.48750,0.553712,0.564637,2.977155e-01,1.893498e-01,9.402396e-01,1.291198e-01,-1.996277e-04,-8.169485e-03,1.906893e-02,6.359036e-02
7.49000,0.553351,0.564571,2.977780e-01,1.893164e-01,9.402413e-01,1.291164e-01,-2.090348e-04,-8.164498e-03,1.906946e-02,6.358661e-02
7.49250,0.552991,0.564505,2.978411e-01,1.892841e-01,9.402433e-01,1.291130e-01,-2.184830e-04,-8.159383e-03,1.906998e-02,6.358285e-02
7.49500,0.552631,0.564441,2.979049e-01,1.892529e-01,9.402455e-01,1.291096e-01,-2.279169e-04,-8.154137e-03,1.907049e-02,6.357908e-02
7.49750,0.552271,0.564378,2.979692e-01,1.892228e-01,9.402477e-01,1.291062e-01,-2.373641e-04,-8.148786e-03,1.907100e-02,6.357530e-02
7.50000,0.551911,0.564315,2.980340e-01,1.891938e-01,9.402496e-01,1.291028e-01,-2.468277e-04,-8.143425e-03,1.907150e-02,6.357151e-02
7.50250,0.551551,0.564253,2.980995e-01,1.891660e-01,9.402510e-01,1.290994e-01,-2.562349e-04,-8.138100e-03,1.907198e-02,6.356772e-02
7.50500,0.551190,0.564192,2.981655e-01,1.891392e-01,9.402516e-01,1.290960e-01,-2.655878e-04,-8.132844e-03,1.907247e-02,6.356392e-02
7.50750,0.550830,0.564132,2.982357e-01,1.891135e-01,9.402511e-01,1.290927e-01,-2.748959e-04,-8.127737e-03,1.907294e-02,6.356011e-02
7.51000,0.550470,0.564072,2.983129e-01,1.890889e-01,9.402494e-01,1.290893e-01,-2.841650e-04,-8.122757e-03,1.907341e-02,6.355629e-02
7.51250,0.550110,0.564014,2.983906e-01,1.890654e-01,9.402469e-01,1.290860e-01,-2.934273e-04,-8.117855e-03,1.907387e-02,6.355247e-02
7.51500,0.549750,0.563956,2.984688e-01,1.890430e-01,9.402439e-01,1.290827e-01,-3.026536e-04,-8.113063e-03,1.907432e-02,6.354864e-02
7.51750,0.549390,0.563899,2.985474e-01,1.890217e-01,9.402409e-01,1.290794e-01,-3.118254e-04,-8.108411e-03,1.907476e-02,6.354480e-02
7.52000,0.549030,0.563843,2.986265e-01,1.890015e-01,9.402383e-01,1.290761e-01,-3.209219e-04,-8.103828e-03,1.907519e-02,6.354096e-02
7.52250,0.548671,0.563787,2.987061e-01,1.889824e-01,9.402363e-01,1.290728e-01,-3.299352e-04,-8.099266e-03,1.907561e-02,6.353711e-02
7.52500,0.548311,0.563733,2.987861e-01,1.889643e-01,9.402351e-01,1.290695e-01,-3.388891e-04,-8.094735e-03,1.907601e-02,6.353325e-02
7.52750,0.547951,0.563679,2.988666e-01,1.889473e-01,9.402350e-01,1.290662e-01,-3.478174e-04,-8.090283e-03,1.907641e-02,6.352939e-02
7.53000,0.547591,0.563626,2.989476e-01,1.889314e-01,9.402360e-01,1.290630e-01,-3.567786e-04,-8.085875e-03,1.907679e-02,6.352552e-02
7.53250,0.547231,0.563573,2.990290e-01,1.889166e-01,9.402383e-01,1.290597e-01,-3.657248e-04,-8.081425e-03,1.907717e-02,6.352165e-02
7.53500,0.546872,0.563522,2.991109e-01,1.889029e-01,9.402418e-01,1.290565e-01,-3.747222e-04,-8.076909e-03,1.907753e-02,6.351777e-02
7.53750,0.546512,0.563471,2.991932e-01,1.888902e-01,9.402463e-01,1.290533e-01,-3.837148e-04,-8.072411e-03,1.907788e-02,6.351388e-02
7.54000,0.546152,0.563422,2.992760e-01,1.888787e-01,9.402516e-01,1.290501e-01,-3.926495e-04,-8.067974e-03,1.907823e-02,6.350999e-02
7.54250,0.545793,0.563373,2.993592e-01,1.888681e-01,9.402578e-01,1.290469e-01,-4.015653e-04,-8.063575e-03,1.907856e-02,6.350609e-02
7.54500,0.545433,0.563324,2.994429e-01,1.888587e-01,9.402646e-01,1.290437e-01,-4.104629e-04,-8.059222e-03,1.907889e-02,6.350219e-02
7.54750,0.545073,0.563277,2.995270e-01,1.888503e-01,9.402719e-01,1.290405e-01,-4.193263e-04,-8.054900e-03,1.907921e-02,6.349828e-02
7.55000,0.544714,0.563230,2.996115e-01,1.888430e-01,9.402798e-01,1.290373e-01,-4.282151e-04,-8.050513e-03,1.907952e-02,6.349437e-02
7.55250,0.544354,0.563184,2.996965e-01,1.888368e-01,9.402881e-01,1.290342e-01,-4.371599e-04,-8.046071e-03,1.907982e-02,6.349045e-02
7.55500,0.543995,0.563139,2.997820e-01,1.888316e-01,9.402966e-01,1.290310e-01,-4.461868e-04,-8.041595e-03,1.908012e-02,6.348653e-02
7.55750,0.543636,0.563095,2.998678e-01,1.888274e-01,9.403051e-01,1.290279e-01,-4.552101e-04,-8.037111e-03,1.908041e-02,6.348260e-02
7.56000,0.543276,0.563052,2.999541e-01,1.888244e-01,9.403137e-01,1.290248e-01,-4.642398e-04,-8.032462e-03,1.908069e-02,6.347867e-02
7.56250,0.542917,0.563009,3.000409e-01,1.888223e-01,9.403223e-01,1.290216e-01,-4.732439e-04,-8.027608e-03,1.908097e-02,6.347473e-02
7.56500,0.542558,0.562967,3.001280e-01,1.888214e-01,9.403313e-01,1.290185e-01,-4.821706e-04,-8.022619e-03,1.908123e-02,6.347079e-02
7.56750,0.542199,0.562926,3.002156e-01,1.888215e-01,9.403408e-01,1.290154e-01,-4.910688e-04,-8.017495e-03,1.908149e-02,6.346684e-02
7.57000,0.541839,0.562886,3.003036e-01,1.888226e-01,9.403509e-01,1.290123e-01,-4.999976e-04,-8.012216e-03,1.908174e-02,6.346289e-02
7.57250,0.541480,0.562847,3.003941e-01,1.888248e-01,9.403617e-01,1.290093e-01,-5.090005e-04,-8.006792e-03,1.908199e-02,6.345893e-02
7.57500,0.541121,0.562808,3.004887e-01,1.888280e-01,9.403732e-01,1.290062e-01,-5.180317e-04,-8.001239e-03,1.908222e-02,6.345497e-02
7.57750,0.540762,0.562770,3.005836e-01,1.888323e-01,9.403854e-01,1.290031e-01,-5.270734e-04,-7.995570e-03,1.908243e-02,6.345100e-02
7.58000,0.540403,0.562733,3.006788e-01,1.888376e-01,9.403982e-01,1.290001e-01,-5.361750e-04,-7.989843e-03,1.908264e-02,6.344702e-02
7.58250,0.540044,0.562697,3.007744e-01,1.888439e-01,9.404117e-01,1.289970e-01,-5.452972e-04,-7.984082e-03,1.908284e-02,6.344305e-02
7.58500,0.539685,0.562661,3.008703e-01,1.888513e-01,9.404257e-01,1.289940e-01,-5.543977e-04,-7.978275e-03,1.908303e-02,6.343906e-02
7.58750,0.539327,0.562626,3.009665e-01,1.888598e-01,9.404403e-01,1.289910e-01,-5.634711e-04,-7.972412e-03,1.908322e-02,6.343507e-02
7.59000,0.538968,0.562593,3.010631e-01,1.888692e-01,9.404553e-01,1.289880e-01,-5.725320e-04,-7.966521e-03,1.908340e-02,6.343107e-02
7.59250,0.538609,0.562559,3.011599e-01,1.888797e-01,9.404705e-01,1.289850e-01,-5.815589e-04,-7.960688e-03,1.908358e-02,6.342707e-02
7.59500,0.538251,0.562527,3.012571e-01,1.888912e-01,9.404855e-01,1.289820e-01,-5.905651e-04,-7.954942e-03,1.908375e-02,6.342307e-02
7.59750,0.537892,0.562496,3.013546e-01,1.889037e-01,9.405001e-01,1.289790e-01,-5.996014e-04,-7.949243e-03,1.908392e-02,6.341905e-02
7.60000,0.537533,0.562465,3.014524e-01,1.889173e-01,9.405140e-01,1.289760e-01,-6.086046e-04,-7.943606e-03,1.908409e-02,6.341504e-02
7.60250,0.537175,0.562435,3.015506e-01,1.889319e-01,9.405269e-01,1.289731e-01,-6.176622e-04,-7.938091e-03,1.908425e-02,6.341101e-02
7.60500,0.536817,0.562406,3.016490e-01,1.889475e-01,9.405387e-01,1.289701e-01,-6.268162e-04,-7.932575e-03,1.908440e-02,6.340698e-02
7.60750,0.536458,0.562377,3.017478e-01,1.889641e-01,9.405494e-01,1.289672e-01,-6.360388e-04,-7.927120e-03,1.908455e-02,6.340295e-02
7.61000,0.536100,0.562350,3.018468e-01,1.889817e-01,9.405594e-01,1.289642e-01,-6.453382e-04,-7.921775e-03,1.908468e-02,6.339891e-02
7.61250,0.535742,0.562323,3.019462e-01,1.890004e-01,9.405692e-01,1.289613e-01,-6.545913e-04,-7.916588e-03,1.908480e-02,6.339486e-02
7.61500,0.535384,0.562297,3.020459e-01,1.890200e-01,9.405789e-01,1.289584e-01,-6.637483e-04,-7.911567e-03,1.908492e-02,6.339081e-02
7.61750,0.535025,0.562272,3.021459e-01,1.890407e-01,9.405889e-01,1.289555e-01,-6.728174e-04,-7.906670e-03,1.908503e-02,6.338675e-02
7.62000,0.534667,0.562247,3.022461e-01,1.890623e-01,9.405993e-01,1.289526e-01,-6.817949e-04,-7.901924e-03,1.908513e-02,6.338269e-02
7.62250,0.534309,0.562223,3.023467e-01,1.890850e-01,9.406103e-01,1.289497e-01,-6.907755e-04,-7.897386e-03,1.908522e-02,6.337862e-02
7.62500,0.533952,0.562200,3.024476e-01,1.891087e-01,9.406220e-01,1.289468e-01,-6.997996e-04,-7.892931e-03,1.908531e-02,6.337455e-02
7.62750,0.533594,0.562178,3.025487e-01,1.891333e-01,9.406346e-01,1.289440e-01,-7.088387e-04,-7.888527e-03,1.908538e-02,6.337048e-02
7.63000,0.533236,0.562157,3.026502e-01,1.891590e-01,9.406481e-01,1.289411e-01,-7.178752e-04,-7.884191e-03,1.908544e-02,6.336640e-02
7.63250,0.532878,0.562136,3.027519e-01,1.891856e-01,9.406626e-01,1.289382e-01,-7.268541e-04,-7.879968e-03,1.908550e-02,6.336231e-02
7.63500,0.532521,0.562117,3.028539e-01,1.892133e-01,9.406781e-01,1.289354e-01,-7.358197e-04,-7.875816e-03,1.908555e-02,6.335823e-02
7.63750,0.532163,0.562098,3.029562e-01,1.892419e-01,9.406946e-01,1.289326e-01,-7.447811e-04,-7.871734e-03,1.908559e-02,6.335414e-02
7.64000,0.531806,0.562079,3.030588e-01,1.892715e-01,9.407121e-01,1.289298e-01,-7.537689e-04,-7.867723e-03,1.908563e-02,6.335004e-02
7.64250,0.531448,0.562062,3.031617e-01,1.893021e-01,9.407304e-01,1.289269e-01,-7.627888e-04,-7.863649e-03,1.908566e-02,6.334594e-02
7.64500,0.531091,0.562045,3.032648e-01,1.893337e-01,9.407493e-01,1.289241e-01,-7.718557e-04,-7.859438e-03,1.908568e-02,6.334184e-02
7.64750,0.530734,0.562030,3.033682e-01,1.893663e-01,9.407687e-01,1.289213e-01,-7.809825e-04,-7.855195e-03,1.908570e-02,6.333774e-02
7.65000,0.530377,0.562014,3.034719e-01,1.893998e-01,9.407884e-01,1.289186e-01,-7.901140e-04,-7.850943e-03,1.908571e-02,6.333363e-02
7.65250,0.530019,0.562000,3.035758e-01,1.894343e-01,9.408080e-01,1.289158e-01,-7.991930e-04,-7.846637e-03,1.908572e-02,6.332952e-02
7.65500,0.529662,0.561987,3.036801e-01,1.894698e-01,9.408276e-01,1.289130e-01,-8.082526e-04,-7.842189e-03,1.908572e-02,6.332540e-02
7.65750,0.529306,0.561974,3.037845e-01,1.895063e-01,9.408471e-01,1.289103e-01,-8.172930e-04,-7.837598e-03,1.908572e-02,6.332128e-02
7.66000,0.528949,0.561962,3.038893e-01,1.895437e-01,9.408668e-01,1.289075e-01,-8.263705e-04,-7.832769e-03,1.908571e-02,6.331715e-02
7.66250,0.528592,0.561951,3.039943e-01,1.895821e-01,9.408866e-01,1.289048e-01,-8.355588e-04,-7.827723e-03,1.908569e-02,6.331302e-02
7.66500,0.528235,0.561940,3.040996e-01,1.896215e-01,9.409068e-01,1.289020e-01,-8.448575e-04,-7.822489e-03,1.908566e-02,6.330889e-02
7.66750,0.527879,0.561930,3.042051e-01,1.896618e-01,9.409274e-01,1.288993e-01,-8.542149e-04,-7.817102e-03,1.908561e-02,6.330475e-02
7.67000,0.527522,0.561922,3.043109e-01,1.897031e-01,9.409485e-01,1.288966e-01,-8.635330e-04,-7.811588e-03,1.908555e-02,6.330061e-02
7.67250,0.527166,0.561913,3.044169e-01,1.897453e-01,9.409703e-01,1.288939e-01,-8.728268e-04,-7.805956e-03,1.908548e-02,6.329647e-02
7.67500,0.526809,0.561906,3.045232e-01,1.897885e-01,9.409925e-01,1.288912e-01,-8.821120e-04,-7.800223e-03,1.908540e-02,6.329232e-02
7.67750,0.526453,0.561900,3.046298e-01,1.898327e-01,9.410152e-01,1.288885e-01,-8.913728e-04,-7.794397e-03,1.908532e-02,6.328817e-02
7.68000,0.526097,0.561894,3.047366e-01,1.898778e-01,9.410382e-01,1.288858e-01,-9.005703e-04,-7.788465e-03,1.908522e-02,6.328401e-02
7.68250,0.525741,0.561889,3.048436e-01,1.899238e-01,9.410614e-01,1.288831e-01,-9.097474e-04,-7.782377e-03,1.908513e-02,6.327986e-02
7.68500,0.525385,0.561885,3.049509e-01,1.899708e-01,9.410848e-01,1.288805e-01,-9.189204e-04,-7.776182e-03,1.908502e-02,6.327569e-02
7.68750,0.525029,0.561881,3.050584e-01,1.900187e-01,9.411079e-01,1.288778e-01,-9.280797e-04,-7.769998e-03,1.908490e-02,6.327153e-02
7.69000,0.524673,0.561878,3.051662e-01,1.900676e-01,9.411307e-01,1.288752e-01,-9.372073e-04,-7.763848e-03,1.908478e-02,6.326736e-02
7.69250,0.524317,0.561876,3.052742e-01,1.901174e-01,9.411529e-01,1.288725e-01,-9.463486e-04,-7.757663e-03,1.908465e-02,6.326319e-02
7.69500,0.523962,0.561875,3.053824e-01,1.901681e-01,9.411742e-01,1.288699e-01,-9.556493e-04,-7.751412e-03,1.908451e-02,6.325901e-02
7.69750,0.523606,0.561875,3.054909e-01,1.902198e-01,9.411944e-01,1.288673e-01,-9.650698e-04,-7.745091e-03,1.908436e-02,6.325483e-02
7.70000,0.523251,0.561875,3.055996e-01,1.902724e-01,9.412136e-01,1.288646e-01,-9.745074e-04,-7.738923e-03,1.908420e-02,6.325065e-02
7.70250,0.522895,0.561876,3.057085e-01,1.903259e-01,9.412321e-01,1.288620e-01,-9.839283e-04,-7.732907e-03,1.908402e-02,6.324646e-02
7.70500,0.522540,0.561878,3.058177e-01,1.903803e-01,9.412502e-01,1.288594e-01,-9.932748e-04,-7.727095e-03,1.908384e-02,6.324227e-02
7.70750,0.522185,0.561881,3.059271e-01,1.904357e-01,9.412684e-01,1.288568e-01,-1.002536e-03,-7.721500e-03,1.908365e-02,6.323808e-02
7.71000,0.521830,0.561884,3.060367e-01,1.904920e-01,9.412870e-01,1.288543e-01,-1.011695e-03,-7.716064e-03,1.908345e-02,6.323389e-02
7.71250,0.521475,0.561889,3.061465e-01,1.905492e-01,9.413062e-01,1.288517e-01,-1.020817e-03,-7.710792e-03,1.908325e-02,6.322969e-02
7.71500,0.521120,0.561894,3.062565e-01,1.906073e-01,9.413263e-01,1.288491e-01,-1.029870e-03,-7.705701e-03,1.908303e-02,6.322550e-02
7.71750,0.520765,0.561899,3.063668e-01,1.906664e-01,9.413472e-01,1.288465e-01,-1.038889e-03,-7.700669e-03,1.908282e-02,6.322130e-02
7.72000,0.520410,0.561906,3.064773e-01,1.907263e-01,9.413691e-01,1.288440e-01,-1.047894e-03,-7.695654e-03,1.908259e-02,6.321710e-02
7.72250,0.520056,0.561913,3.065880e-01,1.907871e-01,9.413918e-01,1.288415e-01,-1.056855e-03,-7.690804e-03,1.908235e-02,6.321290e-02
7.72500,0.519701,0.561921,3.066989e-01,1.908489e-01,9.414154e-01,1.288389e-01,-1.065738e-03,-7.686170e-03,1.908211e-02,6.320869e-02
7.72750,0.519347,0.561930,3.068100e-01,1.909115e-01,9.414396e-01,1.288364e-01,-1.074568e-03,-7.681650e-03,1.908186e-02,6.320449e-02
7.73000,0.518993,0.561939,3.069214e-01,1.909751e-01,9.414645e-01,1.288339e-01,-1.083392e-03,-7.677120e-03,1.908160e-02,6.320029e-02
7.73250,0.518639,0.561950,3.070329e-01,1.910396e-01,9.414900e-01,1.288314e-01,-1.092199e-03,-7.672555e-03,1.908134e-02,6.319608e-02
7.73500,0.518285,0.561961,3.071446e-01,1.911049e-01,9.415157e-01,1.288289e-01,-1.101034e-03,-7.667951e-03,1.908107e-02,6.319188e-02
7.73750,0.517931,0.561973,3.072566e-01,1.911711e-01,9.415418e-01,1.288264e-01,-1.109916e-03,-7.663297e-03,1.908080e-02,6.318767e-02
7.74000,0.517577,0.561985,3.073687e-01,1.912383e-01,9.415678e-01,1.288239e-01,-1.118848e-03,-7.658580e-03,1.908051e-02,6.318346e-02
7.74250,0.517223,0.561998,3.074811e-01,1.913063e-01,9.415938e-01,1.288214e-01,-1.127759e-03,-7.653905e-03,1.908022e-02,6.317925e-02
7.74500,0.516870,0.562013,3.075936e-01,1.913752e-01,9.416196e-01,1.288189e-01,-1.136671e-03,-7.649152e-03,1.907993e-02,6.317505e-02
7.74750,0.516516,0.562027,3.077064e-01,1.914450e-01,9.416454e-01,1.288164e-01,-1.145551e-03,-7.644298e-03,1.907964e-02,6.317083e-02
7.75000,0.516163,0.562043,3.078193e-01,1.915156e-01,9.416712e-01,1.288140e-01,-1.154438e-03,-7.639320e-03,1.907934e-02,6.316662e-02
7.75250,0.515810,0.562059,3.079324e-01,1.915872e-01,9.416973e-01,1.288115e-01,-1.163351e-03,-7.634189e-03,1.907903e-02,6.316241e-02
7.75500,0.515456,0.562076,3.080457e-01,1.916596e-01,9.417238e-01,1.288091e-01,-1.172318e-03,-7.628843e-03,1.907871e-02,6.315819e-02
7.75750,0.515103,0.562094,3.081592e-01,1.917329e-01,9.417507e-01,1.288067e-01,-1.181315e-03,-7.623354e-03,1.907839e-02,6.315397e-02
7.76000,0.514750,0.562113,3.082729e-01,1.918070e-01,9.417583e-01,1.288042e-01,-1.190340e-03,-7.617729e-03,1.907805e-02,6.314975e-02
7.76250,0.514398,0.562132,3.083868e-01,1.918821e-01,9.417139e-01,1.288018e-01,-1.199420e-03,-7.611964e-03,1.907770e-02,6.314553e-02
7.76500,0.514045,0.562153,3.085008e-01,1.919580e-01,9.416694e-01,1.287994e-01,-1.208530e-03,-7.606054e-03,1.907735e-02,6.314131e-02
7.76750,0.513692,0.562173,3.086151e-01,1.920347e-01,9.416247e-01,1.287970e-01,-1.217649e-03,-7.599952e-03,1.907698e-02,6.313708e-02
7.77000,0.513340,0.562195,3.087295e-01,1.921123e-01,9.415801e-01,1.287946e-01,-1.226738e-03,-7.593743e-03,1.907661e-02,6.313286e-02
7.77250,0.512988,0.562218,3.088441e-01,1.921908e-01,9.415355e-01,1.287922e-01,-1.235828e-03,-7.587513e-03,1.907623e-02,6.312863e-02
7.77500,0.512636,0.562241,3.089588e-01,1.922701e-01,9.414909e-01,1.287898e-01,-1.244957e-03,-7.581193e-03,1.907584e-02,6.312439e-02
7.77750,0.512283,0.562265,3.090738e-01,1.923503e-01,9.414463e-01,1.287874e-01,-1.254073e-03,-7.574844e-03,1.907544e-02,6.312016e-02
7.78000,0.511932,0.562289,3.091889e-01,1.924313e-01,9.414016e-01,1.287850e-01,-1.263222e-03,-7.568546e-03,1.907503e-02,6.311592e-02
7.78250,0.511580,0.562315,3.093041e-01,1.925132e-01,9.413568e-01,1.287827e-01,-1.272422e-03,-7.562283e-03,1.907461e-02,6.311169e-02
7.78500,0.511228,0.562341,3.094196e-01,1.925959e-01,9.413119e-01,1.287803e-01,-1.281691e-03,-7.556046e-03,1.907417e-02,6.310745e-02
7.78750,0.510876,0.562368,3.095352e-01,1.926794e-01,9.412669e-01,1.287780e-01,-1.291020e-03,-7.549751e-03,1.907373e-02,6.310320e-02
7.79000,0.510525,0.562395,3.096510e-01,1.927638e-01,9.412218e-01,1.287756e-01,-1.300245e-03,-7.543590e-03,1.907328e-02,6.309896e-02
7.79250,0.510174,0.562424,3.097669e-01,1.928491e-01,9.411765e-01,1.287733e-01,-1.309355e-03,-7.537616e-03,1.907282e-02,6.309472e-02
7.79500,0.509823,0.562453,3.098830e-01,1.929351e-01,9.411312e-01,1.287709e-01,-1.318317e-03,-7.531871e-03,1.907236e-02,6.309047e-02
7.79750,0.509471,0.562483,3.099992e-01,1.930220e-01,9.410857e-01,1.287686e-01,-1.327206e-03,-7.526329e-03,1.907188e-02,6.308622e-02
7.80000,0.509121,0.562513,3.101157e-01,1.931097e-01,9.410400e-01,1.287663e-01,-1.336070e-03,-7.521042e-03,1.907140e-02,6.308197e-02
7.80250,0.508770,0.562545,3.102322e-01,1.931983e-01,9.409939e-01,1.287640e-01,-1.344855e-03,-7.516019e-03,1.907090e-02,6.307772e-02
7.80500,0.508419,0.562577,3.103489e-01,1.932876e-01,9.409476e-01,1.287617e-01,-1.353603e-03,-7.511163e-03,1.907040e-02,6.307346e-02
7.80750,0.508069,0.562610,3.104658e-01,1.933778e-01,9.409011e-01,1.287594e-01,-1.362410e-03,-7.506342e-03,1.906989e-02,6.306921e-02
7.81000,0.507718,0.562644,3.105828e-01,1.934688e-01,9.408546e-01,1.287571e-01,-1.371305e-03,-7.501471e-03,1.906936e-02,6.306496e-02
7.81250,0.507368,0.562678,3.107000e-01,1.935606e-01,9.408086e-01,1.287548e-01,-1.380226e-03,-7.496679e-03,1.906881e-02,6.306070e-02
7.81500,0.507018,0.562713,3.108173e-01,1.936533e-01,9.407631e-01,1.287525e-01,-1.389143e-03,-7.492026e-03,1.906826e-02,6.305645e-02
7.81750,0.506668,0.562749,3.109348e-01,1.937467e-01,9.407186e-01,1.287503e-01,-1.398102e-03,-7.487415e-03,1.906769e-02,6.305219e-02
7.82000,0.506318,0.562785,3.110524e-01,1.938409e-01,9.406751e-01,1.287480e-01,-1.407087e-03,-7.482808e-03,1.906711e-02,6.304794e-02
7.82250,0.505968,0.562823,3.111702e-01,1.939360e-01,9.406327e-01,1.287457e-01,-1.416097e-03,-7.478261e-03,1.906652e-02,6.304369e-02
7.82500,0.505619,0.562861,3.112881e-01,1.940318e-01,9.405915e-01,1.287435e-01,-1.425193e-03,-7.473603e-03,1.906592e-02,6.303943e-02
7.82750,0.505269,0.562900,3.114061e-01,1.941285e-01,9.405515e-01,1.287413e-01,-1.434340e-03,-7.468766e-03,1.906531e-02,6.303518e-02
7.83000,0.504920,0.562939,3.115243e-01,1.942259e-01,9.405127e-01,1.287390e-01,-1.443520e-03,-7.463788e-03,1.906469e-02,6.303092e-02
7.83250,0.504571,0.562980,3.116426e-01,1.943242e-01,9.404750e-01,1.287368e-01,-1.452648e-03,-7.458826e-03,1.906406e-02,6.302667e-02
7.83500,0.504222,0.563021,3.117610e-01,1.944232e-01,9.404382e-01,1.287346e-01,-1.461765e-03,-7.453762e-03,1.906341e-02,6.302242e-02
7.83750,0.503873,0.563062,3.118796e-01,1.945230e-01,9.404022e-01,1.287323e-01,-1.470870e-03,-7.448556e-03,1.906277e-02,6.301816e-02
7.84000,0.503524,0.563105,3.119983e-01,1.946236e-01,9.403668e-01,1.287301e-01,-1.479940e-03,-7.443189e-03,1.906211e-02,6.301391e-02
7.84250,0.503176,0.563148,3.121171e-01,1.947250e-01,9.403317e-01,1.287279e-01,-1.489011e-03,-7.437632e-03,1.906145e-02,6.300965e-02
7.84500,0.502827,0.563192,3.122360e-01,1.948272e-01,9.402967e-01,1.287257e-01,-1.498121e-03,-7.431843e-03,1.906078e-02,6.300539e-02
7.84750,0.502479,0.563237,3.123551e-01,1.949302e-01,9.402615e-01,1.287235e-01,-1.507243e-03,-7.425774e-03,1.906010e-02,6.300114e-02
7.85000,0.502131,0.563282,3.124743e-01,1.950339e-01,9.402262e-01,1.287213e-01,-1.516380e-03,-7.419540e-03,1.905940e-02,6.299688e-02
7.85250,0.501783,0.563328,3.125936e-01,1.951384e-01,9.401906e-01,1.287192e-01,-1.525513e-03,-7.413170e-03,1.905870e-02,6.299262e-02
7.85500,0.501435,0.563375,3.127131e-01,1.952436e-01,9.401550e-01,1.287170e-01,-1.534636e-03,-7.406654e-03,1.905798e-02,6.298836e-02
7.85750,0.501088,0.563423,3.128326e-01,1.953497e-01,9.401194e-01,1.287148e-01,-1.543845e-03,-7.399857e-03,1.905725e-02,6.298410e-02
7.86000,0.500740,0.563471,3.129523e-01,1.954565e-01,9.400837e-01,1.287127e-01,-1.553123e-03,-7.392840e-03,1.905651e-02,6.297983e-02
7.86250,0.500393,0.563521,3.130721e-01,1.955640e-01,9.400480e-01,1.287105e-01,-1.562465e-03,-7.385683e-03,1.905576e-02,6.297557e-02
7.86500,0.500046,0.563570,3.131920e-01,1.956724e-01,9.400123e-01,1.287084e-01,-1.571879e-03,-7.378410e-03,1.905499e-02,6.297130e-02
7.86750,0.499699,0.563621,3.133120e-01,1.957814e-01,9.399765e-01,1.287062e-01,-1.581376e-03,-7.371140e-03,1.905420e-02,6.296703e-02
7.87000,0.499352,0.563672,3.134321e-01,1.958913e-01,9.399406e-01,1.287041e-01,-1.590945e-03,-7.363954e-03,1.905340e-02,6.296276e-02
7.87250,0.499005,0.563724,3.135523e-01,1.960018e-01,9.399045e-01,1.287019e-01,-1.600547e-03,-7.356874e-03,1.905259e-02,6.295849e-02
7.87500,0.498658,0.563777,3.136726e-01,1.961132e-01,9.398682e-01,1.286998e-01,-1.610090e-03,-7.349861e-03,1.905177e-02,6.295422e-02
7.87750,0.498312,0.563831,3.137931e-01,1.962253e-01,9.398317e-01,1.286977e-01,-1.619542e-03,-7.342964e-03,1.905094e-02,6.294995e-02
7.88000,0.497966,0.563885,3.139136e-01,1.963381e-01,9.397951e-01,1.286956e-01,-1.628911e-03,-7.336244e-03,1.905010e-02,6.294568e-02
7.88250,0.497620,0.563940,3.140342e-01,1.964516e-01,9.397583e-01,1.286935e-01,-1.638257e-03,-7.329780e-03,1.904925e-02,6.294140e-02
7.88500,0.497274,0.563996,3.141550e-01,1.965659e-01,9.397213e-01,1.286914e-01,-1.647583e-03,-7.323602e-03,1.904839e-02,6.293713e-02
7.88750,0.496928,0.564052,3.142758e-01,1.966810e-01,9.396841e-01,1.286893e-01,-1.656846e-03,-7.317859e-03,1.904752e-02,6.293285e-02
7.89000,0.496582,0.564109,3.143967e-01,1.967967e-01,9.396466e-01,1.286872e-01,-1.666062e-03,-7.312448e-03,1.904665e-02,6.292857e-02
7.89250,0.496237,0.564167,3.145177e-01,1.969132e-01,9.396089e-01,1.286851e-01,-1.675243e-03,-7.307345e-03,1.904577e-02,6.292429e-02
7.89500,0.495892,0.564226,3.146389e-01,1.970304e-01,9.395711e-01,1.286830e-01,-1.684403e-03,-7.302443e-03,1.904489e-02,6.292002e-02
7.89750,0.495547,0.564285,3.147601e-01,1.971484e-01,9.395336e-01,1.286810e-01,-1.693545e-03,-7.297568e-03,1.904401e-02,6.291574e-02
7.90000,0.495202,0.564345,3.148814e-01,1.972671e-01,9.394963e-01,1.286789e-01,-1.702631e-03,-7.292693e-03,1.904311e-02,6.291146e-02
7.90250,0.494857,0.564406,3.150027e-01,1.973864e-01,9.394596e-01,1.286768e-01,-1.711614e-03,-7.287884e-03,1.904221e-02,6.290718e-02
7.90500,0.494512,0.564467,3.151242e-01,1.975065e-01,9.394236e-01,1.286748e-01,-1.720537e-03,-7.283112e-03,1.904130e-02,6.290290e-02
7.90750,0.494168,0.564529,3.152457e-01,1.976274e-01,9.393884e-01,1.286727e-01,-1.729423e-03,-7.278401e-03,1.904039e-02,6.289863e-02
7.91000,0.493824,0.564592,3.153674e-01,1.977489e-01,9.393543e-01,1.286707e-01,-1.738290e-03,-7.273738e-03,1.903947e-02,6.289435e-02
7.91250,0.493480,0.564656,3.154891e-01,1.978711e-01,9.393212e-01,1.286687e-01,-1.747185e-03,-7.269003e-03,1.903855e-02,6.289008e-02
7.91500,0.493136,0.564720,3.156109e-01,1.979941e-01,9.392891e-01,1.286666e-01,-1.756137e-03,-7.264119e-03,1.903762e-02,6.288580e-02
7.91750,0.492792,0.564785,3.157327e-01,1.981177e-01,9.392580e-01,1.286646e-01,-1.765152e-03,-7.259103e-03,1.903668e-02,6.288152e-02
7.92000,0.492449,0.564851,3.158547e-01,1.982421e-01,9.392278e-01,1.286626e-01,-1.774216e-03,-7.253958e-03,1.903573e-02,6.287725e-02
7.92250,0.492105,0.564918,3.159793e-01,1.983671e-01,9.391983e-01,1.286606e-01,-1.783309e-03,-7.248612e-03,1.903477e-02,6.287298e-02
7.92500,0.491762,0.564985,3.161072e-01,1.984928e-01,9.391694e-01,1.286586e-01,-1.792425e-03,-7.242972e-03,1.903381e-02,6.286870e-02
7.92750,0.491419,0.565053,3.162352e-01,1.986193e-01,9.391409e-01,1.286566e-01,-1.801522e-03,-7.237092e-03,1.903284e-02,6.286443e-02
7.93000,0.491076,0.565122,3.163634e-01,1.987464e-01,9.391125e-01,1.286546e-01,-1.810554e-03,-7.231047e-03,1.903186e-02,6.286015e-02
7.93250,0.490733,0.565191,3.164917e-01,1.988742e-01,9.390840e-01,1.286526e-01,-1.819545e-03,-7.224781e-03,1.903088e-02,6.285588e-02
7.93500,0.490391,0.565261,3.166202e-01,1.990027e-01,9.390554e-01,1.286506e-01,-1.828590e-03,-7.218261e-03,1.902990e-02,6.285160e-02
7.93750,0.490049,0.565332,3.167488e-01,1.991319e-01,9.390267e-01,1.286486e-01,-1.837650e-03,-7.211587e-03,1.902890e-02,6.284733e-02
7.94000,0.489707,0.565404,3.168776e-01,1.992618e-01,9.389980e-01,1.286466e-01,-1.846714e-03,-7.204798e-03,1.902788e-02,6.284305e-02
7.94250,0.489365,0.565476,3.170065e-01,1.993923e-01,9.389691e-01,1.286446e-01,-1.855817e-03,-7.197849e-03,1.902686e-02,6.283877e-02
7.94500,0.489023,0.565549,3.171355e-01,1.995235e-01,9.389400e-01,1.286427e-01,-1.864966e-03,-7.190707e-03,1.902583e-02,6.283449e-02
7.94750,0.488681,0.565622,3.172647e-01,1.996554e-01,9.389109e-01,1.286407e-01,-1.874201e-03,-7.183355e-03,1.902479e-02,6.283022e-02
7.95000,0.488340,0.565697,3.173940e-01,1.997880e-01,9.388816e-01,1.286387e-01,-1.883493e-03,-7.175948e-03,1.902374e-02,6.282594e-02
7.95250,0.487999,0.565772,3.175235e-01,1.999212e-01,9.388523e-01,1.286368e-01,-1.892857e-03,-7.168422e-03,1.902268e-02,6.282166e-02
7.95500,0.487658,0.565848,3.176531e-01,2.000551e-01,9.388229e-01,1.286348e-01,-1.902305e-03,-7.160726e-03,1.902159e-02,6.281737e-02
7.95750,0.487317,0.565924,3.177828e-01,2.001897e-01,9.387934e-01,1.286329e-01,-1.911707e-03,-7.153096e-03,1.902050e-02,6.281309e-02
7.96000,0.486976,0.566002,3.179126e-01,2.003249e-01,9.387638e-01,1.286310e-01,-1.920954e-03,-7.145574e-03,1.901939e-02,6.280881e-02
7.96250,0.486636,0.566079,3.180426e-01,2.004608e-01,9.387342e-01,1.286290e-01,-1.930061e-03,-7.138255e-03,1.901828e-02,6.280453e-02
7.96500,0.486296,0.566158,3.181727e-01,2.005973e-01,9.387046e-01,1.286271e-01,-1.939107e-03,-7.131178e-03,1.901716e-02,6.280025e-02
7.96750,0.485956,0.566237,3.183029e-01,2.007345e-01,9.386750e-01,1.286252e-01,-1.948136e-03,-7.124391e-03,1.901603e-02,6.279597e-02
7.97000,0.485616,0.566318,3.184332e-01,2.008723e-01,9.386454e-01,1.286233e-01,-1.957163e-03,-7.117963e-03,1.901488e-02,6.279169e-02
7.97250,0.485276,0.566398,3.185637e-01,2.010108e-01,9.386156e-01,1.286213e-01,-1.966141e-03,-7.111888e-03,1.901373e-02,6.278741e-02
7.97500,0.484937,0.566480,3.186943e-01,2.011499e-01,9.385856e-01,1.286194e-01,-1.975074e-03,-7.106112e-03,1.901257e-02,6.278313e-02
7.97750,0.484597,0.566562,3.188250e-01,2.012897e-01,9.385556e-01,1.286175e-01,-1.984043e-03,-7.100584e-03,1.901140e-02,6.277885e-02
7.98000,0.484258,0.566645,3.189558e-01,2.014301e-01,9.385257e-01,1.286156e-01,-1.992949e-03,-7.095381e-03,1.901023e-02,6.277458e-02
7.98250,0.483920,0.566728,3.190867e-01,2.015711e-01,9.384960e-01,1.286138e-01,-2.001769e-03,-7.090301e-03,1.900905e-02,6.277030e-02
7.98500,0.483581,0.566813,3.192178e-01,2.017128e-01,9.384664e-01,1.286119e-01,-2.010630e-03,-7.085070e-03,1.900786e-02,6.276603e-02
7.98750,0.483242,0.566898,3.193489e-01,2.018551e-01,9.384372e-01,1.286100e-01,-2.019517e-03,-7.079814e-03,1.900666e-02,6.276176e-02
7.99000,0.482904,0.566983,3.194802e-01,2.019981e-01,9.384083e-01,1.286081e-01,-2.028429e-03,-7.074590e-03,1.900545e-02,6.275750e-02
7.99250,0.482566,0.567070,3.196116e-01,2.021416e-01,9.383800e-01,1.286062e-01,-2.037359e-03,-7.069373e-03,1.900423e-02,6.275323e-02
7.99500,0.482228,0.567157,3.197431e-01,2.022858e-01,9.383523e-01,1.286044e-01,-2.046270e-03,-7.064258e-03,1.900300e-02,6.274897e-02
7.99750,0.481891,0.567245,3.198746e-01,2.024306e-01,9.383251e-01,1.286025e-01,-2.055172e-03,-7.059139e-03,1.900177e-02,6.274472e-02
8.00000,0.481553,0.567333,3.200063e-01,2.025761e-01,9.382986e-01,1.286006e-01,-2.064136e-03,-7.053899e-03,1.900053e-02,6.274046e-02
8.00250,0.481216,0.567422,3.201381e-01,2.027221e-01,9.382727e-01,1.285988e-01,-2.073119e-03,-7.048496e-03,1.899928e-02,6.273621e-02
8.00500,0.480879,0.567512,3.202700e-01,2.028688e-01,9.382474e-01,1.285969e-01,-2.082111e-03,-7.042935e-03,1.899803e-02,6.273196e-02
8.00750,0.480542,0.567603,3.204020e-01,2.030161e-01,9.382225e-01,1.285951e-01,-2.091168e-03,-7.037095e-03,1.899677e-02,6.272771e-02
8.01000,0.480205,0.567694,3.205341e-01,2.031640e-01,9.381980e-01,1.285932e-01,-2.100228e-03,-7.030924e-03,1.899549e-02,6.272346e-02
8.01250,0.479869,0.567786,3.206662e-01,2.033125e-01,9.381736e-01,1.285914e-01,-2.109321e-03,-7.024391e-03,1.899421e-02,6.271922e-02
8.01500,0.479533,0.567879,3.207985e-01,2.034616e-01,9.381493e-01,1.285896e-01,-2.118389e-03,-7.017644e-03,1.899291e-02,6.271498e-02
8.01750,0.479197,0.567972,3.209309e-01,2.036113e-01,9.381249e-01,1.285877e-01,-2.127456e-03,-7.010607e-03,1.899160e-02,6.271074e-02
8.02000,0.478861,0.568066,3.210633e-01,2.037616e-01,9.381005e-01,1.285859e-01,-2.136620e-03,-7.003263e-03,1.899028e-02,6.270650e-02
8.02250,0.478525,0.568161,3.211995e-01,2.039125e-01,9.380762e-01,1.285841e-01,-2.145911e-03,-6.995721e-03,1.898894e-02,6.270226e-02
8.02500,0.478190,0.568256,3.213373e-01,2.040640e-01,9.380517e-01,1.285823e-01,-2.155282e-03,-6.988018e-03,1.898760e-02,6.269802e-02
8.02750,0.477855,0.568352,3.214752e-01,2.042161e-01,9.380271e-01,1.285805e-01,-2.164722e-03,-6.980182e-03,1.898623e-02,6.269379e-02
8.03000,0.477520,0.568449,3.216132e-01,2.043687e-01,9.380024e-01,1.285787e-01,-2.174168e-03,-6.972274e-03,1.898486e-02,6.268955e-02
8.03250,0.477185,0.568547,3.217514e-01,2.045220e-01,9.379776e-01,1.285769e-01,-2.183607e-03,-6.964281e-03,1.898348e-02,6.268532e-02
8.03500,0.476851,0.568645,3.218896e-01,2.046759e-01,9.379527e-01,1.285751e-01,-2.193060e-03,-6.956145e-03,1.898209e-02,6.268108e-02
8.03750,0.476516,0.568744,3.220280e-01,2.048303e-01,9.379277e-01,1.285733e-01,-2.202622e-03,-6.947855e-03,1.898068e-02,6.267685e-02
8.04000,0.476182,0.568843,3.221665e-01,2.049853e-01,9.379027e-01,1.285715e-01,-2.212319e-03,-6.939440e-03,1.897927e-02,6.267261e-02
8.04250,0.475849,0.568944,3.223051e-01,2.051409e-01,9.378777e-01,1.285697e-01,-2.222117e-03,-6.931082e-03,1.897784e-02,6.266838e-02
8.04500,0.475515,0.569045,3.224455e-01,2.052971e-01,9.378528e-01,1.285679e-01,-2.231920e-03,-6.922956e-03,1.897640e-02,6.266414e-02
8.04750,0.475182,0.569146,3.225887e-01,2.054538e-01,9.378281e-01,1.285661e-01,-2.241675e-03,-6.915176e-03,1.897494e-02,6.265991e-02
8.05000,0.474848,0.569249,3.227320e-01,2.056111e-01,9.378037e-01,1.285644e-01,-2.251353e-03,-6.907821e-03,1.897347e-02,6.265567e-02
8.05250,0.474515,0.569352,3.228754e-01,2.057690e-01,9.377795e-01,1.285626e-01,-2.260946e-03,-6.900873e-03,1.897199e-02,6.265144e-02
8.05500,0.474183,0.569455,3.230190e-01,2.059275e-01,9.377555e-01,1.285608e-01,-2.270482e-03,-6.894338e-03,1.897050e-02,6.264721e-02
8.05750,0.473850,0.569560,3.231627e-01,2.060865e-01,9.377318e-01,1.285591e-01,-2.280054e-03,-6.887979e-03,1.896900e-02,6.264298e-02
8.06000,0.473518,0.569665,3.233065e-01,2.062460e-01,9.377084e-01,1.285573e-01,-2.289593e-03,-6.881831e-03,1.896749e-02,6.263875e-02
8.06250,0.473186,0.569771,3.234505e-01,2.064062e-01,9.376855e-01,1.285556e-01,-2.299055e-03,-6.875913e-03,1.896598e-02,6.263452e-02
8.06500,0.472854,0.569877,3.235946e-01,2.065668e-01,9.376629e-01,1.285538e-01,-2.308484e-03,-6.870230e-03,1.896446e-02,6.263030e-02
8.06750,0.472523,0.569984,3.237388e-01,2.067281e-01,9.376406e-01,1.285521e-01,-2.317931e-03,-6.864736e-03,1.896292e-02,6.262607e-02
8.07000,0.472191,0.570092,3.238832e-01,2.068899e-01,9.376187e-01,1.285504e-01,-2.327411e-03,-6.859348e-03,1.896138e-02,6.262185e-02
8.07250,0.471860,0.570200,3.240277e-01,2.070522e-01,9.375973e-01,1.285486e-01,-2.336985e-03,-6.853998e-03,1.895984e-02,6.261763e-02
8.07500,0.471529,0.570309,3.241723e-01,2.072151e-01,9.375764e-01,1.285469e-01,-2.346654e-03,-6.848663e-03,1.895828e-02,6.261341e-02
8.07750,0.471199,0.570419,3.243171e-01,2.073785e-01,9.375562e-01,1.285452e-01,-2.356384e-03,-6.843242e-03,1.895671e-02,6.260919e-02
8.08000,0.470868,0.570530,3.244619e-01,2.075424e-01,9.375366e-01,1.285434e-01,-2.366122e-03,-6.837793e-03,1.895513e-02,6.260498e-02
8.08250,0.470538,0.570641,3.246069e-01,2.077069e-01,9.375176e-01,1.285417e-01,-2.375857e-03,-6.832304e-03,1.895354e-02,6.260077e-02
8.08500,0.470208,0.570753,3.247520e-01,2.078720e-01,9.374991e-01,1.285400e-01,-2.385602e-03,-6.826684e-03,1.895194e-02,6.259656e-02
8.08750,0.469878,0.570865,3.248973e-01,2.080376e-01,9.374812e-01,1.285383e-01,-2.395361e-03,-6.820853e-03,1.895033e-02,6.259235e-02
8.09000,0.469549,0.570979,3.250426e-01,2.082037e-01,9.374636e-01,1.285366e-01,-2.405142e-03,-6.814750e-03,1.894871e-02,6.258814e-02
8.09250,0.469220,0.571092,3.251880e-01,2.083703e-01,9.374464e-01,1.285349e-01,-2.414963e-03,-6.808303e-03,1.894709e-02,6.258393e-02
8.09500,0.468891,0.571207,3.253336e-01,2.085374e-01,9.374292e-01,1.285332e-01,-2.424834e-03,-6.801488e-03,1.894546e-02,6.257973e-02
8.09750,0.468562,0.571322,3.254793e-01,2.087051e-01,9.374121e-01,1.285315e-01,-2.434727e-03,-6.794422e-03,1.894382e-02,6.257552e-02
8.10000,0.468233,0.571438,3.256250e-01,2.088733e-01,9.373949e-01,1.285298e-01,-2.444611e-03,-6.787239e-03,1.894218e-02,6.257131e-02
8.10250,0.467905,0.571555,3.257709e-01,2.090421e-01,9.373775e-01,1.285281e-01,-2.454477e-03,-6.779949e-03,1.894052e-02,6.256711e-02
8.10500,0.467577,0.571672,3.259169e-01,2.092113e-01,9.373598e-01,1.285265e-01,-2.464321e-03,-6.772420e-03,1.893886e-02,6.256290e-02
8.10750,0.467249,0.571790,3.260630e-01,2.093810e-01,9.373416e-01,1.285248e-01,-2.474177e-03,-6.764582e-03,1.893718e-02,6.255869e-02
8.11000,0.466922,0.571908,3.262091e-01,2.095513e-01,9.373229e-01,1.285231e-01,-2.484001e-03,-6.756499e-03,1.893550e-02,6.255448e-02
8.11250,0.466595,0.572028,3.263614e-01,2.097221e-01,9.373036e-01,1.285214e-01,-2.493800e-03,-6.748112e-03,1.893381e-02,6.255027e-02
8.11500,0.466268,0.572148,3.265141e-01,2.098934e-01,9.372838e-01,1.285198e-01,-2.503625e-03,-6.739443e-03,1.893210e-02,6.254606e-02
8.11750,0.465941,0.572268,3.266670e-01,2.100652e-01,9.372636e-01,1.285181e-01,-2.513493e-03,-6.730570e-03,1.893038e-02,6.254185e-02
8.12000,0.465614,0.572389,3.268199e-01,2.102375e-01,9.372430e-01,1.285164e-01,-2.523392e-03,-6.721500e-03,1.892864e-02,6.253764e-02
8.12250,0.465288,0.572511,3.269730e-01,2.104103e-01,9.372222e-01,1.285148e-01,-2.533359e-03,-6.712360e-03,1.892690e-02,6.253343e-02
8.12500,0.464962,0.572634,3.271261e-01,2.105835e-01,9.372014e-01,1.285131e-01,-2.543298e-03,-6.703264e-03,1.892514e-02,6.252921e-02
8.12750,0.464636,0.572757,3.272794e-01,2.107573e-01,9.371805e-01,1.285115e-01,-2.553173e-03,-6.694199e-03,1.892338e-02,6.252500e-02
8.13000,0.464311,0.572881,3.274328e-01,2.109316e-01,9.371599e-01,1.285098e-01,-2.562930e-03,-6.685447e-03,1.892161e-02,6.252079e-02
8.13250,0.463986,0.573006,3.275863e-01,2.111064e-01,9.371396e-01,1.285082e-01,-2.572591e-03,-6.677189e-03,1.891983e-02,6.251657e-02
8.13500,0.463661,0.573131,3.277400e-01,2.112816e-01,9.371198e-01,1.285066e-01,-2.582128e-03,-6.669573e-03,1.891804e-02,6.251236e-02
8.13750,0.463336,0.573257,3.278937e-01,2.114574e-01,9.371003e-01,1.285049e-01,-2.591526e-03,-6.662485e-03,1.891625e-02,6.250815e-02
8.14000,0.463011,0.573383,3.280475e-01,2.116336e-01,9.370814e-01,1.285033e-01,-2.600872e-03,-6.655708e-03,1.891445e-02,6.250393e-02
8.14250,0.462687,0.573511,3.282014e-01,2.118103e-01,9.370629e-01,1.285017e-01,-2.610290e-03,-6.648981e-03,1.891264e-02,6.249972e-02
8.14500,0.462363,0.573638,3.283555e-01,2.119875e-01,9.370448e-01,1.285001e-01,-2.619735e-03,-6.642367e-03,1.891082e-02,6.249552e-02
8.14750,0.462040,0.573767,3.285096e-01,2.121652e-01,9.370270e-01,1.284984e-01,-2.629187e-03,-6.635916e-03,1.890898e-02,6.249131e-02
8.15000,0.461716,0.573896,3.286638e-01,2.123433e-01,9.370094e-01,1.284968e-01,-2.638691e-03,-6.629640e-03,1.890714e-02,6.248710e-02
8.15250,0.461393,0.574026,3.288181e-01,2.125219e-01,9.369921e-01,1.284952e-01,-2.648175e-03,-6.623494e-03,1.890528e-02,6.248290e-02
8.15500,0.461070,0.574157,3.289728e-01,2.127010e-01,9.369753e-01,1.284936e-01,-2.657627e-03,-6.617407e-03,1.890342e-02,6.247870e-02
8.15750,0.460747,0.574288,3.291330e-01,2.128806e-01,9.369590e-01,1.284920e-01,-2.667079e-03,-6.611295e-03,1.890155e-02,6.247451e-02
8.16000,0.460425,0.574419,3.292933e-01,2.130606e-01,9.369431e-01,1.284904e-01,-2.676539e-03,-6.605053e-03,1.889968e-02,6.247031e-02
8.16250,0.460103,0.574552,3.294537e-01,2.132411e-01,9.369277e-01,1.284888e-01,-2.685989e-03,-6.598813e-03,1.889780e-02,6.246612e-02
8.16500,0.459781,0.574685,3.296143e-01,2.134220e-01,9.369128e-01,1.284872e-01,-2.695418e-03,-6.592644e-03,1.889592e-02,6.246193e-02
8.16750,0.459460,0.574819,3.297750e-01,2.136034e-01,9.368982e-01,1.284856e-01,-2.704865e-03,-6.586355e-03,1.889403e-02,6.245775e-02
8.17000,0.459138,0.574953,3.299357e-01,2.137853e-01,9.368839e-01,1.284840e-01,-2.714284e-03,-6.579901e-03,1.889213e-02,6.245356e-02
8.17250,0.458817,0.575088,3.300966e-01,2.139676e-01,9.368700e-01,1.284825e-01,-2.723645e-03,-6.573228e-03,1.889024e-02,6.244938e-02
8.17500,0.458496,0.575224,3.302576e-01,2.141504e-01,9.368562e-01,1.284809e-01,-2.733014e-03,-6.566178e-03,1.888834e-02,6.244520e-02
8.17750,0.458176,0.575360,3.304186e-01,2.143336e-01,9.368425e-01,1.284793e-01,-2.742423e-03,-6.558714e-03,1.888643e-02,6.244102e-02
8.18000,0.457856,0.575497,3.305798e-01,2.145173e-01,9.368286e-01,1.284777e-01,-2.751827e-03,-6.550825e-03,1.888451e-02,6.243685e-02
8.18250,0.457536,0.575635,3.307411e-01,2.147014e-01,9.368146e-01,1.284762e-01,-2.761240e-03,-6.542574e-03,1.888258e-02,6.243267e-02
8.18500,0.457216,0.575773,3.309024e-01,2.148859e-01,9.368002e-01,1.284746e-01,-2.770686e-03,-6.534170e-03,1.888065e-02,6.242850e-02
8.18750,0.456897,0.575912,3.310639e-01,2.150709e-01,9.367851e-01,1.284730e-01,-2.780081e-03,-6.525694e-03,1.887870e-02,6.242433e-02
8.19000,0.456578,0.576052,3.312254e-01,2.152564e-01,9.367693e-01,1.284715e-01,-2.789396e-03,-6.517053e-03,1.887675e-02,6.242016e-02
8.19250,0.456259,0.576192,3.313871e-01,2.154423e-01,9.367528e-01,1.284699e-01,-2.798688e-03,-6.508153e-03,1.887479e-02,6.241599e-02
8.19500,0.455940,0.576333,3.315488e-01,2.156286e-01,9.367359e-01,1.284684e-01,-2.807991e-03,-6.499085e-03,1.887283e-02,6.241182e-02
8.19750,0.455622,0.576475,3.317106e-01,2.158153e-01,9.367185e-01,1.284668e-01,-2.817404e-03,-6.489716e-03,1.887086e-02,6.240765e-02
8.20000,0.455304,0.576617,3.318725e-01,2.160025e-01,9.367008e-01,1.284653e-01,-2.826924e-03,-6.480099e-03,1.886888e-02,6.240348e-02
8.20250,0.454986,0.576760,3.320344e-01,2.161901e-01,9.366830e-01,1.284637e-01,-2.836484e-03,-6.470389e-03,1.886689e-02,6.239932e-02
8.20500,0.454669,0.576903,3.321965e-01,2.163782e-01,9.366651e-01,1.284622e-01,-2.846029e-03,-6.460745e-03,1.886490e-02,6.239515e-02
8.20750,0.454352,0.577047,3.323586e-01,2.165666e-01,9.366474e-01,1.284607e-01,-2.855569e-03,-6.451175e-03,1.886289e-02,6.239099e-02
8.21000,0.454035,0.577192,3.325208e-01,2.167555e-01,9.366300e-01,1.284591e-01,-2.865159e-03,-6.441635e-03,1.886087e-02,6.238682e-02
8.21250,0.453718,0.577337,3.326830e-01,2.169448e-01,9.366132e-01,1.284576e-01,-2.874762e-03,-6.432349e-03,1.885884e-02,6.238266e-02
8.21500,0.453402,0.577483,3.328453e-01,2.171345e-01,9.365970e-01,1.284561e-01,-2.884323e-03,-6.423532e-03,1.885680e-02,6.237850e-02
8.21750,0.453086,0.577630,3.330126e-01,2.173247e-01,9.365814e-01,1.284545e-01,-2.893901e-03,-6.415172e-03,1.885474e-02,6.237434e-02
8.22000,0.452771,0.577777,3.331821e-01,2.175152e-01,9.365665e-01,1.284530e-01,-2.903513e-03,-6.407261e-03,1.885267e-02,6.237018e-02
8.22250,0.452455,0.577925,3.333517e-01,2.177062e-01,9.365521e-01,1.284515e-01,-2.913098e-03,-6.399848e-03,1.885058e-02,6.236603e-02
8.22500,0.452140,0.578074,3.335214e-01,2.178976e-01,9.365381e-01,1.284500e-01,-2.922641e-03,-6.392904e-03,1.884849e-02,6.236187e-02
8.22750,0.451825,0.578223,3.336912e-01,2.180893e-01,9.365243e-01,1.284485e-01,-2.932202e-03,-6.386250e-03,1.884640e-02,6.235772e-02
8.23000,0.451511,0.578373,3.338610e-01,2.182815e-01,9.365107e-01,1.284470e-01,-2.941841e-03,-6.379700e-03,1.884429e-02,6.235358e-02
8.23250,0.451196,0.578523,3.340310e-01,2.184741e-01,9.364974e-01,1.284455e-01,-2.951538e-03,-6.373304e-03,1.884217e-02,6.234943e-02
8.23500,0.450883,0.578675,3.342009e-01,2.186671e-01,9.364845e-01,1.284440e-01,-2.961319e-03,-6.366987e-03,1.884004e-02,6.234529e-02
8.23750,0.450569,0.578826,3.343710e-01,2.188605e-01,9.364720e-01,1.284425e-01,-2.971241e-03,-6.360527e-03,1.883790e-02,6.234115e-02
8.24000,0.450256,0.578979,3.345411e-01,2.190543e-01,9.364600e-01,1.284410e-01,-2.981246e-03,-6.353918e-03,1.883574e-02,6.233701e-02
8.24250,0.449943,0.579132,3.347113e-01,2.192485e-01,9.364484e-01,1.284395e-01,-2.991346e-03,-6.347154e-03,1.883356e-02,6.233287e-02
8.24500,0.449630,0.579285,3.348815e-01,2.194431e-01,9.364371e-01,1.284380e-01,-3.001494e-03,-6.340339e-03,1.883137e-02,6.232874e-02
8.24750,0.449317,0.579439,3.350518e-01,2.196380e-01,9.364261e-01,1.284365e-01,-3.011681e-03,-6.333551e-03,1.882917e-02,6.232461e-02
8.25000,0.449005,0.579594,3.352221e-01,2.198334e-01,9.364156e-01,1.284350e-01,-3.021905e-03,-6.326632e-03,1.882696e-02,6.232048e-02
8.25250,0.448693,0.579750,3.353925e-01,2.200291e-01,9.364054e-01,1.284336e-01,-3.032135e-03,-6.319542e-03,1.882475e-02,6.231635e-02
8.25500,0.448382,0.579906,3.355630e-01,2.202252e-01,9.363955e-01,1.284321e-01,-3.042397e-03,-6.312000e-03,1.882253e-02,6.231222e-02
8.25750,0.448071,0.580063,3.357334e-01,2.204218e-01,9.363857e-01,1.284306e-01,-3.052661e-03,-6.304089e-03,1.882032e-02,6.230810e-02
8.26000,0.447760,0.580220,3.359040e-01,2.206187e-01,9.363758e-01,1.284291e-01,-3.062885e-03,-6.295964e-03,1.881809e-02,6.230397e-02
8.26250,0.447449,0.580378,3.360745e-01,2.208159e-01,9.363655e-01,1.284277e-01,-3.073004e-03,-6.287696e-03,1.881587e-02,6.229985e-02
8.26500,0.447139,0.580537,3.362451e-01,2.210136e-01,9.363547e-01,1.284262e-01,-3.083040e-03,-6.279181e-03,1.881364e-02,6.229572e-02
8.26750,0.446829,0.580696,3.364157e-01,2.212116e-01,9.363430e-01,1.284248e-01,-3.093072e-03,-6.270418e-03,1.881141e-02,6.229160e-02
8.27000,0.446519,0.580856,3.365864e-01,2.214100e-01,9.363305e-01,1.284233e-01,-3.103152e-03,-6.261349e-03,1.880917e-02,6.228747e-02
8.27250,0.446210,0.581016,3.367571e-01,2.216087e-01,9.363173e-01,1.284218e-01,-3.113330e-03,-6.251882e-03,1.880692e-02,6.228335e-02
8.27500,0.445901,0.581177,3.369278e-01,2.218079e-01,9.363036e-01,1.284204e-01,-3.123532e-03,-6.242113e-03,1.880466e-02,6.227922e-02
8.27750,0.445592,0.581339,3.370986e-01,2.220074e-01,9.362894e-01,1.284189e-01,-3.133774e-03,-6.232212e-03,1.880240e-02,6.227509e-02
8.28000,0.445283,0.581501,3.372727e-01,2.222072e-01,9.362750e-01,1.284175e-01,-3.144137e-03,-6.222123e-03,1.880011e-02,6.227096e-02
8.28250,0.444975,0.581664,3.374502e-01,2.224075e-01,9.362605e-01,1.284161e-01,-3.154612e-03,-6.211866e-03,1.879782e-02,6.226683e-02
8.28500,0.444667,0.581828,3.376278e-01,2.226080e-01,9.362459e-01,1.284146e-01,-3.165155e-03,-6.201368e-03,1.879550e-02,6.226269e-02
8.28750,0.444360,0.581992,3.378054e-01,2.228090e-01,9.362316e-01,1.284132e-01,-3.175696e-03,-6.190716e-03,1.879318e-02,6.225856e-02
8.29000,0.444053,0.582157,3.379831e-01,2.230103e-01,9.362179e-01,1.284118e-01,-3.186248e-03,-6.180070e-03,1.879085e-02,6.225442e-02
8.29250,0.443746,0.582322,3.381607e-01,2.232119e-01,9.362047e-01,1.284103e-01,-3.196812e-03,-6.169613e-03,1.878850e-02,6.225028e-02
8.29500,0.443439,0.582488,3.383384e-01,2.234139e-01,9.361923e-01,1.284089e-01,-3.207237e-03,-6.159764e-03,1.878615e-02,6.224614e-02
8.29750,0.443133,0.582655,3.385162e-01,2.236163e-01,9.361807e-01,1.284075e-01,-3.217550e-03,-6.150498e-03,1.878378e-02,6.224200e-02
8.30000,0.442827,0.582822,3.386939e-01,2.238190e-01,9.361696e-01,1.284061e-01,-3.227877e-03,-6.141705e-03,1.878141e-02,6.223786e-02
8.30250,0.442522,0.582990,3.388716e-01,2.240220e-01,9.361591e-01,1.284046e-01,-3.238324e-03,-6.133194e-03,1.877902e-02,6.223372e-02
8.30500,0.442216,0.583158,3.390494e-01,2.242254e-01,9.361486e-01,1.284032e-01,-3.248814e-03,-6.125021e-03,1.877662e-02,6.222957e-02
8.30750,0.441911,0.583327,3.392272e-01,2.244291e-01,9.361383e-01,1.284018e-01,-3.259259e-03,-6.117190e-03,1.877421e-02,6.222543e-02
8.31000,0.441607,0.583497,3.394050e-01,2.246332e-01,9.361282e-01,1.284004e-01,-3.269624e-03,-6.109603e-03,1.877180e-02,6.222129e-02
8.31250,0.441303,0.583667,3.395828e-01,2.248376e-01,9.361184e-01,1.283990e-01,-3.279966e-03,-6.102119e-03,1.876937e-02,6.221714e-02
8.31500,0.440999,0.583838,3.397607e-01,2.250423e-01,9.361091e-01,1.283976e-01,-3.290340e-03,-6.094600e-03,1.876694e-02,6.221300e-02
8.31750,0.440695,0.584009,3.399385e-01,2.252474e-01,9.361001e-01,1.283962e-01,-3.300693e-03,-6.087036e-03,1.876451e-02,6.220886e-02
8.32000,0.440392,0.584181,3.401163e-01,2.254528e-01,9.360914e-01,1.283948e-01,-3.310953e-03,-6.079505e-03,1.876206e-02,6.220472e-02
8.32250,0.440089,0.584354,3.402942e-01,2.256585e-01,9.360829e-01,1.283934e-01,-3.321110e-03,-6.072117e-03,1.875962e-02,6.220058e-02
8.32500,0.439786,0.584527,3.404720e-01,2.258646e-01,9.360748e-01,1.283921e-01,-3.331336e-03,-6.064580e-03,1.875717e-02,6.219644e-02
8.32750,0.439484,0.584701,3.406499e-01,2.260710e-01,9.360671e-01,1.283907e-01,-3.341688e-03,-6.056796e-03,1.875472e-02,6.219230e-02
8.33000,0.439182,0.584876,3.408277e-01,2.262777e-01,9.360599e-01,1.283893e-01,-3.351997e-03,-6.048867e-03,1.875226e-02,6.218816e-02
8.33250,0.438880,0.585051,3.410056e-01,2.264847e-01,9.360530e-01,1.283879e-01,-3.362217e-03,-6.040796e-03,1.874980e-02,6.218402e-02
8.33500,0.438579,0.585226,3.411834e-01,2.266921e-01,9.360463e-01,1.283865e-01,-3.372410e-03,-6.032452e-03,1.874735e-02,6.217989e-02
8.33750,0.438278,0.585403,3.413612e-01,2.268997e-01,9.360396e-01,1.283852e-01,-3.382613e-03,-6.023852e-03,1.874489e-02,6.217575e-02
8.34000,0.437977,0.585579,3.415390e-01,2.271077e-01,9.360326e-01,1.283838e-01,-3.392779e-03,-6.014941e-03,1.874243e-02,6.217161e-02
8.34250,0.437677,0.585757,3.417168e-01,2.273160e-01,9.360250e-01,1.283824e-01,-3.402934e-03,-6.005697e-03,1.873996e-02,6.216748e-02
8.34500,0.437377,0.585935,3.418946e-01,2.275246e-01,9.360163e-01,1.283811e-01,-3.413108e-03,-5.996155e-03,1.873748e-02,6.216334e-02
8.34750,0.437078,0.586114,3.420723e-01,2.277335e-01,9.360068e-01,1.283797e-01,-3.423401e-03,-5.986207e-03,1.873499e-02,6.215920e-02
8.35000,0.436778,0.586293,3.422501e-01,2.279427e-01,9.359965e-01,1.283783e-01,-3.433795e-03,-5.975913e-03,1.873250e-02,6.215506e-02
8.35250,0.436480,0.586473,3.424328e-01,2.281523e-01,9.359855e-01,1.283770e-01,-3.444151e-03,-5.965557e-03,1.873001e-02,6.215092e-02
8.35500,0.436181,0.586653,3.426178e-01,2.283621e-01,9.359741e-01,1.283756e-01,-3.454398e-03,-5.955166e-03,1.872751e-02,6.214678e-02
8.35750,0.435883,0.586834,3.428027e-01,2.285722e-01,9.359624e-01,1.283743e-01,-3.464628e-03,-5.944554e-03,1.872501e-02,6.214263e-02
8.36000,0.435585,0.587016,3.429877e-01,2.287827e-01,9.359504e-01,1.283729e-01,-3.474901e-03,-5.933674e-03,1.872251e-02,6.213849e-02
8.36250,0.435287,0.587198,3.431726e-01,2.289934e-01,9.359383e-01,1.283716e-01,-3.485170e-03,-5.922565e-03,1.872000e-02,6.213435e-02
8.36500,0.434990,0.587381,3.433575e-01,2.292044e-01,9.359264e-01,1.283703e-01,-3.495395e-03,-5.911309e-03,1.871749e-02,6.213020e-02
8.36750,0.434693,0.587564,3.435424e-01,2.294158e-01,9.359150e-01,1.283689e-01,-3.505583e-03,-5.899953e-03,1.871497e-02,6.212605e-02
8.37000,0.434397,0.587748,3.437272e-01,2.296274e-01,9.359043e-01,1.283676e-01,-3.515779e-03,-5.888559e-03,1.871244e-02,6.212190e-02
8.37250,0.434101,0.587932,3.439120e-01,2.298393e-01,9.358944e-01,1.283663e-01,-3.525904e-03,-5.877381e-03,1.870991e-02,6.211775e-02
8.37500,0.433805,0.588117,3.440968e-01,2.300515e-01,9.358852e-01,1.283649e-01,-3.535905e-03,-5.866847e-03,1.870737e-02,6.211360e-02
8.37750,0.433510,0.588303,3.442815e-01,2.302640e-01,9.358767e-01,1.283636e-01,-3.545889e-03,-5.856940e-03,1.870483e-02,6.210944e-02
8.38000,0.433215,0.588489,3.444662e-01,2.304767e-01,9.358686e-01,1.283623e-01,-3.555946e-03,-5.847528e-03,1.870227e-02,6.210529e-02
8.38250,0.432920,0.588676,3.446508e-01,2.306898e-01,9.358607e-01,1.283610e-01,-3.566070e-03,-5.838599e-03,1.869971e-02,6.210114e-02
8.38500,0.432626,0.588863,3.448354e-01,2.309031e-01,9.358528e-01,1.283597e-01,-3.576123e-03,-5.830081e-03,1.869715e-02,6.209699e-02
8.38750,0.432332,0.589051,3.450199e-01,2.311167e-01,9.358451e-01,1.283584e-01,-3.586030e-03,-5.821928e-03,1.869458e-02,6.209284e-02
8.39000,0.432038,0.589240,3.452044e-01,2.313306e-01,9.358376e-01,1.283571e-01,-3.595870e-03,-5.813995e-03,1.869201e-02,6.208869e-02
8.39250,0.431745,0.589429,3.453888e-01,2.315448e-01,9.358305e-01,1.283558e-01,-3.605713e-03,-5.806200e-03,1.868943e-02,6.208454e-02
8.39500,0.431452,0.589619,3.455732e-01,2.317593e-01,9.358237e-01,1.283545e-01,-3.615540e-03,-5.798536e-03,1.868685e-02,6.208039e-02
8.39750,0.431159,0.589809,3.457600e-01,2.319740e-01,9.358172e-01,1.283532e-01,-3.625351e-03,-5.790992e-03,1.868426e-02,6.207625e-02
8.40000,0.430867,0.590000,3.459514e-01,2.321890e-01,9.358109e-01,1.283519e-01,-3.635224e-03,-5.783466e-03,1.868167e-02,6.207210e-02
8.40250,0.430575,0.590191,3.461428e-01,2.324042e-01,9.358049e-01,1.283506e-01,-3.645222e-03,-5.775862e-03,1.867906e-02,6.206796e-02
8.40500,0.430284,0.590383,3.463341e-01,2.326198e-01,9.357993e-01,1.283493e-01,-3.655382e-03,-5.768027e-03,1.867644e-02,6.206382e-02
8.40750,0.429993,0.590576,3.465254e-01,2.328356e-01,9.357943e-01,1.283480e-01,-3.665616e-03,-5.759942e-03,1.867382e-02,6.205969e-02
8.41000,0.429702,0.590769,3.467166e-01,2.330516e-01,9.357897e-01,1.283467e-01,-3.675881e-03,-5.751598e-03,1.867118e-02,6.205555e-02
8.41250,0.429412,0.590963,3.469078e-01,2.332679e-01,9.357853e-01,1.283455e-01,-3.686161e-03,-5.743075e-03,1.866854e-02,6.205142e-02
8.41500,0.429122,0.591157,3.470989e-01,2.334845e-01,9.357809e-01,1.283442e-01,-3.696507e-03,-5.734251e-03,1.866590e-02,6.204729e-02
8.41750,0.428832,0.591352,3.472899e-01,2.337014e-01,9.357762e-01,1.283429e-01,-3.706888e-03,-5.725145e-03,1.866325e-02,6.204315e-02
8.42000,0.428543,0.591547,3.474809e-01,2.339185e-01,9.357707e-01,1.283416e-01,-3.717280e-03,-5.715826e-03,1.866060e-02,6.203902e-02
8.42250,0.428254,0.591743,3.476718e-01,2.341358e-01,9.357642e-01,1.283404e-01,-3.727676e-03,-5.706298e-03,1.865794e-02,6.203489e-02
8.42500,0.427966,0.591940,3.478626e-01,2.343534e-01,9.357567e-01,1.283391e-01,-3.738122e-03,-5.696493e-03,1.865528e-02,6.203076e-02
8.42750,0.427678,0.592137,3.480534e-01,2.345713e-01,9.357484e-01,1.283378e-01,-3.748669e-03,-5.686412e-03,1.865261e-02,6.202662e-02
8.43000,0.427390,0.592335,3.482441e-01,2.347894e-01,9.357395e-01,1.283366e-01,-3.759280e-03,-5.676132e-03,1.864993e-02,6.202249e-02
8.43250,0.427103,0.592533,3.484347e-01,2.350078e-01,9.357302e-01,1.283353e-01,-3.770037e-03,-5.665594e-03,1.864724e-02,6.201835e-02
8.43500,0.426816,0.592732,3.486252e-01,2.352264e-01,9.357205e-01,1.283341e-01,-3.780923e-03,-5.654752e-03,1.864455e-02,6.201421e-02
8.43750,0.426529,0.592931,3.488156e-01,2.354453e-01,9.357104e-01,1.283328e-01,-3.791821e-03,-5.643661e-03,1.864184e-02,6.201007e-02
8.44000,0.426243,0.593131,3.490060e-01,2.356644e-01,9.357002e-01,1.283316e-01,-3.802713e-03,-5.632285e-03,1.863913e-02,6.200592e-02
8.44250,0.425957,0.593331,3.491963e-01,2.358837e-01,9.356902e-01,1.283303e-01,-3.813590e-03,-5.620662e-03,1.863641e-02,6.200177e-02
8.44500,0.425671,0.593532,3.493865e-01,2.361033e-01,9.356808e-01,1.283291e-01,-3.824499e-03,-5.608734e-03,1.863369e-02,6.199762e-02
8.44750,0.425386,0.593734,3.495766e-01,2.363231e-01,9.356721e-01,1.283279e-01,-3.835448e-03,-5.596557e-03,1.863095e-02,6.199347e-02
8.45000,0.425102,0.593936,3.497666e-01,2.365432e-01,9.356641e-01,1.283266e-01,-3.846421e-03,-5.584234e-03,1.862822e-02,6.198931e-02
8.45250,0.424817,0.594139,3.499565e-01,2.367635e-01,9.356569e-01,1.283254e-01,-3.857352e-03,-5.572031e-03,1.862547e-02,6.198515e-02
8.45500,0.424533,0.594342,3.501463e-01,2.369840e-01,9.356503e-01,1.283242e-01,-3.868198e-03,-5.560375e-03,1.862273e-02,6.198098e-02
8.45750,0.424250,0.594546,3.503360e-01,2.372047e-01,9.356441e-01,1.283230e-01,-3.879006e-03,-5.549258e-03,1.861998e-02,6.197681e-02
8.46000,0.423967,0.594750,3.505256e-01,2.374257e-01,9.356379e-01,1.283217e-01,-3.889789e-03,-5.538624e-03,1.861722e-02,6.197264e-02
8.46250,0.423684,0.594955,3.507151e-01,2.376469e-01,9.356317e-01,1.283205e-01,-3.900600e-03,-5.528432e-03,1.861445e-02,6.196847e-02
8.46500,0.423402,0.595160,3.509044e-01,2.378684e-01,9.356258e-01,1.283193e-01,-3.911511e-03,-5.518544e-03,1.861168e-02,6.196429e-02
8.46750,0.423120,0.595366,3.510937e-01,2.380900e-01,9.356201e-01,1.283181e-01,-3.922564e-03,-5.508882e-03,1.860889e-02,6.196011e-02
8.47000,0.422838,0.595573,3.512829e-01,2.383119e-01,9.356148e-01,1.283169e-01,-3.933713e-03,-5.499354e-03,1.860610e-02,6.195593e-02
8.47250,0.422557,0.595780,3.514719e-01,2.385340e-01,9.356097e-01,1.283157e-01,-3.944928e-03,-5.489870e-03,1.860329e-02,6.195175e-02
8.47500,0.422276,0.595987,3.516608e-01,2.387563e-01,9.356048e-01,1.283145e-01,-3.956152e-03,-5.480465e-03,1.860048e-02,6.194757e-02
8.47750,0.421996,0.596195,3.518496e-01,2.389789e-01,9.356001e-01,1.283133e-01,-3.967411e-03,-5.471055e-03,1.859766e-02,6.194338e-02
8.48000,0.421716,0.596404,3.520383e-01,2.392016e-01,9.355957e-01,1.283121e-01,-3.978805e-03,-5.461649e-03,1.859483e-02,6.193919e-02
8.48250,0.421436,0.596613,3.522268e-01,2.394246e-01,9.355919e-01,1.283109e-01,-3.990338e-03,-5.452106e-03,1.859199e-02,6.193500e-02
8.48500,0.421157,0.596823,3.524152e-01,2.396478e-01,9.355887e-01,1.283097e-01,-4.001943e-03,-5.442455e-03,1.858913e-02,6.193081e-02
8.48750,0.420878,0.597033,3.526035e-01,2.398712e-01,9.355860e-01,1.283086e-01,-4.013588e-03,-5.432603e-03,1.858627e-02,6.192662e-02
8.49000,0.420600,0.597244,3.527916e-01,2.400948e-01,9.355834e-01,1.283074e-01,-4.025229e-03,-5.422597e-03,1.858340e-02,6.192243e-02
8.49250,0.420322,0.597456,3.529843e-01,2.403186e-01,9.355808e-01,1.283062e-01,-4.036864e-03,-5.412406e-03,1.858053e-02,6.191823e-02
8.49500,0.420044,0.597667,3.531792e-01,2.405426e-01,9.355777e-01,1.283050e-01,-4.048510e-03,-5.401936e-03,1.857765e-02,6.191403e-02
8.49750,0.419767,0.597880,3.533741e-01,2.407668e-01,9.354426e-01,1.283039e-01,-4.060174e-03,-5.391119e-03,1.857477e-02,6.190982e-02
8.50000,0.419490,0.598093,3.535688e-01,2.409912e-01,9.352894e-01,1.283027e-01,-4.071790e-03,-5.380018e-03,1.857189e-02,6.190561e-02
8.50250,0.419214,0.598306,3.537633e-01,2.412158e-01,9.351371e-01,1.283015e-01,-4.083300e-03,-5.368711e-03,1.856902e-02,6.190140e-02
8.50500,0.418938,0.598520,3.539577e-01,2.414406e-01,9.349856e-01,1.283004e-01,-4.094695e-03,-5.357187e-03,1.856615e-02,6.189719e-02
8.50750,0.418663,0.598735,3.541520e-01,2.416656e-01,9.348351e-01,1.282992e-01,-4.105978e-03,-5.345552e-03,1.856328e-02,6.189297e-02
8.51000,0.418388,0.598950,3.543461e-01,2.418908e-01,9.346856e-01,1.282981e-01,-4.117170e-03,-5.333825e-03,1.856043e-02,6.188874e-02
8.51250,0.418113,0.599166,3.545401e-01,2.421162e-01,9.345373e-01,1.282969e-01,-4.128275e-03,-5.321880e-03,1.855757e-02,6.188451e-02
8.51500,0.417839,0.599382,3.547340e-01,2.423418e-01,9.343900e-01,1.282958e-01,-4.139324e-03,-5.309686e-03,1.855472e-02,6.188027e-02
8.51750,0.417565,0.599598,3.549276e-01,2.425676e-01,9.342439e-01,1.282947e-01,-4.150303e-03,-5.297277e-03,1.855187e-02,6.187603e-02
8.52000,0.417291,0.599816,3.551212e-01,2.427935e-01,9.340990e-01,1.282935e-01,-4.161267e-03,-5.284606e-03,1.854902e-02,6.187179e-02
8.52250,0.417018,0.600033,3.553146e-01,2.430197e-01,9.339553e-01,1.282924e-01,-4.172297e-03,-5.271608e-03,1.854617e-02,6.186753e-02
8.52500,0.416746,0.600251,3.555078e-01,2.432460e-01,9.338128e-01,1.282913e-01,-4.183317e-03,-5.258509e-03,1.854332e-02,6.186328e-02
8.52750,0.416473,0.600470,3.557009e-01,2.434725e-01,9.336716e-01,1.282901e-01,-4.194421e-03,-5.245241e-03,1.854047e-02,6.185902e-02
8.53000,0.416202,0.600690,3.558938e-01,2.436992e-01,9.335315e-01,1.282890e-01,-4.205583e-03,-5.231773e-03,1.853761e-02,6.185475e-02
8.53250,0.415930,0.600909,3.560866e-01,2.439261e-01,9.333925e-01,1.282879e-01,-4.216736e-03,-5.218126e-03,1.853474e-02,6.185048e-02
8.53500,0.415659,0.601130,3.562791e-01,2.441531e-01,9.332547e-01,1.282868e-01,-4.227841e-03,-5.204632e-03,1.853187e-02,6.184620e-02
8.53750,0.415389,0.601350,3.564716e-01,2.443803e-01,9.331179e-01,1.282857e-01,-4.238816e-03,-5.191773e-03,1.852899e-02,6.184192e-02
8.54000,0.415119,0.601572,3.566638e-01,2.446077e-01,9.329822e-01,1.282846e-01,-4.249693e-03,-5.179691e-03,1.852613e-02,6.183763e-02
8.54250,0.414849,0.601794,3.568559e-01,2.448353e-01,9.328474e-01,1.282835e-01,-4.260544e-03,-5.168198e-03,1.852326e-02,6.183334e-02
8.54500,0.414580,0.602016,3.570478e-01,2.450630e-01,9.327137e-01,1.282824e-01,-4.271375e-03,-5.157149e-03,1.852039e-02,6.182905e-02
8.54750,0.414311,0.602239,3.572396e-01,2.452909e-01,9.325809e-01,1.282813e-01,-4.282204e-03,-5.146471e-03,1.851751e-02,6.182475e-02
8.55000,0.414043,0.602462,3.574311e-01,2.455190e-01,9.324491e-01,1.282802e-01,-4.293048e-03,-5.136143e-03,1.851464e-02,6.182045e-02
8.55250,0.413775,0.602686,3.576225e-01,2.457472e-01,9.323182e-01,1.282791e-01,-4.303901e-03,-5.126167e-03,1.851176e-02,6.181615e-02
8.55500,0.413507,0.602910,3.578137e-01,2.459756e-01,9.321883e-01,1.282780e-01,-4.314775e-03,-5.116453e-03,1.850888e-02,6.181185e-02
8.55750,0.413240,0.603135,3.580046e-01,2.462042e-01,9.320592e-01,1.282769e-01,-4.325631e-03,-5.106993e-03,1.850600e-02,6.180754e-02
8.56000,0.412973,0.603361,3.581954e-01,2.464329e-01,9.319311e-01,1.282759e-01,-4.336452e-03,-5.097541e-03,1.850311e-02,6.180323e-02
8.56250,0.412707,0.603587,3.583870e-01,2.466618e-01,9.318039e-01,1.282748e-01,-4.347217e-03,-5.087937e-03,1.850023e-02,6.179892e-02
8.56500,0.412441,0.603813,3.585847e-01,2.468909e-01,9.316775e-01,1.282737e-01,-4.357953e-03,-5.078271e-03,1.849734e-02,6.179460e-02
8.56750,0.412176,0.604040,3.587823e-01,2.471201e-01,9.315520e-01,1.282727e-01,-4.368690e-03,-5.068564e-03,1.849445e-02,6.179028e-02
8.57000,0.411911,0.604267,3.589797e-01,2.473494e-01,9.314274e-01,1.282716e-01,-4.379446e-03,-5.058709e-03,1.849156e-02,6.178597e-02
8.57250,0.411647,0.604495,3.591770e-01,2.475789e-01,9.313036e-01,1.282706e-01,-4.390197e-03,-5.048514e-03,1.848867e-02,6.178165e-02
8.57500,0.411383,0.604724,3.593740e-01,2.478086e-01,9.311807e-01,1.282695e-01,-4.400881e-03,-5.037879e-03,1.848578e-02,6.177733e-02
8.57750,0.411119,0.604952,3.595708e-01,2.480384e-01,9.310586e-01,1.282685e-01,-4.411463e-03,-5.026932e-03,1.848289e-02,6.177300e-02
8.58000,0.410856,0.605182,3.597674e-01,2.482684e-01,9.309374e-01,1.282674e-01,-4.422000e-03,-5.015808e-03,1.848001e-02,6.176867e-02
8.58250,0.410593,0.605412,3.599639e-01,2.484985e-01,9.308170e-01,1.282664e-01,-4.432581e-03,-5.004512e-03,1.847713e-02,6.176434e-02
8.58500,0.410331,0.605642,3.601601e-01,2.487287e-01,9.306974e-01,1.282654e-01,-4.443191e-03,-4.992995e-03,1.847425e-02,6.176001e-02
8.58750,0.410069,0.605873,3.603561e-01,2.489591e-01,9.305787e-01,1.282643e-01,-4.453706e-03,-4.981320e-03,1.847138e-02,6.175568e-02
8.59000,0.409808,0.606104,3.605519e-01,2.491897e-01,9.304608e-01,1.282633e-01,-4.464074e-03,-4.969459e-03,1.846851e-02,6.175134e-02
8.59250,0.409547,0.606336,3.607476e-01,2.494204e-01,9.303437e-01,1.282623e-01,-4.474357e-03,-4.957390e-03,1.846565e-02,6.174700e-02
8.59500,0.409286,0.606569,3.609430e-01,2.496512e-01,9.302274e-01,1.282613e-01,-4.484674e-03,-4.944987e-03,1.846278e-02,6.174265e-02
8.59750,0.409026,0.606801,3.611382e-01,2.498822e-01,9.301118e-01,1.282602e-01,-4.495081e-03,-4.932382e-03,1.845991e-02,6.173830e-02
8.60000,0.408767,0.607035,3.613332e-01,2.501133e-01,9.299970e-01,1.282592e-01,-4.505609e-03,-4.919528e-03,1.845703e-02,6.173395e-02
8.60250,0.408508,0.607268,3.615280e-01,2.503445e-01,9.298830e-01,1.282582e-01,-4.516243e-03,-4.906357e-03,1.845415e-02,6.172959e-02
8.60500,0.408249,0.607503,3.617225e-01,2.505759e-01,9.297698e-01,1.282572e-01,-4.526818e-03,-4.893119e-03,1.845127e-02,6.172523e-02
8.60750,0.407991,0.607738,3.619169e-01,2.508074e-01,9.296575e-01,1.282562e-01,-4.537288e-03,-4.879749e-03,1.844839e-02,6.172086e-02
8.61000,0.407733,0.607973,3.621110e-01,2.510390e-01,9.295461e-01,1.282552e-01,-4.547787e-03,-4.866083e-03,1.844551e-02,6.171649e-02
8.61250,0.407476,0.608209,3.623049e-01,2.512708e-01,9.294356e-01,1.282543e-01,-4.558369e-03,-4.852181e-03,1.844262e-02,6.171211e-02
8.61500,0.407219,0.608445,3.624986e-01,2.515027e-01,9.293260e-01,1.282533e-01,-4.569115e-03,-4.838164e-03,1.843971e-02,6.170773e-02
8.61750,0.406963,0.608681,3.626921e-01,2.517347e-01,9.292174e-01,1.282523e-01,-4.579966e-03,-4.824453e-03,1.843680e-02,6.170334e-02
8.62000,0.406707,0.608919,3.628853e-01,2.519669e-01,9.291098e-01,1.282513e-01,-4.590915e-03,-4.811301e-03,1.843389e-02,6.169894e-02
8.62250,0.406451,0.609156,3.630783e-01,2.521992e-01,9.290032e-01,1.282504e-01,-4.601931e-03,-4.798757e-03,1.843096e-02,6.169455e-02
8.62500,0.406196,0.609394,3.632711e-01,2.524316e-01,9.288976e-01,1.282494e-01,-4.612973e-03,-4.786755e-03,1.842804e-02,6.169014e-02
8.62750,0.405942,0.609633,3.634637e-01,2.526641e-01,9.287931e-01,1.282484e-01,-4.624059e-03,-4.775237e-03,1.842510e-02,6.168573e-02
8.63000,0.405688,0.609872,3.636560e-01,2.528967e-01,9.286897e-01,1.282475e-01,-4.635188e-03,-4.764128e-03,1.842217e-02,6.168132e-02
8.63250,0.405434,0.610112,3.638481e-01,2.531295e-01,9.285875e-01,1.282465e-01,-4.646358e-03,-4.753239e-03,1.841924e-02,6.167690e-02
8.63500,0.405181,0.610352,3.640400e-01,2.533623e-01,9.284864e-01,1.282456e-01,-4.657539e-03,-4.742477e-03,1.841630e-02,6.167247e-02
8.63750,0.404928,0.610592,3.642316e-01,2.535953e-01,9.283865e-01,1.282446e-01,-4.668681e-03,-4.731901e-03,1.841336e-02,6.166804e-02
8.64000,0.404676,0.610833,3.644230e-01,2.538284e-01,9.282879e-01,1.282437e-01,-4.679722e-03,-4.721506e-03,1.841042e-02,6.166361e-02
8.64250,0.404424,0.611074,3.646141e-01,2.540617e-01,9.281905e-01,1.282428e-01,-4.690822e-03,-4.711066e-03,1.840748e-02,6.165917e-02
8.64500,0.404173,0.611316,3.648050e-01,2.542950e-01,9.280945e-01,1.282418e-01,-4.702060e-03,-4.700555e-03,1.840452e-02,6.165472e-02
8.64750,0.403922,0.611559,3.649957e-01,2.545284e-01,9.279998e-01,1.282409e-01,-4.713434e-03,-4.689877e-03,1.840156e-02,6.165027e-02
8.65000,0.403672,0.611801,3.651861e-01,2.547620e-01,9.279065e-01,1.282400e-01,-4.724851e-03,-4.678991e-03,1.839859e-02,6.164582e-02
8.65250,0.403422,0.612045,3.653762e-01,2.549956e-01,9.278146e-01,1.282391e-01,-4.736296e-03,-4.667782e-03,1.839561e-02,6.164136e-02
8.65500,0.403173,0.612288,3.655662e-01,2.552294e-01,9.277242e-01,1.282382e-01,-4.747732e-03,-4.656150e-03,1.839263e-02,6.163689e-02
8.65750,0.402924,0.612533,3.657558e-01,2.554632e-01,9.276352e-01,1.282373e-01,-4.759169e-03,-4.644210e-03,1.838965e-02,6.163242e-02
8.66000,0.402676,0.612777,3.659452e-01,2.556972e-01,9.275479e-01,1.282364e-01,-4.770623e-03,-4.632092e-03,1.838667e-02,6.162795e-02
8.66250,0.402428,0.613022,3.661344e-01,2.559313e-01,9.274621e-01,1.282355e-01,-4.782031e-03,-4.619792e-03,1.838369e-02,6.162346e-02
8.66500,0.402180,0.613268,3.663233e-01,2.561654e-01,9.273781e-01,1.282346e-01,-4.793394e-03,-4.607281e-03,1.838072e-02,6.161897e-02
8.66750,0.401933,0.613514,3.665120e-01,2.563997e-01,9.272957e-01,1.282337e-01,-4.804700e-03,-4.594714e-03,1.837775e-02,6.161448e-02
8.67000,0.401687,0.613760,3.667003e-01,2.566340e-01,9.272150e-01,1.282328e-01,-4.815955e-03,-4.582156e-03,1.837479e-02,6.160997e-02
8.67250,0.401441,0.614007,3.668885e-01,2.568685e-01,9.271361e-01,1.282320e-01,-4.827233e-03,-4.569389e-03,1.837184e-02,6.160546e-02
8.67500,0.401195,0.614255,3.670763e-01,2.571030e-01,9.270589e-01,1.282311e-01,-4.838614e-03,-4.556308e-03,1.836888e-02,6.160094e-02
8.67750,0.400950,0.614502,3.672639e-01,2.573377e-01,9.269834e-01,1.282302e-01,-4.850114e-03,-4.542960e-03,1.836593e-02,6.159641e-02
8.68000,0.400706,0.614751,3.674513e-01,2.575724e-01,9.269097e-01,1.282294e-01,-4.861686e-03,-4.529290e-03,1.836297e-02,6.159187e-02
8.68250,0.400462,0.614999,3.676383e-01,2.578072e-01,9.268376e-01,1.282285e-01,-4.873253e-03,-4.515386e-03,1.836001e-02,6.158733e-02
8.68500,0.400218,0.615249,3.678251e-01,2.580421e-01,9.267673e-01,1.282277e-01,-4.884851e-03,-4.501267e-03,1.835706e-02,6.158277e-02
8.68750,0.399975,0.615498,3.680116e-01,2.582771e-01,9.266986e-01,1.282268e-01,-4.896438e-03,-4.486909e-03,1.835410e-02,6.157821e-02
8.69000,0.399732,0.615748,3.681997e-01,2.585122e-01,9.266316e-01,1.282260e-01,-4.908072e-03,-4.472280e-03,1.835115e-02,6.157363e-02
8.69250,0.399490,0.615999,3.683932e-01,2.587474e-01,9.265663e-01,1.282251e-01,-4.919790e-03,-4.457498e-03,1.834819e-02,6.156905e-02
8.69500,0.399249,0.616250,3.685865e-01,2.589826e-01,9.265027e-01,1.282243e-01,-4.931666e-03,-4.442570e-03,1.834522e-02,6.156446e-02
8.69750,0.399007,0.616501,3.687795e-01,2.592179e-01,9.264406e-01,1.282235e-01,-4.943559e-03,-4.427750e-03,1.834225e-02,6.155985e-02
8.70000,0.398767,0.616753,3.689722e-01,2.594534e-01,9.263802e-01,1.282227e-01,-4.955432e-03,-4.413145e-03,1.833928e-02,6.155524e-02
8.70250,0.398527,0.617005,3.691647e-01,2.596888e-01,9.263214e-01,1.282219e-01,-4.967238e-03,-4.398938e-03,1.833631e-02,6.155062e-02
8.70500,0.398287,0.617258,3.693569e-01,2.599244e-01,9.262642e-01,1.282210e-01,-4.979030e-03,-4.385081e-03,1.833335e-02,6.154599e-02
8.70750,0.398048,0.617511,3.695488e-01,2.601600e-01,9.262085e-01,1.282202e-01,-4.990815e-03,-4.371731e-03,1.833039e-02,6.154134e-02
8.71000,0.397809,0.617764,3.697404e-01,2.603957e-01,9.261545e-01,1.282195e-01,-5.002608e-03,-4.358820e-03,1.832743e-02,6.153670e-02
8.71250,0.397571,0.618018,3.699318e-01,2.606315e-01,9.261021e-01,1.282187e-01,-5.014460e-03,-4.346194e-03,1.832448e-02,6.153204e-02
8.71500,0.397334,0.618273,3.701229e-01,2.608674e-01,9.260512e-01,1.282179e-01,-5.026294e-03,-4.333839e-03,1.832153e-02,6.152737e-02
8.71750,0.397097,0.618527,3.703137e-01,2.611033e-01,9.260020e-01,1.282171e-01,-5.038100e-03,-4.321714e-03,1.831859e-02,6.152270e-02
8.72000,0.396860,0.618783,3.705042e-01,2.613393e-01,9.259543e-01,1.282163e-01,-5.049866e-03,-4.309797e-03,1.831565e-02,6.151802e-02
8.72250,0.396624,0.619038,3.706945e-01,2.615753e-01,9.259083e-01,1.282156e-01,-5.061598e-03,-4.298089e-03,1.831273e-02,6.151334e-02
8.72500,0.396388,0.619294,3.708844e-01,2.618114e-01,9.258638e-01,1.282148e-01,-5.073298e-03,-4.286521e-03,1.830981e-02,6.150864e-02
8.72750,0.396153,0.619551,3.710741e-01,2.620476e-01,9.258209e-01,1.282141e-01,-5.084942e-03,-4.274973e-03,1.830690e-02,6.150394e-02
8.73000,0.395919,0.619808,3.712634e-01,2.622838e-01,9.257795e-01,1.282133e-01,-5.096539e-03,-4.263381e-03,1.830399e-02,6.149924e-02
8.73250,0.395685,0.620065,3.714525e-01,2.625201e-01,9.257397e-01,1.282126e-01,-5.108127e-03,-4.251677e-03,1.830109e-02,6.149452e-02
8.73500,0.395451,0.620323,3.716413e-01,2.627565e-01,9.257015e-01,1.282118e-01,-5.119700e-03,-4.239822e-03,1.829819e-02,6.148981e-02
8.73750,0.395218,0.620581,3.718297e-01,2.629929e-01,9.256648e-01,1.282111e-01,-5.131270e-03,-4.227677e-03,1.829529e-02,6.148508e-02
8.74000,0.394986,0.620840,3.720179e-01,2.632294e-01,9.256297e-01,1.282104e-01,-5.142846e-03,-4.214968e-03,1.829239e-02,6.148035e-02
8.74250,0.394754,0.621099,3.722058e-01,2.634660e-01,9.255961e-01,1.282097e-01,-5.154390e-03,-4.201962e-03,1.828949e-02,6.147561e-02
8.74500,0.394522,0.621358,3.723933e-01,2.637025e-01,9.255640e-01,1.282089e-01,-5.165965e-03,-4.188723e-03,1.828659e-02,6.147086e-02
8.74750,0.394291,0.621618,3.725806e-01,2.639392e-01,9.255335e-01,1.282082e-01,-5.177557e-03,-4.175294e-03,1.828370e-02,6.146610e-02
8.75000,0.394061,0.621878,3.727675e-01,2.641759e-01,9.255044e-01,1.282075e-01,-5.189113e-03,-4.161829e-03,1.828081e-02,6.146134e-02
8.75250,0.393831,0.622139,3.729571e-01,2.644126e-01,9.254768e-01,1.282068e-01,-5.200665e-03,-4.148304e-03,1.827792e-02,6.145657e-02
8.75500,0.393601,0.622400,3.731513e-01,2.646494e-01,9.254507e-01,1.282061e-01,-5.212215e-03,-4.134646e-03,1.827505e-02,6.145179e-02
8.75750,0.393372,0.622662,3.733452e-01,2.648863e-01,9.254261e-01,1.282054e-01,-5.223699e-03,-4.120789e-03,1.827218e-02,6.144700e-02
8.76000,0.393144,0.622924,3.735388e-01,2.651232e-01,9.254031e-01,1.282048e-01,-5.235051e-03,-4.106782e-03,1.826932e-02,6.144221e-02
8.76250,0.392916,0.623186,3.737321e-01,2.653601e-01,9.253816e-01,1.282041e-01,-5.246326e-03,-4.092631e-03,1.826648e-02,6.143740e-02
8.76500,0.392689,0.623449,3.739251e-01,2.655971e-01,9.253617e-01,1.282034e-01,-5.257513e-03,-4.078276e-03,1.826364e-02,6.143259e-02
8.76750,0.392462,0.623712,3.741178e-01,2.658341e-01,9.253435e-01,1.282028e-01,-5.268700e-03,-4.063659e-03,1.826081e-02,6.142777e-02
8.77000,0.392236,0.623975,3.743102e-01,2.660712e-01,9.253269e-01,1.282021e-01,-5.279945e-03,-4.048742e-03,1.825798e-02,6.142294e-02
8.77250,0.392010,0.624239,3.745023e-01,2.663083e-01,9.253120e-01,1.282015e-01,-5.291280e-03,-4.033491e-03,1.825515e-02,6.141811e-02
8.77500,0.391785,0.624503,3.746940e-01,2.665455e-01,9.252989e-01,1.282008e-01,-5.302685e-03,-4.018147e-03,1.825233e-02,6.141326e-02
8.77750,0.391560,0.624768,3.748854e-01,2.667827e-01,9.252875e-01,1.282002e-01,-5.314091e-03,-4.002605e-03,1.824950e-02,6.140841e-02
8.78000,0.391336,0.625033,3.750765e-01,2.670199e-01,9.252779e-01,1.281996e-01,-5.325377e-03,-3.987013e-03,1.824669e-02,6.140355e-02
8.78250,0.391113,0.625299,3.752673e-01,2.672571e-01,9.252702e-01,1.281989e-01,-5.336467e-03,-3.971566e-03,1.824388e-02,6.139868e-02
8.78500,0.390890,0.625565,3.754578e-01,2.674944e-01,9.252643e-01,1.281983e-01,-5.347387e-03,-3.956412e-03,1.824109e-02,6.139381e-02
8.78750,0.390667,0.625831,3.756480e-01,2.677318e-01,9.252603e-01,1.281977e-01,-5.358235e-03,-3.941684e-03,1.823830e-02,6.138893e-02
8.79000,0.390445,0.626098,3.758378e-01,2.679691e-01,9.252582e-01,1.281971e-01,-5.369057e-03,-3.927530e-03,1.823552e-02,6.138404e-02
8.79250,0.390224,0.626365,3.760273e-01,2.682065e-01,9.252580e-01,1.281965e-01,-5.379880e-03,-3.913912e-03,1.823275e-02,6.137914e-02
8.79500,0.390003,0.626632,3.762165e-01,2.684439e-01,9.252598e-01,1.281959e-01,-5.390753e-03,-3.900685e-03,1.822998e-02,6.137424e-02
8.79750,0.389782,0.626900,3.764053e-01,2.686814e-01,9.252636e-01,1.281954e-01,-5.401667e-03,-3.887743e-03,1.822721e-02,6.136933e-02
8.80000,0.389563,0.627168,3.765938e-01,2.689189e-01,9.252694e-01,1.281948e-01,-5.412695e-03,-3.874883e-03,1.822445e-02,6.136442e-02
8.80250,0.389343,0.627437,3.767820e-01,2.691564e-01,9.252773e-01,1.281942e-01,-5.423792e-03,-3.862020e-03,1.822168e-02,6.135950e-02
8.80500,0.389125,0.627706,3.769699e-01,2.693939e-01,9.252872e-01,1.281937e-01,-5.434887e-03,-3.849225e-03,1.821891e-02,6.135458e-02
8.80750,0.388906,0.627975,3.771574e-01,2.696315e-01,9.252991e-01,1.281931e-01,-5.445958e-03,-3.836572e-03,1.821614e-02,6.134965e-02
8.81000,0.388689,0.628245,3.773446e-01,2.698690e-01,9.253132e-01,1.281926e-01,-5.456999e-03,-3.823919e-03,1.821337e-02,6.134472e-02
8.81250,0.388472,0.628515,3.775314e-01,2.701066e-01,9.253293e-01,1.281920e-01,-5.468044e-03,-3.811311e-03,1.821060e-02,6.133978e-02
8.81500,0.388255,0.628785,3.777179e-01,2.703443e-01,9.253474e-01,1.281915e-01,-5.479049e-03,-3.798783e-03,1.820783e-02,6.133483e-02
8.81750,0.388039,0.629056,3.779041e-01,2.705819e-01,9.253677e-01,1.281910e-01,-5.490086e-03,-3.786130e-03,1.820506e-02,6.132988e-02
8.82000,0.387824,0.629327,3.780899e-01,2.708195e-01,9.253902e-01,1.281905e-01,-5.501208e-03,-3.773264e-03,1.820229e-02,6.132492e-02
8.82250,0.387609,0.629599,3.782754e-01,2.710572e-01,9.254147e-01,1.281900e-01,-5.512315e-03,-3.760040e-03,1.819951e-02,6.131996e-02
8.82500,0.387394,0.629871,3.784605e-01,2.712949e-01,9.254414e-01,1.281895e-01,-5.523412e-03,-3.746452e-03,1.819674e-02,6.131498e-02
8.82750,0.387181,0.630143,3.786453e-01,2.715326e-01,9.254701e-01,1.281890e-01,-5.534457e-03,-3.732650e-03,1.819397e-02,6.131000e-02
8.83000,0.386967,0.630416,3.788298e-01,2.717703e-01,9.255010e-01,1.281885e-01,-5.545432e-03,-3.718716e-03,1.819120e-02,6.130501e-02
8.83250,0.386755,0.630689,3.790138e-01,2.720081e-01,9.255340e-01,1.281880e-01,-5.556408e-03,-3.704599e-03,1.818843e-02,6.130002e-02
8.83500,0.386543,0.630962,3.791976e-01,2.722458e-01,9.255691e-01,1.281875e-01,-5.567459e-03,-3.690212e-03,1.818567e-02,6.129501e-02
8.83750,0.386331,0.631236,3.793810e-01,2.724836e-01,9.256063e-01,1.281871e-01,-5.578536e-03,-3.675645e-03,1.818291e-02,6.129000e-02
8.84000,0.386120,0.631510,3.795640e-01,2.727213e-01,9.256456e-01,1.281866e-01,-5.589572e-03,-3.660999e-03,1.818015e-02,6.128497e-02
8.84250,0.385910,0.631785,3.797467e-01,2.729591e-01,9.256869e-01,1.281862e-01,-5.600698e-03,-3.646319e-03,1.817740e-02,6.127994e-02
8.84500,0.385700,0.632060,3.799290e-01,2.731969e-01,9.257304e-01,1.281857e-01,-5.611893e-03,-3.631652e-03,1.817465e-02,6.127489e-02
8.84750,0.385490,0.632335,3.801110e-01,2.734347e-01,9.257759e-01,1.281853e-01,-5.623027e-03,-3.617005e-03,1.817191e-02,6.126984e-02
8.85000,0.385282,0.632611,3.802926e-01,2.736724e-01,9.258235e-01,1.281848e-01,-5.634085e-03,-3.602338e-03,1.816918e-02,6.126478e-02
8.85250,0.385074,0.632887,3.804739e-01,2.739102e-01,9.258733e-01,1.281844e-01,-5.645104e-03,-3.587518e-03,1.816645e-02,6.125970e-02
8.85500,0.384866,0.633163,3.806548e-01,2.741480e-01,9.259252e-01,1.281840e-01,-5.656055e-03,-3.572645e-03,1.816373e-02,6.125462e-02
8.85750,0.384659,0.633439,3.808353e-01,2.743858e-01,9.259793e-01,1.281836e-01,-5.666904e-03,-3.557619e-03,1.816102e-02,6.124952e-02
8.86000,0.384452,0.633716,3.810155e-01,2.746236e-01,9.260356e-01,1.281832e-01,-5.677539e-03,-3.542355e-03,1.815832e-02,6.124441e-02
8.86250,0.384246,0.633994,3.811953e-01,2.748614e-01,9.260942e-01,1.281828e-01,-5.688072e-03,-3.526861e-03,1.815563e-02,6.123929e-02
8.86500,0.384041,0.634272,3.813747e-01,2.750992e-01,9.261551e-01,1.281824e-01,-5.698540e-03,-3.511271e-03,1.815295e-02,6.123416e-02
8.86750,0.383836,0.634550,3.815538e-01,2.753370e-01,9.262184e-01,1.281821e-01,-5.709088e-03,-3.495668e-03,1.815027e-02,6.122902e-02
8.87000,0.383632,0.634828,3.817325e-01,2.755748e-01,9.262841e-01,1.281817e-01,-5.719783e-03,-3.480069e-03,1.814759e-02,6.122387e-02
8.87250,0.383429,0.635107,3.819108e-01,2.758125e-01,9.263523e-01,1.281814e-01,-5.730519e-03,-3.464664e-03,1.814491e-02,6.121871e-02
8.87500,0.383225,0.635386,3.820888e-01,2.760503e-01,9.264230e-01,1.281810e-01,-5.741320e-03,-3.449715e-03,1.814223e-02,6.121354e-02
8.87750,0.383023,0.635665,3.822663e-01,2.762881e-01,9.264961e-01,1.281807e-01,-5.752257e-03,-3.435177e-03,1.813955e-02,6.120835e-02
8.88000,0.382821,0.635945,3.824436e-01,2.765258e-01,9.265718e-01,1.281803e-01,-5.763395e-03,-3.420992e-03,1.813687e-02,6.120316e-02
8.88250,0.382620,0.636225,3.826204e-01,2.767636e-01,9.266500e-01,1.281800e-01,-5.774693e-03,-3.407081e-03,1.813419e-02,6.119795e-02
8.88500,0.382419,0.636505,3.827968e-01,2.770013e-01,9.267309e-01,1.281797e-01,-5.786127e-03,-3.393466e-03,1.813151e-02,6.119274e-02
8.88750,0.382219,0.636786,3.829729e-01,2.772390e-01,9.268143e-01,1.281794e-01,-5.797660e-03,-3.380076e-03,1.812883e-02,6.118751e-02
8.89000,0.382019,0.637067,3.831486e-01,2.774767e-01,9.269004e-01,1.281791e-01,-5.809263e-03,-3.366872e-03,1.812615e-02,6.118228e-02
8.89250,0.381820,0.637349,3.833272e-01,2.777144e-01,9.269274e-01,1.281788e-01,-5.820875e-03,-3.353794e-03,1.812347e-02,6.117703e-02
8.89500,0.381622,0.637631,3.835105e-01,2.779521e-01,9.268348e-01,1.281786e-01,-5.832464e-03,-3.340833e-03,1.812080e-02,6.117177e-02
8.89750,0.381424,0.637913,3.836935e-01,2.781897e-01,9.267441e-01,1.281783e-01,-5.844082e-03,-3.327834e-03,1.811813e-02,6.116651e-02
8.90000,0.381227,0.638195,3.838760e-01,2.784274e-01,9.266555e-01,1.281780e-01,-5.855747e-03,-3.314705e-03,1.811546e-02,6.116123e-02
8.90250,0.381030,0.638478,3.840583e-01,2.786650e-01,9.265693e-01,1.281778e-01,-5.867404e-03,-3.301468e-03,1.811279e-02,6.115594e-02
8.90500,0.380834,0.638761,3.842401e-01,2.789026e-01,9.264855e-01,1.281775e-01,-5.879014e-03,-3.288173e-03,1.811013e-02,6.115064e-02
8.90750,0.380639,0.639044,3.844216e-01,2.791402e-01,9.264044e-01,1.281773e-01,-5.890612e-03,-3.274620e-03,1.810748e-02,6.114533e-02
8.91000,0.380444,0.639328,3.846027e-01,2.793778e-01,9.263260e-01,1.281771e-01,-5.902193e-03,-3.260689e-03,1.810483e-02,6.114001e-02
8.91250,0.380249,0.639612,3.847834e-01,2.796153e-01,9.262505e-01,1.281769e-01,-5.913789e-03,-3.246428e-03,1.810218e-02,6.113468e-02
8.91500,0.380056,0.639896,3.849638e-01,2.798528e-01,9.261777e-01,1.281767e-01,-5.925474e-03,-3.231784e-03,1.809953e-02,6.112933e-02
8.91750,0.379863,0.640181,3.851437e-01,2.800903e-01,9.261079e-01,1.281765e-01,-5.937220e-03,-3.216801e-03,1.809689e-02,6.112398e-02
8.92000,0.379670,0.640466,3.853233e-01,2.803278e-01,9.260409e-01,1.281763e-01,-5.948888e-03,-3.201830e-03,1.809425e-02,6.111861e-02
8.92250,0.379478,0.640751,3.855025e-01,2.805652e-01,9.259768e-01,1.281761e-01,-5.960503e-03,-3.186798e-03,1.809164e-02,6.111323e-02
8.92500,0.379287,0.641037,3.856813e-01,2.808026e-01,9.259155e-01,1.281759e-01,-5.972152e-03,-3.171518e-03,1.808903e-02,6.110784e-02
8.92750,0.379096,0.641323,3.858598e-01,2.810400e-01,9.258570e-01,1.281758e-01,-5.983794e-03,-3.156011e-03,1.808642e-02,6.110244e-02
8.93000,0.378906,0.641609,3.860378e-01,2.812773e-01,9.258015e-01,1.281756e-01,-5.995428e-03,-3.140297e-03,1.808382e-02,6.109702e-02
8.93250,0.378716,0.641896,3.862155e-01,2.815147e-01,9.257489e-01,1.281755e-01,-6.007064e-03,-3.124443e-03,1.808124e-02,6.109160e-02
8.93500,0.378528,0.642182,3.863928e-01,2.817520e-01,9.256993e-01,1.281754e-01,-6.018590e-03,-3.108565e-03,1.807866e-02,6.108616e-02
8.93750,0.378339,0.642470,3.865697e-01,2.819892e-01,9.256527e-01,1.281752e-01,-6.029983e-03,-3.092755e-03,1.807610e-02,6.108071e-02
8.94000,0.378152,0.642757,3.867462e-01,2.822264e-01,9.256092e-01,1.281751e-01,-6.041254e-03,-3.076989e-03,1.807356e-02,6.107526e-02
8.94250,0.377964,0.643045,3.869223e-01,2.824636e-01,9.255688e-01,1.281750e-01,-6.052410e-03,-3.061162e-03,1.807103e-02,6.106979e-02
8.94500,0.377778,0.643333,3.870980e-01,2.827008e-01,9.255315e-01,1.281749e-01,-6.063515e-03,-3.045222e-03,1.806851e-02,6.106430e-02
8.94750,0.377592,0.643621,3.872803e-01,2.829379e-01,9.254973e-01,1.281748e-01,-6.074626e-03,-3.029183e-03,1.806600e-02,6.105881e-02
8.95000,0.377407,0.643910,3.874639e-01,2.831750e-01,9.254662e-01,1.281748e-01,-6.085764e-03,-3.012986e-03,1.806350e-02,6.105331e-02
8.95250,0.377222,0.644199,3.876472e-01,2.834120e-01,9.254382e-01,1.281747e-01,-6.096842e-03,-2.996781e-03,1.806101e-02,6.104779e-02
8.95500,0.377038,0.644488,3.878300e-01,2.836490e-01,9.254131e-01,1.281746e-01,-6.107818e-03,-2.980745e-03,1.805853e-02,6.104227e-02
8.95750,0.376855,0.644778,3.880125e-01,2.838859e-01,9.253908e-01,1.281746e-01,-6.118791e-03,-2.964701e-03,1.805607e-02,6.103673e-02
8.96000,0.376672,0.645068,3.881946e-01,2.841229e-01,9.253713e-01,1.281745e-01,-6.129798e-03,-2.948634e-03,1.805361e-02,6.103119e-02
8.96250,0.376489,0.645358,3.883763e-01,2.843597e-01,9.253546e-01,1.281745e-01,-6.140980e-03,-2.932424e-03,1.805115e-02,6.102563e-02
8.96500,0.376308,0.645648,3.885576e-01,2.845965e-01,9.253405e-01,1.281745e-01,-6.152365e-03,-2.916238e-03,1.804868e-02,6.102007e-02
8.96750,0.376127,0.645939,3.887385e-01,2.848333e-01,9.253290e-01,1.281745e-01,-6.163773e-03,-2.900525e-03,1.804622e-02,6.101449e-02
8.97000,0.375946,0.646230,3.889190e-01,2.850701e-01,9.253203e-01,1.281745e-01,-6.175010e-03,-2.885434e-03,1.804377e-02,6.100891e-02
8.97250,0.375767,0.646521,3.890991e-01,2.853067e-01,9.253143e-01,1.281745e-01,-6.185931e-03,-2.870850e-03,1.804134e-02,6.100332e-02
8.97500,0.375588,0.646813,3.892788e-01,2.855434e-01,9.253110e-01,1.281745e-01,-6.196550e-03,-2.856684e-03,1.803893e-02,6.099773e-02
8.97750,0.375409,0.647104,3.894581e-01,2.857800e-01,9.253105e-01,1.281746e-01,-6.206938e-03,-2.842831e-03,1.803654e-02,6.099212e-02
8.98000,0.375231,0.647397,3.896370e-01,2.860165e-01,9.253127e-01,1.281746e-01,-6.217186e-03,-2.829172e-03,1.803416e-02,6.098651e-02
8.98250,0.375054,0.647689,3.898156e-01,2.862530e-01,9.253176e-01,1.281746e-01,-6.227366e-03,-2.815598e-03,1.803178e-02,6.098088e-02
8.98500,0.374877,0.647982,3.899937e-01,2.864894e-01,9.253252e-01,1.281747e-01,-6.237488e-03,-2.802011e-03,1.802941e-02,6.097525e-02
8.98750,0.374701,0.648275,3.901714e-01,2.867258e-01,9.253353e-01,1.281748e-01,-6.247626e-03,-2.788310e-03,1.802704e-02,6.096961e-02
8.99000,0.374526,0.648568,3.903487e-01,2.869622e-01,9.253479e-01,1.281749e-01,-6.257713e-03,-2.774585e-03,1.802468e-02,6.096397e-02
8.99250,0.374351,0.648861,3.905256e-01,2.871985e-01,9.253629e-01,1.281749e-01,-6.267710e-03,-2.760658e-03,1.802232e-02,6.095831e-02
8.99500,0.374177,0.649155,3.907022e-01,2.874347e-01,9.253805e-01,1.281750e-01,-6.277634e-03,-2.746459e-03,1.801998e-02,6.095265e-02
8.99750,0.374003,0.649449,3.908783e-01,2.876709e-01,9.254004e-01,1.281752e-01,-6.287416e-03,-2.731951e-03,1.801765e-02,6.094699e-02
9.00000,0.373830,0.649743,3.910540e-01,2.879070e-01,9.254228e-01,1.281753e-01,-6.297045e-03,-2.717147e-03,1.801533e-02,6.094131e-02
9.00250,0.373658,0.650038,3.912292e-01,2.881430e-01,9.254476e-01,1.281754e-01,-6.306513e-03,-2.702141e-03,1.801303e-02,6.093563e-02
9.00500,0.373487,0.650333,3.914041e-01,2.883790e-01,9.254749e-01,1.281755e-01,-6.315847e-03,-2.687056e-03,1.801073e-02,6.092995e-02
9.00750,0.373316,0.650628,3.915786e-01,2.886150e-01,9.255045e-01,1.281757e-01,-6.325102e-03,-2.671945e-03,1.800845e-02,6.092425e-02
9.01000,0.373145,0.650923,3.917526e-01,2.888509e-01,9.255366e-01,1.281759e-01,-6.334326e-03,-2.656866e-03,1.800618e-02,6.091855e-02
9.01250,0.372976,0.651219,3.919263e-01,2.890867e-01,9.255709e-01,1.281760e-01,-6.343538e-03,-2.641820e-03,1.800392e-02,6.091285e-02
9.01500,0.372806,0.651515,3.920995e-01,2.893225e-01,9.256076e-01,1.281762e-01,-6.352752e-03,-2.626721e-03,1.800165e-02,6.090714e-02
9.01750,0.372638,0.651811,3.922723e-01,2.895582e-01,9.256465e-01,1.281764e-01,-6.361958e-03,-2.611499e-03,1.799940e-02,6.090142e-02
9.02000,0.372470,0.652107,3.924447e-01,2.897938e-01,9.256876e-01,1.281766e-01,-6.371134e-03,-2.596048e-03,1.799715e-02,6.089569e-02
9.02250,0.372303,0.652404,3.926167e-01,2.900294e-01,9.257308e-01,1.281768e-01,-6.380311e-03,-2.580409e-03,1.799491e-02,6.088996e-02
9.02500,0.372136,0.652701,3.927883e-01,2.902649e-01,9.257760e-01,1.281771e-01,-6.389537e-03,-2.564619e-03,1.799268e-02,6.088422e-02
9.02750,0.371971,0.652998,3.929594e-01,2.905004e-01,9.258230e-01,1.281773e-01,-6.398774e-03,-2.548777e-03,1.799046e-02,6.087848e-02
9.03000,0.371805,0.653295,3.931302e-01,2.907358e-01,9.258719e-01,1.281775e-01,-6.407963e-03,-2.532977e-03,1.798825e-02,6.087273e-02
9.03250,0.371641,0.653593,3.933005e-01,2.909711e-01,9.259224e-01,1.281778e-01,-6.417021e-03,-2.517253e-03,1.798605e-02,6.086697e-02
9.03500,0.371477,0.653891,3.934704e-01,2.912064e-01,9.259745e-01,1.281781e-01,-6.425925e-03,-2.501638e-03,1.798388e-02,6.086121e-02
9.03750,0.371313,0.654189,3.936399e-01,2.914416e-01,9.260280e-01,1.281784e-01,-6.434823e-03,-2.486008e-03,1.798171e-02,6.085545e-02
9.04000,0.371151,0.654488,3.938089e-01,2.916767e-01,9.260829e-01,1.281786e-01,-6.443850e-03,-2.470320e-03,1.797954e-02,6.084967e-02
9.04250,0.370989,0.654786,3.939775e-01,2.919118e-01,9.261392e-01,1.281790e-01,-6.453010e-03,-2.454711e-03,1.797738e-02,6.084389e-02
9.04500,0.370827,0.655085,3.941457e-01,2.921468e-01,9.261970e-01,1.281793e-01,-6.462432e-03,-2.439148e-03,1.797520e-02,6.083810e-02
9.04750,0.370666,0.655384,3.943135e-01,2.923817e-01,9.262562e-01,1.281796e-01,-6.472163e-03,-2.423632e-03,1.797302e-02,6.083231e-02
9.05000,0.370506,0.655684,3.944809e-01,2.926165e-01,9.263170e-01,1.281799e-01,-6.482120e-03,-2.408152e-03,1.797082e-02,6.082651e-02
9.05250,0.370347,0.655983,3.946478e-01,2.928513e-01,9.263792e-01,1.281803e-01,-6.492334e-03,-2.392567e-03,1.796862e-02,6.082070e-02
9.05500,0.370188,0.656283,3.948143e-01,2.930860e-01,9.264428e-01,1.281807e-01,-6.502819e-03,-2.376888e-03,1.796640e-02,6.081488e-02
9.05750,0.370030,0.656583,3.949803e-01,2.933207e-01,9.265079e-01,1.281810e-01,-6.513414e-03,-2.361317e-03,1.796418e-02,6.080906e-02
9.06000,0.369872,0.656883,3.951460e-01,2.935552e-01,9.265744e-01,1.281814e-01,-6.524138e-03,-2.346070e-03,1.796196e-02,6.080322e-02
9.06250,0.369715,0.657184,3.953112e-01,2.937897e-01,9.266423e-01,1.281818e-01,-6.534922e-03,-2.331259e-03,1.795974e-02,6.079739e-02
9.06500,0.369559,0.657485,3.954760e-01,2.940241e-01,9.267119e-01,1.281822e-01,-6.545584e-03,-2.316943e-03,1.795753e-02,6.079154e-02
9.06750,0.369404,0.657786,3.956403e-01,2.942585e-01,9.267832e-01,1.281826e-01,-6.556101e-03,-2.303089e-03,1.795533e-02,6.078569e-02
9.07000,0.369249,0.658087,3.958043e-01,2.944927e-01,9.268565e-01,1.281831e-01,-6.566511e-03,-2.289571e-03,1.795314e-02,6.077983e-02
9.07250,0.369095,0.658388,3.959677e-01,2.947269e-01,9.269319e-01,1.281835e-01,-6.576847e-03,-2.276217e-03,1.795096e-02,6.077396e-02
9.07500,0.368941,0.658690,3.961308e-01,2.949610e-01,9.270098e-01,1.281840e-01,-6.587212e-03,-2.262953e-03,1.794879e-02,6.076808e-02
9.07750,0.368788,0.658992,3.962934e-01,2.951951e-01,9.270901e-01,1.281844e-01,-6.597781e-03,-2.249658e-03,1.794660e-02,6.076219e-02
9.08000,0.368636,0.659294,3.964556e-01,2.954290e-01,9.271733e-01,1.281849e-01,-6.608513e-03,-2.236221e-03,1.794442e-02,6.075630e-02
9.08250,0.368484,0.659596,3.966174e-01,2.956629e-01,9.272594e-01,1.281854e-01,-6.619374e-03,-2.222637e-03,1.794223e-02,6.075040e-02
9.08500,0.368333,0.659899,3.967810e-01,2.958967e-01,9.273486e-01,1.281859e-01,-6.630383e-03,-2.208785e-03,1.794004e-02,6.074450e-02
9.08750,0.368183,0.660201,3.969512e-01,2.961304e-01,9.274410e-01,1.281864e-01,-6.641466e-03,-2.194778e-03,1.793785e-02,6.073858e-02
9.09000,0.368033,0.660504,3.971211e-01,2.963641e-01,9.275368e-01,1.281870e-01,-6.652525e-03,-2.180730e-03,1.793566e-02,6.073267e-02
9.09250,0.367884,0.660808,3.972905e-01,2.965976e-01,9.276360e-01,1.281875e-01,-6.663539e-03,-2.166506e-03,1.793349e-02,6.072674e-02
9.09500,0.367736,0.661111,3.974594e-01,2.968311e-01,9.277385e-01,1.281880e-01,-6.674485e-03,-2.151998e-03,1.793132e-02,6.072081e-02
9.09750,0.367589,0.661415,3.976280e-01,2.970645e-01,9.278445e-01,1.281886e-01,-6.685283e-03,-2.137450e-03,1.792917e-02,6.071487e-02
9.10000,0.367442,0.661718,3.977961e-01,2.972978e-01,9.279539e-01,1.281892e-01,-6.695968e-03,-2.122922e-03,1.792703e-02,6.070892e-02
9.10250,0.367295,0.662022,3.979638e-01,2.975310e-01,9.280667e-01,1.281897e-01,-6.706483e-03,-2.108249e-03,1.792491e-02,6.070297e-02
9.10500,0.367150,0.662327,3.981311e-01,2.977642e-01,9.281827e-01,1.281903e-01,-6.716773e-03,-2.093359e-03,1.792280e-02,6.069702e-02
9.10750,0.367005,0.662631,3.982979e-01,2.979972e-01,9.283020e-01,1.281909e-01,-6.726802e-03,-2.078320e-03,1.792070e-02,6.069105e-02
9.11000,0.366861,0.662936,3.984644e-01,2.982302e-01,9.284248e-01,1.281916e-01,-6.736573e-03,-2.063223e-03,1.791861e-02,6.068508e-02
9.11250,0.366717,0.663241,3.986304e-01,2.984631e-01,9.285509e-01,1.281922e-01,-6.746249e-03,-2.047986e-03,1.791653e-02,6.067910e-02
9.11500,0.366574,0.663546,3.987959e-01,2.986959e-01,9.286804e-01,1.281928e-01,-6.755739e-03,-2.032697e-03,1.791446e-02,6.067312e-02
9.11750,0.366432,0.663851,3.989610e-01,2.989286e-01,9.288134e-01,1.281935e-01,-6.764981e-03,-2.017362e-03,1.791241e-02,6.066713e-02
9.12000,0.366290,0.664156,3.991257e-01,2.991612e-01,9.289499e-01,1.281942e-01,-6.774052e-03,-2.001881e-03,1.791038e-02,6.066113e-02
9.12250,0.366149,0.664462,3.992900e-01,2.993938e-01,9.290899e-01,1.281948e-01,-6.782882e-03,-1.986362e-03,1.790837e-02,6.065512e-02
9.12500,0.366009,0.664768,3.994539e-01,2.996262e-01,9.292335e-01,1.281955e-01,-6.791473e-03,-1.970862e-03,1.790638e-02,6.064911e-02
9.12750,0.365870,0.665074,3.996173e-01,2.998586e-01,9.293807e-01,1.281962e-01,-6.799860e-03,-1.955372e-03,1.790440e-02,6.064309e-02
9.13000,0.365731,0.665380,3.997802e-01,3.000908e-01,9.295314e-01,1.281970e-01,-6.808150e-03,-1.939887e-03,1.790245e-02,6.063706e-02
9.13250,0.365593,0.665686,3.999435e-01,3.003230e-01,9.296857e-01,1.281977e-01,-6.816452e-03,-1.924232e-03,1.790050e-02,6.063102e-02
9.13500,0.365455,0.665993,4.001153e-01,3.005551e-01,9.298436e-01,1.281984e-01,-6.824789e-03,-1.908378e-03,1.789855e-02,6.062498e-02
9.13750,0.365318,0.666300,4.002866e-01,3.007871e-01,9.300050e-01,1.281992e-01,-6.833077e-03,-1.892357e-03,1.789660e-02,6.061893e-02
9.14000,0.365182,0.666607,4.004576e-01,3.010190e-01,9.301699e-01,1.282000e-01,-6.841342e-03,-1.876168e-03,1.789465e-02,6.061287e-02
9.14250,0.365047,0.666914,4.006281e-01,3.012508e-01,9.303382e-01,1.282008e-01,-6.849727e-03,-1.859861e-03,1.789270e-02,6.060681e-02
9.14500,0.364912,0.667221,4.007981e-01,3.014825e-01,9.305099e-01,1.282016e-01,-6.858255e-03,-1.843663e-03,1.789075e-02,6.060074e-02
9.14750,0.364778,0.667529,4.009678e-01,3.017141e-01,9.306850e-01,1.282024e-01,-6.866906e-03,-1.827629e-03,1.788880e-02,6.059466e-02
9.15000,0.364645,0.667837,4.011371e-01,3.019457e-01,9.308631e-01,1.282032e-01,-6.875688e-03,-1.811659e-03,1.788685e-02,6.058857e-02
9.15250,0.364512,0.668144,4.013059e-01,3.021771e-01,9.310442e-01,1.282040e-01,-6.884553e-03,-1.795794e-03,1.788490e-02,6.058248e-02
9.15500,0.364380,0.668452,4.014743e-01,3.024084e-01,9.312285e-01,1.282049e-01,-6.893425e-03,-1.780098e-03,1.788295e-02,6.057638e-02
9.15750,0.364249,0.668761,4.016422e-01,3.026397e-01,9.314158e-01,1.282057e-01,-6.902248e-03,-1.764658e-03,1.788101e-02,6.057027e-02
9.16000,0.364118,0.669069,4.018098e-01,3.028708e-01,9.316061e-01,1.282066e-01,-6.911127e-03,-1.749615e-03,1.787908e-02,6.056416e-02
9.16250,0.363988,0.669378,4.019769e-01,3.031019e-01,9.317992e-01,1.282075e-01,-6.920017e-03,-1.735088e-03,1.787715e-02,6.055804e-02
9.16500,0.363859,0.669686,4.021436e-01,3.033328e-01,9.319946e-01,1.282084e-01,-6.928999e-03,-1.720967e-03,1.787523e-02,6.055191e-02
9.16750,0.363730,0.669995,4.023099e-01,3.035637e-01,9.321921e-01,1.282093e-01,-6.938229e-03,-1.706959e-03,1.787330e-02,6.054577e-02
9.17000,0.363602,0.670304,4.024757e-01,3.037944e-01,9.323916e-01,1.282103e-01,-6.947571e-03,-1.692993e-03,1.787137e-02,6.053963e-02
9.17250,0.363475,0.670614,4.026411e-01,3.040251e-01,9.325928e-01,1.282112e-01,-6.957051e-03,-1.679125e-03,1.786944e-02,6.053349e-02
9.17500,0.363349,0.670923,4.028061e-01,3.042557e-01,9.327959e-01,1.282122e-01,-6.966695e-03,-1.665428e-03,1.786752e-02,6.052733e-02
9.17750,0.363223,0.671233,4.029707e-01,3.044861e-01,9.330008e-01,1.282131e-01,-6.976565e-03,-1.651818e-03,1.786558e-02,6.052118e-02
9.18000,0.363098,0.671542,4.031348e-01,3.047165e-01,9.330810e-01,1.282141e-01,-6.986551e-03,-1.638311e-03,1.786364e-02,6.051502e-02
9.18250,0.362973,0.671852,4.032985e-01,3.049467e-01,9.330379e-01,1.282151e-01,-6.996505e-03,-1.625085e-03,1.786170e-02,6.050885e-02
9.18500,0.362850,0.672162,4.034617e-01,3.051769e-01,9.329964e-01,1.282161e-01,-7.006409e-03,-1.612152e-03,1.785977e-02,6.050269e-02
9.18750,0.362727,0.672473,4.036246e-01,3.054070e-01,9.329562e-01,1.282171e-01,-7.016270e-03,-1.599416e-03,1.785784e-02,6.049651e-02
9.19000,0.362604,0.672783,4.037870e-01,3.056369e-01,9.329174e-01,1.282182e-01,-7.026078e-03,-1.586801e-03,1.785592e-02,6.049034e-02
9.19250,0.362483,0.673093,4.039490e-01,3.058668e-01,9.328799e-01,1.282192e-01,-7.035902e-03,-1.574040e-03,1.785399e-02,6.048415e-02
9.19500,0.362362,0.673404,4.041105e-01,3.060966e-01,9.328437e-01,1.282203e-01,-7.045751e-03,-1.560999e-03,1.785207e-02,6.047797e-02
9.19750,0.362242,0.673715,4.042716e-01,3.063262e-01,9.328087e-01,1.282213e-01,-7.055530e-03,-1.547732e-03,1.785015e-02,6.047178e-02
9.20000,0.362122,0.674026,4.044323e-01,3.065558e-01,9.327749e-01,1.282224e-01,-7.065214e-03,-1.534348e-03,1.784823e-02,6.046558e-02
9.20250,0.362003,0.674337,4.045925e-01,3.067852e-01,9.327422e-01,1.282235e-01,-7.074819e-03,-1.520820e-03,1.784633e-02,6.045939e-02
9.20500,0.361885,0.674648,4.047523e-01,3.070146e-01,9.327108e-01,1.282246e-01,-7.084333e-03,-1.507143e-03,1.784444e-02,6.045319e-02
9.20750,0.361768,0.674960,4.049117e-01,3.072438e-01,9.326806e-01,1.282257e-01,-7.093893e-03,-1.493326e-03,1.784255e-02,6.044698e-02
9.21000,0.361651,0.675271,4.050707e-01,3.074730e-01,9.326518e-01,1.282269e-01,-7.103587e-03,-1.479267e-03,1.784065e-02,6.044078e-02
9.21250,0.361535,0.675583,4.052292e-01,3.077020e-01,9.326245e-01,1.282280e-01,-7.113375e-03,-1.464991e-03,1.783875e-02,6.043457e-02
9.21500,0.361420,0.675895,4.053872e-01,3.079310e-01,9.325988e-01,1.282292e-01,-7.123186e-03,-1.450616e-03,1.783685e-02,6.042837e-02
9.21750,0.361306,0.676207,4.055449e-01,3.081598e-01,9.325750e-01,1.282303e-01,-7.132978e-03,-1.436081e-03,1.783496e-02,6.042215e-02
9.22000,0.361192,0.676519,4.057021e-01,3.083885e-01,9.325532e-01,1.282315e-01,-7.142721e-03,-1.421312e-03,1.783307e-02,6.041594e-02
9.22250,0.361079,0.676831,4.058589e-01,3.086171e-01,9.325336e-01,1.282327e-01,-7.152459e-03,-1.406358e-03,1.783119e-02,6.040973e-02
9.22500,0.360966,0.677144,4.060152e-01,3.088457e-01,9.325162e-01,1.282339e-01,-7.162179e-03,-1.391193e-03,1.782931e-02,6.040351e-02
9.22750,0.360855,0.677456,4.061711e-01,3.090741e-01,9.325013e-01,1.282352e-01,-7.171703e-03,-1.376120e-03,1.782745e-02,6.039729e-02
9.23000,0.360744,0.677769,4.063265e-01,3.093024e-01,9.324892e-01,1.282364e-01,-7.180801e-03,-1.361204e-03,1.782560e-02,6.039107e-02
9.23250,0.360633,0.678082,4.064816e-01,3.095306e-01,9.324800e-01,1.282377e-01,-7.189430e-03,-1.346414e-03,1.782377e-02,6.038485e-02
9.23500,0.360524,0.678395,4.066362e-01,3.097587e-01,9.324739e-01,1.282389e-01,-7.197815e-03,-1.331503e-03,1.782197e-02,6.037863e-02
9.23750,0.360415,0.678708,4.067903e-01,3.099866e-01,9.324713e-01,1.282402e-01,-7.205962e-03,-1.316418e-03,1.782019e-02,6.037241e-02
9.24000,0.360307,0.679021,4.069440e-01,3.102145e-01,9.324721e-01,1.282415e-01,-7.213950e-03,-1.301105e-03,1.781843e-02,6.036619e-02
9.24250,0.360200,0.679334,4.070973e-01,3.104423e-01,9.324762e-01,1.282428e-01,-7.221631e-03,-1.285811e-03,1.781668e-02,6.035997e-02
9.24500,0.360093,0.679648,4.072502e-01,3.106700e-01,9.324836e-01,1.282441e-01,-7.229035e-03,-1.270536e-03,1.781496e-02,6.035375e-02
9.24750,0.359987,0.679961,4.074026e-01,3.108975e-01,9.324945e-01,1.282455e-01,-7.236228e-03,-1.255323e-03,1.781326e-02,6.034753e-02
9.25000,0.359882,0.680275,4.075546e-01,3.111249e-01,9.325089e-01,1.282468e-01,-7.243269e-03,-1.240270e-03,1.781158e-02,6.034131e-02
9.25250,0.359777,0.680589,4.077061e-01,3.113523e-01,9.325270e-01,1.282482e-01,-7.250191e-03,-1.225446e-03,1.780991e-02,6.033509e-02
9.25500,0.359674,0.680903,4.078572e-01,3.115795e-01,9.325487e-01,1.282496e-01,-7.257049e-03,-1.210767e-03,1.780825e-02,6.032887e-02
9.25750,0.359570,0.681217,4.080079e-01,3.118066e-01,9.325745e-01,1.282510e-01,-7.263779e-03,-1.196270e-03,1.780660e-02,6.032266e-02
9.26000,0.359468,0.681531,4.081581e-01,3.120336e-01,9.326043e-01,1.282524e-01,-7.270493e-03,-1.181889e-03,1.780495e-02,6.031645e-02
9.26250,0.359367,0.681846,4.083079e-01,3.122605e-01,9.326380e-01,1.282538e-01,-7.277248e-03,-1.167642e-03,1.780330e-02,6.031024e-02
9.26500,0.359266,0.682160,4.084663e-01,3.124873e-01,9.326756e-01,1.282553e-01,-7.284094e-03,-1.153486e-03,1.780165e-02,6.030403e-02
9.26750,0.359166,0.682475,4.086256e-01,3.127140e-01,9.327168e-01,1.282567e-01,-7.291147e-03,-1.139370e-03,1.779999e-02,6.029783e-02
9.27000,0.359066,0.682789,4.087845e-01,3.129406e-01,9.327616e-01,1.282582e-01,-7.298264e-03,-1.125328e-03,1.779833e-02,6.029163e-02
9.27250,0.358967,0.683104,4.089429e-01,3.131671e-01,9.328101e-01,1.282596e-01,-7.305321e-03,-1.111396e-03,1.779668e-02,6.028544e-02
9.27500,0.358869,0.683419,4.091009e-01,3.133934e-01,9.328624e-01,1.282611e-01,-7.312323e-03,-1.097657e-03,1.779505e-02,6.027924e-02
9.27750,0.358772,0.683734,4.092585e-01,3.136196e-01,9.329186e-01,1.282626e-01,-7.319269e-03,-1.084252e-03,1.779342e-02,6.027306e-02
9.28000,0.358676,0.684049,4.094157e-01,3.138458e-01,9.329785e-01,1.282642e-01,-7.326217e-03,-1.071162e-03,1.779178e-02,6.026687e-02
9.28250,0.358580,0.684364,4.095725e-01,3.140718e-01,9.330419e-01,1.282657e-01,-7.333323e-03,-1.058163e-03,1.779014e-02,6.026070e-02
9.28500,0.358485,0.684679,4.097288e-01,3.142977e-01,9.331084e-01,1.282672e-01,-7.340694e-03,-1.045199e-03,1.778849e-02,6.025452e-02
9.28750,0.358391,0.684995,4.098847e-01,3.145235e-01,9.331773e-01,1.282688e-01,-7.348435e-03,-1.032078e-03,1.778681e-02,6.024835e-02
9.29000,0.358297,0.685310,4.100402e-01,3.147492e-01,9.332479e-01,1.282704e-01,-7.356514e-03,-1.018807e-03,1.778512e-02,6.024219e-02
9.29250,0.358204,0.685626,4.101953e-01,3.149748e-01,9.333198e-01,1.282720e-01,-7.364859e-03,-1.005527e-03,1.778341e-02,6.023603e-02
9.29500,0.358112,0.685941,4.103499e-01,3.152003e-01,9.333925e-01,1.282736e-01,-7.373229e-03,-9.924182e-04,1.778170e-02,6.022987e-02
9.29750,0.358021,0.686257,4.105041e-01,3.154256e-01,9.334663e-01,1.282752e-01,-7.381641e-03,-9.794980e-04,1.777998e-02,6.022372e-02
9.30000,0.357930,0.686573,4.106579e-01,3.156509e-01,9.335411e-01,1.282768e-01,-7.390070e-03,-9.667656e-04,1.777827e-02,6.021758e-02
9.30250,0.357840,0.686889,4.108113e-01,3.158760e-01,9.336171e-01,1.282785e-01,-7.398475e-03,-9.541526e-04,1.777655e-02,6.021144e-02
9.30500,0.357751,0.687205,4.109643e-01,3.161011e-01,9.336943e-01,1.282801e-01,-7.406719e-03,-9.416676e-04,1.777485e-02,6.020531e-02
9.30750,0.357662,0.687521,4.111184e-01,3.163260e-01,9.337317e-01,1.282818e-01,-7.414847e-03,-9.292989e-04,1.777316e-02,6.019918e-02
9.31000,0.357575,0.687838,4.112811e-01,3.165508e-01,9.337187e-01,1.282835e-01,-7.423020e-03,-9.168074e-04,1.777146e-02,6.019306e-02
9.31250,0.357488,0.688154,4.114434e-01,3.167755e-01,9.337060e-01,1.282852e-01,-7.431252e-03,-9.041770e-04,1.776976e-02,6.018695e-02
9.31500,0.357401,0.688470,4.116053e-01,3.170001e-01,9.336940e-01,1.282869e-01,-7.439622e-03,-8.913303e-04,1.776805e-02,6.018084e-02
9.31750,0.357316,0.688787,4.117668e-01,3.172245e-01,9.336828e-01,1.282886e-01,-7.448243e-03,-8.782928e-04,1.776634e-02,6.017474e-02
9.32000,0.357231,0.689103,4.119279e-01,3.174489e-01,9.336726e-01,1.282904e-01,-7.456971e-03,-8.650829e-04,1.776462e-02,6.016865e-02
9.32250,0.357147,0.689420,4.120886e-01,3.176732e-01,9.336630e-01,1.282921e-01,-7.465767e-03,-8.518604e-04,1.776291e-02,6.016256e-02
9.32500,0.357064,0.689737,4.122489e-01,3.178973e-01,9.336540e-01,1.282939e-01,-7.474641e-03,-8.386465e-04,1.776120e-02,6.015648e-02
9.32750,0.356981,0.690054,4.124088e-01,3.181213e-01,9.336454e-01,1.282957e-01,-7.483618e-03,-8.253238e-04,1.775948e-02,6.015040e-02
9.33000,0.356899,0.690371,4.125682e-01,3.183453e-01,9.336369e-01,1.282975e-01,-7.492669e-03,-8.117609e-04,1.775776e-02,6.014434e-02
9.33250,0.356818,0.690688,4.127273e-01,3.185691e-01,9.336283e-01,1.282993e-01,-7.501718e-03,-7.981613e-04,1.775604e-02,6.013828e-02
9.33500,0.356738,0.691005,4.128859e-01,3.187928e-01,9.336192e-01,1.283011e-01,-7.510537e-03,-7.846502e-04,1.775432e-02,6.013223e-02
9.33750,0.356659,0.691322,4.130442e-01,3.190164e-01,9.336093e-01,1.283029e-01,-7.518936e-03,-7.712586e-04,1.775262e-02,6.012619e-02
9.34000,0.356580,0.691639,4.132020e-01,3.192398e-01,9.335985e-01,1.283048e-01,-7.526753e-03,-7.580639e-04,1.775093e-02,6.012015e-02
9.34250,0.356502,0.691956,4.133595e-01,3.194632e-01,9.335869e-01,1.283066e-01,-7.534091e-03,-7.448658e-04,1.774926e-02,6.011412e-02
9.34500,0.356424,0.692274,4.135165e-01,3.196864e-01,9.335744e-01,1.283085e-01,-7.541093e-03,-7.315877e-04,1.774761e-02,6.010810e-02
9.34750,0.356348,0.692591,4.136731e-01,3.199096e-01,9.335612e-01,1.283104e-01,-7.548064e-03,-7.181541e-04,1.774596e-02,6.010208e-02
9.35000,0.356272,0.692909,4.138293e-01,3.201326e-01,9.335475e-01,1.283123e-01,-7.554958e-03,-7.046583e-04,1.774432e-02,6.009607e-02
9.35250,0.356197,0.693226,4.139851e-01,3.203555e-01,9.335334e-01,1.283142e-01,-7.561775e-03,-6.910752e-04,1.774269e-02,6.009007e-02
9.35500,0.356123,0.693544,4.141406e-01,3.205783e-01,9.335192e-01,1.283162e-01,-7.568494e-03,-6.774345e-04,1.774106e-02,6.008407e-02
9.35750,0.356049,0.693862,4.142956e-01,3.208010e-01,9.335051e-01,1.283181e-01,-7.575218e-03,-6.636607e-04,1.773944e-02,6.007808e-02
9.36000,0.355976,0.694180,4.144502e-01,3.210236e-01,9.334911e-01,1.283201e-01,-7.581927e-03,-6.499442e-04,1.773783e-02,6.007210e-02
9.36250,0.355904,0.694497,4.146044e-01,3.212461e-01,9.334772e-01,1.283220e-01,-7.588611e-03,-6.363883e-04,1.773621e-02,6.006613e-02
9.36500,0.355833,0.694815,4.147582e-01,3.214684e-01,9.334633e-01,1.283240e-01,-7.595067e-03,-6.230539e-04,1.773461e-02,6.006016e-02
9.36750,0.355762,0.695133,4.149116e-01,3.216907e-01,9.334494e-01,1.283260e-01,-7.601386e-03,-6.099036e-04,1.773301e-02,6.005421e-02
9.37000,0.355693,0.695451,4.150645e-01,3.219128e-01,9.334355e-01,1.283280e-01,-7.607620e-03,-5.968733e-04,1.773142e-02,6.004826e-02
9.37250,0.355624,0.695769,4.152171e-01,3.221348e-01,9.334215e-01,1.283301e-01,-7.614018e-03,-5.837344e-04,1.772983e-02,6.004232e-02
9.37500,0.355555,0.696088,4.153693e-01,3.223567e-01,9.334076e-01,1.283321e-01,-7.620796e-03,-5.704523e-04,1.772822e-02,6.003639e-02
9.37750,0.355488,0.696406,4.155211e-01,3.225785e-01,9.333935e-01,1.283341e-01,-7.627930e-03,-5.571062e-04,1.772660e-02,6.003047e-02
9.38000,0.355421,0.696724,4.156725e-01,3.228002e-01,9.333791e-01,1.283362e-01,-7.635248e-03,-5.439476e-04,1.772497e-02,6.002456e-02
9.38250,0.355355,0.697042,4.158235e-01,3.230218e-01,9.333641e-01,1.283383e-01,-7.642587e-03,-5.311483e-04,1.772333e-02,6.001866e-02
9.38500,0.355290,0.697361,4.159740e-01,3.232432e-01,9.333485e-01,1.283404e-01,-7.649909e-03,-5.185877e-04,1.772170e-02,6.001276e-02
9.38750,0.355225,0.697679,4.161242e-01,3.234646e-01,9.333323e-01,1.283425e-01,-7.657187e-03,-5.062084e-04,1.772006e-02,6.000688e-02
9.39000,0.355161,0.697998,4.162740e-01,3.236858e-01,9.333157e-01,1.283446e-01,-7.664575e-03,-4.938180e-04,1.771842e-02,6.000100e-02
9.39250,0.355098,0.698316,4.164234e-01,3.239070e-01,9.332987e-01,1.283467e-01,-7.672131e-03,-4.813075e-04,1.771676e-02,5.999514e-02
9.39500,0.355036,0.698635,4.165724e-01,3.241280e-01,9.332816e-01,1.283489e-01,-7.679722e-03,-4.688574e-04,1.771509e-02,5.998928e-02
9.39750,0.354975,0.698953,4.167209e-01,3.243489e-01,9.332646e-01,1.283510e-01,-7.687419e-03,-4.563600e-04,1.771342e-02,5.998344e-02
9.40000,0.354914,0.699272,4.168691e-01,3.245697e-01,9.332480e-01,1.283532e-01,-7.695035e-03,-4.439092e-04,1.771174e-02,5.997760e-02
9.40250,0.354854,0.699591,4.170169e-01,3.247904e-01,9.332320e-01,1.283554e-01,-7.702522e-03,-4.315135e-04,1.771007e-02,5.997178e-02
9.40500,0.354795,0.699909,4.171643e-01,3.250110e-01,9.332165e-01,1.283576e-01,-7.709985e-03,-4.190553e-04,1.770840e-02,5.996597e-02
9.40750,0.354737,0.700228,4.173113e-01,3.252314e-01,9.332014e-01,1.283598e-01,-7.717415e-03,-4.065371e-04,1.770675e-02,5.996016e-02
9.41000,0.354679,0.700547,4.174578e-01,3.254518e-01,9.331869e-01,1.283620e-01,-7.724792e-03,-3.941532e-04,1.770510e-02,5.995437e-02
9.41250,0.354622,0.700866,4.176040e-01,3.256720e-01,9.331727e-01,1.283642e-01,-7.732271e-03,-3.819179e-04,1.770345e-02,5.994859e-02
9.41500,0.354566,0.701185,4.177498e-01,3.258922e-01,9.331589e-01,1.283665e-01,-7.739862e-03,-3.696438e-04,1.770179e-02,5.994282e-02
9.41750,0.354511,0.701504,4.178952e-01,3.261122e-01,9.331453e-01,1.283688e-01,-7.747431e-03,-3.571305e-04,1.770013e-02,5.993706e-02
9.42000,0.354456,0.701822,4.180402e-01,3.263321e-01,9.331318e-01,1.283710e-01,-7.755023e-03,-3.444102e-04,1.769847e-02,5.993132e-02
9.42250,0.354402,0.702141,4.181849e-01,3.265519e-01,9.331183e-01,1.283733e-01,-7.762632e-03,-3.316309e-04,1.769681e-02,5.992558e-02
9.42500,0.354349,0.702460,4.183291e-01,3.267716e-01,9.331045e-01,1.283756e-01,-7.770208e-03,-3.190255e-04,1.769515e-02,5.991986e-02
9.42750,0.354297,0.702780,4.184786e-01,3.269912e-01,9.330906e-01,1.283779e-01,-7.777729e-03,-3.064924e-04,1.769351e-02,5.991416e-02
9.43000,0.354246,0.703099,4.186333e-01,3.272107e-01,9.330765e-01,1.283803e-01,-7.785175e-03,-2.938936e-04,1.769187e-02,5.990847e-02
9.43250,0.354195,0.703418,4.187876e-01,3.274301e-01,9.330623e-01,1.283826e-01,-7.792588e-03,-2.811935e-04,1.769025e-02,5.990279e-02
9.43500,0.354145,0.703737,4.189416e-01,3.276493e-01,9.330482e-01,1.283850e-01,-7.799938e-03,-2.684120e-04,1.768864e-02,5.989713e-02
9.43750,0.354096,0.704056,4.190951e-01,3.278685e-01,9.330341e-01,1.283873e-01,-7.807117e-03,-2.555857e-04,1.768704e-02,5.989148e-02
9.44000,0.354047,0.704375,4.192483e-01,3.280875e-01,9.330201e-01,1.283897e-01,-7.814119e-03,-2.428160e-04,1.768544e-02,5.988585e-02
9.44250,0.354000,0.704694,4.194011e-01,3.283064e-01,9.330062e-01,1.283921e-01,-7.820896e-03,-2.301677e-04,1.768384e-02,5.988023e-02
9.44500,0.353953,0.705014,4.195535e-01,3.285253e-01,9.329925e-01,1.283945e-01,-7.827403e-03,-2.176560e-04,1.768225e-02,5.987463e-02
9.44750,0.353907,0.705333,4.197056e-01,3.287440e-01,9.329787e-01,1.283969e-01,-7.833660e-03,-2.052582e-04,1.768068e-02,5.986904e-02
9.45000,0.353861,0.705652,4.198573e-01,3.289626e-01,9.329649e-01,1.283993e-01,-7.839793e-03,-1.928917e-04,1.767910e-02,5.986347e-02
9.45250,0.353817,0.705971,4.200085e-01,3.291811e-01,9.329509e-01,1.284018e-01,-7.846020e-03,-1.804968e-04,1.767752e-02,5.985791e-02
9.45500,0.353773,0.706291,4.201595e-01,3.293995e-01,9.329364e-01,1.284042e-01,-7.852270e-03,-1.681587e-04,1.767593e-02,5.985237e-02
9.45750,0.353730,0.706610,4.203100e-01,3.296178e-01,9.329216e-01,1.284067e-01,-7.858587e-03,-1.558035e-04,1.767434e-02,5.984684e-02
9.46000,0.353688,0.706929,4.204602e-01,3.298359e-01,9.329063e-01,1.284092e-01,-7.865103e-03,-1.433407e-04,1.767273e-02,5.984132e-02
9.46250,0.353647,0.707249,4.206100e-01,3.300540e-01,9.328906e-01,1.284117e-01,-7.871911e-03,-1.307098e-04,1.767110e-02,5.983582e-02
9.46500,0.353606,0.707568,4.207594e-01,3.302720e-01,9.328745e-01,1.284142e-01,-7.878970e-03,-1.179972e-04,1.766944e-02,5.983034e-02
9.46750,0.353566,0.707888,4.209085e-01,3.304898e-01,9.328578e-01,1.284167e-01,-7.886059e-03,-1.053726e-04,1.766778e-02,5.982486e-02
9.47000,0.353527,0.708207,4.210674e-01,3.307075e-01,9.328401e-01,1.284192e-01,-7.893046e-03,-9.299738e-05,1.766611e-02,5.981941e-02
9.47250,0.353489,0.708526,4.212272e-01,3.309252e-01,9.328217e-01,1.284218e-01,-7.899964e-03,-8.095431e-05,1.766443e-02,5.981397e-02
9.47500,0.353451,0.708846,4.213866e-01,3.311427e-01,9.328024e-01,1.284243e-01,-7.906955e-03,-6.930435e-05,1.766274e-02,5.980854e-02
9.47750,0.353414,0.709165,4.215457e-01,3.313601e-01,9.327826e-01,1.284269e-01,-7.914072e-03,-5.782864e-05,1.766104e-02,5.980313e-02
9.48000,0.353378,0.709485,4.217045e-01,3.315775e-01,9.327626e-01,1.284295e-01,-7.921290e-03,-4.625132e-05,1.765934e-02,5.979773e-02
9.48250,0.353343,0.709804,4.218629e-01,3.317947e-01,9.327427e-01,1.284321e-01,-7.928435e-03,-3.456465e-05,1.765765e-02,5.979235e-02
9.48500,0.353309,0.710123,4.220209e-01,3.320118e-01,9.327231e-01,1.284347e-01,-7.935603e-03,-2.271812e-05,1.765595e-02,5.978698e-02
9.48750,0.353275,0.710443,4.221786e-01,3.322288e-01,9.327039e-01,1.284373e-01,-7.942664e-03,-1.072933e-05,1.765425e-02,5.978163e-02
9.49000,0.353243,0.710762,4.223359e-01,3.324457e-01,9.326853e-01,1.284399e-01,-7.949648e-03,1.381839e-06,1.765257e-02,5.977630e-02
9.49250,0.353210,0.711082,4.224928e-01,3.326624e-01,9.326670e-01,1.284426e-01,-7.956750e-03,1.368471e-05,1.765089e-02,5.977098e-02
9.49500,0.353179,0.711401,4.226495e-01,3.328791e-01,9.326488e-01,1.284453e-01,-7.964084e-03,2.604070e-05,1.764920e-02,5.976569e-02
9.49750,0.353149,0.711720,4.228057e-01,3.330957e-01,9.326308e-01,1.284479e-01,-7.971577e-03,3.822773e-05,1.764750e-02,5.976041e-02
9.50000,0.353119,0.712040,4.229616e-01,3.333122e-01,9.326130e-01,1.284506e-01,-7.979292e-03,5.042916e-05,1.764580e-02,5.975514e-02
9.50250,0.353090,0.712359,4.231172e-01,3.335285e-01,9.325953e-01,1.284533e-01,-7.987138e-03,6.273659e-05,1.764409e-02,5.974990e-02
9.50500,0.353062,0.712679,4.232724e-01,3.337448e-01,9.325778e-01,1.284560e-01,-7.994947e-03,7.499760e-05,1.764238e-02,5.974467e-02
9.50750,0.353035,0.712998,4.234273e-01,3.339610e-01,9.325604e-01,1.284587e-01,-8.002703e-03,8.719465e-05,1.764067e-02,5.973946e-02
9.51000,0.353008,0.713317,4.235818e-01,3.341770e-01,9.325431e-01,1.284615e-01,-8.010355e-03,9.932184e-05,1.763897e-02,5.973427e-02
9.51250,0.352983,0.713637,4.237359e-01,3.343930e-01,9.325257e-01,1.284642e-01,-8.017914e-03,1.115450e-04,1.763728e-02,5.972910e-02
9.51500,0.352958,0.713956,4.238897e-01,3.346088e-01,9.325082e-01,1.284670e-01,-8.025572e-03,1.241204e-04,1.763558e-02,5.972394e-02
9.51750,0.352934,0.714276,4.240432e-01,3.348245e-01,9.324905e-01,1.284697e-01,-8.033410e-03,1.370393e-04,1.763387e-02,5.971880e-02
9.52000,0.352910,0.714595,4.241963e-01,3.350402e-01,9.324726e-01,1.284725e-01,-8.041453e-03,1.502610e-04,1.763215e-02,5.971368e-02
9.52250,0.352888,0.714914,4.243491e-01,3.352557e-01,9.324547e-01,1.284753e-01,-8.049602e-03,1.635720e-04,1.763043e-02,5.970858e-02
9.52500,0.352866,0.715233,4.245045e-01,3.354711e-01,9.324369e-01,1.284781e-01,-8.057545e-03,1.767914e-04,1.762873e-02,5.970349e-02
9.52750,0.352845,0.715553,4.246674e-01,3.356865e-01,9.324192e-01,1.284809e-01,-8.065369e-03,1.898798e-04,1.762703e-02,5.969843e-02
9.53000,0.352825,0.715872,4.248299e-01,3.359017e-01,9.324019e-01,1.284837e-01,-8.073234e-03,2.029854e-04,1.762532e-02,5.969338e-02
9.53250,0.352805,0.716191,4.249920e-01,3.361168e-01,9.323852e-01,1.284866e-01,-8.080702e-03,2.158920e-04,1.762361e-02,5.968835e-02
9.53500,0.352787,0.716511,4.251538e-01,3.363318e-01,9.323690e-01,1.284894e-01,-8.087800e-03,2.286106e-04,1.762192e-02,5.968335e-02
9.53750,0.352769,0.716830,4.253152e-01,3.365467e-01,9.323533e-01,1.284923e-01,-8.094686e-03,2.410325e-04,1.762023e-02,5.967836e-02
9.54000,0.352752,0.717149,4.254762e-01,3.367615e-01,9.323376e-01,1.284951e-01,-8.101248e-03,2.530746e-04,1.761856e-02,5.967339e-02
9.54250,0.352736,0.717468,4.256369e-01,3.369762e-01,9.323219e-01,1.284980e-01,-8.107529e-03,2.648530e-04,1.761691e-02,5.966844e-02
9.54500,0.352721,0.717787,4.257972e-01,3.371908e-01,9.323059e-01,1.285009e-01,-8.113755e-03,2.764531e-04,1.761526e-02,5.966351e-02
9.54750,0.352706,0.718106,4.259571e-01,3.374053e-01,9.322895e-01,1.285038e-01,-8.119915e-03,2.878487e-04,1.761361e-02,5.965859e-02
9.55000,0.352692,0.718425,4.261166e-01,3.376197e-01,9.322728e-01,1.285067e-01,-8.126048e-03,2.990940e-04,1.761195e-02,5.965370e-02
9.55250,0.352679,0.718744,4.262758e-01,3.378340e-01,9.322558e-01,1.285096e-01,-8.132219e-03,3.102762e-04,1.761029e-02,5.964883e-02
9.55500,0.352667,0.719063,4.264346e-01,3.380482e-01,9.322382e-01,1.285126e-01,-8.138488e-03,3.215999e-04,1.760861e-02,5.964397e-02
9.55750,0.352656,0.719382,4.265931e-01,3.382623e-01,9.322200e-01,1.285155e-01,-8.144986e-03,3.332005e-04,1.760693e-02,5.963914e-02
9.56000,0.352645,0.719701,4.267511e-01,3.384763e-01,9.322009e-01,1.285185e-01,-8.151576e-03,3.450116e-04,1.760523e-02,5.963433e-02
9.56250,0.352635,0.720020,4.269089e-01,3.386901e-01,9.321810e-01,1.285214e-01,-8.158023e-03,3.569115e-04,1.760355e-02,5.962954e-02
9.56500,0.352626,0.720339,4.270662e-01,3.389039e-01,9.321602e-01,1.285244e-01,-8.164302e-03,3.688955e-04,1.760186e-02,5.962477e-02
9.56750,0.352618,0.720658,4.272232e-01,3.391176e-01,9.321387e-01,1.285274e-01,-8.170524e-03,3.809459e-04,1.760018e-02,5.962002e-02
9.57000,0.352611,0.720977,4.273798e-01,3.393312e-01,9.321169e-01,1.285304e-01,-8.176798e-03,3.929263e-04,1.759850e-02,5.961530e-02
9.57250,0.352604,0.721296,4.275360e-01,3.395447e-01,9.320949e-01,1.285334e-01,-8.183240e-03,4.048749e-04,1.759681e-02,5.961060e-02
9.57500,0.352599,0.721614,4.276919e-01,3.397581e-01,9.320729e-01,1.285365e-01,-8.189763e-03,4.169423e-04,1.759512e-02,5.960592e-02
9.57750,0.352594,0.721933,4.278474e-01,3.399713e-01,9.320512e-01,1.285395e-01,-8.196173e-03,4.290854e-04,1.759345e-02,5.960127e-02
9.58000,0.352590,0.722252,4.280025e-01,3.401845e-01,9.320302e-01,1.285425e-01,-8.202388e-03,4.411765e-04,1.759180e-02,5.959664e-02
9.58250,0.352586,0.722570,4.281573e-01,3.403976e-01,9.320096e-01,1.285456e-01,-8.208582e-03,4.532947e-04,1.759016e-02,5.959204e-02
9.58500,0.352584,0.722889,4.283117e-01,3.406106e-01,9.319894e-01,1.285487e-01,-8.214822e-03,4.655473e-04,1.758853e-02,5.958746e-02
9.58750,0.352582,0.723207,4.284658e-01,3.408235e-01,9.319694e-01,1.285517e-01,-8.221069e-03,4.779678e-04,1.758691e-02,5.958291e-02
9.59000,0.352581,0.723526,4.286195e-01,3.410363e-01,9.319495e-01,1.285548e-01,-8.227406e-03,4.905203e-04,1.758530e-02,5.957838e-02
9.59250,0.352581,0.723844,4.287728e-01,3.412490e-01,9.319297e-01,1.285579e-01,-8.233788e-03,5.031486e-04,1.758369e-02,5.957389e-02
9.59500,0.352582,0.724162,4.289371e-01,3.414616e-01,9.319099e-01,1.285610e-01,-8.240406e-03,5.158513e-04,1.758206e-02,5.956942e-02
9.59750,0.352583,0.724481,4.291034e-01,3.416741e-01,9.318904e-01,1.285641e-01,-8.247209e-03,5.284856e-04,1.758043e-02,5.956497e-02
9.60000,0.352586,0.724799,4.292693e-01,3.418865e-01,9.318709e-01,1.285673e-01,-8.254137e-03,5.410877e-04,1.757879e-02,5.956056e-02
9.60250,0.352589,0.725117,4.294349e-01,3.420988e-01,9.318515e-01,1.285704e-01,-8.260890e-03,5.535041e-04,1.757716e-02,5.955617e-02
9.60500,0.352593,0.725435,4.296002e-01,3.423110e-01,9.318320e-01,1.285735e-01,-8.267517e-03,5.657472e-04,1.757555e-02,5.955181e-02
9.60750,0.352598,0.725753,4.297651e-01,3.425231e-01,9.318123e-01,1.285767e-01,-8.274220e-03,5.778913e-04,1.757392e-02,5.954747e-02
9.61000,0.352603,0.726072,4.299296e-01,3.427351e-01,9.317924e-01,1.285799e-01,-8.280991e-03,5.900023e-04,1.757229e-02,5.954317e-02
9.61250,0.352610,0.726390,4.300939e-01,3.429470e-01,9.317723e-01,1.285830e-01,-8.287848e-03,6.023032e-04,1.757066e-02,5.953889e-02
9.61500,0.352617,0.726707,4.302577e-01,3.431588e-01,9.317522e-01,1.285862e-01,-8.294560e-03,6.147574e-04,1.756903e-02,5.953464e-02
9.61750,0.352625,0.727025,4.304213e-01,3.433705e-01,9.317321e-01,1.285894e-01,-8.300907e-03,6.272384e-04,1.756740e-02,5.953042e-02
9.62000,0.352634,0.727343,4.305845e-01,3.435821e-01,9.317121e-01,1.285926e-01,-8.307107e-03,6.396505e-04,1.756577e-02,5.952623e-02
9.62250,0.352643,0.727661,4.307473e-01,3.437936e-01,9.316922e-01,1.285959e-01,-8.313467e-03,6.520650e-04,1.756412e-02,5.952206e-02
9.62500,0.352654,0.727979,4.309098e-01,3.440051e-01,9.316727e-01,1.285991e-01,-8.319731e-03,6.642944e-04,1.756246e-02,5.951792e-02
9.62750,0.352665,0.728296,4.310720e-01,3.442164e-01,9.316535e-01,1.286023e-01,-8.325786e-03,6.763374e-04,1.756080e-02,5.951381e-02
9.63000,0.352677,0.728614,4.312338e-01,3.444276e-01,9.316348e-01,1.286056e-01,-8.331697e-03,6.882954e-04,1.755913e-02,5.950972e-02
9.63250,0.352690,0.728931,4.313952e-01,3.446388e-01,9.316163e-01,1.286088e-01,-8.337652e-03,7.003345e-04,1.755746e-02,5.950566e-02
9.63500,0.352704,0.729249,4.315564e-01,3.448498e-01,9.315979e-01,1.286121e-01,-8.343462e-03,7.123147e-04,1.755580e-02,5.950163e-02
9.63750,0.352719,0.729566,4.317172e-01,3.450608e-01,9.315794e-01,1.286154e-01,-8.348944e-03,7.242612e-04,1.755415e-02,5.949763e-02
9.64000,0.352734,0.729883,4.318776e-01,3.452716e-01,9.315607e-01,1.286187e-01,-8.354286e-03,7.363325e-04,1.755253e-02,5.949366e-02
9.64250,0.352750,0.730200,4.320377e-01,3.454824e-01,9.315419e-01,1.286220e-01,-8.359660e-03,7.486419e-04,1.755091e-02,5.948971e-02
9.64500,0.352767,0.730517,4.321975e-01,3.456930e-01,9.315227e-01,1.286253e-01,-8.365048e-03,7.610582e-04,1.754929e-02,5.948580e-02
9.64750,0.352785,0.730835,4.323569e-01,3.459036e-01,9.315032e-01,1.286286e-01,-8.370400e-03,7.735766e-04,1.754767e-02,5.948191e-02
9.65000,0.352804,0.731151,4.325255e-01,3.461141e-01,9.314832e-01,1.286319e-01,-8.375724e-03,7.861683e-04,1.754606e-02,5.947806e-02
9.65250,0.352823,0.731468,4.326982e-01,3.463244e-01,9.314625e-01,1.286353e-01,-8.381252e-03,7.987023e-04,1.754444e-02,5.947423e-02
9.65500,0.352844,0.731785,4.328706e-01,3.465347e-01,9.314411e-01,1.286386e-01,-8.386830e-03,8.111298e-04,1.754281e-02,5.947044e-02
9.65750,0.352865,0.732102,4.330427e-01,3.467449e-01,9.314192e-01,1.286420e-01,-8.392312e-03,8.233659e-04,1.754119e-02,5.946668e-02
9.66000,0.352887,0.732419,4.332144e-01,3.469550e-01,9.313969e-01,1.286454e-01,-8.397945e-03,8.356093e-04,1.753957e-02,5.946294e-02
9.66250,0.352910,0.732735,4.333859e-01,3.471650e-01,9.313744e-01,1.286487e-01,-8.403507e-03,8.477409e-04,1.753795e-02,5.945924e-02
9.66500,0.352933,0.733052,4.335570e-01,3.473749e-01,9.313517e-01,1.286521e-01,-8.409038e-03,8.598075e-04,1.753634e-02,5.945557e-02
9.66750,0.352958,0.733368,4.337277e-01,3.475848e-01,9.313291e-01,1.286555e-01,-8.414546e-03,8.719063e-04,1.753474e-02,5.945193e-02
9.67000,0.352983,0.733684,4.338982e-01,3.477945e-01,9.313068e-01,1.286589e-01,-8.420257e-03,8.842108e-04,1.753313e-02,5.944832e-02
9.67250,0.353009,0.734001,4.340684e-01,3.480041e-01,9.312850e-01,1.286623e-01,-8.426246e-03,8.969012e-04,1.753151e-02,5.944474e-02
9.67500,0.353036,0.734317,4.342382e-01,3.482137e-01,9.312637e-01,1.286658e-01,-8.432478e-03,9.099723e-04,1.752987e-02,5.944119e-02
9.67750,0.353064,0.734633,4.344077e-01,3.484231e-01,9.312428e-01,1.286692e-01,-8.438693e-03,9.231467e-04,1.752824e-02,5.943767e-02
9.68000,0.353093,0.734949,4.345769e-01,3.486325e-01,9.312223e-01,1.286726e-01,-8.444724e-03,9.361775e-04,1.752662e-02,5.943419e-02
9.68250,0.353122,0.735265,4.347457e-01,3.488417e-01,9.312020e-01,1.286761e-01,-8.450747e-03,9.491055e-04,1.752501e-02,5.943073e-02
9.68500,0.353152,0.735580,4.349143e-01,3.490509e-01,9.311819e-01,1.286795e-01,-8.456691e-03,9.621136e-04,1.752341e-02,5.942731e-02
9.68750,0.353183,0.735896,4.350825e-01,3.492600e-01,9.311620e-01,1.286830e-01,-8.462559e-03,9.752683e-04,1.752182e-02,5.942392e-02
9.69000,0.353215,0.736212,4.352504e-01,3.494690e-01,9.311421e-01,1.286864e-01,-8.468562e-03,9.885830e-04,1.752023e-02,5.942056e-02
9.69250,0.353248,0.736527,4.354180e-01,3.496779e-01,9.311222e-01,1.286899e-01,-8.474787e-03,1.001891e-03,1.751863e-02,5.941724e-02
9.69500,0.353282,0.736843,4.355853e-01,3.498867e-01,9.309106e-01,1.286934e-01,-8.481397e-03,1.015164e-03,1.751701e-02,5.941394e-02
9.69750,0.353316,0.737158,4.357522e-01,3.500954e-01,9.306897e-01,1.286969e-01,-8.488152e-03,1.028333e-03,1.751537e-02,5.941068e-02
9.70000,0.353351,0.737473,4.359189e-01,3.503040e-01,9.304691e-01,1.287004e-01,-8.494878e-03,1.041408e-03,1.751373e-02,5.940746e-02
9.70250,0.353387,0.737788,4.360852e-01,3.505126e-01,9.302487e-01,1.287039e-01,-8.501372e-03,1.054227e-03,1.751208e-02,5.940426e-02
9.70500,0.353424,0.738103,4.362512e-01,3.507210e-01,9.300285e-01,1.287074e-01,-8.507498e-03,1.066701e-03,1.751044e-02,5.940109e-02
9.70750,0.353462,0.738418,4.364169e-01,3.509294e-01,9.298085e-01,1.287110e-01,-8.513151e-03,1.079065e-03,1.750882e-02,5.939796e-02
9.71000,0.353500,0.738733,4.365822e-01,3.511376e-01,9.295888e-01,1.287145e-01,-8.518519e-03,1.091654e-03,1.750721e-02,5.939486e-02
9.71250,0.353540,0.739048,4.367473e-01,3.513458e-01,9.293693e-01,1.287180e-01,-8.523886e-03,1.104597e-03,1.750560e-02,5.939179e-02
9.71500,0.353580,0.739362,4.369120e-01,3.515539e-01,9.291502e-01,1.287216e-01,-8.529033e-03,1.117507e-03,1.750400e-02,5.938875e-02
9.71750,0.353621,0.739677,4.370764e-01,3.517619e-01,9.289313e-01,1.287252e-01,-8.533977e-03,1.130261e-03,1.750241e-02,5.938575e-02
9.72000,0.353663,0.739991,4.372405e-01,3.519698e-01,9.287127e-01,1.287287e-01,-8.538823e-03,1.142867e-03,1.750082e-02,5.938277e-02
9.72250,0.353706,0.740305,4.374043e-01,3.521776e-01,9.284945e-01,1.287323e-01,-8.543548e-03,1.155488e-03,1.749924e-02,5.937983e-02
9.72500,0.353749,0.740619,4.375677e-01,3.523853e-01,9.282766e-01,1.287359e-01,-8.548148e-03,1.168219e-03,1.749766e-02,5.937692e-02
9.72750,0.353794,0.740933,4.377309e-01,3.525929e-01,9.280591e-01,1.287395e-01,-8.552759e-03,1.180971e-03,1.749608e-02,5.937405e-02
9.73000,0.353839,0.741247,4.378937e-01,3.528004e-01,9.278420e-01,1.287431e-01,-8.557713e-03,1.193886e-03,1.749450e-02,5.937120e-02
9.73250,0.353885,0.741561,4.380562e-01,3.530079e-01,9.276251e-01,1.287467e-01,-8.562788e-03,1.206851e-03,1.749292e-02,5.936839e-02
9.73500,0.353932,0.741875,4.382184e-01,3.532152e-01,9.274087e-01,1.287503e-01,-8.567607e-03,1.219699e-03,1.749136e-02,5.936562e-02
9.73750,0.353980,0.742188,4.383803e-01,3.534225e-01,9.271925e-01,1.287539e-01,-8.571949e-03,1.232474e-03,1.748984e-02,5.936288e-02
9.74000,0.354028,0.742502,4.385418e-01,3.536297e-01,9.269767e-01,1.287576e-01,-8.575710e-03,1.245251e-03,1.748836e-02,5.936017e-02
9.74250,0.354078,0.742815,4.387097e-01,3.538368e-01,9.267611e-01,1.287612e-01,-8.579605e-03,1.258299e-03,1.748690e-02,5.935750e-02
9.74500,0.354128,0.743128,4.388852e-01,3.540438e-01,9.265458e-01,1.287648e-01,-8.584042e-03,1.271761e-03,1.748543e-02,5.935486e-02
9.74750,0.354179,0.743441,4.390605e-01,3.542507e-01,9.263308e-01,1.287685e-01,-8.588728e-03,1.285554e-03,1.748394e-02,5.935227e-02
9.75000,0.354231,0.743754,4.392355e-01,3.544575e-01,9.261161e-01,1.287722e-01,-8.593549e-03,1.299650e-03,1.748246e-02,5.934970e-02
9.75250,0.354284,0.744067,4.394102e-01,3.546642e-01,9.259017e-01,1.287758e-01,-8.598350e-03,1.313661e-03,1.748098e-02,5.934718e-02
9.75500,0.354337,0.744380,4.395846e-01,3.548709e-01,9.256876e-01,1.287795e-01,-8.603062e-03,1.327336e-03,1.747950e-02,5.934469e-02
9.75750,0.354392,0.744692,4.397587e-01,3.550774e-01,9.254738e-01,1.287832e-01,-8.607734e-03,1.340831e-03,1.747803e-02,5.934223e-02
9.76000,0.354447,0.745004,4.399326e-01,3.552839e-01,9.252604e-01,1.287869e-01,-8.612539e-03,1.354464e-03,1.747656e-02,5.933981e-02
9.76250,0.354503,0.745317,4.401061e-01,3.554903e-01,9.250474e-01,1.287906e-01,-8.617636e-03,1.368438e-03,1.747509e-02,5.933743e-02
9.76500,0.354560,0.745629,4.402793e-01,3.556966e-01,9.248347e-01,1.287943e-01,-8.622831e-03,1.382630e-03,1.747362e-02,5.933509e-02
9.76750,0.354618,0.745941,4.404522e-01,3.559028e-01,9.246225e-01,1.287980e-01,-8.628365e-03,1.397042e-03,1.747214e-02,5.933278e-02
9.77000,0.354677,0.746253,4.406249e-01,3.561089e-01,9.244108e-01,1.288017e-01,-8.634287e-03,1.411546e-03,1.747063e-02,5.933051e-02
9.77250,0.354736,0.746565,4.407972e-01,3.563149e-01,9.241995e-01,1.288054e-01,-8.640309e-03,1.426116e-03,1.746911e-02,5.932827e-02
9.77500,0.354797,0.746876,4.409693e-01,3.565208e-01,9.239887e-01,1.288091e-01,-8.646225e-03,1.440646e-03,1.746758e-02,5.932607e-02
9.77750,0.354858,0.747188,4.411410e-01,3.567267e-01,9.237785e-01,1.288129e-01,-8.651719e-03,1.454657e-03,1.746605e-02,5.932391e-02
9.78000,0.354920,0.747499,4.413125e-01,3.569324e-01,9.235687e-01,1.288166e-01,-8.656734e-03,1.468229e-03,1.746453e-02,5.932178e-02
9.78250,0.354983,0.747810,4.414837e-01,3.571381e-01,9.233591e-01,1.288204e-01,-8.661345e-03,1.481551e-03,1.746303e-02,5.931969e-02
9.78500,0.355047,0.748121,4.416546e-01,3.573436e-01,9.231500e-01,1.288241e-01,-8.665630e-03,1.494852e-03,1.746155e-02,5.931763e-02
9.78750,0.355111,0.748432,4.418251e-01,3.575491e-01,9.229416e-01,1.288279e-01,-8.669518e-03,1.507999e-03,1.746009e-02,5.931560e-02
9.79000,0.355177,0.748743,4.419954e-01,3.577545e-01,9.227338e-01,1.288316e-01,-8.673147e-03,1.521123e-03,1.745864e-02,5.931361e-02
9.79250,0.355243,0.749053,4.421654e-01,3.579598e-01,9.225266e-01,1.288354e-01,-8.676442e-03,1.534139e-03,1.745722e-02,5.931166e-02
9.79500,0.355310,0.749364,4.423384e-01,3.581650e-01,9.223201e-01,1.288392e-01,-8.679687e-03,1.547418e-03,1.745581e-02,5.930974e-02
9.79750,0.355378,0.749674,4.425227e-01,3.583702e-01,9.221143e-01,1.288430e-01,-8.682989e-03,1.561108e-03,1.745441e-02,5.930786e-02
9.80000,0.355447,0.749984,4.427067e-01,3.585752e-01,9.219093e-01,1.288468e-01,-8.686469e-03,1.575076e-03,1.745300e-02,5.930601e-02
9.80250,0.355517,0.750294,4.428905e-01,3.587802e-01,9.217049e-01,1.288506e-01,-8.690224e-03,1.589240e-03,1.745158e-02,5.930420e-02
9.80500,0.355587,0.750604,4.430740e-01,3.589850e-01,9.215014e-01,1.288544e-01,-8.694088e-03,1.603430e-03,1.745016e-02,5.930243e-02
9.80750,0.355658,0.750914,4.432572e-01,3.591898e-01,9.212987e-01,1.288582e-01,-8.697676e-03,1.617757e-03,1.744877e-02,5.930069e-02
9.81000,0.355731,0.751223,4.434401e-01,3.593945e-01,9.210967e-01,1.288620e-01,-8.700971e-03,1.632106e-03,1.744741e-02,5.929899e-02
9.81250,0.355804,0.751533,4.436228e-01,3.595991e-01,9.208956e-01,1.288659e-01,-8.704362e-03,1.646684e-03,1.744608e-02,5.929732e-02
9.81500,0.355878,0.751842,4.438051e-01,3.598036e-01,9.206952e-01,1.288697e-01,-8.707874e-03,1.661441e-03,1.744474e-02,5.929569e-02
9.81750,0.355952,0.752151,4.439873e-01,3.600080e-01,9.204958e-01,1.288735e-01,-8.711385e-03,1.676176e-03,1.744342e-02,5.929409e-02
9.82000,0.356028,0.752460,4.441764e-01,3.602123e-01,9.202972e-01,1.288774e-01,-8.714910e-03,1.691002e-03,1.744210e-02,5.929253e-02
9.82250,0.356104,0.752768,4.443677e-01,3.604165e-01,9.200995e-01,1.288812e-01,-8.718557e-03,1.705987e-03,1.744077e-02,5.929101e-02
9.82500,0.356182,0.753077,4.445588e-01,3.606207e-01,9.199027e-01,1.288851e-01,-8.722435e-03,1.721038e-03,1.743944e-02,5.928952e-02
9.82750,0.356260,0.753385,4.447495e-01,3.608247e-01,9.197070e-01,1.288889e-01,-8.726704e-03,1.736261e-03,1.743809e-02,5.928806e-02
9.83000,0.356339,0.753693,4.449399e-01,3.610287e-01,9.195123e-01,1.288928e-01,-8.730987e-03,1.751357e-03,1.743675e-02,5.928664e-02
9.83250,0.356419,0.754002,4.451300e-01,3.612326e-01,9.193186e-01,1.288967e-01,-8.735273e-03,1.766519e-03,1.743542e-02,5.928526e-02
9.83500,0.356499,0.754309,4.453197e-01,3.614364e-01,9.191260e-01,1.289005e-01,-8.739511e-03,1.781695e-03,1.743409e-02,5.928391e-02
9.83750,0.356581,0.754617,4.455091e-01,3.616401e-01,9.189345e-01,1.289044e-01,-8.743727e-03,1.796668e-03,1.743278e-02,5.928260e-02
9.84000,0.356663,0.754925,4.456982e-01,3.618437e-01,9.187440e-01,1.289083e-01,-8.747871e-03,1.811438e-03,1.743148e-02,5.928133e-02
9.84250,0.356747,0.755232,4.458870e-01,3.620472e-01,9.185547e-01,1.289122e-01,-8.752230e-03,1.826146e-03,1.743018e-02,5.928009e-02
9.84500,0.356831,0.755539,4.460755e-01,3.622506e-01,9.183665e-01,1.289161e-01,-8.756940e-03,1.840811e-03,1.742886e-02,5.927889e-02
9.84750,0.356916,0.755846,4.462636e-01,3.624540e-01,9.181794e-01,1.289200e-01,-8.762008e-03,1.855497e-03,1.742753e-02,5.927773e-02
9.85000,0.357002,0.756153,4.464514e-01,3.626572e-01,9.179934e-01,1.289239e-01,-8.767083e-03,1.870196e-03,1.742620e-02,5.927659e-02
9.85250,0.357088,0.756459,4.466389e-01,3.628604e-01,9.178085e-01,1.289278e-01,-8.771611e-03,1.884780e-03,1.742489e-02,5.927550e-02
9.85500,0.357176,0.756766,4.468260e-01,3.630634e-01,9.176247e-01,1.289317e-01,-8.775807e-03,1.899332e-03,1.742361e-02,5.927443e-02
9.85750,0.357264,0.757072,4.470129e-01,3.632664e-01,9.174421e-01,1.289356e-01,-8.779498e-03,1.913969e-03,1.742236e-02,5.927341e-02
9.86000,0.357353,0.757378,4.471993e-01,3.634693e-01,9.172605e-01,1.289395e-01,-8.782793e-03,1.928695e-03,1.742113e-02,5.927241e-02
9.86250,0.357443,0.757684,4.473855e-01,3.636721e-01,9.170800e-01,1.289435e-01,-8.785909e-03,1.943519e-03,1.741991e-02,5.927145e-02
9.86500,0.357534,0.757990,4.475713e-01,3.638748e-01,9.169007e-01,1.289474e-01,-8.788995e-03,1.958532e-03,1.741869e-02,5.927053e-02
9.86750,0.357626,0.758295,4.477569e-01,3.640774e-01,9.167225e-01,1.289513e-01,-8.791839e-03,1.973537e-03,1.741748e-02,5.926964e-02
9.87000,0.357719,0.758601,4.479420e-01,3.642799e-01,9.165455e-01,1.289553e-01,-8.794638e-03,1.988598e-03,1.741629e-02,5.926879e-02
9.87250,0.357812,0.758906,4.481269e-01,3.644823e-01,9.163696e-01,1.289592e-01,-8.797503e-03,2.003728e-03,1.741510e-02,5.926797e-02
9.87500,0.357907,0.759211,4.483114e-01,3.646846e-01,9.161949e-01,1.289632e-01,-8.800635e-03,2.018943e-03,1.741390e-02,5.926719e-02
9.87750,0.358002,0.759515,4.485005e-01,3.648869e-01,9.160215e-01,1.289672e-01,-8.803879e-03,2.034252e-03,1.741270e-02,5.926644e-02
9.88000,0.358098,0.759820,4.487013e-01,3.650890e-01,9.158494e-01,1.289711e-01,-8.806794e-03,2.049504e-03,1.741153e-02,5.926572e-02
9.88250,0.358195,0.760124,4.489017e-01,3.652910e-01,9.156786e-01,1.289751e-01,-8.809184e-03,2.064681e-03,1.741040e-02,5.926504e-02
9.88500,0.358293,0.760428,4.491019e-01,3.654930e-01,9.155091e-01,1.289791e-01,-8.811346e-03,2.080031e-03,1.740931e-02,5.926440e-02
9.88750,0.358391,0.760732,4.493017e-01,3.656949e-01,9.153410e-01,1.289830e-01,-8.813451e-03,2.095647e-03,1.740823e-02,5.926378e-02
9.89000,0.358491,0.761036,4.495013e-01,3.658966e-01,9.151743e-01,1.289870e-01,-8.815723e-03,2.111373e-03,1.740716e-02,5.926320e-02
9.89250,0.358591,0.761339,4.497005e-01,3.660983e-01,9.150090e-01,1.289910e-01,-8.818170e-03,2.127081e-03,1.740610e-02,5.926266e-02
9.89500,0.358692,0.761643,4.498994e-01,3.662999e-01,9.148451e-01,1.289950e-01,-8.820414e-03,2.142744e-03,1.740506e-02,5.926214e-02
9.89750,0.358794,0.761946,4.500980e-01,3.665014e-01,9.146827e-01,1.289990e-01,-8.822425e-03,2.158343e-03,1.740406e-02,5.926166e-02
9.90000,0.358897,0.762249,4.502963e-01,3.667028e-01,9.145218e-01,1.290030e-01,-8.824331e-03,2.174168e-03,1.740309e-02,5.926121e-02
9.90250,0.359001,0.762551,4.504942e-01,3.669041e-01,9.143623e-01,1.290070e-01,-8.826391e-03,2.190311e-03,1.740213e-02,5.926079e-02
9.90500,0.359106,0.762854,4.506919e-01,3.671053e-01,9.142044e-01,1.290110e-01,-8.828697e-03,2.206702e-03,1.740116e-02,5.926041e-02
9.90750,0.359211,0.763156,4.508892e-01,3.673064e-01,9.140481e-01,1.290150e-01,-8.831341e-03,2.223132e-03,1.740019e-02,5.926007e-02
9.91000,0.359318,0.763458,4.510863e-01,3.675074e-01,9.138933e-01,1.290191e-01,-8.834423e-03,2.239694e-03,1.739919e-02,5.925975e-02
9.91250,0.359425,0.763760,4.512830e-01,3.677083e-01,9.137401e-01,1.290231e-01,-8.837946e-03,2.256525e-03,1.739817e-02,5.925947e-02
9.91500,0.359533,0.764061,4.514794e-01,3.679091e-01,9.135885e-01,1.290271e-01,-8.841714e-03,2.273341e-03,1.739712e-02,5.925922e-02
9.91750,0.359642,0.764363,4.516755e-01,3.681098e-01,9.134386e-01,1.290311e-01,-8.845467e-03,2.289864e-03,1.739607e-02,5.925900e-02
9.92000,0.359752,0.764664,4.518712e-01,3.683105e-01,9.132904e-01,1.290352e-01,-8.848942e-03,2.306046e-03,1.739504e-02,5.925881e-02
9.92250,0.359862,0.764965,4.520667e-01,3.685110e-01,9.131440e-01,1.290392e-01,-8.852529e-03,2.322261e-03,1.739402e-02,5.925866e-02
9.92500,0.359974,0.765266,4.522618e-01,3.687114e-01,9.129992e-01,1.290432e-01,-8.856210e-03,2.338642e-03,1.739299e-02,5.925854e-02
9.92750,0.360086,0.765566,4.524566e-01,3.689117e-01,9.128563e-01,1.290473e-01,-8.859599e-03,2.355034e-03,1.739199e-02,5.925844e-02
9.93000,0.360199,0.765866,4.526551e-01,3.691120e-01,9.127152e-01,1.290513e-01,-8.862859e-03,2.371687e-03,1.739098e-02,5.925838e-02
9.93250,0.360313,0.766166,4.528666e-01,3.693121e-01,9.125761e-01,1.290554e-01,-8.866009e-03,2.388479e-03,1.738998e-02,5.925835e-02
9.93500,0.360428,0.766466,4.530778e-01,3.695121e-01,9.124388e-01,1.290594e-01,-8.868718e-03,2.405144e-03,1.738900e-02,5.925835e-02
9.93750,0.360544,0.766766,4.532887e-01,3.697121e-01,9.123036e-01,1.290635e-01,-8.870874e-03,2.421664e-03,1.738806e-02,5.925838e-02
9.94000,0.360661,0.767065,4.534993e-01,3.699119e-01,9.121704e-01,1.290676e-01,-8.872574e-03,2.438006e-03,1.738717e-02,5.925844e-02
9.94250,0.360778,0.767364,4.537096e-01,3.701116e-01,9.120392e-01,1.290717e-01,-8.873891e-03,2.454197e-03,1.738631e-02,5.925853e-02
9.94500,0.360897,0.767663,4.539197e-01,3.703113e-01,9.119101e-01,1.290757e-01,-8.874730e-03,2.470092e-03,1.738551e-02,5.925865e-02
9.94750,0.361016,0.767961,4.541294e-01,3.705108e-01,9.117830e-01,1.290798e-01,-8.875412e-03,2.485944e-03,1.738474e-02,5.925880e-02
9.95000,0.361136,0.768260,4.543388e-01,3.707102e-01,9.116580e-01,1.290839e-01,-8.876260e-03,2.501942e-03,1.738399e-02,5.925898e-02
9.95250,0.361257,0.768558,4.545479e-01,3.709096e-01,9.115350e-01,1.290880e-01,-8.877312e-03,2.518270e-03,1.738324e-02,5.925918e-02
9.95500,0.361379,0.768856,4.547568e-01,3.711088e-01,9.114142e-01,1.290921e-01,-8.878414e-03,2.534816e-03,1.738251e-02,5.925942e-02
9.95750,0.361501,0.769153,4.549653e-01,3.713079e-01,9.112954e-01,1.290961e-01,-8.879555e-03,2.551551e-03,1.738180e-02,5.925969e-02
9.96000,0.361625,0.769451,4.551735e-01,3.715069e-01,9.111788e-01,1.291002e-01,-8.880530e-03,2.568571e-03,1.738111e-02,5.925999e-02
9.96250,0.361749,0.769748,4.553814e-01,3.717059e-01,9.110643e-01,1.291043e-01,-8.881565e-03,2.585907e-03,1.738043e-02,5.926032e-02
9.96500,0.361875,0.770045,4.555890e-01,3.719047e-01,9.109520e-01,1.291084e-01,-8.882706e-03,2.603539e-03,1.737977e-02,5.926068e-02
9.96750,0.362001,0.770341,4.557963e-01,3.721034e-01,9.108420e-01,1.291125e-01,-8.883951e-03,2.621386e-03,1.737913e-02,5.926107e-02
9.97000,0.362128,0.770638,4.560034e-01,3.723020e-01,9.107341e-01,1.291167e-01,-8.885255e-03,2.639206e-03,1.737851e-02,5.926149e-02
9.97250,0.362256,0.770934,4.562101e-01,3.725005e-01,9.106286e-01,1.291208e-01,-8.886580e-03,2.656940e-03,1.737791e-02,5.926194e-02
9.97500,0.362384,0.771230,4.564164e-01,3.726989e-01,9.105254e-01,1.291249e-01,-8.887920e-03,2.674564e-03,1.737732e-02,5.926243e-02
9.97750,0.362514,0.771525,4.566225e-01,3.728972e-01,9.104245e-01,1.291290e-01,-8.889408e-03,2.692112e-03,1.737675e-02,5.926294e-02
9.98000,0.362644,0.771820,4.568283e-01,3.730954e-01,9.103260e-01,1.291331e-01,-8.890966e-03,2.709692e-03,1.737619e-02,5.926348e-02
9.98250,0.362776,0.772116,4.570338e-01,3.732934e-01,9.102299e-01,1.291372e-01,-8.892612e-03,2.727398e-03,1.737564e-02,5.926405e-02
9.98500,0.362908,0.772410,4.572390e-01,3.734914e-01,9.101362e-01,1.291413e-01,-8.894638e-03,2.745321e-03,1.737507e-02,5.926466e-02
9.98750,0.363041,0.772705,4.574438e-01,3.736893e-01,9.100449e-01,1.291455e-01,-8.896788e-03,2.763125e-03,1.737449e-02,5.926529e-02
9.99000,0.363175,0.772999,4.576484e-01,3.738870e-01,9.099562e-01,1.291496e-01,-8.898714e-03,2.780723e-03,1.737392e-02,5.926595e-02
9.99250,0.363309,0.773293,4.578526e-01,3.740847e-01,9.098699e-01,1.291537e-01,-8.900352e-03,2.798127e-03,1.737337e-02,5.926664e-02
9.99500,0.363445,0.773587,4.580735e-01,3.742822e-01,9.097861e-01,1.291578e-01,-8.901713e-03,2.815404e-03,1.737285e-02,5.926736e-02
9.99750,0.363581,0.773880,4.582949e-01,3.744796e-01,9.097049e-01,1.291620e-01,-8.902720e-03,2.832634e-03,1.737236e-02,5.926811e-02
10.00000,0.363719,0.774173,4.585160e-01,3.746769e-01,9.096262e-01,1.291661e-01,-8.903182e-03,2.849959e-03,1.737190e-02,5.926888e-02
