t,cx,cy,disp_max,disp_rms,det_min,volume,Fx,Fy,p_L2,u_L2
0.00250,0.600000,0.500000,0.000000e+00,0.000000e+00,1.000000e+00,1.255740e-01,-5.387766e-22,0.000000e+00,4.168442e-01,3.168442e-03
0.00500,0.599996,0.499999,7.235770e-06,4.673254e-06,9.999909e-01,1.255740e-01,4.206043e-02,1.142954e-02,4.241355e-01,5.381768e-03
0.00750,0.599986,0.499996,2.463581e-05,1.557953e-05,9.999719e-01,1.255740e-01,5.583831e-02,1.533544e-02,2.949310e-01,6.896313e-03
0.01000,0.599971,0.499992,5.228562e-05,3.253547e-05,9.999378e-01,1.255740e-01,5.401558e-02,1.499640e-02,2.104648e-01,8.139134e-03
0.01250,0.599951,0.499987,8.932197e-05,5.492328e-05,9.998937e-01,1.255740e-01,4.839044e-02,1.356776e-02,1.596137e-01,9.201262e-03
0.01500,0.599927,0.499980,1.347710e-04,8.211504e-05,9.998425e-01,1.255740e-01,4.272693e-02,1.207749e-02,1.281993e-01,1.014131e-02
0.01750,0.599899,0.499972,1.876858e-04,1.135838e-04,9.997713e-01,1.255740e-01,3.799139e-02,1.080574e-02,1.076236e-01,1.099084e-02
0.02000,0.599867,0.499963,2.473127e-04,1.489116e-04,9.996830e-01,1.255740e-01,3.424227e-02,9.782844e-03,9.335038e-02,1.176996e-02
0.02250,0.599833,0.499954,3.130485e-04,1.877707e-04,9.995833e-01,1.255740e-01,3.130816e-02,8.971474e-03,8.294316e-02,1.249225e-02
0.02500,0.599795,0.499943,3.844112e-04,2.299026e-04,9.994742e-01,1.255740e-01,2.899596e-02,8.324404e-03,7.503789e-02,1.316742e-02
0.02750,0.599755,0.499932,4.610119e-04,2.751001e-04,9.993571e-01,1.255740e-01,2.714604e-02,7.801017e-03,6.883113e-02,1.380272e-02
0.03000,0.599712,0.499920,5.425313e-04,3.231942e-04,9.992334e-01,1.255740e-01,2.563867e-02,7.370131e-03,6.382590e-02,1.440370e-02
0.03250,0.599667,0.499907,6.287030e-04,3.740442e-04,9.991039e-01,1.255739e-01,2.438730e-02,7.008848e-03,5.970077e-02,1.497473e-02
0.03500,0.599619,0.499894,7.193010e-04,4.275310e-04,9.989696e-01,1.255739e-01,2.333010e-02,6.700610e-03,5.623954e-02,1.551935e-02
0.03750,0.599570,0.499880,8.141304e-04,4.835522e-04,9.988310e-01,1.255739e-01,2.242277e-02,6.433452e-03,5.329171e-02,1.604042e-02
0.04000,0.599518,0.499865,9.130208e-04,5.420187e-04,9.986887e-01,1.255739e-01,2.163329e-02,6.198666e-03,5.074939e-02,1.654035e-02
0.04250,0.599464,0.499850,1.015822e-03,6.028517e-04,9.985430e-01,1.255739e-01,2.093818e-02,5.989834e-03,4.853318e-02,1.702115e-02
0.04500,0.599407,0.499834,1.122398e-03,6.659808e-04,9.983944e-01,1.255739e-01,2.031992e-02,5.802151e-03,4.658334e-02,1.748453e-02
0.04750,0.599349,0.499817,1.232630e-03,7.313431e-04,9.982431e-01,1.255738e-01,1.976521e-02,5.631965e-03,4.485404e-02,1.793196e-02
0.05000,0.599289,0.499800,1.346405e-03,7.988812e-04,9.980895e-01,1.255738e-01,1.926379e-02,5.476449e-03,4.330950e-02,1.836472e-02
0.05250,0.599228,0.499783,1.463624e-03,8.685431e-04,9.979336e-01,1.255738e-01,1.880758e-02,5.333382e-03,4.192137e-02,1.878393e-02
0.05500,0.599164,0.499765,1.584194e-03,9.402808e-04,9.977758e-01,1.255738e-01,1.839016e-02,5.200992e-03,4.066687e-02,1.919056e-02
0.05750,0.599099,0.499746,1.708030e-03,1.014050e-03,9.976161e-01,1.255737e-01,1.800632e-02,5.077843e-03,3.952747e-02,1.958548e-02
0.06000,0.599031,0.499727,1.835051e-03,1.089811e-03,9.974548e-01,1.255737e-01,1.765180e-02,4.962760e-03,3.848797e-02,1.996946e-02
0.06250,0.598962,0.499708,1.965185e-03,1.167524e-03,9.972918e-01,1.255737e-01,1.732307e-02,4.854769e-03,3.753574e-02,2.034320e-02
0.06500,0.598892,0.499688,2.098361e-03,1.247155e-03,9.971275e-01,1.255736e-01,1.701718e-02,4.753055e-03,3.666022e-02,2.070731e-02
0.06750,0.598819,0.499668,2.234515e-03,1.328671e-03,9.969617e-01,1.255736e-01,1.673162e-02,4.656926e-03,3.585251e-02,2.106236e-02
0.07000,0.598745,0.499647,2.373585e-03,1.412039e-03,9.967947e-01,1.255736e-01,1.646426e-02,4.565795e-03,3.510501e-02,2.140885e-02
0.07250,0.598670,0.499625,2.515514e-03,1.497232e-03,9.966265e-01,1.255735e-01,1.621327e-02,4.479157e-03,3.441128e-02,2.174725e-02
0.07500,0.598593,0.499604,2.660248e-03,1.584221e-03,9.964572e-01,1.255735e-01,1.597709e-02,4.396574e-03,3.376572e-02,2.207797e-02
0.07750,0.598514,0.499581,2.807734e-03,1.672980e-03,9.962868e-01,1.255735e-01,1.575432e-02,4.317665e-03,3.316352e-02,2.240141e-02
0.08000,0.598434,0.499559,2.957922e-03,1.763485e-03,9.961154e-01,1.255734e-01,1.554377e-02,4.242099e-03,3.260048e-02,2.271792e-02
0.08250,0.598352,0.499536,3.110767e-03,1.855711e-03,9.959431e-01,1.255734e-01,1.534439e-02,4.169581e-03,3.207294e-02,2.302782e-02
0.08500,0.598269,0.499512,3.266224e-03,1.949637e-03,9.957698e-01,1.255734e-01,1.515524e-02,4.099855e-03,3.157768e-02,2.333142e-02
0.08750,0.598184,0.499489,3.424248e-03,2.045240e-03,9.955957e-01,1.255733e-01,1.497550e-02,4.032689e-03,3.111186e-02,2.362899e-02
0.09000,0.598097,0.499464,3.584801e-03,2.142501e-03,9.954208e-01,1.255733e-01,1.480442e-02,3.967880e-03,3.067297e-02,2.392080e-02
0.09250,0.598010,0.499440,3.747841e-03,2.241400e-03,9.952450e-01,1.255733e-01,1.464135e-02,3.905245e-03,3.025877e-02,2.420709e-02
0.09500,0.597921,0.499415,3.913331e-03,2.341919e-03,9.950685e-01,1.255732e-01,1.448570e-02,3.844620e-03,2.986727e-02,2.448808e-02
0.09750,0.597830,0.499389,4.081235e-03,2.444039e-03,9.948913e-01,1.255732e-01,1.433693e-02,3.785855e-03,2.949670e-02,2.476399e-02
0.10000,0.597738,0.499364,4.251517e-03,2.547743e-03,9.947134e-01,1.255731e-01,1.419456e-02,3.728819e-03,2.914544e-02,2.503500e-02
0.10250,0.597644,0.499337,4.424144e-03,2.653015e-03,9.945349e-01,1.255731e-01,1.405816e-02,3.673389e-03,2.881207e-02,2.530131e-02
0.10500,0.597550,0.499311,4.599082e-03,2.759838e-03,9.943557e-01,1.255731e-01,1.392732e-02,3.619456e-03,2.849529e-02,2.556308e-02
0.10750,0.597453,0.499284,4.776301e-03,2.868198e-03,9.941759e-01,1.255730e-01,1.380170e-02,3.566918e-03,2.819392e-02,2.582048e-02
0.11000,0.597356,0.499257,4.955768e-03,2.978079e-03,9.939955e-01,1.255730e-01,1.368094e-02,3.515684e-03,2.790689e-02,2.607366e-02
0.11250,0.597257,0.499229,5.137455e-03,3.089467e-03,9.938145e-01,1.255729e-01,1.356476e-02,3.465671e-03,2.763324e-02,2.632276e-02
0.11500,0.597157,0.499202,5.321333e-03,3.202349e-03,9.936330e-01,1.255729e-01,1.345288e-02,3.416800e-03,2.737208e-02,2.656793e-02
0.11750,0.597055,0.499173,5.507372e-03,3.316710e-03,9.934509e-01,1.255728e-01,1.334503e-02,3.369001e-03,2.712261e-02,2.680928e-02
0.12000,0.596952,0.499145,5.695547e-03,3.432539e-03,9.932683e-01,1.255728e-01,1.324099e-02,3.322206e-03,2.688408e-02,2.704695e-02
0.12250,0.596848,0.499116,5.885830e-03,3.549821e-03,9.930853e-01,1.255728e-01,1.314053e-02,3.276355e-03,2.665583e-02,2.728104e-02
0.12500,0.596742,0.499087,6.078194e-03,3.668546e-03,9.929018e-01,1.255727e-01,1.304345e-02,3.231390e-03,2.643722e-02,2.751167e-02
0.12750,0.596636,0.499057,6.272615e-03,3.788701e-03,9.927178e-01,1.255727e-01,1.294956e-02,3.187260e-03,2.622769e-02,2.773894e-02
0.13000,0.596528,0.499028,6.469068e-03,3.910274e-03,9.925335e-01,1.255726e-01,1.285870e-02,3.143915e-03,2.602670e-02,2.796294e-02
0.13250,0.596418,0.498997,6.667528e-03,4.033255e-03,9.923487e-01,1.255726e-01,1.277070e-02,3.101311e-03,2.583378e-02,2.818379e-02
0.13500,0.596308,0.498967,6.867971e-03,4.157632e-03,9.921636e-01,1.255726e-01,1.268541e-02,3.059406e-03,2.564846e-02,2.840155e-02
0.13750,0.596196,0.498936,7.070373e-03,4.283395e-03,9.919782e-01,1.255725e-01,1.260268e-02,3.018161e-03,2.547033e-02,2.861632e-02
0.14000,0.596083,0.498905,7.274712e-03,4.410534e-03,9.917924e-01,1.255725e-01,1.252238e-02,2.977542e-03,2.529901e-02,2.882818e-02
0.14250,0.595968,0.498874,7.480964e-03,4.539038e-03,9.916063e-01,1.255725e-01,1.244439e-02,2.937516e-03,2.513413e-02,2.903721e-02
0.14500,0.595853,0.498842,7.689106e-03,4.668897e-03,9.914199e-01,1.255724e-01,1.236859e-02,2.898055e-03,2.497535e-02,2.924349e-02
0.14750,0.595736,0.498810,7.899118e-03,4.800103e-03,9.912332e-01,1.255724e-01,1.229487e-02,2.859131e-03,2.482237e-02,2.944707e-02
0.15000,0.595618,0.498778,8.110975e-03,4.932644e-03,9.910463e-01,1.255724e-01,1.222312e-02,2.820716e-03,2.467489e-02,2.964804e-02
0.15250,0.595499,0.498746,8.324658e-03,5.066513e-03,9.908592e-01,1.255723e-01,1.215326e-02,2.782786e-03,2.453265e-02,2.984646e-02
0.15500,0.595378,0.498713,8.540143e-03,5.201699e-03,9.906718e-01,1.255723e-01,1.208519e-02,2.745315e-03,2.439538e-02,3.004239e-02
0.15750,0.595257,0.498680,8.757412e-03,5.338195e-03,9.904843e-01,1.255723e-01,1.201883e-02,2.708280e-03,2.426285e-02,3.023589e-02
0.16000,0.595134,0.498647,8.976442e-03,5.475991e-03,9.902966e-01,1.255723e-01,1.195409e-02,2.671658e-03,2.413483e-02,3.042701e-02
0.16250,0.595010,0.498613,9.197213e-03,5.615079e-03,9.901087e-01,1.255722e-01,1.189090e-02,2.635430e-03,2.401112e-02,3.061582e-02
0.16500,0.594885,0.498580,9.419705e-03,5.755450e-03,9.899208e-01,1.255722e-01,1.182918e-02,2.599576e-03,2.389152e-02,3.080237e-02
0.16750,0.594758,0.498546,9.643899e-03,5.897097e-03,9.897327e-01,1.255722e-01,1.176887e-02,2.564076e-03,2.377585e-02,3.098671e-02
0.17000,0.594631,0.498511,9.869773e-03,6.040011e-03,9.895446e-01,1.255722e-01,1.170991e-02,2.528912e-03,2.366393e-02,3.116889e-02
0.17250,0.594502,0.498477,1.009731e-02,6.184184e-03,9.893564e-01,1.255722e-01,1.165223e-02,2.494066e-03,2.355559e-02,3.134896e-02
0.17500,0.594372,0.498442,1.032705e-02,6.329609e-03,9.891681e-01,1.255722e-01,1.159578e-02,2.459527e-03,2.345069e-02,3.152696e-02
0.17750,0.594241,0.498407,1.055844e-02,6.476278e-03,9.889799e-01,1.255721e-01,1.154049e-02,2.425282e-03,2.334907e-02,3.170293e-02
0.18000,0.594109,0.498372,1.079147e-02,6.624182e-03,9.887916e-01,1.255721e-01,1.148632e-02,2.391319e-03,2.325060e-02,3.187693e-02
0.18250,0.593976,0.498336,1.102610e-02,6.773316e-03,9.886034e-01,1.255721e-01,1.143321e-02,2.357630e-03,2.315516e-02,3.204899e-02
0.18500,0.593841,0.498301,1.126233e-02,6.923671e-03,9.884151e-01,1.255721e-01,1.138112e-02,2.324202e-03,2.306261e-02,3.221915e-02
0.18750,0.593706,0.498265,1.150012e-02,7.075240e-03,9.882269e-01,1.255721e-01,1.133000e-02,2.291026e-03,2.297284e-02,3.238745e-02
0.19000,0.593569,0.498229,1.173947e-02,7.228017e-03,9.880387e-01,1.255721e-01,1.127980e-02,2.258091e-03,2.288574e-02,3.255393e-02
0.19250,0.593431,0.498192,1.198035e-02,7.381993e-03,9.878506e-01,1.255721e-01,1.123050e-02,2.225386e-03,2.280121e-02,3.271863e-02
0.19500,0.593293,0.498156,1.222275e-02,7.537163e-03,9.876626e-01,1.255722e-01,1.118203e-02,2.192903e-03,2.271914e-02,3.288157e-02
0.19750,0.593153,0.498119,1.246664e-02,7.693518e-03,9.874747e-01,1.255722e-01,1.113438e-02,2.160629e-03,2.263945e-02,3.304280e-02
0.20000,0.593011,0.498082,1.271201e-02,7.851053e-03,9.872870e-01,1.255722e-01,1.108749e-02,2.128556e-03,2.256204e-02,3.320234e-02
0.20250,0.592869,0.498045,1.295884e-02,8.009761e-03,9.870994e-01,1.255722e-01,1.104135e-02,2.096677e-03,2.248683e-02,3.336023e-02
0.20500,0.592726,0.498007,1.320712e-02,8.169636e-03,9.869121e-01,1.255722e-01,1.099591e-02,2.064983e-03,2.241373e-02,3.351650e-02
0.20750,0.592582,0.497970,1.345681e-02,8.330669e-03,9.867250e-01,1.255723e-01,1.095115e-02,2.033468e-03,2.234268e-02,3.367118e-02
0.21000,0.592436,0.497932,1.370792e-02,8.492856e-03,9.865381e-01,1.255723e-01,1.090702e-02,2.002132e-03,2.227359e-02,3.382430e-02
0.21250,0.592290,0.497894,1.396041e-02,8.656189e-03,9.863515e-01,1.255723e-01,1.086352e-02,1.970971e-03,2.220640e-02,3.397588e-02
0.21500,0.592142,0.497856,1.421427e-02,8.820663e-03,9.861652e-01,1.255724e-01,1.082060e-02,1.939969e-03,2.214104e-02,3.412596e-02
0.21750,0.591993,0.497817,1.446949e-02,8.986271e-03,9.859793e-01,1.255724e-01,1.077825e-02,1.909118e-03,2.207745e-02,3.427455e-02
0.22000,0.591844,0.497779,1.472604e-02,9.153007e-03,9.857937e-01,1.255725e-01,1.073643e-02,1.878417e-03,2.201556e-02,3.442170e-02
0.22250,0.591693,0.497740,1.498391e-02,9.320864e-03,9.856085e-01,1.255725e-01,1.069512e-02,1.847864e-03,2.195533e-02,3.456741e-02
0.22500,0.591541,0.497701,1.524307e-02,9.489837e-03,9.854237e-01,1.255726e-01,1.065431e-02,1.817451e-03,2.189668e-02,3.471172e-02
0.22750,0.591388,0.497662,1.550352e-02,9.659919e-03,9.852393e-01,1.255727e-01,1.061397e-02,1.787170e-03,2.183958e-02,3.485465e-02
0.23000,0.591234,0.497623,1.576523e-02,9.831105e-03,9.850554e-01,1.255727e-01,1.057408e-02,1.757017e-03,2.178397e-02,3.499623e-02
0.23250,0.591079,0.497583,1.602819e-02,1.000339e-02,9.848720e-01,1.255728e-01,1.053463e-02,1.726988e-03,2.172980e-02,3.513647e-02
0.23500,0.590923,0.497543,1.629238e-02,1.017676e-02,9.846891e-01,1.255729e-01,1.049559e-02,1.697081e-03,2.167703e-02,3.527540e-02
0.23750,0.590766,0.497504,1.655778e-02,1.035122e-02,9.845067e-01,1.255730e-01,1.045696e-02,1.667294e-03,2.162561e-02,3.541303e-02
0.24000,0.590608,0.497464,1.682438e-02,1.052676e-02,9.843248e-01,1.255731e-01,1.041872e-02,1.637622e-03,2.157549e-02,3.554940e-02
0.24250,0.590449,0.497424,1.709216e-02,1.070338e-02,9.841434e-01,1.255732e-01,1.038086e-02,1.608061e-03,2.152665e-02,3.568451e-02
0.24500,0.590289,0.497383,1.736110e-02,1.088106e-02,9.839626e-01,1.255733e-01,1.034334e-02,1.578610e-03,2.147904e-02,3.581840e-02
0.24750,0.590127,0.497343,1.763118e-02,1.105981e-02,9.837824e-01,1.255734e-01,1.030615e-02,1.549273e-03,2.143262e-02,3.595108e-02
0.25000,0.589965,0.497302,1.790240e-02,1.123961e-02,9.836027e-01,1.255735e-01,1.026927e-02,1.520054e-03,2.138735e-02,3.608256e-02
0.25250,0.589802,0.497262,1.817473e-02,1.142046e-02,9.834237e-01,1.255736e-01,1.023270e-02,1.490954e-03,2.134320e-02,3.621287e-02
0.25500,0.589638,0.497221,1.844815e-02,1.160236e-02,9.832454e-01,1.255737e-01,1.019641e-02,1.461968e-03,2.130015e-02,3.634203e-02
0.25750,0.589472,0.497180,1.872266e-02,1.178530e-02,9.830678e-01,1.255739e-01,1.016039e-02,1.433095e-03,2.125815e-02,3.647005e-02
0.26000,0.589306,0.497139,1.899945e-02,1.196928e-02,9.828909e-01,1.255740e-01,1.012465e-02,1.404332e-03,2.121717e-02,3.659694e-02
0.26250,0.589139,0.497097,1.927733e-02,1.215428e-02,9.827149e-01,1.255741e-01,1.008915e-02,1.375675e-03,2.117719e-02,3.672274e-02
0.26500,0.588971,0.497056,1.955628e-02,1.234031e-02,9.825396e-01,1.255743e-01,1.005389e-02,1.347119e-03,2.113818e-02,3.684744e-02
0.26750,0.588801,0.497014,1.983627e-02,1.252735e-02,9.823651e-01,1.255745e-01,1.001887e-02,1.318659e-03,2.110011e-02,3.697108e-02
0.27000,0.588631,0.496973,2.011730e-02,1.271541e-02,9.821914e-01,1.255746e-01,9.984063e-03,1.290281e-03,2.106295e-02,3.709366e-02
0.27250,0.588460,0.496931,2.039934e-02,1.290448e-02,9.820186e-01,1.255748e-01,9.949483e-03,1.261969e-03,2.102668e-02,3.721519e-02
0.27500,0.588288,0.496889,2.068237e-02,1.309455e-02,9.818466e-01,1.255750e-01,9.915119e-03,1.233744e-03,2.099127e-02,3.733571e-02
0.27750,0.588115,0.496847,2.096639e-02,1.328561e-02,9.816755e-01,1.255752e-01,9.880960e-03,1.205622e-03,2.095671e-02,3.745521e-02
0.28000,0.587940,0.496805,2.125138e-02,1.347767e-02,9.815052e-01,1.255754e-01,9.846988e-03,1.177599e-03,2.092296e-02,3.757371e-02
0.28250,0.587765,0.496763,2.153732e-02,1.367071e-02,9.813359e-01,1.255756e-01,9.813197e-03,1.149677e-03,2.089001e-02,3.769123e-02
0.28500,0.587589,0.496720,2.182420e-02,1.386474e-02,9.811675e-01,1.255758e-01,9.779588e-03,1.121855e-03,2.085783e-02,3.780778e-02
0.28750,0.587412,0.496678,2.211200e-02,1.405974e-02,9.810001e-01,1.255760e-01,9.746149e-03,1.094128e-03,2.082641e-02,3.792338e-02
0.29000,0.587234,0.496635,2.240071e-02,1.425571e-02,9.808336e-01,1.255762e-01,9.712878e-03,1.066485e-03,2.079573e-02,3.803803e-02
0.29250,0.587055,0.496592,2.269030e-02,1.445264e-02,9.806682e-01,1.255764e-01,9.679772e-03,1.038923e-03,2.076576e-02,3.815176e-02
0.29500,0.586875,0.496550,2.298078e-02,1.465054e-02,9.805037e-01,1.255767e-01,9.646826e-03,1.011442e-03,2.073648e-02,3.826457e-02
0.29750,0.586694,0.496507,2.327211e-02,1.484939e-02,9.803403e-01,1.255769e-01,9.614032e-03,9.840346e-04,2.070789e-02,3.837647e-02
0.30000,0.586512,0.496464,2.356430e-02,1.504919e-02,9.801779e-01,1.255772e-01,9.581381e-03,9.566978e-04,2.067997e-02,3.848748e-02
0.30250,0.586329,0.496421,2.385732e-02,1.524994e-02,9.800166e-01,1.255775e-01,9.548856e-03,9.294462e-04,2.065268e-02,3.859761e-02
0.30500,0.586146,0.496378,2.415116e-02,1.545163e-02,9.798563e-01,1.255777e-01,9.516449e-03,9.022924e-04,2.062603e-02,3.870687e-02
0.30750,0.585961,0.496334,2.444580e-02,1.565425e-02,9.796972e-01,1.255780e-01,9.484153e-03,8.752457e-04,2.060000e-02,3.881527e-02
0.31000,0.585775,0.496291,2.474124e-02,1.585781e-02,9.795392e-01,1.255783e-01,9.451961e-03,8.482975e-04,2.057456e-02,3.892282e-02
0.31250,0.585589,0.496248,2.503745e-02,1.606228e-02,9.793824e-01,1.255786e-01,9.419865e-03,8.214442e-04,2.054970e-02,3.902954e-02
0.31500,0.585401,0.496204,2.533492e-02,1.626768e-02,9.792266e-01,1.255789e-01,9.387860e-03,7.946819e-04,2.052542e-02,3.913544e-02
0.31750,0.585213,0.496161,2.563453e-02,1.647400e-02,9.790720e-01,1.255793e-01,9.355940e-03,7.680091e-04,2.050169e-02,3.924052e-02
0.32000,0.585024,0.496117,2.593490e-02,1.668122e-02,9.789184e-01,1.255796e-01,9.324109e-03,7.414134e-04,2.047851e-02,3.934479e-02
0.32250,0.584833,0.496073,2.623604e-02,1.688935e-02,9.787660e-01,1.255799e-01,9.292377e-03,7.148765e-04,2.045586e-02,3.944828e-02
0.32500,0.584642,0.496030,2.653792e-02,1.709838e-02,9.786147e-01,1.255803e-01,9.260737e-03,6.884055e-04,2.043373e-02,3.955097e-02
0.32750,0.584450,0.495986,2.684053e-02,1.730831e-02,9.784646e-01,1.255806e-01,9.229192e-03,6.619948e-04,2.041210e-02,3.965290e-02
0.33000,0.584257,0.495942,2.714386e-02,1.751912e-02,9.783156e-01,1.255810e-01,9.197748e-03,6.356374e-04,2.039097e-02,3.975406e-02
0.33250,0.584063,0.495898,2.744790e-02,1.773083e-02,9.781679e-01,1.255814e-01,9.166398e-03,6.093370e-04,2.037032e-02,3.985446e-02
0.33500,0.583868,0.495854,2.775262e-02,1.794341e-02,9.780214e-01,1.255818e-01,9.135138e-03,5.830953e-04,2.035014e-02,3.995412e-02
0.33750,0.583673,0.495810,2.805803e-02,1.815687e-02,9.778762e-01,1.255822e-01,9.103969e-03,5.569148e-04,2.033043e-02,4.005304e-02
0.34000,0.583476,0.495766,2.836410e-02,1.837121e-02,9.777321e-01,1.255826e-01,9.072880e-03,5.307989e-04,2.031117e-02,4.015123e-02
0.34250,0.583279,0.495722,2.867082e-02,1.858641e-02,9.775893e-01,1.255830e-01,9.041858e-03,5.047429e-04,2.029235e-02,4.024871e-02
0.34500,0.583080,0.495678,2.897818e-02,1.880247e-02,9.774477e-01,1.255834e-01,9.010885e-03,4.787572e-04,2.027397e-02,4.034547e-02
0.34750,0.582881,0.495633,2.928617e-02,1.901939e-02,9.773072e-01,1.255839e-01,8.979976e-03,4.528509e-04,2.025600e-02,4.044153e-02
0.35000,0.582681,0.495589,2.959478e-02,1.923716e-02,9.771679e-01,1.255843e-01,8.949142e-03,4.270291e-04,2.023845e-02,4.053690e-02
0.35250,0.582480,0.495545,2.990399e-02,1.945579e-02,9.770297e-01,1.255848e-01,8.918383e-03,4.012910e-04,2.022131e-02,4.063159e-02
0.35500,0.582278,0.495500,3.021378e-02,1.967525e-02,9.768927e-01,1.255852e-01,8.887691e-03,3.756322e-04,2.020456e-02,4.072559e-02
0.35750,0.582075,0.495456,3.052416e-02,1.989556e-02,9.767570e-01,1.255857e-01,8.857058e-03,3.500444e-04,2.018821e-02,4.081893e-02
0.36000,0.581871,0.495412,3.083511e-02,2.011670e-02,9.766224e-01,1.255862e-01,8.826477e-03,3.245224e-04,2.017223e-02,4.091160e-02
0.36250,0.581667,0.495367,3.114661e-02,2.033867e-02,9.764891e-01,1.255867e-01,8.795934e-03,2.990576e-04,2.015662e-02,4.100362e-02
0.36500,0.581461,0.495323,3.145865e-02,2.056147e-02,9.763570e-01,1.255872e-01,8.765427e-03,2.736486e-04,2.014138e-02,4.109499e-02
0.36750,0.581255,0.495278,3.177230e-02,2.078508e-02,9.762262e-01,1.255878e-01,8.734957e-03,2.482878e-04,2.012649e-02,4.118573e-02
0.37000,0.581048,0.495234,3.208788e-02,2.100952e-02,9.760967e-01,1.255883e-01,8.704526e-03,2.229786e-04,2.011195e-02,4.127583e-02
0.37250,0.580840,0.495189,3.240401e-02,2.123476e-02,9.759684e-01,1.255889e-01,8.674157e-03,1.977121e-04,2.009775e-02,4.136531e-02
0.37500,0.580631,0.495145,3.272067e-02,2.146082e-02,9.758415e-01,1.255894e-01,8.643857e-03,1.724639e-04,2.008389e-02,4.145417e-02
0.37750,0.580422,0.495100,3.303785e-02,2.168768e-02,9.757159e-01,1.255900e-01,8.613619e-03,1.472378e-04,2.007036e-02,4.154242e-02
0.38000,0.580211,0.495056,3.335554e-02,2.191533e-02,9.755917e-01,1.255906e-01,8.583445e-03,1.220255e-04,2.005715e-02,4.163006e-02
0.38250,0.580000,0.495011,3.367374e-02,2.214378e-02,9.754687e-01,1.255912e-01,8.553331e-03,9.683128e-05,2.004425e-02,4.171711e-02
0.38500,0.579787,0.494966,3.399242e-02,2.237302e-02,9.753470e-01,1.255918e-01,8.523276e-03,7.166256e-05,2.003167e-02,4.180357e-02
0.38750,0.579574,0.494922,3.431158e-02,2.260305e-02,9.752265e-01,1.255924e-01,8.493273e-03,4.651592e-05,2.001938e-02,4.188944e-02
0.39000,0.579360,0.494877,3.463122e-02,2.283386e-02,9.751073e-01,1.255930e-01,8.463314e-03,2.139403e-05,2.000740e-02,4.197474e-02
0.39250,0.579146,0.494833,3.495131e-02,2.306544e-02,9.749892e-01,1.255937e-01,8.433396e-03,-3.690871e-06,1.999571e-02,4.205947e-02
0.39500,0.578930,0.494788,3.527184e-02,2.329780e-02,9.748724e-01,1.255943e-01,8.403515e-03,-2.871942e-05,1.998430e-02,4.214363e-02
0.39750,0.578714,0.494743,3.559282e-02,2.353092e-02,9.747569e-01,1.255950e-01,8.373676e-03,-5.369971e-05,1.997318e-02,4.222723e-02
0.40000,0.578496,0.494699,3.591422e-02,2.376481e-02,9.746427e-01,1.255957e-01,8.343882e-03,-7.865116e-05,1.996233e-02,4.231027e-02
0.40250,0.578278,0.494654,3.623604e-02,2.399946e-02,9.745299e-01,1.255963e-01,8.314126e-03,-1.035911e-04,1.995175e-02,4.239278e-02
0.40500,0.578060,0.494610,3.655826e-02,2.423486e-02,9.744184e-01,1.255970e-01,8.284399e-03,-1.285248e-04,1.994143e-02,4.247474e-02
0.40750,0.577840,0.494565,3.688088e-02,2.447102e-02,9.743083e-01,1.255978e-01,8.254699e-03,-1.534417e-04,1.993138e-02,4.255616e-02
0.41000,0.577619,0.494521,3.720389e-02,2.470792e-02,9.741996e-01,1.255985e-01,8.225024e-03,-1.783517e-04,1.992158e-02,4.263706e-02
0.41250,0.577398,0.494476,3.752726e-02,2.494557e-02,9.740923e-01,1.255992e-01,8.195368e-03,-2.032640e-04,1.991203e-02,4.271743e-02
0.41500,0.577176,0.494432,3.785101e-02,2.518395e-02,9.739864e-01,1.256000e-01,8.165723e-03,-2.281730e-04,1.990273e-02,4.279728e-02
0.41750,0.576953,0.494387,3.817511e-02,2.542307e-02,9.738818e-01,1.256007e-01,8.136099e-03,-2.530601e-04,1.989367e-02,4.287662e-02
0.42000,0.576729,0.494343,3.849955e-02,2.566292e-02,9.737785e-01,1.256015e-01,8.106512e-03,-2.779156e-04,1.988484e-02,4.295545e-02
0.42250,0.576505,0.494299,3.882433e-02,2.590350e-02,9.736765e-01,1.256023e-01,8.076969e-03,-3.027444e-04,1.987624e-02,4.303378e-02
0.42500,0.576280,0.494254,3.915228e-02,2.614480e-02,9.735759e-01,1.256031e-01,8.047474e-03,-3.275222e-04,1.986788e-02,4.311161e-02
0.42750,0.576054,0.494210,3.948086e-02,2.638681e-02,9.734766e-01,1.256039e-01,8.018031e-03,-3.522279e-04,1.985974e-02,4.318895e-02
0.43000,0.575827,0.494166,3.980978e-02,2.662955e-02,9.733787e-01,1.256047e-01,7.988642e-03,-3.768685e-04,1.985182e-02,4.326580e-02
0.43250,0.575599,0.494122,4.013903e-02,2.687299e-02,9.732820e-01,1.256056e-01,7.959307e-03,-4.014420e-04,1.984412e-02,4.334217e-02
0.43500,0.575371,0.494077,4.046861e-02,2.711713e-02,9.731867e-01,1.256064e-01,7.930030e-03,-4.259517e-04,1.983663e-02,4.341807e-02
0.43750,0.575141,0.494033,4.079851e-02,2.736198e-02,9.730928e-01,1.256073e-01,7.900779e-03,-4.503842e-04,1.982936e-02,4.349349e-02
0.44000,0.574911,0.493989,4.112872e-02,2.760753e-02,9.730002e-01,1.256082e-01,7.871545e-03,-4.747636e-04,1.982228e-02,4.356844e-02
0.44250,0.574681,0.493945,4.145923e-02,2.785377e-02,9.729090e-01,1.256091e-01,7.842330e-03,-4.990974e-04,1.981542e-02,4.364293e-02
0.44500,0.574449,0.493901,4.179003e-02,2.810071e-02,9.728193e-01,1.256100e-01,7.813124e-03,-5.233827e-04,1.980874e-02,4.371696e-02
0.44750,0.574217,0.493857,4.212112e-02,2.834833e-02,9.727308e-01,1.256109e-01,7.783947e-03,-5.476302e-04,1.980227e-02,4.379054e-02
0.45000,0.573984,0.493813,4.245247e-02,2.859663e-02,9.726437e-01,1.256118e-01,7.754822e-03,-5.718314e-04,1.979598e-02,4.386367e-02
0.45250,0.573750,0.493770,4.278410e-02,2.884561e-02,9.725578e-01,1.256128e-01,7.725724e-03,-5.959793e-04,1.978989e-02,4.393636e-02
0.45500,0.573515,0.493726,4.311597e-02,2.909526e-02,9.724732e-01,1.256137e-01,7.696665e-03,-6.200397e-04,1.978398e-02,4.400860e-02
0.45750,0.573280,0.493682,4.344810e-02,2.934559e-02,9.723897e-01,1.256147e-01,7.667662e-03,-6.439869e-04,1.977825e-02,4.408041e-02
0.46000,0.573044,0.493639,4.378046e-02,2.959658e-02,9.723074e-01,1.256157e-01,7.638703e-03,-6.678092e-04,1.977270e-02,4.415179e-02
0.46250,0.572807,0.493595,4.411305e-02,2.984824e-02,9.722264e-01,1.256167e-01,7.609769e-03,-6.915202e-04,1.976732e-02,4.422274e-02
0.46500,0.572569,0.493552,4.444586e-02,3.010055e-02,9.721466e-01,1.256177e-01,7.580871e-03,-7.151621e-04,1.976212e-02,4.429327e-02
0.46750,0.572331,0.493508,4.477889e-02,3.035353e-02,9.720681e-01,1.256187e-01,7.552025e-03,-7.387170e-04,1.975709e-02,4.436337e-02
0.47000,0.572092,0.493465,4.511212e-02,3.060715e-02,9.719907e-01,1.256197e-01,7.523221e-03,-7.621581e-04,1.975222e-02,4.443307e-02
0.47250,0.571852,0.493422,4.544554e-02,3.086142e-02,9.719146e-01,1.256208e-01,7.494453e-03,-7.854599e-04,1.974752e-02,4.450235e-02
0.47500,0.571611,0.493379,4.577916e-02,3.111634e-02,9.718397e-01,1.256218e-01,7.465720e-03,-8.086142e-04,1.974298e-02,4.457123e-02
0.47750,0.571370,0.493336,4.611295e-02,3.137190e-02,9.717659e-01,1.256229e-01,7.437026e-03,-8.316482e-04,1.973860e-02,4.463970e-02
0.48000,0.571128,0.493293,4.644692e-02,3.162809e-02,9.716933e-01,1.256240e-01,7.408376e-03,-8.545649e-04,1.973438e-02,4.470777e-02
0.48250,0.570885,0.493250,4.678105e-02,3.188492e-02,9.716217e-01,1.256251e-01,7.379757e-03,-8.773693e-04,1.973031e-02,4.477545e-02
0.48500,0.570642,0.493207,4.711534e-02,3.214238e-02,9.715512e-01,1.256262e-01,7.351177e-03,-9.000808e-04,1.972639e-02,4.484274e-02
0.48750,0.570398,0.493164,4.744978e-02,3.240046e-02,9.714818e-01,1.256273e-01,7.322611e-03,-9.226933e-04,1.972263e-02,4.490964e-02
0.49000,0.570153,0.493122,4.778437e-02,3.265917e-02,9.714135e-01,1.256285e-01,7.294044e-03,-9.452057e-04,1.971901e-02,4.497616e-02
0.49250,0.569907,0.493079,4.812051e-02,3.291850e-02,9.713462e-01,1.256296e-01,7.265476e-03,-9.676022e-04,1.971553e-02,4.504229e-02
0.49500,0.569661,0.493037,4.845912e-02,3.317844e-02,9.712800e-01,1.256308e-01,7.236928e-03,-9.899440e-04,1.971219e-02,4.510805e-02
0.49750,0.569414,0.492994,4.879788e-02,3.343900e-02,9.712149e-01,1.256320e-01,7.208420e-03,-1.012246e-03,1.970899e-02,4.517344e-02
0.50000,0.569166,0.492952,4.913680e-02,3.370016e-02,9.711509e-01,1.256332e-01,7.179975e-03,-1.034506e-03,1.970593e-02,4.523845e-02
0.50250,0.568917,0.492910,4.947587e-02,3.396193e-02,9.710881e-01,1.256344e-01,7.151576e-03,-1.056700e-03,1.970301e-02,4.530310e-02
0.50500,0.568668,0.492868,4.981507e-02,3.422430e-02,9.710265e-01,1.256356e-01,7.123207e-03,-1.078762e-03,1.970022e-02,4.536739e-02
0.50750,0.568418,0.492826,5.015440e-02,3.448727e-02,9.709660e-01,1.256368e-01,7.094874e-03,-1.100698e-03,1.969757e-02,4.543131e-02
0.51000,0.568168,0.492784,5.049385e-02,3.475084e-02,9.709066e-01,1.256381e-01,7.066557e-03,-1.122545e-03,1.969504e-02,4.549488e-02
0.51250,0.567916,0.492743,5.083341e-02,3.501499e-02,9.708482e-01,1.256393e-01,7.038269e-03,-1.144334e-03,1.969264e-02,4.555810e-02
0.51500,0.567665,0.492701,5.117308e-02,3.527973e-02,9.707908e-01,1.256406e-01,7.010010e-03,-1.166080e-03,1.969036e-02,4.562097e-02
0.51750,0.567412,0.492660,5.151285e-02,3.554506e-02,9.707344e-01,1.256419e-01,6.981784e-03,-1.187767e-03,1.968821e-02,4.568349e-02
0.52000,0.567159,0.492619,5.185272e-02,3.581097e-02,9.706788e-01,1.256432e-01,6.953624e-03,-1.209395e-03,1.968618e-02,4.574567e-02
0.52250,0.566905,0.492577,5.219267e-02,3.607746e-02,9.706241e-01,1.256445e-01,6.925552e-03,-1.230898e-03,1.968427e-02,4.580750e-02
0.52500,0.566650,0.492536,5.253271e-02,3.634452e-02,9.705704e-01,1.256458e-01,6.897550e-03,-1.252281e-03,1.968248e-02,4.586900e-02
0.52750,0.566394,0.492495,5.287282e-02,3.661216e-02,9.705178e-01,1.256471e-01,6.869584e-03,-1.273576e-03,1.968081e-02,4.593017e-02
0.53000,0.566138,0.492455,5.321300e-02,3.688036e-02,9.704662e-01,1.256485e-01,6.841646e-03,-1.294813e-03,1.967926e-02,4.599101e-02
0.53250,0.565882,0.492414,5.355323e-02,3.714912e-02,9.704156e-01,1.256499e-01,6.813725e-03,-1.315998e-03,1.967782e-02,4.605151e-02
0.53500,0.565624,0.492374,5.389353e-02,3.741845e-02,9.703661e-01,1.256512e-01,6.785800e-03,-1.337087e-03,1.967649e-02,4.611169e-02
0.53750,0.565366,0.492333,5.423387e-02,3.768834e-02,9.703177e-01,1.256526e-01,6.757878e-03,-1.358106e-03,1.967527e-02,4.617155e-02
0.54000,0.565108,0.492293,5.457426e-02,3.795878e-02,9.702704e-01,1.256540e-01,6.729957e-03,-1.379087e-03,1.967416e-02,4.623109e-02
0.54250,0.564848,0.492253,5.491469e-02,3.822977e-02,9.702241e-01,1.256554e-01,6.702070e-03,-1.400081e-03,1.967316e-02,4.629031e-02
0.54500,0.564588,0.492213,5.525515e-02,3.850131e-02,9.701788e-01,1.256569e-01,6.674221e-03,-1.421141e-03,1.967226e-02,4.634922e-02
0.54750,0.564327,0.492173,5.559563e-02,3.877340e-02,9.701345e-01,1.256583e-01,6.646422e-03,-1.442235e-03,1.967146e-02,4.640782e-02
0.55000,0.564066,0.492133,5.593614e-02,3.904603e-02,9.700911e-01,1.256598e-01,6.618686e-03,-1.463364e-03,1.967078e-02,4.646611e-02
0.55250,0.563804,0.492094,5.627665e-02,3.931920e-02,9.700488e-01,1.256612e-01,6.591017e-03,-1.484562e-03,1.967019e-02,4.652409e-02
0.55500,0.563541,0.492054,5.661718e-02,3.959291e-02,9.700074e-01,1.256627e-01,6.563422e-03,-1.505811e-03,1.966970e-02,4.658177e-02
0.55750,0.563278,0.492015,5.695771e-02,3.986715e-02,9.699669e-01,1.256642e-01,6.535888e-03,-1.527067e-03,1.966932e-02,4.663915e-02
0.56000,0.563014,0.491976,5.729823e-02,4.014192e-02,9.699274e-01,1.256657e-01,6.508394e-03,-1.548341e-03,1.966903e-02,4.669623e-02
0.56250,0.562750,0.491937,5.763875e-02,4.041721e-02,9.698889e-01,1.256672e-01,6.480932e-03,-1.569599e-03,1.966883e-02,4.675302e-02
0.56500,0.562484,0.491898,5.797925e-02,4.069303e-02,9.698513e-01,1.256687e-01,6.453489e-03,-1.590792e-03,1.966874e-02,4.680951e-02
0.56750,0.562219,0.491860,5.831973e-02,4.096938e-02,9.698148e-01,1.256703e-01,6.426075e-03,-1.611971e-03,1.966874e-02,4.686572e-02
0.57000,0.561952,0.491821,5.866018e-02,4.124623e-02,9.697793e-01,1.256718e-01,6.398699e-03,-1.633177e-03,1.966883e-02,4.692163e-02
0.57250,0.561685,0.491783,5.900060e-02,4.152361e-02,9.697448e-01,1.256734e-01,6.371343e-03,-1.654403e-03,1.966902e-02,4.697726e-02
0.57500,0.561417,0.491745,5.934099e-02,4.180150e-02,9.697112e-01,1.256750e-01,6.344010e-03,-1.675650e-03,1.966929e-02,4.703261e-02
0.57750,0.561149,0.491707,5.968134e-02,4.207989e-02,9.696785e-01,1.256766e-01,6.316719e-03,-1.696887e-03,1.966966e-02,4.708767e-02
0.58000,0.560880,0.491669,6.002164e-02,4.235879e-02,9.696465e-01,1.256782e-01,6.289458e-03,-1.718125e-03,1.967011e-02,4.714246e-02
0.58250,0.560611,0.491632,6.036189e-02,4.263820e-02,9.696152e-01,1.256798e-01,6.262210e-03,-1.739413e-03,1.967064e-02,4.719697e-02
0.58500,0.560340,0.491594,6.070208e-02,4.291811e-02,9.695847e-01,1.256814e-01,6.234996e-03,-1.760736e-03,1.967125e-02,4.725121e-02
0.58750,0.560070,0.491557,6.104222e-02,4.319851e-02,9.695550e-01,1.256831e-01,6.207838e-03,-1.782069e-03,1.967194e-02,4.730517e-02
0.59000,0.559798,0.491520,6.138631e-02,4.347941e-02,9.695261e-01,1.256847e-01,6.180743e-03,-1.803385e-03,1.967272e-02,4.735887e-02
0.59250,0.559526,0.491483,6.173081e-02,4.376080e-02,9.694980e-01,1.256864e-01,6.153722e-03,-1.824679e-03,1.967357e-02,4.741230e-02
0.59500,0.559253,0.491447,6.207527e-02,4.404268e-02,9.694706e-01,1.256880e-01,6.126777e-03,-1.845963e-03,1.967450e-02,4.746547e-02
0.59750,0.558980,0.491410,6.241969e-02,4.432504e-02,9.694441e-01,1.256897e-01,6.099927e-03,-1.867259e-03,1.967552e-02,4.751838e-02
0.60000,0.558706,0.491374,6.276404e-02,4.460789e-02,9.694182e-01,1.256914e-01,6.073148e-03,-1.888507e-03,1.967661e-02,4.757102e-02
0.60250,0.558432,0.491338,6.310834e-02,4.489122e-02,9.693930e-01,1.256931e-01,6.046418e-03,-1.909716e-03,1.967778e-02,4.762341e-02
0.60500,0.558157,0.491302,6.345257e-02,4.517503e-02,9.693686e-01,1.256949e-01,6.019704e-03,-1.930862e-03,1.967902e-02,4.767554e-02
0.60750,0.557881,0.491266,6.379674e-02,4.545931e-02,9.693447e-01,1.256966e-01,5.992994e-03,-1.951877e-03,1.968033e-02,4.772741e-02
0.61000,0.557605,0.491231,6.414083e-02,4.574407e-02,9.693215e-01,1.256983e-01,5.966287e-03,-1.972787e-03,1.968171e-02,4.777904e-02
0.61250,0.557328,0.491195,6.448484e-02,4.602929e-02,9.692835e-01,1.257001e-01,5.939582e-03,-1.993574e-03,1.968315e-02,4.783042e-02
0.61500,0.557051,0.491160,6.482877e-02,4.631498e-02,9.692326e-01,1.257019e-01,5.912891e-03,-2.014208e-03,1.968466e-02,4.788155e-02
0.61750,0.556773,0.491125,6.517261e-02,4.660114e-02,9.691825e-01,1.257036e-01,5.886246e-03,-2.034706e-03,1.968624e-02,4.793243e-02
0.62000,0.556495,0.491090,6.551636e-02,4.688775e-02,9.691329e-01,1.257054e-01,5.859672e-03,-2.055113e-03,1.968788e-02,4.798307e-02
0.62250,0.556216,0.491056,6.586002e-02,4.717483e-02,9.690841e-01,1.257072e-01,5.833155e-03,-2.075432e-03,1.968959e-02,4.803347e-02
0.62500,0.555936,0.491022,6.620357e-02,4.746236e-02,9.690359e-01,1.257091e-01,5.806703e-03,-2.095698e-03,1.969136e-02,4.808363e-02
0.62750,0.555656,0.490987,6.654703e-02,4.775034e-02,9.689884e-01,1.257109e-01,5.780285e-03,-2.115905e-03,1.969319e-02,4.813356e-02
0.63000,0.555375,0.490954,6.689037e-02,4.803878e-02,9.689416e-01,1.257127e-01,5.753874e-03,-2.135977e-03,1.969508e-02,4.818325e-02
0.63250,0.555094,0.490920,6.723360e-02,4.832766e-02,9.688955e-01,1.257146e-01,5.727478e-03,-2.155829e-03,1.969704e-02,4.823270e-02
0.63500,0.554812,0.490886,6.757672e-02,4.861699e-02,9.688501e-01,1.257164e-01,5.701123e-03,-2.175508e-03,1.969905e-02,4.828193e-02
0.63750,0.554529,0.490853,6.791972e-02,4.890676e-02,9.688054e-01,1.257183e-01,5.674822e-03,-2.195030e-03,1.970112e-02,4.833092e-02
0.64000,0.554246,0.490820,6.826665e-02,4.919697e-02,9.687614e-01,1.257202e-01,5.648620e-03,-2.214428e-03,1.970326e-02,4.837969e-02
0.64250,0.553962,0.490787,6.861402e-02,4.948762e-02,9.687180e-01,1.257220e-01,5.622487e-03,-2.233685e-03,1.970546e-02,4.842823e-02
0.64500,0.553678,0.490755,6.896129e-02,4.977871e-02,9.686753e-01,1.257239e-01,5.596398e-03,-2.252858e-03,1.970772e-02,4.847654e-02
0.64750,0.553394,0.490723,6.930844e-02,5.007023e-02,9.686332e-01,1.257259e-01,5.570357e-03,-2.271961e-03,1.971005e-02,4.852464e-02
0.65000,0.553108,0.490690,6.965549e-02,5.036217e-02,9.685917e-01,1.257278e-01,5.544354e-03,-2.290936e-03,1.971243e-02,4.857251e-02
0.65250,0.552823,0.490659,7.000241e-02,5.065455e-02,9.685507e-01,1.257297e-01,5.518352e-03,-2.309706e-03,1.971487e-02,4.862017e-02
0.65500,0.552536,0.490627,7.034922e-02,5.094735e-02,9.685102e-01,1.257317e-01,5.492344e-03,-2.328313e-03,1.971736e-02,4.866760e-02
0.65750,0.552249,0.490595,7.069590e-02,5.124058e-02,9.684702e-01,1.257336e-01,5.466377e-03,-2.346862e-03,1.971990e-02,4.871482e-02
0.66000,0.551962,0.490564,7.104245e-02,5.153422e-02,9.684307e-01,1.257356e-01,5.440461e-03,-2.365457e-03,1.972250e-02,4.876183e-02
0.66250,0.551674,0.490533,7.138886e-02,5.182828e-02,9.683918e-01,1.257375e-01,5.414586e-03,-2.384014e-03,1.972515e-02,4.880863e-02
0.66500,0.551386,0.490503,7.173514e-02,5.212276e-02,9.683534e-01,1.257395e-01,5.388768e-03,-2.402457e-03,1.972785e-02,4.885521e-02
0.66750,0.551097,0.490472,7.208128e-02,5.241765e-02,9.683155e-01,1.257415e-01,5.363034e-03,-2.420800e-03,1.973060e-02,4.890159e-02
0.67000,0.550807,0.490442,7.242727e-02,5.271295e-02,9.682782e-01,1.257435e-01,5.337362e-03,-2.439012e-03,1.973341e-02,4.894775e-02
0.67250,0.550517,0.490412,7.277311e-02,5.300866e-02,9.682414e-01,1.257455e-01,5.311729e-03,-2.457096e-03,1.973627e-02,4.899372e-02
0.67500,0.550226,0.490382,7.311880e-02,5.330478e-02,9.682051e-01,1.257475e-01,5.286156e-03,-2.475190e-03,1.973919e-02,4.903947e-02
0.67750,0.549935,0.490353,7.346434e-02,5.360130e-02,9.681693e-01,1.257496e-01,5.260630e-03,-2.493352e-03,1.974216e-02,4.908503e-02
0.68000,0.549644,0.490324,7.380971e-02,5.389822e-02,9.681339e-01,1.257516e-01,5.235129e-03,-2.511538e-03,1.974519e-02,4.913038e-02
0.68250,0.549352,0.490295,7.415493e-02,5.419555e-02,9.680990e-01,1.257537e-01,5.209666e-03,-2.529717e-03,1.974827e-02,4.917553e-02
0.68500,0.549059,0.490266,7.449998e-02,5.449327e-02,9.680646e-01,1.257557e-01,5.184241e-03,-2.547832e-03,1.975140e-02,4.922048e-02
0.68750,0.548766,0.490237,7.484486e-02,5.479138e-02,9.680307e-01,1.257578e-01,5.158874e-03,-2.565946e-03,1.975457e-02,4.926524e-02
0.69000,0.548472,0.490209,7.518958e-02,5.508988e-02,9.679973e-01,1.257599e-01,5.133565e-03,-2.584064e-03,1.975780e-02,4.930980e-02
0.69250,0.548178,0.490181,7.553411e-02,5.538878e-02,9.679645e-01,1.257619e-01,5.108284e-03,-2.602130e-03,1.976108e-02,4.935416e-02
0.69500,0.547883,0.490153,7.587847e-02,5.568806e-02,9.679324e-01,1.257640e-01,5.083026e-03,-2.620164e-03,1.976441e-02,4.939833e-02
0.69750,0.547588,0.490126,7.622265e-02,5.598773e-02,9.679009e-01,1.257661e-01,5.057780e-03,-2.638249e-03,1.976779e-02,4.944231e-02
0.70000,0.547293,0.490099,7.656664e-02,5.628779e-02,9.678701e-01,1.257683e-01,5.032542e-03,-2.656396e-03,1.977121e-02,4.948610e-02
0.70250,0.546996,0.490072,7.691044e-02,5.658822e-02,9.678399e-01,1.257704e-01,5.007314e-03,-2.674596e-03,1.977468e-02,4.952970e-02
0.70500,0.546700,0.490045,7.725404e-02,5.688904e-02,9.678103e-01,1.257725e-01,4.982101e-03,-2.692853e-03,1.977820e-02,4.957311e-02
0.70750,0.546403,0.490019,7.759745e-02,5.719023e-02,9.677813e-01,1.257746e-01,4.956921e-03,-2.711219e-03,1.978176e-02,4.961634e-02
0.71000,0.546105,0.489993,7.794067e-02,5.749180e-02,9.677529e-01,1.257768e-01,4.931831e-03,-2.729684e-03,1.978537e-02,4.965938e-02
0.71250,0.545807,0.489967,7.828368e-02,5.779374e-02,9.677250e-01,1.257789e-01,4.906873e-03,-2.748247e-03,1.978903e-02,4.970224e-02
0.71500,0.545508,0.489942,7.862650e-02,5.809605e-02,9.676975e-01,1.257811e-01,4.882038e-03,-2.766812e-03,1.979273e-02,4.974491e-02
0.71750,0.545209,0.489916,7.896910e-02,5.839873e-02,9.676704e-01,1.257833e-01,4.857285e-03,-2.785288e-03,1.979647e-02,4.978740e-02
0.72000,0.544910,0.489891,7.931151e-02,5.870177e-02,9.676437e-01,1.257855e-01,4.832582e-03,-2.803641e-03,1.980026e-02,4.982971e-02
0.72250,0.544610,0.489867,7.965370e-02,5.900518e-02,9.676173e-01,1.257876e-01,4.807875e-03,-2.821898e-03,1.980409e-02,4.987185e-02
0.72500,0.544309,0.489842,7.999568e-02,5.930896e-02,9.675912e-01,1.257898e-01,4.783164e-03,-2.840126e-03,1.980796e-02,4.991380e-02
0.72750,0.544008,0.489818,8.033745e-02,5.961309e-02,9.675656e-01,1.257920e-01,4.758449e-03,-2.858361e-03,1.981186e-02,4.995558e-02
0.73000,0.543707,0.489794,8.067900e-02,5.991758e-02,9.675403e-01,1.257943e-01,4.733749e-03,-2.876675e-03,1.981580e-02,4.999718e-02
0.73250,0.543405,0.489771,8.102033e-02,6.022243e-02,9.675153e-01,1.257965e-01,4.709094e-03,-2.895181e-03,1.981977e-02,5.003861e-02
0.73500,0.543103,0.489747,8.136143e-02,6.052763e-02,9.674908e-01,1.257987e-01,4.684500e-03,-2.913828e-03,1.982377e-02,5.007987e-02
0.73750,0.542800,0.489724,8.170231e-02,6.083319e-02,9.674666e-01,1.258009e-01,4.660009e-03,-2.932524e-03,1.982781e-02,5.012096e-02
0.74000,0.542497,0.489702,8.204296e-02,6.113910e-02,9.674428e-01,1.258032e-01,4.635638e-03,-2.951192e-03,1.983187e-02,5.016187e-02
0.74250,0.542193,0.489679,8.238338e-02,6.144535e-02,9.674193e-01,1.258054e-01,4.611347e-03,-2.969770e-03,1.983597e-02,5.020262e-02
0.74500,0.541889,0.489657,8.272356e-02,6.175195e-02,9.673962e-01,1.258077e-01,4.587095e-03,-2.988266e-03,1.984009e-02,5.024320e-02
0.74750,0.541584,0.489635,8.306351e-02,6.205890e-02,9.673736e-01,1.258099e-01,4.562851e-03,-3.006603e-03,1.984424e-02,5.028362e-02
0.75000,0.541279,0.489614,8.340321e-02,6.236619e-02,9.673514e-01,1.258122e-01,4.538639e-03,-3.024871e-03,1.984842e-02,5.032386e-02
0.75250,0.540974,0.489593,8.374268e-02,6.267381e-02,9.673297e-01,1.258145e-01,4.514471e-03,-3.043078e-03,1.985262e-02,5.036395e-02
0.75500,0.540668,0.489572,8.408190e-02,6.298178e-02,9.673084e-01,1.258168e-01,4.490352e-03,-3.061156e-03,1.985685e-02,5.040387e-02
0.75750,0.540361,0.489551,8.442088e-02,6.329008e-02,9.672877e-01,1.258191e-01,4.466294e-03,-3.079104e-03,1.986111e-02,5.044364e-02
0.76000,0.540054,0.489531,8.475962e-02,6.359872e-02,9.672674e-01,1.258213e-01,4.442279e-03,-3.096813e-03,1.986539e-02,5.048324e-02
0.76250,0.539747,0.489511,8.509811e-02,6.390769e-02,9.672476e-01,1.258236e-01,4.418323e-03,-3.114312e-03,1.986970e-02,5.052268e-02
0.76500,0.539439,0.489491,8.543634e-02,6.421699e-02,9.672282e-01,1.258260e-01,4.394469e-03,-3.131679e-03,1.987403e-02,5.056196e-02
0.76750,0.539131,0.489472,8.577433e-02,6.452662e-02,9.672091e-01,1.258283e-01,4.370691e-03,-3.148934e-03,1.987838e-02,5.060109e-02
0.77000,0.538823,0.489453,8.611206e-02,6.483658e-02,9.671905e-01,1.258306e-01,4.346950e-03,-3.166200e-03,1.988276e-02,5.064007e-02
0.77250,0.538514,0.489434,8.644953e-02,6.514686e-02,9.671721e-01,1.258329e-01,4.323242e-03,-3.183481e-03,1.988716e-02,5.067888e-02
0.77500,0.538204,0.489416,8.678675e-02,6.545747e-02,9.671540e-01,1.258352e-01,4.299555e-03,-3.200640e-03,1.989159e-02,5.071755e-02
0.77750,0.537894,0.489398,8.712370e-02,6.576840e-02,9.671361e-01,1.258376e-01,4.275877e-03,-3.217587e-03,1.989604e-02,5.075606e-02
0.78000,0.537584,0.489380,8.746039e-02,6.607964e-02,9.671184e-01,1.258399e-01,4.252230e-03,-3.234404e-03,1.990051e-02,5.079442e-02
0.78250,0.537273,0.489362,8.779681e-02,6.639121e-02,9.671009e-01,1.258423e-01,4.228639e-03,-3.251156e-03,1.990502e-02,5.083263e-02
0.78500,0.536962,0.489345,8.813825e-02,6.670309e-02,9.670835e-01,1.258446e-01,4.205081e-03,-3.267768e-03,1.990955e-02,5.087069e-02
0.78750,0.536651,0.489329,8.847965e-02,6.701528e-02,9.670663e-01,1.258470e-01,4.181542e-03,-3.284214e-03,1.991410e-02,5.090860e-02
0.79000,0.536339,0.489312,8.882079e-02,6.732779e-02,9.670493e-01,1.258494e-01,4.158054e-03,-3.300438e-03,1.991869e-02,5.094637e-02
0.79250,0.536027,0.489296,8.916168e-02,6.764060e-02,9.670325e-01,1.258517e-01,4.134646e-03,-3.316531e-03,1.992331e-02,5.098399e-02
0.79500,0.535714,0.489280,8.950232e-02,6.795373e-02,9.670160e-01,1.258541e-01,4.111289e-03,-3.332520e-03,1.992794e-02,5.102146e-02
0.79750,0.535401,0.489265,8.984270e-02,6.826716e-02,9.669996e-01,1.258565e-01,4.087980e-03,-3.348382e-03,1.993261e-02,5.105878e-02
0.80000,0.535087,0.489250,9.018281e-02,6.858090e-02,9.669835e-01,1.258589e-01,4.064714e-03,-3.364190e-03,1.993724e-02,5.109597e-02
0.80250,0.534773,0.489235,9.052267e-02,6.889494e-02,9.669676e-01,1.258613e-01,4.041477e-03,-3.379995e-03,1.994198e-02,5.113300e-02
0.80500,0.534459,0.489220,9.086227e-02,6.920928e-02,9.669519e-01,1.258637e-01,4.018296e-03,-3.395715e-03,1.994672e-02,5.116990e-02
0.80750,0.534144,0.489206,9.120160e-02,6.952393e-02,9.669363e-01,1.258661e-01,3.995154e-03,-3.411312e-03,1.995149e-02,5.120665e-02
0.81000,0.533829,0.489192,9.154067e-02,6.983887e-02,9.669210e-01,1.258685e-01,3.972057e-03,-3.426862e-03,1.995628e-02,5.124327e-02
0.81250,0.533513,0.489179,9.187948e-02,7.015411e-02,9.669059e-01,1.258709e-01,3.949024e-03,-3.442430e-03,1.996109e-02,5.127974e-02
0.81500,0.533197,0.489166,9.221801e-02,7.046964e-02,9.668912e-01,1.258733e-01,3.926090e-03,-3.458098e-03,1.996593e-02,5.131607e-02
0.81750,0.532881,0.489153,9.255628e-02,7.078547e-02,9.668768e-01,1.258757e-01,3.903225e-03,-3.473786e-03,1.997079e-02,5.135226e-02
0.82000,0.532564,0.489141,9.289426e-02,7.110159e-02,9.668628e-01,1.258782e-01,3.880409e-03,-3.489483e-03,1.997568e-02,5.138832e-02
0.82250,0.532247,0.489129,9.323197e-02,7.141800e-02,9.668493e-01,1.258806e-01,3.857631e-03,-3.505186e-03,1.998060e-02,5.142424e-02
0.82500,0.531930,0.489117,9.356941e-02,7.173469e-02,9.668362e-01,1.258830e-01,3.834928e-03,-3.520941e-03,1.998555e-02,5.146002e-02
0.82750,0.531612,0.489106,9.390656e-02,7.205168e-02,9.668236e-01,1.258854e-01,3.812304e-03,-3.536771e-03,1.999052e-02,5.149566e-02
0.83000,0.531294,0.489095,9.424342e-02,7.236895e-02,9.668113e-01,1.258879e-01,3.789726e-03,-3.552680e-03,1.999553e-02,5.153117e-02
0.83250,0.530975,0.489084,9.458001e-02,7.268650e-02,9.667995e-01,1.258903e-01,3.767157e-03,-3.568625e-03,2.000057e-02,5.156655e-02
0.83500,0.530656,0.489074,9.491631e-02,7.300434e-02,9.667880e-01,1.258928e-01,3.744578e-03,-3.584626e-03,2.000564e-02,5.160179e-02
0.83750,0.530337,0.489064,9.525233e-02,7.332246e-02,9.667768e-01,1.258952e-01,3.722007e-03,-3.600705e-03,2.001073e-02,5.163690e-02
0.84000,0.530017,0.489054,9.558806e-02,7.364085e-02,9.667444e-01,1.258977e-01,3.699462e-03,-3.616779e-03,2.001584e-02,5.167187e-02
0.84250,0.529697,0.489045,9.592351e-02,7.395953e-02,9.666456e-01,1.259001e-01,3.676970e-03,-3.632896e-03,2.002097e-02,5.170671e-02
0.84500,0.529377,0.489036,9.625867e-02,7.427848e-02,9.665469e-01,1.259026e-01,3.654545e-03,-3.649139e-03,2.002611e-02,5.174143e-02
0.84750,0.529056,0.489028,9.659355e-02,7.459771e-02,9.664484e-01,1.259051e-01,3.632164e-03,-3.665428e-03,2.003126e-02,5.177601e-02
0.85000,0.528735,0.489020,9.692814e-02,7.491721e-02,9.663501e-01,1.259076e-01,3.609832e-03,-3.681743e-03,2.003642e-02,5.181046e-02
0.85250,0.528414,0.489012,9.726244e-02,7.523698e-02,9.662521e-01,1.259100e-01,3.587553e-03,-3.698033e-03,2.004160e-02,5.184479e-02
0.85500,0.528092,0.489004,9.759644e-02,7.555702e-02,9.661543e-01,1.259125e-01,3.565342e-03,-3.714334e-03,2.004680e-02,5.187899e-02
0.85750,0.527770,0.488997,9.793015e-02,7.587733e-02,9.660568e-01,1.259150e-01,3.543192e-03,-3.730767e-03,2.005201e-02,5.191306e-02
0.86000,0.527447,0.488991,9.826357e-02,7.619790e-02,9.659596e-01,1.259175e-01,3.521116e-03,-3.747392e-03,2.005724e-02,5.194700e-02
0.86250,0.527124,0.488985,9.859669e-02,7.651875e-02,9.658627e-01,1.259199e-01,3.499157e-03,-3.764170e-03,2.006248e-02,5.198082e-02
0.86500,0.526801,0.488979,9.892951e-02,7.683985e-02,9.657661e-01,1.259224e-01,3.477288e-03,-3.780885e-03,2.006774e-02,5.201452e-02
0.86750,0.526477,0.488973,9.926202e-02,7.716122e-02,9.656698e-01,1.259249e-01,3.455481e-03,-3.797525e-03,2.007300e-02,5.204809e-02
0.87000,0.526153,0.488968,9.959424e-02,7.748286e-02,9.655738e-01,1.259274e-01,3.433714e-03,-3.814144e-03,2.007827e-02,5.208153e-02
0.87250,0.525829,0.488963,9.992616e-02,7.780475e-02,9.654782e-01,1.259299e-01,3.411972e-03,-3.830653e-03,2.008355e-02,5.211486e-02
0.87500,0.525505,0.488959,1.002578e-01,7.812690e-02,9.653828e-01,1.259324e-01,3.390238e-03,-3.847014e-03,2.008883e-02,5.214806e-02
0.87750,0.525180,0.488955,1.005891e-01,7.844930e-02,9.652876e-01,1.259349e-01,3.368523e-03,-3.863242e-03,2.009411e-02,5.218115e-02
0.88000,0.524854,0.488951,1.009201e-01,7.877197e-02,9.651927e-01,1.259374e-01,3.346854e-03,-3.879488e-03,2.009938e-02,5.221411e-02
0.88250,0.524529,0.488948,1.012508e-01,7.909488e-02,9.650980e-01,1.259399e-01,3.325252e-03,-3.895770e-03,2.010466e-02,5.224696e-02
0.88500,0.524203,0.488945,1.015812e-01,7.941805e-02,9.650034e-01,1.259424e-01,3.303731e-03,-3.912016e-03,2.010994e-02,5.227969e-02
0.88750,0.523877,0.488943,1.019113e-01,7.974147e-02,9.649092e-01,1.259449e-01,3.282247e-03,-3.928129e-03,2.011521e-02,5.231230e-02
0.89000,0.523550,0.488941,1.022411e-01,8.006514e-02,9.648152e-01,1.259474e-01,3.260823e-03,-3.944119e-03,2.012049e-02,5.234479e-02
0.89250,0.523223,0.488939,1.025706e-01,8.038906e-02,9.647216e-01,1.259500e-01,3.239438e-03,-3.959889e-03,2.012576e-02,5.237717e-02
0.89500,0.522896,0.488938,1.028998e-01,8.071322e-02,9.646282e-01,1.259525e-01,3.218065e-03,-3.975340e-03,2.013105e-02,5.240944e-02
0.89750,0.522568,0.488937,1.032286e-01,8.103763e-02,9.645352e-01,1.259550e-01,3.196716e-03,-3.990457e-03,2.013634e-02,5.244159e-02
0.90000,0.522241,0.488937,1.035572e-01,8.136228e-02,9.644425e-01,1.259575e-01,3.175440e-03,-4.005391e-03,2.014164e-02,5.247363e-02
0.90250,0.521912,0.488937,1.038854e-01,8.168718e-02,9.643501e-01,1.259600e-01,3.154262e-03,-4.020077e-03,2.014696e-02,5.250555e-02
0.90500,0.521584,0.488937,1.042133e-01,8.201232e-02,9.642580e-01,1.259625e-01,3.133152e-03,-4.034478e-03,2.015229e-02,5.253736e-02
0.90750,0.521255,0.488938,1.045409e-01,8.233769e-02,9.641662e-01,1.259650e-01,3.112095e-03,-4.048698e-03,2.015762e-02,5.256906e-02
0.91000,0.520926,0.488939,1.048682e-01,8.266331e-02,9.640748e-01,1.259676e-01,3.091127e-03,-4.062958e-03,2.016296e-02,5.260064e-02
0.91250,0.520597,0.488940,1.051969e-01,8.298916e-02,9.639837e-01,1.259701e-01,3.070249e-03,-4.077283e-03,2.016831e-02,5.263212e-02
0.91500,0.520267,0.488942,1.055298e-01,8.331525e-02,9.638930e-01,1.259726e-01,3.049408e-03,-4.091415e-03,2.017367e-02,5.266348e-02
0.91750,0.519937,0.488945,1.058624e-01,8.364157e-02,9.638028e-01,1.259751e-01,3.028580e-03,-4.105331e-03,2.017903e-02,5.269473e-02
0.92000,0.519607,0.488947,1.061947e-01,8.396813e-02,9.637131e-01,1.259777e-01,3.007722e-03,-4.119067e-03,2.018439e-02,5.272588e-02
0.92250,0.519276,0.488951,1.065267e-01,8.429492e-02,9.636238e-01,1.259802e-01,2.986875e-03,-4.132694e-03,2.018975e-02,5.275691e-02
0.92500,0.518945,0.488954,1.068584e-01,8.462194e-02,9.635349e-01,1.259827e-01,2.966069e-03,-4.146210e-03,2.019512e-02,5.278784e-02
0.92750,0.518614,0.488958,1.071898e-01,8.494919e-02,9.634465e-01,1.259852e-01,2.945323e-03,-4.159785e-03,2.020049e-02,5.281866e-02
0.93000,0.518283,0.488963,1.075209e-01,8.527666e-02,9.633584e-01,1.259878e-01,2.924658e-03,-4.173482e-03,2.020587e-02,5.284937e-02
0.93250,0.517951,0.488967,1.078517e-01,8.560437e-02,9.632708e-01,1.259903e-01,2.904042e-03,-4.187125e-03,2.021126e-02,5.287997e-02
0.93500,0.517619,0.488973,1.081822e-01,8.593230e-02,9.631834e-01,1.259928e-01,2.883507e-03,-4.200704e-03,2.021667e-02,5.291047e-02
0.93750,0.517286,0.488978,1.085124e-01,8.626045e-02,9.630963e-01,1.259954e-01,2.863076e-03,-4.214269e-03,2.022209e-02,5.294085e-02
0.94000,0.516954,0.488985,1.088423e-01,8.658883e-02,9.630094e-01,1.259979e-01,2.842723e-03,-4.227683e-03,2.022752e-02,5.297114e-02
0.94250,0.516621,0.488991,1.091719e-01,8.691743e-02,9.629226e-01,1.260004e-01,2.822385e-03,-4.241005e-03,2.023297e-02,5.300131e-02
0.94500,0.516288,0.488998,1.095011e-01,8.724625e-02,9.628359e-01,1.260029e-01,2.802075e-03,-4.254292e-03,2.023842e-02,5.303138e-02
0.94750,0.515954,0.489005,1.098301e-01,8.757529e-02,9.627495e-01,1.260055e-01,2.781796e-03,-4.267585e-03,2.024389e-02,5.306135e-02
0.95000,0.515621,0.489013,1.101587e-01,8.790455e-02,9.626632e-01,1.260080e-01,2.761568e-03,-4.281019e-03,2.024937e-02,5.309121e-02
0.95250,0.515287,0.489021,1.104870e-01,8.823402e-02,9.625772e-01,1.260105e-01,2.741434e-03,-4.294676e-03,2.025485e-02,5.312096e-02
0.95500,0.514952,0.489030,1.108150e-01,8.856371e-02,9.624914e-01,1.260131e-01,2.721371e-03,-4.308604e-03,2.026034e-02,5.315062e-02
0.95750,0.514618,0.489039,1.111427e-01,8.889362e-02,9.624058e-01,1.260156e-01,2.701349e-03,-4.322892e-03,2.026585e-02,5.318017e-02
0.96000,0.514283,0.489049,1.114701e-01,8.922374e-02,9.623205e-01,1.260181e-01,2.681321e-03,-4.337418e-03,2.027137e-02,5.320961e-02
0.96250,0.513948,0.489058,1.117972e-01,8.955408e-02,9.622355e-01,1.260207e-01,2.661272e-03,-4.351927e-03,2.027689e-02,5.323895e-02
0.96500,0.513613,0.489069,1.121239e-01,8.988462e-02,9.621508e-01,1.260232e-01,2.641201e-03,-4.366389e-03,2.028242e-02,5.326820e-02
0.96750,0.513277,0.489080,1.124503e-01,9.021538e-02,9.620664e-01,1.260257e-01,2.621193e-03,-4.380986e-03,2.028794e-02,5.329733e-02
0.97000,0.512941,0.489091,1.127765e-01,9.054635e-02,9.619824e-01,1.260282e-01,2.601282e-03,-4.395835e-03,2.029346e-02,5.332637e-02
0.97250,0.512605,0.489103,1.131023e-01,9.087752e-02,9.618989e-01,1.260308e-01,2.581429e-03,-4.410812e-03,2.029898e-02,5.335531e-02
0.97500,0.512269,0.489115,1.134278e-01,9.120890e-02,9.618159e-01,1.260333e-01,2.561659e-03,-4.425902e-03,2.030449e-02,5.338415e-02
0.97750,0.511932,0.489127,1.137529e-01,9.154049e-02,9.617334e-01,1.260358e-01,2.541992e-03,-4.441080e-03,2.031001e-02,5.341289e-02
0.98000,0.511595,0.489140,1.140778e-01,9.187228e-02,9.616514e-01,1.260384e-01,2.522430e-03,-4.456276e-03,2.031552e-02,5.344153e-02
0.98250,0.511258,0.489154,1.144023e-01,9.220428e-02,9.615700e-01,1.260409e-01,2.502936e-03,-4.471583e-03,2.032104e-02,5.347008e-02
0.98500,0.510921,0.489168,1.147265e-01,9.253648e-02,9.614891e-01,1.260434e-01,2.483502e-03,-4.487102e-03,2.032656e-02,5.349852e-02
0.98750,0.510583,0.489182,1.150504e-01,9.286888e-02,9.614086e-01,1.260459e-01,2.464150e-03,-4.502782e-03,2.033207e-02,5.352687e-02
0.99000,0.510245,0.489197,1.153740e-01,9.320148e-02,9.613287e-01,1.260484e-01,2.444889e-03,-4.518475e-03,2.033758e-02,5.355512e-02
0.99250,0.509907,0.489212,1.156972e-01,9.353428e-02,9.612491e-01,1.260510e-01,2.425669e-03,-4.534191e-03,2.034307e-02,5.358328e-02
0.99500,0.509569,0.489228,1.160202e-01,9.386728e-02,9.611698e-01,1.260535e-01,2.406434e-03,-4.549789e-03,2.034856e-02,5.361134e-02
0.99750,0.509230,0.489244,1.163428e-01,9.420047e-02,9.610907e-01,1.260560e-01,2.387220e-03,-4.565268e-03,2.035402e-02,5.363931e-02
1.00000,0.508891,0.489260,1.166651e-01,9.453386e-02,9.610120e-01,1.260585e-01,2.368022e-03,-4.580457e-03,2.035947e-02,5.366718e-02
1.00250,0.508552,0.489277,1.169871e-01,9.486745e-02,9.609336e-01,1.260610e-01,2.348831e-03,-4.595162e-03,2.036490e-02,5.369496e-02
1.00500,0.508213,0.489295,1.173087e-01,9.520123e-02,9.608555e-01,1.260635e-01,2.329649e-03,-4.609496e-03,2.037032e-02,5.372265e-02
1.00750,0.507874,0.489313,1.176300e-01,9.553520e-02,9.607777e-01,1.260661e-01,2.310492e-03,-4.623477e-03,2.037573e-02,5.375024e-02
1.01000,0.507534,0.489331,1.179510e-01,9.586936e-02,9.607003e-01,1.260686e-01,2.291358e-03,-4.637011e-03,2.038113e-02,5.377774e-02
1.01250,0.507194,0.489350,1.182717e-01,9.620371e-02,9.606232e-01,1.260711e-01,2.272287e-03,-4.650214e-03,2.038651e-02,5.380515e-02
1.01500,0.506854,0.489370,1.185921e-01,9.653826e-02,9.605463e-01,1.260736e-01,2.253310e-03,-4.663215e-03,2.039188e-02,5.383247e-02
1.01750,0.506513,0.489389,1.189121e-01,9.687299e-02,9.604698e-01,1.260761e-01,2.234467e-03,-4.676145e-03,2.039724e-02,5.385970e-02
1.02000,0.506173,0.489410,1.192318e-01,9.720791e-02,9.603937e-01,1.260786e-01,2.215716e-03,-4.688946e-03,2.040260e-02,5.388683e-02
1.02250,0.505832,0.489430,1.195512e-01,9.754301e-02,9.603179e-01,1.260811e-01,2.196984e-03,-4.701573e-03,2.040795e-02,5.391388e-02
1.02500,0.505491,0.489452,1.198703e-01,9.787830e-02,9.602425e-01,1.260836e-01,2.178286e-03,-4.713939e-03,2.041330e-02,5.394083e-02
1.02750,0.505149,0.489473,1.201890e-01,9.821378e-02,9.601676e-01,1.260861e-01,2.159664e-03,-4.726114e-03,2.041864e-02,5.396770e-02
1.03000,0.504808,0.489495,1.205074e-01,9.854944e-02,9.600932e-01,1.260886e-01,2.141151e-03,-4.738197e-03,2.042396e-02,5.399447e-02
1.03250,0.504466,0.489518,1.208255e-01,9.888528e-02,9.600193e-01,1.260911e-01,2.122715e-03,-4.750245e-03,2.042928e-02,5.402116e-02
1.03500,0.504124,0.489541,1.211433e-01,9.922130e-02,9.599461e-01,1.260936e-01,2.104316e-03,-4.762294e-03,2.043459e-02,5.404776e-02
1.03750,0.503782,0.489565,1.214607e-01,9.955750e-02,9.598733e-01,1.260960e-01,2.085908e-03,-4.774263e-03,2.043989e-02,5.407427e-02
1.04000,0.503440,0.489589,1.217790e-01,9.989388e-02,9.598010e-01,1.260985e-01,2.067523e-03,-4.786093e-03,2.044518e-02,5.410069e-02
1.04250,0.503097,0.489613,1.221028e-01,1.002304e-01,9.597292e-01,1.261010e-01,2.049175e-03,-4.797772e-03,2.045045e-02,5.412702e-02
1.04500,0.502754,0.489638,1.224263e-01,1.005672e-01,9.596577e-01,1.261035e-01,2.030827e-03,-4.809156e-03,2.045571e-02,5.415326e-02
1.04750,0.502411,0.489664,1.227496e-01,1.009041e-01,9.595864e-01,1.261060e-01,2.012506e-03,-4.820331e-03,2.046095e-02,5.417942e-02
1.05000,0.502068,0.489690,1.230725e-01,1.012412e-01,9.595152e-01,1.261085e-01,1.994259e-03,-4.831441e-03,2.046619e-02,5.420549e-02
1.05250,0.501725,0.489716,1.233951e-01,1.015784e-01,9.594441e-01,1.261109e-01,1.976073e-03,-4.842558e-03,2.047143e-02,5.423148e-02
1.05500,0.501381,0.489743,1.237174e-01,1.019159e-01,9.593733e-01,1.261134e-01,1.957904e-03,-4.853806e-03,2.047666e-02,5.425737e-02
1.05750,0.501038,0.489770,1.240393e-01,1.022535e-01,9.593026e-01,1.261159e-01,1.939804e-03,-4.865289e-03,2.048188e-02,5.428319e-02
1.06000,0.500694,0.489798,1.243610e-01,1.025913e-01,9.592322e-01,1.261183e-01,1.921767e-03,-4.876932e-03,2.048711e-02,5.430891e-02
1.06250,0.500349,0.489827,1.246823e-01,1.029292e-01,9.591621e-01,1.261208e-01,1.903804e-03,-4.888631e-03,2.049233e-02,5.433455e-02
1.06500,0.500005,0.489856,1.250034e-01,1.032674e-01,9.590923e-01,1.261233e-01,1.885928e-03,-4.900390e-03,2.049754e-02,5.436011e-02
1.06750,0.499661,0.489885,1.253241e-01,1.036057e-01,9.590228e-01,1.261257e-01,1.868120e-03,-4.912185e-03,2.050274e-02,5.438558e-02
1.07000,0.499316,0.489915,1.256445e-01,1.039441e-01,9.589536e-01,1.261282e-01,1.850420e-03,-4.924245e-03,2.050794e-02,5.441096e-02
1.07250,0.498971,0.489945,1.259646e-01,1.042828e-01,9.588848e-01,1.261306e-01,1.832801e-03,-4.936740e-03,2.051312e-02,5.443626e-02
1.07500,0.498626,0.489976,1.262844e-01,1.046216e-01,9.588165e-01,1.261331e-01,1.815206e-03,-4.949608e-03,2.051830e-02,5.446148e-02
1.07750,0.498281,0.490007,1.266038e-01,1.049605e-01,9.587488e-01,1.261355e-01,1.797628e-03,-4.962892e-03,2.052347e-02,5.448662e-02
1.08000,0.497935,0.490039,1.269230e-01,1.052996e-01,9.586817e-01,1.261380e-01,1.780039e-03,-4.976528e-03,2.052864e-02,5.451167e-02
1.08250,0.497590,0.490071,1.272418e-01,1.056389e-01,9.586153e-01,1.261404e-01,1.762366e-03,-4.990371e-03,2.053381e-02,5.453664e-02
1.08500,0.497244,0.490104,1.275604e-01,1.059784e-01,9.585496e-01,1.261429e-01,1.744687e-03,-5.004484e-03,2.053897e-02,5.456152e-02
1.08750,0.496898,0.490137,1.278786e-01,1.063180e-01,9.584847e-01,1.261453e-01,1.727082e-03,-5.018862e-03,2.054413e-02,5.458633e-02
1.09000,0.496552,0.490171,1.281965e-01,1.066578e-01,9.584204e-01,1.261477e-01,1.709609e-03,-5.033437e-03,2.054927e-02,5.461106e-02
1.09250,0.496206,0.490206,1.285141e-01,1.069977e-01,9.583568e-01,1.261502e-01,1.692256e-03,-5.048076e-03,2.055440e-02,5.463570e-02
1.09500,0.495859,0.490240,1.288313e-01,1.073378e-01,9.582938e-01,1.261526e-01,1.674991e-03,-5.062664e-03,2.055952e-02,5.466026e-02
1.09750,0.495513,0.490276,1.291483e-01,1.076781e-01,9.582312e-01,1.261550e-01,1.657775e-03,-5.077119e-03,2.056461e-02,5.468474e-02
1.10000,0.495166,0.490311,1.294649e-01,1.080185e-01,9.581688e-01,1.261574e-01,1.640608e-03,-5.091502e-03,2.056969e-02,5.470915e-02
1.10250,0.494819,0.490348,1.297812e-01,1.083591e-01,9.581068e-01,1.261598e-01,1.623439e-03,-5.105685e-03,2.057475e-02,5.473347e-02
1.10500,0.494472,0.490385,1.300973e-01,1.086998e-01,9.580451e-01,1.261622e-01,1.606268e-03,-5.119540e-03,2.057980e-02,5.475771e-02
1.10750,0.494124,0.490422,1.304129e-01,1.090407e-01,9.579838e-01,1.261647e-01,1.589111e-03,-5.133149e-03,2.058484e-02,5.478188e-02
1.11000,0.493777,0.490460,1.307283e-01,1.093817e-01,9.579228e-01,1.261671e-01,1.571937e-03,-5.146515e-03,2.058987e-02,5.480596e-02
1.11250,0.493429,0.490498,1.310434e-01,1.097229e-01,9.578620e-01,1.261695e-01,1.554781e-03,-5.159680e-03,2.059488e-02,5.482997e-02
1.11500,0.493082,0.490537,1.313581e-01,1.100643e-01,9.578016e-01,1.261719e-01,1.537669e-03,-5.172580e-03,2.059986e-02,5.485390e-02
1.11750,0.492734,0.490576,1.316726e-01,1.104058e-01,9.577415e-01,1.261743e-01,1.520654e-03,-5.185354e-03,2.060482e-02,5.487775e-02
1.12000,0.492386,0.490616,1.319867e-01,1.107474e-01,9.576817e-01,1.261766e-01,1.503731e-03,-5.197960e-03,2.060976e-02,5.490152e-02
1.12250,0.492037,0.490657,1.323005e-01,1.110892e-01,9.576222e-01,1.261790e-01,1.486849e-03,-5.210182e-03,2.061467e-02,5.492521e-02
1.12500,0.491689,0.490698,1.326140e-01,1.114312e-01,9.575631e-01,1.261814e-01,1.469951e-03,-5.221913e-03,2.061956e-02,5.494882e-02
1.12750,0.491341,0.490739,1.329272e-01,1.117733e-01,9.575045e-01,1.261838e-01,1.453033e-03,-5.233261e-03,2.062442e-02,5.497236e-02
1.13000,0.490992,0.490781,1.332400e-01,1.121155e-01,9.574465e-01,1.261862e-01,1.436173e-03,-5.244309e-03,2.062925e-02,5.499582e-02
1.13250,0.490643,0.490824,1.335526e-01,1.124579e-01,9.573891e-01,1.261885e-01,1.419438e-03,-5.255196e-03,2.063405e-02,5.501921e-02
1.13500,0.490294,0.490867,1.338648e-01,1.128005e-01,9.573324e-01,1.261909e-01,1.402813e-03,-5.265902e-03,2.063883e-02,5.504252e-02
1.13750,0.489945,0.490910,1.341767e-01,1.131431e-01,9.572764e-01,1.261933e-01,1.386264e-03,-5.276324e-03,2.064357e-02,5.506575e-02
1.14000,0.489596,0.490954,1.344883e-01,1.134860e-01,9.572210e-01,1.261956e-01,1.369769e-03,-5.286579e-03,2.064828e-02,5.508891e-02
1.14250,0.489247,0.490999,1.347996e-01,1.138289e-01,9.571661e-01,1.261980e-01,1.353291e-03,-5.296788e-03,2.065297e-02,5.511199e-02
1.14500,0.488897,0.491044,1.351106e-01,1.141721e-01,9.571116e-01,1.262003e-01,1.336813e-03,-5.306875e-03,2.065764e-02,5.513499e-02
1.14750,0.488548,0.491090,1.354213e-01,1.145153e-01,9.570573e-01,1.262027e-01,1.320352e-03,-5.316893e-03,2.066228e-02,5.515792e-02
1.15000,0.488198,0.491136,1.357316e-01,1.148587e-01,9.570031e-01,1.262050e-01,1.303912e-03,-5.326866e-03,2.066691e-02,5.518078e-02
1.15250,0.487848,0.491182,1.360417e-01,1.152023e-01,9.569490e-01,1.262074e-01,1.287515e-03,-5.336799e-03,2.067152e-02,5.520356e-02
1.15500,0.487498,0.491230,1.363514e-01,1.155460e-01,9.568951e-01,1.262097e-01,1.271193e-03,-5.346817e-03,2.067610e-02,5.522627e-02
1.15750,0.487148,0.491277,1.366608e-01,1.158898e-01,9.568414e-01,1.262120e-01,1.254973e-03,-5.356838e-03,2.068065e-02,5.524890e-02
1.16000,0.486798,0.491326,1.369722e-01,1.162338e-01,9.567880e-01,1.262144e-01,1.238798e-03,-5.366717e-03,2.068517e-02,5.527146e-02
1.16250,0.486447,0.491375,1.372889e-01,1.165779e-01,9.567349e-01,1.262167e-01,1.222650e-03,-5.376476e-03,2.068965e-02,5.529395e-02
1.16500,0.486097,0.491424,1.376053e-01,1.169221e-01,9.566820e-01,1.262190e-01,1.206548e-03,-5.386243e-03,2.069410e-02,5.531637e-02
1.16750,0.485746,0.491474,1.379214e-01,1.172665e-01,9.566296e-01,1.262213e-01,1.190455e-03,-5.396123e-03,2.069853e-02,5.533872e-02
1.17000,0.485395,0.491524,1.382372e-01,1.176110e-01,9.565775e-01,1.262236e-01,1.174390e-03,-5.406317e-03,2.070294e-02,5.536099e-02
1.17250,0.485044,0.491575,1.385528e-01,1.179557e-01,9.565259e-01,1.262260e-01,1.158365e-03,-5.416729e-03,2.070731e-02,5.538319e-02
1.17500,0.484694,0.491627,1.388680e-01,1.183005e-01,9.564749e-01,1.262283e-01,1.142405e-03,-5.427468e-03,2.071165e-02,5.540533e-02
1.17750,0.484342,0.491679,1.391829e-01,1.186454e-01,9.564246e-01,1.262306e-01,1.126523e-03,-5.438540e-03,2.071597e-02,5.542739e-02
1.18000,0.483991,0.491731,1.394976e-01,1.189904e-01,9.563751e-01,1.262329e-01,1.110719e-03,-5.449912e-03,2.072028e-02,5.544939e-02
1.18250,0.483640,0.491785,1.398119e-01,1.193356e-01,9.563265e-01,1.262352e-01,1.094996e-03,-5.461543e-03,2.072456e-02,5.547131e-02
1.18500,0.483288,0.491838,1.401259e-01,1.196810e-01,9.562788e-01,1.262374e-01,1.079340e-03,-5.473430e-03,2.072882e-02,5.549317e-02
1.18750,0.482937,0.491892,1.404396e-01,1.200264e-01,9.562319e-01,1.262397e-01,1.063708e-03,-5.485627e-03,2.073307e-02,5.551495e-02
1.19000,0.482585,0.491947,1.407531e-01,1.203720e-01,9.561857e-01,1.262420e-01,1.048085e-03,-5.498093e-03,2.073731e-02,5.553667e-02
1.19250,0.482234,0.492003,1.410662e-01,1.207177e-01,9.561401e-01,1.262443e-01,1.032481e-03,-5.510692e-03,2.074152e-02,5.555832e-02
1.19500,0.481882,0.492058,1.413790e-01,1.210636e-01,9.560949e-01,1.262465e-01,1.016903e-03,-5.523250e-03,2.074572e-02,5.557990e-02
1.19750,0.481530,0.492115,1.416915e-01,1.214095e-01,9.560500e-01,1.262488e-01,1.001322e-03,-5.535737e-03,2.074990e-02,5.560142e-02
1.20000,0.481178,0.492172,1.420038e-01,1.217556e-01,9.560054e-01,1.262511e-01,9.857455e-04,-5.548156e-03,2.075406e-02,5.562286e-02
1.20250,0.480826,0.492229,1.423157e-01,1.221019e-01,9.559610e-01,1.262533e-01,9.701595e-04,-5.560436e-03,2.075821e-02,5.564424e-02
1.20500,0.480473,0.492287,1.426274e-01,1.224482e-01,9.559169e-01,1.262556e-01,9.545319e-04,-5.572525e-03,2.076235e-02,5.566555e-02
1.20750,0.480121,0.492346,1.429387e-01,1.227947e-01,9.558731e-01,1.262578e-01,9.388391e-04,-5.584333e-03,2.076648e-02,5.568679e-02
1.21000,0.479769,0.492405,1.432498e-01,1.231413e-01,9.558296e-01,1.262601e-01,9.231162e-04,-5.595822e-03,2.077059e-02,5.570797e-02
1.21250,0.479416,0.492465,1.435605e-01,1.234880e-01,9.557862e-01,1.262623e-01,9.074227e-04,-5.607092e-03,2.077467e-02,5.572907e-02
1.21500,0.479063,0.492525,1.438710e-01,1.238349e-01,9.557431e-01,1.262645e-01,8.918710e-04,-5.618293e-03,2.077873e-02,5.575011e-02
1.21750,0.478711,0.492586,1.441811e-01,1.241819e-01,9.557004e-01,1.262668e-01,8.765021e-04,-5.629466e-03,2.078277e-02,5.577108e-02
1.22000,0.478358,0.492647,1.444910e-01,1.245290e-01,9.556579e-01,1.262690e-01,8.613043e-04,-5.640533e-03,2.078678e-02,5.579198e-02
1.22250,0.478005,0.492709,1.448005e-01,1.248762e-01,9.556159e-01,1.262712e-01,8.462109e-04,-5.651400e-03,2.079077e-02,5.581282e-02
1.22500,0.477652,0.492772,1.451098e-01,1.252235e-01,9.555745e-01,1.262734e-01,8.311429e-04,-5.662122e-03,2.079474e-02,5.583359e-02
1.22750,0.477299,0.492835,1.454188e-01,1.255710e-01,9.555338e-01,1.262756e-01,8.160754e-04,-5.672732e-03,2.079868e-02,5.585428e-02
1.23000,0.476946,0.492899,1.457274e-01,1.259186e-01,9.554938e-01,1.262778e-01,8.010099e-04,-5.683245e-03,2.080260e-02,5.587492e-02
1.23250,0.476593,0.492963,1.460358e-01,1.262663e-01,9.554546e-01,1.262800e-01,7.859255e-04,-5.693690e-03,2.080650e-02,5.589548e-02
1.23500,0.476239,0.493028,1.463439e-01,1.266141e-01,9.554160e-01,1.262822e-01,7.708178e-04,-5.704005e-03,2.081037e-02,5.591598e-02
1.23750,0.475886,0.493093,1.466516e-01,1.269620e-01,9.553779e-01,1.262844e-01,7.557218e-04,-5.714081e-03,2.081421e-02,5.593641e-02
1.24000,0.475533,0.493159,1.469591e-01,1.273101e-01,9.553402e-01,1.262866e-01,7.406376e-04,-5.723756e-03,2.081801e-02,5.595677e-02
1.24250,0.475179,0.493226,1.472663e-01,1.276583e-01,9.553027e-01,1.262888e-01,7.255581e-04,-5.733148e-03,2.082177e-02,5.597706e-02
1.24500,0.474826,0.493293,1.475732e-01,1.280066e-01,9.552651e-01,1.262910e-01,7.105360e-04,-5.742373e-03,2.082549e-02,5.599729e-02
1.24750,0.474472,0.493360,1.478798e-01,1.283550e-01,9.552276e-01,1.262931e-01,6.955626e-04,-5.751329e-03,2.082917e-02,5.601746e-02
1.25000,0.474118,0.493428,1.481861e-01,1.287035e-01,9.551902e-01,1.262953e-01,6.806518e-04,-5.760114e-03,2.083256e-02,5.603756e-02
1.25250,0.473764,0.493497,1.484921e-01,1.290522e-01,9.551531e-01,1.262975e-01,6.658765e-04,-5.768860e-03,2.083623e-02,5.605759e-02
1.25500,0.473410,0.493567,1.487978e-01,1.294009e-01,9.551162e-01,1.262996e-01,6.511938e-04,-5.777574e-03,2.083979e-02,5.607756e-02
1.25750,0.473057,0.493637,1.491033e-01,1.297498e-01,9.550795e-01,1.263018e-01,6.366213e-04,-5.786276e-03,2.084329e-02,5.609747e-02
1.26000,0.472703,0.493707,1.494084e-01,1.300988e-01,9.550432e-01,1.263039e-01,6.221311e-04,-5.794986e-03,2.084673e-02,5.611731e-02
1.26250,0.472348,0.493778,1.497132e-01,1.304479e-01,9.550072e-01,1.263061e-01,6.077307e-04,-5.803997e-03,2.085013e-02,5.613709e-02
1.26500,0.471994,0.493850,1.500178e-01,1.307971e-01,9.549717e-01,1.263082e-01,5.933515e-04,-5.813388e-03,2.085350e-02,5.615681e-02
1.26750,0.471640,0.493922,1.503220e-01,1.311464e-01,9.549368e-01,1.263103e-01,5.789233e-04,-5.822950e-03,2.085682e-02,5.617647e-02
1.27000,0.471286,0.493995,1.506328e-01,1.314959e-01,9.549026e-01,1.263125e-01,5.644744e-04,-5.832746e-03,2.086011e-02,5.619607e-02
1.27250,0.470932,0.494068,1.509452e-01,1.318454e-01,9.548693e-01,1.263146e-01,5.500618e-04,-5.842755e-03,2.086335e-02,5.621561e-02
1.27500,0.470577,0.494142,1.512574e-01,1.321951e-01,9.548369e-01,1.263167e-01,5.356925e-04,-5.852957e-03,2.086656e-02,5.623508e-02
1.27750,0.470223,0.494217,1.515693e-01,1.325448e-01,9.548055e-01,1.263188e-01,5.213690e-04,-5.863301e-03,2.086973e-02,5.625450e-02
1.28000,0.469868,0.494292,1.518809e-01,1.328947e-01,9.547750e-01,1.263209e-01,5.071382e-04,-5.873856e-03,2.087286e-02,5.627386e-02
1.28250,0.469514,0.494368,1.521922e-01,1.332447e-01,9.547452e-01,1.263230e-01,4.929543e-04,-5.884641e-03,2.087597e-02,5.629316e-02
1.28500,0.469159,0.494444,1.525033e-01,1.335948e-01,9.547161e-01,1.263251e-01,4.787967e-04,-5.895428e-03,2.087903e-02,5.631240e-02
1.28750,0.468805,0.494521,1.528140e-01,1.339450e-01,9.546873e-01,1.263272e-01,4.646858e-04,-5.906047e-03,2.088206e-02,5.633158e-02
1.29000,0.468450,0.494598,1.531245e-01,1.342953e-01,9.546586e-01,1.263293e-01,4.506128e-04,-5.916438e-03,2.088505e-02,5.635071e-02
1.29250,0.468095,0.494676,1.534347e-01,1.346457e-01,9.546302e-01,1.263314e-01,4.365585e-04,-5.926481e-03,2.088799e-02,5.636977e-02
1.29500,0.467741,0.494755,1.537447e-01,1.349963e-01,9.546019e-01,1.263335e-01,4.224866e-04,-5.936058e-03,2.089088e-02,5.638879e-02
1.29750,0.467386,0.494834,1.540543e-01,1.353469e-01,9.545739e-01,1.263356e-01,4.084371e-04,-5.945315e-03,2.089374e-02,5.640774e-02
1.30000,0.467031,0.494914,1.543637e-01,1.356976e-01,9.545460e-01,1.263376e-01,3.944013e-04,-5.954418e-03,2.089655e-02,5.642663e-02
1.30250,0.466676,0.494995,1.546728e-01,1.360485e-01,9.545183e-01,1.263397e-01,3.803475e-04,-5.963346e-03,2.089935e-02,5.644547e-02
1.30500,0.466321,0.495076,1.549816e-01,1.363994e-01,9.544908e-01,1.263418e-01,3.662735e-04,-5.972085e-03,2.090211e-02,5.646425e-02
1.30750,0.465966,0.495157,1.552902e-01,1.367505e-01,9.544635e-01,1.263438e-01,3.522152e-04,-5.980813e-03,2.090485e-02,5.648298e-02
1.31000,0.465611,0.495239,1.555984e-01,1.371016e-01,9.544364e-01,1.263459e-01,3.382111e-04,-5.989360e-03,2.090758e-02,5.650164e-02
1.31250,0.465256,0.495322,1.559064e-01,1.374529e-01,9.544097e-01,1.263479e-01,3.243197e-04,-5.997638e-03,2.091028e-02,5.652025e-02
1.31500,0.464901,0.495406,1.562141e-01,1.378042e-01,9.543835e-01,1.263500e-01,3.105950e-04,-6.005790e-03,2.091295e-02,5.653880e-02
1.31750,0.464546,0.495490,1.565216e-01,1.381557e-01,9.543580e-01,1.263520e-01,2.969806e-04,-6.013937e-03,2.091560e-02,5.655729e-02
1.32000,0.464191,0.495574,1.568287e-01,1.385072e-01,9.543332e-01,1.263540e-01,2.834469e-04,-6.022087e-03,2.091823e-02,5.657572e-02
1.32250,0.463836,0.495659,1.571356e-01,1.388589e-01,9.543092e-01,1.263561e-01,2.699730e-04,-6.030377e-03,2.092084e-02,5.659410e-02
1.32500,0.463481,0.495745,1.574422e-01,1.392106e-01,9.542859e-01,1.263581e-01,2.565168e-04,-6.038957e-03,2.092344e-02,5.661241e-02
1.32750,0.463125,0.495832,1.577486e-01,1.395625e-01,9.542632e-01,1.263601e-01,2.430677e-04,-6.047718e-03,2.092603e-02,5.663067e-02
1.33000,0.462770,0.495919,1.580547e-01,1.399144e-01,9.542409e-01,1.263621e-01,2.295530e-04,-6.056383e-03,2.092859e-02,5.664887e-02
1.33250,0.462415,0.496006,1.583605e-01,1.402665e-01,9.542186e-01,1.263641e-01,2.159649e-04,-6.064776e-03,2.093113e-02,5.666701e-02
1.33500,0.462060,0.496094,1.586660e-01,1.406187e-01,9.541963e-01,1.263661e-01,2.023431e-04,-6.073071e-03,2.093364e-02,5.668509e-02
1.33750,0.461704,0.496183,1.589712e-01,1.409709e-01,9.541739e-01,1.263681e-01,1.887613e-04,-6.081214e-03,2.093611e-02,5.670311e-02
1.34000,0.461349,0.496273,1.592762e-01,1.413233e-01,9.541516e-01,1.263701e-01,1.752597e-04,-6.089396e-03,2.093855e-02,5.672108e-02
1.34250,0.460994,0.496363,1.595809e-01,1.416757e-01,9.541295e-01,1.263721e-01,1.618113e-04,-6.097649e-03,2.094094e-02,5.673899e-02
1.34500,0.460638,0.496453,1.598853e-01,1.420282e-01,9.541075e-01,1.263741e-01,1.484067e-04,-6.105858e-03,2.094330e-02,5.675684e-02
1.34750,0.460283,0.496544,1.601895e-01,1.423809e-01,9.540858e-01,1.263761e-01,1.350756e-04,-6.114082e-03,2.094563e-02,5.677463e-02
1.35000,0.459928,0.496636,1.604934e-01,1.427336e-01,9.540643e-01,1.263780e-01,1.218031e-04,-6.122191e-03,2.094791e-02,5.679237e-02
1.35250,0.459572,0.496729,1.607970e-01,1.430865e-01,9.540432e-01,1.263800e-01,1.086497e-04,-6.130357e-03,2.095016e-02,5.681005e-02
1.35500,0.459217,0.496822,1.611003e-01,1.434394e-01,9.540226e-01,1.263820e-01,9.562355e-05,-6.138927e-03,2.095236e-02,5.682767e-02
1.35750,0.458861,0.496915,1.614034e-01,1.437924e-01,9.540025e-01,1.263839e-01,8.262983e-05,-6.147990e-03,2.095453e-02,5.684524e-02
1.36000,0.458506,0.497010,1.617062e-01,1.441455e-01,9.539832e-01,1.263859e-01,6.966287e-05,-6.157528e-03,2.095666e-02,5.686276e-02
1.36250,0.458151,0.497105,1.620088e-01,1.444987e-01,9.539648e-01,1.263879e-01,5.674276e-05,-6.167367e-03,2.095875e-02,5.688022e-02
1.36500,0.457795,0.497200,1.623110e-01,1.448521e-01,9.539475e-01,1.263898e-01,4.382211e-05,-6.177351e-03,2.096080e-02,5.689763e-02
1.36750,0.457440,0.497296,1.626206e-01,1.452055e-01,9.539311e-01,1.263917e-01,3.089163e-05,-6.187423e-03,2.096279e-02,5.691498e-02
1.37000,0.457084,0.497393,1.629319e-01,1.455590e-01,9.539156e-01,1.263937e-01,1.800508e-05,-6.197653e-03,2.096474e-02,5.693228e-02
1.37250,0.456729,0.497490,1.632429e-01,1.459125e-01,9.539008e-01,1.263956e-01,5.144434e-06,-6.207819e-03,2.096664e-02,5.694953e-02
1.37500,0.456373,0.497588,1.635536e-01,1.462662e-01,9.538865e-01,1.263975e-01,-7.678803e-06,-6.217853e-03,2.096848e-02,5.696673e-02
1.37750,0.456018,0.497687,1.638641e-01,1.466200e-01,9.538723e-01,1.263995e-01,-2.046359e-05,-6.227641e-03,2.097027e-02,5.698388e-02
1.38000,0.455662,0.497786,1.641743e-01,1.469739e-01,9.538582e-01,1.264014e-01,-3.320514e-05,-6.237100e-03,2.097201e-02,5.700098e-02
1.38250,0.455307,0.497886,1.644843e-01,1.473278e-01,9.538442e-01,1.264033e-01,-4.591511e-05,-6.246197e-03,2.097368e-02,5.701802e-02
1.38500,0.454952,0.497986,1.647940e-01,1.476819e-01,9.538303e-01,1.264052e-01,-5.856119e-05,-6.255125e-03,2.097531e-02,5.703502e-02
1.38750,0.454596,0.498087,1.651035e-01,1.480360e-01,9.538165e-01,1.264071e-01,-7.111252e-05,-6.263706e-03,2.097689e-02,5.705196e-02
1.39000,0.454241,0.498189,1.654127e-01,1.483902e-01,9.538028e-01,1.264090e-01,-8.366272e-05,-6.271898e-03,2.097842e-02,5.706886e-02
1.39250,0.453885,0.498291,1.657216e-01,1.487446e-01,9.537892e-01,1.264109e-01,-9.622747e-05,-6.279782e-03,2.097991e-02,5.708571e-02
1.39500,0.453530,0.498394,1.660303e-01,1.490990e-01,9.537757e-01,1.264128e-01,-1.088361e-04,-6.287347e-03,2.098135e-02,5.710250e-02
1.39750,0.453174,0.498498,1.663388e-01,1.494535e-01,9.537624e-01,1.264147e-01,-1.214323e-04,-6.294652e-03,2.098275e-02,5.711925e-02
1.40000,0.452819,0.498602,1.666469e-01,1.498081e-01,9.537494e-01,1.264166e-01,-1.339662e-04,-6.301768e-03,2.098411e-02,5.713595e-02
1.40250,0.452464,0.498707,1.669549e-01,1.501627e-01,9.537368e-01,1.264184e-01,-1.464338e-04,-6.308620e-03,2.098543e-02,5.715260e-02
1.40500,0.452108,0.498812,1.672625e-01,1.505175e-01,9.537248e-01,1.264203e-01,-1.588324e-04,-6.315146e-03,2.098670e-02,5.716920e-02
1.40750,0.451753,0.498918,1.675699e-01,1.508724e-01,9.537136e-01,1.264222e-01,-1.712402e-04,-6.321344e-03,2.098794e-02,5.718575e-02
1.41000,0.451397,0.499025,1.678771e-01,1.512273e-01,9.537032e-01,1.264240e-01,-1.836101e-04,-6.327321e-03,2.098913e-02,5.720225e-02
1.41250,0.451042,0.499132,1.681840e-01,1.515823e-01,9.536935e-01,1.264259e-01,-1.958690e-04,-6.333278e-03,2.099028e-02,5.721871e-02
1.41500,0.450687,0.499240,1.684907e-01,1.519374e-01,9.536844e-01,1.264277e-01,-2.080551e-04,-6.339147e-03,2.099139e-02,5.723511e-02
1.41750,0.450332,0.499349,1.687971e-01,1.522926e-01,9.536756e-01,1.264296e-01,-2.202099e-04,-6.344929e-03,2.099247e-02,5.725146e-02
1.42000,0.449976,0.499458,1.691032e-01,1.526479e-01,9.536670e-01,1.264314e-01,-2.323492e-04,-6.350665e-03,2.099351e-02,5.726777e-02
1.42250,0.449621,0.499568,1.694091e-01,1.530033e-01,9.536581e-01,1.264333e-01,-2.444824e-04,-6.356340e-03,2.099452e-02,5.728403e-02
1.42500,0.449266,0.499678,1.697147e-01,1.533588e-01,9.536491e-01,1.264351e-01,-2.566139e-04,-6.361980e-03,2.099549e-02,5.730023e-02
1.42750,0.448911,0.499789,1.700201e-01,1.537143e-01,9.536401e-01,1.264369e-01,-2.687315e-04,-6.367457e-03,2.099642e-02,5.731639e-02
1.43000,0.448555,0.499901,1.703253e-01,1.540699e-01,9.536312e-01,1.264388e-01,-2.808017e-04,-6.372718e-03,2.099731e-02,5.733250e-02
1.43250,0.448200,0.500013,1.706302e-01,1.544256e-01,9.536223e-01,1.264406e-01,-2.928070e-04,-6.378059e-03,2.099839e-02,5.734856e-02
1.43500,0.447845,0.500126,1.709348e-01,1.547814e-01,9.536137e-01,1.264424e-01,-3.047946e-04,-6.383512e-03,2.099912e-02,5.736458e-02
1.43750,0.447490,0.500240,1.712392e-01,1.551373e-01,9.536053e-01,1.264442e-01,-3.166813e-04,-6.389107e-03,2.099986e-02,5.738055e-02
1.44000,0.447135,0.500354,1.715434e-01,1.554933e-01,9.535972e-01,1.264460e-01,-3.285665e-04,-6.394817e-03,2.100059e-02,5.739646e-02
1.44250,0.446780,0.500469,1.718473e-01,1.558493e-01,9.535788e-01,1.264478e-01,-3.405057e-04,-6.400616e-03,2.100129e-02,5.741234e-02
1.44500,0.446425,0.500585,1.721509e-01,1.562055e-01,9.535457e-01,1.264496e-01,-3.524726e-04,-6.406666e-03,2.100197e-02,5.742816e-02
1.44750,0.446070,0.500701,1.724543e-01,1.565617e-01,9.535129e-01,1.264514e-01,-3.644063e-04,-6.413309e-03,2.100262e-02,5.744394e-02
1.45000,0.445715,0.500818,1.727575e-01,1.569180e-01,9.534805e-01,1.264532e-01,-3.762579e-04,-6.420639e-03,2.100325e-02,5.745967e-02
1.45250,0.445360,0.500935,1.730604e-01,1.572744e-01,9.534484e-01,1.264550e-01,-3.880797e-04,-6.428560e-03,2.100386e-02,5.747536e-02
1.45500,0.445005,0.501053,1.733631e-01,1.576309e-01,9.534167e-01,1.264568e-01,-3.998907e-04,-6.436964e-03,2.100445e-02,5.749099e-02
1.45750,0.444651,0.501172,1.736670e-01,1.579874e-01,9.533852e-01,1.264586e-01,-4.116606e-04,-6.445685e-03,2.100502e-02,5.750659e-02
1.46000,0.444296,0.501291,1.739743e-01,1.583440e-01,9.533541e-01,1.264604e-01,-4.234465e-04,-6.454608e-03,2.100554e-02,5.752214e-02
1.46250,0.443941,0.501411,1.742813e-01,1.587008e-01,9.533232e-01,1.264621e-01,-4.352757e-04,-6.463721e-03,2.100603e-02,5.753764e-02
1.46500,0.443586,0.501532,1.745882e-01,1.590576e-01,9.532925e-01,1.264639e-01,-4.471795e-04,-6.472837e-03,2.100646e-02,5.755310e-02
1.46750,0.443232,0.501653,1.748998e-01,1.594144e-01,9.532620e-01,1.264657e-01,-4.591042e-04,-6.481879e-03,2.100685e-02,5.756852e-02
1.47000,0.442877,0.501775,1.752113e-01,1.597714e-01,9.532316e-01,1.264674e-01,-4.710168e-04,-6.490825e-03,2.100719e-02,5.758389e-02
1.47250,0.442523,0.501898,1.755226e-01,1.601284e-01,9.532014e-01,1.264692e-01,-4.829255e-04,-6.499666e-03,2.100749e-02,5.759922e-02
1.47500,0.442168,0.502021,1.758336e-01,1.604856e-01,9.531716e-01,1.264709e-01,-4.948675e-04,-6.508215e-03,2.100774e-02,5.761450e-02
1.47750,0.441814,0.502145,1.761443e-01,1.608428e-01,9.531420e-01,1.264727e-01,-5.068753e-04,-6.516248e-03,2.100794e-02,5.762974e-02
1.48000,0.441459,0.502269,1.764549e-01,1.612001e-01,9.531128e-01,1.264744e-01,-5.188842e-04,-6.523926e-03,2.100811e-02,5.764494e-02
1.48250,0.441105,0.502395,1.767652e-01,1.615574e-01,9.530839e-01,1.264761e-01,-5.308465e-04,-6.531412e-03,2.100824e-02,5.766009e-02
1.48500,0.440751,0.502520,1.770752e-01,1.619149e-01,9.530554e-01,1.264779e-01,-5.427324e-04,-6.538832e-03,2.100834e-02,5.767520e-02
1.48750,0.440396,0.502647,1.773850e-01,1.622724e-01,9.530274e-01,1.264796e-01,-5.545864e-04,-6.546023e-03,2.100840e-02,5.769027e-02
1.49000,0.440042,0.502774,1.776946e-01,1.626300e-01,9.529999e-01,1.264813e-01,-5.663920e-04,-6.552959e-03,2.100843e-02,5.770530e-02
1.49250,0.439688,0.502902,1.780040e-01,1.629877e-01,9.529732e-01,1.264831e-01,-5.781734e-04,-6.559686e-03,2.100841e-02,5.772028e-02
1.49500,0.439334,0.503030,1.783131e-01,1.633454e-01,9.529472e-01,1.264848e-01,-5.899634e-04,-6.565964e-03,2.100833e-02,5.773521e-02
1.49750,0.438980,0.503159,1.786220e-01,1.637033e-01,9.529220e-01,1.264865e-01,-6.017151e-04,-6.571754e-03,2.100819e-02,5.775011e-02
1.50000,0.438626,0.503289,1.789307e-01,1.640612e-01,9.528974e-01,1.264882e-01,-6.134117e-04,-6.577210e-03,2.100800e-02,5.776496e-02
1.50250,0.438272,0.503419,1.792391e-01,1.644192e-01,9.528734e-01,1.264899e-01,-6.250612e-04,-6.582351e-03,2.100775e-02,5.777977e-02
1.50500,0.437918,0.503550,1.795473e-01,1.647772e-01,9.528499e-01,1.264916e-01,-6.366731e-04,-6.587177e-03,2.100745e-02,5.779454e-02
1.50750,0.437564,0.503682,1.798552e-01,1.651354e-01,9.528268e-01,1.264933e-01,-6.482525e-04,-6.591790e-03,2.100710e-02,5.780927e-02
1.51000,0.437211,0.503814,1.801629e-01,1.654936e-01,9.528041e-01,1.264950e-01,-6.597927e-04,-6.596146e-03,2.100669e-02,5.782395e-02
1.51250,0.436857,0.503947,1.804704e-01,1.658519e-01,9.527816e-01,1.264967e-01,-6.713370e-04,-6.600342e-03,2.100624e-02,5.783859e-02
1.51500,0.436503,0.504081,1.807777e-01,1.662103e-01,9.527594e-01,1.264984e-01,-6.828716e-04,-6.604414e-03,2.100574e-02,5.785319e-02
1.51750,0.436150,0.504215,1.810880e-01,1.665688e-01,9.527373e-01,1.265000e-01,-6.943352e-04,-6.608374e-03,2.100520e-02,5.786775e-02
1.52000,0.435796,0.504350,1.814001e-01,1.669273e-01,9.527155e-01,1.265017e-01,-7.057173e-04,-6.612214e-03,2.100462e-02,5.788227e-02
1.52250,0.435443,0.504486,1.817121e-01,1.672859e-01,9.526939e-01,1.265034e-01,-7.170340e-04,-6.616051e-03,2.100400e-02,5.789675e-02
1.52500,0.435090,0.504622,1.820238e-01,1.676446e-01,9.526724e-01,1.265050e-01,-7.283007e-04,-6.619944e-03,2.100332e-02,5.791119e-02
1.52750,0.434736,0.504759,1.823353e-01,1.680033e-01,9.526511e-01,1.265067e-01,-7.395648e-04,-6.623787e-03,2.100260e-02,5.792558e-02
1.53000,0.434383,0.504897,1.826465e-01,1.683622e-01,9.526300e-01,1.265084e-01,-7.508960e-04,-6.627500e-03,2.100182e-02,5.793994e-02
1.53250,0.434030,0.505035,1.829589e-01,1.687211e-01,9.526091e-01,1.265100e-01,-7.622718e-04,-6.631200e-03,2.100100e-02,5.795426e-02
1.53500,0.433677,0.505174,1.832752e-01,1.690801e-01,9.525886e-01,1.265117e-01,-7.736258e-04,-6.634996e-03,2.100013e-02,5.796854e-02
1.53750,0.433324,0.505313,1.835912e-01,1.694392e-01,9.525685e-01,1.265133e-01,-7.849633e-04,-6.639113e-03,2.099921e-02,5.798278e-02
1.54000,0.432971,0.505454,1.839070e-01,1.697983e-01,9.525487e-01,1.265150e-01,-7.962248e-04,-6.643737e-03,2.099826e-02,5.799698e-02
1.54250,0.432619,0.505594,1.842225e-01,1.701575e-01,9.525293e-01,1.265166e-01,-8.073673e-04,-6.648772e-03,2.099727e-02,5.801115e-02
1.54500,0.432266,0.505736,1.845379e-01,1.705168e-01,9.525102e-01,1.265183e-01,-8.184542e-04,-6.654209e-03,2.099624e-02,5.802528e-02
1.54750,0.431913,0.505878,1.848530e-01,1.708762e-01,9.524913e-01,1.265199e-01,-8.295370e-04,-6.659827e-03,2.099518e-02,5.803937e-02
1.55000,0.431561,0.506021,1.851679e-01,1.712356e-01,9.524726e-01,1.265215e-01,-8.406110e-04,-6.665496e-03,2.099407e-02,5.805343e-02
1.55250,0.431208,0.506165,1.854826e-01,1.715951e-01,9.524540e-01,1.265231e-01,-8.516200e-04,-6.671286e-03,2.099292e-02,5.806745e-02
1.55500,0.430856,0.506309,1.857971e-01,1.719547e-01,9.524355e-01,1.265248e-01,-8.625967e-04,-6.677262e-03,2.099174e-02,5.808144e-02
1.55750,0.430503,0.506454,1.861114e-01,1.723144e-01,9.524172e-01,1.265264e-01,-8.735677e-04,-6.683428e-03,2.099051e-02,5.809539e-02
1.56000,0.430151,0.506599,1.864254e-01,1.726741e-01,9.523991e-01,1.265280e-01,-8.845836e-04,-6.689726e-03,2.098926e-02,5.810931e-02
1.56250,0.429799,0.506745,1.867392e-01,1.730339e-01,9.523813e-01,1.265296e-01,-8.956930e-04,-6.696101e-03,2.098797e-02,5.812319e-02
1.56500,0.429447,0.506892,1.870528e-01,1.733938e-01,9.523637e-01,1.265312e-01,-9.068965e-04,-6.702299e-03,2.098665e-02,5.813703e-02
1.56750,0.429095,0.507040,1.873662e-01,1.737537e-01,9.523463e-01,1.265328e-01,-9.180841e-04,-6.708227e-03,2.098529e-02,5.815084e-02
1.57000,0.428743,0.507188,1.876794e-01,1.741138e-01,9.523293e-01,1.265344e-01,-9.292321e-04,-6.713829e-03,2.098390e-02,5.816462e-02
1.57250,0.428392,0.507337,1.879923e-01,1.744739e-01,9.523127e-01,1.265360e-01,-9.403114e-04,-6.719145e-03,2.098249e-02,5.817836e-02
1.57500,0.428040,0.507486,1.883051e-01,1.748340e-01,9.522968e-01,1.265376e-01,-9.512504e-04,-6.724310e-03,2.098105e-02,5.819206e-02
1.57750,0.427688,0.507636,1.886176e-01,1.751943e-01,9.522815e-01,1.265392e-01,-9.621244e-04,-6.729413e-03,2.097958e-02,5.820573e-02
1.58000,0.427337,0.507787,1.889299e-01,1.755546e-01,9.522669e-01,1.265408e-01,-9.729520e-04,-6.734566e-03,2.097811e-02,5.821937e-02
1.58250,0.426985,0.507939,1.892420e-01,1.759150e-01,9.522530e-01,1.265424e-01,-9.837418e-04,-6.739801e-03,2.097661e-02,5.823296e-02
1.58500,0.426634,0.508091,1.895539e-01,1.762755e-01,9.522397e-01,1.265440e-01,-9.945129e-04,-6.744902e-03,2.097510e-02,5.824652e-02
1.58750,0.426283,0.508244,1.898655e-01,1.766360e-01,9.522270e-01,1.265455e-01,-1.005256e-03,-6.749803e-03,2.097356e-02,5.826005e-02
1.59000,0.425932,0.508397,1.901770e-01,1.769966e-01,9.522147e-01,1.265471e-01,-1.015998e-03,-6.754375e-03,2.097197e-02,5.827354e-02
1.59250,0.425581,0.508551,1.904882e-01,1.773573e-01,9.522027e-01,1.265487e-01,-1.026721e-03,-6.758565e-03,2.097034e-02,5.828699e-02
1.59500,0.425230,0.508706,1.908013e-01,1.777180e-01,9.521909e-01,1.265502e-01,-1.037405e-03,-6.762507e-03,2.096868e-02,5.830041e-02
1.59750,0.424879,0.508862,1.911177e-01,1.780788e-01,9.521792e-01,1.265518e-01,-1.048002e-03,-6.766325e-03,2.096697e-02,5.831379e-02
1.60000,0.424528,0.509018,1.914345e-01,1.784397e-01,9.521676e-01,1.265534e-01,-1.058513e-03,-6.770156e-03,2.096524e-02,5.832713e-02
1.60250,0.424178,0.509175,1.917561e-01,1.788007e-01,9.521561e-01,1.265549e-01,-1.068977e-03,-6.773860e-03,2.096346e-02,5.834044e-02
1.60500,0.423827,0.509332,1.920775e-01,1.791617e-01,9.521447e-01,1.265565e-01,-1.079404e-03,-6.777321e-03,2.096166e-02,5.835371e-02
1.60750,0.423477,0.509491,1.923987e-01,1.795228e-01,9.521334e-01,1.265580e-01,-1.089729e-03,-6.780686e-03,2.095982e-02,5.836695e-02
1.61000,0.423127,0.509650,1.927196e-01,1.798840e-01,9.521221e-01,1.265596e-01,-1.099944e-03,-6.784093e-03,2.095795e-02,5.838015e-02
1.61250,0.422777,0.509809,1.930404e-01,1.802452e-01,9.521109e-01,1.265611e-01,-1.110154e-03,-6.787522e-03,2.095606e-02,5.839332e-02
1.61500,0.422427,0.509969,1.933610e-01,1.806065e-01,9.520998e-01,1.265626e-01,-1.120412e-03,-6.791172e-03,2.095415e-02,5.840645e-02
1.61750,0.422077,0.510130,1.936813e-01,1.809679e-01,9.520891e-01,1.265642e-01,-1.130691e-03,-6.794811e-03,2.095219e-02,5.841954e-02
1.62000,0.421727,0.510292,1.940015e-01,1.813294e-01,9.520786e-01,1.265657e-01,-1.140963e-03,-6.798312e-03,2.095019e-02,5.843260e-02
1.62250,0.421377,0.510454,1.943214e-01,1.816909e-01,9.520685e-01,1.265672e-01,-1.151184e-03,-6.801632e-03,2.094813e-02,5.844563e-02
1.62500,0.421028,0.510617,1.946412e-01,1.820525e-01,9.520587e-01,1.265688e-01,-1.161361e-03,-6.804768e-03,2.094603e-02,5.845862e-02
1.62750,0.420678,0.510781,1.949607e-01,1.824142e-01,9.520492e-01,1.265703e-01,-1.171433e-03,-6.807751e-03,2.094387e-02,5.847158e-02
1.63000,0.420329,0.510945,1.952801e-01,1.827759e-01,9.520400e-01,1.265718e-01,-1.181383e-03,-6.810897e-03,2.094166e-02,5.848451e-02
1.63250,0.419980,0.511110,1.955992e-01,1.831378e-01,9.520310e-01,1.265733e-01,-1.191280e-03,-6.814449e-03,2.093941e-02,5.849740e-02
1.63500,0.419630,0.511276,1.959182e-01,1.834996e-01,9.520221e-01,1.265748e-01,-1.201173e-03,-6.818292e-03,2.093711e-02,5.851027e-02
1.63750,0.419281,0.511442,1.962370e-01,1.838616e-01,9.520132e-01,1.265763e-01,-1.211037e-03,-6.822320e-03,2.093477e-02,5.852311e-02
1.64000,0.418932,0.511609,1.965555e-01,1.842236e-01,9.520044e-01,1.265778e-01,-1.220856e-03,-6.826543e-03,2.093239e-02,5.853591e-02
1.64250,0.418584,0.511777,1.968739e-01,1.845857e-01,9.519957e-01,1.265793e-01,-1.230664e-03,-6.830930e-03,2.092996e-02,5.854869e-02
1.64500,0.418235,0.511945,1.971920e-01,1.849479e-01,9.519872e-01,1.265808e-01,-1.240533e-03,-6.835423e-03,2.092750e-02,5.856143e-02
1.64750,0.417887,0.512114,1.975100e-01,1.853101e-01,9.519789e-01,1.265823e-01,-1.250463e-03,-6.839978e-03,2.092499e-02,5.857415e-02
1.65000,0.417538,0.512284,1.978278e-01,1.856724e-01,9.519707e-01,1.265838e-01,-1.260376e-03,-6.844566e-03,2.092244e-02,5.858684e-02
1.65250,0.417190,0.512454,1.981468e-01,1.860348e-01,9.519629e-01,1.265853e-01,-1.270289e-03,-6.849100e-03,2.091986e-02,5.859951e-02
1.65500,0.416842,0.512625,1.984700e-01,1.863973e-01,9.519553e-01,1.265868e-01,-1.280185e-03,-6.853487e-03,2.091723e-02,5.861214e-02
1.65750,0.416494,0.512797,1.987945e-01,1.867598e-01,9.519482e-01,1.265883e-01,-1.290010e-03,-6.857597e-03,2.091458e-02,5.862475e-02
1.66000,0.416146,0.512969,1.991230e-01,1.871224e-01,9.519418e-01,1.265898e-01,-1.299789e-03,-6.861229e-03,2.091188e-02,5.863733e-02
1.66250,0.415798,0.513143,1.994513e-01,1.874850e-01,9.519360e-01,1.265913e-01,-1.309526e-03,-6.864499e-03,2.090914e-02,5.864988e-02
1.66500,0.415450,0.513316,1.997794e-01,1.878478e-01,9.519310e-01,1.265927e-01,-1.319249e-03,-6.867665e-03,2.090636e-02,5.866240e-02
1.66750,0.415103,0.513491,2.001073e-01,1.882106e-01,9.519265e-01,1.265942e-01,-1.329001e-03,-6.870646e-03,2.090355e-02,5.867490e-02
1.67000,0.414756,0.513666,2.004350e-01,1.885735e-01,9.519227e-01,1.265957e-01,-1.338771e-03,-6.873367e-03,2.090071e-02,5.868737e-02
1.67250,0.414408,0.513842,2.007625e-01,1.889364e-01,9.519193e-01,1.265972e-01,-1.348560e-03,-6.875786e-03,2.089783e-02,5.869982e-02
1.67500,0.414061,0.514018,2.010898e-01,1.892994e-01,9.519162e-01,1.265986e-01,-1.358348e-03,-6.878096e-03,2.089493e-02,5.871223e-02
1.67750,0.413714,0.514196,2.014170e-01,1.896625e-01,9.519134e-01,1.266001e-01,-1.368121e-03,-6.880295e-03,2.089200e-02,5.872462e-02
1.68000,0.413367,0.514374,2.017439e-01,1.900256e-01,9.519108e-01,1.266015e-01,-1.377862e-03,-6.882373e-03,2.088904e-02,5.873698e-02
1.68250,0.413021,0.514552,2.020706e-01,1.903889e-01,9.519081e-01,1.266030e-01,-1.387588e-03,-6.884263e-03,2.088604e-02,5.874932e-02
1.68500,0.412674,0.514731,2.023972e-01,1.907522e-01,9.519055e-01,1.266045e-01,-1.397317e-03,-6.885851e-03,2.088302e-02,5.876162e-02
1.68750,0.412328,0.514911,2.027235e-01,1.911155e-01,9.519030e-01,1.266059e-01,-1.407076e-03,-6.887089e-03,2.087997e-02,5.877390e-02
1.69000,0.411981,0.515092,2.030497e-01,1.914789e-01,9.519005e-01,1.266074e-01,-1.416847e-03,-6.888099e-03,2.087688e-02,5.878615e-02
1.69250,0.411635,0.515273,2.033756e-01,1.918424e-01,9.518981e-01,1.266088e-01,-1.426670e-03,-6.888975e-03,2.087377e-02,5.879838e-02
1.69500,0.411289,0.515455,2.037014e-01,1.922060e-01,9.518958e-01,1.266103e-01,-1.436578e-03,-6.889836e-03,2.087064e-02,5.881057e-02
1.69750,0.410943,0.515638,2.040269e-01,1.925697e-01,9.518936e-01,1.266117e-01,-1.446536e-03,-6.890654e-03,2.086749e-02,5.882274e-02
1.70000,0.410598,0.515821,2.043523e-01,1.929334e-01,9.518916e-01,1.266131e-01,-1.456487e-03,-6.891507e-03,2.086432e-02,5.883489e-02
1.70250,0.410252,0.516005,2.046784e-01,1.932971e-01,9.518900e-01,1.266146e-01,-1.466463e-03,-6.892357e-03,2.086114e-02,5.884700e-02
1.70500,0.409907,0.516190,2.050092e-01,1.936610e-01,9.518887e-01,1.266160e-01,-1.476468e-03,-6.893333e-03,2.085795e-02,5.885909e-02
1.70750,0.409561,0.516375,2.053431e-01,1.940249e-01,9.518878e-01,1.266174e-01,-1.486431e-03,-6.894715e-03,2.085475e-02,5.887114e-02
1.71000,0.409216,0.516562,2.056794e-01,1.943889e-01,9.518872e-01,1.266189e-01,-1.496393e-03,-6.896516e-03,2.085155e-02,5.888318e-02
1.71250,0.408871,0.516748,2.060156e-01,1.947530e-01,9.518870e-01,1.266203e-01,-1.506346e-03,-6.898462e-03,2.084834e-02,5.889518e-02
1.71500,0.408527,0.516936,2.063516e-01,1.951171e-01,9.518869e-01,1.266217e-01,-1.516314e-03,-6.900391e-03,2.084511e-02,5.890716e-02
1.71750,0.408182,0.517124,2.066874e-01,1.954813e-01,9.518870e-01,1.266231e-01,-1.526317e-03,-6.902295e-03,2.084185e-02,5.891911e-02
1.72000,0.407837,0.517313,2.070230e-01,1.958456e-01,9.518871e-01,1.266246e-01,-1.536373e-03,-6.904126e-03,2.083855e-02,5.893103e-02
1.72250,0.407493,0.517502,2.073584e-01,1.962099e-01,9.518872e-01,1.266260e-01,-1.546431e-03,-6.906161e-03,2.083523e-02,5.894293e-02
1.72500,0.407149,0.517693,2.076937e-01,1.965743e-01,9.518873e-01,1.266274e-01,-1.556491e-03,-6.908583e-03,2.083188e-02,5.895480e-02
1.72750,0.406805,0.517883,2.080288e-01,1.969388e-01,9.518875e-01,1.266288e-01,-1.566594e-03,-6.911322e-03,2.082850e-02,5.896664e-02
1.73000,0.406461,0.518075,2.083637e-01,1.973033e-01,9.518878e-01,1.266302e-01,-1.576706e-03,-6.914513e-03,2.082510e-02,5.897847e-02
1.73250,0.406117,0.518267,2.086984e-01,1.976680e-01,9.518881e-01,1.266316e-01,-1.586760e-03,-6.917913e-03,2.082168e-02,5.899026e-02
1.73500,0.405773,0.518460,2.090330e-01,1.980327e-01,9.518886e-01,1.266330e-01,-1.596783e-03,-6.921333e-03,2.081824e-02,5.900204e-02
1.73750,0.405430,0.518654,2.093673e-01,1.983974e-01,9.518894e-01,1.266344e-01,-1.606792e-03,-6.924828e-03,2.081477e-02,5.901378e-02
1.74000,0.405087,0.518848,2.097015e-01,1.987622e-01,9.518905e-01,1.266358e-01,-1.616819e-03,-6.928521e-03,2.081128e-02,5.902551e-02
1.74250,0.404744,0.519043,2.100355e-01,1.991271e-01,9.518920e-01,1.266372e-01,-1.626921e-03,-6.932446e-03,2.080777e-02,5.903721e-02
1.74500,0.404401,0.519239,2.103698e-01,1.994921e-01,9.518942e-01,1.266386e-01,-1.637090e-03,-6.936355e-03,2.080423e-02,5.904889e-02
1.74750,0.404058,0.519435,2.107094e-01,1.998571e-01,9.518970e-01,1.266400e-01,-1.647294e-03,-6.940149e-03,2.080066e-02,5.906054e-02
1.75000,0.403715,0.519632,2.110542e-01,2.002222e-01,9.518975e-01,1.266414e-01,-1.657472e-03,-6.943765e-03,2.079707e-02,5.907218e-02
1.75250,0.403373,0.519830,2.113993e-01,2.005874e-01,9.518906e-01,1.266428e-01,-1.667678e-03,-6.947019e-03,2.079344e-02,5.908379e-02
1.75500,0.403030,0.520029,2.117441e-01,2.009527e-01,9.518840e-01,1.266442e-01,-1.677962e-03,-6.949717e-03,2.078978e-02,5.909538e-02
1.75750,0.402688,0.520228,2.120888e-01,2.013180e-01,9.518776e-01,1.266455e-01,-1.688282e-03,-6.951795e-03,2.078609e-02,5.910694e-02
1.76000,0.402346,0.520428,2.124334e-01,2.016834e-01,9.518714e-01,1.266469e-01,-1.698559e-03,-6.953482e-03,2.078237e-02,5.911849e-02
1.76250,0.402004,0.520628,2.127777e-01,2.020488e-01,9.518653e-01,1.266483e-01,-1.708735e-03,-6.954975e-03,2.077862e-02,5.913001e-02
1.76500,0.401663,0.520829,2.131218e-01,2.024143e-01,9.518592e-01,1.266497e-01,-1.718737e-03,-6.956324e-03,2.077484e-02,5.914151e-02
1.76750,0.401321,0.521031,2.134658e-01,2.027799e-01,9.518531e-01,1.266510e-01,-1.728668e-03,-6.957462e-03,2.077104e-02,5.915299e-02
1.77000,0.400980,0.521234,2.138095e-01,2.031456e-01,9.518470e-01,1.266524e-01,-1.738588e-03,-6.958293e-03,2.076722e-02,5.916445e-02
1.77250,0.400639,0.521437,2.141531e-01,2.035113e-01,9.518411e-01,1.266538e-01,-1.748534e-03,-6.958811e-03,2.076337e-02,5.917589e-02
1.77500,0.400298,0.521641,2.144965e-01,2.038771e-01,9.518353e-01,1.266551e-01,-1.758508e-03,-6.959063e-03,2.075950e-02,5.918731e-02
1.77750,0.399957,0.521846,2.148397e-01,2.042430e-01,9.518298e-01,1.266565e-01,-1.768547e-03,-6.959111e-03,2.075560e-02,5.919870e-02
1.78000,0.399617,0.522051,2.151827e-01,2.046089e-01,9.518247e-01,1.266579e-01,-1.778601e-03,-6.958925e-03,2.075168e-02,5.921007e-02
1.78250,0.399276,0.522257,2.155299e-01,2.049749e-01,9.518199e-01,1.266592e-01,-1.788620e-03,-6.958397e-03,2.074773e-02,5.922143e-02
1.78500,0.398936,0.522464,2.158840e-01,2.053410e-01,9.518154e-01,1.266606e-01,-1.798572e-03,-6.957687e-03,2.074377e-02,5.923276e-02
1.78750,0.398596,0.522671,2.162382e-01,2.057071e-01,9.518113e-01,1.266619e-01,-1.808473e-03,-6.956813e-03,2.073980e-02,5.924407e-02
1.79000,0.398256,0.522880,2.165922e-01,2.060733e-01,9.518076e-01,1.266633e-01,-1.818313e-03,-6.955845e-03,2.073581e-02,5.925536e-02
1.79250,0.397916,0.523088,2.169460e-01,2.064396e-01,9.518041e-01,1.266647e-01,-1.828053e-03,-6.954831e-03,2.073180e-02,5.926663e-02
1.79500,0.397577,0.523298,2.172997e-01,2.068060e-01,9.518010e-01,1.266660e-01,-1.837712e-03,-6.953731e-03,2.072778e-02,5.927787e-02
1.79750,0.397238,0.523508,2.176531e-01,2.071724e-01,9.517982e-01,1.266673e-01,-1.847355e-03,-6.952376e-03,2.072374e-02,5.928910e-02
1.80000,0.396898,0.523719,2.180065e-01,2.075389e-01,9.517957e-01,1.266687e-01,-1.857064e-03,-6.950879e-03,2.071968e-02,5.930031e-02
1.80250,0.396559,0.523931,2.183596e-01,2.079054e-01,9.517934e-01,1.266700e-01,-1.866833e-03,-6.949530e-03,2.071560e-02,5.931149e-02
1.80500,0.396221,0.524143,2.187127e-01,2.082721e-01,9.517910e-01,1.266714e-01,-1.876622e-03,-6.948415e-03,2.071152e-02,5.932266e-02
1.80750,0.395882,0.524356,2.190655e-01,2.086387e-01,9.517886e-01,1.266727e-01,-1.886434e-03,-6.947419e-03,2.070742e-02,5.933380e-02
1.81000,0.395544,0.524569,2.194182e-01,2.090055e-01,9.517861e-01,1.266741e-01,-1.896234e-03,-6.946519e-03,2.070331e-02,5.934493e-02
1.81250,0.395205,0.524784,2.197739e-01,2.093723e-01,9.517836e-01,1.266754e-01,-1.906017e-03,-6.945623e-03,2.069918e-02,5.935604e-02
1.81500,0.394867,0.524999,2.201377e-01,2.097392e-01,9.517811e-01,1.266767e-01,-1.915769e-03,-6.944673e-03,2.069504e-02,5.936713e-02
1.81750,0.394530,0.525214,2.205015e-01,2.101062e-01,9.517787e-01,1.266781e-01,-1.925478e-03,-6.943768e-03,2.069089e-02,5.937819e-02
1.82000,0.394192,0.525431,2.208651e-01,2.104732e-01,9.517765e-01,1.266794e-01,-1.935184e-03,-6.943071e-03,2.068673e-02,5.938925e-02
1.82250,0.393855,0.525648,2.212286e-01,2.108403e-01,9.517745e-01,1.266807e-01,-1.944826e-03,-6.942732e-03,2.068257e-02,5.940028e-02
1.82500,0.393517,0.525866,2.215919e-01,2.112075e-01,9.517727e-01,1.266820e-01,-1.954417e-03,-6.942765e-03,2.067840e-02,5.941129e-02
1.82750,0.393180,0.526084,2.219551e-01,2.115748e-01,9.517709e-01,1.266834e-01,-1.963971e-03,-6.943253e-03,2.067424e-02,5.942229e-02
1.83000,0.392843,0.526303,2.223181e-01,2.119421e-01,9.517692e-01,1.266847e-01,-1.973508e-03,-6.944110e-03,2.067006e-02,5.943326e-02
1.83250,0.392507,0.526523,2.226810e-01,2.123094e-01,9.517677e-01,1.266860e-01,-1.983086e-03,-6.945284e-03,2.066595e-02,5.944423e-02
1.83500,0.392170,0.526744,2.230438e-01,2.126769e-01,9.517663e-01,1.266873e-01,-1.992704e-03,-6.946709e-03,2.066175e-02,5.945517e-02
1.83750,0.391834,0.526965,2.234064e-01,2.130444e-01,9.517652e-01,1.266887e-01,-2.002447e-03,-6.948283e-03,2.065756e-02,5.946609e-02
1.84000,0.391498,0.527187,2.237718e-01,2.134120e-01,9.517642e-01,1.266900e-01,-2.012200e-03,-6.950117e-03,2.065338e-02,5.947700e-02
1.84250,0.391162,0.527409,2.241453e-01,2.137796e-01,9.517635e-01,1.266913e-01,-2.021903e-03,-6.952068e-03,2.064919e-02,5.948789e-02
1.84500,0.390826,0.527633,2.245187e-01,2.141474e-01,9.517629e-01,1.266926e-01,-2.031539e-03,-6.953952e-03,2.064500e-02,5.949877e-02
1.84750,0.390491,0.527857,2.248919e-01,2.145152e-01,9.517622e-01,1.266939e-01,-2.041169e-03,-6.955657e-03,2.064080e-02,5.950963e-02
1.85000,0.390156,0.528081,2.252649e-01,2.148830e-01,9.517614e-01,1.266952e-01,-2.050805e-03,-6.957117e-03,2.063659e-02,5.952047e-02
1.85250,0.389821,0.528307,2.256417e-01,2.152509e-01,9.517606e-01,1.266965e-01,-2.060476e-03,-6.958290e-03,2.063237e-02,5.953129e-02
1.85500,0.389486,0.528533,2.260199e-01,2.156189e-01,9.517599e-01,1.266978e-01,-2.070186e-03,-6.959139e-03,2.062814e-02,5.954210e-02
1.85750,0.389151,0.528760,2.263980e-01,2.159870e-01,9.517593e-01,1.266991e-01,-2.079927e-03,-6.959580e-03,2.062389e-02,5.955289e-02
1.86000,0.388817,0.528987,2.267759e-01,2.163551e-01,9.517590e-01,1.267004e-01,-2.089581e-03,-6.959725e-03,2.061963e-02,5.956366e-02
1.86250,0.388482,0.529215,2.271536e-01,2.167233e-01,9.517591e-01,1.267017e-01,-2.099140e-03,-6.959678e-03,2.061535e-02,5.957442e-02
1.86500,0.388148,0.529444,2.275401e-01,2.170916e-01,9.517595e-01,1.267030e-01,-2.108696e-03,-6.959326e-03,2.061106e-02,5.958516e-02
1.86750,0.387815,0.529673,2.279284e-01,2.174599e-01,9.517603e-01,1.267043e-01,-2.118295e-03,-6.958807e-03,2.060677e-02,5.959588e-02
1.87000,0.387481,0.529904,2.283166e-01,2.178283e-01,9.517615e-01,1.267056e-01,-2.127947e-03,-6.958158e-03,2.060246e-02,5.960659e-02
1.87250,0.387148,0.530135,2.287046e-01,2.181968e-01,9.517630e-01,1.267069e-01,-2.137548e-03,-6.957361e-03,2.059816e-02,5.961728e-02
1.87500,0.386814,0.530366,2.290925e-01,2.185654e-01,9.517650e-01,1.267082e-01,-2.147012e-03,-6.956549e-03,2.059385e-02,5.962795e-02
1.87750,0.386481,0.530598,2.294869e-01,2.189340e-01,9.517673e-01,1.267095e-01,-2.156373e-03,-6.955579e-03,2.058955e-02,5.963861e-02
1.88000,0.386149,0.530831,2.298849e-01,2.193027e-01,9.517700e-01,1.267108e-01,-2.165694e-03,-6.954339e-03,2.058523e-02,5.964925e-02
1.88250,0.385816,0.531065,2.302828e-01,2.196714e-01,9.517731e-01,1.267121e-01,-2.174950e-03,-6.952854e-03,2.058090e-02,5.965988e-02
1.88500,0.385484,0.531299,2.306806e-01,2.200402e-01,9.517764e-01,1.267134e-01,-2.184150e-03,-6.951239e-03,2.057656e-02,5.967048e-02
1.88750,0.385152,0.531534,2.310782e-01,2.204091e-01,9.517797e-01,1.267147e-01,-2.193346e-03,-6.949507e-03,2.057221e-02,5.968107e-02
1.89000,0.384820,0.531770,2.314808e-01,2.207781e-01,9.517830e-01,1.267160e-01,-2.202577e-03,-6.947664e-03,2.056784e-02,5.969165e-02
1.89250,0.384488,0.532007,2.318881e-01,2.211471e-01,9.517863e-01,1.267172e-01,-2.211818e-03,-6.945635e-03,2.056346e-02,5.970221e-02
1.89500,0.384157,0.532244,2.322952e-01,2.215162e-01,9.517894e-01,1.267185e-01,-2.221070e-03,-6.943423e-03,2.055908e-02,5.971275e-02
1.89750,0.383825,0.532481,2.327022e-01,2.218853e-01,9.517926e-01,1.267198e-01,-2.230357e-03,-6.940923e-03,2.055467e-02,5.972327e-02
1.90000,0.383494,0.532720,2.331091e-01,2.222546e-01,9.517960e-01,1.267211e-01,-2.239624e-03,-6.938252e-03,2.055025e-02,5.973378e-02
1.90250,0.383164,0.532959,2.335226e-01,2.226239e-01,9.517995e-01,1.267224e-01,-2.248829e-03,-6.935544e-03,2.054582e-02,5.974428e-02
1.90500,0.382833,0.533199,2.339386e-01,2.229933e-01,9.518032e-01,1.267236e-01,-2.258028e-03,-6.932810e-03,2.054138e-02,5.975476e-02
1.90750,0.382503,0.533439,2.343545e-01,2.233627e-01,9.518071e-01,1.267249e-01,-2.267225e-03,-6.930050e-03,2.053693e-02,5.976523e-02
1.91000,0.382173,0.533681,2.347702e-01,2.237322e-01,9.518111e-01,1.267262e-01,-2.276400e-03,-6.927312e-03,2.053247e-02,5.977568e-02
1.91250,0.381843,0.533923,2.351861e-01,2.241018e-01,9.518152e-01,1.267274e-01,-2.285568e-03,-6.924571e-03,2.052801e-02,5.978612e-02
1.91500,0.381513,0.534165,2.356104e-01,2.244714e-01,9.518193e-01,1.267287e-01,-2.294708e-03,-6.921832e-03,2.052355e-02,5.979654e-02
1.91750,0.381184,0.534409,2.360347e-01,2.248412e-01,9.518235e-01,1.267300e-01,-2.303817e-03,-6.919275e-03,2.051909e-02,5.980696e-02
1.92000,0.380855,0.534652,2.364589e-01,2.252109e-01,9.518279e-01,1.267312e-01,-2.312993e-03,-6.916976e-03,2.051462e-02,5.981735e-02
1.92250,0.380526,0.534897,2.368830e-01,2.255808e-01,9.518324e-01,1.267325e-01,-2.322312e-03,-6.915009e-03,2.051016e-02,5.982774e-02
1.92500,0.380197,0.535142,2.373070e-01,2.259507e-01,9.518371e-01,1.267337e-01,-2.331735e-03,-6.913293e-03,2.050571e-02,5.983811e-02
1.92750,0.379868,0.535389,2.377380e-01,2.263207e-01,9.518418e-01,1.267350e-01,-2.341237e-03,-6.911788e-03,2.050125e-02,5.984847e-02
1.93000,0.379540,0.535635,2.381701e-01,2.266908e-01,9.518464e-01,1.267363e-01,-2.350790e-03,-6.910403e-03,2.049679e-02,5.985882e-02
1.93250,0.379212,0.535883,2.386022e-01,2.270609e-01,9.518509e-01,1.267375e-01,-2.360380e-03,-6.909093e-03,2.049234e-02,5.986916e-02
1.93500,0.378884,0.536131,2.390341e-01,2.274311e-01,9.518551e-01,1.267388e-01,-2.369968e-03,-6.907775e-03,2.048789e-02,5.987949e-02
1.93750,0.378557,0.536380,2.394660e-01,2.278014e-01,9.518593e-01,1.267400e-01,-2.379564e-03,-6.906612e-03,2.048344e-02,5.988980e-02
1.94000,0.378229,0.536629,2.398985e-01,2.281717e-01,9.518634e-01,1.267413e-01,-2.389176e-03,-6.905675e-03,2.047899e-02,5.990010e-02
1.94250,0.377902,0.536879,2.403379e-01,2.285422e-01,9.518676e-01,1.267425e-01,-2.398806e-03,-6.904749e-03,2.047455e-02,5.991040e-02
1.94500,0.377575,0.537130,2.407773e-01,2.289126e-01,9.518721e-01,1.267438e-01,-2.408431e-03,-6.903699e-03,2.047011e-02,5.992068e-02
1.94750,0.377249,0.537381,2.412167e-01,2.292832e-01,9.518768e-01,1.267450e-01,-2.418014e-03,-6.902359e-03,2.046566e-02,5.993095e-02
1.95000,0.376923,0.537634,2.416596e-01,2.296538e-01,9.518818e-01,1.267463e-01,-2.427538e-03,-6.900732e-03,2.046122e-02,5.994121e-02
1.95250,0.376596,0.537887,2.421025e-01,2.300245e-01,9.518870e-01,1.267475e-01,-2.437014e-03,-6.898853e-03,2.045679e-02,5.995147e-02
1.95500,0.376271,0.538140,2.425482e-01,2.303952e-01,9.518926e-01,1.267488e-01,-2.446494e-03,-6.896771e-03,2.045237e-02,5.996171e-02
1.95750,0.375945,0.538394,2.429945e-01,2.307661e-01,9.518984e-01,1.267500e-01,-2.455987e-03,-6.894482e-03,2.044796e-02,5.997194e-02
1.96000,0.375619,0.538649,2.434408e-01,2.311370e-01,9.519046e-01,1.267512e-01,-2.465526e-03,-6.892036e-03,2.044356e-02,5.998216e-02
1.96250,0.375294,0.538905,2.438870e-01,2.315079e-01,9.519099e-01,1.267525e-01,-2.475115e-03,-6.889476e-03,2.043918e-02,5.999237e-02
1.96500,0.374969,0.539161,2.443334e-01,2.318790e-01,9.519010e-01,1.267537e-01,-2.484801e-03,-6.886810e-03,2.043480e-02,6.000257e-02
1.96750,0.374645,0.539418,2.447862e-01,2.322501e-01,9.518921e-01,1.267550e-01,-2.494581e-03,-6.884045e-03,2.043045e-02,6.001276e-02
1.97000,0.374320,0.539676,2.452390e-01,2.326212e-01,9.518834e-01,1.267562e-01,-2.504401e-03,-6.881345e-03,2.042611e-02,6.002293e-02
1.97250,0.373996,0.539934,2.456918e-01,2.329925e-01,9.518751e-01,1.267574e-01,-2.514209e-03,-6.878755e-03,2.042180e-02,6.003310e-02
1.97500,0.373672,0.540193,2.461445e-01,2.333638e-01,9.518670e-01,1.267587e-01,-2.523952e-03,-6.876200e-03,2.041751e-02,6.004325e-02
1.97750,0.373349,0.540453,2.465971e-01,2.337352e-01,9.518593e-01,1.267599e-01,-2.533634e-03,-6.873716e-03,2.041324e-02,6.005340e-02
1.98000,0.373025,0.540713,2.470498e-01,2.341066e-01,9.518518e-01,1.267611e-01,-2.543227e-03,-6.871188e-03,2.040900e-02,6.006353e-02
1.98250,0.372702,0.540975,2.475075e-01,2.344781e-01,9.518445e-01,1.267624e-01,-2.552788e-03,-6.868457e-03,2.040477e-02,6.007365e-02
1.98500,0.372379,0.541236,2.479662e-01,2.348497e-01,9.518374e-01,1.267636e-01,-2.562412e-03,-6.865485e-03,2.040055e-02,6.008376e-02
1.98750,0.372057,0.541499,2.484249e-01,2.352214e-01,9.518306e-01,1.267648e-01,-2.572063e-03,-6.862175e-03,2.039634e-02,6.009385e-02
1.99000,0.371734,0.541762,2.488836e-01,2.355931e-01,9.518241e-01,1.267660e-01,-2.581728e-03,-6.858615e-03,2.039214e-02,6.010394e-02
1.99250,0.371412,0.542026,2.493422e-01,2.359649e-01,9.518180e-01,1.267673e-01,-2.591394e-03,-6.854970e-03,2.038793e-02,6.011401e-02
1.99500,0.371090,0.542290,2.498009e-01,2.363367e-01,9.518121e-01,1.267685e-01,-2.601141e-03,-6.851226e-03,2.038373e-02,6.012407e-02
1.99750,0.370769,0.542555,2.502594e-01,2.367087e-01,9.518064e-01,1.267697e-01,-2.611057e-03,-6.847390e-03,2.037954e-02,6.013413e-02
2.00000,0.370447,0.542821,2.507211e-01,2.370806e-01,9.518006e-01,1.267709e-01,-2.621135e-03,-6.843500e-03,2.037535e-02,6.014416e-02
2.00250,0.370126,0.543088,2.511853e-01,2.374527e-01,9.517948e-01,1.267722e-01,-2.631370e-03,-6.839634e-03,2.037117e-02,6.015419e-02
2.00500,0.369805,0.543355,2.516495e-01,2.378248e-01,9.517889e-01,1.267734e-01,-2.641692e-03,-6.835832e-03,2.036699e-02,6.016421e-02
2.00750,0.369485,0.543623,2.521137e-01,2.381970e-01,9.517829e-01,1.267746e-01,-2.652012e-03,-6.832096e-03,2.036283e-02,6.017422e-02
2.01000,0.369165,0.543891,2.525779e-01,2.385693e-01,9.517767e-01,1.267758e-01,-2.662346e-03,-6.828442e-03,2.035867e-02,6.018421e-02
2.01250,0.368845,0.544161,2.530420e-01,2.389417e-01,9.517704e-01,1.267770e-01,-2.672611e-03,-6.824795e-03,2.035453e-02,6.019420e-02
2.01500,0.368525,0.544430,2.535061e-01,2.393141e-01,9.517641e-01,1.267783e-01,-2.682815e-03,-6.821187e-03,2.035040e-02,6.020417e-02
2.01750,0.368205,0.544701,2.539702e-01,2.396865e-01,9.517577e-01,1.267795e-01,-2.693031e-03,-6.817490e-03,2.034628e-02,6.021414e-02
2.02000,0.367886,0.544972,2.544389e-01,2.400591e-01,9.517513e-01,1.267807e-01,-2.703349e-03,-6.813621e-03,2.034215e-02,6.022409e-02
2.02250,0.367567,0.545244,2.549082e-01,2.404317e-01,9.517448e-01,1.267819e-01,-2.713809e-03,-6.809655e-03,2.033803e-02,6.023404e-02
2.02500,0.367249,0.545517,2.553774e-01,2.408044e-01,9.517383e-01,1.267831e-01,-2.724242e-03,-6.805815e-03,2.033391e-02,6.024398e-02
2.02750,0.366930,0.545790,2.558467e-01,2.411771e-01,9.517318e-01,1.267843e-01,-2.734537e-03,-6.802294e-03,2.032980e-02,6.025391e-02
2.03000,0.366612,0.546064,2.563159e-01,2.415499e-01,9.517255e-01,1.267855e-01,-2.744696e-03,-6.799080e-03,2.032570e-02,6.026382e-02
2.03250,0.366294,0.546339,2.567852e-01,2.419228e-01,9.517193e-01,1.267867e-01,-2.754773e-03,-6.796152e-03,2.032160e-02,6.027374e-02
2.03500,0.365977,0.546614,2.572544e-01,2.422957e-01,9.517132e-01,1.267880e-01,-2.764825e-03,-6.793355e-03,2.031751e-02,6.028364e-02
2.03750,0.365659,0.546890,2.577236e-01,2.426688e-01,9.517069e-01,1.267892e-01,-2.774901e-03,-6.790574e-03,2.031343e-02,6.029353e-02
2.04000,0.365342,0.547167,2.581973e-01,2.430418e-01,9.517005e-01,1.267904e-01,-2.784922e-03,-6.787766e-03,2.030934e-02,6.030342e-02
2.04250,0.365026,0.547444,2.586712e-01,2.434150e-01,9.516939e-01,1.267916e-01,-2.794897e-03,-6.784909e-03,2.030526e-02,6.031330e-02
2.04500,0.364709,0.547722,2.591451e-01,2.437882e-01,9.516870e-01,1.267928e-01,-2.804895e-03,-6.782025e-03,2.030118e-02,6.032317e-02
2.04750,0.364393,0.548001,2.596190e-01,2.441615e-01,9.516801e-01,1.267940e-01,-2.814952e-03,-6.778981e-03,2.029711e-02,6.033303e-02
2.05000,0.364077,0.548280,2.600930e-01,2.445348e-01,9.516730e-01,1.267952e-01,-2.825019e-03,-6.775742e-03,2.029304e-02,6.034289e-02
2.05250,0.363761,0.548560,2.605669e-01,2.449082e-01,9.516660e-01,1.267964e-01,-2.835001e-03,-6.772297e-03,2.028898e-02,6.035274e-02
2.05500,0.363446,0.548841,2.610408e-01,2.452817e-01,9.516590e-01,1.267976e-01,-2.844844e-03,-6.768564e-03,2.028493e-02,6.036259e-02
2.05750,0.363131,0.549122,2.615147e-01,2.456553e-01,9.516522e-01,1.267988e-01,-2.854497e-03,-6.764640e-03,2.028090e-02,6.037242e-02
2.06000,0.362816,0.549404,2.619919e-01,2.460289e-01,9.516455e-01,1.268000e-01,-2.863972e-03,-6.760729e-03,2.027689e-02,6.038225e-02
2.06250,0.362502,0.549687,2.624700e-01,2.464026e-01,9.516389e-01,1.268012e-01,-2.873303e-03,-6.756719e-03,2.027289e-02,6.039208e-02
2.06500,0.362187,0.549970,2.629482e-01,2.467763e-01,9.516322e-01,1.268024e-01,-2.882591e-03,-6.752611e-03,2.026891e-02,6.040190e-02
2.06750,0.361874,0.550254,2.634264e-01,2.471501e-01,9.516257e-01,1.268036e-01,-2.891862e-03,-6.748277e-03,2.026495e-02,6.041171e-02
2.07000,0.361560,0.550539,2.639046e-01,2.475240e-01,9.516194e-01,1.268047e-01,-2.901102e-03,-6.743655e-03,2.026099e-02,6.042151e-02
2.07250,0.361247,0.550825,2.643828e-01,2.478980e-01,9.516135e-01,1.268059e-01,-2.910306e-03,-6.738863e-03,2.025705e-02,6.043131e-02
2.07500,0.360933,0.551111,2.648611e-01,2.482720e-01,9.516080e-01,1.268071e-01,-2.919501e-03,-6.733867e-03,2.025312e-02,6.044110e-02
2.07750,0.360621,0.551397,2.653422e-01,2.486460e-01,9.516031e-01,1.268083e-01,-2.928733e-03,-6.728732e-03,2.024921e-02,6.045088e-02
2.08000,0.360308,0.551685,2.658243e-01,2.490202e-01,9.515985e-01,1.268095e-01,-2.937988e-03,-6.723498e-03,2.024531e-02,6.046066e-02
2.08250,0.359996,0.551973,2.663068e-01,2.493944e-01,9.515943e-01,1.268107e-01,-2.947271e-03,-6.718165e-03,2.024144e-02,6.047043e-02
2.08500,0.359684,0.552262,2.667907e-01,2.497687e-01,9.515904e-01,1.268119e-01,-2.956512e-03,-6.712649e-03,2.023758e-02,6.048019e-02
2.08750,0.359373,0.552551,2.672745e-01,2.501430e-01,9.515867e-01,1.268131e-01,-2.965665e-03,-6.706920e-03,2.023375e-02,6.048995e-02
2.09000,0.359061,0.552841,2.677584e-01,2.505174e-01,9.515832e-01,1.268142e-01,-2.974693e-03,-6.701153e-03,2.022993e-02,6.049970e-02
2.09250,0.358750,0.553132,2.682423e-01,2.508919e-01,9.515798e-01,1.268154e-01,-2.983723e-03,-6.695390e-03,2.022615e-02,6.050945e-02
2.09500,0.358440,0.553423,2.687263e-01,2.512664e-01,9.515766e-01,1.268166e-01,-2.992887e-03,-6.689506e-03,2.022239e-02,6.051918e-02
2.09750,0.358129,0.553715,2.692103e-01,2.516410e-01,9.515737e-01,1.268178e-01,-3.002270e-03,-6.683385e-03,2.021864e-02,6.052892e-02
2.10000,0.357819,0.554008,2.696944e-01,2.520157e-01,9.515709e-01,1.268190e-01,-3.011868e-03,-6.677064e-03,2.021492e-02,6.053864e-02
2.10250,0.357509,0.554301,2.701784e-01,2.523905e-01,9.515683e-01,1.268201e-01,-3.021656e-03,-6.670803e-03,2.021121e-02,6.054836e-02
2.10500,0.357200,0.554595,2.706626e-01,2.527653e-01,9.515658e-01,1.268213e-01,-3.031544e-03,-6.664640e-03,2.020753e-02,6.055807e-02
2.10750,0.356891,0.554890,2.711467e-01,2.531401e-01,9.515634e-01,1.268225e-01,-3.041503e-03,-6.658640e-03,2.020388e-02,6.056777e-02
2.11000,0.356582,0.555185,2.716310e-01,2.535151e-01,9.515610e-01,1.268237e-01,-3.051534e-03,-6.652763e-03,2.020026e-02,6.057747e-02
2.11250,0.356273,0.555481,2.721152e-01,2.538901e-01,9.515588e-01,1.268249e-01,-3.061601e-03,-6.647013e-03,2.019666e-02,6.058716e-02
2.11500,0.355965,0.555778,2.725995e-01,2.542651e-01,9.515567e-01,1.268260e-01,-3.071644e-03,-6.641396e-03,2.019309e-02,6.059684e-02
2.11750,0.355657,0.556075,2.730838e-01,2.546403e-01,9.515547e-01,1.268272e-01,-3.081614e-03,-6.635891e-03,2.018954e-02,6.060652e-02
2.12000,0.355349,0.556373,2.735681e-01,2.550154e-01,9.515527e-01,1.268284e-01,-3.091591e-03,-6.630431e-03,2.018603e-02,6.061619e-02
2.12250,0.355042,0.556672,2.740525e-01,2.553907e-01,9.515506e-01,1.268295e-01,-3.101633e-03,-6.625017e-03,2.018253e-02,6.062585e-02
2.12500,0.354735,0.556971,2.745369e-01,2.557660e-01,9.515483e-01,1.268307e-01,-3.111815e-03,-6.619594e-03,2.017905e-02,6.063551e-02
2.12750,0.354428,0.557271,2.750213e-01,2.561414e-01,9.515458e-01,1.268319e-01,-3.122124e-03,-6.614066e-03,2.017559e-02,6.064516e-02
2.13000,0.354122,0.557572,2.755057e-01,2.565169e-01,9.515433e-01,1.268330e-01,-3.132579e-03,-6.608494e-03,2.017214e-02,6.065481e-02
2.13250,0.353816,0.557873,2.759902e-01,2.568924e-01,9.515406e-01,1.268342e-01,-3.143120e-03,-6.602943e-03,2.016870e-02,6.066445e-02
2.13500,0.353510,0.558175,2.764747e-01,2.572680e-01,9.515380e-01,1.268354e-01,-3.153775e-03,-6.597611e-03,2.016528e-02,6.067408e-02
2.13750,0.353204,0.558478,2.769593e-01,2.576436e-01,9.515355e-01,1.268366e-01,-3.164498e-03,-6.592638e-03,2.016187e-02,6.068370e-02
2.14000,0.352899,0.558781,2.774438e-01,2.580193e-01,9.515331e-01,1.268377e-01,-3.175307e-03,-6.587899e-03,2.015848e-02,6.069332e-02
2.14250,0.352594,0.559085,2.779284e-01,2.583951e-01,9.515309e-01,1.268389e-01,-3.186216e-03,-6.583264e-03,2.015510e-02,6.070294e-02
2.14500,0.352290,0.559389,2.784130e-01,2.587709e-01,9.515287e-01,1.268400e-01,-3.197209e-03,-6.578739e-03,2.015174e-02,6.071255e-02
2.14750,0.351986,0.559695,2.788977e-01,2.591468e-01,9.515264e-01,1.268412e-01,-3.208242e-03,-6.574154e-03,2.014840e-02,6.072215e-02
2.15000,0.351682,0.560000,2.793828e-01,2.595228e-01,9.515241e-01,1.268424e-01,-3.219334e-03,-6.569557e-03,2.014506e-02,6.073175e-02
2.15250,0.351378,0.560307,2.798692e-01,2.598988e-01,9.515218e-01,1.268435e-01,-3.230449e-03,-6.564971e-03,2.014175e-02,6.074134e-02
2.15500,0.351075,0.560614,2.803556e-01,2.602749e-01,9.515197e-01,1.268447e-01,-3.241639e-03,-6.560297e-03,2.013844e-02,6.075093e-02
2.15750,0.350772,0.560922,2.808423e-01,2.606510e-01,9.515177e-01,1.268459e-01,-3.252872e-03,-6.555557e-03,2.013515e-02,6.076052e-02
2.16000,0.350470,0.561230,2.813306e-01,2.610272e-01,9.515160e-01,1.268470e-01,-3.264076e-03,-6.550813e-03,2.013188e-02,6.077010e-02
2.16250,0.350167,0.561539,2.818189e-01,2.614035e-01,9.515145e-01,1.268482e-01,-3.275244e-03,-6.546012e-03,2.012862e-02,6.077967e-02
2.16500,0.349865,0.561849,2.823072e-01,2.617798e-01,9.515130e-01,1.268493e-01,-3.286382e-03,-6.541065e-03,2.012537e-02,6.078924e-02
2.16750,0.349564,0.562160,2.827955e-01,2.621562e-01,9.515116e-01,1.268505e-01,-3.297420e-03,-6.535960e-03,2.012215e-02,6.079881e-02
2.17000,0.349262,0.562471,2.832838e-01,2.625327e-01,9.515101e-01,1.268516e-01,-3.308358e-03,-6.530678e-03,2.011893e-02,6.080837e-02
2.17250,0.348962,0.562782,2.837722e-01,2.629092e-01,9.515085e-01,1.268528e-01,-3.319364e-03,-6.525147e-03,2.011573e-02,6.081793e-02
2.17500,0.348661,0.563095,2.842605e-01,2.632857e-01,9.515068e-01,1.268540e-01,-3.330495e-03,-6.519245e-03,2.011254e-02,6.082748e-02
2.17750,0.348361,0.563408,2.847489e-01,2.636624e-01,9.515048e-01,1.268551e-01,-3.341630e-03,-6.512953e-03,2.010935e-02,6.083703e-02
2.18000,0.348061,0.563721,2.852373e-01,2.640391e-01,9.515027e-01,1.268563e-01,-3.352712e-03,-6.506456e-03,2.010617e-02,6.084657e-02
2.18250,0.347761,0.564036,2.857266e-01,2.644158e-01,9.515005e-01,1.268574e-01,-3.363613e-03,-6.499846e-03,2.010301e-02,6.085611e-02
2.18500,0.347462,0.564350,2.862166e-01,2.647926e-01,9.514981e-01,1.268586e-01,-3.374171e-03,-6.493149e-03,2.009987e-02,6.086565e-02
2.18750,0.347163,0.564666,2.867066e-01,2.651695e-01,9.514956e-01,1.268597e-01,-3.384451e-03,-6.486324e-03,2.009675e-02,6.087518e-02
2.19000,0.346864,0.564982,2.871966e-01,2.655464e-01,9.514929e-01,1.268609e-01,-3.394588e-03,-6.479364e-03,2.009365e-02,6.088471e-02
2.19250,0.346566,0.565299,2.876876e-01,2.659234e-01,9.514901e-01,1.268620e-01,-3.404653e-03,-6.472314e-03,2.009057e-02,6.089424e-02
2.19500,0.346268,0.565617,2.881793e-01,2.663005e-01,9.514872e-01,1.268632e-01,-3.414579e-03,-6.465079e-03,2.008751e-02,6.090376e-02
2.19750,0.345970,0.565935,2.886710e-01,2.666776e-01,9.514845e-01,1.268643e-01,-3.424491e-03,-6.457605e-03,2.008447e-02,6.091327e-02
2.20000,0.345673,0.566254,2.891627e-01,2.670547e-01,9.514818e-01,1.268654e-01,-3.434472e-03,-6.449981e-03,2.008144e-02,6.092279e-02
2.20250,0.345376,0.566573,2.896544e-01,2.674319e-01,9.514793e-01,1.268666e-01,-3.444525e-03,-6.442346e-03,2.007844e-02,6.093229e-02
2.20500,0.345080,0.566893,2.901462e-01,2.678092e-01,9.514767e-01,1.268677e-01,-3.454597e-03,-6.434631e-03,2.007545e-02,6.094180e-02
2.20750,0.344784,0.567214,2.906380e-01,2.681866e-01,9.514739e-01,1.268689e-01,-3.464651e-03,-6.426753e-03,2.007249e-02,6.095130e-02
2.21000,0.344488,0.567535,2.911298e-01,2.685639e-01,9.514710e-01,1.268700e-01,-3.474566e-03,-6.418693e-03,2.006954e-02,6.096079e-02
2.21250,0.344192,0.567857,2.916216e-01,2.689414e-01,9.514677e-01,1.268712e-01,-3.484290e-03,-6.410556e-03,2.006662e-02,6.097028e-02
2.21500,0.343897,0.568180,2.921135e-01,2.693189e-01,9.514643e-01,1.268723e-01,-3.493864e-03,-6.402482e-03,2.006372e-02,6.097976e-02
2.21750,0.343602,0.568503,2.926054e-01,2.696965e-01,9.514606e-01,1.268734e-01,-3.503354e-03,-6.394575e-03,2.006086e-02,6.098924e-02
2.22000,0.343308,0.568827,2.930974e-01,2.700741e-01,9.514569e-01,1.268746e-01,-3.512899e-03,-6.386658e-03,2.005801e-02,6.099872e-02
2.22250,0.343014,0.569151,2.935893e-01,2.704518e-01,9.514533e-01,1.268757e-01,-3.522543e-03,-6.378563e-03,2.005519e-02,6.100819e-02
2.22500,0.342720,0.569476,2.940815e-01,2.708295e-01,9.514499e-01,1.268768e-01,-3.532305e-03,-6.370395e-03,2.005238e-02,6.101766e-02
2.22750,0.342426,0.569802,2.945750e-01,2.712073e-01,9.514468e-01,1.268780e-01,-3.542211e-03,-6.362228e-03,2.004959e-02,6.102712e-02
2.23000,0.342133,0.570128,2.950684e-01,2.715851e-01,9.514440e-01,1.268791e-01,-3.552327e-03,-6.353865e-03,2.004680e-02,6.103658e-02
2.23250,0.341841,0.570456,2.955620e-01,2.719630e-01,9.514414e-01,1.268802e-01,-3.562649e-03,-6.345368e-03,2.004403e-02,6.104604e-02
2.23500,0.341548,0.570783,2.960555e-01,2.723410e-01,9.514391e-01,1.268814e-01,-3.573201e-03,-6.336970e-03,2.004126e-02,6.105549e-02
2.23750,0.341256,0.571111,2.965495e-01,2.727190e-01,9.514372e-01,1.268825e-01,-3.583834e-03,-6.328749e-03,2.003851e-02,6.106494e-02
2.24000,0.340965,0.571440,2.970446e-01,2.730971e-01,9.514357e-01,1.268836e-01,-3.594552e-03,-6.320674e-03,2.003578e-02,6.107438e-02
2.24250,0.340674,0.571770,2.975396e-01,2.734752e-01,9.514347e-01,1.268848e-01,-3.605332e-03,-6.312616e-03,2.003307e-02,6.108382e-02
2.24500,0.340383,0.572100,2.980348e-01,2.738534e-01,9.514342e-01,1.268859e-01,-3.616139e-03,-6.304556e-03,2.003038e-02,6.109326e-02
2.24750,0.340092,0.572431,2.985299e-01,2.742316e-01,9.514341e-01,1.268870e-01,-3.626963e-03,-6.296490e-03,2.002771e-02,6.110269e-02
2.25000,0.339802,0.572762,2.990251e-01,2.746099e-01,9.514343e-01,1.268882e-01,-3.637856e-03,-6.288443e-03,2.002506e-02,6.111213e-02
2.25250,0.339512,0.573094,2.995203e-01,2.749882e-01,9.514348e-01,1.268893e-01,-3.648946e-03,-6.280514e-03,2.002243e-02,6.112155e-02
2.25500,0.339223,0.573427,3.000155e-01,2.753666e-01,9.514353e-01,1.268904e-01,-3.660245e-03,-6.272699e-03,2.001980e-02,6.113098e-02
2.25750,0.338934,0.573760,3.005108e-01,2.757450e-01,9.514359e-01,1.268915e-01,-3.671654e-03,-6.265054e-03,2.001718e-02,6.114040e-02
2.26000,0.338645,0.574094,3.010061e-01,2.761235e-01,9.514363e-01,1.268927e-01,-3.683071e-03,-6.257752e-03,2.001458e-02,6.114982e-02
2.26250,0.338356,0.574429,3.015014e-01,2.765021e-01,9.514365e-01,1.268938e-01,-3.694607e-03,-6.250739e-03,2.001200e-02,6.115923e-02
2.26500,0.338068,0.574764,3.019968e-01,2.768807e-01,9.514366e-01,1.268949e-01,-3.706376e-03,-6.243885e-03,2.000944e-02,6.116864e-02
2.26750,0.337781,0.575100,3.024922e-01,2.772593e-01,9.514367e-01,1.268960e-01,-3.718345e-03,-6.237183e-03,2.000690e-02,6.117805e-02
2.27000,0.337494,0.575436,3.029877e-01,2.776380e-01,9.514367e-01,1.268972e-01,-3.730363e-03,-6.230485e-03,2.000437e-02,6.118745e-02
2.27250,0.337207,0.575773,3.034832e-01,2.780168e-01,9.514368e-01,1.268983e-01,-3.742455e-03,-6.223696e-03,2.000186e-02,6.119685e-02
2.27500,0.336920,0.576111,3.039788e-01,2.783956e-01,9.514368e-01,1.268994e-01,-3.754610e-03,-6.216752e-03,1.999936e-02,6.120625e-02
2.27750,0.336634,0.576449,3.044744e-01,2.787744e-01,9.514369e-01,1.269005e-01,-3.766652e-03,-6.209685e-03,1.999687e-02,6.121564e-02
2.28000,0.336348,0.576788,3.049701e-01,2.791533e-01,9.514370e-01,1.269016e-01,-3.778480e-03,-6.202612e-03,1.999439e-02,6.122503e-02
2.28250,0.336063,0.577127,3.054658e-01,2.795323e-01,9.514371e-01,1.269028e-01,-3.790212e-03,-6.195534e-03,1.999192e-02,6.123441e-02
2.28500,0.335778,0.577467,3.059616e-01,2.799113e-01,9.514372e-01,1.269039e-01,-3.802013e-03,-6.188316e-03,1.998947e-02,6.124379e-02
2.28750,0.335493,0.577808,3.064584e-01,2.802903e-01,9.514373e-01,1.269050e-01,-3.814037e-03,-6.180837e-03,1.998704e-02,6.125317e-02
2.29000,0.335209,0.578149,3.069555e-01,2.806694e-01,9.514373e-01,1.269061e-01,-3.826143e-03,-6.173146e-03,1.998461e-02,6.126255e-02
2.29250,0.334925,0.578491,3.074526e-01,2.810486e-01,9.514371e-01,1.269072e-01,-3.838262e-03,-6.165278e-03,1.998219e-02,6.127191e-02
2.29500,0.334642,0.578834,3.079498e-01,2.814278e-01,9.514367e-01,1.269083e-01,-3.850361e-03,-6.157289e-03,1.997978e-02,6.128128e-02
2.29750,0.334359,0.579177,3.084470e-01,2.818070e-01,9.514361e-01,1.269095e-01,-3.862393e-03,-6.149225e-03,1.997739e-02,6.129064e-02
2.30000,0.334076,0.579520,3.089443e-01,2.821863e-01,9.514352e-01,1.269106e-01,-3.874370e-03,-6.141098e-03,1.997501e-02,6.130000e-02
2.30250,0.333794,0.579865,3.094429e-01,2.825656e-01,9.514342e-01,1.269117e-01,-3.886255e-03,-6.132900e-03,1.997265e-02,6.130935e-02
2.30500,0.333512,0.580210,3.099415e-01,2.829450e-01,9.514332e-01,1.269128e-01,-3.898140e-03,-6.124469e-03,1.997031e-02,6.131870e-02
2.30750,0.333231,0.580555,3.104401e-01,2.833244e-01,9.514321e-01,1.269139e-01,-3.909924e-03,-6.115873e-03,1.996798e-02,6.132805e-02
2.31000,0.332949,0.580901,3.109387e-01,2.837039e-01,9.514312e-01,1.269150e-01,-3.921515e-03,-6.107022e-03,1.996567e-02,6.133739e-02
2.31250,0.332669,0.581248,3.114373e-01,2.840834e-01,9.514304e-01,1.269161e-01,-3.932902e-03,-6.097939e-03,1.996338e-02,6.134673e-02
2.31500,0.332388,0.581596,3.119360e-01,2.844629e-01,9.514298e-01,1.269172e-01,-3.944039e-03,-6.088842e-03,1.996110e-02,6.135606e-02
2.31750,0.332108,0.581944,3.124346e-01,2.848425e-01,9.514293e-01,1.269184e-01,-3.955008e-03,-6.079758e-03,1.995884e-02,6.136539e-02
2.32000,0.331829,0.582292,3.129334e-01,2.852221e-01,9.514288e-01,1.269195e-01,-3.965971e-03,-6.070715e-03,1.995659e-02,6.137471e-02
2.32250,0.331550,0.582641,3.134321e-01,2.856018e-01,9.514176e-01,1.269206e-01,-3.976918e-03,-6.061642e-03,1.995436e-02,6.138403e-02
2.32500,0.331271,0.582991,3.139308e-01,2.859815e-01,9.513883e-01,1.269217e-01,-3.987782e-03,-6.052448e-03,1.995213e-02,6.139334e-02
2.32750,0.330993,0.583342,3.144296e-01,2.863613e-01,9.513586e-01,1.269228e-01,-3.998593e-03,-6.043019e-03,1.994992e-02,6.140265e-02
2.33000,0.330715,0.583693,3.149285e-01,2.867411e-01,9.513284e-01,1.269239e-01,-4.009417e-03,-6.033254e-03,1.994772e-02,6.141196e-02
2.33250,0.330437,0.584044,3.154273e-01,2.871209e-01,9.512979e-01,1.269250e-01,-4.020212e-03,-6.023283e-03,1.994553e-02,6.142126e-02
2.33500,0.330160,0.584396,3.159262e-01,2.875008e-01,9.512671e-01,1.269261e-01,-4.030987e-03,-6.013118e-03,1.994334e-02,6.143056e-02
2.33750,0.329883,0.584749,3.164251e-01,2.878808e-01,9.512360e-01,1.269272e-01,-4.041733e-03,-6.002785e-03,1.994115e-02,6.143985e-02
2.34000,0.329607,0.585102,3.169241e-01,2.882607e-01,9.512048e-01,1.269283e-01,-4.052424e-03,-5.992302e-03,1.993898e-02,6.144914e-02
2.34250,0.329331,0.585456,3.174231e-01,2.886407e-01,9.511738e-01,1.269294e-01,-4.063101e-03,-5.981811e-03,1.993681e-02,6.145842e-02
2.34500,0.329055,0.585811,3.179221e-01,2.890208e-01,9.511432e-01,1.269305e-01,-4.073801e-03,-5.971300e-03,1.993466e-02,6.146770e-02
2.34750,0.328780,0.586166,3.184212e-01,2.894009e-01,9.511132e-01,1.269316e-01,-4.084609e-03,-5.960646e-03,1.993251e-02,6.147698e-02
2.35000,0.328506,0.586522,3.189203e-01,2.897810e-01,9.510841e-01,1.269327e-01,-4.095588e-03,-5.949952e-03,1.993037e-02,6.148625e-02
2.35250,0.328231,0.586878,3.194194e-01,2.901612e-01,9.510559e-01,1.269338e-01,-4.106783e-03,-5.939483e-03,1.992823e-02,6.149552e-02
2.35500,0.327957,0.587235,3.199185e-01,2.905414e-01,9.510290e-01,1.269349e-01,-4.118302e-03,-5.929138e-03,1.992609e-02,6.150478e-02
2.35750,0.327684,0.587593,3.204176e-01,2.909216e-01,9.510032e-01,1.269359e-01,-4.130186e-03,-5.918875e-03,1.992396e-02,6.151404e-02
2.36000,0.327411,0.587951,3.209168e-01,2.913019e-01,9.509785e-01,1.269370e-01,-4.142318e-03,-5.908665e-03,1.992182e-02,6.152329e-02
2.36250,0.327138,0.588309,3.214159e-01,2.916822e-01,9.509549e-01,1.269381e-01,-4.154533e-03,-5.898282e-03,1.991969e-02,6.153255e-02
2.36500,0.326866,0.588669,3.219151e-01,2.920625e-01,9.509322e-01,1.269392e-01,-4.166818e-03,-5.887589e-03,1.991755e-02,6.154179e-02
2.36750,0.326594,0.589028,3.224149e-01,2.924429e-01,9.509101e-01,1.269403e-01,-4.179149e-03,-5.876694e-03,1.991542e-02,6.155104e-02
2.37000,0.326323,0.589389,3.229152e-01,2.928233e-01,9.508884e-01,1.269414e-01,-4.191483e-03,-5.865774e-03,1.991329e-02,6.156027e-02
2.37250,0.326052,0.589750,3.234157e-01,2.932038e-01,9.508670e-01,1.269425e-01,-4.203905e-03,-5.854959e-03,1.991116e-02,6.156951e-02
2.37500,0.325781,0.590111,3.239161e-01,2.935843e-01,9.508456e-01,1.269436e-01,-4.216477e-03,-5.844302e-03,1.990903e-02,6.157874e-02
2.37750,0.325511,0.590474,3.244166e-01,2.939648e-01,9.508240e-01,1.269447e-01,-4.229233e-03,-5.833863e-03,1.990691e-02,6.158797e-02
2.38000,0.325241,0.590836,3.249171e-01,2.943453e-01,9.508020e-01,1.269458e-01,-4.242075e-03,-5.823626e-03,1.990478e-02,6.159719e-02
2.38250,0.324972,0.591200,3.254184e-01,2.947259e-01,9.507796e-01,1.269468e-01,-4.254998e-03,-5.813475e-03,1.990265e-02,6.160640e-02
2.38500,0.324703,0.591564,3.259202e-01,2.951065e-01,9.507567e-01,1.269479e-01,-4.268051e-03,-5.803399e-03,1.990053e-02,6.161562e-02
2.38750,0.324435,0.591928,3.264221e-01,2.954872e-01,9.507332e-01,1.269490e-01,-4.281197e-03,-5.793289e-03,1.989840e-02,6.162482e-02
2.39000,0.324167,0.592293,3.269241e-01,2.958679e-01,9.507092e-01,1.269501e-01,-4.294402e-03,-5.783050e-03,1.989627e-02,6.163402e-02
2.39250,0.323899,0.592659,3.274260e-01,2.962486e-01,9.506847e-01,1.269512e-01,-4.307646e-03,-5.772680e-03,1.989414e-02,6.164322e-02
2.39500,0.323632,0.593025,3.279281e-01,2.966293e-01,9.506597e-01,1.269523e-01,-4.320952e-03,-5.762225e-03,1.989202e-02,6.165241e-02
2.39750,0.323365,0.593392,3.284301e-01,2.970101e-01,9.506343e-01,1.269534e-01,-4.334343e-03,-5.751707e-03,1.988990e-02,6.166160e-02
2.40000,0.323099,0.593759,3.289322e-01,2.973908e-01,9.506087e-01,1.269544e-01,-4.347703e-03,-5.741235e-03,1.988779e-02,6.167078e-02
2.40250,0.322833,0.594127,3.294343e-01,2.977717e-01,9.505830e-01,1.269555e-01,-4.361059e-03,-5.730889e-03,1.988568e-02,6.167995e-02
2.40500,0.322568,0.594495,3.299364e-01,2.981525e-01,9.505573e-01,1.269566e-01,-4.374325e-03,-5.720746e-03,1.988358e-02,6.168912e-02
2.40750,0.322303,0.594864,3.304386e-01,2.985334e-01,9.505319e-01,1.269577e-01,-4.387412e-03,-5.710814e-03,1.988149e-02,6.169829e-02
2.41000,0.322038,0.595234,3.309407e-01,2.989143e-01,9.505067e-01,1.269588e-01,-4.400503e-03,-5.700877e-03,1.987941e-02,6.170745e-02
2.41250,0.321774,0.595604,3.314429e-01,2.992952e-01,9.504819e-01,1.269598e-01,-4.413772e-03,-5.690754e-03,1.987733e-02,6.171660e-02
2.41500,0.321511,0.595975,3.319451e-01,2.996761e-01,9.504575e-01,1.269609e-01,-4.427108e-03,-5.680355e-03,1.987525e-02,6.172574e-02
2.41750,0.321248,0.596346,3.324474e-01,3.000571e-01,9.504335e-01,1.269620e-01,-4.440337e-03,-5.669748e-03,1.987317e-02,6.173488e-02
2.42000,0.320985,0.596718,3.329496e-01,3.004381e-01,9.504099e-01,1.269631e-01,-4.453286e-03,-5.659070e-03,1.987111e-02,6.174401e-02
2.42250,0.320722,0.597090,3.334519e-01,3.008191e-01,9.503864e-01,1.269642e-01,-4.466073e-03,-5.648330e-03,1.986905e-02,6.175314e-02
2.42500,0.320461,0.597463,3.339542e-01,3.012001e-01,9.503629e-01,1.269652e-01,-4.478750e-03,-5.637512e-03,1.986700e-02,6.176226e-02
2.42750,0.320199,0.597837,3.344566e-01,3.015812e-01,9.503391e-01,1.269663e-01,-4.491256e-03,-5.626552e-03,1.986497e-02,6.177137e-02
2.43000,0.319938,0.598211,3.349590e-01,3.019622e-01,9.503149e-01,1.269674e-01,-4.503610e-03,-5.615487e-03,1.986294e-02,6.178048e-02
2.43250,0.319678,0.598586,3.354614e-01,3.023433e-01,9.502901e-01,1.269685e-01,-4.515741e-03,-5.604373e-03,1.986092e-02,6.178958e-02
2.43500,0.319418,0.598961,3.359638e-01,3.027244e-01,9.502646e-01,1.269695e-01,-4.527675e-03,-5.593283e-03,1.985890e-02,6.179867e-02
2.43750,0.319158,0.599337,3.364663e-01,3.031056e-01,9.502383e-01,1.269706e-01,-4.539522e-03,-5.582256e-03,1.985689e-02,6.180775e-02
2.44000,0.318899,0.599713,3.369688e-01,3.034867e-01,9.502115e-01,1.269717e-01,-4.551366e-03,-5.571263e-03,1.985488e-02,6.181682e-02
2.44250,0.318640,0.600090,3.374713e-01,3.038679e-01,9.501842e-01,1.269728e-01,-4.563204e-03,-5.560183e-03,1.985287e-02,6.182589e-02
2.44500,0.318382,0.600467,3.379738e-01,3.042490e-01,9.501564e-01,1.269738e-01,-4.575067e-03,-5.548832e-03,1.985086e-02,6.183495e-02
2.44750,0.318124,0.600845,3.384764e-01,3.046302e-01,9.501284e-01,1.269749e-01,-4.587012e-03,-5.537158e-03,1.984885e-02,6.184400e-02
2.45000,0.317867,0.601224,3.389789e-01,3.050115e-01,9.501003e-01,1.269760e-01,-4.599042e-03,-5.525256e-03,1.984684e-02,6.185304e-02
2.45250,0.317610,0.601603,3.394815e-01,3.053927e-01,9.500721e-01,1.269770e-01,-4.611184e-03,-5.513134e-03,1.984482e-02,6.186208e-02
2.45500,0.317354,0.601982,3.399841e-01,3.057739e-01,9.500440e-01,1.269781e-01,-4.623388e-03,-5.500911e-03,1.984280e-02,6.187111e-02
2.45750,0.317098,0.602362,3.404867e-01,3.061552e-01,9.500162e-01,1.269792e-01,-4.635812e-03,-5.488645e-03,1.984078e-02,6.188012e-02
2.46000,0.316842,0.602743,3.409893e-01,3.065364e-01,9.499888e-01,1.269802e-01,-4.648470e-03,-5.476463e-03,1.983874e-02,6.188913e-02
2.46250,0.316587,0.603124,3.414919e-01,3.069177e-01,9.499621e-01,1.269813e-01,-4.661288e-03,-5.464327e-03,1.983669e-02,6.189813e-02
2.46500,0.316333,0.603506,3.419946e-01,3.072990e-01,9.499361e-01,1.269823e-01,-4.674438e-03,-5.452156e-03,1.983463e-02,6.190713e-02
2.46750,0.316079,0.603888,3.424972e-01,3.076803e-01,9.499110e-01,1.269834e-01,-4.688004e-03,-5.439887e-03,1.983255e-02,6.191611e-02
2.47000,0.315825,0.604271,3.430005e-01,3.080616e-01,9.498868e-01,1.269845e-01,-4.701848e-03,-5.427403e-03,1.983045e-02,6.192508e-02
2.47250,0.315572,0.604655,3.435044e-01,3.084430e-01,9.498636e-01,1.269855e-01,-4.715779e-03,-5.414770e-03,1.982834e-02,6.193405e-02
2.47500,0.315319,0.605038,3.440083e-01,3.088243e-01,9.498412e-01,1.269866e-01,-4.729755e-03,-5.401946e-03,1.982622e-02,6.194300e-02
2.47750,0.315067,0.605423,3.445122e-01,3.092057e-01,9.498197e-01,1.269876e-01,-4.743819e-03,-5.388844e-03,1.982408e-02,6.195195e-02
2.48000,0.314816,0.605808,3.450162e-01,3.095870e-01,9.497988e-01,1.269887e-01,-4.757959e-03,-5.375540e-03,1.982193e-02,6.196088e-02
2.48250,0.314564,0.606193,3.455203e-01,3.099684e-01,9.497784e-01,1.269898e-01,-4.772199e-03,-5.362102e-03,1.981977e-02,6.196981e-02
2.48500,0.314314,0.606579,3.460255e-01,3.103497e-01,9.497582e-01,1.269908e-01,-4.786515e-03,-5.348620e-03,1.981759e-02,6.197873e-02
2.48750,0.314063,0.606966,3.465307e-01,3.107311e-01,9.497380e-01,1.269919e-01,-4.801055e-03,-5.335059e-03,1.981540e-02,6.198763e-02
2.49000,0.313814,0.607353,3.470359e-01,3.111125e-01,9.497174e-01,1.269929e-01,-4.815857e-03,-5.321369e-03,1.981319e-02,6.199653e-02
2.49250,0.313564,0.607741,3.475412e-01,3.114939e-01,9.496965e-01,1.269940e-01,-4.830818e-03,-5.307624e-03,1.981096e-02,6.200541e-02
2.49500,0.313315,0.608129,3.480465e-01,3.118752e-01,9.496751e-01,1.269950e-01,-4.845714e-03,-5.293979e-03,1.980871e-02,6.201428e-02
2.49750,0.313067,0.608518,3.485518e-01,3.122566e-01,9.496531e-01,1.269961e-01,-4.860407e-03,-5.280481e-03,1.980645e-02,6.202315e-02
2.50000,0.312819,0.608907,3.490571e-01,3.126380e-01,9.496307e-01,1.269972e-01,-4.875168e-03,-5.266980e-03,1.980418e-02,6.203200e-02
2.50250,0.312572,0.609296,3.495625e-01,3.130194e-01,9.496077e-01,1.269982e-01,-4.890091e-03,-5.253213e-03,1.980190e-02,6.204084e-02
2.50500,0.312325,0.609687,3.500679e-01,3.134008e-01,9.495842e-01,1.269993e-01,-4.905115e-03,-5.239144e-03,1.979959e-02,6.204967e-02
2.50750,0.312079,0.610077,3.505733e-01,3.137821e-01,9.495602e-01,1.270003e-01,-4.919977e-03,-5.225077e-03,1.979728e-02,6.205849e-02
2.51000,0.311833,0.610469,3.510788e-01,3.141635e-01,9.495360e-01,1.270014e-01,-4.934698e-03,-5.211119e-03,1.979496e-02,6.206729e-02
2.51250,0.311587,0.610861,3.515843e-01,3.145449e-01,9.495115e-01,1.270024e-01,-4.949294e-03,-5.197221e-03,1.979264e-02,6.207609e-02
2.51500,0.311343,0.611253,3.520898e-01,3.149263e-01,9.494870e-01,1.270035e-01,-4.963935e-03,-5.183296e-03,1.979031e-02,6.208487e-02
2.51750,0.311098,0.611646,3.525954e-01,3.153076e-01,9.494626e-01,1.270045e-01,-4.978687e-03,-5.169339e-03,1.978798e-02,6.209363e-02
2.52000,0.310854,0.612039,3.531010e-01,3.156890e-01,9.494382e-01,1.270055e-01,-4.993544e-03,-5.155453e-03,1.978563e-02,6.210239e-02
2.52250,0.310611,0.612433,3.536066e-01,3.160703e-01,9.494141e-01,1.270066e-01,-5.008373e-03,-5.141605e-03,1.978328e-02,6.211113e-02
2.52500,0.310368,0.612827,3.541122e-01,3.164517e-01,9.493903e-01,1.270076e-01,-5.022973e-03,-5.127749e-03,1.978092e-02,6.211986e-02
2.52750,0.310126,0.613222,3.546179e-01,3.168330e-01,9.493670e-01,1.270087e-01,-5.037208e-03,-5.113931e-03,1.977856e-02,6.212857e-02
2.53000,0.309884,0.613617,3.551236e-01,3.172143e-01,9.493440e-01,1.270097e-01,-5.051226e-03,-5.100108e-03,1.977619e-02,6.213727e-02
2.53250,0.309642,0.614013,3.556294e-01,3.175956e-01,9.493214e-01,1.270108e-01,-5.065169e-03,-5.086198e-03,1.977382e-02,6.214596e-02
2.53500,0.309402,0.614410,3.561351e-01,3.179769e-01,9.492989e-01,1.270118e-01,-5.079005e-03,-5.072314e-03,1.977145e-02,6.215463e-02
2.53750,0.309161,0.614807,3.566409e-01,3.183582e-01,9.492764e-01,1.270129e-01,-5.092761e-03,-5.058469e-03,1.976907e-02,6.216328e-02
2.54000,0.308921,0.615204,3.571467e-01,3.187395e-01,9.492537e-01,1.270139e-01,-5.106420e-03,-5.044626e-03,1.976668e-02,6.217192e-02
2.54250,0.308682,0.615602,3.576525e-01,3.191208e-01,9.492306e-01,1.270149e-01,-5.119935e-03,-5.030819e-03,1.976428e-02,6.218055e-02
2.54500,0.308443,0.616000,3.581583e-01,3.195020e-01,9.492071e-01,1.270160e-01,-5.133404e-03,-5.017001e-03,1.976187e-02,6.218916e-02
2.54750,0.308205,0.616399,3.586642e-01,3.198832e-01,9.491830e-01,1.270170e-01,-5.146985e-03,-5.003092e-03,1.975946e-02,6.219776e-02
2.55000,0.307967,0.616798,3.591701e-01,3.202645e-01,9.491584e-01,1.270181e-01,-5.160765e-03,-4.989031e-03,1.975703e-02,6.220633e-02
2.55250,0.307730,0.617198,3.596760e-01,3.206457e-01,9.491334e-01,1.270191e-01,-5.174734e-03,-4.974756e-03,1.975458e-02,6.221490e-02
2.55500,0.307493,0.617599,3.601819e-01,3.210268e-01,9.491080e-01,1.270201e-01,-5.188969e-03,-4.960194e-03,1.975211e-02,6.222344e-02
2.55750,0.307257,0.617999,3.606879e-01,3.214080e-01,9.490824e-01,1.270212e-01,-5.203453e-03,-4.945411e-03,1.974961e-02,6.223198e-02
2.56000,0.307021,0.618401,3.611939e-01,3.217891e-01,9.490566e-01,1.270222e-01,-5.218070e-03,-4.930534e-03,1.974709e-02,6.224049e-02
2.56250,0.306786,0.618802,3.617000e-01,3.221702e-01,9.490309e-01,1.270233e-01,-5.232889e-03,-4.915509e-03,1.974454e-02,6.224899e-02
2.56500,0.306552,0.619205,3.622060e-01,3.225513e-01,9.490053e-01,1.270243e-01,-5.247874e-03,-4.900428e-03,1.974197e-02,6.225747e-02
2.56750,0.306317,0.619608,3.627121e-01,3.229324e-01,9.489802e-01,1.270253e-01,-5.262978e-03,-4.885365e-03,1.973938e-02,6.226594e-02
2.57000,0.306084,0.620011,3.632182e-01,3.233135e-01,9.489555e-01,1.270264e-01,-5.278151e-03,-4.870292e-03,1.973677e-02,6.227438e-02
2.57250,0.305851,0.620415,3.637243e-01,3.236945e-01,9.489316e-01,1.270274e-01,-5.293533e-03,-4.855146e-03,1.973414e-02,6.228281e-02
2.57500,0.305618,0.620819,3.642305e-01,3.240755e-01,9.489085e-01,1.270284e-01,-5.309109e-03,-4.839930e-03,1.973148e-02,6.229123e-02
2.57750,0.305386,0.621223,3.647367e-01,3.244565e-01,9.488865e-01,1.270295e-01,-5.325028e-03,-4.824589e-03,1.972880e-02,6.229962e-02
2.58000,0.305155,0.621629,3.652429e-01,3.248374e-01,9.488655e-01,1.270305e-01,-5.341214e-03,-4.809056e-03,1.972610e-02,6.230799e-02
2.58250,0.304924,0.622034,3.657491e-01,3.252183e-01,9.488455e-01,1.270316e-01,-5.357396e-03,-4.793435e-03,1.972338e-02,6.231634e-02
2.58500,0.304693,0.622440,3.662554e-01,3.255992e-01,9.488262e-01,1.270326e-01,-5.373419e-03,-4.777790e-03,1.972066e-02,6.232468e-02
2.58750,0.304464,0.622847,3.667616e-01,3.259801e-01,9.488073e-01,1.270336e-01,-5.389488e-03,-4.762013e-03,1.971791e-02,6.233299e-02
2.59000,0.304234,0.623254,3.672679e-01,3.263609e-01,9.487886e-01,1.270347e-01,-5.405811e-03,-4.746262e-03,1.971514e-02,6.234128e-02
2.59250,0.304006,0.623662,3.677753e-01,3.267417e-01,9.487697e-01,1.270357e-01,-5.422439e-03,-4.730527e-03,1.971233e-02,6.234955e-02
2.59500,0.303777,0.624070,3.682828e-01,3.271224e-01,9.487505e-01,1.270367e-01,-5.439529e-03,-4.714570e-03,1.970949e-02,6.235779e-02
2.59750,0.303550,0.624478,3.687903e-01,3.275031e-01,9.487307e-01,1.270378e-01,-5.457049e-03,-4.698369e-03,1.970661e-02,6.236601e-02
2.60000,0.303323,0.624887,3.692979e-01,3.278838e-01,9.487102e-01,1.270388e-01,-5.474613e-03,-4.682167e-03,1.970370e-02,6.237421e-02
2.60250,0.303096,0.625296,3.698064e-01,3.282645e-01,9.486890e-01,1.270398e-01,-5.492170e-03,-4.665860e-03,1.970077e-02,6.238239e-02
2.60500,0.302870,0.625706,3.703152e-01,3.286451e-01,9.486672e-01,1.270409e-01,-5.509635e-03,-4.649456e-03,1.969782e-02,6.239054e-02
2.60750,0.302644,0.626117,3.708241e-01,3.290256e-01,9.486448e-01,1.270419e-01,-5.526904e-03,-4.633030e-03,1.969485e-02,6.239867e-02
2.61000,0.302420,0.626527,3.713330e-01,3.294061e-01,9.486219e-01,1.270429e-01,-5.544002e-03,-4.616548e-03,1.969187e-02,6.240677e-02
2.61250,0.302195,0.626939,3.718419e-01,3.297866e-01,9.485985e-01,1.270439e-01,-5.561053e-03,-4.599845e-03,1.968888e-02,6.241485e-02
2.61500,0.301971,0.627350,3.723509e-01,3.301670e-01,9.485750e-01,1.270450e-01,-5.577930e-03,-4.583038e-03,1.968588e-02,6.242290e-02
2.61750,0.301748,0.627763,3.728599e-01,3.305474e-01,9.485514e-01,1.270460e-01,-5.594527e-03,-4.566191e-03,1.968286e-02,6.243092e-02
2.62000,0.301525,0.628175,3.733690e-01,3.309278e-01,9.485279e-01,1.270470e-01,-5.610958e-03,-4.549199e-03,1.967984e-02,6.243892e-02
2.62250,0.301303,0.628588,3.738781e-01,3.313081e-01,9.485048e-01,1.270481e-01,-5.627254e-03,-4.532165e-03,1.967681e-02,6.244689e-02
2.62500,0.301082,0.629002,3.743873e-01,3.316883e-01,9.484822e-01,1.270491e-01,-5.643662e-03,-4.514992e-03,1.967376e-02,6.245483e-02
2.62750,0.300861,0.629416,3.748965e-01,3.320685e-01,9.484602e-01,1.270501e-01,-5.660268e-03,-4.497506e-03,1.967070e-02,6.246274e-02
2.63000,0.300640,0.629830,3.754057e-01,3.324486e-01,9.484387e-01,1.270511e-01,-5.676810e-03,-4.479782e-03,1.966761e-02,6.247063e-02
2.63250,0.300421,0.630245,3.759150e-01,3.328287e-01,9.484178e-01,1.270522e-01,-5.693100e-03,-4.462130e-03,1.966451e-02,6.247849e-02
2.63500,0.300201,0.630660,3.764244e-01,3.332088e-01,9.483972e-01,1.270532e-01,-5.709143e-03,-4.444642e-03,1.966140e-02,6.248631e-02
2.63750,0.299983,0.631076,3.769337e-01,3.335887e-01,9.483768e-01,1.270542e-01,-5.725076e-03,-4.427135e-03,1.965828e-02,6.249411e-02
2.64000,0.299764,0.631492,3.774431e-01,3.339687e-01,9.483563e-01,1.270552e-01,-5.740942e-03,-4.409450e-03,1.965513e-02,6.250188e-02
2.64250,0.299547,0.631908,3.779526e-01,3.343485e-01,9.483355e-01,1.270563e-01,-5.756834e-03,-4.391607e-03,1.965198e-02,6.250962e-02
2.64500,0.299330,0.632325,3.784620e-01,3.347283e-01,9.483143e-01,1.270573e-01,-5.772748e-03,-4.373598e-03,1.964881e-02,6.251733e-02
2.64750,0.299114,0.632743,3.789716e-01,3.351081e-01,9.482926e-01,1.270583e-01,-5.788755e-03,-4.355476e-03,1.964562e-02,6.252501e-02
2.65000,0.298898,0.633161,3.794811e-01,3.354878e-01,9.482704e-01,1.270593e-01,-5.804997e-03,-4.337175e-03,1.964241e-02,6.253266e-02
2.65250,0.298683,0.633579,3.799907e-01,3.358674e-01,9.482478e-01,1.270603e-01,-5.821639e-03,-4.318549e-03,1.963917e-02,6.254028e-02
2.65500,0.298468,0.633998,3.805004e-01,3.362470e-01,9.482248e-01,1.270614e-01,-5.838608e-03,-4.299681e-03,1.963590e-02,6.254787e-02
2.65750,0.298254,0.634417,3.810100e-01,3.366265e-01,9.482015e-01,1.270624e-01,-5.855718e-03,-4.280702e-03,1.963260e-02,6.255542e-02
2.66000,0.298040,0.634836,3.815197e-01,3.370059e-01,9.481780e-01,1.270634e-01,-5.872947e-03,-4.261623e-03,1.962927e-02,6.256295e-02
2.66250,0.297828,0.635256,3.820295e-01,3.373853e-01,9.481545e-01,1.270644e-01,-5.890350e-03,-4.242507e-03,1.962591e-02,6.257044e-02
2.66500,0.297615,0.635677,3.825393e-01,3.377646e-01,9.481312e-01,1.270654e-01,-5.907808e-03,-4.223439e-03,1.962252e-02,6.257790e-02
2.66750,0.297404,0.636098,3.830491e-01,3.381438e-01,9.481084e-01,1.270665e-01,-5.925195e-03,-4.204570e-03,1.961910e-02,6.258533e-02
2.67000,0.297192,0.636519,3.835590e-01,3.385230e-01,9.480863e-01,1.270675e-01,-5.942558e-03,-4.185797e-03,1.961566e-02,6.259272e-02
2.67250,0.296982,0.636941,3.840689e-01,3.389021e-01,9.480652e-01,1.270685e-01,-5.959990e-03,-4.167074e-03,1.961219e-02,6.260007e-02
2.67500,0.296772,0.637363,3.845789e-01,3.392811e-01,9.480452e-01,1.270695e-01,-5.977820e-03,-4.148203e-03,1.960868e-02,6.260739e-02
2.67750,0.296563,0.637785,3.850889e-01,3.396600e-01,9.480264e-01,1.270705e-01,-5.996154e-03,-4.129108e-03,1.960512e-02,6.261467e-02
2.68000,0.296354,0.638208,3.855989e-01,3.400389e-01,9.480085e-01,1.270716e-01,-6.015044e-03,-4.109666e-03,1.960151e-02,6.262192e-02
2.68250,0.296146,0.638631,3.861090e-01,3.404177e-01,9.479914e-01,1.270726e-01,-6.034387e-03,-4.089893e-03,1.959785e-02,6.262913e-02
2.68500,0.295939,0.639055,3.866192e-01,3.407964e-01,9.479747e-01,1.270736e-01,-6.053633e-03,-4.070092e-03,1.959415e-02,6.263630e-02
2.68750,0.295732,0.639479,3.871294e-01,3.411750e-01,9.479580e-01,1.270746e-01,-6.072683e-03,-4.050266e-03,1.959044e-02,6.264343e-02
2.69000,0.295525,0.639904,3.876396e-01,3.415536e-01,9.479410e-01,1.270756e-01,-6.091717e-03,-4.030160e-03,1.958670e-02,6.265052e-02
2.69250,0.295320,0.640328,3.881499e-01,3.419320e-01,9.479235e-01,1.270767e-01,-6.111079e-03,-4.009807e-03,1.958294e-02,6.265757e-02
2.69500,0.295115,0.640754,3.886603e-01,3.423104e-01,9.479053e-01,1.270777e-01,-6.130921e-03,-3.989384e-03,1.957914e-02,6.266458e-02
2.69750,0.294910,0.641179,3.891706e-01,3.426887e-01,9.478864e-01,1.270787e-01,-6.150978e-03,-3.968989e-03,1.957531e-02,6.267155e-02
2.70000,0.294707,0.641605,3.896811e-01,3.430669e-01,9.478667e-01,1.270797e-01,-6.171026e-03,-3.948689e-03,1.957145e-02,6.267848e-02
2.70250,0.294503,0.642032,3.901916e-01,3.434450e-01,9.478464e-01,1.270807e-01,-6.191167e-03,-3.928366e-03,1.956756e-02,6.268536e-02
2.70500,0.294301,0.642459,3.907021e-01,3.438230e-01,9.478255e-01,1.270818e-01,-6.211431e-03,-3.907835e-03,1.956364e-02,6.269219e-02
2.70750,0.294099,0.642886,3.912127e-01,3.442010e-01,9.478043e-01,1.270828e-01,-6.231648e-03,-3.887179e-03,1.955970e-02,6.269898e-02
2.71000,0.293898,0.643314,3.917234e-01,3.445788e-01,9.477828e-01,1.270838e-01,-6.251561e-03,-3.866441e-03,1.955574e-02,6.270573e-02
2.71250,0.293697,0.643742,3.922342e-01,3.449565e-01,9.477615e-01,1.270848e-01,-6.271119e-03,-3.845646e-03,1.955177e-02,6.271242e-02
2.71500,0.293497,0.644170,3.927469e-01,3.453342e-01,9.477403e-01,1.270858e-01,-6.290449e-03,-3.824858e-03,1.954780e-02,6.271908e-02
2.71750,0.293297,0.644599,3.932601e-01,3.457117e-01,9.477196e-01,1.270869e-01,-6.309573e-03,-3.804032e-03,1.954380e-02,6.272568e-02
2.72000,0.293099,0.645028,3.937735e-01,3.460891e-01,9.476996e-01,1.270879e-01,-6.328608e-03,-3.783171e-03,1.953980e-02,6.273223e-02
2.72250,0.292901,0.645457,3.942869e-01,3.464665e-01,9.476802e-01,1.270889e-01,-6.347592e-03,-3.762266e-03,1.953578e-02,6.273873e-02
2.72500,0.292703,0.645887,3.948003e-01,3.468437e-01,9.476614e-01,1.270899e-01,-6.366670e-03,-3.741235e-03,1.953175e-02,6.274519e-02
2.72750,0.292506,0.646317,3.953139e-01,3.472208e-01,9.476432e-01,1.270910e-01,-6.385792e-03,-3.719982e-03,1.952771e-02,6.275159e-02
2.73000,0.292310,0.646748,3.958275e-01,3.475978e-01,9.476253e-01,1.270920e-01,-6.404985e-03,-3.698531e-03,1.952364e-02,6.275794e-02
2.73250,0.292114,0.647179,3.963411e-01,3.479748e-01,9.476074e-01,1.270930e-01,-6.424424e-03,-3.676794e-03,1.951954e-02,6.276424e-02
2.73500,0.291920,0.647610,3.968549e-01,3.483516e-01,9.475893e-01,1.270940e-01,-6.443960e-03,-3.654946e-03,1.951542e-02,6.277049e-02
2.73750,0.291725,0.648042,3.973687e-01,3.487282e-01,9.475710e-01,1.270950e-01,-6.463561e-03,-3.632957e-03,1.951126e-02,6.277668e-02
2.74000,0.291532,0.648474,3.978825e-01,3.491048e-01,9.475524e-01,1.270961e-01,-6.483142e-03,-3.610728e-03,1.950708e-02,6.278283e-02
2.74250,0.291339,0.648907,3.983965e-01,3.494813e-01,9.475334e-01,1.270971e-01,-6.502686e-03,-3.588381e-03,1.950288e-02,6.278892e-02
2.74500,0.291146,0.649339,3.989105e-01,3.498576e-01,9.475140e-01,1.270981e-01,-6.522194e-03,-3.566082e-03,1.949866e-02,6.279495e-02
2.74750,0.290955,0.649772,3.994246e-01,3.502338e-01,9.474943e-01,1.270991e-01,-6.541811e-03,-3.543818e-03,1.949443e-02,6.280093e-02
2.75000,0.290764,0.650206,3.999388e-01,3.506099e-01,9.474743e-01,1.271002e-01,-6.561342e-03,-3.521641e-03,1.949019e-02,6.280686e-02
2.75250,0.290573,0.650640,4.004530e-01,3.509859e-01,9.474543e-01,1.271012e-01,-6.580923e-03,-3.499408e-03,1.948593e-02,6.281273e-02
2.75500,0.290384,0.651074,4.009673e-01,3.513618e-01,9.474342e-01,1.271022e-01,-6.600713e-03,-3.476990e-03,1.948165e-02,6.281855e-02
2.75750,0.290195,0.651508,4.014817e-01,3.517375e-01,9.474145e-01,1.271032e-01,-6.620933e-03,-3.454268e-03,1.947735e-02,6.282431e-02
2.76000,0.290006,0.651943,4.019962e-01,3.521131e-01,9.473953e-01,1.271043e-01,-6.641464e-03,-3.431219e-03,1.947301e-02,6.283002e-02
2.76250,0.289819,0.652378,4.025107e-01,3.524886e-01,9.473769e-01,1.271053e-01,-6.662096e-03,-3.407966e-03,1.946865e-02,6.283566e-02
2.76500,0.289632,0.652814,4.030253e-01,3.528639e-01,9.473596e-01,1.271063e-01,-6.682539e-03,-3.384789e-03,1.946428e-02,6.284125e-02
2.76750,0.289445,0.653250,4.035400e-01,3.532392e-01,9.473433e-01,1.271074e-01,-6.702944e-03,-3.361594e-03,1.945990e-02,6.284678e-02
2.77000,0.289260,0.653686,4.040548e-01,3.536142e-01,9.473280e-01,1.271084e-01,-6.723474e-03,-3.338260e-03,1.945551e-02,6.285224e-02
2.77250,0.289075,0.654122,4.045696e-01,3.539892e-01,9.473136e-01,1.271094e-01,-6.744154e-03,-3.314752e-03,1.945110e-02,6.285765e-02
2.77500,0.288890,0.654559,4.050845e-01,3.543640e-01,9.472998e-01,1.271105e-01,-6.765120e-03,-3.290956e-03,1.944666e-02,6.286299e-02
2.77750,0.288707,0.654996,4.055995e-01,3.547387e-01,9.472861e-01,1.271115e-01,-6.786386e-03,-3.266857e-03,1.944220e-02,6.286827e-02
2.78000,0.288524,0.655434,4.061146e-01,3.551132e-01,9.472723e-01,1.271125e-01,-6.807976e-03,-3.242554e-03,1.943770e-02,6.287349e-02
2.78250,0.288341,0.655871,4.066298e-01,3.554876e-01,9.472582e-01,1.271136e-01,-6.829936e-03,-3.217994e-03,1.943315e-02,6.287864e-02
2.78500,0.288160,0.656310,4.071450e-01,3.558618e-01,9.472435e-01,1.271146e-01,-6.852314e-03,-3.193188e-03,1.942856e-02,6.288372e-02
2.78750,0.287979,0.656748,4.076604e-01,3.562359e-01,9.472281e-01,1.271157e-01,-6.874906e-03,-3.168205e-03,1.942394e-02,6.288874e-02
2.79000,0.287799,0.657187,4.081758e-01,3.566099e-01,9.472121e-01,1.271167e-01,-6.897545e-03,-3.143226e-03,1.941928e-02,6.289369e-02
2.79250,0.287619,0.657626,4.086913e-01,3.569837e-01,9.471954e-01,1.271177e-01,-6.920071e-03,-3.118234e-03,1.941461e-02,6.289857e-02
2.79500,0.287440,0.658065,4.092069e-01,3.573573e-01,9.471782e-01,1.271188e-01,-6.942471e-03,-3.093384e-03,1.940992e-02,6.290337e-02
2.79750,0.287262,0.658505,4.097226e-01,3.577308e-01,9.471606e-01,1.271198e-01,-6.964940e-03,-3.068585e-03,1.940522e-02,6.290811e-02
2.80000,0.287085,0.658945,4.102384e-01,3.581042e-01,9.471427e-01,1.271209e-01,-6.987446e-03,-3.043667e-03,1.940050e-02,6.291277e-02
2.80250,0.286908,0.659385,4.107543e-01,3.584773e-01,9.471249e-01,1.271219e-01,-7.010082e-03,-3.018434e-03,1.939576e-02,6.291736e-02
2.80500,0.286732,0.659825,4.112702e-01,3.588503e-01,9.471075e-01,1.271230e-01,-7.032868e-03,-2.993031e-03,1.939099e-02,6.292186e-02
2.80750,0.286557,0.660266,4.117863e-01,3.592232e-01,9.470907e-01,1.271240e-01,-7.055664e-03,-2.967548e-03,1.938620e-02,6.292629e-02
2.81000,0.286382,0.660707,4.123024e-01,3.595959e-01,9.470748e-01,1.271251e-01,-7.078838e-03,-2.941897e-03,1.938136e-02,6.293064e-02
2.81250,0.286208,0.661149,4.128186e-01,3.599684e-01,9.470597e-01,1.271261e-01,-7.102322e-03,-2.916066e-03,1.937649e-02,6.293491e-02
2.81500,0.286035,0.661591,4.133349e-01,3.603408e-01,9.470454e-01,1.271272e-01,-7.125879e-03,-2.890062e-03,1.937160e-02,6.293910e-02
2.81750,0.285863,0.662033,4.138514e-01,3.607130e-01,9.470316e-01,1.271282e-01,-7.149324e-03,-2.863876e-03,1.936670e-02,6.294321e-02
2.82000,0.285691,0.662475,4.143679e-01,3.610850e-01,9.470180e-01,1.271293e-01,-7.172686e-03,-2.837600e-03,1.936178e-02,6.294723e-02
2.82250,0.285520,0.662917,4.148845e-01,3.614568e-01,9.470044e-01,1.271303e-01,-7.196029e-03,-2.811219e-03,1.935685e-02,6.295117e-02
2.82500,0.285350,0.663360,4.154012e-01,3.618285e-01,9.469904e-01,1.271314e-01,-7.219385e-03,-2.784892e-03,1.935191e-02,6.295503e-02
2.82750,0.285180,0.663803,4.159180e-01,3.622000e-01,9.469761e-01,1.271325e-01,-7.242748e-03,-2.758451e-03,1.934698e-02,6.295880e-02
2.83000,0.285012,0.664247,4.164349e-01,3.625713e-01,9.469612e-01,1.271335e-01,-7.266072e-03,-2.731877e-03,1.934205e-02,6.296249e-02
2.83250,0.284844,0.664690,4.169519e-01,3.629424e-01,9.469458e-01,1.271346e-01,-7.289343e-03,-2.705204e-03,1.933713e-02,6.296609e-02
2.83500,0.284676,0.665134,4.174690e-01,3.633134e-01,9.469299e-01,1.271356e-01,-7.312817e-03,-2.678194e-03,1.933220e-02,6.296960e-02
2.83750,0.284510,0.665578,4.179862e-01,3.636841e-01,9.469136e-01,1.271367e-01,-7.336657e-03,-2.650718e-03,1.932724e-02,6.297303e-02
2.84000,0.284344,0.666023,4.185035e-01,3.640547e-01,9.468972e-01,1.271378e-01,-7.360638e-03,-2.622900e-03,1.932226e-02,6.297637e-02
2.84250,0.284179,0.666467,4.190209e-01,3.644251e-01,9.468811e-01,1.271388e-01,-7.384703e-03,-2.594836e-03,1.931727e-02,6.297962e-02
2.84500,0.284014,0.666912,4.195384e-01,3.647953e-01,9.468655e-01,1.271399e-01,-7.408628e-03,-2.566638e-03,1.931228e-02,6.298278e-02
2.84750,0.283851,0.667358,4.200560e-01,3.651653e-01,9.468509e-01,1.271410e-01,-7.432314e-03,-2.538297e-03,1.930730e-02,6.298585e-02
2.85000,0.283688,0.667803,4.205737e-01,3.655350e-01,9.468376e-01,1.271420e-01,-7.455881e-03,-2.509810e-03,1.930233e-02,6.298883e-02
2.85250,0.283526,0.668249,4.210915e-01,3.659046e-01,9.468258e-01,1.271431e-01,-7.479527e-03,-2.481129e-03,1.929736e-02,6.299173e-02
2.85500,0.283364,0.668695,4.216095e-01,3.662740e-01,9.468155e-01,1.271442e-01,-7.503109e-03,-2.452365e-03,1.929238e-02,6.299453e-02
2.85750,0.283203,0.669141,4.221275e-01,3.666432e-01,9.468064e-01,1.271453e-01,-7.526427e-03,-2.423618e-03,1.928741e-02,6.299724e-02
2.86000,0.283044,0.669587,4.226456e-01,3.670122e-01,9.467981e-01,1.271464e-01,-7.549648e-03,-2.394798e-03,1.928245e-02,6.299986e-02
2.86250,0.282885,0.670034,4.231639e-01,3.673810e-01,9.467901e-01,1.271475e-01,-7.573142e-03,-2.365793e-03,1.927746e-02,6.300238e-02
2.86500,0.282726,0.670481,4.236822e-01,3.677496e-01,9.467820e-01,1.271486e-01,-7.597054e-03,-2.336731e-03,1.927246e-02,6.300482e-02
2.86750,0.282569,0.670928,4.242007e-01,3.681179e-01,9.467733e-01,1.271496e-01,-7.620847e-03,-2.307747e-03,1.926745e-02,6.300715e-02
2.87000,0.282412,0.671375,4.247193e-01,3.684861e-01,9.467638e-01,1.271507e-01,-7.644532e-03,-2.278653e-03,1.926245e-02,6.300940e-02
2.87250,0.282256,0.671823,4.252380e-01,3.688540e-01,9.467535e-01,1.271518e-01,-7.668340e-03,-2.249342e-03,1.925743e-02,6.301154e-02
2.87500,0.282100,0.672270,4.257568e-01,3.692217e-01,9.467422e-01,1.271529e-01,-7.692236e-03,-2.219820e-03,1.925242e-02,6.301359e-02
2.87750,0.281946,0.672718,4.262758e-01,3.695892e-01,9.467302e-01,1.271541e-01,-7.715986e-03,-2.190262e-03,1.924741e-02,6.301554e-02
2.88000,0.281792,0.673166,4.267948e-01,3.699564e-01,9.467176e-01,1.271552e-01,-7.739728e-03,-2.160608e-03,1.924239e-02,6.301738e-02
2.88250,0.281639,0.673615,4.273140e-01,3.703235e-01,9.467048e-01,1.271563e-01,-7.763619e-03,-2.130782e-03,1.923736e-02,6.301913e-02
2.88500,0.281487,0.674063,4.278333e-01,3.706903e-01,9.466920e-01,1.271574e-01,-7.787691e-03,-2.100702e-03,1.923232e-02,6.302077e-02
2.88750,0.281336,0.674512,4.283527e-01,3.710569e-01,9.466796e-01,1.271585e-01,-7.812143e-03,-2.070373e-03,1.922726e-02,6.302230e-02
2.89000,0.281185,0.674961,4.288722e-01,3.714232e-01,9.466679e-01,1.271596e-01,-7.837092e-03,-2.039787e-03,1.922216e-02,6.302373e-02
2.89250,0.281035,0.675410,4.293919e-01,3.717893e-01,9.466572e-01,1.271608e-01,-7.862480e-03,-2.009158e-03,1.921703e-02,6.302504e-02
2.89500,0.280886,0.675860,4.299117e-01,3.721552e-01,9.466475e-01,1.271619e-01,-7.888142e-03,-1.978396e-03,1.921189e-02,6.302625e-02
2.89750,0.280738,0.676309,4.304316e-01,3.725209e-01,9.466390e-01,1.271630e-01,-7.914020e-03,-1.947471e-03,1.920673e-02,6.302735e-02
2.90000,0.280591,0.676759,4.309517e-01,3.728863e-01,9.466311e-01,1.271642e-01,-7.940189e-03,-1.916316e-03,1.920156e-02,6.302833e-02
2.90250,0.280444,0.677209,4.314718e-01,3.732514e-01,9.466238e-01,1.271653e-01,-7.966450e-03,-1.885110e-03,1.919639e-02,6.302920e-02
2.90500,0.280298,0.677659,4.319921e-01,3.736163e-01,9.466164e-01,1.271665e-01,-7.992521e-03,-1.853872e-03,1.919125e-02,6.302995e-02
2.90750,0.280153,0.678110,4.325126e-01,3.739810e-01,9.466088e-01,1.271676e-01,-8.018797e-03,-1.822348e-03,1.918610e-02,6.303058e-02
2.91000,0.280009,0.678560,4.330332e-01,3.743454e-01,9.466008e-01,1.271688e-01,-8.045245e-03,-1.790685e-03,1.918097e-02,6.303110e-02
2.91250,0.279866,0.679011,4.335538e-01,3.747095e-01,9.465921e-01,1.271699e-01,-8.071931e-03,-1.758849e-03,1.917583e-02,6.303150e-02
2.91500,0.279723,0.679462,4.340747e-01,3.750734e-01,9.465828e-01,1.271711e-01,-8.098868e-03,-1.726786e-03,1.917069e-02,6.303177e-02
2.91750,0.279581,0.679913,4.345956e-01,3.754371e-01,9.465729e-01,1.271722e-01,-8.126168e-03,-1.694487e-03,1.916554e-02,6.303192e-02
2.92000,0.279440,0.680364,4.351167e-01,3.758005e-01,9.465627e-01,1.271734e-01,-8.153982e-03,-1.661893e-03,1.916037e-02,6.303195e-02
2.92250,0.279300,0.680815,4.356379e-01,3.761636e-01,9.465523e-01,1.271746e-01,-8.182457e-03,-1.628996e-03,1.915517e-02,6.303185e-02
2.92500,0.279161,0.681267,4.361593e-01,3.765265e-01,9.465422e-01,1.271758e-01,-8.211220e-03,-1.595921e-03,1.914997e-02,6.303162e-02
2.92750,0.279022,0.681719,4.366808e-01,3.768890e-01,9.465327e-01,1.271769e-01,-8.239905e-03,-1.562865e-03,1.914477e-02,6.303126e-02
2.93000,0.278885,0.682170,4.372024e-01,3.772514e-01,9.465242e-01,1.271781e-01,-8.268190e-03,-1.529960e-03,1.913959e-02,6.303077e-02
2.93250,0.278748,0.682622,4.377242e-01,3.776134e-01,9.465171e-01,1.271793e-01,-8.296144e-03,-1.496993e-03,1.913444e-02,6.303014e-02
2.93500,0.278612,0.683075,4.382461e-01,3.779752e-01,9.465116e-01,1.271805e-01,-8.323838e-03,-1.463773e-03,1.912933e-02,6.302939e-02
2.93750,0.278477,0.683527,4.387682e-01,3.783366e-01,9.465076e-01,1.271817e-01,-8.351301e-03,-1.430370e-03,1.912424e-02,6.302850e-02
2.94000,0.278343,0.683979,4.392904e-01,3.786978e-01,9.465049e-01,1.271829e-01,-8.378715e-03,-1.396944e-03,1.911917e-02,6.302748e-02
2.94250,0.278209,0.684432,4.398127e-01,3.790588e-01,9.465029e-01,1.271841e-01,-8.406108e-03,-1.363440e-03,1.911413e-02,6.302633e-02
2.94500,0.278077,0.684884,4.403352e-01,3.794194e-01,9.461700e-01,1.271854e-01,-8.433546e-03,-1.329824e-03,1.910911e-02,6.302504e-02
2.94750,0.277945,0.685337,4.408579e-01,3.797798e-01,9.458224e-01,1.271866e-01,-8.461090e-03,-1.295989e-03,1.910410e-02,6.302362e-02
2.95000,0.277814,0.685790,4.413807e-01,3.801398e-01,9.454732e-01,1.271878e-01,-8.488609e-03,-1.261951e-03,1.909911e-02,6.302206e-02
2.95250,0.277684,0.686243,4.419036e-01,3.804996e-01,9.451226e-01,1.271890e-01,-8.515868e-03,-1.227671e-03,1.909415e-02,6.302037e-02
2.95500,0.277555,0.686696,4.424267e-01,3.808590e-01,9.447706e-01,1.271903e-01,-8.542861e-03,-1.193205e-03,1.908923e-02,6.301854e-02
2.95750,0.277426,0.687149,4.429499e-01,3.812182e-01,9.444173e-01,1.271915e-01,-8.569623e-03,-1.158623e-03,1.908435e-02,6.301657e-02
2.96000,0.277299,0.687603,4.434733e-01,3.815771e-01,9.440627e-01,1.271928e-01,-8.596198e-03,-1.123953e-03,1.907953e-02,6.301446e-02
2.96250,0.277172,0.688056,4.439968e-01,3.819356e-01,9.437069e-01,1.271940e-01,-8.622621e-03,-1.089202e-03,1.907475e-02,6.301222e-02
2.96500,0.277047,0.688510,4.445205e-01,3.822939e-01,9.433498e-01,1.271953e-01,-8.648941e-03,-1.054369e-03,1.907002e-02,6.300984e-02
2.96750,0.276922,0.688964,4.450444e-01,3.826518e-01,9.429913e-01,1.271966e-01,-8.675087e-03,-1.019511e-03,1.906532e-02,6.300732e-02
2.97000,0.276798,0.689417,4.455684e-01,3.830094e-01,9.426313e-01,1.271978e-01,-8.701003e-03,-9.846706e-04,1.906068e-02,6.300466e-02
2.97250,0.276675,0.689871,4.460959e-01,3.833668e-01,9.422696e-01,1.271991e-01,-8.726835e-03,-9.496459e-04,1.905607e-02,6.300186e-02
2.97500,0.276552,0.690325,4.466237e-01,3.837238e-01,9.419064e-01,1.272004e-01,-8.752668e-03,-9.143275e-04,1.905150e-02,6.299892e-02
2.97750,0.276431,0.690779,4.471518e-01,3.840804e-01,9.415414e-01,1.272017e-01,-8.778534e-03,-8.786945e-04,1.904697e-02,6.299583e-02
2.98000,0.276311,0.691234,4.476800e-01,3.844368e-01,9.411745e-01,1.272030e-01,-8.804391e-03,-8.428916e-04,1.904248e-02,6.299261e-02
2.98250,0.276191,0.691688,4.482084e-01,3.847928e-01,9.408058e-01,1.272043e-01,-8.830204e-03,-8.068735e-04,1.903803e-02,6.298925e-02
2.98500,0.276072,0.692142,4.487369e-01,3.851486e-01,9.404353e-01,1.272057e-01,-8.856231e-03,-7.706805e-04,1.903361e-02,6.298575e-02
2.98750,0.275955,0.692596,4.492657e-01,3.855039e-01,9.400631e-01,1.272070e-01,-8.882514e-03,-7.343721e-04,1.902921e-02,6.298210e-02
2.99000,0.275838,0.693051,4.497946e-01,3.858590e-01,9.396893e-01,1.272083e-01,-8.909168e-03,-6.978993e-04,1.902484e-02,6.297830e-02
2.99250,0.275722,0.693505,4.503237e-01,3.862137e-01,9.393141e-01,1.272097e-01,-8.936012e-03,-6.615000e-04,1.902048e-02,6.297435e-02
2.99500,0.275606,0.693960,4.508530e-01,3.865681e-01,9.389376e-01,1.272110e-01,-8.963039e-03,-6.252093e-04,1.901615e-02,6.297026e-02
2.99750,0.275492,0.694415,4.513825e-01,3.869221e-01,9.385601e-01,1.272124e-01,-8.990232e-03,-5.889947e-04,1.901184e-02,6.296601e-02
3.00000,0.275379,0.694869,4.519122e-01,3.872758e-01,9.381816e-01,1.272138e-01,-9.017684e-03,-5.526074e-04,1.900755e-02,6.296161e-02
3.00250,0.275267,0.695324,4.524421e-01,3.876292e-01,9.378021e-01,1.272152e-01,-9.045709e-03,-5.157387e-04,1.900326e-02,6.295705e-02
3.00500,0.275155,0.695779,4.529722e-01,3.879822e-01,9.374217e-01,1.272165e-01,-9.074428e-03,-4.784519e-04,1.899898e-02,6.295234e-02
3.00750,0.275045,0.696234,4.535024e-01,3.883349e-01,9.370403e-01,1.272179e-01,-9.103894e-03,-4.408004e-04,1.899469e-02,6.294746e-02
3.01000,0.274935,0.696688,4.540329e-01,3.886872e-01,9.366579e-01,1.272193e-01,-9.133621e-03,-4.029546e-04,1.899041e-02,6.294243e-02
3.01250,0.274826,0.697143,4.545636e-01,3.890391e-01,9.362743e-01,1.272208e-01,-9.163233e-03,-3.649847e-04,1.898616e-02,6.293723e-02
3.01500,0.274718,0.697598,4.550945e-01,3.893907e-01,9.358895e-01,1.272222e-01,-9.192698e-03,-3.270482e-04,1.898194e-02,6.293187e-02
3.01750,0.274612,0.698053,4.556256e-01,3.897420e-01,9.355034e-01,1.272236e-01,-9.222154e-03,-2.889058e-04,1.897776e-02,6.292634e-02
3.02000,0.274506,0.698508,4.561569e-01,3.900928e-01,9.351160e-01,1.272251e-01,-9.251858e-03,-2.505018e-04,1.897362e-02,6.292064e-02
3.02250,0.274401,0.698963,4.566884e-01,3.904433e-01,9.347275e-01,1.272265e-01,-9.281636e-03,-2.120203e-04,1.896952e-02,6.291477e-02
3.02500,0.274296,0.699418,4.572201e-01,3.907935e-01,9.343378e-01,1.272280e-01,-9.311243e-03,-1.736294e-04,1.896548e-02,6.290873e-02
3.02750,0.274193,0.699873,4.577520e-01,3.911432e-01,9.339471e-01,1.272295e-01,-9.340713e-03,-1.352318e-04,1.896150e-02,6.290252e-02
3.03000,0.274091,0.700328,4.582841e-01,3.914926e-01,9.335553e-01,1.272309e-01,-9.370240e-03,-9.672385e-05,1.895758e-02,6.289613e-02
3.03250,0.273990,0.700783,4.588164e-01,3.918416e-01,9.331625e-01,1.272324e-01,-9.399671e-03,-5.814297e-05,1.895372e-02,6.288957e-02
3.03500,0.273890,0.701238,4.593489e-01,3.921903e-01,9.327684e-01,1.272339e-01,-9.428962e-03,-1.950244e-05,1.894991e-02,6.288283e-02
3.03750,0.273790,0.701694,4.598816e-01,3.925385e-01,9.323730e-01,1.272355e-01,-9.458407e-03,1.933760e-05,1.894613e-02,6.287591e-02
3.04000,0.273692,0.702149,4.604145e-01,3.928864e-01,9.319761e-01,1.272370e-01,-9.488092e-03,5.845885e-05,1.894240e-02,6.286881e-02
3.04250,0.273594,0.702604,4.609477e-01,3.932339e-01,9.315778e-01,1.272385e-01,-9.518154e-03,9.793061e-05,1.893870e-02,6.286153e-02
3.04500,0.273498,0.703059,4.614810e-01,3.935810e-01,9.311782e-01,1.272401e-01,-9.548515e-03,1.377794e-04,1.893505e-02,6.285407e-02
3.04750,0.273402,0.703514,4.620146e-01,3.939277e-01,9.307773e-01,1.272416e-01,-9.579022e-03,1.780593e-04,1.893145e-02,6.284642e-02
3.05000,0.273308,0.703969,4.625484e-01,3.942740e-01,9.303751e-01,1.272432e-01,-9.609277e-03,2.184279e-04,1.892792e-02,6.283858e-02
3.05250,0.273214,0.704424,4.630824e-01,3.946199e-01,9.299717e-01,1.272448e-01,-9.639379e-03,2.589429e-04,1.892446e-02,6.283056e-02
3.05500,0.273121,0.704879,4.636167e-01,3.949654e-01,9.295672e-01,1.272464e-01,-9.669225e-03,2.994212e-04,1.892108e-02,6.282235e-02
3.05750,0.273030,0.705333,4.641511e-01,3.953105e-01,9.291615e-01,1.272480e-01,-9.698418e-03,3.394009e-04,1.891780e-02,6.281396e-02
3.06000,0.272939,0.705788,4.646858e-01,3.956551e-01,9.287548e-01,1.272496e-01,-9.727323e-03,3.790971e-04,1.891462e-02,6.280539e-02
3.06250,0.272849,0.706243,4.652207e-01,3.959994e-01,9.283473e-01,1.272512e-01,-9.756157e-03,4.187005e-04,1.891152e-02,6.279663e-02
3.06500,0.272761,0.706698,4.657559e-01,3.963433e-01,9.279391e-01,1.272529e-01,-9.784579e-03,4.582751e-04,1.890852e-02,6.278768e-02
3.06750,0.272673,0.707153,4.662912e-01,3.966867e-01,9.275304e-01,1.272545e-01,-9.812923e-03,4.980531e-04,1.890559e-02,6.277856e-02
3.07000,0.272586,0.707607,4.668268e-01,3.970298e-01,9.271213e-01,1.272562e-01,-9.841213e-03,5.381405e-04,1.890274e-02,6.276924e-02
3.07250,0.272500,0.708062,4.673626e-01,3.973724e-01,9.267120e-01,1.272579e-01,-9.869712e-03,5.786866e-04,1.889995e-02,6.275975e-02
3.07500,0.272416,0.708517,4.678987e-01,3.977145e-01,9.263023e-01,1.272596e-01,-9.898452e-03,6.196441e-04,1.889721e-02,6.275008e-02
3.07750,0.272332,0.708971,4.684350e-01,3.980563e-01,9.258924e-01,1.272613e-01,-9.926922e-03,6.606940e-04,1.889455e-02,6.274022e-02
3.08000,0.272249,0.709425,4.689715e-01,3.983976e-01,9.254821e-01,1.272630e-01,-9.954773e-03,7.017285e-04,1.889199e-02,6.273018e-02
3.08250,0.272167,0.709880,4.695083e-01,3.987385e-01,9.250713e-01,1.272647e-01,-9.982175e-03,7.427489e-04,1.888954e-02,6.271995e-02
3.08500,0.272087,0.710334,4.700453e-01,3.990790e-01,9.246599e-01,1.272665e-01,-1.000924e-02,7.837945e-04,1.888720e-02,6.270954e-02
3.08750,0.272007,0.710788,4.705825e-01,3.994190e-01,9.242478e-01,1.272683e-01,-1.003630e-02,8.249712e-04,1.888496e-02,6.269895e-02
3.09000,0.271928,0.711242,4.711200e-01,3.997586e-01,9.238349e-01,1.272700e-01,-1.006333e-02,8.664564e-04,1.888283e-02,6.268818e-02
3.09250,0.271850,0.711696,4.716577e-01,4.000978e-01,9.234212e-01,1.272719e-01,-1.009024e-02,9.081200e-04,1.888079e-02,6.267723e-02
3.09500,0.271774,0.712150,4.721957e-01,4.004365e-01,9.230068e-01,1.272737e-01,-1.011723e-02,9.499629e-04,1.887883e-02,6.266609e-02
3.09750,0.271698,0.712604,4.727369e-01,4.007747e-01,9.225918e-01,1.272755e-01,-1.014425e-02,9.918201e-04,1.887695e-02,6.265477e-02
3.10000,0.271623,0.713058,4.732792e-01,4.011126e-01,9.221765e-01,1.272774e-01,-1.017098e-02,1.033689e-03,1.887517e-02,6.264327e-02
3.10250,0.271550,0.713512,4.738217e-01,4.014499e-01,9.217607e-01,1.272792e-01,-1.019728e-02,1.075738e-03,1.887350e-02,6.263158e-02
3.10500,0.271477,0.713965,4.743646e-01,4.017868e-01,9.213447e-01,1.272811e-01,-1.022335e-02,1.117965e-03,1.887191e-02,6.261971e-02
3.10750,0.271405,0.714418,4.749077e-01,4.021233e-01,9.209284e-01,1.272830e-01,-1.024925e-02,1.160314e-03,1.887041e-02,6.260766e-02
3.11000,0.271335,0.714872,4.754511e-01,4.024593e-01,9.205116e-01,1.272850e-01,-1.027504e-02,1.202837e-03,1.886901e-02,6.259543e-02
3.11250,0.271265,0.715325,4.759948e-01,4.027948e-01,9.200944e-01,1.272869e-01,-1.030066e-02,1.245199e-03,1.886770e-02,6.258301e-02
3.11500,0.271197,0.715778,4.765387e-01,4.031299e-01,9.196766e-01,1.272889e-01,-1.032590e-02,1.287132e-03,1.886649e-02,6.257041e-02
3.11750,0.271129,0.716231,4.770829e-01,4.034645e-01,9.192584e-01,1.272908e-01,-1.035110e-02,1.328891e-03,1.886538e-02,6.255762e-02
3.12000,0.271063,0.716684,4.776274e-01,4.037986e-01,9.188398e-01,1.272928e-01,-1.037628e-02,1.370425e-03,1.886435e-02,6.254464e-02
3.12250,0.270997,0.717136,4.781722e-01,4.041322e-01,9.184208e-01,1.272949e-01,-1.040152e-02,1.411815e-03,1.886341e-02,6.253146e-02
3.12500,0.270933,0.717589,4.787172e-01,4.044654e-01,9.180013e-01,1.272969e-01,-1.042722e-02,1.453238e-03,1.886254e-02,6.251810e-02
3.12750,0.270870,0.718041,4.792626e-01,4.047981e-01,9.175815e-01,1.272990e-01,-1.045324e-02,1.494798e-03,1.886174e-02,6.250453e-02
3.13000,0.270807,0.718493,4.798082e-01,4.051304e-01,9.170787e-01,1.273010e-01,-1.047961e-02,1.536540e-03,1.886102e-02,6.249077e-02
3.13250,0.270746,0.718945,4.803541e-01,4.054621e-01,9.165338e-01,1.273031e-01,-1.050662e-02,1.578678e-03,1.886036e-02,6.247681e-02
3.13500,0.270686,0.719397,4.809003e-01,4.057934e-01,9.159864e-01,1.273053e-01,-1.053439e-02,1.621302e-03,1.885975e-02,6.246265e-02
3.13750,0.270627,0.719849,4.814468e-01,4.061242e-01,9.154364e-01,1.273074e-01,-1.056251e-02,1.664272e-03,1.885919e-02,6.244829e-02
3.14000,0.270569,0.720300,4.819936e-01,4.064545e-01,9.148839e-01,1.273096e-01,-1.059065e-02,1.707415e-03,1.885872e-02,6.243372e-02
3.14250,0.270512,0.720752,4.825407e-01,4.067843e-01,9.143289e-01,1.273118e-01,-1.061860e-02,1.750467e-03,1.885836e-02,6.241896e-02
3.14500,0.270456,0.721203,4.830880e-01,4.071136e-01,9.137717e-01,1.273140e-01,-1.064627e-02,1.793335e-03,1.885810e-02,6.240399e-02
3.14750,0.270401,0.721654,4.836357e-01,4.074424e-01,9.132124e-01,1.273162e-01,-1.067359e-02,1.835914e-03,1.885797e-02,6.238881e-02
3.15000,0.270348,0.722105,4.841837e-01,4.077708e-01,9.126511e-01,1.273184e-01,-1.070051e-02,1.878165e-03,1.885796e-02,6.237343e-02
3.15250,0.270295,0.722555,4.847319e-01,4.080986e-01,9.120882e-01,1.273207e-01,-1.072734e-02,1.920444e-03,1.885807e-02,6.235785e-02
3.15500,0.270243,0.723006,4.852805e-01,4.084259e-01,9.115239e-01,1.273230e-01,-1.075445e-02,1.962802e-03,1.885829e-02,6.234205e-02
3.15750,0.270193,0.723456,4.858294e-01,4.087527e-01,9.109580e-01,1.273253e-01,-1.078183e-02,2.005205e-03,1.885861e-02,6.232605e-02
3.16000,0.270144,0.723906,4.863786e-01,4.090790e-01,9.103905e-01,1.273277e-01,-1.080937e-02,2.047698e-03,1.885903e-02,6.230984e-02
3.16250,0.270095,0.724356,4.869281e-01,4.094048e-01,9.098208e-01,1.273300e-01,-1.083691e-02,2.090266e-03,1.885954e-02,6.229341e-02
3.16500,0.270048,0.724805,4.874778e-01,4.097301e-01,9.092486e-01,1.273324e-01,-1.086444e-02,2.133042e-03,1.886017e-02,6.227678e-02
3.16750,0.270002,0.725255,4.880279e-01,4.100549e-01,9.086736e-01,1.273348e-01,-1.089181e-02,2.176123e-03,1.886091e-02,6.225993e-02
3.17000,0.269957,0.725704,4.885784e-01,4.103792e-01,9.080961e-01,1.273373e-01,-1.091896e-02,2.219554e-03,1.886177e-02,6.224287e-02
3.17250,0.269913,0.726153,4.891291e-01,4.107029e-01,9.075164e-01,1.273397e-01,-1.094577e-02,2.263172e-03,1.886276e-02,6.222560e-02
3.17500,0.269870,0.726602,4.896802e-01,4.110261e-01,9.069349e-01,1.273422e-01,-1.097267e-02,2.306633e-03,1.886387e-02,6.220812e-02
3.17750,0.269828,0.727050,4.902315e-01,4.113488e-01,9.063517e-01,1.273448e-01,-1.099995e-02,2.349861e-03,1.886508e-02,6.219043e-02
3.18000,0.269788,0.727498,4.907832e-01,4.116710e-01,9.057673e-01,1.273473e-01,-1.102735e-02,2.392749e-03,1.886641e-02,6.217252e-02
3.18250,0.269748,0.727947,4.913352e-01,4.119926e-01,9.051816e-01,1.273499e-01,-1.105437e-02,2.435127e-03,1.886786e-02,6.215440e-02
3.18500,0.269710,0.728394,4.918875e-01,4.123137e-01,9.045947e-01,1.273525e-01,-1.108083e-02,2.477251e-03,1.886948e-02,6.213606e-02
3.18750,0.269672,0.728842,4.924402e-01,4.126343e-01,9.040068e-01,1.273551e-01,-1.110701e-02,2.519512e-03,1.887124e-02,6.211751e-02
3.19000,0.269636,0.729289,4.929931e-01,4.129543e-01,9.034179e-01,1.273577e-01,-1.113300e-02,2.562031e-03,1.887314e-02,6.209874e-02
3.19250,0.269601,0.729736,4.935464e-01,4.132739e-01,9.028283e-01,1.273604e-01,-1.115840e-02,2.604535e-03,1.887520e-02,6.207975e-02
3.19500,0.269567,0.730183,4.941001e-01,4.135928e-01,9.022379e-01,1.273631e-01,-1.118321e-02,2.647020e-03,1.887743e-02,6.206056e-02
3.19750,0.269534,0.730629,4.946540e-01,4.139112e-01,9.016469e-01,1.273659e-01,-1.120746e-02,2.689624e-03,1.887983e-02,6.204116e-02
3.20000,0.269503,0.731076,4.952084e-01,4.142291e-01,9.010553e-01,1.273686e-01,-1.123138e-02,2.732552e-03,1.888238e-02,6.202155e-02
3.20250,0.269472,0.731522,4.957630e-01,4.145465e-01,9.004629e-01,1.273714e-01,-1.125511e-02,2.775549e-03,1.888509e-02,6.200174e-02
3.20500,0.269442,0.731967,4.963180e-01,4.148633e-01,8.998699e-01,1.273742e-01,-1.127889e-02,2.818674e-03,1.888793e-02,6.198173e-02
3.20750,0.269414,0.732413,4.968733e-01,4.151795e-01,8.992760e-01,1.273771e-01,-1.130270e-02,2.861963e-03,1.889092e-02,6.196151e-02
3.21000,0.269387,0.732858,4.974290e-01,4.154952e-01,8.986813e-01,1.273800e-01,-1.132634e-02,2.905364e-03,1.889405e-02,6.194110e-02
3.21250,0.269361,0.733303,4.979850e-01,4.158103e-01,8.980857e-01,1.273829e-01,-1.134971e-02,2.948711e-03,1.889734e-02,6.192049e-02
3.21500,0.269336,0.733747,4.985414e-01,4.161249e-01,8.974894e-01,1.273859e-01,-1.137253e-02,2.991884e-03,1.890079e-02,6.189968e-02
3.21750,0.269312,0.734191,4.990981e-01,4.164390e-01,8.968926e-01,1.273889e-01,-1.139483e-02,3.034789e-03,1.890440e-02,6.187868e-02
3.22000,0.269290,0.734635,4.996551e-01,4.167524e-01,8.962954e-01,1.273919e-01,-1.141664e-02,3.077424e-03,1.890819e-02,6.185748e-02
3.22250,0.269268,0.735079,5.002154e-01,4.170653e-01,8.956982e-01,1.273949e-01,-1.143789e-02,3.119803e-03,1.891216e-02,6.183609e-02
3.22500,0.269248,0.735522,5.007774e-01,4.173777e-01,8.951012e-01,1.273980e-01,-1.145846e-02,3.161931e-03,1.891630e-02,6.181451e-02
3.22750,0.269229,0.735965,5.013397e-01,4.176895e-01,8.945046e-01,1.274011e-01,-1.147872e-02,3.204012e-03,1.892058e-02,6.179274e-02
3.23000,0.269211,0.736408,5.019024e-01,4.180007e-01,8.939085e-01,1.274043e-01,-1.149910e-02,3.246203e-03,1.892497e-02,6.177079e-02
3.23250,0.269194,0.736850,5.024655e-01,4.183113e-01,8.933128e-01,1.274075e-01,-1.151953e-02,3.288507e-03,1.892948e-02,6.174865e-02
3.23500,0.269178,0.737292,5.030289e-01,4.186214e-01,8.927176e-01,1.274107e-01,-1.153981e-02,3.330752e-03,1.893411e-02,6.172632e-02
3.23750,0.269163,0.737734,5.035928e-01,4.189310e-01,8.921228e-01,1.274139e-01,-1.155998e-02,3.373081e-03,1.893887e-02,6.170381e-02
3.24000,0.269150,0.738175,5.041570e-01,4.192399e-01,8.915284e-01,1.274172e-01,-1.157983e-02,3.415395e-03,1.894377e-02,6.168112e-02
3.24250,0.269138,0.738616,5.047217e-01,4.195483e-01,8.909339e-01,1.274205e-01,-1.159879e-02,3.457158e-03,1.894884e-02,6.165824e-02
3.24500,0.269127,0.739057,5.052867e-01,4.198561e-01,8.903388e-01,1.274239e-01,-1.161705e-02,3.498182e-03,1.895408e-02,6.163518e-02
3.24750,0.269117,0.739497,5.058521e-01,4.201633e-01,8.897430e-01,1.274273e-01,-1.163509e-02,3.538909e-03,1.895946e-02,6.161195e-02
3.25000,0.269108,0.739937,5.064179e-01,4.204699e-01,8.891461e-01,1.274308e-01,-1.165304e-02,3.579559e-03,1.896499e-02,6.158853e-02
3.25250,0.269100,0.740377,5.069841e-01,4.207760e-01,8.885482e-01,1.274342e-01,-1.167081e-02,3.620306e-03,1.897067e-02,6.156494e-02
3.25500,0.269094,0.740816,5.075508e-01,4.210815e-01,8.879492e-01,1.274378e-01,-1.168811e-02,3.660985e-03,1.897652e-02,6.154116e-02
3.25750,0.269089,0.741255,5.081178e-01,4.213864e-01,8.873492e-01,1.274413e-01,-1.170473e-02,3.701337e-03,1.898254e-02,6.151721e-02
3.26000,0.269085,0.741693,5.086852e-01,4.216907e-01,8.867482e-01,1.274449e-01,-1.172118e-02,3.741754e-03,1.898872e-02,6.149308e-02
3.26250,0.269082,0.742132,5.092530e-01,4.219945e-01,8.861462e-01,1.274485e-01,-1.173771e-02,3.782403e-03,1.899503e-02,6.146878e-02
3.26500,0.269080,0.742569,5.098213e-01,4.222976e-01,8.855432e-01,1.274522e-01,-1.175419e-02,3.823153e-03,1.900150e-02,6.144430e-02
3.26750,0.269080,0.743007,5.103899e-01,4.226002e-01,8.849395e-01,1.274559e-01,-1.177054e-02,3.863932e-03,1.900811e-02,6.141964e-02
3.27000,0.269080,0.743444,5.109589e-01,4.229022e-01,8.843353e-01,1.274597e-01,-1.178683e-02,3.904786e-03,1.901488e-02,6.139481e-02
3.27250,0.269082,0.743880,5.115284e-01,4.232036e-01,8.837311e-01,1.274635e-01,-1.180306e-02,3.945630e-03,1.902179e-02,6.136979e-02
3.27500,0.269085,0.744317,5.120983e-01,4.235044e-01,8.831272e-01,1.274674e-01,-1.181914e-02,3.986313e-03,1.902883e-02,6.134460e-02
3.27750,0.269089,0.744752,5.126686e-01,4.238046e-01,8.825238e-01,1.274712e-01,-1.183548e-02,4.026838e-03,1.903600e-02,6.131923e-02
3.28000,0.269095,0.745188,5.132393e-01,4.241042e-01,8.819213e-01,1.274752e-01,-1.185240e-02,4.067309e-03,1.904326e-02,6.129368e-02
3.28250,0.269101,0.745623,5.138105e-01,4.244033e-01,8.813199e-01,1.274792e-01,-1.186949e-02,4.107424e-03,1.905065e-02,6.126794e-02
3.28500,0.269109,0.746057,5.143820e-01,4.247017e-01,8.807198e-01,1.274832e-01,-1.188662e-02,4.147250e-03,1.905818e-02,6.124202e-02
3.28750,0.269118,0.746492,5.149541e-01,4.249995e-01,8.801209e-01,1.274873e-01,-1.190400e-02,4.186790e-03,1.906583e-02,6.121591e-02
3.29000,0.269128,0.746925,5.155265e-01,4.252968e-01,8.795227e-01,1.274914e-01,-1.192160e-02,4.226041e-03,1.907358e-02,6.118962e-02
3.29250,0.269139,0.747359,5.160993e-01,4.255934e-01,8.789246e-01,1.274955e-01,-1.193953e-02,4.265189e-03,1.908145e-02,6.116314e-02
3.29500,0.269152,0.747792,5.166726e-01,4.258895e-01,8.783265e-01,1.274997e-01,-1.195764e-02,4.304249e-03,1.908944e-02,6.113648e-02
3.29750,0.269165,0.748224,5.172464e-01,4.261850e-01,8.777286e-01,1.275040e-01,-1.197560e-02,4.343039e-03,1.909757e-02,6.110963e-02
3.30000,0.269180,0.748656,5.178206e-01,4.264798e-01,8.771314e-01,1.275083e-01,-1.199330e-02,4.381424e-03,1.910583e-02,6.108260e-02
3.30250,0.269197,0.749088,5.183952e-01,4.267741e-01,8.765351e-01,1.275127e-01,-1.201073e-02,4.419423e-03,1.911425e-02,6.105539e-02
3.30500,0.269214,0.749519,5.189703e-01,4.270677e-01,8.759404e-01,1.275171e-01,-1.202786e-02,4.457059e-03,1.912283e-02,6.102800e-02
3.30750,0.269232,0.749950,5.195458e-01,4.273608e-01,8.753474e-01,1.275215e-01,-1.204480e-02,4.494437e-03,1.913156e-02,6.100042e-02
3.31000,0.269252,0.750380,5.201217e-01,4.276532e-01,8.747563e-01,1.275260e-01,-1.206139e-02,4.531819e-03,1.914048e-02,6.097267e-02
3.31250,0.269273,0.750810,5.206982e-01,4.279450e-01,8.741671e-01,1.275305e-01,-1.207791e-02,4.569265e-03,1.914958e-02,6.094474e-02
3.31500,0.269295,0.751239,5.212751e-01,4.282363e-01,8.735802e-01,1.275351e-01,-1.209390e-02,4.606345e-03,1.915888e-02,6.091663e-02
3.31750,0.269319,0.751668,5.218524e-01,4.285269e-01,8.729956e-01,1.275398e-01,-1.210932e-02,4.642856e-03,1.916837e-02,6.088834e-02
3.32000,0.269343,0.752097,5.224303e-01,4.288169e-01,8.724136e-01,1.275445e-01,-1.212441e-02,4.678766e-03,1.917807e-02,6.085989e-02
3.32250,0.269369,0.752525,5.230086e-01,4.291063e-01,8.718341e-01,1.275492e-01,-1.213925e-02,4.714294e-03,1.918796e-02,6.083125e-02
3.32500,0.269396,0.752952,5.235874e-01,4.293951e-01,8.712570e-01,1.275540e-01,-1.215409e-02,4.749930e-03,1.919804e-02,6.080244e-02
3.32750,0.269424,0.753379,5.241667e-01,4.296833e-01,8.706821e-01,1.275588e-01,-1.216920e-02,4.786016e-03,1.920827e-02,6.077346e-02
3.33000,0.269454,0.753806,5.247464e-01,4.299709e-01,8.701090e-01,1.275637e-01,-1.218443e-02,4.822517e-03,1.921865e-02,6.074431e-02
3.33250,0.269484,0.754232,5.253266e-01,4.302579e-01,8.695367e-01,1.275687e-01,-1.219936e-02,4.859008e-03,1.922918e-02,6.071499e-02
3.33500,0.269516,0.754658,5.259074e-01,4.305442e-01,8.689645e-01,1.275737e-01,-1.221380e-02,4.895210e-03,1.923988e-02,6.068550e-02
3.33750,0.269549,0.755083,5.264886e-01,4.308300e-01,8.683925e-01,1.275787e-01,-1.222790e-02,4.930984e-03,1.925076e-02,6.065584e-02
3.34000,0.269583,0.755507,5.270703e-01,4.311151e-01,8.678209e-01,1.275838e-01,-1.224153e-02,4.966220e-03,1.926182e-02,6.062602e-02
3.34250,0.269619,0.755932,5.276524e-01,4.313996e-01,8.672500e-01,1.275890e-01,-1.225481e-02,5.000968e-03,1.927305e-02,6.059604e-02
3.34500,0.269656,0.756355,5.282351e-01,4.316835e-01,8.666803e-01,1.275942e-01,-1.226758e-02,5.035131e-03,1.928445e-02,6.056589e-02
3.34750,0.269694,0.756778,5.288204e-01,4.319668e-01,8.661118e-01,1.275995e-01,-1.228029e-02,5.069055e-03,1.929602e-02,6.053558e-02
3.35000,0.269733,0.757201,5.294087e-01,4.322495e-01,8.655448e-01,1.276048e-01,-1.229333e-02,5.103184e-03,1.930773e-02,6.050511e-02
3.35250,0.269773,0.757623,5.299975e-01,4.325316e-01,8.649795e-01,1.276102e-01,-1.230691e-02,5.137679e-03,1.931955e-02,6.047448e-02
3.35500,0.269815,0.758045,5.305868e-01,4.328130e-01,8.644162e-01,1.276157e-01,-1.232060e-02,5.172174e-03,1.933148e-02,6.044370e-02
3.35750,0.269858,0.758466,5.311766e-01,4.330939e-01,8.638550e-01,1.276212e-01,-1.233415e-02,5.206438e-03,1.934355e-02,6.041276e-02
3.36000,0.269902,0.758887,5.317670e-01,4.333741e-01,8.632962e-01,1.276268e-01,-1.234745e-02,5.240441e-03,1.935577e-02,6.038167e-02
3.36250,0.269947,0.759307,5.323578e-01,4.336537e-01,8.627397e-01,1.276324e-01,-1.235982e-02,5.274047e-03,1.936818e-02,6.035042e-02
3.36500,0.269994,0.759726,5.329493e-01,4.339327e-01,8.621853e-01,1.276381e-01,-1.237168e-02,5.307790e-03,1.938075e-02,6.031903e-02
3.36750,0.270042,0.760145,5.335412e-01,4.342111e-01,8.616329e-01,1.276438e-01,-1.238340e-02,5.341852e-03,1.939347e-02,6.028750e-02
3.37000,0.270091,0.760564,5.341337e-01,4.344888e-01,8.610826e-01,1.276496e-01,-1.239516e-02,5.376113e-03,1.940636e-02,6.025583e-02
3.37250,0.270141,0.760982,5.347268e-01,4.347659e-01,8.605344e-01,1.276555e-01,-1.240651e-02,5.410148e-03,1.941947e-02,6.022401e-02
3.37500,0.270193,0.761399,5.353204e-01,4.350425e-01,8.599882e-01,1.276614e-01,-1.241705e-02,5.443821e-03,1.943279e-02,6.019207e-02
3.37750,0.270246,0.761816,5.359145e-01,4.353184e-01,8.594441e-01,1.276674e-01,-1.242639e-02,5.476948e-03,1.944635e-02,6.016000e-02
3.38000,0.270300,0.762233,5.365092e-01,4.355937e-01,8.589029e-01,1.276735e-01,-1.243468e-02,5.509587e-03,1.946015e-02,6.012780e-02
3.38250,0.270355,0.762648,5.371044e-01,4.358683e-01,8.583656e-01,1.276796e-01,-1.244275e-02,5.542397e-03,1.947414e-02,6.009548e-02
3.38500,0.270411,0.763064,5.377002e-01,4.361424e-01,8.578327e-01,1.276858e-01,-1.245142e-02,5.576115e-03,1.948826e-02,6.006304e-02
3.38750,0.270469,0.763478,5.382966e-01,4.364158e-01,8.573049e-01,1.276920e-01,-1.246052e-02,5.610584e-03,1.950248e-02,6.003049e-02
3.39000,0.270528,0.763892,5.388936e-01,4.366887e-01,8.567824e-01,1.276984e-01,-1.246915e-02,5.645057e-03,1.951684e-02,5.999781e-02
3.39250,0.270588,0.764306,5.394911e-01,4.369609e-01,8.562657e-01,1.277047e-01,-1.247706e-02,5.679028e-03,1.953135e-02,5.996503e-02
3.39500,0.270650,0.764719,5.400892e-01,4.372324e-01,8.557551e-01,1.277112e-01,-1.248415e-02,5.712348e-03,1.954606e-02,5.993214e-02
3.39750,0.270713,0.765131,5.406878e-01,4.375034e-01,8.552507e-01,1.277177e-01,-1.249035e-02,5.744923e-03,1.956095e-02,5.989914e-02
3.40000,0.270777,0.765543,5.412871e-01,4.377738e-01,8.547525e-01,1.277243e-01,-1.249584e-02,5.776525e-03,1.957603e-02,5.986603e-02
3.40250,0.270842,0.765955,5.418869e-01,4.380435e-01,8.542603e-01,1.277309e-01,-1.250114e-02,5.807384e-03,1.959127e-02,5.983282e-02
3.40500,0.270908,0.766365,5.424874e-01,4.383126e-01,8.537741e-01,1.277376e-01,-1.250637e-02,5.838031e-03,1.960665e-02,5.979951e-02
3.40750,0.270976,0.766776,5.430884e-01,4.385811e-01,8.532938e-01,1.277444e-01,-1.251204e-02,5.868830e-03,1.962212e-02,5.976610e-02
3.41000,0.271045,0.767185,5.436901e-01,4.388490e-01,8.528188e-01,1.277512e-01,-1.251824e-02,5.899540e-03,1.963765e-02,5.973259e-02
3.41250,0.271115,0.767594,5.442923e-01,4.391163e-01,8.523483e-01,1.277581e-01,-1.252436e-02,5.929784e-03,1.965327e-02,5.969899e-02
3.41500,0.271187,0.768003,5.448952e-01,4.393830e-01,8.518822e-01,1.277651e-01,-1.253039e-02,5.959683e-03,1.966900e-02,5.966529e-02
3.41750,0.271259,0.768410,5.454987e-01,4.396490e-01,8.514207e-01,1.277722e-01,-1.253638e-02,5.989473e-03,1.968484e-02,5.963151e-02
3.42000,0.271333,0.768818,5.461028e-01,4.399144e-01,8.509635e-01,1.277793e-01,-1.254209e-02,6.018850e-03,1.970079e-02,5.959764e-02
3.42250,0.271409,0.769224,5.467075e-01,4.401793e-01,8.505102e-01,1.277865e-01,-1.254710e-02,6.047594e-03,1.971690e-02,5.956368e-02
3.42500,0.271485,0.769630,5.473128e-01,4.404435e-01,8.500601e-01,1.277938e-01,-1.255176e-02,6.075763e-03,1.973318e-02,5.952964e-02
3.42750,0.271563,0.770036,5.479188e-01,4.407071e-01,8.496128e-01,1.278011e-01,-1.255604e-02,6.103301e-03,1.974965e-02,5.949551e-02
3.43000,0.271642,0.770440,5.485254e-01,4.409701e-01,8.491679e-01,1.278085e-01,-1.255982e-02,6.130233e-03,1.976630e-02,5.946129e-02
3.43250,0.271722,0.770845,5.491326e-01,4.412324e-01,8.487249e-01,1.278160e-01,-1.256313e-02,6.156324e-03,1.978314e-02,5.942700e-02
3.43500,0.271803,0.771248,5.497404e-01,4.414942e-01,8.482832e-01,1.278235e-01,-1.256574e-02,6.181463e-03,1.980018e-02,5.939262e-02
3.43750,0.271886,0.771651,5.503489e-01,4.417553e-01,8.478424e-01,1.278311e-01,-1.256816e-02,6.206130e-03,1.981736e-02,5.935817e-02
3.44000,0.271970,0.772054,5.509580e-01,4.420159e-01,8.474025e-01,1.278388e-01,-1.257098e-02,6.230975e-03,1.983463e-02,5.932363e-02
3.44250,0.272055,0.772455,5.515677e-01,4.422758e-01,8.469636e-01,1.278466e-01,-1.257430e-02,6.256042e-03,1.985198e-02,5.928902e-02
3.44500,0.272142,0.772856,5.521781e-01,4.425351e-01,8.465262e-01,1.278544e-01,-1.257756e-02,6.280759e-03,1.986944e-02,5.925434e-02
3.44750,0.272230,0.773257,5.527892e-01,4.427939e-01,8.460905e-01,1.278623e-01,-1.258048e-02,6.304600e-03,1.988703e-02,5.921958e-02
3.45000,0.272318,0.773657,5.534009e-01,4.430520e-01,8.456576e-01,1.278703e-01,-1.258256e-02,6.327390e-03,1.990476e-02,5.918475e-02
3.45250,0.272409,0.774056,5.540132e-01,4.433095e-01,8.452288e-01,1.278784e-01,-1.258375e-02,6.348812e-03,1.992262e-02,5.914986e-02
3.45500,0.272500,0.774455,5.546263e-01,4.435664e-01,8.448045e-01,1.278865e-01,-1.258448e-02,6.368888e-03,1.994061e-02,5.911491e-02
3.45750,0.272593,0.774853,5.552400e-01,4.438227e-01,8.443855e-01,1.278947e-01,-1.258491e-02,6.388430e-03,1.995873e-02,5.907988e-02
3.46000,0.272687,0.775250,5.558543e-01,4.440784e-01,8.439726e-01,1.279030e-01,-1.258563e-02,6.408403e-03,1.997695e-02,5.904480e-02
3.46250,0.272782,0.775647,5.564722e-01,4.443335e-01,8.435664e-01,1.279114e-01,-1.258645e-02,6.428888e-03,1.999525e-02,5.900965e-02
3.46500,0.272879,0.776043,5.570929e-01,4.445880e-01,8.431672e-01,1.279198e-01,-1.258705e-02,6.449614e-03,2.001365e-02,5.897444e-02
3.46750,0.272976,0.776438,5.577144e-01,4.448419e-01,8.427753e-01,1.279284e-01,-1.258756e-02,6.470851e-03,2.003213e-02,5.893918e-02
3.47000,0.273075,0.776833,5.583365e-01,4.450952e-01,8.423911e-01,1.279370e-01,-1.258813e-02,6.492734e-03,2.005068e-02,5.890387e-02
3.47250,0.273176,0.777227,5.589594e-01,4.453479e-01,8.420150e-01,1.279457e-01,-1.258899e-02,6.515392e-03,2.006927e-02,5.886851e-02
3.47500,0.273277,0.777621,5.595829e-01,4.456000e-01,8.416470e-01,1.279544e-01,-1.259028e-02,6.538646e-03,2.008791e-02,5.883309e-02
3.47750,0.273380,0.778014,5.602072e-01,4.458516e-01,8.412871e-01,1.279633e-01,-1.259165e-02,6.562286e-03,2.010663e-02,5.879761e-02
3.48000,0.273484,0.778406,5.608322e-01,4.461025e-01,8.409355e-01,1.279722e-01,-1.259293e-02,6.586145e-03,2.012551e-02,5.876207e-02
3.48250,0.273589,0.778797,5.614579e-01,4.463528e-01,8.405927e-01,1.279812e-01,-1.259384e-02,6.609881e-03,2.014454e-02,5.872648e-02
3.48500,0.273695,0.779188,5.620844e-01,4.466025e-01,8.402588e-01,1.279903e-01,-1.259487e-02,6.633648e-03,2.016372e-02,5.869082e-02
3.48750,0.273803,0.779578,5.627115e-01,4.468517e-01,8.399335e-01,1.279994e-01,-1.259649e-02,6.657484e-03,2.018299e-02,5.865511e-02
3.49000,0.273912,0.779968,5.633394e-01,4.471002e-01,8.396171e-01,1.280087e-01,-1.259858e-02,6.681479e-03,2.020237e-02,5.861933e-02
3.49250,0.274022,0.780357,5.639680e-01,4.473482e-01,8.393096e-01,1.280180e-01,-1.260150e-02,6.705902e-03,2.022181e-02,5.858349e-02
3.49500,0.274134,0.780745,5.645974e-01,4.475956e-01,8.390103e-01,1.280274e-01,-1.260524e-02,6.730635e-03,2.024127e-02,5.854759e-02
3.49750,0.274247,0.781133,5.652275e-01,4.478424e-01,8.387185e-01,1.280369e-01,-1.260993e-02,6.755783e-03,2.026075e-02,5.851164e-02
3.50000,0.274361,0.781520,5.658584e-01,4.480886e-01,8.384333e-01,1.280465e-01,-1.261489e-02,6.781056e-03,2.028029e-02,5.847562e-02
3.50250,0.274476,0.781906,5.664900e-01,4.483342e-01,8.381538e-01,1.280561e-01,-1.261937e-02,6.805473e-03,2.029992e-02,5.843956e-02
3.50500,0.274592,0.782292,5.671224e-01,4.485792e-01,8.378782e-01,1.280658e-01,-1.262336e-02,6.828124e-03,2.031969e-02,5.840344e-02
3.50750,0.274710,0.782676,5.677556e-01,4.488236e-01,8.376047e-01,1.280756e-01,-1.262718e-02,6.849454e-03,2.033959e-02,5.836727e-02
3.51000,0.274829,0.783061,5.683895e-01,4.490675e-01,8.373319e-01,1.280855e-01,-1.263080e-02,6.869838e-03,2.035965e-02,5.833104e-02
3.51250,0.274949,0.783444,5.690241e-01,4.493107e-01,8.370593e-01,1.280955e-01,-1.263435e-02,6.889632e-03,2.037986e-02,5.829477e-02
3.51500,0.275071,0.783827,5.696596e-01,4.495534e-01,8.367875e-01,1.281055e-01,-1.263799e-02,6.909012e-03,2.040015e-02,5.825845e-02
3.51750,0.275194,0.784209,5.702958e-01,4.497955e-01,8.365176e-01,1.281157e-01,-1.264135e-02,6.927781e-03,2.042054e-02,5.822209e-02
3.52000,0.275318,0.784591,5.709328e-01,4.500370e-01,8.362507e-01,1.281259e-01,-1.264454e-02,6.945909e-03,2.044102e-02,5.818569e-02
3.52250,0.275443,0.784971,5.715706e-01,4.502780e-01,8.359878e-01,1.281362e-01,-1.264739e-02,6.963570e-03,2.046163e-02,5.814926e-02
3.52500,0.275570,0.785352,5.722092e-01,4.505183e-01,8.357301e-01,1.281466e-01,-1.265039e-02,6.981265e-03,2.048237e-02,5.811279e-02
3.52750,0.275697,0.785731,5.728485e-01,4.507581e-01,8.354785e-01,1.281570e-01,-1.265400e-02,6.998916e-03,2.050321e-02,5.807629e-02
3.53000,0.275826,0.786110,5.734887e-01,4.509973e-01,8.352345e-01,1.281676e-01,-1.265758e-02,7.015789e-03,2.052418e-02,5.803976e-02
3.53250,0.275957,0.786488,5.741296e-01,4.512359e-01,8.349990e-01,1.281782e-01,-1.266047e-02,7.030873e-03,2.054530e-02,5.800319e-02
3.53500,0.276088,0.786865,5.747714e-01,4.514739e-01,8.347727e-01,1.281889e-01,-1.266253e-02,7.043884e-03,2.056659e-02,5.796661e-02
3.53750,0.276221,0.787242,5.754139e-01,4.517114e-01,8.345560e-01,1.281997e-01,-1.266450e-02,7.055836e-03,2.058803e-02,5.792999e-02
3.54000,0.276355,0.787618,5.760572e-01,4.519483e-01,8.343491e-01,1.282106e-01,-1.266650e-02,7.067498e-03,2.060959e-02,5.789335e-02
3.54250,0.276490,0.787993,5.767014e-01,4.521846e-01,8.341518e-01,1.282215e-01,-1.266863e-02,7.079662e-03,2.063127e-02,5.785670e-02
3.54500,0.276627,0.788367,5.773463e-01,4.524203e-01,8.339650e-01,1.282326e-01,-1.267030e-02,7.092931e-03,2.065308e-02,5.782002e-02
3.54750,0.276765,0.788741,5.779921e-01,4.526555e-01,8.337900e-01,1.282437e-01,-1.267165e-02,7.107184e-03,2.067495e-02,5.778334e-02
3.55000,0.276904,0.789114,5.786387e-01,4.528901e-01,8.336276e-01,1.282549e-01,-1.267307e-02,7.122309e-03,2.069684e-02,5.774664e-02
3.55250,0.277044,0.789487,5.792861e-01,4.531241e-01,8.334780e-01,1.282662e-01,-1.267510e-02,7.138569e-03,2.071875e-02,5.770995e-02
3.55500,0.277186,0.789858,5.799344e-01,4.533576e-01,8.333413e-01,1.282775e-01,-1.267700e-02,7.155380e-03,2.074072e-02,5.767325e-02
3.55750,0.277329,0.790229,5.805873e-01,4.535905e-01,8.332173e-01,1.282890e-01,-1.267872e-02,7.172240e-03,2.076282e-02,5.763655e-02
3.56000,0.277473,0.790600,5.812428e-01,4.538229e-01,8.331054e-01,1.283005e-01,-1.267950e-02,7.188995e-03,2.078503e-02,5.759985e-02
3.56250,0.277618,0.790969,5.818991e-01,4.540546e-01,8.330049e-01,1.283121e-01,-1.267985e-02,7.205801e-03,2.080738e-02,5.756315e-02
3.56500,0.277765,0.791338,5.825562e-01,4.542858e-01,8.329145e-01,1.283239e-01,-1.267949e-02,7.222552e-03,2.082987e-02,5.752645e-02
3.56750,0.277912,0.791706,5.832142e-01,4.545165e-01,8.328329e-01,1.283356e-01,-1.267915e-02,7.239163e-03,2.085241e-02,5.748976e-02
3.57000,0.278062,0.792074,5.838731e-01,4.547466e-01,8.327577e-01,1.283475e-01,-1.268013e-02,7.256211e-03,2.087498e-02,5.745308e-02
3.57250,0.278212,0.792440,5.845328e-01,4.549761e-01,8.326858e-01,1.283595e-01,-1.268179e-02,7.273923e-03,2.089760e-02,5.741640e-02
3.57500,0.278364,0.792806,5.851934e-01,4.552051e-01,8.326145e-01,1.283715e-01,-1.268390e-02,7.292312e-03,2.092025e-02,5.737973e-02
3.57750,0.278516,0.793172,5.858549e-01,4.554335e-01,8.325431e-01,1.283837e-01,-1.268571e-02,7.310602e-03,2.094292e-02,5.734308e-02
3.58000,0.278671,0.793536,5.865173e-01,4.556613e-01,8.324720e-01,1.283959e-01,-1.268678e-02,7.328049e-03,2.096566e-02,5.730644e-02
3.58250,0.278826,0.793900,5.871805e-01,4.558886e-01,8.324019e-01,1.284082e-01,-1.268790e-02,7.344672e-03,2.098849e-02,5.726981e-02
3.58500,0.278983,0.794263,5.878446e-01,4.561154e-01,8.323339e-01,1.284205e-01,-1.268954e-02,7.360655e-03,2.101137e-02,5.723320e-02
3.58750,0.279140,0.794625,5.885096e-01,4.563416e-01,8.322692e-01,1.284330e-01,-1.269151e-02,7.376077e-03,2.103429e-02,5.719660e-02
3.59000,0.279300,0.794987,5.891755e-01,4.565672e-01,8.322090e-01,1.284455e-01,-1.269370e-02,7.390439e-03,2.105726e-02,5.716002e-02
3.59250,0.279460,0.795348,5.898423e-01,4.567923e-01,8.321550e-01,1.284582e-01,-1.269527e-02,7.403236e-03,2.108031e-02,5.712345e-02
3.59500,0.279622,0.795708,5.905100e-01,4.570168e-01,8.321083e-01,1.284709e-01,-1.269559e-02,7.414412e-03,2.110350e-02,5.708692e-02
3.59750,0.279785,0.796068,5.911785e-01,4.572408e-01,8.320705e-01,1.284837e-01,-1.269614e-02,7.424999e-03,2.112675e-02,5.705041e-02
3.60000,0.279949,0.796426,5.918480e-01,4.574642e-01,8.320425e-01,1.284966e-01,-1.269773e-02,7.435334e-03,2.114997e-02,5.701392e-02
3.60250,0.280114,0.796784,5.925184e-01,4.576871e-01,8.320253e-01,1.285095e-01,-1.270057e-02,7.445116e-03,2.117310e-02,5.697746e-02
3.60500,0.280281,0.797141,5.931897e-01,4.579094e-01,8.320193e-01,1.285226e-01,-1.270414e-02,7.453456e-03,2.119620e-02,5.694102e-02
3.60750,0.280449,0.797498,5.938620e-01,4.581312e-01,8.320255e-01,1.285357e-01,-1.270764e-02,7.459674e-03,2.121937e-02,5.690460e-02
3.61000,0.280618,0.797854,5.945351e-01,4.583524e-01,8.320454e-01,1.285490e-01,-1.271103e-02,7.464622e-03,2.124259e-02,5.686821e-02
3.61250,0.280788,0.798209,5.952091e-01,4.585731e-01,8.320795e-01,1.285623e-01,-1.271457e-02,7.469649e-03,2.126592e-02,5.683185e-02
3.61500,0.280960,0.798563,5.958840e-01,4.587932e-01,8.321280e-01,1.285757e-01,-1.271794e-02,7.475196e-03,2.128938e-02,5.679551e-02
3.61750,0.281133,0.798917,5.965599e-01,4.590128e-01,8.321906e-01,1.285891e-01,-1.272074e-02,7.481952e-03,2.131290e-02,5.675920e-02
3.62000,0.281307,0.799269,5.972367e-01,4.592319e-01,8.322668e-01,1.286027e-01,-1.272340e-02,7.490639e-03,2.133643e-02,5.672292e-02
3.62250,0.281482,0.799621,5.979144e-01,4.594504e-01,8.323561e-01,1.286163e-01,-1.272644e-02,7.501493e-03,2.135997e-02,5.668667e-02
3.62500,0.281659,0.799973,5.985960e-01,4.596684e-01,8.324575e-01,1.286301e-01,-1.272959e-02,7.514301e-03,2.138357e-02,5.665047e-02
3.62750,0.281837,0.800323,5.992814e-01,4.598858e-01,8.325698e-01,1.286439e-01,-1.273192e-02,7.528200e-03,2.140718e-02,5.661431e-02
3.63000,0.282016,0.800673,5.999677e-01,4.601027e-01,8.326918e-01,1.286578e-01,-1.273411e-02,7.542814e-03,2.143084e-02,5.657820e-02
3.63250,0.282197,0.801022,6.006550e-01,4.603191e-01,8.328220e-01,1.286718e-01,-1.273628e-02,7.557947e-03,2.145453e-02,5.654215e-02
3.63500,0.282379,0.801371,6.013432e-01,4.605349e-01,8.329580e-01,1.286858e-01,-1.273851e-02,7.573076e-03,2.147825e-02,5.650616e-02
3.63750,0.282561,0.801718,6.020324e-01,4.607502e-01,8.330976e-01,1.287000e-01,-1.274065e-02,7.587701e-03,2.150207e-02,5.647023e-02
3.64000,0.282746,0.802065,6.027225e-01,4.609649e-01,8.332396e-01,1.287142e-01,-1.274235e-02,7.601498e-03,2.152600e-02,5.643437e-02
3.64250,0.282931,0.802411,6.034136e-01,4.611791e-01,8.333833e-01,1.287285e-01,-1.274376e-02,7.614165e-03,2.155001e-02,5.639858e-02
3.64500,0.283118,0.802756,6.041056e-01,4.613928e-01,8.335286e-01,1.287429e-01,-1.274459e-02,7.625716e-03,2.157403e-02,5.636285e-02
3.64750,0.283306,0.803101,6.047986e-01,4.616059e-01,8.336761e-01,1.287574e-01,-1.274583e-02,7.637118e-03,2.159801e-02,5.632720e-02
3.65000,0.283495,0.803445,6.054926e-01,4.618186e-01,8.338267e-01,1.287719e-01,-1.274766e-02,7.648455e-03,2.162193e-02,5.629161e-02
3.65250,0.283686,0.803788,6.061875e-01,4.620306e-01,8.339816e-01,1.287866e-01,-1.274916e-02,7.659104e-03,2.164587e-02,5.625611e-02
3.65500,0.283877,0.804130,6.068834e-01,4.622422e-01,8.341423e-01,1.288013e-01,-1.274972e-02,7.668319e-03,2.166989e-02,5.622067e-02
3.65750,0.284070,0.804472,6.075803e-01,4.624532e-01,8.343103e-01,1.288161e-01,-1.275013e-02,7.676570e-03,2.169388e-02,5.618531e-02
3.66000,0.284265,0.804812,6.082782e-01,4.626637e-01,8.344868e-01,1.288310e-01,-1.275110e-02,7.683914e-03,2.171779e-02,5.615003e-02
3.66250,0.284460,0.805153,6.089794e-01,4.628736e-01,8.346732e-01,1.288460e-01,-1.275162e-02,7.689882e-03,2.174172e-02,5.611481e-02
3.66500,0.284657,0.805492,6.096850e-01,4.630830e-01,8.348709e-01,1.288611e-01,-1.275172e-02,7.694705e-03,2.176574e-02,5.607967e-02
3.66750,0.284855,0.805830,6.103917e-01,4.632919e-01,8.350814e-01,1.288762e-01,-1.275160e-02,7.698194e-03,2.178979e-02,5.604461e-02
3.67000,0.285054,0.806168,6.110993e-01,4.635003e-01,8.353060e-01,1.288914e-01,-1.275213e-02,7.699706e-03,2.181380e-02,5.600961e-02
3.67250,0.285255,0.806505,6.118078e-01,4.637082e-01,8.355447e-01,1.289068e-01,-1.275395e-02,7.700873e-03,2.183761e-02,5.597469e-02
3.67500,0.285457,0.806841,6.125173e-01,4.639155e-01,8.357970e-01,1.289222e-01,-1.275645e-02,7.703201e-03,2.186121e-02,5.593984e-02
3.67750,0.285660,0.807177,6.132278e-01,4.641223e-01,8.360627e-01,1.289376e-01,-1.275902e-02,7.706665e-03,2.188474e-02,5.590507e-02
3.68000,0.285864,0.807511,6.139392e-01,4.643285e-01,8.363411e-01,1.289532e-01,-1.276114e-02,7.711164e-03,2.190832e-02,5.587037e-02
3.68250,0.286070,0.807845,6.146517e-01,4.645343e-01,8.366316e-01,1.289688e-01,-1.276289e-02,7.716699e-03,2.193193e-02,5.583574e-02
3.68500,0.286276,0.808179,6.153651e-01,4.647395e-01,8.369333e-01,1.289845e-01,-1.276406e-02,7.723363e-03,2.195552e-02,5.580120e-02
3.68750,0.286485,0.808511,6.160795e-01,4.649442e-01,8.372453e-01,1.290003e-01,-1.276482e-02,7.731415e-03,2.197914e-02,5.576674e-02
3.69000,0.286694,0.808843,6.167948e-01,4.651484e-01,8.375668e-01,1.290162e-01,-1.276566e-02,7.741426e-03,2.200277e-02,5.573235e-02
3.69250,0.286904,0.809174,6.175112e-01,4.653521e-01,8.378969e-01,1.290322e-01,-1.276666e-02,7.752702e-03,2.202649e-02,5.569804e-02
3.69500,0.287116,0.809504,6.182285e-01,4.655552e-01,8.382352e-01,1.290482e-01,-1.276773e-02,7.764957e-03,2.205022e-02,5.566382e-02
3.69750,0.287329,0.809833,6.189467e-01,4.657578e-01,8.385816e-01,1.290643e-01,-1.276916e-02,7.778115e-03,2.207385e-02,5.562967e-02
3.70000,0.287544,0.810162,6.196660e-01,4.659599e-01,8.389351e-01,1.290805e-01,-1.277108e-02,7.791432e-03,2.209737e-02,5.559560e-02
3.70250,0.287759,0.810490,6.203862e-01,4.661615e-01,8.392939e-01,1.290968e-01,-1.277360e-02,7.804220e-03,2.212088e-02,5.556161e-02
3.70500,0.287976,0.810817,6.211074e-01,4.663626e-01,8.396567e-01,1.291131e-01,-1.277660e-02,7.816359e-03,2.214441e-02,5.552771e-02
3.70750,0.288194,0.811143,6.218296e-01,4.665631e-01,8.400228e-01,1.291296e-01,-1.277950e-02,7.827293e-03,2.216798e-02,5.549388e-02
3.71000,0.288414,0.811468,6.225528e-01,4.667631e-01,8.403915e-01,1.291461e-01,-1.278182e-02,7.836702e-03,2.219157e-02,5.546014e-02
3.71250,0.288634,0.811793,6.232769e-01,4.669626e-01,8.407638e-01,1.291626e-01,-1.278407e-02,7.844267e-03,2.221504e-02,5.542647e-02
3.71500,0.288856,0.812117,6.240020e-01,4.671616e-01,8.411403e-01,1.291793e-01,-1.278696e-02,7.850620e-03,2.223845e-02,5.539289e-02
3.71750,0.289079,0.812440,6.247281e-01,4.673601e-01,8.415220e-01,1.291960e-01,-1.279085e-02,7.856165e-03,2.226181e-02,5.535938e-02
3.72000,0.289304,0.812763,6.254551e-01,4.675580e-01,8.419101e-01,1.292129e-01,-1.279513e-02,7.861097e-03,2.228511e-02,5.532595e-02
3.72250,0.289529,0.813084,6.261831e-01,4.677555e-01,8.423062e-01,1.292298e-01,-1.280039e-02,7.865491e-03,2.230822e-02,5.529260e-02
3.72500,0.289756,0.813405,6.269121e-01,4.679524e-01,8.427127e-01,1.292467e-01,-1.280572e-02,7.868439e-03,2.233119e-02,5.525934e-02
3.72750,0.289984,0.813725,6.276420e-01,4.681488e-01,8.431324e-01,1.292638e-01,-1.281155e-02,7.869809e-03,2.235409e-02,5.522616e-02
3.73000,0.290214,0.814045,6.283728e-01,4.683446e-01,8.435658e-01,1.292809e-01,-1.281857e-02,7.869469e-03,2.237700e-02,5.519306e-02
3.73250,0.290444,0.814363,6.291047e-01,4.685400e-01,8.440123e-01,1.292981e-01,-1.282605e-02,7.868983e-03,2.239992e-02,5.516004e-02
3.73500,0.290676,0.814681,6.298375e-01,4.687348e-01,8.444709e-01,1.293154e-01,-1.283293e-02,7.870009e-03,2.242282e-02,5.512710e-02
3.73750,0.290910,0.814998,6.305712e-01,4.689291e-01,8.449403e-01,1.293327e-01,-1.283910e-02,7.872138e-03,2.244559e-02,5.509424e-02
3.74000,0.291144,0.815314,6.313059e-01,4.691229e-01,8.454198e-01,1.293501e-01,-1.284496e-02,7.876259e-03,2.246849e-02,5.506146e-02
3.74250,0.291380,0.815630,6.320416e-01,4.693162e-01,8.459086e-01,1.293676e-01,-1.285029e-02,7.882115e-03,2.249141e-02,5.502876e-02
3.74500,0.291617,0.815944,6.327782e-01,4.695090e-01,8.457893e-01,1.293852e-01,-1.285479e-02,7.890034e-03,2.251432e-02,5.499615e-02
3.74750,0.291855,0.816258,6.335158e-01,4.697012e-01,8.456581e-01,1.294028e-01,-1.285875e-02,7.899951e-03,2.253719e-02,5.496364e-02
3.75000,0.292094,0.816571,6.342543e-01,4.698930e-01,8.455396e-01,1.294205e-01,-1.286209e-02,7.910904e-03,2.256003e-02,5.493122e-02
3.75250,0.292335,0.816884,6.349938e-01,4.700842e-01,8.454358e-01,1.294383e-01,-1.286509e-02,7.922640e-03,2.258291e-02,5.489890e-02
3.75500,0.292577,0.817195,6.357342e-01,4.702749e-01,8.453467e-01,1.294562e-01,-1.286815e-02,7.934499e-03,2.260587e-02,5.486668e-02
3.75750,0.292821,0.817506,6.364756e-01,4.704651e-01,8.452714e-01,1.294741e-01,-1.287189e-02,7.946480e-03,2.262880e-02,5.483457e-02
3.76000,0.293065,0.817816,6.372179e-01,4.706547e-01,8.452078e-01,1.294921e-01,-1.287640e-02,7.957207e-03,2.265156e-02,5.480255e-02
3.76250,0.293311,0.818125,6.379612e-01,4.708439e-01,8.451532e-01,1.295101e-01,-1.288157e-02,7.966671e-03,2.267418e-02,5.477062e-02
3.76500,0.293558,0.818434,6.387053e-01,4.710325e-01,8.451045e-01,1.295282e-01,-1.288644e-02,7.974810e-03,2.269677e-02,5.473879e-02
3.76750,0.293806,0.818741,6.394504e-01,4.712206e-01,8.450599e-01,1.295464e-01,-1.289141e-02,7.982317e-03,2.271936e-02,5.470706e-02
3.77000,0.294056,0.819048,6.401964e-01,4.714082e-01,8.450200e-01,1.295647e-01,-1.289732e-02,7.990416e-03,2.274181e-02,5.467543e-02
3.77250,0.294307,0.819354,6.409434e-01,4.715952e-01,8.449840e-01,1.295830e-01,-1.290367e-02,7.998202e-03,2.276411e-02,5.464390e-02
3.77500,0.294559,0.819659,6.416912e-01,4.717818e-01,8.449508e-01,1.296014e-01,-1.290965e-02,8.005167e-03,2.278630e-02,5.461248e-02
3.77750,0.294812,0.819964,6.424400e-01,4.719678e-01,8.449198e-01,1.296199e-01,-1.291564e-02,8.011301e-03,2.280854e-02,5.458115e-02
3.78000,0.295067,0.820268,6.431897e-01,4.721533e-01,8.448919e-01,1.296384e-01,-1.292100e-02,8.015904e-03,2.283088e-02,5.454992e-02
3.78250,0.295323,0.820571,6.439403e-01,4.723382e-01,8.448683e-01,1.296571e-01,-1.292661e-02,8.018953e-03,2.285314e-02,5.451879e-02
3.78500,0.295580,0.820873,6.446918e-01,4.725227e-01,8.448503e-01,1.296757e-01,-1.293372e-02,8.020012e-03,2.287514e-02,5.448774e-02
3.78750,0.295838,0.821174,6.454481e-01,4.727066e-01,8.448383e-01,1.296945e-01,-1.294201e-02,8.020082e-03,2.289697e-02,5.445679e-02
3.79000,0.296098,0.821475,6.462060e-01,4.728900e-01,8.448329e-01,1.297133e-01,-1.294943e-02,8.020642e-03,2.291880e-02,5.442594e-02
3.79250,0.296359,0.821774,6.469647e-01,4.730729e-01,8.448362e-01,1.297321e-01,-1.295615e-02,8.022156e-03,2.294070e-02,5.439519e-02
3.79500,0.296621,0.822073,6.477243e-01,4.732552e-01,8.448507e-01,1.297511e-01,-1.296265e-02,8.025156e-03,2.296256e-02,5.436455e-02
3.79750,0.296885,0.822371,6.484860e-01,4.734371e-01,8.448773e-01,1.297701e-01,-1.296885e-02,8.029751e-03,2.298428e-02,5.433401e-02
3.80000,0.297150,0.822669,6.492501e-01,4.736184e-01,8.449173e-01,1.297892e-01,-1.297490e-02,8.036014e-03,2.300596e-02,5.430358e-02
3.80250,0.297416,0.822965,6.500150e-01,4.737992e-01,8.449727e-01,1.298083e-01,-1.298064e-02,8.043591e-03,2.302766e-02,5.427326e-02
3.80500,0.297683,0.823261,6.507805e-01,4.739794e-01,8.450454e-01,1.298275e-01,-1.298560e-02,8.052444e-03,2.304944e-02,5.424305e-02
3.80750,0.297952,0.823556,6.515467e-01,4.741591e-01,8.451362e-01,1.298467e-01,-1.299036e-02,8.062758e-03,2.307112e-02,5.421295e-02
3.81000,0.298222,0.823851,6.523136e-01,4.743383e-01,8.452443e-01,1.298660e-01,-1.299546e-02,8.073848e-03,2.309268e-02,5.418296e-02
3.81250,0.298493,0.824144,6.530812e-01,4.745170e-01,8.453677e-01,1.298854e-01,-1.300069e-02,8.086023e-03,2.311425e-02,5.415308e-02
3.81500,0.298765,0.824437,6.538495e-01,4.746952e-01,8.455032e-01,1.299048e-01,-1.300647e-02,8.098011e-03,2.313588e-02,5.412332e-02
3.81750,0.299039,0.824728,6.546184e-01,4.748728e-01,8.456471e-01,1.299243e-01,-1.301326e-02,8.110041e-03,2.315743e-02,5.409367e-02
3.82000,0.299314,0.825020,6.553879e-01,4.750498e-01,8.457951e-01,1.299438e-01,-1.302027e-02,8.121174e-03,2.317884e-02,5.406414e-02
3.82250,0.299590,0.825310,6.561580e-01,4.752264e-01,8.459439e-01,1.299635e-01,-1.302667e-02,8.131247e-03,2.320009e-02,5.403472e-02
3.82500,0.299868,0.825599,6.569287e-01,4.754024e-01,8.460931e-01,1.299831e-01,-1.303300e-02,8.139892e-03,2.322130e-02,5.400541e-02
3.82750,0.300146,0.825888,6.577001e-01,4.755779e-01,8.462429e-01,1.300029e-01,-1.303979e-02,8.147316e-03,2.324248e-02,5.397622e-02
3.83000,0.300426,0.826176,6.584720e-01,4.757528e-01,8.463940e-01,1.300226e-01,-1.304759e-02,8.153409e-03,2.326346e-02,5.394713e-02
3.83250,0.300708,0.826463,6.592445e-01,4.759272e-01,8.465473e-01,1.300425e-01,-1.305528e-02,8.157928e-03,2.328419e-02,5.391815e-02
3.83500,0.300990,0.826749,6.600175e-01,4.761011e-01,8.467046e-01,1.300624e-01,-1.306397e-02,8.161194e-03,2.330477e-02,5.388928e-02
3.83750,0.301274,0.827034,6.607910e-01,4.762744e-01,8.468680e-01,1.300824e-01,-1.307356e-02,8.162850e-03,2.332529e-02,5.386052e-02
3.84000,0.301559,0.827319,6.615651e-01,4.764472e-01,8.470404e-01,1.301024e-01,-1.308527e-02,8.162952e-03,2.334565e-02,5.383188e-02
3.84250,0.301846,0.827603,6.623397e-01,4.766194e-01,8.472232e-01,1.301225e-01,-1.309702e-02,8.162030e-03,2.336587e-02,5.380334e-02
3.84500,0.302134,0.827886,6.631147e-01,4.767912e-01,8.474161e-01,1.301426e-01,-1.310741e-02,8.162224e-03,2.338598e-02,5.377491e-02
3.84750,0.302423,0.828168,6.638902e-01,4.769623e-01,8.476205e-01,1.301628e-01,-1.311734e-02,8.164172e-03,2.340604e-02,5.374659e-02
3.85000,0.302713,0.828450,6.646662e-01,4.771329e-01,8.478388e-01,1.301831e-01,-1.312784e-02,8.168589e-03,2.342606e-02,5.371838e-02
3.85250,0.303005,0.828730,6.654427e-01,4.773030e-01,8.480738e-01,1.302034e-01,-1.313819e-02,8.175398e-03,2.344600e-02,5.369028e-02
3.85500,0.303298,0.829010,6.662195e-01,4.774726e-01,8.483273e-01,1.302238e-01,-1.314747e-02,8.183679e-03,2.346592e-02,5.366230e-02
3.85750,0.303592,0.829289,6.669967e-01,4.776416e-01,8.486004e-01,1.302442e-01,-1.315571e-02,8.193528e-03,2.348587e-02,5.363445e-02
3.86000,0.303887,0.829567,6.677743e-01,4.778100e-01,8.488928e-01,1.302647e-01,-1.316313e-02,8.205486e-03,2.350593e-02,5.360673e-02
3.86250,0.304184,0.829845,6.685523e-01,4.779779e-01,8.492024e-01,1.302852e-01,-1.317045e-02,8.218530e-03,2.352599e-02,5.357914e-02
3.86500,0.304482,0.830122,6.693306e-01,4.781452e-01,8.495289e-01,1.303057e-01,-1.317790e-02,8.232639e-03,2.354597e-02,5.355168e-02
3.86750,0.304781,0.830397,6.701092e-01,4.783120e-01,8.498701e-01,1.303264e-01,-1.318650e-02,8.246825e-03,2.356578e-02,5.352436e-02
3.87000,0.305082,0.830672,6.708881e-01,4.784783e-01,8.502181e-01,1.303470e-01,-1.319657e-02,8.259405e-03,2.358543e-02,5.349717e-02
3.87250,0.305384,0.830947,6.716673e-01,4.786439e-01,8.505668e-01,1.303678e-01,-1.320720e-02,8.269560e-03,2.360505e-02,5.347010e-02
3.87500,0.305687,0.831220,6.724467e-01,4.788091e-01,8.509131e-01,1.303886e-01,-1.321723e-02,8.278157e-03,2.362459e-02,5.344317e-02
3.87750,0.305992,0.831493,6.732263e-01,4.789736e-01,8.512568e-01,1.304094e-01,-1.322753e-02,8.285822e-03,2.364397e-02,5.341637e-02
3.88000,0.306297,0.831764,6.740062e-01,4.791376e-01,8.515993e-01,1.304303e-01,-1.323738e-02,8.293022e-03,2.366321e-02,5.338969e-02
3.88250,0.306604,0.832035,6.747863e-01,4.793011e-01,8.519425e-01,1.304513e-01,-1.324721e-02,8.299569e-03,2.368242e-02,5.336316e-02
3.88500,0.306913,0.832305,6.755665e-01,4.794640e-01,8.522881e-01,1.304723e-01,-1.325693e-02,8.305330e-03,2.370155e-02,5.333676e-02
3.88750,0.307223,0.832575,6.763468e-01,4.796263e-01,8.526379e-01,1.304933e-01,-1.326700e-02,8.310450e-03,2.372043e-02,5.331049e-02
3.89000,0.307534,0.832843,6.771273e-01,4.797880e-01,8.529969e-01,1.305144e-01,-1.327875e-02,8.314330e-03,2.373899e-02,5.328434e-02
3.89250,0.307846,0.833111,6.779079e-01,4.799492e-01,8.533684e-01,1.305356e-01,-1.329284e-02,8.316341e-03,2.375724e-02,5.325830e-02
3.89500,0.308159,0.833378,6.786896e-01,4.801098e-01,8.537513e-01,1.305568e-01,-1.330752e-02,8.316799e-03,2.377532e-02,5.323239e-02
3.89750,0.308474,0.833644,6.794748e-01,4.802699e-01,8.541457e-01,1.305780e-01,-1.332111e-02,8.317895e-03,2.379343e-02,5.320660e-02
3.90000,0.308791,0.833909,6.802603e-01,4.804293e-01,8.538530e-01,1.305993e-01,-1.333300e-02,8.320381e-03,2.381154e-02,5.318095e-02
3.90250,0.309108,0.834174,6.810461e-01,4.805882e-01,8.535610e-01,1.306207e-01,-1.334367e-02,8.324983e-03,2.382967e-02,5.315543e-02
3.90500,0.309427,0.834437,6.818322e-01,4.807466e-01,8.532732e-01,1.306421e-01,-1.335291e-02,8.331999e-03,2.384778e-02,5.313006e-02
3.90750,0.309747,0.834700,6.826185e-01,4.809043e-01,8.529915e-01,1.306636e-01,-1.336271e-02,8.340741e-03,2.386580e-02,5.310483e-02
3.91000,0.310068,0.834962,6.834051e-01,4.810615e-01,8.527188e-01,1.306851e-01,-1.337239e-02,8.350989e-03,2.388375e-02,5.307974e-02
3.91250,0.310391,0.835223,6.841919e-01,4.812181e-01,8.524573e-01,1.307066e-01,-1.338157e-02,8.362754e-03,2.390165e-02,5.305480e-02
3.91500,0.310715,0.835483,6.849788e-01,4.813741e-01,8.522094e-01,1.307282e-01,-1.339081e-02,8.374574e-03,2.391954e-02,5.303002e-02
3.91750,0.311041,0.835743,6.857659e-01,4.815295e-01,8.519781e-01,1.307498e-01,-1.339931e-02,8.387373e-03,2.393746e-02,5.300539e-02
3.92000,0.311367,0.836002,6.865531e-01,4.816844e-01,8.517636e-01,1.307715e-01,-1.340778e-02,8.400887e-03,2.395534e-02,5.298091e-02
3.92250,0.311695,0.836260,6.873405e-01,4.818387e-01,8.515629e-01,1.307932e-01,-1.341699e-02,8.413657e-03,2.397310e-02,5.295660e-02
3.92500,0.312024,0.836517,6.881279e-01,4.819923e-01,8.513720e-01,1.308150e-01,-1.342641e-02,8.425212e-03,2.399080e-02,5.293243e-02
3.92750,0.312355,0.836773,6.889154e-01,4.821454e-01,8.511891e-01,1.308368e-01,-1.343551e-02,8.436147e-03,2.400838e-02,5.290842e-02
3.93000,0.312687,0.837028,6.897029e-01,4.822979e-01,8.510158e-01,1.308586e-01,-1.344556e-02,8.446737e-03,2.402566e-02,5.288456e-02
3.93250,0.313020,0.837283,6.904904e-01,4.824498e-01,8.508543e-01,1.308805e-01,-1.345674e-02,8.456339e-03,2.404267e-02,5.286085e-02
3.93500,0.313355,0.837537,6.912779e-01,4.826011e-01,8.507033e-01,1.309025e-01,-1.346853e-02,8.464727e-03,2.405945e-02,5.283727e-02
3.93750,0.313691,0.837789,6.920654e-01,4.827518e-01,8.505592e-01,1.309244e-01,-1.347952e-02,8.471916e-03,2.407612e-02,5.281385e-02
3.94000,0.314028,0.838042,6.928528e-01,4.829019e-01,8.504193e-01,1.309464e-01,-1.349045e-02,8.478164e-03,2.409262e-02,5.279058e-02
3.94250,0.314366,0.838293,6.936401e-01,4.830514e-01,8.502828e-01,1.309685e-01,-1.350215e-02,8.482792e-03,2.410894e-02,5.276745e-02
3.94500,0.314706,0.838543,6.944272e-01,4.832002e-01,8.501491e-01,1.309906e-01,-1.351412e-02,8.485092e-03,2.412513e-02,5.274448e-02
3.94750,0.315047,0.838793,6.952142e-01,4.833485e-01,8.500176e-01,1.310127e-01,-1.352658e-02,8.486363e-03,2.414110e-02,5.272165e-02
3.95000,0.315390,0.839042,6.960009e-01,4.834962e-01,8.498899e-01,1.310349e-01,-1.353884e-02,8.488618e-03,2.415692e-02,5.269897e-02
3.95250,0.315734,0.839289,6.967874e-01,4.836433e-01,8.497696e-01,1.310571e-01,-1.355103e-02,8.492820e-03,2.417265e-02,5.267645e-02
3.95500,0.316079,0.839537,6.975737e-01,4.837897e-01,8.496586e-01,1.310794e-01,-1.356421e-02,8.499003e-03,2.418814e-02,5.265408e-02
3.95750,0.316425,0.839783,6.983596e-01,4.839356e-01,8.495590e-01,1.311017e-01,-1.357668e-02,8.507099e-03,2.420351e-02,5.263186e-02
3.96000,0.316773,0.840028,6.991452e-01,4.840808e-01,8.494725e-01,1.311240e-01,-1.358821e-02,8.516630e-03,2.421885e-02,5.260981e-02
3.96250,0.317122,0.840273,6.999304e-01,4.842254e-01,8.494012e-01,1.311464e-01,-1.359816e-02,8.528365e-03,2.423421e-02,5.258792e-02
3.96500,0.317473,0.840517,7.007151e-01,4.843694e-01,8.493474e-01,1.311688e-01,-1.360694e-02,8.541187e-03,2.424970e-02,5.256621e-02
3.96750,0.317825,0.840760,7.014995e-01,4.845128e-01,8.493118e-01,1.311912e-01,-1.361490e-02,8.554959e-03,2.426525e-02,5.254467e-02
3.97000,0.318178,0.841002,7.022833e-01,4.846555e-01,8.492960e-01,1.312136e-01,-1.362270e-02,8.569701e-03,2.428070e-02,5.252330e-02
3.97250,0.318532,0.841243,7.030666e-01,4.847976e-01,8.493019e-01,1.312361e-01,-1.363221e-02,8.584206e-03,2.429593e-02,5.250211e-02
3.97500,0.318888,0.841483,7.038493e-01,4.849391e-01,8.493282e-01,1.312586e-01,-1.364424e-02,8.596922e-03,2.431094e-02,5.248108e-02
3.97750,0.319245,0.841723,7.046353e-01,4.850799e-01,8.493707e-01,1.312811e-01,-1.365768e-02,8.608015e-03,2.432573e-02,5.246021e-02
3.98000,0.319604,0.841962,7.054266e-01,4.852202e-01,8.494259e-01,1.313037e-01,-1.367100e-02,8.617833e-03,2.434035e-02,5.243950e-02
3.98250,0.319963,0.842199,7.062177e-01,4.853597e-01,8.494900e-01,1.313263e-01,-1.368418e-02,8.626743e-03,2.435468e-02,5.241896e-02
3.98500,0.320325,0.842437,7.070085e-01,4.854987e-01,8.495608e-01,1.313489e-01,-1.369746e-02,8.635430e-03,2.436887e-02,5.239858e-02
3.98750,0.320687,0.842673,7.077990e-01,4.856370e-01,8.496366e-01,1.313715e-01,-1.371019e-02,8.644240e-03,2.438296e-02,5.237837e-02
3.99000,0.321051,0.842908,7.085891e-01,4.857746e-01,8.497160e-01,1.313942e-01,-1.372275e-02,8.652954e-03,2.439677e-02,5.235832e-02
3.99250,0.321416,0.843143,7.093788e-01,4.859116e-01,8.497986e-01,1.314169e-01,-1.373495e-02,8.660947e-03,2.441034e-02,5.233843e-02
3.99500,0.321783,0.843376,7.101681e-01,4.860480e-01,8.498853e-01,1.314396e-01,-1.374893e-02,8.666920e-03,2.442372e-02,5.231871e-02
3.99750,0.322151,0.843609,7.109569e-01,4.861837e-01,8.499780e-01,1.314624e-01,-1.376494e-02,8.670820e-03,2.443682e-02,5.229915e-02
4.00000,0.322520,0.843841,7.117452e-01,4.863187e-01,8.500787e-01,1.314852e-01,-1.378164e-02,8.673849e-03,2.444957e-02,5.227973e-02
4.00250,0.322890,0.844072,7.125330e-01,4.864531e-01,8.501892e-01,1.315080e-01,-1.379701e-02,8.677951e-03,2.446218e-02,5.226048e-02
4.00500,0.323262,0.844302,7.133201e-01,4.865868e-01,8.503115e-01,1.315308e-01,-1.381074e-02,8.684096e-03,2.447488e-02,5.224140e-02
4.00750,0.323636,0.844532,7.141066e-01,4.867199e-01,8.504470e-01,1.315537e-01,-1.382273e-02,8.691494e-03,2.448768e-02,5.222249e-02
4.01000,0.324010,0.844760,7.148925e-01,4.868523e-01,8.505973e-01,1.315766e-01,-1.383372e-02,8.700923e-03,2.450027e-02,5.220375e-02
4.01250,0.324386,0.844988,7.156776e-01,4.869841e-01,8.507649e-01,1.315995e-01,-1.384488e-02,8.711949e-03,2.451268e-02,5.218518e-02
4.01500,0.324764,0.845215,7.164620e-01,4.871152e-01,8.509523e-01,1.316224e-01,-1.385569e-02,8.724507e-03,2.452504e-02,5.216678e-02
4.01750,0.325142,0.845441,7.172455e-01,4.872456e-01,8.511611e-01,1.316453e-01,-1.386675e-02,8.738136e-03,2.453739e-02,5.214857e-02
4.02000,0.325523,0.845666,7.180281e-01,4.873753e-01,8.513918e-01,1.316683e-01,-1.387798e-02,8.751755e-03,2.454968e-02,5.213053e-02
4.02250,0.325904,0.845890,7.188099e-01,4.875043e-01,8.516472e-01,1.316913e-01,-1.388872e-02,8.765503e-03,2.456190e-02,5.211268e-02
4.02500,0.326287,0.846113,7.195906e-01,4.876327e-01,8.519293e-01,1.317142e-01,-1.390060e-02,8.779539e-03,2.457403e-02,5.209502e-02
4.02750,0.326671,0.846336,7.203703e-01,4.877604e-01,8.522341e-01,1.317372e-01,-1.391326e-02,8.792657e-03,2.458606e-02,5.207755e-02
4.03000,0.327056,0.846558,7.211490e-01,4.878874e-01,8.525525e-01,1.317603e-01,-1.392597e-02,8.804944e-03,2.459790e-02,5.206027e-02
4.03250,0.327443,0.846779,7.219265e-01,4.880137e-01,8.525153e-01,1.317833e-01,-1.393869e-02,8.816882e-03,2.460953e-02,5.204318e-02
4.03500,0.327832,0.846998,7.227028e-01,4.881393e-01,8.521830e-01,1.318064e-01,-1.395088e-02,8.827957e-03,2.462098e-02,5.202627e-02
4.03750,0.328221,0.847218,7.234779e-01,4.882643e-01,8.518660e-01,1.318295e-01,-1.396403e-02,8.839073e-03,2.463226e-02,5.200954e-02
4.04000,0.328612,0.847436,7.242517e-01,4.883885e-01,8.515644e-01,1.318526e-01,-1.397782e-02,8.850181e-03,2.464325e-02,5.199299e-02
4.04250,0.329005,0.847653,7.250240e-01,4.885120e-01,8.512738e-01,1.318757e-01,-1.399089e-02,8.860024e-03,2.465395e-02,5.197662e-02
4.04500,0.329398,0.847870,7.257949e-01,4.886348e-01,8.509908e-01,1.318988e-01,-1.400315e-02,8.868178e-03,2.466462e-02,5.196044e-02
4.04750,0.329794,0.848085,7.265643e-01,4.887569e-01,8.507128e-01,1.319220e-01,-1.401701e-02,8.875148e-03,2.467510e-02,5.194444e-02
4.05000,0.330190,0.848300,7.273322e-01,4.888784e-01,8.504389e-01,1.319451e-01,-1.403215e-02,8.880171e-03,2.468522e-02,5.192862e-02
4.05250,0.330588,0.848514,7.280984e-01,4.889990e-01,8.501685e-01,1.319683e-01,-1.404707e-02,8.884082e-03,2.469499e-02,5.191298e-02
4.05500,0.330987,0.848727,7.288629e-01,4.891190e-01,8.499034e-01,1.319915e-01,-1.406149e-02,8.888797e-03,2.470464e-02,5.189752e-02
4.05750,0.331388,0.848939,7.296256e-01,4.892383e-01,8.496476e-01,1.320147e-01,-1.407530e-02,8.894797e-03,2.471422e-02,5.188224e-02
4.06000,0.331790,0.849150,7.303864e-01,4.893569e-01,8.494046e-01,1.320379e-01,-1.408859e-02,8.902814e-03,2.472366e-02,5.186715e-02
4.06250,0.332193,0.849361,7.311453e-01,4.894747e-01,8.491764e-01,1.320612e-01,-1.410126e-02,8.913472e-03,2.473294e-02,5.185225e-02
4.06500,0.332598,0.849570,7.319022e-01,4.895918e-01,8.489631e-01,1.320844e-01,-1.411358e-02,8.926660e-03,2.474223e-02,5.183755e-02
4.06750,0.333004,0.849779,7.326694e-01,4.897082e-01,8.487658e-01,1.321077e-01,-1.412426e-02,8.941587e-03,2.475157e-02,5.182306e-02
4.07000,0.333412,0.849987,7.334462e-01,4.898238e-01,8.485864e-01,1.321310e-01,-1.413519e-02,8.957344e-03,2.476087e-02,5.180877e-02
4.07250,0.333821,0.850194,7.342216e-01,4.899387e-01,8.484264e-01,1.321543e-01,-1.414669e-02,8.973342e-03,2.477007e-02,5.179471e-02
4.07500,0.334231,0.850400,7.349955e-01,4.900529e-01,8.482877e-01,1.321775e-01,-1.415776e-02,8.988731e-03,2.477925e-02,5.178086e-02
4.07750,0.334643,0.850605,7.357679e-01,4.901663e-01,8.481750e-01,1.322008e-01,-1.416823e-02,9.003831e-03,2.478843e-02,5.176722e-02
4.08000,0.335056,0.850809,7.365387e-01,4.902790e-01,8.480888e-01,1.322241e-01,-1.417982e-02,9.018074e-03,2.479748e-02,5.175378e-02
4.08250,0.335471,0.851012,7.373078e-01,4.903909e-01,8.480268e-01,1.322474e-01,-1.419153e-02,9.030912e-03,2.480632e-02,5.174056e-02
4.08500,0.335887,0.851215,7.380751e-01,4.905021e-01,8.479837e-01,1.322708e-01,-1.420361e-02,9.043319e-03,2.481491e-02,5.172754e-02
4.08750,0.336304,0.851416,7.388407e-01,4.906125e-01,8.479539e-01,1.322941e-01,-1.421660e-02,9.055672e-03,2.482320e-02,5.171474e-02
4.09000,0.336723,0.851617,7.396045e-01,4.907222e-01,8.479340e-01,1.323174e-01,-1.422971e-02,9.067602e-03,2.483114e-02,5.170214e-02
4.09250,0.337143,0.851817,7.403663e-01,4.908311e-01,8.479233e-01,1.323408e-01,-1.424294e-02,9.078590e-03,2.483883e-02,5.168976e-02
4.09500,0.337564,0.852016,7.411260e-01,4.909393e-01,8.479203e-01,1.323641e-01,-1.425607e-02,9.087419e-03,2.484635e-02,5.167758e-02
4.09750,0.337987,0.852214,7.418837e-01,4.910466e-01,8.479243e-01,1.323875e-01,-1.426803e-02,9.094461e-03,2.485368e-02,5.166561e-02
4.10000,0.338411,0.852411,7.426391e-01,4.911532e-01,8.479361e-01,1.324108e-01,-1.428049e-02,9.100573e-03,2.486072e-02,5.165386e-02
4.10250,0.338837,0.852607,7.433923e-01,4.912591e-01,8.479582e-01,1.324342e-01,-1.429439e-02,9.105936e-03,2.486747e-02,5.164231e-02
4.10500,0.339264,0.852802,7.441431e-01,4.913641e-01,8.479930e-01,1.324575e-01,-1.430949e-02,9.111679e-03,2.487392e-02,5.163096e-02
4.10750,0.339693,0.852997,7.448915e-01,4.914684e-01,8.480401e-01,1.324809e-01,-1.432509e-02,9.118516e-03,2.488030e-02,5.161984e-02
4.11000,0.340123,0.853190,7.456373e-01,4.915719e-01,8.480997e-01,1.325043e-01,-1.433981e-02,9.127204e-03,2.488666e-02,5.160893e-02
4.11250,0.340554,0.853383,7.463806e-01,4.916747e-01,8.481728e-01,1.325277e-01,-1.435384e-02,9.137512e-03,2.489295e-02,5.159825e-02
4.11500,0.340987,0.853575,7.471211e-01,4.917766e-01,8.482613e-01,1.325511e-01,-1.436719e-02,9.149039e-03,2.489902e-02,5.158781e-02
4.11750,0.341421,0.853766,7.478589e-01,4.918777e-01,8.483680e-01,1.325745e-01,-1.438053e-02,9.161272e-03,2.490495e-02,5.157759e-02
4.12000,0.341857,0.853956,7.485937e-01,4.919781e-01,8.484957e-01,1.325979e-01,-1.439309e-02,9.173938e-03,2.491092e-02,5.156761e-02
4.12250,0.342294,0.854145,7.493254e-01,4.920776e-01,8.486471e-01,1.326212e-01,-1.440418e-02,9.187186e-03,2.491683e-02,5.155786e-02
4.12500,0.342732,0.854333,7.500541e-01,4.921764e-01,8.488244e-01,1.326446e-01,-1.441402e-02,9.200590e-03,2.492275e-02,5.154836e-02
4.12750,0.343172,0.854520,7.507795e-01,4.922743e-01,8.490309e-01,1.326680e-01,-1.442407e-02,9.215280e-03,2.492856e-02,5.153910e-02
4.13000,0.343613,0.854706,7.515159e-01,4.923715e-01,8.492715e-01,1.326914e-01,-1.443361e-02,9.232411e-03,2.493423e-02,5.153009e-02
4.13250,0.344056,0.854892,7.522673e-01,4.924678e-01,8.495460e-01,1.327147e-01,-1.444388e-02,9.250100e-03,2.493963e-02,5.152133e-02
4.13500,0.344500,0.855076,7.530164e-01,4.925633e-01,8.498478e-01,1.327381e-01,-1.445579e-02,9.266324e-03,2.494467e-02,5.151281e-02
4.13750,0.344946,0.855260,7.537629e-01,4.926580e-01,8.501669e-01,1.327615e-01,-1.446723e-02,9.280915e-03,2.494957e-02,5.150453e-02
4.14000,0.345393,0.855443,7.545068e-01,4.927519e-01,8.504972e-01,1.327848e-01,-1.447875e-02,9.294420e-03,2.495421e-02,5.149650e-02
4.14250,0.345841,0.855624,7.552480e-01,4.928450e-01,8.508364e-01,1.328082e-01,-1.449033e-02,9.306610e-03,2.495861e-02,5.148871e-02
4.14500,0.346291,0.855805,7.559864e-01,4.929372e-01,8.511846e-01,1.328315e-01,-1.450313e-02,9.318293e-03,2.496286e-02,5.148117e-02
4.14750,0.346742,0.855985,7.567220e-01,4.930286e-01,8.515417e-01,1.328548e-01,-1.451496e-02,9.328388e-03,2.496711e-02,5.147387e-02
4.15000,0.347195,0.856164,7.574545e-01,4.931191e-01,8.519084e-01,1.328782e-01,-1.452672e-02,9.337061e-03,2.497108e-02,5.146682e-02
4.15250,0.347649,0.856342,7.581840e-01,4.932089e-01,8.522871e-01,1.329015e-01,-1.453992e-02,9.346145e-03,2.497461e-02,5.146002e-02
4.15500,0.348104,0.856519,7.589103e-01,4.932977e-01,8.526828e-01,1.329248e-01,-1.455483e-02,9.354135e-03,2.497779e-02,5.145348e-02
4.15750,0.348561,0.856696,7.596333e-01,4.933858e-01,8.530975e-01,1.329482e-01,-1.457106e-02,9.359587e-03,2.498064e-02,5.144718e-02
4.16000,0.349020,0.856871,7.603529e-01,4.934730e-01,8.535280e-01,1.329715e-01,-1.458698e-02,9.363877e-03,2.498324e-02,5.144113e-02
4.16250,0.349480,0.857045,7.610690e-01,4.935593e-01,8.539718e-01,1.329948e-01,-1.460068e-02,9.368335e-03,2.498593e-02,5.143534e-02
4.16500,0.349941,0.857219,7.617815e-01,4.936448e-01,8.544310e-01,1.330181e-01,-1.461390e-02,9.373995e-03,2.498863e-02,5.142982e-02
4.16750,0.350404,0.857391,7.624902e-01,4.937295e-01,8.549094e-01,1.330413e-01,-1.462765e-02,9.381424e-03,2.499109e-02,5.142455e-02
4.17000,0.350868,0.857563,7.631951e-01,4.938132e-01,8.554097e-01,1.330646e-01,-1.463938e-02,9.392328e-03,2.499335e-02,5.141956e-02
4.17250,0.351334,0.857734,7.638960e-01,4.938962e-01,8.559341e-01,1.330879e-01,-1.464908e-02,9.406831e-03,2.499561e-02,5.141483e-02
4.17500,0.351801,0.857904,7.645927e-01,4.939782e-01,8.564853e-01,1.331111e-01,-1.465831e-02,9.423519e-03,2.499777e-02,5.141038e-02
4.17750,0.352269,0.858072,7.652853e-01,4.940594e-01,8.570664e-01,1.331343e-01,-1.466826e-02,9.441031e-03,2.499962e-02,5.140621e-02
4.18000,0.352739,0.858240,7.659734e-01,4.941397e-01,8.576799e-01,1.331575e-01,-1.467768e-02,9.457708e-03,2.500134e-02,5.140231e-02
4.18250,0.353211,0.858407,7.666571e-01,4.942191e-01,8.583296e-01,1.331807e-01,-1.468538e-02,9.474705e-03,2.500318e-02,5.139871e-02
4.18500,0.353684,0.858573,7.673360e-01,4.942977e-01,8.590141e-01,1.332039e-01,-1.469408e-02,9.492507e-03,2.500485e-02,5.139539e-02
4.18750,0.354158,0.858739,7.680102e-01,4.943754e-01,8.597254e-01,1.332270e-01,-1.470412e-02,9.508479e-03,2.500624e-02,5.139235e-02
4.19000,0.354634,0.858903,7.687080e-01,4.944522e-01,8.604553e-01,1.332502e-01,-1.471424e-02,9.523003e-03,2.500744e-02,5.138961e-02
4.19250,0.355111,0.859066,7.694163e-01,4.945281e-01,8.611965e-01,1.332733e-01,-1.472420e-02,9.536732e-03,2.500841e-02,5.138715e-02
4.19500,0.355590,0.859228,7.701208e-01,4.946031e-01,8.619454e-01,1.332964e-01,-1.473492e-02,9.549947e-03,2.500902e-02,5.138498e-02
4.19750,0.356070,0.859390,7.708213e-01,4.946772e-01,8.627004e-01,1.333195e-01,-1.474647e-02,9.561736e-03,2.500945e-02,5.138310e-02
4.20000,0.356551,0.859550,7.715179e-01,4.947504e-01,8.634619e-01,1.333426e-01,-1.475757e-02,9.571167e-03,2.500999e-02,5.138151e-02
4.20250,0.357034,0.859710,7.722103e-01,4.948227e-01,8.642309e-01,1.333656e-01,-1.476667e-02,9.579488e-03,2.501037e-02,5.138022e-02
4.20500,0.357519,0.859868,7.728985e-01,4.948941e-01,8.650104e-01,1.333886e-01,-1.477539e-02,9.587090e-03,2.501045e-02,5.137922e-02
4.20750,0.358005,0.860026,7.735822e-01,4.949646e-01,8.658051e-01,1.334117e-01,-1.478552e-02,9.593072e-03,2.501015e-02,5.137852e-02
4.21000,0.358492,0.860182,7.742614e-01,4.950342e-01,8.666183e-01,1.334347e-01,-1.479720e-02,9.598155e-03,2.500938e-02,5.137810e-02
4.21250,0.358981,0.860338,7.749360e-01,4.951029e-01,8.674505e-01,1.334576e-01,-1.480825e-02,9.602539e-03,2.500833e-02,5.137797e-02
4.21500,0.359472,0.860493,7.756057e-01,4.951707e-01,8.682993e-01,1.334806e-01,-1.481900e-02,9.606957e-03,2.500714e-02,5.137813e-02
4.21750,0.359964,0.860646,7.762705e-01,4.952375e-01,8.691632e-01,1.335035e-01,-1.482935e-02,9.611517e-03,2.500594e-02,5.137857e-02
4.22000,0.360457,0.860799,7.769301e-01,4.953034e-01,8.700435e-01,1.335264e-01,-1.483840e-02,9.617416e-03,2.500447e-02,5.137932e-02
4.22250,0.360952,0.860951,7.775845e-01,4.953684e-01,8.709425e-01,1.335493e-01,-1.484629e-02,9.625571e-03,2.500268e-02,5.138037e-02
4.22500,0.361448,0.861102,7.782334e-01,4.954325e-01,8.718627e-01,1.335722e-01,-1.485244e-02,9.635156e-03,2.500087e-02,5.138174e-02
4.22750,0.361946,0.861252,7.788768e-01,4.954956e-01,8.728060e-01,1.335950e-01,-1.485888e-02,9.646829e-03,2.499898e-02,5.138343e-02
4.23000,0.362445,0.861401,7.795145e-01,4.955579e-01,8.737757e-01,1.336178e-01,-1.486533e-02,9.659704e-03,2.499689e-02,5.138543e-02
4.23250,0.362945,0.861549,7.801463e-01,4.956191e-01,8.747757e-01,1.336406e-01,-1.487278e-02,9.672513e-03,2.499484e-02,5.138775e-02
4.23500,0.363448,0.861696,7.807721e-01,4.956795e-01,8.758096e-01,1.336634e-01,-1.488018e-02,9.686613e-03,2.499324e-02,5.139040e-02
4.23750,0.363951,0.861842,7.813915e-01,4.957389e-01,8.768793e-01,1.336861e-01,-1.488581e-02,9.702282e-03,2.499192e-02,5.139338e-02
4.24000,0.364456,0.861988,7.820046e-01,4.957973e-01,8.779833e-01,1.337088e-01,-1.489121e-02,9.718845e-03,2.499062e-02,5.139669e-02
4.24250,0.364963,0.862132,7.826109e-01,4.958548e-01,8.791165e-01,1.337315e-01,-1.489653e-02,9.733241e-03,2.498967e-02,5.140034e-02
4.24500,0.365471,0.862275,7.832160e-01,4.959114e-01,8.802723e-01,1.337541e-01,-1.489977e-02,9.745284e-03,2.498895e-02,5.140432e-02
4.24750,0.365980,0.862417,7.838606e-01,4.959670e-01,8.814436e-01,1.337767e-01,-1.490246e-02,9.756245e-03,2.498806e-02,5.140863e-02
4.25000,0.366491,0.862559,7.845040e-01,4.960216e-01,8.826244e-01,1.337993e-01,-1.490610e-02,9.767477e-03,2.498710e-02,5.141328e-02
4.25250,0.367004,0.862699,7.851417e-01,4.960753e-01,8.838117e-01,1.338219e-01,-1.490969e-02,9.778163e-03,2.498618e-02,5.141825e-02
4.25500,0.367518,0.862838,7.857737e-01,4.961280e-01,8.850038e-01,1.338444e-01,-1.491159e-02,9.787606e-03,2.498519e-02,5.142356e-02
4.25750,0.368033,0.862977,7.863998e-01,4.961798e-01,8.853933e-01,1.338669e-01,-1.491337e-02,9.795242e-03,2.498407e-02,5.142920e-02
4.26000,0.368550,0.863114,7.870199e-01,4.962306e-01,8.846072e-01,1.338893e-01,-1.491457e-02,9.800844e-03,2.498285e-02,5.143517e-02
4.26250,0.369069,0.863251,7.876337e-01,4.962804e-01,8.838268e-01,1.339118e-01,-1.491490e-02,9.804702e-03,2.498205e-02,5.144148e-02
4.26500,0.369589,0.863386,7.882412e-01,4.963292e-01,8.830517e-01,1.339342e-01,-1.491527e-02,9.806904e-03,2.498152e-02,5.144812e-02
4.26750,0.370110,0.863521,7.888421e-01,4.963771e-01,8.822817e-01,1.339565e-01,-1.491845e-02,9.807656e-03,2.498087e-02,5.145511e-02
4.27000,0.370633,0.863654,7.894363e-01,4.964240e-01,8.815183e-01,1.339789e-01,-1.492465e-02,9.807330e-03,2.497994e-02,5.146244e-02
4.27250,0.371157,0.863787,7.900236e-01,4.964700e-01,8.807643e-01,1.340011e-01,-1.493191e-02,9.806715e-03,2.497900e-02,5.147012e-02
4.27500,0.371683,0.863918,7.906037e-01,4.965149e-01,8.800227e-01,1.340234e-01,-1.493766e-02,9.806447e-03,2.497839e-02,5.147814e-02
4.27750,0.372210,0.864049,7.911765e-01,4.965589e-01,8.792953e-01,1.340456e-01,-1.494089e-02,9.808001e-03,2.497796e-02,5.148651e-02
4.28000,0.372739,0.864179,7.917418e-01,4.966019e-01,8.785829e-01,1.340677e-01,-1.494023e-02,9.811950e-03,2.497772e-02,5.149523e-02
4.28250,0.373269,0.864307,7.922995e-01,4.966439e-01,8.778854e-01,1.340899e-01,-1.493634e-02,9.818136e-03,2.497752e-02,5.150431e-02
4.28500,0.373801,0.864435,7.928492e-01,4.966850e-01,8.772032e-01,1.341119e-01,-1.493333e-02,9.826586e-03,2.497693e-02,5.151375e-02
4.28750,0.374334,0.864562,7.933910e-01,4.967250e-01,8.765360e-01,1.341339e-01,-1.493150e-02,9.836375e-03,2.497654e-02,5.152356e-02
4.29000,0.374869,0.864687,7.939244e-01,4.967641e-01,8.758833e-01,1.341559e-01,-1.492938e-02,9.847281e-03,2.497678e-02,5.153375e-02
4.29250,0.375405,0.864812,7.944494e-01,4.968021e-01,8.752478e-01,1.341778e-01,-1.492567e-02,9.858482e-03,2.497737e-02,5.154432e-02
4.29500,0.375943,0.864936,7.949657e-01,4.968392e-01,8.746331e-01,1.341996e-01,-1.492095e-02,9.870384e-03,2.497816e-02,5.155527e-02
4.29750,0.376482,0.865059,7.954732e-01,4.968753e-01,8.740411e-01,1.342214e-01,-1.491404e-02,9.881718e-03,2.497925e-02,5.156660e-02
4.30000,0.377023,0.865181,7.960175e-01,4.969104e-01,8.734700e-01,1.342432e-01,-1.490719e-02,9.892842e-03,2.498055e-02,5.157833e-02
4.30250,0.377565,0.865301,7.965785e-01,4.969445e-01,8.729165e-01,1.342649e-01,-1.490309e-02,9.903347e-03,2.498213e-02,5.159046e-02
4.30500,0.378109,0.865421,7.971322e-01,4.969776e-01,8.723772e-01,1.342865e-01,-1.490111e-02,9.913396e-03,2.498350e-02,5.160299e-02
4.30750,0.378654,0.865540,7.976783e-01,4.970097e-01,8.718496e-01,1.343080e-01,-1.489981e-02,9.921888e-03,2.498469e-02,5.161591e-02
4.31000,0.379200,0.865658,7.982167e-01,4.970407e-01,8.713328e-01,1.343295e-01,-1.489673e-02,9.928743e-03,2.498565e-02,5.162922e-02
4.31250,0.379748,0.865775,7.987473e-01,4.970708e-01,8.708235e-01,1.343510e-01,-1.489185e-02,9.933999e-03,2.498654e-02,5.164294e-02
4.31500,0.380298,0.865891,7.992697e-01,4.970999e-01,8.703213e-01,1.343723e-01,-1.488565e-02,9.937620e-03,2.498730e-02,5.165706e-02
4.31750,0.380849,0.866006,7.997840e-01,4.971280e-01,8.698287e-01,1.343936e-01,-1.487999e-02,9.940377e-03,2.498825e-02,5.167159e-02
4.32000,0.381402,0.866119,8.002898e-01,4.971551e-01,8.693487e-01,1.344149e-01,-1.487542e-02,9.942169e-03,2.498998e-02,5.168652e-02
4.32250,0.381956,0.866232,8.007871e-01,4.971811e-01,8.688829e-01,1.344361e-01,-1.486999e-02,9.942388e-03,2.499187e-02,5.170185e-02
4.32500,0.382511,0.866344,8.012756e-01,4.972062e-01,8.684311e-01,1.344572e-01,-1.486502e-02,9.941390e-03,2.499355e-02,5.171758e-02
4.32750,0.383068,0.866455,8.017551e-01,4.972302e-01,8.679935e-01,1.344782e-01,-1.485951e-02,9.938445e-03,2.499496e-02,5.173372e-02
4.33000,0.383627,0.866565,8.022255e-01,4.972533e-01,8.675707e-01,1.344992e-01,-1.485438e-02,9.935515e-03,2.499647e-02,5.175027e-02
4.33250,0.384187,0.866674,8.026865e-01,4.972753e-01,8.671637e-01,1.345200e-01,-1.484832e-02,9.935122e-03,2.499822e-02,5.176723e-02
4.33500,0.384748,0.866782,8.031380e-01,4.972963e-01,8.667725e-01,1.345409e-01,-1.484127e-02,9.937149e-03,2.500069e-02,5.178463e-02
4.33750,0.385311,0.866889,8.035798e-01,4.973163e-01,8.663964e-01,1.345616e-01,-1.483385e-02,9.941672e-03,2.500342e-02,5.180245e-02
4.34000,0.385875,0.866995,8.040116e-01,4.973354e-01,8.660374e-01,1.345822e-01,-1.482590e-02,9.947304e-03,2.500609e-02,5.182072e-02
4.34250,0.386441,0.867100,8.044333e-01,4.973533e-01,8.656994e-01,1.346028e-01,-1.481597e-02,9.953341e-03,2.500859e-02,5.183942e-02
4.34500,0.387009,0.867204,8.048445e-01,4.973703e-01,8.653862e-01,1.346233e-01,-1.480397e-02,9.960673e-03,2.501101e-02,5.185857e-02
4.34750,0.387577,0.867307,8.052452e-01,4.973863e-01,8.651003e-01,1.346437e-01,-1.479081e-02,9.968944e-03,2.501322e-02,5.187817e-02
4.35000,0.388148,0.867409,8.056571e-01,4.974012e-01,8.648419e-01,1.346641e-01,-1.477875e-02,9.977556e-03,2.501508e-02,5.189821e-02
4.35250,0.388720,0.867510,8.061207e-01,4.974152e-01,8.646106e-01,1.346843e-01,-1.476653e-02,9.987105e-03,2.501779e-02,5.191868e-02
4.35500,0.389293,0.867610,8.065753e-01,4.974281e-01,8.644055e-01,1.347044e-01,-1.475263e-02,9.997113e-03,2.502183e-02,5.193960e-02
4.35750,0.389868,0.867709,8.070208e-01,4.974400e-01,8.642235e-01,1.347245e-01,-1.473612e-02,1.000580e-02,2.502643e-02,5.196097e-02
4.36000,0.390444,0.867807,8.074569e-01,4.974509e-01,8.640611e-01,1.347445e-01,-1.472033e-02,1.001214e-02,2.503101e-02,5.198279e-02
4.36250,0.391021,0.867903,8.078834e-01,4.974608e-01,8.639134e-01,1.347643e-01,-1.470319e-02,1.001519e-02,2.503551e-02,5.200504e-02
4.36500,0.391601,0.867999,8.083002e-01,4.974696e-01,8.637776e-01,1.347841e-01,-1.468563e-02,1.001770e-02,2.503960e-02,5.202772e-02
4.36750,0.392181,0.868094,8.087071e-01,4.974775e-01,8.636548e-01,1.348038e-01,-1.466821e-02,1.001978e-02,2.504334e-02,5.205085e-02
4.37000,0.392763,0.868188,8.091037e-01,4.974843e-01,8.635466e-01,1.348234e-01,-1.465193e-02,1.002063e-02,2.504775e-02,5.207440e-02
4.37250,0.393347,0.868281,8.094900e-01,4.974901e-01,8.634542e-01,1.348429e-01,-1.463494e-02,1.001922e-02,2.505276e-02,5.209839e-02
4.37500,0.393932,0.868373,8.098657e-01,4.974949e-01,8.633797e-01,1.348623e-01,-1.461486e-02,1.001417e-02,2.505770e-02,5.212281e-02
4.37750,0.394518,0.868464,8.102306e-01,4.974987e-01,8.633229e-01,1.348816e-01,-1.459330e-02,1.000779e-02,2.506226e-02,5.214767e-02
4.38000,0.395106,0.868554,8.105845e-01,4.975015e-01,8.632815e-01,1.349009e-01,-1.457092e-02,1.000079e-02,2.506641e-02,5.217296e-02
4.38250,0.395696,0.868643,8.109271e-01,4.975033e-01,8.632545e-01,1.349200e-01,-1.455087e-02,9.992710e-03,2.506991e-02,5.219868e-02
4.38500,0.396287,0.868731,8.112584e-01,4.975041e-01,8.632424e-01,1.349390e-01,-1.453189e-02,9.982689e-03,2.507300e-02,5.222484e-02
4.38750,0.396879,0.868818,8.115779e-01,4.975038e-01,8.632437e-01,1.349579e-01,-1.451131e-02,9.971466e-03,2.507624e-02,5.225142e-02
4.39000,0.397473,0.868904,8.118857e-01,4.975026e-01,8.632575e-01,1.349767e-01,-1.448840e-02,9.961160e-03,2.508124e-02,5.227843e-02
4.39250,0.398068,0.868989,8.121813e-01,4.975004e-01,8.632879e-01,1.349954e-01,-1.446406e-02,9.950747e-03,2.508715e-02,5.230589e-02
4.39500,0.398665,0.869073,8.124648e-01,4.974971e-01,8.633398e-01,1.350140e-01,-1.443863e-02,9.941712e-03,2.509388e-02,5.233380e-02
4.39750,0.399263,0.869156,8.127357e-01,4.974929e-01,8.634172e-01,1.350325e-01,-1.441343e-02,9.935005e-03,2.510047e-02,5.236217e-02
4.40000,0.399862,0.869238,8.130223e-01,4.974877e-01,8.635227e-01,1.350509e-01,-1.438730e-02,9.929967e-03,2.510662e-02,5.239100e-02
4.40250,0.400463,0.869319,8.133659e-01,4.974815e-01,8.636584e-01,1.350692e-01,-1.435875e-02,9.926226e-03,2.511252e-02,5.242030e-02
4.40500,0.401066,0.869398,8.136987e-01,4.974743e-01,8.638249e-01,1.350874e-01,-1.432815e-02,9.923530e-03,2.511829e-02,5.245007e-02
4.40750,0.401670,0.869477,8.140208e-01,4.974661e-01,8.640216e-01,1.351054e-01,-1.429699e-02,9.921700e-03,2.512402e-02,5.248033e-02
4.41000,0.402275,0.869555,8.143319e-01,4.974570e-01,8.642481e-01,1.351234e-01,-1.426340e-02,9.920777e-03,2.513057e-02,5.251106e-02
4.41250,0.402882,0.869632,8.146319e-01,4.974468e-01,8.645040e-01,1.351412e-01,-1.423100e-02,9.921216e-03,2.513726e-02,5.254228e-02
4.41500,0.403490,0.869708,8.149208e-01,4.974357e-01,8.647847e-01,1.351589e-01,-1.420097e-02,9.921784e-03,2.514341e-02,5.257399e-02
4.41750,0.404100,0.869783,8.151983e-01,4.974236e-01,8.650870e-01,1.351765e-01,-1.417327e-02,9.921731e-03,2.514912e-02,5.260617e-02
4.42000,0.404711,0.869857,8.154643e-01,4.974105e-01,8.637657e-01,1.351941e-01,-1.414531e-02,9.921204e-03,2.515456e-02,5.263885e-02
4.42250,0.405323,0.869930,8.157188e-01,4.973965e-01,8.624551e-01,1.352115e-01,-1.411502e-02,9.920379e-03,2.515987e-02,5.267203e-02
4.42500,0.405937,0.870002,8.159614e-01,4.973815e-01,8.611679e-01,1.352287e-01,-1.408228e-02,9.917995e-03,2.516508e-02,5.270572e-02
4.42750,0.406553,0.870073,8.161922e-01,4.973655e-01,8.599055e-01,1.352459e-01,-1.404867e-02,9.914518e-03,2.516995e-02,5.273991e-02
4.43000,0.407169,0.870143,8.164109e-01,4.973486e-01,8.586645e-01,1.352630e-01,-1.401593e-02,9.910623e-03,2.517398e-02,5.277460e-02
4.43250,0.407788,0.870212,8.166174e-01,4.973307e-01,8.574405e-01,1.352799e-01,-1.398302e-02,9.906063e-03,2.517863e-02,5.280980e-02
4.43500,0.408407,0.870280,8.168115e-01,4.973118e-01,8.562347e-01,1.352968e-01,-1.395038e-02,9.901109e-03,2.518447e-02,5.284550e-02
4.43750,0.409028,0.870347,8.169930e-01,4.972920e-01,8.550477e-01,1.353135e-01,-1.391712e-02,9.893368e-03,2.519055e-02,5.288171e-02
4.44000,0.409650,0.870413,8.171619e-01,4.972712e-01,8.538768e-01,1.353301e-01,-1.388289e-02,9.882439e-03,2.519674e-02,5.291843e-02
4.44250,0.410274,0.870478,8.173179e-01,4.972495e-01,8.527269e-01,1.353466e-01,-1.384770e-02,9.869472e-03,2.520291e-02,5.295565e-02
4.44500,0.410899,0.870542,8.174609e-01,4.972269e-01,8.515991e-01,1.353630e-01,-1.381304e-02,9.855931e-03,2.520883e-02,5.299337e-02
4.44750,0.411526,0.870605,8.175907e-01,4.972033e-01,8.504947e-01,1.353793e-01,-1.377807e-02,9.842366e-03,2.521431e-02,5.303159e-02
4.45000,0.412154,0.870667,8.177073e-01,4.971788e-01,8.494140e-01,1.353954e-01,-1.374094e-02,9.829444e-03,2.521942e-02,5.307029e-02
4.45250,0.412783,0.870728,8.178879e-01,4.971533e-01,8.483553e-01,1.354114e-01,-1.370130e-02,9.817999e-03,2.522460e-02,5.310950e-02
4.45500,0.413414,0.870788,8.180860e-01,4.971269e-01,8.473164e-01,1.354273e-01,-1.366120e-02,9.807222e-03,2.523052e-02,5.314921e-02
4.45750,0.414046,0.870847,8.182725e-01,4.970996e-01,8.462985e-01,1.354431e-01,-1.361960e-02,9.797288e-03,2.523671e-02,5.318941e-02
4.46000,0.414680,0.870905,8.184470e-01,4.970714e-01,8.453054e-01,1.354588e-01,-1.357557e-02,9.789258e-03,2.524292e-02,5.323010e-02
4.46250,0.415314,0.870962,8.186094e-01,4.970423e-01,8.443374e-01,1.354743e-01,-1.352938e-02,9.782707e-03,2.524903e-02,5.327128e-02
4.46500,0.415951,0.871018,8.187596e-01,4.970123e-01,8.433957e-01,1.354897e-01,-1.348029e-02,9.776623e-03,2.525499e-02,5.331293e-02
4.46750,0.416588,0.871074,8.188975e-01,4.969813e-01,8.424848e-01,1.355050e-01,-1.343013e-02,9.769749e-03,2.526066e-02,5.335508e-02
4.47000,0.417227,0.871128,8.190228e-01,4.969495e-01,8.416091e-01,1.355202e-01,-1.337938e-02,9.762619e-03,2.526614e-02,5.339773e-02
4.47250,0.417867,0.871181,8.191356e-01,4.969167e-01,8.407701e-01,1.355352e-01,-1.333003e-02,9.755731e-03,2.527158e-02,5.344088e-02
4.47500,0.418509,0.871233,8.192358e-01,4.968831e-01,8.399682e-01,1.355501e-01,-1.328243e-02,9.748445e-03,2.527663e-02,5.348453e-02
4.47750,0.419152,0.871284,8.193231e-01,4.968486e-01,8.392025e-01,1.355649e-01,-1.323315e-02,9.740119e-03,2.528165e-02,5.352867e-02
4.48000,0.419796,0.871334,8.193977e-01,4.968132e-01,8.384728e-01,1.355795e-01,-1.318236e-02,9.730260e-03,2.528822e-02,5.357331e-02
4.48250,0.420442,0.871384,8.194595e-01,4.967770e-01,8.377787e-01,1.355941e-01,-1.313139e-02,9.718682e-03,2.529548e-02,5.361845e-02
4.48500,0.421089,0.871432,8.195085e-01,4.967398e-01,8.371199e-01,1.356085e-01,-1.308011e-02,9.706647e-03,2.530265e-02,5.366409e-02
4.48750,0.421737,0.871479,8.195447e-01,4.967018e-01,8.364934e-01,1.356228e-01,-1.302854e-02,9.694243e-03,2.530958e-02,5.371024e-02
4.49000,0.422387,0.871525,8.196038e-01,4.966630e-01,8.358981e-01,1.356370e-01,-1.297564e-02,9.682459e-03,2.531635e-02,5.375691e-02
4.49250,0.423038,0.871571,8.196708e-01,4.966233e-01,8.353326e-01,1.356510e-01,-1.292350e-02,9.671874e-03,2.532286e-02,5.380410e-02
4.49500,0.423690,0.871615,8.197681e-01,4.965828e-01,8.347952e-01,1.356650e-01,-1.287231e-02,9.660693e-03,2.532891e-02,5.385183e-02
4.49750,0.424344,0.871658,8.198660e-01,4.965414e-01,8.342848e-01,1.356788e-01,-1.282165e-02,9.649773e-03,2.533442e-02,5.390010e-02
4.50000,0.424999,0.871701,8.199522e-01,4.964992e-01,8.338025e-01,1.356925e-01,-1.277235e-02,9.637117e-03,2.533970e-02,5.394889e-02
4.50250,0.425655,0.871742,8.200268e-01,4.964562e-01,8.333499e-01,1.357061e-01,-1.272353e-02,9.621053e-03,2.534525e-02,5.399820e-02
4.50500,0.426312,0.871783,8.200895e-01,4.964123e-01,8.329276e-01,1.357195e-01,-1.267460e-02,9.601913e-03,2.535116e-02,5.404804e-02
4.50750,0.426971,0.871822,8.201404e-01,4.963676e-01,8.325362e-01,1.357329e-01,-1.262530e-02,9.581997e-03,2.535703e-02,5.409840e-02
4.51000,0.427631,0.871861,8.201794e-01,4.963222e-01,8.321776e-01,1.357461e-01,-1.257188e-02,9.564339e-03,2.536270e-02,5.414928e-02
4.51250,0.428292,0.871898,8.202064e-01,4.962759e-01,8.318538e-01,1.357592e-01,-1.251520e-02,9.548715e-03,2.536806e-02,5.420068e-02
4.51500,0.428955,0.871935,8.202213e-01,4.962288e-01,8.315659e-01,1.357722e-01,-1.245718e-02,9.535168e-03,2.537299e-02,5.425262e-02
4.51750,0.429619,0.871970,8.202241e-01,4.961809e-01,8.313133e-01,1.357851e-01,-1.239803e-02,9.524674e-03,2.537733e-02,5.430508e-02
4.52000,0.430284,0.872005,8.202146e-01,4.961323e-01,8.311031e-01,1.357978e-01,-1.233945e-02,9.516111e-03,2.538134e-02,5.435807e-02
4.52250,0.430950,0.872039,8.201927e-01,4.960829e-01,8.309393e-01,1.358104e-01,-1.228138e-02,9.506770e-03,2.538532e-02,5.441157e-02
4.52500,0.431618,0.872071,8.201583e-01,4.960327e-01,8.308261e-01,1.358229e-01,-1.222093e-02,9.495818e-03,2.538934e-02,5.446558e-02
4.52750,0.432287,0.872103,8.201112e-01,4.959817e-01,8.307660e-01,1.358353e-01,-1.215672e-02,9.484139e-03,2.539347e-02,5.452009e-02
4.53000,0.432957,0.872134,8.200515e-01,4.959300e-01,8.307604e-01,1.358476e-01,-1.208971e-02,9.473309e-03,2.539768e-02,5.457510e-02
4.53250,0.433628,0.872164,8.199790e-01,4.958775e-01,8.308125e-01,1.358597e-01,-1.202260e-02,9.463733e-03,2.540307e-02,5.463060e-02
4.53500,0.434301,0.872193,8.198938e-01,4.958242e-01,8.309239e-01,1.358717e-01,-1.195641e-02,9.453565e-03,2.540873e-02,5.468660e-02
4.53750,0.434975,0.872221,8.197959e-01,4.957703e-01,8.310918e-01,1.358836e-01,-1.188922e-02,9.442005e-03,2.541422e-02,5.474310e-02
4.54000,0.435650,0.872248,8.196851e-01,4.957156e-01,8.313089e-01,1.358954e-01,-1.181946e-02,9.430441e-03,2.541962e-02,5.480010e-02
4.54250,0.436326,0.872274,8.195843e-01,4.956602e-01,8.315707e-01,1.359070e-01,-1.175192e-02,9.418605e-03,2.542491e-02,5.485763e-02
4.54500,0.437003,0.872299,8.195408e-01,4.956040e-01,8.318745e-01,1.359186e-01,-1.168660e-02,9.406482e-03,2.543014e-02,5.491566e-02
4.54750,0.437682,0.872323,8.195063e-01,4.955472e-01,8.322179e-01,1.359300e-01,-1.161983e-02,9.394841e-03,2.543515e-02,5.497421e-02
4.55000,0.438362,0.872346,8.194605e-01,4.954896e-01,8.325992e-01,1.359413e-01,-1.155257e-02,9.382053e-03,2.543985e-02,5.503328e-02
4.55250,0.439043,0.872368,8.194032e-01,4.954314e-01,8.330176e-01,1.359525e-01,-1.148549e-02,9.368501e-03,2.544436e-02,5.509286e-02
4.55500,0.439725,0.872390,8.193344e-01,4.953725e-01,8.334746e-01,1.359636e-01,-1.141975e-02,9.353296e-03,2.544850e-02,5.515296e-02
4.55750,0.440408,0.872410,8.192541e-01,4.953129e-01,8.325861e-01,1.359746e-01,-1.135380e-02,9.338474e-03,2.545234e-02,5.521359e-02
4.56000,0.441093,0.872429,8.191623e-01,4.952526e-01,8.314504e-01,1.359855e-01,-1.128726e-02,9.323833e-03,2.545650e-02,5.527475e-02
4.56250,0.441779,0.872448,8.190589e-01,4.951916e-01,8.303304e-01,1.359963e-01,-1.122242e-02,9.308127e-03,2.546005e-02,5.533644e-02
4.56500,0.442465,0.872465,8.189439e-01,4.951300e-01,8.292267e-01,1.360069e-01,-1.115651e-02,9.291325e-03,2.546337e-02,5.539867e-02
4.56750,0.443153,0.872482,8.188171e-01,4.950678e-01,8.281389e-01,1.360175e-01,-1.108962e-02,9.273212e-03,2.546633e-02,5.546143e-02
4.57000,0.443843,0.872498,8.186787e-01,4.950049e-01,8.270713e-01,1.360279e-01,-1.102395e-02,9.253583e-03,2.546900e-02,5.552470e-02
4.57250,0.444533,0.872512,8.185286e-01,4.949413e-01,8.260272e-01,1.360382e-01,-1.095605e-02,9.232383e-03,2.547150e-02,5.558847e-02
4.57500,0.445224,0.872526,8.183666e-01,4.948771e-01,8.250099e-01,1.360484e-01,-1.088599e-02,9.212315e-03,2.547439e-02,5.565272e-02
4.57750,0.445917,0.872539,8.181928e-01,4.948123e-01,8.240224e-01,1.360585e-01,-1.081176e-02,9.195725e-03,2.547708e-02,5.571746e-02
4.58000,0.446610,0.872551,8.180070e-01,4.947469e-01,8.230668e-01,1.360685e-01,-1.073628e-02,9.182317e-03,2.547956e-02,5.578270e-02
4.58250,0.447305,0.872562,8.178092e-01,4.946809e-01,8.221444e-01,1.360784e-01,-1.066033e-02,9.169581e-03,2.548156e-02,5.584843e-02
4.58500,0.448001,0.872572,8.175995e-01,4.946143e-01,8.212564e-01,1.360882e-01,-1.058218e-02,9.157148e-03,2.548299e-02,5.591465e-02
4.58750,0.448698,0.872581,8.173778e-01,4.945471e-01,8.204029e-01,1.360978e-01,-1.050186e-02,9.146681e-03,2.548443e-02,5.598139e-02
4.59000,0.449396,0.872589,8.171441e-01,4.944793e-01,8.195825e-01,1.361073e-01,-1.042298e-02,9.135028e-03,2.548573e-02,5.604863e-02
4.59250,0.450095,0.872596,8.168986e-01,4.944109e-01,8.187973e-01,1.361168e-01,-1.034414e-02,9.121706e-03,2.548811e-02,5.611636e-02
4.59500,0.450795,0.872603,8.167202e-01,4.943420e-01,8.180497e-01,1.361261e-01,-1.026440e-02,9.108654e-03,2.549078e-02,5.618460e-02
4.59750,0.451496,0.872608,8.165647e-01,4.942725e-01,8.173415e-01,1.361353e-01,-1.018474e-02,9.098054e-03,2.549410e-02,5.625333e-02
4.60000,0.452199,0.872613,8.163985e-01,4.942025e-01,8.166718e-01,1.361444e-01,-1.010732e-02,9.087627e-03,2.549694e-02,5.632255e-02
4.60250,0.452902,0.872616,8.162215e-01,4.941319e-01,8.160385e-01,1.361534e-01,-1.003016e-02,9.077456e-03,2.549974e-02,5.639227e-02
4.60500,0.453606,0.872619,8.160337e-01,4.940607e-01,8.154396e-01,1.361623e-01,-9.952160e-03,9.068199e-03,2.550236e-02,5.646249e-02
4.60750,0.454312,0.872621,8.158353e-01,4.939891e-01,8.148720e-01,1.361711e-01,-9.875510e-03,9.060378e-03,2.550448e-02,5.653320e-02
4.61000,0.455018,0.872621,8.156261e-01,4.939169e-01,8.143325e-01,1.361798e-01,-9.797916e-03,9.053466e-03,2.550650e-02,5.660442e-02
4.61250,0.455725,0.872621,8.154061e-01,4.938442e-01,8.138182e-01,1.361884e-01,-9.719142e-03,9.046430e-03,2.550793e-02,5.667617e-02
4.61500,0.456434,0.872620,8.151754e-01,4.937710e-01,8.133269e-01,1.361968e-01,-9.641441e-03,9.036994e-03,2.550887e-02,5.674843e-02
4.61750,0.457143,0.872618,8.149339e-01,4.936973e-01,8.128597e-01,1.362052e-01,-9.564432e-03,9.023024e-03,2.550967e-02,5.682120e-02
4.62000,0.457854,0.872615,8.146816e-01,4.936231e-01,8.124202e-01,1.362135e-01,-9.485697e-03,9.006706e-03,2.551018e-02,5.689445e-02
4.62250,0.458565,0.872612,8.144184e-01,4.935484e-01,8.120136e-01,1.362217e-01,-9.402715e-03,8.990922e-03,2.551077e-02,5.696819e-02
4.62500,0.459278,0.872607,8.141444e-01,4.934732e-01,8.116445e-01,1.362298e-01,-9.320351e-03,8.972762e-03,2.551170e-02,5.704241e-02
4.62750,0.459991,0.872601,8.138595e-01,4.933976e-01,8.113146e-01,1.362378e-01,-9.238931e-03,8.951465e-03,2.551254e-02,5.711710e-02
4.63000,0.460706,0.872595,8.135636e-01,4.933215e-01,8.110248e-01,1.362457e-01,-9.156999e-03,8.929242e-03,2.551297e-02,5.719224e-02
4.63250,0.461421,0.872588,8.132569e-01,4.932449e-01,8.107744e-01,1.362535e-01,-9.071945e-03,8.908273e-03,2.551331e-02,5.726785e-02
4.63500,0.462137,0.872579,8.129393e-01,4.931679e-01,8.105629e-01,1.362612e-01,-8.985937e-03,8.887189e-03,2.551348e-02,5.734394e-02
4.63750,0.462854,0.872570,8.126109e-01,4.930905e-01,8.089693e-01,1.362687e-01,-8.901177e-03,8.865444e-03,2.551336e-02,5.742048e-02
4.64000,0.463573,0.872560,8.122718e-01,4.930126e-01,8.067066e-01,1.362762e-01,-8.814621e-03,8.845252e-03,2.551328e-02,5.749749e-02
4.64250,0.464292,0.872549,8.119220e-01,4.929343e-01,8.044609e-01,1.362836e-01,-8.725534e-03,8.827247e-03,2.551335e-02,5.757496e-02
4.64500,0.465012,0.872537,8.115615e-01,4.928556e-01,8.022419e-01,1.362909e-01,-8.637551e-03,8.811121e-03,2.551318e-02,5.765290e-02
4.64750,0.465733,0.872524,8.112919e-01,4.927765e-01,8.000208e-01,1.362982e-01,-8.550241e-03,8.797787e-03,2.551287e-02,5.773132e-02
4.65000,0.466454,0.872511,8.110215e-01,4.926970e-01,7.978238e-01,1.363053e-01,-8.465149e-03,8.788251e-03,2.551219e-02,5.781022e-02
4.65250,0.467177,0.872496,8.107413e-01,4.926171e-01,7.956546e-01,1.363124e-01,-8.381748e-03,8.781769e-03,2.551137e-02,5.788959e-02
4.65500,0.467901,0.872481,8.104514e-01,4.925369e-01,7.934984e-01,1.363193e-01,-8.296431e-03,8.777120e-03,2.551073e-02,5.796945e-02
4.65750,0.468625,0.872464,8.101516e-01,4.924562e-01,7.913587e-01,1.363262e-01,-8.209514e-03,8.773237e-03,2.551000e-02,5.804981e-02
4.66000,0.469351,0.872447,8.098421e-01,4.923752e-01,7.892490e-01,1.363330e-01,-8.123460e-03,8.769434e-03,2.550925e-02,5.813066e-02
4.66250,0.470077,0.872429,8.095229e-01,4.922938e-01,7.871733e-01,1.363396e-01,-8.039486e-03,8.764331e-03,2.550791e-02,5.821198e-02
4.66500,0.470804,0.872410,8.091939e-01,4.922121e-01,7.851274e-01,1.363463e-01,-7.952736e-03,8.759556e-03,2.550698e-02,5.829377e-02
4.66750,0.471532,0.872390,8.088551e-01,4.921300e-01,7.830995e-01,1.363528e-01,-7.861744e-03,8.754776e-03,2.550574e-02,5.837603e-02
4.67000,0.472260,0.872369,8.085065e-01,4.920476e-01,7.811083e-01,1.363592e-01,-7.770660e-03,8.748525e-03,2.550479e-02,5.845875e-02
4.67250,0.472990,0.872347,8.081481e-01,4.919648e-01,7.791579e-01,1.363656e-01,-7.679806e-03,8.742033e-03,2.550372e-02,5.854191e-02
4.67500,0.473720,0.872325,8.077798e-01,4.918818e-01,7.772499e-01,1.363719e-01,-7.588354e-03,8.733805e-03,2.550286e-02,5.862551e-02
4.67750,0.474452,0.872301,8.074018e-01,4.917984e-01,7.753795e-01,1.363781e-01,-7.494073e-03,8.722661e-03,2.550228e-02,5.870955e-02
4.68000,0.475184,0.872277,8.070140e-01,4.917146e-01,7.735492e-01,1.363842e-01,-7.398317e-03,8.708723e-03,2.550139e-02,5.879403e-02
4.68250,0.475916,0.872251,8.066165e-01,4.916306e-01,7.717686e-01,1.363903e-01,-7.304391e-03,8.692148e-03,2.550046e-02,5.887895e-02
4.68500,0.476650,0.872225,8.062094e-01,4.915463e-01,7.700406e-01,1.363963e-01,-7.208816e-03,8.673094e-03,2.549912e-02,5.896428e-02
4.68750,0.477384,0.872198,8.057928e-01,4.914617e-01,7.683659e-01,1.364022e-01,-7.110234e-03,8.653073e-03,2.549759e-02,5.905006e-02
4.69000,0.478120,0.872170,8.053666e-01,4.913768e-01,7.667425e-01,1.364080e-01,-7.012312e-03,8.632503e-03,2.549579e-02,5.913627e-02
4.69250,0.478855,0.872142,8.049310e-01,4.912916e-01,7.651700e-01,1.364138e-01,-6.918535e-03,8.612968e-03,2.549387e-02,5.922292e-02
4.69500,0.479592,0.872112,8.044861e-01,4.912062e-01,7.636443e-01,1.364195e-01,-6.829335e-03,8.594628e-03,2.549163e-02,5.931000e-02
4.69750,0.480329,0.872081,8.040318e-01,4.911205e-01,7.621553e-01,1.364251e-01,-6.740120e-03,8.577036e-03,2.548917e-02,5.939752e-02
4.70000,0.481068,0.872050,8.036073e-01,4.910346e-01,7.607166e-01,1.364307e-01,-6.649908e-03,8.560820e-03,2.548667e-02,5.948549e-02
4.70250,0.481806,0.872018,8.032411e-01,4.909484e-01,7.593315e-01,1.364362e-01,-6.559542e-03,8.546676e-03,2.548421e-02,5.957391e-02
4.70500,0.482546,0.871985,8.028662e-01,4.908620e-01,7.580034e-01,1.364417e-01,-6.469505e-03,8.535398e-03,2.548189e-02,5.966275e-02
4.70750,0.483286,0.871950,8.024825e-01,4.907753e-01,7.567345e-01,1.364471e-01,-6.377147e-03,8.527096e-03,2.547921e-02,5.975204e-02
4.71000,0.484027,0.871916,8.020900e-01,4.906885e-01,7.555274e-01,1.364524e-01,-6.283561e-03,8.520406e-03,2.547661e-02,5.984177e-02
4.71250,0.484769,0.871880,8.016888e-01,4.906014e-01,7.543832e-01,1.364577e-01,-6.188264e-03,8.514351e-03,2.547387e-02,5.993192e-02
4.71500,0.485511,0.871843,8.012787e-01,4.905141e-01,7.533023e-01,1.364629e-01,-6.090791e-03,8.510351e-03,2.547114e-02,6.002251e-02
4.71750,0.486254,0.871806,8.008598e-01,4.904266e-01,7.522863e-01,1.364681e-01,-5.993504e-03,8.507513e-03,2.546805e-02,6.011351e-02
4.72000,0.486998,0.871767,8.004320e-01,4.903388e-01,7.513378e-01,1.364732e-01,-5.896696e-03,8.504048e-03,2.546478e-02,6.020492e-02
4.72250,0.487742,0.871728,7.999956e-01,4.902509e-01,7.504591e-01,1.364783e-01,-5.796716e-03,8.501298e-03,2.546205e-02,6.029674e-02
4.72500,0.488487,0.871688,7.995504e-01,4.901628e-01,7.496530e-01,1.364833e-01,-5.695974e-03,8.497644e-03,2.545941e-02,6.038896e-02
4.72750,0.489233,0.871647,7.990966e-01,4.900746e-01,7.489245e-01,1.364882e-01,-5.593584e-03,8.492023e-03,2.545680e-02,6.048157e-02
4.73000,0.489979,0.871605,7.986342e-01,4.899861e-01,7.482792e-01,1.364931e-01,-5.487994e-03,8.487049e-03,2.545425e-02,6.057458e-02
4.73250,0.490726,0.871562,7.981633e-01,4.898975e-01,7.477168e-01,1.364980e-01,-5.382287e-03,8.481307e-03,2.545175e-02,6.066798e-02
4.73500,0.491473,0.871519,7.976839e-01,4.898087e-01,7.472384e-01,1.365028e-01,-5.277857e-03,8.474412e-03,2.544910e-02,6.076178e-02
4.73750,0.492221,0.871474,7.971961e-01,4.897197e-01,7.468473e-01,1.365076e-01,-5.173885e-03,8.467335e-03,2.544581e-02,6.085598e-02
4.74000,0.492970,0.871429,7.967000e-01,4.896306e-01,7.465411e-01,1.365123e-01,-5.073240e-03,8.460521e-03,2.544238e-02,6.095058e-02
4.74250,0.493719,0.871383,7.961955e-01,4.895414e-01,7.463192e-01,1.365170e-01,-4.975626e-03,8.454562e-03,2.543887e-02,6.104557e-02
4.74500,0.494469,0.871336,7.956828e-01,4.894520e-01,7.461817e-01,1.365217e-01,-4.877183e-03,8.448853e-03,2.543553e-02,6.114095e-02
4.74750,0.495219,0.871288,7.951618e-01,4.893625e-01,7.461293e-01,1.365264e-01,-4.778606e-03,8.442259e-03,2.543190e-02,6.123672e-02
4.75000,0.495970,0.871239,7.946325e-01,4.892728e-01,7.461637e-01,1.365310e-01,-4.678254e-03,8.432347e-03,2.542825e-02,6.133288e-02
4.75250,0.496721,0.871190,7.940950e-01,4.891831e-01,7.462854e-01,1.365356e-01,-4.576965e-03,8.421668e-03,2.542467e-02,6.142943e-02
4.75500,0.497473,0.871139,7.935492e-01,4.890932e-01,7.454055e-01,1.365401e-01,-4.474337e-03,8.411779e-03,2.542068e-02,6.152636e-02
4.75750,0.498226,0.871088,7.930860e-01,4.890032e-01,7.440582e-01,1.365446e-01,-4.371060e-03,8.400979e-03,2.541636e-02,6.162367e-02
4.76000,0.498979,0.871036,7.926262e-01,4.889131e-01,7.427549e-01,1.365491e-01,-4.270174e-03,8.386396e-03,2.541185e-02,6.172134e-02
4.76250,0.499732,0.870983,7.921584e-01,4.888228e-01,7.415004e-01,1.365536e-01,-4.168180e-03,8.370720e-03,2.540738e-02,6.181938e-02
4.76500,0.500486,0.870929,7.916827e-01,4.887325e-01,7.402972e-01,1.365580e-01,-4.065770e-03,8.356453e-03,2.540316e-02,6.191779e-02
4.76750,0.501241,0.870874,7.911992e-01,4.886421e-01,7.391479e-01,1.365625e-01,-3.962276e-03,8.341936e-03,2.539861e-02,6.201654e-02
4.77000,0.501996,0.870818,7.907079e-01,4.885516e-01,7.380560e-01,1.365669e-01,-3.856826e-03,8.329118e-03,2.539435e-02,6.211565e-02
4.77250,0.502751,0.870762,7.902088e-01,4.884611e-01,7.370250e-01,1.365712e-01,-3.749771e-03,8.318411e-03,2.539049e-02,6.221512e-02
4.77500,0.503507,0.870705,7.897021e-01,4.883704e-01,7.360577e-01,1.365756e-01,-3.640458e-03,8.311031e-03,2.538647e-02,6.231493e-02
4.77750,0.504263,0.870647,7.891876e-01,4.882797e-01,7.351539e-01,1.365799e-01,-3.530081e-03,8.306684e-03,2.538261e-02,6.241512e-02
4.78000,0.505020,0.870588,7.886657e-01,4.881890e-01,7.343134e-01,1.365843e-01,-3.424040e-03,8.305428e-03,2.537859e-02,6.251566e-02
4.78250,0.505777,0.870528,7.881361e-01,4.880981e-01,7.335324e-01,1.365886e-01,-3.321209e-03,8.305314e-03,2.537462e-02,6.261655e-02
4.78500,0.506535,0.870467,7.875991e-01,4.880072e-01,7.327986e-01,1.365929e-01,-3.218337e-03,8.306124e-03,2.537032e-02,6.271778e-02
4.78750,0.507293,0.870405,7.870546e-01,4.879163e-01,7.321262e-01,1.365972e-01,-3.110881e-03,8.311289e-03,2.536613e-02,6.281937e-02
4.79000,0.508051,0.870343,7.865026e-01,4.878253e-01,7.315164e-01,1.366015e-01,-3.005014e-03,8.316177e-03,2.536219e-02,6.292130e-02
4.79250,0.508810,0.870280,7.859431e-01,4.877343e-01,7.309729e-01,1.366058e-01,-2.897938e-03,8.322816e-03,2.535829e-02,6.302356e-02
4.79500,0.509569,0.870216,7.853762e-01,4.876432e-01,7.305007e-01,1.366101e-01,-2.787143e-03,8.330296e-03,2.535459e-02,6.312616e-02
4.79750,0.510328,0.870151,7.848019e-01,4.875521e-01,7.301016e-01,1.366144e-01,-2.674225e-03,8.337895e-03,2.535060e-02,6.322910e-02
4.80000,0.511088,0.870085,7.842202e-01,4.874609e-01,7.297725e-01,1.366187e-01,-2.563599e-03,8.343246e-03,2.534667e-02,6.333236e-02
4.80250,0.511848,0.870018,7.836312e-01,4.873697e-01,7.295113e-01,1.366230e-01,-2.455449e-03,8.345912e-03,2.534230e-02,6.343594e-02
4.80500,0.512609,0.869951,7.830349e-01,4.872785e-01,7.293198e-01,1.366273e-01,-2.343151e-03,8.347392e-03,2.533756e-02,6.353983e-02
4.80750,0.513370,0.869882,7.824314e-01,4.871872e-01,7.291989e-01,1.366316e-01,-2.230273e-03,8.345883e-03,2.533244e-02,6.364403e-02
4.81000,0.514131,0.869813,7.818208e-01,4.870960e-01,7.291522e-01,1.366359e-01,-2.117348e-03,8.341732e-03,2.532718e-02,6.374851e-02
4.81250,0.514892,0.869743,7.812031e-01,4.870047e-01,7.291821e-01,1.366402e-01,-2.001594e-03,8.336207e-03,2.532250e-02,6.385330e-02
4.81500,0.515654,0.869672,7.806144e-01,4.869134e-01,7.292928e-01,1.366445e-01,-1.884369e-03,8.328339e-03,2.531750e-02,6.395837e-02
4.81750,0.516416,0.869600,7.800793e-01,4.868220e-01,7.294866e-01,1.366488e-01,-1.765090e-03,8.318621e-03,2.531286e-02,6.406374e-02
4.82000,0.517178,0.869528,7.795372e-01,4.867307e-01,7.297644e-01,1.366532e-01,-1.649026e-03,8.309120e-03,2.530852e-02,6.416941e-02
4.82250,0.517941,0.869454,7.789882e-01,4.866394e-01,7.301253e-01,1.366575e-01,-1.538726e-03,8.297722e-03,2.530368e-02,6.427536e-02
4.82500,0.518704,0.869380,7.784323e-01,4.865480e-01,7.305582e-01,1.366619e-01,-1.432304e-03,8.283038e-03,2.529821e-02,6.438160e-02
4.82750,0.519467,0.869305,7.778695e-01,4.864567e-01,7.310709e-01,1.366663e-01,-1.323352e-03,8.271293e-03,2.529224e-02,6.448811e-02
4.83000,0.520230,0.869228,7.772999e-01,4.863653e-01,7.316669e-01,1.366707e-01,-1.214220e-03,8.262342e-03,2.528612e-02,6.459491e-02
4.83250,0.520994,0.869152,7.767234e-01,4.862740e-01,7.323499e-01,1.366751e-01,-1.105923e-03,8.255341e-03,2.528003e-02,6.470199e-02
4.83500,0.521757,0.869074,7.761401e-01,4.861827e-01,7.331225e-01,1.366795e-01,-9.947212e-04,8.252404e-03,2.527397e-02,6.480934e-02
4.83750,0.522521,0.868995,7.755500e-01,4.860914e-01,7.339909e-01,1.366840e-01,-8.802191e-04,8.254423e-03,2.526808e-02,6.491697e-02
4.84000,0.523285,0.868916,7.749531e-01,4.860001e-01,7.349612e-01,1.366885e-01,-7.658863e-04,8.258814e-03,2.526239e-02,6.502489e-02
4.84250,0.524050,0.868836,7.743495e-01,4.859089e-01,7.360398e-01,1.366930e-01,-6.523130e-04,8.263801e-03,2.525649e-02,6.513307e-02
4.84500,0.524814,0.868754,7.737391e-01,4.858176e-01,7.372306e-01,1.366975e-01,-5.371774e-04,8.271478e-03,2.525014e-02,6.524150e-02
4.84750,0.525579,0.868672,7.731220e-01,4.857264e-01,7.385338e-01,1.367021e-01,-4.190007e-04,8.282392e-03,2.524382e-02,6.535019e-02
4.85000,0.526343,0.868590,7.724984e-01,4.856352e-01,7.399478e-01,1.367067e-01,-2.989292e-04,8.295102e-03,2.523724e-02,6.545911e-02
4.85250,0.527108,0.868506,7.718683e-01,4.855440e-01,7.414688e-01,1.367113e-01,-1.774224e-04,8.307220e-03,2.523061e-02,6.556826e-02
4.85500,0.527873,0.868421,7.712317e-01,4.854528e-01,7.430963e-01,1.367159e-01,-5.351140e-05,8.319245e-03,2.522408e-02,6.567763e-02
4.85750,0.528638,0.868336,7.705887e-01,4.853617e-01,7.448324e-01,1.367206e-01,7.354878e-05,8.331263e-03,2.521772e-02,6.578723e-02
4.86000,0.529404,0.868250,7.699395e-01,4.852706e-01,7.466765e-01,1.367253e-01,2.008947e-04,8.340991e-03,2.521191e-02,6.589707e-02
4.86250,0.530169,0.868163,7.692840e-01,4.851795e-01,7.486273e-01,1.367300e-01,3.230510e-04,8.347196e-03,2.520570e-02,6.600712e-02
4.86500,0.530934,0.868075,7.686224e-01,4.850884e-01,7.501814e-01,1.367348e-01,4.411634e-04,8.352598e-03,2.519884e-02,6.611738e-02
4.86750,0.531700,0.867986,7.679547e-01,4.849974e-01,7.507560e-01,1.367396e-01,5.597395e-04,8.359181e-03,2.519188e-02,6.622785e-02
4.87000,0.532465,0.867896,7.672809e-01,4.849064e-01,7.514035e-01,1.367445e-01,6.795379e-04,8.365533e-03,2.518478e-02,6.633853e-02
4.87250,0.533231,0.867806,7.666011e-01,4.848154e-01,7.521298e-01,1.367494e-01,7.983435e-04,8.369952e-03,2.517712e-02,6.644940e-02
4.87500,0.533996,0.867714,7.659155e-01,4.847244e-01,7.506653e-01,1.367543e-01,9.171337e-04,8.374757e-03,2.516897e-02,6.656046e-02
4.87750,0.534762,0.867622,7.652240e-01,4.846335e-01,7.489334e-01,1.367593e-01,1.038456e-03,8.377283e-03,2.516082e-02,6.667172e-02
4.88000,0.535528,0.867529,7.645304e-01,4.845426e-01,7.472467e-01,1.367643e-01,1.162209e-03,8.378212e-03,2.515245e-02,6.678318e-02
4.88250,0.536293,0.867435,7.639147e-01,4.844517e-01,7.456070e-01,1.367693e-01,1.282630e-03,8.377026e-03,2.514362e-02,6.689482e-02
4.88500,0.537059,0.867340,7.632929e-01,4.843608e-01,7.440103e-01,1.367744e-01,1.402032e-03,8.374323e-03,2.513411e-02,6.700664e-02
4.88750,0.537825,0.867244,7.626649e-01,4.842700e-01,7.424668e-01,1.367796e-01,1.522541e-03,8.370163e-03,2.512469e-02,6.711863e-02
4.89000,0.538590,0.867148,7.620308e-01,4.841792e-01,7.409849e-01,1.367848e-01,1.644426e-03,8.367392e-03,2.511468e-02,6.723078e-02
4.89250,0.539356,0.867050,7.613908e-01,4.840885e-01,7.395688e-01,1.367900e-01,1.767821e-03,8.366703e-03,2.510408e-02,6.734309e-02
4.89500,0.540121,0.866952,7.607448e-01,4.839977e-01,7.382205e-01,1.367953e-01,1.890957e-03,8.368407e-03,2.509322e-02,6.745555e-02
4.89750,0.540887,0.866853,7.600930e-01,4.839070e-01,7.369459e-01,1.368007e-01,2.018237e-03,8.372955e-03,2.508199e-02,6.756818e-02
4.90000,0.541652,0.866753,7.594354e-01,4.838164e-01,7.357468e-01,1.368060e-01,2.147625e-03,8.379024e-03,2.507048e-02,6.768097e-02
4.90250,0.542417,0.866652,7.587721e-01,4.837257e-01,7.346141e-01,1.368115e-01,2.276372e-03,8.386305e-03,2.505896e-02,6.779392e-02
4.90500,0.543182,0.866550,7.581032e-01,4.836351e-01,7.335426e-01,1.368170e-01,2.402582e-03,8.397195e-03,2.504766e-02,6.790701e-02
4.90750,0.543947,0.866448,7.574287e-01,4.835445e-01,7.325375e-01,1.368225e-01,2.526860e-03,8.413000e-03,2.503629e-02,6.802024e-02
4.91000,0.544712,0.866344,7.567487e-01,4.834540e-01,7.315961e-01,1.368281e-01,2.651866e-03,8.432774e-03,2.502455e-02,6.813359e-02
4.91250,0.545477,0.866240,7.560634e-01,4.833635e-01,7.307201e-01,1.368337e-01,2.779948e-03,8.456034e-03,2.501287e-02,6.824706e-02
4.91500,0.546242,0.866135,7.553726e-01,4.832729e-01,7.299152e-01,1.368395e-01,2.908469e-03,8.480840e-03,2.500103e-02,6.836066e-02
4.91750,0.547006,0.866029,7.546766e-01,4.831824e-01,7.291846e-01,1.368452e-01,3.036608e-03,8.505222e-03,2.498843e-02,6.847436e-02
4.92000,0.547770,0.865922,7.539754e-01,4.830919e-01,7.285306e-01,1.368510e-01,3.164884e-03,8.526257e-03,2.497521e-02,6.858816e-02
4.92250,0.548534,0.865814,7.532690e-01,4.830015e-01,7.279549e-01,1.368569e-01,3.295997e-03,8.544444e-03,2.496193e-02,6.870207e-02
4.92500,0.549298,0.865705,7.525577e-01,4.829110e-01,7.274545e-01,1.368629e-01,3.425935e-03,8.558775e-03,2.494864e-02,6.881606e-02
4.92750,0.550062,0.865596,7.518414e-01,4.828205e-01,7.270299e-01,1.368689e-01,3.555193e-03,8.573884e-03,2.493472e-02,6.893012e-02
4.93000,0.550825,0.865485,7.511202e-01,4.827301e-01,7.266817e-01,1.368749e-01,3.686734e-03,8.590478e-03,2.492057e-02,6.904426e-02
4.93250,0.551589,0.865374,7.503943e-01,4.826396e-01,7.264225e-01,1.368810e-01,3.820378e-03,8.605650e-03,2.490599e-02,6.915846e-02
4.93500,0.552352,0.865262,7.496993e-01,4.825491e-01,7.262698e-01,1.368872e-01,3.955465e-03,8.620621e-03,2.489082e-02,6.927274e-02
4.93750,0.553114,0.865149,7.490383e-01,4.824587e-01,7.262327e-01,1.368935e-01,4.089687e-03,8.634506e-03,2.487410e-02,6.938709e-02
4.94000,0.553877,0.865035,7.483720e-01,4.823682e-01,7.247237e-01,1.368998e-01,4.220777e-03,8.643247e-03,2.485688e-02,6.950148e-02
4.94250,0.554639,0.864920,7.477003e-01,4.822777e-01,7.227121e-01,1.369062e-01,4.356178e-03,8.647572e-03,2.483869e-02,6.961594e-02
4.94500,0.555401,0.864804,7.470234e-01,4.821872e-01,7.207863e-01,1.369126e-01,4.492229e-03,8.649261e-03,2.482033e-02,6.973044e-02
4.94750,0.556163,0.864687,7.463413e-01,4.820967e-01,7.189392e-01,1.369191e-01,4.625119e-03,8.650920e-03,2.480144e-02,6.984499e-02
4.95000,0.556924,0.864570,7.456540e-01,4.820061e-01,7.171875e-01,1.369257e-01,4.755381e-03,8.652788e-03,2.478201e-02,6.995957e-02
4.95250,0.557685,0.864452,7.449617e-01,4.819156e-01,7.155323e-01,1.369324e-01,4.886373e-03,8.660085e-03,2.476201e-02,7.007420e-02
4.95500,0.558446,0.864332,7.442644e-01,4.818250e-01,7.139733e-01,1.369391e-01,5.016469e-03,8.671764e-03,2.474145e-02,7.018886e-02
4.95750,0.559206,0.864212,7.435622e-01,4.817344e-01,7.125027e-01,1.369459e-01,5.147237e-03,8.687101e-03,2.471979e-02,7.030355e-02
4.96000,0.559966,0.864091,7.428552e-01,4.816437e-01,7.111099e-01,1.369528e-01,5.278567e-03,8.706480e-03,2.469744e-02,7.041827e-02
4.96250,0.560725,0.863969,7.421435e-01,4.815531e-01,7.098181e-01,1.369598e-01,5.412491e-03,8.729084e-03,2.467475e-02,7.053300e-02
4.96500,0.561484,0.863846,7.414272e-01,4.814623e-01,7.086349e-01,1.369668e-01,5.548040e-03,8.752622e-03,2.465182e-02,7.064774e-02
4.96750,0.562243,0.863722,7.407063e-01,4.813716e-01,7.075686e-01,1.369739e-01,5.685757e-03,8.780438e-03,2.462838e-02,7.076247e-02
4.97000,0.563001,0.863597,7.399808e-01,4.812808e-01,7.066253e-01,1.369811e-01,5.823073e-03,8.811630e-03,2.460492e-02,7.087720e-02
4.97250,0.563759,0.863472,7.392511e-01,4.811899e-01,7.058117e-01,1.369883e-01,5.959350e-03,8.844560e-03,2.458142e-02,7.099191e-02
4.97500,0.564517,0.863345,7.385170e-01,4.810989e-01,7.051349e-01,1.369957e-01,6.098640e-03,8.880501e-03,2.455736e-02,7.110659e-02
4.97750,0.565274,0.863218,7.377787e-01,4.810079e-01,7.045972e-01,1.370031e-01,6.240888e-03,8.915795e-03,2.453304e-02,7.122125e-02
4.98000,0.566030,0.863090,7.370365e-01,4.809168e-01,7.041996e-01,1.370106e-01,6.379758e-03,8.946304e-03,2.450829e-02,7.133586e-02
4.98250,0.566786,0.862960,7.362902e-01,4.808257e-01,7.039390e-01,1.370181e-01,6.519097e-03,8.974410e-03,2.448318e-02,7.145041e-02
4.98500,0.567542,0.862830,7.355402e-01,4.807344e-01,7.038407e-01,1.370258e-01,6.663462e-03,9.002416e-03,2.445732e-02,7.156490e-02
4.98750,0.568297,0.862699,7.347864e-01,4.806430e-01,7.039151e-01,1.370335e-01,6.806132e-03,9.025853e-03,2.443044e-02,7.167932e-02
4.99000,0.569051,0.862567,7.340290e-01,4.805515e-01,7.041705e-01,1.370413e-01,6.945585e-03,9.046243e-03,2.440306e-02,7.179367e-02
4.99250,0.569805,0.862434,7.332681e-01,4.804600e-01,7.046155e-01,1.370492e-01,7.085573e-03,9.068129e-03,2.437507e-02,7.190793e-02
4.99500,0.570558,0.862300,7.325038e-01,4.803683e-01,7.052560e-01,1.370572e-01,7.227415e-03,9.091453e-03,2.434607e-02,7.202212e-02
4.99750,0.571311,0.862165,7.317362e-01,4.802765e-01,7.060938e-01,1.370653e-01,7.368507e-03,9.114332e-03,2.431604e-02,7.213623e-02
5.00000,0.572064,0.862029,7.309655e-01,4.801845e-01,7.071280e-01,1.370735e-01,7.506632e-03,9.134235e-03,2.428539e-02,7.225025e-02
5.00250,0.572815,0.861893,7.301917e-01,4.800925e-01,7.083571e-01,1.370817e-01,7.645959e-03,9.151774e-03,2.425417e-02,7.236417e-02
5.00500,0.573566,0.861755,7.294150e-01,4.800002e-01,7.097857e-01,1.370900e-01,7.785776e-03,9.167268e-03,2.422165e-02,7.247801e-02
5.00750,0.574317,0.861616,7.286354e-01,4.799079e-01,7.114217e-01,1.370984e-01,7.924554e-03,9.182506e-03,2.418807e-02,7.259174e-02
5.01000,0.575067,0.861477,7.278783e-01,4.798154e-01,7.132771e-01,1.371069e-01,8.064534e-03,9.200391e-03,2.415335e-02,7.270536e-02
5.01250,0.575816,0.861337,7.271473e-01,4.797227e-01,7.153581e-01,1.371155e-01,8.205879e-03,9.221071e-03,2.411720e-02,7.281887e-02
5.01500,0.576564,0.861195,7.264124e-01,4.796299e-01,7.176651e-01,1.371242e-01,8.349344e-03,9.247057e-03,2.408008e-02,7.293226e-02
5.01750,0.577312,0.861053,7.256737e-01,4.795369e-01,7.201965e-01,1.371330e-01,8.493220e-03,9.277429e-03,2.404279e-02,7.304553e-02
5.02000,0.578060,0.860909,7.249313e-01,4.794437e-01,7.229510e-01,1.371419e-01,8.634697e-03,9.309989e-03,2.400603e-02,7.315867e-02
5.02250,0.578806,0.860765,7.241854e-01,4.793503e-01,7.259290e-01,1.371508e-01,8.775599e-03,9.344368e-03,2.396919e-02,7.327166e-02
5.02500,0.579552,0.860620,7.234360e-01,4.792568e-01,7.291316e-01,1.371598e-01,8.918077e-03,9.382514e-03,2.393259e-02,7.338449e-02
5.02750,0.580297,0.860474,7.226833e-01,4.791630e-01,7.325589e-01,1.371690e-01,9.063823e-03,9.423626e-03,2.389634e-02,7.349715e-02
5.03000,0.581041,0.860327,7.234769e-01,4.790690e-01,7.362009e-01,1.371782e-01,9.211274e-03,9.464670e-03,2.385993e-02,7.360964e-02
5.03250,0.581785,0.860179,7.243931e-01,4.789748e-01,7.400640e-01,1.371875e-01,9.359978e-03,9.507866e-03,2.382360e-02,7.372194e-02
5.03500,0.582528,0.860029,7.253076e-01,4.788803e-01,7.410692e-01,1.371969e-01,9.507230e-03,9.552680e-03,2.378753e-02,7.383404e-02
5.03750,0.583270,0.859879,7.262201e-01,4.787856e-01,7.414651e-01,1.372064e-01,9.654453e-03,9.597275e-03,2.375115e-02,7.394594e-02
5.04000,0.584011,0.859728,7.271305e-01,4.786906e-01,7.420063e-01,1.372160e-01,9.799177e-03,9.638878e-03,2.371470e-02,7.405761e-02
5.04250,0.584751,0.859576,7.280387e-01,4.785954e-01,7.426979e-01,1.372256e-01,9.943262e-03,9.678123e-03,2.367742e-02,7.416906e-02
5.04500,0.585491,0.859423,7.289446e-01,4.784999e-01,7.435423e-01,1.372354e-01,1.008824e-02,9.715173e-03,2.363876e-02,7.428027e-02
5.04750,0.586230,0.859269,7.298480e-01,4.784041e-01,7.445450e-01,1.372452e-01,1.023620e-02,9.752307e-03,2.360011e-02,7.439125e-02
5.05000,0.586968,0.859114,7.307486e-01,4.783080e-01,7.457138e-01,1.372551e-01,1.038463e-02,9.788976e-03,2.356081e-02,7.450198e-02
5.05250,0.587705,0.858958,7.316462e-01,4.782116e-01,7.470592e-01,1.372651e-01,1.053280e-02,9.824670e-03,2.352082e-02,7.461245e-02
5.05500,0.588441,0.858801,7.325408e-01,4.781149e-01,7.485874e-01,1.372752e-01,1.068043e-02,9.859111e-03,2.347981e-02,7.472268e-02
5.05750,0.589176,0.858643,7.334319e-01,4.780179e-01,7.503035e-01,1.372854e-01,1.083024e-02,9.895327e-03,2.343768e-02,7.483264e-02
5.06000,0.589911,0.858484,7.343196e-01,4.779206e-01,7.522116e-01,1.372957e-01,1.097873e-02,9.930448e-03,2.339429e-02,7.494234e-02
5.06250,0.590644,0.858324,7.352034e-01,4.778229e-01,7.543135e-01,1.373060e-01,1.112450e-02,9.962331e-03,2.334900e-02,7.505177e-02
5.06500,0.591377,0.858163,7.360833e-01,4.777248e-01,7.566112e-01,1.373164e-01,1.127315e-02,9.992863e-03,2.330505e-02,7.516093e-02
5.06750,0.592108,0.858001,7.369589e-01,4.776264e-01,7.591088e-01,1.373269e-01,1.142235e-02,1.002526e-02,2.326250e-02,7.526982e-02
5.07000,0.592839,0.857838,7.378301e-01,4.775276e-01,7.618104e-01,1.373375e-01,1.156960e-02,1.005737e-02,2.322046e-02,7.537842e-02
5.07250,0.593569,0.857674,7.386966e-01,4.774284e-01,7.629618e-01,1.373481e-01,1.171586e-02,1.009205e-02,2.317924e-02,7.548671e-02
5.07500,0.594297,0.857509,7.395582e-01,4.773288e-01,7.622109e-01,1.373589e-01,1.186427e-02,1.013049e-02,2.313864e-02,7.559468e-02
5.07750,0.595025,0.857343,7.404147e-01,4.772289e-01,7.616048e-01,1.373697e-01,1.201380e-02,1.017350e-02,2.309917e-02,7.570234e-02
5.08000,0.595752,0.857175,7.412659e-01,4.771285e-01,7.611449e-01,1.373805e-01,1.216139e-02,1.021851e-02,2.306091e-02,7.580967e-02
5.08250,0.596477,0.857007,7.421115e-01,4.770277e-01,7.608302e-01,1.373915e-01,1.230673e-02,1.026443e-02,2.302246e-02,7.591666e-02
5.08500,0.597202,0.856838,7.429513e-01,4.769264e-01,7.606589e-01,1.374025e-01,1.245011e-02,1.031215e-02,2.298354e-02,7.602329e-02
5.08750,0.597925,0.856668,7.437852e-01,4.768247e-01,7.606202e-01,1.374136e-01,1.259580e-02,1.036461e-02,2.294475e-02,7.612955e-02
5.09000,0.598648,0.856496,7.446127e-01,4.767225e-01,7.607314e-01,1.374248e-01,1.274301e-02,1.042028e-02,2.290818e-02,7.623545e-02
5.09250,0.599369,0.856324,7.454337e-01,4.766199e-01,7.610069e-01,1.374360e-01,1.289137e-02,1.047813e-02,2.287276e-02,7.634096e-02
5.09500,0.600089,0.856150,7.462477e-01,4.765167e-01,7.614518e-01,1.374473e-01,1.304083e-02,1.053594e-02,2.283726e-02,7.644608e-02
5.09750,0.600808,0.855976,7.470544e-01,4.764131e-01,7.620683e-01,1.374587e-01,1.319380e-02,1.059357e-02,2.280167e-02,7.655082e-02
5.10000,0.601526,0.855800,7.478535e-01,4.763089e-01,7.628576e-01,1.374701e-01,1.334916e-02,1.065075e-02,2.276541e-02,7.665516e-02
5.10250,0.602243,0.855623,7.486444e-01,4.762042e-01,7.638225e-01,1.374816e-01,1.350028e-02,1.070389e-02,2.272721e-02,7.675910e-02
5.10500,0.602959,0.855446,7.494270e-01,4.760990e-01,7.649726e-01,1.374931e-01,1.364995e-02,1.075548e-02,2.269046e-02,7.686260e-02
5.10750,0.603673,0.855267,7.502005e-01,4.759931e-01,7.663240e-01,1.375047e-01,1.380101e-02,1.080884e-02,2.265594e-02,7.696567e-02
5.11000,0.604386,0.855087,7.509648e-01,4.758868e-01,7.678880e-01,1.375164e-01,1.395176e-02,1.085934e-02,2.262273e-02,7.706830e-02
5.11250,0.605099,0.854906,7.517193e-01,4.757798e-01,7.696628e-01,1.375281e-01,1.409990e-02,1.090750e-02,2.259057e-02,7.717049e-02
5.11500,0.605809,0.854723,7.524635e-01,4.756722e-01,7.716650e-01,1.375398e-01,1.424889e-02,1.095632e-02,2.255943e-02,7.727223e-02
5.11750,0.606519,0.854540,7.532774e-01,4.755641e-01,7.738967e-01,1.375516e-01,1.439852e-02,1.100221e-02,2.252916e-02,7.737352e-02
5.12000,0.607227,0.854356,7.540909e-01,4.754553e-01,7.763630e-01,1.375634e-01,1.454891e-02,1.104752e-02,2.249939e-02,7.747436e-02
5.12250,0.607934,0.854170,7.548968e-01,4.753458e-01,7.773026e-01,1.375753e-01,1.469546e-02,1.109208e-02,2.246970e-02,7.757473e-02
5.12500,0.608640,0.853984,7.556947e-01,4.752358e-01,7.778057e-01,1.375872e-01,1.483894e-02,1.113576e-02,2.243942e-02,7.767464e-02
5.12750,0.609344,0.853796,7.564858e-01,4.751250e-01,7.785065e-01,1.375992e-01,1.498200e-02,1.117875e-02,2.241092e-02,7.777409e-02
5.13000,0.610048,0.853607,7.573476e-01,4.750136e-01,7.794039e-01,1.376112e-01,1.512707e-02,1.122457e-02,2.238392e-02,7.787307e-02
5.13250,0.610749,0.853417,7.582037e-01,4.749015e-01,7.804933e-01,1.376233e-01,1.527286e-02,1.127435e-02,2.235812e-02,7.797158e-02
5.13500,0.611450,0.853226,7.590540e-01,4.747887e-01,7.817958e-01,1.376354e-01,1.541827e-02,1.132565e-02,2.233307e-02,7.806958e-02
5.13750,0.612149,0.853034,7.598982e-01,4.746752e-01,7.833217e-01,1.376476e-01,1.556222e-02,1.138034e-02,2.230778e-02,7.816708e-02
5.14000,0.612847,0.852840,7.607360e-01,4.745610e-01,7.850857e-01,1.376598e-01,1.570821e-02,1.143920e-02,2.228199e-02,7.826407e-02
5.14250,0.613543,0.852646,7.615671e-01,4.744460e-01,7.823827e-01,1.376720e-01,1.585901e-02,1.150317e-02,2.225866e-02,7.836054e-02
5.14500,0.614238,0.852450,7.623911e-01,4.743302e-01,7.794054e-01,1.376843e-01,1.600786e-02,1.156653e-02,2.223746e-02,7.845650e-02
5.14750,0.614931,0.852253,7.632079e-01,4.742137e-01,7.765095e-01,1.376966e-01,1.615221e-02,1.162979e-02,2.221790e-02,7.855191e-02
5.15000,0.615623,0.852055,7.640170e-01,4.740964e-01,7.737050e-01,1.377089e-01,1.629363e-02,1.169447e-02,2.219960e-02,7.864676e-02
5.15250,0.616314,0.851856,7.648180e-01,4.739783e-01,7.709996e-01,1.377212e-01,1.643626e-02,1.176094e-02,2.218256e-02,7.874102e-02
5.15500,0.617003,0.851655,7.656107e-01,4.738593e-01,7.684061e-01,1.377336e-01,1.658219e-02,1.182984e-02,2.216690e-02,7.883472e-02
5.15750,0.617691,0.851454,7.663945e-01,4.737395e-01,7.659394e-01,1.377461e-01,1.672827e-02,1.189914e-02,2.215205e-02,7.892785e-02
5.16000,0.618377,0.851251,7.671689e-01,4.736189e-01,7.636132e-01,1.377585e-01,1.687381e-02,1.196662e-02,2.213757e-02,7.902041e-02
5.16250,0.619061,0.851047,7.679334e-01,4.734974e-01,7.614386e-01,1.377710e-01,1.702248e-02,1.203300e-02,2.212426e-02,7.911239e-02
5.16500,0.619745,0.850842,7.686875e-01,4.733750e-01,7.594193e-01,1.377834e-01,1.717087e-02,1.209490e-02,2.211219e-02,7.920379e-02
5.16750,0.620426,0.850635,7.694307e-01,4.732517e-01,7.575575e-01,1.377959e-01,1.731610e-02,1.215314e-02,2.210105e-02,7.929459e-02
5.17000,0.621106,0.850428,7.701625e-01,4.731275e-01,7.558634e-01,1.378085e-01,1.746235e-02,1.221288e-02,2.209118e-02,7.938479e-02
5.17250,0.621785,0.850219,7.708822e-01,4.730024e-01,7.543542e-01,1.378210e-01,1.760768e-02,1.227060e-02,2.208289e-02,7.947440e-02
5.17500,0.622461,0.850009,7.715894e-01,4.728763e-01,7.530416e-01,1.378336e-01,1.775147e-02,1.232868e-02,2.207555e-02,7.956342e-02
5.17750,0.623137,0.849797,7.722834e-01,4.727493e-01,7.519312e-01,1.378461e-01,1.788976e-02,1.238612e-02,2.206890e-02,7.965182e-02
5.18000,0.623810,0.849585,7.729637e-01,4.726213e-01,7.510323e-01,1.378587e-01,1.802747e-02,1.244326e-02,2.206324e-02,7.973960e-02
5.18250,0.624482,0.849371,7.736296e-01,4.724922e-01,7.503597e-01,1.378713e-01,1.816668e-02,1.249955e-02,2.205895e-02,7.982678e-02
5.18500,0.625153,0.849156,7.742807e-01,4.723622e-01,7.499321e-01,1.378839e-01,1.830228e-02,1.255421e-02,2.205611e-02,7.991335e-02
5.18750,0.625821,0.848939,7.749162e-01,4.722312e-01,7.497682e-01,1.378965e-01,1.843332e-02,1.260843e-02,2.205457e-02,7.999930e-02
5.19000,0.626488,0.848722,7.755355e-01,4.720991e-01,7.498859e-01,1.379091e-01,1.856307e-02,1.266154e-02,2.205360e-02,8.008461e-02
5.19250,0.627154,0.848503,7.761380e-01,4.719660e-01,7.503012e-01,1.379218e-01,1.869463e-02,1.271530e-02,2.205229e-02,8.016929e-02
5.19500,0.627817,0.848283,7.767847e-01,4.718318e-01,7.510310e-01,1.379345e-01,1.882625e-02,1.277002e-02,2.205157e-02,8.025334e-02
5.19750,0.628479,0.848062,7.775034e-01,4.716966e-01,7.520924e-01,1.379471e-01,1.895831e-02,1.282747e-02,2.205227e-02,8.033674e-02
5.20000,0.629139,0.847839,7.782095e-01,4.715602e-01,7.534988e-01,1.379598e-01,1.908763e-02,1.288487e-02,2.205490e-02,8.041948e-02
5.20250,0.629798,0.847615,7.789024e-01,4.714228e-01,7.552610e-01,1.379725e-01,1.921447e-02,1.294376e-02,2.206041e-02,8.050156e-02
5.20500,0.630454,0.847390,7.795815e-01,4.712842e-01,7.573897e-01,1.379852e-01,1.934329e-02,1.300703e-02,2.206929e-02,8.058298e-02
5.20750,0.631109,0.847163,7.802463e-01,4.711445e-01,7.598966e-01,1.379979e-01,1.947478e-02,1.307324e-02,2.207526e-02,8.066374e-02
5.21000,0.631762,0.846935,7.808959e-01,4.710036e-01,7.627919e-01,1.380107e-01,1.960403e-02,1.313684e-02,2.207995e-02,8.074381e-02
5.21250,0.632414,0.846706,7.815299e-01,4.708616e-01,7.660827e-01,1.380234e-01,1.973007e-02,1.319916e-02,2.208397e-02,8.082320e-02
5.21500,0.633063,0.846476,7.821475e-01,4.707184e-01,7.697753e-01,1.380361e-01,1.985096e-02,1.325943e-02,2.208666e-02,8.090189e-02
5.21750,0.633711,0.846244,7.827479e-01,4.705739e-01,7.738686e-01,1.380489e-01,1.997123e-02,1.331947e-02,2.208965e-02,8.097988e-02
5.22000,0.634356,0.846011,7.833304e-01,4.704283e-01,7.783584e-01,1.380616e-01,2.009280e-02,1.337979e-02,2.209548e-02,8.105716e-02
5.22250,0.635000,0.845776,7.838942e-01,4.702814e-01,7.832336e-01,1.380744e-01,2.021551e-02,1.344152e-02,2.210601e-02,8.113374e-02
5.22500,0.635642,0.845541,7.844385e-01,4.701333e-01,7.884746e-01,1.380871e-01,2.033598e-02,1.350355e-02,2.211496e-02,8.120962e-02
5.22750,0.636282,0.845304,7.849623e-01,4.699839e-01,7.940650e-01,1.380999e-01,2.045545e-02,1.356444e-02,2.212051e-02,8.128478e-02
5.23000,0.636921,0.845065,7.854648e-01,4.698333e-01,7.999933e-01,1.381126e-01,2.057693e-02,1.362539e-02,2.212722e-02,8.135923e-02
5.23250,0.637557,0.844825,7.859452e-01,4.696813e-01,8.062404e-01,1.381253e-01,2.069711e-02,1.368474e-02,2.213822e-02,8.143297e-02
5.23500,0.638191,0.844584,7.864025e-01,4.695281e-01,8.127783e-01,1.381380e-01,2.081621e-02,1.374238e-02,2.215647e-02,8.150598e-02
5.23750,0.638824,0.844342,7.868357e-01,4.693735e-01,8.195774e-01,1.381507e-01,2.093649e-02,1.380264e-02,2.217218e-02,8.157825e-02
5.24000,0.639454,0.844098,7.874137e-01,4.692175e-01,8.266114e-01,1.381634e-01,2.105632e-02,1.386199e-02,2.217929e-02,8.164979e-02
5.24250,0.640083,0.843852,7.880065e-01,4.690603e-01,8.338648e-01,1.381761e-01,2.117173e-02,1.391714e-02,2.218285e-02,8.172061e-02
5.24500,0.640709,0.843606,7.885806e-01,4.689016e-01,8.413261e-01,1.381887e-01,2.128296e-02,1.396979e-02,2.218545e-02,8.179069e-02
5.24750,0.641334,0.843358,7.891352e-01,4.687416e-01,8.489733e-01,1.382013e-01,2.139287e-02,1.402203e-02,2.218851e-02,8.186003e-02
5.25000,0.641957,0.843108,7.896694e-01,4.685802e-01,8.567678e-01,1.382139e-01,2.150133e-02,1.407450e-02,2.219336e-02,8.192863e-02
5.25250,0.642577,0.842858,7.901825e-01,4.684174e-01,8.621080e-01,1.382264e-01,2.160863e-02,1.412625e-02,2.220188e-02,8.199649e-02
5.25500,0.643196,0.842605,7.906734e-01,4.682532e-01,8.658309e-01,1.382389e-01,2.171841e-02,1.417891e-02,2.220672e-02,8.206361e-02
5.25750,0.643812,0.842352,7.911415e-01,4.680875e-01,8.647231e-01,1.382514e-01,2.182876e-02,1.423067e-02,2.220966e-02,8.213000e-02
5.26000,0.644426,0.842097,7.915857e-01,4.679204e-01,8.638201e-01,1.382638e-01,2.193692e-02,1.427948e-02,2.221418e-02,8.219564e-02
5.26250,0.645039,0.841840,7.920054e-01,4.677519e-01,8.631308e-01,1.382761e-01,2.204411e-02,1.432769e-02,2.222259e-02,8.226053e-02
5.26500,0.645649,0.841583,7.923997e-01,4.675818e-01,8.626666e-01,1.382884e-01,2.214902e-02,1.437504e-02,2.223700e-02,8.232467e-02
5.26750,0.646257,0.841323,7.927677e-01,4.674103e-01,8.624387e-01,1.383007e-01,2.225404e-02,1.442212e-02,2.224222e-02,8.238806e-02
5.27000,0.646863,0.841063,7.931088e-01,4.672373e-01,8.624540e-01,1.383129e-01,2.235344e-02,1.446415e-02,2.224122e-02,8.245071e-02
5.27250,0.647467,0.840801,7.934222e-01,4.670628e-01,8.627223e-01,1.383250e-01,2.244806e-02,1.450389e-02,2.223727e-02,8.251258e-02
5.27500,0.648069,0.840537,7.937071e-01,4.668867e-01,8.632534e-01,1.383371e-01,2.254212e-02,1.454490e-02,2.223162e-02,8.257370e-02
5.27750,0.648668,0.840272,7.939829e-01,4.667092e-01,8.640562e-01,1.383491e-01,2.263211e-02,1.458459e-02,2.222591e-02,8.263406e-02
5.28000,0.649266,0.840006,7.944605e-01,4.665301e-01,8.651371e-01,1.383610e-01,2.272241e-02,1.462410e-02,2.222592e-02,8.269364e-02
5.28250,0.649861,0.839738,7.949151e-01,4.663494e-01,8.665004e-01,1.383729e-01,2.281618e-02,1.466625e-02,2.222705e-02,8.275248e-02
5.28500,0.650454,0.839469,7.953459e-01,4.661672e-01,8.681478e-01,1.383847e-01,2.290992e-02,1.470865e-02,2.222384e-02,8.281056e-02
5.28750,0.651045,0.839198,7.957519e-01,4.659834e-01,8.700784e-01,1.383964e-01,2.300202e-02,1.475089e-02,2.221951e-02,8.286786e-02
5.29000,0.651634,0.838926,7.961324e-01,4.657980e-01,8.722875e-01,1.384080e-01,2.309211e-02,1.479202e-02,2.221849e-02,8.292439e-02
5.29250,0.652220,0.838652,7.964865e-01,4.656110e-01,8.747671e-01,1.384196e-01,2.318133e-02,1.483344e-02,2.222620e-02,8.298016e-02
5.29500,0.652805,0.838377,7.968134e-01,4.654224e-01,8.775086e-01,1.384310e-01,2.327221e-02,1.487699e-02,2.222692e-02,8.303516e-02
5.29750,0.653387,0.838101,7.971123e-01,4.652322e-01,8.805021e-01,1.384424e-01,2.335726e-02,1.491848e-02,2.222046e-02,8.308940e-02
5.30000,0.653966,0.837823,7.973824e-01,4.650404e-01,8.837346e-01,1.384537e-01,2.343707e-02,1.495809e-02,2.221021e-02,8.314286e-02
5.30250,0.654544,0.837543,7.976229e-01,4.648469e-01,8.861813e-01,1.384648e-01,2.351520e-02,1.499532e-02,2.219838e-02,8.319554e-02
5.30500,0.655119,0.837262,7.978332e-01,4.646518e-01,8.881394e-01,1.384759e-01,2.359241e-02,1.503104e-02,2.218905e-02,8.324746e-02
5.30750,0.655692,0.836980,7.980124e-01,4.644550e-01,8.903590e-01,1.384869e-01,2.367389e-02,1.507030e-02,2.218588e-02,8.329863e-02
5.31000,0.656263,0.836696,7.981600e-01,4.642565e-01,8.928148e-01,1.384978e-01,2.375754e-02,1.511077e-02,2.218167e-02,8.334903e-02
5.31250,0.656831,0.836411,7.982754e-01,4.640563e-01,8.954809e-01,1.385086e-01,2.383454e-02,1.514651e-02,2.217413e-02,8.339866e-02
5.31500,0.657398,0.836124,7.984374e-01,4.638545e-01,8.983553e-01,1.385193e-01,2.390687e-02,1.517746e-02,2.216649e-02,8.344750e-02
5.31750,0.657961,0.835836,7.987762e-01,4.636510e-01,9.014215e-01,1.385299e-01,2.397971e-02,1.520639e-02,2.216412e-02,8.349558e-02
5.32000,0.658523,0.835546,7.990876e-01,4.634457e-01,9.046489e-01,1.385403e-01,2.405402e-02,1.523649e-02,2.216634e-02,8.354289e-02
5.32250,0.659082,0.835255,7.993710e-01,4.632388e-01,9.046457e-01,1.385507e-01,2.412836e-02,1.526630e-02,2.216040e-02,8.358943e-02
5.32500,0.659639,0.834962,7.996255e-01,4.630301e-01,9.040812e-01,1.385609e-01,2.419423e-02,1.529224e-02,2.215094e-02,8.363520e-02
5.32750,0.660194,0.834668,7.998504e-01,4.628197e-01,9.037667e-01,1.385710e-01,2.425544e-02,1.531686e-02,2.214021e-02,8.368021e-02
5.33000,0.660746,0.834372,8.000449e-01,4.626075e-01,9.037039e-01,1.385811e-01,2.431817e-02,1.534113e-02,2.213043e-02,8.372447e-02
5.33250,0.661295,0.834075,8.002084e-01,4.623936e-01,9.038928e-01,1.385910e-01,2.438209e-02,1.536357e-02,2.212455e-02,8.376796e-02
5.33500,0.661843,0.833776,8.003403e-01,4.621779e-01,9.043327e-01,1.386008e-01,2.444598e-02,1.538516e-02,2.212150e-02,8.381070e-02
5.33750,0.662388,0.833476,8.004400e-01,4.619605e-01,9.050238e-01,1.386104e-01,2.451025e-02,1.540622e-02,2.211589e-02,8.385269e-02
5.34000,0.662931,0.833174,8.005073e-01,4.617413e-01,9.059575e-01,1.386200e-01,2.456939e-02,1.542491e-02,2.211070e-02,8.389393e-02
5.34250,0.663471,0.832871,8.005416e-01,4.615203e-01,9.071306e-01,1.386294e-01,2.462843e-02,1.544240e-02,2.210802e-02,8.393440e-02
5.34500,0.664009,0.832566,8.005428e-01,4.612976e-01,9.085349e-01,1.386387e-01,2.468666e-02,1.545852e-02,2.210880e-02,8.397411e-02
5.34750,0.664544,0.832260,8.005106e-01,4.610731e-01,9.101583e-01,1.386479e-01,2.474466e-02,1.547570e-02,2.210465e-02,8.401306e-02
5.35000,0.665077,0.831952,8.004449e-01,4.608467e-01,9.119883e-01,1.386570e-01,2.480029e-02,1.549057e-02,2.209874e-02,8.405126e-02
5.35250,0.665608,0.831642,8.006465e-01,4.606186e-01,9.140148e-01,1.386659e-01,2.485103e-02,1.550536e-02,2.209314e-02,8.408872e-02
5.35500,0.666136,0.831332,8.008261e-01,4.603887e-01,9.162244e-01,1.386748e-01,2.489935e-02,1.551974e-02,2.208887e-02,8.412545e-02
5.35750,0.666662,0.831019,8.009753e-01,4.601569e-01,9.185968e-01,1.386835e-01,2.494807e-02,1.553183e-02,2.208701e-02,8.416145e-02
5.36000,0.667185,0.830705,8.010936e-01,4.599234e-01,9.211051e-01,1.386921e-01,2.499644e-02,1.554238e-02,2.208661e-02,8.419670e-02
5.36250,0.667706,0.830390,8.011804e-01,4.596880e-01,9.226826e-01,1.387005e-01,2.504694e-02,1.555266e-02,2.208551e-02,8.423121e-02
5.36500,0.668225,0.830073,8.012355e-01,4.594508e-01,9.226930e-01,1.387089e-01,2.509790e-02,1.556276e-02,2.208579e-02,8.426500e-02
5.36750,0.668741,0.829755,8.012584e-01,4.592118e-01,9.229223e-01,1.387171e-01,2.514496e-02,1.557155e-02,2.208836e-02,8.429804e-02
5.37000,0.669254,0.829435,8.012489e-01,4.589709e-01,9.233665e-01,1.387252e-01,2.519296e-02,1.557862e-02,2.209069e-02,8.433034e-02
5.37250,0.669765,0.829114,8.012068e-01,4.587282e-01,9.240188e-01,1.387331e-01,2.524164e-02,1.558432e-02,2.209116e-02,8.436189e-02
5.37500,0.670274,0.828791,8.011320e-01,4.584837e-01,9.248695e-01,1.387410e-01,2.528596e-02,1.558678e-02,2.209188e-02,8.439269e-02
5.37750,0.670780,0.828466,8.010245e-01,4.582373e-01,9.259109e-01,1.387487e-01,2.532561e-02,1.558652e-02,2.209371e-02,8.442276e-02
5.38000,0.671283,0.828140,8.008846e-01,4.579891e-01,9.271358e-01,1.387563e-01,2.536060e-02,1.558584e-02,2.209690e-02,8.445211e-02
5.38250,0.671784,0.827813,8.007123e-01,4.577391e-01,9.285271e-01,1.387637e-01,2.539530e-02,1.558458e-02,2.210132e-02,8.448074e-02
5.38500,0.672283,0.827484,8.005080e-01,4.574871e-01,9.284158e-01,1.387711e-01,2.543439e-02,1.558403e-02,2.210577e-02,8.450867e-02
5.38750,0.672779,0.827153,8.004314e-01,4.572334e-01,9.248443e-01,1.387783e-01,2.547629e-02,1.558421e-02,2.211088e-02,8.453588e-02
5.39000,0.673273,0.826821,8.004760e-01,4.569777e-01,9.213743e-01,1.387854e-01,2.551626e-02,1.558302e-02,2.211651e-02,8.456239e-02
5.39250,0.673764,0.826488,8.004896e-01,4.567203e-01,9.180202e-01,1.387924e-01,2.555320e-02,1.558114e-02,2.212098e-02,8.458817e-02
5.39500,0.674252,0.826153,8.004719e-01,4.564609e-01,9.147972e-01,1.387993e-01,2.558792e-02,1.557800e-02,2.212507e-02,8.461325e-02
5.39750,0.674738,0.825816,8.004226e-01,4.561997e-01,9.117225e-01,1.388060e-01,2.562242e-02,1.557311e-02,2.212947e-02,8.463760e-02
5.40000,0.675222,0.825478,8.003416e-01,4.559366e-01,9.088139e-01,1.388126e-01,2.565768e-02,1.556739e-02,2.213458e-02,8.466125e-02
5.40250,0.675703,0.825139,8.002289e-01,4.556717e-01,9.060859e-01,1.388191e-01,2.569041e-02,1.556054e-02,2.213971e-02,8.468418e-02
5.40500,0.676181,0.824798,8.000846e-01,4.554049e-01,9.035504e-01,1.388255e-01,2.571714e-02,1.555076e-02,2.214470e-02,8.470640e-02
5.40750,0.676657,0.824455,7.999089e-01,4.551362e-01,9.012184e-01,1.388318e-01,2.574038e-02,1.553893e-02,2.214989e-02,8.472791e-02
5.41000,0.677131,0.824111,7.997019e-01,4.548657e-01,8.990981e-01,1.388380e-01,2.576506e-02,1.552730e-02,2.215514e-02,8.474873e-02
5.41250,0.677601,0.823765,7.994640e-01,4.545932e-01,8.971965e-01,1.388440e-01,2.579581e-02,1.551809e-02,2.216030e-02,8.476887e-02
5.41500,0.678070,0.823418,7.991955e-01,4.543190e-01,8.955219e-01,1.388500e-01,2.582585e-02,1.550865e-02,2.216552e-02,8.478832e-02
5.41750,0.678535,0.823070,7.988969e-01,4.540428e-01,8.940785e-01,1.388558e-01,2.585439e-02,1.549855e-02,2.217073e-02,8.480708e-02
5.42000,0.678999,0.822719,7.985686e-01,4.537648e-01,8.928675e-01,1.388616e-01,2.588199e-02,1.548699e-02,2.217575e-02,8.482515e-02
5.42250,0.679459,0.822368,7.982113e-01,4.534849e-01,8.918869e-01,1.388672e-01,2.590763e-02,1.547400e-02,2.218046e-02,8.484255e-02
5.42500,0.679917,0.822015,7.978255e-01,4.532031e-01,8.911314e-01,1.388727e-01,2.593470e-02,1.545992e-02,2.218487e-02,8.485927e-02
5.42750,0.680373,0.821660,7.974119e-01,4.529195e-01,8.905981e-01,1.388781e-01,2.596053e-02,1.544495e-02,2.218853e-02,8.487530e-02
5.43000,0.680826,0.821304,7.972540e-01,4.526339e-01,8.902880e-01,1.388834e-01,2.598329e-02,1.542827e-02,2.219144e-02,8.489064e-02
5.43250,0.681276,0.820946,7.970831e-01,4.523466e-01,8.901987e-01,1.388886e-01,2.600678e-02,1.541013e-02,2.219396e-02,8.490529e-02
5.43500,0.681724,0.820587,7.968828e-01,4.520573e-01,8.903241e-01,1.388938e-01,2.602992e-02,1.539082e-02,2.219610e-02,8.491925e-02
5.43750,0.682169,0.820226,7.966533e-01,4.517662e-01,8.906593e-01,1.388988e-01,2.605189e-02,1.537010e-02,2.219781e-02,8.493254e-02
5.44000,0.682612,0.819864,7.963947e-01,4.514732e-01,8.912048e-01,1.389037e-01,2.607385e-02,1.534855e-02,2.219901e-02,8.494516e-02
5.44250,0.683052,0.819501,7.961075e-01,4.511783e-01,8.919555e-01,1.389085e-01,2.609527e-02,1.532623e-02,2.219939e-02,8.495709e-02
5.44500,0.683490,0.819136,7.957920e-01,4.508816e-01,8.928971e-01,1.389132e-01,2.611724e-02,1.530517e-02,2.219942e-02,8.496836e-02
5.44750,0.683924,0.818769,7.954486e-01,4.505830e-01,8.940125e-01,1.389178e-01,2.613955e-02,1.528476e-02,2.219931e-02,8.497897e-02
5.45000,0.684357,0.818401,7.951001e-01,4.502825e-01,8.952899e-01,1.389223e-01,2.616060e-02,1.526309e-02,2.219880e-02,8.498891e-02
5.45250,0.684787,0.818032,7.949245e-01,4.499802e-01,8.967288e-01,1.389267e-01,2.617659e-02,1.523859e-02,2.219786e-02,8.499817e-02
5.45500,0.685214,0.817661,7.947817e-01,4.496760e-01,8.983305e-01,1.389310e-01,2.619115e-02,1.521303e-02,2.219674e-02,8.500676e-02
5.45750,0.685638,0.817288,7.946097e-01,4.493699e-01,9.000809e-01,1.389352e-01,2.620303e-02,1.518528e-02,2.219536e-02,8.501467e-02
5.46000,0.686060,0.816914,7.944087e-01,4.490620e-01,9.019495e-01,1.389393e-01,2.621420e-02,1.515706e-02,2.219381e-02,8.502191e-02
5.46250,0.686480,0.816539,7.941787e-01,4.487523e-01,9.039044e-01,1.389433e-01,2.622780e-02,1.512910e-02,2.219239e-02,8.502849e-02
5.46500,0.686897,0.816162,7.939200e-01,4.484407e-01,9.059210e-01,1.389473e-01,2.623881e-02,1.509923e-02,2.219083e-02,8.503439e-02
5.46750,0.687311,0.815783,7.936330e-01,4.481272e-01,9.079902e-01,1.389511e-01,2.624953e-02,1.506992e-02,2.218920e-02,8.503961e-02
5.47000,0.687723,0.815404,7.933179e-01,4.478119e-01,9.100960e-01,1.389548e-01,2.625861e-02,1.503960e-02,2.218749e-02,8.504417e-02
5.47250,0.688132,0.815022,7.929751e-01,4.474947e-01,9.122122e-01,1.389584e-01,2.626513e-02,1.500776e-02,2.218576e-02,8.504807e-02
5.47500,0.688538,0.814640,7.926050e-01,4.471757e-01,9.143184e-01,1.389619e-01,2.627050e-02,1.497458e-02,2.218409e-02,8.505133e-02
5.47750,0.688942,0.814255,7.922082e-01,4.468549e-01,9.164161e-01,1.389653e-01,2.627304e-02,1.493986e-02,2.218228e-02,8.505394e-02
5.48000,0.689343,0.813870,7.917852e-01,4.465323e-01,9.185202e-01,1.389685e-01,2.627429e-02,1.490478e-02,2.218038e-02,8.505591e-02
5.48250,0.689742,0.813483,7.913368e-01,4.462078e-01,9.206308e-01,1.389717e-01,2.627588e-02,1.487014e-02,2.217844e-02,8.505725e-02
5.48500,0.690138,0.813094,7.908633e-01,4.458815e-01,9.227285e-01,1.389748e-01,2.627727e-02,1.483476e-02,2.217639e-02,8.505795e-02
5.48750,0.690532,0.812704,7.903655e-01,4.455533e-01,9.247925e-01,1.389778e-01,2.627919e-02,1.479861e-02,2.217434e-02,8.505801e-02
5.49000,0.690923,0.812313,7.898440e-01,4.452234e-01,9.268136e-01,1.389807e-01,2.627899e-02,1.476056e-02,2.217227e-02,8.505745e-02
5.49250,0.691311,0.811920,7.892995e-01,4.448916e-01,9.287759e-01,1.389834e-01,2.627587e-02,1.472031e-02,2.216995e-02,8.505625e-02
5.49500,0.691697,0.811526,7.889380e-01,4.445580e-01,9.306661e-01,1.389861e-01,2.626905e-02,1.467904e-02,2.216731e-02,8.505440e-02
5.49750,0.692080,0.811130,7.886065e-01,4.442226e-01,9.324740e-01,1.389886e-01,2.626126e-02,1.463690e-02,2.216460e-02,8.505193e-02
5.50000,0.692460,0.810733,7.882487e-01,4.438854e-01,9.342012e-01,1.389911e-01,2.625626e-02,1.459540e-02,2.216210e-02,8.504883e-02
5.50250,0.692838,0.810335,7.878649e-01,4.435464e-01,9.358655e-01,1.389934e-01,2.624727e-02,1.455113e-02,2.215946e-02,8.504510e-02
5.50500,0.693214,0.809935,7.874556e-01,4.432057e-01,9.374692e-01,1.389956e-01,2.623621e-02,1.450564e-02,2.215665e-02,8.504073e-02
5.50750,0.693587,0.809533,7.870214e-01,4.428631e-01,9.390026e-01,1.389977e-01,2.622379e-02,1.445997e-02,2.215380e-02,8.503573e-02
5.51000,0.693957,0.809131,7.865626e-01,4.425188e-01,9.404568e-01,1.389998e-01,2.621058e-02,1.441364e-02,2.215094e-02,8.503009e-02
5.51250,0.694324,0.808727,7.860798e-01,4.421726e-01,9.418257e-01,1.390017e-01,2.619718e-02,1.436684e-02,2.214820e-02,8.502383e-02
5.51500,0.694689,0.808321,7.855736e-01,4.418247e-01,9.431042e-01,1.390034e-01,2.618239e-02,1.431849e-02,2.214559e-02,8.501696e-02
5.51750,0.695052,0.807914,7.850446e-01,4.414751e-01,9.442901e-01,1.390051e-01,2.616857e-02,1.427090e-02,2.214308e-02,8.500950e-02
5.52000,0.695412,0.807506,7.844934e-01,4.411237e-01,9.453916e-01,1.390067e-01,2.615404e-02,1.422337e-02,2.214059e-02,8.500144e-02
5.52250,0.695769,0.807096,7.839206e-01,4.407705e-01,9.464256e-01,1.390082e-01,2.613637e-02,1.417466e-02,2.213795e-02,8.499278e-02
5.52500,0.696124,0.806685,7.833270e-01,4.404156e-01,9.474001e-01,1.390095e-01,2.611803e-02,1.412464e-02,2.213523e-02,8.498352e-02
5.52750,0.696476,0.806273,7.827132e-01,4.400589e-01,9.481155e-01,1.390108e-01,2.609862e-02,1.407333e-02,2.213240e-02,8.497366e-02
5.53000,0.696826,0.805859,7.820799e-01,4.397005e-01,9.486415e-01,1.390119e-01,2.607960e-02,1.402118e-02,2.212958e-02,8.496320e-02
5.53250,0.697173,0.805444,7.814983e-01,4.393404e-01,9.491554e-01,1.390130e-01,2.605963e-02,1.396766e-02,2.212672e-02,8.495216e-02
5.53500,0.697517,0.805028,7.810577e-01,4.389786e-01,9.496492e-01,1.390139e-01,2.603626e-02,1.391265e-02,2.212357e-02,8.494051e-02
5.53750,0.697859,0.804610,7.805938e-01,4.386150e-01,9.501166e-01,1.390147e-01,2.601352e-02,1.385871e-02,2.212035e-02,8.492827e-02
5.54000,0.698198,0.804191,7.801069e-01,4.382498e-01,9.505516e-01,1.390154e-01,2.599135e-02,1.380548e-02,2.211731e-02,8.491546e-02
5.54250,0.698535,0.803770,7.795976e-01,4.378828e-01,9.509495e-01,1.390161e-01,2.596798e-02,1.375073e-02,2.211428e-02,8.490207e-02
5.54500,0.698869,0.803349,7.790664e-01,4.375141e-01,9.513088e-01,1.390166e-01,2.594242e-02,1.369435e-02,2.211107e-02,8.488812e-02
5.54750,0.699201,0.802925,7.785136e-01,4.371438e-01,9.516351e-01,1.390170e-01,2.591465e-02,1.363628e-02,2.210774e-02,8.487361e-02
5.55000,0.699530,0.802501,7.779400e-01,4.367717e-01,9.495992e-01,1.390172e-01,2.588820e-02,1.357831e-02,2.210438e-02,8.485853e-02
5.55250,0.699857,0.802075,7.773460e-01,4.363980e-01,9.475205e-01,1.390174e-01,2.586228e-02,1.351994e-02,2.210102e-02,8.484289e-02
5.55500,0.700181,0.801648,7.767323e-01,4.360226e-01,9.455781e-01,1.390175e-01,2.583451e-02,1.346060e-02,2.209751e-02,8.482671e-02
5.55750,0.700502,0.801220,7.760994e-01,4.356456e-01,9.437765e-01,1.390175e-01,2.580662e-02,1.340164e-02,2.209387e-02,8.480998e-02
5.56000,0.700821,0.800790,7.754479e-01,4.352669e-01,9.421321e-01,1.390174e-01,2.577851e-02,1.334210e-02,2.209009e-02,8.479271e-02
5.56250,0.701138,0.800359,7.747783e-01,4.348865e-01,9.406494e-01,1.390172e-01,2.575011e-02,1.328187e-02,2.208619e-02,8.477491e-02
5.56500,0.701452,0.799927,7.740914e-01,4.345045e-01,9.393292e-01,1.390168e-01,2.572096e-02,1.322056e-02,2.208220e-02,8.475657e-02
5.56750,0.701763,0.799493,7.733876e-01,4.341209e-01,9.381720e-01,1.390164e-01,2.568845e-02,1.315704e-02,2.207783e-02,8.473768e-02
5.57000,0.702072,0.799059,7.726676e-01,4.337357e-01,9.371787e-01,1.390158e-01,2.565398e-02,1.309237e-02,2.207313e-02,8.471824e-02
5.57250,0.702378,0.798622,7.719852e-01,4.333488e-01,9.363493e-01,1.390152e-01,2.561846e-02,1.302720e-02,2.206825e-02,8.469826e-02
5.57500,0.702682,0.798185,7.714340e-01,4.329604e-01,9.356758e-01,1.390144e-01,2.558177e-02,1.296119e-02,2.206314e-02,8.467771e-02
5.57750,0.702983,0.797746,7.708626e-01,4.325703e-01,9.351377e-01,1.390136e-01,2.554459e-02,1.289457e-02,2.205788e-02,8.465662e-02
5.58000,0.703282,0.797307,7.702713e-01,4.321786e-01,9.347158e-01,1.390126e-01,2.550678e-02,1.282736e-02,2.205248e-02,8.463499e-02
5.58250,0.703578,0.796866,7.696607e-01,4.317854e-01,9.344002e-01,1.390116e-01,2.546790e-02,1.276022e-02,2.204692e-02,8.461281e-02
5.58500,0.703872,0.796423,7.690312e-01,4.313905e-01,9.341902e-01,1.390104e-01,2.542788e-02,1.269265e-02,2.204130e-02,8.459012e-02
5.58750,0.704163,0.795980,7.683834e-01,4.309942e-01,9.340783e-01,1.390091e-01,2.538692e-02,1.262317e-02,2.203554e-02,8.456690e-02
5.59000,0.704452,0.795535,7.677178e-01,4.305962e-01,9.340541e-01,1.390078e-01,2.534733e-02,1.255387e-02,2.202981e-02,8.454317e-02
5.59250,0.704738,0.795089,7.670349e-01,4.301967e-01,9.341118e-01,1.390063e-01,2.530828e-02,1.248463e-02,2.202405e-02,8.451894e-02
5.59500,0.705021,0.794642,7.663353e-01,4.297957e-01,9.342596e-01,1.390047e-01,2.526887e-02,1.241530e-02,2.201822e-02,8.449422e-02
5.59750,0.705303,0.794193,7.656195e-01,4.293931e-01,9.345011e-01,1.390030e-01,2.523067e-02,1.234692e-02,2.201238e-02,8.446900e-02
5.60000,0.705581,0.793744,7.648881e-01,4.289890e-01,9.348275e-01,1.390012e-01,2.519340e-02,1.227768e-02,2.200648e-02,8.444331e-02
5.60250,0.705858,0.793293,7.641416e-01,4.285834e-01,9.352190e-01,1.389994e-01,2.515462e-02,1.220756e-02,2.200034e-02,8.441714e-02
5.60500,0.706132,0.792841,7.633804e-01,4.281762e-01,9.356554e-01,1.389974e-01,2.511324e-02,1.213544e-02,2.199381e-02,8.439047e-02
5.60750,0.706403,0.792388,7.626052e-01,4.277676e-01,9.361311e-01,1.389953e-01,2.507141e-02,1.206283e-02,2.198703e-02,8.436333e-02
5.61000,0.706672,0.791933,7.618166e-01,4.273575e-01,9.366385e-01,1.389931e-01,2.502839e-02,1.198930e-02,2.198001e-02,8.433570e-02
5.61250,0.706938,0.791478,7.610151e-01,4.269459e-01,9.371663e-01,1.389908e-01,2.498290e-02,1.191366e-02,2.197262e-02,8.430759e-02
5.61500,0.707202,0.791021,7.602821e-01,4.265328e-01,9.377019e-01,1.389884e-01,2.493572e-02,1.183826e-02,2.196492e-02,8.427899e-02
5.61750,0.707464,0.790563,7.596224e-01,4.261183e-01,9.382469e-01,1.389859e-01,2.488985e-02,1.176368e-02,2.195708e-02,8.424991e-02
5.62000,0.707723,0.790104,7.589457e-01,4.257023e-01,9.388056e-01,1.389833e-01,2.484525e-02,1.168969e-02,2.194921e-02,8.422034e-02
5.62250,0.707979,0.789644,7.582523e-01,4.252848e-01,9.393751e-01,1.389806e-01,2.479971e-02,1.161583e-02,2.194127e-02,8.419030e-02
5.62500,0.708233,0.789183,7.575428e-01,4.248660e-01,9.399449e-01,1.389779e-01,2.475054e-02,1.154001e-02,2.193308e-02,8.415977e-02
5.62750,0.708485,0.788721,7.568177e-01,4.244457e-01,9.405046e-01,1.389750e-01,2.469930e-02,1.146267e-02,2.192460e-02,8.412876e-02
5.63000,0.708734,0.788257,7.560774e-01,4.240240e-01,9.410479e-01,1.389720e-01,2.464762e-02,1.138508e-02,2.191601e-02,8.409727e-02
5.63250,0.708981,0.787792,7.553225e-01,4.236008e-01,9.415729e-01,1.389689e-01,2.459367e-02,1.130660e-02,2.190724e-02,8.406531e-02
5.63500,0.709226,0.787327,7.545535e-01,4.231763e-01,9.420767e-01,1.389657e-01,2.453725e-02,1.122745e-02,2.189834e-02,8.403288e-02
5.63750,0.709468,0.786860,7.537709e-01,4.227504e-01,9.425603e-01,1.389624e-01,2.448065e-02,1.114770e-02,2.188939e-02,8.399999e-02
5.64000,0.709707,0.786392,7.529751e-01,4.223232e-01,9.430244e-01,1.389590e-01,2.442419e-02,1.106803e-02,2.188040e-02,8.396665e-02
5.64250,0.709945,0.785923,7.521667e-01,4.218945e-01,9.434666e-01,1.389555e-01,2.436817e-02,1.098888e-02,2.187143e-02,8.393287e-02
5.64500,0.710179,0.785453,7.513460e-01,4.214645e-01,9.438811e-01,1.389520e-01,2.431239e-02,1.090953e-02,2.186246e-02,8.389865e-02
5.64750,0.710412,0.784982,7.505137e-01,4.210332e-01,9.432065e-01,1.389483e-01,2.425608e-02,1.082944e-02,2.185348e-02,8.386397e-02
5.65000,0.710642,0.784510,7.496701e-01,4.206005e-01,9.404833e-01,1.389445e-01,2.419858e-02,1.074808e-02,2.184443e-02,8.382886e-02
5.65250,0.710869,0.784037,7.488157e-01,4.201665e-01,9.379158e-01,1.389406e-01,2.413995e-02,1.066562e-02,2.183523e-02,8.379331e-02
5.65500,0.711095,0.783563,7.479511e-01,4.197312e-01,9.355026e-01,1.389367e-01,2.407975e-02,1.058171e-02,2.182590e-02,8.375732e-02
5.65750,0.711318,0.783087,7.470765e-01,4.192946e-01,9.332396e-01,1.389326e-01,2.401769e-02,1.049708e-02,2.181640e-02,8.372088e-02
5.66000,0.711538,0.782611,7.462787e-01,4.188567e-01,9.311227e-01,1.389285e-01,2.395305e-02,1.041124e-02,2.180671e-02,8.368401e-02
5.66250,0.711756,0.782134,7.455185e-01,4.184175e-01,9.291444e-01,1.389242e-01,2.389044e-02,1.032603e-02,2.179709e-02,8.364669e-02
5.66500,0.711972,0.781656,7.447446e-01,4.179770e-01,9.272998e-01,1.389199e-01,2.383037e-02,1.024286e-02,2.178769e-02,8.360894e-02
5.66750,0.712186,0.781176,7.439574e-01,4.175353e-01,9.255879e-01,1.389154e-01,2.376996e-02,1.015996e-02,2.177840e-02,8.357077e-02
5.67000,0.712397,0.780696,7.431574e-01,4.170923e-01,9.240130e-01,1.389109e-01,2.370617e-02,1.007533e-02,2.176902e-02,8.353219e-02
5.67250,0.712606,0.780215,7.423451e-01,4.166481e-01,9.225782e-01,1.389063e-01,2.364211e-02,9.989365e-03,2.175961e-02,8.349319e-02
5.67500,0.712812,0.779733,7.415208e-01,4.162027e-01,9.212823e-01,1.389015e-01,2.357774e-02,9.902763e-03,2.175022e-02,8.345380e-02
5.67750,0.713016,0.779249,7.406850e-01,4.157560e-01,9.201260e-01,1.388967e-01,2.351277e-02,9.816438e-03,2.174085e-02,8.341402e-02
5.68000,0.713218,0.778765,7.398381e-01,4.153082e-01,9.191126e-01,1.388918e-01,2.344629e-02,9.729075e-03,2.173148e-02,8.337387e-02
5.68250,0.713418,0.778280,7.389804e-01,4.148591e-01,9.182431e-01,1.388868e-01,2.338078e-02,9.641693e-03,2.172227e-02,8.333336e-02
5.68500,0.713615,0.777794,7.381125e-01,4.144089e-01,9.175107e-01,1.388817e-01,2.331667e-02,9.554388e-03,2.171316e-02,8.329251e-02
5.68750,0.713810,0.777307,7.372347e-01,4.139575e-01,9.169003e-01,1.388765e-01,2.325244e-02,9.466718e-03,2.170403e-02,8.325131e-02
5.69000,0.714003,0.776819,7.363474e-01,4.135049e-01,9.163993e-01,1.388713e-01,2.318895e-02,9.379606e-03,2.169493e-02,8.320978e-02
5.69250,0.714193,0.776330,7.354509e-01,4.130512e-01,9.160042e-01,1.388659e-01,2.312620e-02,9.292895e-03,2.168587e-02,8.316792e-02
5.69500,0.714381,0.775841,7.345457e-01,4.125963e-01,9.157115e-01,1.388604e-01,2.306409e-02,9.206344e-03,2.167686e-02,8.312574e-02
5.69750,0.714567,0.775350,7.336321e-01,4.121404e-01,9.155142e-01,1.388549e-01,2.300081e-02,9.119080e-03,2.166775e-02,8.308324e-02
5.70000,0.714751,0.774859,7.327106e-01,4.116832e-01,9.154093e-01,1.388493e-01,2.293493e-02,9.030066e-03,2.165830e-02,8.304043e-02
5.70250,0.714932,0.774366,7.317813e-01,4.112250e-01,9.154014e-01,1.388435e-01,2.286704e-02,8.939453e-03,2.164850e-02,8.299730e-02
5.70500,0.715111,0.773873,7.308448e-01,4.107657e-01,9.154894e-01,1.388377e-01,2.280106e-02,8.848958e-03,2.163863e-02,8.295388e-02
5.70750,0.715288,0.773379,7.299012e-01,4.103053e-01,9.156661e-01,1.388318e-01,2.273697e-02,8.758201e-03,2.162880e-02,8.291018e-02
5.71000,0.715462,0.772884,7.290401e-01,4.098438e-01,9.159186e-01,1.388258e-01,2.267459e-02,8.667597e-03,2.161905e-02,8.286620e-02
5.71250,0.715635,0.772388,7.281817e-01,4.093813e-01,9.162336e-01,1.388197e-01,2.261246e-02,8.576904e-03,2.160930e-02,8.282196e-02
5.71500,0.715805,0.771891,7.273130e-01,4.089177e-01,9.166042e-01,1.388136e-01,2.255034e-02,8.486330e-03,2.159946e-02,8.277745e-02
5.71750,0.715973,0.771394,7.264345e-01,4.084531e-01,9.170232e-01,1.388073e-01,2.248866e-02,8.396446e-03,2.158960e-02,8.273270e-02
5.72000,0.716138,0.770895,7.255463e-01,4.079874e-01,9.174842e-01,1.388009e-01,2.242583e-02,8.305707e-03,2.157963e-02,8.268769e-02
5.72250,0.716302,0.770396,7.246490e-01,4.075207e-01,9.179837e-01,1.387945e-01,2.236180e-02,8.213950e-03,2.156949e-02,8.264244e-02
5.72500,0.716463,0.769896,7.237428e-01,4.070530e-01,9.185216e-01,1.387879e-01,2.230021e-02,8.123484e-03,2.155940e-02,8.259696e-02
5.72750,0.716622,0.769396,7.228282e-01,4.065843e-01,9.190935e-01,1.387813e-01,2.223981e-02,8.033558e-03,2.154935e-02,8.255124e-02
5.73000,0.716779,0.768894,7.219053e-01,4.061146e-01,9.196921e-01,1.387746e-01,2.217761e-02,7.942958e-03,2.153915e-02,8.250529e-02
5.73250,0.716934,0.768392,7.209747e-01,4.056440e-01,9.203075e-01,1.387677e-01,2.211136e-02,7.849798e-03,2.152854e-02,8.245910e-02
5.73500,0.717086,0.767889,7.200365e-01,4.051723e-01,9.209307e-01,1.387608e-01,2.204432e-02,7.756121e-03,2.151764e-02,8.241268e-02
5.73750,0.717237,0.767385,7.190912e-01,4.046997e-01,9.215568e-01,1.387538e-01,2.197687e-02,7.663240e-03,2.150653e-02,8.236601e-02
5.74000,0.717385,0.766880,7.181390e-01,4.042262e-01,9.221842e-01,1.387467e-01,2.190700e-02,7.569999e-03,2.149517e-02,8.231909e-02
5.74250,0.717531,0.766375,7.171802e-01,4.037518e-01,9.228143e-01,1.387395e-01,2.183630e-02,7.477355e-03,2.148368e-02,8.227194e-02
5.74500,0.717675,0.765869,7.162152e-01,4.032764e-01,9.234451e-01,1.387322e-01,2.176613e-02,7.385485e-03,2.147215e-02,8.222454e-02
5.74750,0.717817,0.765362,7.152442e-01,4.028001e-01,9.240727e-01,1.387249e-01,2.169598e-02,7.294593e-03,2.146052e-02,8.217690e-02
5.75000,0.717956,0.764854,7.142674e-01,4.023229e-01,9.246935e-01,1.387174e-01,2.162308e-02,7.202686e-03,2.144862e-02,8.212900e-02
5.75250,0.718094,0.764346,7.132853e-01,4.018448e-01,9.253004e-01,1.387099e-01,2.154760e-02,7.109592e-03,2.143647e-02,8.208085e-02
5.75500,0.718229,0.763837,7.122980e-01,4.013659e-01,9.258874e-01,1.387022e-01,2.147143e-02,7.015668e-03,2.142416e-02,8.203246e-02
5.75750,0.718362,0.763328,7.113057e-01,4.008860e-01,9.264533e-01,1.386945e-01,2.139613e-02,6.922242e-03,2.141183e-02,8.198381e-02
5.76000,0.718493,0.762817,7.103089e-01,4.004054e-01,9.270007e-01,1.386866e-01,2.132112e-02,6.829163e-03,2.139952e-02,8.193492e-02
5.76250,0.718622,0.762306,7.093076e-01,3.999239e-01,9.275325e-01,1.386787e-01,2.124335e-02,6.734712e-03,2.138705e-02,8.188579e-02
5.76500,0.718749,0.761795,7.083021e-01,3.994415e-01,9.280451e-01,1.386707e-01,2.116353e-02,6.639641e-03,2.137440e-02,8.183642e-02
5.76750,0.718874,0.761282,7.072928e-01,3.989584e-01,9.285354e-01,1.386626e-01,2.108518e-02,6.545980e-03,2.136181e-02,8.178681e-02
5.77000,0.718997,0.760770,7.062797e-01,3.984744e-01,9.288467e-01,1.386543e-01,2.100826e-02,6.453314e-03,2.134933e-02,8.173697e-02
5.77250,0.719117,0.760256,7.052691e-01,3.979897e-01,9.285743e-01,1.386461e-01,2.093008e-02,6.360657e-03,2.133687e-02,8.168690e-02
5.77500,0.719236,0.759742,7.043094e-01,3.975041e-01,9.283063e-01,1.386377e-01,2.085152e-02,6.267820e-03,2.132445e-02,8.163660e-02
5.77750,0.719353,0.759227,7.033435e-01,3.970178e-01,9.280426e-01,1.386292e-01,2.077464e-02,6.176033e-03,2.131221e-02,8.158609e-02
5.78000,0.719467,0.758712,7.023717e-01,3.965308e-01,9.277837e-01,1.386206e-01,2.069769e-02,6.084458e-03,2.130007e-02,8.153537e-02
5.78250,0.719579,0.758195,7.013943e-01,3.960429e-01,9.271401e-01,1.386119e-01,2.061818e-02,5.992101e-03,2.128781e-02,8.148445e-02
5.78500,0.719690,0.757679,7.004116e-01,3.955544e-01,9.264632e-01,1.386032e-01,2.053645e-02,5.898318e-03,2.127538e-02,8.143334e-02
5.78750,0.719798,0.757162,6.994237e-01,3.950651e-01,9.257832e-01,1.385944e-01,2.045673e-02,5.805130e-03,2.126303e-02,8.138204e-02
5.79000,0.719905,0.756644,6.984310e-01,3.945751e-01,9.251023e-01,1.385854e-01,2.037871e-02,5.713107e-03,2.125087e-02,8.133056e-02
5.79250,0.720009,0.756126,6.974336e-01,3.940844e-01,9.244219e-01,1.385764e-01,2.030152e-02,5.620802e-03,2.123884e-02,8.127892e-02
5.79500,0.720111,0.755607,6.964318e-01,3.935931e-01,9.237429e-01,1.385673e-01,2.022389e-02,5.528518e-03,2.122686e-02,8.122712e-02
5.79750,0.720212,0.755087,6.954259e-01,3.931010e-01,9.230645e-01,1.385581e-01,2.014748e-02,5.436463e-03,2.121499e-02,8.117518e-02
5.80000,0.720310,0.754567,6.944160e-01,3.926083e-01,9.223858e-01,1.385488e-01,2.007187e-02,5.344608e-03,2.120322e-02,8.112310e-02
5.80250,0.720407,0.754047,6.934023e-01,3.921149e-01,9.217066e-01,1.385394e-01,1.999577e-02,5.251596e-03,2.119143e-02,8.107089e-02
5.80500,0.720501,0.753526,6.923851e-01,3.916209e-01,9.210288e-01,1.385300e-01,1.991966e-02,5.158129e-03,2.117963e-02,8.101856e-02
5.80750,0.720594,0.753004,6.913645e-01,3.911262e-01,9.203548e-01,1.385204e-01,1.984469e-02,5.064469e-03,2.116789e-02,8.096614e-02
5.81000,0.720684,0.752482,6.903408e-01,3.906309e-01,9.196848e-01,1.385108e-01,1.977271e-02,4.972041e-03,2.115636e-02,8.091362e-02
5.81250,0.720773,0.751960,6.893142e-01,3.901350e-01,9.190183e-01,1.385011e-01,1.970164e-02,4.879968e-03,2.114501e-02,8.086101e-02
5.81500,0.720859,0.751437,6.883173e-01,3.896385e-01,9.183541e-01,1.384913e-01,1.962963e-02,4.786639e-03,2.113368e-02,8.080834e-02
5.81750,0.720944,0.750913,6.873280e-01,3.891414e-01,9.176924e-01,1.384814e-01,1.955912e-02,4.693467e-03,2.112244e-02,8.075559e-02
5.82000,0.721027,0.750389,6.863338e-01,3.886437e-01,9.170337e-01,1.384714e-01,1.948968e-02,4.601141e-03,2.111131e-02,8.070279e-02
5.82250,0.721107,0.749865,6.853348e-01,3.881455e-01,9.163792e-01,1.384614e-01,1.942032e-02,4.509361e-03,2.110023e-02,8.064994e-02
5.82500,0.721186,0.749340,6.843312e-01,3.876467e-01,9.157300e-01,1.384512e-01,1.935063e-02,4.417702e-03,2.108916e-02,8.059704e-02
5.82750,0.721263,0.748815,6.833233e-01,3.871473e-01,9.150864e-01,1.384410e-01,1.928077e-02,4.325740e-03,2.107805e-02,8.054409e-02
5.83000,0.721338,0.748289,6.823112e-01,3.866474e-01,9.144487e-01,1.384307e-01,1.921126e-02,4.234987e-03,2.106696e-02,8.049110e-02
5.83250,0.721412,0.747763,6.812952e-01,3.861470e-01,9.138161e-01,1.384203e-01,1.914021e-02,4.144093e-03,2.105575e-02,8.043807e-02
5.83500,0.721483,0.747236,6.802755e-01,3.856461e-01,9.131881e-01,1.384098e-01,1.906757e-02,4.052834e-03,2.104438e-02,8.038497e-02
5.83750,0.721552,0.746709,6.792522e-01,3.851446e-01,9.125653e-01,1.383993e-01,1.899352e-02,3.961025e-03,2.103279e-02,8.033183e-02
5.84000,0.721620,0.746182,6.782256e-01,3.846427e-01,9.119493e-01,1.383886e-01,1.891823e-02,3.869620e-03,2.102103e-02,8.027863e-02
5.84250,0.721686,0.745654,6.771958e-01,3.841403e-01,9.113411e-01,1.383779e-01,1.884102e-02,3.778105e-03,2.100908e-02,8.022537e-02
5.84500,0.721749,0.745126,6.761630e-01,3.836374e-01,9.107403e-01,1.383671e-01,1.876314e-02,3.686624e-03,2.099697e-02,8.017205e-02
5.84750,0.721811,0.744597,6.751273e-01,3.831340e-01,9.101461e-01,1.383563e-01,1.868538e-02,3.595228e-03,2.098477e-02,8.011867e-02
5.85000,0.721871,0.744069,6.740891e-01,3.826302e-01,9.095577e-01,1.383453e-01,1.860802e-02,3.504539e-03,2.097250e-02,8.006522e-02
5.85250,0.721930,0.743539,6.730484e-01,3.821260e-01,9.089754e-01,1.383343e-01,1.852993e-02,3.414344e-03,2.096015e-02,8.001170e-02
5.85500,0.721986,0.743010,6.720053e-01,3.816213e-01,9.084001e-01,1.383232e-01,1.845114e-02,3.325045e-03,2.094777e-02,7.995811e-02
5.85750,0.722041,0.742480,6.709601e-01,3.811162e-01,9.078324e-01,1.383120e-01,1.837167e-02,3.235275e-03,2.093530e-02,7.990445e-02
5.86000,0.722093,0.741950,6.699129e-01,3.806107e-01,9.072727e-01,1.383007e-01,1.829196e-02,3.145951e-03,2.092277e-02,7.985072e-02
5.86250,0.722144,0.741419,6.688639e-01,3.801048e-01,9.067212e-01,1.382894e-01,1.821158e-02,3.056431e-03,2.091017e-02,7.979691e-02
5.86500,0.722194,0.740888,6.678131e-01,3.795985e-01,9.061773e-01,1.382780e-01,1.813071e-02,2.966896e-03,2.089756e-02,7.974303e-02
5.86750,0.722241,0.740357,6.667608e-01,3.790918e-01,9.056408e-01,1.382665e-01,1.804992e-02,2.877246e-03,2.088499e-02,7.968908e-02
5.87000,0.722287,0.739826,6.657070e-01,3.785848e-01,9.051114e-01,1.382549e-01,1.796906e-02,2.787841e-03,2.087246e-02,7.963506e-02
5.87250,0.722331,0.739294,6.646520e-01,3.780774e-01,9.045896e-01,1.382432e-01,1.788786e-02,2.698661e-03,2.085993e-02,7.958097e-02
5.87500,0.722373,0.738762,6.635957e-01,3.775696e-01,9.040763e-01,1.382315e-01,1.780647e-02,2.610618e-03,2.084744e-02,7.952682e-02
5.87750,0.722413,0.738230,6.625384e-01,3.770616e-01,9.035718e-01,1.382197e-01,1.772543e-02,2.522912e-03,2.083506e-02,7.947262e-02
5.88000,0.722451,0.737698,6.614802e-01,3.765532e-01,9.030757e-01,1.382079e-01,1.764491e-02,2.435483e-03,2.082284e-02,7.941837e-02
5.88250,0.722488,0.737165,6.604211e-01,3.760445e-01,9.025872e-01,1.381960e-01,1.756405e-02,2.347783e-03,2.081068e-02,7.936409e-02
5.88500,0.722523,0.736632,6.593614e-01,3.755354e-01,9.021057e-01,1.381840e-01,1.748374e-02,2.260980e-03,2.079863e-02,7.930979e-02
5.88750,0.722557,0.736099,6.583010e-01,3.750261e-01,9.016314e-01,1.381719e-01,1.740396e-02,2.174529e-03,2.078667e-02,7.925546e-02
5.89000,0.722588,0.735565,6.572402e-01,3.745166e-01,9.011647e-01,1.381597e-01,1.732532e-02,2.088584e-03,2.077488e-02,7.920113e-02
5.89250,0.722618,0.735032,6.561790e-01,3.740067e-01,9.007064e-01,1.381475e-01,1.724768e-02,2.002300e-03,2.076325e-02,7.914679e-02
5.89500,0.722646,0.734498,6.551175e-01,3.734966e-01,9.002563e-01,1.381353e-01,1.717155e-02,1.916626e-03,2.075181e-02,7.909246e-02
5.89750,0.722673,0.733964,6.540558e-01,3.729862e-01,8.998144e-01,1.381229e-01,1.709717e-02,1.831712e-03,2.074057e-02,7.903814e-02
5.90000,0.722698,0.733429,6.529940e-01,3.724756e-01,8.993801e-01,1.381105e-01,1.702437e-02,1.747209e-03,2.072955e-02,7.898385e-02
5.90250,0.722721,0.732895,6.519323e-01,3.719647e-01,8.989533e-01,1.380980e-01,1.695170e-02,1.661745e-03,2.071866e-02,7.892959e-02
5.90500,0.722742,0.732360,6.508706e-01,3.714537e-01,8.985337e-01,1.380855e-01,1.688026e-02,1.576880e-03,2.070792e-02,7.887537e-02
5.90750,0.722762,0.731826,6.498090e-01,3.709424e-01,8.981215e-01,1.380729e-01,1.681073e-02,1.492998e-03,2.069741e-02,7.882119e-02
5.91000,0.722780,0.731291,6.487477e-01,3.704309e-01,8.977172e-01,1.380603e-01,1.674215e-02,1.409815e-03,2.068706e-02,7.876707e-02
5.91250,0.722797,0.730756,6.476866e-01,3.699192e-01,8.973211e-01,1.380475e-01,1.667433e-02,1.327205e-03,2.067685e-02,7.871301e-02
5.91500,0.722811,0.730221,6.466260e-01,3.694073e-01,8.969328e-01,1.380347e-01,1.660628e-02,1.244283e-03,2.066670e-02,7.865901e-02
5.91750,0.722825,0.729685,6.455658e-01,3.688953e-01,8.965517e-01,1.380219e-01,1.653773e-02,1.161748e-03,2.065661e-02,7.860508e-02
5.92000,0.722836,0.729150,6.445062e-01,3.683831e-01,8.961769e-01,1.380090e-01,1.646950e-02,1.079870e-03,2.064657e-02,7.855121e-02
5.92250,0.722846,0.728614,6.434471e-01,3.678707e-01,8.958084e-01,1.379960e-01,1.640008e-02,9.979899e-04,2.063652e-02,7.849741e-02
5.92500,0.722854,0.728079,6.423887e-01,3.673582e-01,8.954456e-01,1.379830e-01,1.632929e-02,9.152680e-04,2.062637e-02,7.844369e-02
5.92750,0.722861,0.727543,6.413310e-01,3.668455e-01,8.950900e-01,1.379699e-01,1.625786e-02,8.331326e-04,2.061617e-02,7.839002e-02
5.93000,0.722866,0.727007,6.402740e-01,3.663327e-01,8.947417e-01,1.379568e-01,1.618573e-02,7.518243e-04,2.060595e-02,7.833642e-02
5.93250,0.722869,0.726471,6.392179e-01,3.658198e-01,8.944001e-01,1.379436e-01,1.611288e-02,6.711870e-04,2.059569e-02,7.828289e-02
5.93500,0.722871,0.725935,6.381627e-01,3.653068e-01,8.940651e-01,1.379303e-01,1.603977e-02,5.909826e-04,2.058541e-02,7.822942e-02
5.93750,0.722871,0.725399,6.371085e-01,3.647936e-01,8.937361e-01,1.379170e-01,1.596650e-02,5.107536e-04,2.057513e-02,7.817601e-02
5.94000,0.722870,0.724863,6.360552e-01,3.642804e-01,8.934132e-01,1.379036e-01,1.589336e-02,4.310033e-04,2.056486e-02,7.812266e-02
5.94250,0.722867,0.724327,6.350029e-01,3.637671e-01,8.930961e-01,1.378902e-01,1.581982e-02,3.525187e-04,2.055461e-02,7.806937e-02
5.94500,0.722863,0.723791,6.339518e-01,3.632537e-01,8.927850e-01,1.378767e-01,1.574523e-02,2.742619e-04,2.054432e-02,7.801612e-02
5.94750,0.722857,0.723254,6.329018e-01,3.627403e-01,8.924803e-01,1.378632e-01,1.567051e-02,1.959655e-04,2.053400e-02,7.796293e-02
5.95000,0.722849,0.722718,6.318592e-01,3.622267e-01,8.921818e-01,1.378496e-01,1.559615e-02,1.182304e-04,2.052369e-02,7.790979e-02
5.95250,0.722840,0.722182,6.308645e-01,3.617132e-01,8.918890e-01,1.378360e-01,1.552191e-02,4.185536e-05,2.051342e-02,7.785670e-02
5.95500,0.722829,0.721645,6.298716e-01,3.611996e-01,8.916010e-01,1.378223e-01,1.544702e-02,-3.416075e-05,2.050313e-02,7.780364e-02
5.95750,0.722817,0.721109,6.288806e-01,3.606859e-01,8.913177e-01,1.378086e-01,1.537111e-02,-1.101051e-04,2.049280e-02,7.775063e-02
5.96000,0.722803,0.720573,6.278913e-01,3.601723e-01,8.910396e-01,1.377948e-01,1.529474e-02,-1.865909e-04,2.048244e-02,7.769767e-02
5.96250,0.722788,0.720037,6.269039e-01,3.596586e-01,8.907671e-01,1.377809e-01,1.521770e-02,-2.630425e-04,2.047202e-02,7.764474e-02
5.96500,0.722771,0.719500,6.259184e-01,3.591449e-01,8.905001e-01,1.377670e-01,1.514127e-02,-3.379806e-04,2.046168e-02,7.759185e-02
5.96750,0.722753,0.718964,6.249347e-01,3.586313e-01,8.902386e-01,1.377531e-01,1.506529e-02,-4.123141e-04,2.045142e-02,7.753900e-02
5.97000,0.722733,0.718428,6.239543e-01,3.581176e-01,8.899822e-01,1.377391e-01,1.498980e-02,-4.868056e-04,2.044127e-02,7.748621e-02
5.97250,0.722712,0.717892,6.230038e-01,3.576040e-01,8.897307e-01,1.377251e-01,1.491509e-02,-5.611973e-04,2.043124e-02,7.743347e-02
5.97500,0.722689,0.717355,6.220552e-01,3.570904e-01,8.894841e-01,1.377110e-01,1.484173e-02,-6.345105e-04,2.042142e-02,7.738079e-02
5.97750,0.722665,0.716819,6.211083e-01,3.565768e-01,8.892422e-01,1.376969e-01,1.476809e-02,-7.073488e-04,2.041172e-02,7.732818e-02
5.98000,0.722639,0.716283,6.201633e-01,3.560633e-01,8.890052e-01,1.376827e-01,1.469543e-02,-7.793645e-04,2.040219e-02,7.727565e-02
5.98250,0.722612,0.715747,6.192202e-01,3.555498e-01,8.887736e-01,1.376685e-01,1.462529e-02,-8.508082e-04,2.039293e-02,7.722319e-02
5.98500,0.722584,0.715211,6.182789e-01,3.550364e-01,8.885476e-01,1.376542e-01,1.455678e-02,-9.221911e-04,2.038391e-02,7.717082e-02
5.98750,0.722554,0.714676,6.173394e-01,3.545230e-01,8.883270e-01,1.376399e-01,1.448955e-02,-9.926708e-04,2.037516e-02,7.711856e-02
5.99000,0.722522,0.714140,6.164018e-01,3.540098e-01,8.881111e-01,1.376256e-01,1.442402e-02,-1.062159e-03,2.036669e-02,7.706639e-02
5.99250,0.722489,0.713604,6.154661e-01,3.534966e-01,8.878995e-01,1.376112e-01,1.435950e-02,-1.131607e-03,2.035844e-02,7.701434e-02
5.99500,0.722455,0.713069,6.145322e-01,3.529835e-01,8.876927e-01,1.375967e-01,1.429652e-02,-1.200837e-03,2.035041e-02,7.696241e-02
5.99750,0.722419,0.712533,6.136001e-01,3.524705e-01,8.874909e-01,1.375823e-01,1.423486e-02,-1.269688e-03,2.034259e-02,7.691060e-02
6.00000,0.722382,0.711998,6.126866e-01,3.519577e-01,8.872944e-01,1.375678e-01,1.417311e-02,-1.337684e-03,2.033494e-02,7.685893e-02
6.00250,0.722343,0.711463,6.117848e-01,3.514449e-01,8.871033e-01,1.375532e-01,1.411146e-02,-1.405392e-03,2.032743e-02,7.680739e-02
6.00500,0.722304,0.710928,6.108847e-01,3.509322e-01,8.869174e-01,1.375386e-01,1.405055e-02,-1.473155e-03,2.032004e-02,7.675598e-02
6.00750,0.722262,0.710393,6.099864e-01,3.504197e-01,8.867365e-01,1.375240e-01,1.398986e-02,-1.540936e-03,2.031272e-02,7.670472e-02
6.01000,0.722219,0.709858,6.090899e-01,3.499074e-01,8.865604e-01,1.375093e-01,1.392860e-02,-1.608346e-03,2.030545e-02,7.665359e-02
6.01250,0.722175,0.709323,6.081951e-01,3.493951e-01,8.863891e-01,1.374946e-01,1.386595e-02,-1.674809e-03,2.029815e-02,7.660260e-02
6.01500,0.722130,0.708789,6.073020e-01,3.488831e-01,8.862227e-01,1.374799e-01,1.380231e-02,-1.740822e-03,2.029083e-02,7.655174e-02
6.01750,0.722083,0.708255,6.064106e-01,3.483711e-01,8.860613e-01,1.374651e-01,1.373778e-02,-1.806765e-03,2.028347e-02,7.650101e-02
6.02000,0.722035,0.707721,6.055210e-01,3.478594e-01,8.859053e-01,1.374503e-01,1.367192e-02,-1.872711e-03,2.027602e-02,7.645041e-02
6.02250,0.721985,0.707187,6.046332e-01,3.473478e-01,8.857549e-01,1.374355e-01,1.360623e-02,-1.937641e-03,2.026858e-02,7.639993e-02
6.02500,0.721934,0.706653,6.037470e-01,3.468364e-01,8.856095e-01,1.374206e-01,1.354108e-02,-2.001500e-03,2.026122e-02,7.634958e-02
6.02750,0.721882,0.706119,6.028626e-01,3.463252e-01,8.854688e-01,1.374057e-01,1.347529e-02,-2.065213e-03,2.025388e-02,7.629935e-02
6.03000,0.721828,0.705586,6.019799e-01,3.458142e-01,8.853326e-01,1.373907e-01,1.340918e-02,-2.129158e-03,2.024651e-02,7.624924e-02
6.03250,0.721773,0.705053,6.010990e-01,3.453034e-01,8.852013e-01,1.373758e-01,1.334351e-02,-2.192632e-03,2.023918e-02,7.619924e-02
6.03500,0.721717,0.704520,6.002197e-01,3.447928e-01,8.850750e-01,1.373608e-01,1.327761e-02,-2.255555e-03,2.023186e-02,7.614935e-02
6.03750,0.721659,0.703987,5.993422e-01,3.442824e-01,8.849540e-01,1.373457e-01,1.321145e-02,-2.317747e-03,2.022458e-02,7.609958e-02
6.04000,0.721600,0.703454,5.984665e-01,3.437723e-01,8.848385e-01,1.373306e-01,1.314524e-02,-2.379679e-03,2.021735e-02,7.604991e-02
6.04250,0.721540,0.702922,5.975924e-01,3.432623e-01,8.847284e-01,1.373155e-01,1.307901e-02,-2.441845e-03,2.021015e-02,7.600035e-02
6.04500,0.721478,0.702390,5.967200e-01,3.427527e-01,8.846234e-01,1.373004e-01,1.301309e-02,-2.503246e-03,2.020298e-02,7.595090e-02
6.04750,0.721416,0.701858,5.958494e-01,3.422432e-01,8.845232e-01,1.372852e-01,1.294750e-02,-2.563509e-03,2.019589e-02,7.590155e-02
6.05000,0.721352,0.701327,5.949805e-01,3.417340e-01,8.844278e-01,1.372700e-01,1.288183e-02,-2.623537e-03,2.018888e-02,7.585231e-02
6.05250,0.721286,0.700795,5.941233e-01,3.412251e-01,8.843376e-01,1.372548e-01,1.281619e-02,-2.683060e-03,2.018190e-02,7.580317e-02
6.05500,0.721219,0.700264,5.932795e-01,3.407164e-01,8.842525e-01,1.372395e-01,1.275159e-02,-2.741532e-03,2.017504e-02,7.575414e-02
6.05750,0.721151,0.699733,5.924373e-01,3.402080e-01,8.841728e-01,1.372243e-01,1.268735e-02,-2.799780e-03,2.016830e-02,7.570523e-02
6.06000,0.721082,0.699203,5.915967e-01,3.396999e-01,8.840984e-01,1.372089e-01,1.262273e-02,-2.857615e-03,2.016164e-02,7.565642e-02
6.06250,0.721012,0.698672,5.907577e-01,3.391921e-01,8.840290e-01,1.371936e-01,1.255862e-02,-2.914508e-03,2.015512e-02,7.560774e-02
6.06500,0.720940,0.698142,5.899202e-01,3.386845e-01,8.839642e-01,1.371783e-01,1.249583e-02,-2.971007e-03,2.014876e-02,7.555918e-02
6.06750,0.720867,0.697613,5.890844e-01,3.381773e-01,8.839040e-01,1.371629e-01,1.243513e-02,-3.026877e-03,2.014261e-02,7.551074e-02
6.07000,0.720793,0.697083,5.882501e-01,3.376703e-01,8.838486e-01,1.371475e-01,1.237564e-02,-3.081886e-03,2.013667e-02,7.546244e-02
6.07250,0.720717,0.696554,5.874174e-01,3.371637e-01,8.837978e-01,1.371320e-01,1.231684e-02,-3.136598e-03,2.013096e-02,7.541427e-02
6.07500,0.720641,0.696025,5.865863e-01,3.366573e-01,8.837520e-01,1.371166e-01,1.225945e-02,-3.190958e-03,2.012548e-02,7.536624e-02
6.07750,0.720563,0.695497,5.857568e-01,3.361513e-01,8.837116e-01,1.371011e-01,1.220334e-02,-3.244725e-03,2.012020e-02,7.531836e-02
6.08000,0.720484,0.694968,5.849288e-01,3.356457e-01,8.836764e-01,1.370856e-01,1.214814e-02,-3.298378e-03,2.011510e-02,7.527064e-02
6.08250,0.720404,0.694440,5.841024e-01,3.351403e-01,8.836461e-01,1.370701e-01,1.209370e-02,-3.351815e-03,2.011013e-02,7.522306e-02
6.08500,0.720322,0.693913,5.832775e-01,3.346353e-01,8.836203e-01,1.370546e-01,1.204068e-02,-3.403899e-03,2.010538e-02,7.517565e-02
6.08750,0.720239,0.693386,5.824542e-01,3.341307e-01,8.835982e-01,1.370390e-01,1.198862e-02,-3.455557e-03,2.010085e-02,7.512839e-02
6.09000,0.720155,0.692859,5.816324e-01,3.336263e-01,8.832994e-01,1.370234e-01,1.193644e-02,-3.507837e-03,2.009643e-02,7.508130e-02
6.09250,0.720070,0.692332,5.808122e-01,3.331224e-01,8.830056e-01,1.370078e-01,1.188470e-02,-3.559516e-03,2.009208e-02,7.503437e-02
6.09500,0.719984,0.691806,5.799935e-01,3.326188e-01,8.827171e-01,1.369922e-01,1.183306e-02,-3.610360e-03,2.008780e-02,7.498760e-02
6.09750,0.719897,0.691280,5.791763e-01,3.321155e-01,8.824342e-01,1.369766e-01,1.178091e-02,-3.660667e-03,2.008357e-02,7.494099e-02
6.10000,0.719808,0.690754,5.783606e-01,3.316127e-01,8.821569e-01,1.369609e-01,1.172787e-02,-3.710524e-03,2.007932e-02,7.489454e-02
6.10250,0.719718,0.690229,5.775465e-01,3.311102e-01,8.818850e-01,1.369452e-01,1.167313e-02,-3.760664e-03,2.007502e-02,7.484824e-02
6.10500,0.719627,0.689704,5.767339e-01,3.306081e-01,8.816181e-01,1.369295e-01,1.161680e-02,-3.811196e-03,2.007063e-02,7.480211e-02
6.10750,0.719535,0.689180,5.759228e-01,3.301064e-01,8.813562e-01,1.369138e-01,1.156137e-02,-3.860858e-03,2.006625e-02,7.475613e-02
6.11000,0.719442,0.688656,5.751132e-01,3.296051e-01,8.810995e-01,1.368981e-01,1.150696e-02,-3.908895e-03,2.006198e-02,7.471029e-02
6.11250,0.719347,0.688132,5.743051e-01,3.291041e-01,8.808483e-01,1.368824e-01,1.145209e-02,-3.957059e-03,2.005776e-02,7.466461e-02
6.11500,0.719252,0.687609,5.734985e-01,3.286036e-01,8.806023e-01,1.368666e-01,1.139655e-02,-4.005482e-03,2.005355e-02,7.461908e-02
6.11750,0.719155,0.687086,5.726934e-01,3.281035e-01,8.803614e-01,1.368509e-01,1.134119e-02,-4.053220e-03,2.004937e-02,7.457369e-02
6.12000,0.719057,0.686563,5.718898e-01,3.276038e-01,8.801258e-01,1.368351e-01,1.128584e-02,-4.100696e-03,2.004522e-02,7.452845e-02
6.12250,0.718958,0.686041,5.710876e-01,3.271045e-01,8.798957e-01,1.368193e-01,1.123028e-02,-4.147961e-03,2.004110e-02,7.448334e-02
6.12500,0.718858,0.685520,5.702870e-01,3.266057e-01,8.796717e-01,1.368035e-01,1.117515e-02,-4.194704e-03,2.003703e-02,7.443838e-02
6.12750,0.718757,0.684998,5.694877e-01,3.261072e-01,8.794533e-01,1.367877e-01,1.112024e-02,-4.241096e-03,2.003301e-02,7.439355e-02
6.13000,0.718655,0.684477,5.686900e-01,3.256092e-01,8.792401e-01,1.367719e-01,1.106562e-02,-4.286869e-03,2.002906e-02,7.434886e-02
6.13250,0.718551,0.683957,5.678937e-01,3.251117e-01,8.790321e-01,1.367560e-01,1.101092e-02,-4.331940e-03,2.002514e-02,7.430431e-02
6.13500,0.718447,0.683437,5.670989e-01,3.246146e-01,8.788295e-01,1.367402e-01,1.095622e-02,-4.376281e-03,2.002128e-02,7.425988e-02
6.13750,0.718341,0.682917,5.663055e-01,3.241179e-01,8.786328e-01,1.367243e-01,1.090127e-02,-4.420579e-03,2.001743e-02,7.421559e-02
6.14000,0.718235,0.682398,5.655135e-01,3.236217e-01,8.784417e-01,1.367084e-01,1.084691e-02,-4.464026e-03,2.001366e-02,7.417143e-02
6.14250,0.718127,0.681879,5.647230e-01,3.231259e-01,8.782559e-01,1.366925e-01,1.079348e-02,-4.506320e-03,2.001002e-02,7.412740e-02
6.14500,0.718018,0.681361,5.639338e-01,3.226307e-01,8.780754e-01,1.366766e-01,1.073962e-02,-4.548879e-03,2.000644e-02,7.408351e-02
6.14750,0.717908,0.680843,5.631462e-01,3.221358e-01,8.779000e-01,1.366607e-01,1.068558e-02,-4.591608e-03,2.000291e-02,7.403976e-02
6.15000,0.717797,0.680325,5.623599e-01,3.216415e-01,8.777298e-01,1.366448e-01,1.063234e-02,-4.633884e-03,1.999949e-02,7.399615e-02
6.15250,0.717685,0.679808,5.615812e-01,3.211476e-01,8.775648e-01,1.366289e-01,1.058054e-02,-4.675744e-03,1.999625e-02,7.395268e-02
6.15500,0.717572,0.679292,5.608136e-01,3.206543e-01,8.774050e-01,1.366130e-01,1.052992e-02,-4.717092e-03,1.999319e-02,7.390936e-02
6.15750,0.717458,0.678776,5.600472e-01,3.201614e-01,8.772502e-01,1.365971e-01,1.048102e-02,-4.757857e-03,1.999032e-02,7.386619e-02
6.16000,0.717343,0.678260,5.592822e-01,3.196690e-01,8.771005e-01,1.365811e-01,1.043366e-02,-4.798526e-03,1.998767e-02,7.382317e-02
6.16250,0.717227,0.677745,5.585185e-01,3.191770e-01,8.769562e-01,1.365652e-01,1.038727e-02,-4.839371e-03,1.998521e-02,7.378030e-02
6.16500,0.717109,0.677230,5.577560e-01,3.186856e-01,8.768176e-01,1.365493e-01,1.034175e-02,-4.879758e-03,1.998294e-02,7.373760e-02
6.16750,0.716991,0.676716,5.569949e-01,3.181947e-01,8.766842e-01,1.365333e-01,1.029703e-02,-4.919386e-03,1.998083e-02,7.369505e-02
6.17000,0.716872,0.676202,5.562350e-01,3.177043e-01,8.765557e-01,1.365174e-01,1.025315e-02,-4.958910e-03,1.997886e-02,7.365267e-02
6.17250,0.716752,0.675689,5.554764e-01,3.172144e-01,8.764320e-01,1.365014e-01,1.021087e-02,-4.997709e-03,1.997704e-02,7.361045e-02
6.17500,0.716630,0.675176,5.547191e-01,3.167251e-01,8.763134e-01,1.364854e-01,1.016958e-02,-5.035795e-03,1.997537e-02,7.356840e-02
6.17750,0.716508,0.674664,5.539631e-01,3.162362e-01,8.762001e-01,1.364695e-01,1.012774e-02,-5.074028e-03,1.997380e-02,7.352652e-02
6.18000,0.716384,0.674152,5.532084e-01,3.157479e-01,8.760920e-01,1.364535e-01,1.008523e-02,-5.111847e-03,1.997227e-02,7.348480e-02
6.18250,0.716260,0.673641,5.524549e-01,3.152601e-01,8.759883e-01,1.364376e-01,1.004280e-02,-5.149126e-03,1.997078e-02,7.344324e-02
6.18500,0.716135,0.673130,5.517027e-01,3.147728e-01,8.758892e-01,1.364216e-01,9.999938e-03,-5.186589e-03,1.996928e-02,7.340185e-02
6.18750,0.716008,0.672620,5.509517e-01,3.142861e-01,8.757950e-01,1.364056e-01,9.956518e-03,-5.223755e-03,1.996776e-02,7.336061e-02
6.19000,0.715881,0.672110,5.502020e-01,3.137999e-01,8.757058e-01,1.363897e-01,9.912179e-03,-5.260765e-03,1.996621e-02,7.331954e-02
6.19250,0.715752,0.671601,5.494535e-01,3.133143e-01,8.756217e-01,1.363737e-01,9.866767e-03,-5.297948e-03,1.996464e-02,7.327862e-02
6.19500,0.715623,0.671092,5.487063e-01,3.128292e-01,8.755426e-01,1.363577e-01,9.820906e-03,-5.335384e-03,1.996308e-02,7.323786e-02
6.19750,0.715493,0.670584,5.479603e-01,3.123447e-01,8.754687e-01,1.363418e-01,9.775713e-03,-5.372360e-03,1.996157e-02,7.319725e-02
6.20000,0.715361,0.670076,5.472155e-01,3.118607e-01,8.753997e-01,1.363258e-01,9.730750e-03,-5.409108e-03,1.996009e-02,7.315679e-02
6.20250,0.715229,0.669569,5.464720e-01,3.113773e-01,8.753358e-01,1.363099e-01,9.685887e-03,-5.445442e-03,1.995863e-02,7.311649e-02
6.20500,0.715096,0.669062,5.457298e-01,3.108944e-01,8.752773e-01,1.362939e-01,9.640581e-03,-5.481028e-03,1.995719e-02,7.307632e-02
6.20750,0.714962,0.668556,5.449887e-01,3.104121e-01,8.752239e-01,1.362779e-01,9.595174e-03,-5.516091e-03,1.995581e-02,7.303631e-02
6.21000,0.714827,0.668050,5.442489e-01,3.099304e-01,8.751752e-01,1.362620e-01,9.549557e-03,-5.551200e-03,1.995448e-02,7.299643e-02
6.21250,0.714690,0.667545,5.435103e-01,3.094493e-01,8.751310e-01,1.362460e-01,9.504360e-03,-5.585950e-03,1.995318e-02,7.295670e-02
6.21500,0.714553,0.667041,5.427729e-01,3.089687e-01,8.750912e-01,1.362301e-01,9.459954e-03,-5.619933e-03,1.995192e-02,7.291710e-02
6.21750,0.714415,0.666537,5.420368e-01,3.084887e-01,8.750560e-01,1.362141e-01,9.415764e-03,-5.653322e-03,1.995072e-02,7.287764e-02
6.22000,0.714276,0.666034,5.413018e-01,3.080093e-01,8.750255e-01,1.361982e-01,9.371235e-03,-5.686017e-03,1.994955e-02,7.283831e-02
6.22250,0.714137,0.665531,5.405681e-01,3.075305e-01,8.749996e-01,1.361823e-01,9.326307e-03,-5.718575e-03,1.994842e-02,7.279912e-02
6.22500,0.713996,0.665029,5.398356e-01,3.070523e-01,8.749783e-01,1.361663e-01,9.280985e-03,-5.751425e-03,1.994733e-02,7.276005e-02
6.22750,0.713854,0.664527,5.391043e-01,3.065747e-01,8.749611e-01,1.361504e-01,9.235821e-03,-5.784280e-03,1.994628e-02,7.272113e-02
6.23000,0.713711,0.664026,5.383741e-01,3.060977e-01,8.749481e-01,1.361345e-01,9.191585e-03,-5.816540e-03,1.994533e-02,7.268233e-02
6.23250,0.713568,0.663525,5.376452e-01,3.056213e-01,8.749392e-01,1.361186e-01,9.147886e-03,-5.848176e-03,1.994448e-02,7.264367e-02
6.23500,0.713423,0.663025,5.369174e-01,3.051455e-01,8.749344e-01,1.361027e-01,9.104657e-03,-5.879712e-03,1.994374e-02,7.260515e-02
6.23750,0.713278,0.662526,5.361909e-01,3.046704e-01,8.749338e-01,1.360868e-01,9.062265e-03,-5.910972e-03,1.994313e-02,7.256676e-02
6.24000,0.713131,0.662027,5.354655e-01,3.041958e-01,8.749374e-01,1.360709e-01,9.021170e-03,-5.942176e-03,1.994269e-02,7.252851e-02
6.24250,0.712984,0.661529,5.347413e-01,3.037219e-01,8.749449e-01,1.360550e-01,8.981204e-03,-5.973137e-03,1.994245e-02,7.249041e-02
6.24500,0.712836,0.661031,5.340182e-01,3.032485e-01,8.749566e-01,1.360391e-01,8.942288e-03,-6.003492e-03,1.994237e-02,7.245244e-02
6.24750,0.712687,0.660534,5.332963e-01,3.027758e-01,8.749727e-01,1.360233e-01,8.904620e-03,-6.033074e-03,1.994247e-02,7.241462e-02
6.25000,0.712537,0.660038,5.325756e-01,3.023038e-01,8.749928e-01,1.360074e-01,8.868749e-03,-6.062029e-03,1.994277e-02,7.237695e-02
6.25250,0.712386,0.659542,5.318560e-01,3.018323e-01,8.750166e-01,1.359916e-01,8.834162e-03,-6.090608e-03,1.994323e-02,7.233942e-02
6.25500,0.712235,0.659046,5.311376e-01,3.013615e-01,8.750437e-01,1.359758e-01,8.800238e-03,-6.118749e-03,1.994384e-02,7.230204e-02
6.25750,0.712082,0.658552,5.304203e-01,3.008914e-01,8.750741e-01,1.359599e-01,8.765939e-03,-6.147092e-03,1.994455e-02,7.226482e-02
6.26000,0.711929,0.658058,5.297042e-01,3.004219e-01,8.751081e-01,1.359441e-01,8.732328e-03,-6.174978e-03,1.994537e-02,7.222774e-02
6.26250,0.711775,0.657564,5.289891e-01,2.999530e-01,8.751457e-01,1.359283e-01,8.699424e-03,-6.202326e-03,1.994631e-02,7.219081e-02
6.26500,0.711619,0.657071,5.282753e-01,2.994848e-01,8.751868e-01,1.359125e-01,8.667014e-03,-6.229374e-03,1.994733e-02,7.215404e-02
6.26750,0.711463,0.656579,5.275625e-01,2.990172e-01,8.752314e-01,1.358967e-01,8.634428e-03,-6.256154e-03,1.994839e-02,7.211741e-02
6.27000,0.711306,0.656087,5.268509e-01,2.985502e-01,8.752791e-01,1.358810e-01,8.601152e-03,-6.282941e-03,1.994947e-02,7.208093e-02
6.27250,0.711149,0.655596,5.261403e-01,2.980840e-01,8.753298e-01,1.358652e-01,8.566717e-03,-6.309912e-03,1.995052e-02,7.204460e-02
6.27500,0.710990,0.655106,5.254309e-01,2.976183e-01,8.753834e-01,1.358495e-01,8.530976e-03,-6.336858e-03,1.995155e-02,7.200841e-02
6.27750,0.710831,0.654616,5.247226e-01,2.971534e-01,8.754397e-01,1.358337e-01,8.495196e-03,-6.363354e-03,1.995257e-02,7.197237e-02
6.28000,0.710670,0.654127,5.240153e-01,2.966891e-01,8.754991e-01,1.358180e-01,8.459171e-03,-6.389584e-03,1.995359e-02,7.193647e-02
6.28250,0.710509,0.653639,5.233092e-01,2.962255e-01,8.755613e-01,1.358023e-01,8.423223e-03,-6.415102e-03,1.995461e-02,7.190070e-02
6.28500,0.710347,0.653151,5.226041e-01,2.957625e-01,8.756262e-01,1.357866e-01,8.387030e-03,-6.440538e-03,1.995566e-02,7.186508e-02
6.28750,0.710184,0.652663,5.219002e-01,2.953002e-01,8.756938e-01,1.357709e-01,8.350636e-03,-6.465878e-03,1.995674e-02,7.182958e-02
6.29000,0.710021,0.652177,5.211973e-01,2.948386e-01,8.757645e-01,1.357552e-01,8.313878e-03,-6.491050e-03,1.995786e-02,7.179423e-02
6.29250,0.709856,0.651691,5.204955e-01,2.943777e-01,8.758381e-01,1.357396e-01,8.277432e-03,-6.515711e-03,1.995901e-02,7.175900e-02
6.29500,0.709691,0.651205,5.197947e-01,2.939174e-01,8.759144e-01,1.357239e-01,8.242026e-03,-6.539373e-03,1.996021e-02,7.172391e-02
6.29750,0.709525,0.650721,5.190950e-01,2.934579e-01,8.759931e-01,1.357083e-01,8.206477e-03,-6.562878e-03,1.996144e-02,7.168894e-02
6.30000,0.709358,0.650237,5.183964e-01,2.929990e-01,8.760742e-01,1.356927e-01,8.170575e-03,-6.586156e-03,1.996269e-02,7.165409e-02
6.30250,0.709190,0.649753,5.176989e-01,2.925408e-01,8.761579e-01,1.356771e-01,8.134408e-03,-6.609294e-03,1.996396e-02,7.161937e-02
6.30500,0.709021,0.649271,5.170024e-01,2.920833e-01,8.762443e-01,1.356615e-01,8.098229e-03,-6.632311e-03,1.996528e-02,7.158477e-02
6.30750,0.708852,0.648788,5.163070e-01,2.916265e-01,8.763334e-01,1.356459e-01,8.061925e-03,-6.655414e-03,1.996662e-02,7.155029e-02
6.31000,0.708682,0.648307,5.156126e-01,2.911704e-01,8.764253e-01,1.356304e-01,8.025626e-03,-6.678251e-03,1.996798e-02,7.151593e-02
6.31250,0.708511,0.647826,5.149193e-01,2.907150e-01,8.765196e-01,1.356148e-01,7.989454e-03,-6.700738e-03,1.996936e-02,7.148169e-02
6.31500,0.708339,0.647346,5.142270e-01,2.902602e-01,8.766163e-01,1.355993e-01,7.953801e-03,-6.722880e-03,1.997082e-02,7.144757e-02
6.31750,0.708166,0.646867,5.135358e-01,2.898062e-01,8.767151e-01,1.355838e-01,7.919099e-03,-6.744462e-03,1.997239e-02,7.141356e-02
6.32000,0.707993,0.646388,5.128456e-01,2.893529e-01,8.768160e-01,1.355683e-01,7.884466e-03,-6.766032e-03,1.997405e-02,7.137968e-02
6.32250,0.707819,0.645910,5.121565e-01,2.889003e-01,8.769190e-01,1.355528e-01,7.849634e-03,-6.787595e-03,1.997577e-02,7.134592e-02
6.32500,0.707644,0.645432,5.114684e-01,2.884484e-01,8.770244e-01,1.355374e-01,7.815679e-03,-6.808593e-03,1.997758e-02,7.131228e-02
6.32750,0.707468,0.644955,5.107814e-01,2.879973e-01,8.771318e-01,1.355220e-01,7.783206e-03,-6.828823e-03,1.997953e-02,7.127877e-02
6.33000,0.707292,0.644479,5.100954e-01,2.875468e-01,8.772412e-01,1.355065e-01,7.752326e-03,-6.848453e-03,1.998165e-02,7.124537e-02
6.33250,0.707114,0.644004,5.094104e-01,2.870971e-01,8.773531e-01,1.354911e-01,7.722739e-03,-6.867539e-03,1.998394e-02,7.121211e-02
6.33500,0.706936,0.643529,5.087265e-01,2.866481e-01,8.774675e-01,1.354758e-01,7.694286e-03,-6.886120e-03,1.998640e-02,7.117896e-02
6.33750,0.706757,0.643055,5.080436e-01,2.861998e-01,8.775843e-01,1.354604e-01,7.666241e-03,-6.904591e-03,1.998898e-02,7.114594e-02
6.34000,0.706578,0.642581,5.073617e-01,2.857522e-01,8.777033e-01,1.354451e-01,7.638521e-03,-6.923037e-03,1.999167e-02,7.111305e-02
6.34250,0.706397,0.642109,5.066809e-01,2.853053e-01,8.778236e-01,1.354297e-01,7.611309e-03,-6.941552e-03,1.999445e-02,7.108029e-02
6.34500,0.706216,0.641637,5.060010e-01,2.848592e-01,8.779453e-01,1.354144e-01,7.585085e-03,-6.959307e-03,1.999735e-02,7.104766e-02
6.34750,0.706034,0.641165,5.053237e-01,2.844138e-01,8.780691e-01,1.353991e-01,7.559585e-03,-6.976426e-03,2.000036e-02,7.101516e-02
6.35000,0.705852,0.640695,5.046561e-01,2.839692e-01,8.781951e-01,1.353839e-01,7.534418e-03,-6.993331e-03,2.000343e-02,7.098279e-02
6.35250,0.705668,0.640225,5.039894e-01,2.835252e-01,8.783233e-01,1.353686e-01,7.508976e-03,-7.010035e-03,2.000655e-02,7.095054e-02
6.35500,0.705484,0.639755,5.033236e-01,2.830820e-01,8.784537e-01,1.353534e-01,7.483355e-03,-7.026809e-03,2.000972e-02,7.091842e-02
6.35750,0.705299,0.639287,5.026588e-01,2.826396e-01,8.785862e-01,1.353382e-01,7.457235e-03,-7.043581e-03,2.001289e-02,7.088644e-02
6.36000,0.705114,0.638819,5.019950e-01,2.821979e-01,8.787207e-01,1.353230e-01,7.430638e-03,-7.059877e-03,2.001603e-02,7.085457e-02
6.36250,0.704927,0.638352,5.013320e-01,2.817569e-01,8.788570e-01,1.353078e-01,7.403948e-03,-7.075546e-03,2.001916e-02,7.082283e-02
6.36500,0.704740,0.637885,5.006700e-01,2.813166e-01,8.789952e-01,1.352927e-01,7.377130e-03,-7.090911e-03,2.002229e-02,7.079122e-02
6.36750,0.704552,0.637419,5.000089e-01,2.808772e-01,8.791354e-01,1.352775e-01,7.349400e-03,-7.105911e-03,2.002539e-02,7.075972e-02
6.37000,0.704364,0.636954,4.993486e-01,2.804384e-01,8.792778e-01,1.352624e-01,7.320692e-03,-7.120947e-03,2.002844e-02,7.072835e-02
6.37250,0.704174,0.636490,4.986893e-01,2.800004e-01,8.794222e-01,1.352473e-01,7.291813e-03,-7.136003e-03,2.003149e-02,7.069710e-02
6.37500,0.703984,0.636026,4.980308e-01,2.795632e-01,8.795686e-01,1.352323e-01,7.262941e-03,-7.151082e-03,2.003454e-02,7.066596e-02
6.37750,0.703793,0.635563,4.973733e-01,2.791267e-01,8.797173e-01,1.352172e-01,7.235064e-03,-7.165483e-03,2.003763e-02,7.063494e-02
6.38000,0.703602,0.635101,4.967166e-01,2.786909e-01,8.798684e-01,1.352022e-01,7.207842e-03,-7.179175e-03,2.004076e-02,7.060404e-02
6.38250,0.703410,0.634639,4.960608e-01,2.782559e-01,8.800219e-01,1.351872e-01,7.180320e-03,-7.192781e-03,2.004390e-02,7.057325e-02
6.38500,0.703217,0.634178,4.954058e-01,2.778217e-01,8.801776e-01,1.351722e-01,7.152347e-03,-7.206674e-03,2.004705e-02,7.054257e-02
6.38750,0.703023,0.633718,4.947517e-01,2.773882e-01,8.803350e-01,1.351573e-01,7.124337e-03,-7.220546e-03,2.005022e-02,7.051200e-02
6.39000,0.702829,0.633259,4.940984e-01,2.769555e-01,8.804939e-01,1.351423e-01,7.096324e-03,-7.234247e-03,2.005341e-02,7.048154e-02
6.39250,0.702634,0.632800,4.934460e-01,2.765236e-01,8.806547e-01,1.351274e-01,7.068285e-03,-7.247689e-03,2.005660e-02,7.045119e-02
6.39500,0.702438,0.632342,4.927945e-01,2.760924e-01,8.808172e-01,1.351125e-01,7.040503e-03,-7.260724e-03,2.005980e-02,7.042094e-02
6.39750,0.702241,0.631885,4.921438e-01,2.756619e-01,8.809815e-01,1.350977e-01,7.012182e-03,-7.273702e-03,2.006295e-02,7.039080e-02
6.40000,0.702044,0.631428,4.914938e-01,2.752323e-01,8.811478e-01,1.350828e-01,6.983540e-03,-7.286689e-03,2.006610e-02,7.036076e-02
6.40250,0.701846,0.630972,4.908447e-01,2.748034e-01,8.813159e-01,1.350680e-01,6.955479e-03,-7.299244e-03,2.006930e-02,7.033083e-02
6.40500,0.701648,0.630517,4.901965e-01,2.743752e-01,8.814858e-01,1.350532e-01,6.928130e-03,-7.311444e-03,2.007258e-02,7.030101e-02
6.40750,0.701448,0.630063,4.895490e-01,2.739479e-01,8.816573e-01,1.350384e-01,6.901072e-03,-7.323561e-03,2.007592e-02,7.027129e-02
6.41000,0.701248,0.629609,4.889024e-01,2.735213e-01,8.818301e-01,1.350237e-01,6.874332e-03,-7.335577e-03,2.007929e-02,7.024167e-02
6.41250,0.701048,0.629156,4.882565e-01,2.730955e-01,8.820043e-01,1.350090e-01,6.848044e-03,-7.347215e-03,2.008268e-02,7.021216e-02
6.41500,0.700846,0.628704,4.876115e-01,2.726704e-01,8.821801e-01,1.349943e-01,6.822630e-03,-7.358649e-03,2.008614e-02,7.018276e-02
6.41750,0.700644,0.628252,4.869672e-01,2.722462e-01,8.823575e-01,1.349796e-01,6.798139e-03,-7.370089e-03,2.008971e-02,7.015346e-02
6.42000,0.700442,0.627801,4.863237e-01,2.718227e-01,8.825362e-01,1.349649e-01,6.774232e-03,-7.381531e-03,2.009339e-02,7.012426e-02
6.42250,0.700238,0.627351,4.856811e-01,2.714000e-01,8.827162e-01,1.349503e-01,6.751007e-03,-7.392948e-03,2.009718e-02,7.009518e-02
6.42500,0.700034,0.626902,4.850392e-01,2.709780e-01,8.828976e-01,1.349357e-01,6.728101e-03,-7.404292e-03,2.010105e-02,7.006620e-02
6.42750,0.699830,0.626453,4.843981e-01,2.705569e-01,8.830805e-01,1.349211e-01,6.705638e-03,-7.415526e-03,2.010498e-02,7.003733e-02
6.43000,0.699624,0.626005,4.837579e-01,2.701365e-01,8.832648e-01,1.349066e-01,6.684269e-03,-7.426382e-03,2.010899e-02,7.000857e-02
6.43250,0.699418,0.625558,4.831184e-01,2.697169e-01,8.834502e-01,1.348921e-01,6.664048e-03,-7.436918e-03,2.011312e-02,6.997992e-02
6.43500,0.699211,0.625112,4.824797e-01,2.692981e-01,8.836362e-01,1.348776e-01,6.644422e-03,-7.447498e-03,2.011733e-02,6.995137e-02
6.43750,0.699004,0.624666,4.818418e-01,2.688801e-01,8.838227e-01,1.348631e-01,6.624671e-03,-7.458218e-03,2.012161e-02,6.992294e-02
6.44000,0.698796,0.624221,4.812048e-01,2.684628e-01,8.840097e-01,1.348486e-01,6.604838e-03,-7.468794e-03,2.012592e-02,6.989462e-02
6.44250,0.698587,0.623777,4.805685e-01,2.680464e-01,8.841973e-01,1.348342e-01,6.585137e-03,-7.479327e-03,2.013025e-02,6.986641e-02
6.44500,0.698378,0.623334,4.799330e-01,2.676307e-01,8.843854e-01,1.348198e-01,6.565798e-03,-7.489602e-03,2.013459e-02,6.983831e-02
6.44750,0.698168,0.622891,4.792983e-01,2.672159e-01,8.845741e-01,1.348055e-01,6.546609e-03,-7.499538e-03,2.013894e-02,6.981031e-02
6.45000,0.697957,0.622449,4.786643e-01,2.668018e-01,8.847635e-01,1.347911e-01,6.526838e-03,-7.509371e-03,2.014327e-02,6.978243e-02
6.45250,0.697746,0.622008,4.780311e-01,2.663885e-01,8.849535e-01,1.347768e-01,6.506317e-03,-7.519381e-03,2.014757e-02,6.975465e-02
6.45500,0.697534,0.621567,4.773987e-01,2.659760e-01,8.851439e-01,1.347625e-01,6.485125e-03,-7.529486e-03,2.015185e-02,6.972698e-02
6.45750,0.697321,0.621127,4.767671e-01,2.655643e-01,8.853345e-01,1.347482e-01,6.463419e-03,-7.539616e-03,2.015612e-02,6.969941e-02
6.46000,0.697108,0.620688,4.761362e-01,2.651534e-01,8.855253e-01,1.347340e-01,6.441251e-03,-7.549745e-03,2.016035e-02,6.967195e-02
6.46250,0.696894,0.620250,4.755060e-01,2.647433e-01,8.857164e-01,1.347198e-01,6.419013e-03,-7.559830e-03,2.016456e-02,6.964459e-02
6.46500,0.696679,0.619813,4.748765e-01,2.643340e-01,8.859082e-01,1.347056e-01,6.397500e-03,-7.569488e-03,2.016878e-02,6.961733e-02
6.46750,0.696464,0.619376,4.742477e-01,2.639255e-01,8.861002e-01,1.346915e-01,6.376245e-03,-7.578948e-03,2.017304e-02,6.959017e-02
6.47000,0.696248,0.618940,4.736197e-01,2.635178e-01,8.862919e-01,1.346773e-01,6.354555e-03,-7.588583e-03,2.017730e-02,6.956311e-02
6.47250,0.696032,0.618505,4.729924e-01,2.631109e-01,8.864837e-01,1.346632e-01,6.332082e-03,-7.598414e-03,2.018154e-02,6.953615e-02
6.47500,0.695815,0.618070,4.723658e-01,2.627048e-01,8.866760e-01,1.346492e-01,6.309419e-03,-7.608122e-03,2.018576e-02,6.950928e-02
6.47750,0.695597,0.617637,4.717398e-01,2.622995e-01,8.868689e-01,1.346351e-01,6.286941e-03,-7.617556e-03,2.018997e-02,6.948251e-02
6.48000,0.695379,0.617204,4.711146e-01,2.618950e-01,8.870626e-01,1.346211e-01,6.264832e-03,-7.626686e-03,2.019419e-02,6.945583e-02
6.48250,0.695160,0.616771,4.704900e-01,2.614913e-01,8.872569e-01,1.346071e-01,6.243084e-03,-7.635237e-03,2.019843e-02,6.942924e-02
6.48500,0.694940,0.616340,4.698661e-01,2.610884e-01,8.874513e-01,1.345931e-01,6.221367e-03,-7.643591e-03,2.020271e-02,6.940275e-02
6.48750,0.694720,0.615909,4.692429e-01,2.606863e-01,8.876461e-01,1.345792e-01,6.199306e-03,-7.651868e-03,2.020701e-02,6.937634e-02
6.49000,0.694499,0.615479,4.686204e-01,2.602851e-01,8.878411e-01,1.345653e-01,6.177122e-03,-7.660098e-03,2.021130e-02,6.935003e-02
6.49250,0.694277,0.615050,4.679985e-01,2.598846e-01,8.880364e-01,1.345514e-01,6.154914e-03,-7.668411e-03,2.021557e-02,6.932380e-02
6.49500,0.694055,0.614621,4.673772e-01,2.594850e-01,8.882323e-01,1.345376e-01,6.132768e-03,-7.676806e-03,2.021984e-02,6.929766e-02
6.49750,0.693833,0.614194,4.667565e-01,2.590861e-01,8.884289e-01,1.345238e-01,6.111063e-03,-7.684864e-03,2.022416e-02,6.927160e-02
6.50000,0.693609,0.613767,4.661365e-01,2.586881e-01,8.886265e-01,1.345100e-01,6.089976e-03,-7.692595e-03,2.022854e-02,6.924564e-02
6.50250,0.693385,0.613341,4.655172e-01,2.582909e-01,8.888249e-01,1.344962e-01,6.068837e-03,-7.700334e-03,2.023296e-02,6.921976e-02
6.50500,0.693161,0.612915,4.648985e-01,2.578945e-01,8.890241e-01,1.344825e-01,6.047515e-03,-7.708010e-03,2.023740e-02,6.919397e-02
6.50750,0.692936,0.612491,4.642804e-01,2.574990e-01,8.892238e-01,1.344688e-01,6.026238e-03,-7.715724e-03,2.024185e-02,6.916826e-02
6.51000,0.692710,0.612067,4.636629e-01,2.571042e-01,8.894240e-01,1.344551e-01,6.005700e-03,-7.723305e-03,2.024635e-02,6.914264e-02
6.51250,0.692484,0.611644,4.630461e-01,2.567102e-01,8.896248e-01,1.344414e-01,5.986167e-03,-7.730553e-03,2.025092e-02,6.911711e-02
6.51500,0.692257,0.611221,4.624298e-01,2.563171e-01,8.898265e-01,1.344278e-01,5.967319e-03,-7.737615e-03,2.025558e-02,6.909167e-02
6.51750,0.692029,0.610800,4.618142e-01,2.559248e-01,8.900288e-01,1.344142e-01,5.948919e-03,-7.744515e-03,2.026033e-02,6.906632e-02
6.52000,0.691801,0.610379,4.611992e-01,2.555333e-01,8.902315e-01,1.344007e-01,5.930969e-03,-7.751163e-03,2.026516e-02,6.904105e-02
6.52250,0.691572,0.609959,4.605848e-01,2.551426e-01,8.904346e-01,1.343871e-01,5.913675e-03,-7.757607e-03,2.027004e-02,6.901587e-02
6.52500,0.691343,0.609540,4.599711e-01,2.547528e-01,8.906383e-01,1.343736e-01,5.897072e-03,-7.764028e-03,2.027496e-02,6.899078e-02
6.52750,0.691113,0.609121,4.593580e-01,2.543638e-01,8.908426e-01,1.343601e-01,5.881401e-03,-7.770148e-03,2.027996e-02,6.896578e-02
6.53000,0.690883,0.608703,4.587455e-01,2.539756e-01,8.910476e-01,1.343467e-01,5.866222e-03,-7.776220e-03,2.028502e-02,6.894086e-02
6.53250,0.690652,0.608286,4.581336e-01,2.535882e-01,8.912533e-01,1.343333e-01,5.850994e-03,-7.782207e-03,2.029014e-02,6.891603e-02
6.53500,0.690420,0.607870,4.575223e-01,2.532016e-01,8.914592e-01,1.343199e-01,5.835846e-03,-7.787760e-03,2.029529e-02,6.889129e-02
6.53750,0.690188,0.607455,4.569117e-01,2.528159e-01,8.916652e-01,1.343065e-01,5.820854e-03,-7.792892e-03,2.030047e-02,6.886664e-02
6.54000,0.689955,0.607040,4.563016e-01,2.524310e-01,8.918711e-01,1.342932e-01,5.805710e-03,-7.797950e-03,2.030565e-02,6.884208e-02
6.54250,0.689721,0.606626,4.556922e-01,2.520469e-01,8.920770e-01,1.342799e-01,5.790258e-03,-7.803091e-03,2.031083e-02,6.881761e-02
6.54500,0.689487,0.606213,4.550833e-01,2.516636e-01,8.922826e-01,1.342667e-01,5.774482e-03,-7.808136e-03,2.031601e-02,6.879322e-02
6.54750,0.689253,0.605801,4.544750e-01,2.512812e-01,8.924884e-01,1.342534e-01,5.757979e-03,-7.813147e-03,2.032116e-02,6.876892e-02
6.55000,0.689018,0.605389,4.538673e-01,2.508996e-01,8.926944e-01,1.342402e-01,5.740942e-03,-7.817891e-03,2.032630e-02,6.874471e-02
6.55250,0.688782,0.604979,4.532602e-01,2.505188e-01,8.929004e-01,1.342270e-01,5.724253e-03,-7.821999e-03,2.033144e-02,6.872059e-02
6.55500,0.688546,0.604569,4.526537e-01,2.501389e-01,8.931061e-01,1.342139e-01,5.707643e-03,-7.825632e-03,2.033657e-02,6.869655e-02
6.55750,0.688309,0.604159,4.520477e-01,2.497597e-01,8.933112e-01,1.342008e-01,5.690834e-03,-7.828936e-03,2.034166e-02,6.867259e-02
6.56000,0.688072,0.603751,4.514422e-01,2.493815e-01,8.935156e-01,1.341877e-01,5.673761e-03,-7.832191e-03,2.034673e-02,6.864872e-02
6.56250,0.687834,0.603343,4.508373e-01,2.490040e-01,8.937193e-01,1.341746e-01,5.656307e-03,-7.835490e-03,2.035178e-02,6.862493e-02
6.56500,0.687595,0.602936,4.502330e-01,2.486274e-01,8.939226e-01,1.341616e-01,5.638921e-03,-7.838655e-03,2.035682e-02,6.860122e-02
6.56750,0.687356,0.602530,4.496291e-01,2.482516e-01,8.941255e-01,1.341486e-01,5.621693e-03,-7.841669e-03,2.036187e-02,6.857760e-02
6.57000,0.687116,0.602125,4.490258e-01,2.478766e-01,8.943277e-01,1.341356e-01,5.604692e-03,-7.844224e-03,2.036693e-02,6.855405e-02
6.57250,0.686876,0.601720,4.484231e-01,2.475025e-01,8.945293e-01,1.341227e-01,5.587761e-03,-7.846343e-03,2.037199e-02,6.853058e-02
6.57500,0.686635,0.601317,4.478208e-01,2.471292e-01,8.947301e-01,1.341098e-01,5.570612e-03,-7.848593e-03,2.037702e-02,6.850719e-02
6.57750,0.686394,0.600914,4.472191e-01,2.467567e-01,8.949303e-01,1.340969e-01,5.553025e-03,-7.851163e-03,2.038201e-02,6.848388e-02
6.58000,0.686152,0.600511,4.466179e-01,2.463851e-01,8.951294e-01,1.340841e-01,5.535139e-03,-7.853741e-03,2.038698e-02,6.846065e-02
6.58250,0.685910,0.600110,4.460172e-01,2.460143e-01,8.953283e-01,1.340713e-01,5.517462e-03,-7.856141e-03,2.039195e-02,6.843750e-02
6.58500,0.685667,0.599709,4.454170e-01,2.456444e-01,8.955273e-01,1.340585e-01,5.500154e-03,-7.858209e-03,2.039693e-02,6.841442e-02
6.58750,0.685423,0.599309,4.448173e-01,2.452752e-01,8.957263e-01,1.340457e-01,5.483112e-03,-7.859923e-03,2.040191e-02,6.839142e-02
6.59000,0.685179,0.598910,4.442181e-01,2.449069e-01,8.959251e-01,1.340330e-01,5.466292e-03,-7.861276e-03,2.040688e-02,6.836850e-02
6.59250,0.684934,0.598512,4.436195e-01,2.445395e-01,8.961237e-01,1.340203e-01,5.449477e-03,-7.862695e-03,2.041183e-02,6.834565e-02
6.59500,0.684689,0.598114,4.430213e-01,2.441729e-01,8.963220e-01,1.340076e-01,5.432571e-03,-7.864546e-03,2.041674e-02,6.832287e-02
6.59750,0.684443,0.597718,4.424236e-01,2.438071e-01,8.965200e-01,1.339950e-01,5.415483e-03,-7.866617e-03,2.042164e-02,6.830017e-02
6.60000,0.684197,0.597322,4.418263e-01,2.434421e-01,8.967181e-01,1.339824e-01,5.399002e-03,-7.868437e-03,2.042656e-02,6.827754e-02
6.60250,0.683950,0.596926,4.412296e-01,2.430780e-01,8.969164e-01,1.339698e-01,5.383158e-03,-7.869941e-03,2.043153e-02,6.825499e-02
6.60500,0.683703,0.596532,4.406334e-01,2.427148e-01,8.971151e-01,1.339573e-01,5.367696e-03,-7.871270e-03,2.043653e-02,6.823251e-02
6.60750,0.683455,0.596138,4.400377e-01,2.423523e-01,8.973141e-01,1.339448e-01,5.352246e-03,-7.872497e-03,2.044152e-02,6.821011e-02
6.61000,0.683207,0.595745,4.394424e-01,2.419907e-01,8.975132e-01,1.339323e-01,5.336651e-03,-7.873824e-03,2.044651e-02,6.818778e-02
6.61250,0.682958,0.595353,4.388477e-01,2.416300e-01,8.977124e-01,1.339198e-01,5.320675e-03,-7.875604e-03,2.045146e-02,6.816552e-02
6.61500,0.682708,0.594962,4.382534e-01,2.412700e-01,8.979116e-01,1.339074e-01,5.304777e-03,-7.877450e-03,2.045643e-02,6.814334e-02
6.61750,0.682458,0.594571,4.376596e-01,2.409110e-01,8.981112e-01,1.338950e-01,5.289751e-03,-7.878911e-03,2.046143e-02,6.812124e-02
6.62000,0.682208,0.594182,4.370662e-01,2.405527e-01,8.983113e-01,1.338827e-01,5.275562e-03,-7.880014e-03,2.046650e-02,6.809921e-02
6.62250,0.681957,0.593793,4.364734e-01,2.401953e-01,8.985118e-01,1.338703e-01,5.261994e-03,-7.880934e-03,2.047161e-02,6.807726e-02
6.62500,0.681705,0.593405,4.358810e-01,2.398387e-01,8.987127e-01,1.338580e-01,5.248758e-03,-7.881900e-03,2.047676e-02,6.805538e-02
6.62750,0.681453,0.593017,4.352891e-01,2.394830e-01,8.989137e-01,1.338458e-01,5.235491e-03,-7.883058e-03,2.048192e-02,6.803358e-02
6.63000,0.681200,0.592630,4.346976e-01,2.391281e-01,8.991148e-01,1.338335e-01,5.222597e-03,-7.884450e-03,2.048708e-02,6.801185e-02
6.63250,0.680947,0.592245,4.341066e-01,2.387741e-01,8.993160e-01,1.338213e-01,5.210144e-03,-7.885984e-03,2.049227e-02,6.799020e-02
6.63500,0.680694,0.591860,4.335161e-01,2.384209e-01,8.995175e-01,1.338092e-01,5.197997e-03,-7.887383e-03,2.049748e-02,6.796863e-02
6.63750,0.680439,0.591475,4.329259e-01,2.380685e-01,8.997194e-01,1.337970e-01,5.186004e-03,-7.888532e-03,2.050272e-02,6.794714e-02
6.64000,0.680185,0.591092,4.323362e-01,2.377170e-01,8.999218e-01,1.337849e-01,5.173950e-03,-7.889539e-03,2.050799e-02,6.792572e-02
6.64250,0.679929,0.590709,4.317470e-01,2.373663e-01,9.001243e-01,1.337728e-01,5.161517e-03,-7.890586e-03,2.051327e-02,6.790437e-02
6.64500,0.679674,0.590327,4.311581e-01,2.370165e-01,9.003266e-01,1.337608e-01,5.148507e-03,-7.891773e-03,2.051854e-02,6.788311e-02
6.64750,0.679417,0.589946,4.305697e-01,2.366675e-01,9.005282e-01,1.337488e-01,5.135652e-03,-7.892843e-03,2.052379e-02,6.786192e-02
6.65000,0.679161,0.589566,4.299817e-01,2.363193e-01,9.007289e-01,1.337368e-01,5.123044e-03,-7.894010e-03,2.052902e-02,6.784081e-02
6.65250,0.678903,0.589186,4.293940e-01,2.359720e-01,9.009285e-01,1.337248e-01,5.110391e-03,-7.895363e-03,2.053424e-02,6.781977e-02
6.65500,0.678646,0.588807,4.288068e-01,2.356256e-01,9.011273e-01,1.337129e-01,5.097542e-03,-7.896675e-03,2.053944e-02,6.779880e-02
6.65750,0.678387,0.588429,4.282199e-01,2.352799e-01,9.013253e-01,1.337010e-01,5.084515e-03,-7.897826e-03,2.054464e-02,6.777791e-02
6.66000,0.678128,0.588052,4.276334e-01,2.349352e-01,9.015226e-01,1.336891e-01,5.070990e-03,-7.898942e-03,2.054982e-02,6.775710e-02
6.66250,0.677869,0.587676,4.270474e-01,2.345912e-01,9.017189e-01,1.336773e-01,5.057257e-03,-7.899991e-03,2.055499e-02,6.773636e-02
6.66500,0.677609,0.587300,4.264617e-01,2.342482e-01,9.019138e-01,1.336655e-01,5.043561e-03,-7.900992e-03,2.056015e-02,6.771569e-02
6.66750,0.677349,0.586925,4.258764e-01,2.339059e-01,9.021073e-01,1.336537e-01,5.029714e-03,-7.902039e-03,2.056528e-02,6.769509e-02
6.67000,0.677088,0.586551,4.252914e-01,2.335645e-01,9.022994e-01,1.336419e-01,5.015575e-03,-7.903299e-03,2.057037e-02,6.767456e-02
6.67250,0.676827,0.586178,4.247068e-01,2.332240e-01,9.024903e-01,1.336302e-01,5.001202e-03,-7.904648e-03,2.057544e-02,6.765411e-02
6.67500,0.676565,0.585805,4.241226e-01,2.328843e-01,9.026801e-01,1.336186e-01,4.987008e-03,-7.905921e-03,2.058051e-02,6.763373e-02
6.67750,0.676303,0.585433,4.235388e-01,2.325454e-01,9.028689e-01,1.336069e-01,4.972835e-03,-7.907097e-03,2.058559e-02,6.761341e-02
6.68000,0.676040,0.585063,4.229553e-01,2.322074e-01,9.030565e-01,1.335953e-01,4.958279e-03,-7.908174e-03,2.059067e-02,6.759317e-02
6.68250,0.675777,0.584692,4.223722e-01,2.318702e-01,9.032430e-01,1.335837e-01,4.943523e-03,-7.909274e-03,2.059574e-02,6.757299e-02
6.68500,0.675513,0.584323,4.217895e-01,2.315339e-01,9.034283e-01,1.335721e-01,4.929214e-03,-7.910273e-03,2.060079e-02,6.755288e-02
6.68750,0.675249,0.583954,4.212120e-01,2.311985e-01,9.036124e-01,1.335606e-01,4.915550e-03,-7.911247e-03,2.060584e-02,6.753284e-02
6.69000,0.674984,0.583587,4.206372e-01,2.308638e-01,9.037957e-01,1.335491e-01,4.902032e-03,-7.912526e-03,2.061087e-02,6.751286e-02
6.69250,0.674719,0.583220,4.200629e-01,2.305301e-01,9.039783e-01,1.335376e-01,4.888259e-03,-7.914009e-03,2.061588e-02,6.749296e-02
6.69500,0.674453,0.582853,4.194888e-01,2.301971e-01,9.041606e-01,1.335262e-01,4.874411e-03,-7.915321e-03,2.062089e-02,6.747311e-02
6.69750,0.674187,0.582488,4.189151e-01,2.298651e-01,9.043425e-01,1.335148e-01,4.860782e-03,-7.916159e-03,2.062590e-02,6.745334e-02
6.70000,0.673920,0.582123,4.183417e-01,2.295339e-01,9.045240e-01,1.335034e-01,4.847412e-03,-7.916539e-03,2.063091e-02,6.743363e-02
6.70250,0.673653,0.581759,4.177686e-01,2.292035e-01,9.047050e-01,1.334920e-01,4.834021e-03,-7.917010e-03,2.063591e-02,6.741398e-02
6.70500,0.673385,0.581396,4.171958e-01,2.288740e-01,9.048850e-01,1.334807e-01,4.820667e-03,-7.917511e-03,2.064089e-02,6.739439e-02
6.70750,0.673117,0.581034,4.166233e-01,2.285453e-01,9.050639e-01,1.334694e-01,4.807404e-03,-7.918087e-03,2.064584e-02,6.737487e-02
6.71000,0.672848,0.580672,4.160511e-01,2.282175e-01,9.052419e-01,1.334582e-01,4.794060e-03,-7.918855e-03,2.065078e-02,6.735541e-02
6.71250,0.672579,0.580312,4.154791e-01,2.278905e-01,9.054194e-01,1.334469e-01,4.780455e-03,-7.919606e-03,2.065573e-02,6.733602e-02
6.71500,0.672309,0.579952,4.149075e-01,2.275644e-01,9.055966e-01,1.334357e-01,4.766924e-03,-7.919997e-03,2.066069e-02,6.731668e-02
6.71750,0.672039,0.579593,4.143362e-01,2.272391e-01,9.057739e-01,1.334246e-01,4.753842e-03,-7.919631e-03,2.066567e-02,6.729742e-02
6.72000,0.671769,0.579234,4.137652e-01,2.269147e-01,9.059511e-01,1.334134e-01,4.741128e-03,-7.918744e-03,2.067068e-02,6.727821e-02
6.72250,0.671498,0.578877,4.131944e-01,2.265911e-01,9.061282e-01,1.334023e-01,4.728536e-03,-7.917831e-03,2.067570e-02,6.725906e-02
6.72500,0.671226,0.578520,4.126240e-01,2.262684e-01,9.063051e-01,1.333912e-01,4.716053e-03,-7.917075e-03,2.068071e-02,6.723998e-02
6.72750,0.670954,0.578164,4.120538e-01,2.259465e-01,9.064818e-01,1.333802e-01,4.703843e-03,-7.916337e-03,2.068572e-02,6.722096e-02
6.73000,0.670682,0.577808,4.114839e-01,2.256255e-01,9.066583e-01,1.333692e-01,4.691802e-03,-7.915749e-03,2.069073e-02,6.720200e-02
6.73250,0.670409,0.577454,4.109143e-01,2.253053e-01,9.068349e-01,1.333582e-01,4.680074e-03,-7.914966e-03,2.069576e-02,6.718311e-02
6.73500,0.670136,0.577100,4.103450e-01,2.249860e-01,9.070116e-01,1.333472e-01,4.668855e-03,-7.913658e-03,2.070082e-02,6.716427e-02
6.73750,0.669862,0.576747,4.097760e-01,2.246675e-01,9.071881e-01,1.333363e-01,4.658073e-03,-7.911864e-03,2.070591e-02,6.714550e-02
6.74000,0.669587,0.576395,4.092072e-01,2.243499e-01,9.073645e-01,1.333254e-01,4.647444e-03,-7.909825e-03,2.071103e-02,6.712679e-02
6.74250,0.669313,0.576044,4.086387e-01,2.240332e-01,9.075405e-01,1.333146e-01,4.636398e-03,-7.908179e-03,2.071615e-02,6.710814e-02
6.74500,0.669037,0.575694,4.080705e-01,2.237172e-01,9.077158e-01,1.333037e-01,4.624981e-03,-7.906798e-03,2.072124e-02,6.708956e-02
6.74750,0.668762,0.575344,4.075025e-01,2.234022e-01,9.078902e-01,1.332929e-01,4.613705e-03,-7.905507e-03,2.072632e-02,6.707104e-02
6.75000,0.668486,0.574995,4.069347e-01,2.230880e-01,9.080638e-01,1.332821e-01,4.602575e-03,-7.904491e-03,2.073139e-02,6.705258e-02
6.75250,0.668209,0.574647,4.063673e-01,2.227746e-01,9.082367e-01,1.332714e-01,4.591476e-03,-7.903449e-03,2.073644e-02,6.703419e-02
6.75500,0.667932,0.574299,4.058000e-01,2.224621e-01,9.084088e-01,1.332607e-01,4.580631e-03,-7.901849e-03,2.074150e-02,6.701587e-02
6.75750,0.667654,0.573953,4.052331e-01,2.221504e-01,9.085801e-01,1.332500e-01,4.570102e-03,-7.899653e-03,2.074656e-02,6.699761e-02
6.76000,0.667376,0.573607,4.046663e-01,2.218396e-01,9.087507e-01,1.332393e-01,4.559628e-03,-7.897039e-03,2.075163e-02,6.697941e-02
6.76250,0.667098,0.573262,4.040999e-01,2.215297e-01,9.089206e-01,1.332287e-01,4.548717e-03,-7.894650e-03,2.075668e-02,6.696128e-02
6.76500,0.666819,0.572918,4.035336e-01,2.212206e-01,9.090894e-01,1.332181e-01,4.537541e-03,-7.892580e-03,2.076170e-02,6.694322e-02
6.76750,0.666540,0.572574,4.029676e-01,2.209124e-01,9.092570e-01,1.332075e-01,4.526522e-03,-7.890715e-03,2.076670e-02,6.692522e-02
6.77000,0.666260,0.572232,4.024018e-01,2.206050e-01,9.094234e-01,1.331969e-01,4.515577e-03,-7.889230e-03,2.077167e-02,6.690728e-02
6.77250,0.665980,0.571890,4.018363e-01,2.202984e-01,9.095887e-01,1.331864e-01,4.504787e-03,-7.887988e-03,2.077661e-02,6.688941e-02
6.77500,0.665699,0.571548,4.012710e-01,2.199927e-01,9.097534e-01,1.331759e-01,4.493922e-03,-7.886670e-03,2.078152e-02,6.687161e-02
6.77750,0.665418,0.571208,4.007059e-01,2.196879e-01,9.099176e-01,1.331655e-01,4.482939e-03,-7.885225e-03,2.078641e-02,6.685387e-02
6.78000,0.665136,0.570869,4.001410e-01,2.193839e-01,9.100816e-01,1.331550e-01,4.471758e-03,-7.883584e-03,2.079127e-02,6.683619e-02
6.78250,0.664854,0.570530,3.995764e-01,2.190808e-01,9.102455e-01,1.331446e-01,4.460226e-03,-7.881995e-03,2.079610e-02,6.681858e-02
6.78500,0.664572,0.570192,3.990120e-01,2.187786e-01,9.104090e-01,1.331342e-01,4.448261e-03,-7.880631e-03,2.080090e-02,6.680103e-02
6.78750,0.664289,0.569855,3.984478e-01,2.184771e-01,9.105722e-01,1.331239e-01,4.436230e-03,-7.879302e-03,2.080567e-02,6.678354e-02
6.79000,0.664006,0.569518,3.978838e-01,2.181766e-01,9.107349e-01,1.331136e-01,4.424264e-03,-7.878052e-03,2.081042e-02,6.676612e-02
6.79250,0.663722,0.569183,3.973201e-01,2.178769e-01,9.108971e-01,1.331033e-01,4.412584e-03,-7.876869e-03,2.081513e-02,6.674876e-02
6.79500,0.663438,0.568848,3.967565e-01,2.175781e-01,9.110589e-01,1.330930e-01,4.401380e-03,-7.875472e-03,2.081983e-02,6.673147e-02
6.79750,0.663153,0.568514,3.961932e-01,2.172801e-01,9.112203e-01,1.330828e-01,4.390289e-03,-7.874001e-03,2.082451e-02,6.671423e-02
6.80000,0.662868,0.568180,3.956301e-01,2.169829e-01,9.113815e-01,1.330726e-01,4.379102e-03,-7.872455e-03,2.082919e-02,6.669706e-02
6.80250,0.662582,0.567848,3.950672e-01,2.166867e-01,9.115427e-01,1.330624e-01,4.367888e-03,-7.870701e-03,2.083386e-02,6.667996e-02
6.80500,0.662296,0.567516,3.945044e-01,2.163912e-01,9.117038e-01,1.330522e-01,4.356360e-03,-7.868861e-03,2.083852e-02,6.666291e-02
6.80750,0.662010,0.567185,3.939418e-01,2.160967e-01,9.118647e-01,1.330421e-01,4.344595e-03,-7.867237e-03,2.084316e-02,6.664592e-02
6.81000,0.661723,0.566855,3.933795e-01,2.158030e-01,9.120257e-01,1.330320e-01,4.332680e-03,-7.865869e-03,2.084778e-02,6.662899e-02
6.81250,0.661436,0.566526,3.928173e-01,2.155101e-01,9.121868e-01,1.330219e-01,4.321262e-03,-7.864602e-03,2.085239e-02,6.661212e-02
6.81500,0.661148,0.566197,3.922552e-01,2.152181e-01,9.123480e-01,1.330119e-01,4.310227e-03,-7.863370e-03,2.085699e-02,6.659531e-02
6.81750,0.660860,0.565869,3.916934e-01,2.149270e-01,9.125095e-01,1.330019e-01,4.299049e-03,-7.862211e-03,2.086159e-02,6.657857e-02
6.82000,0.660571,0.565542,3.911317e-01,2.146367e-01,9.126712e-01,1.329919e-01,4.287880e-03,-7.860869e-03,2.086616e-02,6.656188e-02
6.82250,0.660282,0.565216,3.905702e-01,2.143473e-01,9.128327e-01,1.329820e-01,4.276805e-03,-7.859161e-03,2.087074e-02,6.654525e-02
6.82500,0.659993,0.564891,3.900088e-01,2.140588e-01,9.129853e-01,1.329720e-01,4.265573e-03,-7.857232e-03,2.087531e-02,6.652868e-02
6.82750,0.659703,0.564566,3.894476e-01,2.137711e-01,9.131045e-01,1.329621e-01,4.254049e-03,-7.855501e-03,2.087987e-02,6.651216e-02
6.83000,0.659413,0.564242,3.888865e-01,2.134842e-01,9.132238e-01,1.329522e-01,4.242495e-03,-7.854108e-03,2.088443e-02,6.649570e-02
6.83250,0.659122,0.563919,3.883256e-01,2.131982e-01,9.133433e-01,1.329424e-01,4.231029e-03,-7.852979e-03,2.088899e-02,6.647930e-02
6.83500,0.658831,0.563596,3.877649e-01,2.129131e-01,9.134628e-01,1.329326e-01,4.219634e-03,-7.852093e-03,2.089353e-02,6.646296e-02
6.83750,0.658539,0.563275,3.872043e-01,2.126288e-01,9.135823e-01,1.329228e-01,4.208199e-03,-7.851572e-03,2.089806e-02,6.644667e-02
6.84000,0.658247,0.562954,3.866438e-01,2.123454e-01,9.137014e-01,1.329130e-01,4.197043e-03,-7.850948e-03,2.090258e-02,6.643044e-02
6.84250,0.657955,0.562634,3.860835e-01,2.120629e-01,9.138198e-01,1.329033e-01,4.186123e-03,-7.850041e-03,2.090710e-02,6.641427e-02
6.84500,0.657662,0.562315,3.855233e-01,2.117812e-01,9.139375e-01,1.328935e-01,4.175144e-03,-7.848811e-03,2.091162e-02,6.639815e-02
6.84750,0.657369,0.561996,3.849632e-01,2.115004e-01,9.140542e-01,1.328839e-01,4.163922e-03,-7.847444e-03,2.091615e-02,6.638209e-02
6.85000,0.657075,0.561679,3.844033e-01,2.112204e-01,9.141700e-01,1.328742e-01,4.152395e-03,-7.846061e-03,2.092068e-02,6.636609e-02
6.85250,0.656781,0.561362,3.838435e-01,2.109413e-01,9.142846e-01,1.328646e-01,4.140673e-03,-7.844741e-03,2.092520e-02,6.635014e-02
6.85500,0.656487,0.561046,3.832838e-01,2.106631e-01,9.143982e-01,1.328549e-01,4.128900e-03,-7.843535e-03,2.092971e-02,6.633424e-02
6.85750,0.656192,0.560730,3.827243e-01,2.103857e-01,9.145105e-01,1.328454e-01,4.117491e-03,-7.842313e-03,2.093421e-02,6.631841e-02
6.86000,0.655897,0.560416,3.821649e-01,2.101091e-01,9.146214e-01,1.328358e-01,4.106536e-03,-7.841060e-03,2.093871e-02,6.630263e-02
6.86250,0.655601,0.560102,3.816056e-01,2.098335e-01,9.147312e-01,1.328263e-01,4.095962e-03,-7.839687e-03,2.094322e-02,6.628690e-02
6.86500,0.655305,0.559789,3.810465e-01,2.095587e-01,9.148398e-01,1.328168e-01,4.085540e-03,-7.838114e-03,2.094773e-02,6.627123e-02
6.86750,0.655009,0.559477,3.804875e-01,2.092847e-01,9.149477e-01,1.328073e-01,4.075260e-03,-7.836268e-03,2.095226e-02,6.625562e-02
6.87000,0.654712,0.559165,3.799286e-01,2.090117e-01,9.150548e-01,1.327978e-01,4.065101e-03,-7.834240e-03,2.095679e-02,6.624006e-02
6.87250,0.654414,0.558855,3.793698e-01,2.087395e-01,9.151615e-01,1.327884e-01,4.054878e-03,-7.832012e-03,2.096133e-02,6.622455e-02
6.87500,0.654117,0.558545,3.788111e-01,2.084681e-01,9.152679e-01,1.327790e-01,4.044553e-03,-7.829747e-03,2.096587e-02,6.620910e-02
6.87750,0.653819,0.558236,3.782525e-01,2.081976e-01,9.153742e-01,1.327696e-01,4.034281e-03,-7.827554e-03,2.097040e-02,6.619370e-02
6.88000,0.653520,0.557927,3.776941e-01,2.079280e-01,9.154806e-01,1.327603e-01,4.023909e-03,-7.825574e-03,2.097491e-02,6.617836e-02
6.88250,0.653221,0.557620,3.771357e-01,2.076592e-01,9.155873e-01,1.327510e-01,4.013777e-03,-7.823827e-03,2.097941e-02,6.616307e-02
6.88500,0.652922,0.557313,3.765775e-01,2.073913e-01,9.156944e-01,1.327417e-01,4.004066e-03,-7.822191e-03,2.098390e-02,6.614784e-02
6.88750,0.652622,0.557007,3.760194e-01,2.071243e-01,9.158020e-01,1.327324e-01,3.994622e-03,-7.820491e-03,2.098839e-02,6.613266e-02
6.89000,0.652322,0.556702,3.754614e-01,2.068581e-01,9.159101e-01,1.327232e-01,3.985177e-03,-7.818850e-03,2.099287e-02,6.611754e-02
6.89250,0.652022,0.556397,3.749034e-01,2.065928e-01,9.160186e-01,1.327139e-01,3.975517e-03,-7.817295e-03,2.099735e-02,6.610248e-02
6.89500,0.651721,0.556094,3.743456e-01,2.063284e-01,9.161275e-01,1.327047e-01,3.965508e-03,-7.815687e-03,2.100180e-02,6.608746e-02
6.89750,0.651419,0.555791,3.737879e-01,2.060648e-01,9.162369e-01,1.326956e-01,3.955046e-03,-7.813949e-03,2.100624e-02,6.607251e-02
6.90000,0.651118,0.555488,3.732303e-01,2.058021e-01,9.163468e-01,1.326864e-01,3.944326e-03,-7.812271e-03,2.101064e-02,6.605760e-02
6.90250,0.650816,0.555187,3.726728e-01,2.055403e-01,9.164575e-01,1.326773e-01,3.933997e-03,-7.810577e-03,2.101502e-02,6.604276e-02
6.90500,0.650513,0.554887,3.721154e-01,2.052793e-01,9.165690e-01,1.326682e-01,3.924310e-03,-7.808866e-03,2.101938e-02,6.602797e-02
6.90750,0.650210,0.554587,3.715580e-01,2.050192e-01,9.166809e-01,1.326591e-01,3.915122e-03,-7.807124e-03,2.102372e-02,6.601323e-02
6.91000,0.649907,0.554288,3.710008e-01,2.047599e-01,9.167930e-01,1.326500e-01,3.905965e-03,-7.805396e-03,2.102804e-02,6.599855e-02
6.91250,0.649603,0.553990,3.704436e-01,2.045016e-01,9.169048e-01,1.326410e-01,3.896300e-03,-7.803929e-03,2.103232e-02,6.598393e-02
6.91500,0.649299,0.553692,3.698865e-01,2.042441e-01,9.170160e-01,1.326320e-01,3.886144e-03,-7.802692e-03,2.103658e-02,6.596936e-02
6.91750,0.648995,0.553395,3.693295e-01,2.039874e-01,9.171266e-01,1.326230e-01,3.875614e-03,-7.801491e-03,2.104081e-02,6.595484e-02
6.92000,0.648690,0.553099,3.687726e-01,2.037316e-01,9.172365e-01,1.326141e-01,3.864842e-03,-7.800034e-03,2.104502e-02,6.594038e-02
6.92250,0.648385,0.552804,3.682157e-01,2.034767e-01,9.173457e-01,1.326051e-01,3.853860e-03,-7.798154e-03,2.104920e-02,6.592598e-02
6.92500,0.648079,0.552510,3.676589e-01,2.032227e-01,9.174540e-01,1.325962e-01,3.843013e-03,-7.795993e-03,2.105336e-02,6.591163e-02
6.92750,0.647774,0.552216,3.671022e-01,2.029695e-01,9.175615e-01,1.325873e-01,3.832387e-03,-7.793798e-03,2.105749e-02,6.589733e-02
6.93000,0.647467,0.551923,3.665455e-01,2.027173e-01,9.176682e-01,1.325785e-01,3.822093e-03,-7.791636e-03,2.106160e-02,6.588309e-02
6.93250,0.647161,0.551631,3.659890e-01,2.024658e-01,9.177742e-01,1.325696e-01,3.811981e-03,-7.789578e-03,2.106570e-02,6.586891e-02
6.93500,0.646853,0.551340,3.654324e-01,2.022153e-01,9.178796e-01,1.325608e-01,3.802109e-03,-7.787597e-03,2.106978e-02,6.585478e-02
6.93750,0.646546,0.551050,3.648760e-01,2.019656e-01,9.179847e-01,1.325520e-01,3.792184e-03,-7.785701e-03,2.107384e-02,6.584070e-02
6.94000,0.646238,0.550760,3.643195e-01,2.017168e-01,9.180897e-01,1.325433e-01,3.782144e-03,-7.783904e-03,2.107789e-02,6.582668e-02
6.94250,0.645930,0.550471,3.637632e-01,2.014689e-01,9.181945e-01,1.325345e-01,3.772148e-03,-7.782047e-03,2.108192e-02,6.581271e-02
6.94500,0.645621,0.550183,3.632069e-01,2.012218e-01,9.182994e-01,1.325258e-01,3.762167e-03,-7.779981e-03,2.108595e-02,6.579879e-02
6.94750,0.645312,0.549895,3.626506e-01,2.009756e-01,9.184045e-01,1.325171e-01,3.752067e-03,-7.777606e-03,2.108996e-02,6.578492e-02
6.95000,0.645003,0.549609,3.620944e-01,2.007303e-01,9.185099e-01,1.325084e-01,3.741696e-03,-7.775279e-03,2.109396e-02,6.577111e-02
6.95250,0.644693,0.549323,3.615382e-01,2.004858e-01,9.186158e-01,1.324998e-01,3.731254e-03,-7.773067e-03,2.109793e-02,6.575735e-02
6.95500,0.644383,0.549038,3.609820e-01,2.002423e-01,9.187221e-01,1.324911e-01,3.720939e-03,-7.770952e-03,2.110189e-02,6.574364e-02
6.95750,0.644073,0.548753,3.604259e-01,1.999995e-01,9.188289e-01,1.324825e-01,3.710797e-03,-7.768953e-03,2.110584e-02,6.572999e-02
6.96000,0.643762,0.548470,3.598699e-01,1.997577e-01,9.189361e-01,1.324739e-01,3.700613e-03,-7.767033e-03,2.110978e-02,6.571639e-02
6.96250,0.643451,0.548187,3.593138e-01,1.995168e-01,9.190434e-01,1.324653e-01,3.690251e-03,-7.765182e-03,2.111371e-02,6.570284e-02
6.96500,0.643139,0.547905,3.587578e-01,1.992767e-01,9.191508e-01,1.324568e-01,3.679661e-03,-7.763282e-03,2.111763e-02,6.568934e-02
6.96750,0.642827,0.547624,3.582018e-01,1.990375e-01,9.192582e-01,1.324483e-01,3.668843e-03,-7.761383e-03,2.112155e-02,6.567589e-02
6.97000,0.642515,0.547343,3.576459e-01,1.987992e-01,9.193654e-01,1.324398e-01,3.657922e-03,-7.759302e-03,2.112545e-02,6.566250e-02
6.97250,0.642202,0.547064,3.570899e-01,1.985617e-01,9.194723e-01,1.324313e-01,3.646842e-03,-7.756859e-03,2.112935e-02,6.564915e-02
6.97500,0.641889,0.546785,3.565340e-01,1.983251e-01,9.195785e-01,1.324228e-01,3.635593e-03,-7.754246e-03,2.113324e-02,6.563586e-02
6.97750,0.641576,0.546507,3.559782e-01,1.980894e-01,9.196836e-01,1.324144e-01,3.624399e-03,-7.751721e-03,2.113713e-02,6.562261e-02
6.98000,0.641262,0.546229,3.554223e-01,1.978546e-01,9.197873e-01,1.324060e-01,3.613250e-03,-7.749359e-03,2.114102e-02,6.560941e-02
6.98250,0.640948,0.545953,3.548665e-01,1.976207e-01,9.198896e-01,1.323976e-01,3.602085e-03,-7.747366e-03,2.114491e-02,6.559626e-02
6.98500,0.640634,0.545677,3.543107e-01,1.973876e-01,9.199906e-01,1.323892e-01,3.591014e-03,-7.745804e-03,2.114880e-02,6.558316e-02
6.98750,0.640319,0.545402,3.537549e-01,1.971554e-01,9.200903e-01,1.323809e-01,3.580158e-03,-7.744606e-03,2.115270e-02,6.557011e-02
6.99000,0.640004,0.545127,3.531992e-01,1.969241e-01,9.201888e-01,1.323725e-01,3.569429e-03,-7.743580e-03,2.115659e-02,6.555711e-02
6.99250,0.639688,0.544854,3.526435e-01,1.966937e-01,9.202864e-01,1.323642e-01,3.558837e-03,-7.742345e-03,2.116047e-02,6.554416e-02
6.99500,0.639372,0.544581,3.520878e-01,1.964642e-01,9.203833e-01,1.323559e-01,3.548363e-03,-7.740858e-03,2.116435e-02,6.553126e-02
6.99750,0.639056,0.544309,3.515321e-01,1.962355e-01,9.204795e-01,1.323477e-01,3.537868e-03,-7.739228e-03,2.116821e-02,6.551840e-02
7.00000,0.638739,0.544038,3.509765e-01,1.960077e-01,9.205753e-01,1.323394e-01,3.527137e-03,-7.737422e-03,2.117208e-02,6.550559e-02
7.00250,0.638423,0.543767,3.504209e-01,1.957808e-01,9.206706e-01,1.323312e-01,3.516255e-03,-7.735627e-03,2.117594e-02,6.549283e-02
7.00500,0.638105,0.543498,3.498653e-01,1.955548e-01,9.207656e-01,1.323230e-01,3.505497e-03,-7.734005e-03,2.117980e-02,6.548011e-02
7.00750,0.637788,0.543229,3.493097e-01,1.953297e-01,9.208605e-01,1.323148e-01,3.495007e-03,-7.732612e-03,2.118364e-02,6.546745e-02
7.01000,0.637470,0.542961,3.487542e-01,1.951054e-01,9.209554e-01,1.323066e-01,3.484654e-03,-7.731537e-03,2.118748e-02,6.545482e-02
7.01250,0.637151,0.542693,3.481986e-01,1.948821e-01,9.210504e-01,1.322985e-01,3.474074e-03,-7.730947e-03,2.119131e-02,6.544225e-02
7.01500,0.636833,0.542427,3.476431e-01,1.946596e-01,9.211456e-01,1.322904e-01,3.463473e-03,-7.730704e-03,2.119511e-02,6.542973e-02
7.01750,0.636514,0.542161,3.470876e-01,1.944380e-01,9.212411e-01,1.322822e-01,3.453102e-03,-7.730436e-03,2.119891e-02,6.541725e-02
7.02000,0.636194,0.541896,3.465321e-01,1.942173e-01,9.213373e-01,1.322742e-01,3.442999e-03,-7.729884e-03,2.120268e-02,6.540482e-02
7.02250,0.635875,0.541631,3.459766e-01,1.939975e-01,9.214341e-01,1.322661e-01,3.433165e-03,-7.728977e-03,2.120644e-02,6.539244e-02
7.02500,0.635555,0.541368,3.454211e-01,1.937785e-01,9.215317e-01,1.322581e-01,3.423439e-03,-7.727667e-03,2.121018e-02,6.538010e-02
7.02750,0.635234,0.541105,3.448656e-01,1.935605e-01,9.216299e-01,1.322500e-01,3.413768e-03,-7.726025e-03,2.121392e-02,6.536781e-02
7.03000,0.634913,0.540843,3.443101e-01,1.933433e-01,9.217286e-01,1.322420e-01,3.403961e-03,-7.724631e-03,2.121765e-02,6.535557e-02
7.03250,0.634592,0.540582,3.437546e-01,1.931270e-01,9.218276e-01,1.322340e-01,3.393840e-03,-7.723523e-03,2.122137e-02,6.534337e-02
7.03500,0.634271,0.540321,3.431991e-01,1.929116e-01,9.219265e-01,1.322261e-01,3.383362e-03,-7.722811e-03,2.122507e-02,6.533122e-02
7.03750,0.633949,0.540062,3.426435e-01,1.926971e-01,9.220246e-01,1.322181e-01,3.372736e-03,-7.722452e-03,2.122876e-02,6.531912e-02
7.04000,0.633627,0.539803,3.420880e-01,1.924835e-01,9.221216e-01,1.322102e-01,3.362356e-03,-7.722423e-03,2.123243e-02,6.530706e-02
7.04250,0.633305,0.539545,3.415324e-01,1.922708e-01,9.222176e-01,1.322023e-01,3.352425e-03,-7.722490e-03,2.123609e-02,6.529506e-02
7.04500,0.632982,0.539287,3.409769e-01,1.920590e-01,9.223125e-01,1.321944e-01,3.342795e-03,-7.722247e-03,2.123974e-02,6.528310e-02
7.04750,0.632659,0.539031,3.404213e-01,1.918481e-01,9.224067e-01,1.321865e-01,3.333322e-03,-7.721551e-03,2.124337e-02,6.527119e-02
7.05000,0.632336,0.538775,3.398657e-01,1.916380e-01,9.225003e-01,1.321787e-01,3.323847e-03,-7.720296e-03,2.124698e-02,6.525932e-02
7.05250,0.632012,0.538520,3.393137e-01,1.914289e-01,9.225933e-01,1.321708e-01,3.314474e-03,-7.718444e-03,2.125059e-02,6.524750e-02
7.05500,0.631688,0.538265,3.387657e-01,1.912206e-01,9.226859e-01,1.321630e-01,3.305147e-03,-7.716171e-03,2.125419e-02,6.523572e-02
7.05750,0.631364,0.538012,3.382176e-01,1.910132e-01,9.227781e-01,1.321552e-01,3.295699e-03,-7.713812e-03,2.125779e-02,6.522399e-02
7.06000,0.631039,0.537759,3.376696e-01,1.908068e-01,9.228699e-01,1.321474e-01,3.286014e-03,-7.711609e-03,2.126137e-02,6.521230e-02
7.06250,0.630714,0.537507,3.371215e-01,1.906012e-01,9.229617e-01,1.321397e-01,3.276019e-03,-7.709692e-03,2.126494e-02,6.520066e-02
7.06500,0.630388,0.537255,3.365734e-01,1.903965e-01,9.230533e-01,1.321319e-01,3.265976e-03,-7.708209e-03,2.126849e-02,6.518907e-02
7.06750,0.630063,0.537005,3.360253e-01,1.901927e-01,9.231450e-01,1.321242e-01,3.256120e-03,-7.707161e-03,2.127202e-02,6.517752e-02
7.07000,0.629737,0.536755,3.354772e-01,1.899898e-01,9.232369e-01,1.321165e-01,3.246541e-03,-7.706315e-03,2.127555e-02,6.516602e-02
7.07250,0.629410,0.536506,3.349290e-01,1.897878e-01,9.233293e-01,1.321088e-01,3.237211e-03,-7.705321e-03,2.127907e-02,6.515457e-02
7.07500,0.629084,0.536258,3.343808e-01,1.895867e-01,9.234219e-01,1.321011e-01,3.227959e-03,-7.703923e-03,2.128258e-02,6.514316e-02
7.07750,0.628757,0.536011,3.338326e-01,1.893865e-01,9.235150e-01,1.320934e-01,3.218517e-03,-7.702108e-03,2.128608e-02,6.513179e-02
7.08000,0.628429,0.535764,3.332844e-01,1.891872e-01,9.236083e-01,1.320858e-01,3.208535e-03,-7.699916e-03,2.128956e-02,6.512047e-02
7.08250,0.628102,0.535518,3.327361e-01,1.889888e-01,9.237019e-01,1.320782e-01,3.198137e-03,-7.697453e-03,2.129304e-02,6.510919e-02
7.08500,0.627774,0.535273,3.321879e-01,1.887913e-01,9.237955e-01,1.320705e-01,3.187490e-03,-7.694877e-03,2.129651e-02,6.509796e-02
7.08750,0.627446,0.535028,3.316395e-01,1.885947e-01,9.238891e-01,1.320629e-01,3.176617e-03,-7.692346e-03,2.129996e-02,6.508677e-02
7.09000,0.627117,0.534785,3.310912e-01,1.883990e-01,9.239824e-01,1.320554e-01,3.165572e-03,-7.689954e-03,2.130340e-02,6.507563e-02
7.09250,0.626788,0.534542,3.305427e-01,1.882042e-01,9.240750e-01,1.320478e-01,3.154732e-03,-7.687621e-03,2.130682e-02,6.506452e-02
7.09500,0.626459,0.534300,3.299943e-01,1.880103e-01,9.241666e-01,1.320403e-01,3.144243e-03,-7.685359e-03,2.131023e-02,6.505347e-02
7.09750,0.626130,0.534059,3.294458e-01,1.878173e-01,9.242569e-01,1.320327e-01,3.134119e-03,-7.683195e-03,2.131362e-02,6.504245e-02
7.10000,0.625800,0.533818,3.288973e-01,1.876252e-01,9.243460e-01,1.320252e-01,3.124300e-03,-7.681105e-03,2.131700e-02,6.503148e-02
7.10250,0.625470,0.533578,3.283487e-01,1.874340e-01,9.244340e-01,1.320177e-01,3.114578e-03,-7.679240e-03,2.132036e-02,6.502056e-02
7.10500,0.625139,0.533339,3.278001e-01,1.872437e-01,9.245210e-01,1.320103e-01,3.104863e-03,-7.677426e-03,2.132373e-02,6.500968e-02
7.10750,0.624808,0.533101,3.272515e-01,1.870543e-01,9.246072e-01,1.320028e-01,3.094982e-03,-7.675377e-03,2.132711e-02,6.499884e-02
7.11000,0.624477,0.532863,3.267029e-01,1.868658e-01,9.246927e-01,1.319954e-01,3.084770e-03,-7.673149e-03,2.133048e-02,6.498804e-02
7.11250,0.624146,0.532627,3.261542e-01,1.866783e-01,9.247776e-01,1.319879e-01,3.074208e-03,-7.670940e-03,2.133384e-02,6.497728e-02
7.11500,0.623814,0.532391,3.256055e-01,1.864916e-01,9.248621e-01,1.319805e-01,3.063169e-03,-7.668995e-03,2.133719e-02,6.496657e-02
7.11750,0.623482,0.532155,3.250568e-01,1.863059e-01,9.249463e-01,1.319731e-01,3.051830e-03,-7.667233e-03,2.134053e-02,6.495589e-02
7.12000,0.623150,0.531921,3.245080e-01,1.861210e-01,9.250302e-01,1.319658e-01,3.040558e-03,-7.665810e-03,2.134385e-02,6.494526e-02
7.12250,0.622818,0.531687,3.239591e-01,1.859371e-01,9.251141e-01,1.319584e-01,3.029495e-03,-7.664769e-03,2.134716e-02,6.493467e-02
7.12500,0.622485,0.531454,3.234102e-01,1.857540e-01,9.251981e-01,1.319510e-01,3.018618e-03,-7.664012e-03,2.135045e-02,6.492413e-02
7.12750,0.622152,0.531222,3.228613e-01,1.855719e-01,9.252824e-01,1.319437e-01,3.007957e-03,-7.663417e-03,2.135372e-02,6.491362e-02
7.13000,0.621818,0.530991,3.223123e-01,1.853907e-01,9.253672e-01,1.319364e-01,2.997494e-03,-7.663060e-03,2.135700e-02,6.490316e-02
7.13250,0.621484,0.530760,3.217633e-01,1.852104e-01,9.254524e-01,1.319291e-01,2.987076e-03,-7.662970e-03,2.136027e-02,6.489274e-02
7.13500,0.621150,0.530530,3.212142e-01,1.850310e-01,9.255379e-01,1.319218e-01,2.976603e-03,-7.663092e-03,2.136355e-02,6.488235e-02
7.13750,0.620816,0.530301,3.206651e-01,1.848526e-01,9.256236e-01,1.319145e-01,2.965945e-03,-7.663296e-03,2.136682e-02,6.487201e-02
7.14000,0.620481,0.530073,3.201159e-01,1.846750e-01,9.257094e-01,1.319073e-01,2.955169e-03,-7.663397e-03,2.137010e-02,6.486171e-02
7.14250,0.620146,0.529845,3.195667e-01,1.844984e-01,9.257953e-01,1.319000e-01,2.944044e-03,-7.663559e-03,2.137337e-02,6.485145e-02
7.14500,0.619811,0.529618,3.190175e-01,1.843227e-01,9.258811e-01,1.318928e-01,2.932321e-03,-7.663883e-03,2.137663e-02,6.484122e-02
7.14750,0.619476,0.529392,3.184682e-01,1.841478e-01,9.259665e-01,1.318856e-01,2.920178e-03,-7.664217e-03,2.137986e-02,6.483104e-02
7.15000,0.619140,0.529167,3.179189e-01,1.839739e-01,9.260511e-01,1.318784e-01,2.908119e-03,-7.664499e-03,2.138308e-02,6.482089e-02
7.15250,0.618804,0.528942,3.173695e-01,1.838010e-01,9.261350e-01,1.318712e-01,2.896434e-03,-7.664843e-03,2.138629e-02,6.481079e-02
7.15500,0.618467,0.528718,3.168201e-01,1.836289e-01,9.262182e-01,1.318640e-01,2.885202e-03,-7.665198e-03,2.138950e-02,6.480072e-02
7.15750,0.618131,0.528495,3.162706e-01,1.834578e-01,9.263007e-01,1.318569e-01,2.874454e-03,-7.665506e-03,2.139269e-02,6.479069e-02
7.16000,0.617794,0.528273,3.157211e-01,1.832875e-01,9.263826e-01,1.318497e-01,2.864098e-03,-7.665775e-03,2.139589e-02,6.478070e-02
7.16250,0.617456,0.528051,3.151716e-01,1.831182e-01,9.264641e-01,1.318426e-01,2.854022e-03,-7.665990e-03,2.139908e-02,6.477075e-02
7.16500,0.617119,0.527831,3.146220e-01,1.829498e-01,9.265453e-01,1.318355e-01,2.844016e-03,-7.666075e-03,2.140229e-02,6.476083e-02
7.16750,0.616781,0.527611,3.140723e-01,1.827824e-01,9.266261e-01,1.318284e-01,2.833813e-03,-7.666062e-03,2.140543e-02,6.475095e-02
7.17000,0.616443,0.527391,3.135226e-01,1.826158e-01,9.267069e-01,1.318213e-01,2.823263e-03,-7.666122e-03,2.140865e-02,6.474111e-02
7.17250,0.616105,0.527173,3.129729e-01,1.824502e-01,9.267875e-01,1.318143e-01,2.812317e-03,-7.666097e-03,2.141185e-02,6.473130e-02
7.17500,0.615766,0.526955,3.124230e-01,1.822855e-01,9.268682e-01,1.318072e-01,2.801109e-03,-7.665919e-03,2.141502e-02,6.472153e-02
7.17750,0.615427,0.526738,3.118731e-01,1.821217e-01,9.269488e-01,1.318002e-01,2.790043e-03,-7.665263e-03,2.141817e-02,6.471180e-02
7.18000,0.615088,0.526522,3.113232e-01,1.819589e-01,9.270294e-01,1.317931e-01,2.779333e-03,-7.664182e-03,2.142130e-02,6.470210e-02
7.18250,0.614748,0.526307,3.107732e-01,1.817970e-01,9.271102e-01,1.317861e-01,2.768805e-03,-7.662989e-03,2.142442e-02,6.469244e-02
7.18500,0.614409,0.526092,3.102231e-01,1.816360e-01,9.271912e-01,1.317791e-01,2.758514e-03,-7.661643e-03,2.142752e-02,6.468281e-02
7.18750,0.614069,0.525878,3.096730e-01,1.814759e-01,9.272723e-01,1.317721e-01,2.748248e-03,-7.660164e-03,2.143061e-02,6.467322e-02
7.19000,0.613728,0.525665,3.091229e-01,1.813167e-01,9.273537e-01,1.317652e-01,2.737906e-03,-7.658617e-03,2.143369e-02,6.466367e-02
7.19250,0.613388,0.525453,3.085726e-01,1.811585e-01,9.274352e-01,1.317582e-01,2.727476e-03,-7.657036e-03,2.143675e-02,6.465415e-02
7.19500,0.613047,0.525241,3.080224e-01,1.810012e-01,9.275169e-01,1.317512e-01,2.716780e-03,-7.655512e-03,2.143980e-02,6.464467e-02
7.19750,0.612706,0.525030,3.074721e-01,1.808448e-01,9.275984e-01,1.317443e-01,2.705886e-03,-7.653909e-03,2.144285e-02,6.463523e-02
7.20000,0.612364,0.524820,3.069217e-01,1.806894e-01,9.276794e-01,1.317374e-01,2.694900e-03,-7.652146e-03,2.144589e-02,6.462582e-02
7.20250,0.612023,0.524611,3.063713e-01,1.805349e-01,9.277594e-01,1.317305e-01,2.684105e-03,-7.650300e-03,2.144892e-02,6.461645e-02
7.20500,0.611681,0.524402,3.058208e-01,1.803813e-01,9.278383e-01,1.317236e-01,2.673732e-03,-7.648415e-03,2.145196e-02,6.460711e-02
7.20750,0.611339,0.524194,3.052702e-01,1.802286e-01,9.279160e-01,1.317167e-01,2.663580e-03,-7.646536e-03,2.145499e-02,6.459780e-02
7.21000,0.610996,0.523987,3.047216e-01,1.800769e-01,9.279928e-01,1.317098e-01,2.653622e-03,-7.644672e-03,2.145801e-02,6.458854e-02
7.21250,0.610654,0.523781,3.041800e-01,1.799261e-01,9.280688e-01,1.317030e-01,2.644111e-03,-7.642670e-03,2.146102e-02,6.457930e-02
7.21500,0.610311,0.523575,3.036383e-01,1.797762e-01,9.281444e-01,1.316961e-01,2.634905e-03,-7.640753e-03,2.146403e-02,6.457011e-02
7.21750,0.609967,0.523370,3.030966e-01,1.796273e-01,9.282198e-01,1.316893e-01,2.625721e-03,-7.639252e-03,2.146702e-02,6.456094e-02
7.22000,0.609624,0.523166,3.025548e-01,1.794793e-01,9.282950e-01,1.316825e-01,2.616334e-03,-7.638240e-03,2.147000e-02,6.455182e-02
7.22250,0.609280,0.522963,3.020129e-01,1.793322e-01,9.283701e-01,1.316757e-01,2.606703e-03,-7.637638e-03,2.147298e-02,6.454272e-02
7.22500,0.608936,0.522761,3.014710e-01,1.791861e-01,9.284451e-01,1.316689e-01,2.596846e-03,-7.637214e-03,2.147594e-02,6.453367e-02
7.22750,0.608592,0.522559,3.009290e-01,1.790409e-01,9.285202e-01,1.316621e-01,2.586847e-03,-7.636729e-03,2.147889e-02,6.452465e-02
7.23000,0.608247,0.522358,3.003870e-01,1.788967e-01,9.285954e-01,1.316553e-01,2.576672e-03,-7.636117e-03,2.148181e-02,6.451566e-02
7.23250,0.607903,0.522158,2.998449e-01,1.787533e-01,9.286705e-01,1.316485e-01,2.566524e-03,-7.635407e-03,2.148473e-02,6.450672e-02
7.23500,0.607558,0.521958,2.993028e-01,1.786109e-01,9.287456e-01,1.316418e-01,2.556414e-03,-7.634615e-03,2.148763e-02,6.449780e-02
7.23750,0.607212,0.521760,2.987606e-01,1.784695e-01,9.288207e-01,1.316350e-01,2.546283e-03,-7.633808e-03,2.149053e-02,6.448893e-02
7.24000,0.606867,0.521562,2.982184e-01,1.783290e-01,9.288960e-01,1.316283e-01,2.536109e-03,-7.632964e-03,2.149342e-02,6.448008e-02
7.24250,0.606521,0.521364,2.976762e-01,1.781894e-01,9.289716e-01,1.316216e-01,2.525967e-03,-7.631994e-03,2.149630e-02,6.447127e-02
7.24500,0.606175,0.521168,2.971339e-01,1.780508e-01,9.290476e-01,1.316149e-01,2.515819e-03,-7.631020e-03,2.149917e-02,6.446250e-02
7.24750,0.605829,0.520972,2.965915e-01,1.779131e-01,9.291239e-01,1.316082e-01,2.505450e-03,-7.630263e-03,2.150205e-02,6.445375e-02
7.25000,0.605482,0.520777,2.960491e-01,1.777763e-01,9.292004e-01,1.316015e-01,2.494763e-03,-7.629957e-03,2.150492e-02,6.444504e-02
7.25250,0.605135,0.520583,2.955066e-01,1.776405e-01,9.292765e-01,1.315948e-01,2.483846e-03,-7.629975e-03,2.150780e-02,6.443637e-02
7.25500,0.604788,0.520390,2.949641e-01,1.775056e-01,9.293522e-01,1.315882e-01,2.472988e-03,-7.630166e-03,2.151068e-02,6.442772e-02
7.25750,0.604441,0.520197,2.944215e-01,1.773717e-01,9.294274e-01,1.315815e-01,2.462209e-03,-7.630447e-03,2.151358e-02,6.441911e-02
7.26000,0.604093,0.520005,2.938789e-01,1.772387e-01,9.295018e-01,1.315749e-01,2.451339e-03,-7.630873e-03,2.151648e-02,6.441053e-02
7.26250,0.603746,0.519814,2.933363e-01,1.771067e-01,9.295754e-01,1.315683e-01,2.440438e-03,-7.631444e-03,2.151939e-02,6.440198e-02
7.26500,0.603398,0.519624,2.927935e-01,1.769756e-01,9.296482e-01,1.315616e-01,2.429620e-03,-7.632053e-03,2.152231e-02,6.439347e-02
7.26750,0.603049,0.519434,2.922508e-01,1.768454e-01,9.297203e-01,1.315550e-01,2.418851e-03,-7.632536e-03,2.152523e-02,6.438498e-02
7.27000,0.602701,0.519245,2.917079e-01,1.767162e-01,9.297917e-01,1.315484e-01,2.407924e-03,-7.632839e-03,2.152814e-02,6.437652e-02
7.27250,0.602352,0.519057,2.911650e-01,1.765880e-01,9.298626e-01,1.315418e-01,2.396829e-03,-7.633079e-03,2.153104e-02,6.436810e-02
7.27500,0.602003,0.518870,2.906221e-01,1.764607e-01,9.299332e-01,1.315353e-01,2.385447e-03,-7.633421e-03,2.153393e-02,6.435970e-02
7.27750,0.601654,0.518683,2.900791e-01,1.763343e-01,9.300035e-01,1.315287e-01,2.373936e-03,-7.633653e-03,2.153682e-02,6.435134e-02
7.28000,0.601305,0.518497,2.895360e-01,1.762089e-01,9.300737e-01,1.315221e-01,2.362451e-03,-7.633675e-03,2.153971e-02,6.434300e-02
7.28250,0.600955,0.518312,2.889929e-01,1.760844e-01,9.301439e-01,1.315156e-01,2.351058e-03,-7.633614e-03,2.154259e-02,6.433469e-02
7.28500,0.600605,0.518128,2.884497e-01,1.759609e-01,9.302141e-01,1.315091e-01,2.339948e-03,-7.633378e-03,2.154548e-02,6.432641e-02
7.28750,0.600255,0.517944,2.879065e-01,1.758383e-01,9.302845e-01,1.315025e-01,2.329049e-03,-7.633098e-03,2.154837e-02,6.431815e-02
7.29000,0.599905,0.517762,2.873632e-01,1.757167e-01,9.303553e-01,1.314960e-01,2.318128e-03,-7.632962e-03,2.155126e-02,6.430993e-02
7.29250,0.599554,0.517580,2.868199e-01,1.755960e-01,9.304266e-01,1.314895e-01,2.307098e-03,-7.633062e-03,2.155416e-02,6.430173e-02
7.29500,0.599203,0.517398,2.862765e-01,1.754763e-01,9.304982e-01,1.314830e-01,2.295884e-03,-7.633251e-03,2.155704e-02,6.429356e-02
7.29750,0.598852,0.517218,2.857331e-01,1.753575e-01,9.305700e-01,1.314765e-01,2.284506e-03,-7.633444e-03,2.155992e-02,6.428541e-02
7.30000,0.598501,0.517038,2.851896e-01,1.752397e-01,9.306416e-01,1.314701e-01,2.273121e-03,-7.633537e-03,2.156278e-02,6.427730e-02
7.30250,0.598149,0.516859,2.846461e-01,1.751228e-01,9.307128e-01,1.314636e-01,2.261663e-03,-7.633450e-03,2.156563e-02,6.426921e-02
7.30500,0.597798,0.516681,2.841025e-01,1.750069e-01,9.307834e-01,1.314571e-01,2.250277e-03,-7.633208e-03,2.156846e-02,6.426115e-02
7.30750,0.597446,0.516503,2.835589e-01,1.748919e-01,9.308535e-01,1.314507e-01,2.239046e-03,-7.632661e-03,2.157126e-02,6.425311e-02
7.31000,0.597094,0.516327,2.830152e-01,1.747779e-01,9.309229e-01,1.314443e-01,2.228071e-03,-7.631817e-03,2.157404e-02,6.424511e-02
7.31250,0.596741,0.516151,2.824715e-01,1.746649e-01,9.309917e-01,1.314378e-01,2.217303e-03,-7.630990e-03,2.157681e-02,6.423713e-02
7.31500,0.596389,0.515976,2.819277e-01,1.745527e-01,9.310600e-01,1.314314e-01,2.206740e-03,-7.630284e-03,2.157955e-02,6.422918e-02
7.31750,0.596036,0.515801,2.813839e-01,1.744416e-01,9.311278e-01,1.314250e-01,2.196253e-03,-7.629716e-03,2.158228e-02,6.422126e-02
7.32000,0.595683,0.515627,2.808401e-01,1.743314e-01,9.311954e-01,1.314186e-01,2.185678e-03,-7.629231e-03,2.158499e-02,6.421337e-02
7.32250,0.595330,0.515455,2.802962e-01,1.742222e-01,9.312626e-01,1.314122e-01,2.174993e-03,-7.628955e-03,2.158769e-02,6.420550e-02
7.32500,0.594976,0.515282,2.797522e-01,1.741139e-01,9.313295e-01,1.314058e-01,2.164233e-03,-7.628839e-03,2.159037e-02,6.419766e-02
7.32750,0.594622,0.515111,2.792082e-01,1.740065e-01,9.313962e-01,1.313995e-01,2.153401e-03,-7.628854e-03,2.159303e-02,6.418986e-02
7.33000,0.594269,0.514940,2.786641e-01,1.739002e-01,9.314627e-01,1.313931e-01,2.142550e-03,-7.628912e-03,2.159569e-02,6.418208e-02
7.33250,0.593914,0.514770,2.781200e-01,1.737948e-01,9.315291e-01,1.313868e-01,2.131700e-03,-7.628902e-03,2.159834e-02,6.417433e-02
7.33500,0.593560,0.514601,2.775759e-01,1.736903e-01,9.315956e-01,1.313804e-01,2.120772e-03,-7.628945e-03,2.160097e-02,6.416661e-02
7.33750,0.593206,0.514433,2.770317e-01,1.735868e-01,9.316623e-01,1.313741e-01,2.109844e-03,-7.628983e-03,2.160359e-02,6.415892e-02
7.34000,0.592851,0.514265,2.764874e-01,1.734843e-01,9.317297e-01,1.313677e-01,2.098917e-03,-7.628904e-03,2.160619e-02,6.415125e-02
7.34250,0.592496,0.514098,2.759432e-01,1.733827e-01,9.317978e-01,1.313614e-01,2.088079e-03,-7.628654e-03,2.160877e-02,6.414362e-02
7.34500,0.592141,0.513932,2.753989e-01,1.732821e-01,9.318665e-01,1.313551e-01,2.077294e-03,-7.628268e-03,2.161134e-02,6.413601e-02
7.34750,0.591785,0.513767,2.748545e-01,1.731824e-01,9.319356e-01,1.313488e-01,2.066521e-03,-7.627692e-03,2.161390e-02,6.412843e-02
7.35000,0.591430,0.513602,2.743101e-01,1.730837e-01,9.320047e-01,1.313425e-01,2.055724e-03,-7.627048e-03,2.161645e-02,6.412088e-02
7.35250,0.591074,0.513439,2.737657e-01,1.729860e-01,9.320735e-01,1.313362e-01,2.044894e-03,-7.626345e-03,2.161898e-02,6.411336e-02
7.35500,0.590718,0.513276,2.732213e-01,1.728892e-01,9.321418e-01,1.313300e-01,2.034108e-03,-7.625597e-03,2.162151e-02,6.410587e-02
7.35750,0.590362,0.513113,2.726767e-01,1.727934e-01,9.322095e-01,1.313237e-01,2.023405e-03,-7.624783e-03,2.162404e-02,6.409840e-02
7.36000,0.590006,0.512952,2.721322e-01,1.726986e-01,9.322762e-01,1.313174e-01,2.012793e-03,-7.623927e-03,2.162656e-02,6.409095e-02
7.36250,0.589649,0.512791,2.715876e-01,1.726047e-01,9.323421e-01,1.313112e-01,2.002331e-03,-7.623140e-03,2.162910e-02,6.408354e-02
7.36500,0.589292,0.512631,2.710430e-01,1.725118e-01,9.324070e-01,1.313050e-01,1.991949e-03,-7.622374e-03,2.163164e-02,6.407614e-02
7.36750,0.588935,0.512472,2.704983e-01,1.724198e-01,9.324710e-01,1.312987e-01,1.981659e-03,-7.621722e-03,2.163417e-02,6.406878e-02
7.37000,0.588578,0.512313,2.699536e-01,1.723288e-01,9.325341e-01,1.312925e-01,1.971328e-03,-7.621271e-03,2.163671e-02,6.406143e-02
7.37250,0.588221,0.512155,2.694089e-01,1.722388e-01,9.325965e-01,1.312863e-01,1.960894e-03,-7.620991e-03,2.163926e-02,6.405411e-02
7.37500,0.587863,0.511998,2.688641e-01,1.721497e-01,9.326584e-01,1.312801e-01,1.950390e-03,-7.620922e-03,2.164181e-02,6.404682e-02
7.37750,0.587506,0.511842,2.683235e-01,1.720616e-01,9.327199e-01,1.312739e-01,1.939863e-03,-7.620931e-03,2.164437e-02,6.403954e-02
7.38000,0.587148,0.511687,2.677899e-01,1.719744e-01,9.327815e-01,1.312677e-01,1.929446e-03,-7.620805e-03,2.164695e-02,6.403229e-02
7.38250,0.586790,0.511532,2.672562e-01,1.718882e-01,9.328434e-01,1.312615e-01,1.919223e-03,-7.620560e-03,2.164954e-02,6.402506e-02
7.38500,0.586431,0.511378,2.667224e-01,1.718030e-01,9.329059e-01,1.312553e-01,1.909046e-03,-7.620375e-03,2.165213e-02,6.401785e-02
7.38750,0.586073,0.511225,2.661887e-01,1.717188e-01,9.329692e-01,1.312491e-01,1.898759e-03,-7.620323e-03,2.165474e-02,6.401066e-02
7.39000,0.585714,0.511072,2.656549e-01,1.716355e-01,9.330332e-01,1.312430e-01,1.888275e-03,-7.620326e-03,2.165735e-02,6.400350e-02
7.39250,0.585355,0.510920,2.651210e-01,1.715532e-01,9.330976e-01,1.312368e-01,1.877528e-03,-7.620444e-03,2.165995e-02,6.399635e-02
7.39500,0.584996,0.510770,2.645872e-01,1.714718e-01,9.331621e-01,1.312307e-01,1.866554e-03,-7.620638e-03,2.166253e-02,6.398923e-02
7.39750,0.584637,0.510619,2.640533e-01,1.713914e-01,9.332265e-01,1.312245e-01,1.855512e-03,-7.620847e-03,2.166511e-02,6.398212e-02
7.40000,0.584278,0.510470,2.635193e-01,1.713120e-01,9.332905e-01,1.312184e-01,1.844474e-03,-7.621058e-03,2.166768e-02,6.397504e-02
7.40250,0.583918,0.510321,2.629854e-01,1.712335e-01,9.333539e-01,1.312123e-01,1.833528e-03,-7.621405e-03,2.167024e-02,6.396798e-02
7.40500,0.583558,0.510173,2.624514e-01,1.711560e-01,9.334165e-01,1.312061e-01,1.822813e-03,-7.621833e-03,2.167279e-02,6.396093e-02
7.40750,0.583198,0.510026,2.619174e-01,1.710795e-01,9.334782e-01,1.312000e-01,1.812349e-03,-7.622293e-03,2.167533e-02,6.395391e-02
7.41000,0.582838,0.509880,2.613834e-01,1.710039e-01,9.335390e-01,1.311939e-01,1.802143e-03,-7.622876e-03,2.167787e-02,6.394691e-02
7.41250,0.582478,0.509734,2.614241e-01,1.709293e-01,9.335992e-01,1.311878e-01,1.792038e-03,-7.623856e-03,2.168039e-02,6.393993e-02
7.41500,0.582117,0.509589,2.615785e-01,1.708557e-01,9.336588e-01,1.311818e-01,1.781909e-03,-7.625303e-03,2.168292e-02,6.393297e-02
7.41750,0.581757,0.509445,2.617333e-01,1.707830e-01,9.337181e-01,1.311757e-01,1.771756e-03,-7.626960e-03,2.168543e-02,6.392603e-02
7.42000,0.581396,0.509302,2.618884e-01,1.707113e-01,9.337773e-01,1.311696e-01,1.761535e-03,-7.628694e-03,2.168794e-02,6.391911e-02
7.42250,0.581035,0.509159,2.620440e-01,1.706406e-01,9.338367e-01,1.311635e-01,1.751148e-03,-7.630460e-03,2.169042e-02,6.391221e-02
7.42500,0.580673,0.509017,2.622000e-01,1.705708e-01,9.338963e-01,1.311575e-01,1.740536e-03,-7.632239e-03,2.169289e-02,6.390534e-02
7.42750,0.580312,0.508876,2.623564e-01,1.705020e-01,9.339564e-01,1.311514e-01,1.729845e-03,-7.633989e-03,2.169534e-02,6.389848e-02
7.43000,0.579951,0.508736,2.625132e-01,1.704341e-01,9.340171e-01,1.311454e-01,1.719235e-03,-7.635575e-03,2.169778e-02,6.389165e-02
7.43250,0.579589,0.508596,2.626703e-01,1.703672e-01,9.340786e-01,1.311393e-01,1.708679e-03,-7.636894e-03,2.170019e-02,6.388483e-02
7.43500,0.579227,0.508457,2.628279e-01,1.703013e-01,9.341409e-01,1.311333e-01,1.698123e-03,-7.637928e-03,2.170257e-02,6.387804e-02
7.43750,0.578865,0.508319,2.629858e-01,1.702364e-01,9.342039e-01,1.311273e-01,1.687546e-03,-7.638552e-03,2.170492e-02,6.387128e-02
7.44000,0.578503,0.508182,2.631442e-01,1.701724e-01,9.342672e-01,1.311213e-01,1.676980e-03,-7.638785e-03,2.170726e-02,6.386453e-02
7.44250,0.578140,0.508046,2.633029e-01,1.701094e-01,9.343304e-01,1.311153e-01,1.666278e-03,-7.638778e-03,2.170959e-02,6.385781e-02
7.44500,0.577778,0.507910,2.634620e-01,1.700473e-01,9.343932e-01,1.311093e-01,1.655275e-03,-7.638831e-03,2.171190e-02,6.385111e-02
7.44750,0.577415,0.507775,2.636215e-01,1.699862e-01,9.344550e-01,1.311033e-01,1.644027e-03,-7.638971e-03,2.171421e-02,6.384443e-02
7.45000,0.577052,0.507641,2.637814e-01,1.699261e-01,9.345157e-01,1.310973e-01,1.632758e-03,-7.638993e-03,2.171651e-02,6.383777e-02
7.45250,0.576689,0.507507,2.639474e-01,1.698670e-01,9.345753e-01,1.310913e-01,1.621555e-03,-7.638750e-03,2.171879e-02,6.383113e-02
7.45500,0.576326,0.507374,2.641216e-01,1.698088e-01,9.346336e-01,1.310853e-01,1.610477e-03,-7.638266e-03,2.172106e-02,6.382452e-02
7.45750,0.575963,0.507242,2.642961e-01,1.697516e-01,9.346908e-01,1.310793e-01,1.599505e-03,-7.637583e-03,2.172333e-02,6.381792e-02
7.46000,0.575599,0.507111,2.644709e-01,1.696953e-01,9.347471e-01,1.310734e-01,1.588605e-03,-7.636628e-03,2.172558e-02,6.381135e-02
7.46250,0.575236,0.506981,2.646460e-01,1.696400e-01,9.348028e-01,1.310674e-01,1.577757e-03,-7.635435e-03,2.172782e-02,6.380480e-02
7.46500,0.574872,0.506851,2.648215e-01,1.695857e-01,9.348582e-01,1.310615e-01,1.566885e-03,-7.634065e-03,2.173004e-02,6.379826e-02
7.46750,0.574508,0.506722,2.649972e-01,1.695324e-01,9.349136e-01,1.310555e-01,1.555975e-03,-7.632724e-03,2.173226e-02,6.379175e-02
7.47000,0.574144,0.506594,2.651732e-01,1.694800e-01,9.349694e-01,1.310496e-01,1.544962e-03,-7.631665e-03,2.173447e-02,6.378525e-02
7.47250,0.573779,0.506466,2.653496e-01,1.694285e-01,9.350258e-01,1.310436e-01,1.533779e-03,-7.630826e-03,2.173667e-02,6.377878e-02
7.47500,0.573415,0.506340,2.655262e-01,1.693781e-01,9.350830e-01,1.310377e-01,1.522514e-03,-7.629986e-03,2.173888e-02,6.377232e-02
7.47750,0.573050,0.506214,2.657031e-01,1.693286e-01,9.351410e-01,1.310318e-01,1.511323e-03,-7.628926e-03,2.174109e-02,6.376589e-02
7.48000,0.572686,0.506089,2.658804e-01,1.692801e-01,9.351996e-01,1.310259e-01,1.500283e-03,-7.627495e-03,2.174329e-02,6.375947e-02
7.48250,0.572321,0.505964,2.660579e-01,1.692325e-01,9.352585e-01,1.310200e-01,1.489348e-03,-7.625680e-03,2.174550e-02,6.375307e-02
7.48500,0.571956,0.505841,2.662357e-01,1.691859e-01,9.353175e-01,1.310140e-01,1.478305e-03,-7.623819e-03,2.174770e-02,6.374668e-02
7.48750,0.571591,0.505718,2.664138e-01,1.691403e-01,9.353762e-01,1.310082e-01,1.467154e-03,-7.622224e-03,2.174991e-02,6.374032e-02
7.49000,0.571225,0.505596,2.665923e-01,1.690956e-01,9.354343e-01,1.310023e-01,1.455992e-03,-7.620985e-03,2.175211e-02,6.373397e-02
7.49250,0.570860,0.505474,2.667710e-01,1.690519e-01,9.354917e-01,1.309964e-01,1.444940e-03,-7.619950e-03,2.175431e-02,6.372764e-02
7.49500,0.570494,0.505354,2.669499e-01,1.690092e-01,9.355483e-01,1.309905e-01,1.434077e-03,-7.619100e-03,2.175650e-02,6.372132e-02
7.49750,0.570129,0.505234,2.671292e-01,1.689674e-01,9.356041e-01,1.309846e-01,1.423375e-03,-7.618707e-03,2.175869e-02,6.371502e-02
7.50000,0.569763,0.505115,2.673088e-01,1.689266e-01,9.356588e-01,1.309787e-01,1.412838e-03,-7.618875e-03,2.176089e-02,6.370874e-02
7.50250,0.569397,0.504997,2.674886e-01,1.688868e-01,9.357127e-01,1.309729e-01,1.402441e-03,-7.619578e-03,2.176311e-02,6.370247e-02
7.50500,0.569031,0.504879,2.676688e-01,1.688479e-01,9.357658e-01,1.309670e-01,1.392085e-03,-7.620774e-03,2.176534e-02,6.369622e-02
7.50750,0.568664,0.504762,2.678492e-01,1.688100e-01,9.358185e-01,1.309612e-01,1.381674e-03,-7.622344e-03,2.176757e-02,6.368999e-02
7.51000,0.568298,0.504646,2.680346e-01,1.687731e-01,9.358708e-01,1.309553e-01,1.371312e-03,-7.624150e-03,2.176979e-02,6.368377e-02
7.51250,0.567931,0.504531,2.682269e-01,1.687371e-01,9.359231e-01,1.309495e-01,1.360904e-03,-7.626200e-03,2.177200e-02,6.367757e-02
7.51500,0.567565,0.504416,2.684195e-01,1.687020e-01,9.359756e-01,1.309437e-01,1.350440e-03,-7.628546e-03,2.177420e-02,6.367139e-02
7.51750,0.567198,0.504303,2.686122e-01,1.686680e-01,9.360286e-01,1.309378e-01,1.339948e-03,-7.631181e-03,2.177638e-02,6.366522e-02
7.52000,0.566831,0.504189,2.688052e-01,1.686349e-01,9.360823e-01,1.309320e-01,1.329426e-03,-7.633881e-03,2.177855e-02,6.365907e-02
7.52250,0.566464,0.504077,2.689984e-01,1.686027e-01,9.361367e-01,1.309262e-01,1.318779e-03,-7.636470e-03,2.178071e-02,6.365294e-02
7.52500,0.566096,0.503966,2.691919e-01,1.685716e-01,9.361919e-01,1.309204e-01,1.308117e-03,-7.639024e-03,2.178285e-02,6.364682e-02
7.52750,0.565729,0.503855,2.693855e-01,1.685413e-01,9.362477e-01,1.309146e-01,1.297463e-03,-7.641619e-03,2.178500e-02,6.364072e-02
7.53000,0.565362,0.503745,2.695794e-01,1.685121e-01,9.363037e-01,1.309088e-01,1.286775e-03,-7.644045e-03,2.178713e-02,6.363464e-02
7.53250,0.564994,0.503636,2.697735e-01,1.684838e-01,9.363516e-01,1.309030e-01,1.276119e-03,-7.646186e-03,2.178927e-02,6.362857e-02
7.53500,0.564626,0.503527,2.699677e-01,1.684564e-01,9.363959e-01,1.308972e-01,1.265519e-03,-7.648053e-03,2.179117e-02,6.362251e-02
7.53750,0.564259,0.503420,2.701622e-01,1.684300e-01,9.364387e-01,1.308914e-01,1.254887e-03,-7.649574e-03,2.179338e-02,6.361647e-02
7.54000,0.563891,0.503313,2.703570e-01,1.684046e-01,9.364794e-01,1.308856e-01,1.244080e-03,-7.650901e-03,2.179551e-02,6.361045e-02
7.54250,0.563522,0.503207,2.705519e-01,1.683802e-01,9.365183e-01,1.308798e-01,1.233145e-03,-7.651962e-03,2.179760e-02,6.360444e-02
7.54500,0.563154,0.503101,2.707470e-01,1.683567e-01,9.365554e-01,1.308741e-01,1.222149e-03,-7.652731e-03,2.179966e-02,6.359845e-02
7.54750,0.562786,0.502996,2.709423e-01,1.683341e-01,9.365911e-01,1.308683e-01,1.211316e-03,-7.653166e-03,2.180169e-02,6.359247e-02
7.55000,0.562417,0.502893,2.711379e-01,1.683125e-01,9.366259e-01,1.308626e-01,1.200777e-03,-7.653213e-03,2.180369e-02,6.358651e-02
7.55250,0.562049,0.502789,2.713336e-01,1.682919e-01,9.366602e-01,1.308568e-01,1.190539e-03,-7.653028e-03,2.180568e-02,6.358056e-02
7.55500,0.561680,0.502687,2.715295e-01,1.682722e-01,9.366946e-01,1.308511e-01,1.180391e-03,-7.652632e-03,2.180764e-02,6.357463e-02
7.55750,0.561311,0.502585,2.717257e-01,1.682534e-01,9.367297e-01,1.308453e-01,1.170224e-03,-7.651952e-03,2.180958e-02,6.356871e-02
7.56000,0.560942,0.502485,2.719220e-01,1.682357e-01,9.367660e-01,1.308396e-01,1.160064e-03,-7.650941e-03,2.181149e-02,6.356280e-02
7.56250,0.560573,0.502385,2.721186e-01,1.682188e-01,9.368042e-01,1.308338e-01,1.149857e-03,-7.649800e-03,2.181337e-02,6.355692e-02
7.56500,0.560204,0.502285,2.723153e-01,1.682030e-01,9.368445e-01,1.308281e-01,1.139606e-03,-7.648806e-03,2.181525e-02,6.355104e-02
7.56750,0.559835,0.502187,2.725122e-01,1.681881e-01,9.368867e-01,1.308224e-01,1.129365e-03,-7.647900e-03,2.181711e-02,6.354518e-02
7.57000,0.559466,0.502089,2.727094e-01,1.681741e-01,9.369305e-01,1.308167e-01,1.119110e-03,-7.647004e-03,2.181897e-02,6.353934e-02
7.57250,0.559096,0.501992,2.729067e-01,1.681611e-01,9.369750e-01,1.308110e-01,1.108892e-03,-7.645848e-03,2.182082e-02,6.353351e-02
7.57500,0.558727,0.501896,2.731042e-01,1.681490e-01,9.370194e-01,1.308053e-01,1.098763e-03,-7.644382e-03,2.182265e-02,6.352769e-02
7.57750,0.558357,0.501800,2.733019e-01,1.681379e-01,9.370630e-01,1.307996e-01,1.088637e-03,-7.642730e-03,2.182446e-02,6.352189e-02
7.58000,0.557987,0.501705,2.734998e-01,1.681277e-01,9.371052e-01,1.307939e-01,1.078462e-03,-7.641030e-03,2.182626e-02,6.351610e-02
7.58250,0.557617,0.501611,2.736979e-01,1.681185e-01,9.371458e-01,1.307882e-01,1.068180e-03,-7.639168e-03,2.182803e-02,6.351032e-02
7.58500,0.557247,0.501518,2.739003e-01,1.681102e-01,9.371848e-01,1.307825e-01,1.057829e-03,-7.637309e-03,2.182977e-02,6.350456e-02
7.58750,0.556877,0.501425,2.741078e-01,1.681029e-01,9.372225e-01,1.307768e-01,1.047640e-03,-7.635785e-03,2.183149e-02,6.349882e-02
7.59000,0.556507,0.501334,2.743155e-01,1.680965e-01,9.372591e-01,1.307711e-01,1.037612e-03,-7.634746e-03,2.183319e-02,6.349309e-02
7.59250,0.556137,0.501243,2.745233e-01,1.680911e-01,9.372948e-01,1.307655e-01,1.027630e-03,-7.634158e-03,2.183487e-02,6.348738e-02
7.59500,0.555766,0.501153,2.747313e-01,1.680866e-01,9.373300e-01,1.307598e-01,1.017683e-03,-7.633790e-03,2.183655e-02,6.348168e-02
7.59750,0.555396,0.501063,2.749394e-01,1.680831e-01,9.373650e-01,1.307541e-01,1.007736e-03,-7.633696e-03,2.183820e-02,6.347600e-02
7.60000,0.555025,0.500974,2.751476e-01,1.680805e-01,9.374001e-01,1.307485e-01,9.977742e-04,-7.633820e-03,2.183984e-02,6.347033e-02
7.60250,0.554654,0.500887,2.753559e-01,1.680788e-01,9.374360e-01,1.307428e-01,9.879280e-04,-7.634081e-03,2.184147e-02,6.346468e-02
7.60500,0.554283,0.500799,2.755644e-01,1.680781e-01,9.374727e-01,1.307372e-01,9.781418e-04,-7.634659e-03,2.184310e-02,6.345904e-02
7.60750,0.553913,0.500713,2.757730e-01,1.680783e-01,9.375106e-01,1.307315e-01,9.683846e-04,-7.635506e-03,2.184473e-02,6.345342e-02
7.61000,0.553542,0.500627,2.759817e-01,1.680795e-01,9.375495e-01,1.307259e-01,9.585505e-04,-7.636636e-03,2.184635e-02,6.344782e-02
7.61250,0.553170,0.500542,2.761905e-01,1.680816e-01,9.375889e-01,1.307202e-01,9.485329e-04,-7.638238e-03,2.184798e-02,6.344223e-02
7.61500,0.552799,0.500458,2.763995e-01,1.680846e-01,9.376284e-01,1.307146e-01,9.383812e-04,-7.640102e-03,2.184960e-02,6.343665e-02
7.61750,0.552428,0.500375,2.766086e-01,1.680886e-01,9.376674e-01,1.307090e-01,9.282458e-04,-7.642077e-03,2.185123e-02,6.343109e-02
7.62000,0.552057,0.500292,2.768178e-01,1.680935e-01,9.377054e-01,1.307034e-01,9.182169e-04,-7.644316e-03,2.185287e-02,6.342555e-02
7.62250,0.551685,0.500210,2.770271e-01,1.680994e-01,9.377421e-01,1.306977e-01,9.083162e-04,-7.646623e-03,2.185453e-02,6.342001e-02
7.62500,0.551314,0.500129,2.772366e-01,1.681062e-01,9.377770e-01,1.306921e-01,8.984351e-04,-7.648688e-03,2.185619e-02,6.341449e-02
7.62750,0.550942,0.500049,2.774462e-01,1.681139e-01,9.378103e-01,1.306865e-01,8.884499e-04,-7.650623e-03,2.185785e-02,6.340899e-02
7.63000,0.550570,0.499969,2.776559e-01,1.681226e-01,9.378421e-01,1.306809e-01,8.783776e-04,-7.652413e-03,2.185950e-02,6.340349e-02
7.63250,0.550198,0.499891,2.778657e-01,1.681321e-01,9.378728e-01,1.306753e-01,8.683644e-04,-7.654020e-03,2.186115e-02,6.339801e-02
7.63500,0.549827,0.499813,2.780756e-01,1.681427e-01,9.379029e-01,1.306697e-01,8.583304e-04,-7.655391e-03,2.186277e-02,6.339254e-02
7.63750,0.549455,0.499735,2.782856e-01,1.681541e-01,9.379329e-01,1.306641e-01,8.481400e-04,-7.656626e-03,2.186438e-02,6.338709e-02
7.64000,0.549082,0.499659,2.784958e-01,1.681665e-01,9.379635e-01,1.306585e-01,8.379668e-04,-7.657664e-03,2.186597e-02,6.338164e-02
7.64250,0.548710,0.499583,2.787060e-01,1.681798e-01,9.379953e-01,1.306530e-01,8.279938e-04,-7.658543e-03,2.186755e-02,6.337620e-02
7.64500,0.548338,0.499508,2.789164e-01,1.681940e-01,9.380290e-01,1.306474e-01,8.182380e-04,-7.659164e-03,2.186912e-02,6.337078e-02
7.64750,0.547966,0.499434,2.791269e-01,1.682092e-01,9.380648e-01,1.306418e-01,8.086128e-04,-7.659630e-03,2.187068e-02,6.336537e-02
7.65000,0.547593,0.499360,2.793375e-01,1.682253e-01,9.381027e-01,1.306363e-01,7.988917e-04,-7.660046e-03,2.187224e-02,6.335996e-02
7.65250,0.547221,0.499288,2.795482e-01,1.682423e-01,9.381422e-01,1.306307e-01,7.889758e-04,-7.660479e-03,2.187379e-02,6.335457e-02
7.65500,0.546848,0.499216,2.797590e-01,1.682602e-01,9.381828e-01,1.306251e-01,7.788946e-04,-7.660807e-03,2.187532e-02,6.334918e-02
7.65750,0.546476,0.499145,2.799699e-01,1.682791e-01,9.382237e-01,1.306196e-01,7.687768e-04,-7.660971e-03,2.187683e-02,6.334380e-02
7.66000,0.546103,0.499074,2.801810e-01,1.682989e-01,9.382643e-01,1.306140e-01,7.586217e-04,-7.661056e-03,2.187831e-02,6.333844e-02
7.66250,0.545730,0.499004,2.803921e-01,1.683196e-01,9.383039e-01,1.306085e-01,7.485135e-04,-7.660818e-03,2.187977e-02,6.333308e-02
7.66500,0.545358,0.498936,2.806033e-01,1.683412e-01,9.383420e-01,1.306030e-01,7.385355e-04,-7.660185e-03,2.188119e-02,6.332774e-02
7.66750,0.544985,0.498867,2.808147e-01,1.683637e-01,9.383784e-01,1.305974e-01,7.286217e-04,-7.659348e-03,2.188258e-02,6.332240e-02
7.67000,0.544612,0.498800,2.810261e-01,1.683871e-01,9.384133e-01,1.305919e-01,7.187717e-04,-7.658408e-03,2.188394e-02,6.331708e-02
7.67250,0.544239,0.498733,2.812377e-01,1.684115e-01,9.384467e-01,1.305864e-01,7.089969e-04,-7.657187e-03,2.188526e-02,6.331177e-02
7.67500,0.543865,0.498668,2.814493e-01,1.684368e-01,9.384788e-01,1.305808e-01,6.992064e-04,-7.655717e-03,2.188655e-02,6.330646e-02
7.67750,0.543492,0.498602,2.816611e-01,1.684630e-01,9.385101e-01,1.305753e-01,6.894051e-04,-7.654266e-03,2.188780e-02,6.330118e-02
7.68000,0.543119,0.498538,2.818729e-01,1.684901e-01,9.385408e-01,1.305698e-01,6.795229e-04,-7.653227e-03,2.188903e-02,6.329590e-02
7.68250,0.542746,0.498475,2.820849e-01,1.685181e-01,9.385715e-01,1.305643e-01,6.696119e-04,-7.652691e-03,2.189023e-02,6.329063e-02
7.68500,0.542372,0.498412,2.822969e-01,1.685470e-01,9.386025e-01,1.305588e-01,6.597981e-04,-7.652679e-03,2.189142e-02,6.328538e-02
7.68750,0.541999,0.498350,2.825090e-01,1.685768e-01,9.386342e-01,1.305533e-01,6.500919e-04,-7.653023e-03,2.189259e-02,6.328015e-02
7.69000,0.541625,0.498288,2.827215e-01,1.686075e-01,9.386667e-01,1.305478e-01,6.404279e-04,-7.653491e-03,2.189374e-02,6.327492e-02
7.69250,0.541252,0.498228,2.829405e-01,1.686392e-01,9.386999e-01,1.305423e-01,6.308439e-04,-7.653975e-03,2.189485e-02,6.326971e-02
7.69500,0.540878,0.498168,2.831596e-01,1.686717e-01,9.387335e-01,1.305368e-01,6.212546e-04,-7.654483e-03,2.189594e-02,6.326452e-02
7.69750,0.540505,0.498109,2.833788e-01,1.687052e-01,9.387670e-01,1.305314e-01,6.116293e-04,-7.655189e-03,2.189700e-02,6.325934e-02
7.70000,0.540131,0.498051,2.835979e-01,1.687395e-01,9.388000e-01,1.305259e-01,6.019774e-04,-7.656045e-03,2.189804e-02,6.325417e-02
7.70250,0.539757,0.497993,2.838172e-01,1.687748e-01,9.388322e-01,1.305204e-01,5.922395e-04,-7.656975e-03,2.189906e-02,6.324902e-02
7.70500,0.539383,0.497937,2.840365e-01,1.688109e-01,9.388632e-01,1.305149e-01,5.824077e-04,-7.657969e-03,2.190005e-02,6.324389e-02
7.70750,0.539009,0.497881,2.842558e-01,1.688480e-01,9.388932e-01,1.305095e-01,5.724718e-04,-7.659066e-03,2.190103e-02,6.323877e-02
7.71000,0.538635,0.497826,2.844752e-01,1.688859e-01,9.389220e-01,1.305040e-01,5.625175e-04,-7.660072e-03,2.190200e-02,6.323366e-02
7.71250,0.538261,0.497771,2.846946e-01,1.689248e-01,9.389501e-01,1.304985e-01,5.526495e-04,-7.660727e-03,2.190295e-02,6.322857e-02
7.71500,0.537887,0.497717,2.849141e-01,1.689645e-01,9.389777e-01,1.304931e-01,5.429520e-04,-7.660894e-03,2.190388e-02,6.322350e-02
7.71750,0.537513,0.497665,2.851337e-01,1.690051e-01,9.390054e-01,1.304876e-01,5.333744e-04,-7.660741e-03,2.190480e-02,6.321843e-02
7.72000,0.537139,0.497612,2.853532e-01,1.690467e-01,9.390336e-01,1.304822e-01,5.238289e-04,-7.660430e-03,2.190570e-02,6.321339e-02
7.72250,0.536764,0.497561,2.855729e-01,1.690891e-01,9.390628e-01,1.304767e-01,5.142448e-04,-7.660159e-03,2.190659e-02,6.320835e-02
7.72500,0.536390,0.497510,2.857925e-01,1.691324e-01,9.390936e-01,1.304713e-01,5.046600e-04,-7.659753e-03,2.190749e-02,6.320333e-02
7.72750,0.536016,0.497461,2.860123e-01,1.691766e-01,9.391261e-01,1.304659e-01,4.949668e-04,-7.659246e-03,2.190838e-02,6.319831e-02
7.73000,0.535641,0.497411,2.862320e-01,1.692217e-01,9.391605e-01,1.304604e-01,4.852557e-04,-7.658915e-03,2.190928e-02,6.319331e-02
7.73250,0.535267,0.497363,2.864518e-01,1.692676e-01,9.391967e-01,1.304550e-01,4.756402e-04,-7.658714e-03,2.191017e-02,6.318832e-02
7.73500,0.534893,0.497316,2.866717e-01,1.693145e-01,9.392339e-01,1.304496e-01,4.660311e-04,-7.658702e-03,2.191108e-02,6.318334e-02
7.73750,0.534518,0.497269,2.868916e-01,1.693622e-01,9.392718e-01,1.304442e-01,4.564503e-04,-7.659011e-03,2.191199e-02,6.317837e-02
7.74000,0.534143,0.497223,2.871115e-01,1.694108e-01,9.393097e-01,1.304388e-01,4.468943e-04,-7.659685e-03,2.191292e-02,6.317340e-02
7.74250,0.533769,0.497177,2.873315e-01,1.694604e-01,9.393470e-01,1.304334e-01,4.372495e-04,-7.660348e-03,2.191386e-02,6.316845e-02
7.74500,0.533394,0.497133,2.875515e-01,1.695107e-01,9.393833e-01,1.304279e-01,4.274586e-04,-7.660696e-03,2.191478e-02,6.316350e-02
7.74750,0.533019,0.497089,2.877715e-01,1.695620e-01,9.394182e-01,1.304225e-01,4.174573e-04,-7.660711e-03,2.191568e-02,6.315857e-02
7.75000,0.532645,0.497046,2.879916e-01,1.696141e-01,9.394516e-01,1.304172e-01,4.073821e-04,-7.660538e-03,2.191657e-02,6.315364e-02
7.75250,0.532270,0.497004,2.882117e-01,1.696671e-01,9.394836e-01,1.304118e-01,3.973815e-04,-7.660185e-03,2.191743e-02,6.314872e-02
7.75500,0.531895,0.496962,2.884319e-01,1.697210e-01,9.395142e-01,1.304064e-01,3.875375e-04,-7.659702e-03,2.191827e-02,6.314381e-02
7.75750,0.531520,0.496922,2.886521e-01,1.697758e-01,9.395439e-01,1.304010e-01,3.777287e-04,-7.659259e-03,2.191908e-02,6.313890e-02
7.76000,0.531145,0.496882,2.888723e-01,1.698314e-01,9.395730e-01,1.303956e-01,3.679500e-04,-7.658755e-03,2.191986e-02,6.313401e-02
7.76250,0.530771,0.496843,2.890926e-01,1.698879e-01,9.396019e-01,1.303902e-01,3.583202e-04,-7.658257e-03,2.192063e-02,6.312912e-02
7.76500,0.530396,0.496804,2.893129e-01,1.699452e-01,9.396309e-01,1.303849e-01,3.487663e-04,-7.657993e-03,2.192137e-02,6.312424e-02
7.76750,0.530021,0.496766,2.895332e-01,1.700035e-01,9.396603e-01,1.303795e-01,3.392258e-04,-7.658275e-03,2.192212e-02,6.311937e-02
7.77000,0.529646,0.496730,2.897536e-01,1.700626e-01,9.396900e-01,1.303741e-01,3.297530e-04,-7.659125e-03,2.192286e-02,6.311451e-02
7.77250,0.529271,0.496693,2.899740e-01,1.701225e-01,9.397200e-01,1.303688e-01,3.202670e-04,-7.660285e-03,2.192357e-02,6.310966e-02
7.77500,0.528895,0.496658,2.901944e-01,1.701833e-01,9.397499e-01,1.303634e-01,3.108490e-04,-7.661665e-03,2.192424e-02,6.310482e-02
7.77750,0.528520,0.496623,2.904149e-01,1.702450e-01,9.397792e-01,1.303581e-01,3.015007e-04,-7.663303e-03,2.192488e-02,6.309999e-02
7.78000,0.528145,0.496590,2.906354e-01,1.703075e-01,9.398077e-01,1.303527e-01,2.922002e-04,-7.665029e-03,2.192547e-02,6.309517e-02
7.78250,0.527770,0.496557,2.908559e-01,1.703709e-01,9.398353e-01,1.303474e-01,2.830221e-04,-7.666745e-03,2.192602e-02,6.309037e-02
7.78500,0.527395,0.496524,2.910764e-01,1.704351e-01,9.398617e-01,1.303420e-01,2.738936e-04,-7.668346e-03,2.192653e-02,6.308557e-02
7.78750,0.527020,0.496493,2.912970e-01,1.705002e-01,9.398870e-01,1.303367e-01,2.647772e-04,-7.669849e-03,2.192700e-02,6.308079e-02
7.79000,0.526644,0.496462,2.915176e-01,1.705662e-01,9.399113e-01,1.303314e-01,2.555164e-04,-7.671315e-03,2.192742e-02,6.307602e-02
7.79250,0.526269,0.496432,2.917383e-01,1.706329e-01,9.399348e-01,1.303261e-01,2.461311e-04,-7.672714e-03,2.192781e-02,6.307127e-02
7.79500,0.525894,0.496403,2.919590e-01,1.707006e-01,9.399581e-01,1.303207e-01,2.366853e-04,-7.674030e-03,2.192817e-02,6.306653e-02
7.79750,0.525518,0.496374,2.921796e-01,1.707691e-01,9.399818e-01,1.303154e-01,2.271135e-04,-7.675218e-03,2.192849e-02,6.306180e-02
7.80000,0.525143,0.496346,2.924004e-01,1.708384e-01,9.400063e-01,1.303101e-01,2.174774e-04,-7.676055e-03,2.192880e-02,6.305709e-02
7.80250,0.524768,0.496319,2.926211e-01,1.709086e-01,9.400321e-01,1.303048e-01,2.078291e-04,-7.676553e-03,2.192907e-02,6.305239e-02
7.80500,0.524392,0.496293,2.928419e-01,1.709796e-01,9.400596e-01,1.302995e-01,1.982522e-04,-7.676779e-03,2.192934e-02,6.304770e-02
7.80750,0.524017,0.496268,2.930627e-01,1.710515e-01,9.400890e-01,1.302942e-01,1.888333e-04,-7.676703e-03,2.192958e-02,6.304303e-02
7.81000,0.523642,0.496243,2.932835e-01,1.711242e-01,9.401202e-01,1.302889e-01,1.795617e-04,-7.676319e-03,2.192978e-02,6.303837e-02
7.81250,0.523266,0.496219,2.935043e-01,1.711977e-01,9.401530e-01,1.302836e-01,1.703791e-04,-7.675713e-03,2.192995e-02,6.303372e-02
7.81500,0.522891,0.496196,2.937252e-01,1.712721e-01,9.401869e-01,1.302783e-01,1.611706e-04,-7.674923e-03,2.193010e-02,6.302909e-02
7.81750,0.522515,0.496173,2.939460e-01,1.713473e-01,9.402211e-01,1.302730e-01,1.519384e-04,-7.674008e-03,2.193023e-02,6.302447e-02
7.82000,0.522140,0.496152,2.941669e-01,1.714233e-01,9.402553e-01,1.302677e-01,1.426591e-04,-7.672863e-03,2.193033e-02,6.301986e-02
7.82250,0.521764,0.496131,2.943878e-01,1.715002e-01,9.402892e-01,1.302624e-01,1.334576e-04,-7.671372e-03,2.193041e-02,6.301526e-02
7.82500,0.521389,0.496111,2.946088e-01,1.715779e-01,9.403222e-01,1.302572e-01,1.243540e-04,-7.669717e-03,2.193046e-02,6.301067e-02
7.82750,0.521013,0.496091,2.948297e-01,1.716565e-01,9.403541e-01,1.302519e-01,1.153387e-04,-7.668123e-03,2.193050e-02,6.300610e-02
7.83000,0.520638,0.496073,2.950507e-01,1.717358e-01,9.403848e-01,1.302466e-01,1.063701e-04,-7.666443e-03,2.193052e-02,6.300153e-02
7.83250,0.520262,0.496055,2.952717e-01,1.718160e-01,9.404142e-01,1.302414e-01,9.742294e-05,-7.664608e-03,2.193052e-02,6.299698e-02
7.83500,0.519887,0.496038,2.954927e-01,1.718970e-01,9.404428e-01,1.302361e-01,8.846776e-05,-7.662817e-03,2.193051e-02,6.299244e-02
7.83750,0.519511,0.496022,2.957138e-01,1.719788e-01,9.404707e-01,1.302309e-01,7.945438e-05,-7.661105e-03,2.193050e-02,6.298791e-02
7.84000,0.519136,0.496006,2.959348e-01,1.720615e-01,9.404983e-01,1.302256e-01,7.033788e-05,-7.659286e-03,2.193047e-02,6.298338e-02
7.84250,0.518760,0.495991,2.961559e-01,1.721450e-01,9.405257e-01,1.302204e-01,6.119311e-05,-7.657313e-03,2.193042e-02,6.297887e-02
7.84500,0.518385,0.495977,2.963769e-01,1.722293e-01,9.405535e-01,1.302151e-01,5.200773e-05,-7.655412e-03,2.193037e-02,6.297437e-02
7.84750,0.518009,0.495964,2.965980e-01,1.723144e-01,9.405815e-01,1.302099e-01,4.288943e-05,-7.653867e-03,2.193030e-02,6.296987e-02
7.85000,0.517634,0.495952,2.968191e-01,1.724003e-01,9.406098e-01,1.302046e-01,3.385513e-05,-7.652571e-03,2.193022e-02,6.296539e-02
7.85250,0.517258,0.495940,2.970402e-01,1.724870e-01,9.406381e-01,1.301994e-01,2.485892e-05,-7.651547e-03,2.193014e-02,6.296091e-02
7.85500,0.516882,0.495929,2.972614e-01,1.725745e-01,9.406660e-01,1.301942e-01,1.593869e-05,-7.651091e-03,2.193005e-02,6.295644e-02
7.85750,0.516507,0.495919,2.974825e-01,1.726629e-01,9.406931e-01,1.301890e-01,7.042906e-06,-7.651399e-03,2.192997e-02,6.295199e-02
7.86000,0.516131,0.495909,2.977036e-01,1.727520e-01,9.407192e-01,1.301837e-01,-1.816174e-06,-7.652279e-03,2.192988e-02,6.294754e-02
7.86250,0.515756,0.495901,2.979248e-01,1.728420e-01,9.407443e-01,1.301785e-01,-1.070147e-05,-7.653475e-03,2.192978e-02,6.294310e-02
7.86500,0.515380,0.495893,2.981474e-01,1.729327e-01,9.407682e-01,1.301733e-01,-1.947823e-05,-7.654981e-03,2.192964e-02,6.293868e-02
7.86750,0.515005,0.495886,2.983725e-01,1.730243e-01,9.407910e-01,1.301681e-01,-2.818072e-05,-7.656850e-03,2.192948e-02,6.293426e-02
7.87000,0.514629,0.495879,2.985977e-01,1.731166e-01,9.408128e-01,1.301629e-01,-3.689586e-05,-7.658871e-03,2.192929e-02,6.292986e-02
7.87250,0.514254,0.495874,2.988228e-01,1.732098e-01,9.408342e-01,1.301577e-01,-4.563558e-05,-7.660889e-03,2.192907e-02,6.292547e-02
7.87500,0.513878,0.495869,2.990480e-01,1.733037e-01,9.408557e-01,1.301525e-01,-5.436900e-05,-7.662971e-03,2.192881e-02,6.292109e-02
7.87750,0.513502,0.495865,2.992731e-01,1.733985e-01,9.408777e-01,1.301473e-01,-6.315628e-05,-7.665161e-03,2.192852e-02,6.291672e-02
7.88000,0.513127,0.495861,2.994981e-01,1.734940e-01,9.409007e-01,1.301422e-01,-7.198180e-05,-7.667533e-03,2.192821e-02,6.291236e-02
7.88250,0.512751,0.495859,2.997232e-01,1.735903e-01,9.409252e-01,1.301370e-01,-8.080979e-05,-7.670125e-03,2.192789e-02,6.290802e-02
7.88500,0.512376,0.495857,2.999483e-01,1.736874e-01,9.409514e-01,1.301318e-01,-8.963581e-05,-7.673031e-03,2.192756e-02,6.290368e-02
7.88750,0.512000,0.495856,3.001733e-01,1.737853e-01,9.409792e-01,1.301266e-01,-9.852024e-05,-7.675858e-03,2.192723e-02,6.289936e-02
7.89000,0.511625,0.495856,3.003983e-01,1.738840e-01,9.410087e-01,1.301215e-01,-1.074915e-04,-7.678184e-03,2.192686e-02,6.289505e-02
7.89250,0.511249,0.495856,3.006232e-01,1.739835e-01,9.410392e-01,1.301163e-01,-1.164374e-04,-7.679756e-03,2.192646e-02,6.289075e-02
7.89500,0.510874,0.495857,3.008482e-01,1.740837e-01,9.410704e-01,1.301111e-01,-1.253920e-04,-7.680719e-03,2.192601e-02,6.288647e-02
7.89750,0.510499,0.495859,3.010731e-01,1.741848e-01,9.411018e-01,1.301060e-01,-1.343245e-04,-7.681158e-03,2.192551e-02,6.288219e-02
7.90000,0.510123,0.495862,3.012980e-01,1.742866e-01,9.411332e-01,1.301008e-01,-1.431886e-04,-7.681137e-03,2.192497e-02,6.287793e-02
7.90250,0.509748,0.495866,3.015229e-01,1.743891e-01,9.411643e-01,1.300957e-01,-1.519816e-04,-7.680861e-03,2.192438e-02,6.287368e-02
7.90500,0.509372,0.495870,3.017478e-01,1.744925e-01,9.411945e-01,1.300905e-01,-1.607509e-04,-7.680264e-03,2.192375e-02,6.286944e-02
7.90750,0.508997,0.495875,3.019726e-01,1.745966e-01,9.412237e-01,1.300854e-01,-1.695693e-04,-7.679286e-03,2.192308e-02,6.286521e-02
7.91000,0.508622,0.495881,3.021974e-01,1.747015e-01,9.412520e-01,1.300803e-01,-1.784212e-04,-7.677971e-03,2.192237e-02,6.286099e-02
7.91250,0.508246,0.495887,3.024222e-01,1.748072e-01,9.412796e-01,1.300751e-01,-1.871434e-04,-7.676513e-03,2.192163e-02,6.285678e-02
7.91500,0.507871,0.495895,3.026470e-01,1.749136e-01,9.413066e-01,1.300700e-01,-1.957590e-04,-7.674827e-03,2.192085e-02,6.285259e-02
7.91750,0.507496,0.495903,3.028717e-01,1.750208e-01,9.413330e-01,1.300649e-01,-2.043562e-04,-7.673001e-03,2.192004e-02,6.284841e-02
7.92000,0.507120,0.495912,3.030964e-01,1.751288e-01,9.413593e-01,1.300598e-01,-2.129871e-04,-7.671237e-03,2.191921e-02,6.284424e-02
7.92250,0.506745,0.495921,3.033211e-01,1.752375e-01,9.413856e-01,1.300546e-01,-2.215497e-04,-7.669466e-03,2.191835e-02,6.284008e-02
7.92500,0.506370,0.495932,3.035457e-01,1.753470e-01,9.414120e-01,1.300495e-01,-2.300888e-04,-7.667563e-03,2.191747e-02,6.283593e-02
7.92750,0.505995,0.495943,3.037704e-01,1.754572e-01,9.414384e-01,1.300444e-01,-2.386395e-04,-7.665411e-03,2.191656e-02,6.283179e-02
7.93000,0.505619,0.495955,3.039950e-01,1.755682e-01,9.414648e-01,1.300393e-01,-2.472149e-04,-7.663083e-03,2.191561e-02,6.282766e-02
7.93250,0.505244,0.495968,3.042195e-01,1.756800e-01,9.414906e-01,1.300342e-01,-2.558251e-04,-7.660559e-03,2.191463e-02,6.282355e-02
7.93500,0.504869,0.495981,3.044441e-01,1.757925e-01,9.415157e-01,1.300291e-01,-2.644903e-04,-7.657987e-03,2.191361e-02,6.281944e-02
7.93750,0.504494,0.495995,3.046686e-01,1.759057e-01,9.415399e-01,1.300240e-01,-2.731038e-04,-7.655458e-03,2.191257e-02,6.281535e-02
7.94000,0.504119,0.496010,3.048931e-01,1.760197e-01,9.415631e-01,1.300190e-01,-2.816405e-04,-7.652933e-03,2.191150e-02,6.281127e-02
7.94250,0.503744,0.496026,3.051176e-01,1.761345e-01,9.415854e-01,1.300139e-01,-2.900903e-04,-7.650512e-03,2.191039e-02,6.280720e-02
7.94500,0.503369,0.496043,3.053420e-01,1.762500e-01,9.416066e-01,1.300088e-01,-2.984335e-04,-7.648423e-03,2.190926e-02,6.280314e-02
7.94750,0.502994,0.496060,3.055664e-01,1.763662e-01,9.416271e-01,1.300037e-01,-3.067207e-04,-7.646904e-03,2.190811e-02,6.279910e-02
7.95000,0.502619,0.496078,3.057908e-01,1.764832e-01,9.416473e-01,1.299987e-01,-3.150630e-04,-7.645942e-03,2.190692e-02,6.279507e-02
7.95250,0.502244,0.496097,3.060151e-01,1.766009e-01,9.416675e-01,1.299936e-01,-3.233812e-04,-7.645331e-03,2.190571e-02,6.279105e-02
7.95500,0.501869,0.496116,3.062394e-01,1.767194e-01,9.416880e-01,1.299885e-01,-3.316481e-04,-7.645068e-03,2.190448e-02,6.278705e-02
7.95750,0.501494,0.496136,3.064637e-01,1.768386e-01,9.417095e-01,1.299835e-01,-3.399067e-04,-7.645128e-03,2.190321e-02,6.278306e-02
7.96000,0.501120,0.496158,3.066879e-01,1.769585e-01,9.417323e-01,1.299784e-01,-3.481465e-04,-7.645570e-03,2.190192e-02,6.277909e-02
7.96250,0.500745,0.496179,3.069122e-01,1.770791e-01,9.417565e-01,1.299734e-01,-3.563702e-04,-7.646347e-03,2.190062e-02,6.277513e-02
7.96500,0.500370,0.496202,3.071363e-01,1.772005e-01,9.417823e-01,1.299683e-01,-3.645630e-04,-7.647465e-03,2.189930e-02,6.277118e-02
7.96750,0.499995,0.496225,3.073605e-01,1.773227e-01,9.418094e-01,1.299633e-01,-3.727604e-04,-7.648797e-03,2.189797e-02,6.276725e-02
7.97000,0.499621,0.496249,3.075846e-01,1.774455e-01,9.418376e-01,1.299583e-01,-3.809637e-04,-7.650425e-03,2.189664e-02,6.276333e-02
7.97250,0.499246,0.496274,3.078087e-01,1.775691e-01,9.418664e-01,1.299532e-01,-3.892039e-04,-7.652458e-03,2.189531e-02,6.275942e-02
7.97500,0.498871,0.496300,3.080328e-01,1.776934e-01,9.418955e-01,1.299482e-01,-3.974475e-04,-7.654852e-03,2.189400e-02,6.275553e-02
7.97750,0.498497,0.496326,3.082568e-01,1.778184e-01,9.419247e-01,1.299432e-01,-4.056887e-04,-7.657130e-03,2.189268e-02,6.275165e-02
7.98000,0.498122,0.496353,3.084808e-01,1.779441e-01,9.419538e-01,1.299382e-01,-4.139929e-04,-7.658884e-03,2.189133e-02,6.274779e-02
7.98250,0.497748,0.496381,3.087047e-01,1.780706e-01,9.419823e-01,1.299331e-01,-4.222817e-04,-7.660184e-03,2.188997e-02,6.274393e-02
7.98500,0.497373,0.496410,3.089286e-01,1.781977e-01,9.420102e-01,1.299281e-01,-4.305260e-04,-7.660997e-03,2.188856e-02,6.274009e-02
7.98750,0.496999,0.496440,3.091525e-01,1.783256e-01,9.420375e-01,1.299231e-01,-4.388359e-04,-7.661405e-03,2.188713e-02,6.273626e-02
7.99000,0.496625,0.496470,3.093764e-01,1.784542e-01,9.420643e-01,1.299181e-01,-4.472116e-04,-7.661585e-03,2.188566e-02,6.273244e-02
7.99250,0.496251,0.496501,3.096002e-01,1.785835e-01,9.420907e-01,1.299131e-01,-4.555297e-04,-7.661651e-03,2.188416e-02,6.272864e-02
7.99500,0.495876,0.496532,3.098240e-01,1.787135e-01,9.421167e-01,1.299081e-01,-4.637839e-04,-7.661632e-03,2.188264e-02,6.272484e-02
7.99750,0.495502,0.496565,3.100477e-01,1.788443e-01,9.421424e-01,1.299031e-01,-4.720398e-04,-7.661464e-03,2.188110e-02,6.272106e-02
8.00000,0.495128,0.496598,3.102714e-01,1.789757e-01,9.421682e-01,1.298982e-01,-4.803298e-04,-7.661341e-03,2.187954e-02,6.271728e-02
8.00250,0.494754,0.496632,3.104951e-01,1.791078e-01,9.421940e-01,1.298932e-01,-4.885707e-04,-7.661494e-03,2.187798e-02,6.271352e-02
8.00500,0.494380,0.496667,3.107187e-01,1.792407e-01,9.422198e-01,1.298882e-01,-4.967219e-04,-7.661668e-03,2.187641e-02,6.270977e-02
8.00750,0.494006,0.496703,3.109423e-01,1.793742e-01,9.422454e-01,1.298832e-01,-5.048507e-04,-7.661427e-03,2.187481e-02,6.270602e-02
8.01000,0.493632,0.496739,3.111659e-01,1.795084e-01,9.422705e-01,1.298783e-01,-5.130411e-04,-7.660626e-03,2.187317e-02,6.270229e-02
8.01250,0.493258,0.496776,3.113894e-01,1.796433e-01,9.422948e-01,1.298733e-01,-5.212808e-04,-7.659459e-03,2.187148e-02,6.269856e-02
8.01500,0.492884,0.496814,3.116129e-01,1.797790e-01,9.423182e-01,1.298683e-01,-5.295449e-04,-7.658046e-03,2.186975e-02,6.269485e-02
8.01750,0.492510,0.496852,3.118364e-01,1.799153e-01,9.423408e-01,1.298634e-01,-5.378548e-04,-7.656348e-03,2.186797e-02,6.269115e-02
8.02000,0.492137,0.496892,3.120598e-01,1.800523e-01,9.423624e-01,1.298584e-01,-5.461200e-04,-7.654492e-03,2.186615e-02,6.268745e-02
8.02250,0.491763,0.496932,3.122832e-01,1.801899e-01,9.423832e-01,1.298535e-01,-5.543213e-04,-7.652409e-03,2.186428e-02,6.268377e-02
8.02500,0.491389,0.496973,3.125065e-01,1.803283e-01,9.424034e-01,1.298485e-01,-5.624359e-04,-7.650263e-03,2.186236e-02,6.268010e-02
8.02750,0.491016,0.497014,3.127298e-01,1.804674e-01,9.424233e-01,1.298436e-01,-5.705081e-04,-7.648095e-03,2.186040e-02,6.267644e-02
8.03000,0.490642,0.497057,3.129531e-01,1.806071e-01,9.424432e-01,1.298387e-01,-5.785494e-04,-7.645880e-03,2.185839e-02,6.267280e-02
8.03250,0.490269,0.497100,3.131763e-01,1.807475e-01,9.424634e-01,1.298338e-01,-5.865801e-04,-7.643638e-03,2.185635e-02,6.266916e-02
8.03500,0.489896,0.497144,3.133995e-01,1.808886e-01,9.424842e-01,1.298288e-01,-5.945054e-04,-7.641641e-03,2.185426e-02,6.266554e-02
8.03750,0.489522,0.497189,3.136227e-01,1.810304e-01,9.425061e-01,1.298239e-01,-6.023172e-04,-7.640077e-03,2.185214e-02,6.266194e-02
8.04000,0.489149,0.497234,3.138458e-01,1.811728e-01,9.425293e-01,1.298190e-01,-6.100961e-04,-7.638993e-03,2.184999e-02,6.265835e-02
8.04250,0.488776,0.497280,3.140689e-01,1.813159e-01,9.425535e-01,1.298141e-01,-6.179523e-04,-7.638174e-03,2.184779e-02,6.265477e-02
8.04500,0.488403,0.497327,3.142919e-01,1.814597e-01,9.425789e-01,1.298092e-01,-6.258224e-04,-7.637580e-03,2.184555e-02,6.265121e-02
8.04750,0.488030,0.497375,3.145149e-01,1.816042e-01,9.426050e-01,1.298043e-01,-6.336360e-04,-7.637243e-03,2.184328e-02,6.264767e-02
8.05000,0.487657,0.497423,3.147379e-01,1.817493e-01,9.426316e-01,1.297994e-01,-6.413499e-04,-7.637237e-03,2.184097e-02,6.264414e-02
8.05250,0.487284,0.497473,3.149608e-01,1.818951e-01,9.426582e-01,1.297945e-01,-6.489741e-04,-7.637501e-03,2.183864e-02,6.264062e-02
8.05500,0.486911,0.497523,3.151836e-01,1.820416e-01,9.426846e-01,1.297896e-01,-6.565752e-04,-7.637893e-03,2.183627e-02,6.263713e-02
8.05750,0.486538,0.497574,3.154065e-01,1.821887e-01,9.427107e-01,1.297847e-01,-6.642195e-04,-7.638267e-03,2.183387e-02,6.263365e-02
8.06000,0.486165,0.497625,3.156293e-01,1.823365e-01,9.427364e-01,1.297799e-01,-6.719271e-04,-7.638606e-03,2.183144e-02,6.263019e-02
8.06250,0.485793,0.497677,3.158520e-01,1.824849e-01,9.427617e-01,1.297750e-01,-6.796807e-04,-7.638915e-03,2.182899e-02,6.262674e-02
8.06500,0.485420,0.497730,3.160748e-01,1.826340e-01,9.427865e-01,1.297701e-01,-6.875179e-04,-7.639094e-03,2.182650e-02,6.262332e-02
8.06750,0.485047,0.497784,3.162974e-01,1.827837e-01,9.428110e-01,1.297652e-01,-6.953847e-04,-7.639109e-03,2.182399e-02,6.261991e-02
8.07000,0.484675,0.497839,3.165201e-01,1.829341e-01,9.428351e-01,1.297604e-01,-7.033122e-04,-7.638817e-03,2.182144e-02,6.261651e-02
8.07250,0.484303,0.497894,3.167427e-01,1.830852e-01,9.428590e-01,1.297555e-01,-7.113281e-04,-7.638149e-03,2.181887e-02,6.261314e-02
8.07500,0.483930,0.497950,3.169652e-01,1.832369e-01,9.428828e-01,1.297507e-01,-7.192796e-04,-7.637074e-03,2.181627e-02,6.260977e-02
8.07750,0.483558,0.498007,3.171877e-01,1.833893e-01,9.429068e-01,1.297458e-01,-7.271305e-04,-7.635793e-03,2.181365e-02,6.260643e-02
8.08000,0.483186,0.498065,3.174102e-01,1.835423e-01,9.429309e-01,1.297410e-01,-7.348915e-04,-7.634574e-03,2.181101e-02,6.260310e-02
8.08250,0.482814,0.498123,3.176326e-01,1.836959e-01,9.429552e-01,1.297361e-01,-7.425943e-04,-7.633452e-03,2.180838e-02,6.259978e-02
8.08500,0.482442,0.498182,3.178550e-01,1.838502e-01,9.429795e-01,1.297313e-01,-7.503222e-04,-7.632352e-03,2.180574e-02,6.259648e-02
8.08750,0.482070,0.498242,3.180773e-01,1.840051e-01,9.430034e-01,1.297265e-01,-7.580332e-04,-7.631238e-03,2.180310e-02,6.259319e-02
8.09000,0.481698,0.498303,3.182996e-01,1.841607e-01,9.430267e-01,1.297216e-01,-7.657497e-04,-7.630184e-03,2.180045e-02,6.258991e-02
8.09250,0.481326,0.498364,3.185219e-01,1.843169e-01,9.430493e-01,1.297168e-01,-7.734783e-04,-7.629306e-03,2.179780e-02,6.258664e-02
8.09500,0.480954,0.498426,3.187441e-01,1.844738e-01,9.430713e-01,1.297120e-01,-7.811583e-04,-7.628596e-03,2.179515e-02,6.258339e-02
8.09750,0.480583,0.498489,3.189662e-01,1.846312e-01,9.430926e-01,1.297072e-01,-7.887957e-04,-7.627752e-03,2.179249e-02,6.258015e-02
8.10000,0.480211,0.498553,3.191884e-01,1.847893e-01,9.431135e-01,1.297024e-01,-7.964035e-04,-7.626664e-03,2.178980e-02,6.257692e-02
8.10250,0.479840,0.498617,3.194104e-01,1.849481e-01,9.431341e-01,1.296976e-01,-8.040289e-04,-7.625344e-03,2.178708e-02,6.257370e-02
8.10500,0.479468,0.498683,3.196325e-01,1.851074e-01,9.431544e-01,1.296928e-01,-8.117359e-04,-7.623790e-03,2.178433e-02,6.257049e-02
8.10750,0.479097,0.498748,3.198545e-01,1.852674e-01,9.431747e-01,1.296880e-01,-8.195182e-04,-7.622030e-03,2.178155e-02,6.256730e-02
8.11000,0.478726,0.498815,3.200764e-01,1.854281e-01,9.431955e-01,1.296832e-01,-8.272854e-04,-7.620268e-03,2.177875e-02,6.256411e-02
8.11250,0.478355,0.498883,3.202983e-01,1.855893e-01,9.432168e-01,1.296784e-01,-8.349735e-04,-7.618636e-03,2.177591e-02,6.256094e-02
8.11500,0.477984,0.498951,3.205201e-01,1.857512e-01,9.432390e-01,1.296736e-01,-8.426060e-04,-7.617219e-03,2.177306e-02,6.255778e-02
8.11750,0.477613,0.499020,3.207420e-01,1.859137e-01,9.432622e-01,1.296689e-01,-8.502612e-04,-7.616005e-03,2.177018e-02,6.255463e-02
8.12000,0.477242,0.499090,3.209637e-01,1.860768e-01,9.432864e-01,1.296641e-01,-8.578631e-04,-7.614912e-03,2.176728e-02,6.255149e-02
8.12250,0.476871,0.499160,3.211854e-01,1.862405e-01,9.433114e-01,1.296593e-01,-8.654895e-04,-7.613916e-03,2.176436e-02,6.254837e-02
8.12500,0.476500,0.499231,3.214071e-01,1.864048e-01,9.433371e-01,1.296546e-01,-8.731608e-04,-7.613112e-03,2.176140e-02,6.254525e-02
8.12750,0.476130,0.499303,3.216287e-01,1.865697e-01,9.433628e-01,1.296498e-01,-8.808744e-04,-7.612599e-03,2.175842e-02,6.254215e-02
8.13000,0.475759,0.499376,3.218503e-01,1.867353e-01,9.433882e-01,1.296451e-01,-8.884990e-04,-7.612416e-03,2.175539e-02,6.253907e-02
8.13250,0.475389,0.499450,3.220718e-01,1.869015e-01,9.434133e-01,1.296403e-01,-8.960163e-04,-7.612609e-03,2.175232e-02,6.253600e-02
8.13500,0.475018,0.499524,3.222933e-01,1.870682e-01,9.434381e-01,1.296356e-01,-9.035924e-04,-7.612914e-03,2.174921e-02,6.253294e-02
8.13750,0.474648,0.499599,3.225147e-01,1.872356e-01,9.434624e-01,1.296308e-01,-9.112440e-04,-7.613159e-03,2.174605e-02,6.252990e-02
8.14000,0.474278,0.499675,3.227361e-01,1.874036e-01,9.434864e-01,1.296261e-01,-9.188302e-04,-7.613551e-03,2.174285e-02,6.252687e-02
8.14250,0.473908,0.499752,3.229575e-01,1.875721e-01,9.435098e-01,1.296214e-01,-9.262580e-04,-7.614096e-03,2.173961e-02,6.252386e-02
8.14500,0.473538,0.499829,3.231788e-01,1.877413e-01,9.435326e-01,1.296167e-01,-9.336214e-04,-7.614735e-03,2.173631e-02,6.252087e-02
8.14750,0.473168,0.499907,3.234000e-01,1.879111e-01,9.435549e-01,1.296119e-01,-9.410164e-04,-7.615279e-03,2.173297e-02,6.251790e-02
8.15000,0.472798,0.499986,3.236212e-01,1.880815e-01,9.435769e-01,1.296072e-01,-9.484664e-04,-7.615798e-03,2.172957e-02,6.251494e-02
8.15250,0.472428,0.500065,3.238423e-01,1.882524e-01,9.435988e-01,1.296025e-01,-9.560585e-04,-7.616146e-03,2.172613e-02,6.251200e-02
8.15500,0.472059,0.500146,3.240634e-01,1.884240e-01,9.436208e-01,1.295978e-01,-9.637775e-04,-7.616189e-03,2.172265e-02,6.250908e-02
8.15750,0.471689,0.500227,3.242845e-01,1.885962e-01,9.436428e-01,1.295931e-01,-9.715492e-04,-7.615774e-03,2.171914e-02,6.250618e-02
8.16000,0.471320,0.500309,3.245055e-01,1.887689e-01,9.436650e-01,1.295884e-01,-9.792745e-04,-7.614997e-03,2.171560e-02,6.250330e-02
8.16250,0.470951,0.500391,3.247264e-01,1.889422e-01,9.436873e-01,1.295837e-01,-9.868870e-04,-7.613935e-03,2.171202e-02,6.250043e-02
8.16500,0.470581,0.500475,3.249473e-01,1.891161e-01,9.437092e-01,1.295790e-01,-9.944649e-04,-7.612459e-03,2.170841e-02,6.249759e-02
8.16750,0.470212,0.500559,3.251682e-01,1.892907e-01,9.437306e-01,1.295744e-01,-1.002025e-03,-7.610702e-03,2.170478e-02,6.249476e-02
8.17000,0.469843,0.500644,3.253890e-01,1.894657e-01,9.437515e-01,1.295697e-01,-1.009495e-03,-7.608866e-03,2.170112e-02,6.249194e-02
8.17250,0.469474,0.500729,3.256097e-01,1.896414e-01,9.437720e-01,1.295650e-01,-1.016903e-03,-7.606893e-03,2.169743e-02,6.248914e-02
8.17500,0.469106,0.500816,3.258304e-01,1.898177e-01,9.437924e-01,1.295603e-01,-1.024332e-03,-7.604623e-03,2.169371e-02,6.248636e-02
8.17750,0.468737,0.500903,3.260511e-01,1.899945e-01,9.438127e-01,1.295557e-01,-1.031867e-03,-7.602172e-03,2.168997e-02,6.248360e-02
8.18000,0.468368,0.500991,3.262717e-01,1.901719e-01,9.438330e-01,1.295510e-01,-1.039455e-03,-7.599474e-03,2.168619e-02,6.248085e-02
8.18250,0.468000,0.501080,3.264922e-01,1.903499e-01,9.438534e-01,1.295464e-01,-1.047074e-03,-7.596525e-03,2.168238e-02,6.247812e-02
8.18500,0.467631,0.501169,3.267127e-01,1.905284e-01,9.438739e-01,1.295417e-01,-1.054683e-03,-7.593697e-03,2.167855e-02,6.247541e-02
8.18750,0.467263,0.501259,3.269332e-01,1.907076e-01,9.438950e-01,1.295371e-01,-1.062264e-03,-7.590763e-03,2.167470e-02,6.247271e-02
8.19000,0.466895,0.501350,3.271536e-01,1.908873e-01,9.439170e-01,1.295324e-01,-1.069668e-03,-7.587683e-03,2.167082e-02,6.247003e-02
8.19250,0.466527,0.501442,3.273739e-01,1.910675e-01,9.439398e-01,1.295278e-01,-1.076918e-03,-7.584548e-03,2.166691e-02,6.246736e-02
8.19500,0.466159,0.501534,3.275942e-01,1.912484e-01,9.439635e-01,1.295232e-01,-1.084151e-03,-7.581368e-03,2.166299e-02,6.246470e-02
8.19750,0.465791,0.501628,3.278144e-01,1.914298e-01,9.439883e-01,1.295185e-01,-1.091540e-03,-7.578100e-03,2.165905e-02,6.246207e-02
8.20000,0.465423,0.501722,3.280346e-01,1.916117e-01,9.440140e-01,1.295139e-01,-1.098980e-03,-7.574817e-03,2.165510e-02,6.245944e-02
8.20250,0.465056,0.501816,3.282548e-01,1.917943e-01,9.440400e-01,1.295093e-01,-1.106339e-03,-7.571795e-03,2.165114e-02,6.245684e-02
8.20500,0.464688,0.501912,3.284748e-01,1.919773e-01,9.440660e-01,1.295047e-01,-1.113679e-03,-7.569082e-03,2.164717e-02,6.245424e-02
8.20750,0.464321,0.502008,3.286949e-01,1.921610e-01,9.440916e-01,1.295001e-01,-1.121108e-03,-7.566658e-03,2.164318e-02,6.245166e-02
8.21000,0.463953,0.502105,3.289149e-01,1.923452e-01,9.441168e-01,1.294955e-01,-1.128600e-03,-7.564528e-03,2.163920e-02,6.244910e-02
8.21250,0.463586,0.502203,3.291348e-01,1.925299e-01,9.441419e-01,1.294909e-01,-1.136065e-03,-7.562688e-03,2.163521e-02,6.244655e-02
8.21500,0.463219,0.502301,3.293547e-01,1.927153e-01,9.441666e-01,1.294863e-01,-1.143518e-03,-7.561094e-03,2.163122e-02,6.244401e-02
8.21750,0.462852,0.502401,3.295745e-01,1.929011e-01,9.441908e-01,1.294817e-01,-1.150975e-03,-7.559868e-03,2.162721e-02,6.244149e-02
8.22000,0.462485,0.502501,3.297942e-01,1.930875e-01,9.442143e-01,1.294771e-01,-1.158329e-03,-7.559240e-03,2.162319e-02,6.243898e-02
8.22250,0.462119,0.502601,3.300140e-01,1.932745e-01,9.442371e-01,1.294725e-01,-1.165560e-03,-7.559199e-03,2.161915e-02,6.243649e-02
8.22500,0.461752,0.502703,3.302336e-01,1.934620e-01,9.442592e-01,1.294680e-01,-1.172744e-03,-7.559575e-03,2.161508e-02,6.243402e-02
8.22750,0.461386,0.502805,3.304532e-01,1.936501e-01,9.442810e-01,1.294634e-01,-1.180003e-03,-7.560089e-03,2.161098e-02,6.243156e-02
8.23000,0.461019,0.502908,3.306728e-01,1.938387e-01,9.443026e-01,1.294588e-01,-1.187344e-03,-7.560665e-03,2.160686e-02,6.242912e-02
8.23250,0.460653,0.503012,3.308923e-01,1.940278e-01,9.443241e-01,1.294543e-01,-1.194631e-03,-7.561424e-03,2.160270e-02,6.242670e-02
8.23500,0.460287,0.503116,3.311117e-01,1.942175e-01,9.443455e-01,1.294497e-01,-1.201897e-03,-7.562343e-03,2.159852e-02,6.242429e-02
8.23750,0.459921,0.503222,3.313311e-01,1.944077e-01,9.443668e-01,1.294452e-01,-1.209165e-03,-7.563305e-03,2.159431e-02,6.242190e-02
8.24000,0.459555,0.503328,3.315505e-01,1.945985e-01,9.443879e-01,1.294406e-01,-1.216452e-03,-7.564330e-03,2.159006e-02,6.241952e-02
8.24250,0.459189,0.503434,3.317698e-01,1.947898e-01,9.444086e-01,1.294361e-01,-1.223769e-03,-7.565358e-03,2.158580e-02,6.241717e-02
8.24500,0.458824,0.503542,3.319890e-01,1.949816e-01,9.444287e-01,1.294316e-01,-1.231150e-03,-7.566259e-03,2.158151e-02,6.241483e-02
8.24750,0.458458,0.503650,3.322082e-01,1.951740e-01,9.444482e-01,1.294270e-01,-1.238632e-03,-7.566856e-03,2.157721e-02,6.241251e-02
8.25000,0.458093,0.503759,3.324273e-01,1.953669e-01,9.444676e-01,1.294225e-01,-1.246045e-03,-7.567108e-03,2.157289e-02,6.241021e-02
8.25250,0.457727,0.503869,3.326464e-01,1.955603e-01,9.444871e-01,1.294180e-01,-1.253330e-03,-7.567110e-03,2.156853e-02,6.240792e-02
8.25500,0.457362,0.503980,3.328654e-01,1.957543e-01,9.445067e-01,1.294135e-01,-1.260578e-03,-7.566647e-03,2.156415e-02,6.240565e-02
8.25750,0.456997,0.504091,3.330844e-01,1.959487e-01,9.445263e-01,1.294090e-01,-1.267868e-03,-7.565691e-03,2.155972e-02,6.240340e-02
8.26000,0.456632,0.504203,3.333033e-01,1.961438e-01,9.445460e-01,1.294045e-01,-1.275222e-03,-7.564342e-03,2.155524e-02,6.240117e-02
8.26250,0.456268,0.504316,3.335221e-01,1.963393e-01,9.445660e-01,1.294000e-01,-1.282556e-03,-7.562718e-03,2.155073e-02,6.239895e-02
8.26500,0.455903,0.504429,3.337409e-01,1.965354e-01,9.445867e-01,1.293955e-01,-1.289859e-03,-7.560740e-03,2.154617e-02,6.239675e-02
8.26750,0.455539,0.504543,3.339597e-01,1.967319e-01,9.446083e-01,1.293910e-01,-1.297229e-03,-7.558428e-03,2.154158e-02,6.239456e-02
8.27000,0.455174,0.504659,3.341784e-01,1.969290e-01,9.446309e-01,1.293865e-01,-1.304663e-03,-7.555868e-03,2.153695e-02,6.239240e-02
8.27250,0.454810,0.504774,3.343970e-01,1.971267e-01,9.446545e-01,1.293820e-01,-1.312128e-03,-7.553117e-03,2.153229e-02,6.239025e-02
8.27500,0.454446,0.504891,3.346156e-01,1.973248e-01,9.446791e-01,1.293775e-01,-1.319572e-03,-7.550237e-03,2.152760e-02,6.238812e-02
8.27750,0.454082,0.505008,3.348341e-01,1.975235e-01,9.447045e-01,1.293731e-01,-1.326965e-03,-7.547282e-03,2.152289e-02,6.238601e-02
8.28000,0.453718,0.505126,3.350526e-01,1.977226e-01,9.447301e-01,1.293686e-01,-1.334224e-03,-7.544274e-03,2.151817e-02,6.238391e-02
8.28250,0.453354,0.505245,3.352710e-01,1.979223e-01,9.447557e-01,1.293641e-01,-1.341360e-03,-7.541031e-03,2.151342e-02,6.238183e-02
8.28500,0.452991,0.505365,3.354893e-01,1.981225e-01,9.447811e-01,1.293597e-01,-1.348443e-03,-7.537683e-03,2.150864e-02,6.237977e-02
8.28750,0.452627,0.505485,3.357076e-01,1.983232e-01,9.448063e-01,1.293552e-01,-1.355678e-03,-7.534085e-03,2.150384e-02,6.237772e-02
8.29000,0.452264,0.505606,3.359258e-01,1.985244e-01,9.448315e-01,1.293508e-01,-1.363075e-03,-7.530164e-03,2.149900e-02,6.237569e-02
8.29250,0.451901,0.505728,3.361440e-01,1.987261e-01,9.448563e-01,1.293463e-01,-1.370506e-03,-7.526034e-03,2.149412e-02,6.237368e-02
8.29500,0.451538,0.505850,3.363621e-01,1.989283e-01,9.448805e-01,1.293419e-01,-1.377869e-03,-7.522041e-03,2.148922e-02,6.237168e-02
8.29750,0.451175,0.505974,3.365802e-01,1.991311e-01,9.449040e-01,1.293375e-01,-1.385126e-03,-7.518324e-03,2.148429e-02,6.236971e-02
8.30000,0.450812,0.506098,3.367981e-01,1.993343e-01,9.449266e-01,1.293330e-01,-1.392399e-03,-7.514662e-03,2.147934e-02,6.236775e-02
8.30250,0.450450,0.506222,3.370161e-01,1.995380e-01,9.449487e-01,1.293286e-01,-1.399662e-03,-7.511112e-03,2.147437e-02,6.236581e-02
8.30500,0.450087,0.506348,3.372339e-01,1.997422e-01,9.449704e-01,1.293242e-01,-1.406863e-03,-7.507633e-03,2.146938e-02,6.236388e-02
8.30750,0.449725,0.506474,3.374517e-01,1.999470e-01,9.449919e-01,1.293198e-01,-1.413947e-03,-7.504159e-03,2.146437e-02,6.236198e-02
8.31000,0.449363,0.506601,3.376695e-01,2.001522e-01,9.450132e-01,1.293154e-01,-1.420941e-03,-7.500980e-03,2.145933e-02,6.236009e-02
8.31250,0.449001,0.506729,3.378871e-01,2.003579e-01,9.450343e-01,1.293110e-01,-1.427853e-03,-7.498367e-03,2.145427e-02,6.235823e-02
8.31500,0.448639,0.506858,3.381048e-01,2.005641e-01,9.450552e-01,1.293066e-01,-1.434815e-03,-7.496183e-03,2.144919e-02,6.235638e-02
8.31750,0.448277,0.506987,3.383223e-01,2.007708e-01,9.450757e-01,1.293022e-01,-1.441955e-03,-7.494326e-03,2.144409e-02,6.235455e-02
8.32000,0.447915,0.507117,3.385398e-01,2.009780e-01,9.450955e-01,1.292978e-01,-1.449189e-03,-7.492817e-03,2.143898e-02,6.235274e-02
8.32250,0.447554,0.507248,3.387572e-01,2.011857e-01,9.451146e-01,1.292934e-01,-1.456440e-03,-7.491629e-03,2.143386e-02,6.235096e-02
8.32500,0.447193,0.507379,3.389746e-01,2.013939e-01,9.451333e-01,1.292891e-01,-1.463652e-03,-7.490840e-03,2.142873e-02,6.234919e-02
8.32750,0.446831,0.507511,3.391919e-01,2.016025e-01,9.451519e-01,1.292847e-01,-1.470813e-03,-7.490432e-03,2.142360e-02,6.234744e-02
8.33000,0.446470,0.507644,3.394091e-01,2.018117e-01,9.451705e-01,1.292803e-01,-1.477977e-03,-7.490224e-03,2.141846e-02,6.234571e-02
8.33250,0.446109,0.507778,3.396263e-01,2.020213e-01,9.451891e-01,1.292759e-01,-1.485131e-03,-7.490285e-03,2.141333e-02,6.234400e-02
8.33500,0.445749,0.507913,3.398434e-01,2.022314e-01,9.452076e-01,1.292716e-01,-1.492300e-03,-7.490516e-03,2.140821e-02,6.234231e-02
8.33750,0.445388,0.508048,3.400604e-01,2.024420e-01,9.452262e-01,1.292672e-01,-1.499529e-03,-7.490873e-03,2.140308e-02,6.234064e-02
8.34000,0.445028,0.508184,3.402774e-01,2.026531e-01,9.452451e-01,1.292629e-01,-1.506790e-03,-7.491130e-03,2.139795e-02,6.233899e-02
8.34250,0.444668,0.508321,3.404943e-01,2.028647e-01,9.452647e-01,1.292585e-01,-1.514099e-03,-7.491033e-03,2.139281e-02,6.233735e-02
8.34500,0.444307,0.508458,3.407111e-01,2.030767e-01,9.452851e-01,1.292542e-01,-1.521448e-03,-7.490555e-03,2.138764e-02,6.233574e-02
8.34750,0.443947,0.508596,3.409279e-01,2.032892e-01,9.453065e-01,1.292499e-01,-1.528872e-03,-7.489586e-03,2.138244e-02,6.233414e-02
8.35000,0.443588,0.508735,3.411446e-01,2.035022e-01,9.453289e-01,1.292455e-01,-1.536309e-03,-7.488304e-03,2.137722e-02,6.233256e-02
8.35250,0.443228,0.508875,3.413613e-01,2.037157e-01,9.453522e-01,1.292412e-01,-1.543736e-03,-7.486742e-03,2.137198e-02,6.233100e-02
8.35500,0.442868,0.509015,3.415779e-01,2.039296e-01,9.453761e-01,1.292369e-01,-1.551058e-03,-7.485092e-03,2.136673e-02,6.232946e-02
8.35750,0.442509,0.509157,3.417944e-01,2.041440e-01,9.454003e-01,1.292326e-01,-1.558279e-03,-7.483466e-03,2.136146e-02,6.232794e-02
8.36000,0.442150,0.509299,3.420108e-01,2.043589e-01,9.454245e-01,1.292283e-01,-1.565487e-03,-7.481699e-03,2.135618e-02,6.232643e-02
8.36250,0.441791,0.509441,3.422272e-01,2.045742e-01,9.454488e-01,1.292240e-01,-1.572664e-03,-7.479722e-03,2.135089e-02,6.232494e-02
8.36500,0.441432,0.509585,3.424435e-01,2.047900e-01,9.454731e-01,1.292197e-01,-1.579831e-03,-7.477595e-03,2.134559e-02,6.232347e-02
8.36750,0.441073,0.509729,3.426598e-01,2.050063e-01,9.454975e-01,1.292154e-01,-1.586987e-03,-7.475329e-03,2.134027e-02,6.232201e-02
8.37000,0.440715,0.509874,3.428760e-01,2.052231e-01,9.455216e-01,1.292111e-01,-1.594112e-03,-7.472942e-03,2.133495e-02,6.232057e-02
8.37250,0.440356,0.510019,3.430921e-01,2.054403e-01,9.455452e-01,1.292068e-01,-1.601194e-03,-7.470594e-03,2.132985e-02,6.231915e-02
8.37500,0.439998,0.510166,3.433082e-01,2.056580e-01,9.455680e-01,1.292025e-01,-1.608339e-03,-7.468081e-03,2.132440e-02,6.231774e-02
8.37750,0.439640,0.510313,3.435242e-01,2.058761e-01,9.455901e-01,1.291982e-01,-1.615353e-03,-7.465337e-03,2.131898e-02,6.231635e-02
8.38000,0.439282,0.510461,3.437401e-01,2.060947e-01,9.456117e-01,1.291940e-01,-1.622419e-03,-7.462129e-03,2.131354e-02,6.231498e-02
8.38250,0.438924,0.510609,3.439560e-01,2.063137e-01,9.456330e-01,1.291897e-01,-1.629584e-03,-7.458456e-03,2.130807e-02,6.231362e-02
8.38500,0.438567,0.510759,3.441718e-01,2.065332e-01,9.456543e-01,1.291854e-01,-1.636704e-03,-7.454594e-03,2.130256e-02,6.231228e-02
8.38750,0.438209,0.510909,3.443875e-01,2.067532e-01,9.456753e-01,1.291812e-01,-1.643776e-03,-7.450688e-03,2.129703e-02,6.231096e-02
8.39000,0.437852,0.511060,3.446032e-01,2.069736e-01,9.456962e-01,1.291770e-01,-1.650810e-03,-7.446870e-03,2.129146e-02,6.230965e-02
8.39250,0.437495,0.511211,3.448188e-01,2.071945e-01,9.457168e-01,1.291727e-01,-1.657775e-03,-7.443188e-03,2.128588e-02,6.230837e-02
8.39500,0.437138,0.511364,3.450343e-01,2.074158e-01,9.457369e-01,1.291685e-01,-1.664685e-03,-7.439559e-03,2.128027e-02,6.230710e-02
8.39750,0.436781,0.511517,3.452498e-01,2.076376e-01,9.457564e-01,1.291642e-01,-1.671590e-03,-7.435883e-03,2.127463e-02,6.230585e-02
8.40000,0.436425,0.511671,3.454652e-01,2.078598e-01,9.457752e-01,1.291600e-01,-1.678521e-03,-7.432130e-03,2.126897e-02,6.230463e-02
8.40250,0.436068,0.511825,3.456806e-01,2.080824e-01,9.457937e-01,1.291558e-01,-1.685444e-03,-7.428530e-03,2.126328e-02,6.230342e-02
8.40500,0.435712,0.511980,3.458958e-01,2.083055e-01,9.458120e-01,1.291516e-01,-1.692396e-03,-7.425331e-03,2.125758e-02,6.230223e-02
8.40750,0.435356,0.512136,3.461111e-01,2.085291e-01,9.458302e-01,1.291474e-01,-1.699389e-03,-7.422572e-03,2.125186e-02,6.230106e-02
8.41000,0.435000,0.512293,3.463262e-01,2.087531e-01,9.458482e-01,1.291432e-01,-1.706523e-03,-7.420083e-03,2.124613e-02,6.229992e-02
8.41250,0.434644,0.512451,3.465413e-01,2.089776e-01,9.458661e-01,1.291390e-01,-1.713750e-03,-7.417824e-03,2.124038e-02,6.229879e-02
8.41500,0.434289,0.512609,3.467564e-01,2.092024e-01,9.458839e-01,1.291348e-01,-1.720963e-03,-7.415630e-03,2.123461e-02,6.229769e-02
8.41750,0.433933,0.512768,3.469720e-01,2.094278e-01,9.459020e-01,1.291306e-01,-1.728029e-03,-7.413571e-03,2.122883e-02,6.229661e-02
8.42000,0.433578,0.512928,3.471875e-01,2.096535e-01,9.459206e-01,1.291264e-01,-1.734949e-03,-7.411809e-03,2.122303e-02,6.229555e-02
8.42250,0.433223,0.513088,3.474030e-01,2.098797e-01,9.459399e-01,1.291222e-01,-1.741818e-03,-7.410349e-03,2.121722e-02,6.229451e-02
8.42500,0.432868,0.513249,3.476183e-01,2.101064e-01,9.459601e-01,1.291181e-01,-1.748727e-03,-7.409077e-03,2.121139e-02,6.229349e-02
8.42750,0.432513,0.513411,3.478337e-01,2.103335e-01,9.459810e-01,1.291139e-01,-1.755682e-03,-7.407859e-03,2.120554e-02,6.229250e-02
8.43000,0.432159,0.513574,3.480489e-01,2.105610e-01,9.460027e-01,1.291097e-01,-1.762726e-03,-7.406419e-03,2.119967e-02,6.229153e-02
8.43250,0.431804,0.513737,3.482641e-01,2.107889e-01,9.460248e-01,1.291056e-01,-1.769741e-03,-7.404660e-03,2.119377e-02,6.229058e-02
8.43500,0.431450,0.513901,3.484792e-01,2.110173e-01,9.460472e-01,1.291014e-01,-1.776781e-03,-7.402534e-03,2.118785e-02,6.228966e-02
8.43750,0.431096,0.514066,3.486942e-01,2.112461e-01,9.460697e-01,1.290973e-01,-1.783832e-03,-7.400004e-03,2.118190e-02,6.228876e-02
8.44000,0.430742,0.514232,3.489091e-01,2.114754e-01,9.460923e-01,1.290931e-01,-1.790877e-03,-7.397234e-03,2.117595e-02,6.228788e-02
8.44250,0.430389,0.514398,3.491240e-01,2.117051e-01,9.461151e-01,1.290890e-01,-1.797873e-03,-7.394430e-03,2.116999e-02,6.228702e-02
8.44500,0.430035,0.514565,3.493388e-01,2.119352e-01,9.461379e-01,1.290849e-01,-1.804759e-03,-7.391616e-03,2.116404e-02,6.228618e-02
8.44750,0.429682,0.514733,3.495536e-01,2.121657e-01,9.461606e-01,1.290807e-01,-1.811510e-03,-7.388665e-03,2.115809e-02,6.228536e-02
8.45000,0.429329,0.514902,3.497682e-01,2.123967e-01,9.461827e-01,1.290766e-01,-1.818187e-03,-7.385540e-03,2.115214e-02,6.228457e-02
8.45250,0.428976,0.515071,3.499828e-01,2.126280e-01,9.462042e-01,1.290725e-01,-1.824877e-03,-7.382328e-03,2.114620e-02,6.228379e-02
8.45500,0.428623,0.515241,3.501974e-01,2.128598e-01,9.462251e-01,1.290684e-01,-1.831673e-03,-7.379058e-03,2.114025e-02,6.228303e-02
8.45750,0.428271,0.515412,3.504118e-01,2.130921e-01,9.462456e-01,1.290643e-01,-1.838573e-03,-7.375794e-03,2.113431e-02,6.228229e-02
8.46000,0.427918,0.515583,3.506262e-01,2.133247e-01,9.462658e-01,1.290602e-01,-1.845523e-03,-7.372583e-03,2.112838e-02,6.228157e-02
8.46250,0.427566,0.515756,3.508405e-01,2.135578e-01,9.462860e-01,1.290561e-01,-1.852423e-03,-7.369448e-03,2.112247e-02,6.228087e-02
8.46500,0.427214,0.515928,3.510547e-01,2.137913e-01,9.463063e-01,1.290520e-01,-1.859246e-03,-7.366308e-03,2.111656e-02,6.228019e-02
8.46750,0.426862,0.516102,3.512689e-01,2.140252e-01,9.463264e-01,1.290479e-01,-1.865989e-03,-7.363044e-03,2.111064e-02,6.227952e-02
8.47000,0.426511,0.516277,3.514829e-01,2.142595e-01,9.463463e-01,1.290438e-01,-1.872618e-03,-7.359709e-03,2.110471e-02,6.227888e-02
8.47250,0.426159,0.516452,3.516969e-01,2.144943e-01,9.463658e-01,1.290397e-01,-1.879141e-03,-7.356384e-03,2.109877e-02,6.227825e-02
8.47500,0.425808,0.516628,3.519109e-01,2.147294e-01,9.463848e-01,1.290357e-01,-1.885630e-03,-7.352900e-03,2.109282e-02,6.227764e-02
8.47750,0.425457,0.516804,3.521247e-01,2.149650e-01,9.464034e-01,1.290316e-01,-1.892207e-03,-7.349178e-03,2.108686e-02,6.227704e-02
8.48000,0.425106,0.516982,3.523385e-01,2.152010e-01,9.464216e-01,1.290276e-01,-1.898875e-03,-7.345399e-03,2.108089e-02,6.227646e-02
8.48250,0.424756,0.517160,3.525522e-01,2.154374e-01,9.464398e-01,1.290235e-01,-1.905691e-03,-7.341660e-03,2.107490e-02,6.227590e-02
8.48500,0.424405,0.517338,3.527658e-01,2.156742e-01,9.464577e-01,1.290195e-01,-1.912645e-03,-7.338054e-03,2.106890e-02,6.227536e-02
8.48750,0.424055,0.517518,3.529794e-01,2.159114e-01,9.464755e-01,1.290154e-01,-1.919608e-03,-7.334731e-03,2.106289e-02,6.227484e-02
8.49000,0.423705,0.517698,3.531929e-01,2.161490e-01,9.464931e-01,1.290114e-01,-1.926557e-03,-7.331439e-03,2.105688e-02,6.227433e-02
8.49250,0.423355,0.517879,3.534063e-01,2.163870e-01,9.465105e-01,1.290073e-01,-1.933433e-03,-7.328126e-03,2.105086e-02,6.227385e-02
8.49500,0.423005,0.518061,3.536196e-01,2.166255e-01,9.465281e-01,1.290033e-01,-1.940263e-03,-7.324912e-03,2.104484e-02,6.227338e-02
8.49750,0.422656,0.518243,3.538329e-01,2.168643e-01,9.465460e-01,1.289993e-01,-1.947061e-03,-7.321744e-03,2.103882e-02,6.227293e-02
8.50000,0.422306,0.518427,3.540460e-01,2.171035e-01,9.465646e-01,1.289953e-01,-1.953825e-03,-7.318829e-03,2.103280e-02,6.227250e-02
8.50250,0.421957,0.518611,3.542591e-01,2.173432e-01,9.465838e-01,1.289913e-01,-1.960531e-03,-7.316145e-03,2.102676e-02,6.227209e-02
8.50500,0.421608,0.518795,3.544722e-01,2.175832e-01,9.466036e-01,1.289873e-01,-1.967237e-03,-7.313718e-03,2.102070e-02,6.227170e-02
8.50750,0.421259,0.518981,3.546851e-01,2.178237e-01,9.466240e-01,1.289833e-01,-1.974003e-03,-7.311547e-03,2.101463e-02,6.227133e-02
8.51000,0.420911,0.519167,3.548980e-01,2.180645e-01,9.466448e-01,1.289793e-01,-1.980881e-03,-7.309556e-03,2.100854e-02,6.227098e-02
8.51250,0.420563,0.519353,3.551108e-01,2.183057e-01,9.466658e-01,1.289753e-01,-1.987843e-03,-7.307647e-03,2.100244e-02,6.227065e-02
8.51500,0.420214,0.519541,3.553235e-01,2.185474e-01,9.466869e-01,1.289713e-01,-1.994859e-03,-7.305685e-03,2.099633e-02,6.227035e-02
8.51750,0.419866,0.519729,3.555361e-01,2.187894e-01,9.467082e-01,1.289673e-01,-2.001861e-03,-7.303783e-03,2.099019e-02,6.227007e-02
8.52000,0.419519,0.519918,3.557487e-01,2.190318e-01,9.467295e-01,1.289634e-01,-2.008832e-03,-7.301856e-03,2.098404e-02,6.226981e-02
8.52250,0.419171,0.520108,3.559612e-01,2.192747e-01,9.467509e-01,1.289594e-01,-2.015775e-03,-7.299856e-03,2.097786e-02,6.226957e-02
8.52500,0.418824,0.520298,3.561736e-01,2.195179e-01,9.467721e-01,1.289554e-01,-2.022665e-03,-7.297817e-03,2.097167e-02,6.226936e-02
8.52750,0.418477,0.520490,3.563859e-01,2.197615e-01,9.467929e-01,1.289515e-01,-2.029558e-03,-7.295773e-03,2.096547e-02,6.226917e-02
8.53000,0.418130,0.520682,3.565981e-01,2.200055e-01,9.468131e-01,1.289475e-01,-2.036483e-03,-7.293493e-03,2.095927e-02,6.226900e-02
8.53250,0.417783,0.520874,3.568103e-01,2.202499e-01,9.468328e-01,1.289436e-01,-2.043416e-03,-7.290827e-03,2.095306e-02,6.226886e-02
8.53500,0.417437,0.521067,3.570223e-01,2.204946e-01,9.468521e-01,1.289396e-01,-2.050329e-03,-7.287823e-03,2.094685e-02,6.226874e-02
8.53750,0.417090,0.521262,3.572343e-01,2.207398e-01,9.468712e-01,1.289357e-01,-2.057246e-03,-7.284526e-03,2.094063e-02,6.226864e-02
8.54000,0.416744,0.521456,3.574462e-01,2.209854e-01,9.468902e-01,1.289317e-01,-2.064204e-03,-7.280993e-03,2.093440e-02,6.226857e-02
8.54250,0.416398,0.521652,3.576579e-01,2.212313e-01,9.469092e-01,1.289278e-01,-2.071249e-03,-7.277118e-03,2.092817e-02,6.226852e-02
8.54500,0.416052,0.521848,3.578697e-01,2.214776e-01,9.469282e-01,1.289239e-01,-2.078298e-03,-7.272982e-03,2.092193e-02,6.226849e-02
8.54750,0.415707,0.522045,3.580813e-01,2.217244e-01,9.469472e-01,1.289200e-01,-2.085312e-03,-7.268672e-03,2.091569e-02,6.226848e-02
8.55000,0.415362,0.522243,3.582928e-01,2.219715e-01,9.469659e-01,1.289160e-01,-2.092320e-03,-7.264214e-03,2.090945e-02,6.226849e-02
8.55250,0.415017,0.522441,3.585042e-01,2.222189e-01,9.469843e-01,1.289121e-01,-2.099303e-03,-7.259636e-03,2.090322e-02,6.226853e-02
8.55500,0.414672,0.522640,3.587156e-01,2.224668e-01,9.470024e-01,1.289082e-01,-2.106291e-03,-7.254980e-03,2.089699e-02,6.226859e-02
8.55750,0.414327,0.522840,3.589268e-01,2.227150e-01,9.470203e-01,1.289043e-01,-2.113302e-03,-7.250120e-03,2.089077e-02,6.226867e-02
8.56000,0.413983,0.523041,3.591380e-01,2.229637e-01,9.470380e-01,1.289004e-01,-2.120352e-03,-7.245098e-03,2.088454e-02,6.226877e-02
8.56250,0.413638,0.523242,3.593491e-01,2.232127e-01,9.470557e-01,1.288965e-01,-2.127467e-03,-7.239961e-03,2.087831e-02,6.226890e-02
8.56500,0.413294,0.523444,3.595600e-01,2.234620e-01,9.470731e-01,1.288927e-01,-2.134670e-03,-7.234705e-03,2.087208e-02,6.226904e-02
8.56750,0.412951,0.523647,3.597709e-01,2.237118e-01,9.470903e-01,1.288888e-01,-2.141969e-03,-7.229414e-03,2.086585e-02,6.226921e-02
8.57000,0.412607,0.523850,3.599817e-01,2.239619e-01,9.471073e-01,1.288849e-01,-2.149315e-03,-7.224078e-03,2.085963e-02,6.226939e-02
8.57250,0.412264,0.524054,3.601924e-01,2.242124e-01,9.471243e-01,1.288810e-01,-2.156650e-03,-7.218636e-03,2.085341e-02,6.226960e-02
8.57500,0.411921,0.524259,3.604030e-01,2.244633e-01,9.471414e-01,1.288772e-01,-2.163971e-03,-7.213191e-03,2.084720e-02,6.226983e-02
8.57750,0.411578,0.524465,3.606135e-01,2.247146e-01,9.471590e-01,1.288733e-01,-2.171313e-03,-7.207856e-03,2.084100e-02,6.227007e-02
8.58000,0.411235,0.524671,3.608240e-01,2.249662e-01,9.471769e-01,1.288695e-01,-2.178702e-03,-7.202694e-03,2.083482e-02,6.227034e-02
8.58250,0.410892,0.524878,3.610343e-01,2.252182e-01,9.471954e-01,1.288656e-01,-2.186026e-03,-7.197994e-03,2.082866e-02,6.227063e-02
8.58500,0.410550,0.525086,3.612445e-01,2.254706e-01,9.472143e-01,1.288618e-01,-2.193291e-03,-7.193696e-03,2.082252e-02,6.227093e-02
8.58750,0.410208,0.525295,3.614547e-01,2.257233e-01,9.472336e-01,1.288579e-01,-2.200525e-03,-7.189738e-03,2.081640e-02,6.227126e-02
8.59000,0.409866,0.525504,3.616647e-01,2.259764e-01,9.472530e-01,1.288541e-01,-2.207739e-03,-7.185872e-03,2.081030e-02,6.227161e-02
8.59250,0.409525,0.525714,3.618747e-01,2.262299e-01,9.472726e-01,1.288503e-01,-2.214985e-03,-7.182005e-03,2.080421e-02,6.227197e-02
8.59500,0.409183,0.525924,3.620845e-01,2.264838e-01,9.472922e-01,1.288464e-01,-2.222346e-03,-7.177995e-03,2.079813e-02,6.227236e-02
8.59750,0.408842,0.526136,3.622943e-01,2.267380e-01,9.473119e-01,1.288426e-01,-2.229830e-03,-7.174068e-03,2.079204e-02,6.227276e-02
8.60000,0.408501,0.526348,3.625040e-01,2.269925e-01,9.473315e-01,1.288388e-01,-2.237368e-03,-7.170591e-03,2.078595e-02,6.227319e-02
8.60250,0.408160,0.526560,3.627135e-01,2.272475e-01,9.473509e-01,1.288350e-01,-2.244967e-03,-7.167522e-03,2.077987e-02,6.227364e-02
8.60500,0.407820,0.526774,3.629230e-01,2.275028e-01,9.473701e-01,1.288312e-01,-2.252603e-03,-7.164708e-03,2.077379e-02,6.227411e-02
8.60750,0.407480,0.526988,3.631324e-01,2.277584e-01,9.473888e-01,1.288274e-01,-2.260207e-03,-7.162071e-03,2.076771e-02,6.227460e-02
8.61000,0.407139,0.527203,3.633417e-01,2.280145e-01,9.474071e-01,1.288236e-01,-2.267746e-03,-7.159608e-03,2.076163e-02,6.227511e-02
8.61250,0.406800,0.527419,3.635509e-01,2.282708e-01,9.474249e-01,1.288198e-01,-2.275261e-03,-7.157423e-03,2.075556e-02,6.227564e-02
8.61500,0.406460,0.527635,3.637600e-01,2.285276e-01,9.474425e-01,1.288160e-01,-2.282834e-03,-7.155442e-03,2.074948e-02,6.227620e-02
8.61750,0.406121,0.527852,3.639690e-01,2.287847e-01,9.474598e-01,1.288122e-01,-2.290529e-03,-7.153631e-03,2.074342e-02,6.227677e-02
8.62000,0.405782,0.528070,3.641780e-01,2.290421e-01,9.474771e-01,1.288085e-01,-2.298323e-03,-7.151807e-03,2.073735e-02,6.227737e-02
8.62250,0.405443,0.528288,3.643868e-01,2.293000e-01,9.474943e-01,1.288047e-01,-2.306114e-03,-7.149901e-03,2.073129e-02,6.227799e-02
8.62500,0.405104,0.528507,3.645955e-01,2.295581e-01,9.475114e-01,1.288009e-01,-2.313820e-03,-7.147955e-03,2.072523e-02,6.227863e-02
8.62750,0.404765,0.528727,3.648041e-01,2.298166e-01,9.475284e-01,1.287972e-01,-2.321474e-03,-7.145776e-03,2.071917e-02,6.227929e-02
8.63000,0.404427,0.528948,3.650126e-01,2.300755e-01,9.475452e-01,1.287934e-01,-2.329088e-03,-7.143152e-03,2.071310e-02,6.227998e-02
8.63250,0.404089,0.529169,3.652211e-01,2.303348e-01,9.475619e-01,1.287897e-01,-2.336597e-03,-7.139938e-03,2.070702e-02,6.228069e-02
8.63500,0.403752,0.529391,3.654294e-01,2.305943e-01,9.475783e-01,1.287859e-01,-2.344071e-03,-7.136368e-03,2.070094e-02,6.228142e-02
8.63750,0.403414,0.529614,3.656376e-01,2.308543e-01,9.475946e-01,1.287822e-01,-2.351521e-03,-7.132641e-03,2.069485e-02,6.228217e-02
8.64000,0.403077,0.529837,3.658457e-01,2.311146e-01,9.476107e-01,1.287785e-01,-2.358909e-03,-7.128701e-03,2.068877e-02,6.228294e-02
8.64250,0.402740,0.530061,3.660538e-01,2.313752e-01,9.476265e-01,1.287747e-01,-2.366253e-03,-7.124429e-03,2.068267e-02,6.228374e-02
8.64500,0.402403,0.530286,3.662617e-01,2.316362e-01,9.476421e-01,1.287710e-01,-2.373671e-03,-7.119773e-03,2.067657e-02,6.228456e-02
8.64750,0.402066,0.530512,3.664695e-01,2.318975e-01,9.476575e-01,1.287673e-01,-2.381128e-03,-7.114786e-03,2.067047e-02,6.228540e-02
8.65000,0.401730,0.530738,3.666772e-01,2.321592e-01,9.476727e-01,1.287636e-01,-2.388587e-03,-7.109610e-03,2.066435e-02,6.228626e-02
8.65250,0.401394,0.530965,3.668848e-01,2.324212e-01,9.476878e-01,1.287599e-01,-2.396031e-03,-7.104412e-03,2.065830e-02,6.228715e-02
8.65500,0.401058,0.531192,3.670924e-01,2.326836e-01,9.477031e-01,1.287562e-01,-2.403374e-03,-7.099185e-03,2.065216e-02,6.228805e-02
8.65750,0.400722,0.531421,3.672998e-01,2.329463e-01,9.477186e-01,1.287525e-01,-2.410676e-03,-7.093786e-03,2.064605e-02,6.228898e-02
8.66000,0.400387,0.531650,3.675071e-01,2.332094e-01,9.477345e-01,1.287488e-01,-2.417942e-03,-7.088245e-03,2.063995e-02,6.228993e-02
8.66250,0.400052,0.531880,3.677143e-01,2.334728e-01,9.477507e-01,1.287451e-01,-2.425153e-03,-7.082543e-03,2.063386e-02,6.229090e-02
8.66500,0.399717,0.532110,3.679214e-01,2.337365e-01,9.477672e-01,1.287414e-01,-2.432292e-03,-7.076621e-03,2.062778e-02,6.229190e-02
8.66750,0.399382,0.532341,3.681284e-01,2.340006e-01,9.477841e-01,1.287378e-01,-2.439314e-03,-7.070634e-03,2.062170e-02,6.229291e-02
8.67000,0.399048,0.532573,3.683353e-01,2.342650e-01,9.478013e-01,1.287341e-01,-2.446202e-03,-7.064598e-03,2.061562e-02,6.229394e-02
8.67250,0.398714,0.532806,3.685421e-01,2.345298e-01,9.478186e-01,1.287304e-01,-2.453003e-03,-7.058488e-03,2.060956e-02,6.229500e-02
8.67500,0.398380,0.533039,3.687488e-01,2.347949e-01,9.478360e-01,1.287268e-01,-2.459808e-03,-7.052306e-03,2.060351e-02,6.229608e-02
8.67750,0.398046,0.533273,3.689554e-01,2.350603e-01,9.478533e-01,1.287231e-01,-2.466659e-03,-7.045994e-03,2.059748e-02,6.229717e-02
8.68000,0.397713,0.533508,3.691619e-01,2.353261e-01,9.478706e-01,1.287195e-01,-2.473549e-03,-7.039682e-03,2.059145e-02,6.229829e-02
8.68250,0.397380,0.533743,3.693683e-01,2.355922e-01,9.478878e-01,1.287158e-01,-2.480431e-03,-7.033575e-03,2.058543e-02,6.229943e-02
8.68500,0.397047,0.533979,3.695745e-01,2.358587e-01,9.479049e-01,1.287122e-01,-2.487259e-03,-7.027709e-03,2.057943e-02,6.230059e-02
8.68750,0.396714,0.534216,3.697807e-01,2.361254e-01,9.479216e-01,1.287085e-01,-2.494036e-03,-7.021881e-03,2.057343e-02,6.230177e-02
8.69000,0.396382,0.534454,3.699867e-01,2.363926e-01,9.479380e-01,1.287049e-01,-2.500768e-03,-7.015974e-03,2.056743e-02,6.230297e-02
8.69250,0.396050,0.534692,3.701926e-01,2.366600e-01,9.479542e-01,1.287013e-01,-2.507540e-03,-7.010058e-03,2.056144e-02,6.230420e-02
8.69500,0.395718,0.534931,3.703985e-01,2.369278e-01,9.479701e-01,1.286977e-01,-2.514318e-03,-7.004069e-03,2.055546e-02,6.230545e-02
8.69750,0.395386,0.535170,3.706042e-01,2.371959e-01,9.479859e-01,1.286941e-01,-2.521082e-03,-6.998129e-03,2.054949e-02,6.230671e-02
8.70000,0.395055,0.535410,3.708098e-01,2.374643e-01,9.480016e-01,1.286904e-01,-2.527812e-03,-6.992614e-03,2.054353e-02,6.230800e-02
8.70250,0.394723,0.535651,3.710152e-01,2.377331e-01,9.480172e-01,1.286868e-01,-2.534516e-03,-6.987635e-03,2.053759e-02,6.230932e-02
8.70500,0.394392,0.535893,3.712206e-01,2.380022e-01,9.480327e-01,1.286832e-01,-2.541317e-03,-6.982997e-03,2.053167e-02,6.231065e-02
8.70750,0.394062,0.536135,3.714258e-01,2.382716e-01,9.480482e-01,1.286797e-01,-2.548299e-03,-6.978616e-03,2.052577e-02,6.231201e-02
8.71000,0.393731,0.536379,3.716309e-01,2.385414e-01,9.480636e-01,1.286761e-01,-2.555460e-03,-6.974460e-03,2.051989e-02,6.231338e-02
8.71250,0.393401,0.536622,3.718359e-01,2.388114e-01,9.480790e-01,1.286725e-01,-2.562715e-03,-6.970640e-03,2.051404e-02,6.231478e-02
8.71500,0.393071,0.536867,3.720407e-01,2.390818e-01,9.480943e-01,1.286689e-01,-2.569984e-03,-6.966944e-03,2.050822e-02,6.231621e-02
8.71750,0.392742,0.537112,3.722454e-01,2.393526e-01,9.481094e-01,1.286653e-01,-2.577275e-03,-6.963359e-03,2.050242e-02,6.231765e-02
8.72000,0.392412,0.537358,3.724500e-01,2.396236e-01,9.481242e-01,1.286618e-01,-2.584579e-03,-6.959953e-03,2.049665e-02,6.231912e-02
8.72250,0.392083,0.537604,3.726545e-01,2.398950e-01,9.481387e-01,1.286582e-01,-2.591952e-03,-6.956777e-03,2.049090e-02,6.232061e-02
8.72500,0.391754,0.537851,3.728588e-01,2.401667e-01,9.481528e-01,1.286546e-01,-2.599428e-03,-6.953892e-03,2.048517e-02,6.232212e-02
8.72750,0.391426,0.538099,3.730630e-01,2.404387e-01,9.481531e-01,1.286511e-01,-2.606992e-03,-6.951102e-03,2.047946e-02,6.232366e-02
8.73000,0.391098,0.538348,3.732670e-01,2.407110e-01,9.481484e-01,1.286475e-01,-2.614535e-03,-6.948164e-03,2.047377e-02,6.232521e-02
8.73250,0.390769,0.538597,3.734709e-01,2.409837e-01,9.481440e-01,1.286440e-01,-2.622075e-03,-6.944781e-03,2.046808e-02,6.232679e-02
8.73500,0.390442,0.538847,3.736747e-01,2.412566e-01,9.481399e-01,1.286404e-01,-2.629735e-03,-6.940893e-03,2.046240e-02,6.232839e-02
8.73750,0.390114,0.539098,3.738784e-01,2.415299e-01,9.481359e-01,1.286369e-01,-2.637515e-03,-6.936605e-03,2.045672e-02,6.233001e-02
8.74000,0.389787,0.539349,3.740819e-01,2.418035e-01,9.481320e-01,1.286334e-01,-2.645412e-03,-6.932030e-03,2.045106e-02,6.233165e-02
8.74250,0.389460,0.539601,3.742853e-01,2.420775e-01,9.481279e-01,1.286298e-01,-2.653268e-03,-6.927313e-03,2.044540e-02,6.233332e-02
8.74500,0.389133,0.539854,3.744885e-01,2.423517e-01,9.481234e-01,1.286263e-01,-2.661006e-03,-6.922432e-03,2.043976e-02,6.233500e-02
8.74750,0.388807,0.540107,3.746916e-01,2.426263e-01,9.481187e-01,1.286228e-01,-2.668662e-03,-6.917559e-03,2.043414e-02,6.233671e-02
8.75000,0.388480,0.540361,3.748946e-01,2.429011e-01,9.481138e-01,1.286193e-01,-2.676264e-03,-6.912699e-03,2.042855e-02,6.233844e-02
8.75250,0.388154,0.540616,3.750974e-01,2.431763e-01,9.481087e-01,1.286158e-01,-2.683895e-03,-6.907817e-03,2.042298e-02,6.234019e-02
8.75500,0.387829,0.540872,3.753001e-01,2.434518e-01,9.481035e-01,1.286123e-01,-2.691569e-03,-6.902804e-03,2.041743e-02,6.234197e-02
8.75750,0.387503,0.541128,3.755026e-01,2.437276e-01,9.480985e-01,1.286088e-01,-2.699338e-03,-6.897664e-03,2.041191e-02,6.234376e-02
8.76000,0.387178,0.541385,3.757050e-01,2.440038e-01,9.480935e-01,1.286053e-01,-2.707289e-03,-6.892316e-03,2.040639e-02,6.234557e-02
8.76250,0.386853,0.541642,3.759073e-01,2.442802e-01,9.480885e-01,1.286018e-01,-2.715402e-03,-6.886660e-03,2.040088e-02,6.234741e-02
8.76500,0.386529,0.541900,3.761094e-01,2.445569e-01,9.480833e-01,1.285983e-01,-2.723598e-03,-6.880667e-03,2.039537e-02,6.234926e-02
8.76750,0.386204,0.542159,3.763113e-01,2.448340e-01,9.480779e-01,1.285948e-01,-2.731820e-03,-6.874441e-03,2.038986e-02,6.235114e-02
8.77000,0.385880,0.542419,3.765132e-01,2.451114e-01,9.480724e-01,1.285913e-01,-2.740165e-03,-6.868040e-03,2.038437e-02,6.235304e-02
8.77250,0.385557,0.542679,3.767149e-01,2.453890e-01,9.480668e-01,1.285879e-01,-2.748597e-03,-6.861543e-03,2.037888e-02,6.235495e-02
8.77500,0.385233,0.542940,3.769164e-01,2.456670e-01,9.480612e-01,1.285844e-01,-2.756995e-03,-6.855061e-03,2.037341e-02,6.235689e-02
8.77750,0.384910,0.543202,3.771178e-01,2.459453e-01,9.480557e-01,1.285809e-01,-2.765310e-03,-6.848552e-03,2.036796e-02,6.235885e-02
8.78000,0.384587,0.543464,3.773191e-01,2.462239e-01,9.480503e-01,1.285775e-01,-2.773525e-03,-6.841978e-03,2.036252e-02,6.236083e-02
8.78250,0.384264,0.543727,3.775202e-01,2.465028e-01,9.480448e-01,1.285740e-01,-2.781702e-03,-6.835194e-03,2.035709e-02,6.236282e-02
8.78500,0.383942,0.543991,3.777211e-01,2.467819e-01,9.480392e-01,1.285706e-01,-2.790001e-03,-6.828196e-03,2.035166e-02,6.236484e-02
8.78750,0.383620,0.544255,3.779219e-01,2.470614e-01,9.480334e-01,1.285671e-01,-2.798419e-03,-6.821176e-03,2.034624e-02,6.236688e-02
8.79000,0.383298,0.544520,3.781226e-01,2.473412e-01,9.480274e-01,1.285637e-01,-2.806911e-03,-6.814134e-03,2.034082e-02,6.236895e-02
8.79250,0.382976,0.544786,3.783231e-01,2.476213e-01,9.480212e-01,1.285602e-01,-2.815394e-03,-6.807127e-03,2.033542e-02,6.237103e-02
8.79500,0.382655,0.545052,3.785235e-01,2.479017e-01,9.480149e-01,1.285568e-01,-2.823794e-03,-6.800183e-03,2.033003e-02,6.237314e-02
8.79750,0.382334,0.545319,3.787237e-01,2.481824e-01,9.480085e-01,1.285534e-01,-2.832159e-03,-6.793336e-03,2.032465e-02,6.237526e-02
8.80000,0.382013,0.545587,3.789237e-01,2.484634e-01,9.480022e-01,1.285500e-01,-2.840484e-03,-6.786645e-03,2.031930e-02,6.237741e-02
8.80250,0.381693,0.545855,3.791236e-01,2.487447e-01,9.479959e-01,1.285466e-01,-2.848788e-03,-6.780070e-03,2.031396e-02,6.237958e-02
8.80500,0.381373,0.546124,3.793233e-01,2.490263e-01,9.479897e-01,1.285432e-01,-2.857083e-03,-6.773723e-03,2.030864e-02,6.238177e-02
8.80750,0.381053,0.546394,3.795229e-01,2.493081e-01,9.479835e-01,1.285398e-01,-2.865426e-03,-6.767553e-03,2.030333e-02,6.238399e-02
8.81000,0.380733,0.546664,3.797223e-01,2.495903e-01,9.479775e-01,1.285364e-01,-2.873826e-03,-6.761465e-03,2.029803e-02,6.238622e-02
8.81250,0.380414,0.546935,3.799216e-01,2.498728e-01,9.479717e-01,1.285330e-01,-2.882287e-03,-6.755593e-03,2.029275e-02,6.238848e-02
8.81500,0.380095,0.547207,3.801207e-01,2.501555e-01,9.479660e-01,1.285296e-01,-2.890774e-03,-6.749929e-03,2.028749e-02,6.239076e-02
8.81750,0.379776,0.547480,3.803197e-01,2.504386e-01,9.479602e-01,1.285262e-01,-2.899101e-03,-6.744450e-03,2.028225e-02,6.239306e-02
8.82000,0.379458,0.547753,3.805185e-01,2.507219e-01,9.479541e-01,1.285228e-01,-2.907259e-03,-6.738934e-03,2.027702e-02,6.239539e-02
8.82250,0.379140,0.548026,3.807171e-01,2.510056e-01,9.479477e-01,1.285194e-01,-2.915315e-03,-6.733367e-03,2.027180e-02,6.239773e-02
8.82500,0.378822,0.548301,3.809156e-01,2.512895e-01,9.479409e-01,1.285161e-01,-2.923156e-03,-6.727878e-03,2.026660e-02,6.240010e-02
8.82750,0.378505,0.548576,3.811140e-01,2.515737e-01,9.479339e-01,1.285127e-01,-2.930773e-03,-6.722612e-03,2.026141e-02,6.240249e-02
8.83000,0.378187,0.548852,3.813121e-01,2.518582e-01,9.479267e-01,1.285093e-01,-2.938291e-03,-6.717557e-03,2.025625e-02,6.240491e-02
8.83250,0.377870,0.549128,3.815101e-01,2.521430e-01,9.479195e-01,1.285060e-01,-2.945808e-03,-6.712431e-03,2.025110e-02,6.240735e-02
8.83500,0.377554,0.549405,3.817080e-01,2.524281e-01,9.479125e-01,1.285026e-01,-2.953336e-03,-6.707190e-03,2.024597e-02,6.240981e-02
8.83750,0.377237,0.549683,3.819056e-01,2.527134e-01,9.479058e-01,1.284993e-01,-2.960922e-03,-6.701683e-03,2.024086e-02,6.241229e-02
8.84000,0.376921,0.549961,3.821031e-01,2.529991e-01,9.478994e-01,1.284959e-01,-2.968503e-03,-6.695991e-03,2.023577e-02,6.241479e-02
8.84250,0.376606,0.550241,3.823005e-01,2.532850e-01,9.478933e-01,1.284926e-01,-2.976016e-03,-6.690356e-03,2.023071e-02,6.241731e-02
8.84500,0.376290,0.550520,3.824976e-01,2.535712e-01,9.478873e-01,1.284893e-01,-2.983511e-03,-6.684727e-03,2.022568e-02,6.241986e-02
8.84750,0.375975,0.550801,3.826946e-01,2.538577e-01,9.478815e-01,1.284859e-01,-2.990950e-03,-6.679054e-03,2.022068e-02,6.242243e-02
8.85000,0.375660,0.551082,3.828914e-01,2.541445e-01,9.478759e-01,1.284826e-01,-2.998354e-03,-6.673166e-03,2.021571e-02,6.242501e-02
8.85250,0.375346,0.551364,3.830881e-01,2.544316e-01,9.478706e-01,1.284793e-01,-3.005752e-03,-6.667138e-03,2.021076e-02,6.242762e-02
8.85500,0.375031,0.551646,3.832845e-01,2.547189e-01,9.478656e-01,1.284760e-01,-3.013144e-03,-6.661095e-03,2.020585e-02,6.243025e-02
8.85750,0.374717,0.551929,3.834808e-01,2.550065e-01,9.478607e-01,1.284727e-01,-3.020549e-03,-6.655001e-03,2.020096e-02,6.243289e-02
8.86000,0.374404,0.552213,3.836768e-01,2.552944e-01,9.478559e-01,1.284693e-01,-3.027984e-03,-6.648829e-03,2.019609e-02,6.243556e-02
8.86250,0.374090,0.552497,3.838727e-01,2.555826e-01,9.478510e-01,1.284660e-01,-3.035536e-03,-6.642555e-03,2.019125e-02,6.243825e-02
8.86500,0.373777,0.552782,3.840684e-01,2.558711e-01,9.478459e-01,1.284627e-01,-3.043213e-03,-6.636165e-03,2.018643e-02,6.244096e-02
8.86750,0.373465,0.553068,3.842638e-01,2.561598e-01,9.478406e-01,1.284594e-01,-3.051002e-03,-6.629627e-03,2.018163e-02,6.244369e-02
8.87000,0.373152,0.553354,3.844591e-01,2.564488e-01,9.478351e-01,1.284562e-01,-3.058859e-03,-6.622869e-03,2.017685e-02,6.244644e-02
8.87250,0.372840,0.553641,3.846542e-01,2.567381e-01,9.478293e-01,1.284529e-01,-3.066774e-03,-6.616039e-03,2.017208e-02,6.244920e-02
8.87500,0.372528,0.553929,3.848491e-01,2.570277e-01,9.478233e-01,1.284496e-01,-3.074813e-03,-6.609302e-03,2.016734e-02,6.245199e-02
8.87750,0.372217,0.554218,3.850437e-01,2.573175e-01,9.478171e-01,1.284463e-01,-3.083009e-03,-6.602525e-03,2.016262e-02,6.245480e-02
8.88000,0.371905,0.554507,3.852382e-01,2.576076e-01,9.478110e-01,1.284430e-01,-3.091356e-03,-6.595448e-03,2.015792e-02,6.245762e-02
8.88250,0.371595,0.554796,3.854324e-01,2.578980e-01,9.478048e-01,1.284398e-01,-3.099845e-03,-6.588049e-03,2.015323e-02,6.246046e-02
8.88500,0.371284,0.555086,3.856265e-01,2.581887e-01,9.477987e-01,1.284365e-01,-3.108404e-03,-6.580637e-03,2.014856e-02,6.246333e-02
8.88750,0.370974,0.555377,3.858203e-01,2.584796e-01,9.477928e-01,1.284332e-01,-3.116956e-03,-6.573261e-03,2.014392e-02,6.246621e-02
8.89000,0.370664,0.555669,3.860140e-01,2.587708e-01,9.477872e-01,1.284300e-01,-3.125475e-03,-6.565916e-03,2.013931e-02,6.246911e-02
8.89250,0.370354,0.555961,3.862074e-01,2.590623e-01,9.477819e-01,1.284267e-01,-3.134042e-03,-6.558687e-03,2.013473e-02,6.247203e-02
8.89500,0.370045,0.556254,3.864006e-01,2.593540e-01,9.477766e-01,1.284235e-01,-3.142690e-03,-6.551668e-03,2.013017e-02,6.247497e-02
8.89750,0.369736,0.556548,3.865936e-01,2.596460e-01,9.477713e-01,1.284203e-01,-3.151385e-03,-6.544688e-03,2.012563e-02,6.247793e-02
8.90000,0.369427,0.556842,3.867864e-01,2.599383e-01,9.477658e-01,1.284170e-01,-3.160082e-03,-6.537621e-03,2.012111e-02,6.248091e-02
8.90250,0.369119,0.557137,3.869789e-01,2.602308e-01,9.477599e-01,1.284138e-01,-3.168746e-03,-6.530435e-03,2.011659e-02,6.248391e-02
8.90500,0.368811,0.557432,3.871713e-01,2.605236e-01,9.477536e-01,1.284106e-01,-3.177501e-03,-6.523219e-03,2.011208e-02,6.248692e-02
8.90750,0.368503,0.557729,3.873634e-01,2.608167e-01,9.477468e-01,1.284073e-01,-3.186546e-03,-6.515886e-03,2.010758e-02,6.248996e-02
8.91000,0.368195,0.558025,3.875553e-01,2.611100e-01,9.477398e-01,1.284041e-01,-3.195799e-03,-6.508470e-03,2.010308e-02,6.249301e-02
8.91250,0.367888,0.558323,3.877470e-01,2.614036e-01,9.477325e-01,1.284009e-01,-3.205136e-03,-6.501051e-03,2.009860e-02,6.249609e-02
8.91500,0.367581,0.558621,3.879385e-01,2.616975e-01,9.477251e-01,1.283977e-01,-3.214499e-03,-6.493547e-03,2.009412e-02,6.249918e-02
8.91750,0.367275,0.558920,3.881298e-01,2.619916e-01,9.477178e-01,1.283945e-01,-3.223904e-03,-6.486101e-03,2.008966e-02,6.250230e-02
8.92000,0.366969,0.559219,3.883208e-01,2.622860e-01,9.477106e-01,1.283913e-01,-3.233334e-03,-6.478820e-03,2.008521e-02,6.250544e-02
8.92250,0.366663,0.559519,3.885117e-01,2.625806e-01,9.477034e-01,1.283881e-01,-3.242660e-03,-6.471803e-03,2.008078e-02,6.250859e-02
8.92500,0.366357,0.559820,3.887022e-01,2.628755e-01,9.476964e-01,1.283849e-01,-3.251891e-03,-6.464919e-03,2.007636e-02,6.251177e-02
8.92750,0.366052,0.560121,3.888926e-01,2.631706e-01,9.476895e-01,1.283817e-01,-3.261143e-03,-6.458005e-03,2.007196e-02,6.251497e-02
8.93000,0.365747,0.560423,3.890827e-01,2.634660e-01,9.476828e-01,1.283785e-01,-3.270496e-03,-6.451051e-03,2.006757e-02,6.251819e-02
8.93250,0.365443,0.560726,3.892726e-01,2.637617e-01,9.476763e-01,1.283753e-01,-3.280016e-03,-6.444175e-03,2.006319e-02,6.252143e-02
8.93500,0.365139,0.561029,3.894623e-01,2.640576e-01,9.476701e-01,1.283721e-01,-3.289673e-03,-6.437283e-03,2.005882e-02,6.252470e-02
8.93750,0.364835,0.561333,3.896517e-01,2.643538e-01,9.476640e-01,1.283690e-01,-3.299386e-03,-6.430428e-03,2.005446e-02,6.252798e-02
8.94000,0.364531,0.561637,3.898409e-01,2.646502e-01,9.476579e-01,1.283658e-01,-3.309056e-03,-6.423736e-03,2.005013e-02,6.253128e-02
8.94250,0.364228,0.561943,3.900298e-01,2.649469e-01,9.476517e-01,1.283626e-01,-3.318626e-03,-6.417244e-03,2.004581e-02,6.253461e-02
8.94500,0.363925,0.562248,3.902185e-01,2.652438e-01,9.476454e-01,1.283595e-01,-3.328063e-03,-6.410776e-03,2.004152e-02,6.253796e-02
8.94750,0.363623,0.562555,3.904070e-01,2.655410e-01,9.476389e-01,1.283563e-01,-3.337386e-03,-6.404283e-03,2.003725e-02,6.254132e-02
8.95000,0.363321,0.562862,3.905952e-01,2.658384e-01,9.476320e-01,1.283531e-01,-3.346685e-03,-6.397656e-03,2.003300e-02,6.254471e-02
8.95250,0.363019,0.563170,3.907832e-01,2.661361e-01,9.476249e-01,1.283500e-01,-3.355830e-03,-6.390816e-03,2.002877e-02,6.254812e-02
8.95500,0.362717,0.563478,3.909710e-01,2.664340e-01,9.476175e-01,1.283469e-01,-3.364900e-03,-6.383667e-03,2.002457e-02,6.255154e-02
8.95750,0.362416,0.563787,3.911585e-01,2.667322e-01,9.476098e-01,1.283437e-01,-3.374049e-03,-6.376047e-03,2.002038e-02,6.255499e-02
8.96000,0.362115,0.564096,3.913458e-01,2.670306e-01,9.476018e-01,1.283406e-01,-3.383255e-03,-6.368018e-03,2.001620e-02,6.255846e-02
8.96250,0.361815,0.564407,3.915328e-01,2.673293e-01,9.475937e-01,1.283374e-01,-3.392363e-03,-6.359940e-03,2.001204e-02,6.256194e-02
8.96500,0.361514,0.564718,3.917196e-01,2.676282e-01,9.475854e-01,1.283343e-01,-3.401340e-03,-6.351882e-03,2.000789e-02,6.256545e-02
8.96750,0.361215,0.565029,3.919061e-01,2.679273e-01,9.475771e-01,1.283312e-01,-3.410233e-03,-6.343794e-03,2.000376e-02,6.256898e-02
8.97000,0.360915,0.565341,3.920924e-01,2.682267e-01,9.475689e-01,1.283281e-01,-3.418978e-03,-6.335728e-03,1.999966e-02,6.257252e-02
8.97250,0.360616,0.565654,3.922784e-01,2.685264e-01,9.475610e-01,1.283250e-01,-3.427646e-03,-6.327726e-03,1.999557e-02,6.257609e-02
8.97500,0.360317,0.565967,3.924642e-01,2.688262e-01,9.475532e-01,1.283218e-01,-3.436243e-03,-6.319750e-03,1.999152e-02,6.257967e-02
8.97750,0.360019,0.566281,3.926497e-01,2.691264e-01,9.475455e-01,1.283187e-01,-3.444675e-03,-6.311574e-03,1.998749e-02,6.258327e-02
8.98000,0.359720,0.566596,3.928349e-01,2.694267e-01,9.475378e-01,1.283156e-01,-3.452965e-03,-6.303248e-03,1.998348e-02,6.258689e-02
8.98250,0.359423,0.566911,3.930199e-01,2.697273e-01,9.475298e-01,1.283125e-01,-3.461175e-03,-6.294909e-03,1.997950e-02,6.259052e-02
8.98500,0.359125,0.567227,3.932046e-01,2.700282e-01,9.475217e-01,1.283094e-01,-3.469361e-03,-6.286460e-03,1.997555e-02,6.259418e-02
8.98750,0.358828,0.567544,3.933891e-01,2.703293e-01,9.475132e-01,1.283063e-01,-3.477657e-03,-6.277869e-03,1.997162e-02,6.259785e-02
8.99000,0.358531,0.567861,3.935732e-01,2.706306e-01,9.475045e-01,1.283032e-01,-3.486027e-03,-6.269201e-03,1.996771e-02,6.260154e-02
8.99250,0.358235,0.568179,3.937571e-01,2.709321e-01,9.474955e-01,1.283002e-01,-3.494414e-03,-6.260376e-03,1.996383e-02,6.260525e-02
8.99500,0.357939,0.568497,3.939407e-01,2.712339e-01,9.474865e-01,1.282971e-01,-3.502868e-03,-6.251606e-03,1.995997e-02,6.260897e-02
8.99750,0.357643,0.568816,3.941240e-01,2.715359e-01,9.474775e-01,1.282940e-01,-3.511430e-03,-6.243075e-03,1.995614e-02,6.261271e-02
9.00000,0.357348,0.569136,3.943070e-01,2.718382e-01,9.474686e-01,1.282909e-01,-3.520163e-03,-6.234745e-03,1.995234e-02,6.261647e-02
9.00250,0.357053,0.569456,3.944897e-01,2.721407e-01,9.474599e-01,1.282879e-01,-3.529163e-03,-6.226439e-03,1.994856e-02,6.262024e-02
9.00500,0.356758,0.569777,3.946721e-01,2.724434e-01,9.474514e-01,1.282848e-01,-3.538358e-03,-6.218065e-03,1.994480e-02,6.262403e-02
9.00750,0.356464,0.570098,3.948542e-01,2.727463e-01,9.474431e-01,1.282817e-01,-3.547616e-03,-6.209617e-03,1.994105e-02,6.262784e-02
9.01000,0.356170,0.570420,3.950360e-01,2.730495e-01,9.474353e-01,1.282787e-01,-3.556882e-03,-6.201049e-03,1.993731e-02,6.263166e-02
9.01250,0.355877,0.570743,3.952174e-01,2.733529e-01,9.474279e-01,1.282756e-01,-3.566223e-03,-6.192412e-03,1.993359e-02,6.263550e-02
9.01500,0.355583,0.571066,3.953986e-01,2.736565e-01,9.474210e-01,1.282726e-01,-3.575725e-03,-6.183721e-03,1.992988e-02,6.263936e-02
9.01750,0.355291,0.571390,3.955795e-01,2.739604e-01,9.474145e-01,1.282695e-01,-3.585334e-03,-6.175026e-03,1.992618e-02,6.264324e-02
9.02000,0.354998,0.571715,3.957600e-01,2.742645e-01,9.474083e-01,1.282665e-01,-3.594951e-03,-6.166298e-03,1.992250e-02,6.264713e-02
9.02250,0.354706,0.572040,3.959403e-01,2.745688e-01,9.474022e-01,1.282635e-01,-3.604653e-03,-6.157475e-03,1.991882e-02,6.265104e-02
9.02500,0.354414,0.572366,3.961202e-01,2.748733e-01,9.473962e-01,1.282604e-01,-3.614510e-03,-6.148584e-03,1.991516e-02,6.265496e-02
9.02750,0.354123,0.572692,3.962998e-01,2.751781e-01,9.473901e-01,1.282574e-01,-3.624504e-03,-6.139704e-03,1.991151e-02,6.265891e-02
9.03000,0.353832,0.573019,3.964791e-01,2.754831e-01,9.473839e-01,1.282544e-01,-3.634447e-03,-6.131023e-03,1.990788e-02,6.266287e-02
9.03250,0.353541,0.573347,3.966581e-01,2.757883e-01,9.473775e-01,1.282513e-01,-3.644403e-03,-6.122568e-03,1.990427e-02,6.266685e-02
9.03500,0.353251,0.573675,3.968367e-01,2.760937e-01,9.473709e-01,1.282483e-01,-3.654475e-03,-6.114436e-03,1.990067e-02,6.267084e-02
9.03750,0.352961,0.574004,3.970150e-01,2.763993e-01,9.473642e-01,1.282453e-01,-3.664719e-03,-6.106586e-03,1.989709e-02,6.267485e-02
9.04000,0.352671,0.574333,3.971930e-01,2.767052e-01,9.473573e-01,1.282423e-01,-3.675146e-03,-6.098901e-03,1.989352e-02,6.267887e-02
9.04250,0.352382,0.574663,3.973707e-01,2.770113e-01,9.473504e-01,1.282393e-01,-3.685679e-03,-6.091248e-03,1.988996e-02,6.268292e-02
9.04500,0.352093,0.574994,3.975481e-01,2.773176e-01,9.473433e-01,1.282363e-01,-3.696326e-03,-6.083522e-03,1.988641e-02,6.268698e-02
9.04750,0.351805,0.575325,3.977251e-01,2.776241e-01,9.473362e-01,1.282333e-01,-3.707075e-03,-6.075625e-03,1.988286e-02,6.269105e-02
9.05000,0.351517,0.575657,3.979018e-01,2.779308e-01,9.473291e-01,1.282303e-01,-3.717927e-03,-6.067507e-03,1.987932e-02,6.269514e-02
9.05250,0.351229,0.575989,3.980782e-01,2.782377e-01,9.473222e-01,1.282273e-01,-3.728823e-03,-6.059257e-03,1.987578e-02,6.269925e-02
9.05500,0.350942,0.576322,3.982542e-01,2.785449e-01,9.473153e-01,1.282243e-01,-3.739681e-03,-6.050963e-03,1.987224e-02,6.270338e-02
9.05750,0.350655,0.576656,3.984299e-01,2.788522e-01,9.473085e-01,1.282213e-01,-3.750538e-03,-6.042757e-03,1.986872e-02,6.270752e-02
9.06000,0.350368,0.576990,3.986052e-01,2.791598e-01,9.473017e-01,1.282183e-01,-3.761461e-03,-6.034675e-03,1.986520e-02,6.271168e-02
9.06250,0.350082,0.577325,3.987802e-01,2.794676e-01,9.472948e-01,1.282154e-01,-3.772430e-03,-6.026590e-03,1.986169e-02,6.271586e-02
9.06500,0.349796,0.577660,3.989548e-01,2.797756e-01,9.472876e-01,1.282124e-01,-3.783588e-03,-6.018328e-03,1.985819e-02,6.272005e-02
9.06750,0.349511,0.577996,3.991291e-01,2.800838e-01,9.472801e-01,1.282094e-01,-3.794764e-03,-6.010024e-03,1.985470e-02,6.272426e-02
9.07000,0.349226,0.578333,3.993030e-01,2.803922e-01,9.472722e-01,1.282064e-01,-3.805716e-03,-6.001655e-03,1.985122e-02,6.272848e-02
9.07250,0.348941,0.578670,3.994766e-01,2.807008e-01,9.472640e-01,1.282035e-01,-3.816405e-03,-5.993148e-03,1.984777e-02,6.273272e-02
9.07500,0.348657,0.579008,3.996498e-01,2.810096e-01,9.472555e-01,1.282005e-01,-3.826999e-03,-5.984446e-03,1.984433e-02,6.273698e-02
9.07750,0.348373,0.579346,3.998226e-01,2.813186e-01,9.472468e-01,1.281975e-01,-3.837550e-03,-5.975464e-03,1.984090e-02,6.274125e-02
9.08000,0.348089,0.579685,3.999951e-01,2.816279e-01,9.472381e-01,1.281946e-01,-3.848051e-03,-5.966133e-03,1.983749e-02,6.274554e-02
9.08250,0.347806,0.580025,4.001673e-01,2.819373e-01,9.472293e-01,1.281916e-01,-3.858484e-03,-5.956553e-03,1.983408e-02,6.274984e-02
9.08500,0.347523,0.580365,4.003390e-01,2.822469e-01,9.472207e-01,1.281887e-01,-3.868865e-03,-5.946800e-03,1.983068e-02,6.275416e-02
9.08750,0.347241,0.580706,4.005104e-01,2.825567e-01,9.472121e-01,1.281857e-01,-3.879150e-03,-5.936899e-03,1.982730e-02,6.275850e-02
9.09000,0.346959,0.581047,4.006815e-01,2.828668e-01,9.472036e-01,1.281828e-01,-3.889233e-03,-5.926906e-03,1.982392e-02,6.276285e-02
9.09250,0.346677,0.581389,4.008521e-01,2.831770e-01,9.471953e-01,1.281799e-01,-3.899131e-03,-5.916944e-03,1.982056e-02,6.276722e-02
9.09500,0.346396,0.581732,4.010224e-01,2.834874e-01,9.471873e-01,1.281769e-01,-3.908854e-03,-5.907124e-03,1.981722e-02,6.277160e-02
9.09750,0.346115,0.582075,4.011923e-01,2.837980e-01,9.471794e-01,1.281740e-01,-3.918483e-03,-5.897429e-03,1.981390e-02,6.277599e-02
9.10000,0.345835,0.582419,4.013619e-01,2.841089e-01,9.471715e-01,1.281711e-01,-3.928031e-03,-5.887716e-03,1.981061e-02,6.278040e-02
9.10250,0.345555,0.582763,4.015310e-01,2.844199e-01,9.471636e-01,1.281682e-01,-3.937556e-03,-5.877803e-03,1.980733e-02,6.278482e-02
9.10500,0.345275,0.583108,4.016998e-01,2.847311e-01,9.471555e-01,1.281652e-01,-3.947111e-03,-5.867543e-03,1.980406e-02,6.278926e-02
9.10750,0.344996,0.583453,4.018682e-01,2.850425e-01,9.471472e-01,1.281623e-01,-3.956581e-03,-5.856989e-03,1.980080e-02,6.279371e-02
9.11000,0.344717,0.583799,4.020361e-01,2.853540e-01,9.471386e-01,1.281594e-01,-3.966052e-03,-5.846231e-03,1.979756e-02,6.279818e-02
9.11250,0.344438,0.584146,4.022037e-01,2.856658e-01,9.471297e-01,1.281565e-01,-3.975673e-03,-5.835442e-03,1.979433e-02,6.280265e-02
9.11500,0.344160,0.584493,4.023709e-01,2.859778e-01,9.471205e-01,1.281536e-01,-3.985361e-03,-5.824624e-03,1.979110e-02,6.280715e-02
9.11750,0.343883,0.584841,4.025377e-01,2.862899e-01,9.471110e-01,1.281507e-01,-3.995194e-03,-5.813684e-03,1.978788e-02,6.281165e-02
9.12000,0.343605,0.585189,4.027040e-01,2.866023e-01,9.471015e-01,1.281478e-01,-4.005304e-03,-5.802717e-03,1.978467e-02,6.281617e-02
9.12250,0.343329,0.585538,4.028699e-01,2.869148e-01,9.470920e-01,1.281449e-01,-4.015627e-03,-5.791718e-03,1.978147e-02,6.282070e-02
9.12500,0.343052,0.585888,4.030354e-01,2.872275e-01,9.470824e-01,1.281420e-01,-4.026030e-03,-5.780852e-03,1.977827e-02,6.282525e-02
9.12750,0.342776,0.586238,4.032004e-01,2.875404e-01,9.470728e-01,1.281391e-01,-4.036515e-03,-5.770004e-03,1.977508e-02,6.282981e-02
9.13000,0.342500,0.586588,4.033650e-01,2.878535e-01,9.470631e-01,1.281362e-01,-4.047077e-03,-5.759172e-03,1.977191e-02,6.283438e-02
9.13250,0.342225,0.586939,4.035292e-01,2.881667e-01,9.470534e-01,1.281334e-01,-4.057782e-03,-5.748454e-03,1.976874e-02,6.283896e-02
9.13500,0.341950,0.587291,4.036929e-01,2.884802e-01,9.470439e-01,1.281305e-01,-4.068606e-03,-5.737827e-03,1.976558e-02,6.284356e-02
9.13750,0.341676,0.587644,4.038562e-01,2.887938e-01,9.470345e-01,1.281276e-01,-4.079619e-03,-5.727165e-03,1.976242e-02,6.284817e-02
9.14000,0.341402,0.587996,4.040190e-01,2.891076e-01,9.470254e-01,1.281247e-01,-4.090855e-03,-5.716472e-03,1.975928e-02,6.285279e-02
9.14250,0.341128,0.588350,4.041814e-01,2.894216e-01,9.470165e-01,1.281219e-01,-4.102284e-03,-5.705702e-03,1.975614e-02,6.285742e-02
9.14500,0.340855,0.588704,4.043433e-01,2.897357e-01,9.470079e-01,1.281190e-01,-4.113913e-03,-5.694945e-03,1.975300e-02,6.286206e-02
9.14750,0.340582,0.589059,4.045048e-01,2.900500e-01,9.469995e-01,1.281161e-01,-4.125735e-03,-5.684214e-03,1.974987e-02,6.286672e-02
9.15000,0.340310,0.589414,4.046658e-01,2.903645e-01,9.469913e-01,1.281133e-01,-4.137598e-03,-5.673705e-03,1.974675e-02,6.287138e-02
9.15250,0.340038,0.589770,4.048264e-01,2.906792e-01,9.469833e-01,1.281104e-01,-4.149396e-03,-5.663481e-03,1.974363e-02,6.287606e-02
9.15500,0.339766,0.590126,4.049865e-01,2.909941e-01,9.469753e-01,1.281076e-01,-4.161195e-03,-5.653366e-03,1.974053e-02,6.288075e-02
9.15750,0.339495,0.590483,4.051461e-01,2.913091e-01,9.469674e-01,1.281047e-01,-4.172970e-03,-5.643240e-03,1.973742e-02,6.288545e-02
9.16000,0.339225,0.590840,4.053053e-01,2.916243e-01,9.469595e-01,1.281019e-01,-4.184766e-03,-5.633116e-03,1.973432e-02,6.289016e-02
9.16250,0.338954,0.591198,4.054640e-01,2.919396e-01,9.469517e-01,1.280990e-01,-4.196728e-03,-5.622932e-03,1.973122e-02,6.289488e-02
9.16500,0.338684,0.591557,4.056222e-01,2.922551e-01,9.469439e-01,1.280962e-01,-4.208932e-03,-5.612669e-03,1.972812e-02,6.289960e-02
9.16750,0.338415,0.591916,4.057813e-01,2.925708e-01,9.469362e-01,1.280933e-01,-4.221363e-03,-5.602355e-03,1.972501e-02,6.290434e-02
9.17000,0.338146,0.592275,4.059410e-01,2.928867e-01,9.469284e-01,1.280905e-01,-4.233980e-03,-5.592016e-03,1.972190e-02,6.290910e-02
9.17250,0.337877,0.592636,4.061001e-01,2.932027e-01,9.469206e-01,1.280877e-01,-4.246803e-03,-5.581554e-03,1.971877e-02,6.291386e-02
9.17500,0.337609,0.592996,4.062588e-01,2.935189e-01,9.469127e-01,1.280848e-01,-4.259655e-03,-5.570998e-03,1.971564e-02,6.291863e-02
9.17750,0.337342,0.593358,4.064170e-01,2.938352e-01,9.469048e-01,1.280820e-01,-4.272471e-03,-5.560495e-03,1.971251e-02,6.292341e-02
9.18000,0.337074,0.593720,4.065746e-01,2.941517e-01,9.468970e-01,1.280792e-01,-4.285316e-03,-5.550134e-03,1.970939e-02,6.292820e-02
9.18250,0.336807,0.594082,4.067318e-01,2.944684e-01,9.468892e-01,1.280764e-01,-4.298089e-03,-5.539976e-03,1.970627e-02,6.293300e-02
9.18500,0.336541,0.594445,4.068885e-01,2.947852e-01,9.468814e-01,1.280735e-01,-4.310696e-03,-5.529823e-03,1.970316e-02,6.293781e-02
9.18750,0.336275,0.594808,4.070446e-01,2.951021e-01,9.468735e-01,1.280707e-01,-4.323013e-03,-5.519691e-03,1.970007e-02,6.294263e-02
9.19000,0.336009,0.595172,4.072003e-01,2.954193e-01,9.468654e-01,1.280679e-01,-4.334953e-03,-5.509664e-03,1.969699e-02,6.294745e-02
9.19250,0.335744,0.595537,4.073555e-01,2.957365e-01,9.468572e-01,1.280651e-01,-4.346617e-03,-5.499636e-03,1.969393e-02,6.295229e-02
9.19500,0.335480,0.595902,4.075101e-01,2.960540e-01,9.468487e-01,1.280623e-01,-4.358200e-03,-5.489433e-03,1.969088e-02,6.295713e-02
9.19750,0.335215,0.596268,4.076642e-01,2.963716e-01,9.468399e-01,1.280595e-01,-4.369820e-03,-5.478945e-03,1.968783e-02,6.296198e-02
9.20000,0.334951,0.596634,4.078178e-01,2.966893e-01,9.468308e-01,1.280567e-01,-4.381415e-03,-5.468318e-03,1.968478e-02,6.296684e-02
9.20250,0.334688,0.597001,4.079709e-01,2.970072e-01,9.468214e-01,1.280539e-01,-4.393022e-03,-5.457551e-03,1.968173e-02,6.297171e-02
9.20500,0.334425,0.597368,4.081235e-01,2.973252e-01,9.468118e-01,1.280511e-01,-4.404544e-03,-5.446673e-03,1.967868e-02,6.297658e-02
9.20750,0.334163,0.597736,4.082756e-01,2.976434e-01,9.468021e-01,1.280483e-01,-4.416053e-03,-5.435647e-03,1.967563e-02,6.298146e-02
9.21000,0.333900,0.598104,4.084271e-01,2.979617e-01,9.467923e-01,1.280455e-01,-4.427659e-03,-5.424422e-03,1.967258e-02,6.298635e-02
9.21250,0.333639,0.598473,4.085781e-01,2.982802e-01,9.467826e-01,1.280427e-01,-4.439228e-03,-5.413075e-03,1.966953e-02,6.299124e-02
9.21500,0.333378,0.598843,4.087286e-01,2.985988e-01,9.467730e-01,1.280400e-01,-4.450610e-03,-5.401614e-03,1.966648e-02,6.299614e-02
9.21750,0.333117,0.599213,4.088785e-01,2.989175e-01,9.467635e-01,1.280372e-01,-4.462029e-03,-5.389822e-03,1.966343e-02,6.300105e-02
9.22000,0.332857,0.599583,4.090279e-01,2.992364e-01,9.467541e-01,1.280344e-01,-4.473367e-03,-5.377771e-03,1.966039e-02,6.300596e-02
9.22250,0.332597,0.599954,4.091767e-01,2.995555e-01,9.467449e-01,1.280316e-01,-4.484679e-03,-5.365590e-03,1.965735e-02,6.301088e-02
9.22500,0.332337,0.600326,4.093250e-01,2.998747e-01,9.467358e-01,1.280289e-01,-4.496023e-03,-5.353361e-03,1.965430e-02,6.301581e-02
9.22750,0.332079,0.600698,4.094726e-01,3.001940e-01,9.467268e-01,1.280261e-01,-4.507556e-03,-5.341044e-03,1.965125e-02,6.302074e-02
9.23000,0.331820,0.601071,4.096198e-01,3.005134e-01,9.467178e-01,1.280233e-01,-4.519366e-03,-5.328697e-03,1.964820e-02,6.302568e-02
9.23250,0.331562,0.601444,4.097663e-01,3.008330e-01,9.467089e-01,1.280206e-01,-4.531406e-03,-5.316372e-03,1.964514e-02,6.303063e-02
9.23500,0.331304,0.601818,4.099123e-01,3.011527e-01,9.466999e-01,1.280178e-01,-4.543759e-03,-5.303969e-03,1.964207e-02,6.303558e-02
9.23750,0.331047,0.602192,4.100576e-01,3.014726e-01,9.466908e-01,1.280150e-01,-4.556396e-03,-5.291396e-03,1.963900e-02,6.304054e-02
9.24000,0.330791,0.602567,4.102023e-01,3.017925e-01,9.466815e-01,1.280123e-01,-4.569205e-03,-5.278448e-03,1.963592e-02,6.304550e-02
9.24250,0.330534,0.602942,4.103465e-01,3.021126e-01,9.466721e-01,1.280095e-01,-4.581952e-03,-5.265242e-03,1.963283e-02,6.305047e-02
9.24500,0.330279,0.603318,4.104900e-01,3.024329e-01,9.466623e-01,1.280068e-01,-4.594627e-03,-5.251912e-03,1.962975e-02,6.305545e-02
9.24750,0.330023,0.603694,4.106329e-01,3.027532e-01,9.466522e-01,1.280040e-01,-4.607374e-03,-5.238575e-03,1.962666e-02,6.306042e-02
9.25000,0.329769,0.604071,4.107752e-01,3.030737e-01,9.466420e-01,1.280013e-01,-4.620092e-03,-5.225225e-03,1.962357e-02,6.306541e-02
9.25250,0.329514,0.604448,4.109169e-01,3.033943e-01,9.466316e-01,1.279985e-01,-4.632806e-03,-5.211807e-03,1.962047e-02,6.307040e-02
9.25500,0.329260,0.604826,4.110579e-01,3.037151e-01,9.466211e-01,1.279958e-01,-4.645630e-03,-5.198334e-03,1.961736e-02,6.307539e-02
9.25750,0.329007,0.605205,4.111983e-01,3.040359e-01,9.466106e-01,1.279931e-01,-4.658577e-03,-5.184875e-03,1.961424e-02,6.308039e-02
9.26000,0.328754,0.605584,4.113381e-01,3.043569e-01,9.466001e-01,1.279903e-01,-4.671725e-03,-5.171406e-03,1.961111e-02,6.308539e-02
9.26250,0.328502,0.605963,4.114773e-01,3.046780e-01,9.465897e-01,1.279876e-01,-4.685138e-03,-5.157893e-03,1.960796e-02,6.309039e-02
9.26500,0.328250,0.606343,4.116158e-01,3.049992e-01,9.465794e-01,1.279849e-01,-4.698719e-03,-5.144345e-03,1.960480e-02,6.309539e-02
9.26750,0.327998,0.606723,4.117537e-01,3.053206e-01,9.465693e-01,1.279821e-01,-4.712478e-03,-5.130735e-03,1.960163e-02,6.310040e-02
9.27000,0.327747,0.607104,4.118910e-01,3.056420e-01,9.465595e-01,1.279794e-01,-4.726535e-03,-5.117151e-03,1.959845e-02,6.310541e-02
9.27250,0.327496,0.607486,4.120276e-01,3.059636e-01,9.465499e-01,1.279767e-01,-4.740854e-03,-5.103595e-03,1.959525e-02,6.311042e-02
9.27500,0.327246,0.607868,4.121636e-01,3.062852e-01,9.465406e-01,1.279740e-01,-4.755387e-03,-5.089912e-03,1.959203e-02,6.311544e-02
9.27750,0.326997,0.608250,4.122989e-01,3.066070e-01,9.465316e-01,1.279713e-01,-4.770004e-03,-5.076166e-03,1.958880e-02,6.312045e-02
9.28000,0.326747,0.608633,4.124336e-01,3.069289e-01,9.465228e-01,1.279686e-01,-4.784580e-03,-5.062481e-03,1.958556e-02,6.312547e-02
9.28250,0.326499,0.609017,4.125676e-01,3.072509e-01,9.465140e-01,1.279658e-01,-4.799058e-03,-5.048845e-03,1.958231e-02,6.313048e-02
9.28500,0.326251,0.609401,4.127009e-01,3.075730e-01,9.465053e-01,1.279631e-01,-4.813549e-03,-5.035182e-03,1.957905e-02,6.313550e-02
9.28750,0.326003,0.609785,4.128336e-01,3.078952e-01,9.464965e-01,1.279604e-01,-4.828033e-03,-5.021444e-03,1.957578e-02,6.314051e-02
9.29000,0.325756,0.610170,4.129655e-01,3.082175e-01,9.464875e-01,1.279577e-01,-4.842446e-03,-5.007720e-03,1.957251e-02,6.314553e-02
9.29250,0.325509,0.610555,4.130968e-01,3.085399e-01,9.464785e-01,1.279550e-01,-4.856843e-03,-4.994119e-03,1.956924e-02,6.315054e-02
9.29500,0.325263,0.610941,4.132274e-01,3.088624e-01,9.464693e-01,1.279523e-01,-4.871168e-03,-4.980633e-03,1.956597e-02,6.315555e-02
9.29750,0.325017,0.611328,4.133573e-01,3.091850e-01,9.464600e-01,1.279496e-01,-4.885287e-03,-4.967115e-03,1.956270e-02,6.316055e-02
9.30000,0.324772,0.611715,4.134865e-01,3.095077e-01,9.464505e-01,1.279469e-01,-4.899140e-03,-4.953514e-03,1.955944e-02,6.316556e-02
9.30250,0.324527,0.612102,4.136150e-01,3.098305e-01,9.464409e-01,1.279442e-01,-4.912877e-03,-4.939854e-03,1.955618e-02,6.317056e-02
9.30500,0.324282,0.612490,4.137427e-01,3.101534e-01,9.464311e-01,1.279416e-01,-4.926563e-03,-4.926238e-03,1.955293e-02,6.317556e-02
9.30750,0.324039,0.612878,4.138698e-01,3.104764e-01,9.464211e-01,1.279389e-01,-4.940196e-03,-4.912598e-03,1.954968e-02,6.318055e-02
9.31000,0.323795,0.613267,4.139961e-01,3.107994e-01,9.464111e-01,1.279362e-01,-4.953826e-03,-4.898990e-03,1.954642e-02,6.318554e-02
9.31250,0.323553,0.613657,4.141218e-01,3.111226e-01,9.464010e-01,1.279335e-01,-4.967338e-03,-4.885605e-03,1.954315e-02,6.319053e-02
9.31500,0.323310,0.614047,4.142467e-01,3.114458e-01,9.463908e-01,1.279308e-01,-4.980695e-03,-4.872495e-03,1.953988e-02,6.319551e-02
9.31750,0.323068,0.614437,4.143708e-01,3.117692e-01,9.463806e-01,1.279282e-01,-4.994050e-03,-4.859394e-03,1.953660e-02,6.320048e-02
9.32000,0.322827,0.614828,4.144943e-01,3.120926e-01,9.463705e-01,1.279255e-01,-5.007461e-03,-4.846160e-03,1.953332e-02,6.320545e-02
9.32250,0.322586,0.615219,4.146170e-01,3.124161e-01,9.463603e-01,1.279228e-01,-5.021012e-03,-4.832693e-03,1.953002e-02,6.321042e-02
9.32500,0.322346,0.615611,4.147389e-01,3.127397e-01,9.463501e-01,1.279201e-01,-5.034699e-03,-4.819034e-03,1.952672e-02,6.321538e-02
9.32750,0.322106,0.616003,4.148601e-01,3.130633e-01,9.463399e-01,1.279175e-01,-5.048531e-03,-4.805156e-03,1.952341e-02,6.322034e-02
9.33000,0.321867,0.616396,4.149806e-01,3.133871e-01,9.463297e-01,1.279148e-01,-5.062445e-03,-4.790996e-03,1.952008e-02,6.322529e-02
9.33250,0.321628,0.616789,4.151003e-01,3.137109e-01,9.463196e-01,1.279121e-01,-5.076449e-03,-4.776606e-03,1.951675e-02,6.323024e-02
9.33500,0.321390,0.617183,4.152192e-01,3.140348e-01,9.463095e-01,1.279095e-01,-5.090715e-03,-4.761851e-03,1.951340e-02,6.323518e-02
9.33750,0.321152,0.617577,4.153374e-01,3.143587e-01,9.462994e-01,1.279068e-01,-5.105235e-03,-4.746852e-03,1.951003e-02,6.324011e-02
9.34000,0.320915,0.617971,4.154548e-01,3.146828e-01,9.462893e-01,1.279042e-01,-5.119719e-03,-4.731997e-03,1.950665e-02,6.324504e-02
9.34250,0.320678,0.618366,4.155715e-01,3.150069e-01,9.462792e-01,1.279015e-01,-5.134115e-03,-4.717424e-03,1.950326e-02,6.324997e-02
9.34500,0.320442,0.618762,4.156873e-01,3.153311e-01,9.462690e-01,1.278989e-01,-5.148548e-03,-4.703088e-03,1.949986e-02,6.325488e-02
9.34750,0.320206,0.619158,4.158023e-01,3.156553e-01,9.462589e-01,1.278962e-01,-5.162923e-03,-4.688877e-03,1.949645e-02,6.325979e-02
9.35000,0.319971,0.619555,4.159165e-01,3.159796e-01,9.462488e-01,1.278936e-01,-5.177268e-03,-4.674646e-03,1.949304e-02,6.326470e-02
9.35250,0.319737,0.619951,4.160299e-01,3.163040e-01,9.462387e-01,1.278909e-01,-5.191762e-03,-4.660373e-03,1.948962e-02,6.326959e-02
9.35500,0.319502,0.620349,4.161425e-01,3.166284e-01,9.462286e-01,1.278883e-01,-5.206461e-03,-4.646020e-03,1.948618e-02,6.327447e-02
9.35750,0.319269,0.620747,4.162542e-01,3.169529e-01,9.462184e-01,1.278857e-01,-5.221455e-03,-4.631458e-03,1.948272e-02,6.327935e-02
9.36000,0.319036,0.621145,4.163651e-01,3.172775e-01,9.462080e-01,1.278830e-01,-5.236823e-03,-4.616564e-03,1.947924e-02,6.328421e-02
9.36250,0.318803,0.621544,4.164752e-01,3.176021e-01,9.461974e-01,1.278804e-01,-5.252517e-03,-4.601307e-03,1.947572e-02,6.328907e-02
9.36500,0.318571,0.621943,4.165844e-01,3.179268e-01,9.461867e-01,1.278778e-01,-5.268431e-03,-4.585787e-03,1.947217e-02,6.329391e-02
9.36750,0.318340,0.622343,4.166927e-01,3.182515e-01,9.461759e-01,1.278751e-01,-5.284622e-03,-4.570060e-03,1.946859e-02,6.329875e-02
9.37000,0.318109,0.622743,4.168002e-01,3.185763e-01,9.461651e-01,1.278725e-01,-5.301006e-03,-4.554143e-03,1.946498e-02,6.330357e-02
9.37250,0.317878,0.623143,4.169069e-01,3.189011e-01,9.461541e-01,1.278699e-01,-5.317580e-03,-4.538097e-03,1.946135e-02,6.330838e-02
9.37500,0.317648,0.623544,4.170127e-01,3.192260e-01,9.461431e-01,1.278672e-01,-5.334259e-03,-4.521907e-03,1.945769e-02,6.331318e-02
9.37750,0.317419,0.623946,4.171176e-01,3.195509e-01,9.461319e-01,1.278646e-01,-5.351018e-03,-4.505692e-03,1.945401e-02,6.331797e-02
9.38000,0.317190,0.624348,4.172217e-01,3.198759e-01,9.461206e-01,1.278620e-01,-5.367812e-03,-4.489400e-03,1.945031e-02,6.332275e-02
9.38250,0.316962,0.624750,4.173251e-01,3.202009e-01,9.461094e-01,1.278594e-01,-5.384381e-03,-4.473000e-03,1.944660e-02,6.332751e-02
9.38500,0.316734,0.625153,4.174304e-01,3.205260e-01,9.460982e-01,1.278568e-01,-5.400812e-03,-4.456414e-03,1.944288e-02,6.333226e-02
9.38750,0.316507,0.625556,4.175348e-01,3.208511e-01,9.460872e-01,1.278541e-01,-5.417321e-03,-4.439625e-03,1.943914e-02,6.333699e-02
9.39000,0.316280,0.625960,4.176383e-01,3.211762e-01,9.460762e-01,1.278515e-01,-5.433799e-03,-4.422775e-03,1.943539e-02,6.334170e-02
9.39250,0.316054,0.626364,4.177409e-01,3.215014e-01,9.460653e-01,1.278489e-01,-5.450181e-03,-4.405898e-03,1.943162e-02,6.334640e-02
9.39500,0.315829,0.626769,4.178426e-01,3.218266e-01,9.460545e-01,1.278463e-01,-5.466635e-03,-4.388899e-03,1.942783e-02,6.335109e-02
9.39750,0.315604,0.627174,4.179434e-01,3.221519e-01,9.460438e-01,1.278437e-01,-5.483156e-03,-4.371853e-03,1.942401e-02,6.335575e-02
9.40000,0.315379,0.627579,4.180432e-01,3.224771e-01,9.460331e-01,1.278411e-01,-5.499706e-03,-4.354751e-03,1.942019e-02,6.336040e-02
9.40250,0.315155,0.627985,4.181421e-01,3.228024e-01,9.460227e-01,1.278385e-01,-5.516294e-03,-4.337353e-03,1.941634e-02,6.336503e-02
9.40500,0.314932,0.628391,4.182400e-01,3.231278e-01,9.460123e-01,1.278359e-01,-5.533017e-03,-4.319543e-03,1.941248e-02,6.336964e-02
9.40750,0.314709,0.628798,4.183370e-01,3.234531e-01,9.460021e-01,1.278333e-01,-5.549651e-03,-4.301621e-03,1.940861e-02,6.337423e-02
9.41000,0.314487,0.629205,4.184330e-01,3.237785e-01,9.459918e-01,1.278307e-01,-5.566015e-03,-4.283804e-03,1.940473e-02,6.337880e-02
9.41250,0.314265,0.629613,4.185280e-01,3.241039e-01,9.459814e-01,1.278281e-01,-5.581947e-03,-4.266214e-03,1.940085e-02,6.338336e-02
9.41500,0.314044,0.630021,4.186220e-01,3.244293e-01,9.459708e-01,1.278255e-01,-5.597737e-03,-4.248647e-03,1.939698e-02,6.338789e-02
9.41750,0.313823,0.630429,4.187151e-01,3.247548e-01,9.459601e-01,1.278229e-01,-5.613422e-03,-4.231124e-03,1.939309e-02,6.339240e-02
9.42000,0.313603,0.630838,4.188072e-01,3.250802e-01,9.459493e-01,1.278203e-01,-5.629146e-03,-4.213717e-03,1.938919e-02,6.339688e-02
9.42250,0.313384,0.631247,4.189037e-01,3.254057e-01,9.459382e-01,1.278178e-01,-5.645122e-03,-4.196421e-03,1.938528e-02,6.340135e-02
9.42500,0.313165,0.631657,4.189992e-01,3.257311e-01,9.459270e-01,1.278152e-01,-5.661475e-03,-4.179094e-03,1.938134e-02,6.340579e-02
9.42750,0.312947,0.632067,4.190937e-01,3.260566e-01,9.459156e-01,1.278126e-01,-5.678210e-03,-4.161463e-03,1.937738e-02,6.341021e-02
9.43000,0.312729,0.632477,4.191872e-01,3.263821e-01,9.459040e-01,1.278100e-01,-5.695086e-03,-4.143498e-03,1.937340e-02,6.341461e-02
9.43250,0.312512,0.632888,4.192797e-01,3.267076e-01,9.458924e-01,1.278074e-01,-5.712185e-03,-4.125239e-03,1.936941e-02,6.341899e-02
9.43500,0.312295,0.633299,4.193712e-01,3.270331e-01,9.458809e-01,1.278049e-01,-5.729450e-03,-4.106735e-03,1.936539e-02,6.342334e-02
9.43750,0.312079,0.633711,4.194617e-01,3.273586e-01,9.458696e-01,1.278023e-01,-5.746643e-03,-4.088155e-03,1.936136e-02,6.342767e-02
9.44000,0.311864,0.634123,4.195511e-01,3.276841e-01,9.458586e-01,1.277997e-01,-5.763777e-03,-4.069541e-03,1.935732e-02,6.343197e-02
9.44250,0.311649,0.634536,4.196395e-01,3.280096e-01,9.458478e-01,1.277972e-01,-5.780975e-03,-4.050891e-03,1.935326e-02,6.343625e-02
9.44500,0.311435,0.634949,4.197269e-01,3.283351e-01,9.458372e-01,1.277946e-01,-5.798169e-03,-4.032284e-03,1.934918e-02,6.344051e-02
9.44750,0.311221,0.635362,4.198131e-01,3.286606e-01,9.458267e-01,1.277921e-01,-5.815374e-03,-4.013781e-03,1.934508e-02,6.344474e-02
9.45000,0.311008,0.635776,4.198984e-01,3.289861e-01,9.458163e-01,1.277895e-01,-5.832580e-03,-3.995311e-03,1.934096e-02,6.344894e-02
9.45250,0.310796,0.636190,4.199825e-01,3.293116e-01,9.458059e-01,1.277869e-01,-5.849749e-03,-3.976848e-03,1.933683e-02,6.345312e-02
9.45500,0.310584,0.636604,4.200655e-01,3.296371e-01,9.457955e-01,1.277844e-01,-5.866935e-03,-3.958262e-03,1.933268e-02,6.345727e-02
9.45750,0.310372,0.637019,4.201477e-01,3.299625e-01,9.457850e-01,1.277818e-01,-5.884340e-03,-3.939399e-03,1.932852e-02,6.346140e-02
9.46000,0.310162,0.637434,4.202353e-01,3.302880e-01,9.457744e-01,1.277793e-01,-5.902132e-03,-3.920187e-03,1.932434e-02,6.346550e-02
9.46250,0.309951,0.637850,4.203230e-01,3.306134e-01,9.457635e-01,1.277767e-01,-5.920158e-03,-3.900785e-03,1.932013e-02,6.346957e-02
9.46500,0.309742,0.638266,4.204096e-01,3.309388e-01,9.457523e-01,1.277742e-01,-5.938230e-03,-3.881384e-03,1.931591e-02,6.347361e-02
9.46750,0.309533,0.638682,4.204950e-01,3.312642e-01,9.457408e-01,1.277716e-01,-5.956378e-03,-3.861905e-03,1.931167e-02,6.347762e-02
9.47000,0.309325,0.639099,4.205792e-01,3.315895e-01,9.457291e-01,1.277691e-01,-5.974568e-03,-3.842424e-03,1.930742e-02,6.348160e-02
9.47250,0.309117,0.639516,4.206623e-01,3.319148e-01,9.457171e-01,1.277666e-01,-5.992936e-03,-3.822864e-03,1.930314e-02,6.348555e-02
9.47500,0.308910,0.639934,4.207443e-01,3.322401e-01,9.457050e-01,1.277640e-01,-6.011541e-03,-3.803095e-03,1.929884e-02,6.348947e-02
9.47750,0.308703,0.640352,4.208250e-01,3.325654e-01,9.456927e-01,1.277615e-01,-6.030378e-03,-3.783138e-03,1.929451e-02,6.349335e-02
9.48000,0.308497,0.640770,4.209047e-01,3.328907e-01,9.456804e-01,1.277589e-01,-6.049406e-03,-3.763196e-03,1.929014e-02,6.349720e-02
9.48250,0.308292,0.641189,4.209831e-01,3.332159e-01,9.456679e-01,1.277564e-01,-6.068454e-03,-3.743333e-03,1.928574e-02,6.350102e-02
9.48500,0.308087,0.641608,4.210604e-01,3.335410e-01,9.456554e-01,1.277539e-01,-6.087535e-03,-3.723420e-03,1.928131e-02,6.350480e-02
9.48750,0.307883,0.642027,4.211364e-01,3.338662e-01,9.456430e-01,1.277513e-01,-6.106604e-03,-3.703530e-03,1.927687e-02,6.350855e-02
9.49000,0.307680,0.642447,4.212139e-01,3.341912e-01,9.456308e-01,1.277488e-01,-6.125475e-03,-3.683775e-03,1.927242e-02,6.351225e-02
9.49250,0.307477,0.642867,4.212931e-01,3.345163e-01,9.456187e-01,1.277463e-01,-6.144144e-03,-3.664213e-03,1.926796e-02,6.351592e-02
9.49500,0.307275,0.643288,4.213727e-01,3.348413e-01,9.456069e-01,1.277438e-01,-6.162703e-03,-3.644908e-03,1.926349e-02,6.351955e-02
9.49750,0.307073,0.643709,4.214550e-01,3.351662e-01,9.455953e-01,1.277413e-01,-6.181387e-03,-3.625595e-03,1.925900e-02,6.352314e-02
9.50000,0.306872,0.644130,4.215360e-01,3.354911e-01,9.455839e-01,1.277387e-01,-6.200305e-03,-3.606032e-03,1.925448e-02,6.352668e-02
9.50250,0.306672,0.644551,4.216158e-01,3.358160e-01,9.455726e-01,1.277362e-01,-6.219609e-03,-3.586119e-03,1.924994e-02,6.353018e-02
9.50500,0.306472,0.644973,4.216944e-01,3.361408e-01,9.455616e-01,1.277337e-01,-6.239544e-03,-3.565624e-03,1.924536e-02,6.353364e-02
9.50750,0.306273,0.645396,4.217717e-01,3.364655e-01,9.455507e-01,1.277312e-01,-6.259776e-03,-3.544665e-03,1.924074e-02,6.353705e-02
9.51000,0.306074,0.645818,4.218476e-01,3.367902e-01,9.455397e-01,1.277287e-01,-6.279983e-03,-3.523572e-03,1.923609e-02,6.354042e-02
9.51250,0.305876,0.646241,4.219223e-01,3.371148e-01,9.455287e-01,1.277262e-01,-6.300231e-03,-3.502319e-03,1.923141e-02,6.354375e-02
9.51500,0.305679,0.646664,4.219957e-01,3.374393e-01,9.455175e-01,1.277237e-01,-6.320586e-03,-3.480812e-03,1.922673e-02,6.354703e-02
9.51750,0.305482,0.647088,4.220678e-01,3.377638e-01,9.455060e-01,1.277212e-01,-6.340849e-03,-3.459291e-03,1.922203e-02,6.355026e-02
9.52000,0.305286,0.647512,4.221386e-01,3.380882e-01,9.454944e-01,1.277187e-01,-6.360978e-03,-3.437888e-03,1.921732e-02,6.355345e-02
9.52250,0.305091,0.647936,4.222129e-01,3.384126e-01,9.454826e-01,1.277162e-01,-6.380940e-03,-3.416621e-03,1.921261e-02,6.355659e-02
9.52500,0.304896,0.648361,4.222883e-01,3.387368e-01,9.454707e-01,1.277137e-01,-6.400792e-03,-3.395444e-03,1.920791e-02,6.355968e-02
9.52750,0.304702,0.648786,4.223623e-01,3.390610e-01,9.454587e-01,1.277112e-01,-6.420852e-03,-3.374117e-03,1.920319e-02,6.356273e-02
9.53000,0.304509,0.649211,4.224373e-01,3.393851e-01,9.454466e-01,1.277087e-01,-6.441089e-03,-3.352535e-03,1.919847e-02,6.356573e-02
9.53250,0.304316,0.649637,4.225158e-01,3.397091e-01,9.454346e-01,1.277062e-01,-6.461598e-03,-3.330651e-03,1.919372e-02,6.356868e-02
9.53500,0.304124,0.650063,4.225930e-01,3.400331e-01,9.454092e-01,1.277038e-01,-6.482425e-03,-3.308463e-03,1.918895e-02,6.357157e-02
9.53750,0.303933,0.650489,4.226689e-01,3.403570e-01,9.453802e-01,1.277013e-01,-6.503438e-03,-3.285875e-03,1.918415e-02,6.357442e-02
9.54000,0.303742,0.650916,4.227434e-01,3.406807e-01,9.453512e-01,1.276988e-01,-6.524459e-03,-3.263043e-03,1.917934e-02,6.357722e-02
9.54250,0.303552,0.651343,4.228165e-01,3.410044e-01,9.453226e-01,1.276963e-01,-6.545387e-03,-3.240172e-03,1.917453e-02,6.357997e-02
9.54500,0.303362,0.651770,4.228883e-01,3.413280e-01,9.452951e-01,1.276938e-01,-6.566095e-03,-3.217270e-03,1.916972e-02,6.358267e-02
9.54750,0.303174,0.652198,4.229587e-01,3.416515e-01,9.452691e-01,1.276914e-01,-6.586502e-03,-3.194376e-03,1.916491e-02,6.358532e-02
9.55000,0.302985,0.652626,4.230277e-01,3.419749e-01,9.452448e-01,1.276889e-01,-6.606726e-03,-3.171410e-03,1.916009e-02,6.358791e-02
9.55250,0.302798,0.653054,4.230953e-01,3.422982e-01,9.452225e-01,1.276864e-01,-6.626917e-03,-3.148304e-03,1.915527e-02,6.359045e-02
9.55500,0.302611,0.653483,4.231629e-01,3.426214e-01,9.452016e-01,1.276840e-01,-6.647149e-03,-3.125023e-03,1.915044e-02,6.359294e-02
9.55750,0.302425,0.653911,4.232369e-01,3.429445e-01,9.451818e-01,1.276815e-01,-6.667511e-03,-3.101601e-03,1.914559e-02,6.359537e-02
9.56000,0.302239,0.654341,4.233094e-01,3.432674e-01,9.451623e-01,1.276791e-01,-6.687986e-03,-3.078005e-03,1.914072e-02,6.359775e-02
9.56250,0.302055,0.654770,4.233805e-01,3.435903e-01,9.451422e-01,1.276766e-01,-6.708433e-03,-3.054348e-03,1.913583e-02,6.360008e-02
9.56500,0.301871,0.655200,4.234502e-01,3.439131e-01,9.451211e-01,1.276741e-01,-6.728744e-03,-3.030717e-03,1.913094e-02,6.360235e-02
9.56750,0.301687,0.655630,4.235261e-01,3.442357e-01,9.450986e-01,1.276717e-01,-6.748918e-03,-3.007148e-03,1.912604e-02,6.360456e-02
9.57000,0.301504,0.656060,4.236021e-01,3.445582e-01,9.450744e-01,1.276693e-01,-6.769036e-03,-2.983695e-03,1.912113e-02,6.360672e-02
9.57250,0.301322,0.656491,4.236766e-01,3.448806e-01,9.450488e-01,1.276668e-01,-6.789260e-03,-2.960199e-03,1.911621e-02,6.360882e-02
9.57500,0.301141,0.656922,4.237497e-01,3.452029e-01,9.450220e-01,1.276644e-01,-6.809771e-03,-2.936346e-03,1.911127e-02,6.361085e-02
9.57750,0.300960,0.657353,4.238213e-01,3.455251e-01,9.449943e-01,1.276619e-01,-6.830471e-03,-2.912127e-03,1.910631e-02,6.361283e-02
9.58000,0.300780,0.657784,4.238914e-01,3.458471e-01,9.449661e-01,1.276595e-01,-6.851227e-03,-2.887708e-03,1.910132e-02,6.361474e-02
9.58250,0.300601,0.658216,4.239600e-01,3.461690e-01,9.449378e-01,1.276571e-01,-6.871937e-03,-2.863225e-03,1.909633e-02,6.361659e-02
9.58500,0.300422,0.658648,4.240270e-01,3.464908e-01,9.449098e-01,1.276546e-01,-6.892800e-03,-2.838551e-03,1.909131e-02,6.361838e-02
9.58750,0.300244,0.659081,4.240926e-01,3.468124e-01,9.448826e-01,1.276522e-01,-6.914247e-03,-2.813531e-03,1.908625e-02,6.362010e-02
9.59000,0.300067,0.659513,4.241565e-01,3.471339e-01,9.448564e-01,1.276498e-01,-6.935952e-03,-2.788451e-03,1.908115e-02,6.362175e-02
9.59250,0.299890,0.659946,4.242253e-01,3.474553e-01,9.448318e-01,1.276474e-01,-6.957782e-03,-2.763313e-03,1.907602e-02,6.362334e-02
9.59500,0.299714,0.660379,4.242976e-01,3.477765e-01,9.448089e-01,1.276450e-01,-6.979852e-03,-2.738018e-03,1.907089e-02,6.362485e-02
9.59750,0.299539,0.660813,4.243684e-01,3.480975e-01,9.447875e-01,1.276425e-01,-7.002353e-03,-2.712304e-03,1.906574e-02,6.362630e-02
9.60000,0.299365,0.661246,4.244375e-01,3.484185e-01,9.447673e-01,1.276401e-01,-7.025175e-03,-2.686483e-03,1.906057e-02,6.362768e-02
9.60250,0.299191,0.661680,4.245051e-01,3.487392e-01,9.447476e-01,1.276377e-01,-7.048235e-03,-2.660609e-03,1.905540e-02,6.362898e-02
9.60500,0.299018,0.662115,4.245765e-01,3.490598e-01,9.447279e-01,1.276353e-01,-7.071542e-03,-2.634479e-03,1.905020e-02,6.363022e-02
9.60750,0.298846,0.662549,4.246524e-01,3.493803e-01,9.447077e-01,1.276329e-01,-7.094994e-03,-2.608176e-03,1.904500e-02,6.363138e-02
9.61000,0.298674,0.662984,4.247267e-01,3.497006e-01,9.446865e-01,1.276305e-01,-7.118616e-03,-2.581722e-03,1.903978e-02,6.363246e-02
9.61250,0.298503,0.663419,4.247993e-01,3.500207e-01,9.446645e-01,1.276281e-01,-7.142578e-03,-2.555069e-03,1.903454e-02,6.363347e-02
9.61500,0.298333,0.663854,4.248704e-01,3.503407e-01,9.446417e-01,1.276258e-01,-7.166993e-03,-2.528376e-03,1.902927e-02,6.363440e-02
9.61750,0.298164,0.664289,4.249398e-01,3.506605e-01,9.446183e-01,1.276234e-01,-7.191671e-03,-2.501652e-03,1.902397e-02,6.363525e-02
9.62000,0.297995,0.664725,4.250075e-01,3.509801e-01,9.445943e-01,1.276210e-01,-7.216289e-03,-2.474912e-03,1.901865e-02,6.363602e-02
9.62250,0.297827,0.665161,4.250736e-01,3.512996e-01,9.445702e-01,1.276186e-01,-7.240673e-03,-2.448182e-03,1.901333e-02,6.363670e-02
9.62500,0.297660,0.665597,4.251380e-01,3.516188e-01,9.445461e-01,1.276162e-01,-7.265159e-03,-2.421330e-03,1.900802e-02,6.363731e-02
9.62750,0.297493,0.666034,4.252007e-01,3.519379e-01,9.445224e-01,1.276139e-01,-7.289726e-03,-2.394393e-03,1.900269e-02,6.363783e-02
9.63000,0.297327,0.666471,4.252617e-01,3.522568e-01,9.444993e-01,1.276115e-01,-7.314099e-03,-2.367454e-03,1.899737e-02,6.363827e-02
9.63250,0.297162,0.666907,4.253340e-01,3.525755e-01,9.444773e-01,1.276091e-01,-7.338158e-03,-2.340575e-03,1.899206e-02,6.363862e-02
9.63500,0.296998,0.667345,4.254058e-01,3.528941e-01,9.444567e-01,1.276068e-01,-7.362052e-03,-2.313542e-03,1.898676e-02,6.363889e-02
9.63750,0.296834,0.667782,4.254758e-01,3.532124e-01,9.444376e-01,1.276044e-01,-7.385978e-03,-2.286385e-03,1.898145e-02,6.363907e-02
9.64000,0.296671,0.668220,4.255441e-01,3.535306e-01,9.444198e-01,1.276021e-01,-7.410097e-03,-2.259005e-03,1.897615e-02,6.363916e-02
9.64250,0.296509,0.668657,4.256106e-01,3.538485e-01,9.444029e-01,1.275997e-01,-7.434337e-03,-2.231212e-03,1.897083e-02,6.363917e-02
9.64500,0.296348,0.669095,4.256816e-01,3.541663e-01,9.443863e-01,1.275974e-01,-7.458631e-03,-2.203039e-03,1.896551e-02,6.363910e-02
9.64750,0.296187,0.669534,4.257591e-01,3.544838e-01,9.443693e-01,1.275951e-01,-7.482908e-03,-2.174637e-03,1.896020e-02,6.363893e-02
9.65000,0.296027,0.669972,4.258348e-01,3.548011e-01,9.443515e-01,1.275927e-01,-7.507083e-03,-2.146291e-03,1.895490e-02,6.363868e-02
9.65250,0.295868,0.670411,4.259088e-01,3.551183e-01,9.443327e-01,1.275904e-01,-7.530962e-03,-2.118003e-03,1.894962e-02,6.363834e-02
9.65500,0.295710,0.670850,4.259811e-01,3.554352e-01,9.443128e-01,1.275881e-01,-7.554514e-03,-2.089698e-03,1.894436e-02,6.363791e-02
9.65750,0.295552,0.671289,4.260515e-01,3.557519e-01,9.442919e-01,1.275858e-01,-7.577654e-03,-2.061395e-03,1.893912e-02,6.363739e-02
9.66000,0.295396,0.671728,4.261202e-01,3.560684e-01,9.442703e-01,1.275835e-01,-7.600294e-03,-2.033116e-03,1.893390e-02,6.363678e-02
9.66250,0.295240,0.672168,4.261871e-01,3.563846e-01,9.442480e-01,1.275811e-01,-7.622611e-03,-2.004753e-03,1.892871e-02,6.363607e-02
9.66500,0.295084,0.672607,4.262522e-01,3.567006e-01,9.442253e-01,1.275788e-01,-7.645036e-03,-1.976080e-03,1.892352e-02,6.363528e-02
9.66750,0.294930,0.673047,4.263154e-01,3.570164e-01,9.442025e-01,1.275765e-01,-7.667825e-03,-1.946995e-03,1.891835e-02,6.363439e-02
9.67000,0.294776,0.673487,4.263768e-01,3.573320e-01,9.439297e-01,1.275743e-01,-7.690892e-03,-1.917564e-03,1.891318e-02,6.363341e-02
9.67250,0.294623,0.673927,4.264363e-01,3.576474e-01,9.435827e-01,1.275720e-01,-7.713811e-03,-1.887960e-03,1.890802e-02,6.363234e-02
9.67500,0.294471,0.674368,4.264991e-01,3.579625e-01,9.432336e-01,1.275697e-01,-7.736495e-03,-1.858273e-03,1.890288e-02,6.363117e-02
9.67750,0.294320,0.674808,4.265714e-01,3.582773e-01,9.428825e-01,1.275674e-01,-7.759241e-03,-1.828501e-03,1.889775e-02,6.362991e-02
9.68000,0.294169,0.675249,4.266418e-01,3.585920e-01,9.425298e-01,1.275651e-01,-7.782272e-03,-1.798818e-03,1.889263e-02,6.362855e-02
9.68250,0.294019,0.675690,4.267104e-01,3.589064e-01,9.421756e-01,1.275629e-01,-7.805508e-03,-1.769353e-03,1.888751e-02,6.362710e-02
9.68500,0.293870,0.676131,4.267778e-01,3.592205e-01,9.418201e-01,1.275606e-01,-7.829107e-03,-1.739910e-03,1.888238e-02,6.362555e-02
9.68750,0.293722,0.676573,4.268595e-01,3.595344e-01,9.414633e-01,1.275584e-01,-7.852936e-03,-1.710252e-03,1.887725e-02,6.362390e-02
9.69000,0.293574,0.677014,4.269393e-01,3.598480e-01,9.411052e-01,1.275561e-01,-7.877076e-03,-1.680315e-03,1.887213e-02,6.362215e-02
9.69250,0.293428,0.677456,4.270171e-01,3.601614e-01,9.407459e-01,1.275539e-01,-7.901701e-03,-1.650102e-03,1.886699e-02,6.362030e-02
9.69500,0.293282,0.677897,4.270931e-01,3.604745e-01,9.403854e-01,1.275516e-01,-7.926637e-03,-1.619789e-03,1.886183e-02,6.361834e-02
9.69750,0.293137,0.678339,4.271671e-01,3.607874e-01,9.400236e-01,1.275494e-01,-7.951959e-03,-1.589302e-03,1.885666e-02,6.361628e-02
9.70000,0.292992,0.678782,4.272393e-01,3.611000e-01,9.396604e-01,1.275472e-01,-7.977708e-03,-1.558520e-03,1.885147e-02,6.361411e-02
9.70250,0.292849,0.679224,4.273094e-01,3.614123e-01,9.392959e-01,1.275450e-01,-8.003817e-03,-1.527520e-03,1.884626e-02,6.361183e-02
9.70500,0.292706,0.679666,4.273776e-01,3.617243e-01,9.389299e-01,1.275427e-01,-8.030126e-03,-1.496301e-03,1.884103e-02,6.360945e-02
9.70750,0.292564,0.680109,4.274438e-01,3.620361e-01,9.385623e-01,1.275405e-01,-8.056520e-03,-1.464930e-03,1.883580e-02,6.360695e-02
9.71000,0.292423,0.680551,4.275081e-01,3.623476e-01,9.381929e-01,1.275383e-01,-8.082772e-03,-1.433655e-03,1.883059e-02,6.360434e-02
9.71250,0.292283,0.680994,4.275703e-01,3.626588e-01,9.378217e-01,1.275361e-01,-8.109232e-03,-1.402250e-03,1.882540e-02,6.360162e-02
9.71500,0.292144,0.681437,4.276305e-01,3.629698e-01,9.374486e-01,1.275340e-01,-8.136091e-03,-1.370522e-03,1.882021e-02,6.359878e-02
9.71750,0.292005,0.681880,4.276887e-01,3.632804e-01,9.370736e-01,1.275318e-01,-8.163316e-03,-1.338569e-03,1.881502e-02,6.359582e-02
9.72000,0.291867,0.682324,4.277593e-01,3.635908e-01,9.366966e-01,1.275296e-01,-8.190876e-03,-1.306356e-03,1.880984e-02,6.359274e-02
9.72250,0.291730,0.682767,4.278337e-01,3.639008e-01,9.363176e-01,1.275274e-01,-8.218494e-03,-1.273963e-03,1.880465e-02,6.358955e-02
9.72500,0.291594,0.683210,4.279061e-01,3.642106e-01,9.359365e-01,1.275253e-01,-8.246165e-03,-1.241365e-03,1.879948e-02,6.358623e-02
9.72750,0.291459,0.683654,4.279765e-01,3.645200e-01,9.355533e-01,1.275231e-01,-8.273777e-03,-1.208649e-03,1.879432e-02,6.358279e-02
9.73000,0.291324,0.684098,4.280448e-01,3.648292e-01,9.351681e-01,1.275210e-01,-8.301309e-03,-1.175774e-03,1.878918e-02,6.357922e-02
9.73250,0.291191,0.684541,4.281209e-01,3.651380e-01,9.347810e-01,1.275188e-01,-8.328838e-03,-1.142649e-03,1.878405e-02,6.357554e-02
9.73500,0.291058,0.684985,4.282055e-01,3.654466e-01,9.343919e-01,1.275167e-01,-8.356546e-03,-1.109140e-03,1.877892e-02,6.357172e-02
9.73750,0.290926,0.685429,4.282879e-01,3.657548e-01,9.340009e-01,1.275146e-01,-8.384290e-03,-1.075338e-03,1.877382e-02,6.356777e-02
9.74000,0.290795,0.685874,4.283683e-01,3.660627e-01,9.336080e-01,1.275125e-01,-8.411655e-03,-1.041547e-03,1.876875e-02,6.356370e-02
9.74250,0.290664,0.686318,4.284465e-01,3.663703e-01,9.332132e-01,1.275104e-01,-8.438482e-03,-1.007967e-03,1.876372e-02,6.355949e-02
9.74500,0.290535,0.686762,4.285227e-01,3.666775e-01,9.328165e-01,1.275083e-01,-8.464905e-03,-9.746409e-04,1.875874e-02,6.355515e-02
9.74750,0.290406,0.687207,4.285967e-01,3.669845e-01,9.324179e-01,1.275062e-01,-8.491102e-03,-9.414558e-04,1.875380e-02,6.355069e-02
9.75000,0.290279,0.687651,4.286685e-01,3.672910e-01,9.320173e-01,1.275041e-01,-8.517102e-03,-9.084078e-04,1.874890e-02,6.354608e-02
9.75250,0.290152,0.688096,4.287382e-01,3.675973e-01,9.316149e-01,1.275020e-01,-8.543138e-03,-8.752471e-04,1.874404e-02,6.354135e-02
9.75500,0.290026,0.688540,4.288056e-01,3.679032e-01,9.312108e-01,1.275000e-01,-8.569535e-03,-8.416484e-04,1.873920e-02,6.353648e-02
9.75750,0.289901,0.688985,4.288709e-01,3.682088e-01,9.308055e-01,1.274979e-01,-8.596149e-03,-8.076613e-04,1.873439e-02,6.353148e-02
9.76000,0.289776,0.689430,4.289339e-01,3.685140e-01,9.303988e-01,1.274959e-01,-8.623012e-03,-7.733500e-04,1.872959e-02,6.352635e-02
9.76250,0.289653,0.689875,4.289946e-01,3.688189e-01,9.299911e-01,1.274938e-01,-8.650081e-03,-7.387436e-04,1.872481e-02,6.352108e-02
9.76500,0.289531,0.690320,4.290531e-01,3.691234e-01,9.295823e-01,1.274918e-01,-8.677225e-03,-7.038609e-04,1.872006e-02,6.351569e-02
9.76750,0.289409,0.690765,4.291152e-01,3.694276e-01,9.291724e-01,1.274898e-01,-8.704180e-03,-6.688101e-04,1.871534e-02,6.351016e-02
9.77000,0.289288,0.691210,4.291934e-01,3.697314e-01,9.287615e-01,1.274878e-01,-8.730777e-03,-6.335854e-04,1.871066e-02,6.350449e-02
9.77250,0.289168,0.691655,4.292693e-01,3.700349e-01,9.283495e-01,1.274858e-01,-8.757072e-03,-5.983073e-04,1.870603e-02,6.349870e-02
9.77500,0.289049,0.692100,4.293430e-01,3.703380e-01,9.279364e-01,1.274838e-01,-8.783036e-03,-5.632091e-04,1.870147e-02,6.349277e-02
9.77750,0.288931,0.692546,4.294144e-01,3.706407e-01,9.275221e-01,1.274818e-01,-8.808751e-03,-5.281344e-04,1.869697e-02,6.348670e-02
9.78000,0.288814,0.692991,4.294834e-01,3.709431e-01,9.271066e-01,1.274798e-01,-8.834407e-03,-4.928282e-04,1.869252e-02,6.348050e-02
9.78250,0.288697,0.693436,4.295681e-01,3.712450e-01,9.266896e-01,1.274779e-01,-8.860052e-03,-4.573137e-04,1.868812e-02,6.347417e-02
9.78500,0.288582,0.693882,4.296569e-01,3.715466e-01,9.262710e-01,1.274759e-01,-8.885850e-03,-4.217347e-04,1.868376e-02,6.346770e-02
9.78750,0.288467,0.694327,4.297435e-01,3.718479e-01,9.258507e-01,1.274740e-01,-8.911625e-03,-3.861297e-04,1.867945e-02,6.346109e-02
9.79000,0.288354,0.694773,4.298277e-01,3.721487e-01,9.254284e-01,1.274721e-01,-8.937267e-03,-3.503836e-04,1.867518e-02,6.345435e-02
9.79250,0.288241,0.695218,4.299096e-01,3.724491e-01,9.250043e-01,1.274702e-01,-8.962816e-03,-3.143284e-04,1.867096e-02,6.344748e-02
9.79500,0.288129,0.695664,4.299891e-01,3.727492e-01,9.245782e-01,1.274683e-01,-8.988322e-03,-2.778960e-04,1.866679e-02,6.344047e-02
9.79750,0.288018,0.696109,4.300663e-01,3.730489e-01,9.241500e-01,1.274664e-01,-9.013854e-03,-2.411415e-04,1.866265e-02,6.343333e-02
9.80000,0.287908,0.696555,4.301411e-01,3.733481e-01,9.237199e-01,1.274645e-01,-9.039542e-03,-2.041380e-04,1.865854e-02,6.342605e-02
9.80250,0.287799,0.697001,4.302135e-01,3.736470e-01,9.232880e-01,1.274627e-01,-9.065425e-03,-1.670820e-04,1.865448e-02,6.341864e-02
9.80500,0.287691,0.697446,4.302835e-01,3.739455e-01,9.228542e-01,1.274608e-01,-9.091400e-03,-1.300725e-04,1.865045e-02,6.341108e-02
9.80750,0.287583,0.697892,4.303510e-01,3.742435e-01,9.224187e-01,1.274590e-01,-9.117125e-03,-9.329367e-05,1.864648e-02,6.340338e-02
9.81000,0.287477,0.698337,4.304161e-01,3.745412e-01,9.219816e-01,1.274572e-01,-9.142690e-03,-5.672398e-05,1.864254e-02,6.339554e-02
9.81250,0.287371,0.698783,4.304787e-01,3.748384e-01,9.215429e-01,1.274553e-01,-9.167986e-03,-2.047395e-05,1.863866e-02,6.338755e-02
9.81500,0.287267,0.699229,4.305388e-01,3.751352e-01,9.211027e-01,1.274536e-01,-9.193248e-03,1.557823e-05,1.863482e-02,6.337941e-02
9.81750,0.287163,0.699674,4.305964e-01,3.754316e-01,9.206612e-01,1.274518e-01,-9.218922e-03,5.184702e-05,1.863101e-02,6.337113e-02
9.82000,0.287060,0.700120,4.306776e-01,3.757276e-01,9.202183e-01,1.274500e-01,-9.245282e-03,8.855067e-05,1.862722e-02,6.336269e-02
9.82250,0.286959,0.700566,4.307587e-01,3.760231e-01,9.197742e-01,1.274482e-01,-9.272309e-03,1.256578e-04,1.862343e-02,6.335410e-02
9.82500,0.286858,0.701011,4.308374e-01,3.763182e-01,9.193288e-01,1.274465e-01,-9.299529e-03,1.629169e-04,1.861967e-02,6.334535e-02
9.82750,0.286758,0.701457,4.309136e-01,3.766129e-01,9.188822e-01,1.274448e-01,-9.326858e-03,2.003931e-04,1.861594e-02,6.333644e-02
9.83000,0.286659,0.701902,4.309873e-01,3.769072e-01,9.184345e-01,1.274431e-01,-9.354307e-03,2.380976e-04,1.861225e-02,6.332738e-02
9.83250,0.286561,0.702348,4.310605e-01,3.772010e-01,9.179858e-01,1.274414e-01,-9.381985e-03,2.761241e-04,1.860860e-02,6.331816e-02
9.83500,0.286464,0.702793,4.311578e-01,3.774943e-01,9.175363e-01,1.274397e-01,-9.409737e-03,3.141973e-04,1.860501e-02,6.330878e-02
9.83750,0.286368,0.703239,4.312526e-01,3.777872e-01,9.170860e-01,1.274380e-01,-9.437668e-03,3.523126e-04,1.860148e-02,6.329924e-02
9.84000,0.286272,0.703684,4.313450e-01,3.780797e-01,9.166351e-01,1.274364e-01,-9.465596e-03,3.905266e-04,1.859801e-02,6.328953e-02
9.84250,0.286178,0.704130,4.314347e-01,3.783717e-01,9.161837e-01,1.274347e-01,-9.493539e-03,4.289143e-04,1.859461e-02,6.327966e-02
9.84500,0.286085,0.704575,4.315219e-01,3.786633e-01,9.157317e-01,1.274331e-01,-9.521674e-03,4.675166e-04,1.859127e-02,6.326963e-02
9.84750,0.285993,0.705020,4.316066e-01,3.789543e-01,9.152793e-01,1.274315e-01,-9.549922e-03,5.061897e-04,1.858797e-02,6.325943e-02
9.85000,0.285901,0.705465,4.316886e-01,3.792450e-01,9.148263e-01,1.274299e-01,-9.578344e-03,5.449694e-04,1.858472e-02,6.324906e-02
9.85250,0.285811,0.705910,4.317680e-01,3.795351e-01,9.143728e-01,1.274283e-01,-9.606864e-03,5.839227e-04,1.858152e-02,6.323853e-02
9.85500,0.285721,0.706356,4.318448e-01,3.798248e-01,9.139189e-01,1.274268e-01,-9.635354e-03,6.231495e-04,1.857837e-02,6.322782e-02
9.85750,0.285633,0.706801,4.319188e-01,3.801140e-01,9.134644e-01,1.274252e-01,-9.663678e-03,6.625139e-04,1.857528e-02,6.321694e-02
9.86000,0.285545,0.707246,4.319902e-01,3.804028e-01,9.130095e-01,1.274237e-01,-9.691901e-03,7.020048e-04,1.857225e-02,6.320589e-02
9.86250,0.285459,0.707690,4.320589e-01,3.806910e-01,9.125538e-01,1.274222e-01,-9.720230e-03,7.415801e-04,1.856927e-02,6.319467e-02
9.86500,0.285373,0.708135,4.321248e-01,3.809788e-01,9.120974e-01,1.274207e-01,-9.749011e-03,7.812465e-04,1.856635e-02,6.318327e-02
9.86750,0.285289,0.708580,4.321879e-01,3.812660e-01,9.116400e-01,1.274193e-01,-9.778198e-03,8.210243e-04,1.856348e-02,6.317170e-02
9.87000,0.285205,0.709025,4.322482e-01,3.815528e-01,9.111813e-01,1.274178e-01,-9.807366e-03,8.608021e-04,1.856068e-02,6.315995e-02
9.87250,0.285122,0.709469,4.323311e-01,3.818391e-01,9.107213e-01,1.274164e-01,-9.836129e-03,9.004053e-04,1.855796e-02,6.314802e-02
9.87500,0.285041,0.709914,4.324193e-01,3.821249e-01,9.102597e-01,1.274150e-01,-9.864310e-03,9.397671e-04,1.855535e-02,6.313593e-02
9.87750,0.284960,0.710358,4.325048e-01,3.824102e-01,9.097965e-01,1.274136e-01,-9.891863e-03,9.790065e-04,1.855283e-02,6.312366e-02
9.88000,0.284881,0.710802,4.325875e-01,3.826949e-01,9.093319e-01,1.274122e-01,-9.918961e-03,1.018163e-03,1.855042e-02,6.311121e-02
9.88250,0.284802,0.711246,4.326674e-01,3.829792e-01,9.088659e-01,1.274109e-01,-9.945661e-03,1.057509e-03,1.854810e-02,6.309860e-02
9.88500,0.284724,0.711691,4.327445e-01,3.832630e-01,9.083987e-01,1.274096e-01,-9.972064e-03,1.097114e-03,1.854587e-02,6.308581e-02
9.88750,0.284648,0.712134,4.328399e-01,3.835462e-01,9.079305e-01,1.274083e-01,-9.998313e-03,1.137102e-03,1.854372e-02,6.307286e-02
9.89000,0.284572,0.712578,4.329450e-01,3.838289e-01,9.074615e-01,1.274070e-01,-1.002428e-02,1.177227e-03,1.854165e-02,6.305973e-02
9.89250,0.284497,0.713022,4.330474e-01,3.841111e-01,9.069919e-01,1.274057e-01,-1.004973e-02,1.217251e-03,1.853969e-02,6.304644e-02
9.89500,0.284424,0.713466,4.331469e-01,3.843928e-01,9.065217e-01,1.274045e-01,-1.007469e-02,1.257156e-03,1.853782e-02,6.303297e-02
9.89750,0.284351,0.713909,4.332437e-01,3.846739e-01,9.060512e-01,1.274033e-01,-1.009928e-02,1.297019e-03,1.853607e-02,6.301934e-02
9.90000,0.284280,0.714352,4.333375e-01,3.849545e-01,9.055804e-01,1.274021e-01,-1.012369e-02,1.337026e-03,1.853443e-02,6.300553e-02
9.90250,0.284209,0.714796,4.334285e-01,3.852346e-01,9.051092e-01,1.274009e-01,-1.014816e-02,1.377265e-03,1.853289e-02,6.299156e-02
9.90500,0.284140,0.715239,4.335166e-01,3.855141e-01,9.046376e-01,1.273998e-01,-1.017274e-02,1.417622e-03,1.853145e-02,6.297741e-02
9.90750,0.284071,0.715681,4.336018e-01,3.857931e-01,9.041658e-01,1.273986e-01,-1.019733e-02,1.458112e-03,1.853009e-02,6.296310e-02
9.91000,0.284004,0.716124,4.336840e-01,3.860715e-01,9.036936e-01,1.273975e-01,-1.022179e-02,1.498695e-03,1.852883e-02,6.294863e-02
9.91250,0.283937,0.716567,4.337633e-01,3.863494e-01,9.032212e-01,1.273965e-01,-1.024597e-02,1.539248e-03,1.852766e-02,6.293398e-02
9.91500,0.283872,0.717009,4.338395e-01,3.866268e-01,9.027486e-01,1.273954e-01,-1.027004e-02,1.579932e-03,1.852658e-02,6.291917e-02
9.91750,0.283807,0.717452,4.339127e-01,3.869036e-01,9.022760e-01,1.273944e-01,-1.029407e-02,1.620804e-03,1.852559e-02,6.290420e-02
9.92000,0.283744,0.717894,4.339828e-01,3.871798e-01,9.018037e-01,1.273934e-01,-1.031787e-02,1.661691e-03,1.852470e-02,6.288906e-02
9.92250,0.283682,0.718336,4.340499e-01,3.874555e-01,9.013319e-01,1.273924e-01,-1.034135e-02,1.702433e-03,1.852390e-02,6.287376e-02
9.92500,0.283620,0.718777,4.341138e-01,3.877306e-01,9.008607e-01,1.273915e-01,-1.036465e-02,1.743249e-03,1.852321e-02,6.285829e-02
9.92750,0.283560,0.719219,4.342102e-01,3.880052e-01,9.003904e-01,1.273906e-01,-1.038770e-02,1.784125e-03,1.852262e-02,6.284266e-02
9.93000,0.283501,0.719660,4.343067e-01,3.882791e-01,8.999211e-01,1.273897e-01,-1.041065e-02,1.824856e-03,1.852212e-02,6.282686e-02
9.93250,0.283443,0.720102,4.344001e-01,3.885525e-01,8.994528e-01,1.273888e-01,-1.043360e-02,1.865458e-03,1.852171e-02,6.281090e-02
9.93500,0.283385,0.720543,4.344904e-01,3.888254e-01,8.989856e-01,1.273880e-01,-1.045643e-02,1.905987e-03,1.852139e-02,6.279477e-02
9.93750,0.283329,0.720984,4.345776e-01,3.890976e-01,8.985196e-01,1.273872e-01,-1.047895e-02,1.946430e-03,1.852117e-02,6.277848e-02
9.94000,0.283274,0.721424,4.346618e-01,3.893693e-01,8.980547e-01,1.273864e-01,-1.050116e-02,1.986924e-03,1.852105e-02,6.276203e-02
9.94250,0.283220,0.721865,4.347637e-01,3.896404e-01,8.975908e-01,1.273856e-01,-1.052343e-02,2.027710e-03,1.852101e-02,6.274541e-02
9.94500,0.283167,0.722305,4.348805e-01,3.899109e-01,8.971279e-01,1.273849e-01,-1.054591e-02,2.068827e-03,1.852105e-02,6.272862e-02
9.94750,0.283116,0.722745,4.349943e-01,3.901808e-01,8.966659e-01,1.273842e-01,-1.056869e-02,2.110206e-03,1.852116e-02,6.271167e-02
9.95000,0.283065,0.723185,4.351050e-01,3.904502e-01,8.962047e-01,1.273835e-01,-1.059171e-02,2.151788e-03,1.852134e-02,6.269454e-02
9.95250,0.283015,0.723624,4.352127e-01,3.907189e-01,8.957440e-01,1.273829e-01,-1.061479e-02,2.193187e-03,1.852160e-02,6.267725e-02
9.95500,0.282966,0.724064,4.353172e-01,3.909871e-01,8.952837e-01,1.273823e-01,-1.063792e-02,2.234153e-03,1.852194e-02,6.265978e-02
9.95750,0.282919,0.724503,4.354186e-01,3.912546e-01,8.948233e-01,1.273817e-01,-1.066112e-02,2.274822e-03,1.852238e-02,6.264214e-02
9.96000,0.282872,0.724942,4.355167e-01,3.915215e-01,8.943629e-01,1.273812e-01,-1.068450e-02,2.315519e-03,1.852291e-02,6.262432e-02
9.96250,0.282827,0.725381,4.356116e-01,3.917879e-01,8.939021e-01,1.273807e-01,-1.070816e-02,2.356447e-03,1.852353e-02,6.260632e-02
9.96500,0.282782,0.725819,4.357033e-01,3.920536e-01,8.934410e-01,1.273802e-01,-1.073226e-02,2.397743e-03,1.852422e-02,6.258815e-02
9.96750,0.282739,0.726257,4.357916e-01,3.923187e-01,8.929798e-01,1.273798e-01,-1.075640e-02,2.439099e-03,1.852499e-02,6.256979e-02
9.97000,0.282697,0.726695,4.358767e-01,3.925832e-01,8.925186e-01,1.273794e-01,-1.078035e-02,2.480385e-03,1.852586e-02,6.255126e-02
9.97250,0.282656,0.727133,4.359583e-01,3.928471e-01,8.920576e-01,1.273790e-01,-1.080397e-02,2.521572e-03,1.852682e-02,6.253254e-02
9.97500,0.282616,0.727570,4.360366e-01,3.931103e-01,8.915969e-01,1.273787e-01,-1.082720e-02,2.562791e-03,1.852789e-02,6.251365e-02
9.97750,0.282577,0.728008,4.361114e-01,3.933730e-01,8.911365e-01,1.273784e-01,-1.085014e-02,2.604053e-03,1.852906e-02,6.249457e-02
9.98000,0.282539,0.728445,4.361827e-01,3.936350e-01,8.906769e-01,1.273781e-01,-1.087284e-02,2.645195e-03,1.853035e-02,6.247532e-02
9.98250,0.282502,0.728881,4.362746e-01,3.938963e-01,8.902183e-01,1.273779e-01,-1.089548e-02,2.686254e-03,1.853175e-02,6.245588e-02
9.98500,0.282466,0.729318,4.363833e-01,3.941571e-01,8.897608e-01,1.273777e-01,-1.091812e-02,2.727218e-03,1.853328e-02,6.243626e-02
9.98750,0.282432,0.729754,4.364888e-01,3.944172e-01,8.893046e-01,1.273775e-01,-1.094081e-02,2.768087e-03,1.853492e-02,6.241646e-02
9.99000,0.282398,0.730190,4.365909e-01,3.946767e-01,8.888500e-01,1.273774e-01,-1.096365e-02,2.808790e-03,1.853668e-02,6.239648e-02
9.99250,0.282366,0.730625,4.366896e-01,3.949355e-01,8.883968e-01,1.273773e-01,-1.098644e-02,2.849374e-03,1.853856e-02,6.237632e-02
9.99500,0.282334,0.731061,4.367848e-01,3.951937e-01,8.879450e-01,1.273773e-01,-1.100914e-02,2.889950e-03,1.854055e-02,6.235598e-02
9.99750,0.282304,0.731496,4.368765e-01,3.954513e-01,8.874945e-01,1.273773e-01,-1.103211e-02,2.930848e-03,1.854265e-02,6.233546e-02
10.00000,0.282275,0.731930,4.370054e-01,3.957082e-01,8.870455e-01,1.273773e-01,-1.105504e-02,2.971829e-03,1.854485e-02,6.231476e-02
