t,cx,cy,disp_max,disp_rms,det_min,volume,Fx,Fy,p_L2,u_L2
0.00250,0.600000,0.500000,0.000000e+00,0.000000e+00,1.000000e+00,1.255740e-01,0.000000e+00,0.000000e+00,4.168442e-01,3.168442e-03
0.00500,0.600000,0.500000,0.000000e+00,0.000000e+00,1.000000e+00,1.255740e-01,0.000000e+00,0.000000e+00,4.085522e-01,5.383494e-03
0.00750,0.600000,0.500000,0.000000e+00,0.000000e+00,1.000000e+00,1.255740e-01,0.000000e+00,0.000000e+00,2.735063e-01,6.901053e-03
0.01000,0.600000,0.500000,0.000000e+00,0.000000e+00,1.000000e+00,1.255740e-01,0.000000e+00,0.000000e+00,1.905534e-01,8.147219e-03
0.01250,0.600000,0.500000,0.000000e+00,0.000000e+00,1.000000e+00,1.255740e-01,0.000000e+00,0.000000e+00,1.430469e-01,9.212664e-03
0.01500,0.600000,0.500000,0.000000e+00,0.000000e+00,1.000000e+00,1.255740e-01,0.000000e+00,0.000000e+00,1.147326e-01,1.015593e-02
0.01750,0.600000,0.500000,0.000000e+00,0.000000e+00,1.000000e+00,1.255740e-01,0.000000e+00,0.000000e+00,9.658209e-02,1.100860e-02
0.02000,0.600000,0.500000,0.000000e+00,0.000000e+00,1.000000e+00,1.255740e-01,0.000000e+00,0.000000e+00,8.411516e-02,1.179083e-02
0.02250,0.600000,0.500000,0.000000e+00,0.000000e+00,1.000000e+00,1.255740e-01,0.000000e+00,0.000000e+00,7.504439e-02,1.251622e-02
0.02500,0.600000,0.500000,0.000000e+00,0.000000e+00,1.000000e+00,1.255740e-01,0.000000e+00,0.000000e+00,6.813951e-02,1.319451e-02
0.02750,0.600000,0.500000,0.000000e+00,0.000000e+00,1.000000e+00,1.255740e-01,0.000000e+00,0.000000e+00,6.269647e-02,1.383296e-02
0.03000,0.600000,0.500000,0.000000e+00,0.000000e+00,1.000000e+00,1.255740e-01,0.000000e+00,0.000000e+00,5.828756e-02,1.443712e-02
0.03250,0.600000,0.500000,0.000000e+00,0.000000e+00,1.000000e+00,1.255740e-01,0.000000e+00,0.000000e+00,5.463861e-02,1.501140e-02
0.03500,0.600000,0.500000,0.000000e+00,0.000000e+00,1.000000e+00,1.255740e-01,0.000000e+00,0.000000e+00,5.156565e-02,1.555930e-02
0.03750,0.600000,0.500000,0.000000e+00,0.000000e+00,1.000000e+00,1.255740e-01,0.000000e+00,0.000000e+00,4.894035e-02,1.608371e-02
0.04000,0.600000,0.500000,0.000000e+00,0.000000e+00,1.000000e+00,1.255740e-01,0.000000e+00,0.000000e+00,4.667032e-02,1.658704e-02
0.04250,0.600000,0.500000,0.000000e+00,0.000000e+00,1.000000e+00,1.255740e-01,0.000000e+00,0.000000e+00,4.468723e-02,1.707128e-02
0.04500,0.600000,0.500000,0.000000e+00,0.000000e+00,1.000000e+00,1.255740e-01,0.000000e+00,0.000000e+00,4.293936e-02,1.753817e-02
0.04750,0.600000,0.500000,0.000000e+00,0.000000e+00,1.000000e+00,1.255740e-01,0.000000e+00,0.000000e+00,4.138686e-02,1.798916e-02
0.05000,0.600000,0.500000,0.000000e+00,0.000000e+00,1.000000e+00,1.255740e-01,0.000000e+00,0.000000e+00,3.999845e-02,1.842554e-02
0.05250,0.600000,0.500000,0.000000e+00,0.000000e+00,1.000000e+00,1.255740e-01,0.000000e+00,0.000000e+00,3.874925e-02,1.884842e-02
0.05500,0.600000,0.500000,0.000000e+00,0.000000e+00,1.000000e+00,1.255740e-01,0.000000e+00,0.000000e+00,3.761921e-02,1.925878e-02
0.05750,0.600000,0.500000,0.000000e+00,0.000000e+00,1.000000e+00,1.255740e-01,0.000000e+00,0.000000e+00,3.659197e-02,1.965749e-02
0.06000,0.600000,0.500000,0.000000e+00,0.000000e+00,1.000000e+00,1.255740e-01,0.000000e+00,0.000000e+00,3.565406e-02,2.004533e-02
0.06250,0.600000,0.500000,0.000000e+00,0.000000e+00,1.000000e+00,1.255740e-01,0.000000e+00,0.000000e+00,3.479427e-02,2.042297e-02
0.06500,0.600000,0.500000,0.000000e+00,0.000000e+00,1.000000e+00,1.255740e-01,0.000000e+00,0.000000e+00,3.400323e-02,2.079104e-02
0.06750,0.600000,0.500000,0.000000e+00,0.000000e+00,1.000000e+00,1.255740e-01,0.000000e+00,0.000000e+00,3.327299e-02,2.115011e-02
0.07000,0.600000,0.500000,0.000000e+00,0.000000e+00,1.000000e+00,1.255740e-01,0.000000e+00,0.000000e+00,3.259681e-02,2.150068e-02
0.07250,0.600000,0.500000,0.000000e+00,0.000000e+00,1.000000e+00,1.255740e-01,0.000000e+00,0.000000e+00,3.196890e-02,2.184321e-02
0.07500,0.600000,0.500000,0.000000e+00,0.000000e+00,1.000000e+00,1.255740e-01,0.000000e+00,0.000000e+00,3.138428e-02,2.217813e-02
0.07750,0.600000,0.500000,0.000000e+00,0.000000e+00,1.000000e+00,1.255740e-01,0.000000e+00,0.000000e+00,3.083864e-02,2.250582e-02
0.08000,0.600000,0.500000,0.000000e+00,0.000000e+00,1.000000e+00,1.255740e-01,0.000000e+00,0.000000e+00,3.032822e-02,2.282664e-02
0.08250,0.600000,0.500000,0.000000e+00,0.000000e+00,1.000000e+00,1.255740e-01,0.000000e+00,0.000000e+00,2.984974e-02,2.314091e-02
0.08500,0.600000,0.500000,0.000000e+00,0.000000e+00,1.000000e+00,1.255740e-01,0.000000e+00,0.000000e+00,2.940031e-02,2.344894e-02
0.08750,0.600000,0.500000,0.000000e+00,0.000000e+00,1.000000e+00,1.255740e-01,0.000000e+00,0.000000e+00,2.897739e-02,2.375101e-02
0.09000,0.600000,0.500000,0.000000e+00,0.000000e+00,1.000000e+00,1.255740e-01,0.000000e+00,0.000000e+00,2.857870e-02,2.404738e-02
0.09250,0.600000,0.500000,0.000000e+00,0.000000e+00,1.000000e+00,1.255740e-01,0.000000e+00,0.000000e+00,2.820226e-02,2.433828e-02
0.09500,0.600000,0.500000,0.000000e+00,0.000000e+00,1.000000e+00,1.255740e-01,0.000000e+00,0.000000e+00,2.784627e-02,2.462394e-02
0.09750,0.600000,0.500000,0.000000e+00,0.000000e+00,1.000000e+00,1.255740e-01,0.000000e+00,0.000000e+00,2.750913e-02,2.490458e-02
0.10000,0.600000,0.500000,0.000000e+00,0.000000e+00,1.000000e+00,1.255740e-01,0.000000e+00,0.000000e+00,2.718940e-02,2.518039e-02
0.10250,0.600000,0.500000,0.000000e+00,0.000000e+00,1.000000e+00,1.255740e-01,0.000000e+00,0.000000e+00,2.688579e-02,2.545155e-02
0.10500,0.600000,0.500000,0.000000e+00,0.000000e+00,1.000000e+00,1.255740e-01,0.000000e+00,0.000000e+00,2.659713e-02,2.571824e-02
0.10750,0.600000,0.500000,0.000000e+00,0.000000e+00,1.000000e+00,1.255740e-01,0.000000e+00,0.000000e+00,2.632235e-02,2.598062e-02
0.11000,0.600000,0.500000,0.000000e+00,0.000000e+00,1.000000e+00,1.255740e-01,0.000000e+00,0.000000e+00,2.606051e-02,2.623884e-02
0.11250,0.600000,0.500000,0.000000e+00,0.000000e+00,1.000000e+00,1.255740e-01,0.000000e+00,0.000000e+00,2.581072e-02,2.649304e-02
0.11500,0.600000,0.500000,0.000000e+00,0.000000e+00,1.000000e+00,1.255740e-01,0.000000e+00,0.000000e+00,2.557219e-02,2.674337e-02
0.11750,0.600000,0.500000,0.000000e+00,0.000000e+00,1.000000e+00,1.255740e-01,0.000000e+00,0.000000e+00,2.534420e-02,2.698995e-02
0.12000,0.600000,0.500000,0.000000e+00,0.000000e+00,1.000000e+00,1.255740e-01,0.000000e+00,0.000000e+00,2.512608e-02,2.723290e-02
0.12250,0.600000,0.500000,0.000000e+00,0.000000e+00,1.000000e+00,1.255740e-01,0.000000e+00,0.000000e+00,2.491722e-02,2.747234e-02
0.12500,0.600000,0.500000,0.000000e+00,0.000000e+00,1.000000e+00,1.255740e-01,0.000000e+00,0.000000e+00,2.471705e-02,2.770838e-02
0.12750,0.600000,0.500000,0.000000e+00,0.000000e+00,1.000000e+00,1.255740e-01,0.000000e+00,0.000000e+00,2.452506e-02,2.794111e-02
0.13000,0.600000,0.500000,0.000000e+00,0.000000e+00,1.000000e+00,1.255740e-01,0.000000e+00,0.000000e+00,2.434078e-02,2.817065e-02
0.13250,0.600000,0.500000,0.000000e+00,0.000000e+00,1.000000e+00,1.255740e-01,0.000000e+00,0.000000e+00,2.416376e-02,2.839708e-02
0.13500,0.600000,0.500000,0.000000e+00,0.000000e+00,1.000000e+00,1.255740e-01,0.000000e+00,0.000000e+00,2.399360e-02,2.862050e-02
0.13750,0.600000,0.500000,0.000000e+00,0.000000e+00,1.000000e+00,1.255740e-01,0.000000e+00,0.000000e+00,2.382993e-02,2.884099e-02
0.14000,0.600000,0.500000,0.000000e+00,0.000000e+00,1.000000e+00,1.255740e-01,0.000000e+00,0.000000e+00,2.367238e-02,2.905862e-02
0.14250,0.600000,0.500000,0.000000e+00,0.000000e+00,1.000000e+00,1.255740e-01,0.000000e+00,0.000000e+00,2.352064e-02,2.927349e-02
0.14500,0.600000,0.500000,0.000000e+00,0.000000e+00,1.000000e+00,1.255740e-01,0.000000e+00,0.000000e+00,2.337440e-02,2.948565e-02
0.14750,0.600000,0.500000,0.000000e+00,0.000000e+00,1.000000e+00,1.255740e-01,0.000000e+00,0.000000e+00,2.323338e-02,2.969519e-02
0.15000,0.600000,0.500000,0.000000e+00,0.000000e+00,1.000000e+00,1.255740e-01,0.000000e+00,0.000000e+00,2.309733e-02,2.990218e-02
0.15250,0.600000,0.500000,0.000000e+00,0.000000e+00,1.000000e+00,1.255740e-01,0.000000e+00,0.000000e+00,2.296598e-02,3.010667e-02
0.15500,0.600000,0.500000,0.000000e+00,0.000000e+00,1.000000e+00,1.255740e-01,0.000000e+00,0.000000e+00,2.283912e-02,3.030873e-02
0.15750,0.600000,0.500000,0.000000e+00,0.000000e+00,1.000000e+00,1.255740e-01,0.000000e+00,0.000000e+00,2.271653e-02,3.050842e-02
0.16000,0.600000,0.500000,0.000000e+00,0.000000e+00,1.000000e+00,1.255740e-01,0.000000e+00,0.000000e+00,2.259801e-02,3.070580e-02
0.16250,0.600000,0.500000,0.000000e+00,0.000000e+00,1.000000e+00,1.255740e-01,0.000000e+00,0.000000e+00,2.248336e-02,3.090092e-02
0.16500,0.600000,0.500000,0.000000e+00,0.000000e+00,1.000000e+00,1.255740e-01,0.000000e+00,0.000000e+00,2.237242e-02,3.109383e-02
0.16750,0.600000,0.500000,0.000000e+00,0.000000e+00,1.000000e+00,1.255740e-01,0.000000e+00,0.000000e+00,2.226502e-02,3.128460e-02
0.17000,0.600000,0.500000,0.000000e+00,0.000000e+00,1.000000e+00,1.255740e-01,0.000000e+00,0.000000e+00,2.216099e-02,3.147326e-02
0.17250,0.600000,0.500000,0.000000e+00,0.000000e+00,1.000000e+00,1.255740e-01,0.000000e+00,0.000000e+00,2.206019e-02,3.165986e-02
0.17500,0.600000,0.500000,0.000000e+00,0.000000e+00,1.000000e+00,1.255740e-01,0.000000e+00,0.000000e+00,2.196248e-02,3.184446e-02
0.17750,0.600000,0.500000,0.000000e+00,0.000000e+00,1.000000e+00,1.255740e-01,0.000000e+00,0.000000e+00,2.186773e-02,3.202709e-02
0.18000,0.600000,0.500000,0.000000e+00,0.000000e+00,1.000000e+00,1.255740e-01,0.000000e+00,0.000000e+00,2.177582e-02,3.220779e-02
0.18250,0.600000,0.500000,0.000000e+00,0.000000e+00,1.000000e+00,1.255740e-01,0.000000e+00,0.000000e+00,2.168662e-02,3.238661e-02
0.18500,0.600000,0.500000,0.000000e+00,0.000000e+00,1.000000e+00,1.255740e-01,0.000000e+00,0.000000e+00,2.160004e-02,3.256359e-02
0.18750,0.600000,0.500000,0.000000e+00,0.000000e+00,1.000000e+00,1.255740e-01,0.000000e+00,0.000000e+00,2.151595e-02,3.273877e-02
0.19000,0.600000,0.500000,0.000000e+00,0.000000e+00,1.000000e+00,1.255740e-01,0.000000e+00,0.000000e+00,2.143427e-02,3.291217e-02
0.19250,0.600000,0.500000,0.000000e+00,0.000000e+00,1.000000e+00,1.255740e-01,0.000000e+00,0.000000e+00,2.135490e-02,3.308385e-02
0.19500,0.600000,0.500000,0.000000e+00,0.000000e+00,1.000000e+00,1.255740e-01,0.000000e+00,0.000000e+00,2.127775e-02,3.325382e-02
0.19750,0.600000,0.500000,0.000000e+00,0.000000e+00,1.000000e+00,1.255740e-01,0.000000e+00,0.000000e+00,2.120273e-02,3.342214e-02
0.20000,0.600000,0.500000,0.000000e+00,0.000000e+00,1.000000e+00,1.255740e-01,0.000000e+00,0.000000e+00,2.112976e-02,3.358882e-02
0.20250,0.600000,0.500000,0.000000e+00,0.000000e+00,1.000000e+00,1.255740e-01,0.000000e+00,0.000000e+00,2.105878e-02,3.375390e-02
0.20500,0.600000,0.500000,0.000000e+00,0.000000e+00,1.000000e+00,1.255740e-01,0.000000e+00,0.000000e+00,2.098969e-02,3.391741e-02
0.20750,0.600000,0.500000,0.000000e+00,0.000000e+00,1.000000e+00,1.255740e-01,0.000000e+00,0.000000e+00,2.092245e-02,3.407939e-02
0.21000,0.600000,0.500000,0.000000e+00,0.000000e+00,1.000000e+00,1.255740e-01,0.000000e+00,0.000000e+00,2.085697e-02,3.423985e-02
0.21250,0.600000,0.500000,0.000000e+00,0.000000e+00,1.000000e+00,1.255740e-01,0.000000e+00,0.000000e+00,2.079319e-02,3.439882e-02
0.21500,0.600000,0.500000,0.000000e+00,0.000000e+00,1.000000e+00,1.255740e-01,0.000000e+00,0.000000e+00,2.073107e-02,3.455634e-02
0.21750,0.600000,0.500000,0.000000e+00,0.000000e+00,1.000000e+00,1.255740e-01,0.000000e+00,0.000000e+00,2.067053e-02,3.471243e-02
0.22000,0.600000,0.500000,0.000000e+00,0.000000e+00,1.000000e+00,1.255740e-01,0.000000e+00,0.000000e+00,2.061153e-02,3.486711e-02
0.22250,0.600000,0.500000,0.000000e+00,0.000000e+00,1.000000e+00,1.255740e-01,0.000000e+00,0.000000e+00,2.055400e-02,3.502041e-02
0.22500,0.600000,0.500000,0.000000e+00,0.000000e+00,1.000000e+00,1.255740e-01,0.000000e+00,0.000000e+00,2.049791e-02,3.517236e-02
0.22750,0.600000,0.500000,0.000000e+00,0.000000e+00,1.000000e+00,1.255740e-01,0.000000e+00,0.000000e+00,2.044321e-02,3.532297e-02
0.23000,0.600000,0.500000,0.000000e+00,0.000000e+00,1.000000e+00,1.255740e-01,0.000000e+00,0.000000e+00,2.038984e-02,3.547227e-02
0.23250,0.600000,0.500000,0.000000e+00,0.000000e+00,1.000000e+00,1.255740e-01,0.000000e+00,0.000000e+00,2.033777e-02,3.562028e-02
0.23500,0.600000,0.500000,0.000000e+00,0.000000e+00,1.000000e+00,1.255740e-01,0.000000e+00,0.000000e+00,2.028695e-02,3.576703e-02
0.23750,0.600000,0.500000,0.000000e+00,0.000000e+00,1.000000e+00,1.255740e-01,0.000000e+00,0.000000e+00,2.023735e-02,3.591252e-02
0.24000,0.600000,0.500000,0.000000e+00,0.000000e+00,1.000000e+00,1.255740e-01,0.000000e+00,0.000000e+00,2.018892e-02,3.605680e-02
0.24250,0.600000,0.500000,0.000000e+00,0.000000e+00,1.000000e+00,1.255740e-01,0.000000e+00,0.000000e+00,2.014162e-02,3.619986e-02
0.24500,0.600000,0.500000,0.000000e+00,0.000000e+00,1.000000e+00,1.255740e-01,0.000000e+00,0.000000e+00,2.009543e-02,3.634174e-02
0.24750,0.600000,0.500000,0.000000e+00,0.000000e+00,1.000000e+00,1.255740e-01,0.000000e+00,0.000000e+00,2.005031e-02,3.648245e-02
0.25000,0.600000,0.500000,0.000000e+00,0.000000e+00,1.000000e+00,1.255740e-01,0.000000e+00,0.000000e+00,2.000623e-02,3.662200e-02
0.25250,0.600000,0.500000,0.000000e+00,0.000000e+00,1.000000e+00,1.255740e-01,0.000000e+00,0.000000e+00,1.996315e-02,3.676043e-02
0.25500,0.600000,0.500000,0.000000e+00,0.000000e+00,1.000000e+00,1.255740e-01,0.000000e+00,0.000000e+00,1.992104e-02,3.689774e-02
0.25750,0.600000,0.500000,0.000000e+00,0.000000e+00,1.000000e+00,1.255740e-01,0.000000e+00,0.000000e+00,1.987988e-02,3.703395e-02
0.26000,0.600000,0.500000,0.000000e+00,0.000000e+00,1.000000e+00,1.255740e-01,0.000000e+00,0.000000e+00,1.983964e-02,3.716908e-02
0.26250,0.600000,0.500000,0.000000e+00,0.000000e+00,1.000000e+00,1.255740e-01,0.000000e+00,0.000000e+00,1.980030e-02,3.730315e-02
0.26500,0.600000,0.500000,0.000000e+00,0.000000e+00,1.000000e+00,1.255740e-01,0.000000e+00,0.000000e+00,1.976181e-02,3.743616e-02
0.26750,0.600000,0.500000,0.000000e+00,0.000000e+00,1.000000e+00,1.255740e-01,0.000000e+00,0.000000e+00,1.972417e-02,3.756815e-02
0.27000,0.600000,0.500000,0.000000e+00,0.000000e+00,1.000000e+00,1.255740e-01,0.000000e+00,0.000000e+00,1.968735e-02,3.769911e-02
0.27250,0.600000,0.500000,0.000000e+00,0.000000e+00,1.000000e+00,1.255740e-01,0.000000e+00,0.000000e+00,1.965132e-02,3.782907e-02
0.27500,0.600000,0.500000,0.000000e+00,0.000000e+00,1.000000e+00,1.255740e-01,0.000000e+00,0.000000e+00,1.961607e-02,3.795803e-02
0.27750,0.600000,0.500000,0.000000e+00,0.000000e+00,1.000000e+00,1.255740e-01,0.000000e+00,0.000000e+00,1.958156e-02,3.808602e-02
0.28000,0.600000,0.500000,0.000000e+00,0.000000e+00,1.000000e+00,1.255740e-01,0.000000e+00,0.000000e+00,1.954779e-02,3.821305e-02
0.28250,0.600000,0.500000,0.000000e+00,0.000000e+00,1.000000e+00,1.255740e-01,0.000000e+00,0.000000e+00,1.951472e-02,3.833913e-02
0.28500,0.600000,0.500000,0.000000e+00,0.000000e+00,1.000000e+00,1.255740e-01,0.000000e+00,0.000000e+00,1.948235e-02,3.846427e-02
0.28750,0.600000,0.500000,0.000000e+00,0.000000e+00,1.000000e+00,1.255740e-01,0.000000e+00,0.000000e+00,1.945066e-02,3.858849e-02
0.29000,0.600000,0.500000,0.000000e+00,0.000000e+00,1.000000e+00,1.255740e-01,0.000000e+00,0.000000e+00,1.941961e-02,3.871180e-02
0.29250,0.600000,0.500000,0.000000e+00,0.000000e+00,1.000000e+00,1.255740e-01,0.000000e+00,0.000000e+00,1.938921e-02,3.883421e-02
0.29500,0.600000,0.500000,0.000000e+00,0.000000e+00,1.000000e+00,1.255740e-01,0.000000e+00,0.000000e+00,1.935943e-02,3.895574e-02
0.29750,0.600000,0.500000,0.000000e+00,0.000000e+00,1.000000e+00,1.255740e-01,0.000000e+00,0.000000e+00,1.933025e-02,3.907638e-02
0.30000,0.600000,0.500000,0.000000e+00,0.000000e+00,1.000000e+00,1.255740e-01,0.000000e+00,0.000000e+00,1.930167e-02,3.919617e-02
0.30250,0.600000,0.500000,0.000000e+00,0.000000e+00,1.000000e+00,1.255740e-01,0.000000e+00,0.000000e+00,1.927365e-02,3.931510e-02
0.30500,0.600000,0.500000,0.000000e+00,0.000000e+00,1.000000e+00,1.255740e-01,0.000000e+00,0.000000e+00,1.924620e-02,3.943320e-02
0.30750,0.600000,0.500000,0.000000e+00,0.000000e+00,1.000000e+00,1.255740e-01,0.000000e+00,0.000000e+00,1.921930e-02,3.955046e-02
0.31000,0.600000,0.500000,0.000000e+00,0.000000e+00,1.000000e+00,1.255740e-01,0.000000e+00,0.000000e+00,1.919293e-02,3.966690e-02
0.31250,0.600000,0.500000,0.000000e+00,0.000000e+00,1.000000e+00,1.255740e-01,0.000000e+00,0.000000e+00,1.916708e-02,3.978253e-02
0.31500,0.600000,0.500000,0.000000e+00,0.000000e+00,1.000000e+00,1.255740e-01,0.000000e+00,0.000000e+00,1.914173e-02,3.989736e-02
0.31750,0.600000,0.500000,0.000000e+00,0.000000e+00,1.000000e+00,1.255740e-01,0.000000e+00,0.000000e+00,1.911688e-02,4.001141e-02
0.32000,0.600000,0.500000,0.000000e+00,0.000000e+00,1.000000e+00,1.255740e-01,0.000000e+00,0.000000e+00,1.909251e-02,4.012467e-02
0.32250,0.600000,0.500000,0.000000e+00,0.000000e+00,1.000000e+00,1.255740e-01,0.000000e+00,0.000000e+00,1.906862e-02,4.023716e-02
0.32500,0.600000,0.500000,0.000000e+00,0.000000e+00,1.000000e+00,1.255740e-01,0.000000e+00,0.000000e+00,1.904518e-02,4.034890e-02
0.32750,0.600000,0.500000,0.000000e+00,0.000000e+00,1.000000e+00,1.255740e-01,0.000000e+00,0.000000e+00,1.902219e-02,4.045988e-02
0.33000,0.600000,0.500000,0.000000e+00,0.000000e+00,1.000000e+00,1.255740e-01,0.000000e+00,0.000000e+00,1.899964e-02,4.057012e-02
0.33250,0.600000,0.500000,0.000000e+00,0.000000e+00,1.000000e+00,1.255740e-01,0.000000e+00,0.000000e+00,1.897752e-02,4.067962e-02
0.33500,0.600000,0.500000,0.000000e+00,0.000000e+00,1.000000e+00,1.255740e-01,0.000000e+00,0.000000e+00,1.895581e-02,4.078840e-02
0.33750,0.600000,0.500000,0.000000e+00,0.000000e+00,1.000000e+00,1.255740e-01,0.000000e+00,0.000000e+00,1.893452e-02,4.089646e-02
0.34000,0.600000,0.500000,0.000000e+00,0.000000e+00,1.000000e+00,1.255740e-01,0.000000e+00,0.000000e+00,1.891362e-02,4.100382e-02
0.34250,0.600000,0.500000,0.000000e+00,0.000000e+00,1.000000e+00,1.255740e-01,0.000000e+00,0.000000e+00,1.889312e-02,4.111047e-02
0.34500,0.600000,0.500000,0.000000e+00,0.000000e+00,1.000000e+00,1.255740e-01,0.000000e+00,0.000000e+00,1.887299e-02,4.121644e-02
0.34750,0.600000,0.500000,0.000000e+00,0.000000e+00,1.000000e+00,1.255740e-01,0.000000e+00,0.000000e+00,1.885324e-02,4.132171e-02
0.35000,0.600000,0.500000,0.000000e+00,0.000000e+00,1.000000e+00,1.255740e-01,0.000000e+00,0.000000e+00,1.883385e-02,4.142632e-02
0.35250,0.600000,0.500000,0.000000e+00,0.000000e+00,1.000000e+00,1.255740e-01,0.000000e+00,0.000000e+00,1.881482e-02,4.153025e-02
0.35500,0.600000,0.500000,0.000000e+00,0.000000e+00,1.000000e+00,1.255740e-01,0.000000e+00,0.000000e+00,1.879614e-02,4.163352e-02
0.35750,0.600000,0.500000,0.000000e+00,0.000000e+00,1.000000e+00,1.255740e-01,0.000000e+00,0.000000e+00,1.877779e-02,4.173614e-02
0.36000,0.600000,0.500000,0.000000e+00,0.000000e+00,1.000000e+00,1.255740e-01,0.000000e+00,0.000000e+00,1.875978e-02,4.183811e-02
0.36250,0.600000,0.500000,0.000000e+00,0.000000e+00,1.000000e+00,1.255740e-01,0.000000e+00,0.000000e+00,1.874210e-02,4.193944e-02
0.36500,0.600000,0.500000,0.000000e+00,0.000000e+00,1.000000e+00,1.255740e-01,0.000000e+00,0.000000e+00,1.872474e-02,4.204014e-02
0.36750,0.600000,0.500000,0.000000e+00,0.000000e+00,1.000000e+00,1.255740e-01,0.000000e+00,0.000000e+00,1.870768e-02,4.214021e-02
0.37000,0.600000,0.500000,0.000000e+00,0.000000e+00,1.000000e+00,1.255740e-01,0.000000e+00,0.000000e+00,1.869094e-02,4.223967e-02
0.37250,0.600000,0.500000,0.000000e+00,0.000000e+00,1.000000e+00,1.255740e-01,0.000000e+00,0.000000e+00,1.867449e-02,4.233851e-02
0.37500,0.600000,0.500000,0.000000e+00,0.000000e+00,1.000000e+00,1.255740e-01,0.000000e+00,0.000000e+00,1.865833e-02,4.243675e-02
0.37750,0.600000,0.500000,0.000000e+00,0.000000e+00,1.000000e+00,1.255740e-01,0.000000e+00,0.000000e+00,1.864247e-02,4.253438e-02
0.38000,0.600000,0.500000,0.000000e+00,0.000000e+00,1.000000e+00,1.255740e-01,0.000000e+00,0.000000e+00,1.862688e-02,4.263142e-02
0.38250,0.600000,0.500000,0.000000e+00,0.000000e+00,1.000000e+00,1.255740e-01,0.000000e+00,0.000000e+00,1.861157e-02,4.272788e-02
0.38500,0.600000,0.500000,0.000000e+00,0.000000e+00,1.000000e+00,1.255740e-01,0.000000e+00,0.000000e+00,1.859652e-02,4.282375e-02
0.38750,0.600000,0.500000,0.000000e+00,0.000000e+00,1.000000e+00,1.255740e-01,0.000000e+00,0.000000e+00,1.858174e-02,4.291905e-02
0.39000,0.600000,0.500000,0.000000e+00,0.000000e+00,1.000000e+00,1.255740e-01,0.000000e+00,0.000000e+00,1.856722e-02,4.301378e-02
0.39250,0.600000,0.500000,0.000000e+00,0.000000e+00,1.000000e+00,1.255740e-01,0.000000e+00,0.000000e+00,1.855295e-02,4.310795e-02
0.39500,0.600000,0.500000,0.000000e+00,0.000000e+00,1.000000e+00,1.255740e-01,0.000000e+00,0.000000e+00,1.853893e-02,4.320156e-02
0.39750,0.600000,0.500000,0.000000e+00,0.000000e+00,1.000000e+00,1.255740e-01,0.000000e+00,0.000000e+00,1.852515e-02,4.329462e-02
0.40000,0.600000,0.500000,0.000000e+00,0.000000e+00,1.000000e+00,1.255740e-01,0.000000e+00,0.000000e+00,1.851162e-02,4.338713e-02
0.40250,0.600000,0.500000,0.000000e+00,0.000000e+00,1.000000e+00,1.255740e-01,0.000000e+00,0.000000e+00,1.849831e-02,4.347910e-02
0.40500,0.600000,0.500000,0.000000e+00,0.000000e+00,1.000000e+00,1.255740e-01,0.000000e+00,0.000000e+00,1.848523e-02,4.357053e-02
0.40750,0.600000,0.500000,0.000000e+00,0.000000e+00,1.000000e+00,1.255740e-01,0.000000e+00,0.000000e+00,1.847238e-02,4.366143e-02
0.41000,0.600000,0.500000,0.000000e+00,0.000000e+00,1.000000e+00,1.255740e-01,0.000000e+00,0.000000e+00,1.845975e-02,4.375181e-02
0.41250,0.600000,0.500000,0.000000e+00,0.000000e+00,1.000000e+00,1.255740e-01,0.000000e+00,0.000000e+00,1.844733e-02,4.384167e-02
0.41500,0.600000,0.500000,0.000000e+00,0.000000e+00,1.000000e+00,1.255740e-01,0.000000e+00,0.000000e+00,1.843512e-02,4.393101e-02
0.41750,0.600000,0.500000,0.000000e+00,0.000000e+00,1.000000e+00,1.255740e-01,0.000000e+00,0.000000e+00,1.842313e-02,4.401984e-02
0.42000,0.600000,0.500000,0.000000e+00,0.000000e+00,1.000000e+00,1.255740e-01,0.000000e+00,0.000000e+00,1.841133e-02,4.410817e-02
0.42250,0.600000,0.500000,0.000000e+00,0.000000e+00,1.000000e+00,1.255740e-01,0.000000e+00,0.000000e+00,1.839974e-02,4.419600e-02
0.42500,0.600000,0.500000,0.000000e+00,0.000000e+00,1.000000e+00,1.255740e-01,0.000000e+00,0.000000e+00,1.838834e-02,4.428333e-02
0.42750,0.600000,0.500000,0.000000e+00,0.000000e+00,1.000000e+00,1.255740e-01,0.000000e+00,0.000000e+00,1.837713e-02,4.437017e-02
0.43000,0.600000,0.500000,0.000000e+00,0.000000e+00,1.000000e+00,1.255740e-01,0.000000e+00,0.000000e+00,1.836611e-02,4.445652e-02
0.43250,0.600000,0.500000,0.000000e+00,0.000000e+00,1.000000e+00,1.255740e-01,0.000000e+00,0.000000e+00,1.835528e-02,4.454239e-02
0.43500,0.600000,0.500000,0.000000e+00,0.000000e+00,1.000000e+00,1.255740e-01,0.000000e+00,0.000000e+00,1.834462e-02,4.462778e-02
0.43750,0.600000,0.500000,0.000000e+00,0.000000e+00,1.000000e+00,1.255740e-01,0.000000e+00,0.000000e+00,1.833415e-02,4.471270e-02
0.44000,0.600000,0.500000,0.000000e+00,0.000000e+00,1.000000e+00,1.255740e-01,0.000000e+00,0.000000e+00,1.832385e-02,4.479715e-02
0.44250,0.600000,0.500000,0.000000e+00,0.000000e+00,1.000000e+00,1.255740e-01,0.000000e+00,0.000000e+00,1.831372e-02,4.488114e-02
0.44500,0.600000,0.500000,0.000000e+00,0.000000e+00,1.000000e+00,1.255740e-01,0.000000e+00,0.000000e+00,1.830376e-02,4.496467e-02
0.44750,0.600000,0.500000,0.000000e+00,0.000000e+00,1.000000e+00,1.255740e-01,0.000000e+00,0.000000e+00,1.829397e-02,4.504774e-02
0.45000,0.600000,0.500000,0.000000e+00,0.000000e+00,1.000000e+00,1.255740e-01,0.000000e+00,0.000000e+00,1.828434e-02,4.513035e-02
0.45250,0.600000,0.500000,0.000000e+00,0.000000e+00,1.000000e+00,1.255740e-01,0.000000e+00,0.000000e+00,1.827486e-02,4.521252e-02
0.45500,0.600000,0.500000,0.000000e+00,0.000000e+00,1.000000e+00,1.255740e-01,0.000000e+00,0.000000e+00,1.826555e-02,4.529425e-02
0.45750,0.600000,0.500000,0.000000e+00,0.000000e+00,1.000000e+00,1.255740e-01,0.000000e+00,0.000000e+00,1.825639e-02,4.537553e-02
0.46000,0.600000,0.500000,0.000000e+00,0.000000e+00,1.000000e+00,1.255740e-01,0.000000e+00,0.000000e+00,1.824738e-02,4.545638e-02
0.46250,0.600000,0.500000,0.000000e+00,0.000000e+00,1.000000e+00,1.255740e-01,0.000000e+00,0.000000e+00,1.823851e-02,4.553680e-02
0.46500,0.600000,0.500000,0.000000e+00,0.000000e+00,1.000000e+00,1.255740e-01,0.000000e+00,0.000000e+00,1.822980e-02,4.561679e-02
0.46750,0.600000,0.500000,0.000000e+00,0.000000e+00,1.000000e+00,1.255740e-01,0.000000e+00,0.000000e+00,1.822122e-02,4.569635e-02
0.47000,0.600000,0.500000,0.000000e+00,0.000000e+00,1.000000e+00,1.255740e-01,0.000000e+00,0.000000e+00,1.821279e-02,4.577549e-02
0.47250,0.600000,0.500000,0.000000e+00,0.000000e+00,1.000000e+00,1.255740e-01,0.000000e+00,0.000000e+00,1.820450e-02,4.585422e-02
0.47500,0.600000,0.500000,0.000000e+00,0.000000e+00,1.000000e+00,1.255740e-01,0.000000e+00,0.000000e+00,1.819634e-02,4.593253e-02
0.47750,0.600000,0.500000,0.000000e+00,0.000000e+00,1.000000e+00,1.255740e-01,0.000000e+00,0.000000e+00,1.818831e-02,4.601042e-02
0.48000,0.600000,0.500000,0.000000e+00,0.000000e+00,1.000000e+00,1.255740e-01,0.000000e+00,0.000000e+00,1.818042e-02,4.608792e-02
0.48250,0.600000,0.500000,0.000000e+00,0.000000e+00,1.000000e+00,1.255740e-01,0.000000e+00,0.000000e+00,1.817265e-02,4.616500e-02
0.48500,0.600000,0.500000,0.000000e+00,0.000000e+00,1.000000e+00,1.255740e-01,0.000000e+00,0.000000e+00,1.816502e-02,4.624169e-02
0.48750,0.600000,0.500000,0.000000e+00,0.000000e+00,1.000000e+00,1.255740e-01,0.000000e+00,0.000000e+00,1.815750e-02,4.631798e-02
0.49000,0.600000,0.500000,0.000000e+00,0.000000e+00,1.000000e+00,1.255740e-01,0.000000e+00,0.000000e+00,1.815011e-02,4.639388e-02
0.49250,0.600000,0.500000,0.000000e+00,0.000000e+00,1.000000e+00,1.255740e-01,0.000000e+00,0.000000e+00,1.814284e-02,4.646939e-02
0.49500,0.600000,0.500000,0.000000e+00,0.000000e+00,1.000000e+00,1.255740e-01,0.000000e+00,0.000000e+00,1.813569e-02,4.654451e-02
0.49750,0.600000,0.500000,0.000000e+00,0.000000e+00,1.000000e+00,1.255740e-01,0.000000e+00,0.000000e+00,1.812865e-02,4.661924e-02
0.50000,0.600000,0.500000,0.000000e+00,0.000000e+00,1.000000e+00,1.255740e-01,0.000000e+00,0.000000e+00,1.812173e-02,4.669359e-02
0.50250,0.600000,0.500000,0.000000e+00,0.000000e+00,1.000000e+00,1.255740e-01,0.000000e+00,0.000000e+00,1.811492e-02,4.676757e-02
0.50500,0.600000,0.500000,0.000000e+00,0.000000e+00,1.000000e+00,1.255740e-01,0.000000e+00,0.000000e+00,1.810822e-02,4.684117e-02
0.50750,0.600000,0.500000,0.000000e+00,0.000000e+00,1.000000e+00,1.255740e-01,0.000000e+00,0.000000e+00,1.810163e-02,4.691440e-02
0.51000,0.600000,0.500000,0.000000e+00,0.000000e+00,1.000000e+00,1.255740e-01,0.000000e+00,0.000000e+00,1.809515e-02,4.698726e-02
0.51250,0.600000,0.500000,0.000000e+00,0.000000e+00,1.000000e+00,1.255740e-01,0.000000e+00,0.000000e+00,1.808877e-02,4.705976e-02
0.51500,0.600000,0.500000,0.000000e+00,0.000000e+00,1.000000e+00,1.255740e-01,0.000000e+00,0.000000e+00,1.808249e-02,4.713189e-02
0.51750,0.600000,0.500000,0.000000e+00,0.000000e+00,1.000000e+00,1.255740e-01,0.000000e+00,0.000000e+00,1.807632e-02,4.720366e-02
0.52000,0.600000,0.500000,0.000000e+00,0.000000e+00,1.000000e+00,1.255740e-01,0.000000e+00,0.000000e+00,1.807025e-02,4.727508e-02
0.52250,0.600000,0.500000,0.000000e+00,0.000000e+00,1.000000e+00,1.255740e-01,0.000000e+00,0.000000e+00,1.806427e-02,4.734614e-02
0.52500,0.600000,0.500000,0.000000e+00,0.000000e+00,1.000000e+00,1.255740e-01,0.000000e+00,0.000000e+00,1.805839e-02,4.741685e-02
0.52750,0.600000,0.500000,0.000000e+00,0.000000e+00,1.000000e+00,1.255740e-01,0.000000e+00,0.000000e+00,1.805261e-02,4.748721e-02
0.53000,0.600000,0.500000,0.000000e+00,0.000000e+00,1.000000e+00,1.255740e-01,0.000000e+00,0.000000e+00,1.804692e-02,4.755722e-02
0.53250,0.600000,0.500000,0.000000e+00,0.000000e+00,1.000000e+00,1.255740e-01,0.000000e+00,0.000000e+00,1.804133e-02,4.762689e-02
0.53500,0.600000,0.500000,0.000000e+00,0.000000e+00,1.000000e+00,1.255740e-01,0.000000e+00,0.000000e+00,1.803582e-02,4.769622e-02
0.53750,0.600000,0.500000,0.000000e+00,0.000000e+00,1.000000e+00,1.255740e-01,0.000000e+00,0.000000e+00,1.803040e-02,4.776521e-02
0.54000,0.600000,0.500000,0.000000e+00,0.000000e+00,1.000000e+00,1.255740e-01,0.000000e+00,0.000000e+00,1.802508e-02,4.783387e-02
0.54250,0.600000,0.500000,0.000000e+00,0.000000e+00,1.000000e+00,1.255740e-01,0.000000e+00,0.000000e+00,1.801983e-02,4.790219e-02
0.54500,0.600000,0.500000,0.000000e+00,0.000000e+00,1.000000e+00,1.255740e-01,0.000000e+00,0.000000e+00,1.801468e-02,4.797018e-02
0.54750,0.600000,0.500000,0.000000e+00,0.000000e+00,1.000000e+00,1.255740e-01,0.000000e+00,0.000000e+00,1.800961e-02,4.803784e-02
0.55000,0.600000,0.500000,0.000000e+00,0.000000e+00,1.000000e+00,1.255740e-01,0.000000e+00,0.000000e+00,1.800462e-02,4.810518e-02
0.55250,0.600000,0.500000,0.000000e+00,0.000000e+00,1.000000e+00,1.255740e-01,0.000000e+00,0.000000e+00,1.799971e-02,4.817220e-02
0.55500,0.600000,0.500000,0.000000e+00,0.000000e+00,1.000000e+00,1.255740e-01,0.000000e+00,0.000000e+00,1.799488e-02,4.823889e-02
0.55750,0.600000,0.500000,0.000000e+00,0.000000e+00,1.000000e+00,1.255740e-01,0.000000e+00,0.000000e+00,1.799013e-02,4.830527e-02
0.56000,0.600000,0.500000,0.000000e+00,0.000000e+00,1.000000e+00,1.255740e-01,0.000000e+00,0.000000e+00,1.798545e-02,4.837132e-02
0.56250,0.600000,0.500000,0.000000e+00,0.000000e+00,1.000000e+00,1.255740e-01,0.000000e+00,0.000000e+00,1.798086e-02,4.843707e-02
0.56500,0.600000,0.500000,0.000000e+00,0.000000e+00,1.000000e+00,1.255740e-01,0.000000e+00,0.000000e+00,1.797634e-02,4.850250e-02
0.56750,0.600000,0.500000,0.000000e+00,0.000000e+00,1.000000e+00,1.255740e-01,0.000000e+00,0.000000e+00,1.797189e-02,4.856763e-02
0.57000,0.600000,0.500000,0.000000e+00,0.000000e+00,1.000000e+00,1.255740e-01,0.000000e+00,0.000000e+00,1.796752e-02,4.863244e-02
0.57250,0.600000,0.500000,0.000000e+00,0.000000e+00,1.000000e+00,1.255740e-01,0.000000e+00,0.000000e+00,1.796321e-02,4.869696e-02
0.57500,0.600000,0.500000,0.000000e+00,0.000000e+00,1.000000e+00,1.255740e-01,0.000000e+00,0.000000e+00,1.795898e-02,4.876117e-02
0.57750,0.600000,0.500000,0.000000e+00,0.000000e+00,1.000000e+00,1.255740e-01,0.000000e+00,0.000000e+00,1.795482e-02,4.882507e-02
0.58000,0.600000,0.500000,0.000000e+00,0.000000e+00,1.000000e+00,1.255740e-01,0.000000e+00,0.000000e+00,1.795072e-02,4.888869e-02
0.58250,0.600000,0.500000,0.000000e+00,0.000000e+00,1.000000e+00,1.255740e-01,0.000000e+00,0.000000e+00,1.794670e-02,4.895200e-02
0.58500,0.600000,0.500000,0.000000e+00,0.000000e+00,1.000000e+00,1.255740e-01,0.000000e+00,0.000000e+00,1.794274e-02,4.901502e-02
0.58750,0.600000,0.500000,0.000000e+00,0.000000e+00,1.000000e+00,1.255740e-01,0.000000e+00,0.000000e+00,1.793884e-02,4.907775e-02
0.59000,0.600000,0.500000,0.000000e+00,0.000000e+00,1.000000e+00,1.255740e-01,0.000000e+00,0.000000e+00,1.793501e-02,4.914019e-02
0.59250,0.600000,0.500000,0.000000e+00,0.000000e+00,1.000000e+00,1.255740e-01,0.000000e+00,0.000000e+00,1.793125e-02,4.920234e-02
0.59500,0.600000,0.500000,0.000000e+00,0.000000e+00,1.000000e+00,1.255740e-01,0.000000e+00,0.000000e+00,1.792754e-02,4.926421e-02
0.59750,0.600000,0.500000,0.000000e+00,0.000000e+00,1.000000e+00,1.255740e-01,0.000000e+00,0.000000e+00,1.792390e-02,4.932579e-02
0.60000,0.600000,0.500000,0.000000e+00,0.000000e+00,1.000000e+00,1.255740e-01,0.000000e+00,0.000000e+00,1.792032e-02,4.938709e-02
0.60250,0.600000,0.500000,0.000000e+00,0.000000e+00,1.000000e+00,1.255740e-01,0.000000e+00,0.000000e+00,1.791680e-02,4.944811e-02
0.60500,0.600000,0.500000,0.000000e+00,0.000000e+00,1.000000e+00,1.255740e-01,0.000000e+00,0.000000e+00,1.791333e-02,4.950885e-02
0.60750,0.600000,0.500000,0.000000e+00,0.000000e+00,1.000000e+00,1.255740e-01,0.000000e+00,0.000000e+00,1.790993e-02,4.956932e-02
0.61000,0.600000,0.500000,0.000000e+00,0.000000e+00,1.000000e+00,1.255740e-01,0.000000e+00,0.000000e+00,1.790658e-02,4.962951e-02
0.61250,0.600000,0.500000,0.000000e+00,0.000000e+00,1.000000e+00,1.255740e-01,0.000000e+00,0.000000e+00,1.790329e-02,4.968943e-02
0.61500,0.600000,0.500000,0.000000e+00,0.000000e+00,1.000000e+00,1.255740e-01,0.000000e+00,0.000000e+00,1.790006e-02,4.974907e-02
0.61750,0.600000,0.500000,0.000000e+00,0.000000e+00,1.000000e+00,1.255740e-01,0.000000e+00,0.000000e+00,1.789687e-02,4.980845e-02
0.62000,0.600000,0.500000,0.000000e+00,0.000000e+00,1.000000e+00,1.255740e-01,0.000000e+00,0.000000e+00,1.789375e-02,4.986757e-02
0.62250,0.600000,0.500000,0.000000e+00,0.000000e+00,1.000000e+00,1.255740e-01,0.000000e+00,0.000000e+00,1.789067e-02,4.992642e-02
0.62500,0.600000,0.500000,0.000000e+00,0.000000e+00,1.000000e+00,1.255740e-01,0.000000e+00,0.000000e+00,1.788765e-02,4.998500e-02
0.62750,0.600000,0.500000,0.000000e+00,0.000000e+00,1.000000e+00,1.255740e-01,0.000000e+00,0.000000e+00,1.788468e-02,5.004332e-02
0.63000,0.600000,0.500000,0.000000e+00,0.000000e+00,1.000000e+00,1.255740e-01,0.000000e+00,0.000000e+00,1.788176e-02,5.010139e-02
0.63250,0.600000,0.500000,0.000000e+00,0.000000e+00,1.000000e+00,1.255740e-01,0.000000e+00,0.000000e+00,1.787890e-02,5.015919e-02
0.63500,0.600000,0.500000,0.000000e+00,0.000000e+00,1.000000e+00,1.255740e-01,0.000000e+00,0.000000e+00,1.787608e-02,5.021674e-02
0.63750,0.600000,0.500000,0.000000e+00,0.000000e+00,1.000000e+00,1.255740e-01,0.000000e+00,0.000000e+00,1.787331e-02,5.027404e-02
0.64000,0.600000,0.500000,0.000000e+00,0.000000e+00,1.000000e+00,1.255740e-01,0.000000e+00,0.000000e+00,1.787058e-02,5.033108e-02
0.64250,0.600000,0.500000,0.000000e+00,0.000000e+00,1.000000e+00,1.255740e-01,0.000000e+00,0.000000e+00,1.786791e-02,5.038787e-02
0.64500,0.600000,0.500000,0.000000e+00,0.000000e+00,1.000000e+00,1.255740e-01,0.000000e+00,0.000000e+00,1.786528e-02,5.044441e-02
0.64750,0.600000,0.500000,0.000000e+00,0.000000e+00,1.000000e+00,1.255740e-01,0.000000e+00,0.000000e+00,1.786270e-02,5.050071e-02
0.65000,0.600000,0.500000,0.000000e+00,0.000000e+00,1.000000e+00,1.255740e-01,0.000000e+00,0.000000e+00,1.786016e-02,5.055675e-02
0.65250,0.600000,0.500000,0.000000e+00,0.000000e+00,1.000000e+00,1.255740e-01,0.000000e+00,0.000000e+00,1.785767e-02,5.061255e-02
0.65500,0.600000,0.500000,0.000000e+00,0.000000e+00,1.000000e+00,1.255740e-01,0.000000e+00,0.000000e+00,1.785522e-02,5.066811e-02
0.65750,0.600000,0.500000,0.000000e+00,0.000000e+00,1.000000e+00,1.255740e-01,0.000000e+00,0.000000e+00,1.785281e-02,5.072343e-02
0.66000,0.600000,0.500000,0.000000e+00,0.000000e+00,1.000000e+00,1.255740e-01,0.000000e+00,0.000000e+00,1.785045e-02,5.077851e-02
0.66250,0.600000,0.500000,0.000000e+00,0.000000e+00,1.000000e+00,1.255740e-01,0.000000e+00,0.000000e+00,1.784813e-02,5.083334e-02
0.66500,0.600000,0.500000,0.000000e+00,0.000000e+00,1.000000e+00,1.255740e-01,0.000000e+00,0.000000e+00,1.784585e-02,5.088795e-02
0.66750,0.600000,0.500000,0.000000e+00,0.000000e+00,1.000000e+00,1.255740e-01,0.000000e+00,0.000000e+00,1.784362e-02,5.094231e-02
0.67000,0.600000,0.500000,0.000000e+00,0.000000e+00,1.000000e+00,1.255740e-01,0.000000e+00,0.000000e+00,1.784142e-02,5.099644e-02
0.67250,0.600000,0.500000,0.000000e+00,0.000000e+00,1.000000e+00,1.255740e-01,0.000000e+00,0.000000e+00,1.783926e-02,5.105034e-02
0.67500,0.600000,0.500000,0.000000e+00,0.000000e+00,1.000000e+00,1.255740e-01,0.000000e+00,0.000000e+00,1.783715e-02,5.110401e-02
0.67750,0.600000,0.500000,0.000000e+00,0.000000e+00,1.000000e+00,1.255740e-01,0.000000e+00,0.000000e+00,1.783507e-02,5.115745e-02
0.68000,0.600000,0.500000,0.000000e+00,0.000000e+00,1.000000e+00,1.255740e-01,0.000000e+00,0.000000e+00,1.783303e-02,5.121066e-02
0.68250,0.600000,0.500000,0.000000e+00,0.000000e+00,1.000000e+00,1.255740e-01,0.000000e+00,0.000000e+00,1.783103e-02,5.126364e-02
0.68500,0.600000,0.500000,0.000000e+00,0.000000e+00,1.000000e+00,1.255740e-01,0.000000e+00,0.000000e+00,1.782906e-02,5.131640e-02
0.68750,0.600000,0.500000,0.000000e+00,0.000000e+00,1.000000e+00,1.255740e-01,0.000000e+00,0.000000e+00,1.782713e-02,5.136893e-02
0.69000,0.600000,0.500000,0.000000e+00,0.000000e+00,1.000000e+00,1.255740e-01,0.000000e+00,0.000000e+00,1.782524e-02,5.142124e-02
0.69250,0.600000,0.500000,0.000000e+00,0.000000e+00,1.000000e+00,1.255740e-01,0.000000e+00,0.000000e+00,1.782338e-02,5.147333e-02
0.69500,0.600000,0.500000,0.000000e+00,0.000000e+00,1.000000e+00,1.255740e-01,0.000000e+00,0.000000e+00,1.782156e-02,5.152520e-02
0.69750,0.600000,0.500000,0.000000e+00,0.000000e+00,1.000000e+00,1.255740e-01,0.000000e+00,0.000000e+00,1.781978e-02,5.157685e-02
0.70000,0.600000,0.500000,0.000000e+00,0.000000e+00,1.000000e+00,1.255740e-01,0.000000e+00,0.000000e+00,1.781802e-02,5.162829e-02
0.70250,0.600000,0.500000,0.000000e+00,0.000000e+00,1.000000e+00,1.255740e-01,0.000000e+00,0.000000e+00,1.781631e-02,5.167951e-02
0.70500,0.600000,0.500000,0.000000e+00,0.000000e+00,1.000000e+00,1.255740e-01,0.000000e+00,0.000000e+00,1.781462e-02,5.173051e-02
0.70750,0.600000,0.500000,0.000000e+00,0.000000e+00,1.000000e+00,1.255740e-01,0.000000e+00,0.000000e+00,1.781297e-02,5.178130e-02
0.71000,0.600000,0.500000,0.000000e+00,0.000000e+00,1.000000e+00,1.255740e-01,0.000000e+00,0.000000e+00,1.781135e-02,5.183188e-02
0.71250,0.600000,0.500000,0.000000e+00,0.000000e+00,1.000000e+00,1.255740e-01,0.000000e+00,0.000000e+00,1.780976e-02,5.188224e-02
0.71500,0.600000,0.500000,0.000000e+00,0.000000e+00,1.000000e+00,1.255740e-01,0.000000e+00,0.000000e+00,1.780821e-02,5.193240e-02
0.71750,0.600000,0.500000,0.000000e+00,0.000000e+00,1.000000e+00,1.255740e-01,0.000000e+00,0.000000e+00,1.780668e-02,5.198235e-02
0.72000,0.600000,0.500000,0.000000e+00,0.000000e+00,1.000000e+00,1.255740e-01,0.000000e+00,0.000000e+00,1.780519e-02,5.203209e-02
0.72250,0.600000,0.500000,0.000000e+00,0.000000e+00,1.000000e+00,1.255740e-01,0.000000e+00,0.000000e+00,1.780372e-02,5.208163e-02
0.72500,0.600000,0.500000,0.000000e+00,0.000000e+00,1.000000e+00,1.255740e-01,0.000000e+00,0.000000e+00,1.780229e-02,5.213096e-02
0.72750,0.600000,0.500000,0.000000e+00,0.000000e+00,1.000000e+00,1.255740e-01,0.000000e+00,0.000000e+00,1.780088e-02,5.218009e-02
0.73000,0.600000,0.500000,0.000000e+00,0.000000e+00,1.000000e+00,1.255740e-01,0.000000e+00,0.000000e+00,1.779951e-02,5.222902e-02
0.73250,0.600000,0.500000,0.000000e+00,0.000000e+00,1.000000e+00,1.255740e-01,0.000000e+00,0.000000e+00,1.779816e-02,5.227775e-02
0.73500,0.600000,0.500000,0.000000e+00,0.000000e+00,1.000000e+00,1.255740e-01,0.000000e+00,0.000000e+00,1.779684e-02,5.232627e-02
0.73750,0.600000,0.500000,0.000000e+00,0.000000e+00,1.000000e+00,1.255740e-01,0.000000e+00,0.000000e+00,1.779555e-02,5.237460e-02
0.74000,0.600000,0.500000,0.000000e+00,0.000000e+00,1.000000e+00,1.255740e-01,0.000000e+00,0.000000e+00,1.779429e-02,5.242273e-02
0.74250,0.600000,0.500000,0.000000e+00,0.000000e+00,1.000000e+00,1.255740e-01,0.000000e+00,0.000000e+00,1.779306e-02,5.247066e-02
0.74500,0.600000,0.500000,0.000000e+00,0.000000e+00,1.000000e+00,1.255740e-01,0.000000e+00,0.000000e+00,1.779185e-02,5.251840e-02
0.74750,0.600000,0.500000,0.000000e+00,0.000000e+00,1.000000e+00,1.255740e-01,0.000000e+00,0.000000e+00,1.779066e-02,5.256595e-02
0.75000,0.600000,0.500000,0.000000e+00,0.000000e+00,1.000000e+00,1.255740e-01,0.000000e+00,0.000000e+00,1.778951e-02,5.261330e-02
0.75250,0.600000,0.500000,0.000000e+00,0.000000e+00,1.000000e+00,1.255740e-01,0.000000e+00,0.000000e+00,1.778838e-02,5.266046e-02
0.75500,0.600000,0.500000,0.000000e+00,0.000000e+00,1.000000e+00,1.255740e-01,0.000000e+00,0.000000e+00,1.778727e-02,5.270743e-02
0.75750,0.600000,0.500000,0.000000e+00,0.000000e+00,1.000000e+00,1.255740e-01,0.000000e+00,0.000000e+00,1.778619e-02,5.275421e-02
0.76000,0.600000,0.500000,0.000000e+00,0.000000e+00,1.000000e+00,1.255740e-01,0.000000e+00,0.000000e+00,1.778514e-02,5.280080e-02
0.76250,0.600000,0.500000,0.000000e+00,0.000000e+00,1.000000e+00,1.255740e-01,0.000000e+00,0.000000e+00,1.778411e-02,5.284720e-02
0.76500,0.600000,0.500000,0.000000e+00,0.000000e+00,1.000000e+00,1.255740e-01,0.000000e+00,0.000000e+00,1.778310e-02,5.289342e-02
0.76750,0.600000,0.500000,0.000000e+00,0.000000e+00,1.000000e+00,1.255740e-01,0.000000e+00,0.000000e+00,1.778212e-02,5.293945e-02
0.77000,0.600000,0.500000,0.000000e+00,0.000000e+00,1.000000e+00,1.255740e-01,0.000000e+00,0.000000e+00,1.778116e-02,5.298530e-02
0.77250,0.600000,0.500000,0.000000e+00,0.000000e+00,1.000000e+00,1.255740e-01,0.000000e+00,0.000000e+00,1.778022e-02,5.303097e-02
0.77500,0.600000,0.500000,0.000000e+00,0.000000e+00,1.000000e+00,1.255740e-01,0.000000e+00,0.000000e+00,1.777931e-02,5.307645e-02
0.77750,0.600000,0.500000,0.000000e+00,0.000000e+00,1.000000e+00,1.255740e-01,0.000000e+00,0.000000e+00,1.777842e-02,5.312175e-02
0.78000,0.600000,0.500000,0.000000e+00,0.000000e+00,1.000000e+00,1.255740e-01,0.000000e+00,0.000000e+00,1.777755e-02,5.316687e-02
0.78250,0.600000,0.500000,0.000000e+00,0.000000e+00,1.000000e+00,1.255740e-01,0.000000e+00,0.000000e+00,1.777671e-02,5.321181e-02
0.78500,0.600000,0.500000,0.000000e+00,0.000000e+00,1.000000e+00,1.255740e-01,0.000000e+00,0.000000e+00,1.777588e-02,5.325658e-02
0.78750,0.600000,0.500000,0.000000e+00,0.000000e+00,1.000000e+00,1.255740e-01,0.000000e+00,0.000000e+00,1.777508e-02,5.330116e-02
0.79000,0.600000,0.500000,0.000000e+00,0.000000e+00,1.000000e+00,1.255740e-01,0.000000e+00,0.000000e+00,1.777430e-02,5.334557e-02
0.79250,0.600000,0.500000,0.000000e+00,0.000000e+00,1.000000e+00,1.255740e-01,0.000000e+00,0.000000e+00,1.777354e-02,5.338981e-02
0.79500,0.600000,0.500000,0.000000e+00,0.000000e+00,1.000000e+00,1.255740e-01,0.000000e+00,0.000000e+00,1.777280e-02,5.343387e-02
0.79750,0.600000,0.500000,0.000000e+00,0.000000e+00,1.000000e+00,1.255740e-01,0.000000e+00,0.000000e+00,1.777208e-02,5.347775e-02
0.80000,0.600000,0.500000,0.000000e+00,0.000000e+00,1.000000e+00,1.255740e-01,0.000000e+00,0.000000e+00,1.777138e-02,5.352147e-02
0.80250,0.600000,0.500000,0.000000e+00,0.000000e+00,1.000000e+00,1.255740e-01,0.000000e+00,0.000000e+00,1.777070e-02,5.356501e-02
0.80500,0.600000,0.500000,0.000000e+00,0.000000e+00,1.000000e+00,1.255740e-01,0.000000e+00,0.000000e+00,1.777004e-02,5.360839e-02
0.80750,0.600000,0.500000,0.000000e+00,0.000000e+00,1.000000e+00,1.255740e-01,0.000000e+00,0.000000e+00,1.776940e-02,5.365159e-02
0.81000,0.600000,0.500000,0.000000e+00,0.000000e+00,1.000000e+00,1.255740e-01,0.000000e+00,0.000000e+00,1.776877e-02,5.369462e-02
0.81250,0.600000,0.500000,0.000000e+00,0.000000e+00,1.000000e+00,1.255740e-01,0.000000e+00,0.000000e+00,1.776817e-02,5.373749e-02
0.81500,0.600000,0.500000,0.000000e+00,0.000000e+00,1.000000e+00,1.255740e-01,0.000000e+00,0.000000e+00,1.776759e-02,5.378019e-02
0.81750,0.600000,0.500000,0.000000e+00,0.000000e+00,1.000000e+00,1.255740e-01,0.000000e+00,0.000000e+00,1.776702e-02,5.382272e-02
0.82000,0.600000,0.500000,0.000000e+00,0.000000e+00,1.000000e+00,1.255740e-01,0.000000e+00,0.000000e+00,1.776647e-02,5.386509e-02
0.82250,0.600000,0.500000,0.000000e+00,0.000000e+00,1.000000e+00,1.255740e-01,0.000000e+00,0.000000e+00,1.776594e-02,5.390730e-02
0.82500,0.600000,0.500000,0.000000e+00,0.000000e+00,1.000000e+00,1.255740e-01,0.000000e+00,0.000000e+00,1.776543e-02,5.394934e-02
0.82750,0.600000,0.500000,0.000000e+00,0.000000e+00,1.000000e+00,1.255740e-01,0.000000e+00,0.000000e+00,1.776493e-02,5.399122e-02
0.83000,0.600000,0.500000,0.000000e+00,0.000000e+00,1.000000e+00,1.255740e-01,0.000000e+00,0.000000e+00,1.776445e-02,5.403294e-02
0.83250,0.600000,0.500000,0.000000e+00,0.000000e+00,1.000000e+00,1.255740e-01,0.000000e+00,0.000000e+00,1.776399e-02,5.407449e-02
0.83500,0.600000,0.500000,0.000000e+00,0.000000e+00,1.000000e+00,1.255740e-01,0.000000e+00,0.000000e+00,1.776355e-02,5.411589e-02
0.83750,0.600000,0.500000,0.000000e+00,0.000000e+00,1.000000e+00,1.255740e-01,0.000000e+00,0.000000e+00,1.776312e-02,5.415713e-02
0.84000,0.600000,0.500000,0.000000e+00,0.000000e+00,1.000000e+00,1.255740e-01,0.000000e+00,0.000000e+00,1.776271e-02,5.419821e-02
0.84250,0.600000,0.500000,0.000000e+00,0.000000e+00,1.000000e+00,1.255740e-01,0.000000e+00,0.000000e+00,1.776231e-02,5.423913e-02
0.84500,0.600000,0.500000,0.000000e+00,0.000000e+00,1.000000e+00,1.255740e-01,0.000000e+00,0.000000e+00,1.776193e-02,5.427990e-02
0.84750,0.600000,0.500000,0.000000e+00,0.000000e+00,1.000000e+00,1.255740e-01,0.000000e+00,0.000000e+00,1.776157e-02,5.432051e-02
0.85000,0.600000,0.500000,0.000000e+00,0.000000e+00,1.000000e+00,1.255740e-01,0.000000e+00,0.000000e+00,1.776122e-02,5.436096e-02
0.85250,0.600000,0.500000,0.000000e+00,0.000000e+00,1.000000e+00,1.255740e-01,0.000000e+00,0.000000e+00,1.776089e-02,5.440126e-02
0.85500,0.600000,0.500000,0.000000e+00,0.000000e+00,1.000000e+00,1.255740e-01,0.000000e+00,0.000000e+00,1.776057e-02,5.444141e-02
0.85750,0.600000,0.500000,0.000000e+00,0.000000e+00,1.000000e+00,1.255740e-01,0.000000e+00,0.000000e+00,1.776026e-02,5.448141e-02
0.86000,0.600000,0.500000,0.000000e+00,0.000000e+00,1.000000e+00,1.255740e-01,0.000000e+00,0.000000e+00,1.775998e-02,5.452125e-02
0.86250,0.600000,0.500000,0.000000e+00,0.000000e+00,1.000000e+00,1.255740e-01,0.000000e+00,0.000000e+00,1.775970e-02,5.456094e-02
0.86500,0.600000,0.500000,0.000000e+00,0.000000e+00,1.000000e+00,1.255740e-01,0.000000e+00,0.000000e+00,1.775944e-02,5.460048e-02
0.86750,0.600000,0.500000,0.000000e+00,0.000000e+00,1.000000e+00,1.255740e-01,0.000000e+00,0.000000e+00,1.775920e-02,5.463988e-02
0.87000,0.600000,0.500000,0.000000e+00,0.000000e+00,1.000000e+00,1.255740e-01,0.000000e+00,0.000000e+00,1.775896e-02,5.467912e-02
0.87250,0.600000,0.500000,0.000000e+00,0.000000e+00,1.000000e+00,1.255740e-01,0.000000e+00,0.000000e+00,1.775875e-02,5.471822e-02
0.87500,0.600000,0.500000,0.000000e+00,0.000000e+00,1.000000e+00,1.255740e-01,0.000000e+00,0.000000e+00,1.775854e-02,5.475717e-02
0.87750,0.600000,0.500000,0.000000e+00,0.000000e+00,1.000000e+00,1.255740e-01,0.000000e+00,0.000000e+00,1.775835e-02,5.479597e-02
0.88000,0.600000,0.500000,0.000000e+00,0.000000e+00,1.000000e+00,1.255740e-01,0.000000e+00,0.000000e+00,1.775817e-02,5.483463e-02
0.88250,0.600000,0.500000,0.000000e+00,0.000000e+00,1.000000e+00,1.255740e-01,0.000000e+00,0.000000e+00,1.775801e-02,5.487314e-02
0.88500,0.600000,0.500000,0.000000e+00,0.000000e+00,1.000000e+00,1.255740e-01,0.000000e+00,0.000000e+00,1.775786e-02,5.491151e-02
0.88750,0.600000,0.500000,0.000000e+00,0.000000e+00,1.000000e+00,1.255740e-01,0.000000e+00,0.000000e+00,1.775772e-02,5.494974e-02
0.89000,0.600000,0.500000,0.000000e+00,0.000000e+00,1.000000e+00,1.255740e-01,0.000000e+00,0.000000e+00,1.775759e-02,5.498782e-02
0.89250,0.600000,0.500000,0.000000e+00,0.000000e+00,1.000000e+00,1.255740e-01,0.000000e+00,0.000000e+00,1.775748e-02,5.502576e-02
0.89500,0.600000,0.500000,0.000000e+00,0.000000e+00,1.000000e+00,1.255740e-01,0.000000e+00,0.000000e+00,1.775737e-02,5.506356e-02
0.89750,0.600000,0.500000,0.000000e+00,0.000000e+00,1.000000e+00,1.255740e-01,0.000000e+00,0.000000e+00,1.775729e-02,5.510122e-02
0.90000,0.600000,0.500000,0.000000e+00,0.000000e+00,1.000000e+00,1.255740e-01,0.000000e+00,0.000000e+00,1.775721e-02,5.513874e-02
0.90250,0.600000,0.500000,0.000000e+00,0.000000e+00,1.000000e+00,1.255740e-01,0.000000e+00,0.000000e+00,1.775714e-02,5.517612e-02
0.90500,0.600000,0.500000,0.000000e+00,0.000000e+00,1.000000e+00,1.255740e-01,0.000000e+00,0.000000e+00,1.775709e-02,5.521336e-02
0.90750,0.600000,0.500000,0.000000e+00,0.000000e+00,1.000000e+00,1.255740e-01,0.000000e+00,0.000000e+00,1.775704e-02,5.525046e-02
0.91000,0.600000,0.500000,0.000000e+00,0.000000e+00,1.000000e+00,1.255740e-01,0.000000e+00,0.000000e+00,1.775701e-02,5.528743e-02
0.91250,0.600000,0.500000,0.000000e+00,0.000000e+00,1.000000e+00,1.255740e-01,0.000000e+00,0.000000e+00,1.775699e-02,5.532426e-02
0.91500,0.600000,0.500000,0.000000e+00,0.000000e+00,1.000000e+00,1.255740e-01,0.000000e+00,0.000000e+00,1.775698e-02,5.536095e-02
0.91750,0.600000,0.500000,0.000000e+00,0.000000e+00,1.000000e+00,1.255740e-01,0.000000e+00,0.000000e+00,1.775699e-02,5.539751e-02
0.92000,0.600000,0.500000,0.000000e+00,0.000000e+00,1.000000e+00,1.255740e-01,0.000000e+00,0.000000e+00,1.775700e-02,5.543394e-02
0.92250,0.600000,0.500000,0.000000e+00,0.000000e+00,1.000000e+00,1.255740e-01,0.000000e+00,0.000000e+00,1.775702e-02,5.547023e-02
0.92500,0.600000,0.500000,0.000000e+00,0.000000e+00,1.000000e+00,1.255740e-01,0.000000e+00,0.000000e+00,1.775706e-02,5.550639e-02
0.92750,0.600000,0.500000,0.000000e+00,0.000000e+00,1.000000e+00,1.255740e-01,0.000000e+00,0.000000e+00,1.775710e-02,5.554241e-02
0.93000,0.600000,0.500000,0.000000e+00,0.000000e+00,1.000000e+00,1.255740e-01,0.000000e+00,0.000000e+00,1.775715e-02,5.557831e-02
0.93250,0.600000,0.500000,0.000000e+00,0.000000e+00,1.000000e+00,1.255740e-01,0.000000e+00,0.000000e+00,1.775722e-02,5.561407e-02
0.93500,0.600000,0.500000,0.000000e+00,0.000000e+00,1.000000e+00,1.255740e-01,0.000000e+00,0.000000e+00,1.775729e-02,5.564970e-02
0.93750,0.600000,0.500000,0.000000e+00,0.000000e+00,1.000000e+00,1.255740e-01,0.000000e+00,0.000000e+00,1.775738e-02,5.568521e-02
0.94000,0.600000,0.500000,0.000000e+00,0.000000e+00,1.000000e+00,1.255740e-01,0.000000e+00,0.000000e+00,1.775747e-02,5.572058e-02
0.94250,0.600000,0.500000,0.000000e+00,0.000000e+00,1.000000e+00,1.255740e-01,0.000000e+00,0.000000e+00,1.775757e-02,5.575582e-02
0.94500,0.600000,0.500000,0.000000e+00,0.000000e+00,1.000000e+00,1.255740e-01,0.000000e+00,0.000000e+00,1.775769e-02,5.579094e-02
0.94750,0.600000,0.500000,0.000000e+00,0.000000e+00,1.000000e+00,1.255740e-01,0.000000e+00,0.000000e+00,1.775781e-02,5.582593e-02
0.95000,0.600000,0.500000,0.000000e+00,0.000000e+00,1.000000e+00,1.255740e-01,0.000000e+00,0.000000e+00,1.775794e-02,5.586079e-02
0.95250,0.600000,0.500000,0.000000e+00,0.000000e+00,1.000000e+00,1.255740e-01,0.000000e+00,0.000000e+00,1.775808e-02,5.589553e-02
0.95500,0.600000,0.500000,0.000000e+00,0.000000e+00,1.000000e+00,1.255740e-01,0.000000e+00,0.000000e+00,1.775823e-02,5.593014e-02
0.95750,0.600000,0.500000,0.000000e+00,0.000000e+00,1.000000e+00,1.255740e-01,0.000000e+00,0.000000e+00,1.775839e-02,5.596462e-02
0.96000,0.600000,0.500000,0.000000e+00,0.000000e+00,1.000000e+00,1.255740e-01,0.000000e+00,0.000000e+00,1.775856e-02,5.599898e-02
0.96250,0.600000,0.500000,0.000000e+00,0.000000e+00,1.000000e+00,1.255740e-01,0.000000e+00,0.000000e+00,1.775874e-02,5.603322e-02
0.96500,0.600000,0.500000,0.000000e+00,0.000000e+00,1.000000e+00,1.255740e-01,0.000000e+00,0.000000e+00,1.775892e-02,5.606734e-02
0.96750,0.600000,0.500000,0.000000e+00,0.000000e+00,1.000000e+00,1.255740e-01,0.000000e+00,0.000000e+00,1.775911e-02,5.610133e-02
0.97000,0.600000,0.500000,0.000000e+00,0.000000e+00,1.000000e+00,1.255740e-01,0.000000e+00,0.000000e+00,1.775931e-02,5.613520e-02
0.97250,0.600000,0.500000,0.000000e+00,0.000000e+00,1.000000e+00,1.255740e-01,0.000000e+00,0.000000e+00,1.775952e-02,5.616894e-02
0.97500,0.600000,0.500000,0.000000e+00,0.000000e+00,1.000000e+00,1.255740e-01,0.000000e+00,0.000000e+00,1.775974e-02,5.620257e-02
0.97750,0.600000,0.500000,0.000000e+00,0.000000e+00,1.000000e+00,1.255740e-01,0.000000e+00,0.000000e+00,1.775997e-02,5.623608e-02
0.98000,0.600000,0.500000,0.000000e+00,0.000000e+00,1.000000e+00,1.255740e-01,0.000000e+00,0.000000e+00,1.776020e-02,5.626947e-02
0.98250,0.600000,0.500000,0.000000e+00,0.000000e+00,1.000000e+00,1.255740e-01,0.000000e+00,0.000000e+00,1.776044e-02,5.630273e-02
0.98500,0.600000,0.500000,0.000000e+00,0.000000e+00,1.000000e+00,1.255740e-01,0.000000e+00,0.000000e+00,1.776069e-02,5.633588e-02
0.98750,0.600000,0.500000,0.000000e+00,0.000000e+00,1.000000e+00,1.255740e-01,0.000000e+00,0.000000e+00,1.776095e-02,5.636891e-02
0.99000,0.600000,0.500000,0.000000e+00,0.000000e+00,1.000000e+00,1.255740e-01,0.000000e+00,0.000000e+00,1.776121e-02,5.640183e-02
0.99250,0.600000,0.500000,0.000000e+00,0.000000e+00,1.000000e+00,1.255740e-01,0.000000e+00,0.000000e+00,1.776149e-02,5.643462e-02
0.99500,0.600000,0.500000,0.000000e+00,0.000000e+00,1.000000e+00,1.255740e-01,0.000000e+00,0.000000e+00,1.776176e-02,5.646730e-02
0.99750,0.600000,0.500000,0.000000e+00,0.000000e+00,1.000000e+00,1.255740e-01,0.000000e+00,0.000000e+00,1.776205e-02,5.649987e-02
1.00000,0.600000,0.500000,0.000000e+00,0.000000e+00,1.000000e+00,1.255740e-01,0.000000e+00,0.000000e+00,1.776234e-02,5.653232e-02
1.00250,0.600000,0.500000,0.000000e+00,0.000000e+00,1.000000e+00,1.255740e-01,0.000000e+00,0.000000e+00,1.776264e-02,5.656465e-02
1.00500,0.600000,0.500000,0.000000e+00,0.000000e+00,1.000000e+00,1.255740e-01,0.000000e+00,0.000000e+00,1.776295e-02,5.659687e-02
1.00750,0.600000,0.500000,0.000000e+00,0.000000e+00,1.000000e+00,1.255740e-01,0.000000e+00,0.000000e+00,1.776327e-02,5.662898e-02
1.01000,0.600000,0.500000,0.000000e+00,0.000000e+00,1.000000e+00,1.255740e-01,0.000000e+00,0.000000e+00,1.776359e-02,5.666097e-02
1.01250,0.600000,0.500000,0.000000e+00,0.000000e+00,1.000000e+00,1.255740e-01,0.000000e+00,0.000000e+00,1.776391e-02,5.669285e-02
1.01500,0.600000,0.500000,0.000000e+00,0.000000e+00,1.000000e+00,1.255740e-01,0.000000e+00,0.000000e+00,1.776425e-02,5.672462e-02
1.01750,0.600000,0.500000,0.000000e+00,0.000000e+00,1.000000e+00,1.255740e-01,0.000000e+00,0.000000e+00,1.776459e-02,5.675627e-02
1.02000,0.600000,0.500000,0.000000e+00,0.000000e+00,1.000000e+00,1.255740e-01,0.000000e+00,0.000000e+00,1.776494e-02,5.678782e-02
1.02250,0.600000,0.500000,0.000000e+00,0.000000e+00,1.000000e+00,1.255740e-01,0.000000e+00,0.000000e+00,1.776529e-02,5.681925e-02
1.02500,0.600000,0.500000,0.000000e+00,0.000000e+00,1.000000e+00,1.255740e-01,0.000000e+00,0.000000e+00,1.776565e-02,5.685057e-02
1.02750,0.600000,0.500000,0.000000e+00,0.000000e+00,1.000000e+00,1.255740e-01,0.000000e+00,0.000000e+00,1.776602e-02,5.688179e-02
1.03000,0.600000,0.500000,0.000000e+00,0.000000e+00,1.000000e+00,1.255740e-01,0.000000e+00,0.000000e+00,1.776639e-02,5.691289e-02
1.03250,0.600000,0.500000,0.000000e+00,0.000000e+00,1.000000e+00,1.255740e-01,0.000000e+00,0.000000e+00,1.776676e-02,5.694389e-02
1.03500,0.600000,0.500000,0.000000e+00,0.000000e+00,1.000000e+00,1.255740e-01,0.000000e+00,0.000000e+00,1.776715e-02,5.697478e-02
1.03750,0.600000,0.500000,0.000000e+00,0.000000e+00,1.000000e+00,1.255740e-01,0.000000e+00,0.000000e+00,1.776754e-02,5.700555e-02
1.04000,0.600000,0.500000,0.000000e+00,0.000000e+00,1.000000e+00,1.255740e-01,0.000000e+00,0.000000e+00,1.776793e-02,5.703623e-02
1.04250,0.600000,0.500000,0.000000e+00,0.000000e+00,1.000000e+00,1.255740e-01,0.000000e+00,0.000000e+00,1.776833e-02,5.706679e-02
1.04500,0.600000,0.500000,0.000000e+00,0.000000e+00,1.000000e+00,1.255740e-01,0.000000e+00,0.000000e+00,1.776874e-02,5.709725e-02
1.04750,0.600000,0.500000,0.000000e+00,0.000000e+00,1.000000e+00,1.255740e-01,0.000000e+00,0.000000e+00,1.776915e-02,5.712761e-02
1.05000,0.600000,0.500000,0.000000e+00,0.000000e+00,1.000000e+00,1.255740e-01,0.000000e+00,0.000000e+00,1.776957e-02,5.715786e-02
1.05250,0.600000,0.500000,0.000000e+00,0.000000e+00,1.000000e+00,1.255740e-01,0.000000e+00,0.000000e+00,1.776999e-02,5.718800e-02
1.05500,0.600000,0.500000,0.000000e+00,0.000000e+00,1.000000e+00,1.255740e-01,0.000000e+00,0.000000e+00,1.777042e-02,5.721804e-02
1.05750,0.600000,0.500000,0.000000e+00,0.000000e+00,1.000000e+00,1.255740e-01,0.000000e+00,0.000000e+00,1.777086e-02,5.724797e-02
1.06000,0.600000,0.500000,0.000000e+00,0.000000e+00,1.000000e+00,1.255740e-01,0.000000e+00,0.000000e+00,1.777129e-02,5.727780e-02
1.06250,0.600000,0.500000,0.000000e+00,0.000000e+00,1.000000e+00,1.255740e-01,0.000000e+00,0.000000e+00,1.777174e-02,5.730753e-02
1.06500,0.600000,0.500000,0.000000e+00,0.000000e+00,1.000000e+00,1.255740e-01,0.000000e+00,0.000000e+00,1.777219e-02,5.733716e-02
1.06750,0.600000,0.500000,0.000000e+00,0.000000e+00,1.000000e+00,1.255740e-01,0.000000e+00,0.000000e+00,1.777264e-02,5.736668e-02
1.07000,0.600000,0.500000,0.000000e+00,0.000000e+00,1.000000e+00,1.255740e-01,0.000000e+00,0.000000e+00,1.777310e-02,5.739610e-02
1.07250,0.600000,0.500000,0.000000e+00,0.000000e+00,1.000000e+00,1.255740e-01,0.000000e+00,0.000000e+00,1.777356e-02,5.742543e-02
1.07500,0.600000,0.500000,0.000000e+00,0.000000e+00,1.000000e+00,1.255740e-01,0.000000e+00,0.000000e+00,1.777403e-02,5.745465e-02
1.07750,0.600000,0.500000,0.000000e+00,0.000000e+00,1.000000e+00,1.255740e-01,0.000000e+00,0.000000e+00,1.777450e-02,5.748376e-02
1.08000,0.600000,0.500000,0.000000e+00,0.000000e+00,1.000000e+00,1.255740e-01,0.000000e+00,0.000000e+00,1.777498e-02,5.751278e-02
1.08250,0.600000,0.500000,0.000000e+00,0.000000e+00,1.000000e+00,1.255740e-01,0.000000e+00,0.000000e+00,1.777546e-02,5.754170e-02
1.08500,0.600000,0.500000,0.000000e+00,0.000000e+00,1.000000e+00,1.255740e-01,0.000000e+00,0.000000e+00,1.777595e-02,5.757053e-02
1.08750,0.600000,0.500000,0.000000e+00,0.000000e+00,1.000000e+00,1.255740e-01,0.000000e+00,0.000000e+00,1.777644e-02,5.759925e-02
1.09000,0.600000,0.500000,0.000000e+00,0.000000e+00,1.000000e+00,1.255740e-01,0.000000e+00,0.000000e+00,1.777694e-02,5.762787e-02
1.09250,0.600000,0.500000,0.000000e+00,0.000000e+00,1.000000e+00,1.255740e-01,0.000000e+00,0.000000e+00,1.777744e-02,5.765640e-02
1.09500,0.600000,0.500000,0.000000e+00,0.000000e+00,1.000000e+00,1.255740e-01,0.000000e+00,0.000000e+00,1.777794e-02,5.768483e-02
1.09750,0.600000,0.500000,0.000000e+00,0.000000e+00,1.000000e+00,1.255740e-01,0.000000e+00,0.000000e+00,1.777845e-02,5.771316e-02
1.10000,0.600000,0.500000,0.000000e+00,0.000000e+00,1.000000e+00,1.255740e-01,0.000000e+00,0.000000e+00,1.777896e-02,5.774140e-02
1.10250,0.600000,0.500000,0.000000e+00,0.000000e+00,1.000000e+00,1.255740e-01,0.000000e+00,0.000000e+00,1.777948e-02,5.776954e-02
1.10500,0.600000,0.500000,0.000000e+00,0.000000e+00,1.000000e+00,1.255740e-01,0.000000e+00,0.000000e+00,1.778000e-02,5.779758e-02
1.10750,0.600000,0.500000,0.000000e+00,0.000000e+00,1.000000e+00,1.255740e-01,0.000000e+00,0.000000e+00,1.778052e-02,5.782553e-02
1.11000,0.600000,0.500000,0.000000e+00,0.000000e+00,1.000000e+00,1.255740e-01,0.000000e+00,0.000000e+00,1.778105e-02,5.785338e-02
1.11250,0.600000,0.500000,0.000000e+00,0.000000e+00,1.000000e+00,1.255740e-01,0.000000e+00,0.000000e+00,1.778158e-02,5.788114e-02
1.11500,0.600000,0.500000,0.000000e+00,0.000000e+00,1.000000e+00,1.255740e-01,0.000000e+00,0.000000e+00,1.778212e-02,5.790881e-02
1.11750,0.600000,0.500000,0.000000e+00,0.000000e+00,1.000000e+00,1.255740e-01,0.000000e+00,0.000000e+00,1.778266e-02,5.793638e-02
1.12000,0.600000,0.500000,0.000000e+00,0.000000e+00,1.000000e+00,1.255740e-01,0.000000e+00,0.000000e+00,1.778320e-02,5.796386e-02
1.12250,0.600000,0.500000,0.000000e+00,0.000000e+00,1.000000e+00,1.255740e-01,0.000000e+00,0.000000e+00,1.778375e-02,5.799125e-02
1.12500,0.600000,0.500000,0.000000e+00,0.000000e+00,1.000000e+00,1.255740e-01,0.000000e+00,0.000000e+00,1.778430e-02,5.801854e-02
1.12750,0.600000,0.500000,0.000000e+00,0.000000e+00,1.000000e+00,1.255740e-01,0.000000e+00,0.000000e+00,1.778485e-02,5.804574e-02
1.13000,0.600000,0.500000,0.000000e+00,0.000000e+00,1.000000e+00,1.255740e-01,0.000000e+00,0.000000e+00,1.778541e-02,5.807285e-02
1.13250,0.600000,0.500000,0.000000e+00,0.000000e+00,1.000000e+00,1.255740e-01,0.000000e+00,0.000000e+00,1.778597e-02,5.809987e-02
1.13500,0.600000,0.500000,0.000000e+00,0.000000e+00,1.000000e+00,1.255740e-01,0.000000e+00,0.000000e+00,1.778653e-02,5.812680e-02
1.13750,0.600000,0.500000,0.000000e+00,0.000000e+00,1.000000e+00,1.255740e-01,0.000000e+00,0.000000e+00,1.778710e-02,5.815363e-02
1.14000,0.600000,0.500000,0.000000e+00,0.000000e+00,1.000000e+00,1.255740e-01,0.000000e+00,0.000000e+00,1.778767e-02,5.818038e-02
1.14250,0.600000,0.500000,0.000000e+00,0.000000e+00,1.000000e+00,1.255740e-01,0.000000e+00,0.000000e+00,1.778825e-02,5.820704e-02
1.14500,0.600000,0.500000,0.000000e+00,0.000000e+00,1.000000e+00,1.255740e-01,0.000000e+00,0.000000e+00,1.778882e-02,5.823360e-02
1.14750,0.600000,0.500000,0.000000e+00,0.000000e+00,1.000000e+00,1.255740e-01,0.000000e+00,0.000000e+00,1.778940e-02,5.826008e-02
1.15000,0.600000,0.500000,0.000000e+00,0.000000e+00,1.000000e+00,1.255740e-01,0.000000e+00,0.000000e+00,1.778999e-02,5.828647e-02
1.15250,0.600000,0.500000,0.000000e+00,0.000000e+00,1.000000e+00,1.255740e-01,0.000000e+00,0.000000e+00,1.779057e-02,5.831277e-02
1.15500,0.600000,0.500000,0.000000e+00,0.000000e+00,1.000000e+00,1.255740e-01,0.000000e+00,0.000000e+00,1.779116e-02,5.833899e-02
1.15750,0.600000,0.500000,0.000000e+00,0.000000e+00,1.000000e+00,1.255740e-01,0.000000e+00,0.000000e+00,1.779176e-02,5.836512e-02
1.16000,0.600000,0.500000,0.000000e+00,0.000000e+00,1.000000e+00,1.255740e-01,0.000000e+00,0.000000e+00,1.779235e-02,5.839115e-02
1.16250,0.600000,0.500000,0.000000e+00,0.000000e+00,1.000000e+00,1.255740e-01,0.000000e+00,0.000000e+00,1.779295e-02,5.841711e-02
1.16500,0.600000,0.500000,0.000000e+00,0.000000e+00,1.000000e+00,1.255740e-01,0.000000e+00,0.000000e+00,1.779355e-02,5.844297e-02
1.16750,0.600000,0.500000,0.000000e+00,0.000000e+00,1.000000e+00,1.255740e-01,0.000000e+00,0.000000e+00,1.779416e-02,5.846875e-02
1.17000,0.600000,0.500000,0.000000e+00,0.000000e+00,1.000000e+00,1.255740e-01,0.000000e+00,0.000000e+00,1.779476e-02,5.849445e-02
1.17250,0.600000,0.500000,0.000000e+00,0.000000e+00,1.000000e+00,1.255740e-01,0.000000e+00,0.000000e+00,1.779537e-02,5.852006e-02
1.17500,0.600000,0.500000,0.000000e+00,0.000000e+00,1.000000e+00,1.255740e-01,0.000000e+00,0.000000e+00,1.779598e-02,5.854558e-02
1.17750,0.600000,0.500000,0.000000e+00,0.000000e+00,1.000000e+00,1.255740e-01,0.000000e+00,0.000000e+00,1.779660e-02,5.857102e-02
1.18000,0.600000,0.500000,0.000000e+00,0.000000e+00,1.000000e+00,1.255740e-01,0.000000e+00,0.000000e+00,1.779722e-02,5.859637e-02
1.18250,0.600000,0.500000,0.000000e+00,0.000000e+00,1.000000e+00,1.255740e-01,0.000000e+00,0.000000e+00,1.779783e-02,5.862165e-02
1.18500,0.600000,0.500000,0.000000e+00,0.000000e+00,1.000000e+00,1.255740e-01,0.000000e+00,0.000000e+00,1.779846e-02,5.864683e-02
1.18750,0.600000,0.500000,0.000000e+00,0.000000e+00,1.000000e+00,1.255740e-01,0.000000e+00,0.000000e+00,1.779908e-02,5.867194e-02
1.19000,0.600000,0.500000,0.000000e+00,0.000000e+00,1.000000e+00,1.255740e-01,0.000000e+00,0.000000e+00,1.779971e-02,5.869696e-02
1.19250,0.600000,0.500000,0.000000e+00,0.000000e+00,1.000000e+00,1.255740e-01,0.000000e+00,0.000000e+00,1.780034e-02,5.872190e-02
1.19500,0.600000,0.500000,0.000000e+00,0.000000e+00,1.000000e+00,1.255740e-01,0.000000e+00,0.000000e+00,1.780097e-02,5.874675e-02
1.19750,0.600000,0.500000,0.000000e+00,0.000000e+00,1.000000e+00,1.255740e-01,0.000000e+00,0.000000e+00,1.780160e-02,5.877153e-02
1.20000,0.600000,0.500000,0.000000e+00,0.000000e+00,1.000000e+00,1.255740e-01,0.000000e+00,0.000000e+00,1.780224e-02,5.879622e-02
1.20250,0.600000,0.500000,0.000000e+00,0.000000e+00,1.000000e+00,1.255740e-01,0.000000e+00,0.000000e+00,1.780288e-02,5.882083e-02
1.20500,0.600000,0.500000,0.000000e+00,0.000000e+00,1.000000e+00,1.255740e-01,0.000000e+00,0.000000e+00,1.780352e-02,5.884536e-02
1.20750,0.600000,0.500000,0.000000e+00,0.000000e+00,1.000000e+00,1.255740e-01,0.000000e+00,0.000000e+00,1.780416e-02,5.886981e-02
1.21000,0.600000,0.500000,0.000000e+00,0.000000e+00,1.000000e+00,1.255740e-01,0.000000e+00,0.000000e+00,1.780481e-02,5.889418e-02
1.21250,0.600000,0.500000,0.000000e+00,0.000000e+00,1.000000e+00,1.255740e-01,0.000000e+00,0.000000e+00,1.780545e-02,5.891847e-02
1.21500,0.600000,0.500000,0.000000e+00,0.000000e+00,1.000000e+00,1.255740e-01,0.000000e+00,0.000000e+00,1.780610e-02,5.894268e-02
1.21750,0.600000,0.500000,0.000000e+00,0.000000e+00,1.000000e+00,1.255740e-01,0.000000e+00,0.000000e+00,1.780675e-02,5.896681e-02
1.22000,0.600000,0.500000,0.000000e+00,0.000000e+00,1.000000e+00,1.255740e-01,0.000000e+00,0.000000e+00,1.780741e-02,5.899086e-02
1.22250,0.600000,0.500000,0.000000e+00,0.000000e+00,1.000000e+00,1.255740e-01,0.000000e+00,0.000000e+00,1.780806e-02,5.901484e-02
1.22500,0.600000,0.500000,0.000000e+00,0.000000e+00,1.000000e+00,1.255740e-01,0.000000e+00,0.000000e+00,1.780872e-02,5.903873e-02
1.22750,0.600000,0.500000,0.000000e+00,0.000000e+00,1.000000e+00,1.255740e-01,0.000000e+00,0.000000e+00,1.780938e-02,5.906255e-02
1.23000,0.600000,0.500000,0.000000e+00,0.000000e+00,1.000000e+00,1.255740e-01,0.000000e+00,0.000000e+00,1.781004e-02,5.908629e-02
1.23250,0.600000,0.500000,0.000000e+00,0.000000e+00,1.000000e+00,1.255740e-01,0.000000e+00,0.000000e+00,1.781070e-02,5.910995e-02
1.23500,0.600000,0.500000,0.000000e+00,0.000000e+00,1.000000e+00,1.255740e-01,0.000000e+00,0.000000e+00,1.781136e-02,5.913353e-02
1.23750,0.600000,0.500000,0.000000e+00,0.000000e+00,1.000000e+00,1.255740e-01,0.000000e+00,0.000000e+00,1.781203e-02,5.915704e-02
1.24000,0.600000,0.500000,0.000000e+00,0.000000e+00,1.000000e+00,1.255740e-01,0.000000e+00,0.000000e+00,1.781270e-02,5.918047e-02
1.24250,0.600000,0.500000,0.000000e+00,0.000000e+00,1.000000e+00,1.255740e-01,0.000000e+00,0.000000e+00,1.781337e-02,5.920383e-02
1.24500,0.600000,0.500000,0.000000e+00,0.000000e+00,1.000000e+00,1.255740e-01,0.000000e+00,0.000000e+00,1.781404e-02,5.922711e-02
1.24750,0.600000,0.500000,0.000000e+00,0.000000e+00,1.000000e+00,1.255740e-01,0.000000e+00,0.000000e+00,1.781471e-02,5.925031e-02
1.25000,0.600000,0.500000,0.000000e+00,0.000000e+00,1.000000e+00,1.255740e-01,0.000000e+00,0.000000e+00,1.781538e-02,5.927344e-02
1.25250,0.600000,0.500000,0.000000e+00,0.000000e+00,1.000000e+00,1.255740e-01,0.000000e+00,0.000000e+00,1.781606e-02,5.929649e-02
1.25500,0.600000,0.500000,0.000000e+00,0.000000e+00,1.000000e+00,1.255740e-01,0.000000e+00,0.000000e+00,1.781674e-02,5.931947e-02
1.25750,0.600000,0.500000,0.000000e+00,0.000000e+00,1.000000e+00,1.255740e-01,0.000000e+00,0.000000e+00,1.781741e-02,5.934238e-02
1.26000,0.600000,0.500000,0.000000e+00,0.000000e+00,1.000000e+00,1.255740e-01,0.000000e+00,0.000000e+00,1.781809e-02,5.936521e-02
1.26250,0.600000,0.500000,0.000000e+00,0.000000e+00,1.000000e+00,1.255740e-01,0.000000e+00,0.000000e+00,1.781878e-02,5.938796e-02
1.26500,0.600000,0.500000,0.000000e+00,0.000000e+00,1.000000e+00,1.255740e-01,0.000000e+00,0.000000e+00,1.781946e-02,5.941064e-02
1.26750,0.600000,0.500000,0.000000e+00,0.000000e+00,1.000000e+00,1.255740e-01,0.000000e+00,0.000000e+00,1.782014e-02,5.943325e-02
1.27000,0.600000,0.500000,0.000000e+00,0.000000e+00,1.000000e+00,1.255740e-01,0.000000e+00,0.000000e+00,1.782083e-02,5.945579e-02
1.27250,0.600000,0.500000,0.000000e+00,0.000000e+00,1.000000e+00,1.255740e-01,0.000000e+00,0.000000e+00,1.782152e-02,5.947825e-02
1.27500,0.600000,0.500000,0.000000e+00,0.000000e+00,1.000000e+00,1.255740e-01,0.000000e+00,0.000000e+00,1.782220e-02,5.950065e-02
1.27750,0.600000,0.500000,0.000000e+00,0.000000e+00,1.000000e+00,1.255740e-01,0.000000e+00,0.000000e+00,1.782289e-02,5.952297e-02
1.28000,0.600000,0.500000,0.000000e+00,0.000000e+00,1.000000e+00,1.255740e-01,0.000000e+00,0.000000e+00,1.782358e-02,5.954521e-02
1.28250,0.600000,0.500000,0.000000e+00,0.000000e+00,1.000000e+00,1.255740e-01,0.000000e+00,0.000000e+00,1.782428e-02,5.956739e-02
1.28500,0.600000,0.500000,0.000000e+00,0.000000e+00,1.000000e+00,1.255740e-01,0.000000e+00,0.000000e+00,1.782497e-02,5.958949e-02
1.28750,0.600000,0.500000,0.000000e+00,0.000000e+00,1.000000e+00,1.255740e-01,0.000000e+00,0.000000e+00,1.782566e-02,5.961153e-02
1.29000,0.600000,0.500000,0.000000e+00,0.000000e+00,1.000000e+00,1.255740e-01,0.000000e+00,0.000000e+00,1.782636e-02,5.963349e-02
1.29250,0.600000,0.500000,0.000000e+00,0.000000e+00,1.000000e+00,1.255740e-01,0.000000e+00,0.000000e+00,1.782706e-02,5.965538e-02
1.29500,0.600000,0.500000,0.000000e+00,0.000000e+00,1.000000e+00,1.255740e-01,0.000000e+00,0.000000e+00,1.782775e-02,5.967721e-02
1.29750,0.600000,0.500000,0.000000e+00,0.000000e+00,1.000000e+00,1.255740e-01,0.000000e+00,0.000000e+00,1.782845e-02,5.969896e-02
1.30000,0.600000,0.500000,0.000000e+00,0.000000e+00,1.000000e+00,1.255740e-01,0.000000e+00,0.000000e+00,1.782915e-02,5.972064e-02
1.30250,0.600000,0.500000,0.000000e+00,0.000000e+00,1.000000e+00,1.255740e-01,0.000000e+00,0.000000e+00,1.782985e-02,5.974226e-02
1.30500,0.600000,0.500000,0.000000e+00,0.000000e+00,1.000000e+00,1.255740e-01,0.000000e+00,0.000000e+00,1.783056e-02,5.976380e-02
1.30750,0.600000,0.500000,0.000000e+00,0.000000e+00,1.000000e+00,1.255740e-01,0.000000e+00,0.000000e+00,1.783126e-02,5.978528e-02
1.31000,0.600000,0.500000,0.000000e+00,0.000000e+00,1.000000e+00,1.255740e-01,0.000000e+00,0.000000e+00,1.783196e-02,5.980669e-02
1.31250,0.600000,0.500000,0.000000e+00,0.000000e+00,1.000000e+00,1.255740e-01,0.000000e+00,0.000000e+00,1.783267e-02,5.982803e-02
1.31500,0.600000,0.500000,0.000000e+00,0.000000e+00,1.000000e+00,1.255740e-01,0.000000e+00,0.000000e+00,1.783337e-02,5.984930e-02
1.31750,0.600000,0.500000,0.000000e+00,0.000000e+00,1.000000e+00,1.255740e-01,0.000000e+00,0.000000e+00,1.783408e-02,5.987050e-02
1.32000,0.600000,0.500000,0.000000e+00,0.000000e+00,1.000000e+00,1.255740e-01,0.000000e+00,0.000000e+00,1.783479e-02,5.989164e-02
1.32250,0.600000,0.500000,0.000000e+00,0.000000e+00,1.000000e+00,1.255740e-01,0.000000e+00,0.000000e+00,1.783549e-02,5.991270e-02
1.32500,0.600000,0.500000,0.000000e+00,0.000000e+00,1.000000e+00,1.255740e-01,0.000000e+00,0.000000e+00,1.783620e-02,5.993371e-02
1.32750,0.600000,0.500000,0.000000e+00,0.000000e+00,1.000000e+00,1.255740e-01,0.000000e+00,0.000000e+00,1.783691e-02,5.995464e-02
1.33000,0.600000,0.500000,0.000000e+00,0.000000e+00,1.000000e+00,1.255740e-01,0.000000e+00,0.000000e+00,1.783762e-02,5.997551e-02
1.33250,0.600000,0.500000,0.000000e+00,0.000000e+00,1.000000e+00,1.255740e-01,0.000000e+00,0.000000e+00,1.783834e-02,5.999631e-02
1.33500,0.600000,0.500000,0.000000e+00,0.000000e+00,1.000000e+00,1.255740e-01,0.000000e+00,0.000000e+00,1.783905e-02,6.001705e-02
1.33750,0.600000,0.500000,0.000000e+00,0.000000e+00,1.000000e+00,1.255740e-01,0.000000e+00,0.000000e+00,1.783976e-02,6.003772e-02
1.34000,0.600000,0.500000,0.000000e+00,0.000000e+00,1.000000e+00,1.255740e-01,0.000000e+00,0.000000e+00,1.784047e-02,6.005832e-02
1.34250,0.600000,0.500000,0.000000e+00,0.000000e+00,1.000000e+00,1.255740e-01,0.000000e+00,0.000000e+00,1.784119e-02,6.007886e-02
1.34500,0.600000,0.500000,0.000000e+00,0.000000e+00,1.000000e+00,1.255740e-01,0.000000e+00,0.000000e+00,1.784190e-02,6.009934e-02
1.34750,0.600000,0.500000,0.000000e+00,0.000000e+00,1.000000e+00,1.255740e-01,0.000000e+00,0.000000e+00,1.784262e-02,6.011975e-02
1.35000,0.600000,0.500000,0.000000e+00,0.000000e+00,1.000000e+00,1.255740e-01,0.000000e+00,0.000000e+00,1.784333e-02,6.014010e-02
1.35250,0.600000,0.500000,0.000000e+00,0.000000e+00,1.000000e+00,1.255740e-01,0.000000e+00,0.000000e+00,1.784405e-02,6.016038e-02
1.35500,0.600000,0.500000,0.000000e+00,0.000000e+00,1.000000e+00,1.255740e-01,0.000000e+00,0.000000e+00,1.784477e-02,6.018060e-02
1.35750,0.600000,0.500000,0.000000e+00,0.000000e+00,1.000000e+00,1.255740e-01,0.000000e+00,0.000000e+00,1.784549e-02,6.020075e-02
1.36000,0.600000,0.500000,0.000000e+00,0.000000e+00,1.000000e+00,1.255740e-01,0.000000e+00,0.000000e+00,1.784620e-02,6.022084e-02
1.36250,0.600000,0.500000,0.000000e+00,0.000000e+00,1.000000e+00,1.255740e-01,0.000000e+00,0.000000e+00,1.784692e-02,6.024087e-02
1.36500,0.600000,0.500000,0.000000e+00,0.000000e+00,1.000000e+00,1.255740e-01,0.000000e+00,0.000000e+00,1.784764e-02,6.026083e-02
1.36750,0.600000,0.500000,0.000000e+00,0.000000e+00,1.000000e+00,1.255740e-01,0.000000e+00,0.000000e+00,1.784836e-02,6.028073e-02
1.37000,0.600000,0.500000,0.000000e+00,0.000000e+00,1.000000e+00,1.255740e-01,0.000000e+00,0.000000e+00,1.784908e-02,6.030057e-02
1.37250,0.600000,0.500000,0.000000e+00,0.000000e+00,1.000000e+00,1.255740e-01,0.000000e+00,0.000000e+00,1.784980e-02,6.032035e-02
1.37500,0.600000,0.500000,0.000000e+00,0.000000e+00,1.000000e+00,1.255740e-01,0.000000e+00,0.000000e+00,1.785052e-02,6.034006e-02
1.37750,0.600000,0.500000,0.000000e+00,0.000000e+00,1.000000e+00,1.255740e-01,0.000000e+00,0.000000e+00,1.785125e-02,6.035971e-02
1.38000,0.600000,0.500000,0.000000e+00,0.000000e+00,1.000000e+00,1.255740e-01,0.000000e+00,0.000000e+00,1.785197e-02,6.037931e-02
1.38250,0.600000,0.500000,0.000000e+00,0.000000e+00,1.000000e+00,1.255740e-01,0.000000e+00,0.000000e+00,1.785269e-02,6.039884e-02
1.38500,0.600000,0.500000,0.000000e+00,0.000000e+00,1.000000e+00,1.255740e-01,0.000000e+00,0.000000e+00,1.785341e-02,6.041830e-02
1.38750,0.600000,0.500000,0.000000e+00,0.000000e+00,1.000000e+00,1.255740e-01,0.000000e+00,0.000000e+00,1.785414e-02,6.043771e-02
1.39000,0.600000,0.500000,0.000000e+00,0.000000e+00,1.000000e+00,1.255740e-01,0.000000e+00,0.000000e+00,1.785486e-02,6.045706e-02
1.39250,0.600000,0.500000,0.000000e+00,0.000000e+00,1.000000e+00,1.255740e-01,0.000000e+00,0.000000e+00,1.785558e-02,6.047634e-02
1.39500,0.600000,0.500000,0.000000e+00,0.000000e+00,1.000000e+00,1.255740e-01,0.000000e+00,0.000000e+00,1.785631e-02,6.049557e-02
1.39750,0.600000,0.500000,0.000000e+00,0.000000e+00,1.000000e+00,1.255740e-01,0.000000e+00,0.000000e+00,1.785703e-02,6.051474e-02
1.40000,0.600000,0.500000,0.000000e+00,0.000000e+00,1.000000e+00,1.255740e-01,0.000000e+00,0.000000e+00,1.785776e-02,6.053384e-02
1.40250,0.600000,0.500000,0.000000e+00,0.000000e+00,1.000000e+00,1.255740e-01,0.000000e+00,0.000000e+00,1.785848e-02,6.055289e-02
1.40500,0.600000,0.500000,0.000000e+00,0.000000e+00,1.000000e+00,1.255740e-01,0.000000e+00,0.000000e+00,1.785921e-02,6.057188e-02
1.40750,0.600000,0.500000,0.000000e+00,0.000000e+00,1.000000e+00,1.255740e-01,0.000000e+00,0.000000e+00,1.785993e-02,6.059080e-02
1.41000,0.600000,0.500000,0.000000e+00,0.000000e+00,1.000000e+00,1.255740e-01,0.000000e+00,0.000000e+00,1.786066e-02,6.060967e-02
1.41250,0.600000,0.500000,0.000000e+00,0.000000e+00,1.000000e+00,1.255740e-01,0.000000e+00,0.000000e+00,1.786138e-02,6.062848e-02
1.41500,0.600000,0.500000,0.000000e+00,0.000000e+00,1.000000e+00,1.255740e-01,0.000000e+00,0.000000e+00,1.786211e-02,6.064723e-02
1.41750,0.600000,0.500000,0.000000e+00,0.000000e+00,1.000000e+00,1.255740e-01,0.000000e+00,0.000000e+00,1.786283e-02,6.066593e-02
1.42000,0.600000,0.500000,0.000000e+00,0.000000e+00,1.000000e+00,1.255740e-01,0.000000e+00,0.000000e+00,1.786356e-02,6.068456e-02
1.42250,0.600000,0.500000,0.000000e+00,0.000000e+00,1.000000e+00,1.255740e-01,0.000000e+00,0.000000e+00,1.786429e-02,6.070314e-02
1.42500,0.600000,0.500000,0.000000e+00,0.000000e+00,1.000000e+00,1.255740e-01,0.000000e+00,0.000000e+00,1.786501e-02,6.072166e-02
1.42750,0.600000,0.500000,0.000000e+00,0.000000e+00,1.000000e+00,1.255740e-01,0.000000e+00,0.000000e+00,1.786574e-02,6.074012e-02
1.43000,0.600000,0.500000,0.000000e+00,0.000000e+00,1.000000e+00,1.255740e-01,0.000000e+00,0.000000e+00,1.786647e-02,6.075853e-02
1.43250,0.600000,0.500000,0.000000e+00,0.000000e+00,1.000000e+00,1.255740e-01,0.000000e+00,0.000000e+00,1.786719e-02,6.077688e-02
1.43500,0.600000,0.500000,0.000000e+00,0.000000e+00,1.000000e+00,1.255740e-01,0.000000e+00,0.000000e+00,1.786792e-02,6.079517e-02
1.43750,0.600000,0.500000,0.000000e+00,0.000000e+00,1.000000e+00,1.255740e-01,0.000000e+00,0.000000e+00,1.786865e-02,6.081340e-02
1.44000,0.600000,0.500000,0.000000e+00,0.000000e+00,1.000000e+00,1.255740e-01,0.000000e+00,0.000000e+00,1.786937e-02,6.083158e-02
1.44250,0.600000,0.500000,0.000000e+00,0.000000e+00,1.000000e+00,1.255740e-01,0.000000e+00,0.000000e+00,1.787010e-02,6.084970e-02
1.44500,0.600000,0.500000,0.000000e+00,0.000000e+00,1.000000e+00,1.255740e-01,0.000000e+00,0.000000e+00,1.787083e-02,6.086777e-02
1.44750,0.600000,0.500000,0.000000e+00,0.000000e+00,1.000000e+00,1.255740e-01,0.000000e+00,0.000000e+00,1.787155e-02,6.088578e-02
1.45000,0.600000,0.500000,0.000000e+00,0.000000e+00,1.000000e+00,1.255740e-01,0.000000e+00,0.000000e+00,1.787228e-02,6.090373e-02
1.45250,0.600000,0.500000,0.000000e+00,0.000000e+00,1.000000e+00,1.255740e-01,0.000000e+00,0.000000e+00,1.787301e-02,6.092163e-02
1.45500,0.600000,0.500000,0.000000e+00,0.000000e+00,1.000000e+00,1.255740e-01,0.000000e+00,0.000000e+00,1.787373e-02,6.093948e-02
1.45750,0.600000,0.500000,0.000000e+00,0.000000e+00,1.000000e+00,1.255740e-01,0.000000e+00,0.000000e+00,1.787446e-02,6.095727e-02
1.46000,0.600000,0.500000,0.000000e+00,0.000000e+00,1.000000e+00,1.255740e-01,0.000000e+00,0.000000e+00,1.787519e-02,6.097500e-02
1.46250,0.600000,0.500000,0.000000e+00,0.000000e+00,1.000000e+00,1.255740e-01,0.000000e+00,0.000000e+00,1.787591e-02,6.099268e-02
1.46500,0.600000,0.500000,0.000000e+00,0.000000e+00,1.000000e+00,1.255740e-01,0.000000e+00,0.000000e+00,1.787664e-02,6.101030e-02
1.46750,0.600000,0.500000,0.000000e+00,0.000000e+00,1.000000e+00,1.255740e-01,0.000000e+00,0.000000e+00,1.787737e-02,6.102788e-02
1.47000,0.600000,0.500000,0.000000e+00,0.000000e+00,1.000000e+00,1.255740e-01,0.000000e+00,0.000000e+00,1.787809e-02,6.104539e-02
1.47250,0.600000,0.500000,0.000000e+00,0.000000e+00,1.000000e+00,1.255740e-01,0.000000e+00,0.000000e+00,1.787882e-02,6.106286e-02
1.47500,0.600000,0.500000,0.000000e+00,0.000000e+00,1.000000e+00,1.255740e-01,0.000000e+00,0.000000e+00,1.787954e-02,6.108027e-02
1.47750,0.600000,0.500000,0.000000e+00,0.000000e+00,1.000000e+00,1.255740e-01,0.000000e+00,0.000000e+00,1.788027e-02,6.109762e-02
1.48000,0.600000,0.500000,0.000000e+00,0.000000e+00,1.000000e+00,1.255740e-01,0.000000e+00,0.000000e+00,1.788100e-02,6.111492e-02
1.48250,0.600000,0.500000,0.000000e+00,0.000000e+00,1.000000e+00,1.255740e-01,0.000000e+00,0.000000e+00,1.788172e-02,6.113217e-02
1.48500,0.600000,0.500000,0.000000e+00,0.000000e+00,1.000000e+00,1.255740e-01,0.000000e+00,0.000000e+00,1.788245e-02,6.114937e-02
1.48750,0.600000,0.500000,0.000000e+00,0.000000e+00,1.000000e+00,1.255740e-01,0.000000e+00,0.000000e+00,1.788317e-02,6.116652e-02
1.49000,0.600000,0.500000,0.000000e+00,0.000000e+00,1.000000e+00,1.255740e-01,0.000000e+00,0.000000e+00,1.788390e-02,6.118361e-02
1.49250,0.600000,0.500000,0.000000e+00,0.000000e+00,1.000000e+00,1.255740e-01,0.000000e+00,0.000000e+00,1.788462e-02,6.120065e-02
1.49500,0.600000,0.500000,0.000000e+00,0.000000e+00,1.000000e+00,1.255740e-01,0.000000e+00,0.000000e+00,1.788535e-02,6.121764e-02
1.49750,0.600000,0.500000,0.000000e+00,0.000000e+00,1.000000e+00,1.255740e-01,0.000000e+00,0.000000e+00,1.788607e-02,6.123457e-02
1.50000,0.600000,0.500000,0.000000e+00,0.000000e+00,1.000000e+00,1.255740e-01,0.000000e+00,0.000000e+00,1.788679e-02,6.125145e-02
1.50250,0.600000,0.500000,0.000000e+00,0.000000e+00,1.000000e+00,1.255740e-01,0.000000e+00,0.000000e+00,1.788752e-02,6.126829e-02
1.50500,0.600000,0.500000,0.000000e+00,0.000000e+00,1.000000e+00,1.255740e-01,0.000000e+00,0.000000e+00,1.788824e-02,6.128507e-02
1.50750,0.600000,0.500000,0.000000e+00,0.000000e+00,1.000000e+00,1.255740e-01,0.000000e+00,0.000000e+00,1.788896e-02,6.130180e-02
1.51000,0.600000,0.500000,0.000000e+00,0.000000e+00,1.000000e+00,1.255740e-01,0.000000e+00,0.000000e+00,1.788969e-02,6.131848e-02
1.51250,0.600000,0.500000,0.000000e+00,0.000000e+00,1.000000e+00,1.255740e-01,0.000000e+00,0.000000e+00,1.789041e-02,6.133510e-02
1.51500,0.600000,0.500000,0.000000e+00,0.000000e+00,1.000000e+00,1.255740e-01,0.000000e+00,0.000000e+00,1.789113e-02,6.135168e-02
1.51750,0.600000,0.500000,0.000000e+00,0.000000e+00,1.000000e+00,1.255740e-01,0.000000e+00,0.000000e+00,1.789185e-02,6.136821e-02
1.52000,0.600000,0.500000,0.000000e+00,0.000000e+00,1.000000e+00,1.255740e-01,0.000000e+00,0.000000e+00,1.789258e-02,6.138468e-02
1.52250,0.600000,0.500000,0.000000e+00,0.000000e+00,1.000000e+00,1.255740e-01,0.000000e+00,0.000000e+00,1.789330e-02,6.140111e-02
1.52500,0.600000,0.500000,0.000000e+00,0.000000e+00,1.000000e+00,1.255740e-01,0.000000e+00,0.000000e+00,1.789402e-02,6.141749e-02
1.52750,0.600000,0.500000,0.000000e+00,0.000000e+00,1.000000e+00,1.255740e-01,0.000000e+00,0.000000e+00,1.789474e-02,6.143381e-02
1.53000,0.600000,0.500000,0.000000e+00,0.000000e+00,1.000000e+00,1.255740e-01,0.000000e+00,0.000000e+00,1.789546e-02,6.145009e-02
1.53250,0.600000,0.500000,0.000000e+00,0.000000e+00,1.000000e+00,1.255740e-01,0.000000e+00,0.000000e+00,1.789618e-02,6.146632e-02
1.53500,0.600000,0.500000,0.000000e+00,0.000000e+00,1.000000e+00,1.255740e-01,0.000000e+00,0.000000e+00,1.789690e-02,6.148250e-02
1.53750,0.600000,0.500000,0.000000e+00,0.000000e+00,1.000000e+00,1.255740e-01,0.000000e+00,0.000000e+00,1.789762e-02,6.149863e-02
1.54000,0.600000,0.500000,0.000000e+00,0.000000e+00,1.000000e+00,1.255740e-01,0.000000e+00,0.000000e+00,1.789834e-02,6.151471e-02
1.54250,0.600000,0.500000,0.000000e+00,0.000000e+00,1.000000e+00,1.255740e-01,0.000000e+00,0.000000e+00,1.789906e-02,6.153074e-02
1.54500,0.600000,0.500000,0.000000e+00,0.000000e+00,1.000000e+00,1.255740e-01,0.000000e+00,0.000000e+00,1.789977e-02,6.154672e-02
1.54750,0.600000,0.500000,0.000000e+00,0.000000e+00,1.000000e+00,1.255740e-01,0.000000e+00,0.000000e+00,1.790049e-02,6.156266e-02
1.55000,0.600000,0.500000,0.000000e+00,0.000000e+00,1.000000e+00,1.255740e-01,0.000000e+00,0.000000e+00,1.790121e-02,6.157854e-02
1.55250,0.600000,0.500000,0.000000e+00,0.000000e+00,1.000000e+00,1.255740e-01,0.000000e+00,0.000000e+00,1.790193e-02,6.159438e-02
1.55500,0.600000,0.500000,0.000000e+00,0.000000e+00,1.000000e+00,1.255740e-01,0.000000e+00,0.000000e+00,1.790264e-02,6.161017e-02
1.55750,0.600000,0.500000,0.000000e+00,0.000000e+00,1.000000e+00,1.255740e-01,0.000000e+00,0.000000e+00,1.790336e-02,6.162592e-02
1.56000,0.600000,0.500000,0.000000e+00,0.000000e+00,1.000000e+00,1.255740e-01,0.000000e+00,0.000000e+00,1.790407e-02,6.164161e-02
1.56250,0.600000,0.500000,0.000000e+00,0.000000e+00,1.000000e+00,1.255740e-01,0.000000e+00,0.000000e+00,1.790479e-02,6.165726e-02
1.56500,0.600000,0.500000,0.000000e+00,0.000000e+00,1.000000e+00,1.255740e-01,0.000000e+00,0.000000e+00,1.790550e-02,6.167286e-02
1.56750,0.600000,0.500000,0.000000e+00,0.000000e+00,1.000000e+00,1.255740e-01,0.000000e+00,0.000000e+00,1.790622e-02,6.168841e-02
1.57000,0.600000,0.500000,0.000000e+00,0.000000e+00,1.000000e+00,1.255740e-01,0.000000e+00,0.000000e+00,1.790693e-02,6.170392e-02
1.57250,0.600000,0.500000,0.000000e+00,0.000000e+00,1.000000e+00,1.255740e-01,0.000000e+00,0.000000e+00,1.790764e-02,6.171938e-02
1.57500,0.600000,0.500000,0.000000e+00,0.000000e+00,1.000000e+00,1.255740e-01,0.000000e+00,0.000000e+00,1.790836e-02,6.173479e-02
1.57750,0.600000,0.500000,0.000000e+00,0.000000e+00,1.000000e+00,1.255740e-01,0.000000e+00,0.000000e+00,1.790907e-02,6.175016e-02
1.58000,0.600000,0.500000,0.000000e+00,0.000000e+00,1.000000e+00,1.255740e-01,0.000000e+00,0.000000e+00,1.790978e-02,6.176548e-02
1.58250,0.600000,0.500000,0.000000e+00,0.000000e+00,1.000000e+00,1.255740e-01,0.000000e+00,0.000000e+00,1.791049e-02,6.178076e-02
1.58500,0.600000,0.500000,0.000000e+00,0.000000e+00,1.000000e+00,1.255740e-01,0.000000e+00,0.000000e+00,1.791120e-02,6.179599e-02
1.58750,0.600000,0.500000,0.000000e+00,0.000000e+00,1.000000e+00,1.255740e-01,0.000000e+00,0.000000e+00,1.791191e-02,6.181117e-02
1.59000,0.600000,0.500000,0.000000e+00,0.000000e+00,1.000000e+00,1.255740e-01,0.000000e+00,0.000000e+00,1.791262e-02,6.182631e-02
1.59250,0.600000,0.500000,0.000000e+00,0.000000e+00,1.000000e+00,1.255740e-01,0.000000e+00,0.000000e+00,1.791333e-02,6.184140e-02
1.59500,0.600000,0.500000,0.000000e+00,0.000000e+00,1.000000e+00,1.255740e-01,0.000000e+00,0.000000e+00,1.791404e-02,6.185645e-02
1.59750,0.600000,0.500000,0.000000e+00,0.000000e+00,1.000000e+00,1.255740e-01,0.000000e+00,0.000000e+00,1.791475e-02,6.187145e-02
1.60000,0.600000,0.500000,0.000000e+00,0.000000e+00,1.000000e+00,1.255740e-01,0.000000e+00,0.000000e+00,1.791545e-02,6.188640e-02
1.60250,0.600000,0.500000,0.000000e+00,0.000000e+00,1.000000e+00,1.255740e-01,0.000000e+00,0.000000e+00,1.791616e-02,6.190132e-02
1.60500,0.600000,0.500000,0.000000e+00,0.000000e+00,1.000000e+00,1.255740e-01,0.000000e+00,0.000000e+00,1.791687e-02,6.191618e-02
1.60750,0.600000,0.500000,0.000000e+00,0.000000e+00,1.000000e+00,1.255740e-01,0.000000e+00,0.000000e+00,1.791757e-02,6.193101e-02
1.61000,0.600000,0.500000,0.000000e+00,0.000000e+00,1.000000e+00,1.255740e-01,0.000000e+00,0.000000e+00,1.791828e-02,6.194578e-02
1.61250,0.600000,0.500000,0.000000e+00,0.000000e+00,1.000000e+00,1.255740e-01,0.000000e+00,0.000000e+00,1.791898e-02,6.196052e-02
1.61500,0.600000,0.500000,0.000000e+00,0.000000e+00,1.000000e+00,1.255740e-01,0.000000e+00,0.000000e+00,1.791969e-02,6.197521e-02
1.61750,0.600000,0.500000,0.000000e+00,0.000000e+00,1.000000e+00,1.255740e-01,0.000000e+00,0.000000e+00,1.792039e-02,6.198985e-02
1.62000,0.600000,0.500000,0.000000e+00,0.000000e+00,1.000000e+00,1.255740e-01,0.000000e+00,0.000000e+00,1.792109e-02,6.200446e-02
1.62250,0.600000,0.500000,0.000000e+00,0.000000e+00,1.000000e+00,1.255740e-01,0.000000e+00,0.000000e+00,1.792179e-02,6.201902e-02
1.62500,0.600000,0.500000,0.000000e+00,0.000000e+00,1.000000e+00,1.255740e-01,0.000000e+00,0.000000e+00,1.792250e-02,6.203353e-02
1.62750,0.600000,0.500000,0.000000e+00,0.000000e+00,1.000000e+00,1.255740e-01,0.000000e+00,0.000000e+00,1.792320e-02,6.204800e-02
1.63000,0.600000,0.500000,0.000000e+00,0.000000e+00,1.000000e+00,1.255740e-01,0.000000e+00,0.000000e+00,1.792390e-02,6.206243e-02
1.63250,0.600000,0.500000,0.000000e+00,0.000000e+00,1.000000e+00,1.255740e-01,0.000000e+00,0.000000e+00,1.792460e-02,6.207682e-02
1.63500,0.600000,0.500000,0.000000e+00,0.000000e+00,1.000000e+00,1.255740e-01,0.000000e+00,0.000000e+00,1.792529e-02,6.209116e-02
1.63750,0.600000,0.500000,0.000000e+00,0.000000e+00,1.000000e+00,1.255740e-01,0.000000e+00,0.000000e+00,1.792599e-02,6.210546e-02
1.64000,0.600000,0.500000,0.000000e+00,0.000000e+00,1.000000e+00,1.255740e-01,0.000000e+00,0.000000e+00,1.792669e-02,6.211972e-02
1.64250,0.600000,0.500000,0.000000e+00,0.000000e+00,1.000000e+00,1.255740e-01,0.000000e+00,0.000000e+00,1.792739e-02,6.213393e-02
1.64500,0.600000,0.500000,0.000000e+00,0.000000e+00,1.000000e+00,1.255740e-01,0.000000e+00,0.000000e+00,1.792808e-02,6.214810e-02
1.64750,0.600000,0.500000,0.000000e+00,0.000000e+00,1.000000e+00,1.255740e-01,0.000000e+00,0.000000e+00,1.792878e-02,6.216224e-02
1.65000,0.600000,0.500000,0.000000e+00,0.000000e+00,1.000000e+00,1.255740e-01,0.000000e+00,0.000000e+00,1.792947e-02,6.217632e-02
1.65250,0.600000,0.500000,0.000000e+00,0.000000e+00,1.000000e+00,1.255740e-01,0.000000e+00,0.000000e+00,1.793017e-02,6.219037e-02
1.65500,0.600000,0.500000,0.000000e+00,0.000000e+00,1.000000e+00,1.255740e-01,0.000000e+00,0.000000e+00,1.793086e-02,6.220438e-02
1.65750,0.600000,0.500000,0.000000e+00,0.000000e+00,1.000000e+00,1.255740e-01,0.000000e+00,0.000000e+00,1.793155e-02,6.221834e-02
1.66000,0.600000,0.500000,0.000000e+00,0.000000e+00,1.000000e+00,1.255740e-01,0.000000e+00,0.000000e+00,1.793224e-02,6.223226e-02
1.66250,0.600000,0.500000,0.000000e+00,0.000000e+00,1.000000e+00,1.255740e-01,0.000000e+00,0.000000e+00,1.793294e-02,6.224614e-02
1.66500,0.600000,0.500000,0.000000e+00,0.000000e+00,1.000000e+00,1.255740e-01,0.000000e+00,0.000000e+00,1.793363e-02,6.225998e-02
1.66750,0.600000,0.500000,0.000000e+00,0.000000e+00,1.000000e+00,1.255740e-01,0.000000e+00,0.000000e+00,1.793432e-02,6.227378e-02
1.67000,0.600000,0.500000,0.000000e+00,0.000000e+00,1.000000e+00,1.255740e-01,0.000000e+00,0.000000e+00,1.793501e-02,6.228754e-02
1.67250,0.600000,0.500000,0.000000e+00,0.000000e+00,1.000000e+00,1.255740e-01,0.000000e+00,0.000000e+00,1.793569e-02,6.230125e-02
1.67500,0.600000,0.500000,0.000000e+00,0.000000e+00,1.000000e+00,1.255740e-01,0.000000e+00,0.000000e+00,1.793638e-02,6.231493e-02
1.67750,0.600000,0.500000,0.000000e+00,0.000000e+00,1.000000e+00,1.255740e-01,0.000000e+00,0.000000e+00,1.793707e-02,6.232856e-02
1.68000,0.600000,0.500000,0.000000e+00,0.000000e+00,1.000000e+00,1.255740e-01,0.000000e+00,0.000000e+00,1.793776e-02,6.234216e-02
1.68250,0.600000,0.500000,0.000000e+00,0.000000e+00,1.000000e+00,1.255740e-01,0.000000e+00,0.000000e+00,1.793844e-02,6.235571e-02
1.68500,0.600000,0.500000,0.000000e+00,0.000000e+00,1.000000e+00,1.255740e-01,0.000000e+00,0.000000e+00,1.793913e-02,6.236923e-02
1.68750,0.600000,0.500000,0.000000e+00,0.000000e+00,1.000000e+00,1.255740e-01,0.000000e+00,0.000000e+00,1.793981e-02,6.238270e-02
1.69000,0.600000,0.500000,0.000000e+00,0.000000e+00,1.000000e+00,1.255740e-01,0.000000e+00,0.000000e+00,1.794049e-02,6.239614e-02
1.69250,0.600000,0.500000,0.000000e+00,0.000000e+00,1.000000e+00,1.255740e-01,0.000000e+00,0.000000e+00,1.794118e-02,6.240953e-02
1.69500,0.600000,0.500000,0.000000e+00,0.000000e+00,1.000000e+00,1.255740e-01,0.000000e+00,0.000000e+00,1.794186e-02,6.242289e-02
1.69750,0.600000,0.500000,0.000000e+00,0.000000e+00,1.000000e+00,1.255740e-01,0.000000e+00,0.000000e+00,1.794254e-02,6.243621e-02
1.70000,0.600000,0.500000,0.000000e+00,0.000000e+00,1.000000e+00,1.255740e-01,0.000000e+00,0.000000e+00,1.794322e-02,6.244948e-02
1.70250,0.600000,0.500000,0.000000e+00,0.000000e+00,1.000000e+00,1.255740e-01,0.000000e+00,0.000000e+00,1.794390e-02,6.246272e-02
1.70500,0.600000,0.500000,0.000000e+00,0.000000e+00,1.000000e+00,1.255740e-01,0.000000e+00,0.000000e+00,1.794458e-02,6.247592e-02
1.70750,0.600000,0.500000,0.000000e+00,0.000000e+00,1.000000e+00,1.255740e-01,0.000000e+00,0.000000e+00,1.794525e-02,6.248908e-02
1.71000,0.600000,0.500000,0.000000e+00,0.000000e+00,1.000000e+00,1.255740e-01,0.000000e+00,0.000000e+00,1.794593e-02,6.250220e-02
1.71250,0.600000,0.500000,0.000000e+00,0.000000e+00,1.000000e+00,1.255740e-01,0.000000e+00,0.000000e+00,1.794661e-02,6.251528e-02
1.71500,0.600000,0.500000,0.000000e+00,0.000000e+00,1.000000e+00,1.255740e-01,0.000000e+00,0.000000e+00,1.794728e-02,6.252833e-02
1.71750,0.600000,0.500000,0.000000e+00,0.000000e+00,1.000000e+00,1.255740e-01,0.000000e+00,0.000000e+00,1.794796e-02,6.254133e-02
1.72000,0.600000,0.500000,0.000000e+00,0.000000e+00,1.000000e+00,1.255740e-01,0.000000e+00,0.000000e+00,1.794863e-02,6.255430e-02
1.72250,0.600000,0.500000,0.000000e+00,0.000000e+00,1.000000e+00,1.255740e-01,0.000000e+00,0.000000e+00,1.794931e-02,6.256723e-02
1.72500,0.600000,0.500000,0.000000e+00,0.000000e+00,1.000000e+00,1.255740e-01,0.000000e+00,0.000000e+00,1.794998e-02,6.258012e-02
1.72750,0.600000,0.500000,0.000000e+00,0.000000e+00,1.000000e+00,1.255740e-01,0.000000e+00,0.000000e+00,1.795065e-02,6.259297e-02
1.73000,0.600000,0.500000,0.000000e+00,0.000000e+00,1.000000e+00,1.255740e-01,0.000000e+00,0.000000e+00,1.795132e-02,6.260579e-02
1.73250,0.600000,0.500000,0.000000e+00,0.000000e+00,1.000000e+00,1.255740e-01,0.000000e+00,0.000000e+00,1.795199e-02,6.261857e-02
1.73500,0.600000,0.500000,0.000000e+00,0.000000e+00,1.000000e+00,1.255740e-01,0.000000e+00,0.000000e+00,1.795266e-02,6.263131e-02
1.73750,0.600000,0.500000,0.000000e+00,0.000000e+00,1.000000e+00,1.255740e-01,0.000000e+00,0.000000e+00,1.795333e-02,6.264401e-02
1.74000,0.600000,0.500000,0.000000e+00,0.000000e+00,1.000000e+00,1.255740e-01,0.000000e+00,0.000000e+00,1.795399e-02,6.265668e-02
1.74250,0.600000,0.500000,0.000000e+00,0.000000e+00,1.000000e+00,1.255740e-01,0.000000e+00,0.000000e+00,1.795466e-02,6.266931e-02
1.74500,0.600000,0.500000,0.000000e+00,0.000000e+00,1.000000e+00,1.255740e-01,0.000000e+00,0.000000e+00,1.795533e-02,6.268190e-02
1.74750,0.600000,0.500000,0.000000e+00,0.000000e+00,1.000000e+00,1.255740e-01,0.000000e+00,0.000000e+00,1.795599e-02,6.269445e-02
1.75000,0.600000,0.500000,0.000000e+00,0.000000e+00,1.000000e+00,1.255740e-01,0.000000e+00,0.000000e+00,1.795666e-02,6.270697e-02
1.75250,0.600000,0.500000,0.000000e+00,0.000000e+00,1.000000e+00,1.255740e-01,0.000000e+00,0.000000e+00,1.795732e-02,6.271945e-02
1.75500,0.600000,0.500000,0.000000e+00,0.000000e+00,1.000000e+00,1.255740e-01,0.000000e+00,0.000000e+00,1.795798e-02,6.273190e-02
1.75750,0.600000,0.500000,0.000000e+00,0.000000e+00,1.000000e+00,1.255740e-01,0.000000e+00,0.000000e+00,1.795864e-02,6.274430e-02
1.76000,0.600000,0.500000,0.000000e+00,0.000000e+00,1.000000e+00,1.255740e-01,0.000000e+00,0.000000e+00,1.795930e-02,6.275668e-02
1.76250,0.600000,0.500000,0.000000e+00,0.000000e+00,1.000000e+00,1.255740e-01,0.000000e+00,0.000000e+00,1.795996e-02,6.276901e-02
1.76500,0.600000,0.500000,0.000000e+00,0.000000e+00,1.000000e+00,1.255740e-01,0.000000e+00,0.000000e+00,1.796062e-02,6.278131e-02
1.76750,0.600000,0.500000,0.000000e+00,0.000000e+00,1.000000e+00,1.255740e-01,0.000000e+00,0.000000e+00,1.796128e-02,6.279358e-02
1.77000,0.600000,0.500000,0.000000e+00,0.000000e+00,1.000000e+00,1.255740e-01,0.000000e+00,0.000000e+00,1.796194e-02,6.280580e-02
1.77250,0.600000,0.500000,0.000000e+00,0.000000e+00,1.000000e+00,1.255740e-01,0.000000e+00,0.000000e+00,1.796260e-02,6.281800e-02
1.77500,0.600000,0.500000,0.000000e+00,0.000000e+00,1.000000e+00,1.255740e-01,0.000000e+00,0.000000e+00,1.796325e-02,6.283015e-02
1.77750,0.600000,0.500000,0.000000e+00,0.000000e+00,1.000000e+00,1.255740e-01,0.000000e+00,0.000000e+00,1.796391e-02,6.284227e-02
1.78000,0.600000,0.500000,0.000000e+00,0.000000e+00,1.000000e+00,1.255740e-01,0.000000e+00,0.000000e+00,1.796456e-02,6.285436e-02
1.78250,0.600000,0.500000,0.000000e+00,0.000000e+00,1.000000e+00,1.255740e-01,0.000000e+00,0.000000e+00,1.796521e-02,6.286641e-02
1.78500,0.600000,0.500000,0.000000e+00,0.000000e+00,1.000000e+00,1.255740e-01,0.000000e+00,0.000000e+00,1.796587e-02,6.287843e-02
1.78750,0.600000,0.500000,0.000000e+00,0.000000e+00,1.000000e+00,1.255740e-01,0.000000e+00,0.000000e+00,1.796652e-02,6.289041e-02
1.79000,0.600000,0.500000,0.000000e+00,0.000000e+00,1.000000e+00,1.255740e-01,0.000000e+00,0.000000e+00,1.796717e-02,6.290235e-02
1.79250,0.600000,0.500000,0.000000e+00,0.000000e+00,1.000000e+00,1.255740e-01,0.000000e+00,0.000000e+00,1.796782e-02,6.291426e-02
1.79500,0.600000,0.500000,0.000000e+00,0.000000e+00,1.000000e+00,1.255740e-01,0.000000e+00,0.000000e+00,1.796847e-02,6.292614e-02
1.79750,0.600000,0.500000,0.000000e+00,0.000000e+00,1.000000e+00,1.255740e-01,0.000000e+00,0.000000e+00,1.796911e-02,6.293798e-02
1.80000,0.600000,0.500000,0.000000e+00,0.000000e+00,1.000000e+00,1.255740e-01,0.000000e+00,0.000000e+00,1.796976e-02,6.294979e-02
1.80250,0.600000,0.500000,0.000000e+00,0.000000e+00,1.000000e+00,1.255740e-01,0.000000e+00,0.000000e+00,1.797041e-02,6.296156e-02
1.80500,0.600000,0.500000,0.000000e+00,0.000000e+00,1.000000e+00,1.255740e-01,0.000000e+00,0.000000e+00,1.797105e-02,6.297330e-02
1.80750,0.600000,0.500000,0.000000e+00,0.000000e+00,1.000000e+00,1.255740e-01,0.000000e+00,0.000000e+00,1.797170e-02,6.298500e-02
1.81000,0.600000,0.500000,0.000000e+00,0.000000e+00,1.000000e+00,1.255740e-01,0.000000e+00,0.000000e+00,1.797234e-02,6.299667e-02
1.81250,0.600000,0.500000,0.000000e+00,0.000000e+00,1.000000e+00,1.255740e-01,0.000000e+00,0.000000e+00,1.797298e-02,6.300831e-02
1.81500,0.600000,0.500000,0.000000e+00,0.000000e+00,1.000000e+00,1.255740e-01,0.000000e+00,0.000000e+00,1.797362e-02,6.301991e-02
1.81750,0.600000,0.500000,0.000000e+00,0.000000e+00,1.000000e+00,1.255740e-01,0.000000e+00,0.000000e+00,1.797426e-02,6.303148e-02
1.82000,0.600000,0.500000,0.000000e+00,0.000000e+00,1.000000e+00,1.255740e-01,0.000000e+00,0.000000e+00,1.797490e-02,6.304302e-02
1.82250,0.600000,0.500000,0.000000e+00,0.000000e+00,1.000000e+00,1.255740e-01,0.000000e+00,0.000000e+00,1.797554e-02,6.305452e-02
1.82500,0.600000,0.500000,0.000000e+00,0.000000e+00,1.000000e+00,1.255740e-01,0.000000e+00,0.000000e+00,1.797618e-02,6.306599e-02
1.82750,0.600000,0.500000,0.000000e+00,0.000000e+00,1.000000e+00,1.255740e-01,0.000000e+00,0.000000e+00,1.797682e-02,6.307742e-02
1.83000,0.600000,0.500000,0.000000e+00,0.000000e+00,1.000000e+00,1.255740e-01,0.000000e+00,0.000000e+00,1.797745e-02,6.308882e-02
1.83250,0.600000,0.500000,0.000000e+00,0.000000e+00,1.000000e+00,1.255740e-01,0.000000e+00,0.000000e+00,1.797809e-02,6.310019e-02
1.83500,0.600000,0.500000,0.000000e+00,0.000000e+00,1.000000e+00,1.255740e-01,0.000000e+00,0.000000e+00,1.797872e-02,6.311153e-02
1.83750,0.600000,0.500000,0.000000e+00,0.000000e+00,1.000000e+00,1.255740e-01,0.000000e+00,0.000000e+00,1.797936e-02,6.312283e-02
1.84000,0.600000,0.500000,0.000000e+00,0.000000e+00,1.000000e+00,1.255740e-01,0.000000e+00,0.000000e+00,1.797999e-02,6.313410e-02
1.84250,0.600000,0.500000,0.000000e+00,0.000000e+00,1.000000e+00,1.255740e-01,0.000000e+00,0.000000e+00,1.798062e-02,6.314534e-02
1.84500,0.600000,0.500000,0.000000e+00,0.000000e+00,1.000000e+00,1.255740e-01,0.000000e+00,0.000000e+00,1.798125e-02,6.315655e-02
1.84750,0.600000,0.500000,0.000000e+00,0.000000e+00,1.000000e+00,1.255740e-01,0.000000e+00,0.000000e+00,1.798188e-02,6.316772e-02
1.85000,0.600000,0.500000,0.000000e+00,0.000000e+00,1.000000e+00,1.255740e-01,0.000000e+00,0.000000e+00,1.798251e-02,6.317886e-02
1.85250,0.600000,0.500000,0.000000e+00,0.000000e+00,1.000000e+00,1.255740e-01,0.000000e+00,0.000000e+00,1.798314e-02,6.318997e-02
1.85500,0.600000,0.500000,0.000000e+00,0.000000e+00,1.000000e+00,1.255740e-01,0.000000e+00,0.000000e+00,1.798376e-02,6.320105e-02
1.85750,0.600000,0.500000,0.000000e+00,0.000000e+00,1.000000e+00,1.255740e-01,0.000000e+00,0.000000e+00,1.798439e-02,6.321209e-02
1.86000,0.600000,0.500000,0.000000e+00,0.000000e+00,1.000000e+00,1.255740e-01,0.000000e+00,0.000000e+00,1.798502e-02,6.322310e-02
1.86250,0.600000,0.500000,0.000000e+00,0.000000e+00,1.000000e+00,1.255740e-01,0.000000e+00,0.000000e+00,1.798564e-02,6.323408e-02
1.86500,0.600000,0.500000,0.000000e+00,0.000000e+00,1.000000e+00,1.255740e-01,0.000000e+00,0.000000e+00,1.798626e-02,6.324503e-02
1.86750,0.600000,0.500000,0.000000e+00,0.000000e+00,1.000000e+00,1.255740e-01,0.000000e+00,0.000000e+00,1.798689e-02,6.325595e-02
1.87000,0.600000,0.500000,0.000000e+00,0.000000e+00,1.000000e+00,1.255740e-01,0.000000e+00,0.000000e+00,1.798751e-02,6.326684e-02
1.87250,0.600000,0.500000,0.000000e+00,0.000000e+00,1.000000e+00,1.255740e-01,0.000000e+00,0.000000e+00,1.798813e-02,6.327769e-02
1.87500,0.600000,0.500000,0.000000e+00,0.000000e+00,1.000000e+00,1.255740e-01,0.000000e+00,0.000000e+00,1.798875e-02,6.328851e-02
1.87750,0.600000,0.500000,0.000000e+00,0.000000e+00,1.000000e+00,1.255740e-01,0.000000e+00,0.000000e+00,1.798937e-02,6.329931e-02
1.88000,0.600000,0.500000,0.000000e+00,0.000000e+00,1.000000e+00,1.255740e-01,0.000000e+00,0.000000e+00,1.798998e-02,6.331007e-02
1.88250,0.600000,0.500000,0.000000e+00,0.000000e+00,1.000000e+00,1.255740e-01,0.000000e+00,0.000000e+00,1.799060e-02,6.332080e-02
1.88500,0.600000,0.500000,0.000000e+00,0.000000e+00,1.000000e+00,1.255740e-01,0.000000e+00,0.000000e+00,1.799122e-02,6.333150e-02
1.88750,0.600000,0.500000,0.000000e+00,0.000000e+00,1.000000e+00,1.255740e-01,0.000000e+00,0.000000e+00,1.799183e-02,6.334216e-02
1.89000,0.600000,0.500000,0.000000e+00,0.000000e+00,1.000000e+00,1.255740e-01,0.000000e+00,0.000000e+00,1.799244e-02,6.335280e-02
1.89250,0.600000,0.500000,0.000000e+00,0.000000e+00,1.000000e+00,1.255740e-01,0.000000e+00,0.000000e+00,1.799306e-02,6.336341e-02
1.89500,0.600000,0.500000,0.000000e+00,0.000000e+00,1.000000e+00,1.255740e-01,0.000000e+00,0.000000e+00,1.799367e-02,6.337398e-02
1.89750,0.600000,0.500000,0.000000e+00,0.000000e+00,1.000000e+00,1.255740e-01,0.000000e+00,0.000000e+00,1.799428e-02,6.338453e-02
1.90000,0.600000,0.500000,0.000000e+00,0.000000e+00,1.000000e+00,1.255740e-01,0.000000e+00,0.000000e+00,1.799489e-02,6.339505e-02
1.90250,0.600000,0.500000,0.000000e+00,0.000000e+00,1.000000e+00,1.255740e-01,0.000000e+00,0.000000e+00,1.799550e-02,6.340553e-02
1.90500,0.600000,0.500000,0.000000e+00,0.000000e+00,1.000000e+00,1.255740e-01,0.000000e+00,0.000000e+00,1.799611e-02,6.341599e-02
1.90750,0.600000,0.500000,0.000000e+00,0.000000e+00,1.000000e+00,1.255740e-01,0.000000e+00,0.000000e+00,1.799671e-02,6.342641e-02
1.91000,0.600000,0.500000,0.000000e+00,0.000000e+00,1.000000e+00,1.255740e-01,0.000000e+00,0.000000e+00,1.799732e-02,6.343681e-02
1.91250,0.600000,0.500000,0.000000e+00,0.000000e+00,1.000000e+00,1.255740e-01,0.000000e+00,0.000000e+00,1.799793e-02,6.344717e-02
1.91500,0.600000,0.500000,0.000000e+00,0.000000e+00,1.000000e+00,1.255740e-01,0.000000e+00,0.000000e+00,1.799853e-02,6.345751e-02
1.91750,0.600000,0.500000,0.000000e+00,0.000000e+00,1.000000e+00,1.255740e-01,0.000000e+00,0.000000e+00,1.799913e-02,6.346782e-02
1.92000,0.600000,0.500000,0.000000e+00,0.000000e+00,1.000000e+00,1.255740e-01,0.000000e+00,0.000000e+00,1.799974e-02,6.347809e-02
1.92250,0.600000,0.500000,0.000000e+00,0.000000e+00,1.000000e+00,1.255740e-01,0.000000e+00,0.000000e+00,1.800034e-02,6.348834e-02
1.92500,0.600000,0.500000,0.000000e+00,0.000000e+00,1.000000e+00,1.255740e-01,0.000000e+00,0.000000e+00,1.800094e-02,6.349856e-02
1.92750,0.600000,0.500000,0.000000e+00,0.000000e+00,1.000000e+00,1.255740e-01,0.000000e+00,0.000000e+00,1.800154e-02,6.350875e-02
1.93000,0.600000,0.500000,0.000000e+00,0.000000e+00,1.000000e+00,1.255740e-01,0.000000e+00,0.000000e+00,1.800214e-02,6.351891e-02
1.93250,0.600000,0.500000,0.000000e+00,0.000000e+00,1.000000e+00,1.255740e-01,0.000000e+00,0.000000e+00,1.800273e-02,6.352904e-02
1.93500,0.600000,0.500000,0.000000e+00,0.000000e+00,1.000000e+00,1.255740e-01,0.000000e+00,0.000000e+00,1.800333e-02,6.353914e-02
1.93750,0.600000,0.500000,0.000000e+00,0.000000e+00,1.000000e+00,1.255740e-01,0.000000e+00,0.000000e+00,1.800393e-02,6.354921e-02
1.94000,0.600000,0.500000,0.000000e+00,0.000000e+00,1.000000e+00,1.255740e-01,0.000000e+00,0.000000e+00,1.800452e-02,6.355925e-02
1.94250,0.600000,0.500000,0.000000e+00,0.000000e+00,1.000000e+00,1.255740e-01,0.000000e+00,0.000000e+00,1.800512e-02,6.356927e-02
1.94500,0.600000,0.500000,0.000000e+00,0.000000e+00,1.000000e+00,1.255740e-01,0.000000e+00,0.000000e+00,1.800571e-02,6.357925e-02
1.94750,0.600000,0.500000,0.000000e+00,0.000000e+00,1.000000e+00,1.255740e-01,0.000000e+00,0.000000e+00,1.800630e-02,6.358921e-02
1.95000,0.600000,0.500000,0.000000e+00,0.000000e+00,1.000000e+00,1.255740e-01,0.000000e+00,0.000000e+00,1.800689e-02,6.359914e-02
1.95250,0.600000,0.500000,0.000000e+00,0.000000e+00,1.000000e+00,1.255740e-01,0.000000e+00,0.000000e+00,1.800748e-02,6.360904e-02
1.95500,0.600000,0.500000,0.000000e+00,0.000000e+00,1.000000e+00,1.255740e-01,0.000000e+00,0.000000e+00,1.800807e-02,6.361891e-02
1.95750,0.600000,0.500000,0.000000e+00,0.000000e+00,1.000000e+00,1.255740e-01,0.000000e+00,0.000000e+00,1.800866e-02,6.362876e-02
1.96000,0.600000,0.500000,0.000000e+00,0.000000e+00,1.000000e+00,1.255740e-01,0.000000e+00,0.000000e+00,1.800924e-02,6.363857e-02
1.96250,0.600000,0.500000,0.000000e+00,0.000000e+00,1.000000e+00,1.255740e-01,0.000000e+00,0.000000e+00,1.800983e-02,6.364836e-02
1.96500,0.600000,0.500000,0.000000e+00,0.000000e+00,1.000000e+00,1.255740e-01,0.000000e+00,0.000000e+00,1.801042e-02,6.365812e-02
1.96750,0.600000,0.500000,0.000000e+00,0.000000e+00,1.000000e+00,1.255740e-01,0.000000e+00,0.000000e+00,1.801100e-02,6.366785e-02
1.97000,0.600000,0.500000,0.000000e+00,0.000000e+00,1.000000e+00,1.255740e-01,0.000000e+00,0.000000e+00,1.801158e-02,6.367756e-02
1.97250,0.600000,0.500000,0.000000e+00,0.000000e+00,1.000000e+00,1.255740e-01,0.000000e+00,0.000000e+00,1.801217e-02,6.368723e-02
1.97500,0.600000,0.500000,0.000000e+00,0.000000e+00,1.000000e+00,1.255740e-01,0.000000e+00,0.000000e+00,1.801275e-02,6.369688e-02
1.97750,0.600000,0.500000,0.000000e+00,0.000000e+00,1.000000e+00,1.255740e-01,0.000000e+00,0.000000e+00,1.801333e-02,6.370651e-02
1.98000,0.600000,0.500000,0.000000e+00,0.000000e+00,1.000000e+00,1.255740e-01,0.000000e+00,0.000000e+00,1.801391e-02,6.371610e-02
1.98250,0.600000,0.500000,0.000000e+00,0.000000e+00,1.000000e+00,1.255740e-01,0.000000e+00,0.000000e+00,1.801448e-02,6.372567e-02
1.98500,0.600000,0.500000,0.000000e+00,0.000000e+00,1.000000e+00,1.255740e-01,0.000000e+00,0.000000e+00,1.801506e-02,6.373521e-02
1.98750,0.600000,0.500000,0.000000e+00,0.000000e+00,1.000000e+00,1.255740e-01,0.000000e+00,0.000000e+00,1.801564e-02,6.374472e-02
1.99000,0.600000,0.500000,0.000000e+00,0.000000e+00,1.000000e+00,1.255740e-01,0.000000e+00,0.000000e+00,1.801621e-02,6.375420e-02
1.99250,0.600000,0.500000,0.000000e+00,0.000000e+00,1.000000e+00,1.255740e-01,0.000000e+00,0.000000e+00,1.801679e-02,6.376366e-02
1.99500,0.600000,0.500000,0.000000e+00,0.000000e+00,1.000000e+00,1.255740e-01,0.000000e+00,0.000000e+00,1.801736e-02,6.377309e-02
1.99750,0.600000,0.500000,0.000000e+00,0.000000e+00,1.000000e+00,1.255740e-01,0.000000e+00,0.000000e+00,1.801793e-02,6.378250e-02
2.00000,0.600000,0.500000,0.000000e+00,0.000000e+00,1.000000e+00,1.255740e-01,0.000000e+00,0.000000e+00,1.801851e-02,6.379188e-02
2.00250,0.600000,0.500000,0.000000e+00,0.000000e+00,1.000000e+00,1.255740e-01,0.000000e+00,0.000000e+00,1.801908e-02,6.380123e-02
2.00500,0.600000,0.500000,0.000000e+00,0.000000e+00,1.000000e+00,1.255740e-01,0.000000e+00,0.000000e+00,1.801965e-02,6.381055e-02
2.00750,0.600000,0.500000,0.000000e+00,0.000000e+00,1.000000e+00,1.255740e-01,0.000000e+00,0.000000e+00,1.802022e-02,6.381985e-02
2.01000,0.600000,0.500000,0.000000e+00,0.000000e+00,1.000000e+00,1.255740e-01,0.000000e+00,0.000000e+00,1.802078e-02,6.382912e-02
2.01250,0.600000,0.500000,0.000000e+00,0.000000e+00,1.000000e+00,1.255740e-01,0.000000e+00,0.000000e+00,1.802135e-02,6.383837e-02
2.01500,0.600000,0.500000,0.000000e+00,0.000000e+00,1.000000e+00,1.255740e-01,0.000000e+00,0.000000e+00,1.802192e-02,6.384759e-02
2.01750,0.600000,0.500000,0.000000e+00,0.000000e+00,1.000000e+00,1.255740e-01,0.000000e+00,0.000000e+00,1.802248e-02,6.385678e-02
2.02000,0.600000,0.500000,0.000000e+00,0.000000e+00,1.000000e+00,1.255740e-01,0.000000e+00,0.000000e+00,1.802304e-02,6.386595e-02
2.02250,0.600000,0.500000,0.000000e+00,0.000000e+00,1.000000e+00,1.255740e-01,0.000000e+00,0.000000e+00,1.802361e-02,6.387509e-02
2.02500,0.600000,0.500000,0.000000e+00,0.000000e+00,1.000000e+00,1.255740e-01,0.000000e+00,0.000000e+00,1.802417e-02,6.388420e-02
2.02750,0.600000,0.500000,0.000000e+00,0.000000e+00,1.000000e+00,1.255740e-01,0.000000e+00,0.000000e+00,1.802473e-02,6.389329e-02
2.03000,0.600000,0.500000,0.000000e+00,0.000000e+00,1.000000e+00,1.255740e-01,0.000000e+00,0.000000e+00,1.802529e-02,6.390235e-02
2.03250,0.600000,0.500000,0.000000e+00,0.000000e+00,1.000000e+00,1.255740e-01,0.000000e+00,0.000000e+00,1.802585e-02,6.391139e-02
2.03500,0.600000,0.500000,0.000000e+00,0.000000e+00,1.000000e+00,1.255740e-01,0.000000e+00,0.000000e+00,1.802641e-02,6.392040e-02
2.03750,0.600000,0.500000,0.000000e+00,0.000000e+00,1.000000e+00,1.255740e-01,0.000000e+00,0.000000e+00,1.802696e-02,6.392939e-02
2.04000,0.600000,0.500000,0.000000e+00,0.000000e+00,1.000000e+00,1.255740e-01,0.000000e+00,0.000000e+00,1.802752e-02,6.393835e-02
2.04250,0.600000,0.500000,0.000000e+00,0.000000e+00,1.000000e+00,1.255740e-01,0.000000e+00,0.000000e+00,1.802807e-02,6.394729e-02
2.04500,0.600000,0.500000,0.000000e+00,0.000000e+00,1.000000e+00,1.255740e-01,0.000000e+00,0.000000e+00,1.802863e-02,6.395620e-02
2.04750,0.600000,0.500000,0.000000e+00,0.000000e+00,1.000000e+00,1.255740e-01,0.000000e+00,0.000000e+00,1.802918e-02,6.396508e-02
2.05000,0.600000,0.500000,0.000000e+00,0.000000e+00,1.000000e+00,1.255740e-01,0.000000e+00,0.000000e+00,1.802973e-02,6.397394e-02
2.05250,0.600000,0.500000,0.000000e+00,0.000000e+00,1.000000e+00,1.255740e-01,0.000000e+00,0.000000e+00,1.803028e-02,6.398278e-02
2.05500,0.600000,0.500000,0.000000e+00,0.000000e+00,1.000000e+00,1.255740e-01,0.000000e+00,0.000000e+00,1.803083e-02,6.399159e-02
2.05750,0.600000,0.500000,0.000000e+00,0.000000e+00,1.000000e+00,1.255740e-01,0.000000e+00,0.000000e+00,1.803138e-02,6.400037e-02
2.06000,0.600000,0.500000,0.000000e+00,0.000000e+00,1.000000e+00,1.255740e-01,0.000000e+00,0.000000e+00,1.803193e-02,6.400913e-02
2.06250,0.600000,0.500000,0.000000e+00,0.000000e+00,1.000000e+00,1.255740e-01,0.000000e+00,0.000000e+00,1.803248e-02,6.401787e-02
2.06500,0.600000,0.500000,0.000000e+00,0.000000e+00,1.000000e+00,1.255740e-01,0.000000e+00,0.000000e+00,1.803303e-02,6.402658e-02
2.06750,0.600000,0.500000,0.000000e+00,0.000000e+00,1.000000e+00,1.255740e-01,0.000000e+00,0.000000e+00,1.803357e-02,6.403526e-02
2.07000,0.600000,0.500000,0.000000e+00,0.000000e+00,1.000000e+00,1.255740e-01,0.000000e+00,0.000000e+00,1.803412e-02,6.404392e-02
2.07250,0.600000,0.500000,0.000000e+00,0.000000e+00,1.000000e+00,1.255740e-01,0.000000e+00,0.000000e+00,1.803466e-02,6.405256e-02
2.07500,0.600000,0.500000,0.000000e+00,0.000000e+00,1.000000e+00,1.255740e-01,0.000000e+00,0.000000e+00,1.803520e-02,6.406117e-02
2.07750,0.600000,0.500000,0.000000e+00,0.000000e+00,1.000000e+00,1.255740e-01,0.000000e+00,0.000000e+00,1.803574e-02,6.406976e-02
2.08000,0.600000,0.500000,0.000000e+00,0.000000e+00,1.000000e+00,1.255740e-01,0.000000e+00,0.000000e+00,1.803628e-02,6.407832e-02
2.08250,0.600000,0.500000,0.000000e+00,0.000000e+00,1.000000e+00,1.255740e-01,0.000000e+00,0.000000e+00,1.803682e-02,6.408686e-02
2.08500,0.600000,0.500000,0.000000e+00,0.000000e+00,1.000000e+00,1.255740e-01,0.000000e+00,0.000000e+00,1.803736e-02,6.409538e-02
2.08750,0.600000,0.500000,0.000000e+00,0.000000e+00,1.000000e+00,1.255740e-01,0.000000e+00,0.000000e+00,1.803790e-02,6.410387e-02
2.09000,0.600000,0.500000,0.000000e+00,0.000000e+00,1.000000e+00,1.255740e-01,0.000000e+00,0.000000e+00,1.803844e-02,6.411234e-02
2.09250,0.600000,0.500000,0.000000e+00,0.000000e+00,1.000000e+00,1.255740e-01,0.000000e+00,0.000000e+00,1.803897e-02,6.412078e-02
2.09500,0.600000,0.500000,0.000000e+00,0.000000e+00,1.000000e+00,1.255740e-01,0.000000e+00,0.000000e+00,1.803951e-02,6.412920e-02
2.09750,0.600000,0.500000,0.000000e+00,0.000000e+00,1.000000e+00,1.255740e-01,0.000000e+00,0.000000e+00,1.804004e-02,6.413760e-02
2.10000,0.600000,0.500000,0.000000e+00,0.000000e+00,1.000000e+00,1.255740e-01,0.000000e+00,0.000000e+00,1.804057e-02,6.414597e-02
2.10250,0.600000,0.500000,0.000000e+00,0.000000e+00,1.000000e+00,1.255740e-01,0.000000e+00,0.000000e+00,1.804110e-02,6.415432e-02
2.10500,0.600000,0.500000,0.000000e+00,0.000000e+00,1.000000e+00,1.255740e-01,0.000000e+00,0.000000e+00,1.804163e-02,6.416265e-02
2.10750,0.600000,0.500000,0.000000e+00,0.000000e+00,1.000000e+00,1.255740e-01,0.000000e+00,0.000000e+00,1.804216e-02,6.417095e-02
2.11000,0.600000,0.500000,0.000000e+00,0.000000e+00,1.000000e+00,1.255740e-01,0.000000e+00,0.000000e+00,1.804269e-02,6.417923e-02
2.11250,0.600000,0.500000,0.000000e+00,0.000000e+00,1.000000e+00,1.255740e-01,0.000000e+00,0.000000e+00,1.804322e-02,6.418748e-02
2.11500,0.600000,0.500000,0.000000e+00,0.000000e+00,1.000000e+00,1.255740e-01,0.000000e+00,0.000000e+00,1.804375e-02,6.419571e-02
2.11750,0.600000,0.500000,0.000000e+00,0.000000e+00,1.000000e+00,1.255740e-01,0.000000e+00,0.000000e+00,1.804427e-02,6.420392e-02
2.12000,0.600000,0.500000,0.000000e+00,0.000000e+00,1.000000e+00,1.255740e-01,0.000000e+00,0.000000e+00,1.804480e-02,6.421211e-02
2.12250,0.600000,0.500000,0.000000e+00,0.000000e+00,1.000000e+00,1.255740e-01,0.000000e+00,0.000000e+00,1.804532e-02,6.422027e-02
2.12500,0.600000,0.500000,0.000000e+00,0.000000e+00,1.000000e+00,1.255740e-01,0.000000e+00,0.000000e+00,1.804585e-02,6.422841e-02
2.12750,0.600000,0.500000,0.000000e+00,0.000000e+00,1.000000e+00,1.255740e-01,0.000000e+00,0.000000e+00,1.804637e-02,6.423653e-02
2.13000,0.600000,0.500000,0.000000e+00,0.000000e+00,1.000000e+00,1.255740e-01,0.000000e+00,0.000000e+00,1.804689e-02,6.424462e-02
2.13250,0.600000,0.500000,0.000000e+00,0.000000e+00,1.000000e+00,1.255740e-01,0.000000e+00,0.000000e+00,1.804741e-02,6.425269e-02
2.13500,0.600000,0.500000,0.000000e+00,0.000000e+00,1.000000e+00,1.255740e-01,0.000000e+00,0.000000e+00,1.804793e-02,6.426074e-02
2.13750,0.600000,0.500000,0.000000e+00,0.000000e+00,1.000000e+00,1.255740e-01,0.000000e+00,0.000000e+00,1.804845e-02,6.426877e-02
2.14000,0.600000,0.500000,0.000000e+00,0.000000e+00,1.000000e+00,1.255740e-01,0.000000e+00,0.000000e+00,1.804896e-02,6.427677e-02
2.14250,0.600000,0.500000,0.000000e+00,0.000000e+00,1.000000e+00,1.255740e-01,0.000000e+00,0.000000e+00,1.804948e-02,6.428475e-02
2.14500,0.600000,0.500000,0.000000e+00,0.000000e+00,1.000000e+00,1.255740e-01,0.000000e+00,0.000000e+00,1.805000e-02,6.429271e-02
2.14750,0.600000,0.500000,0.000000e+00,0.000000e+00,1.000000e+00,1.255740e-01,0.000000e+00,0.000000e+00,1.805051e-02,6.430065e-02
2.15000,0.600000,0.500000,0.000000e+00,0.000000e+00,1.000000e+00,1.255740e-01,0.000000e+00,0.000000e+00,1.805102e-02,6.430856e-02
2.15250,0.600000,0.500000,0.000000e+00,0.000000e+00,1.000000e+00,1.255740e-01,0.000000e+00,0.000000e+00,1.805154e-02,6.431645e-02
2.15500,0.600000,0.500000,0.000000e+00,0.000000e+00,1.000000e+00,1.255740e-01,0.000000e+00,0.000000e+00,1.805205e-02,6.432432e-02
2.15750,0.600000,0.500000,0.000000e+00,0.000000e+00,1.000000e+00,1.255740e-01,0.000000e+00,0.000000e+00,1.805256e-02,6.433217e-02
2.16000,0.600000,0.500000,0.000000e+00,0.000000e+00,1.000000e+00,1.255740e-01,0.000000e+00,0.000000e+00,1.805307e-02,6.434000e-02
2.16250,0.600000,0.500000,0.000000e+00,0.000000e+00,1.000000e+00,1.255740e-01,0.000000e+00,0.000000e+00,1.805358e-02,6.434780e-02
2.16500,0.600000,0.500000,0.000000e+00,0.000000e+00,1.000000e+00,1.255740e-01,0.000000e+00,0.000000e+00,1.805409e-02,6.435558e-02
2.16750,0.600000,0.500000,0.000000e+00,0.000000e+00,1.000000e+00,1.255740e-01,0.000000e+00,0.000000e+00,1.805459e-02,6.436334e-02
2.17000,0.600000,0.500000,0.000000e+00,0.000000e+00,1.000000e+00,1.255740e-01,0.000000e+00,0.000000e+00,1.805510e-02,6.437108e-02
2.17250,0.600000,0.500000,0.000000e+00,0.000000e+00,1.000000e+00,1.255740e-01,0.000000e+00,0.000000e+00,1.805560e-02,6.437879e-02
2.17500,0.600000,0.500000,0.000000e+00,0.000000e+00,1.000000e+00,1.255740e-01,0.000000e+00,0.000000e+00,1.805611e-02,6.438649e-02
2.17750,0.600000,0.500000,0.000000e+00,0.000000e+00,1.000000e+00,1.255740e-01,0.000000e+00,0.000000e+00,1.805661e-02,6.439416e-02
2.18000,0.600000,0.500000,0.000000e+00,0.000000e+00,1.000000e+00,1.255740e-01,0.000000e+00,0.000000e+00,1.805711e-02,6.440181e-02
2.18250,0.600000,0.500000,0.000000e+00,0.000000e+00,1.000000e+00,1.255740e-01,0.000000e+00,0.000000e+00,1.805761e-02,6.440944e-02
2.18500,0.600000,0.500000,0.000000e+00,0.000000e+00,1.000000e+00,1.255740e-01,0.000000e+00,0.000000e+00,1.805811e-02,6.441705e-02
2.18750,0.600000,0.500000,0.000000e+00,0.000000e+00,1.000000e+00,1.255740e-01,0.000000e+00,0.000000e+00,1.805861e-02,6.442464e-02
2.19000,0.600000,0.500000,0.000000e+00,0.000000e+00,1.000000e+00,1.255740e-01,0.000000e+00,0.000000e+00,1.805911e-02,6.443221e-02
2.19250,0.600000,0.500000,0.000000e+00,0.000000e+00,1.000000e+00,1.255740e-01,0.000000e+00,0.000000e+00,1.805961e-02,6.443975e-02
2.19500,0.600000,0.500000,0.000000e+00,0.000000e+00,1.000000e+00,1.255740e-01,0.000000e+00,0.000000e+00,1.806010e-02,6.444728e-02
2.19750,0.600000,0.500000,0.000000e+00,0.000000e+00,1.000000e+00,1.255740e-01,0.000000e+00,0.000000e+00,1.806060e-02,6.445478e-02
2.20000,0.600000,0.500000,0.000000e+00,0.000000e+00,1.000000e+00,1.255740e-01,0.000000e+00,0.000000e+00,1.806109e-02,6.446226e-02
2.20250,0.600000,0.500000,0.000000e+00,0.000000e+00,1.000000e+00,1.255740e-01,0.000000e+00,0.000000e+00,1.806159e-02,6.446972e-02
2.20500,0.600000,0.500000,0.000000e+00,0.000000e+00,1.000000e+00,1.255740e-01,0.000000e+00,0.000000e+00,1.806208e-02,6.447716e-02
2.20750,0.600000,0.500000,0.000000e+00,0.000000e+00,1.000000e+00,1.255740e-01,0.000000e+00,0.000000e+00,1.806257e-02,6.448458e-02
2.21000,0.600000,0.500000,0.000000e+00,0.000000e+00,1.000000e+00,1.255740e-01,0.000000e+00,0.000000e+00,1.806306e-02,6.449198e-02
2.21250,0.600000,0.500000,0.000000e+00,0.000000e+00,1.000000e+00,1.255740e-01,0.000000e+00,0.000000e+00,1.806355e-02,6.449936e-02
2.21500,0.600000,0.500000,0.000000e+00,0.000000e+00,1.000000e+00,1.255740e-01,0.000000e+00,0.000000e+00,1.806404e-02,6.450672e-02
2.21750,0.600000,0.500000,0.000000e+00,0.000000e+00,1.000000e+00,1.255740e-01,0.000000e+00,0.000000e+00,1.806453e-02,6.451406e-02
2.22000,0.600000,0.500000,0.000000e+00,0.000000e+00,1.000000e+00,1.255740e-01,0.000000e+00,0.000000e+00,1.806501e-02,6.452137e-02
2.22250,0.600000,0.500000,0.000000e+00,0.000000e+00,1.000000e+00,1.255740e-01,0.000000e+00,0.000000e+00,1.806550e-02,6.452867e-02
2.22500,0.600000,0.500000,0.000000e+00,0.000000e+00,1.000000e+00,1.255740e-01,0.000000e+00,0.000000e+00,1.806599e-02,6.453594e-02
2.22750,0.600000,0.500000,0.000000e+00,0.000000e+00,1.000000e+00,1.255740e-01,0.000000e+00,0.000000e+00,1.806647e-02,6.454320e-02
2.23000,0.600000,0.500000,0.000000e+00,0.000000e+00,1.000000e+00,1.255740e-01,0.000000e+00,0.000000e+00,1.806695e-02,6.455043e-02
2.23250,0.600000,0.500000,0.000000e+00,0.000000e+00,1.000000e+00,1.255740e-01,0.000000e+00,0.000000e+00,1.806744e-02,6.455765e-02
2.23500,0.600000,0.500000,0.000000e+00,0.000000e+00,1.000000e+00,1.255740e-01,0.000000e+00,0.000000e+00,1.806792e-02,6.456484e-02
2.23750,0.600000,0.500000,0.000000e+00,0.000000e+00,1.000000e+00,1.255740e-01,0.000000e+00,0.000000e+00,1.806840e-02,6.457202e-02
2.24000,0.600000,0.500000,0.000000e+00,0.000000e+00,1.000000e+00,1.255740e-01,0.000000e+00,0.000000e+00,1.806888e-02,6.457917e-02
2.24250,0.600000,0.500000,0.000000e+00,0.000000e+00,1.000000e+00,1.255740e-01,0.000000e+00,0.000000e+00,1.806935e-02,6.458631e-02
2.24500,0.600000,0.500000,0.000000e+00,0.000000e+00,1.000000e+00,1.255740e-01,0.000000e+00,0.000000e+00,1.806983e-02,6.459342e-02
2.24750,0.600000,0.500000,0.000000e+00,0.000000e+00,1.000000e+00,1.255740e-01,0.000000e+00,0.000000e+00,1.807031e-02,6.460052e-02
2.25000,0.600000,0.500000,0.000000e+00,0.000000e+00,1.000000e+00,1.255740e-01,0.000000e+00,0.000000e+00,1.807078e-02,6.460759e-02
2.25250,0.600000,0.500000,0.000000e+00,0.000000e+00,1.000000e+00,1.255740e-01,0.000000e+00,0.000000e+00,1.807126e-02,6.461465e-02
2.25500,0.600000,0.500000,0.000000e+00,0.000000e+00,1.000000e+00,1.255740e-01,0.000000e+00,0.000000e+00,1.807173e-02,6.462169e-02
2.25750,0.600000,0.500000,0.000000e+00,0.000000e+00,1.000000e+00,1.255740e-01,0.000000e+00,0.000000e+00,1.807221e-02,6.462870e-02
2.26000,0.600000,0.500000,0.000000e+00,0.000000e+00,1.000000e+00,1.255740e-01,0.000000e+00,0.000000e+00,1.807268e-02,6.463570e-02
2.26250,0.600000,0.500000,0.000000e+00,0.000000e+00,1.000000e+00,1.255740e-01,0.000000e+00,0.000000e+00,1.807315e-02,6.464268e-02
2.26500,0.600000,0.500000,0.000000e+00,0.000000e+00,1.000000e+00,1.255740e-01,0.000000e+00,0.000000e+00,1.807362e-02,6.464963e-02
2.26750,0.600000,0.500000,0.000000e+00,0.000000e+00,1.000000e+00,1.255740e-01,0.000000e+00,0.000000e+00,1.807409e-02,6.465657e-02
2.27000,0.600000,0.500000,0.000000e+00,0.000000e+00,1.000000e+00,1.255740e-01,0.000000e+00,0.000000e+00,1.807456e-02,6.466349e-02
2.27250,0.600000,0.500000,0.000000e+00,0.000000e+00,1.000000e+00,1.255740e-01,0.000000e+00,0.000000e+00,1.807502e-02,6.467039e-02
2.27500,0.600000,0.500000,0.000000e+00,0.000000e+00,1.000000e+00,1.255740e-01,0.000000e+00,0.000000e+00,1.807549e-02,6.467727e-02
2.27750,0.600000,0.500000,0.000000e+00,0.000000e+00,1.000000e+00,1.255740e-01,0.000000e+00,0.000000e+00,1.807596e-02,6.468413e-02
2.28000,0.600000,0.500000,0.000000e+00,0.000000e+00,1.000000e+00,1.255740e-01,0.000000e+00,0.000000e+00,1.807642e-02,6.469098e-02
2.28250,0.600000,0.500000,0.000000e+00,0.000000e+00,1.000000e+00,1.255740e-01,0.000000e+00,0.000000e+00,1.807688e-02,6.469780e-02
2.28500,0.600000,0.500000,0.000000e+00,0.000000e+00,1.000000e+00,1.255740e-01,0.000000e+00,0.000000e+00,1.807735e-02,6.470461e-02
2.28750,0.600000,0.500000,0.000000e+00,0.000000e+00,1.000000e+00,1.255740e-01,0.000000e+00,0.000000e+00,1.807781e-02,6.471139e-02
2.29000,0.600000,0.500000,0.000000e+00,0.000000e+00,1.000000e+00,1.255740e-01,0.000000e+00,0.000000e+00,1.807827e-02,6.471816e-02
2.29250,0.600000,0.500000,0.000000e+00,0.000000e+00,1.000000e+00,1.255740e-01,0.000000e+00,0.000000e+00,1.807873e-02,6.472491e-02
2.29500,0.600000,0.500000,0.000000e+00,0.000000e+00,1.000000e+00,1.255740e-01,0.000000e+00,0.000000e+00,1.807919e-02,6.473164e-02
2.29750,0.600000,0.500000,0.000000e+00,0.000000e+00,1.000000e+00,1.255740e-01,0.000000e+00,0.000000e+00,1.807965e-02,6.473835e-02
2.30000,0.600000,0.500000,0.000000e+00,0.000000e+00,1.000000e+00,1.255740e-01,0.000000e+00,0.000000e+00,1.808010e-02,6.474504e-02
2.30250,0.600000,0.500000,0.000000e+00,0.000000e+00,1.000000e+00,1.255740e-01,0.000000e+00,0.000000e+00,1.808056e-02,6.475171e-02
2.30500,0.600000,0.500000,0.000000e+00,0.000000e+00,1.000000e+00,1.255740e-01,0.000000e+00,0.000000e+00,1.808102e-02,6.475837e-02
2.30750,0.600000,0.500000,0.000000e+00,0.000000e+00,1.000000e+00,1.255740e-01,0.000000e+00,0.000000e+00,1.808147e-02,6.476500e-02
2.31000,0.600000,0.500000,0.000000e+00,0.000000e+00,1.000000e+00,1.255740e-01,0.000000e+00,0.000000e+00,1.808192e-02,6.477162e-02
2.31250,0.600000,0.500000,0.000000e+00,0.000000e+00,1.000000e+00,1.255740e-01,0.000000e+00,0.000000e+00,1.808238e-02,6.477822e-02
2.31500,0.600000,0.500000,0.000000e+00,0.000000e+00,1.000000e+00,1.255740e-01,0.000000e+00,0.000000e+00,1.808283e-02,6.478480e-02
2.31750,0.600000,0.500000,0.000000e+00,0.000000e+00,1.000000e+00,1.255740e-01,0.000000e+00,0.000000e+00,1.808328e-02,6.479136e-02
2.32000,0.600000,0.500000,0.000000e+00,0.000000e+00,1.000000e+00,1.255740e-01,0.000000e+00,0.000000e+00,1.808373e-02,6.479791e-02
2.32250,0.600000,0.500000,0.000000e+00,0.000000e+00,1.000000e+00,1.255740e-01,0.000000e+00,0.000000e+00,1.808418e-02,6.480444e-02
2.32500,0.600000,0.500000,0.000000e+00,0.000000e+00,1.000000e+00,1.255740e-01,0.000000e+00,0.000000e+00,1.808463e-02,6.481095e-02
2.32750,0.600000,0.500000,0.000000e+00,0.000000e+00,1.000000e+00,1.255740e-01,0.000000e+00,0.000000e+00,1.808507e-02,6.481744e-02
2.33000,0.600000,0.500000,0.000000e+00,0.000000e+00,1.000000e+00,1.255740e-01,0.000000e+00,0.000000e+00,1.808552e-02,6.482391e-02
2.33250,0.600000,0.500000,0.000000e+00,0.000000e+00,1.000000e+00,1.255740e-01,0.000000e+00,0.000000e+00,1.808597e-02,6.483036e-02
2.33500,0.600000,0.500000,0.000000e+00,0.000000e+00,1.000000e+00,1.255740e-01,0.000000e+00,0.000000e+00,1.808641e-02,6.483680e-02
2.33750,0.600000,0.500000,0.000000e+00,0.000000e+00,1.000000e+00,1.255740e-01,0.000000e+00,0.000000e+00,1.808685e-02,6.484322e-02
2.34000,0.600000,0.500000,0.000000e+00,0.000000e+00,1.000000e+00,1.255740e-01,0.000000e+00,0.000000e+00,1.808730e-02,6.484962e-02
2.34250,0.600000,0.500000,0.000000e+00,0.000000e+00,1.000000e+00,1.255740e-01,0.000000e+00,0.000000e+00,1.808774e-02,6.485600e-02
2.34500,0.600000,0.500000,0.000000e+00,0.000000e+00,1.000000e+00,1.255740e-01,0.000000e+00,0.000000e+00,1.808818e-02,6.486237e-02
2.34750,0.600000,0.500000,0.000000e+00,0.000000e+00,1.000000e+00,1.255740e-01,0.000000e+00,0.000000e+00,1.808862e-02,6.486872e-02
2.35000,0.600000,0.500000,0.000000e+00,0.000000e+00,1.000000e+00,1.255740e-01,0.000000e+00,0.000000e+00,1.808906e-02,6.487505e-02
2.35250,0.600000,0.500000,0.000000e+00,0.000000e+00,1.000000e+00,1.255740e-01,0.000000e+00,0.000000e+00,1.808950e-02,6.488136e-02
2.35500,0.600000,0.500000,0.000000e+00,0.000000e+00,1.000000e+00,1.255740e-01,0.000000e+00,0.000000e+00,1.808994e-02,6.488766e-02
2.35750,0.600000,0.500000,0.000000e+00,0.000000e+00,1.000000e+00,1.255740e-01,0.000000e+00,0.000000e+00,1.809037e-02,6.489393e-02
2.36000,0.600000,0.500000,0.000000e+00,0.000000e+00,1.000000e+00,1.255740e-01,0.000000e+00,0.000000e+00,1.809081e-02,6.490019e-02
2.36250,0.600000,0.500000,0.000000e+00,0.000000e+00,1.000000e+00,1.255740e-01,0.000000e+00,0.000000e+00,1.809124e-02,6.490644e-02
2.36500,0.600000,0.500000,0.000000e+00,0.000000e+00,1.000000e+00,1.255740e-01,0.000000e+00,0.000000e+00,1.809168e-02,6.491266e-02
2.36750,0.600000,0.500000,0.000000e+00,0.000000e+00,1.000000e+00,1.255740e-01,0.000000e+00,0.000000e+00,1.809211e-02,6.491887e-02
2.37000,0.600000,0.500000,0.000000e+00,0.000000e+00,1.000000e+00,1.255740e-01,0.000000e+00,0.000000e+00,1.809254e-02,6.492506e-02
2.37250,0.600000,0.500000,0.000000e+00,0.000000e+00,1.000000e+00,1.255740e-01,0.000000e+00,0.000000e+00,1.809297e-02,6.493124e-02
2.37500,0.600000,0.500000,0.000000e+00,0.000000e+00,1.000000e+00,1.255740e-01,0.000000e+00,0.000000e+00,1.809340e-02,6.493740e-02
2.37750,0.600000,0.500000,0.000000e+00,0.000000e+00,1.000000e+00,1.255740e-01,0.000000e+00,0.000000e+00,1.809383e-02,6.494354e-02
2.38000,0.600000,0.500000,0.000000e+00,0.000000e+00,1.000000e+00,1.255740e-01,0.000000e+00,0.000000e+00,1.809426e-02,6.494966e-02
2.38250,0.600000,0.500000,0.000000e+00,0.000000e+00,1.000000e+00,1.255740e-01,0.000000e+00,0.000000e+00,1.809469e-02,6.495577e-02
2.38500,0.600000,0.500000,0.000000e+00,0.000000e+00,1.000000e+00,1.255740e-01,0.000000e+00,0.000000e+00,1.809512e-02,6.496186e-02
2.38750,0.600000,0.500000,0.000000e+00,0.000000e+00,1.000000e+00,1.255740e-01,0.000000e+00,0.000000e+00,1.809554e-02,6.496793e-02
2.39000,0.600000,0.500000,0.000000e+00,0.000000e+00,1.000000e+00,1.255740e-01,0.000000e+00,0.000000e+00,1.809597e-02,6.497399e-02
2.39250,0.600000,0.500000,0.000000e+00,0.000000e+00,1.000000e+00,1.255740e-01,0.000000e+00,0.000000e+00,1.809639e-02,6.498003e-02
2.39500,0.600000,0.500000,0.000000e+00,0.000000e+00,1.000000e+00,1.255740e-01,0.000000e+00,0.000000e+00,1.809682e-02,6.498605e-02
2.39750,0.600000,0.500000,0.000000e+00,0.000000e+00,1.000000e+00,1.255740e-01,0.000000e+00,0.000000e+00,1.809724e-02,6.499206e-02
2.40000,0.600000,0.500000,0.000000e+00,0.000000e+00,1.000000e+00,1.255740e-01,0.000000e+00,0.000000e+00,1.809766e-02,6.499804e-02
2.40250,0.600000,0.500000,0.000000e+00,0.000000e+00,1.000000e+00,1.255740e-01,0.000000e+00,0.000000e+00,1.809808e-02,6.500402e-02
2.40500,0.600000,0.500000,0.000000e+00,0.000000e+00,1.000000e+00,1.255740e-01,0.000000e+00,0.000000e+00,1.809850e-02,6.500997e-02
2.40750,0.600000,0.500000,0.000000e+00,0.000000e+00,1.000000e+00,1.255740e-01,0.000000e+00,0.000000e+00,1.809892e-02,6.501591e-02
2.41000,0.600000,0.500000,0.000000e+00,0.000000e+00,1.000000e+00,1.255740e-01,0.000000e+00,0.000000e+00,1.809934e-02,6.502184e-02
2.41250,0.600000,0.500000,0.000000e+00,0.000000e+00,1.000000e+00,1.255740e-01,0.000000e+00,0.000000e+00,1.809975e-02,6.502775e-02
2.41500,0.600000,0.500000,0.000000e+00,0.000000e+00,1.000000e+00,1.255740e-01,0.000000e+00,0.000000e+00,1.810017e-02,6.503364e-02
2.41750,0.600000,0.500000,0.000000e+00,0.000000e+00,1.000000e+00,1.255740e-01,0.000000e+00,0.000000e+00,1.810059e-02,6.503951e-02
2.42000,0.600000,0.500000,0.000000e+00,0.000000e+00,1.000000e+00,1.255740e-01,0.000000e+00,0.000000e+00,1.810100e-02,6.504537e-02
2.42250,0.600000,0.500000,0.000000e+00,0.000000e+00,1.000000e+00,1.255740e-01,0.000000e+00,0.000000e+00,1.810142e-02,6.505121e-02
2.42500,0.600000,0.500000,0.000000e+00,0.000000e+00,1.000000e+00,1.255740e-01,0.000000e+00,0.000000e+00,1.810183e-02,6.505704e-02
2.42750,0.600000,0.500000,0.000000e+00,0.000000e+00,1.000000e+00,1.255740e-01,0.000000e+00,0.000000e+00,1.810224e-02,6.506285e-02
2.43000,0.600000,0.500000,0.000000e+00,0.000000e+00,1.000000e+00,1.255740e-01,0.000000e+00,0.000000e+00,1.810265e-02,6.506864e-02
2.43250,0.600000,0.500000,0.000000e+00,0.000000e+00,1.000000e+00,1.255740e-01,0.000000e+00,0.000000e+00,1.810306e-02,6.507442e-02
2.43500,0.600000,0.500000,0.000000e+00,0.000000e+00,1.000000e+00,1.255740e-01,0.000000e+00,0.000000e+00,1.810347e-02,6.508018e-02
2.43750,0.600000,0.500000,0.000000e+00,0.000000e+00,1.000000e+00,1.255740e-01,0.000000e+00,0.000000e+00,1.810388e-02,6.508593e-02
2.44000,0.600000,0.500000,0.000000e+00,0.000000e+00,1.000000e+00,1.255740e-01,0.000000e+00,0.000000e+00,1.810429e-02,6.509166e-02
2.44250,0.600000,0.500000,0.000000e+00,0.000000e+00,1.000000e+00,1.255740e-01,0.000000e+00,0.000000e+00,1.810470e-02,6.509738e-02
2.44500,0.600000,0.500000,0.000000e+00,0.000000e+00,1.000000e+00,1.255740e-01,0.000000e+00,0.000000e+00,1.810510e-02,6.510308e-02
2.44750,0.600000,0.500000,0.000000e+00,0.000000e+00,1.000000e+00,1.255740e-01,0.000000e+00,0.000000e+00,1.810551e-02,6.510876e-02
2.45000,0.600000,0.500000,0.000000e+00,0.000000e+00,1.000000e+00,1.255740e-01,0.000000e+00,0.000000e+00,1.810591e-02,6.511443e-02
2.45250,0.600000,0.500000,0.000000e+00,0.000000e+00,1.000000e+00,1.255740e-01,0.000000e+00,0.000000e+00,1.810632e-02,6.512008e-02
2.45500,0.600000,0.500000,0.000000e+00,0.000000e+00,1.000000e+00,1.255740e-01,0.000000e+00,0.000000e+00,1.810672e-02,6.512572e-02
2.45750,0.600000,0.500000,0.000000e+00,0.000000e+00,1.000000e+00,1.255740e-01,0.000000e+00,0.000000e+00,1.810712e-02,6.513134e-02
2.46000,0.600000,0.500000,0.000000e+00,0.000000e+00,1.000000e+00,1.255740e-01,0.000000e+00,0.000000e+00,1.810752e-02,6.513694e-02
2.46250,0.600000,0.500000,0.000000e+00,0.000000e+00,1.000000e+00,1.255740e-01,0.000000e+00,0.000000e+00,1.810792e-02,6.514253e-02
2.46500,0.600000,0.500000,0.000000e+00,0.000000e+00,1.000000e+00,1.255740e-01,0.000000e+00,0.000000e+00,1.810832e-02,6.514811e-02
2.46750,0.600000,0.500000,0.000000e+00,0.000000e+00,1.000000e+00,1.255740e-01,0.000000e+00,0.000000e+00,1.810872e-02,6.515367e-02
2.47000,0.600000,0.500000,0.000000e+00,0.000000e+00,1.000000e+00,1.255740e-01,0.000000e+00,0.000000e+00,1.810912e-02,6.515921e-02
2.47250,0.600000,0.500000,0.000000e+00,0.000000e+00,1.000000e+00,1.255740e-01,0.000000e+00,0.000000e+00,1.810951e-02,6.516474e-02
2.47500,0.600000,0.500000,0.000000e+00,0.000000e+00,1.000000e+00,1.255740e-01,0.000000e+00,0.000000e+00,1.810991e-02,6.517025e-02
2.47750,0.600000,0.500000,0.000000e+00,0.000000e+00,1.000000e+00,1.255740e-01,0.000000e+00,0.000000e+00,1.811031e-02,6.517575e-02
2.48000,0.600000,0.500000,0.000000e+00,0.000000e+00,1.000000e+00,1.255740e-01,0.000000e+00,0.000000e+00,1.811070e-02,6.518124e-02
2.48250,0.600000,0.500000,0.000000e+00,0.000000e+00,1.000000e+00,1.255740e-01,0.000000e+00,0.000000e+00,1.811109e-02,6.518671e-02
2.48500,0.600000,0.500000,0.000000e+00,0.000000e+00,1.000000e+00,1.255740e-01,0.000000e+00,0.000000e+00,1.811149e-02,6.519216e-02
2.48750,0.600000,0.500000,0.000000e+00,0.000000e+00,1.000000e+00,1.255740e-01,0.000000e+00,0.000000e+00,1.811188e-02,6.519760e-02
2.49000,0.600000,0.500000,0.000000e+00,0.000000e+00,1.000000e+00,1.255740e-01,0.000000e+00,0.000000e+00,1.811227e-02,6.520302e-02
2.49250,0.600000,0.500000,0.000000e+00,0.000000e+00,1.000000e+00,1.255740e-01,0.000000e+00,0.000000e+00,1.811266e-02,6.520843e-02
2.49500,0.600000,0.500000,0.000000e+00,0.000000e+00,1.000000e+00,1.255740e-01,0.000000e+00,0.000000e+00,1.811305e-02,6.521382e-02
2.49750,0.600000,0.500000,0.000000e+00,0.000000e+00,1.000000e+00,1.255740e-01,0.000000e+00,0.000000e+00,1.811344e-02,6.521920e-02
2.50000,0.600000,0.500000,0.000000e+00,0.000000e+00,1.000000e+00,1.255740e-01,0.000000e+00,0.000000e+00,1.811383e-02,6.522457e-02
2.50250,0.600000,0.500000,0.000000e+00,0.000000e+00,1.000000e+00,1.255740e-01,0.000000e+00,0.000000e+00,1.811421e-02,6.522992e-02
2.50500,0.600000,0.500000,0.000000e+00,0.000000e+00,1.000000e+00,1.255740e-01,0.000000e+00,0.000000e+00,1.811460e-02,6.523525e-02
2.50750,0.600000,0.500000,0.000000e+00,0.000000e+00,1.000000e+00,1.255740e-01,0.000000e+00,0.000000e+00,1.811498e-02,6.524057e-02
2.51000,0.600000,0.500000,0.000000e+00,0.000000e+00,1.000000e+00,1.255740e-01,0.000000e+00,0.000000e+00,1.811537e-02,6.524588e-02
2.51250,0.600000,0.500000,0.000000e+00,0.000000e+00,1.000000e+00,1.255740e-01,0.000000e+00,0.000000e+00,1.811575e-02,6.525117e-02
2.51500,0.600000,0.500000,0.000000e+00,0.000000e+00,1.000000e+00,1.255740e-01,0.000000e+00,0.000000e+00,1.811614e-02,6.525644e-02
2.51750,0.600000,0.500000,0.000000e+00,0.000000e+00,1.000000e+00,1.255740e-01,0.000000e+00,0.000000e+00,1.811652e-02,6.526171e-02
2.52000,0.600000,0.500000,0.000000e+00,0.000000e+00,1.000000e+00,1.255740e-01,0.000000e+00,0.000000e+00,1.811690e-02,6.526695e-02
2.52250,0.600000,0.500000,0.000000e+00,0.000000e+00,1.000000e+00,1.255740e-01,0.000000e+00,0.000000e+00,1.811728e-02,6.527219e-02
2.52500,0.600000,0.500000,0.000000e+00,0.000000e+00,1.000000e+00,1.255740e-01,0.000000e+00,0.000000e+00,1.811766e-02,6.527740e-02
2.52750,0.600000,0.500000,0.000000e+00,0.000000e+00,1.000000e+00,1.255740e-01,0.000000e+00,0.000000e+00,1.811804e-02,6.528261e-02
2.53000,0.600000,0.500000,0.000000e+00,0.000000e+00,1.000000e+00,1.255740e-01,0.000000e+00,0.000000e+00,1.811842e-02,6.528780e-02
2.53250,0.600000,0.500000,0.000000e+00,0.000000e+00,1.000000e+00,1.255740e-01,0.000000e+00,0.000000e+00,1.811879e-02,6.529297e-02
2.53500,0.600000,0.500000,0.000000e+00,0.000000e+00,1.000000e+00,1.255740e-01,0.000000e+00,0.000000e+00,1.811917e-02,6.529814e-02
2.53750,0.600000,0.500000,0.000000e+00,0.000000e+00,1.000000e+00,1.255740e-01,0.000000e+00,0.000000e+00,1.811955e-02,6.530328e-02
2.54000,0.600000,0.500000,0.000000e+00,0.000000e+00,1.000000e+00,1.255740e-01,0.000000e+00,0.000000e+00,1.811992e-02,6.530842e-02
2.54250,0.600000,0.500000,0.000000e+00,0.000000e+00,1.000000e+00,1.255740e-01,0.000000e+00,0.000000e+00,1.812029e-02,6.531354e-02
2.54500,0.600000,0.500000,0.000000e+00,0.000000e+00,1.000000e+00,1.255740e-01,0.000000e+00,0.000000e+00,1.812067e-02,6.531864e-02
2.54750,0.600000,0.500000,0.000000e+00,0.000000e+00,1.000000e+00,1.255740e-01,0.000000e+00,0.000000e+00,1.812104e-02,6.532373e-02
2.55000,0.600000,0.500000,0.000000e+00,0.000000e+00,1.000000e+00,1.255740e-01,0.000000e+00,0.000000e+00,1.812141e-02,6.532881e-02
2.55250,0.600000,0.500000,0.000000e+00,0.000000e+00,1.000000e+00,1.255740e-01,0.000000e+00,0.000000e+00,1.812178e-02,6.533387e-02
2.55500,0.600000,0.500000,0.000000e+00,0.000000e+00,1.000000e+00,1.255740e-01,0.000000e+00,0.000000e+00,1.812215e-02,6.533892e-02
2.55750,0.600000,0.500000,0.000000e+00,0.000000e+00,1.000000e+00,1.255740e-01,0.000000e+00,0.000000e+00,1.812252e-02,6.534396e-02
2.56000,0.600000,0.500000,0.000000e+00,0.000000e+00,1.000000e+00,1.255740e-01,0.000000e+00,0.000000e+00,1.812289e-02,6.534898e-02
2.56250,0.600000,0.500000,0.000000e+00,0.000000e+00,1.000000e+00,1.255740e-01,0.000000e+00,0.000000e+00,1.812326e-02,6.535399e-02
2.56500,0.600000,0.500000,0.000000e+00,0.000000e+00,1.000000e+00,1.255740e-01,0.000000e+00,0.000000e+00,1.812362e-02,6.535899e-02
2.56750,0.600000,0.500000,0.000000e+00,0.000000e+00,1.000000e+00,1.255740e-01,0.000000e+00,0.000000e+00,1.812399e-02,6.536397e-02
2.57000,0.600000,0.500000,0.000000e+00,0.000000e+00,1.000000e+00,1.255740e-01,0.000000e+00,0.000000e+00,1.812436e-02,6.536893e-02
2.57250,0.600000,0.500000,0.000000e+00,0.000000e+00,1.000000e+00,1.255740e-01,0.000000e+00,0.000000e+00,1.812472e-02,6.537389e-02
2.57500,0.600000,0.500000,0.000000e+00,0.000000e+00,1.000000e+00,1.255740e-01,0.000000e+00,0.000000e+00,1.812508e-02,6.537883e-02
2.57750,0.600000,0.500000,0.000000e+00,0.000000e+00,1.000000e+00,1.255740e-01,0.000000e+00,0.000000e+00,1.812545e-02,6.538375e-02
2.58000,0.600000,0.500000,0.000000e+00,0.000000e+00,1.000000e+00,1.255740e-01,0.000000e+00,0.000000e+00,1.812581e-02,6.538867e-02
2.58250,0.600000,0.500000,0.000000e+00,0.000000e+00,1.000000e+00,1.255740e-01,0.000000e+00,0.000000e+00,1.812617e-02,6.539357e-02
2.58500,0.600000,0.500000,0.000000e+00,0.000000e+00,1.000000e+00,1.255740e-01,0.000000e+00,0.000000e+00,1.812653e-02,6.539845e-02
2.58750,0.600000,0.500000,0.000000e+00,0.000000e+00,1.000000e+00,1.255740e-01,0.000000e+00,0.000000e+00,1.812689e-02,6.540333e-02
2.59000,0.600000,0.500000,0.000000e+00,0.000000e+00,1.000000e+00,1.255740e-01,0.000000e+00,0.000000e+00,1.812725e-02,6.540819e-02
2.59250,0.600000,0.500000,0.000000e+00,0.000000e+00,1.000000e+00,1.255740e-01,0.000000e+00,0.000000e+00,1.812761e-02,6.541303e-02
2.59500,0.600000,0.500000,0.000000e+00,0.000000e+00,1.000000e+00,1.255740e-01,0.000000e+00,0.000000e+00,1.812797e-02,6.541786e-02
2.59750,0.600000,0.500000,0.000000e+00,0.000000e+00,1.000000e+00,1.255740e-01,0.000000e+00,0.000000e+00,1.812832e-02,6.542268e-02
2.60000,0.600000,0.500000,0.000000e+00,0.000000e+00,1.000000e+00,1.255740e-01,0.000000e+00,0.000000e+00,1.812868e-02,6.542749e-02
2.60250,0.600000,0.500000,0.000000e+00,0.000000e+00,1.000000e+00,1.255740e-01,0.000000e+00,0.000000e+00,1.812903e-02,6.543228e-02
2.60500,0.600000,0.500000,0.000000e+00,0.000000e+00,1.000000e+00,1.255740e-01,0.000000e+00,0.000000e+00,1.812939e-02,6.543707e-02
2.60750,0.600000,0.500000,0.000000e+00,0.000000e+00,1.000000e+00,1.255740e-01,0.000000e+00,0.000000e+00,1.812974e-02,6.544183e-02
2.61000,0.600000,0.500000,0.000000e+00,0.000000e+00,1.000000e+00,1.255740e-01,0.000000e+00,0.000000e+00,1.813009e-02,6.544659e-02
2.61250,0.600000,0.500000,0.000000e+00,0.000000e+00,1.000000e+00,1.255740e-01,0.000000e+00,0.000000e+00,1.813045e-02,6.545133e-02
2.61500,0.600000,0.500000,0.000000e+00,0.000000e+00,1.000000e+00,1.255740e-01,0.000000e+00,0.000000e+00,1.813080e-02,6.545606e-02
2.61750,0.600000,0.500000,0.000000e+00,0.000000e+00,1.000000e+00,1.255740e-01,0.000000e+00,0.000000e+00,1.813115e-02,6.546077e-02
2.62000,0.600000,0.500000,0.000000e+00,0.000000e+00,1.000000e+00,1.255740e-01,0.000000e+00,0.000000e+00,1.813150e-02,6.546547e-02
2.62250,0.600000,0.500000,0.000000e+00,0.000000e+00,1.000000e+00,1.255740e-01,0.000000e+00,0.000000e+00,1.813185e-02,6.547016e-02
2.62500,0.600000,0.500000,0.000000e+00,0.000000e+00,1.000000e+00,1.255740e-01,0.000000e+00,0.000000e+00,1.813219e-02,6.547484e-02
2.62750,0.600000,0.500000,0.000000e+00,0.000000e+00,1.000000e+00,1.255740e-01,0.000000e+00,0.000000e+00,1.813254e-02,6.547951e-02
2.63000,0.600000,0.500000,0.000000e+00,0.000000e+00,1.000000e+00,1.255740e-01,0.000000e+00,0.000000e+00,1.813289e-02,6.548416e-02
2.63250,0.600000,0.500000,0.000000e+00,0.000000e+00,1.000000e+00,1.255740e-01,0.000000e+00,0.000000e+00,1.813323e-02,6.548880e-02
2.63500,0.600000,0.500000,0.000000e+00,0.000000e+00,1.000000e+00,1.255740e-01,0.000000e+00,0.000000e+00,1.813358e-02,6.549342e-02
2.63750,0.600000,0.500000,0.000000e+00,0.000000e+00,1.000000e+00,1.255740e-01,0.000000e+00,0.000000e+00,1.813392e-02,6.549803e-02
2.64000,0.600000,0.500000,0.000000e+00,0.000000e+00,1.000000e+00,1.255740e-01,0.000000e+00,0.000000e+00,1.813427e-02,6.550264e-02
2.64250,0.600000,0.500000,0.000000e+00,0.000000e+00,1.000000e+00,1.255740e-01,0.000000e+00,0.000000e+00,1.813461e-02,6.550722e-02
2.64500,0.600000,0.500000,0.000000e+00,0.000000e+00,1.000000e+00,1.255740e-01,0.000000e+00,0.000000e+00,1.813495e-02,6.551180e-02
2.64750,0.600000,0.500000,0.000000e+00,0.000000e+00,1.000000e+00,1.255740e-01,0.000000e+00,0.000000e+00,1.813529e-02,6.551636e-02
2.65000,0.600000,0.500000,0.000000e+00,0.000000e+00,1.000000e+00,1.255740e-01,0.000000e+00,0.000000e+00,1.813564e-02,6.552091e-02
2.65250,0.600000,0.500000,0.000000e+00,0.000000e+00,1.000000e+00,1.255740e-01,0.000000e+00,0.000000e+00,1.813598e-02,6.552545e-02
2.65500,0.600000,0.500000,0.000000e+00,0.000000e+00,1.000000e+00,1.255740e-01,0.000000e+00,0.000000e+00,1.813631e-02,6.552998e-02
2.65750,0.600000,0.500000,0.000000e+00,0.000000e+00,1.000000e+00,1.255740e-01,0.000000e+00,0.000000e+00,1.813665e-02,6.553449e-02
2.66000,0.600000,0.500000,0.000000e+00,0.000000e+00,1.000000e+00,1.255740e-01,0.000000e+00,0.000000e+00,1.813699e-02,6.553899e-02
2.66250,0.600000,0.500000,0.000000e+00,0.000000e+00,1.000000e+00,1.255740e-01,0.000000e+00,0.000000e+00,1.813733e-02,6.554348e-02
2.66500,0.600000,0.500000,0.000000e+00,0.000000e+00,1.000000e+00,1.255740e-01,0.000000e+00,0.000000e+00,1.813766e-02,6.554796e-02
2.66750,0.600000,0.500000,0.000000e+00,0.000000e+00,1.000000e+00,1.255740e-01,0.000000e+00,0.000000e+00,1.813800e-02,6.555242e-02
2.67000,0.600000,0.500000,0.000000e+00,0.000000e+00,1.000000e+00,1.255740e-01,0.000000e+00,0.000000e+00,1.813833e-02,6.555688e-02
2.67250,0.600000,0.500000,0.000000e+00,0.000000e+00,1.000000e+00,1.255740e-01,0.000000e+00,0.000000e+00,1.813867e-02,6.556132e-02
2.67500,0.600000,0.500000,0.000000e+00,0.000000e+00,1.000000e+00,1.255740e-01,0.000000e+00,0.000000e+00,1.813900e-02,6.556574e-02
2.67750,0.600000,0.500000,0.000000e+00,0.000000e+00,1.000000e+00,1.255740e-01,0.000000e+00,0.000000e+00,1.813933e-02,6.557016e-02
2.68000,0.600000,0.500000,0.000000e+00,0.000000e+00,1.000000e+00,1.255740e-01,0.000000e+00,0.000000e+00,1.813967e-02,6.557456e-02
2.68250,0.600000,0.500000,0.000000e+00,0.000000e+00,1.000000e+00,1.255740e-01,0.000000e+00,0.000000e+00,1.814000e-02,6.557896e-02
2.68500,0.600000,0.500000,0.000000e+00,0.000000e+00,1.000000e+00,1.255740e-01,0.000000e+00,0.000000e+00,1.814033e-02,6.558334e-02
2.68750,0.600000,0.500000,0.000000e+00,0.000000e+00,1.000000e+00,1.255740e-01,0.000000e+00,0.000000e+00,1.814066e-02,6.558770e-02
2.69000,0.600000,0.500000,0.000000e+00,0.000000e+00,1.000000e+00,1.255740e-01,0.000000e+00,0.000000e+00,1.814099e-02,6.559206e-02
2.69250,0.600000,0.500000,0.000000e+00,0.000000e+00,1.000000e+00,1.255740e-01,0.000000e+00,0.000000e+00,1.814131e-02,6.559641e-02
2.69500,0.600000,0.500000,0.000000e+00,0.000000e+00,1.000000e+00,1.255740e-01,0.000000e+00,0.000000e+00,1.814164e-02,6.560074e-02
2.69750,0.600000,0.500000,0.000000e+00,0.000000e+00,1.000000e+00,1.255740e-01,0.000000e+00,0.000000e+00,1.814197e-02,6.560506e-02
2.70000,0.600000,0.500000,0.000000e+00,0.000000e+00,1.000000e+00,1.255740e-01,0.000000e+00,0.000000e+00,1.814229e-02,6.560937e-02
2.70250,0.600000,0.500000,0.000000e+00,0.000000e+00,1.000000e+00,1.255740e-01,0.000000e+00,0.000000e+00,1.814262e-02,6.561367e-02
2.70500,0.600000,0.500000,0.000000e+00,0.000000e+00,1.000000e+00,1.255740e-01,0.000000e+00,0.000000e+00,1.814294e-02,6.561795e-02
2.70750,0.600000,0.500000,0.000000e+00,0.000000e+00,1.000000e+00,1.255740e-01,0.000000e+00,0.000000e+00,1.814327e-02,6.562222e-02
2.71000,0.600000,0.500000,0.000000e+00,0.000000e+00,1.000000e+00,1.255740e-01,0.000000e+00,0.000000e+00,1.814359e-02,6.562649e-02
2.71250,0.600000,0.500000,0.000000e+00,0.000000e+00,1.000000e+00,1.255740e-01,0.000000e+00,0.000000e+00,1.814391e-02,6.563074e-02
2.71500,0.600000,0.500000,0.000000e+00,0.000000e+00,1.000000e+00,1.255740e-01,0.000000e+00,0.000000e+00,1.814423e-02,6.563498e-02
2.71750,0.600000,0.500000,0.000000e+00,0.000000e+00,1.000000e+00,1.255740e-01,0.000000e+00,0.000000e+00,1.814456e-02,6.563920e-02
2.72000,0.600000,0.500000,0.000000e+00,0.000000e+00,1.000000e+00,1.255740e-01,0.000000e+00,0.000000e+00,1.814488e-02,6.564342e-02
2.72250,0.600000,0.500000,0.000000e+00,0.000000e+00,1.000000e+00,1.255740e-01,0.000000e+00,0.000000e+00,1.814520e-02,6.564763e-02
2.72500,0.600000,0.500000,0.000000e+00,0.000000e+00,1.000000e+00,1.255740e-01,0.000000e+00,0.000000e+00,1.814551e-02,6.565182e-02
2.72750,0.600000,0.500000,0.000000e+00,0.000000e+00,1.000000e+00,1.255740e-01,0.000000e+00,0.000000e+00,1.814583e-02,6.565600e-02
2.73000,0.600000,0.500000,0.000000e+00,0.000000e+00,1.000000e+00,1.255740e-01,0.000000e+00,0.000000e+00,1.814615e-02,6.566017e-02
2.73250,0.600000,0.500000,0.000000e+00,0.000000e+00,1.000000e+00,1.255740e-01,0.000000e+00,0.000000e+00,1.814647e-02,6.566433e-02
2.73500,0.600000,0.500000,0.000000e+00,0.000000e+00,1.000000e+00,1.255740e-01,0.000000e+00,0.000000e+00,1.814678e-02,6.566848e-02
2.73750,0.600000,0.500000,0.000000e+00,0.000000e+00,1.000000e+00,1.255740e-01,0.000000e+00,0.000000e+00,1.814710e-02,6.567261e-02
2.74000,0.600000,0.500000,0.000000e+00,0.000000e+00,1.000000e+00,1.255740e-01,0.000000e+00,0.000000e+00,1.814741e-02,6.567674e-02
2.74250,0.600000,0.500000,0.000000e+00,0.000000e+00,1.000000e+00,1.255740e-01,0.000000e+00,0.000000e+00,1.814773e-02,6.568085e-02
2.74500,0.600000,0.500000,0.000000e+00,0.000000e+00,1.000000e+00,1.255740e-01,0.000000e+00,0.000000e+00,1.814804e-02,6.568496e-02
2.74750,0.600000,0.500000,0.000000e+00,0.000000e+00,1.000000e+00,1.255740e-01,0.000000e+00,0.000000e+00,1.814835e-02,6.568905e-02
2.75000,0.600000,0.500000,0.000000e+00,0.000000e+00,1.000000e+00,1.255740e-01,0.000000e+00,0.000000e+00,1.814866e-02,6.569313e-02
2.75250,0.600000,0.500000,0.000000e+00,0.000000e+00,1.000000e+00,1.255740e-01,0.000000e+00,0.000000e+00,1.814898e-02,6.569720e-02
2.75500,0.600000,0.500000,0.000000e+00,0.000000e+00,1.000000e+00,1.255740e-01,0.000000e+00,0.000000e+00,1.814929e-02,6.570126e-02
2.75750,0.600000,0.500000,0.000000e+00,0.000000e+00,1.000000e+00,1.255740e-01,0.000000e+00,0.000000e+00,1.814960e-02,6.570530e-02
2.76000,0.600000,0.500000,0.000000e+00,0.000000e+00,1.000000e+00,1.255740e-01,0.000000e+00,0.000000e+00,1.814990e-02,6.570934e-02
2.76250,0.600000,0.500000,0.000000e+00,0.000000e+00,1.000000e+00,1.255740e-01,0.000000e+00,0.000000e+00,1.815021e-02,6.571336e-02
2.76500,0.600000,0.500000,0.000000e+00,0.000000e+00,1.000000e+00,1.255740e-01,0.000000e+00,0.000000e+00,1.815052e-02,6.571738e-02
2.76750,0.600000,0.500000,0.000000e+00,0.000000e+00,1.000000e+00,1.255740e-01,0.000000e+00,0.000000e+00,1.815083e-02,6.572138e-02
2.77000,0.600000,0.500000,0.000000e+00,0.000000e+00,1.000000e+00,1.255740e-01,0.000000e+00,0.000000e+00,1.815113e-02,6.572538e-02
2.77250,0.600000,0.500000,0.000000e+00,0.000000e+00,1.000000e+00,1.255740e-01,0.000000e+00,0.000000e+00,1.815144e-02,6.572936e-02
2.77500,0.600000,0.500000,0.000000e+00,0.000000e+00,1.000000e+00,1.255740e-01,0.000000e+00,0.000000e+00,1.815174e-02,6.573333e-02
2.77750,0.600000,0.500000,0.000000e+00,0.000000e+00,1.000000e+00,1.255740e-01,0.000000e+00,0.000000e+00,1.815205e-02,6.573729e-02
2.78000,0.600000,0.500000,0.000000e+00,0.000000e+00,1.000000e+00,1.255740e-01,0.000000e+00,0.000000e+00,1.815235e-02,6.574124e-02
2.78250,0.600000,0.500000,0.000000e+00,0.000000e+00,1.000000e+00,1.255740e-01,0.000000e+00,0.000000e+00,1.815265e-02,6.574518e-02
2.78500,0.600000,0.500000,0.000000e+00,0.000000e+00,1.000000e+00,1.255740e-01,0.000000e+00,0.000000e+00,1.815296e-02,6.574910e-02
2.78750,0.600000,0.500000,0.000000e+00,0.000000e+00,1.000000e+00,1.255740e-01,0.000000e+00,0.000000e+00,1.815326e-02,6.575302e-02
2.79000,0.600000,0.500000,0.000000e+00,0.000000e+00,1.000000e+00,1.255740e-01,0.000000e+00,0.000000e+00,1.815356e-02,6.575693e-02
2.79250,0.600000,0.500000,0.000000e+00,0.000000e+00,1.000000e+00,1.255740e-01,0.000000e+00,0.000000e+00,1.815386e-02,6.576082e-02
2.79500,0.600000,0.500000,0.000000e+00,0.000000e+00,1.000000e+00,1.255740e-01,0.000000e+00,0.000000e+00,1.815416e-02,6.576471e-02
2.79750,0.600000,0.500000,0.000000e+00,0.000000e+00,1.000000e+00,1.255740e-01,0.000000e+00,0.000000e+00,1.815446e-02,6.576859e-02
2.80000,0.600000,0.500000,0.000000e+00,0.000000e+00,1.000000e+00,1.255740e-01,0.000000e+00,0.000000e+00,1.815475e-02,6.577245e-02
2.80250,0.600000,0.500000,0.000000e+00,0.000000e+00,1.000000e+00,1.255740e-01,0.000000e+00,0.000000e+00,1.815505e-02,6.577630e-02
2.80500,0.600000,0.500000,0.000000e+00,0.000000e+00,1.000000e+00,1.255740e-01,0.000000e+00,0.000000e+00,1.815535e-02,6.578015e-02
2.80750,0.600000,0.500000,0.000000e+00,0.000000e+00,1.000000e+00,1.255740e-01,0.000000e+00,0.000000e+00,1.815564e-02,6.578398e-02
2.81000,0.600000,0.500000,0.000000e+00,0.000000e+00,1.000000e+00,1.255740e-01,0.000000e+00,0.000000e+00,1.815594e-02,6.578780e-02
2.81250,0.600000,0.500000,0.000000e+00,0.000000e+00,1.000000e+00,1.255740e-01,0.000000e+00,0.000000e+00,1.815624e-02,6.579162e-02
2.81500,0.600000,0.500000,0.000000e+00,0.000000e+00,1.000000e+00,1.255740e-01,0.000000e+00,0.000000e+00,1.815653e-02,6.579542e-02
2.81750,0.600000,0.500000,0.000000e+00,0.000000e+00,1.000000e+00,1.255740e-01,0.000000e+00,0.000000e+00,1.815682e-02,6.579921e-02
2.82000,0.600000,0.500000,0.000000e+00,0.000000e+00,1.000000e+00,1.255740e-01,0.000000e+00,0.000000e+00,1.815712e-02,6.580299e-02
2.82250,0.600000,0.500000,0.000000e+00,0.000000e+00,1.000000e+00,1.255740e-01,0.000000e+00,0.000000e+00,1.815741e-02,6.580676e-02
2.82500,0.600000,0.500000,0.000000e+00,0.000000e+00,1.000000e+00,1.255740e-01,0.000000e+00,0.000000e+00,1.815770e-02,6.581052e-02
2.82750,0.600000,0.500000,0.000000e+00,0.000000e+00,1.000000e+00,1.255740e-01,0.000000e+00,0.000000e+00,1.815799e-02,6.581427e-02
2.83000,0.600000,0.500000,0.000000e+00,0.000000e+00,1.000000e+00,1.255740e-01,0.000000e+00,0.000000e+00,1.815828e-02,6.581801e-02
2.83250,0.600000,0.500000,0.000000e+00,0.000000e+00,1.000000e+00,1.255740e-01,0.000000e+00,0.000000e+00,1.815857e-02,6.582174e-02
2.83500,0.600000,0.500000,0.000000e+00,0.000000e+00,1.000000e+00,1.255740e-01,0.000000e+00,0.000000e+00,1.815886e-02,6.582546e-02
2.83750,0.600000,0.500000,0.000000e+00,0.000000e+00,1.000000e+00,1.255740e-01,0.000000e+00,0.000000e+00,1.815915e-02,6.582917e-02
2.84000,0.600000,0.500000,0.000000e+00,0.000000e+00,1.000000e+00,1.255740e-01,0.000000e+00,0.000000e+00,1.815943e-02,6.583287e-02
2.84250,0.600000,0.500000,0.000000e+00,0.000000e+00,1.000000e+00,1.255740e-01,0.000000e+00,0.000000e+00,1.815972e-02,6.583656e-02
2.84500,0.600000,0.500000,0.000000e+00,0.000000e+00,1.000000e+00,1.255740e-01,0.000000e+00,0.000000e+00,1.816001e-02,6.584025e-02
2.84750,0.600000,0.500000,0.000000e+00,0.000000e+00,1.000000e+00,1.255740e-01,0.000000e+00,0.000000e+00,1.816029e-02,6.584392e-02
2.85000,0.600000,0.500000,0.000000e+00,0.000000e+00,1.000000e+00,1.255740e-01,0.000000e+00,0.000000e+00,1.816058e-02,6.584758e-02
2.85250,0.600000,0.500000,0.000000e+00,0.000000e+00,1.000000e+00,1.255740e-01,0.000000e+00,0.000000e+00,1.816086e-02,6.585123e-02
2.85500,0.600000,0.500000,0.000000e+00,0.000000e+00,1.000000e+00,1.255740e-01,0.000000e+00,0.000000e+00,1.816114e-02,6.585487e-02
2.85750,0.600000,0.500000,0.000000e+00,0.000000e+00,1.000000e+00,1.255740e-01,0.000000e+00,0.000000e+00,1.816143e-02,6.585850e-02
2.86000,0.600000,0.500000,0.000000e+00,0.000000e+00,1.000000e+00,1.255740e-01,0.000000e+00,0.000000e+00,1.816171e-02,6.586212e-02
2.86250,0.600000,0.500000,0.000000e+00,0.000000e+00,1.000000e+00,1.255740e-01,0.000000e+00,0.000000e+00,1.816199e-02,6.586573e-02
2.86500,0.600000,0.500000,0.000000e+00,0.000000e+00,1.000000e+00,1.255740e-01,0.000000e+00,0.000000e+00,1.816227e-02,6.586933e-02
2.86750,0.600000,0.500000,0.000000e+00,0.000000e+00,1.000000e+00,1.255740e-01,0.000000e+00,0.000000e+00,1.816255e-02,6.587292e-02
2.87000,0.600000,0.500000,0.000000e+00,0.000000e+00,1.000000e+00,1.255740e-01,0.000000e+00,0.000000e+00,1.816283e-02,6.587650e-02
2.87250,0.600000,0.500000,0.000000e+00,0.000000e+00,1.000000e+00,1.255740e-01,0.000000e+00,0.000000e+00,1.816311e-02,6.588007e-02
2.87500,0.600000,0.500000,0.000000e+00,0.000000e+00,1.000000e+00,1.255740e-01,0.000000e+00,0.000000e+00,1.816339e-02,6.588364e-02
2.87750,0.600000,0.500000,0.000000e+00,0.000000e+00,1.000000e+00,1.255740e-01,0.000000e+00,0.000000e+00,1.816367e-02,6.588719e-02
2.88000,0.600000,0.500000,0.000000e+00,0.000000e+00,1.000000e+00,1.255740e-01,0.000000e+00,0.000000e+00,1.816394e-02,6.589073e-02
2.88250,0.600000,0.500000,0.000000e+00,0.000000e+00,1.000000e+00,1.255740e-01,0.000000e+00,0.000000e+00,1.816422e-02,6.589427e-02
2.88500,0.600000,0.500000,0.000000e+00,0.000000e+00,1.000000e+00,1.255740e-01,0.000000e+00,0.000000e+00,1.816450e-02,6.589779e-02
2.88750,0.600000,0.500000,0.000000e+00,0.000000e+00,1.000000e+00,1.255740e-01,0.000000e+00,0.000000e+00,1.816477e-02,6.590130e-02
2.89000,0.600000,0.500000,0.000000e+00,0.000000e+00,1.000000e+00,1.255740e-01,0.000000e+00,0.000000e+00,1.816505e-02,6.590481e-02
2.89250,0.600000,0.500000,0.000000e+00,0.000000e+00,1.000000e+00,1.255740e-01,0.000000e+00,0.000000e+00,1.816532e-02,6.590830e-02
2.89500,0.600000,0.500000,0.000000e+00,0.000000e+00,1.000000e+00,1.255740e-01,0.000000e+00,0.000000e+00,1.816559e-02,6.591179e-02
2.89750,0.600000,0.500000,0.000000e+00,0.000000e+00,1.000000e+00,1.255740e-01,0.000000e+00,0.000000e+00,1.816587e-02,6.591527e-02
2.90000,0.600000,0.500000,0.000000e+00,0.000000e+00,1.000000e+00,1.255740e-01,0.000000e+00,0.000000e+00,1.816614e-02,6.591873e-02
2.90250,0.600000,0.500000,0.000000e+00,0.000000e+00,1.000000e+00,1.255740e-01,0.000000e+00,0.000000e+00,1.816641e-02,6.592219e-02
2.90500,0.600000,0.500000,0.000000e+00,0.000000e+00,1.000000e+00,1.255740e-01,0.000000e+00,0.000000e+00,1.816668e-02,6.592564e-02
2.90750,0.600000,0.500000,0.000000e+00,0.000000e+00,1.000000e+00,1.255740e-01,0.000000e+00,0.000000e+00,1.816695e-02,6.592908e-02
2.91000,0.600000,0.500000,0.000000e+00,0.000000e+00,1.000000e+00,1.255740e-01,0.000000e+00,0.000000e+00,1.816722e-02,6.593251e-02
2.91250,0.600000,0.500000,0.000000e+00,0.000000e+00,1.000000e+00,1.255740e-01,0.000000e+00,0.000000e+00,1.816749e-02,6.593593e-02
2.91500,0.600000,0.500000,0.000000e+00,0.000000e+00,1.000000e+00,1.255740e-01,0.000000e+00,0.000000e+00,1.816776e-02,6.593934e-02
2.91750,0.600000,0.500000,0.000000e+00,0.000000e+00,1.000000e+00,1.255740e-01,0.000000e+00,0.000000e+00,1.816803e-02,6.594274e-02
2.92000,0.600000,0.500000,0.000000e+00,0.000000e+00,1.000000e+00,1.255740e-01,0.000000e+00,0.000000e+00,1.816829e-02,6.594613e-02
2.92250,0.600000,0.500000,0.000000e+00,0.000000e+00,1.000000e+00,1.255740e-01,0.000000e+00,0.000000e+00,1.816856e-02,6.594952e-02
2.92500,0.600000,0.500000,0.000000e+00,0.000000e+00,1.000000e+00,1.255740e-01,0.000000e+00,0.000000e+00,1.816883e-02,6.595289e-02
2.92750,0.600000,0.500000,0.000000e+00,0.000000e+00,1.000000e+00,1.255740e-01,0.000000e+00,0.000000e+00,1.816909e-02,6.595626e-02
2.93000,0.600000,0.500000,0.000000e+00,0.000000e+00,1.000000e+00,1.255740e-01,0.000000e+00,0.000000e+00,1.816936e-02,6.595961e-02
2.93250,0.600000,0.500000,0.000000e+00,0.000000e+00,1.000000e+00,1.255740e-01,0.000000e+00,0.000000e+00,1.816962e-02,6.596296e-02
2.93500,0.600000,0.500000,0.000000e+00,0.000000e+00,1.000000e+00,1.255740e-01,0.000000e+00,0.000000e+00,1.816988e-02,6.596630e-02
2.93750,0.600000,0.500000,0.000000e+00,0.000000e+00,1.000000e+00,1.255740e-01,0.000000e+00,0.000000e+00,1.817015e-02,6.596963e-02
2.94000,0.600000,0.500000,0.000000e+00,0.000000e+00,1.000000e+00,1.255740e-01,0.000000e+00,0.000000e+00,1.817041e-02,6.597295e-02
2.94250,0.600000,0.500000,0.000000e+00,0.000000e+00,1.000000e+00,1.255740e-01,0.000000e+00,0.000000e+00,1.817067e-02,6.597626e-02
2.94500,0.600000,0.500000,0.000000e+00,0.000000e+00,1.000000e+00,1.255740e-01,0.000000e+00,0.000000e+00,1.817093e-02,6.597956e-02
2.94750,0.600000,0.500000,0.000000e+00,0.000000e+00,1.000000e+00,1.255740e-01,0.000000e+00,0.000000e+00,1.817119e-02,6.598285e-02
2.95000,0.600000,0.500000,0.000000e+00,0.000000e+00,1.000000e+00,1.255740e-01,0.000000e+00,0.000000e+00,1.817145e-02,6.598614e-02
2.95250,0.600000,0.500000,0.000000e+00,0.000000e+00,1.000000e+00,1.255740e-01,0.000000e+00,0.000000e+00,1.817171e-02,6.598941e-02
2.95500,0.600000,0.500000,0.000000e+00,0.000000e+00,1.000000e+00,1.255740e-01,0.000000e+00,0.000000e+00,1.817197e-02,6.599268e-02
2.95750,0.600000,0.500000,0.000000e+00,0.000000e+00,1.000000e+00,1.255740e-01,0.000000e+00,0.000000e+00,1.817223e-02,6.599594e-02
2.96000,0.600000,0.500000,0.000000e+00,0.000000e+00,1.000000e+00,1.255740e-01,0.000000e+00,0.000000e+00,1.817249e-02,6.599919e-02
2.96250,0.600000,0.500000,0.000000e+00,0.000000e+00,1.000000e+00,1.255740e-01,0.000000e+00,0.000000e+00,1.817274e-02,6.600243e-02
2.96500,0.600000,0.500000,0.000000e+00,0.000000e+00,1.000000e+00,1.255740e-01,0.000000e+00,0.000000e+00,1.817300e-02,6.600566e-02
2.96750,0.600000,0.500000,0.000000e+00,0.000000e+00,1.000000e+00,1.255740e-01,0.000000e+00,0.000000e+00,1.817325e-02,6.600888e-02
2.97000,0.600000,0.500000,0.000000e+00,0.000000e+00,1.000000e+00,1.255740e-01,0.000000e+00,0.000000e+00,1.817351e-02,6.601209e-02
2.97250,0.600000,0.500000,0.000000e+00,0.000000e+00,1.000000e+00,1.255740e-01,0.000000e+00,0.000000e+00,1.817376e-02,6.601530e-02
2.97500,0.600000,0.500000,0.000000e+00,0.000000e+00,1.000000e+00,1.255740e-01,0.000000e+00,0.000000e+00,1.817402e-02,6.601849e-02
2.97750,0.600000,0.500000,0.000000e+00,0.000000e+00,1.000000e+00,1.255740e-01,0.000000e+00,0.000000e+00,1.817427e-02,6.602168e-02
2.98000,0.600000,0.500000,0.000000e+00,0.000000e+00,1.000000e+00,1.255740e-01,0.000000e+00,0.000000e+00,1.817452e-02,6.602486e-02
2.98250,0.600000,0.500000,0.000000e+00,0.000000e+00,1.000000e+00,1.255740e-01,0.000000e+00,0.000000e+00,1.817478e-02,6.602803e-02
2.98500,0.600000,0.500000,0.000000e+00,0.000000e+00,1.000000e+00,1.255740e-01,0.000000e+00,0.000000e+00,1.817503e-02,6.603120e-02
2.98750,0.600000,0.500000,0.000000e+00,0.000000e+00,1.000000e+00,1.255740e-01,0.000000e+00,0.000000e+00,1.817528e-02,6.603435e-02
2.99000,0.600000,0.500000,0.000000e+00,0.000000e+00,1.000000e+00,1.255740e-01,0.000000e+00,0.000000e+00,1.817553e-02,6.603749e-02
2.99250,0.600000,0.500000,0.000000e+00,0.000000e+00,1.000000e+00,1.255740e-01,0.000000e+00,0.000000e+00,1.817578e-02,6.604063e-02
2.99500,0.600000,0.500000,0.000000e+00,0.000000e+00,1.000000e+00,1.255740e-01,0.000000e+00,0.000000e+00,1.817603e-02,6.604376e-02
2.99750,0.600000,0.500000,0.000000e+00,0.000000e+00,1.000000e+00,1.255740e-01,0.000000e+00,0.000000e+00,1.817628e-02,6.604688e-02
3.00000,0.600000,0.500000,0.000000e+00,0.000000e+00,1.000000e+00,1.255740e-01,0.000000e+00,0.000000e+00,1.817653e-02,6.604999e-02
3.00250,0.600000,0.500000,0.000000e+00,0.000000e+00,1.000000e+00,1.255740e-01,0.000000e+00,0.000000e+00,1.817677e-02,6.605309e-02
3.00500,0.600000,0.500000,0.000000e+00,0.000000e+00,1.000000e+00,1.255740e-01,0.000000e+00,0.000000e+00,1.817702e-02,6.605619e-02
3.00750,0.600000,0.500000,0.000000e+00,0.000000e+00,1.000000e+00,1.255740e-01,0.000000e+00,0.000000e+00,1.817727e-02,6.605927e-02
3.01000,0.600000,0.500000,0.000000e+00,0.000000e+00,1.000000e+00,1.255740e-01,0.000000e+00,0.000000e+00,1.817751e-02,6.606235e-02
3.01250,0.600000,0.500000,0.000000e+00,0.000000e+00,1.000000e+00,1.255740e-01,0.000000e+00,0.000000e+00,1.817776e-02,6.606542e-02
3.01500,0.600000,0.500000,0.000000e+00,0.000000e+00,1.000000e+00,1.255740e-01,0.000000e+00,0.000000e+00,1.817800e-02,6.606848e-02
3.01750,0.600000,0.500000,0.000000e+00,0.000000e+00,1.000000e+00,1.255740e-01,0.000000e+00,0.000000e+00,1.817825e-02,6.607154e-02
3.02000,0.600000,0.500000,0.000000e+00,0.000000e+00,1.000000e+00,1.255740e-01,0.000000e+00,0.000000e+00,1.817849e-02,6.607458e-02
3.02250,0.600000,0.500000,0.000000e+00,0.000000e+00,1.000000e+00,1.255740e-01,0.000000e+00,0.000000e+00,1.817873e-02,6.607762e-02
3.02500,0.600000,0.500000,0.000000e+00,0.000000e+00,1.000000e+00,1.255740e-01,0.000000e+00,0.000000e+00,1.817898e-02,6.608064e-02
3.02750,0.600000,0.500000,0.000000e+00,0.000000e+00,1.000000e+00,1.255740e-01,0.000000e+00,0.000000e+00,1.817922e-02,6.608367e-02
3.03000,0.600000,0.500000,0.000000e+00,0.000000e+00,1.000000e+00,1.255740e-01,0.000000e+00,0.000000e+00,1.817946e-02,6.608668e-02
3.03250,0.600000,0.500000,0.000000e+00,0.000000e+00,1.000000e+00,1.255740e-01,0.000000e+00,0.000000e+00,1.817970e-02,6.608968e-02
3.03500,0.600000,0.500000,0.000000e+00,0.000000e+00,1.000000e+00,1.255740e-01,0.000000e+00,0.000000e+00,1.817994e-02,6.609268e-02
3.03750,0.600000,0.500000,0.000000e+00,0.000000e+00,1.000000e+00,1.255740e-01,0.000000e+00,0.000000e+00,1.818018e-02,6.609566e-02
3.04000,0.600000,0.500000,0.000000e+00,0.000000e+00,1.000000e+00,1.255740e-01,0.000000e+00,0.000000e+00,1.818042e-02,6.609864e-02
3.04250,0.600000,0.500000,0.000000e+00,0.000000e+00,1.000000e+00,1.255740e-01,0.000000e+00,0.000000e+00,1.818066e-02,6.610162e-02
3.04500,0.600000,0.500000,0.000000e+00,0.000000e+00,1.000000e+00,1.255740e-01,0.000000e+00,0.000000e+00,1.818089e-02,6.610458e-02
3.04750,0.600000,0.500000,0.000000e+00,0.000000e+00,1.000000e+00,1.255740e-01,0.000000e+00,0.000000e+00,1.818113e-02,6.610754e-02
3.05000,0.600000,0.500000,0.000000e+00,0.000000e+00,1.000000e+00,1.255740e-01,0.000000e+00,0.000000e+00,1.818137e-02,6.611048e-02
3.05250,0.600000,0.500000,0.000000e+00,0.000000e+00,1.000000e+00,1.255740e-01,0.000000e+00,0.000000e+00,1.818160e-02,6.611342e-02
3.05500,0.600000,0.500000,0.000000e+00,0.000000e+00,1.000000e+00,1.255740e-01,0.000000e+00,0.000000e+00,1.818184e-02,6.611635e-02
3.05750,0.600000,0.500000,0.000000e+00,0.000000e+00,1.000000e+00,1.255740e-01,0.000000e+00,0.000000e+00,1.818208e-02,6.611928e-02
3.06000,0.600000,0.500000,0.000000e+00,0.000000e+00,1.000000e+00,1.255740e-01,0.000000e+00,0.000000e+00,1.818231e-02,6.612219e-02
3.06250,0.600000,0.500000,0.000000e+00,0.000000e+00,1.000000e+00,1.255740e-01,0.000000e+00,0.000000e+00,1.818254e-02,6.612510e-02
3.06500,0.600000,0.500000,0.000000e+00,0.000000e+00,1.000000e+00,1.255740e-01,0.000000e+00,0.000000e+00,1.818278e-02,6.612800e-02
3.06750,0.600000,0.500000,0.000000e+00,0.000000e+00,1.000000e+00,1.255740e-01,0.000000e+00,0.000000e+00,1.818301e-02,6.613090e-02
3.07000,0.600000,0.500000,0.000000e+00,0.000000e+00,1.000000e+00,1.255740e-01,0.000000e+00,0.000000e+00,1.818324e-02,6.613378e-02
3.07250,0.600000,0.500000,0.000000e+00,0.000000e+00,1.000000e+00,1.255740e-01,0.000000e+00,0.000000e+00,1.818347e-02,6.613666e-02
3.07500,0.600000,0.500000,0.000000e+00,0.000000e+00,1.000000e+00,1.255740e-01,0.000000e+00,0.000000e+00,1.818371e-02,6.613953e-02
3.07750,0.600000,0.500000,0.000000e+00,0.000000e+00,1.000000e+00,1.255740e-01,0.000000e+00,0.000000e+00,1.818394e-02,6.614239e-02
3.08000,0.600000,0.500000,0.000000e+00,0.000000e+00,1.000000e+00,1.255740e-01,0.000000e+00,0.000000e+00,1.818417e-02,6.614524e-02
3.08250,0.600000,0.500000,0.000000e+00,0.000000e+00,1.000000e+00,1.255740e-01,0.000000e+00,0.000000e+00,1.818440e-02,6.614809e-02
3.08500,0.600000,0.500000,0.000000e+00,0.000000e+00,1.000000e+00,1.255740e-01,0.000000e+00,0.000000e+00,1.818463e-02,6.615093e-02
3.08750,0.600000,0.500000,0.000000e+00,0.000000e+00,1.000000e+00,1.255740e-01,0.000000e+00,0.000000e+00,1.818485e-02,6.615376e-02
3.09000,0.600000,0.500000,0.000000e+00,0.000000e+00,1.000000e+00,1.255740e-01,0.000000e+00,0.000000e+00,1.818508e-02,6.615658e-02
3.09250,0.600000,0.500000,0.000000e+00,0.000000e+00,1.000000e+00,1.255740e-01,0.000000e+00,0.000000e+00,1.818531e-02,6.615940e-02
3.09500,0.600000,0.500000,0.000000e+00,0.000000e+00,1.000000e+00,1.255740e-01,0.000000e+00,0.000000e+00,1.818554e-02,6.616220e-02
3.09750,0.600000,0.500000,0.000000e+00,0.000000e+00,1.000000e+00,1.255740e-01,0.000000e+00,0.000000e+00,1.818576e-02,6.616500e-02
3.10000,0.600000,0.500000,0.000000e+00,0.000000e+00,1.000000e+00,1.255740e-01,0.000000e+00,0.000000e+00,1.818599e-02,6.616780e-02
3.10250,0.600000,0.500000,0.000000e+00,0.000000e+00,1.000000e+00,1.255740e-01,0.000000e+00,0.000000e+00,1.818621e-02,6.617058e-02
3.10500,0.600000,0.500000,0.000000e+00,0.000000e+00,1.000000e+00,1.255740e-01,0.000000e+00,0.000000e+00,1.818644e-02,6.617336e-02
3.10750,0.600000,0.500000,0.000000e+00,0.000000e+00,1.000000e+00,1.255740e-01,0.000000e+00,0.000000e+00,1.818666e-02,6.617613e-02
3.11000,0.600000,0.500000,0.000000e+00,0.000000e+00,1.000000e+00,1.255740e-01,0.000000e+00,0.000000e+00,1.818689e-02,6.617889e-02
3.11250,0.600000,0.500000,0.000000e+00,0.000000e+00,1.000000e+00,1.255740e-01,0.000000e+00,0.000000e+00,1.818711e-02,6.618165e-02
3.11500,0.600000,0.500000,0.000000e+00,0.000000e+00,1.000000e+00,1.255740e-01,0.000000e+00,0.000000e+00,1.818733e-02,6.618440e-02
3.11750,0.600000,0.500000,0.000000e+00,0.000000e+00,1.000000e+00,1.255740e-01,0.000000e+00,0.000000e+00,1.818756e-02,6.618714e-02
3.12000,0.600000,0.500000,0.000000e+00,0.000000e+00,1.000000e+00,1.255740e-01,0.000000e+00,0.000000e+00,1.818778e-02,6.618987e-02
3.12250,0.600000,0.500000,0.000000e+00,0.000000e+00,1.000000e+00,1.255740e-01,0.000000e+00,0.000000e+00,1.818800e-02,6.619260e-02
3.12500,0.600000,0.500000,0.000000e+00,0.000000e+00,1.000000e+00,1.255740e-01,0.000000e+00,0.000000e+00,1.818822e-02,6.619532e-02
3.12750,0.600000,0.500000,0.000000e+00,0.000000e+00,1.000000e+00,1.255740e-01,0.000000e+00,0.000000e+00,1.818844e-02,6.619803e-02
3.13000,0.600000,0.500000,0.000000e+00,0.000000e+00,1.000000e+00,1.255740e-01,0.000000e+00,0.000000e+00,1.818866e-02,6.620073e-02
3.13250,0.600000,0.500000,0.000000e+00,0.000000e+00,1.000000e+00,1.255740e-01,0.000000e+00,0.000000e+00,1.818888e-02,6.620343e-02
3.13500,0.600000,0.500000,0.000000e+00,0.000000e+00,1.000000e+00,1.255740e-01,0.000000e+00,0.000000e+00,1.818910e-02,6.620612e-02
3.13750,0.600000,0.500000,0.000000e+00,0.000000e+00,1.000000e+00,1.255740e-01,0.000000e+00,0.000000e+00,1.818931e-02,6.620880e-02
3.14000,0.600000,0.500000,0.000000e+00,0.000000e+00,1.000000e+00,1.255740e-01,0.000000e+00,0.000000e+00,1.818953e-02,6.621147e-02
3.14250,0.600000,0.500000,0.000000e+00,0.000000e+00,1.000000e+00,1.255740e-01,0.000000e+00,0.000000e+00,1.818975e-02,6.621414e-02
3.14500,0.600000,0.500000,0.000000e+00,0.000000e+00,1.000000e+00,1.255740e-01,0.000000e+00,0.000000e+00,1.818997e-02,6.621680e-02
3.14750,0.600000,0.500000,0.000000e+00,0.000000e+00,1.000000e+00,1.255740e-01,0.000000e+00,0.000000e+00,1.819018e-02,6.621946e-02
3.15000,0.600000,0.500000,0.000000e+00,0.000000e+00,1.000000e+00,1.255740e-01,0.000000e+00,0.000000e+00,1.819040e-02,6.622210e-02
3.15250,0.600000,0.500000,0.000000e+00,0.000000e+00,1.000000e+00,1.255740e-01,0.000000e+00,0.000000e+00,1.819061e-02,6.622474e-02
3.15500,0.600000,0.500000,0.000000e+00,0.000000e+00,1.000000e+00,1.255740e-01,0.000000e+00,0.000000e+00,1.819083e-02,6.622737e-02
3.15750,0.600000,0.500000,0.000000e+00,0.000000e+00,1.000000e+00,1.255740e-01,0.000000e+00,0.000000e+00,1.819104e-02,6.623000e-02
3.16000,0.600000,0.500000,0.000000e+00,0.000000e+00,1.000000e+00,1.255740e-01,0.000000e+00,0.000000e+00,1.819125e-02,6.623262e-02
3.16250,0.600000,0.500000,0.000000e+00,0.000000e+00,1.000000e+00,1.255740e-01,0.000000e+00,0.000000e+00,1.819147e-02,6.623523e-02
3.16500,0.600000,0.500000,0.000000e+00,0.000000e+00,1.000000e+00,1.255740e-01,0.000000e+00,0.000000e+00,1.819168e-02,6.623783e-02
3.16750,0.600000,0.500000,0.000000e+00,0.000000e+00,1.000000e+00,1.255740e-01,0.000000e+00,0.000000e+00,1.819189e-02,6.624043e-02
3.17000,0.600000,0.500000,0.000000e+00,0.000000e+00,1.000000e+00,1.255740e-01,0.000000e+00,0.000000e+00,1.819210e-02,6.624302e-02
3.17250,0.600000,0.500000,0.000000e+00,0.000000e+00,1.000000e+00,1.255740e-01,0.000000e+00,0.000000e+00,1.819231e-02,6.624560e-02
3.17500,0.600000,0.500000,0.000000e+00,0.000000e+00,1.000000e+00,1.255740e-01,0.000000e+00,0.000000e+00,1.819252e-02,6.624818e-02
3.17750,0.600000,0.500000,0.000000e+00,0.000000e+00,1.000000e+00,1.255740e-01,0.000000e+00,0.000000e+00,1.819273e-02,6.625075e-02
3.18000,0.600000,0.500000,0.000000e+00,0.000000e+00,1.000000e+00,1.255740e-01,0.000000e+00,0.000000e+00,1.819294e-02,6.625331e-02
3.18250,0.600000,0.500000,0.000000e+00,0.000000e+00,1.000000e+00,1.255740e-01,0.000000e+00,0.000000e+00,1.819315e-02,6.625586e-02
3.18500,0.600000,0.500000,0.000000e+00,0.000000e+00,1.000000e+00,1.255740e-01,0.000000e+00,0.000000e+00,1.819336e-02,6.625841e-02
3.18750,0.600000,0.500000,0.000000e+00,0.000000e+00,1.000000e+00,1.255740e-01,0.000000e+00,0.000000e+00,1.819357e-02,6.626095e-02
3.19000,0.600000,0.500000,0.000000e+00,0.000000e+00,1.000000e+00,1.255740e-01,0.000000e+00,0.000000e+00,1.819378e-02,6.626349e-02
3.19250,0.600000,0.500000,0.000000e+00,0.000000e+00,1.000000e+00,1.255740e-01,0.000000e+00,0.000000e+00,1.819398e-02,6.626601e-02
3.19500,0.600000,0.500000,0.000000e+00,0.000000e+00,1.000000e+00,1.255740e-01,0.000000e+00,0.000000e+00,1.819419e-02,6.626854e-02
3.19750,0.600000,0.500000,0.000000e+00,0.000000e+00,1.000000e+00,1.255740e-01,0.000000e+00,0.000000e+00,1.819439e-02,6.627105e-02
3.20000,0.600000,0.500000,0.000000e+00,0.000000e+00,1.000000e+00,1.255740e-01,0.000000e+00,0.000000e+00,1.819460e-02,6.627356e-02
3.20250,0.600000,0.500000,0.000000e+00,0.000000e+00,1.000000e+00,1.255740e-01,0.000000e+00,0.000000e+00,1.819481e-02,6.627606e-02
3.20500,0.600000,0.500000,0.000000e+00,0.000000e+00,1.000000e+00,1.255740e-01,0.000000e+00,0.000000e+00,1.819501e-02,6.627855e-02
3.20750,0.600000,0.500000,0.000000e+00,0.000000e+00,1.000000e+00,1.255740e-01,0.000000e+00,0.000000e+00,1.819521e-02,6.628104e-02
3.21000,0.600000,0.500000,0.000000e+00,0.000000e+00,1.000000e+00,1.255740e-01,0.000000e+00,0.000000e+00,1.819542e-02,6.628352e-02
3.21250,0.600000,0.500000,0.000000e+00,0.000000e+00,1.000000e+00,1.255740e-01,0.000000e+00,0.000000e+00,1.819562e-02,6.628599e-02
3.21500,0.600000,0.500000,0.000000e+00,0.000000e+00,1.000000e+00,1.255740e-01,0.000000e+00,0.000000e+00,1.819582e-02,6.628846e-02
3.21750,0.600000,0.500000,0.000000e+00,0.000000e+00,1.000000e+00,1.255740e-01,0.000000e+00,0.000000e+00,1.819603e-02,6.629092e-02
3.22000,0.600000,0.500000,0.000000e+00,0.000000e+00,1.000000e+00,1.255740e-01,0.000000e+00,0.000000e+00,1.819623e-02,6.629338e-02
3.22250,0.600000,0.500000,0.000000e+00,0.000000e+00,1.000000e+00,1.255740e-01,0.000000e+00,0.000000e+00,1.819643e-02,6.629582e-02
3.22500,0.600000,0.500000,0.000000e+00,0.000000e+00,1.000000e+00,1.255740e-01,0.000000e+00,0.000000e+00,1.819663e-02,6.629827e-02
3.22750,0.600000,0.500000,0.000000e+00,0.000000e+00,1.000000e+00,1.255740e-01,0.000000e+00,0.000000e+00,1.819683e-02,6.630070e-02
3.23000,0.600000,0.500000,0.000000e+00,0.000000e+00,1.000000e+00,1.255740e-01,0.000000e+00,0.000000e+00,1.819703e-02,6.630313e-02
3.23250,0.600000,0.500000,0.000000e+00,0.000000e+00,1.000000e+00,1.255740e-01,0.000000e+00,0.000000e+00,1.819723e-02,6.630555e-02
3.23500,0.600000,0.500000,0.000000e+00,0.000000e+00,1.000000e+00,1.255740e-01,0.000000e+00,0.000000e+00,1.819743e-02,6.630796e-02
3.23750,0.600000,0.500000,0.000000e+00,0.000000e+00,1.000000e+00,1.255740e-01,0.000000e+00,0.000000e+00,1.819762e-02,6.631037e-02
3.24000,0.600000,0.500000,0.000000e+00,0.000000e+00,1.000000e+00,1.255740e-01,0.000000e+00,0.000000e+00,1.819782e-02,6.631277e-02
3.24250,0.600000,0.500000,0.000000e+00,0.000000e+00,1.000000e+00,1.255740e-01,0.000000e+00,0.000000e+00,1.819802e-02,6.631517e-02
3.24500,0.600000,0.500000,0.000000e+00,0.000000e+00,1.000000e+00,1.255740e-01,0.000000e+00,0.000000e+00,1.819822e-02,6.631756e-02
3.24750,0.600000,0.500000,0.000000e+00,0.000000e+00,1.000000e+00,1.255740e-01,0.000000e+00,0.000000e+00,1.819841e-02,6.631994e-02
3.25000,0.600000,0.500000,0.000000e+00,0.000000e+00,1.000000e+00,1.255740e-01,0.000000e+00,0.000000e+00,1.819861e-02,6.632232e-02
3.25250,0.600000,0.500000,0.000000e+00,0.000000e+00,1.000000e+00,1.255740e-01,0.000000e+00,0.000000e+00,1.819880e-02,6.632469e-02
3.25500,0.600000,0.500000,0.000000e+00,0.000000e+00,1.000000e+00,1.255740e-01,0.000000e+00,0.000000e+00,1.819900e-02,6.632705e-02
3.25750,0.600000,0.500000,0.000000e+00,0.000000e+00,1.000000e+00,1.255740e-01,0.000000e+00,0.000000e+00,1.819919e-02,6.632941e-02
3.26000,0.600000,0.500000,0.000000e+00,0.000000e+00,1.000000e+00,1.255740e-01,0.000000e+00,0.000000e+00,1.819939e-02,6.633176e-02
3.26250,0.600000,0.500000,0.000000e+00,0.000000e+00,1.000000e+00,1.255740e-01,0.000000e+00,0.000000e+00,1.819958e-02,6.633410e-02
3.26500,0.600000,0.500000,0.000000e+00,0.000000e+00,1.000000e+00,1.255740e-01,0.000000e+00,0.000000e+00,1.819977e-02,6.633644e-02
3.26750,0.600000,0.500000,0.000000e+00,0.000000e+00,1.000000e+00,1.255740e-01,0.000000e+00,0.000000e+00,1.819997e-02,6.633877e-02
3.27000,0.600000,0.500000,0.000000e+00,0.000000e+00,1.000000e+00,1.255740e-01,0.000000e+00,0.000000e+00,1.820016e-02,6.634110e-02
3.27250,0.600000,0.500000,0.000000e+00,0.000000e+00,1.000000e+00,1.255740e-01,0.000000e+00,0.000000e+00,1.820035e-02,6.634342e-02
3.27500,0.600000,0.500000,0.000000e+00,0.000000e+00,1.000000e+00,1.255740e-01,0.000000e+00,0.000000e+00,1.820054e-02,6.634573e-02
3.27750,0.600000,0.500000,0.000000e+00,0.000000e+00,1.000000e+00,1.255740e-01,0.000000e+00,0.000000e+00,1.820073e-02,6.634804e-02
3.28000,0.600000,0.500000,0.000000e+00,0.000000e+00,1.000000e+00,1.255740e-01,0.000000e+00,0.000000e+00,1.820092e-02,6.635034e-02
3.28250,0.600000,0.500000,0.000000e+00,0.000000e+00,1.000000e+00,1.255740e-01,0.000000e+00,0.000000e+00,1.820111e-02,6.635263e-02
3.28500,0.600000,0.500000,0.000000e+00,0.000000e+00,1.000000e+00,1.255740e-01,0.000000e+00,0.000000e+00,1.820130e-02,6.635492e-02
3.28750,0.600000,0.500000,0.000000e+00,0.000000e+00,1.000000e+00,1.255740e-01,0.000000e+00,0.000000e+00,1.820149e-02,6.635720e-02
3.29000,0.600000,0.500000,0.000000e+00,0.000000e+00,1.000000e+00,1.255740e-01,0.000000e+00,0.000000e+00,1.820168e-02,6.635948e-02
3.29250,0.600000,0.500000,0.000000e+00,0.000000e+00,1.000000e+00,1.255740e-01,0.000000e+00,0.000000e+00,1.820187e-02,6.636175e-02
3.29500,0.600000,0.500000,0.000000e+00,0.000000e+00,1.000000e+00,1.255740e-01,0.000000e+00,0.000000e+00,1.820206e-02,6.636401e-02
3.29750,0.600000,0.500000,0.000000e+00,0.000000e+00,1.000000e+00,1.255740e-01,0.000000e+00,0.000000e+00,1.820224e-02,6.636627e-02
3.30000,0.600000,0.500000,0.000000e+00,0.000000e+00,1.000000e+00,1.255740e-01,0.000000e+00,0.000000e+00,1.820243e-02,6.636852e-02
3.30250,0.600000,0.500000,0.000000e+00,0.000000e+00,1.000000e+00,1.255740e-01,0.000000e+00,0.000000e+00,1.820262e-02,6.637077e-02
3.30500,0.600000,0.500000,0.000000e+00,0.000000e+00,1.000000e+00,1.255740e-01,0.000000e+00,0.000000e+00,1.820280e-02,6.637301e-02
3.30750,0.600000,0.500000,0.000000e+00,0.000000e+00,1.000000e+00,1.255740e-01,0.000000e+00,0.000000e+00,1.820299e-02,6.637524e-02
3.31000,0.600000,0.500000,0.000000e+00,0.000000e+00,1.000000e+00,1.255740e-01,0.000000e+00,0.000000e+00,1.820317e-02,6.637747e-02
3.31250,0.600000,0.500000,0.000000e+00,0.000000e+00,1.000000e+00,1.255740e-01,0.000000e+00,0.000000e+00,1.820336e-02,6.637969e-02
3.31500,0.600000,0.500000,0.000000e+00,0.000000e+00,1.000000e+00,1.255740e-01,0.000000e+00,0.000000e+00,1.820354e-02,6.638191e-02
3.31750,0.600000,0.500000,0.000000e+00,0.000000e+00,1.000000e+00,1.255740e-01,0.000000e+00,0.000000e+00,1.820372e-02,6.638412e-02
3.32000,0.600000,0.500000,0.000000e+00,0.000000e+00,1.000000e+00,1.255740e-01,0.000000e+00,0.000000e+00,1.820391e-02,6.638632e-02
3.32250,0.600000,0.500000,0.000000e+00,0.000000e+00,1.000000e+00,1.255740e-01,0.000000e+00,0.000000e+00,1.820409e-02,6.638852e-02
3.32500,0.600000,0.500000,0.000000e+00,0.000000e+00,1.000000e+00,1.255740e-01,0.000000e+00,0.000000e+00,1.820427e-02,6.639071e-02
3.32750,0.600000,0.500000,0.000000e+00,0.000000e+00,1.000000e+00,1.255740e-01,0.000000e+00,0.000000e+00,1.820445e-02,6.639290e-02
3.33000,0.600000,0.500000,0.000000e+00,0.000000e+00,1.000000e+00,1.255740e-01,0.000000e+00,0.000000e+00,1.820463e-02,6.639508e-02
3.33250,0.600000,0.500000,0.000000e+00,0.000000e+00,1.000000e+00,1.255740e-01,0.000000e+00,0.000000e+00,1.820482e-02,6.639725e-02
3.33500,0.600000,0.500000,0.000000e+00,0.000000e+00,1.000000e+00,1.255740e-01,0.000000e+00,0.000000e+00,1.820500e-02,6.639942e-02
3.33750,0.600000,0.500000,0.000000e+00,0.000000e+00,1.000000e+00,1.255740e-01,0.000000e+00,0.000000e+00,1.820518e-02,6.640159e-02
3.34000,0.600000,0.500000,0.000000e+00,0.000000e+00,1.000000e+00,1.255740e-01,0.000000e+00,0.000000e+00,1.820536e-02,6.640374e-02
3.34250,0.600000,0.500000,0.000000e+00,0.000000e+00,1.000000e+00,1.255740e-01,0.000000e+00,0.000000e+00,1.820553e-02,6.640589e-02
3.34500,0.600000,0.500000,0.000000e+00,0.000000e+00,1.000000e+00,1.255740e-01,0.000000e+00,0.000000e+00,1.820571e-02,6.640804e-02
3.34750,0.600000,0.500000,0.000000e+00,0.000000e+00,1.000000e+00,1.255740e-01,0.000000e+00,0.000000e+00,1.820589e-02,6.641018e-02
3.35000,0.600000,0.500000,0.000000e+00,0.000000e+00,1.000000e+00,1.255740e-01,0.000000e+00,0.000000e+00,1.820607e-02,6.641231e-02
3.35250,0.600000,0.500000,0.000000e+00,0.000000e+00,1.000000e+00,1.255740e-01,0.000000e+00,0.000000e+00,1.820625e-02,6.641444e-02
3.35500,0.600000,0.500000,0.000000e+00,0.000000e+00,1.000000e+00,1.255740e-01,0.000000e+00,0.000000e+00,1.820642e-02,6.641656e-02
3.35750,0.600000,0.500000,0.000000e+00,0.000000e+00,1.000000e+00,1.255740e-01,0.000000e+00,0.000000e+00,1.820660e-02,6.641868e-02
3.36000,0.600000,0.500000,0.000000e+00,0.000000e+00,1.000000e+00,1.255740e-01,0.000000e+00,0.000000e+00,1.820678e-02,6.642079e-02
3.36250,0.600000,0.500000,0.000000e+00,0.000000e+00,1.000000e+00,1.255740e-01,0.000000e+00,0.000000e+00,1.820695e-02,6.642290e-02
3.36500,0.600000,0.500000,0.000000e+00,0.000000e+00,1.000000e+00,1.255740e-01,0.000000e+00,0.000000e+00,1.820713e-02,6.642500e-02
3.36750,0.600000,0.500000,0.000000e+00,0.000000e+00,1.000000e+00,1.255740e-01,0.000000e+00,0.000000e+00,1.820730e-02,6.642709e-02
3.37000,0.600000,0.500000,0.000000e+00,0.000000e+00,1.000000e+00,1.255740e-01,0.000000e+00,0.000000e+00,1.820748e-02,6.642918e-02
3.37250,0.600000,0.500000,0.000000e+00,0.000000e+00,1.000000e+00,1.255740e-01,0.000000e+00,0.000000e+00,1.820765e-02,6.643126e-02
3.37500,0.600000,0.500000,0.000000e+00,0.000000e+00,1.000000e+00,1.255740e-01,0.000000e+00,0.000000e+00,1.820782e-02,6.643334e-02
3.37750,0.600000,0.500000,0.000000e+00,0.000000e+00,1.000000e+00,1.255740e-01,0.000000e+00,0.000000e+00,1.820800e-02,6.643541e-02
3.38000,0.600000,0.500000,0.000000e+00,0.000000e+00,1.000000e+00,1.255740e-01,0.000000e+00,0.000000e+00,1.820817e-02,6.643748e-02
3.38250,0.600000,0.500000,0.000000e+00,0.000000e+00,1.000000e+00,1.255740e-01,0.000000e+00,0.000000e+00,1.820834e-02,6.643954e-02
3.38500,0.600000,0.500000,0.000000e+00,0.000000e+00,1.000000e+00,1.255740e-01,0.000000e+00,0.000000e+00,1.820852e-02,6.644160e-02
3.38750,0.600000,0.500000,0.000000e+00,0.000000e+00,1.000000e+00,1.255740e-01,0.000000e+00,0.000000e+00,1.820869e-02,6.644365e-02
3.39000,0.600000,0.500000,0.000000e+00,0.000000e+00,1.000000e+00,1.255740e-01,0.000000e+00,0.000000e+00,1.820886e-02,6.644569e-02
3.39250,0.600000,0.500000,0.000000e+00,0.000000e+00,1.000000e+00,1.255740e-01,0.000000e+00,0.000000e+00,1.820903e-02,6.644773e-02
3.39500,0.600000,0.500000,0.000000e+00,0.000000e+00,1.000000e+00,1.255740e-01,0.000000e+00,0.000000e+00,1.820920e-02,6.644976e-02
3.39750,0.600000,0.500000,0.000000e+00,0.000000e+00,1.000000e+00,1.255740e-01,0.000000e+00,0.000000e+00,1.820937e-02,6.645179e-02
3.40000,0.600000,0.500000,0.000000e+00,0.000000e+00,1.000000e+00,1.255740e-01,0.000000e+00,0.000000e+00,1.820954e-02,6.645381e-02
3.40250,0.600000,0.500000,0.000000e+00,0.000000e+00,1.000000e+00,1.255740e-01,0.000000e+00,0.000000e+00,1.820971e-02,6.645583e-02
3.40500,0.600000,0.500000,0.000000e+00,0.000000e+00,1.000000e+00,1.255740e-01,0.000000e+00,0.000000e+00,1.820988e-02,6.645784e-02
3.40750,0.600000,0.500000,0.000000e+00,0.000000e+00,1.000000e+00,1.255740e-01,0.000000e+00,0.000000e+00,1.821004e-02,6.645985e-02
3.41000,0.600000,0.500000,0.000000e+00,0.000000e+00,1.000000e+00,1.255740e-01,0.000000e+00,0.000000e+00,1.821021e-02,6.646185e-02
3.41250,0.600000,0.500000,0.000000e+00,0.000000e+00,1.000000e+00,1.255740e-01,0.000000e+00,0.000000e+00,1.821038e-02,6.646384e-02
3.41500,0.600000,0.500000,0.000000e+00,0.000000e+00,1.000000e+00,1.255740e-01,0.000000e+00,0.000000e+00,1.821055e-02,6.646583e-02
3.41750,0.600000,0.500000,0.000000e+00,0.000000e+00,1.000000e+00,1.255740e-01,0.000000e+00,0.000000e+00,1.821071e-02,6.646782e-02
3.42000,0.600000,0.500000,0.000000e+00,0.000000e+00,1.000000e+00,1.255740e-01,0.000000e+00,0.000000e+00,1.821088e-02,6.646980e-02
3.42250,0.600000,0.500000,0.000000e+00,0.000000e+00,1.000000e+00,1.255740e-01,0.000000e+00,0.000000e+00,1.821105e-02,6.647177e-02
3.42500,0.600000,0.500000,0.000000e+00,0.000000e+00,1.000000e+00,1.255740e-01,0.000000e+00,0.000000e+00,1.821121e-02,6.647374e-02
3.42750,0.600000,0.500000,0.000000e+00,0.000000e+00,1.000000e+00,1.255740e-01,0.000000e+00,0.000000e+00,1.821138e-02,6.647571e-02
3.43000,0.600000,0.500000,0.000000e+00,0.000000e+00,1.000000e+00,1.255740e-01,0.000000e+00,0.000000e+00,1.821154e-02,6.647766e-02
3.43250,0.600000,0.500000,0.000000e+00,0.000000e+00,1.000000e+00,1.255740e-01,0.000000e+00,0.000000e+00,1.821170e-02,6.647962e-02
3.43500,0.600000,0.500000,0.000000e+00,0.000000e+00,1.000000e+00,1.255740e-01,0.000000e+00,0.000000e+00,1.821187e-02,6.648157e-02
3.43750,0.600000,0.500000,0.000000e+00,0.000000e+00,1.000000e+00,1.255740e-01,0.000000e+00,0.000000e+00,1.821203e-02,6.648351e-02
3.44000,0.600000,0.500000,0.000000e+00,0.000000e+00,1.000000e+00,1.255740e-01,0.000000e+00,0.000000e+00,1.821219e-02,6.648545e-02
3.44250,0.600000,0.500000,0.000000e+00,0.000000e+00,1.000000e+00,1.255740e-01,0.000000e+00,0.000000e+00,1.821236e-02,6.648738e-02
3.44500,0.600000,0.500000,0.000000e+00,0.000000e+00,1.000000e+00,1.255740e-01,0.000000e+00,0.000000e+00,1.821252e-02,6.648931e-02
3.44750,0.600000,0.500000,0.000000e+00,0.000000e+00,1.000000e+00,1.255740e-01,0.000000e+00,0.000000e+00,1.821268e-02,6.649123e-02
3.45000,0.600000,0.500000,0.000000e+00,0.000000e+00,1.000000e+00,1.255740e-01,0.000000e+00,0.000000e+00,1.821284e-02,6.649314e-02
3.45250,0.600000,0.500000,0.000000e+00,0.000000e+00,1.000000e+00,1.255740e-01,0.000000e+00,0.000000e+00,1.821300e-02,6.649506e-02
3.45500,0.600000,0.500000,0.000000e+00,0.000000e+00,1.000000e+00,1.255740e-01,0.000000e+00,0.000000e+00,1.821316e-02,6.649696e-02
3.45750,0.600000,0.500000,0.000000e+00,0.000000e+00,1.000000e+00,1.255740e-01,0.000000e+00,0.000000e+00,1.821332e-02,6.649886e-02
3.46000,0.600000,0.500000,0.000000e+00,0.000000e+00,1.000000e+00,1.255740e-01,0.000000e+00,0.000000e+00,1.821348e-02,6.650076e-02
3.46250,0.600000,0.500000,0.000000e+00,0.000000e+00,1.000000e+00,1.255740e-01,0.000000e+00,0.000000e+00,1.821364e-02,6.650265e-02
3.46500,0.600000,0.500000,0.000000e+00,0.000000e+00,1.000000e+00,1.255740e-01,0.000000e+00,0.000000e+00,1.821380e-02,6.650454e-02
3.46750,0.600000,0.500000,0.000000e+00,0.000000e+00,1.000000e+00,1.255740e-01,0.000000e+00,0.000000e+00,1.821396e-02,6.650642e-02
3.47000,0.600000,0.500000,0.000000e+00,0.000000e+00,1.000000e+00,1.255740e-01,0.000000e+00,0.000000e+00,1.821412e-02,6.650830e-02
3.47250,0.600000,0.500000,0.000000e+00,0.000000e+00,1.000000e+00,1.255740e-01,0.000000e+00,0.000000e+00,1.821428e-02,6.651017e-02
3.47500,0.600000,0.500000,0.000000e+00,0.000000e+00,1.000000e+00,1.255740e-01,0.000000e+00,0.000000e+00,1.821443e-02,6.651203e-02
3.47750,0.600000,0.500000,0.000000e+00,0.000000e+00,1.000000e+00,1.255740e-01,0.000000e+00,0.000000e+00,1.821459e-02,6.651389e-02
3.48000,0.600000,0.500000,0.000000e+00,0.000000e+00,1.000000e+00,1.255740e-01,0.000000e+00,0.000000e+00,1.821475e-02,6.651575e-02
3.48250,0.600000,0.500000,0.000000e+00,0.000000e+00,1.000000e+00,1.255740e-01,0.000000e+00,0.000000e+00,1.821491e-02,6.651760e-02
3.48500,0.600000,0.500000,0.000000e+00,0.000000e+00,1.000000e+00,1.255740e-01,0.000000e+00,0.000000e+00,1.821506e-02,6.651945e-02
3.48750,0.600000,0.500000,0.000000e+00,0.000000e+00,1.000000e+00,1.255740e-01,0.000000e+00,0.000000e+00,1.821522e-02,6.652129e-02
3.49000,0.600000,0.500000,0.000000e+00,0.000000e+00,1.000000e+00,1.255740e-01,0.000000e+00,0.000000e+00,1.821537e-02,6.652313e-02
3.49250,0.600000,0.500000,0.000000e+00,0.000000e+00,1.000000e+00,1.255740e-01,0.000000e+00,0.000000e+00,1.821553e-02,6.652496e-02
3.49500,0.600000,0.500000,0.000000e+00,0.000000e+00,1.000000e+00,1.255740e-01,0.000000e+00,0.000000e+00,1.821568e-02,6.652678e-02
3.49750,0.600000,0.500000,0.000000e+00,0.000000e+00,1.000000e+00,1.255740e-01,0.000000e+00,0.000000e+00,1.821584e-02,6.652861e-02
3.50000,0.600000,0.500000,0.000000e+00,0.000000e+00,1.000000e+00,1.255740e-01,0.000000e+00,0.000000e+00,1.821599e-02,6.653042e-02
3.50250,0.600000,0.500000,0.000000e+00,0.000000e+00,1.000000e+00,1.255740e-01,0.000000e+00,0.000000e+00,1.821614e-02,6.653223e-02
3.50500,0.600000,0.500000,0.000000e+00,0.000000e+00,1.000000e+00,1.255740e-01,0.000000e+00,0.000000e+00,1.821630e-02,6.653404e-02
3.50750,0.600000,0.500000,0.000000e+00,0.000000e+00,1.000000e+00,1.255740e-01,0.000000e+00,0.000000e+00,1.821645e-02,6.653584e-02
3.51000,0.600000,0.500000,0.000000e+00,0.000000e+00,1.000000e+00,1.255740e-01,0.000000e+00,0.000000e+00,1.821660e-02,6.653764e-02
3.51250,0.600000,0.500000,0.000000e+00,0.000000e+00,1.000000e+00,1.255740e-01,0.000000e+00,0.000000e+00,1.821675e-02,6.653943e-02
3.51500,0.600000,0.500000,0.000000e+00,0.000000e+00,1.000000e+00,1.255740e-01,0.000000e+00,0.000000e+00,1.821690e-02,6.654122e-02
3.51750,0.600000,0.500000,0.000000e+00,0.000000e+00,1.000000e+00,1.255740e-01,0.000000e+00,0.000000e+00,1.821705e-02,6.654301e-02
3.52000,0.600000,0.500000,0.000000e+00,0.000000e+00,1.000000e+00,1.255740e-01,0.000000e+00,0.000000e+00,1.821721e-02,6.654478e-02
3.52250,0.600000,0.500000,0.000000e+00,0.000000e+00,1.000000e+00,1.255740e-01,0.000000e+00,0.000000e+00,1.821736e-02,6.654656e-02
3.52500,0.600000,0.500000,0.000000e+00,0.000000e+00,1.000000e+00,1.255740e-01,0.000000e+00,0.000000e+00,1.821751e-02,6.654833e-02
3.52750,0.600000,0.500000,0.000000e+00,0.000000e+00,1.000000e+00,1.255740e-01,0.000000e+00,0.000000e+00,1.821765e-02,6.655009e-02
3.53000,0.600000,0.500000,0.000000e+00,0.000000e+00,1.000000e+00,1.255740e-01,0.000000e+00,0.000000e+00,1.821780e-02,6.655185e-02
3.53250,0.600000,0.500000,0.000000e+00,0.000000e+00,1.000000e+00,1.255740e-01,0.000000e+00,0.000000e+00,1.821795e-02,6.655360e-02
3.53500,0.600000,0.500000,0.000000e+00,0.000000e+00,1.000000e+00,1.255740e-01,0.000000e+00,0.000000e+00,1.821810e-02,6.655535e-02
3.53750,0.600000,0.500000,0.000000e+00,0.000000e+00,1.000000e+00,1.255740e-01,0.000000e+00,0.000000e+00,1.821825e-02,6.655710e-02
3.54000,0.600000,0.500000,0.000000e+00,0.000000e+00,1.000000e+00,1.255740e-01,0.000000e+00,0.000000e+00,1.821840e-02,6.655884e-02
3.54250,0.600000,0.500000,0.000000e+00,0.000000e+00,1.000000e+00,1.255740e-01,0.000000e+00,0.000000e+00,1.821854e-02,6.656058e-02
3.54500,0.600000,0.500000,0.000000e+00,0.000000e+00,1.000000e+00,1.255740e-01,0.000000e+00,0.000000e+00,1.821869e-02,6.656231e-02
3.54750,0.600000,0.500000,0.000000e+00,0.000000e+00,1.000000e+00,1.255740e-01,0.000000e+00,0.000000e+00,1.821884e-02,6.656403e-02
3.55000,0.600000,0.500000,0.000000e+00,0.000000e+00,1.000000e+00,1.255740e-01,0.000000e+00,0.000000e+00,1.821898e-02,6.656576e-02
3.55250,0.600000,0.500000,0.000000e+00,0.000000e+00,1.000000e+00,1.255740e-01,0.000000e+00,0.000000e+00,1.821913e-02,6.656747e-02
3.55500,0.600000,0.500000,0.000000e+00,0.000000e+00,1.000000e+00,1.255740e-01,0.000000e+00,0.000000e+00,1.821928e-02,6.656919e-02
3.55750,0.600000,0.500000,0.000000e+00,0.000000e+00,1.000000e+00,1.255740e-01,0.000000e+00,0.000000e+00,1.821942e-02,6.657089e-02
3.56000,0.600000,0.500000,0.000000e+00,0.000000e+00,1.000000e+00,1.255740e-01,0.000000e+00,0.000000e+00,1.821957e-02,6.657260e-02
3.56250,0.600000,0.500000,0.000000e+00,0.000000e+00,1.000000e+00,1.255740e-01,0.000000e+00,0.000000e+00,1.821971e-02,6.657430e-02
3.56500,0.600000,0.500000,0.000000e+00,0.000000e+00,1.000000e+00,1.255740e-01,0.000000e+00,0.000000e+00,1.821986e-02,6.657599e-02
3.56750,0.600000,0.500000,0.000000e+00,0.000000e+00,1.000000e+00,1.255740e-01,0.000000e+00,0.000000e+00,1.822000e-02,6.657768e-02
3.57000,0.600000,0.500000,0.000000e+00,0.000000e+00,1.000000e+00,1.255740e-01,0.000000e+00,0.000000e+00,1.822014e-02,6.657937e-02
3.57250,0.600000,0.500000,0.000000e+00,0.000000e+00,1.000000e+00,1.255740e-01,0.000000e+00,0.000000e+00,1.822029e-02,6.658105e-02
3.57500,0.600000,0.500000,0.000000e+00,0.000000e+00,1.000000e+00,1.255740e-01,0.000000e+00,0.000000e+00,1.822043e-02,6.658272e-02
3.57750,0.600000,0.500000,0.000000e+00,0.000000e+00,1.000000e+00,1.255740e-01,0.000000e+00,0.000000e+00,1.822057e-02,6.658440e-02
3.58000,0.600000,0.500000,0.000000e+00,0.000000e+00,1.000000e+00,1.255740e-01,0.000000e+00,0.000000e+00,1.822071e-02,6.658606e-02
3.58250,0.600000,0.500000,0.000000e+00,0.000000e+00,1.000000e+00,1.255740e-01,0.000000e+00,0.000000e+00,1.822085e-02,6.658773e-02
3.58500,0.600000,0.500000,0.000000e+00,0.000000e+00,1.000000e+00,1.255740e-01,0.000000e+00,0.000000e+00,1.822100e-02,6.658939e-02
3.58750,0.600000,0.500000,0.000000e+00,0.000000e+00,1.000000e+00,1.255740e-01,0.000000e+00,0.000000e+00,1.822114e-02,6.659104e-02
3.59000,0.600000,0.500000,0.000000e+00,0.000000e+00,1.000000e+00,1.255740e-01,0.000000e+00,0.000000e+00,1.822128e-02,6.659269e-02
3.59250,0.600000,0.500000,0.000000e+00,0.000000e+00,1.000000e+00,1.255740e-01,0.000000e+00,0.000000e+00,1.822142e-02,6.659434e-02
3.59500,0.600000,0.500000,0.000000e+00,0.000000e+00,1.000000e+00,1.255740e-01,0.000000e+00,0.000000e+00,1.822156e-02,6.659598e-02
3.59750,0.600000,0.500000,0.000000e+00,0.000000e+00,1.000000e+00,1.255740e-01,0.000000e+00,0.000000e+00,1.822170e-02,6.659761e-02
3.60000,0.600000,0.500000,0.000000e+00,0.000000e+00,1.000000e+00,1.255740e-01,0.000000e+00,0.000000e+00,1.822184e-02,6.659925e-02
3.60250,0.600000,0.500000,0.000000e+00,0.000000e+00,1.000000e+00,1.255740e-01,0.000000e+00,0.000000e+00,1.822198e-02,6.660087e-02
3.60500,0.600000,0.500000,0.000000e+00,0.000000e+00,1.000000e+00,1.255740e-01,0.000000e+00,0.000000e+00,1.822211e-02,6.660250e-02
3.60750,0.600000,0.500000,0.000000e+00,0.000000e+00,1.000000e+00,1.255740e-01,0.000000e+00,0.000000e+00,1.822225e-02,6.660412e-02
3.61000,0.600000,0.500000,0.000000e+00,0.000000e+00,1.000000e+00,1.255740e-01,0.000000e+00,0.000000e+00,1.822239e-02,6.660573e-02
3.61250,0.600000,0.500000,0.000000e+00,0.000000e+00,1.000000e+00,1.255740e-01,0.000000e+00,0.000000e+00,1.822253e-02,6.660734e-02
3.61500,0.600000,0.500000,0.000000e+00,0.000000e+00,1.000000e+00,1.255740e-01,0.000000e+00,0.000000e+00,1.822267e-02,6.660895e-02
3.61750,0.600000,0.500000,0.000000e+00,0.000000e+00,1.000000e+00,1.255740e-01,0.000000e+00,0.000000e+00,1.822280e-02,6.661055e-02
3.62000,0.600000,0.500000,0.000000e+00,0.000000e+00,1.000000e+00,1.255740e-01,0.000000e+00,0.000000e+00,1.822294e-02,6.661215e-02
3.62250,0.600000,0.500000,0.000000e+00,0.000000e+00,1.000000e+00,1.255740e-01,0.000000e+00,0.000000e+00,1.822308e-02,6.661374e-02
3.62500,0.600000,0.500000,0.000000e+00,0.000000e+00,1.000000e+00,1.255740e-01,0.000000e+00,0.000000e+00,1.822321e-02,6.661533e-02
3.62750,0.600000,0.500000,0.000000e+00,0.000000e+00,1.000000e+00,1.255740e-01,0.000000e+00,0.000000e+00,1.822335e-02,6.661691e-02
3.63000,0.600000,0.500000,0.000000e+00,0.000000e+00,1.000000e+00,1.255740e-01,0.000000e+00,0.000000e+00,1.822348e-02,6.661850e-02
3.63250,0.600000,0.500000,0.000000e+00,0.000000e+00,1.000000e+00,1.255740e-01,0.000000e+00,0.000000e+00,1.822362e-02,6.662007e-02
3.63500,0.600000,0.500000,0.000000e+00,0.000000e+00,1.000000e+00,1.255740e-01,0.000000e+00,0.000000e+00,1.822375e-02,6.662164e-02
3.63750,0.600000,0.500000,0.000000e+00,0.000000e+00,1.000000e+00,1.255740e-01,0.000000e+00,0.000000e+00,1.822389e-02,6.662321e-02
3.64000,0.600000,0.500000,0.000000e+00,0.000000e+00,1.000000e+00,1.255740e-01,0.000000e+00,0.000000e+00,1.822402e-02,6.662478e-02
3.64250,0.600000,0.500000,0.000000e+00,0.000000e+00,1.000000e+00,1.255740e-01,0.000000e+00,0.000000e+00,1.822415e-02,6.662634e-02
3.64500,0.600000,0.500000,0.000000e+00,0.000000e+00,1.000000e+00,1.255740e-01,0.000000e+00,0.000000e+00,1.822429e-02,6.662789e-02
3.64750,0.600000,0.500000,0.000000e+00,0.000000e+00,1.000000e+00,1.255740e-01,0.000000e+00,0.000000e+00,1.822442e-02,6.662944e-02
3.65000,0.600000,0.500000,0.000000e+00,0.000000e+00,1.000000e+00,1.255740e-01,0.000000e+00,0.000000e+00,1.822455e-02,6.663099e-02
3.65250,0.600000,0.500000,0.000000e+00,0.000000e+00,1.000000e+00,1.255740e-01,0.000000e+00,0.000000e+00,1.822468e-02,6.663253e-02
3.65500,0.600000,0.500000,0.000000e+00,0.000000e+00,1.000000e+00,1.255740e-01,0.000000e+00,0.000000e+00,1.822482e-02,6.663407e-02
3.65750,0.600000,0.500000,0.000000e+00,0.000000e+00,1.000000e+00,1.255740e-01,0.000000e+00,0.000000e+00,1.822495e-02,6.663561e-02
3.66000,0.600000,0.500000,0.000000e+00,0.000000e+00,1.000000e+00,1.255740e-01,0.000000e+00,0.000000e+00,1.822508e-02,6.663714e-02
3.66250,0.600000,0.500000,0.000000e+00,0.000000e+00,1.000000e+00,1.255740e-01,0.000000e+00,0.000000e+00,1.822521e-02,6.663866e-02
3.66500,0.600000,0.500000,0.000000e+00,0.000000e+00,1.000000e+00,1.255740e-01,0.000000e+00,0.000000e+00,1.822534e-02,6.664019e-02
3.66750,0.600000,0.500000,0.000000e+00,0.000000e+00,1.000000e+00,1.255740e-01,0.000000e+00,0.000000e+00,1.822547e-02,6.664171e-02
3.67000,0.600000,0.500000,0.000000e+00,0.000000e+00,1.000000e+00,1.255740e-01,0.000000e+00,0.000000e+00,1.822560e-02,6.664322e-02
3.67250,0.600000,0.500000,0.000000e+00,0.000000e+00,1.000000e+00,1.255740e-01,0.000000e+00,0.000000e+00,1.822573e-02,6.664473e-02
3.67500,0.600000,0.500000,0.000000e+00,0.000000e+00,1.000000e+00,1.255740e-01,0.000000e+00,0.000000e+00,1.822586e-02,6.664624e-02
3.67750,0.600000,0.500000,0.000000e+00,0.000000e+00,1.000000e+00,1.255740e-01,0.000000e+00,0.000000e+00,1.822599e-02,6.664774e-02
3.68000,0.600000,0.500000,0.000000e+00,0.000000e+00,1.000000e+00,1.255740e-01,0.000000e+00,0.000000e+00,1.822612e-02,6.664924e-02
3.68250,0.600000,0.500000,0.000000e+00,0.000000e+00,1.000000e+00,1.255740e-01,0.000000e+00,0.000000e+00,1.822625e-02,6.665073e-02
3.68500,0.600000,0.500000,0.000000e+00,0.000000e+00,1.000000e+00,1.255740e-01,0.000000e+00,0.000000e+00,1.822637e-02,6.665222e-02
3.68750,0.600000,0.500000,0.000000e+00,0.000000e+00,1.000000e+00,1.255740e-01,0.000000e+00,0.000000e+00,1.822650e-02,6.665371e-02
3.69000,0.600000,0.500000,0.000000e+00,0.000000e+00,1.000000e+00,1.255740e-01,0.000000e+00,0.000000e+00,1.822663e-02,6.665519e-02
3.69250,0.600000,0.500000,0.000000e+00,0.000000e+00,1.000000e+00,1.255740e-01,0.000000e+00,0.000000e+00,1.822676e-02,6.665667e-02
3.69500,0.600000,0.500000,0.000000e+00,0.000000e+00,1.000000e+00,1.255740e-01,0.000000e+00,0.000000e+00,1.822688e-02,6.665814e-02
3.69750,0.600000,0.500000,0.000000e+00,0.000000e+00,1.000000e+00,1.255740e-01,0.000000e+00,0.000000e+00,1.822701e-02,6.665961e-02
3.70000,0.600000,0.500000,0.000000e+00,0.000000e+00,1.000000e+00,1.255740e-01,0.000000e+00,0.000000e+00,1.822713e-02,6.666108e-02
3.70250,0.600000,0.500000,0.000000e+00,0.000000e+00,1.000000e+00,1.255740e-01,0.000000e+00,0.000000e+00,1.822726e-02,6.666254e-02
3.70500,0.600000,0.500000,0.000000e+00,0.000000e+00,1.000000e+00,1.255740e-01,0.000000e+00,0.000000e+00,1.822739e-02,6.666400e-02
3.70750,0.600000,0.500000,0.000000e+00,0.000000e+00,1.000000e+00,1.255740e-01,0.000000e+00,0.000000e+00,1.822751e-02,6.666546e-02
3.71000,0.600000,0.500000,0.000000e+00,0.000000e+00,1.000000e+00,1.255740e-01,0.000000e+00,0.000000e+00,1.822764e-02,6.666691e-02
3.71250,0.600000,0.500000,0.000000e+00,0.000000e+00,1.000000e+00,1.255740e-01,0.000000e+00,0.000000e+00,1.822776e-02,6.666835e-02
3.71500,0.600000,0.500000,0.000000e+00,0.000000e+00,1.000000e+00,1.255740e-01,0.000000e+00,0.000000e+00,1.822788e-02,6.666980e-02
3.71750,0.600000,0.500000,0.000000e+00,0.000000e+00,1.000000e+00,1.255740e-01,0.000000e+00,0.000000e+00,1.822801e-02,6.667124e-02
3.72000,0.600000,0.500000,0.000000e+00,0.000000e+00,1.000000e+00,1.255740e-01,0.000000e+00,0.000000e+00,1.822813e-02,6.667267e-02
3.72250,0.600000,0.500000,0.000000e+00,0.000000e+00,1.000000e+00,1.255740e-01,0.000000e+00,0.000000e+00,1.822826e-02,6.667410e-02
3.72500,0.600000,0.500000,0.000000e+00,0.000000e+00,1.000000e+00,1.255740e-01,0.000000e+00,0.000000e+00,1.822838e-02,6.667553e-02
3.72750,0.600000,0.500000,0.000000e+00,0.000000e+00,1.000000e+00,1.255740e-01,0.000000e+00,0.000000e+00,1.822850e-02,6.667696e-02
3.73000,0.600000,0.500000,0.000000e+00,0.000000e+00,1.000000e+00,1.255740e-01,0.000000e+00,0.000000e+00,1.822862e-02,6.667838e-02
3.73250,0.600000,0.500000,0.000000e+00,0.000000e+00,1.000000e+00,1.255740e-01,0.000000e+00,0.000000e+00,1.822875e-02,6.667979e-02
3.73500,0.600000,0.500000,0.000000e+00,0.000000e+00,1.000000e+00,1.255740e-01,0.000000e+00,0.000000e+00,1.822887e-02,6.668121e-02
3.73750,0.600000,0.500000,0.000000e+00,0.000000e+00,1.000000e+00,1.255740e-01,0.000000e+00,0.000000e+00,1.822899e-02,6.668261e-02
3.74000,0.600000,0.500000,0.000000e+00,0.000000e+00,1.000000e+00,1.255740e-01,0.000000e+00,0.000000e+00,1.822911e-02,6.668402e-02
3.74250,0.600000,0.500000,0.000000e+00,0.000000e+00,1.000000e+00,1.255740e-01,0.000000e+00,0.000000e+00,1.822923e-02,6.668542e-02
3.74500,0.600000,0.500000,0.000000e+00,0.000000e+00,1.000000e+00,1.255740e-01,0.000000e+00,0.000000e+00,1.822935e-02,6.668682e-02
3.74750,0.600000,0.500000,0.000000e+00,0.000000e+00,1.000000e+00,1.255740e-01,0.000000e+00,0.000000e+00,1.822947e-02,6.668821e-02
3.75000,0.600000,0.500000,0.000000e+00,0.000000e+00,1.000000e+00,1.255740e-01,0.000000e+00,0.000000e+00,1.822959e-02,6.668960e-02
3.75250,0.600000,0.500000,0.000000e+00,0.000000e+00,1.000000e+00,1.255740e-01,0.000000e+00,0.000000e+00,1.822971e-02,6.669099e-02
3.75500,0.600000,0.500000,0.000000e+00,0.000000e+00,1.000000e+00,1.255740e-01,0.000000e+00,0.000000e+00,1.822983e-02,6.669237e-02
3.75750,0.600000,0.500000,0.000000e+00,0.000000e+00,1.000000e+00,1.255740e-01,0.000000e+00,0.000000e+00,1.822995e-02,6.669375e-02
3.76000,0.600000,0.500000,0.000000e+00,0.000000e+00,1.000000e+00,1.255740e-01,0.000000e+00,0.000000e+00,1.823007e-02,6.669513e-02
3.76250,0.600000,0.500000,0.000000e+00,0.000000e+00,1.000000e+00,1.255740e-01,0.000000e+00,0.000000e+00,1.823019e-02,6.669650e-02
3.76500,0.600000,0.500000,0.000000e+00,0.000000e+00,1.000000e+00,1.255740e-01,0.000000e+00,0.000000e+00,1.823031e-02,6.669787e-02
3.76750,0.600000,0.500000,0.000000e+00,0.000000e+00,1.000000e+00,1.255740e-01,0.000000e+00,0.000000e+00,1.823042e-02,6.669923e-02
3.77000,0.600000,0.500000,0.000000e+00,0.000000e+00,1.000000e+00,1.255740e-01,0.000000e+00,0.000000e+00,1.823054e-02,6.670059e-02
3.77250,0.600000,0.500000,0.000000e+00,0.000000e+00,1.000000e+00,1.255740e-01,0.000000e+00,0.000000e+00,1.823066e-02,6.670195e-02
3.77500,0.600000,0.500000,0.000000e+00,0.000000e+00,1.000000e+00,1.255740e-01,0.000000e+00,0.000000e+00,1.823078e-02,6.670330e-02
3.77750,0.600000,0.500000,0.000000e+00,0.000000e+00,1.000000e+00,1.255740e-01,0.000000e+00,0.000000e+00,1.823089e-02,6.670465e-02
3.78000,0.600000,0.500000,0.000000e+00,0.000000e+00,1.000000e+00,1.255740e-01,0.000000e+00,0.000000e+00,1.823101e-02,6.670600e-02
3.78250,0.600000,0.500000,0.000000e+00,0.000000e+00,1.000000e+00,1.255740e-01,0.000000e+00,0.000000e+00,1.823113e-02,6.670734e-02
3.78500,0.600000,0.500000,0.000000e+00,0.000000e+00,1.000000e+00,1.255740e-01,0.000000e+00,0.000000e+00,1.823124e-02,6.670868e-02
3.78750,0.600000,0.500000,0.000000e+00,0.000000e+00,1.000000e+00,1.255740e-01,0.000000e+00,0.000000e+00,1.823136e-02,6.671002e-02
3.79000,0.600000,0.500000,0.000000e+00,0.000000e+00,1.000000e+00,1.255740e-01,0.000000e+00,0.000000e+00,1.823147e-02,6.671135e-02
3.79250,0.600000,0.500000,0.000000e+00,0.000000e+00,1.000000e+00,1.255740e-01,0.000000e+00,0.000000e+00,1.823159e-02,6.671268e-02
3.79500,0.600000,0.500000,0.000000e+00,0.000000e+00,1.000000e+00,1.255740e-01,0.000000e+00,0.000000e+00,1.823170e-02,6.671400e-02
3.79750,0.600000,0.500000,0.000000e+00,0.000000e+00,1.000000e+00,1.255740e-01,0.000000e+00,0.000000e+00,1.823182e-02,6.671532e-02
3.80000,0.600000,0.500000,0.000000e+00,0.000000e+00,1.000000e+00,1.255740e-01,0.000000e+00,0.000000e+00,1.823193e-02,6.671664e-02
3.80250,0.600000,0.500000,0.000000e+00,0.000000e+00,1.000000e+00,1.255740e-01,0.000000e+00,0.000000e+00,1.823204e-02,6.671796e-02
3.80500,0.600000,0.500000,0.000000e+00,0.000000e+00,1.000000e+00,1.255740e-01,0.000000e+00,0.000000e+00,1.823216e-02,6.671927e-02
3.80750,0.600000,0.500000,0.000000e+00,0.000000e+00,1.000000e+00,1.255740e-01,0.000000e+00,0.000000e+00,1.823227e-02,6.672057e-02
3.81000,0.600000,0.500000,0.000000e+00,0.000000e+00,1.000000e+00,1.255740e-01,0.000000e+00,0.000000e+00,1.823238e-02,6.672188e-02
3.81250,0.600000,0.500000,0.000000e+00,0.000000e+00,1.000000e+00,1.255740e-01,0.000000e+00,0.000000e+00,1.823250e-02,6.672318e-02
3.81500,0.600000,0.500000,0.000000e+00,0.000000e+00,1.000000e+00,1.255740e-01,0.000000e+00,0.000000e+00,1.823261e-02,6.672448e-02
3.81750,0.600000,0.500000,0.000000e+00,0.000000e+00,1.000000e+00,1.255740e-01,0.000000e+00,0.000000e+00,1.823272e-02,6.672577e-02
3.82000,0.600000,0.500000,0.000000e+00,0.000000e+00,1.000000e+00,1.255740e-01,0.000000e+00,0.000000e+00,1.823283e-02,6.672706e-02
3.82250,0.600000,0.500000,0.000000e+00,0.000000e+00,1.000000e+00,1.255740e-01,0.000000e+00,0.000000e+00,1.823295e-02,6.672835e-02
3.82500,0.600000,0.500000,0.000000e+00,0.000000e+00,1.000000e+00,1.255740e-01,0.000000e+00,0.000000e+00,1.823306e-02,6.672963e-02
3.82750,0.600000,0.500000,0.000000e+00,0.000000e+00,1.000000e+00,1.255740e-01,0.000000e+00,0.000000e+00,1.823317e-02,6.673091e-02
3.83000,0.600000,0.500000,0.000000e+00,0.000000e+00,1.000000e+00,1.255740e-01,0.000000e+00,0.000000e+00,1.823328e-02,6.673218e-02
3.83250,0.600000,0.500000,0.000000e+00,0.000000e+00,1.000000e+00,1.255740e-01,0.000000e+00,0.000000e+00,1.823339e-02,6.673346e-02
3.83500,0.600000,0.500000,0.000000e+00,0.000000e+00,1.000000e+00,1.255740e-01,0.000000e+00,0.000000e+00,1.823350e-02,6.673473e-02
3.83750,0.600000,0.500000,0.000000e+00,0.000000e+00,1.000000e+00,1.255740e-01,0.000000e+00,0.000000e+00,1.823361e-02,6.673599e-02
3.84000,0.600000,0.500000,0.000000e+00,0.000000e+00,1.000000e+00,1.255740e-01,0.000000e+00,0.000000e+00,1.823372e-02,6.673726e-02
3.84250,0.600000,0.500000,0.000000e+00,0.000000e+00,1.000000e+00,1.255740e-01,0.000000e+00,0.000000e+00,1.823383e-02,6.673851e-02
3.84500,0.600000,0.500000,0.000000e+00,0.000000e+00,1.000000e+00,1.255740e-01,0.000000e+00,0.000000e+00,1.823394e-02,6.673977e-02
3.84750,0.600000,0.500000,0.000000e+00,0.000000e+00,1.000000e+00,1.255740e-01,0.000000e+00,0.000000e+00,1.823405e-02,6.674102e-02
3.85000,0.600000,0.500000,0.000000e+00,0.000000e+00,1.000000e+00,1.255740e-01,0.000000e+00,0.000000e+00,1.823415e-02,6.674227e-02
3.85250,0.600000,0.500000,0.000000e+00,0.000000e+00,1.000000e+00,1.255740e-01,0.000000e+00,0.000000e+00,1.823426e-02,6.674352e-02
3.85500,0.600000,0.500000,0.000000e+00,0.000000e+00,1.000000e+00,1.255740e-01,0.000000e+00,0.000000e+00,1.823437e-02,6.674476e-02
3.85750,0.600000,0.500000,0.000000e+00,0.000000e+00,1.000000e+00,1.255740e-01,0.000000e+00,0.000000e+00,1.823448e-02,6.674600e-02
3.86000,0.600000,0.500000,0.000000e+00,0.000000e+00,1.000000e+00,1.255740e-01,0.000000e+00,0.000000e+00,1.823459e-02,6.674724e-02
3.86250,0.600000,0.500000,0.000000e+00,0.000000e+00,1.000000e+00,1.255740e-01,0.000000e+00,0.000000e+00,1.823469e-02,6.674847e-02
3.86500,0.600000,0.500000,0.000000e+00,0.000000e+00,1.000000e+00,1.255740e-01,0.000000e+00,0.000000e+00,1.823480e-02,6.674970e-02
3.86750,0.600000,0.500000,0.000000e+00,0.000000e+00,1.000000e+00,1.255740e-01,0.000000e+00,0.000000e+00,1.823491e-02,6.675093e-02
3.87000,0.600000,0.500000,0.000000e+00,0.000000e+00,1.000000e+00,1.255740e-01,0.000000e+00,0.000000e+00,1.823501e-02,6.675215e-02
3.87250,0.600000,0.500000,0.000000e+00,0.000000e+00,1.000000e+00,1.255740e-01,0.000000e+00,0.000000e+00,1.823512e-02,6.675337e-02
3.87500,0.600000,0.500000,0.000000e+00,0.000000e+00,1.000000e+00,1.255740e-01,0.000000e+00,0.000000e+00,1.823523e-02,6.675458e-02
3.87750,0.600000,0.500000,0.000000e+00,0.000000e+00,1.000000e+00,1.255740e-01,0.000000e+00,0.000000e+00,1.823533e-02,6.675580e-02
3.88000,0.600000,0.500000,0.000000e+00,0.000000e+00,1.000000e+00,1.255740e-01,0.000000e+00,0.000000e+00,1.823544e-02,6.675701e-02
3.88250,0.600000,0.500000,0.000000e+00,0.000000e+00,1.000000e+00,1.255740e-01,0.000000e+00,0.000000e+00,1.823554e-02,6.675821e-02
3.88500,0.600000,0.500000,0.000000e+00,0.000000e+00,1.000000e+00,1.255740e-01,0.000000e+00,0.000000e+00,1.823565e-02,6.675942e-02
3.88750,0.600000,0.500000,0.000000e+00,0.000000e+00,1.000000e+00,1.255740e-01,0.000000e+00,0.000000e+00,1.823575e-02,6.676062e-02
3.89000,0.600000,0.500000,0.000000e+00,0.000000e+00,1.000000e+00,1.255740e-01,0.000000e+00,0.000000e+00,1.823585e-02,6.676181e-02
3.89250,0.600000,0.500000,0.000000e+00,0.000000e+00,1.000000e+00,1.255740e-01,0.000000e+00,0.000000e+00,1.823596e-02,6.676301e-02
3.89500,0.600000,0.500000,0.000000e+00,0.000000e+00,1.000000e+00,1.255740e-01,0.000000e+00,0.000000e+00,1.823606e-02,6.676420e-02
3.89750,0.600000,0.500000,0.000000e+00,0.000000e+00,1.000000e+00,1.255740e-01,0.000000e+00,0.000000e+00,1.823617e-02,6.676539e-02
3.90000,0.600000,0.500000,0.000000e+00,0.000000e+00,1.000000e+00,1.255740e-01,0.000000e+00,0.000000e+00,1.823627e-02,6.676657e-02
3.90250,0.600000,0.500000,0.000000e+00,0.000000e+00,1.000000e+00,1.255740e-01,0.000000e+00,0.000000e+00,1.823637e-02,6.676775e-02
3.90500,0.600000,0.500000,0.000000e+00,0.000000e+00,1.000000e+00,1.255740e-01,0.000000e+00,0.000000e+00,1.823648e-02,6.676893e-02
3.90750,0.600000,0.500000,0.000000e+00,0.000000e+00,1.000000e+00,1.255740e-01,0.000000e+00,0.000000e+00,1.823658e-02,6.677010e-02
3.91000,0.600000,0.500000,0.000000e+00,0.000000e+00,1.000000e+00,1.255740e-01,0.000000e+00,0.000000e+00,1.823668e-02,6.677128e-02
3.91250,0.600000,0.500000,0.000000e+00,0.000000e+00,1.000000e+00,1.255740e-01,0.000000e+00,0.000000e+00,1.823678e-02,6.677244e-02
3.91500,0.600000,0.500000,0.000000e+00,0.000000e+00,1.000000e+00,1.255740e-01,0.000000e+00,0.000000e+00,1.823688e-02,6.677361e-02
3.91750,0.600000,0.500000,0.000000e+00,0.000000e+00,1.000000e+00,1.255740e-01,0.000000e+00,0.000000e+00,1.823698e-02,6.677477e-02
3.92000,0.600000,0.500000,0.000000e+00,0.000000e+00,1.000000e+00,1.255740e-01,0.000000e+00,0.000000e+00,1.823709e-02,6.677593e-02
3.92250,0.600000,0.500000,0.000000e+00,0.000000e+00,1.000000e+00,1.255740e-01,0.000000e+00,0.000000e+00,1.823719e-02,6.677709e-02
3.92500,0.600000,0.500000,0.000000e+00,0.000000e+00,1.000000e+00,1.255740e-01,0.000000e+00,0.000000e+00,1.823729e-02,6.677824e-02
3.92750,0.600000,0.500000,0.000000e+00,0.000000e+00,1.000000e+00,1.255740e-01,0.000000e+00,0.000000e+00,1.823739e-02,6.677939e-02
3.93000,0.600000,0.500000,0.000000e+00,0.000000e+00,1.000000e+00,1.255740e-01,0.000000e+00,0.000000e+00,1.823749e-02,6.678054e-02
3.93250,0.600000,0.500000,0.000000e+00,0.000000e+00,1.000000e+00,1.255740e-01,0.000000e+00,0.000000e+00,1.823759e-02,6.678168e-02
3.93500,0.600000,0.500000,0.000000e+00,0.000000e+00,1.000000e+00,1.255740e-01,0.000000e+00,0.000000e+00,1.823769e-02,6.678282e-02
3.93750,0.600000,0.500000,0.000000e+00,0.000000e+00,1.000000e+00,1.255740e-01,0.000000e+00,0.000000e+00,1.823779e-02,6.678396e-02
3.94000,0.600000,0.500000,0.000000e+00,0.000000e+00,1.000000e+00,1.255740e-01,0.000000e+00,0.000000e+00,1.823789e-02,6.678510e-02
3.94250,0.600000,0.500000,0.000000e+00,0.000000e+00,1.000000e+00,1.255740e-01,0.000000e+00,0.000000e+00,1.823799e-02,6.678623e-02
3.94500,0.600000,0.500000,0.000000e+00,0.000000e+00,1.000000e+00,1.255740e-01,0.000000e+00,0.000000e+00,1.823808e-02,6.678736e-02
3.94750,0.600000,0.500000,0.000000e+00,0.000000e+00,1.000000e+00,1.255740e-01,0.000000e+00,0.000000e+00,1.823818e-02,6.678848e-02
3.95000,0.600000,0.500000,0.000000e+00,0.000000e+00,1.000000e+00,1.255740e-01,0.000000e+00,0.000000e+00,1.823828e-02,6.678960e-02
3.95250,0.600000,0.500000,0.000000e+00,0.000000e+00,1.000000e+00,1.255740e-01,0.000000e+00,0.000000e+00,1.823838e-02,6.679072e-02
3.95500,0.600000,0.500000,0.000000e+00,0.000000e+00,1.000000e+00,1.255740e-01,0.000000e+00,0.000000e+00,1.823848e-02,6.679184e-02
3.95750,0.600000,0.500000,0.000000e+00,0.000000e+00,1.000000e+00,1.255740e-01,0.000000e+00,0.000000e+00,1.823857e-02,6.679295e-02
3.96000,0.600000,0.500000,0.000000e+00,0.000000e+00,1.000000e+00,1.255740e-01,0.000000e+00,0.000000e+00,1.823867e-02,6.679407e-02
3.96250,0.600000,0.500000,0.000000e+00,0.000000e+00,1.000000e+00,1.255740e-01,0.000000e+00,0.000000e+00,1.823877e-02,6.679517e-02
3.96500,0.600000,0.500000,0.000000e+00,0.000000e+00,1.000000e+00,1.255740e-01,0.000000e+00,0.000000e+00,1.823886e-02,6.679628e-02
3.96750,0.600000,0.500000,0.000000e+00,0.000000e+00,1.000000e+00,1.255740e-01,0.000000e+00,0.000000e+00,1.823896e-02,6.679738e-02
3.97000,0.600000,0.500000,0.000000e+00,0.000000e+00,1.000000e+00,1.255740e-01,0.000000e+00,0.000000e+00,1.823906e-02,6.679848e-02
3.97250,0.600000,0.500000,0.000000e+00,0.000000e+00,1.000000e+00,1.255740e-01,0.000000e+00,0.000000e+00,1.823915e-02,6.679958e-02
3.97500,0.600000,0.500000,0.000000e+00,0.000000e+00,1.000000e+00,1.255740e-01,0.000000e+00,0.000000e+00,1.823925e-02,6.680067e-02
3.97750,0.600000,0.500000,0.000000e+00,0.000000e+00,1.000000e+00,1.255740e-01,0.000000e+00,0.000000e+00,1.823934e-02,6.680176e-02
3.98000,0.600000,0.500000,0.000000e+00,0.000000e+00,1.000000e+00,1.255740e-01,0.000000e+00,0.000000e+00,1.823944e-02,6.680285e-02
3.98250,0.600000,0.500000,0.000000e+00,0.000000e+00,1.000000e+00,1.255740e-01,0.000000e+00,0.000000e+00,1.823953e-02,6.680393e-02
3.98500,0.600000,0.500000,0.000000e+00,0.000000e+00,1.000000e+00,1.255740e-01,0.000000e+00,0.000000e+00,1.823963e-02,6.680501e-02
3.98750,0.600000,0.500000,0.000000e+00,0.000000e+00,1.000000e+00,1.255740e-01,0.000000e+00,0.000000e+00,1.823972e-02,6.680609e-02
3.99000,0.600000,0.500000,0.000000e+00,0.000000e+00,1.000000e+00,1.255740e-01,0.000000e+00,0.000000e+00,1.823982e-02,6.680717e-02
3.99250,0.600000,0.500000,0.000000e+00,0.000000e+00,1.000000e+00,1.255740e-01,0.000000e+00,0.000000e+00,1.823991e-02,6.680824e-02
3.99500,0.600000,0.500000,0.000000e+00,0.000000e+00,1.000000e+00,1.255740e-01,0.000000e+00,0.000000e+00,1.824001e-02,6.680931e-02
3.99750,0.600000,0.500000,0.000000e+00,0.000000e+00,1.000000e+00,1.255740e-01,0.000000e+00,0.000000e+00,1.824010e-02,6.681038e-02
4.00000,0.600000,0.500000,0.000000e+00,0.000000e+00,1.000000e+00,1.255740e-01,0.000000e+00,0.000000e+00,1.824019e-02,6.681144e-02
4.00250,0.600000,0.500000,0.000000e+00,0.000000e+00,1.000000e+00,1.255740e-01,0.000000e+00,0.000000e+00,1.824029e-02,6.681250e-02
4.00500,0.600000,0.500000,0.000000e+00,0.000000e+00,1.000000e+00,1.255740e-01,0.000000e+00,0.000000e+00,1.824038e-02,6.681356e-02
4.00750,0.600000,0.500000,0.000000e+00,0.000000e+00,1.000000e+00,1.255740e-01,0.000000e+00,0.000000e+00,1.824047e-02,6.681462e-02
4.01000,0.600000,0.500000,0.000000e+00,0.000000e+00,1.000000e+00,1.255740e-01,0.000000e+00,0.000000e+00,1.824056e-02,6.681567e-02
4.01250,0.600000,0.500000,0.000000e+00,0.000000e+00,1.000000e+00,1.255740e-01,0.000000e+00,0.000000e+00,1.824066e-02,6.681672e-02
4.01500,0.600000,0.500000,0.000000e+00,0.000000e+00,1.000000e+00,1.255740e-01,0.000000e+00,0.000000e+00,1.824075e-02,6.681777e-02
4.01750,0.600000,0.500000,0.000000e+00,0.000000e+00,1.000000e+00,1.255740e-01,0.000000e+00,0.000000e+00,1.824084e-02,6.681881e-02
4.02000,0.600000,0.500000,0.000000e+00,0.000000e+00,1.000000e+00,1.255740e-01,0.000000e+00,0.000000e+00,1.824093e-02,6.681985e-02
4.02250,0.600000,0.500000,0.000000e+00,0.000000e+00,1.000000e+00,1.255740e-01,0.000000e+00,0.000000e+00,1.824102e-02,6.682089e-02
4.02500,0.600000,0.500000,0.000000e+00,0.000000e+00,1.000000e+00,1.255740e-01,0.000000e+00,0.000000e+00,1.824111e-02,6.682193e-02
4.02750,0.600000,0.500000,0.000000e+00,0.000000e+00,1.000000e+00,1.255740e-01,0.000000e+00,0.000000e+00,1.824120e-02,6.682296e-02
4.03000,0.600000,0.500000,0.000000e+00,0.000000e+00,1.000000e+00,1.255740e-01,0.000000e+00,0.000000e+00,1.824129e-02,6.682399e-02
4.03250,0.600000,0.500000,0.000000e+00,0.000000e+00,1.000000e+00,1.255740e-01,0.000000e+00,0.000000e+00,1.824138e-02,6.682502e-02
4.03500,0.600000,0.500000,0.000000e+00,0.000000e+00,1.000000e+00,1.255740e-01,0.000000e+00,0.000000e+00,1.824147e-02,6.682605e-02
4.03750,0.600000,0.500000,0.000000e+00,0.000000e+00,1.000000e+00,1.255740e-01,0.000000e+00,0.000000e+00,1.824156e-02,6.682707e-02
4.04000,0.600000,0.500000,0.000000e+00,0.000000e+00,1.000000e+00,1.255740e-01,0.000000e+00,0.000000e+00,1.824165e-02,6.682809e-02
4.04250,0.600000,0.500000,0.000000e+00,0.000000e+00,1.000000e+00,1.255740e-01,0.000000e+00,0.000000e+00,1.824174e-02,6.682911e-02
4.04500,0.600000,0.500000,0.000000e+00,0.000000e+00,1.000000e+00,1.255740e-01,0.000000e+00,0.000000e+00,1.824183e-02,6.683012e-02
4.04750,0.600000,0.500000,0.000000e+00,0.000000e+00,1.000000e+00,1.255740e-01,0.000000e+00,0.000000e+00,1.824192e-02,6.683113e-02
4.05000,0.600000,0.500000,0.000000e+00,0.000000e+00,1.000000e+00,1.255740e-01,0.000000e+00,0.000000e+00,1.824201e-02,6.683214e-02
4.05250,0.600000,0.500000,0.000000e+00,0.000000e+00,1.000000e+00,1.255740e-01,0.000000e+00,0.000000e+00,1.824210e-02,6.683315e-02
4.05500,0.600000,0.500000,0.000000e+00,0.000000e+00,1.000000e+00,1.255740e-01,0.000000e+00,0.000000e+00,1.824219e-02,6.683415e-02
4.05750,0.600000,0.500000,0.000000e+00,0.000000e+00,1.000000e+00,1.255740e-01,0.000000e+00,0.000000e+00,1.824227e-02,6.683515e-02
4.06000,0.600000,0.500000,0.000000e+00,0.000000e+00,1.000000e+00,1.255740e-01,0.000000e+00,0.000000e+00,1.824236e-02,6.683615e-02
4.06250,0.600000,0.500000,0.000000e+00,0.000000e+00,1.000000e+00,1.255740e-01,0.000000e+00,0.000000e+00,1.824245e-02,6.683715e-02
4.06500,0.600000,0.500000,0.000000e+00,0.000000e+00,1.000000e+00,1.255740e-01,0.000000e+00,0.000000e+00,1.824254e-02,6.683814e-02
4.06750,0.600000,0.500000,0.000000e+00,0.000000e+00,1.000000e+00,1.255740e-01,0.000000e+00,0.000000e+00,1.824262e-02,6.683913e-02
4.07000,0.600000,0.500000,0.000000e+00,0.000000e+00,1.000000e+00,1.255740e-01,0.000000e+00,0.000000e+00,1.824271e-02,6.684012e-02
4.07250,0.600000,0.500000,0.000000e+00,0.000000e+00,1.000000e+00,1.255740e-01,0.000000e+00,0.000000e+00,1.824280e-02,6.684110e-02
4.07500,0.600000,0.500000,0.000000e+00,0.000000e+00,1.000000e+00,1.255740e-01,0.000000e+00,0.000000e+00,1.824288e-02,6.684209e-02
4.07750,0.600000,0.500000,0.000000e+00,0.000000e+00,1.000000e+00,1.255740e-01,0.000000e+00,0.000000e+00,1.824297e-02,6.684307e-02
4.08000,0.600000,0.500000,0.000000e+00,0.000000e+00,1.000000e+00,1.255740e-01,0.000000e+00,0.000000e+00,1.824306e-02,6.684404e-02
4.08250,0.600000,0.500000,0.000000e+00,0.000000e+00,1.000000e+00,1.255740e-01,0.000000e+00,0.000000e+00,1.824314e-02,6.684502e-02
4.08500,0.600000,0.500000,0.000000e+00,0.000000e+00,1.000000e+00,1.255740e-01,0.000000e+00,0.000000e+00,1.824323e-02,6.684599e-02
4.08750,0.600000,0.500000,0.000000e+00,0.000000e+00,1.000000e+00,1.255740e-01,0.000000e+00,0.000000e+00,1.824331e-02,6.684696e-02
4.09000,0.600000,0.500000,0.000000e+00,0.000000e+00,1.000000e+00,1.255740e-01,0.000000e+00,0.000000e+00,1.824340e-02,6.684793e-02
4.09250,0.600000,0.500000,0.000000e+00,0.000000e+00,1.000000e+00,1.255740e-01,0.000000e+00,0.000000e+00,1.824348e-02,6.684889e-02
4.09500,0.600000,0.500000,0.000000e+00,0.000000e+00,1.000000e+00,1.255740e-01,0.000000e+00,0.000000e+00,1.824357e-02,6.684985e-02
4.09750,0.600000,0.500000,0.000000e+00,0.000000e+00,1.000000e+00,1.255740e-01,0.000000e+00,0.000000e+00,1.824365e-02,6.685081e-02
4.10000,0.600000,0.500000,0.000000e+00,0.000000e+00,1.000000e+00,1.255740e-01,0.000000e+00,0.000000e+00,1.824374e-02,6.685177e-02
4.10250,0.600000,0.500000,0.000000e+00,0.000000e+00,1.000000e+00,1.255740e-01,0.000000e+00,0.000000e+00,1.824382e-02,6.685272e-02
4.10500,0.600000,0.500000,0.000000e+00,0.000000e+00,1.000000e+00,1.255740e-01,0.000000e+00,0.000000e+00,1.824391e-02,6.685367e-02
4.10750,0.600000,0.500000,0.000000e+00,0.000000e+00,1.000000e+00,1.255740e-01,0.000000e+00,0.000000e+00,1.824399e-02,6.685462e-02
4.11000,0.600000,0.500000,0.000000e+00,0.000000e+00,1.000000e+00,1.255740e-01,0.000000e+00,0.000000e+00,1.824407e-02,6.685557e-02
4.11250,0.600000,0.500000,0.000000e+00,0.000000e+00,1.000000e+00,1.255740e-01,0.000000e+00,0.000000e+00,1.824416e-02,6.685651e-02
4.11500,0.600000,0.500000,0.000000e+00,0.000000e+00,1.000000e+00,1.255740e-01,0.000000e+00,0.000000e+00,1.824424e-02,6.685745e-02
4.11750,0.600000,0.500000,0.000000e+00,0.000000e+00,1.000000e+00,1.255740e-01,0.000000e+00,0.000000e+00,1.824432e-02,6.685839e-02
4.12000,0.600000,0.500000,0.000000e+00,0.000000e+00,1.000000e+00,1.255740e-01,0.000000e+00,0.000000e+00,1.824440e-02,6.685933e-02
4.12250,0.600000,0.500000,0.000000e+00,0.000000e+00,1.000000e+00,1.255740e-01,0.000000e+00,0.000000e+00,1.824449e-02,6.686026e-02
4.12500,0.600000,0.500000,0.000000e+00,0.000000e+00,1.000000e+00,1.255740e-01,0.000000e+00,0.000000e+00,1.824457e-02,6.686120e-02
4.12750,0.600000,0.500000,0.000000e+00,0.000000e+00,1.000000e+00,1.255740e-01,0.000000e+00,0.000000e+00,1.824465e-02,6.686212e-02
4.13000,0.600000,0.500000,0.000000e+00,0.000000e+00,1.000000e+00,1.255740e-01,0.000000e+00,0.000000e+00,1.824473e-02,6.686305e-02
4.13250,0.600000,0.500000,0.000000e+00,0.000000e+00,1.000000e+00,1.255740e-01,0.000000e+00,0.000000e+00,1.824481e-02,6.686397e-02
4.13500,0.600000,0.500000,0.000000e+00,0.000000e+00,1.000000e+00,1.255740e-01,0.000000e+00,0.000000e+00,1.824490e-02,6.686490e-02
4.13750,0.600000,0.500000,0.000000e+00,0.000000e+00,1.000000e+00,1.255740e-01,0.000000e+00,0.000000e+00,1.824498e-02,6.686582e-02
4.14000,0.600000,0.500000,0.000000e+00,0.000000e+00,1.000000e+00,1.255740e-01,0.000000e+00,0.000000e+00,1.824506e-02,6.686673e-02
4.14250,0.600000,0.500000,0.000000e+00,0.000000e+00,1.000000e+00,1.255740e-01,0.000000e+00,0.000000e+00,1.824514e-02,6.686765e-02
4.14500,0.600000,0.500000,0.000000e+00,0.000000e+00,1.000000e+00,1.255740e-01,0.000000e+00,0.000000e+00,1.824522e-02,6.686856e-02
4.14750,0.600000,0.500000,0.000000e+00,0.000000e+00,1.000000e+00,1.255740e-01,0.000000e+00,0.000000e+00,1.824530e-02,6.686947e-02
4.15000,0.600000,0.500000,0.000000e+00,0.000000e+00,1.000000e+00,1.255740e-01,0.000000e+00,0.000000e+00,1.824538e-02,6.687037e-02
4.15250,0.600000,0.500000,0.000000e+00,0.000000e+00,1.000000e+00,1.255740e-01,0.000000e+00,0.000000e+00,1.824546e-02,6.687128e-02
4.15500,0.600000,0.500000,0.000000e+00,0.000000e+00,1.000000e+00,1.255740e-01,0.000000e+00,0.000000e+00,1.824554e-02,6.687218e-02
4.15750,0.600000,0.500000,0.000000e+00,0.000000e+00,1.000000e+00,1.255740e-01,0.000000e+00,0.000000e+00,1.824562e-02,6.687308e-02
4.16000,0.600000,0.500000,0.000000e+00,0.000000e+00,1.000000e+00,1.255740e-01,0.000000e+00,0.000000e+00,1.824570e-02,6.687398e-02
4.16250,0.600000,0.500000,0.000000e+00,0.000000e+00,1.000000e+00,1.255740e-01,0.000000e+00,0.000000e+00,1.824578e-02,6.687487e-02
4.16500,0.600000,0.500000,0.000000e+00,0.000000e+00,1.000000e+00,1.255740e-01,0.000000e+00,0.000000e+00,1.824586e-02,6.687577e-02
4.16750,0.600000,0.500000,0.000000e+00,0.000000e+00,1.000000e+00,1.255740e-01,0.000000e+00,0.000000e+00,1.824593e-02,6.687666e-02
4.17000,0.600000,0.500000,0.000000e+00,0.000000e+00,1.000000e+00,1.255740e-01,0.000000e+00,0.000000e+00,1.824601e-02,6.687754e-02
4.17250,0.600000,0.500000,0.000000e+00,0.000000e+00,1.000000e+00,1.255740e-01,0.000000e+00,0.000000e+00,1.824609e-02,6.687843e-02
4.17500,0.600000,0.500000,0.000000e+00,0.000000e+00,1.000000e+00,1.255740e-01,0.000000e+00,0.000000e+00,1.824617e-02,6.687931e-02
4.17750,0.600000,0.500000,0.000000e+00,0.000000e+00,1.000000e+00,1.255740e-01,0.000000e+00,0.000000e+00,1.824625e-02,6.688019e-02
4.18000,0.600000,0.500000,0.000000e+00,0.000000e+00,1.000000e+00,1.255740e-01,0.000000e+00,0.000000e+00,1.824632e-02,6.688107e-02
4.18250,0.600000,0.500000,0.000000e+00,0.000000e+00,1.000000e+00,1.255740e-01,0.000000e+00,0.000000e+00,1.824640e-02,6.688195e-02
4.18500,0.600000,0.500000,0.000000e+00,0.000000e+00,1.000000e+00,1.255740e-01,0.000000e+00,0.000000e+00,1.824648e-02,6.688282e-02
4.18750,0.600000,0.500000,0.000000e+00,0.000000e+00,1.000000e+00,1.255740e-01,0.000000e+00,0.000000e+00,1.824656e-02,6.688369e-02
4.19000,0.600000,0.500000,0.000000e+00,0.000000e+00,1.000000e+00,1.255740e-01,0.000000e+00,0.000000e+00,1.824663e-02,6.688456e-02
4.19250,0.600000,0.500000,0.000000e+00,0.000000e+00,1.000000e+00,1.255740e-01,0.000000e+00,0.000000e+00,1.824671e-02,6.688543e-02
4.19500,0.600000,0.500000,0.000000e+00,0.000000e+00,1.000000e+00,1.255740e-01,0.000000e+00,0.000000e+00,1.824679e-02,6.688629e-02
4.19750,0.600000,0.500000,0.000000e+00,0.000000e+00,1.000000e+00,1.255740e-01,0.000000e+00,0.000000e+00,1.824686e-02,6.688715e-02
4.20000,0.600000,0.500000,0.000000e+00,0.000000e+00,1.000000e+00,1.255740e-01,0.000000e+00,0.000000e+00,1.824694e-02,6.688801e-02
4.20250,0.600000,0.500000,0.000000e+00,0.000000e+00,1.000000e+00,1.255740e-01,0.000000e+00,0.000000e+00,1.824702e-02,6.688887e-02
4.20500,0.600000,0.500000,0.000000e+00,0.000000e+00,1.000000e+00,1.255740e-01,0.000000e+00,0.000000e+00,1.824709e-02,6.688973e-02
4.20750,0.600000,0.500000,0.000000e+00,0.000000e+00,1.000000e+00,1.255740e-01,0.000000e+00,0.000000e+00,1.824717e-02,6.689058e-02
4.21000,0.600000,0.500000,0.000000e+00,0.000000e+00,1.000000e+00,1.255740e-01,0.000000e+00,0.000000e+00,1.824724e-02,6.689143e-02
4.21250,0.600000,0.500000,0.000000e+00,0.000000e+00,1.000000e+00,1.255740e-01,0.000000e+00,0.000000e+00,1.824732e-02,6.689228e-02
4.21500,0.600000,0.500000,0.000000e+00,0.000000e+00,1.000000e+00,1.255740e-01,0.000000e+00,0.000000e+00,1.824739e-02,6.689312e-02
4.21750,0.600000,0.500000,0.000000e+00,0.000000e+00,1.000000e+00,1.255740e-01,0.000000e+00,0.000000e+00,1.824747e-02,6.689397e-02
4.22000,0.600000,0.500000,0.000000e+00,0.000000e+00,1.000000e+00,1.255740e-01,0.000000e+00,0.000000e+00,1.824754e-02,6.689481e-02
4.22250,0.600000,0.500000,0.000000e+00,0.000000e+00,1.000000e+00,1.255740e-01,0.000000e+00,0.000000e+00,1.824762e-02,6.689565e-02
4.22500,0.600000,0.500000,0.000000e+00,0.000000e+00,1.000000e+00,1.255740e-01,0.000000e+00,0.000000e+00,1.824769e-02,6.689649e-02
4.22750,0.600000,0.500000,0.000000e+00,0.000000e+00,1.000000e+00,1.255740e-01,0.000000e+00,0.000000e+00,1.824776e-02,6.689732e-02
4.23000,0.600000,0.500000,0.000000e+00,0.000000e+00,1.000000e+00,1.255740e-01,0.000000e+00,0.000000e+00,1.824784e-02,6.689815e-02
4.23250,0.600000,0.500000,0.000000e+00,0.000000e+00,1.000000e+00,1.255740e-01,0.000000e+00,0.000000e+00,1.824791e-02,6.689899e-02
4.23500,0.600000,0.500000,0.000000e+00,0.000000e+00,1.000000e+00,1.255740e-01,0.000000e+00,0.000000e+00,1.824799e-02,6.689981e-02
4.23750,0.600000,0.500000,0.000000e+00,0.000000e+00,1.000000e+00,1.255740e-01,0.000000e+00,0.000000e+00,1.824806e-02,6.690064e-02
4.24000,0.600000,0.500000,0.000000e+00,0.000000e+00,1.000000e+00,1.255740e-01,0.000000e+00,0.000000e+00,1.824813e-02,6.690146e-02
4.24250,0.600000,0.500000,0.000000e+00,0.000000e+00,1.000000e+00,1.255740e-01,0.000000e+00,0.000000e+00,1.824820e-02,6.690229e-02
4.24500,0.600000,0.500000,0.000000e+00,0.000000e+00,1.000000e+00,1.255740e-01,0.000000e+00,0.000000e+00,1.824828e-02,6.690310e-02
4.24750,0.600000,0.500000,0.000000e+00,0.000000e+00,1.000000e+00,1.255740e-01,0.000000e+00,0.000000e+00,1.824835e-02,6.690392e-02
4.25000,0.600000,0.500000,0.000000e+00,0.000000e+00,1.000000e+00,1.255740e-01,0.000000e+00,0.000000e+00,1.824842e-02,6.690474e-02
4.25250,0.600000,0.500000,0.000000e+00,0.000000e+00,1.000000e+00,1.255740e-01,0.000000e+00,0.000000e+00,1.824849e-02,6.690555e-02
4.25500,0.600000,0.500000,0.000000e+00,0.000000e+00,1.000000e+00,1.255740e-01,0.000000e+00,0.000000e+00,1.824857e-02,6.690636e-02
4.25750,0.600000,0.500000,0.000000e+00,0.000000e+00,1.000000e+00,1.255740e-01,0.000000e+00,0.000000e+00,1.824864e-02,6.690717e-02
4.26000,0.600000,0.500000,0.000000e+00,0.000000e+00,1.000000e+00,1.255740e-01,0.000000e+00,0.000000e+00,1.824871e-02,6.690798e-02
4.26250,0.600000,0.500000,0.000000e+00,0.000000e+00,1.000000e+00,1.255740e-01,0.000000e+00,0.000000e+00,1.824878e-02,6.690878e-02
4.26500,0.600000,0.500000,0.000000e+00,0.000000e+00,1.000000e+00,1.255740e-01,0.000000e+00,0.000000e+00,1.824885e-02,6.690958e-02
4.26750,0.600000,0.500000,0.000000e+00,0.000000e+00,1.000000e+00,1.255740e-01,0.000000e+00,0.000000e+00,1.824892e-02,6.691038e-02
4.27000,0.600000,0.500000,0.000000e+00,0.000000e+00,1.000000e+00,1.255740e-01,0.000000e+00,0.000000e+00,1.824899e-02,6.691118e-02
4.27250,0.600000,0.500000,0.000000e+00,0.000000e+00,1.000000e+00,1.255740e-01,0.000000e+00,0.000000e+00,1.824906e-02,6.691198e-02
4.27500,0.600000,0.500000,0.000000e+00,0.000000e+00,1.000000e+00,1.255740e-01,0.000000e+00,0.000000e+00,1.824914e-02,6.691277e-02
4.27750,0.600000,0.500000,0.000000e+00,0.000000e+00,1.000000e+00,1.255740e-01,0.000000e+00,0.000000e+00,1.824921e-02,6.691356e-02
4.28000,0.600000,0.500000,0.000000e+00,0.000000e+00,1.000000e+00,1.255740e-01,0.000000e+00,0.000000e+00,1.824928e-02,6.691435e-02
4.28250,0.600000,0.500000,0.000000e+00,0.000000e+00,1.000000e+00,1.255740e-01,0.000000e+00,0.000000e+00,1.824935e-02,6.691514e-02
4.28500,0.600000,0.500000,0.000000e+00,0.000000e+00,1.000000e+00,1.255740e-01,0.000000e+00,0.000000e+00,1.824942e-02,6.691592e-02
4.28750,0.600000,0.500000,0.000000e+00,0.000000e+00,1.000000e+00,1.255740e-01,0.000000e+00,0.000000e+00,1.824948e-02,6.691671e-02
4.29000,0.600000,0.500000,0.000000e+00,0.000000e+00,1.000000e+00,1.255740e-01,0.000000e+00,0.000000e+00,1.824955e-02,6.691749e-02
4.29250,0.600000,0.500000,0.000000e+00,0.000000e+00,1.000000e+00,1.255740e-01,0.000000e+00,0.000000e+00,1.824962e-02,6.691827e-02
4.29500,0.600000,0.500000,0.000000e+00,0.000000e+00,1.000000e+00,1.255740e-01,0.000000e+00,0.000000e+00,1.824969e-02,6.691904e-02
4.29750,0.600000,0.500000,0.000000e+00,0.000000e+00,1.000000e+00,1.255740e-01,0.000000e+00,0.000000e+00,1.824976e-02,6.691982e-02
4.30000,0.600000,0.500000,0.000000e+00,0.000000e+00,1.000000e+00,1.255740e-01,0.000000e+00,0.000000e+00,1.824983e-02,6.692059e-02
4.30250,0.600000,0.500000,0.000000e+00,0.000000e+00,1.000000e+00,1.255740e-01,0.000000e+00,0.000000e+00,1.824990e-02,6.692136e-02
4.30500,0.600000,0.500000,0.000000e+00,0.000000e+00,1.000000e+00,1.255740e-01,0.000000e+00,0.000000e+00,1.824997e-02,6.692213e-02
4.30750,0.600000,0.500000,0.000000e+00,0.000000e+00,1.000000e+00,1.255740e-01,0.000000e+00,0.000000e+00,1.825004e-02,6.692290e-02
4.31000,0.600000,0.500000,0.000000e+00,0.000000e+00,1.000000e+00,1.255740e-01,0.000000e+00,0.000000e+00,1.825010e-02,6.692366e-02
4.31250,0.600000,0.500000,0.000000e+00,0.000000e+00,1.000000e+00,1.255740e-01,0.000000e+00,0.000000e+00,1.825017e-02,6.692443e-02
4.31500,0.600000,0.500000,0.000000e+00,0.000000e+00,1.000000e+00,1.255740e-01,0.000000e+00,0.000000e+00,1.825024e-02,6.692519e-02
4.31750,0.600000,0.500000,0.000000e+00,0.000000e+00,1.000000e+00,1.255740e-01,0.000000e+00,0.000000e+00,1.825031e-02,6.692594e-02
4.32000,0.600000,0.500000,0.000000e+00,0.000000e+00,1.000000e+00,1.255740e-01,0.000000e+00,0.000000e+00,1.825037e-02,6.692670e-02
4.32250,0.600000,0.500000,0.000000e+00,0.000000e+00,1.000000e+00,1.255740e-01,0.000000e+00,0.000000e+00,1.825044e-02,6.692746e-02
4.32500,0.600000,0.500000,0.000000e+00,0.000000e+00,1.000000e+00,1.255740e-01,0.000000e+00,0.000000e+00,1.825051e-02,6.692821e-02
4.32750,0.600000,0.500000,0.000000e+00,0.000000e+00,1.000000e+00,1.255740e-01,0.000000e+00,0.000000e+00,1.825057e-02,6.692896e-02
4.33000,0.600000,0.500000,0.000000e+00,0.000000e+00,1.000000e+00,1.255740e-01,0.000000e+00,0.000000e+00,1.825064e-02,6.692971e-02
4.33250,0.600000,0.500000,0.000000e+00,0.000000e+00,1.000000e+00,1.255740e-01,0.000000e+00,0.000000e+00,1.825071e-02,6.693045e-02
4.33500,0.600000,0.500000,0.000000e+00,0.000000e+00,1.000000e+00,1.255740e-01,0.000000e+00,0.000000e+00,1.825077e-02,6.693120e-02
4.33750,0.600000,0.500000,0.000000e+00,0.000000e+00,1.000000e+00,1.255740e-01,0.000000e+00,0.000000e+00,1.825084e-02,6.693194e-02
4.34000,0.600000,0.500000,0.000000e+00,0.000000e+00,1.000000e+00,1.255740e-01,0.000000e+00,0.000000e+00,1.825091e-02,6.693268e-02
4.34250,0.600000,0.500000,0.000000e+00,0.000000e+00,1.000000e+00,1.255740e-01,0.000000e+00,0.000000e+00,1.825097e-02,6.693342e-02
4.34500,0.600000,0.500000,0.000000e+00,0.000000e+00,1.000000e+00,1.255740e-01,0.000000e+00,0.000000e+00,1.825104e-02,6.693416e-02
4.34750,0.600000,0.500000,0.000000e+00,0.000000e+00,1.000000e+00,1.255740e-01,0.000000e+00,0.000000e+00,1.825110e-02,6.693489e-02
4.35000,0.600000,0.500000,0.000000e+00,0.000000e+00,1.000000e+00,1.255740e-01,0.000000e+00,0.000000e+00,1.825117e-02,6.693562e-02
4.35250,0.600000,0.500000,0.000000e+00,0.000000e+00,1.000000e+00,1.255740e-01,0.000000e+00,0.000000e+00,1.825123e-02,6.693635e-02
4.35500,0.600000,0.500000,0.000000e+00,0.000000e+00,1.000000e+00,1.255740e-01,0.000000e+00,0.000000e+00,1.825130e-02,6.693708e-02
4.35750,0.600000,0.500000,0.000000e+00,0.000000e+00,1.000000e+00,1.255740e-01,0.000000e+00,0.000000e+00,1.825136e-02,6.693781e-02
4.36000,0.600000,0.500000,0.000000e+00,0.000000e+00,1.000000e+00,1.255740e-01,0.000000e+00,0.000000e+00,1.825143e-02,6.693853e-02
4.36250,0.600000,0.500000,0.000000e+00,0.000000e+00,1.000000e+00,1.255740e-01,0.000000e+00,0.000000e+00,1.825149e-02,6.693926e-02
4.36500,0.600000,0.500000,0.000000e+00,0.000000e+00,1.000000e+00,1.255740e-01,0.000000e+00,0.000000e+00,1.825156e-02,6.693998e-02
4.36750,0.600000,0.500000,0.000000e+00,0.000000e+00,1.000000e+00,1.255740e-01,0.000000e+00,0.000000e+00,1.825162e-02,6.694070e-02
4.37000,0.600000,0.500000,0.000000e+00,0.000000e+00,1.000000e+00,1.255740e-01,0.000000e+00,0.000000e+00,1.825168e-02,6.694142e-02
4.37250,0.600000,0.500000,0.000000e+00,0.000000e+00,1.000000e+00,1.255740e-01,0.000000e+00,0.000000e+00,1.825175e-02,6.694213e-02
4.37500,0.600000,0.500000,0.000000e+00,0.000000e+00,1.000000e+00,1.255740e-01,0.000000e+00,0.000000e+00,1.825181e-02,6.694284e-02
4.37750,0.600000,0.500000,0.000000e+00,0.000000e+00,1.000000e+00,1.255740e-01,0.000000e+00,0.000000e+00,1.825188e-02,6.694356e-02
4.38000,0.600000,0.500000,0.000000e+00,0.000000e+00,1.000000e+00,1.255740e-01,0.000000e+00,0.000000e+00,1.825194e-02,6.694427e-02
4.38250,0.600000,0.500000,0.000000e+00,0.000000e+00,1.000000e+00,1.255740e-01,0.000000e+00,0.000000e+00,1.825200e-02,6.694497e-02
4.38500,0.600000,0.500000,0.000000e+00,0.000000e+00,1.000000e+00,1.255740e-01,0.000000e+00,0.000000e+00,1.825206e-02,6.694568e-02
4.38750,0.600000,0.500000,0.000000e+00,0.000000e+00,1.000000e+00,1.255740e-01,0.000000e+00,0.000000e+00,1.825213e-02,6.694638e-02
4.39000,0.600000,0.500000,0.000000e+00,0.000000e+00,1.000000e+00,1.255740e-01,0.000000e+00,0.000000e+00,1.825219e-02,6.694709e-02
4.39250,0.600000,0.500000,0.000000e+00,0.000000e+00,1.000000e+00,1.255740e-01,0.000000e+00,0.000000e+00,1.825225e-02,6.694779e-02
4.39500,0.600000,0.500000,0.000000e+00,0.000000e+00,1.000000e+00,1.255740e-01,0.000000e+00,0.000000e+00,1.825231e-02,6.694848e-02
4.39750,0.600000,0.500000,0.000000e+00,0.000000e+00,1.000000e+00,1.255740e-01,0.000000e+00,0.000000e+00,1.825238e-02,6.694918e-02
4.40000,0.600000,0.500000,0.000000e+00,0.000000e+00,1.000000e+00,1.255740e-01,0.000000e+00,0.000000e+00,1.825244e-02,6.694987e-02
4.40250,0.600000,0.500000,0.000000e+00,0.000000e+00,1.000000e+00,1.255740e-01,0.000000e+00,0.000000e+00,1.825250e-02,6.695057e-02
4.40500,0.600000,0.500000,0.000000e+00,0.000000e+00,1.000000e+00,1.255740e-01,0.000000e+00,0.000000e+00,1.825256e-02,6.695126e-02
4.40750,0.600000,0.500000,0.000000e+00,0.000000e+00,1.000000e+00,1.255740e-01,0.000000e+00,0.000000e+00,1.825262e-02,6.695195e-02
4.41000,0.600000,0.500000,0.000000e+00,0.000000e+00,1.000000e+00,1.255740e-01,0.000000e+00,0.000000e+00,1.825269e-02,6.695264e-02
4.41250,0.600000,0.500000,0.000000e+00,0.000000e+00,1.000000e+00,1.255740e-01,0.000000e+00,0.000000e+00,1.825275e-02,6.695332e-02
4.41500,0.600000,0.500000,0.000000e+00,0.000000e+00,1.000000e+00,1.255740e-01,0.000000e+00,0.000000e+00,1.825281e-02,6.695400e-02
4.41750,0.600000,0.500000,0.000000e+00,0.000000e+00,1.000000e+00,1.255740e-01,0.000000e+00,0.000000e+00,1.825287e-02,6.695469e-02
4.42000,0.600000,0.500000,0.000000e+00,0.000000e+00,1.000000e+00,1.255740e-01,0.000000e+00,0.000000e+00,1.825293e-02,6.695537e-02
4.42250,0.600000,0.500000,0.000000e+00,0.000000e+00,1.000000e+00,1.255740e-01,0.000000e+00,0.000000e+00,1.825299e-02,6.695604e-02
4.42500,0.600000,0.500000,0.000000e+00,0.000000e+00,1.000000e+00,1.255740e-01,0.000000e+00,0.000000e+00,1.825305e-02,6.695672e-02
4.42750,0.600000,0.500000,0.000000e+00,0.000000e+00,1.000000e+00,1.255740e-01,0.000000e+00,0.000000e+00,1.825311e-02,6.695740e-02
4.43000,0.600000,0.500000,0.000000e+00,0.000000e+00,1.000000e+00,1.255740e-01,0.000000e+00,0.000000e+00,1.825317e-02,6.695807e-02
4.43250,0.600000,0.500000,0.000000e+00,0.000000e+00,1.000000e+00,1.255740e-01,0.000000e+00,0.000000e+00,1.825323e-02,6.695874e-02
4.43500,0.600000,0.500000,0.000000e+00,0.000000e+00,1.000000e+00,1.255740e-01,0.000000e+00,0.000000e+00,1.825329e-02,6.695941e-02
4.43750,0.600000,0.500000,0.000000e+00,0.000000e+00,1.000000e+00,1.255740e-01,0.000000e+00,0.000000e+00,1.825335e-02,6.696008e-02
4.44000,0.600000,0.500000,0.000000e+00,0.000000e+00,1.000000e+00,1.255740e-01,0.000000e+00,0.000000e+00,1.825341e-02,6.696074e-02
4.44250,0.600000,0.500000,0.000000e+00,0.000000e+00,1.000000e+00,1.255740e-01,0.000000e+00,0.000000e+00,1.825347e-02,6.696141e-02
4.44500,0.600000,0.500000,0.000000e+00,0.000000e+00,1.000000e+00,1.255740e-01,0.000000e+00,0.000000e+00,1.825353e-02,6.696207e-02
4.44750,0.600000,0.500000,0.000000e+00,0.000000e+00,1.000000e+00,1.255740e-01,0.000000e+00,0.000000e+00,1.825359e-02,6.696273e-02
4.45000,0.600000,0.500000,0.000000e+00,0.000000e+00,1.000000e+00,1.255740e-01,0.000000e+00,0.000000e+00,1.825365e-02,6.696339e-02
4.45250,0.600000,0.500000,0.000000e+00,0.000000e+00,1.000000e+00,1.255740e-01,0.000000e+00,0.000000e+00,1.825370e-02,6.696404e-02
4.45500,0.600000,0.500000,0.000000e+00,0.000000e+00,1.000000e+00,1.255740e-01,0.000000e+00,0.000000e+00,1.825376e-02,6.696470e-02
4.45750,0.600000,0.500000,0.000000e+00,0.000000e+00,1.000000e+00,1.255740e-01,0.000000e+00,0.000000e+00,1.825382e-02,6.696535e-02
4.46000,0.600000,0.500000,0.000000e+00,0.000000e+00,1.000000e+00,1.255740e-01,0.000000e+00,0.000000e+00,1.825388e-02,6.696600e-02
4.46250,0.600000,0.500000,0.000000e+00,0.000000e+00,1.000000e+00,1.255740e-01,0.000000e+00,0.000000e+00,1.825394e-02,6.696665e-02
4.46500,0.600000,0.500000,0.000000e+00,0.000000e+00,1.000000e+00,1.255740e-01,0.000000e+00,0.000000e+00,1.825400e-02,6.696730e-02
4.46750,0.600000,0.500000,0.000000e+00,0.000000e+00,1.000000e+00,1.255740e-01,0.000000e+00,0.000000e+00,1.825405e-02,6.696795e-02
4.47000,0.600000,0.500000,0.000000e+00,0.000000e+00,1.000000e+00,1.255740e-01,0.000000e+00,0.000000e+00,1.825411e-02,6.696859e-02
4.47250,0.600000,0.500000,0.000000e+00,0.000000e+00,1.000000e+00,1.255740e-01,0.000000e+00,0.000000e+00,1.825417e-02,6.696924e-02
4.47500,0.600000,0.500000,0.000000e+00,0.000000e+00,1.000000e+00,1.255740e-01,0.000000e+00,0.000000e+00,1.825423e-02,6.696988e-02
4.47750,0.600000,0.500000,0.000000e+00,0.000000e+00,1.000000e+00,1.255740e-01,0.000000e+00,0.000000e+00,1.825428e-02,6.697052e-02
4.48000,0.600000,0.500000,0.000000e+00,0.000000e+00,1.000000e+00,1.255740e-01,0.000000e+00,0.000000e+00,1.825434e-02,6.697115e-02
4.48250,0.600000,0.500000,0.000000e+00,0.000000e+00,1.000000e+00,1.255740e-01,0.000000e+00,0.000000e+00,1.825440e-02,6.697179e-02
4.48500,0.600000,0.500000,0.000000e+00,0.000000e+00,1.000000e+00,1.255740e-01,0.000000e+00,0.000000e+00,1.825445e-02,6.697242e-02
4.48750,0.600000,0.500000,0.000000e+00,0.000000e+00,1.000000e+00,1.255740e-01,0.000000e+00,0.000000e+00,1.825451e-02,6.697306e-02
4.49000,0.600000,0.500000,0.000000e+00,0.000000e+00,1.000000e+00,1.255740e-01,0.000000e+00,0.000000e+00,1.825457e-02,6.697369e-02
4.49250,0.600000,0.500000,0.000000e+00,0.000000e+00,1.000000e+00,1.255740e-01,0.000000e+00,0.000000e+00,1.825462e-02,6.697432e-02
4.49500,0.600000,0.500000,0.000000e+00,0.000000e+00,1.000000e+00,1.255740e-01,0.000000e+00,0.000000e+00,1.825468e-02,6.697495e-02
4.49750,0.600000,0.500000,0.000000e+00,0.000000e+00,1.000000e+00,1.255740e-01,0.000000e+00,0.000000e+00,1.825474e-02,6.697557e-02
4.50000,0.600000,0.500000,0.000000e+00,0.000000e+00,1.000000e+00,1.255740e-01,0.000000e+00,0.000000e+00,1.825479e-02,6.697620e-02
4.50250,0.600000,0.500000,0.000000e+00,0.000000e+00,1.000000e+00,1.255740e-01,0.000000e+00,0.000000e+00,1.825485e-02,6.697682e-02
4.50500,0.600000,0.500000,0.000000e+00,0.000000e+00,1.000000e+00,1.255740e-01,0.000000e+00,0.000000e+00,1.825490e-02,6.697744e-02
4.50750,0.600000,0.500000,0.000000e+00,0.000000e+00,1.000000e+00,1.255740e-01,0.000000e+00,0.000000e+00,1.825496e-02,6.697806e-02
4.51000,0.600000,0.500000,0.000000e+00,0.000000e+00,1.000000e+00,1.255740e-01,0.000000e+00,0.000000e+00,1.825501e-02,6.697868e-02
4.51250,0.600000,0.500000,0.000000e+00,0.000000e+00,1.000000e+00,1.255740e-01,0.000000e+00,0.000000e+00,1.825507e-02,6.697929e-02
4.51500,0.600000,0.500000,0.000000e+00,0.000000e+00,1.000000e+00,1.255740e-01,0.000000e+00,0.000000e+00,1.825512e-02,6.697991e-02
4.51750,0.600000,0.500000,0.000000e+00,0.000000e+00,1.000000e+00,1.255740e-01,0.000000e+00,0.000000e+00,1.825518e-02,6.698052e-02
4.52000,0.600000,0.500000,0.000000e+00,0.000000e+00,1.000000e+00,1.255740e-01,0.000000e+00,0.000000e+00,1.825523e-02,6.698113e-02
4.52250,0.600000,0.500000,0.000000e+00,0.000000e+00,1.000000e+00,1.255740e-01,0.000000e+00,0.000000e+00,1.825529e-02,6.698174e-02
4.52500,0.600000,0.500000,0.000000e+00,0.000000e+00,1.000000e+00,1.255740e-01,0.000000e+00,0.000000e+00,1.825534e-02,6.698235e-02
4.52750,0.600000,0.500000,0.000000e+00,0.000000e+00,1.000000e+00,1.255740e-01,0.000000e+00,0.000000e+00,1.825540e-02,6.698296e-02
4.53000,0.600000,0.500000,0.000000e+00,0.000000e+00,1.000000e+00,1.255740e-01,0.000000e+00,0.000000e+00,1.825545e-02,6.698356e-02
4.53250,0.600000,0.500000,0.000000e+00,0.000000e+00,1.000000e+00,1.255740e-01,0.000000e+00,0.000000e+00,1.825551e-02,6.698416e-02
4.53500,0.600000,0.500000,0.000000e+00,0.000000e+00,1.000000e+00,1.255740e-01,0.000000e+00,0.000000e+00,1.825556e-02,6.698477e-02
4.53750,0.600000,0.500000,0.000000e+00,0.000000e+00,1.000000e+00,1.255740e-01,0.000000e+00,0.000000e+00,1.825561e-02,6.698537e-02
4.54000,0.600000,0.500000,0.000000e+00,0.000000e+00,1.000000e+00,1.255740e-01,0.000000e+00,0.000000e+00,1.825567e-02,6.698596e-02
4.54250,0.600000,0.500000,0.000000e+00,0.000000e+00,1.000000e+00,1.255740e-01,0.000000e+00,0.000000e+00,1.825572e-02,6.698656e-02
4.54500,0.600000,0.500000,0.000000e+00,0.000000e+00,1.000000e+00,1.255740e-01,0.000000e+00,0.000000e+00,1.825577e-02,6.698716e-02
4.54750,0.600000,0.500000,0.000000e+00,0.000000e+00,1.000000e+00,1.255740e-01,0.000000e+00,0.000000e+00,1.825583e-02,6.698775e-02
4.55000,0.600000,0.500000,0.000000e+00,0.000000e+00,1.000000e+00,1.255740e-01,0.000000e+00,0.000000e+00,1.825588e-02,6.698834e-02
4.55250,0.600000,0.500000,0.000000e+00,0.000000e+00,1.000000e+00,1.255740e-01,0.000000e+00,0.000000e+00,1.825593e-02,6.698893e-02
4.55500,0.600000,0.500000,0.000000e+00,0.000000e+00,1.000000e+00,1.255740e-01,0.000000e+00,0.000000e+00,1.825599e-02,6.698952e-02
4.55750,0.600000,0.500000,0.000000e+00,0.000000e+00,1.000000e+00,1.255740e-01,0.000000e+00,0.000000e+00,1.825604e-02,6.699011e-02
4.56000,0.600000,0.500000,0.000000e+00,0.000000e+00,1.000000e+00,1.255740e-01,0.000000e+00,0.000000e+00,1.825609e-02,6.699069e-02
4.56250,0.600000,0.500000,0.000000e+00,0.000000e+00,1.000000e+00,1.255740e-01,0.000000e+00,0.000000e+00,1.825614e-02,6.699128e-02
4.56500,0.600000,0.500000,0.000000e+00,0.000000e+00,1.000000e+00,1.255740e-01,0.000000e+00,0.000000e+00,1.825620e-02,6.699186e-02
4.56750,0.600000,0.500000,0.000000e+00,0.000000e+00,1.000000e+00,1.255740e-01,0.000000e+00,0.000000e+00,1.825625e-02,6.699244e-02
4.57000,0.600000,0.500000,0.000000e+00,0.000000e+00,1.000000e+00,1.255740e-01,0.000000e+00,0.000000e+00,1.825630e-02,6.699302e-02
4.57250,0.600000,0.500000,0.000000e+00,0.000000e+00,1.000000e+00,1.255740e-01,0.000000e+00,0.000000e+00,1.825635e-02,6.699360e-02
4.57500,0.600000,0.500000,0.000000e+00,0.000000e+00,1.000000e+00,1.255740e-01,0.000000e+00,0.000000e+00,1.825640e-02,6.699418e-02
4.57750,0.600000,0.500000,0.000000e+00,0.000000e+00,1.000000e+00,1.255740e-01,0.000000e+00,0.000000e+00,1.825646e-02,6.699475e-02
4.58000,0.600000,0.500000,0.000000e+00,0.000000e+00,1.000000e+00,1.255740e-01,0.000000e+00,0.000000e+00,1.825651e-02,6.699532e-02
4.58250,0.600000,0.500000,0.000000e+00,0.000000e+00,1.000000e+00,1.255740e-01,0.000000e+00,0.000000e+00,1.825656e-02,6.699590e-02
4.58500,0.600000,0.500000,0.000000e+00,0.000000e+00,1.000000e+00,1.255740e-01,0.000000e+00,0.000000e+00,1.825661e-02,6.699647e-02
4.58750,0.600000,0.500000,0.000000e+00,0.000000e+00,1.000000e+00,1.255740e-01,0.000000e+00,0.000000e+00,1.825666e-02,6.699704e-02
4.59000,0.600000,0.500000,0.000000e+00,0.000000e+00,1.000000e+00,1.255740e-01,0.000000e+00,0.000000e+00,1.825671e-02,6.699760e-02
4.59250,0.600000,0.500000,0.000000e+00,0.000000e+00,1.000000e+00,1.255740e-01,0.000000e+00,0.000000e+00,1.825676e-02,6.699817e-02
4.59500,0.600000,0.500000,0.000000e+00,0.000000e+00,1.000000e+00,1.255740e-01,0.000000e+00,0.000000e+00,1.825681e-02,6.699873e-02
4.59750,0.600000,0.500000,0.000000e+00,0.000000e+00,1.000000e+00,1.255740e-01,0.000000e+00,0.000000e+00,1.825686e-02,6.699930e-02
4.60000,0.600000,0.500000,0.000000e+00,0.000000e+00,1.000000e+00,1.255740e-01,0.000000e+00,0.000000e+00,1.825691e-02,6.699986e-02
4.60250,0.600000,0.500000,0.000000e+00,0.000000e+00,1.000000e+00,1.255740e-01,0.000000e+00,0.000000e+00,1.825696e-02,6.700042e-02
4.60500,0.600000,0.500000,0.000000e+00,0.000000e+00,1.000000e+00,1.255740e-01,0.000000e+00,0.000000e+00,1.825701e-02,6.700098e-02
4.60750,0.600000,0.500000,0.000000e+00,0.000000e+00,1.000000e+00,1.255740e-01,0.000000e+00,0.000000e+00,1.825706e-02,6.700153e-02
4.61000,0.600000,0.500000,0.000000e+00,0.000000e+00,1.000000e+00,1.255740e-01,0.000000e+00,0.000000e+00,1.825711e-02,6.700209e-02
4.61250,0.600000,0.500000,0.000000e+00,0.000000e+00,1.000000e+00,1.255740e-01,0.000000e+00,0.000000e+00,1.825716e-02,6.700264e-02
4.61500,0.600000,0.500000,0.000000e+00,0.000000e+00,1.000000e+00,1.255740e-01,0.000000e+00,0.000000e+00,1.825721e-02,6.700319e-02
4.61750,0.600000,0.500000,0.000000e+00,0.000000e+00,1.000000e+00,1.255740e-01,0.000000e+00,0.000000e+00,1.825726e-02,6.700374e-02
4.62000,0.600000,0.500000,0.000000e+00,0.000000e+00,1.000000e+00,1.255740e-01,0.000000e+00,0.000000e+00,1.825731e-02,6.700429e-02
4.62250,0.600000,0.500000,0.000000e+00,0.000000e+00,1.000000e+00,1.255740e-01,0.000000e+00,0.000000e+00,1.825736e-02,6.700484e-02
4.62500,0.600000,0.500000,0.000000e+00,0.000000e+00,1.000000e+00,1.255740e-01,0.000000e+00,0.000000e+00,1.825741e-02,6.700539e-02
4.62750,0.600000,0.500000,0.000000e+00,0.000000e+00,1.000000e+00,1.255740e-01,0.000000e+00,0.000000e+00,1.825746e-02,6.700593e-02
4.63000,0.600000,0.500000,0.000000e+00,0.000000e+00,1.000000e+00,1.255740e-01,0.000000e+00,0.000000e+00,1.825751e-02,6.700648e-02
4.63250,0.600000,0.500000,0.000000e+00,0.000000e+00,1.000000e+00,1.255740e-01,0.000000e+00,0.000000e+00,1.825756e-02,6.700702e-02
4.63500,0.600000,0.500000,0.000000e+00,0.000000e+00,1.000000e+00,1.255740e-01,0.000000e+00,0.000000e+00,1.825761e-02,6.700756e-02
4.63750,0.600000,0.500000,0.000000e+00,0.000000e+00,1.000000e+00,1.255740e-01,0.000000e+00,0.000000e+00,1.825766e-02,6.700810e-02
4.64000,0.600000,0.500000,0.000000e+00,0.000000e+00,1.000000e+00,1.255740e-01,0.000000e+00,0.000000e+00,1.825770e-02,6.700864e-02
4.64250,0.600000,0.500000,0.000000e+00,0.000000e+00,1.000000e+00,1.255740e-01,0.000000e+00,0.000000e+00,1.825775e-02,6.700917e-02
4.64500,0.600000,0.500000,0.000000e+00,0.000000e+00,1.000000e+00,1.255740e-01,0.000000e+00,0.000000e+00,1.825780e-02,6.700971e-02
4.64750,0.600000,0.500000,0.000000e+00,0.000000e+00,1.000000e+00,1.255740e-01,0.000000e+00,0.000000e+00,1.825785e-02,6.701024e-02
4.65000,0.600000,0.500000,0.000000e+00,0.000000e+00,1.000000e+00,1.255740e-01,0.000000e+00,0.000000e+00,1.825790e-02,6.701077e-02
4.65250,0.600000,0.500000,0.000000e+00,0.000000e+00,1.000000e+00,1.255740e-01,0.000000e+00,0.000000e+00,1.825794e-02,6.701131e-02
4.65500,0.600000,0.500000,0.000000e+00,0.000000e+00,1.000000e+00,1.255740e-01,0.000000e+00,0.000000e+00,1.825799e-02,6.701183e-02
4.65750,0.600000,0.500000,0.000000e+00,0.000000e+00,1.000000e+00,1.255740e-01,0.000000e+00,0.000000e+00,1.825804e-02,6.701236e-02
4.66000,0.600000,0.500000,0.000000e+00,0.000000e+00,1.000000e+00,1.255740e-01,0.000000e+00,0.000000e+00,1.825809e-02,6.701289e-02
4.66250,0.600000,0.500000,0.000000e+00,0.000000e+00,1.000000e+00,1.255740e-01,0.000000e+00,0.000000e+00,1.825813e-02,6.701341e-02
4.66500,0.600000,0.500000,0.000000e+00,0.000000e+00,1.000000e+00,1.255740e-01,0.000000e+00,0.000000e+00,1.825818e-02,6.701394e-02
4.66750,0.600000,0.500000,0.000000e+00,0.000000e+00,1.000000e+00,1.255740e-01,0.000000e+00,0.000000e+00,1.825823e-02,6.701446e-02
4.67000,0.600000,0.500000,0.000000e+00,0.000000e+00,1.000000e+00,1.255740e-01,0.000000e+00,0.000000e+00,1.825827e-02,6.701498e-02
4.67250,0.600000,0.500000,0.000000e+00,0.000000e+00,1.000000e+00,1.255740e-01,0.000000e+00,0.000000e+00,1.825832e-02,6.701550e-02
4.67500,0.600000,0.500000,0.000000e+00,0.000000e+00,1.000000e+00,1.255740e-01,0.000000e+00,0.000000e+00,1.825837e-02,6.701602e-02
4.67750,0.600000,0.500000,0.000000e+00,0.000000e+00,1.000000e+00,1.255740e-01,0.000000e+00,0.000000e+00,1.825841e-02,6.701654e-02
4.68000,0.600000,0.500000,0.000000e+00,0.000000e+00,1.000000e+00,1.255740e-01,0.000000e+00,0.000000e+00,1.825846e-02,6.701705e-02
4.68250,0.600000,0.500000,0.000000e+00,0.000000e+00,1.000000e+00,1.255740e-01,0.000000e+00,0.000000e+00,1.825851e-02,6.701757e-02
4.68500,0.600000,0.500000,0.000000e+00,0.000000e+00,1.000000e+00,1.255740e-01,0.000000e+00,0.000000e+00,1.825855e-02,6.701808e-02
4.68750,0.600000,0.500000,0.000000e+00,0.000000e+00,1.000000e+00,1.255740e-01,0.000000e+00,0.000000e+00,1.825860e-02,6.701859e-02
4.69000,0.600000,0.500000,0.000000e+00,0.000000e+00,1.000000e+00,1.255740e-01,0.000000e+00,0.000000e+00,1.825865e-02,6.701910e-02
4.69250,0.600000,0.500000,0.000000e+00,0.000000e+00,1.000000e+00,1.255740e-01,0.000000e+00,0.000000e+00,1.825869e-02,6.701961e-02
4.69500,0.600000,0.500000,0.000000e+00,0.000000e+00,1.000000e+00,1.255740e-01,0.000000e+00,0.000000e+00,1.825874e-02,6.702011e-02
4.69750,0.600000,0.500000,0.000000e+00,0.000000e+00,1.000000e+00,1.255740e-01,0.000000e+00,0.000000e+00,1.825878e-02,6.702062e-02
4.70000,0.600000,0.500000,0.000000e+00,0.000000e+00,1.000000e+00,1.255740e-01,0.000000e+00,0.000000e+00,1.825883e-02,6.702113e-02
4.70250,0.600000,0.500000,0.000000e+00,0.000000e+00,1.000000e+00,1.255740e-01,0.000000e+00,0.000000e+00,1.825887e-02,6.702163e-02
4.70500,0.600000,0.500000,0.000000e+00,0.000000e+00,1.000000e+00,1.255740e-01,0.000000e+00,0.000000e+00,1.825892e-02,6.702213e-02
4.70750,0.600000,0.500000,0.000000e+00,0.000000e+00,1.000000e+00,1.255740e-01,0.000000e+00,0.000000e+00,1.825896e-02,6.702263e-02
4.71000,0.600000,0.500000,0.000000e+00,0.000000e+00,1.000000e+00,1.255740e-01,0.000000e+00,0.000000e+00,1.825901e-02,6.702313e-02
4.71250,0.600000,0.500000,0.000000e+00,0.000000e+00,1.000000e+00,1.255740e-01,0.000000e+00,0.000000e+00,1.825905e-02,6.702363e-02
4.71500,0.600000,0.500000,0.000000e+00,0.000000e+00,1.000000e+00,1.255740e-01,0.000000e+00,0.000000e+00,1.825910e-02,6.702412e-02
4.71750,0.600000,0.500000,0.000000e+00,0.000000e+00,1.000000e+00,1.255740e-01,0.000000e+00,0.000000e+00,1.825914e-02,6.702462e-02
4.72000,0.600000,0.500000,0.000000e+00,0.000000e+00,1.000000e+00,1.255740e-01,0.000000e+00,0.000000e+00,1.825919e-02,6.702511e-02
4.72250,0.600000,0.500000,0.000000e+00,0.000000e+00,1.000000e+00,1.255740e-01,0.000000e+00,0.000000e+00,1.825923e-02,6.702561e-02
4.72500,0.600000,0.500000,0.000000e+00,0.000000e+00,1.000000e+00,1.255740e-01,0.000000e+00,0.000000e+00,1.825928e-02,6.702610e-02
4.72750,0.600000,0.500000,0.000000e+00,0.000000e+00,1.000000e+00,1.255740e-01,0.000000e+00,0.000000e+00,1.825932e-02,6.702659e-02
4.73000,0.600000,0.500000,0.000000e+00,0.000000e+00,1.000000e+00,1.255740e-01,0.000000e+00,0.000000e+00,1.825936e-02,6.702708e-02
4.73250,0.600000,0.500000,0.000000e+00,0.000000e+00,1.000000e+00,1.255740e-01,0.000000e+00,0.000000e+00,1.825941e-02,6.702756e-02
4.73500,0.600000,0.500000,0.000000e+00,0.000000e+00,1.000000e+00,1.255740e-01,0.000000e+00,0.000000e+00,1.825945e-02,6.702805e-02
4.73750,0.600000,0.500000,0.000000e+00,0.000000e+00,1.000000e+00,1.255740e-01,0.000000e+00,0.000000e+00,1.825950e-02,6.702853e-02
4.74000,0.600000,0.500000,0.000000e+00,0.000000e+00,1.000000e+00,1.255740e-01,0.000000e+00,0.000000e+00,1.825954e-02,6.702902e-02
4.74250,0.600000,0.500000,0.000000e+00,0.000000e+00,1.000000e+00,1.255740e-01,0.000000e+00,0.000000e+00,1.825958e-02,6.702950e-02
4.74500,0.600000,0.500000,0.000000e+00,0.000000e+00,1.000000e+00,1.255740e-01,0.000000e+00,0.000000e+00,1.825963e-02,6.702998e-02
4.74750,0.600000,0.500000,0.000000e+00,0.000000e+00,1.000000e+00,1.255740e-01,0.000000e+00,0.000000e+00,1.825967e-02,6.703046e-02
4.75000,0.600000,0.500000,0.000000e+00,0.000000e+00,1.000000e+00,1.255740e-01,0.000000e+00,0.000000e+00,1.825971e-02,6.703094e-02
4.75250,0.600000,0.500000,0.000000e+00,0.000000e+00,1.000000e+00,1.255740e-01,0.000000e+00,0.000000e+00,1.825976e-02,6.703142e-02
4.75500,0.600000,0.500000,0.000000e+00,0.000000e+00,1.000000e+00,1.255740e-01,0.000000e+00,0.000000e+00,1.825980e-02,6.703189e-02
4.75750,0.600000,0.500000,0.000000e+00,0.000000e+00,1.000000e+00,1.255740e-01,0.000000e+00,0.000000e+00,1.825984e-02,6.703237e-02
4.76000,0.600000,0.500000,0.000000e+00,0.000000e+00,1.000000e+00,1.255740e-01,0.000000e+00,0.000000e+00,1.825988e-02,6.703284e-02
4.76250,0.600000,0.500000,0.000000e+00,0.000000e+00,1.000000e+00,1.255740e-01,0.000000e+00,0.000000e+00,1.825993e-02,6.703331e-02
4.76500,0.600000,0.500000,0.000000e+00,0.000000e+00,1.000000e+00,1.255740e-01,0.000000e+00,0.000000e+00,1.825997e-02,6.703378e-02
4.76750,0.600000,0.500000,0.000000e+00,0.000000e+00,1.000000e+00,1.255740e-01,0.000000e+00,0.000000e+00,1.826001e-02,6.703425e-02
4.77000,0.600000,0.500000,0.000000e+00,0.000000e+00,1.000000e+00,1.255740e-01,0.000000e+00,0.000000e+00,1.826005e-02,6.703472e-02
4.77250,0.600000,0.500000,0.000000e+00,0.000000e+00,1.000000e+00,1.255740e-01,0.000000e+00,0.000000e+00,1.826010e-02,6.703519e-02
4.77500,0.600000,0.500000,0.000000e+00,0.000000e+00,1.000000e+00,1.255740e-01,0.000000e+00,0.000000e+00,1.826014e-02,6.703565e-02
4.77750,0.600000,0.500000,0.000000e+00,0.000000e+00,1.000000e+00,1.255740e-01,0.000000e+00,0.000000e+00,1.826018e-02,6.703612e-02
4.78000,0.600000,0.500000,0.000000e+00,0.000000e+00,1.000000e+00,1.255740e-01,0.000000e+00,0.000000e+00,1.826022e-02,6.703658e-02
4.78250,0.600000,0.500000,0.000000e+00,0.000000e+00,1.000000e+00,1.255740e-01,0.000000e+00,0.000000e+00,1.826026e-02,6.703704e-02
4.78500,0.600000,0.500000,0.000000e+00,0.000000e+00,1.000000e+00,1.255740e-01,0.000000e+00,0.000000e+00,1.826030e-02,6.703750e-02
4.78750,0.600000,0.500000,0.000000e+00,0.000000e+00,1.000000e+00,1.255740e-01,0.000000e+00,0.000000e+00,1.826035e-02,6.703796e-02
4.79000,0.600000,0.500000,0.000000e+00,0.000000e+00,1.000000e+00,1.255740e-01,0.000000e+00,0.000000e+00,1.826039e-02,6.703842e-02
4.79250,0.600000,0.500000,0.000000e+00,0.000000e+00,1.000000e+00,1.255740e-01,0.000000e+00,0.000000e+00,1.826043e-02,6.703888e-02
4.79500,0.600000,0.500000,0.000000e+00,0.000000e+00,1.000000e+00,1.255740e-01,0.000000e+00,0.000000e+00,1.826047e-02,6.703934e-02
4.79750,0.600000,0.500000,0.000000e+00,0.000000e+00,1.000000e+00,1.255740e-01,0.000000e+00,0.000000e+00,1.826051e-02,6.703979e-02
4.80000,0.600000,0.500000,0.000000e+00,0.000000e+00,1.000000e+00,1.255740e-01,0.000000e+00,0.000000e+00,1.826055e-02,6.704024e-02
4.80250,0.600000,0.500000,0.000000e+00,0.000000e+00,1.000000e+00,1.255740e-01,0.000000e+00,0.000000e+00,1.826059e-02,6.704070e-02
4.80500,0.600000,0.500000,0.000000e+00,0.000000e+00,1.000000e+00,1.255740e-01,0.000000e+00,0.000000e+00,1.826063e-02,6.704115e-02
4.80750,0.600000,0.500000,0.000000e+00,0.000000e+00,1.000000e+00,1.255740e-01,0.000000e+00,0.000000e+00,1.826067e-02,6.704160e-02
4.81000,0.600000,0.500000,0.000000e+00,0.000000e+00,1.000000e+00,1.255740e-01,0.000000e+00,0.000000e+00,1.826071e-02,6.704205e-02
4.81250,0.600000,0.500000,0.000000e+00,0.000000e+00,1.000000e+00,1.255740e-01,0.000000e+00,0.000000e+00,1.826075e-02,6.704249e-02
4.81500,0.600000,0.500000,0.000000e+00,0.000000e+00,1.000000e+00,1.255740e-01,0.000000e+00,0.000000e+00,1.826080e-02,6.704294e-02
4.81750,0.600000,0.500000,0.000000e+00,0.000000e+00,1.000000e+00,1.255740e-01,0.000000e+00,0.000000e+00,1.826084e-02,6.704338e-02
4.82000,0.600000,0.500000,0.000000e+00,0.000000e+00,1.000000e+00,1.255740e-01,0.000000e+00,0.000000e+00,1.826088e-02,6.704383e-02
4.82250,0.600000,0.500000,0.000000e+00,0.000000e+00,1.000000e+00,1.255740e-01,0.000000e+00,0.000000e+00,1.826092e-02,6.704427e-02
4.82500,0.600000,0.500000,0.000000e+00,0.000000e+00,1.000000e+00,1.255740e-01,0.000000e+00,0.000000e+00,1.826096e-02,6.704471e-02
4.82750,0.600000,0.500000,0.000000e+00,0.000000e+00,1.000000e+00,1.255740e-01,0.000000e+00,0.000000e+00,1.826099e-02,6.704515e-02
4.83000,0.600000,0.500000,0.000000e+00,0.000000e+00,1.000000e+00,1.255740e-01,0.000000e+00,0.000000e+00,1.826103e-02,6.704559e-02
4.83250,0.600000,0.500000,0.000000e+00,0.000000e+00,1.000000e+00,1.255740e-01,0.000000e+00,0.000000e+00,1.826107e-02,6.704603e-02
4.83500,0.600000,0.500000,0.000000e+00,0.000000e+00,1.000000e+00,1.255740e-01,0.000000e+00,0.000000e+00,1.826111e-02,6.704647e-02
4.83750,0.600000,0.500000,0.000000e+00,0.000000e+00,1.000000e+00,1.255740e-01,0.000000e+00,0.000000e+00,1.826115e-02,6.704690e-02
4.84000,0.600000,0.500000,0.000000e+00,0.000000e+00,1.000000e+00,1.255740e-01,0.000000e+00,0.000000e+00,1.826119e-02,6.704734e-02
4.84250,0.600000,0.500000,0.000000e+00,0.000000e+00,1.000000e+00,1.255740e-01,0.000000e+00,0.000000e+00,1.826123e-02,6.704777e-02
4.84500,0.600000,0.500000,0.000000e+00,0.000000e+00,1.000000e+00,1.255740e-01,0.000000e+00,0.000000e+00,1.826127e-02,6.704820e-02
4.84750,0.600000,0.500000,0.000000e+00,0.000000e+00,1.000000e+00,1.255740e-01,0.000000e+00,0.000000e+00,1.826131e-02,6.704864e-02
4.85000,0.600000,0.500000,0.000000e+00,0.000000e+00,1.000000e+00,1.255740e-01,0.000000e+00,0.000000e+00,1.826135e-02,6.704907e-02
4.85250,0.600000,0.500000,0.000000e+00,0.000000e+00,1.000000e+00,1.255740e-01,0.000000e+00,0.000000e+00,1.826139e-02,6.704949e-02
4.85500,0.600000,0.500000,0.000000e+00,0.000000e+00,1.000000e+00,1.255740e-01,0.000000e+00,0.000000e+00,1.826143e-02,6.704992e-02
4.85750,0.600000,0.500000,0.000000e+00,0.000000e+00,1.000000e+00,1.255740e-01,0.000000e+00,0.000000e+00,1.826146e-02,6.705035e-02
4.86000,0.600000,0.500000,0.000000e+00,0.000000e+00,1.000000e+00,1.255740e-01,0.000000e+00,0.000000e+00,1.826150e-02,6.705077e-02
4.86250,0.600000,0.500000,0.000000e+00,0.000000e+00,1.000000e+00,1.255740e-01,0.000000e+00,0.000000e+00,1.826154e-02,6.705120e-02
4.86500,0.600000,0.500000,0.000000e+00,0.000000e+00,1.000000e+00,1.255740e-01,0.000000e+00,0.000000e+00,1.826158e-02,6.705162e-02
4.86750,0.600000,0.500000,0.000000e+00,0.000000e+00,1.000000e+00,1.255740e-01,0.000000e+00,0.000000e+00,1.826162e-02,6.705204e-02
4.87000,0.600000,0.500000,0.000000e+00,0.000000e+00,1.000000e+00,1.255740e-01,0.000000e+00,0.000000e+00,1.826166e-02,6.705246e-02
4.87250,0.600000,0.500000,0.000000e+00,0.000000e+00,1.000000e+00,1.255740e-01,0.000000e+00,0.000000e+00,1.826169e-02,6.705288e-02
4.87500,0.600000,0.500000,0.000000e+00,0.000000e+00,1.000000e+00,1.255740e-01,0.000000e+00,0.000000e+00,1.826173e-02,6.705330e-02
4.87750,0.600000,0.500000,0.000000e+00,0.000000e+00,1.000000e+00,1.255740e-01,0.000000e+00,0.000000e+00,1.826177e-02,6.705372e-02
4.88000,0.600000,0.500000,0.000000e+00,0.000000e+00,1.000000e+00,1.255740e-01,0.000000e+00,0.000000e+00,1.826181e-02,6.705414e-02
4.88250,0.600000,0.500000,0.000000e+00,0.000000e+00,1.000000e+00,1.255740e-01,0.000000e+00,0.000000e+00,1.826184e-02,6.705455e-02
4.88500,0.600000,0.500000,0.000000e+00,0.000000e+00,1.000000e+00,1.255740e-01,0.000000e+00,0.000000e+00,1.826188e-02,6.705497e-02
4.88750,0.600000,0.500000,0.000000e+00,0.000000e+00,1.000000e+00,1.255740e-01,0.000000e+00,0.000000e+00,1.826192e-02,6.705538e-02
4.89000,0.600000,0.500000,0.000000e+00,0.000000e+00,1.000000e+00,1.255740e-01,0.000000e+00,0.000000e+00,1.826196e-02,6.705579e-02
4.89250,0.600000,0.500000,0.000000e+00,0.000000e+00,1.000000e+00,1.255740e-01,0.000000e+00,0.000000e+00,1.826199e-02,6.705620e-02
4.89500,0.600000,0.500000,0.000000e+00,0.000000e+00,1.000000e+00,1.255740e-01,0.000000e+00,0.000000e+00,1.826203e-02,6.705661e-02
4.89750,0.600000,0.500000,0.000000e+00,0.000000e+00,1.000000e+00,1.255740e-01,0.000000e+00,0.000000e+00,1.826207e-02,6.705702e-02
4.90000,0.600000,0.500000,0.000000e+00,0.000000e+00,1.000000e+00,1.255740e-01,0.000000e+00,0.000000e+00,1.826210e-02,6.705743e-02
4.90250,0.600000,0.500000,0.000000e+00,0.000000e+00,1.000000e+00,1.255740e-01,0.000000e+00,0.000000e+00,1.826214e-02,6.705784e-02
4.90500,0.600000,0.500000,0.000000e+00,0.000000e+00,1.000000e+00,1.255740e-01,0.000000e+00,0.000000e+00,1.826218e-02,6.705824e-02
4.90750,0.600000,0.500000,0.000000e+00,0.000000e+00,1.000000e+00,1.255740e-01,0.000000e+00,0.000000e+00,1.826221e-02,6.705865e-02
4.91000,0.600000,0.500000,0.000000e+00,0.000000e+00,1.000000e+00,1.255740e-01,0.000000e+00,0.000000e+00,1.826225e-02,6.705905e-02
4.91250,0.600000,0.500000,0.000000e+00,0.000000e+00,1.000000e+00,1.255740e-01,0.000000e+00,0.000000e+00,1.826229e-02,6.705945e-02
4.91500,0.600000,0.500000,0.000000e+00,0.000000e+00,1.000000e+00,1.255740e-01,0.000000e+00,0.000000e+00,1.826232e-02,6.705985e-02
4.91750,0.600000,0.500000,0.000000e+00,0.000000e+00,1.000000e+00,1.255740e-01,0.000000e+00,0.000000e+00,1.826236e-02,6.706025e-02
4.92000,0.600000,0.500000,0.000000e+00,0.000000e+00,1.000000e+00,1.255740e-01,0.000000e+00,0.000000e+00,1.826240e-02,6.706065e-02
4.92250,0.600000,0.500000,0.000000e+00,0.000000e+00,1.000000e+00,1.255740e-01,0.000000e+00,0.000000e+00,1.826243e-02,6.706105e-02
4.92500,0.600000,0.500000,0.000000e+00,0.000000e+00,1.000000e+00,1.255740e-01,0.000000e+00,0.000000e+00,1.826247e-02,6.706145e-02
4.92750,0.600000,0.500000,0.000000e+00,0.000000e+00,1.000000e+00,1.255740e-01,0.000000e+00,0.000000e+00,1.826250e-02,6.706184e-02
4.93000,0.600000,0.500000,0.000000e+00,0.000000e+00,1.000000e+00,1.255740e-01,0.000000e+00,0.000000e+00,1.826254e-02,6.706224e-02
4.93250,0.600000,0.500000,0.000000e+00,0.000000e+00,1.000000e+00,1.255740e-01,0.000000e+00,0.000000e+00,1.826258e-02,6.706263e-02
4.93500,0.600000,0.500000,0.000000e+00,0.000000e+00,1.000000e+00,1.255740e-01,0.000000e+00,0.000000e+00,1.826261e-02,6.706302e-02
4.93750,0.600000,0.500000,0.000000e+00,0.000000e+00,1.000000e+00,1.255740e-01,0.000000e+00,0.000000e+00,1.826265e-02,6.706342e-02
4.94000,0.600000,0.500000,0.000000e+00,0.000000e+00,1.000000e+00,1.255740e-01,0.000000e+00,0.000000e+00,1.826268e-02,6.706381e-02
4.94250,0.600000,0.500000,0.000000e+00,0.000000e+00,1.000000e+00,1.255740e-01,0.000000e+00,0.000000e+00,1.826272e-02,6.706420e-02
4.94500,0.600000,0.500000,0.000000e+00,0.000000e+00,1.000000e+00,1.255740e-01,0.000000e+00,0.000000e+00,1.826275e-02,6.706459e-02
4.94750,0.600000,0.500000,0.000000e+00,0.000000e+00,1.000000e+00,1.255740e-01,0.000000e+00,0.000000e+00,1.826279e-02,6.706497e-02
4.95000,0.600000,0.500000,0.000000e+00,0.000000e+00,1.000000e+00,1.255740e-01,0.000000e+00,0.000000e+00,1.826282e-02,6.706536e-02
4.95250,0.600000,0.500000,0.000000e+00,0.000000e+00,1.000000e+00,1.255740e-01,0.000000e+00,0.000000e+00,1.826286e-02,6.706574e-02
4.95500,0.600000,0.500000,0.000000e+00,0.000000e+00,1.000000e+00,1.255740e-01,0.000000e+00,0.000000e+00,1.826289e-02,6.706613e-02
4.95750,0.600000,0.500000,0.000000e+00,0.000000e+00,1.000000e+00,1.255740e-01,0.000000e+00,0.000000e+00,1.826293e-02,6.706651e-02
4.96000,0.600000,0.500000,0.000000e+00,0.000000e+00,1.000000e+00,1.255740e-01,0.000000e+00,0.000000e+00,1.826296e-02,6.706690e-02
4.96250,0.600000,0.500000,0.000000e+00,0.000000e+00,1.000000e+00,1.255740e-01,0.000000e+00,0.000000e+00,1.826300e-02,6.706728e-02
4.96500,0.600000,0.500000,0.000000e+00,0.000000e+00,1.000000e+00,1.255740e-01,0.000000e+00,0.000000e+00,1.826303e-02,6.706766e-02
4.96750,0.600000,0.500000,0.000000e+00,0.000000e+00,1.000000e+00,1.255740e-01,0.000000e+00,0.000000e+00,1.826307e-02,6.706804e-02
4.97000,0.600000,0.500000,0.000000e+00,0.000000e+00,1.000000e+00,1.255740e-01,0.000000e+00,0.000000e+00,1.826310e-02,6.706841e-02
4.97250,0.600000,0.500000,0.000000e+00,0.000000e+00,1.000000e+00,1.255740e-01,0.000000e+00,0.000000e+00,1.826313e-02,6.706879e-02
4.97500,0.600000,0.500000,0.000000e+00,0.000000e+00,1.000000e+00,1.255740e-01,0.000000e+00,0.000000e+00,1.826317e-02,6.706917e-02
4.97750,0.600000,0.500000,0.000000e+00,0.000000e+00,1.000000e+00,1.255740e-01,0.000000e+00,0.000000e+00,1.826320e-02,6.706954e-02
4.98000,0.600000,0.500000,0.000000e+00,0.000000e+00,1.000000e+00,1.255740e-01,0.000000e+00,0.000000e+00,1.826324e-02,6.706992e-02
4.98250,0.600000,0.500000,0.000000e+00,0.000000e+00,1.000000e+00,1.255740e-01,0.000000e+00,0.000000e+00,1.826327e-02,6.707029e-02
4.98500,0.600000,0.500000,0.000000e+00,0.000000e+00,1.000000e+00,1.255740e-01,0.000000e+00,0.000000e+00,1.826330e-02,6.707066e-02
4.98750,0.600000,0.500000,0.000000e+00,0.000000e+00,1.000000e+00,1.255740e-01,0.000000e+00,0.000000e+00,1.826334e-02,6.707104e-02
4.99000,0.600000,0.500000,0.000000e+00,0.000000e+00,1.000000e+00,1.255740e-01,0.000000e+00,0.000000e+00,1.826337e-02,6.707141e-02
4.99250,0.600000,0.500000,0.000000e+00,0.000000e+00,1.000000e+00,1.255740e-01,0.000000e+00,0.000000e+00,1.826340e-02,6.707178e-02
4.99500,0.600000,0.500000,0.000000e+00,0.000000e+00,1.000000e+00,1.255740e-01,0.000000e+00,0.000000e+00,1.826344e-02,6.707214e-02
4.99750,0.600000,0.500000,0.000000e+00,0.000000e+00,1.000000e+00,1.255740e-01,0.000000e+00,0.000000e+00,1.826347e-02,6.707251e-02
5.00000,0.600000,0.500000,0.000000e+00,0.000000e+00,1.000000e+00,1.255740e-01,0.000000e+00,0.000000e+00,1.826350e-02,6.707288e-02
5.00250,0.600000,0.500000,0.000000e+00,0.000000e+00,1.000000e+00,1.255740e-01,0.000000e+00,0.000000e+00,1.826354e-02,6.707324e-02
5.00500,0.600000,0.500000,0.000000e+00,0.000000e+00,1.000000e+00,1.255740e-01,0.000000e+00,0.000000e+00,1.826357e-02,6.707361e-02
5.00750,0.600000,0.500000,0.000000e+00,0.000000e+00,1.000000e+00,1.255740e-01,0.000000e+00,0.000000e+00,1.826360e-02,6.707397e-02
5.01000,0.600000,0.500000,0.000000e+00,0.000000e+00,1.000000e+00,1.255740e-01,0.000000e+00,0.000000e+00,1.826364e-02,6.707433e-02
5.01250,0.600000,0.500000,0.000000e+00,0.000000e+00,1.000000e+00,1.255740e-01,0.000000e+00,0.000000e+00,1.826367e-02,6.707470e-02
5.01500,0.600000,0.500000,0.000000e+00,0.000000e+00,1.000000e+00,1.255740e-01,0.000000e+00,0.000000e+00,1.826370e-02,6.707506e-02
5.01750,0.600000,0.500000,0.000000e+00,0.000000e+00,1.000000e+00,1.255740e-01,0.000000e+00,0.000000e+00,1.826373e-02,6.707542e-02
5.02000,0.600000,0.500000,0.000000e+00,0.000000e+00,1.000000e+00,1.255740e-01,0.000000e+00,0.000000e+00,1.826377e-02,6.707577e-02
5.02250,0.600000,0.500000,0.000000e+00,0.000000e+00,1.000000e+00,1.255740e-01,0.000000e+00,0.000000e+00,1.826380e-02,6.707613e-02
5.02500,0.600000,0.500000,0.000000e+00,0.000000e+00,1.000000e+00,1.255740e-01,0.000000e+00,0.000000e+00,1.826383e-02,6.707649e-02
5.02750,0.600000,0.500000,0.000000e+00,0.000000e+00,1.000000e+00,1.255740e-01,0.000000e+00,0.000000e+00,1.826386e-02,6.707685e-02
5.03000,0.600000,0.500000,0.000000e+00,0.000000e+00,1.000000e+00,1.255740e-01,0.000000e+00,0.000000e+00,1.826390e-02,6.707720e-02
5.03250,0.600000,0.500000,0.000000e+00,0.000000e+00,1.000000e+00,1.255740e-01,0.000000e+00,0.000000e+00,1.826393e-02,6.707755e-02
5.03500,0.600000,0.500000,0.000000e+00,0.000000e+00,1.000000e+00,1.255740e-01,0.000000e+00,0.000000e+00,1.826396e-02,6.707791e-02
5.03750,0.600000,0.500000,0.000000e+00,0.000000e+00,1.000000e+00,1.255740e-01,0.000000e+00,0.000000e+00,1.826399e-02,6.707826e-02
5.04000,0.600000,0.500000,0.000000e+00,0.000000e+00,1.000000e+00,1.255740e-01,0.000000e+00,0.000000e+00,1.826402e-02,6.707861e-02
5.04250,0.600000,0.500000,0.000000e+00,0.000000e+00,1.000000e+00,1.255740e-01,0.000000e+00,0.000000e+00,1.826406e-02,6.707896e-02
5.04500,0.600000,0.500000,0.000000e+00,0.000000e+00,1.000000e+00,1.255740e-01,0.000000e+00,0.000000e+00,1.826409e-02,6.707931e-02
5.04750,0.600000,0.500000,0.000000e+00,0.000000e+00,1.000000e+00,1.255740e-01,0.000000e+00,0.000000e+00,1.826412e-02,6.707966e-02
5.05000,0.600000,0.500000,0.000000e+00,0.000000e+00,1.000000e+00,1.255740e-01,0.000000e+00,0.000000e+00,1.826415e-02,6.708001e-02
5.05250,0.600000,0.500000,0.000000e+00,0.000000e+00,1.000000e+00,1.255740e-01,0.000000e+00,0.000000e+00,1.826418e-02,6.708035e-02
5.05500,0.600000,0.500000,0.000000e+00,0.000000e+00,1.000000e+00,1.255740e-01,0.000000e+00,0.000000e+00,1.826421e-02,6.708070e-02
5.05750,0.600000,0.500000,0.000000e+00,0.000000e+00,1.000000e+00,1.255740e-01,0.000000e+00,0.000000e+00,1.826424e-02,6.708104e-02
5.06000,0.600000,0.500000,0.000000e+00,0.000000e+00,1.000000e+00,1.255740e-01,0.000000e+00,0.000000e+00,1.826428e-02,6.708139e-02
5.06250,0.600000,0.500000,0.000000e+00,0.000000e+00,1.000000e+00,1.255740e-01,0.000000e+00,0.000000e+00,1.826431e-02,6.708173e-02
5.06500,0.600000,0.500000,0.000000e+00,0.000000e+00,1.000000e+00,1.255740e-01,0.000000e+00,0.000000e+00,1.826434e-02,6.708207e-02
5.06750,0.600000,0.500000,0.000000e+00,0.000000e+00,1.000000e+00,1.255740e-01,0.000000e+00,0.000000e+00,1.826437e-02,6.708241e-02
5.07000,0.600000,0.500000,0.000000e+00,0.000000e+00,1.000000e+00,1.255740e-01,0.000000e+00,0.000000e+00,1.826440e-02,6.708275e-02
5.07250,0.600000,0.500000,0.000000e+00,0.000000e+00,1.000000e+00,1.255740e-01,0.000000e+00,0.000000e+00,1.826443e-02,6.708309e-02
5.07500,0.600000,0.500000,0.000000e+00,0.000000e+00,1.000000e+00,1.255740e-01,0.000000e+00,0.000000e+00,1.826446e-02,6.708343e-02
5.07750,0.600000,0.500000,0.000000e+00,0.000000e+00,1.000000e+00,1.255740e-01,0.000000e+00,0.000000e+00,1.826449e-02,6.708377e-02
5.08000,0.600000,0.500000,0.000000e+00,0.000000e+00,1.000000e+00,1.255740e-01,0.000000e+00,0.000000e+00,1.826452e-02,6.708410e-02
5.08250,0.600000,0.500000,0.000000e+00,0.000000e+00,1.000000e+00,1.255740e-01,0.000000e+00,0.000000e+00,1.826455e-02,6.708444e-02
5.08500,0.600000,0.500000,0.000000e+00,0.000000e+00,1.000000e+00,1.255740e-01,0.000000e+00,0.000000e+00,1.826458e-02,6.708477e-02
5.08750,0.600000,0.500000,0.000000e+00,0.000000e+00,1.000000e+00,1.255740e-01,0.000000e+00,0.000000e+00,1.826461e-02,6.708511e-02
5.09000,0.600000,0.500000,0.000000e+00,0.000000e+00,1.000000e+00,1.255740e-01,0.000000e+00,0.000000e+00,1.826464e-02,6.708544e-02
5.09250,0.600000,0.500000,0.000000e+00,0.000000e+00,1.000000e+00,1.255740e-01,0.000000e+00,0.000000e+00,1.826467e-02,6.708577e-02
5.09500,0.600000,0.500000,0.000000e+00,0.000000e+00,1.000000e+00,1.255740e-01,0.000000e+00,0.000000e+00,1.826470e-02,6.708610e-02
5.09750,0.600000,0.500000,0.000000e+00,0.000000e+00,1.000000e+00,1.255740e-01,0.000000e+00,0.000000e+00,1.826473e-02,6.708644e-02
5.10000,0.600000,0.500000,0.000000e+00,0.000000e+00,1.000000e+00,1.255740e-01,0.000000e+00,0.000000e+00,1.826476e-02,6.708676e-02
5.10250,0.600000,0.500000,0.000000e+00,0.000000e+00,1.000000e+00,1.255740e-01,0.000000e+00,0.000000e+00,1.826479e-02,6.708709e-02
5.10500,0.600000,0.500000,0.000000e+00,0.000000e+00,1.000000e+00,1.255740e-01,0.000000e+00,0.000000e+00,1.826482e-02,6.708742e-02
5.10750,0.600000,0.500000,0.000000e+00,0.000000e+00,1.000000e+00,1.255740e-01,0.000000e+00,0.000000e+00,1.826485e-02,6.708775e-02
5.11000,0.600000,0.500000,0.000000e+00,0.000000e+00,1.000000e+00,1.255740e-01,0.000000e+00,0.000000e+00,1.826488e-02,6.708807e-02
5.11250,0.600000,0.500000,0.000000e+00,0.000000e+00,1.000000e+00,1.255740e-01,0.000000e+00,0.000000e+00,1.826491e-02,6.708840e-02
5.11500,0.600000,0.500000,0.000000e+00,0.000000e+00,1.000000e+00,1.255740e-01,0.000000e+00,0.000000e+00,1.826494e-02,6.708872e-02
5.11750,0.600000,0.500000,0.000000e+00,0.000000e+00,1.000000e+00,1.255740e-01,0.000000e+00,0.000000e+00,1.826497e-02,6.708905e-02
5.12000,0.600000,0.500000,0.000000e+00,0.000000e+00,1.000000e+00,1.255740e-01,0.000000e+00,0.000000e+00,1.826500e-02,6.708937e-02
5.12250,0.600000,0.500000,0.000000e+00,0.000000e+00,1.000000e+00,1.255740e-01,0.000000e+00,0.000000e+00,1.826503e-02,6.708969e-02
5.12500,0.600000,0.500000,0.000000e+00,0.000000e+00,1.000000e+00,1.255740e-01,0.000000e+00,0.000000e+00,1.826506e-02,6.709001e-02
5.12750,0.600000,0.500000,0.000000e+00,0.000000e+00,1.000000e+00,1.255740e-01,0.000000e+00,0.000000e+00,1.826509e-02,6.709033e-02
5.13000,0.600000,0.500000,0.000000e+00,0.000000e+00,1.000000e+00,1.255740e-01,0.000000e+00,0.000000e+00,1.826512e-02,6.709065e-02
5.13250,0.600000,0.500000,0.000000e+00,0.000000e+00,1.000000e+00,1.255740e-01,0.000000e+00,0.000000e+00,1.826515e-02,6.709097e-02
5.13500,0.600000,0.500000,0.000000e+00,0.000000e+00,1.000000e+00,1.255740e-01,0.000000e+00,0.000000e+00,1.826517e-02,6.709129e-02
5.13750,0.600000,0.500000,0.000000e+00,0.000000e+00,1.000000e+00,1.255740e-01,0.000000e+00,0.000000e+00,1.826520e-02,6.709160e-02
5.14000,0.600000,0.500000,0.000000e+00,0.000000e+00,1.000000e+00,1.255740e-01,0.000000e+00,0.000000e+00,1.826523e-02,6.709192e-02
5.14250,0.600000,0.500000,0.000000e+00,0.000000e+00,1.000000e+00,1.255740e-01,0.000000e+00,0.000000e+00,1.826526e-02,6.709223e-02
5.14500,0.600000,0.500000,0.000000e+00,0.000000e+00,1.000000e+00,1.255740e-01,0.000000e+00,0.000000e+00,1.826529e-02,6.709255e-02
5.14750,0.600000,0.500000,0.000000e+00,0.000000e+00,1.000000e+00,1.255740e-01,0.000000e+00,0.000000e+00,1.826532e-02,6.709286e-02
5.15000,0.600000,0.500000,0.000000e+00,0.000000e+00,1.000000e+00,1.255740e-01,0.000000e+00,0.000000e+00,1.826535e-02,6.709317e-02
5.15250,0.600000,0.500000,0.000000e+00,0.000000e+00,1.000000e+00,1.255740e-01,0.000000e+00,0.000000e+00,1.826537e-02,6.709348e-02
5.15500,0.600000,0.500000,0.000000e+00,0.000000e+00,1.000000e+00,1.255740e-01,0.000000e+00,0.000000e+00,1.826540e-02,6.709379e-02
5.15750,0.600000,0.500000,0.000000e+00,0.000000e+00,1.000000e+00,1.255740e-01,0.000000e+00,0.000000e+00,1.826543e-02,6.709410e-02
5.16000,0.600000,0.500000,0.000000e+00,0.000000e+00,1.000000e+00,1.255740e-01,0.000000e+00,0.000000e+00,1.826546e-02,6.709441e-02
5.16250,0.600000,0.500000,0.000000e+00,0.000000e+00,1.000000e+00,1.255740e-01,0.000000e+00,0.000000e+00,1.826549e-02,6.709472e-02
5.16500,0.600000,0.500000,0.000000e+00,0.000000e+00,1.000000e+00,1.255740e-01,0.000000e+00,0.000000e+00,1.826551e-02,6.709503e-02
5.16750,0.600000,0.500000,0.000000e+00,0.000000e+00,1.000000e+00,1.255740e-01,0.000000e+00,0.000000e+00,1.826554e-02,6.709534e-02
5.17000,0.600000,0.500000,0.000000e+00,0.000000e+00,1.000000e+00,1.255740e-01,0.000000e+00,0.000000e+00,1.826557e-02,6.709564e-02
5.17250,0.600000,0.500000,0.000000e+00,0.000000e+00,1.000000e+00,1.255740e-01,0.000000e+00,0.000000e+00,1.826560e-02,6.709595e-02
5.17500,0.600000,0.500000,0.000000e+00,0.000000e+00,1.000000e+00,1.255740e-01,0.000000e+00,0.000000e+00,1.826563e-02,6.709625e-02
5.17750,0.600000,0.500000,0.000000e+00,0.000000e+00,1.000000e+00,1.255740e-01,0.000000e+00,0.000000e+00,1.826565e-02,6.709655e-02
5.18000,0.600000,0.500000,0.000000e+00,0.000000e+00,1.000000e+00,1.255740e-01,0.000000e+00,0.000000e+00,1.826568e-02,6.709686e-02
5.18250,0.600000,0.500000,0.000000e+00,0.000000e+00,1.000000e+00,1.255740e-01,0.000000e+00,0.000000e+00,1.826571e-02,6.709716e-02
5.18500,0.600000,0.500000,0.000000e+00,0.000000e+00,1.000000e+00,1.255740e-01,0.000000e+00,0.000000e+00,1.826574e-02,6.709746e-02
5.18750,0.600000,0.500000,0.000000e+00,0.000000e+00,1.000000e+00,1.255740e-01,0.000000e+00,0.000000e+00,1.826576e-02,6.709776e-02
5.19000,0.600000,0.500000,0.000000e+00,0.000000e+00,1.000000e+00,1.255740e-01,0.000000e+00,0.000000e+00,1.826579e-02,6.709806e-02
5.19250,0.600000,0.500000,0.000000e+00,0.000000e+00,1.000000e+00,1.255740e-01,0.000000e+00,0.000000e+00,1.826582e-02,6.709836e-02
5.19500,0.600000,0.500000,0.000000e+00,0.000000e+00,1.000000e+00,1.255740e-01,0.000000e+00,0.000000e+00,1.826584e-02,6.709865e-02
5.19750,0.600000,0.500000,0.000000e+00,0.000000e+00,1.000000e+00,1.255740e-01,0.000000e+00,0.000000e+00,1.826587e-02,6.709895e-02
5.20000,0.600000,0.500000,0.000000e+00,0.000000e+00,1.000000e+00,1.255740e-01,0.000000e+00,0.000000e+00,1.826590e-02,6.709925e-02
5.20250,0.600000,0.500000,0.000000e+00,0.000000e+00,1.000000e+00,1.255740e-01,0.000000e+00,0.000000e+00,1.826593e-02,6.709954e-02
5.20500,0.600000,0.500000,0.000000e+00,0.000000e+00,1.000000e+00,1.255740e-01,0.000000e+00,0.000000e+00,1.826595e-02,6.709984e-02
5.20750,0.600000,0.500000,0.000000e+00,0.000000e+00,1.000000e+00,1.255740e-01,0.000000e+00,0.000000e+00,1.826598e-02,6.710013e-02
5.21000,0.600000,0.500000,0.000000e+00,0.000000e+00,1.000000e+00,1.255740e-01,0.000000e+00,0.000000e+00,1.826601e-02,6.710042e-02
5.21250,0.600000,0.500000,0.000000e+00,0.000000e+00,1.000000e+00,1.255740e-01,0.000000e+00,0.000000e+00,1.826603e-02,6.710072e-02
5.21500,0.600000,0.500000,0.000000e+00,0.000000e+00,1.000000e+00,1.255740e-01,0.000000e+00,0.000000e+00,1.826606e-02,6.710101e-02
5.21750,0.600000,0.500000,0.000000e+00,0.000000e+00,1.000000e+00,1.255740e-01,0.000000e+00,0.000000e+00,1.826608e-02,6.710130e-02
5.22000,0.600000,0.500000,0.000000e+00,0.000000e+00,1.000000e+00,1.255740e-01,0.000000e+00,0.000000e+00,1.826611e-02,6.710159e-02
5.22250,0.600000,0.500000,0.000000e+00,0.000000e+00,1.000000e+00,1.255740e-01,0.000000e+00,0.000000e+00,1.826614e-02,6.710188e-02
5.22500,0.600000,0.500000,0.000000e+00,0.000000e+00,1.000000e+00,1.255740e-01,0.000000e+00,0.000000e+00,1.826616e-02,6.710217e-02
5.22750,0.600000,0.500000,0.000000e+00,0.000000e+00,1.000000e+00,1.255740e-01,0.000000e+00,0.000000e+00,1.826619e-02,6.710245e-02
5.23000,0.600000,0.500000,0.000000e+00,0.000000e+00,1.000000e+00,1.255740e-01,0.000000e+00,0.000000e+00,1.826622e-02,6.710274e-02
5.23250,0.600000,0.500000,0.000000e+00,0.000000e+00,1.000000e+00,1.255740e-01,0.000000e+00,0.000000e+00,1.826624e-02,6.710303e-02
5.23500,0.600000,0.500000,0.000000e+00,0.000000e+00,1.000000e+00,1.255740e-01,0.000000e+00,0.000000e+00,1.826627e-02,6.710331e-02
5.23750,0.600000,0.500000,0.000000e+00,0.000000e+00,1.000000e+00,1.255740e-01,0.000000e+00,0.000000e+00,1.826629e-02,6.710360e-02
5.24000,0.600000,0.500000,0.000000e+00,0.000000e+00,1.000000e+00,1.255740e-01,0.000000e+00,0.000000e+00,1.826632e-02,6.710388e-02
5.24250,0.600000,0.500000,0.000000e+00,0.000000e+00,1.000000e+00,1.255740e-01,0.000000e+00,0.000000e+00,1.826635e-02,6.710416e-02
5.24500,0.600000,0.500000,0.000000e+00,0.000000e+00,1.000000e+00,1.255740e-01,0.000000e+00,0.000000e+00,1.826637e-02,6.710445e-02
5.24750,0.600000,0.500000,0.000000e+00,0.000000e+00,1.000000e+00,1.255740e-01,0.000000e+00,0.000000e+00,1.826640e-02,6.710473e-02
5.25000,0.600000,0.500000,0.000000e+00,0.000000e+00,1.000000e+00,1.255740e-01,0.000000e+00,0.000000e+00,1.826642e-02,6.710501e-02
5.25250,0.600000,0.500000,0.000000e+00,0.000000e+00,1.000000e+00,1.255740e-01,0.000000e+00,0.000000e+00,1.826645e-02,6.710529e-02
5.25500,0.600000,0.500000,0.000000e+00,0.000000e+00,1.000000e+00,1.255740e-01,0.000000e+00,0.000000e+00,1.826647e-02,6.710557e-02
5.25750,0.600000,0.500000,0.000000e+00,0.000000e+00,1.000000e+00,1.255740e-01,0.000000e+00,0.000000e+00,1.826650e-02,6.710585e-02
5.26000,0.600000,0.500000,0.000000e+00,0.000000e+00,1.000000e+00,1.255740e-01,0.000000e+00,0.000000e+00,1.826652e-02,6.710612e-02
5.26250,0.600000,0.500000,0.000000e+00,0.000000e+00,1.000000e+00,1.255740e-01,0.000000e+00,0.000000e+00,1.826655e-02,6.710640e-02
5.26500,0.600000,0.500000,0.000000e+00,0.000000e+00,1.000000e+00,1.255740e-01,0.000000e+00,0.000000e+00,1.826657e-02,6.710668e-02
5.26750,0.600000,0.500000,0.000000e+00,0.000000e+00,1.000000e+00,1.255740e-01,0.000000e+00,0.000000e+00,1.826660e-02,6.710695e-02
5.27000,0.600000,0.500000,0.000000e+00,0.000000e+00,1.000000e+00,1.255740e-01,0.000000e+00,0.000000e+00,1.826662e-02,6.710723e-02
5.27250,0.600000,0.500000,0.000000e+00,0.000000e+00,1.000000e+00,1.255740e-01,0.000000e+00,0.000000e+00,1.826665e-02,6.710750e-02
5.27500,0.600000,0.500000,0.000000e+00,0.000000e+00,1.000000e+00,1.255740e-01,0.000000e+00,0.000000e+00,1.826667e-02,6.710777e-02
5.27750,0.600000,0.500000,0.000000e+00,0.000000e+00,1.000000e+00,1.255740e-01,0.000000e+00,0.000000e+00,1.826670e-02,6.710805e-02
5.28000,0.600000,0.500000,0.000000e+00,0.000000e+00,1.000000e+00,1.255740e-01,0.000000e+00,0.000000e+00,1.826672e-02,6.710832e-02
5.28250,0.600000,0.500000,0.000000e+00,0.000000e+00,1.000000e+00,1.255740e-01,0.000000e+00,0.000000e+00,1.826675e-02,6.710859e-02
5.28500,0.600000,0.500000,0.000000e+00,0.000000e+00,1.000000e+00,1.255740e-01,0.000000e+00,0.000000e+00,1.826677e-02,6.710886e-02
5.28750,0.600000,0.500000,0.000000e+00,0.000000e+00,1.000000e+00,1.255740e-01,0.000000e+00,0.000000e+00,1.826680e-02,6.710913e-02
5.29000,0.600000,0.500000,0.000000e+00,0.000000e+00,1.000000e+00,1.255740e-01,0.000000e+00,0.000000e+00,1.826682e-02,6.710940e-02
5.29250,0.600000,0.500000,0.000000e+00,0.000000e+00,1.000000e+00,1.255740e-01,0.000000e+00,0.000000e+00,1.826685e-02,6.710967e-02
5.29500,0.600000,0.500000,0.000000e+00,0.000000e+00,1.000000e+00,1.255740e-01,0.000000e+00,0.000000e+00,1.826687e-02,6.710994e-02
5.29750,0.600000,0.500000,0.000000e+00,0.000000e+00,1.000000e+00,1.255740e-01,0.000000e+00,0.000000e+00,1.826690e-02,6.711020e-02
5.30000,0.600000,0.500000,0.000000e+00,0.000000e+00,1.000000e+00,1.255740e-01,0.000000e+00,0.000000e+00,1.826692e-02,6.711047e-02
5.30250,0.600000,0.500000,0.000000e+00,0.000000e+00,1.000000e+00,1.255740e-01,0.000000e+00,0.000000e+00,1.826694e-02,6.711073e-02
5.30500,0.600000,0.500000,0.000000e+00,0.000000e+00,1.000000e+00,1.255740e-01,0.000000e+00,0.000000e+00,1.826697e-02,6.711100e-02
5.30750,0.600000,0.500000,0.000000e+00,0.000000e+00,1.000000e+00,1.255740e-01,0.000000e+00,0.000000e+00,1.826699e-02,6.711126e-02
5.31000,0.600000,0.500000,0.000000e+00,0.000000e+00,1.000000e+00,1.255740e-01,0.000000e+00,0.000000e+00,1.826702e-02,6.711153e-02
5.31250,0.600000,0.500000,0.000000e+00,0.000000e+00,1.000000e+00,1.255740e-01,0.000000e+00,0.000000e+00,1.826704e-02,6.711179e-02
5.31500,0.600000,0.500000,0.000000e+00,0.000000e+00,1.000000e+00,1.255740e-01,0.000000e+00,0.000000e+00,1.826706e-02,6.711205e-02
5.31750,0.600000,0.500000,0.000000e+00,0.000000e+00,1.000000e+00,1.255740e-01,0.000000e+00,0.000000e+00,1.826709e-02,6.711231e-02
5.32000,0.600000,0.500000,0.000000e+00,0.000000e+00,1.000000e+00,1.255740e-01,0.000000e+00,0.000000e+00,1.826711e-02,6.711257e-02
5.32250,0.600000,0.500000,0.000000e+00,0.000000e+00,1.000000e+00,1.255740e-01,0.000000e+00,0.000000e+00,1.826713e-02,6.711283e-02
5.32500,0.600000,0.500000,0.000000e+00,0.000000e+00,1.000000e+00,1.255740e-01,0.000000e+00,0.000000e+00,1.826716e-02,6.711309e-02
5.32750,0.600000,0.500000,0.000000e+00,0.000000e+00,1.000000e+00,1.255740e-01,0.000000e+00,0.000000e+00,1.826718e-02,6.711335e-02
5.33000,0.600000,0.500000,0.000000e+00,0.000000e+00,1.000000e+00,1.255740e-01,0.000000e+00,0.000000e+00,1.826721e-02,6.711361e-02
5.33250,0.600000,0.500000,0.000000e+00,0.000000e+00,1.000000e+00,1.255740e-01,0.000000e+00,0.000000e+00,1.826723e-02,6.711387e-02
5.33500,0.600000,0.500000,0.000000e+00,0.000000e+00,1.000000e+00,1.255740e-01,0.000000e+00,0.000000e+00,1.826725e-02,6.711412e-02
5.33750,0.600000,0.500000,0.000000e+00,0.000000e+00,1.000000e+00,1.255740e-01,0.000000e+00,0.000000e+00,1.826728e-02,6.711438e-02
5.34000,0.600000,0.500000,0.000000e+00,0.000000e+00,1.000000e+00,1.255740e-01,0.000000e+00,0.000000e+00,1.826730e-02,6.711463e-02
5.34250,0.600000,0.500000,0.000000e+00,0.000000e+00,1.000000e+00,1.255740e-01,0.000000e+00,0.000000e+00,1.826732e-02,6.711489e-02
5.34500,0.600000,0.500000,0.000000e+00,0.000000e+00,1.000000e+00,1.255740e-01,0.000000e+00,0.000000e+00,1.826734e-02,6.711514e-02
5.34750,0.600000,0.500000,0.000000e+00,0.000000e+00,1.000000e+00,1.255740e-01,0.000000e+00,0.000000e+00,1.826737e-02,6.711539e-02
5.35000,0.600000,0.500000,0.000000e+00,0.000000e+00,1.000000e+00,1.255740e-01,0.000000e+00,0.000000e+00,1.826739e-02,6.711565e-02
5.35250,0.600000,0.500000,0.000000e+00,0.000000e+00,1.000000e+00,1.255740e-01,0.000000e+00,0.000000e+00,1.826741e-02,6.711590e-02
5.35500,0.600000,0.500000,0.000000e+00,0.000000e+00,1.000000e+00,1.255740e-01,0.000000e+00,0.000000e+00,1.826744e-02,6.711615e-02
5.35750,0.600000,0.500000,0.000000e+00,0.000000e+00,1.000000e+00,1.255740e-01,0.000000e+00,0.000000e+00,1.826746e-02,6.711640e-02
5.36000,0.600000,0.500000,0.000000e+00,0.000000e+00,1.000000e+00,1.255740e-01,0.000000e+00,0.000000e+00,1.826748e-02,6.711665e-02
5.36250,0.600000,0.500000,0.000000e+00,0.000000e+00,1.000000e+00,1.255740e-01,0.000000e+00,0.000000e+00,1.826750e-02,6.711690e-02
5.36500,0.600000,0.500000,0.000000e+00,0.000000e+00,1.000000e+00,1.255740e-01,0.000000e+00,0.000000e+00,1.826753e-02,6.711715e-02
5.36750,0.600000,0.500000,0.000000e+00,0.000000e+00,1.000000e+00,1.255740e-01,0.000000e+00,0.000000e+00,1.826755e-02,6.711739e-02
5.37000,0.600000,0.500000,0.000000e+00,0.000000e+00,1.000000e+00,1.255740e-01,0.000000e+00,0.000000e+00,1.826757e-02,6.711764e-02
5.37250,0.600000,0.500000,0.000000e+00,0.000000e+00,1.000000e+00,1.255740e-01,0.000000e+00,0.000000e+00,1.826760e-02,6.711789e-02
5.37500,0.600000,0.500000,0.000000e+00,0.000000e+00,1.000000e+00,1.255740e-01,0.000000e+00,0.000000e+00,1.826762e-02,6.711813e-02
5.37750,0.600000,0.500000,0.000000e+00,0.000000e+00,1.000000e+00,1.255740e-01,0.000000e+00,0.000000e+00,1.826764e-02,6.711838e-02
5.38000,0.600000,0.500000,0.000000e+00,0.000000e+00,1.000000e+00,1.255740e-01,0.000000e+00,0.000000e+00,1.826766e-02,6.711862e-02
5.38250,0.600000,0.500000,0.000000e+00,0.000000e+00,1.000000e+00,1.255740e-01,0.000000e+00,0.000000e+00,1.826768e-02,6.711887e-02
5.38500,0.600000,0.500000,0.000000e+00,0.000000e+00,1.000000e+00,1.255740e-01,0.000000e+00,0.000000e+00,1.826771e-02,6.711911e-02
5.38750,0.600000,0.500000,0.000000e+00,0.000000e+00,1.000000e+00,1.255740e-01,0.000000e+00,0.000000e+00,1.826773e-02,6.711935e-02
5.39000,0.600000,0.500000,0.000000e+00,0.000000e+00,1.000000e+00,1.255740e-01,0.000000e+00,0.000000e+00,1.826775e-02,6.711959e-02
5.39250,0.600000,0.500000,0.000000e+00,0.000000e+00,1.000000e+00,1.255740e-01,0.000000e+00,0.000000e+00,1.826777e-02,6.711984e-02
5.39500,0.600000,0.500000,0.000000e+00,0.000000e+00,1.000000e+00,1.255740e-01,0.000000e+00,0.000000e+00,1.826779e-02,6.712008e-02
5.39750,0.600000,0.500000,0.000000e+00,0.000000e+00,1.000000e+00,1.255740e-01,0.000000e+00,0.000000e+00,1.826782e-02,6.712032e-02
5.40000,0.600000,0.500000,0.000000e+00,0.000000e+00,1.000000e+00,1.255740e-01,0.000000e+00,0.000000e+00,1.826784e-02,6.712056e-02
5.40250,0.600000,0.500000,0.000000e+00,0.000000e+00,1.000000e+00,1.255740e-01,0.000000e+00,0.000000e+00,1.826786e-02,6.712079e-02
5.40500,0.600000,0.500000,0.000000e+00,0.000000e+00,1.000000e+00,1.255740e-01,0.000000e+00,0.000000e+00,1.826788e-02,6.712103e-02
5.40750,0.600000,0.500000,0.000000e+00,0.000000e+00,1.000000e+00,1.255740e-01,0.000000e+00,0.000000e+00,1.826790e-02,6.712127e-02
5.41000,0.600000,0.500000,0.000000e+00,0.000000e+00,1.000000e+00,1.255740e-01,0.000000e+00,0.000000e+00,1.826793e-02,6.712151e-02
5.41250,0.600000,0.500000,0.000000e+00,0.000000e+00,1.000000e+00,1.255740e-01,0.000000e+00,0.000000e+00,1.826795e-02,6.712174e-02
5.41500,0.600000,0.500000,0.000000e+00,0.000000e+00,1.000000e+00,1.255740e-01,0.000000e+00,0.000000e+00,1.826797e-02,6.712198e-02
5.41750,0.600000,0.500000,0.000000e+00,0.000000e+00,1.000000e+00,1.255740e-01,0.000000e+00,0.000000e+00,1.826799e-02,6.712221e-02
5.42000,0.600000,0.500000,0.000000e+00,0.000000e+00,1.000000e+00,1.255740e-01,0.000000e+00,0.000000e+00,1.826801e-02,6.712245e-02
5.42250,0.600000,0.500000,0.000000e+00,0.000000e+00,1.000000e+00,1.255740e-01,0.000000e+00,0.000000e+00,1.826803e-02,6.712268e-02
5.42500,0.600000,0.500000,0.000000e+00,0.000000e+00,1.000000e+00,1.255740e-01,0.000000e+00,0.000000e+00,1.826805e-02,6.712291e-02
5.42750,0.600000,0.500000,0.000000e+00,0.000000e+00,1.000000e+00,1.255740e-01,0.000000e+00,0.000000e+00,1.826807e-02,6.712315e-02
5.43000,0.600000,0.500000,0.000000e+00,0.000000e+00,1.000000e+00,1.255740e-01,0.000000e+00,0.000000e+00,1.826810e-02,6.712338e-02
5.43250,0.600000,0.500000,0.000000e+00,0.000000e+00,1.000000e+00,1.255740e-01,0.000000e+00,0.000000e+00,1.826812e-02,6.712361e-02
5.43500,0.600000,0.500000,0.000000e+00,0.000000e+00,1.000000e+00,1.255740e-01,0.000000e+00,0.000000e+00,1.826814e-02,6.712384e-02
5.43750,0.600000,0.500000,0.000000e+00,0.000000e+00,1.000000e+00,1.255740e-01,0.000000e+00,0.000000e+00,1.826816e-02,6.712407e-02
5.44000,0.600000,0.500000,0.000000e+00,0.000000e+00,1.000000e+00,1.255740e-01,0.000000e+00,0.000000e+00,1.826818e-02,6.712430e-02
5.44250,0.600000,0.500000,0.000000e+00,0.000000e+00,1.000000e+00,1.255740e-01,0.000000e+00,0.000000e+00,1.826820e-02,6.712453e-02
5.44500,0.600000,0.500000,0.000000e+00,0.000000e+00,1.000000e+00,1.255740e-01,0.000000e+00,0.000000e+00,1.826822e-02,6.712476e-02
5.44750,0.600000,0.500000,0.000000e+00,0.000000e+00,1.000000e+00,1.255740e-01,0.000000e+00,0.000000e+00,1.826824e-02,6.712498e-02
5.45000,0.600000,0.500000,0.000000e+00,0.000000e+00,1.000000e+00,1.255740e-01,0.000000e+00,0.000000e+00,1.826826e-02,6.712521e-02
5.45250,0.600000,0.500000,0.000000e+00,0.000000e+00,1.000000e+00,1.255740e-01,0.000000e+00,0.000000e+00,1.826828e-02,6.712544e-02
5.45500,0.600000,0.500000,0.000000e+00,0.000000e+00,1.000000e+00,1.255740e-01,0.000000e+00,0.000000e+00,1.826830e-02,6.712566e-02
5.45750,0.600000,0.500000,0.000000e+00,0.000000e+00,1.000000e+00,1.255740e-01,0.000000e+00,0.000000e+00,1.826832e-02,6.712589e-02
5.46000,0.600000,0.500000,0.000000e+00,0.000000e+00,1.000000e+00,1.255740e-01,0.000000e+00,0.000000e+00,1.826834e-02,6.712611e-02
5.46250,0.600000,0.500000,0.000000e+00,0.000000e+00,1.000000e+00,1.255740e-01,0.000000e+00,0.000000e+00,1.826837e-02,6.712633e-02
5.46500,0.600000,0.500000,0.000000e+00,0.000000e+00,1.000000e+00,1.255740e-01,0.000000e+00,0.000000e+00,1.826839e-02,6.712656e-02
5.46750,0.600000,0.500000,0.000000e+00,0.000000e+00,1.000000e+00,1.255740e-01,0.000000e+00,0.000000e+00,1.826841e-02,6.712678e-02
5.47000,0.600000,0.500000,0.000000e+00,0.000000e+00,1.000000e+00,1.255740e-01,0.000000e+00,0.000000e+00,1.826843e-02,6.712700e-02
5.47250,0.600000,0.500000,0.000000e+00,0.000000e+00,1.000000e+00,1.255740e-01,0.000000e+00,0.000000e+00,1.826845e-02,6.712722e-02
5.47500,0.600000,0.500000,0.000000e+00,0.000000e+00,1.000000e+00,1.255740e-01,0.000000e+00,0.000000e+00,1.826847e-02,6.712745e-02
5.47750,0.600000,0.500000,0.000000e+00,0.000000e+00,1.000000e+00,1.255740e-01,0.000000e+00,0.000000e+00,1.826849e-02,6.712767e-02
5.48000,0.600000,0.500000,0.000000e+00,0.000000e+00,1.000000e+00,1.255740e-01,0.000000e+00,0.000000e+00,1.826851e-02,6.712789e-02
5.48250,0.600000,0.500000,0.000000e+00,0.000000e+00,1.000000e+00,1.255740e-01,0.000000e+00,0.000000e+00,1.826853e-02,6.712810e-02
5.48500,0.600000,0.500000,0.000000e+00,0.000000e+00,1.000000e+00,1.255740e-01,0.000000e+00,0.000000e+00,1.826855e-02,6.712832e-02
5.48750,0.600000,0.500000,0.000000e+00,0.000000e+00,1.000000e+00,1.255740e-01,0.000000e+00,0.000000e+00,1.826857e-02,6.712854e-02
5.49000,0.600000,0.500000,0.000000e+00,0.000000e+00,1.000000e+00,1.255740e-01,0.000000e+00,0.000000e+00,1.826859e-02,6.712876e-02
5.49250,0.600000,0.500000,0.000000e+00,0.000000e+00,1.000000e+00,1.255740e-01,0.000000e+00,0.000000e+00,1.826861e-02,6.712897e-02
5.49500,0.600000,0.500000,0.000000e+00,0.000000e+00,1.000000e+00,1.255740e-01,0.000000e+00,0.000000e+00,1.826863e-02,6.712919e-02
5.49750,0.600000,0.500000,0.000000e+00,0.000000e+00,1.000000e+00,1.255740e-01,0.000000e+00,0.000000e+00,1.826865e-02,6.712941e-02
5.50000,0.600000,0.500000,0.000000e+00,0.000000e+00,1.000000e+00,1.255740e-01,0.000000e+00,0.000000e+00,1.826867e-02,6.712962e-02
5.50250,0.600000,0.500000,0.000000e+00,0.000000e+00,1.000000e+00,1.255740e-01,0.000000e+00,0.000000e+00,1.826868e-02,6.712984e-02
5.50500,0.600000,0.500000,0.000000e+00,0.000000e+00,1.000000e+00,1.255740e-01,0.000000e+00,0.000000e+00,1.826870e-02,6.713005e-02
5.50750,0.600000,0.500000,0.000000e+00,0.000000e+00,1.000000e+00,1.255740e-01,0.000000e+00,0.000000e+00,1.826872e-02,6.713026e-02
5.51000,0.600000,0.500000,0.000000e+00,0.000000e+00,1.000000e+00,1.255740e-01,0.000000e+00,0.000000e+00,1.826874e-02,6.713048e-02
5.51250,0.600000,0.500000,0.000000e+00,0.000000e+00,1.000000e+00,1.255740e-01,0.000000e+00,0.000000e+00,1.826876e-02,6.713069e-02
5.51500,0.600000,0.500000,0.000000e+00,0.000000e+00,1.000000e+00,1.255740e-01,0.000000e+00,0.000000e+00,1.826878e-02,6.713090e-02
5.51750,0.600000,0.500000,0.000000e+00,0.000000e+00,1.000000e+00,1.255740e-01,0.000000e+00,0.000000e+00,1.826880e-02,6.713111e-02
5.52000,0.600000,0.500000,0.000000e+00,0.000000e+00,1.000000e+00,1.255740e-01,0.000000e+00,0.000000e+00,1.826882e-02,6.713132e-02
5.52250,0.600000,0.500000,0.000000e+00,0.000000e+00,1.000000e+00,1.255740e-01,0.000000e+00,0.000000e+00,1.826884e-02,6.713153e-02
5.52500,0.600000,0.500000,0.000000e+00,0.000000e+00,1.000000e+00,1.255740e-01,0.000000e+00,0.000000e+00,1.826886e-02,6.713174e-02
5.52750,0.600000,0.500000,0.000000e+00,0.000000e+00,1.000000e+00,1.255740e-01,0.000000e+00,0.000000e+00,1.826888e-02,6.713195e-02
5.53000,0.600000,0.500000,0.000000e+00,0.000000e+00,1.000000e+00,1.255740e-01,0.000000e+00,0.000000e+00,1.826890e-02,6.713216e-02
5.53250,0.600000,0.500000,0.000000e+00,0.000000e+00,1.000000e+00,1.255740e-01,0.000000e+00,0.000000e+00,1.826892e-02,6.713237e-02
5.53500,0.600000,0.500000,0.000000e+00,0.000000e+00,1.000000e+00,1.255740e-01,0.000000e+00,0.000000e+00,1.826893e-02,6.713257e-02
5.53750,0.600000,0.500000,0.000000e+00,0.000000e+00,1.000000e+00,1.255740e-01,0.000000e+00,0.000000e+00,1.826895e-02,6.713278e-02
5.54000,0.600000,0.500000,0.000000e+00,0.000000e+00,1.000000e+00,1.255740e-01,0.000000e+00,0.000000e+00,1.826897e-02,6.713299e-02
5.54250,0.600000,0.500000,0.000000e+00,0.000000e+00,1.000000e+00,1.255740e-01,0.000000e+00,0.000000e+00,1.826899e-02,6.713319e-02
5.54500,0.600000,0.500000,0.000000e+00,0.000000e+00,1.000000e+00,1.255740e-01,0.000000e+00,0.000000e+00,1.826901e-02,6.713340e-02
5.54750,0.600000,0.500000,0.000000e+00,0.000000e+00,1.000000e+00,1.255740e-01,0.000000e+00,0.000000e+00,1.826903e-02,6.713360e-02
5.55000,0.600000,0.500000,0.000000e+00,0.000000e+00,1.000000e+00,1.255740e-01,0.000000e+00,0.000000e+00,1.826905e-02,6.713381e-02
5.55250,0.600000,0.500000,0.000000e+00,0.000000e+00,1.000000e+00,1.255740e-01,0.000000e+00,0.000000e+00,1.826907e-02,6.713401e-02
5.55500,0.600000,0.500000,0.000000e+00,0.000000e+00,1.000000e+00,1.255740e-01,0.000000e+00,0.000000e+00,1.826908e-02,6.713421e-02
5.55750,0.600000,0.500000,0.000000e+00,0.000000e+00,1.000000e+00,1.255740e-01,0.000000e+00,0.000000e+00,1.826910e-02,6.713441e-02
5.56000,0.600000,0.500000,0.000000e+00,0.000000e+00,1.000000e+00,1.255740e-01,0.000000e+00,0.000000e+00,1.826912e-02,6.713462e-02
5.56250,0.600000,0.500000,0.000000e+00,0.000000e+00,1.000000e+00,1.255740e-01,0.000000e+00,0.000000e+00,1.826914e-02,6.713482e-02
5.56500,0.600000,0.500000,0.000000e+00,0.000000e+00,1.000000e+00,1.255740e-01,0.000000e+00,0.000000e+00,1.826916e-02,6.713502e-02
5.56750,0.600000,0.500000,0.000000e+00,0.000000e+00,1.000000e+00,1.255740e-01,0.000000e+00,0.000000e+00,1.826918e-02,6.713522e-02
5.57000,0.600000,0.500000,0.000000e+00,0.000000e+00,1.000000e+00,1.255740e-01,0.000000e+00,0.000000e+00,1.826919e-02,6.713542e-02
5.57250,0.600000,0.500000,0.000000e+00,0.000000e+00,1.000000e+00,1.255740e-01,0.000000e+00,0.000000e+00,1.826921e-02,6.713562e-02
5.57500,0.600000,0.500000,0.000000e+00,0.000000e+00,1.000000e+00,1.255740e-01,0.000000e+00,0.000000e+00,1.826923e-02,6.713582e-02
5.57750,0.600000,0.500000,0.000000e+00,0.000000e+00,1.000000e+00,1.255740e-01,0.000000e+00,0.000000e+00,1.826925e-02,6.713601e-02
5.58000,0.600000,0.500000,0.000000e+00,0.000000e+00,1.000000e+00,1.255740e-01,0.000000e+00,0.000000e+00,1.826927e-02,6.713621e-02
5.58250,0.600000,0.500000,0.000000e+00,0.000000e+00,1.000000e+00,1.255740e-01,0.000000e+00,0.000000e+00,1.826928e-02,6.713641e-02
5.58500,0.600000,0.500000,0.000000e+00,0.000000e+00,1.000000e+00,1.255740e-01,0.000000e+00,0.000000e+00,1.826930e-02,6.713660e-02
5.58750,0.600000,0.500000,0.000000e+00,0.000000e+00,1.000000e+00,1.255740e-01,0.000000e+00,0.000000e+00,1.826932e-02,6.713680e-02
5.59000,0.600000,0.500000,0.000000e+00,0.000000e+00,1.000000e+00,1.255740e-01,0.000000e+00,0.000000e+00,1.826934e-02,6.713700e-02
5.59250,0.600000,0.500000,0.000000e+00,0.000000e+00,1.000000e+00,1.255740e-01,0.000000e+00,0.000000e+00,1.826936e-02,6.713719e-02
5.59500,0.600000,0.500000,0.000000e+00,0.000000e+00,1.000000e+00,1.255740e-01,0.000000e+00,0.000000e+00,1.826937e-02,6.713738e-02
5.59750,0.600000,0.500000,0.000000e+00,0.000000e+00,1.000000e+00,1.255740e-01,0.000000e+00,0.000000e+00,1.826939e-02,6.713758e-02
5.60000,0.600000,0.500000,0.000000e+00,0.000000e+00,1.000000e+00,1.255740e-01,0.000000e+00,0.000000e+00,1.826941e-02,6.713777e-02
5.60250,0.600000,0.500000,0.000000e+00,0.000000e+00,1.000000e+00,1.255740e-01,0.000000e+00,0.000000e+00,1.826943e-02,6.713796e-02
5.60500,0.600000,0.500000,0.000000e+00,0.000000e+00,1.000000e+00,1.255740e-01,0.000000e+00,0.000000e+00,1.826944e-02,6.713816e-02
5.60750,0.600000,0.500000,0.000000e+00,0.000000e+00,1.000000e+00,1.255740e-01,0.000000e+00,0.000000e+00,1.826946e-02,6.713835e-02
5.61000,0.600000,0.500000,0.000000e+00,0.000000e+00,1.000000e+00,1.255740e-01,0.000000e+00,0.000000e+00,1.826948e-02,6.713854e-02
5.61250,0.600000,0.500000,0.000000e+00,0.000000e+00,1.000000e+00,1.255740e-01,0.000000e+00,0.000000e+00,1.826950e-02,6.713873e-02
5.61500,0.600000,0.500000,0.000000e+00,0.000000e+00,1.000000e+00,1.255740e-01,0.000000e+00,0.000000e+00,1.826951e-02,6.713892e-02
5.61750,0.600000,0.500000,0.000000e+00,0.000000e+00,1.000000e+00,1.255740e-01,0.000000e+00,0.000000e+00,1.826953e-02,6.713911e-02
5.62000,0.600000,0.500000,0.000000e+00,0.000000e+00,1.000000e+00,1.255740e-01,0.000000e+00,0.000000e+00,1.826955e-02,6.713930e-02
5.62250,0.600000,0.500000,0.000000e+00,0.000000e+00,1.000000e+00,1.255740e-01,0.000000e+00,0.000000e+00,1.826957e-02,6.713949e-02
5.62500,0.600000,0.500000,0.000000e+00,0.000000e+00,1.000000e+00,1.255740e-01,0.000000e+00,0.000000e+00,1.826958e-02,6.713968e-02
5.62750,0.600000,0.500000,0.000000e+00,0.000000e+00,1.000000e+00,1.255740e-01,0.000000e+00,0.000000e+00,1.826960e-02,6.713986e-02
5.63000,0.600000,0.500000,0.000000e+00,0.000000e+00,1.000000e+00,1.255740e-01,0.000000e+00,0.000000e+00,1.826962e-02,6.714005e-02
5.63250,0.600000,0.500000,0.000000e+00,0.000000e+00,1.000000e+00,1.255740e-01,0.000000e+00,0.000000e+00,1.826963e-02,6.714024e-02
5.63500,0.600000,0.500000,0.000000e+00,0.000000e+00,1.000000e+00,1.255740e-01,0.000000e+00,0.000000e+00,1.826965e-02,6.714042e-02
5.63750,0.600000,0.500000,0.000000e+00,0.000000e+00,1.000000e+00,1.255740e-01,0.000000e+00,0.000000e+00,1.826967e-02,6.714061e-02
5.64000,0.600000,0.500000,0.000000e+00,0.000000e+00,1.000000e+00,1.255740e-01,0.000000e+00,0.000000e+00,1.826969e-02,6.714080e-02
5.64250,0.600000,0.500000,0.000000e+00,0.000000e+00,1.000000e+00,1.255740e-01,0.000000e+00,0.000000e+00,1.826970e-02,6.714098e-02
5.64500,0.600000,0.500000,0.000000e+00,0.000000e+00,1.000000e+00,1.255740e-01,0.000000e+00,0.000000e+00,1.826972e-02,6.714117e-02
5.64750,0.600000,0.500000,0.000000e+00,0.000000e+00,1.000000e+00,1.255740e-01,0.000000e+00,0.000000e+00,1.826974e-02,6.714135e-02
5.65000,0.600000,0.500000,0.000000e+00,0.000000e+00,1.000000e+00,1.255740e-01,0.000000e+00,0.000000e+00,1.826975e-02,6.714153e-02
5.65250,0.600000,0.500000,0.000000e+00,0.000000e+00,1.000000e+00,1.255740e-01,0.000000e+00,0.000000e+00,1.826977e-02,6.714171e-02
5.65500,0.600000,0.500000,0.000000e+00,0.000000e+00,1.000000e+00,1.255740e-01,0.000000e+00,0.000000e+00,1.826979e-02,6.714190e-02
5.65750,0.600000,0.500000,0.000000e+00,0.000000e+00,1.000000e+00,1.255740e-01,0.000000e+00,0.000000e+00,1.826980e-02,6.714208e-02
5.66000,0.600000,0.500000,0.000000e+00,0.000000e+00,1.000000e+00,1.255740e-01,0.000000e+00,0.000000e+00,1.826982e-02,6.714226e-02
5.66250,0.600000,0.500000,0.000000e+00,0.000000e+00,1.000000e+00,1.255740e-01,0.000000e+00,0.000000e+00,1.826984e-02,6.714244e-02
5.66500,0.600000,0.500000,0.000000e+00,0.000000e+00,1.000000e+00,1.255740e-01,0.000000e+00,0.000000e+00,1.826985e-02,6.714262e-02
5.66750,0.600000,0.500000,0.000000e+00,0.000000e+00,1.000000e+00,1.255740e-01,0.000000e+00,0.000000e+00,1.826987e-02,6.714280e-02
5.67000,0.600000,0.500000,0.000000e+00,0.000000e+00,1.000000e+00,1.255740e-01,0.000000e+00,0.000000e+00,1.826989e-02,6.714298e-02
5.67250,0.600000,0.500000,0.000000e+00,0.000000e+00,1.000000e+00,1.255740e-01,0.000000e+00,0.000000e+00,1.826990e-02,6.714316e-02
5.67500,0.600000,0.500000,0.000000e+00,0.000000e+00,1.000000e+00,1.255740e-01,0.000000e+00,0.000000e+00,1.826992e-02,6.714334e-02
5.67750,0.600000,0.500000,0.000000e+00,0.000000e+00,1.000000e+00,1.255740e-01,0.000000e+00,0.000000e+00,1.826993e-02,6.714352e-02
5.68000,0.600000,0.500000,0.000000e+00,0.000000e+00,1.000000e+00,1.255740e-01,0.000000e+00,0.000000e+00,1.826995e-02,6.714369e-02
5.68250,0.600000,0.500000,0.000000e+00,0.000000e+00,1.000000e+00,1.255740e-01,0.000000e+00,0.000000e+00,1.826997e-02,6.714387e-02
5.68500,0.600000,0.500000,0.000000e+00,0.000000e+00,1.000000e+00,1.255740e-01,0.000000e+00,0.000000e+00,1.826998e-02,6.714405e-02
5.68750,0.600000,0.500000,0.000000e+00,0.000000e+00,1.000000e+00,1.255740e-01,0.000000e+00,0.000000e+00,1.827000e-02,6.714422e-02
5.69000,0.600000,0.500000,0.000000e+00,0.000000e+00,1.000000e+00,1.255740e-01,0.000000e+00,0.000000e+00,1.827001e-02,6.714440e-02
5.69250,0.600000,0.500000,0.000000e+00,0.000000e+00,1.000000e+00,1.255740e-01,0.000000e+00,0.000000e+00,1.827003e-02,6.714457e-02
5.69500,0.600000,0.500000,0.000000e+00,0.000000e+00,1.000000e+00,1.255740e-01,0.000000e+00,0.000000e+00,1.827005e-02,6.714475e-02
5.69750,0.600000,0.500000,0.000000e+00,0.000000e+00,1.000000e+00,1.255740e-01,0.000000e+00,0.000000e+00,1.827006e-02,6.714492e-02
5.70000,0.600000,0.500000,0.000000e+00,0.000000e+00,1.000000e+00,1.255740e-01,0.000000e+00,0.000000e+00,1.827008e-02,6.714510e-02
5.70250,0.600000,0.500000,0.000000e+00,0.000000e+00,1.000000e+00,1.255740e-01,0.000000e+00,0.000000e+00,1.827009e-02,6.714527e-02
5.70500,0.600000,0.500000,0.000000e+00,0.000000e+00,1.000000e+00,1.255740e-01,0.000000e+00,0.000000e+00,1.827011e-02,6.714544e-02
5.70750,0.600000,0.500000,0.000000e+00,0.000000e+00,1.000000e+00,1.255740e-01,0.000000e+00,0.000000e+00,1.827013e-02,6.714562e-02
5.71000,0.600000,0.500000,0.000000e+00,0.000000e+00,1.000000e+00,1.255740e-01,0.000000e+00,0.000000e+00,1.827014e-02,6.714579e-02
5.71250,0.600000,0.500000,0.000000e+00,0.000000e+00,1.000000e+00,1.255740e-01,0.000000e+00,0.000000e+00,1.827016e-02,6.714596e-02
5.71500,0.600000,0.500000,0.000000e+00,0.000000e+00,1.000000e+00,1.255740e-01,0.000000e+00,0.000000e+00,1.827017e-02,6.714613e-02
5.71750,0.600000,0.500000,0.000000e+00,0.000000e+00,1.000000e+00,1.255740e-01,0.000000e+00,0.000000e+00,1.827019e-02,6.714630e-02
5.72000,0.600000,0.500000,0.000000e+00,0.000000e+00,1.000000e+00,1.255740e-01,0.000000e+00,0.000000e+00,1.827020e-02,6.714647e-02
5.72250,0.600000,0.500000,0.000000e+00,0.000000e+00,1.000000e+00,1.255740e-01,0.000000e+00,0.000000e+00,1.827022e-02,6.714664e-02
5.72500,0.600000,0.500000,0.000000e+00,0.000000e+00,1.000000e+00,1.255740e-01,0.000000e+00,0.000000e+00,1.827024e-02,6.714681e-02
5.72750,0.600000,0.500000,0.000000e+00,0.000000e+00,1.000000e+00,1.255740e-01,0.000000e+00,0.000000e+00,1.827025e-02,6.714698e-02
5.73000,0.600000,0.500000,0.000000e+00,0.000000e+00,1.000000e+00,1.255740e-01,0.000000e+00,0.000000e+00,1.827027e-02,6.714715e-02
5.73250,0.600000,0.500000,0.000000e+00,0.000000e+00,1.000000e+00,1.255740e-01,0.000000e+00,0.000000e+00,1.827028e-02,6.714731e-02
5.73500,0.600000,0.500000,0.000000e+00,0.000000e+00,1.000000e+00,1.255740e-01,0.000000e+00,0.000000e+00,1.827030e-02,6.714748e-02
5.73750,0.600000,0.500000,0.000000e+00,0.000000e+00,1.000000e+00,1.255740e-01,0.000000e+00,0.000000e+00,1.827031e-02,6.714765e-02
5.74000,0.600000,0.500000,0.000000e+00,0.000000e+00,1.000000e+00,1.255740e-01,0.000000e+00,0.000000e+00,1.827033e-02,6.714782e-02
5.74250,0.600000,0.500000,0.000000e+00,0.000000e+00,1.000000e+00,1.255740e-01,0.000000e+00,0.000000e+00,1.827034e-02,6.714798e-02
5.74500,0.600000,0.500000,0.000000e+00,0.000000e+00,1.000000e+00,1.255740e-01,0.000000e+00,0.000000e+00,1.827036e-02,6.714815e-02
5.74750,0.600000,0.500000,0.000000e+00,0.000000e+00,1.000000e+00,1.255740e-01,0.000000e+00,0.000000e+00,1.827037e-02,6.714831e-02
5.75000,0.600000,0.500000,0.000000e+00,0.000000e+00,1.000000e+00,1.255740e-01,0.000000e+00,0.000000e+00,1.827039e-02,6.714848e-02
5.75250,0.600000,0.500000,0.000000e+00,0.000000e+00,1.000000e+00,1.255740e-01,0.000000e+00,0.000000e+00,1.827040e-02,6.714864e-02
5.75500,0.600000,0.500000,0.000000e+00,0.000000e+00,1.000000e+00,1.255740e-01,0.000000e+00,0.000000e+00,1.827042e-02,6.714881e-02
5.75750,0.600000,0.500000,0.000000e+00,0.000000e+00,1.000000e+00,1.255740e-01,0.000000e+00,0.000000e+00,1.827043e-02,6.714897e-02
5.76000,0.600000,0.500000,0.000000e+00,0.000000e+00,1.000000e+00,1.255740e-01,0.000000e+00,0.000000e+00,1.827045e-02,6.714913e-02
5.76250,0.600000,0.500000,0.000000e+00,0.000000e+00,1.000000e+00,1.255740e-01,0.000000e+00,0.000000e+00,1.827046e-02,6.714929e-02
5.76500,0.600000,0.500000,0.000000e+00,0.000000e+00,1.000000e+00,1.255740e-01,0.000000e+00,0.000000e+00,1.827048e-02,6.714946e-02
5.76750,0.600000,0.500000,0.000000e+00,0.000000e+00,1.000000e+00,1.255740e-01,0.000000e+00,0.000000e+00,1.827049e-02,6.714962e-02
5.77000,0.600000,0.500000,0.000000e+00,0.000000e+00,1.000000e+00,1.255740e-01,0.000000e+00,0.000000e+00,1.827051e-02,6.714978e-02
5.77250,0.600000,0.500000,0.000000e+00,0.000000e+00,1.000000e+00,1.255740e-01,0.000000e+00,0.000000e+00,1.827052e-02,6.714994e-02
5.77500,0.600000,0.500000,0.000000e+00,0.000000e+00,1.000000e+00,1.255740e-01,0.000000e+00,0.000000e+00,1.827054e-02,6.715010e-02
5.77750,0.600000,0.500000,0.000000e+00,0.000000e+00,1.000000e+00,1.255740e-01,0.000000e+00,0.000000e+00,1.827055e-02,6.715026e-02
5.78000,0.600000,0.500000,0.000000e+00,0.000000e+00,1.000000e+00,1.255740e-01,0.000000e+00,0.000000e+00,1.827057e-02,6.715042e-02
5.78250,0.600000,0.500000,0.000000e+00,0.000000e+00,1.000000e+00,1.255740e-01,0.000000e+00,0.000000e+00,1.827058e-02,6.715058e-02
5.78500,0.600000,0.500000,0.000000e+00,0.000000e+00,1.000000e+00,1.255740e-01,0.000000e+00,0.000000e+00,1.827059e-02,6.715074e-02
5.78750,0.600000,0.500000,0.000000e+00,0.000000e+00,1.000000e+00,1.255740e-01,0.000000e+00,0.000000e+00,1.827061e-02,6.715090e-02
5.79000,0.600000,0.500000,0.000000e+00,0.000000e+00,1.000000e+00,1.255740e-01,0.000000e+00,0.000000e+00,1.827062e-02,6.715105e-02
5.79250,0.600000,0.500000,0.000000e+00,0.000000e+00,1.000000e+00,1.255740e-01,0.000000e+00,0.000000e+00,1.827064e-02,6.715121e-02
5.79500,0.600000,0.500000,0.000000e+00,0.000000e+00,1.000000e+00,1.255740e-01,0.000000e+00,0.000000e+00,1.827065e-02,6.715137e-02
5.79750,0.600000,0.500000,0.000000e+00,0.000000e+00,1.000000e+00,1.255740e-01,0.000000e+00,0.000000e+00,1.827067e-02,6.715153e-02
5.80000,0.600000,0.500000,0.000000e+00,0.000000e+00,1.000000e+00,1.255740e-01,0.000000e+00,0.000000e+00,1.827068e-02,6.715168e-02
5.80250,0.600000,0.500000,0.000000e+00,0.000000e+00,1.000000e+00,1.255740e-01,0.000000e+00,0.000000e+00,1.827070e-02,6.715184e-02
5.80500,0.600000,0.500000,0.000000e+00,0.000000e+00,1.000000e+00,1.255740e-01,0.000000e+00,0.000000e+00,1.827071e-02,6.715199e-02
5.80750,0.600000,0.500000,0.000000e+00,0.000000e+00,1.000000e+00,1.255740e-01,0.000000e+00,0.000000e+00,1.827072e-02,6.715215e-02
5.81000,0.600000,0.500000,0.000000e+00,0.000000e+00,1.000000e+00,1.255740e-01,0.000000e+00,0.000000e+00,1.827074e-02,6.715230e-02
5.81250,0.600000,0.500000,0.000000e+00,0.000000e+00,1.000000e+00,1.255740e-01,0.000000e+00,0.000000e+00,1.827075e-02,6.715246e-02
5.81500,0.600000,0.500000,0.000000e+00,0.000000e+00,1.000000e+00,1.255740e-01,0.000000e+00,0.000000e+00,1.827077e-02,6.715261e-02
5.81750,0.600000,0.500000,0.000000e+00,0.000000e+00,1.000000e+00,1.255740e-01,0.000000e+00,0.000000e+00,1.827078e-02,6.715276e-02
5.82000,0.600000,0.500000,0.000000e+00,0.000000e+00,1.000000e+00,1.255740e-01,0.000000e+00,0.000000e+00,1.827079e-02,6.715292e-02
5.82250,0.600000,0.500000,0.000000e+00,0.000000e+00,1.000000e+00,1.255740e-01,0.000000e+00,0.000000e+00,1.827081e-02,6.715307e-02
5.82500,0.600000,0.500000,0.000000e+00,0.000000e+00,1.000000e+00,1.255740e-01,0.000000e+00,0.000000e+00,1.827082e-02,6.715322e-02
5.82750,0.600000,0.500000,0.000000e+00,0.000000e+00,1.000000e+00,1.255740e-01,0.000000e+00,0.000000e+00,1.827084e-02,6.715337e-02
5.83000,0.600000,0.500000,0.000000e+00,0.000000e+00,1.000000e+00,1.255740e-01,0.000000e+00,0.000000e+00,1.827085e-02,6.715352e-02
5.83250,0.600000,0.500000,0.000000e+00,0.000000e+00,1.000000e+00,1.255740e-01,0.000000e+00,0.000000e+00,1.827086e-02,6.715367e-02
5.83500,0.600000,0.500000,0.000000e+00,0.000000e+00,1.000000e+00,1.255740e-01,0.000000e+00,0.000000e+00,1.827088e-02,6.715383e-02
5.83750,0.600000,0.500000,0.000000e+00,0.000000e+00,1.000000e+00,1.255740e-01,0.000000e+00,0.000000e+00,1.827089e-02,6.715398e-02
5.84000,0.600000,0.500000,0.000000e+00,0.000000e+00,1.000000e+00,1.255740e-01,0.000000e+00,0.000000e+00,1.827090e-02,6.715413e-02
5.84250,0.600000,0.500000,0.000000e+00,0.000000e+00,1.000000e+00,1.255740e-01,0.000000e+00,0.000000e+00,1.827092e-02,6.715427e-02
5.84500,0.600000,0.500000,0.000000e+00,0.000000e+00,1.000000e+00,1.255740e-01,0.000000e+00,0.000000e+00,1.827093e-02,6.715442e-02
5.84750,0.600000,0.500000,0.000000e+00,0.000000e+00,1.000000e+00,1.255740e-01,0.000000e+00,0.000000e+00,1.827095e-02,6.715457e-02
5.85000,0.600000,0.500000,0.000000e+00,0.000000e+00,1.000000e+00,1.255740e-01,0.000000e+00,0.000000e+00,1.827096e-02,6.715472e-02
5.85250,0.600000,0.500000,0.000000e+00,0.000000e+00,1.000000e+00,1.255740e-01,0.000000e+00,0.000000e+00,1.827097e-02,6.715487e-02
5.85500,0.600000,0.500000,0.000000e+00,0.000000e+00,1.000000e+00,1.255740e-01,0.000000e+00,0.000000e+00,1.827099e-02,6.715501e-02
5.85750,0.600000,0.500000,0.000000e+00,0.000000e+00,1.000000e+00,1.255740e-01,0.000000e+00,0.000000e+00,1.827100e-02,6.715516e-02
5.86000,0.600000,0.500000,0.000000e+00,0.000000e+00,1.000000e+00,1.255740e-01,0.000000e+00,0.000000e+00,1.827101e-02,6.715531e-02
5.86250,0.600000,0.500000,0.000000e+00,0.000000e+00,1.000000e+00,1.255740e-01,0.000000e+00,0.000000e+00,1.827103e-02,6.715545e-02
5.86500,0.600000,0.500000,0.000000e+00,0.000000e+00,1.000000e+00,1.255740e-01,0.000000e+00,0.000000e+00,1.827104e-02,6.715560e-02
5.86750,0.600000,0.500000,0.000000e+00,0.000000e+00,1.000000e+00,1.255740e-01,0.000000e+00,0.000000e+00,1.827105e-02,6.715575e-02
5.87000,0.600000,0.500000,0.000000e+00,0.000000e+00,1.000000e+00,1.255740e-01,0.000000e+00,0.000000e+00,1.827107e-02,6.715589e-02
5.87250,0.600000,0.500000,0.000000e+00,0.000000e+00,1.000000e+00,1.255740e-01,0.000000e+00,0.000000e+00,1.827108e-02,6.715604e-02
5.87500,0.600000,0.500000,0.000000e+00,0.000000e+00,1.000000e+00,1.255740e-01,0.000000e+00,0.000000e+00,1.827109e-02,6.715618e-02
5.87750,0.600000,0.500000,0.000000e+00,0.000000e+00,1.000000e+00,1.255740e-01,0.000000e+00,0.000000e+00,1.827111e-02,6.715632e-02
5.88000,0.600000,0.500000,0.000000e+00,0.000000e+00,1.000000e+00,1.255740e-01,0.000000e+00,0.000000e+00,1.827112e-02,6.715647e-02
5.88250,0.600000,0.500000,0.000000e+00,0.000000e+00,1.000000e+00,1.255740e-01,0.000000e+00,0.000000e+00,1.827113e-02,6.715661e-02
5.88500,0.600000,0.500000,0.000000e+00,0.000000e+00,1.000000e+00,1.255740e-01,0.000000e+00,0.000000e+00,1.827114e-02,6.715675e-02
5.88750,0.600000,0.500000,0.000000e+00,0.000000e+00,1.000000e+00,1.255740e-01,0.000000e+00,0.000000e+00,1.827116e-02,6.715689e-02
5.89000,0.600000,0.500000,0.000000e+00,0.000000e+00,1.000000e+00,1.255740e-01,0.000000e+00,0.000000e+00,1.827117e-02,6.715704e-02
5.89250,0.600000,0.500000,0.000000e+00,0.000000e+00,1.000000e+00,1.255740e-01,0.000000e+00,0.000000e+00,1.827118e-02,6.715718e-02
5.89500,0.600000,0.500000,0.000000e+00,0.000000e+00,1.000000e+00,1.255740e-01,0.000000e+00,0.000000e+00,1.827120e-02,6.715732e-02
5.89750,0.600000,0.500000,0.000000e+00,0.000000e+00,1.000000e+00,1.255740e-01,0.000000e+00,0.000000e+00,1.827121e-02,6.715746e-02
5.90000,0.600000,0.500000,0.000000e+00,0.000000e+00,1.000000e+00,1.255740e-01,0.000000e+00,0.000000e+00,1.827122e-02,6.715760e-02
5.90250,0.600000,0.500000,0.000000e+00,0.000000e+00,1.000000e+00,1.255740e-01,0.000000e+00,0.000000e+00,1.827124e-02,6.715774e-02
5.90500,0.600000,0.500000,0.000000e+00,0.000000e+00,1.000000e+00,1.255740e-01,0.000000e+00,0.000000e+00,1.827125e-02,6.715788e-02
5.90750,0.600000,0.500000,0.000000e+00,0.000000e+00,1.000000e+00,1.255740e-01,0.000000e+00,0.000000e+00,1.827126e-02,6.715802e-02
5.91000,0.600000,0.500000,0.000000e+00,0.000000e+00,1.000000e+00,1.255740e-01,0.000000e+00,0.000000e+00,1.827127e-02,6.715816e-02
5.91250,0.600000,0.500000,0.000000e+00,0.000000e+00,1.000000e+00,1.255740e-01,0.000000e+00,0.000000e+00,1.827129e-02,6.715830e-02
5.91500,0.600000,0.500000,0.000000e+00,0.000000e+00,1.000000e+00,1.255740e-01,0.000000e+00,0.000000e+00,1.827130e-02,6.715843e-02
5.91750,0.600000,0.500000,0.000000e+00,0.000000e+00,1.000000e+00,1.255740e-01,0.000000e+00,0.000000e+00,1.827131e-02,6.715857e-02
5.92000,0.600000,0.500000,0.000000e+00,0.000000e+00,1.000000e+00,1.255740e-01,0.000000e+00,0.000000e+00,1.827132e-02,6.715871e-02
5.92250,0.600000,0.500000,0.000000e+00,0.000000e+00,1.000000e+00,1.255740e-01,0.000000e+00,0.000000e+00,1.827134e-02,6.715885e-02
5.92500,0.600000,0.500000,0.000000e+00,0.000000e+00,1.000000e+00,1.255740e-01,0.000000e+00,0.000000e+00,1.827135e-02,6.715898e-02
5.92750,0.600000,0.500000,0.000000e+00,0.000000e+00,1.000000e+00,1.255740e-01,0.000000e+00,0.000000e+00,1.827136e-02,6.715912e-02
5.93000,0.600000,0.500000,0.000000e+00,0.000000e+00,1.000000e+00,1.255740e-01,0.000000e+00,0.000000e+00,1.827137e-02,6.715926e-02
5.93250,0.600000,0.500000,0.000000e+00,0.000000e+00,1.000000e+00,1.255740e-01,0.000000e+00,0.000000e+00,1.827139e-02,6.715939e-02
5.93500,0.600000,0.500000,0.000000e+00,0.000000e+00,1.000000e+00,1.255740e-01,0.000000e+00,0.000000e+00,1.827140e-02,6.715953e-02
5.93750,0.600000,0.500000,0.000000e+00,0.000000e+00,1.000000e+00,1.255740e-01,0.000000e+00,0.000000e+00,1.827141e-02,6.715966e-02
5.94000,0.600000,0.500000,0.000000e+00,0.000000e+00,1.000000e+00,1.255740e-01,0.000000e+00,0.000000e+00,1.827142e-02,6.715980e-02
5.94250,0.600000,0.500000,0.000000e+00,0.000000e+00,1.000000e+00,1.255740e-01,0.000000e+00,0.000000e+00,1.827144e-02,6.715993e-02
5.94500,0.600000,0.500000,0.000000e+00,0.000000e+00,1.000000e+00,1.255740e-01,0.000000e+00,0.000000e+00,1.827145e-02,6.716006e-02
5.94750,0.600000,0.500000,0.000000e+00,0.000000e+00,1.000000e+00,1.255740e-01,0.000000e+00,0.000000e+00,1.827146e-02,6.716020e-02
5.95000,0.600000,0.500000,0.000000e+00,0.000000e+00,1.000000e+00,1.255740e-01,0.000000e+00,0.000000e+00,1.827147e-02,6.716033e-02
5.95250,0.600000,0.500000,0.000000e+00,0.000000e+00,1.000000e+00,1.255740e-01,0.000000e+00,0.000000e+00,1.827148e-02,6.716046e-02
5.95500,0.600000,0.500000,0.000000e+00,0.000000e+00,1.000000e+00,1.255740e-01,0.000000e+00,0.000000e+00,1.827150e-02,6.716060e-02
5.95750,0.600000,0.500000,0.000000e+00,0.000000e+00,1.000000e+00,1.255740e-01,0.000000e+00,0.000000e+00,1.827151e-02,6.716073e-02
5.96000,0.600000,0.500000,0.000000e+00,0.000000e+00,1.000000e+00,1.255740e-01,0.000000e+00,0.000000e+00,1.827152e-02,6.716086e-02
5.96250,0.600000,0.500000,0.000000e+00,0.000000e+00,1.000000e+00,1.255740e-01,0.000000e+00,0.000000e+00,1.827153e-02,6.716099e-02
5.96500,0.600000,0.500000,0.000000e+00,0.000000e+00,1.000000e+00,1.255740e-01,0.000000e+00,0.000000e+00,1.827154e-02,6.716112e-02
5.96750,0.600000,0.500000,0.000000e+00,0.000000e+00,1.000000e+00,1.255740e-01,0.000000e+00,0.000000e+00,1.827156e-02,6.716125e-02
5.97000,0.600000,0.500000,0.000000e+00,0.000000e+00,1.000000e+00,1.255740e-01,0.000000e+00,0.000000e+00,1.827157e-02,6.716138e-02
5.97250,0.600000,0.500000,0.000000e+00,0.000000e+00,1.000000e+00,1.255740e-01,0.000000e+00,0.000000e+00,1.827158e-02,6.716151e-02
5.97500,0.600000,0.500000,0.000000e+00,0.000000e+00,1.000000e+00,1.255740e-01,0.000000e+00,0.000000e+00,1.827159e-02,6.716164e-02
5.97750,0.600000,0.500000,0.000000e+00,0.000000e+00,1.000000e+00,1.255740e-01,0.000000e+00,0.000000e+00,1.827160e-02,6.716177e-02
5.98000,0.600000,0.500000,0.000000e+00,0.000000e+00,1.000000e+00,1.255740e-01,0.000000e+00,0.000000e+00,1.827162e-02,6.716190e-02
5.98250,0.600000,0.500000,0.000000e+00,0.000000e+00,1.000000e+00,1.255740e-01,0.000000e+00,0.000000e+00,1.827163e-02,6.716203e-02
5.98500,0.600000,0.500000,0.000000e+00,0.000000e+00,1.000000e+00,1.255740e-01,0.000000e+00,0.000000e+00,1.827164e-02,6.716216e-02
5.98750,0.600000,0.500000,0.000000e+00,0.000000e+00,1.000000e+00,1.255740e-01,0.000000e+00,0.000000e+00,1.827165e-02,6.716229e-02
5.99000,0.600000,0.500000,0.000000e+00,0.000000e+00,1.000000e+00,1.255740e-01,0.000000e+00,0.000000e+00,1.827166e-02,6.716241e-02
5.99250,0.600000,0.500000,0.000000e+00,0.000000e+00,1.000000e+00,1.255740e-01,0.000000e+00,0.000000e+00,1.827167e-02,6.716254e-02
5.99500,0.600000,0.500000,0.000000e+00,0.000000e+00,1.000000e+00,1.255740e-01,0.000000e+00,0.000000e+00,1.827169e-02,6.716267e-02
5.99750,0.600000,0.500000,0.000000e+00,0.000000e+00,1.000000e+00,1.255740e-01,0.000000e+00,0.000000e+00,1.827170e-02,6.716279e-02
6.00000,0.600000,0.500000,0.000000e+00,0.000000e+00,1.000000e+00,1.255740e-01,0.000000e+00,0.000000e+00,1.827171e-02,6.716292e-02
6.00250,0.600000,0.500000,0.000000e+00,0.000000e+00,1.000000e+00,1.255740e-01,0.000000e+00,0.000000e+00,1.827172e-02,6.716305e-02
6.00500,0.600000,0.500000,0.000000e+00,0.000000e+00,1.000000e+00,1.255740e-01,0.000000e+00,0.000000e+00,1.827173e-02,6.716317e-02
6.00750,0.600000,0.500000,0.000000e+00,0.000000e+00,1.000000e+00,1.255740e-01,0.000000e+00,0.000000e+00,1.827174e-02,6.716330e-02
6.01000,0.600000,0.500000,0.000000e+00,0.000000e+00,1.000000e+00,1.255740e-01,0.000000e+00,0.000000e+00,1.827176e-02,6.716342e-02
6.01250,0.600000,0.500000,0.000000e+00,0.000000e+00,1.000000e+00,1.255740e-01,0.000000e+00,0.000000e+00,1.827177e-02,6.716355e-02
6.01500,0.600000,0.500000,0.000000e+00,0.000000e+00,1.000000e+00,1.255740e-01,0.000000e+00,0.000000e+00,1.827178e-02,6.716367e-02
6.01750,0.600000,0.500000,0.000000e+00,0.000000e+00,1.000000e+00,1.255740e-01,0.000000e+00,0.000000e+00,1.827179e-02,6.716379e-02
6.02000,0.600000,0.500000,0.000000e+00,0.000000e+00,1.000000e+00,1.255740e-01,0.000000e+00,0.000000e+00,1.827180e-02,6.716392e-02
6.02250,0.600000,0.500000,0.000000e+00,0.000000e+00,1.000000e+00,1.255740e-01,0.000000e+00,0.000000e+00,1.827181e-02,6.716404e-02
6.02500,0.600000,0.500000,0.000000e+00,0.000000e+00,1.000000e+00,1.255740e-01,0.000000e+00,0.000000e+00,1.827182e-02,6.716416e-02
6.02750,0.600000,0.500000,0.000000e+00,0.000000e+00,1.000000e+00,1.255740e-01,0.000000e+00,0.000000e+00,1.827183e-02,6.716429e-02
6.03000,0.600000,0.500000,0.000000e+00,0.000000e+00,1.000000e+00,1.255740e-01,0.000000e+00,0.000000e+00,1.827185e-02,6.716441e-02
6.03250,0.600000,0.500000,0.000000e+00,0.000000e+00,1.000000e+00,1.255740e-01,0.000000e+00,0.000000e+00,1.827186e-02,6.716453e-02
6.03500,0.600000,0.500000,0.000000e+00,0.000000e+00,1.000000e+00,1.255740e-01,0.000000e+00,0.000000e+00,1.827187e-02,6.716465e-02
6.03750,0.600000,0.500000,0.000000e+00,0.000000e+00,1.000000e+00,1.255740e-01,0.000000e+00,0.000000e+00,1.827188e-02,6.716477e-02
6.04000,0.600000,0.500000,0.000000e+00,0.000000e+00,1.000000e+00,1.255740e-01,0.000000e+00,0.000000e+00,1.827189e-02,6.716489e-02
6.04250,0.600000,0.500000,0.000000e+00,0.000000e+00,1.000000e+00,1.255740e-01,0.000000e+00,0.000000e+00,1.827190e-02,6.716501e-02
6.04500,0.600000,0.500000,0.000000e+00,0.000000e+00,1.000000e+00,1.255740e-01,0.000000e+00,0.000000e+00,1.827191e-02,6.716513e-02
6.04750,0.600000,0.500000,0.000000e+00,0.000000e+00,1.000000e+00,1.255740e-01,0.000000e+00,0.000000e+00,1.827192e-02,6.716525e-02
6.05000,0.600000,0.500000,0.000000e+00,0.000000e+00,1.000000e+00,1.255740e-01,0.000000e+00,0.000000e+00,1.827193e-02,6.716537e-02
6.05250,0.600000,0.500000,0.000000e+00,0.000000e+00,1.000000e+00,1.255740e-01,0.000000e+00,0.000000e+00,1.827195e-02,6.716549e-02
6.05500,0.600000,0.500000,0.000000e+00,0.000000e+00,1.000000e+00,1.255740e-01,0.000000e+00,0.000000e+00,1.827196e-02,6.716561e-02
6.05750,0.600000,0.500000,0.000000e+00,0.000000e+00,1.000000e+00,1.255740e-01,0.000000e+00,0.000000e+00,1.827197e-02,6.716573e-02
6.06000,0.600000,0.500000,0.000000e+00,0.000000e+00,1.000000e+00,1.255740e-01,0.000000e+00,0.000000e+00,1.827198e-02,6.716585e-02
6.06250,0.600000,0.500000,0.000000e+00,0.000000e+00,1.000000e+00,1.255740e-01,0.000000e+00,0.000000e+00,1.827199e-02,6.716597e-02
6.06500,0.600000,0.500000,0.000000e+00,0.000000e+00,1.000000e+00,1.255740e-01,0.000000e+00,0.000000e+00,1.827200e-02,6.716609e-02
6.06750,0.600000,0.500000,0.000000e+00,0.000000e+00,1.000000e+00,1.255740e-01,0.000000e+00,0.000000e+00,1.827201e-02,6.716620e-02
6.07000,0.600000,0.500000,0.000000e+00,0.000000e+00,1.000000e+00,1.255740e-01,0.000000e+00,0.000000e+00,1.827202e-02,6.716632e-02
6.07250,0.600000,0.500000,0.000000e+00,0.000000e+00,1.000000e+00,1.255740e-01,0.000000e+00,0.000000e+00,1.827203e-02,6.716644e-02
6.07500,0.600000,0.500000,0.000000e+00,0.000000e+00,1.000000e+00,1.255740e-01,0.000000e+00,0.000000e+00,1.827204e-02,6.716655e-02
6.07750,0.600000,0.500000,0.000000e+00,0.000000e+00,1.000000e+00,1.255740e-01,0.000000e+00,0.000000e+00,1.827205e-02,6.716667e-02
6.08000,0.600000,0.500000,0.000000e+00,0.000000e+00,1.000000e+00,1.255740e-01,0.000000e+00,0.000000e+00,1.827206e-02,6.716679e-02
6.08250,0.600000,0.500000,0.000000e+00,0.000000e+00,1.000000e+00,1.255740e-01,0.000000e+00,0.000000e+00,1.827207e-02,6.716690e-02
6.08500,0.600000,0.500000,0.000000e+00,0.000000e+00,1.000000e+00,1.255740e-01,0.000000e+00,0.000000e+00,1.827208e-02,6.716702e-02
6.08750,0.600000,0.500000,0.000000e+00,0.000000e+00,1.000000e+00,1.255740e-01,0.000000e+00,0.000000e+00,1.827210e-02,6.716713e-02
6.09000,0.600000,0.500000,0.000000e+00,0.000000e+00,1.000000e+00,1.255740e-01,0.000000e+00,0.000000e+00,1.827211e-02,6.716725e-02
6.09250,0.600000,0.500000,0.000000e+00,0.000000e+00,1.000000e+00,1.255740e-01,0.000000e+00,0.000000e+00,1.827212e-02,6.716736e-02
6.09500,0.600000,0.500000,0.000000e+00,0.000000e+00,1.000000e+00,1.255740e-01,0.000000e+00,0.000000e+00,1.827213e-02,6.716747e-02
6.09750,0.600000,0.500000,0.000000e+00,0.000000e+00,1.000000e+00,1.255740e-01,0.000000e+00,0.000000e+00,1.827214e-02,6.716759e-02
6.10000,0.600000,0.500000,0.000000e+00,0.000000e+00,1.000000e+00,1.255740e-01,0.000000e+00,0.000000e+00,1.827215e-02,6.716770e-02
6.10250,0.600000,0.500000,0.000000e+00,0.000000e+00,1.000000e+00,1.255740e-01,0.000000e+00,0.000000e+00,1.827216e-02,6.716781e-02
6.10500,0.600000,0.500000,0.000000e+00,0.000000e+00,1.000000e+00,1.255740e-01,0.000000e+00,0.000000e+00,1.827217e-02,6.716793e-02
6.10750,0.600000,0.500000,0.000000e+00,0.000000e+00,1.000000e+00,1.255740e-01,0.000000e+00,0.000000e+00,1.827218e-02,6.716804e-02
6.11000,0.600000,0.500000,0.000000e+00,0.000000e+00,1.000000e+00,1.255740e-01,0.000000e+00,0.000000e+00,1.827219e-02,6.716815e-02
6.11250,0.600000,0.500000,0.000000e+00,0.000000e+00,1.000000e+00,1.255740e-01,0.000000e+00,0.000000e+00,1.827220e-02,6.716826e-02
6.11500,0.600000,0.500000,0.000000e+00,0.000000e+00,1.000000e+00,1.255740e-01,0.000000e+00,0.000000e+00,1.827221e-02,6.716838e-02
6.11750,0.600000,0.500000,0.000000e+00,0.000000e+00,1.000000e+00,1.255740e-01,0.000000e+00,0.000000e+00,1.827222e-02,6.716849e-02
6.12000,0.600000,0.500000,0.000000e+00,0.000000e+00,1.000000e+00,1.255740e-01,0.000000e+00,0.000000e+00,1.827223e-02,6.716860e-02
6.12250,0.600000,0.500000,0.000000e+00,0.000000e+00,1.000000e+00,1.255740e-01,0.000000e+00,0.000000e+00,1.827224e-02,6.716871e-02
6.12500,0.600000,0.500000,0.000000e+00,0.000000e+00,1.000000e+00,1.255740e-01,0.000000e+00,0.000000e+00,1.827225e-02,6.716882e-02
6.12750,0.600000,0.500000,0.000000e+00,0.000000e+00,1.000000e+00,1.255740e-01,0.000000e+00,0.000000e+00,1.827226e-02,6.716893e-02
6.13000,0.600000,0.500000,0.000000e+00,0.000000e+00,1.000000e+00,1.255740e-01,0.000000e+00,0.000000e+00,1.827227e-02,6.716904e-02
6.13250,0.600000,0.500000,0.000000e+00,0.000000e+00,1.000000e+00,1.255740e-01,0.000000e+00,0.000000e+00,1.827228e-02,6.716915e-02
6.13500,0.600000,0.500000,0.000000e+00,0.000000e+00,1.000000e+00,1.255740e-01,0.000000e+00,0.000000e+00,1.827229e-02,6.716926e-02
6.13750,0.600000,0.500000,0.000000e+00,0.000000e+00,1.000000e+00,1.255740e-01,0.000000e+00,0.000000e+00,1.827230e-02,6.716937e-02
6.14000,0.600000,0.500000,0.000000e+00,0.000000e+00,1.000000e+00,1.255740e-01,0.000000e+00,0.000000e+00,1.827231e-02,6.716948e-02
6.14250,0.600000,0.500000,0.000000e+00,0.000000e+00,1.000000e+00,1.255740e-01,0.000000e+00,0.000000e+00,1.827232e-02,6.716958e-02
6.14500,0.600000,0.500000,0.000000e+00,0.000000e+00,1.000000e+00,1.255740e-01,0.000000e+00,0.000000e+00,1.827233e-02,6.716969e-02
6.14750,0.600000,0.500000,0.000000e+00,0.000000e+00,1.000000e+00,1.255740e-01,0.000000e+00,0.000000e+00,1.827234e-02,6.716980e-02
6.15000,0.600000,0.500000,0.000000e+00,0.000000e+00,1.000000e+00,1.255740e-01,0.000000e+00,0.000000e+00,1.827235e-02,6.716991e-02
6.15250,0.600000,0.500000,0.000000e+00,0.000000e+00,1.000000e+00,1.255740e-01,0.000000e+00,0.000000e+00,1.827236e-02,6.717001e-02
6.15500,0.600000,0.500000,0.000000e+00,0.000000e+00,1.000000e+00,1.255740e-01,0.000000e+00,0.000000e+00,1.827237e-02,6.717012e-02
6.15750,0.600000,0.500000,0.000000e+00,0.000000e+00,1.000000e+00,1.255740e-01,0.000000e+00,0.000000e+00,1.827238e-02,6.717023e-02
6.16000,0.600000,0.500000,0.000000e+00,0.000000e+00,1.000000e+00,1.255740e-01,0.000000e+00,0.000000e+00,1.827239e-02,6.717033e-02
6.16250,0.600000,0.500000,0.000000e+00,0.000000e+00,1.000000e+00,1.255740e-01,0.000000e+00,0.000000e+00,1.827240e-02,6.717044e-02
6.16500,0.600000,0.500000,0.000000e+00,0.000000e+00,1.000000e+00,1.255740e-01,0.000000e+00,0.000000e+00,1.827241e-02,6.717055e-02
6.16750,0.600000,0.500000,0.000000e+00,0.000000e+00,1.000000e+00,1.255740e-01,0.000000e+00,0.000000e+00,1.827242e-02,6.717065e-02
6.17000,0.600000,0.500000,0.000000e+00,0.000000e+00,1.000000e+00,1.255740e-01,0.000000e+00,0.000000e+00,1.827243e-02,6.717076e-02
6.17250,0.600000,0.500000,0.000000e+00,0.000000e+00,1.000000e+00,1.255740e-01,0.000000e+00,0.000000e+00,1.827244e-02,6.717086e-02
6.17500,0.600000,0.500000,0.000000e+00,0.000000e+00,1.000000e+00,1.255740e-01,0.000000e+00,0.000000e+00,1.827245e-02,6.717097e-02
6.17750,0.600000,0.500000,0.000000e+00,0.000000e+00,1.000000e+00,1.255740e-01,0.000000e+00,0.000000e+00,1.827246e-02,6.717107e-02
6.18000,0.600000,0.500000,0.000000e+00,0.000000e+00,1.000000e+00,1.255740e-01,0.000000e+00,0.000000e+00,1.827247e-02,6.717118e-02
6.18250,0.600000,0.500000,0.000000e+00,0.000000e+00,1.000000e+00,1.255740e-01,0.000000e+00,0.000000e+00,1.827248e-02,6.717128e-02
6.18500,0.600000,0.500000,0.000000e+00,0.000000e+00,1.000000e+00,1.255740e-01,0.000000e+00,0.000000e+00,1.827248e-02,6.717138e-02
6.18750,0.600000,0.500000,0.000000e+00,0.000000e+00,1.000000e+00,1.255740e-01,0.000000e+00,0.000000e+00,1.827249e-02,6.717149e-02
6.19000,0.600000,0.500000,0.000000e+00,0.000000e+00,1.000000e+00,1.255740e-01,0.000000e+00,0.000000e+00,1.827250e-02,6.717159e-02
6.19250,0.600000,0.500000,0.000000e+00,0.000000e+00,1.000000e+00,1.255740e-01,0.000000e+00,0.000000e+00,1.827251e-02,6.717169e-02
6.19500,0.600000,0.500000,0.000000e+00,0.000000e+00,1.000000e+00,1.255740e-01,0.000000e+00,0.000000e+00,1.827252e-02,6.717179e-02
6.19750,0.600000,0.500000,0.000000e+00,0.000000e+00,1.000000e+00,1.255740e-01,0.000000e+00,0.000000e+00,1.827253e-02,6.717190e-02
6.20000,0.600000,0.500000,0.000000e+00,0.000000e+00,1.000000e+00,1.255740e-01,0.000000e+00,0.000000e+00,1.827254e-02,6.717200e-02
6.20250,0.600000,0.500000,0.000000e+00,0.000000e+00,1.000000e+00,1.255740e-01,0.000000e+00,0.000000e+00,1.827255e-02,6.717210e-02
6.20500,0.600000,0.500000,0.000000e+00,0.000000e+00,1.000000e+00,1.255740e-01,0.000000e+00,0.000000e+00,1.827256e-02,6.717220e-02
6.20750,0.600000,0.500000,0.000000e+00,0.000000e+00,1.000000e+00,1.255740e-01,0.000000e+00,0.000000e+00,1.827257e-02,6.717230e-02
6.21000,0.600000,0.500000,0.000000e+00,0.000000e+00,1.000000e+00,1.255740e-01,0.000000e+00,0.000000e+00,1.827258e-02,6.717240e-02
6.21250,0.600000,0.500000,0.000000e+00,0.000000e+00,1.000000e+00,1.255740e-01,0.000000e+00,0.000000e+00,1.827259e-02,6.717250e-02
6.21500,0.600000,0.500000,0.000000e+00,0.000000e+00,1.000000e+00,1.255740e-01,0.000000e+00,0.000000e+00,1.827260e-02,6.717260e-02
6.21750,0.600000,0.500000,0.000000e+00,0.000000e+00,1.000000e+00,1.255740e-01,0.000000e+00,0.000000e+00,1.827261e-02,6.717270e-02
6.22000,0.600000,0.500000,0.000000e+00,0.000000e+00,1.000000e+00,1.255740e-01,0.000000e+00,0.000000e+00,1.827262e-02,6.717280e-02
6.22250,0.600000,0.500000,0.000000e+00,0.000000e+00,1.000000e+00,1.255740e-01,0.000000e+00,0.000000e+00,1.827262e-02,6.717290e-02
6.22500,0.600000,0.500000,0.000000e+00,0.000000e+00,1.000000e+00,1.255740e-01,0.000000e+00,0.000000e+00,1.827263e-02,6.717300e-02
6.22750,0.600000,0.500000,0.000000e+00,0.000000e+00,1.000000e+00,1.255740e-01,0.000000e+00,0.000000e+00,1.827264e-02,6.717310e-02
6.23000,0.600000,0.500000,0.000000e+00,0.000000e+00,1.000000e+00,1.255740e-01,0.000000e+00,0.000000e+00,1.827265e-02,6.717320e-02
6.23250,0.600000,0.500000,0.000000e+00,0.000000e+00,1.000000e+00,1.255740e-01,0.000000e+00,0.000000e+00,1.827266e-02,6.717330e-02
6.23500,0.600000,0.500000,0.000000e+00,0.000000e+00,1.000000e+00,1.255740e-01,0.000000e+00,0.000000e+00,1.827267e-02,6.717340e-02
6.23750,0.600000,0.500000,0.000000e+00,0.000000e+00,1.000000e+00,1.255740e-01,0.000000e+00,0.000000e+00,1.827268e-02,6.717350e-02
6.24000,0.600000,0.500000,0.000000e+00,0.000000e+00,1.000000e+00,1.255740e-01,0.000000e+00,0.000000e+00,1.827269e-02,6.717359e-02
6.24250,0.600000,0.500000,0.000000e+00,0.000000e+00,1.000000e+00,1.255740e-01,0.000000e+00,0.000000e+00,1.827270e-02,6.717369e-02
6.24500,0.600000,0.500000,0.000000e+00,0.000000e+00,1.000000e+00,1.255740e-01,0.000000e+00,0.000000e+00,1.827271e-02,6.717379e-02
6.24750,0.600000,0.500000,0.000000e+00,0.000000e+00,1.000000e+00,1.255740e-01,0.000000e+00,0.000000e+00,1.827271e-02,6.717388e-02
6.25000,0.600000,0.500000,0.000000e+00,0.000000e+00,1.000000e+00,1.255740e-01,0.000000e+00,0.000000e+00,1.827272e-02,6.717398e-02
6.25250,0.600000,0.500000,0.000000e+00,0.000000e+00,1.000000e+00,1.255740e-01,0.000000e+00,0.000000e+00,1.827273e-02,6.717408e-02
6.25500,0.600000,0.500000,0.000000e+00,0.000000e+00,1.000000e+00,1.255740e-01,0.000000e+00,0.000000e+00,1.827274e-02,6.717417e-02
6.25750,0.600000,0.500000,0.000000e+00,0.000000e+00,1.000000e+00,1.255740e-01,0.000000e+00,0.000000e+00,1.827275e-02,6.717427e-02
6.26000,0.600000,0.500000,0.000000e+00,0.000000e+00,1.000000e+00,1.255740e-01,0.000000e+00,0.000000e+00,1.827276e-02,6.717437e-02
6.26250,0.600000,0.500000,0.000000e+00,0.000000e+00,1.000000e+00,1.255740e-01,0.000000e+00,0.000000e+00,1.827277e-02,6.717446e-02
6.26500,0.600000,0.500000,0.000000e+00,0.000000e+00,1.000000e+00,1.255740e-01,0.000000e+00,0.000000e+00,1.827278e-02,6.717456e-02
6.26750,0.600000,0.500000,0.000000e+00,0.000000e+00,1.000000e+00,1.255740e-01,0.000000e+00,0.000000e+00,1.827278e-02,6.717465e-02
6.27000,0.600000,0.500000,0.000000e+00,0.000000e+00,1.000000e+00,1.255740e-01,0.000000e+00,0.000000e+00,1.827279e-02,6.717475e-02
6.27250,0.600000,0.500000,0.000000e+00,0.000000e+00,1.000000e+00,1.255740e-01,0.000000e+00,0.000000e+00,1.827280e-02,6.717484e-02
6.27500,0.600000,0.500000,0.000000e+00,0.000000e+00,1.000000e+00,1.255740e-01,0.000000e+00,0.000000e+00,1.827281e-02,6.717493e-02
6.27750,0.600000,0.500000,0.000000e+00,0.000000e+00,1.000000e+00,1.255740e-01,0.000000e+00,0.000000e+00,1.827282e-02,6.717503e-02
6.28000,0.600000,0.500000,0.000000e+00,0.000000e+00,1.000000e+00,1.255740e-01,0.000000e+00,0.000000e+00,1.827283e-02,6.717512e-02
6.28250,0.600000,0.500000,0.000000e+00,0.000000e+00,1.000000e+00,1.255740e-01,0.000000e+00,0.000000e+00,1.827284e-02,6.717521e-02
6.28500,0.600000,0.500000,0.000000e+00,0.000000e+00,1.000000e+00,1.255740e-01,0.000000e+00,0.000000e+00,1.827284e-02,6.717531e-02
6.28750,0.600000,0.500000,0.000000e+00,0.000000e+00,1.000000e+00,1.255740e-01,0.000000e+00,0.000000e+00,1.827285e-02,6.717540e-02
6.29000,0.600000,0.500000,0.000000e+00,0.000000e+00,1.000000e+00,1.255740e-01,0.000000e+00,0.000000e+00,1.827286e-02,6.717549e-02
6.29250,0.600000,0.500000,0.000000e+00,0.000000e+00,1.000000e+00,1.255740e-01,0.000000e+00,0.000000e+00,1.827287e-02,6.717559e-02
6.29500,0.600000,0.500000,0.000000e+00,0.000000e+00,1.000000e+00,1.255740e-01,0.000000e+00,0.000000e+00,1.827288e-02,6.717568e-02
6.29750,0.600000,0.500000,0.000000e+00,0.000000e+00,1.000000e+00,1.255740e-01,0.000000e+00,0.000000e+00,1.827289e-02,6.717577e-02
6.30000,0.600000,0.500000,0.000000e+00,0.000000e+00,1.000000e+00,1.255740e-01,0.000000e+00,0.000000e+00,1.827290e-02,6.717586e-02
6.30250,0.600000,0.500000,0.000000e+00,0.000000e+00,1.000000e+00,1.255740e-01,0.000000e+00,0.000000e+00,1.827290e-02,6.717595e-02
6.30500,0.600000,0.500000,0.000000e+00,0.000000e+00,1.000000e+00,1.255740e-01,0.000000e+00,0.000000e+00,1.827291e-02,6.717604e-02
6.30750,0.600000,0.500000,0.000000e+00,0.000000e+00,1.000000e+00,1.255740e-01,0.000000e+00,0.000000e+00,1.827292e-02,6.717613e-02
6.31000,0.600000,0.500000,0.000000e+00,0.000000e+00,1.000000e+00,1.255740e-01,0.000000e+00,0.000000e+00,1.827293e-02,6.717623e-02
6.31250,0.600000,0.500000,0.000000e+00,0.000000e+00,1.000000e+00,1.255740e-01,0.000000e+00,0.000000e+00,1.827294e-02,6.717632e-02
6.31500,0.600000,0.500000,0.000000e+00,0.000000e+00,1.000000e+00,1.255740e-01,0.000000e+00,0.000000e+00,1.827295e-02,6.717641e-02
6.31750,0.600000,0.500000,0.000000e+00,0.000000e+00,1.000000e+00,1.255740e-01,0.000000e+00,0.000000e+00,1.827295e-02,6.717650e-02
6.32000,0.600000,0.500000,0.000000e+00,0.000000e+00,1.000000e+00,1.255740e-01,0.000000e+00,0.000000e+00,1.827296e-02,6.717659e-02
6.32250,0.600000,0.500000,0.000000e+00,0.000000e+00,1.000000e+00,1.255740e-01,0.000000e+00,0.000000e+00,1.827297e-02,6.717667e-02
6.32500,0.600000,0.500000,0.000000e+00,0.000000e+00,1.000000e+00,1.255740e-01,0.000000e+00,0.000000e+00,1.827298e-02,6.717676e-02
6.32750,0.600000,0.500000,0.000000e+00,0.000000e+00,1.000000e+00,1.255740e-01,0.000000e+00,0.000000e+00,1.827299e-02,6.717685e-02
6.33000,0.600000,0.500000,0.000000e+00,0.000000e+00,1.000000e+00,1.255740e-01,0.000000e+00,0.000000e+00,1.827299e-02,6.717694e-02
6.33250,0.600000,0.500000,0.000000e+00,0.000000e+00,1.000000e+00,1.255740e-01,0.000000e+00,0.000000e+00,1.827300e-02,6.717703e-02
6.33500,0.600000,0.500000,0.000000e+00,0.000000e+00,1.000000e+00,1.255740e-01,0.000000e+00,0.000000e+00,1.827301e-02,6.717712e-02
6.33750,0.600000,0.500000,0.000000e+00,0.000000e+00,1.000000e+00,1.255740e-01,0.000000e+00,0.000000e+00,1.827302e-02,6.717721e-02
6.34000,0.600000,0.500000,0.000000e+00,0.000000e+00,1.000000e+00,1.255740e-01,0.000000e+00,0.000000e+00,1.827303e-02,6.717729e-02
6.34250,0.600000,0.500000,0.000000e+00,0.000000e+00,1.000000e+00,1.255740e-01,0.000000e+00,0.000000e+00,1.827303e-02,6.717738e-02
6.34500,0.600000,0.500000,0.000000e+00,0.000000e+00,1.000000e+00,1.255740e-01,0.000000e+00,0.000000e+00,1.827304e-02,6.717747e-02
6.34750,0.600000,0.500000,0.000000e+00,0.000000e+00,1.000000e+00,1.255740e-01,0.000000e+00,0.000000e+00,1.827305e-02,6.717756e-02
6.35000,0.600000,0.500000,0.000000e+00,0.000000e+00,1.000000e+00,1.255740e-01,0.000000e+00,0.000000e+00,1.827306e-02,6.717764e-02
6.35250,0.600000,0.500000,0.000000e+00,0.000000e+00,1.000000e+00,1.255740e-01,0.000000e+00,0.000000e+00,1.827307e-02,6.717773e-02
6.35500,0.600000,0.500000,0.000000e+00,0.000000e+00,1.000000e+00,1.255740e-01,0.000000e+00,0.000000e+00,1.827307e-02,6.717782e-02
6.35750,0.600000,0.500000,0.000000e+00,0.000000e+00,1.000000e+00,1.255740e-01,0.000000e+00,0.000000e+00,1.827308e-02,6.717790e-02
6.36000,0.600000,0.500000,0.000000e+00,0.000000e+00,1.000000e+00,1.255740e-01,0.000000e+00,0.000000e+00,1.827309e-02,6.717799e-02
6.36250,0.600000,0.500000,0.000000e+00,0.000000e+00,1.000000e+00,1.255740e-01,0.000000e+00,0.000000e+00,1.827310e-02,6.717807e-02
6.36500,0.600000,0.500000,0.000000e+00,0.000000e+00,1.000000e+00,1.255740e-01,0.000000e+00,0.000000e+00,1.827311e-02,6.717816e-02
6.36750,0.600000,0.500000,0.000000e+00,0.000000e+00,1.000000e+00,1.255740e-01,0.000000e+00,0.000000e+00,1.827311e-02,6.717824e-02
6.37000,0.600000,0.500000,0.000000e+00,0.000000e+00,1.000000e+00,1.255740e-01,0.000000e+00,0.000000e+00,1.827312e-02,6.717833e-02
6.37250,0.600000,0.500000,0.000000e+00,0.000000e+00,1.000000e+00,1.255740e-01,0.000000e+00,0.000000e+00,1.827313e-02,6.717841e-02
6.37500,0.600000,0.500000,0.000000e+00,0.000000e+00,1.000000e+00,1.255740e-01,0.000000e+00,0.000000e+00,1.827314e-02,6.717850e-02
6.37750,0.600000,0.500000,0.000000e+00,0.000000e+00,1.000000e+00,1.255740e-01,0.000000e+00,0.000000e+00,1.827314e-02,6.717858e-02
6.38000,0.600000,0.500000,0.000000e+00,0.000000e+00,1.000000e+00,1.255740e-01,0.000000e+00,0.000000e+00,1.827315e-02,6.717867e-02
6.38250,0.600000,0.500000,0.000000e+00,0.000000e+00,1.000000e+00,1.255740e-01,0.000000e+00,0.000000e+00,1.827316e-02,6.717875e-02
6.38500,0.600000,0.500000,0.000000e+00,0.000000e+00,1.000000e+00,1.255740e-01,0.000000e+00,0.000000e+00,1.827317e-02,6.717884e-02
6.38750,0.600000,0.500000,0.000000e+00,0.000000e+00,1.000000e+00,1.255740e-01,0.000000e+00,0.000000e+00,1.827318e-02,6.717892e-02
6.39000,0.600000,0.500000,0.000000e+00,0.000000e+00,1.000000e+00,1.255740e-01,0.000000e+00,0.000000e+00,1.827318e-02,6.717900e-02
6.39250,0.600000,0.500000,0.000000e+00,0.000000e+00,1.000000e+00,1.255740e-01,0.000000e+00,0.000000e+00,1.827319e-02,6.717908e-02
6.39500,0.600000,0.500000,0.000000e+00,0.000000e+00,1.000000e+00,1.255740e-01,0.000000e+00,0.000000e+00,1.827320e-02,6.717917e-02
6.39750,0.600000,0.500000,0.000000e+00,0.000000e+00,1.000000e+00,1.255740e-01,0.000000e+00,0.000000e+00,1.827321e-02,6.717925e-02
6.40000,0.600000,0.500000,0.000000e+00,0.000000e+00,1.000000e+00,1.255740e-01,0.000000e+00,0.000000e+00,1.827321e-02,6.717933e-02
6.40250,0.600000,0.500000,0.000000e+00,0.000000e+00,1.000000e+00,1.255740e-01,0.000000e+00,0.000000e+00,1.827322e-02,6.717941e-02
6.40500,0.600000,0.500000,0.000000e+00,0.000000e+00,1.000000e+00,1.255740e-01,0.000000e+00,0.000000e+00,1.827323e-02,6.717950e-02
6.40750,0.600000,0.500000,0.000000e+00,0.000000e+00,1.000000e+00,1.255740e-01,0.000000e+00,0.000000e+00,1.827324e-02,6.717958e-02
6.41000,0.600000,0.500000,0.000000e+00,0.000000e+00,1.000000e+00,1.255740e-01,0.000000e+00,0.000000e+00,1.827324e-02,6.717966e-02
6.41250,0.600000,0.500000,0.000000e+00,0.000000e+00,1.000000e+00,1.255740e-01,0.000000e+00,0.000000e+00,1.827325e-02,6.717974e-02
6.41500,0.600000,0.500000,0.000000e+00,0.000000e+00,1.000000e+00,1.255740e-01,0.000000e+00,0.000000e+00,1.827326e-02,6.717982e-02
6.41750,0.600000,0.500000,0.000000e+00,0.000000e+00,1.000000e+00,1.255740e-01,0.000000e+00,0.000000e+00,1.827327e-02,6.717990e-02
6.42000,0.600000,0.500000,0.000000e+00,0.000000e+00,1.000000e+00,1.255740e-01,0.000000e+00,0.000000e+00,1.827327e-02,6.717998e-02
6.42250,0.600000,0.500000,0.000000e+00,0.000000e+00,1.000000e+00,1.255740e-01,0.000000e+00,0.000000e+00,1.827328e-02,6.718006e-02
6.42500,0.600000,0.500000,0.000000e+00,0.000000e+00,1.000000e+00,1.255740e-01,0.000000e+00,0.000000e+00,1.827329e-02,6.718014e-02
6.42750,0.600000,0.500000,0.000000e+00,0.000000e+00,1.000000e+00,1.255740e-01,0.000000e+00,0.000000e+00,1.827330e-02,6.718022e-02
6.43000,0.600000,0.500000,0.000000e+00,0.000000e+00,1.000000e+00,1.255740e-01,0.000000e+00,0.000000e+00,1.827330e-02,6.718030e-02
6.43250,0.600000,0.500000,0.000000e+00,0.000000e+00,1.000000e+00,1.255740e-01,0.000000e+00,0.000000e+00,1.827331e-02,6.718038e-02
6.43500,0.600000,0.500000,0.000000e+00,0.000000e+00,1.000000e+00,1.255740e-01,0.000000e+00,0.000000e+00,1.827332e-02,6.718046e-02
6.43750,0.600000,0.500000,0.000000e+00,0.000000e+00,1.000000e+00,1.255740e-01,0.000000e+00,0.000000e+00,1.827332e-02,6.718054e-02
6.44000,0.600000,0.500000,0.000000e+00,0.000000e+00,1.000000e+00,1.255740e-01,0.000000e+00,0.000000e+00,1.827333e-02,6.718062e-02
6.44250,0.600000,0.500000,0.000000e+00,0.000000e+00,1.000000e+00,1.255740e-01,0.000000e+00,0.000000e+00,1.827334e-02,6.718070e-02
6.44500,0.600000,0.500000,0.000000e+00,0.000000e+00,1.000000e+00,1.255740e-01,0.000000e+00,0.000000e+00,1.827335e-02,6.718078e-02
6.44750,0.600000,0.500000,0.000000e+00,0.000000e+00,1.000000e+00,1.255740e-01,0.000000e+00,0.000000e+00,1.827335e-02,6.718086e-02
6.45000,0.600000,0.500000,0.000000e+00,0.000000e+00,1.000000e+00,1.255740e-01,0.000000e+00,0.000000e+00,1.827336e-02,6.718093e-02
6.45250,0.600000,0.500000,0.000000e+00,0.000000e+00,1.000000e+00,1.255740e-01,0.000000e+00,0.000000e+00,1.827337e-02,6.718101e-02
6.45500,0.600000,0.500000,0.000000e+00,0.000000e+00,1.000000e+00,1.255740e-01,0.000000e+00,0.000000e+00,1.827337e-02,6.718109e-02
6.45750,0.600000,0.500000,0.000000e+00,0.000000e+00,1.000000e+00,1.255740e-01,0.000000e+00,0.000000e+00,1.827338e-02,6.718117e-02
6.46000,0.600000,0.500000,0.000000e+00,0.000000e+00,1.000000e+00,1.255740e-01,0.000000e+00,0.000000e+00,1.827339e-02,6.718124e-02
6.46250,0.600000,0.500000,0.000000e+00,0.000000e+00,1.000000e+00,1.255740e-01,0.000000e+00,0.000000e+00,1.827340e-02,6.718132e-02
6.46500,0.600000,0.500000,0.000000e+00,0.000000e+00,1.000000e+00,1.255740e-01,0.000000e+00,0.000000e+00,1.827340e-02,6.718140e-02
6.46750,0.600000,0.500000,0.000000e+00,0.000000e+00,1.000000e+00,1.255740e-01,0.000000e+00,0.000000e+00,1.827341e-02,6.718148e-02
6.47000,0.600000,0.500000,0.000000e+00,0.000000e+00,1.000000e+00,1.255740e-01,0.000000e+00,0.000000e+00,1.827342e-02,6.718155e-02
6.47250,0.600000,0.500000,0.000000e+00,0.000000e+00,1.000000e+00,1.255740e-01,0.000000e+00,0.000000e+00,1.827342e-02,6.718163e-02
6.47500,0.600000,0.500000,0.000000e+00,0.000000e+00,1.000000e+00,1.255740e-01,0.000000e+00,0.000000e+00,1.827343e-02,6.718170e-02
6.47750,0.600000,0.500000,0.000000e+00,0.000000e+00,1.000000e+00,1.255740e-01,0.000000e+00,0.000000e+00,1.827344e-02,6.718178e-02
6.48000,0.600000,0.500000,0.000000e+00,0.000000e+00,1.000000e+00,1.255740e-01,0.000000e+00,0.000000e+00,1.827344e-02,6.718186e-02
6.48250,0.600000,0.500000,0.000000e+00,0.000000e+00,1.000000e+00,1.255740e-01,0.000000e+00,0.000000e+00,1.827345e-02,6.718193e-02
6.48500,0.600000,0.500000,0.000000e+00,0.000000e+00,1.000000e+00,1.255740e-01,0.000000e+00,0.000000e+00,1.827346e-02,6.718201e-02
6.48750,0.600000,0.500000,0.000000e+00,0.000000e+00,1.000000e+00,1.255740e-01,0.000000e+00,0.000000e+00,1.827347e-02,6.718208e-02
6.49000,0.600000,0.500000,0.000000e+00,0.000000e+00,1.000000e+00,1.255740e-01,0.000000e+00,0.000000e+00,1.827347e-02,6.718216e-02
6.49250,0.600000,0.500000,0.000000e+00,0.000000e+00,1.000000e+00,1.255740e-01,0.000000e+00,0.000000e+00,1.827348e-02,6.718223e-02
6.49500,0.600000,0.500000,0.000000e+00,0.000000e+00,1.000000e+00,1.255740e-01,0.000000e+00,0.000000e+00,1.827349e-02,6.718230e-02
6.49750,0.600000,0.500000,0.000000e+00,0.000000e+00,1.000000e+00,1.255740e-01,0.000000e+00,0.000000e+00,1.827349e-02,6.718238e-02
6.50000,0.600000,0.500000,0.000000e+00,0.000000e+00,1.000000e+00,1.255740e-01,0.000000e+00,0.000000e+00,1.827350e-02,6.718245e-02
6.50250,0.600000,0.500000,0.000000e+00,0.000000e+00,1.000000e+00,1.255740e-01,0.000000e+00,0.000000e+00,1.827351e-02,6.718253e-02
6.50500,0.600000,0.500000,0.000000e+00,0.000000e+00,1.000000e+00,1.255740e-01,0.000000e+00,0.000000e+00,1.827351e-02,6.718260e-02
6.50750,0.600000,0.500000,0.000000e+00,0.000000e+00,1.000000e+00,1.255740e-01,0.000000e+00,0.000000e+00,1.827352e-02,6.718267e-02
6.51000,0.600000,0.500000,0.000000e+00,0.000000e+00,1.000000e+00,1.255740e-01,0.000000e+00,0.000000e+00,1.827353e-02,6.718275e-02
6.51250,0.600000,0.500000,0.000000e+00,0.000000e+00,1.000000e+00,1.255740e-01,0.000000e+00,0.000000e+00,1.827353e-02,6.718282e-02
6.51500,0.600000,0.500000,0.000000e+00,0.000000e+00,1.000000e+00,1.255740e-01,0.000000e+00,0.000000e+00,1.827354e-02,6.718289e-02
6.51750,0.600000,0.500000,0.000000e+00,0.000000e+00,1.000000e+00,1.255740e-01,0.000000e+00,0.000000e+00,1.827355e-02,6.718297e-02
6.52000,0.600000,0.500000,0.000000e+00,0.000000e+00,1.000000e+00,1.255740e-01,0.000000e+00,0.000000e+00,1.827355e-02,6.718304e-02
6.52250,0.600000,0.500000,0.000000e+00,0.000000e+00,1.000000e+00,1.255740e-01,0.000000e+00,0.000000e+00,1.827356e-02,6.718311e-02
6.52500,0.600000,0.500000,0.000000e+00,0.000000e+00,1.000000e+00,1.255740e-01,0.000000e+00,0.000000e+00,1.827357e-02,6.718318e-02
6.52750,0.600000,0.500000,0.000000e+00,0.000000e+00,1.000000e+00,1.255740e-01,0.000000e+00,0.000000e+00,1.827357e-02,6.718325e-02
6.53000,0.600000,0.500000,0.000000e+00,0.000000e+00,1.000000e+00,1.255740e-01,0.000000e+00,0.000000e+00,1.827358e-02,6.718333e-02
6.53250,0.600000,0.500000,0.000000e+00,0.000000e+00,1.000000e+00,1.255740e-01,0.000000e+00,0.000000e+00,1.827359e-02,6.718340e-02
6.53500,0.600000,0.500000,0.000000e+00,0.000000e+00,1.000000e+00,1.255740e-01,0.000000e+00,0.000000e+00,1.827359e-02,6.718347e-02
6.53750,0.600000,0.500000,0.000000e+00,0.000000e+00,1.000000e+00,1.255740e-01,0.000000e+00,0.000000e+00,1.827360e-02,6.718354e-02
6.54000,0.600000,0.500000,0.000000e+00,0.000000e+00,1.000000e+00,1.255740e-01,0.000000e+00,0.000000e+00,1.827361e-02,6.718361e-02
6.54250,0.600000,0.500000,0.000000e+00,0.000000e+00,1.000000e+00,1.255740e-01,0.000000e+00,0.000000e+00,1.827361e-02,6.718368e-02
6.54500,0.600000,0.500000,0.000000e+00,0.000000e+00,1.000000e+00,1.255740e-01,0.000000e+00,0.000000e+00,1.827362e-02,6.718375e-02
6.54750,0.600000,0.500000,0.000000e+00,0.000000e+00,1.000000e+00,1.255740e-01,0.000000e+00,0.000000e+00,1.827363e-02,6.718382e-02
6.55000,0.600000,0.500000,0.000000e+00,0.000000e+00,1.000000e+00,1.255740e-01,0.000000e+00,0.000000e+00,1.827363e-02,6.718389e-02
6.55250,0.600000,0.500000,0.000000e+00,0.000000e+00,1.000000e+00,1.255740e-01,0.000000e+00,0.000000e+00,1.827364e-02,6.718396e-02
6.55500,0.600000,0.500000,0.000000e+00,0.000000e+00,1.000000e+00,1.255740e-01,0.000000e+00,0.000000e+00,1.827364e-02,6.718403e-02
6.55750,0.600000,0.500000,0.000000e+00,0.000000e+00,1.000000e+00,1.255740e-01,0.000000e+00,0.000000e+00,1.827365e-02,6.718410e-02
6.56000,0.600000,0.500000,0.000000e+00,0.000000e+00,1.000000e+00,1.255740e-01,0.000000e+00,0.000000e+00,1.827366e-02,6.718417e-02
6.56250,0.600000,0.500000,0.000000e+00,0.000000e+00,1.000000e+00,1.255740e-01,0.000000e+00,0.000000e+00,1.827366e-02,6.718424e-02
6.56500,0.600000,0.500000,0.000000e+00,0.000000e+00,1.000000e+00,1.255740e-01,0.000000e+00,0.000000e+00,1.827367e-02,6.718431e-02
6.56750,0.600000,0.500000,0.000000e+00,0.000000e+00,1.000000e+00,1.255740e-01,0.000000e+00,0.000000e+00,1.827368e-02,6.718438e-02
6.57000,0.600000,0.500000,0.000000e+00,0.000000e+00,1.000000e+00,1.255740e-01,0.000000e+00,0.000000e+00,1.827368e-02,6.718445e-02
6.57250,0.600000,0.500000,0.000000e+00,0.000000e+00,1.000000e+00,1.255740e-01,0.000000e+00,0.000000e+00,1.827369e-02,6.718452e-02
6.57500,0.600000,0.500000,0.000000e+00,0.000000e+00,1.000000e+00,1.255740e-01,0.000000e+00,0.000000e+00,1.827370e-02,6.718458e-02
6.57750,0.600000,0.500000,0.000000e+00,0.000000e+00,1.000000e+00,1.255740e-01,0.000000e+00,0.000000e+00,1.827370e-02,6.718465e-02
6.58000,0.600000,0.500000,0.000000e+00,0.000000e+00,1.000000e+00,1.255740e-01,0.000000e+00,0.000000e+00,1.827371e-02,6.718472e-02
6.58250,0.600000,0.500000,0.000000e+00,0.000000e+00,1.000000e+00,1.255740e-01,0.000000e+00,0.000000e+00,1.827371e-02,6.718479e-02
6.58500,0.600000,0.500000,0.000000e+00,0.000000e+00,1.000000e+00,1.255740e-01,0.000000e+00,0.000000e+00,1.827372e-02,6.718486e-02
6.58750,0.600000,0.500000,0.000000e+00,0.000000e+00,1.000000e+00,1.255740e-01,0.000000e+00,0.000000e+00,1.827373e-02,6.718492e-02
6.59000,0.600000,0.500000,0.000000e+00,0.000000e+00,1.000000e+00,1.255740e-01,0.000000e+00,0.000000e+00,1.827373e-02,6.718499e-02
6.59250,0.600000,0.500000,0.000000e+00,0.000000e+00,1.000000e+00,1.255740e-01,0.000000e+00,0.000000e+00,1.827374e-02,6.718506e-02
6.59500,0.600000,0.500000,0.000000e+00,0.000000e+00,1.000000e+00,1.255740e-01,0.000000e+00,0.000000e+00,1.827374e-02,6.718512e-02
6.59750,0.600000,0.500000,0.000000e+00,0.000000e+00,1.000000e+00,1.255740e-01,0.000000e+00,0.000000e+00,1.827375e-02,6.718519e-02
6.60000,0.600000,0.500000,0.000000e+00,0.000000e+00,1.000000e+00,1.255740e-01,0.000000e+00,0.000000e+00,1.827376e-02,6.718526e-02
6.60250,0.600000,0.500000,0.000000e+00,0.000000e+00,1.000000e+00,1.255740e-01,0.000000e+00,0.000000e+00,1.827376e-02,6.718532e-02
6.60500,0.600000,0.500000,0.000000e+00,0.000000e+00,1.000000e+00,1.255740e-01,0.000000e+00,0.000000e+00,1.827377e-02,6.718539e-02
6.60750,0.600000,0.500000,0.000000e+00,0.000000e+00,1.000000e+00,1.255740e-01,0.000000e+00,0.000000e+00,1.827378e-02,6.718546e-02
6.61000,0.600000,0.500000,0.000000e+00,0.000000e+00,1.000000e+00,1.255740e-01,0.000000e+00,0.000000e+00,1.827378e-02,6.718552e-02
6.61250,0.600000,0.500000,0.000000e+00,0.000000e+00,1.000000e+00,1.255740e-01,0.000000e+00,0.000000e+00,1.827379e-02,6.718559e-02
6.61500,0.600000,0.500000,0.000000e+00,0.000000e+00,1.000000e+00,1.255740e-01,0.000000e+00,0.000000e+00,1.827379e-02,6.718565e-02
6.61750,0.600000,0.500000,0.000000e+00,0.000000e+00,1.000000e+00,1.255740e-01,0.000000e+00,0.000000e+00,1.827380e-02,6.718572e-02
6.62000,0.600000,0.500000,0.000000e+00,0.000000e+00,1.000000e+00,1.255740e-01,0.000000e+00,0.000000e+00,1.827381e-02,6.718578e-02
6.62250,0.600000,0.500000,0.000000e+00,0.000000e+00,1.000000e+00,1.255740e-01,0.000000e+00,0.000000e+00,1.827381e-02,6.718585e-02
6.62500,0.600000,0.500000,0.000000e+00,0.000000e+00,1.000000e+00,1.255740e-01,0.000000e+00,0.000000e+00,1.827382e-02,6.718591e-02
6.62750,0.600000,0.500000,0.000000e+00,0.000000e+00,1.000000e+00,1.255740e-01,0.000000e+00,0.000000e+00,1.827382e-02,6.718598e-02
6.63000,0.600000,0.500000,0.000000e+00,0.000000e+00,1.000000e+00,1.255740e-01,0.000000e+00,0.000000e+00,1.827383e-02,6.718604e-02
6.63250,0.600000,0.500000,0.000000e+00,0.000000e+00,1.000000e+00,1.255740e-01,0.000000e+00,0.000000e+00,1.827383e-02,6.718611e-02
6.63500,0.600000,0.500000,0.000000e+00,0.000000e+00,1.000000e+00,1.255740e-01,0.000000e+00,0.000000e+00,1.827384e-02,6.718617e-02
6.63750,0.600000,0.500000,0.000000e+00,0.000000e+00,1.000000e+00,1.255740e-01,0.000000e+00,0.000000e+00,1.827385e-02,6.718623e-02
6.64000,0.600000,0.500000,0.000000e+00,0.000000e+00,1.000000e+00,1.255740e-01,0.000000e+00,0.000000e+00,1.827385e-02,6.718630e-02
6.64250,0.600000,0.500000,0.000000e+00,0.000000e+00,1.000000e+00,1.255740e-01,0.000000e+00,0.000000e+00,1.827386e-02,6.718636e-02
6.64500,0.600000,0.500000,0.000000e+00,0.000000e+00,1.000000e+00,1.255740e-01,0.000000e+00,0.000000e+00,1.827386e-02,6.718642e-02
6.64750,0.600000,0.500000,0.000000e+00,0.000000e+00,1.000000e+00,1.255740e-01,0.000000e+00,0.000000e+00,1.827387e-02,6.718649e-02
6.65000,0.600000,0.500000,0.000000e+00,0.000000e+00,1.000000e+00,1.255740e-01,0.000000e+00,0.000000e+00,1.827388e-02,6.718655e-02
6.65250,0.600000,0.500000,0.000000e+00,0.000000e+00,1.000000e+00,1.255740e-01,0.000000e+00,0.000000e+00,1.827388e-02,6.718661e-02
6.65500,0.600000,0.500000,0.000000e+00,0.000000e+00,1.000000e+00,1.255740e-01,0.000000e+00,0.000000e+00,1.827389e-02,6.718668e-02
6.65750,0.600000,0.500000,0.000000e+00,0.000000e+00,1.000000e+00,1.255740e-01,0.000000e+00,0.000000e+00,1.827389e-02,6.718674e-02
6.66000,0.600000,0.500000,0.000000e+00,0.000000e+00,1.000000e+00,1.255740e-01,0.000000e+00,0.000000e+00,1.827390e-02,6.718680e-02
6.66250,0.600000,0.500000,0.000000e+00,0.000000e+00,1.000000e+00,1.255740e-01,0.000000e+00,0.000000e+00,1.827390e-02,6.718686e-02
6.66500,0.600000,0.500000,0.000000e+00,0.000000e+00,1.000000e+00,1.255740e-01,0.000000e+00,0.000000e+00,1.827391e-02,6.718693e-02
6.66750,0.600000,0.500000,0.000000e+00,0.000000e+00,1.000000e+00,1.255740e-01,0.000000e+00,0.000000e+00,1.827392e-02,6.718699e-02
6.67000,0.600000,0.500000,0.000000e+00,0.000000e+00,1.000000e+00,1.255740e-01,0.000000e+00,0.000000e+00,1.827392e-02,6.718705e-02
6.67250,0.600000,0.500000,0.000000e+00,0.000000e+00,1.000000e+00,1.255740e-01,0.000000e+00,0.000000e+00,1.827393e-02,6.718711e-02
6.67500,0.600000,0.500000,0.000000e+00,0.000000e+00,1.000000e+00,1.255740e-01,0.000000e+00,0.000000e+00,1.827393e-02,6.718717e-02
6.67750,0.600000,0.500000,0.000000e+00,0.000000e+00,1.000000e+00,1.255740e-01,0.000000e+00,0.000000e+00,1.827394e-02,6.718723e-02
6.68000,0.600000,0.500000,0.000000e+00,0.000000e+00,1.000000e+00,1.255740e-01,0.000000e+00,0.000000e+00,1.827394e-02,6.718729e-02
6.68250,0.600000,0.500000,0.000000e+00,0.000000e+00,1.000000e+00,1.255740e-01,0.000000e+00,0.000000e+00,1.827395e-02,6.718736e-02
6.68500,0.600000,0.500000,0.000000e+00,0.000000e+00,1.000000e+00,1.255740e-01,0.000000e+00,0.000000e+00,1.827396e-02,6.718742e-02
6.68750,0.600000,0.500000,0.000000e+00,0.000000e+00,1.000000e+00,1.255740e-01,0.000000e+00,0.000000e+00,1.827396e-02,6.718748e-02
6.69000,0.600000,0.500000,0.000000e+00,0.000000e+00,1.000000e+00,1.255740e-01,0.000000e+00,0.000000e+00,1.827397e-02,6.718754e-02
6.69250,0.600000,0.500000,0.000000e+00,0.000000e+00,1.000000e+00,1.255740e-01,0.000000e+00,0.000000e+00,1.827397e-02,6.718760e-02
6.69500,0.600000,0.500000,0.000000e+00,0.000000e+00,1.000000e+00,1.255740e-01,0.000000e+00,0.000000e+00,1.827398e-02,6.718766e-02
6.69750,0.600000,0.500000,0.000000e+00,0.000000e+00,1.000000e+00,1.255740e-01,0.000000e+00,0.000000e+00,1.827398e-02,6.718772e-02
6.70000,0.600000,0.500000,0.000000e+00,0.000000e+00,1.000000e+00,1.255740e-01,0.000000e+00,0.000000e+00,1.827399e-02,6.718778e-02
6.70250,0.600000,0.500000,0.000000e+00,0.000000e+00,1.000000e+00,1.255740e-01,0.000000e+00,0.000000e+00,1.827399e-02,6.718784e-02
6.70500,0.600000,0.500000,0.000000e+00,0.000000e+00,1.000000e+00,1.255740e-01,0.000000e+00,0.000000e+00,1.827400e-02,6.718790e-02
6.70750,0.600000,0.500000,0.000000e+00,0.000000e+00,1.000000e+00,1.255740e-01,0.000000e+00,0.000000e+00,1.827400e-02,6.718796e-02
6.71000,0.600000,0.500000,0.000000e+00,0.000000e+00,1.000000e+00,1.255740e-01,0.000000e+00,0.000000e+00,1.827401e-02,6.718801e-02
6.71250,0.600000,0.500000,0.000000e+00,0.000000e+00,1.000000e+00,1.255740e-01,0.000000e+00,0.000000e+00,1.827402e-02,6.718807e-02
6.71500,0.600000,0.500000,0.000000e+00,0.000000e+00,1.000000e+00,1.255740e-01,0.000000e+00,0.000000e+00,1.827402e-02,6.718813e-02
6.71750,0.600000,0.500000,0.000000e+00,0.000000e+00,1.000000e+00,1.255740e-01,0.000000e+00,0.000000e+00,1.827403e-02,6.718819e-02
6.72000,0.600000,0.500000,0.000000e+00,0.000000e+00,1.000000e+00,1.255740e-01,0.000000e+00,0.000000e+00,1.827403e-02,6.718825e-02
6.72250,0.600000,0.500000,0.000000e+00,0.000000e+00,1.000000e+00,1.255740e-01,0.000000e+00,0.000000e+00,1.827404e-02,6.718831e-02
6.72500,0.600000,0.500000,0.000000e+00,0.000000e+00,1.000000e+00,1.255740e-01,0.000000e+00,0.000000e+00,1.827404e-02,6.718837e-02
6.72750,0.600000,0.500000,0.000000e+00,0.000000e+00,1.000000e+00,1.255740e-01,0.000000e+00,0.000000e+00,1.827405e-02,6.718842e-02
6.73000,0.600000,0.500000,0.000000e+00,0.000000e+00,1.000000e+00,1.255740e-01,0.000000e+00,0.000000e+00,1.827405e-02,6.718848e-02
6.73250,0.600000,0.500000,0.000000e+00,0.000000e+00,1.000000e+00,1.255740e-01,0.000000e+00,0.000000e+00,1.827406e-02,6.718854e-02
6.73500,0.600000,0.500000,0.000000e+00,0.000000e+00,1.000000e+00,1.255740e-01,0.000000e+00,0.000000e+00,1.827406e-02,6.718860e-02
6.73750,0.600000,0.500000,0.000000e+00,0.000000e+00,1.000000e+00,1.255740e-01,0.000000e+00,0.000000e+00,1.827407e-02,6.718865e-02
6.74000,0.600000,0.500000,0.000000e+00,0.000000e+00,1.000000e+00,1.255740e-01,0.000000e+00,0.000000e+00,1.827407e-02,6.718871e-02
6.74250,0.600000,0.500000,0.000000e+00,0.000000e+00,1.000000e+00,1.255740e-01,0.000000e+00,0.000000e+00,1.827408e-02,6.718877e-02
6.74500,0.600000,0.500000,0.000000e+00,0.000000e+00,1.000000e+00,1.255740e-01,0.000000e+00,0.000000e+00,1.827408e-02,6.718883e-02
6.74750,0.600000,0.500000,0.000000e+00,0.000000e+00,1.000000e+00,1.255740e-01,0.000000e+00,0.000000e+00,1.827409e-02,6.718888e-02
6.75000,0.600000,0.500000,0.000000e+00,0.000000e+00,1.000000e+00,1.255740e-01,0.000000e+00,0.000000e+00,1.827409e-02,6.718894e-02
6.75250,0.600000,0.500000,0.000000e+00,0.000000e+00,1.000000e+00,1.255740e-01,0.000000e+00,0.000000e+00,1.827410e-02,6.718900e-02
6.75500,0.600000,0.500000,0.000000e+00,0.000000e+00,1.000000e+00,1.255740e-01,0.000000e+00,0.000000e+00,1.827411e-02,6.718905e-02
6.75750,0.600000,0.500000,0.000000e+00,0.000000e+00,1.000000e+00,1.255740e-01,0.000000e+00,0.000000e+00,1.827411e-02,6.718911e-02
6.76000,0.600000,0.500000,0.000000e+00,0.000000e+00,1.000000e+00,1.255740e-01,0.000000e+00,0.000000e+00,1.827412e-02,6.718916e-02
6.76250,0.600000,0.500000,0.000000e+00,0.000000e+00,1.000000e+00,1.255740e-01,0.000000e+00,0.000000e+00,1.827412e-02,6.718922e-02
6.76500,0.600000,0.500000,0.000000e+00,0.000000e+00,1.000000e+00,1.255740e-01,0.000000e+00,0.000000e+00,1.827413e-02,6.718928e-02
6.76750,0.600000,0.500000,0.000000e+00,0.000000e+00,1.000000e+00,1.255740e-01,0.000000e+00,0.000000e+00,1.827413e-02,6.718933e-02
6.77000,0.600000,0.500000,0.000000e+00,0.000000e+00,1.000000e+00,1.255740e-01,0.000000e+00,0.000000e+00,1.827414e-02,6.718939e-02
6.77250,0.600000,0.500000,0.000000e+00,0.000000e+00,1.000000e+00,1.255740e-01,0.000000e+00,0.000000e+00,1.827414e-02,6.718944e-02
6.77500,0.600000,0.500000,0.000000e+00,0.000000e+00,1.000000e+00,1.255740e-01,0.000000e+00,0.000000e+00,1.827415e-02,6.718950e-02
6.77750,0.600000,0.500000,0.000000e+00,0.000000e+00,1.000000e+00,1.255740e-01,0.000000e+00,0.000000e+00,1.827415e-02,6.718955e-02
6.78000,0.600000,0.500000,0.000000e+00,0.000000e+00,1.000000e+00,1.255740e-01,0.000000e+00,0.000000e+00,1.827416e-02,6.718961e-02
6.78250,0.600000,0.500000,0.000000e+00,0.000000e+00,1.000000e+00,1.255740e-01,0.000000e+00,0.000000e+00,1.827416e-02,6.718966e-02
6.78500,0.600000,0.500000,0.000000e+00,0.000000e+00,1.000000e+00,1.255740e-01,0.000000e+00,0.000000e+00,1.827417e-02,6.718972e-02
6.78750,0.600000,0.500000,0.000000e+00,0.000000e+00,1.000000e+00,1.255740e-01,0.000000e+00,0.000000e+00,1.827417e-02,6.718977e-02
6.79000,0.600000,0.500000,0.000000e+00,0.000000e+00,1.000000e+00,1.255740e-01,0.000000e+00,0.000000e+00,1.827418e-02,6.718983e-02
6.79250,0.600000,0.500000,0.000000e+00,0.000000e+00,1.000000e+00,1.255740e-01,0.000000e+00,0.000000e+00,1.827418e-02,6.718988e-02
6.79500,0.600000,0.500000,0.000000e+00,0.000000e+00,1.000000e+00,1.255740e-01,0.000000e+00,0.000000e+00,1.827419e-02,6.718993e-02
6.79750,0.600000,0.500000,0.000000e+00,0.000000e+00,1.000000e+00,1.255740e-01,0.000000e+00,0.000000e+00,1.827419e-02,6.718999e-02
6.80000,0.600000,0.500000,0.000000e+00,0.000000e+00,1.000000e+00,1.255740e-01,0.000000e+00,0.000000e+00,1.827420e-02,6.719004e-02
6.80250,0.600000,0.500000,0.000000e+00,0.000000e+00,1.000000e+00,1.255740e-01,0.000000e+00,0.000000e+00,1.827420e-02,6.719010e-02
6.80500,0.600000,0.500000,0.000000e+00,0.000000e+00,1.000000e+00,1.255740e-01,0.000000e+00,0.000000e+00,1.827421e-02,6.719015e-02
6.80750,0.600000,0.500000,0.000000e+00,0.000000e+00,1.000000e+00,1.255740e-01,0.000000e+00,0.000000e+00,1.827421e-02,6.719020e-02
6.81000,0.600000,0.500000,0.000000e+00,0.000000e+00,1.000000e+00,1.255740e-01,0.000000e+00,0.000000e+00,1.827422e-02,6.719026e-02
6.81250,0.600000,0.500000,0.000000e+00,0.000000e+00,1.000000e+00,1.255740e-01,0.000000e+00,0.000000e+00,1.827422e-02,6.719031e-02
6.81500,0.600000,0.500000,0.000000e+00,0.000000e+00,1.000000e+00,1.255740e-01,0.000000e+00,0.000000e+00,1.827423e-02,6.719036e-02
6.81750,0.600000,0.500000,0.000000e+00,0.000000e+00,1.000000e+00,1.255740e-01,0.000000e+00,0.000000e+00,1.827423e-02,6.719041e-02
6.82000,0.600000,0.500000,0.000000e+00,0.000000e+00,1.000000e+00,1.255740e-01,0.000000e+00,0.000000e+00,1.827424e-02,6.719047e-02
6.82250,0.600000,0.500000,0.000000e+00,0.000000e+00,1.000000e+00,1.255740e-01,0.000000e+00,0.000000e+00,1.827424e-02,6.719052e-02
6.82500,0.600000,0.500000,0.000000e+00,0.000000e+00,1.000000e+00,1.255740e-01,0.000000e+00,0.000000e+00,1.827424e-02,6.719057e-02
6.82750,0.600000,0.500000,0.000000e+00,0.000000e+00,1.000000e+00,1.255740e-01,0.000000e+00,0.000000e+00,1.827425e-02,6.719062e-02
6.83000,0.600000,0.500000,0.000000e+00,0.000000e+00,1.000000e+00,1.255740e-01,0.000000e+00,0.000000e+00,1.827425e-02,6.719068e-02
6.83250,0.600000,0.500000,0.000000e+00,0.000000e+00,1.000000e+00,1.255740e-01,0.000000e+00,0.000000e+00,1.827426e-02,6.719073e-02
6.83500,0.600000,0.500000,0.000000e+00,0.000000e+00,1.000000e+00,1.255740e-01,0.000000e+00,0.000000e+00,1.827426e-02,6.719078e-02
6.83750,0.600000,0.500000,0.000000e+00,0.000000e+00,1.000000e+00,1.255740e-01,0.000000e+00,0.000000e+00,1.827427e-02,6.719083e-02
6.84000,0.600000,0.500000,0.000000e+00,0.000000e+00,1.000000e+00,1.255740e-01,0.000000e+00,0.000000e+00,1.827427e-02,6.719088e-02
6.84250,0.600000,0.500000,0.000000e+00,0.000000e+00,1.000000e+00,1.255740e-01,0.000000e+00,0.000000e+00,1.827428e-02,6.719093e-02
6.84500,0.600000,0.500000,0.000000e+00,0.000000e+00,1.000000e+00,1.255740e-01,0.000000e+00,0.000000e+00,1.827428e-02,6.719098e-02
6.84750,0.600000,0.500000,0.000000e+00,0.000000e+00,1.000000e+00,1.255740e-01,0.000000e+00,0.000000e+00,1.827429e-02,6.719104e-02
6.85000,0.600000,0.500000,0.000000e+00,0.000000e+00,1.000000e+00,1.255740e-01,0.000000e+00,0.000000e+00,1.827429e-02,6.719109e-02
6.85250,0.600000,0.500000,0.000000e+00,0.000000e+00,1.000000e+00,1.255740e-01,0.000000e+00,0.000000e+00,1.827430e-02,6.719114e-02
6.85500,0.600000,0.500000,0.000000e+00,0.000000e+00,1.000000e+00,1.255740e-01,0.000000e+00,0.000000e+00,1.827430e-02,6.719119e-02
6.85750,0.600000,0.500000,0.000000e+00,0.000000e+00,1.000000e+00,1.255740e-01,0.000000e+00,0.000000e+00,1.827431e-02,6.719124e-02
6.86000,0.600000,0.500000,0.000000e+00,0.000000e+00,1.000000e+00,1.255740e-01,0.000000e+00,0.000000e+00,1.827431e-02,6.719129e-02
6.86250,0.600000,0.500000,0.000000e+00,0.000000e+00,1.000000e+00,1.255740e-01,0.000000e+00,0.000000e+00,1.827432e-02,6.719134e-02
6.86500,0.600000,0.500000,0.000000e+00,0.000000e+00,1.000000e+00,1.255740e-01,0.000000e+00,0.000000e+00,1.827432e-02,6.719139e-02
6.86750,0.600000,0.500000,0.000000e+00,0.000000e+00,1.000000e+00,1.255740e-01,0.000000e+00,0.000000e+00,1.827432e-02,6.719144e-02
6.87000,0.600000,0.500000,0.000000e+00,0.000000e+00,1.000000e+00,1.255740e-01,0.000000e+00,0.000000e+00,1.827433e-02,6.719149e-02
6.87250,0.600000,0.500000,0.000000e+00,0.000000e+00,1.000000e+00,1.255740e-01,0.000000e+00,0.000000e+00,1.827433e-02,6.719154e-02
6.87500,0.600000,0.500000,0.000000e+00,0.000000e+00,1.000000e+00,1.255740e-01,0.000000e+00,0.000000e+00,1.827434e-02,6.719159e-02
6.87750,0.600000,0.500000,0.000000e+00,0.000000e+00,1.000000e+00,1.255740e-01,0.000000e+00,0.000000e+00,1.827434e-02,6.719164e-02
6.88000,0.600000,0.500000,0.000000e+00,0.000000e+00,1.000000e+00,1.255740e-01,0.000000e+00,0.000000e+00,1.827435e-02,6.719169e-02
6.88250,0.600000,0.500000,0.000000e+00,0.000000e+00,1.000000e+00,1.255740e-01,0.000000e+00,0.000000e+00,1.827435e-02,6.719174e-02
6.88500,0.600000,0.500000,0.000000e+00,0.000000e+00,1.000000e+00,1.255740e-01,0.000000e+00,0.000000e+00,1.827436e-02,6.719179e-02
6.88750,0.600000,0.500000,0.000000e+00,0.000000e+00,1.000000e+00,1.255740e-01,0.000000e+00,0.000000e+00,1.827436e-02,6.719183e-02
6.89000,0.600000,0.500000,0.000000e+00,0.000000e+00,1.000000e+00,1.255740e-01,0.000000e+00,0.000000e+00,1.827437e-02,6.719188e-02
6.89250,0.600000,0.500000,0.000000e+00,0.000000e+00,1.000000e+00,1.255740e-01,0.000000e+00,0.000000e+00,1.827437e-02,6.719193e-02
6.89500,0.600000,0.500000,0.000000e+00,0.000000e+00,1.000000e+00,1.255740e-01,0.000000e+00,0.000000e+00,1.827437e-02,6.719198e-02
6.89750,0.600000,0.500000,0.000000e+00,0.000000e+00,1.000000e+00,1.255740e-01,0.000000e+00,0.000000e+00,1.827438e-02,6.719203e-02
6.90000,0.600000,0.500000,0.000000e+00,0.000000e+00,1.000000e+00,1.255740e-01,0.000000e+00,0.000000e+00,1.827438e-02,6.719208e-02
6.90250,0.600000,0.500000,0.000000e+00,0.000000e+00,1.000000e+00,1.255740e-01,0.000000e+00,0.000000e+00,1.827439e-02,6.719213e-02
6.90500,0.600000,0.500000,0.000000e+00,0.000000e+00,1.000000e+00,1.255740e-01,0.000000e+00,0.000000e+00,1.827439e-02,6.719217e-02
6.90750,0.600000,0.500000,0.000000e+00,0.000000e+00,1.000000e+00,1.255740e-01,0.000000e+00,0.000000e+00,1.827440e-02,6.719222e-02
6.91000,0.600000,0.500000,0.000000e+00,0.000000e+00,1.000000e+00,1.255740e-01,0.000000e+00,0.000000e+00,1.827440e-02,6.719227e-02
6.91250,0.600000,0.500000,0.000000e+00,0.000000e+00,1.000000e+00,1.255740e-01,0.000000e+00,0.000000e+00,1.827440e-02,6.719232e-02
6.91500,0.600000,0.500000,0.000000e+00,0.000000e+00,1.000000e+00,1.255740e-01,0.000000e+00,0.000000e+00,1.827441e-02,6.719236e-02
6.91750,0.600000,0.500000,0.000000e+00,0.000000e+00,1.000000e+00,1.255740e-01,0.000000e+00,0.000000e+00,1.827441e-02,6.719241e-02
6.92000,0.600000,0.500000,0.000000e+00,0.000000e+00,1.000000e+00,1.255740e-01,0.000000e+00,0.000000e+00,1.827442e-02,6.719246e-02
6.92250,0.600000,0.500000,0.000000e+00,0.000000e+00,1.000000e+00,1.255740e-01,0.000000e+00,0.000000e+00,1.827442e-02,6.719251e-02
6.92500,0.600000,0.500000,0.000000e+00,0.000000e+00,1.000000e+00,1.255740e-01,0.000000e+00,0.000000e+00,1.827443e-02,6.719255e-02
6.92750,0.600000,0.500000,0.000000e+00,0.000000e+00,1.000000e+00,1.255740e-01,0.000000e+00,0.000000e+00,1.827443e-02,6.719260e-02
6.93000,0.600000,0.500000,0.000000e+00,0.000000e+00,1.000000e+00,1.255740e-01,0.000000e+00,0.000000e+00,1.827444e-02,6.719265e-02
6.93250,0.600000,0.500000,0.000000e+00,0.000000e+00,1.000000e+00,1.255740e-01,0.000000e+00,0.000000e+00,1.827444e-02,6.719269e-02
6.93500,0.600000,0.500000,0.000000e+00,0.000000e+00,1.000000e+00,1.255740e-01,0.000000e+00,0.000000e+00,1.827444e-02,6.719274e-02
6.93750,0.600000,0.500000,0.000000e+00,0.000000e+00,1.000000e+00,1.255740e-01,0.000000e+00,0.000000e+00,1.827445e-02,6.719279e-02
6.94000,0.600000,0.500000,0.000000e+00,0.000000e+00,1.000000e+00,1.255740e-01,0.000000e+00,0.000000e+00,1.827445e-02,6.719283e-02
6.94250,0.600000,0.500000,0.000000e+00,0.000000e+00,1.000000e+00,1.255740e-01,0.000000e+00,0.000000e+00,1.827446e-02,6.719288e-02
6.94500,0.600000,0.500000,0.000000e+00,0.000000e+00,1.000000e+00,1.255740e-01,0.000000e+00,0.000000e+00,1.827446e-02,6.719292e-02
6.94750,0.600000,0.500000,0.000000e+00,0.000000e+00,1.000000e+00,1.255740e-01,0.000000e+00,0.000000e+00,1.827446e-02,6.719297e-02
6.95000,0.600000,0.500000,0.000000e+00,0.000000e+00,1.000000e+00,1.255740e-01,0.000000e+00,0.000000e+00,1.827447e-02,6.719302e-02
6.95250,0.600000,0.500000,0.000000e+00,0.000000e+00,1.000000e+00,1.255740e-01,0.000000e+00,0.000000e+00,1.827447e-02,6.719306e-02
6.95500,0.600000,0.500000,0.000000e+00,0.000000e+00,1.000000e+00,1.255740e-01,0.000000e+00,0.000000e+00,1.827448e-02,6.719311e-02
6.95750,0.600000,0.500000,0.000000e+00,0.000000e+00,1.000000e+00,1.255740e-01,0.000000e+00,0.000000e+00,1.827448e-02,6.719315e-02
6.96000,0.600000,0.500000,0.000000e+00,0.000000e+00,1.000000e+00,1.255740e-01,0.000000e+00,0.000000e+00,1.827449e-02,6.719320e-02
6.96250,0.600000,0.500000,0.000000e+00,0.000000e+00,1.000000e+00,1.255740e-01,0.000000e+00,0.000000e+00,1.827449e-02,6.719324e-02
6.96500,0.600000,0.500000,0.000000e+00,0.000000e+00,1.000000e+00,1.255740e-01,0.000000e+00,0.000000e+00,1.827449e-02,6.719329e-02
6.96750,0.600000,0.500000,0.000000e+00,0.000000e+00,1.000000e+00,1.255740e-01,0.000000e+00,0.000000e+00,1.827450e-02,6.719333e-02
6.97000,0.600000,0.500000,0.000000e+00,0.000000e+00,1.000000e+00,1.255740e-01,0.000000e+00,0.000000e+00,1.827450e-02,6.719338e-02
6.97250,0.600000,0.500000,0.000000e+00,0.000000e+00,1.000000e+00,1.255740e-01,0.000000e+00,0.000000e+00,1.827451e-02,6.719342e-02
6.97500,0.600000,0.500000,0.000000e+00,0.000000e+00,1.000000e+00,1.255740e-01,0.000000e+00,0.000000e+00,1.827451e-02,6.719347e-02
6.97750,0.600000,0.500000,0.000000e+00,0.000000e+00,1.000000e+00,1.255740e-01,0.000000e+00,0.000000e+00,1.827451e-02,6.719351e-02
6.98000,0.600000,0.500000,0.000000e+00,0.000000e+00,1.000000e+00,1.255740e-01,0.000000e+00,0.000000e+00,1.827452e-02,6.719356e-02
6.98250,0.600000,0.500000,0.000000e+00,0.000000e+00,1.000000e+00,1.255740e-01,0.000000e+00,0.000000e+00,1.827452e-02,6.719360e-02
6.98500,0.600000,0.500000,0.000000e+00,0.000000e+00,1.000000e+00,1.255740e-01,0.000000e+00,0.000000e+00,1.827453e-02,6.719364e-02
6.98750,0.600000,0.500000,0.000000e+00,0.000000e+00,1.000000e+00,1.255740e-01,0.000000e+00,0.000000e+00,1.827453e-02,6.719369e-02
6.99000,0.600000,0.500000,0.000000e+00,0.000000e+00,1.000000e+00,1.255740e-01,0.000000e+00,0.000000e+00,1.827453e-02,6.719373e-02
6.99250,0.600000,0.500000,0.000000e+00,0.000000e+00,1.000000e+00,1.255740e-01,0.000000e+00,0.000000e+00,1.827454e-02,6.719378e-02
6.99500,0.600000,0.500000,0.000000e+00,0.000000e+00,1.000000e+00,1.255740e-01,0.000000e+00,0.000000e+00,1.827454e-02,6.719382e-02
6.99750,0.600000,0.500000,0.000000e+00,0.000000e+00,1.000000e+00,1.255740e-01,0.000000e+00,0.000000e+00,1.827455e-02,6.719386e-02
7.00000,0.600000,0.500000,0.000000e+00,0.000000e+00,1.000000e+00,1.255740e-01,0.000000e+00,0.000000e+00,1.827455e-02,6.719391e-02
7.00250,0.600000,0.500000,0.000000e+00,0.000000e+00,1.000000e+00,1.255740e-01,0.000000e+00,0.000000e+00,1.827455e-02,6.719395e-02
7.00500,0.600000,0.500000,0.000000e+00,0.000000e+00,1.000000e+00,1.255740e-01,0.000000e+00,0.000000e+00,1.827456e-02,6.719399e-02
7.00750,0.600000,0.500000,0.000000e+00,0.000000e+00,1.000000e+00,1.255740e-01,0.000000e+00,0.000000e+00,1.827456e-02,6.719404e-02
7.01000,0.600000,0.500000,0.000000e+00,0.000000e+00,1.000000e+00,1.255740e-01,0.000000e+00,0.000000e+00,1.827457e-02,6.719408e-02
7.01250,0.600000,0.500000,0.000000e+00,0.000000e+00,1.000000e+00,1.255740e-01,0.000000e+00,0.000000e+00,1.827457e-02,6.719412e-02
7.01500,0.600000,0.500000,0.000000e+00,0.000000e+00,1.000000e+00,1.255740e-01,0.000000e+00,0.000000e+00,1.827457e-02,6.719416e-02
7.01750,0.600000,0.500000,0.000000e+00,0.000000e+00,1.000000e+00,1.255740e-01,0.000000e+00,0.000000e+00,1.827458e-02,6.719421e-02
7.02000,0.600000,0.500000,0.000000e+00,0.000000e+00,1.000000e+00,1.255740e-01,0.000000e+00,0.000000e+00,1.827458e-02,6.719425e-02
7.02250,0.600000,0.500000,0.000000e+00,0.000000e+00,1.000000e+00,1.255740e-01,0.000000e+00,0.000000e+00,1.827459e-02,6.719429e-02
7.02500,0.600000,0.500000,0.000000e+00,0.000000e+00,1.000000e+00,1.255740e-01,0.000000e+00,0.000000e+00,1.827459e-02,6.719433e-02
7.02750,0.600000,0.500000,0.000000e+00,0.000000e+00,1.000000e+00,1.255740e-01,0.000000e+00,0.000000e+00,1.827459e-02,6.719438e-02
7.03000,0.600000,0.500000,0.000000e+00,0.000000e+00,1.000000e+00,1.255740e-01,0.000000e+00,0.000000e+00,1.827460e-02,6.719442e-02
7.03250,0.600000,0.500000,0.000000e+00,0.000000e+00,1.000000e+00,1.255740e-01,0.000000e+00,0.000000e+00,1.827460e-02,6.719446e-02
7.03500,0.600000,0.500000,0.000000e+00,0.000000e+00,1.000000e+00,1.255740e-01,0.000000e+00,0.000000e+00,1.827461e-02,6.719450e-02
7.03750,0.600000,0.500000,0.000000e+00,0.000000e+00,1.000000e+00,1.255740e-01,0.000000e+00,0.000000e+00,1.827461e-02,6.719454e-02
7.04000,0.600000,0.500000,0.000000e+00,0.000000e+00,1.000000e+00,1.255740e-01,0.000000e+00,0.000000e+00,1.827461e-02,6.719459e-02
7.04250,0.600000,0.500000,0.000000e+00,0.000000e+00,1.000000e+00,1.255740e-01,0.000000e+00,0.000000e+00,1.827462e-02,6.719463e-02
7.04500,0.600000,0.500000,0.000000e+00,0.000000e+00,1.000000e+00,1.255740e-01,0.000000e+00,0.000000e+00,1.827462e-02,6.719467e-02
7.04750,0.600000,0.500000,0.000000e+00,0.000000e+00,1.000000e+00,1.255740e-01,0.000000e+00,0.000000e+00,1.827462e-02,6.719471e-02
7.05000,0.600000,0.500000,0.000000e+00,0.000000e+00,1.000000e+00,1.255740e-01,0.000000e+00,0.000000e+00,1.827463e-02,6.719475e-02
7.05250,0.600000,0.500000,0.000000e+00,0.000000e+00,1.000000e+00,1.255740e-01,0.000000e+00,0.000000e+00,1.827463e-02,6.719479e-02
7.05500,0.600000,0.500000,0.000000e+00,0.000000e+00,1.000000e+00,1.255740e-01,0.000000e+00,0.000000e+00,1.827464e-02,6.719483e-02
7.05750,0.600000,0.500000,0.000000e+00,0.000000e+00,1.000000e+00,1.255740e-01,0.000000e+00,0.000000e+00,1.827464e-02,6.719487e-02
7.06000,0.600000,0.500000,0.000000e+00,0.000000e+00,1.000000e+00,1.255740e-01,0.000000e+00,0.000000e+00,1.827464e-02,6.719491e-02
7.06250,0.600000,0.500000,0.000000e+00,0.000000e+00,1.000000e+00,1.255740e-01,0.000000e+00,0.000000e+00,1.827465e-02,6.719495e-02
7.06500,0.600000,0.500000,0.000000e+00,0.000000e+00,1.000000e+00,1.255740e-01,0.000000e+00,0.000000e+00,1.827465e-02,6.719500e-02
7.06750,0.600000,0.500000,0.000000e+00,0.000000e+00,1.000000e+00,1.255740e-01,0.000000e+00,0.000000e+00,1.827465e-02,6.719504e-02
7.07000,0.600000,0.500000,0.000000e+00,0.000000e+00,1.000000e+00,1.255740e-01,0.000000e+00,0.000000e+00,1.827466e-02,6.719508e-02
7.07250,0.600000,0.500000,0.000000e+00,0.000000e+00,1.000000e+00,1.255740e-01,0.000000e+00,0.000000e+00,1.827466e-02,6.719512e-02
7.07500,0.600000,0.500000,0.000000e+00,0.000000e+00,1.000000e+00,1.255740e-01,0.000000e+00,0.000000e+00,1.827467e-02,6.719516e-02
7.07750,0.600000,0.500000,0.000000e+00,0.000000e+00,1.000000e+00,1.255740e-01,0.000000e+00,0.000000e+00,1.827467e-02,6.719520e-02
7.08000,0.600000,0.500000,0.000000e+00,0.000000e+00,1.000000e+00,1.255740e-01,0.000000e+00,0.000000e+00,1.827467e-02,6.719524e-02
7.08250,0.600000,0.500000,0.000000e+00,0.000000e+00,1.000000e+00,1.255740e-01,0.000000e+00,0.000000e+00,1.827468e-02,6.719528e-02
7.08500,0.600000,0.500000,0.000000e+00,0.000000e+00,1.000000e+00,1.255740e-01,0.000000e+00,0.000000e+00,1.827468e-02,6.719532e-02
7.08750,0.600000,0.500000,0.000000e+00,0.000000e+00,1.000000e+00,1.255740e-01,0.000000e+00,0.000000e+00,1.827468e-02,6.719535e-02
7.09000,0.600000,0.500000,0.000000e+00,0.000000e+00,1.000000e+00,1.255740e-01,0.000000e+00,0.000000e+00,1.827469e-02,6.719539e-02
7.09250,0.600000,0.500000,0.000000e+00,0.000000e+00,1.000000e+00,1.255740e-01,0.000000e+00,0.000000e+00,1.827469e-02,6.719543e-02
7.09500,0.600000,0.500000,0.000000e+00,0.000000e+00,1.000000e+00,1.255740e-01,0.000000e+00,0.000000e+00,1.827469e-02,6.719547e-02
7.09750,0.600000,0.500000,0.000000e+00,0.000000e+00,1.000000e+00,1.255740e-01,0.000000e+00,0.000000e+00,1.827470e-02,6.719551e-02
7.10000,0.600000,0.500000,0.000000e+00,0.000000e+00,1.000000e+00,1.255740e-01,0.000000e+00,0.000000e+00,1.827470e-02,6.719555e-02
7.10250,0.600000,0.500000,0.000000e+00,0.000000e+00,1.000000e+00,1.255740e-01,0.000000e+00,0.000000e+00,1.827471e-02,6.719559e-02
7.10500,0.600000,0.500000,0.000000e+00,0.000000e+00,1.000000e+00,1.255740e-01,0.000000e+00,0.000000e+00,1.827471e-02,6.719563e-02
7.10750,0.600000,0.500000,0.000000e+00,0.000000e+00,1.000000e+00,1.255740e-01,0.000000e+00,0.000000e+00,1.827471e-02,6.719567e-02
7.11000,0.600000,0.500000,0.000000e+00,0.000000e+00,1.000000e+00,1.255740e-01,0.000000e+00,0.000000e+00,1.827472e-02,6.719571e-02
7.11250,0.600000,0.500000,0.000000e+00,0.000000e+00,1.000000e+00,1.255740e-01,0.000000e+00,0.000000e+00,1.827472e-02,6.719574e-02
7.11500,0.600000,0.500000,0.000000e+00,0.000000e+00,1.000000e+00,1.255740e-01,0.000000e+00,0.000000e+00,1.827472e-02,6.719578e-02
7.11750,0.600000,0.500000,0.000000e+00,0.000000e+00,1.000000e+00,1.255740e-01,0.000000e+00,0.000000e+00,1.827473e-02,6.719582e-02
7.12000,0.600000,0.500000,0.000000e+00,0.000000e+00,1.000000e+00,1.255740e-01,0.000000e+00,0.000000e+00,1.827473e-02,6.719586e-02
7.12250,0.600000,0.500000,0.000000e+00,0.000000e+00,1.000000e+00,1.255740e-01,0.000000e+00,0.000000e+00,1.827473e-02,6.719590e-02
7.12500,0.600000,0.500000,0.000000e+00,0.000000e+00,1.000000e+00,1.255740e-01,0.000000e+00,0.000000e+00,1.827474e-02,6.719594e-02
7.12750,0.600000,0.500000,0.000000e+00,0.000000e+00,1.000000e+00,1.255740e-01,0.000000e+00,0.000000e+00,1.827474e-02,6.719597e-02
7.13000,0.600000,0.500000,0.000000e+00,0.000000e+00,1.000000e+00,1.255740e-01,0.000000e+00,0.000000e+00,1.827474e-02,6.719601e-02
7.13250,0.600000,0.500000,0.000000e+00,0.000000e+00,1.000000e+00,1.255740e-01,0.000000e+00,0.000000e+00,1.827475e-02,6.719605e-02
7.13500,0.600000,0.500000,0.000000e+00,0.000000e+00,1.000000e+00,1.255740e-01,0.000000e+00,0.000000e+00,1.827475e-02,6.719609e-02
7.13750,0.600000,0.500000,0.000000e+00,0.000000e+00,1.000000e+00,1.255740e-01,0.000000e+00,0.000000e+00,1.827475e-02,6.719612e-02
7.14000,0.600000,0.500000,0.000000e+00,0.000000e+00,1.000000e+00,1.255740e-01,0.000000e+00,0.000000e+00,1.827476e-02,6.719616e-02
7.14250,0.600000,0.500000,0.000000e+00,0.000000e+00,1.000000e+00,1.255740e-01,0.000000e+00,0.000000e+00,1.827476e-02,6.719620e-02
7.14500,0.600000,0.500000,0.000000e+00,0.000000e+00,1.000000e+00,1.255740e-01,0.000000e+00,0.000000e+00,1.827476e-02,6.719624e-02
7.14750,0.600000,0.500000,0.000000e+00,0.000000e+00,1.000000e+00,1.255740e-01,0.000000e+00,0.000000e+00,1.827477e-02,6.719627e-02
7.15000,0.600000,0.500000,0.000000e+00,0.000000e+00,1.000000e+00,1.255740e-01,0.000000e+00,0.000000e+00,1.827477e-02,6.719631e-02
7.15250,0.600000,0.500000,0.000000e+00,0.000000e+00,1.000000e+00,1.255740e-01,0.000000e+00,0.000000e+00,1.827477e-02,6.719635e-02
7.15500,0.600000,0.500000,0.000000e+00,0.000000e+00,1.000000e+00,1.255740e-01,0.000000e+00,0.000000e+00,1.827478e-02,6.719638e-02
7.15750,0.600000,0.500000,0.000000e+00,0.000000e+00,1.000000e+00,1.255740e-01,0.000000e+00,0.000000e+00,1.827478e-02,6.719642e-02
7.16000,0.600000,0.500000,0.000000e+00,0.000000e+00,1.000000e+00,1.255740e-01,0.000000e+00,0.000000e+00,1.827478e-02,6.719646e-02
7.16250,0.600000,0.500000,0.000000e+00,0.000000e+00,1.000000e+00,1.255740e-01,0.000000e+00,0.000000e+00,1.827479e-02,6.719649e-02
7.16500,0.600000,0.500000,0.000000e+00,0.000000e+00,1.000000e+00,1.255740e-01,0.000000e+00,0.000000e+00,1.827479e-02,6.719653e-02
7.16750,0.600000,0.500000,0.000000e+00,0.000000e+00,1.000000e+00,1.255740e-01,0.000000e+00,0.000000e+00,1.827479e-02,6.719657e-02
7.17000,0.600000,0.500000,0.000000e+00,0.000000e+00,1.000000e+00,1.255740e-01,0.000000e+00,0.000000e+00,1.827480e-02,6.719660e-02
7.17250,0.600000,0.500000,0.000000e+00,0.000000e+00,1.000000e+00,1.255740e-01,0.000000e+00,0.000000e+00,1.827480e-02,6.719664e-02
7.17500,0.600000,0.500000,0.000000e+00,0.000000e+00,1.000000e+00,1.255740e-01,0.000000e+00,0.000000e+00,1.827480e-02,6.719667e-02
7.17750,0.600000,0.500000,0.000000e+00,0.000000e+00,1.000000e+00,1.255740e-01,0.000000e+00,0.000000e+00,1.827481e-02,6.719671e-02
7.18000,0.600000,0.500000,0.000000e+00,0.000000e+00,1.000000e+00,1.255740e-01,0.000000e+00,0.000000e+00,1.827481e-02,6.719675e-02
7.18250,0.600000,0.500000,0.000000e+00,0.000000e+00,1.000000e+00,1.255740e-01,0.000000e+00,0.000000e+00,1.827481e-02,6.719678e-02
7.18500,0.600000,0.500000,0.000000e+00,0.000000e+00,1.000000e+00,1.255740e-01,0.000000e+00,0.000000e+00,1.827482e-02,6.719682e-02
7.18750,0.600000,0.500000,0.000000e+00,0.000000e+00,1.000000e+00,1.255740e-01,0.000000e+00,0.000000e+00,1.827482e-02,6.719685e-02
7.19000,0.600000,0.500000,0.000000e+00,0.000000e+00,1.000000e+00,1.255740e-01,0.000000e+00,0.000000e+00,1.827482e-02,6.719689e-02
7.19250,0.600000,0.500000,0.000000e+00,0.000000e+00,1.000000e+00,1.255740e-01,0.000000e+00,0.000000e+00,1.827483e-02,6.719692e-02
7.19500,0.600000,0.500000,0.000000e+00,0.000000e+00,1.000000e+00,1.255740e-01,0.000000e+00,0.000000e+00,1.827483e-02,6.719696e-02
7.19750,0.600000,0.500000,0.000000e+00,0.000000e+00,1.000000e+00,1.255740e-01,0.000000e+00,0.000000e+00,1.827483e-02,6.719699e-02
7.20000,0.600000,0.500000,0.000000e+00,0.000000e+00,1.000000e+00,1.255740e-01,0.000000e+00,0.000000e+00,1.827484e-02,6.719703e-02
7.20250,0.600000,0.500000,0.000000e+00,0.000000e+00,1.000000e+00,1.255740e-01,0.000000e+00,0.000000e+00,1.827484e-02,6.719706e-02
7.20500,0.600000,0.500000,0.000000e+00,0.000000e+00,1.000000e+00,1.255740e-01,0.000000e+00,0.000000e+00,1.827484e-02,6.719710e-02
7.20750,0.600000,0.500000,0.000000e+00,0.000000e+00,1.000000e+00,1.255740e-01,0.000000e+00,0.000000e+00,1.827485e-02,6.719713e-02
7.21000,0.600000,0.500000,0.000000e+00,0.000000e+00,1.000000e+00,1.255740e-01,0.000000e+00,0.000000e+00,1.827485e-02,6.719717e-02
7.21250,0.600000,0.500000,0.000000e+00,0.000000e+00,1.000000e+00,1.255740e-01,0.000000e+00,0.000000e+00,1.827485e-02,6.719720e-02
7.21500,0.600000,0.500000,0.000000e+00,0.000000e+00,1.000000e+00,1.255740e-01,0.000000e+00,0.000000e+00,1.827486e-02,6.719724e-02
7.21750,0.600000,0.500000,0.000000e+00,0.000000e+00,1.000000e+00,1.255740e-01,0.000000e+00,0.000000e+00,1.827486e-02,6.719727e-02
7.22000,0.600000,0.500000,0.000000e+00,0.000000e+00,1.000000e+00,1.255740e-01,0.000000e+00,0.000000e+00,1.827486e-02,6.719731e-02
7.22250,0.600000,0.500000,0.000000e+00,0.000000e+00,1.000000e+00,1.255740e-01,0.000000e+00,0.000000e+00,1.827487e-02,6.719734e-02
7.22500,0.600000,0.500000,0.000000e+00,0.000000e+00,1.000000e+00,1.255740e-01,0.000000e+00,0.000000e+00,1.827487e-02,6.719737e-02
7.22750,0.600000,0.500000,0.000000e+00,0.000000e+00,1.000000e+00,1.255740e-01,0.000000e+00,0.000000e+00,1.827487e-02,6.719741e-02
7.23000,0.600000,0.500000,0.000000e+00,0.000000e+00,1.000000e+00,1.255740e-01,0.000000e+00,0.000000e+00,1.827488e-02,6.719744e-02
7.23250,0.600000,0.500000,0.000000e+00,0.000000e+00,1.000000e+00,1.255740e-01,0.000000e+00,0.000000e+00,1.827488e-02,6.719748e-02
7.23500,0.600000,0.500000,0.000000e+00,0.000000e+00,1.000000e+00,1.255740e-01,0.000000e+00,0.000000e+00,1.827488e-02,6.719751e-02
7.23750,0.600000,0.500000,0.000000e+00,0.000000e+00,1.000000e+00,1.255740e-01,0.000000e+00,0.000000e+00,1.827488e-02,6.719754e-02
7.24000,0.600000,0.500000,0.000000e+00,0.000000e+00,1.000000e+00,1.255740e-01,0.000000e+00,0.000000e+00,1.827489e-02,6.719758e-02
7.24250,0.600000,0.500000,0.000000e+00,0.000000e+00,1.000000e+00,1.255740e-01,0.000000e+00,0.000000e+00,1.827489e-02,6.719761e-02
7.24500,0.600000,0.500000,0.000000e+00,0.000000e+00,1.000000e+00,1.255740e-01,0.000000e+00,0.000000e+00,1.827489e-02,6.719764e-02
7.24750,0.600000,0.500000,0.000000e+00,0.000000e+00,1.000000e+00,1.255740e-01,0.000000e+00,0.000000e+00,1.827490e-02,6.719768e-02
7.25000,0.600000,0.500000,0.000000e+00,0.000000e+00,1.000000e+00,1.255740e-01,0.000000e+00,0.000000e+00,1.827490e-02,6.719771e-02
7.25250,0.600000,0.500000,0.000000e+00,0.000000e+00,1.000000e+00,1.255740e-01,0.000000e+00,0.000000e+00,1.827490e-02,6.719774e-02
7.25500,0.600000,0.500000,0.000000e+00,0.000000e+00,1.000000e+00,1.255740e-01,0.000000e+00,0.000000e+00,1.827491e-02,6.719778e-02
7.25750,0.600000,0.500000,0.000000e+00,0.000000e+00,1.000000e+00,1.255740e-01,0.000000e+00,0.000000e+00,1.827491e-02,6.719781e-02
7.26000,0.600000,0.500000,0.000000e+00,0.000000e+00,1.000000e+00,1.255740e-01,0.000000e+00,0.000000e+00,1.827491e-02,6.719784e-02
7.26250,0.600000,0.500000,0.000000e+00,0.000000e+00,1.000000e+00,1.255740e-01,0.000000e+00,0.000000e+00,1.827492e-02,6.719787e-02
7.26500,0.600000,0.500000,0.000000e+00,0.000000e+00,1.000000e+00,1.255740e-01,0.000000e+00,0.000000e+00,1.827492e-02,6.719791e-02
7.26750,0.600000,0.500000,0.000000e+00,0.000000e+00,1.000000e+00,1.255740e-01,0.000000e+00,0.000000e+00,1.827492e-02,6.719794e-02
7.27000,0.600000,0.500000,0.000000e+00,0.000000e+00,1.000000e+00,1.255740e-01,0.000000e+00,0.000000e+00,1.827492e-02,6.719797e-02
7.27250,0.600000,0.500000,0.000000e+00,0.000000e+00,1.000000e+00,1.255740e-01,0.000000e+00,0.000000e+00,1.827493e-02,6.719800e-02
7.27500,0.600000,0.500000,0.000000e+00,0.000000e+00,1.000000e+00,1.255740e-01,0.000000e+00,0.000000e+00,1.827493e-02,6.719804e-02
7.27750,0.600000,0.500000,0.000000e+00,0.000000e+00,1.000000e+00,1.255740e-01,0.000000e+00,0.000000e+00,1.827493e-02,6.719807e-02
7.28000,0.600000,0.500000,0.000000e+00,0.000000e+00,1.000000e+00,1.255740e-01,0.000000e+00,0.000000e+00,1.827494e-02,6.719810e-02
7.28250,0.600000,0.500000,0.000000e+00,0.000000e+00,1.000000e+00,1.255740e-01,0.000000e+00,0.000000e+00,1.827494e-02,6.719813e-02
7.28500,0.600000,0.500000,0.000000e+00,0.000000e+00,1.000000e+00,1.255740e-01,0.000000e+00,0.000000e+00,1.827494e-02,6.719817e-02
7.28750,0.600000,0.500000,0.000000e+00,0.000000e+00,1.000000e+00,1.255740e-01,0.000000e+00,0.000000e+00,1.827494e-02,6.719820e-02
7.29000,0.600000,0.500000,0.000000e+00,0.000000e+00,1.000000e+00,1.255740e-01,0.000000e+00,0.000000e+00,1.827495e-02,6.719823e-02
7.29250,0.600000,0.500000,0.000000e+00,0.000000e+00,1.000000e+00,1.255740e-01,0.000000e+00,0.000000e+00,1.827495e-02,6.719826e-02
7.29500,0.600000,0.500000,0.000000e+00,0.000000e+00,1.000000e+00,1.255740e-01,0.000000e+00,0.000000e+00,1.827495e-02,6.719829e-02
7.29750,0.600000,0.500000,0.000000e+00,0.000000e+00,1.000000e+00,1.255740e-01,0.000000e+00,0.000000e+00,1.827496e-02,6.719832e-02
7.30000,0.600000,0.500000,0.000000e+00,0.000000e+00,1.000000e+00,1.255740e-01,0.000000e+00,0.000000e+00,1.827496e-02,6.719836e-02
7.30250,0.600000,0.500000,0.000000e+00,0.000000e+00,1.000000e+00,1.255740e-01,0.000000e+00,0.000000e+00,1.827496e-02,6.719839e-02
7.30500,0.600000,0.500000,0.000000e+00,0.000000e+00,1.000000e+00,1.255740e-01,0.000000e+00,0.000000e+00,1.827497e-02,6.719842e-02
7.30750,0.600000,0.500000,0.000000e+00,0.000000e+00,1.000000e+00,1.255740e-01,0.000000e+00,0.000000e+00,1.827497e-02,6.719845e-02
7.31000,0.600000,0.500000,0.000000e+00,0.000000e+00,1.000000e+00,1.255740e-01,0.000000e+00,0.000000e+00,1.827497e-02,6.719848e-02
7.31250,0.600000,0.500000,0.000000e+00,0.000000e+00,1.000000e+00,1.255740e-01,0.000000e+00,0.000000e+00,1.827497e-02,6.719851e-02
7.31500,0.600000,0.500000,0.000000e+00,0.000000e+00,1.000000e+00,1.255740e-01,0.000000e+00,0.000000e+00,1.827498e-02,6.719854e-02
7.31750,0.600000,0.500000,0.000000e+00,0.000000e+00,1.000000e+00,1.255740e-01,0.000000e+00,0.000000e+00,1.827498e-02,6.719857e-02
7.32000,0.600000,0.500000,0.000000e+00,0.000000e+00,1.000000e+00,1.255740e-01,0.000000e+00,0.000000e+00,1.827498e-02,6.719860e-02
7.32250,0.600000,0.500000,0.000000e+00,0.000000e+00,1.000000e+00,1.255740e-01,0.000000e+00,0.000000e+00,1.827498e-02,6.719864e-02
7.32500,0.600000,0.500000,0.000000e+00,0.000000e+00,1.000000e+00,1.255740e-01,0.000000e+00,0.000000e+00,1.827499e-02,6.719867e-02
7.32750,0.600000,0.500000,0.000000e+00,0.000000e+00,1.000000e+00,1.255740e-01,0.000000e+00,0.000000e+00,1.827499e-02,6.719870e-02
7.33000,0.600000,0.500000,0.000000e+00,0.000000e+00,1.000000e+00,1.255740e-01,0.000000e+00,0.000000e+00,1.827499e-02,6.719873e-02
7.33250,0.600000,0.500000,0.000000e+00,0.000000e+00,1.000000e+00,1.255740e-01,0.000000e+00,0.000000e+00,1.827500e-02,6.719876e-02
7.33500,0.600000,0.500000,0.000000e+00,0.000000e+00,1.000000e+00,1.255740e-01,0.000000e+00,0.000000e+00,1.827500e-02,6.719879e-02
7.33750,0.600000,0.500000,0.000000e+00,0.000000e+00,1.000000e+00,1.255740e-01,0.000000e+00,0.000000e+00,1.827500e-02,6.719882e-02
7.34000,0.600000,0.500000,0.000000e+00,0.000000e+00,1.000000e+00,1.255740e-01,0.000000e+00,0.000000e+00,1.827500e-02,6.719885e-02
7.34250,0.600000,0.500000,0.000000e+00,0.000000e+00,1.000000e+00,1.255740e-01,0.000000e+00,0.000000e+00,1.827501e-02,6.719888e-02
7.34500,0.600000,0.500000,0.000000e+00,0.000000e+00,1.000000e+00,1.255740e-01,0.000000e+00,0.000000e+00,1.827501e-02,6.719891e-02
7.34750,0.600000,0.500000,0.000000e+00,0.000000e+00,1.000000e+00,1.255740e-01,0.000000e+00,0.000000e+00,1.827501e-02,6.719894e-02
7.35000,0.600000,0.500000,0.000000e+00,0.000000e+00,1.000000e+00,1.255740e-01,0.000000e+00,0.000000e+00,1.827502e-02,6.719897e-02
7.35250,0.600000,0.500000,0.000000e+00,0.000000e+00,1.000000e+00,1.255740e-01,0.000000e+00,0.000000e+00,1.827502e-02,6.719900e-02
7.35500,0.600000,0.500000,0.000000e+00,0.000000e+00,1.000000e+00,1.255740e-01,0.000000e+00,0.000000e+00,1.827502e-02,6.719903e-02
7.35750,0.600000,0.500000,0.000000e+00,0.000000e+00,1.000000e+00,1.255740e-01,0.000000e+00,0.000000e+00,1.827502e-02,6.719906e-02
7.36000,0.600000,0.500000,0.000000e+00,0.000000e+00,1.000000e+00,1.255740e-01,0.000000e+00,0.000000e+00,1.827503e-02,6.719909e-02
7.36250,0.600000,0.500000,0.000000e+00,0.000000e+00,1.000000e+00,1.255740e-01,0.000000e+00,0.000000e+00,1.827503e-02,6.719912e-02
7.36500,0.600000,0.500000,0.000000e+00,0.000000e+00,1.000000e+00,1.255740e-01,0.000000e+00,0.000000e+00,1.827503e-02,6.719915e-02
7.36750,0.600000,0.500000,0.000000e+00,0.000000e+00,1.000000e+00,1.255740e-01,0.000000e+00,0.000000e+00,1.827503e-02,6.719918e-02
7.37000,0.600000,0.500000,0.000000e+00,0.000000e+00,1.000000e+00,1.255740e-01,0.000000e+00,0.000000e+00,1.827504e-02,6.719920e-02
7.37250,0.600000,0.500000,0.000000e+00,0.000000e+00,1.000000e+00,1.255740e-01,0.000000e+00,0.000000e+00,1.827504e-02,6.719923e-02
7.37500,0.600000,0.500000,0.000000e+00,0.000000e+00,1.000000e+00,1.255740e-01,0.000000e+00,0.000000e+00,1.827504e-02,6.719926e-02
7.37750,0.600000,0.500000,0.000000e+00,0.000000e+00,1.000000e+00,1.255740e-01,0.000000e+00,0.000000e+00,1.827505e-02,6.719929e-02
7.38000,0.600000,0.500000,0.000000e+00,0.000000e+00,1.000000e+00,1.255740e-01,0.000000e+00,0.000000e+00,1.827505e-02,6.719932e-02
7.38250,0.600000,0.500000,0.000000e+00,0.000000e+00,1.000000e+00,1.255740e-01,0.000000e+00,0.000000e+00,1.827505e-02,6.719935e-02
7.38500,0.600000,0.500000,0.000000e+00,0.000000e+00,1.000000e+00,1.255740e-01,0.000000e+00,0.000000e+00,1.827505e-02,6.719938e-02
7.38750,0.600000,0.500000,0.000000e+00,0.000000e+00,1.000000e+00,1.255740e-01,0.000000e+00,0.000000e+00,1.827506e-02,6.719941e-02
7.39000,0.600000,0.500000,0.000000e+00,0.000000e+00,1.000000e+00,1.255740e-01,0.000000e+00,0.000000e+00,1.827506e-02,6.719944e-02
7.39250,0.600000,0.500000,0.000000e+00,0.000000e+00,1.000000e+00,1.255740e-01,0.000000e+00,0.000000e+00,1.827506e-02,6.719946e-02
7.39500,0.600000,0.500000,0.000000e+00,0.000000e+00,1.000000e+00,1.255740e-01,0.000000e+00,0.000000e+00,1.827506e-02,6.719949e-02
7.39750,0.600000,0.500000,0.000000e+00,0.000000e+00,1.000000e+00,1.255740e-01,0.000000e+00,0.000000e+00,1.827507e-02,6.719952e-02
7.40000,0.600000,0.500000,0.000000e+00,0.000000e+00,1.000000e+00,1.255740e-01,0.000000e+00,0.000000e+00,1.827507e-02,6.719955e-02
7.40250,0.600000,0.500000,0.000000e+00,0.000000e+00,1.000000e+00,1.255740e-01,0.000000e+00,0.000000e+00,1.827507e-02,6.719958e-02
7.40500,0.600000,0.500000,0.000000e+00,0.000000e+00,1.000000e+00,1.255740e-01,0.000000e+00,0.000000e+00,1.827507e-02,6.719961e-02
7.40750,0.600000,0.500000,0.000000e+00,0.000000e+00,1.000000e+00,1.255740e-01,0.000000e+00,0.000000e+00,1.827508e-02,6.719963e-02
7.41000,0.600000,0.500000,0.000000e+00,0.000000e+00,1.000000e+00,1.255740e-01,0.000000e+00,0.000000e+00,1.827508e-02,6.719966e-02
7.41250,0.600000,0.500000,0.000000e+00,0.000000e+00,1.000000e+00,1.255740e-01,0.000000e+00,0.000000e+00,1.827508e-02,6.719969e-02
7.41500,0.600000,0.500000,0.000000e+00,0.000000e+00,1.000000e+00,1.255740e-01,0.000000e+00,0.000000e+00,1.827508e-02,6.719972e-02
7.41750,0.600000,0.500000,0.000000e+00,0.000000e+00,1.000000e+00,1.255740e-01,0.000000e+00,0.000000e+00,1.827509e-02,6.719975e-02
7.42000,0.600000,0.500000,0.000000e+00,0.000000e+00,1.000000e+00,1.255740e-01,0.000000e+00,0.000000e+00,1.827509e-02,6.719977e-02
7.42250,0.600000,0.500000,0.000000e+00,0.000000e+00,1.000000e+00,1.255740e-01,0.000000e+00,0.000000e+00,1.827509e-02,6.719980e-02
7.42500,0.600000,0.500000,0.000000e+00,0.000000e+00,1.000000e+00,1.255740e-01,0.000000e+00,0.000000e+00,1.827509e-02,6.719983e-02
7.42750,0.600000,0.500000,0.000000e+00,0.000000e+00,1.000000e+00,1.255740e-01,0.000000e+00,0.000000e+00,1.827510e-02,6.719986e-02
7.43000,0.600000,0.500000,0.000000e+00,0.000000e+00,1.000000e+00,1.255740e-01,0.000000e+00,0.000000e+00,1.827510e-02,6.719988e-02
7.43250,0.600000,0.500000,0.000000e+00,0.000000e+00,1.000000e+00,1.255740e-01,0.000000e+00,0.000000e+00,1.827510e-02,6.719991e-02
7.43500,0.600000,0.500000,0.000000e+00,0.000000e+00,1.000000e+00,1.255740e-01,0.000000e+00,0.000000e+00,1.827510e-02,6.719994e-02
7.43750,0.600000,0.500000,0.000000e+00,0.000000e+00,1.000000e+00,1.255740e-01,0.000000e+00,0.000000e+00,1.827511e-02,6.719996e-02
7.44000,0.600000,0.500000,0.000000e+00,0.000000e+00,1.000000e+00,1.255740e-01,0.000000e+00,0.000000e+00,1.827511e-02,6.719999e-02
7.44250,0.600000,0.500000,0.000000e+00,0.000000e+00,1.000000e+00,1.255740e-01,0.000000e+00,0.000000e+00,1.827511e-02,6.720002e-02
7.44500,0.600000,0.500000,0.000000e+00,0.000000e+00,1.000000e+00,1.255740e-01,0.000000e+00,0.000000e+00,1.827511e-02,6.720005e-02
7.44750,0.600000,0.500000,0.000000e+00,0.000000e+00,1.000000e+00,1.255740e-01,0.000000e+00,0.000000e+00,1.827512e-02,6.720007e-02
7.45000,0.600000,0.500000,0.000000e+00,0.000000e+00,1.000000e+00,1.255740e-01,0.000000e+00,0.000000e+00,1.827512e-02,6.720010e-02
7.45250,0.600000,0.500000,0.000000e+00,0.000000e+00,1.000000e+00,1.255740e-01,0.000000e+00,0.000000e+00,1.827512e-02,6.720013e-02
7.45500,0.600000,0.500000,0.000000e+00,0.000000e+00,1.000000e+00,1.255740e-01,0.000000e+00,0.000000e+00,1.827512e-02,6.720015e-02
7.45750,0.600000,0.500000,0.000000e+00,0.000000e+00,1.000000e+00,1.255740e-01,0.000000e+00,0.000000e+00,1.827513e-02,6.720018e-02
7.46000,0.600000,0.500000,0.000000e+00,0.000000e+00,1.000000e+00,1.255740e-01,0.000000e+00,0.000000e+00,1.827513e-02,6.720021e-02
7.46250,0.600000,0.500000,0.000000e+00,0.000000e+00,1.000000e+00,1.255740e-01,0.000000e+00,0.000000e+00,1.827513e-02,6.720023e-02
7.46500,0.600000,0.500000,0.000000e+00,0.000000e+00,1.000000e+00,1.255740e-01,0.000000e+00,0.000000e+00,1.827513e-02,6.720026e-02
7.46750,0.600000,0.500000,0.000000e+00,0.000000e+00,1.000000e+00,1.255740e-01,0.000000e+00,0.000000e+00,1.827514e-02,6.720029e-02
7.47000,0.600000,0.500000,0.000000e+00,0.000000e+00,1.000000e+00,1.255740e-01,0.000000e+00,0.000000e+00,1.827514e-02,6.720031e-02
7.47250,0.600000,0.500000,0.000000e+00,0.000000e+00,1.000000e+00,1.255740e-01,0.000000e+00,0.000000e+00,1.827514e-02,6.720034e-02
7.47500,0.600000,0.500000,0.000000e+00,0.000000e+00,1.000000e+00,1.255740e-01,0.000000e+00,0.000000e+00,1.827514e-02,6.720036e-02
7.47750,0.600000,0.500000,0.000000e+00,0.000000e+00,1.000000e+00,1.255740e-01,0.000000e+00,0.000000e+00,1.827515e-02,6.720039e-02
7.48000,0.600000,0.500000,0.000000e+00,0.000000e+00,1.000000e+00,1.255740e-01,0.000000e+00,0.000000e+00,1.827515e-02,6.720042e-02
7.48250,0.600000,0.500000,0.000000e+00,0.000000e+00,1.000000e+00,1.255740e-01,0.000000e+00,0.000000e+00,1.827515e-02,6.720044e-02
7.48500,0.600000,0.500000,0.000000e+00,0.000000e+00,1.000000e+00,1.255740e-01,0.000000e+00,0.000000e+00,1.827515e-02,6.720047e-02
7.48750,0.600000,0.500000,0.000000e+00,0.000000e+00,1.000000e+00,1.255740e-01,0.000000e+00,0.000000e+00,1.827516e-02,6.720049e-02
7.49000,0.600000,0.500000,0.000000e+00,0.000000e+00,1.000000e+00,1.255740e-01,0.000000e+00,0.000000e+00,1.827516e-02,6.720052e-02
7.49250,0.600000,0.500000,0.000000e+00,0.000000e+00,1.000000e+00,1.255740e-01,0.000000e+00,0.000000e+00,1.827516e-02,6.720054e-02
7.49500,0.600000,0.500000,0.000000e+00,0.000000e+00,1.000000e+00,1.255740e-01,0.000000e+00,0.000000e+00,1.827516e-02,6.720057e-02
7.49750,0.600000,0.500000,0.000000e+00,0.000000e+00,1.000000e+00,1.255740e-01,0.000000e+00,0.000000e+00,1.827516e-02,6.720060e-02
7.50000,0.600000,0.500000,0.000000e+00,0.000000e+00,1.000000e+00,1.255740e-01,0.000000e+00,0.000000e+00,1.827517e-02,6.720062e-02
7.50250,0.600000,0.500000,0.000000e+00,0.000000e+00,1.000000e+00,1.255740e-01,0.000000e+00,0.000000e+00,1.827517e-02,6.720065e-02
7.50500,0.600000,0.500000,0.000000e+00,0.000000e+00,1.000000e+00,1.255740e-01,0.000000e+00,0.000000e+00,1.827517e-02,6.720067e-02
7.50750,0.600000,0.500000,0.000000e+00,0.000000e+00,1.000000e+00,1.255740e-01,0.000000e+00,0.000000e+00,1.827517e-02,6.720070e-02
7.51000,0.600000,0.500000,0.000000e+00,0.000000e+00,1.000000e+00,1.255740e-01,0.000000e+00,0.000000e+00,1.827518e-02,6.720072e-02
7.51250,0.600000,0.500000,0.000000e+00,0.000000e+00,1.000000e+00,1.255740e-01,0.000000e+00,0.000000e+00,1.827518e-02,6.720075e-02
7.51500,0.600000,0.500000,0.000000e+00,0.000000e+00,1.000000e+00,1.255740e-01,0.000000e+00,0.000000e+00,1.827518e-02,6.720077e-02
7.51750,0.600000,0.500000,0.000000e+00,0.000000e+00,1.000000e+00,1.255740e-01,0.000000e+00,0.000000e+00,1.827518e-02,6.720080e-02
7.52000,0.600000,0.500000,0.000000e+00,0.000000e+00,1.000000e+00,1.255740e-01,0.000000e+00,0.000000e+00,1.827519e-02,6.720082e-02
7.52250,0.600000,0.500000,0.000000e+00,0.000000e+00,1.000000e+00,1.255740e-01,0.000000e+00,0.000000e+00,1.827519e-02,6.720085e-02
7.52500,0.600000,0.500000,0.000000e+00,0.000000e+00,1.000000e+00,1.255740e-01,0.000000e+00,0.000000e+00,1.827519e-02,6.720087e-02
7.52750,0.600000,0.500000,0.000000e+00,0.000000e+00,1.000000e+00,1.255740e-01,0.000000e+00,0.000000e+00,1.827519e-02,6.720090e-02
7.53000,0.600000,0.500000,0.000000e+00,0.000000e+00,1.000000e+00,1.255740e-01,0.000000e+00,0.000000e+00,1.827519e-02,6.720092e-02
7.53250,0.600000,0.500000,0.000000e+00,0.000000e+00,1.000000e+00,1.255740e-01,0.000000e+00,0.000000e+00,1.827520e-02,6.720095e-02
7.53500,0.600000,0.500000,0.000000e+00,0.000000e+00,1.000000e+00,1.255740e-01,0.000000e+00,0.000000e+00,1.827520e-02,6.720097e-02
7.53750,0.600000,0.500000,0.000000e+00,0.000000e+00,1.000000e+00,1.255740e-01,0.000000e+00,0.000000e+00,1.827520e-02,6.720099e-02
7.54000,0.600000,0.500000,0.000000e+00,0.000000e+00,1.000000e+00,1.255740e-01,0.000000e+00,0.000000e+00,1.827520e-02,6.720102e-02
7.54250,0.600000,0.500000,0.000000e+00,0.000000e+00,1.000000e+00,1.255740e-01,0.000000e+00,0.000000e+00,1.827521e-02,6.720104e-02
7.54500,0.600000,0.500000,0.000000e+00,0.000000e+00,1.000000e+00,1.255740e-01,0.000000e+00,0.000000e+00,1.827521e-02,6.720107e-02
7.54750,0.600000,0.500000,0.000000e+00,0.000000e+00,1.000000e+00,1.255740e-01,0.000000e+00,0.000000e+00,1.827521e-02,6.720109e-02
7.55000,0.600000,0.500000,0.000000e+00,0.000000e+00,1.000000e+00,1.255740e-01,0.000000e+00,0.000000e+00,1.827521e-02,6.720112e-02
7.55250,0.600000,0.500000,0.000000e+00,0.000000e+00,1.000000e+00,1.255740e-01,0.000000e+00,0.000000e+00,1.827521e-02,6.720114e-02
7.55500,0.600000,0.500000,0.000000e+00,0.000000e+00,1.000000e+00,1.255740e-01,0.000000e+00,0.000000e+00,1.827522e-02,6.720116e-02
7.55750,0.600000,0.500000,0.000000e+00,0.000000e+00,1.000000e+00,1.255740e-01,0.000000e+00,0.000000e+00,1.827522e-02,6.720119e-02
7.56000,0.600000,0.500000,0.000000e+00,0.000000e+00,1.000000e+00,1.255740e-01,0.000000e+00,0.000000e+00,1.827522e-02,6.720121e-02
7.56250,0.600000,0.500000,0.000000e+00,0.000000e+00,1.000000e+00,1.255740e-01,0.000000e+00,0.000000e+00,1.827522e-02,6.720124e-02
7.56500,0.600000,0.500000,0.000000e+00,0.000000e+00,1.000000e+00,1.255740e-01,0.000000e+00,0.000000e+00,1.827523e-02,6.720126e-02
7.56750,0.600000,0.500000,0.000000e+00,0.000000e+00,1.000000e+00,1.255740e-01,0.000000e+00,0.000000e+00,1.827523e-02,6.720128e-02
7.57000,0.600000,0.500000,0.000000e+00,0.000000e+00,1.000000e+00,1.255740e-01,0.000000e+00,0.000000e+00,1.827523e-02,6.720131e-02
7.57250,0.600000,0.500000,0.000000e+00,0.000000e+00,1.000000e+00,1.255740e-01,0.000000e+00,0.000000e+00,1.827523e-02,6.720133e-02
7.57500,0.600000,0.500000,0.000000e+00,0.000000e+00,1.000000e+00,1.255740e-01,0.000000e+00,0.000000e+00,1.827523e-02,6.720135e-02
7.57750,0.600000,0.500000,0.000000e+00,0.000000e+00,1.000000e+00,1.255740e-01,0.000000e+00,0.000000e+00,1.827524e-02,6.720138e-02
7.58000,0.600000,0.500000,0.000000e+00,0.000000e+00,1.000000e+00,1.255740e-01,0.000000e+00,0.000000e+00,1.827524e-02,6.720140e-02
7.58250,0.600000,0.500000,0.000000e+00,0.000000e+00,1.000000e+00,1.255740e-01,0.000000e+00,0.000000e+00,1.827524e-02,6.720142e-02
7.58500,0.600000,0.500000,0.000000e+00,0.000000e+00,1.000000e+00,1.255740e-01,0.000000e+00,0.000000e+00,1.827524e-02,6.720145e-02
7.58750,0.600000,0.500000,0.000000e+00,0.000000e+00,1.000000e+00,1.255740e-01,0.000000e+00,0.000000e+00,1.827525e-02,6.720147e-02
7.59000,0.600000,0.500000,0.000000e+00,0.000000e+00,1.000000e+00,1.255740e-01,0.000000e+00,0.000000e+00,1.827525e-02,6.720149e-02
7.59250,0.600000,0.500000,0.000000e+00,0.000000e+00,1.000000e+00,1.255740e-01,0.000000e+00,0.000000e+00,1.827525e-02,6.720152e-02
7.59500,0.600000,0.500000,0.000000e+00,0.000000e+00,1.000000e+00,1.255740e-01,0.000000e+00,0.000000e+00,1.827525e-02,6.720154e-02
7.59750,0.600000,0.500000,0.000000e+00,0.000000e+00,1.000000e+00,1.255740e-01,0.000000e+00,0.000000e+00,1.827525e-02,6.720156e-02
7.60000,0.600000,0.500000,0.000000e+00,0.000000e+00,1.000000e+00,1.255740e-01,0.000000e+00,0.000000e+00,1.827526e-02,6.720158e-02
7.60250,0.600000,0.500000,0.000000e+00,0.000000e+00,1.000000e+00,1.255740e-01,0.000000e+00,0.000000e+00,1.827526e-02,6.720161e-02
7.60500,0.600000,0.500000,0.000000e+00,0.000000e+00,1.000000e+00,1.255740e-01,0.000000e+00,0.000000e+00,1.827526e-02,6.720163e-02
7.60750,0.600000,0.500000,0.000000e+00,0.000000e+00,1.000000e+00,1.255740e-01,0.000000e+00,0.000000e+00,1.827526e-02,6.720165e-02
7.61000,0.600000,0.500000,0.000000e+00,0.000000e+00,1.000000e+00,1.255740e-01,0.000000e+00,0.000000e+00,1.827526e-02,6.720168e-02
7.61250,0.600000,0.500000,0.000000e+00,0.000000e+00,1.000000e+00,1.255740e-01,0.000000e+00,0.000000e+00,1.827527e-02,6.720170e-02
7.61500,0.600000,0.500000,0.000000e+00,0.000000e+00,1.000000e+00,1.255740e-01,0.000000e+00,0.000000e+00,1.827527e-02,6.720172e-02
7.61750,0.600000,0.500000,0.000000e+00,0.000000e+00,1.000000e+00,1.255740e-01,0.000000e+00,0.000000e+00,1.827527e-02,6.720174e-02
7.62000,0.600000,0.500000,0.000000e+00,0.000000e+00,1.000000e+00,1.255740e-01,0.000000e+00,0.000000e+00,1.827527e-02,6.720177e-02
7.62250,0.600000,0.500000,0.000000e+00,0.000000e+00,1.000000e+00,1.255740e-01,0.000000e+00,0.000000e+00,1.827527e-02,6.720179e-02
7.62500,0.600000,0.500000,0.000000e+00,0.000000e+00,1.000000e+00,1.255740e-01,0.000000e+00,0.000000e+00,1.827528e-02,6.720181e-02
7.62750,0.600000,0.500000,0.000000e+00,0.000000e+00,1.000000e+00,1.255740e-01,0.000000e+00,0.000000e+00,1.827528e-02,6.720183e-02
7.63000,0.600000,0.500000,0.000000e+00,0.000000e+00,1.000000e+00,1.255740e-01,0.000000e+00,0.000000e+00,1.827528e-02,6.720185e-02
7.63250,0.600000,0.500000,0.000000e+00,0.000000e+00,1.000000e+00,1.255740e-01,0.000000e+00,0.000000e+00,1.827528e-02,6.720188e-02
7.63500,0.600000,0.500000,0.000000e+00,0.000000e+00,1.000000e+00,1.255740e-01,0.000000e+00,0.000000e+00,1.827528e-02,6.720190e-02
7.63750,0.600000,0.500000,0.000000e+00,0.000000e+00,1.000000e+00,1.255740e-01,0.000000e+00,0.000000e+00,1.827529e-02,6.720192e-02
7.64000,0.600000,0.500000,0.000000e+00,0.000000e+00,1.000000e+00,1.255740e-01,0.000000e+00,0.000000e+00,1.827529e-02,6.720194e-02
7.64250,0.600000,0.500000,0.000000e+00,0.000000e+00,1.000000e+00,1.255740e-01,0.000000e+00,0.000000e+00,1.827529e-02,6.720196e-02
7.64500,0.600000,0.500000,0.000000e+00,0.000000e+00,1.000000e+00,1.255740e-01,0.000000e+00,0.000000e+00,1.827529e-02,6.720199e-02
7.64750,0.600000,0.500000,0.000000e+00,0.000000e+00,1.000000e+00,1.255740e-01,0.000000e+00,0.000000e+00,1.827529e-02,6.720201e-02
7.65000,0.600000,0.500000,0.000000e+00,0.000000e+00,1.000000e+00,1.255740e-01,0.000000e+00,0.000000e+00,1.827530e-02,6.720203e-02
7.65250,0.600000,0.500000,0.000000e+00,0.000000e+00,1.000000e+00,1.255740e-01,0.000000e+00,0.000000e+00,1.827530e-02,6.720205e-02
7.65500,0.600000,0.500000,0.000000e+00,0.000000e+00,1.000000e+00,1.255740e-01,0.000000e+00,0.000000e+00,1.827530e-02,6.720207e-02
7.65750,0.600000,0.500000,0.000000e+00,0.000000e+00,1.000000e+00,1.255740e-01,0.000000e+00,0.000000e+00,1.827530e-02,6.720209e-02
7.66000,0.600000,0.500000,0.000000e+00,0.000000e+00,1.000000e+00,1.255740e-01,0.000000e+00,0.000000e+00,1.827530e-02,6.720212e-02
7.66250,0.600000,0.500000,0.000000e+00,0.000000e+00,1.000000e+00,1.255740e-01,0.000000e+00,0.000000e+00,1.827531e-02,6.720214e-02
7.66500,0.600000,0.500000,0.000000e+00,0.000000e+00,1.000000e+00,1.255740e-01,0.000000e+00,0.000000e+00,1.827531e-02,6.720216e-02
7.66750,0.600000,0.500000,0.000000e+00,0.000000e+00,1.000000e+00,1.255740e-01,0.000000e+00,0.000000e+00,1.827531e-02,6.720218e-02
7.67000,0.600000,0.500000,0.000000e+00,0.000000e+00,1.000000e+00,1.255740e-01,0.000000e+00,0.000000e+00,1.827531e-02,6.720220e-02
7.67250,0.600000,0.500000,0.000000e+00,0.000000e+00,1.000000e+00,1.255740e-01,0.000000e+00,0.000000e+00,1.827531e-02,6.720222e-02
7.67500,0.600000,0.500000,0.000000e+00,0.000000e+00,1.000000e+00,1.255740e-01,0.000000e+00,0.000000e+00,1.827532e-02,6.720224e-02
7.67750,0.600000,0.500000,0.000000e+00,0.000000e+00,1.000000e+00,1.255740e-01,0.000000e+00,0.000000e+00,1.827532e-02,6.720226e-02
7.68000,0.600000,0.500000,0.000000e+00,0.000000e+00,1.000000e+00,1.255740e-01,0.000000e+00,0.000000e+00,1.827532e-02,6.720228e-02
7.68250,0.600000,0.500000,0.000000e+00,0.000000e+00,1.000000e+00,1.255740e-01,0.000000e+00,0.000000e+00,1.827532e-02,6.720231e-02
7.68500,0.600000,0.500000,0.000000e+00,0.000000e+00,1.000000e+00,1.255740e-01,0.000000e+00,0.000000e+00,1.827532e-02,6.720233e-02
7.68750,0.600000,0.500000,0.000000e+00,0.000000e+00,1.000000e+00,1.255740e-01,0.000000e+00,0.000000e+00,1.827533e-02,6.720235e-02
7.69000,0.600000,0.500000,0.000000e+00,0.000000e+00,1.000000e+00,1.255740e-01,0.000000e+00,0.000000e+00,1.827533e-02,6.720237e-02
7.69250,0.600000,0.500000,0.000000e+00,0.000000e+00,1.000000e+00,1.255740e-01,0.000000e+00,0.000000e+00,1.827533e-02,6.720239e-02
7.69500,0.600000,0.500000,0.000000e+00,0.000000e+00,1.000000e+00,1.255740e-01,0.000000e+00,0.000000e+00,1.827533e-02,6.720241e-02
7.69750,0.600000,0.500000,0.000000e+00,0.000000e+00,1.000000e+00,1.255740e-01,0.000000e+00,0.000000e+00,1.827533e-02,6.720243e-02
7.70000,0.600000,0.500000,0.000000e+00,0.000000e+00,1.000000e+00,1.255740e-01,0.000000e+00,0.000000e+00,1.827534e-02,6.720245e-02
7.70250,0.600000,0.500000,0.000000e+00,0.000000e+00,1.000000e+00,1.255740e-01,0.000000e+00,0.000000e+00,1.827534e-02,6.720247e-02
7.70500,0.600000,0.500000,0.000000e+00,0.000000e+00,1.000000e+00,1.255740e-01,0.000000e+00,0.000000e+00,1.827534e-02,6.720249e-02
7.70750,0.600000,0.500000,0.000000e+00,0.000000e+00,1.000000e+00,1.255740e-01,0.000000e+00,0.000000e+00,1.827534e-02,6.720251e-02
7.71000,0.600000,0.500000,0.000000e+00,0.000000e+00,1.000000e+00,1.255740e-01,0.000000e+00,0.000000e+00,1.827534e-02,6.720253e-02
7.71250,0.600000,0.500000,0.000000e+00,0.000000e+00,1.000000e+00,1.255740e-01,0.000000e+00,0.000000e+00,1.827534e-02,6.720255e-02
7.71500,0.600000,0.500000,0.000000e+00,0.000000e+00,1.000000e+00,1.255740e-01,0.000000e+00,0.000000e+00,1.827535e-02,6.720257e-02
7.71750,0.600000,0.500000,0.000000e+00,0.000000e+00,1.000000e+00,1.255740e-01,0.000000e+00,0.000000e+00,1.827535e-02,6.720259e-02
7.72000,0.600000,0.500000,0.000000e+00,0.000000e+00,1.000000e+00,1.255740e-01,0.000000e+00,0.000000e+00,1.827535e-02,6.720261e-02
7.72250,0.600000,0.500000,0.000000e+00,0.000000e+00,1.000000e+00,1.255740e-01,0.000000e+00,0.000000e+00,1.827535e-02,6.720263e-02
7.72500,0.600000,0.500000,0.000000e+00,0.000000e+00,1.000000e+00,1.255740e-01,0.000000e+00,0.000000e+00,1.827535e-02,6.720265e-02
7.72750,0.600000,0.500000,0.000000e+00,0.000000e+00,1.000000e+00,1.255740e-01,0.000000e+00,0.000000e+00,1.827536e-02,6.720267e-02
7.73000,0.600000,0.500000,0.000000e+00,0.000000e+00,1.000000e+00,1.255740e-01,0.000000e+00,0.000000e+00,1.827536e-02,6.720269e-02
7.73250,0.600000,0.500000,0.000000e+00,0.000000e+00,1.000000e+00,1.255740e-01,0.000000e+00,0.000000e+00,1.827536e-02,6.720271e-02
7.73500,0.600000,0.500000,0.000000e+00,0.000000e+00,1.000000e+00,1.255740e-01,0.000000e+00,0.000000e+00,1.827536e-02,6.720273e-02
7.73750,0.600000,0.500000,0.000000e+00,0.000000e+00,1.000000e+00,1.255740e-01,0.000000e+00,0.000000e+00,1.827536e-02,6.720275e-02
7.74000,0.600000,0.500000,0.000000e+00,0.000000e+00,1.000000e+00,1.255740e-01,0.000000e+00,0.000000e+00,1.827536e-02,6.720277e-02
7.74250,0.600000,0.500000,0.000000e+00,0.000000e+00,1.000000e+00,1.255740e-01,0.000000e+00,0.000000e+00,1.827537e-02,6.720279e-02
7.74500,0.600000,0.500000,0.000000e+00,0.000000e+00,1.000000e+00,1.255740e-01,0.000000e+00,0.000000e+00,1.827537e-02,6.720281e-02
7.74750,0.600000,0.500000,0.000000e+00,0.000000e+00,1.000000e+00,1.255740e-01,0.000000e+00,0.000000e+00,1.827537e-02,6.720283e-02
7.75000,0.600000,0.500000,0.000000e+00,0.000000e+00,1.000000e+00,1.255740e-01,0.000000e+00,0.000000e+00,1.827537e-02,6.720285e-02
7.75250,0.600000,0.500000,0.000000e+00,0.000000e+00,1.000000e+00,1.255740e-01,0.000000e+00,0.000000e+00,1.827537e-02,6.720287e-02
7.75500,0.600000,0.500000,0.000000e+00,0.000000e+00,1.000000e+00,1.255740e-01,0.000000e+00,0.000000e+00,1.827538e-02,6.720289e-02
7.75750,0.600000,0.500000,0.000000e+00,0.000000e+00,1.000000e+00,1.255740e-01,0.000000e+00,0.000000e+00,1.827538e-02,6.720291e-02
7.76000,0.600000,0.500000,0.000000e+00,0.000000e+00,1.000000e+00,1.255740e-01,0.000000e+00,0.000000e+00,1.827538e-02,6.720293e-02
7.76250,0.600000,0.500000,0.000000e+00,0.000000e+00,1.000000e+00,1.255740e-01,0.000000e+00,0.000000e+00,1.827538e-02,6.720295e-02
7.76500,0.600000,0.500000,0.000000e+00,0.000000e+00,1.000000e+00,1.255740e-01,0.000000e+00,0.000000e+00,1.827538e-02,6.720297e-02
7.76750,0.600000,0.500000,0.000000e+00,0.000000e+00,1.000000e+00,1.255740e-01,0.000000e+00,0.000000e+00,1.827538e-02,6.720299e-02
7.77000,0.600000,0.500000,0.000000e+00,0.000000e+00,1.000000e+00,1.255740e-01,0.000000e+00,0.000000e+00,1.827539e-02,6.720300e-02
7.77250,0.600000,0.500000,0.000000e+00,0.000000e+00,1.000000e+00,1.255740e-01,0.000000e+00,0.000000e+00,1.827539e-02,6.720302e-02
7.77500,0.600000,0.500000,0.000000e+00,0.000000e+00,1.000000e+00,1.255740e-01,0.000000e+00,0.000000e+00,1.827539e-02,6.720304e-02
7.77750,0.600000,0.500000,0.000000e+00,0.000000e+00,1.000000e+00,1.255740e-01,0.000000e+00,0.000000e+00,1.827539e-02,6.720306e-02
7.78000,0.600000,0.500000,0.000000e+00,0.000000e+00,1.000000e+00,1.255740e-01,0.000000e+00,0.000000e+00,1.827539e-02,6.720308e-02
7.78250,0.600000,0.500000,0.000000e+00,0.000000e+00,1.000000e+00,1.255740e-01,0.000000e+00,0.000000e+00,1.827539e-02,6.720310e-02
7.78500,0.600000,0.500000,0.000000e+00,0.000000e+00,1.000000e+00,1.255740e-01,0.000000e+00,0.000000e+00,1.827540e-02,6.720312e-02
7.78750,0.600000,0.500000,0.000000e+00,0.000000e+00,1.000000e+00,1.255740e-01,0.000000e+00,0.000000e+00,1.827540e-02,6.720314e-02
7.79000,0.600000,0.500000,0.000000e+00,0.000000e+00,1.000000e+00,1.255740e-01,0.000000e+00,0.000000e+00,1.827540e-02,6.720315e-02
7.79250,0.600000,0.500000,0.000000e+00,0.000000e+00,1.000000e+00,1.255740e-01,0.000000e+00,0.000000e+00,1.827540e-02,6.720317e-02
7.79500,0.600000,0.500000,0.000000e+00,0.000000e+00,1.000000e+00,1.255740e-01,0.000000e+00,0.000000e+00,1.827540e-02,6.720319e-02
7.79750,0.600000,0.500000,0.000000e+00,0.000000e+00,1.000000e+00,1.255740e-01,0.000000e+00,0.000000e+00,1.827540e-02,6.720321e-02
7.80000,0.600000,0.500000,0.000000e+00,0.000000e+00,1.000000e+00,1.255740e-01,0.000000e+00,0.000000e+00,1.827541e-02,6.720323e-02
7.80250,0.600000,0.500000,0.000000e+00,0.000000e+00,1.000000e+00,1.255740e-01,0.000000e+00,0.000000e+00,1.827541e-02,6.720325e-02
7.80500,0.600000,0.500000,0.000000e+00,0.000000e+00,1.000000e+00,1.255740e-01,0.000000e+00,0.000000e+00,1.827541e-02,6.720327e-02
7.80750,0.600000,0.500000,0.000000e+00,0.000000e+00,1.000000e+00,1.255740e-01,0.000000e+00,0.000000e+00,1.827541e-02,6.720328e-02
7.81000,0.600000,0.500000,0.000000e+00,0.000000e+00,1.000000e+00,1.255740e-01,0.000000e+00,0.000000e+00,1.827541e-02,6.720330e-02
7.81250,0.600000,0.500000,0.000000e+00,0.000000e+00,1.000000e+00,1.255740e-01,0.000000e+00,0.000000e+00,1.827542e-02,6.720332e-02
7.81500,0.600000,0.500000,0.000000e+00,0.000000e+00,1.000000e+00,1.255740e-01,0.000000e+00,0.000000e+00,1.827542e-02,6.720334e-02
7.81750,0.600000,0.500000,0.000000e+00,0.000000e+00,1.000000e+00,1.255740e-01,0.000000e+00,0.000000e+00,1.827542e-02,6.720336e-02
7.82000,0.600000,0.500000,0.000000e+00,0.000000e+00,1.000000e+00,1.255740e-01,0.000000e+00,0.000000e+00,1.827542e-02,6.720337e-02
7.82250,0.600000,0.500000,0.000000e+00,0.000000e+00,1.000000e+00,1.255740e-01,0.000000e+00,0.000000e+00,1.827542e-02,6.720339e-02
7.82500,0.600000,0.500000,0.000000e+00,0.000000e+00,1.000000e+00,1.255740e-01,0.000000e+00,0.000000e+00,1.827542e-02,6.720341e-02
7.82750,0.600000,0.500000,0.000000e+00,0.000000e+00,1.000000e+00,1.255740e-01,0.000000e+00,0.000000e+00,1.827543e-02,6.720343e-02
7.83000,0.600000,0.500000,0.000000e+00,0.000000e+00,1.000000e+00,1.255740e-01,0.000000e+00,0.000000e+00,1.827543e-02,6.720345e-02
7.83250,0.600000,0.500000,0.000000e+00,0.000000e+00,1.000000e+00,1.255740e-01,0.000000e+00,0.000000e+00,1.827543e-02,6.720346e-02
7.83500,0.600000,0.500000,0.000000e+00,0.000000e+00,1.000000e+00,1.255740e-01,0.000000e+00,0.000000e+00,1.827543e-02,6.720348e-02
7.83750,0.600000,0.500000,0.000000e+00,0.000000e+00,1.000000e+00,1.255740e-01,0.000000e+00,0.000000e+00,1.827543e-02,6.720350e-02
7.84000,0.600000,0.500000,0.000000e+00,0.000000e+00,1.000000e+00,1.255740e-01,0.000000e+00,0.000000e+00,1.827543e-02,6.720352e-02
7.84250,0.600000,0.500000,0.000000e+00,0.000000e+00,1.000000e+00,1.255740e-01,0.000000e+00,0.000000e+00,1.827543e-02,6.720354e-02
7.84500,0.600000,0.500000,0.000000e+00,0.000000e+00,1.000000e+00,1.255740e-01,0.000000e+00,0.000000e+00,1.827544e-02,6.720355e-02
7.84750,0.600000,0.500000,0.000000e+00,0.000000e+00,1.000000e+00,1.255740e-01,0.000000e+00,0.000000e+00,1.827544e-02,6.720357e-02
7.85000,0.600000,0.500000,0.000000e+00,0.000000e+00,1.000000e+00,1.255740e-01,0.000000e+00,0.000000e+00,1.827544e-02,6.720359e-02
7.85250,0.600000,0.500000,0.000000e+00,0.000000e+00,1.000000e+00,1.255740e-01,0.000000e+00,0.000000e+00,1.827544e-02,6.720361e-02
7.85500,0.600000,0.500000,0.000000e+00,0.000000e+00,1.000000e+00,1.255740e-01,0.000000e+00,0.000000e+00,1.827544e-02,6.720362e-02
7.85750,0.600000,0.500000,0.000000e+00,0.000000e+00,1.000000e+00,1.255740e-01,0.000000e+00,0.000000e+00,1.827544e-02,6.720364e-02
7.86000,0.600000,0.500000,0.000000e+00,0.000000e+00,1.000000e+00,1.255740e-01,0.000000e+00,0.000000e+00,1.827545e-02,6.720366e-02
7.86250,0.600000,0.500000,0.000000e+00,0.000000e+00,1.000000e+00,1.255740e-01,0.000000e+00,0.000000e+00,1.827545e-02,6.720367e-02
7.86500,0.600000,0.500000,0.000000e+00,0.000000e+00,1.000000e+00,1.255740e-01,0.000000e+00,0.000000e+00,1.827545e-02,6.720369e-02
7.86750,0.600000,0.500000,0.000000e+00,0.000000e+00,1.000000e+00,1.255740e-01,0.000000e+00,0.000000e+00,1.827545e-02,6.720371e-02
7.87000,0.600000,0.500000,0.000000e+00,0.000000e+00,1.000000e+00,1.255740e-01,0.000000e+00,0.000000e+00,1.827545e-02,6.720373e-02
7.87250,0.600000,0.500000,0.000000e+00,0.000000e+00,1.000000e+00,1.255740e-01,0.000000e+00,0.000000e+00,1.827545e-02,6.720374e-02
7.87500,0.600000,0.500000,0.000000e+00,0.000000e+00,1.000000e+00,1.255740e-01,0.000000e+00,0.000000e+00,1.827546e-02,6.720376e-02
7.87750,0.600000,0.500000,0.000000e+00,0.000000e+00,1.000000e+00,1.255740e-01,0.000000e+00,0.000000e+00,1.827546e-02,6.720378e-02
7.88000,0.600000,0.500000,0.000000e+00,0.000000e+00,1.000000e+00,1.255740e-01,0.000000e+00,0.000000e+00,1.827546e-02,6.720379e-02
7.88250,0.600000,0.500000,0.000000e+00,0.000000e+00,1.000000e+00,1.255740e-01,0.000000e+00,0.000000e+00,1.827546e-02,6.720381e-02
7.88500,0.600000,0.500000,0.000000e+00,0.000000e+00,1.000000e+00,1.255740e-01,0.000000e+00,0.000000e+00,1.827546e-02,6.720383e-02
7.88750,0.600000,0.500000,0.000000e+00,0.000000e+00,1.000000e+00,1.255740e-01,0.000000e+00,0.000000e+00,1.827546e-02,6.720384e-02
7.89000,0.600000,0.500000,0.000000e+00,0.000000e+00,1.000000e+00,1.255740e-01,0.000000e+00,0.000000e+00,1.827546e-02,6.720386e-02
7.89250,0.600000,0.500000,0.000000e+00,0.000000e+00,1.000000e+00,1.255740e-01,0.000000e+00,0.000000e+00,1.827547e-02,6.720388e-02
7.89500,0.600000,0.500000,0.000000e+00,0.000000e+00,1.000000e+00,1.255740e-01,0.000000e+00,0.000000e+00,1.827547e-02,6.720389e-02
7.89750,0.600000,0.500000,0.000000e+00,0.000000e+00,1.000000e+00,1.255740e-01,0.000000e+00,0.000000e+00,1.827547e-02,6.720391e-02
7.90000,0.600000,0.500000,0.000000e+00,0.000000e+00,1.000000e+00,1.255740e-01,0.000000e+00,0.000000e+00,1.827547e-02,6.720393e-02
7.90250,0.600000,0.500000,0.000000e+00,0.000000e+00,1.000000e+00,1.255740e-01,0.000000e+00,0.000000e+00,1.827547e-02,6.720394e-02
7.90500,0.600000,0.500000,0.000000e+00,0.000000e+00,1.000000e+00,1.255740e-01,0.000000e+00,0.000000e+00,1.827547e-02,6.720396e-02
7.90750,0.600000,0.500000,0.000000e+00,0.000000e+00,1.000000e+00,1.255740e-01,0.000000e+00,0.000000e+00,1.827548e-02,6.720398e-02
7.91000,0.600000,0.500000,0.000000e+00,0.000000e+00,1.000000e+00,1.255740e-01,0.000000e+00,0.000000e+00,1.827548e-02,6.720399e-02
7.91250,0.600000,0.500000,0.000000e+00,0.000000e+00,1.000000e+00,1.255740e-01,0.000000e+00,0.000000e+00,1.827548e-02,6.720401e-02
7.91500,0.600000,0.500000,0.000000e+00,0.000000e+00,1.000000e+00,1.255740e-01,0.000000e+00,0.000000e+00,1.827548e-02,6.720403e-02
7.91750,0.600000,0.500000,0.000000e+00,0.000000e+00,1.000000e+00,1.255740e-01,0.000000e+00,0.000000e+00,1.827548e-02,6.720404e-02
7.92000,0.600000,0.500000,0.000000e+00,0.000000e+00,1.000000e+00,1.255740e-01,0.000000e+00,0.000000e+00,1.827548e-02,6.720406e-02
7.92250,0.600000,0.500000,0.000000e+00,0.000000e+00,1.000000e+00,1.255740e-01,0.000000e+00,0.000000e+00,1.827548e-02,6.720408e-02
7.92500,0.600000,0.500000,0.000000e+00,0.000000e+00,1.000000e+00,1.255740e-01,0.000000e+00,0.000000e+00,1.827549e-02,6.720409e-02
7.92750,0.600000,0.500000,0.000000e+00,0.000000e+00,1.000000e+00,1.255740e-01,0.000000e+00,0.000000e+00,1.827549e-02,6.720411e-02
7.93000,0.600000,0.500000,0.000000e+00,0.000000e+00,1.000000e+00,1.255740e-01,0.000000e+00,0.000000e+00,1.827549e-02,6.720412e-02
7.93250,0.600000,0.500000,0.000000e+00,0.000000e+00,1.000000e+00,1.255740e-01,0.000000e+00,0.000000e+00,1.827549e-02,6.720414e-02
7.93500,0.600000,0.500000,0.000000e+00,0.000000e+00,1.000000e+00,1.255740e-01,0.000000e+00,0.000000e+00,1.827549e-02,6.720416e-02
7.93750,0.600000,0.500000,0.000000e+00,0.000000e+00,1.000000e+00,1.255740e-01,0.000000e+00,0.000000e+00,1.827549e-02,6.720417e-02
7.94000,0.600000,0.500000,0.000000e+00,0.000000e+00,1.000000e+00,1.255740e-01,0.000000e+00,0.000000e+00,1.827549e-02,6.720419e-02
7.94250,0.600000,0.500000,0.000000e+00,0.000000e+00,1.000000e+00,1.255740e-01,0.000000e+00,0.000000e+00,1.827550e-02,6.720420e-02
7.94500,0.600000,0.500000,0.000000e+00,0.000000e+00,1.000000e+00,1.255740e-01,0.000000e+00,0.000000e+00,1.827550e-02,6.720422e-02
7.94750,0.600000,0.500000,0.000000e+00,0.000000e+00,1.000000e+00,1.255740e-01,0.000000e+00,0.000000e+00,1.827550e-02,6.720423e-02
7.95000,0.600000,0.500000,0.000000e+00,0.000000e+00,1.000000e+00,1.255740e-01,0.000000e+00,0.000000e+00,1.827550e-02,6.720425e-02
7.95250,0.600000,0.500000,0.000000e+00,0.000000e+00,1.000000e+00,1.255740e-01,0.000000e+00,0.000000e+00,1.827550e-02,6.720427e-02
7.95500,0.600000,0.500000,0.000000e+00,0.000000e+00,1.000000e+00,1.255740e-01,0.000000e+00,0.000000e+00,1.827550e-02,6.720428e-02
7.95750,0.600000,0.500000,0.000000e+00,0.000000e+00,1.000000e+00,1.255740e-01,0.000000e+00,0.000000e+00,1.827550e-02,6.720430e-02
7.96000,0.600000,0.500000,0.000000e+00,0.000000e+00,1.000000e+00,1.255740e-01,0.000000e+00,0.000000e+00,1.827551e-02,6.720431e-02
7.96250,0.600000,0.500000,0.000000e+00,0.000000e+00,1.000000e+00,1.255740e-01,0.000000e+00,0.000000e+00,1.827551e-02,6.720433e-02
7.96500,0.600000,0.500000,0.000000e+00,0.000000e+00,1.000000e+00,1.255740e-01,0.000000e+00,0.000000e+00,1.827551e-02,6.720434e-02
7.96750,0.600000,0.500000,0.000000e+00,0.000000e+00,1.000000e+00,1.255740e-01,0.000000e+00,0.000000e+00,1.827551e-02,6.720436e-02
7.97000,0.600000,0.500000,0.000000e+00,0.000000e+00,1.000000e+00,1.255740e-01,0.000000e+00,0.000000e+00,1.827551e-02,6.720437e-02
7.97250,0.600000,0.500000,0.000000e+00,0.000000e+00,1.000000e+00,1.255740e-01,0.000000e+00,0.000000e+00,1.827551e-02,6.720439e-02
7.97500,0.600000,0.500000,0.000000e+00,0.000000e+00,1.000000e+00,1.255740e-01,0.000000e+00,0.000000e+00,1.827551e-02,6.720441e-02
7.97750,0.600000,0.500000,0.000000e+00,0.000000e+00,1.000000e+00,1.255740e-01,0.000000e+00,0.000000e+00,1.827552e-02,6.720442e-02
7.98000,0.600000,0.500000,0.000000e+00,0.000000e+00,1.000000e+00,1.255740e-01,0.000000e+00,0.000000e+00,1.827552e-02,6.720444e-02
7.98250,0.600000,0.500000,0.000000e+00,0.000000e+00,1.000000e+00,1.255740e-01,0.000000e+00,0.000000e+00,1.827552e-02,6.720445e-02
7.98500,0.600000,0.500000,0.000000e+00,0.000000e+00,1.000000e+00,1.255740e-01,0.000000e+00,0.000000e+00,1.827552e-02,6.720447e-02
7.98750,0.600000,0.500000,0.000000e+00,0.000000e+00,1.000000e+00,1.255740e-01,0.000000e+00,0.000000e+00,1.827552e-02,6.720448e-02
7.99000,0.600000,0.500000,0.000000e+00,0.000000e+00,1.000000e+00,1.255740e-01,0.000000e+00,0.000000e+00,1.827552e-02,6.720450e-02
7.99250,0.600000,0.500000,0.000000e+00,0.000000e+00,1.000000e+00,1.255740e-01,0.000000e+00,0.000000e+00,1.827552e-02,6.720451e-02
7.99500,0.600000,0.500000,0.000000e+00,0.000000e+00,1.000000e+00,1.255740e-01,0.000000e+00,0.000000e+00,1.827553e-02,6.720453e-02
7.99750,0.600000,0.500000,0.000000e+00,0.000000e+00,1.000000e+00,1.255740e-01,0.000000e+00,0.000000e+00,1.827553e-02,6.720454e-02
8.00000,0.600000,0.500000,0.000000e+00,0.000000e+00,1.000000e+00,1.255740e-01,0.000000e+00,0.000000e+00,1.827553e-02,6.720456e-02
8.00250,0.600000,0.500000,0.000000e+00,0.000000e+00,1.000000e+00,1.255740e-01,0.000000e+00,0.000000e+00,1.827553e-02,6.720457e-02
8.00500,0.600000,0.500000,0.000000e+00,0.000000e+00,1.000000e+00,1.255740e-01,0.000000e+00,0.000000e+00,1.827553e-02,6.720459e-02
8.00750,0.600000,0.500000,0.000000e+00,0.000000e+00,1.000000e+00,1.255740e-01,0.000000e+00,0.000000e+00,1.827553e-02,6.720460e-02
8.01000,0.600000,0.500000,0.000000e+00,0.000000e+00,1.000000e+00,1.255740e-01,0.000000e+00,0.000000e+00,1.827553e-02,6.720462e-02
8.01250,0.600000,0.500000,0.000000e+00,0.000000e+00,1.000000e+00,1.255740e-01,0.000000e+00,0.000000e+00,1.827554e-02,6.720463e-02
8.01500,0.600000,0.500000,0.000000e+00,0.000000e+00,1.000000e+00,1.255740e-01,0.000000e+00,0.000000e+00,1.827554e-02,6.720465e-02
8.01750,0.600000,0.500000,0.000000e+00,0.000000e+00,1.000000e+00,1.255740e-01,0.000000e+00,0.000000e+00,1.827554e-02,6.720466e-02
8.02000,0.600000,0.500000,0.000000e+00,0.000000e+00,1.000000e+00,1.255740e-01,0.000000e+00,0.000000e+00,1.827554e-02,6.720467e-02
8.02250,0.600000,0.500000,0.000000e+00,0.000000e+00,1.000000e+00,1.255740e-01,0.000000e+00,0.000000e+00,1.827554e-02,6.720469e-02
8.02500,0.600000,0.500000,0.000000e+00,0.000000e+00,1.000000e+00,1.255740e-01,0.000000e+00,0.000000e+00,1.827554e-02,6.720470e-02
8.02750,0.600000,0.500000,0.000000e+00,0.000000e+00,1.000000e+00,1.255740e-01,0.000000e+00,0.000000e+00,1.827554e-02,6.720472e-02
8.03000,0.600000,0.500000,0.000000e+00,0.000000e+00,1.000000e+00,1.255740e-01,0.000000e+00,0.000000e+00,1.827554e-02,6.720473e-02
8.03250,0.600000,0.500000,0.000000e+00,0.000000e+00,1.000000e+00,1.255740e-01,0.000000e+00,0.000000e+00,1.827555e-02,6.720475e-02
8.03500,0.600000,0.500000,0.000000e+00,0.000000e+00,1.000000e+00,1.255740e-01,0.000000e+00,0.000000e+00,1.827555e-02,6.720476e-02
8.03750,0.600000,0.500000,0.000000e+00,0.000000e+00,1.000000e+00,1.255740e-01,0.000000e+00,0.000000e+00,1.827555e-02,6.720478e-02
8.04000,0.600000,0.500000,0.000000e+00,0.000000e+00,1.000000e+00,1.255740e-01,0.000000e+00,0.000000e+00,1.827555e-02,6.720479e-02
8.04250,0.600000,0.500000,0.000000e+00,0.000000e+00,1.000000e+00,1.255740e-01,0.000000e+00,0.000000e+00,1.827555e-02,6.720480e-02
8.04500,0.600000,0.500000,0.000000e+00,0.000000e+00,1.000000e+00,1.255740e-01,0.000000e+00,0.000000e+00,1.827555e-02,6.720482e-02
8.04750,0.600000,0.500000,0.000000e+00,0.000000e+00,1.000000e+00,1.255740e-01,0.000000e+00,0.000000e+00,1.827555e-02,6.720483e-02
8.05000,0.600000,0.500000,0.000000e+00,0.000000e+00,1.000000e+00,1.255740e-01,0.000000e+00,0.000000e+00,1.827556e-02,6.720485e-02
8.05250,0.600000,0.500000,0.000000e+00,0.000000e+00,1.000000e+00,1.255740e-01,0.000000e+00,0.000000e+00,1.827556e-02,6.720486e-02
8.05500,0.600000,0.500000,0.000000e+00,0.000000e+00,1.000000e+00,1.255740e-01,0.000000e+00,0.000000e+00,1.827556e-02,6.720487e-02
8.05750,0.600000,0.500000,0.000000e+00,0.000000e+00,1.000000e+00,1.255740e-01,0.000000e+00,0.000000e+00,1.827556e-02,6.720489e-02
8.06000,0.600000,0.500000,0.000000e+00,0.000000e+00,1.000000e+00,1.255740e-01,0.000000e+00,0.000000e+00,1.827556e-02,6.720490e-02
8.06250,0.600000,0.500000,0.000000e+00,0.000000e+00,1.000000e+00,1.255740e-01,0.000000e+00,0.000000e+00,1.827556e-02,6.720492e-02
8.06500,0.600000,0.500000,0.000000e+00,0.000000e+00,1.000000e+00,1.255740e-01,0.000000e+00,0.000000e+00,1.827556e-02,6.720493e-02
8.06750,0.600000,0.500000,0.000000e+00,0.000000e+00,1.000000e+00,1.255740e-01,0.000000e+00,0.000000e+00,1.827556e-02,6.720494e-02
8.07000,0.600000,0.500000,0.000000e+00,0.000000e+00,1.000000e+00,1.255740e-01,0.000000e+00,0.000000e+00,1.827557e-02,6.720496e-02
8.07250,0.600000,0.500000,0.000000e+00,0.000000e+00,1.000000e+00,1.255740e-01,0.000000e+00,0.000000e+00,1.827557e-02,6.720497e-02
8.07500,0.600000,0.500000,0.000000e+00,0.000000e+00,1.000000e+00,1.255740e-01,0.000000e+00,0.000000e+00,1.827557e-02,6.720499e-02
8.07750,0.600000,0.500000,0.000000e+00,0.000000e+00,1.000000e+00,1.255740e-01,0.000000e+00,0.000000e+00,1.827557e-02,6.720500e-02
8.08000,0.600000,0.500000,0.000000e+00,0.000000e+00,1.000000e+00,1.255740e-01,0.000000e+00,0.000000e+00,1.827557e-02,6.720501e-02
8.08250,0.600000,0.500000,0.000000e+00,0.000000e+00,1.000000e+00,1.255740e-01,0.000000e+00,0.000000e+00,1.827557e-02,6.720503e-02
8.08500,0.600000,0.500000,0.000000e+00,0.000000e+00,1.000000e+00,1.255740e-01,0.000000e+00,0.000000e+00,1.827557e-02,6.720504e-02
8.08750,0.600000,0.500000,0.000000e+00,0.000000e+00,1.000000e+00,1.255740e-01,0.000000e+00,0.000000e+00,1.827557e-02,6.720505e-02
8.09000,0.600000,0.500000,0.000000e+00,0.000000e+00,1.000000e+00,1.255740e-01,0.000000e+00,0.000000e+00,1.827558e-02,6.720507e-02
8.09250,0.600000,0.500000,0.000000e+00,0.000000e+00,1.000000e+00,1.255740e-01,0.000000e+00,0.000000e+00,1.827558e-02,6.720508e-02
8.09500,0.600000,0.500000,0.000000e+00,0.000000e+00,1.000000e+00,1.255740e-01,0.000000e+00,0.000000e+00,1.827558e-02,6.720509e-02
8.09750,0.600000,0.500000,0.000000e+00,0.000000e+00,1.000000e+00,1.255740e-01,0.000000e+00,0.000000e+00,1.827558e-02,6.720511e-02
8.10000,0.600000,0.500000,0.000000e+00,0.000000e+00,1.000000e+00,1.255740e-01,0.000000e+00,0.000000e+00,1.827558e-02,6.720512e-02
8.10250,0.600000,0.500000,0.000000e+00,0.000000e+00,1.000000e+00,1.255740e-01,0.000000e+00,0.000000e+00,1.827558e-02,6.720513e-02
8.10500,0.600000,0.500000,0.000000e+00,0.000000e+00,1.000000e+00,1.255740e-01,0.000000e+00,0.000000e+00,1.827558e-02,6.720515e-02
8.10750,0.600000,0.500000,0.000000e+00,0.000000e+00,1.000000e+00,1.255740e-01,0.000000e+00,0.000000e+00,1.827558e-02,6.720516e-02
8.11000,0.600000,0.500000,0.000000e+00,0.000000e+00,1.000000e+00,1.255740e-01,0.000000e+00,0.000000e+00,1.827559e-02,6.720517e-02
8.11250,0.600000,0.500000,0.000000e+00,0.000000e+00,1.000000e+00,1.255740e-01,0.000000e+00,0.000000e+00,1.827559e-02,6.720519e-02
8.11500,0.600000,0.500000,0.000000e+00,0.000000e+00,1.000000e+00,1.255740e-01,0.000000e+00,0.000000e+00,1.827559e-02,6.720520e-02
8.11750,0.600000,0.500000,0.000000e+00,0.000000e+00,1.000000e+00,1.255740e-01,0.000000e+00,0.000000e+00,1.827559e-02,6.720521e-02
8.12000,0.600000,0.500000,0.000000e+00,0.000000e+00,1.000000e+00,1.255740e-01,0.000000e+00,0.000000e+00,1.827559e-02,6.720523e-02
8.12250,0.600000,0.500000,0.000000e+00,0.000000e+00,1.000000e+00,1.255740e-01,0.000000e+00,0.000000e+00,1.827559e-02,6.720524e-02
8.12500,0.600000,0.500000,0.000000e+00,0.000000e+00,1.000000e+00,1.255740e-01,0.000000e+00,0.000000e+00,1.827559e-02,6.720525e-02
8.12750,0.600000,0.500000,0.000000e+00,0.000000e+00,1.000000e+00,1.255740e-01,0.000000e+00,0.000000e+00,1.827559e-02,6.720527e-02
8.13000,0.600000,0.500000,0.000000e+00,0.000000e+00,1.000000e+00,1.255740e-01,0.000000e+00,0.000000e+00,1.827559e-02,6.720528e-02
8.13250,0.600000,0.500000,0.000000e+00,0.000000e+00,1.000000e+00,1.255740e-01,0.000000e+00,0.000000e+00,1.827560e-02,6.720529e-02
8.13500,0.600000,0.500000,0.000000e+00,0.000000e+00,1.000000e+00,1.255740e-01,0.000000e+00,0.000000e+00,1.827560e-02,6.720530e-02
8.13750,0.600000,0.500000,0.000000e+00,0.000000e+00,1.000000e+00,1.255740e-01,0.000000e+00,0.000000e+00,1.827560e-02,6.720532e-02
8.14000,0.600000,0.500000,0.000000e+00,0.000000e+00,1.000000e+00,1.255740e-01,0.000000e+00,0.000000e+00,1.827560e-02,6.720533e-02
8.14250,0.600000,0.500000,0.000000e+00,0.000000e+00,1.000000e+00,1.255740e-01,0.000000e+00,0.000000e+00,1.827560e-02,6.720534e-02
8.14500,0.600000,0.500000,0.000000e+00,0.000000e+00,1.000000e+00,1.255740e-01,0.000000e+00,0.000000e+00,1.827560e-02,6.720536e-02
8.14750,0.600000,0.500000,0.000000e+00,0.000000e+00,1.000000e+00,1.255740e-01,0.000000e+00,0.000000e+00,1.827560e-02,6.720537e-02
8.15000,0.600000,0.500000,0.000000e+00,0.000000e+00,1.000000e+00,1.255740e-01,0.000000e+00,0.000000e+00,1.827560e-02,6.720538e-02
8.15250,0.600000,0.500000,0.000000e+00,0.000000e+00,1.000000e+00,1.255740e-01,0.000000e+00,0.000000e+00,1.827561e-02,6.720539e-02
8.15500,0.600000,0.500000,0.000000e+00,0.000000e+00,1.000000e+00,1.255740e-01,0.000000e+00,0.000000e+00,1.827561e-02,6.720541e-02
8.15750,0.600000,0.500000,0.000000e+00,0.000000e+00,1.000000e+00,1.255740e-01,0.000000e+00,0.000000e+00,1.827561e-02,6.720542e-02
8.16000,0.600000,0.500000,0.000000e+00,0.000000e+00,1.000000e+00,1.255740e-01,0.000000e+00,0.000000e+00,1.827561e-02,6.720543e-02
8.16250,0.600000,0.500000,0.000000e+00,0.000000e+00,1.000000e+00,1.255740e-01,0.000000e+00,0.000000e+00,1.827561e-02,6.720544e-02
8.16500,0.600000,0.500000,0.000000e+00,0.000000e+00,1.000000e+00,1.255740e-01,0.000000e+00,0.000000e+00,1.827561e-02,6.720546e-02
8.16750,0.600000,0.500000,0.000000e+00,0.000000e+00,1.000000e+00,1.255740e-01,0.000000e+00,0.000000e+00,1.827561e-02,6.720547e-02
8.17000,0.600000,0.500000,0.000000e+00,0.000000e+00,1.000000e+00,1.255740e-01,0.000000e+00,0.000000e+00,1.827561e-02,6.720548e-02
8.17250,0.600000,0.500000,0.000000e+00,0.000000e+00,1.000000e+00,1.255740e-01,0.000000e+00,0.000000e+00,1.827561e-02,6.720549e-02
8.17500,0.600000,0.500000,0.000000e+00,0.000000e+00,1.000000e+00,1.255740e-01,0.000000e+00,0.000000e+00,1.827562e-02,6.720551e-02
8.17750,0.600000,0.500000,0.000000e+00,0.000000e+00,1.000000e+00,1.255740e-01,0.000000e+00,0.000000e+00,1.827562e-02,6.720552e-02
8.18000,0.600000,0.500000,0.000000e+00,0.000000e+00,1.000000e+00,1.255740e-01,0.000000e+00,0.000000e+00,1.827562e-02,6.720553e-02
8.18250,0.600000,0.500000,0.000000e+00,0.000000e+00,1.000000e+00,1.255740e-01,0.000000e+00,0.000000e+00,1.827562e-02,6.720554e-02
8.18500,0.600000,0.500000,0.000000e+00,0.000000e+00,1.000000e+00,1.255740e-01,0.000000e+00,0.000000e+00,1.827562e-02,6.720556e-02
8.18750,0.600000,0.500000,0.000000e+00,0.000000e+00,1.000000e+00,1.255740e-01,0.000000e+00,0.000000e+00,1.827562e-02,6.720557e-02
8.19000,0.600000,0.500000,0.000000e+00,0.000000e+00,1.000000e+00,1.255740e-01,0.000000e+00,0.000000e+00,1.827562e-02,6.720558e-02
8.19250,0.600000,0.500000,0.000000e+00,0.000000e+00,1.000000e+00,1.255740e-01,0.000000e+00,0.000000e+00,1.827562e-02,6.720559e-02
8.19500,0.600000,0.500000,0.000000e+00,0.000000e+00,1.000000e+00,1.255740e-01,0.000000e+00,0.000000e+00,1.827562e-02,6.720560e-02
8.19750,0.600000,0.500000,0.000000e+00,0.000000e+00,1.000000e+00,1.255740e-01,0.000000e+00,0.000000e+00,1.827563e-02,6.720562e-02
8.20000,0.600000,0.500000,0.000000e+00,0.000000e+00,1.000000e+00,1.255740e-01,0.000000e+00,0.000000e+00,1.827563e-02,6.720563e-02
8.20250,0.600000,0.500000,0.000000e+00,0.000000e+00,1.000000e+00,1.255740e-01,0.000000e+00,0.000000e+00,1.827563e-02,6.720564e-02
8.20500,0.600000,0.500000,0.000000e+00,0.000000e+00,1.000000e+00,1.255740e-01,0.000000e+00,0.000000e+00,1.827563e-02,6.720565e-02
8.20750,0.600000,0.500000,0.000000e+00,0.000000e+00,1.000000e+00,1.255740e-01,0.000000e+00,0.000000e+00,1.827563e-02,6.720566e-02
8.21000,0.600000,0.500000,0.000000e+00,0.000000e+00,1.000000e+00,1.255740e-01,0.000000e+00,0.000000e+00,1.827563e-02,6.720568e-02
8.21250,0.600000,0.500000,0.000000e+00,0.000000e+00,1.000000e+00,1.255740e-01,0.000000e+00,0.000000e+00,1.827563e-02,6.720569e-02
8.21500,0.600000,0.500000,0.000000e+00,0.000000e+00,1.000000e+00,1.255740e-01,0.000000e+00,0.000000e+00,1.827563e-02,6.720570e-02
8.21750,0.600000,0.500000,0.000000e+00,0.000000e+00,1.000000e+00,1.255740e-01,0.000000e+00,0.000000e+00,1.827563e-02,6.720571e-02
8.22000,0.600000,0.500000,0.000000e+00,0.000000e+00,1.000000e+00,1.255740e-01,0.000000e+00,0.000000e+00,1.827564e-02,6.720572e-02
8.22250,0.600000,0.500000,0.000000e+00,0.000000e+00,1.000000e+00,1.255740e-01,0.000000e+00,0.000000e+00,1.827564e-02,6.720574e-02
8.22500,0.600000,0.500000,0.000000e+00,0.000000e+00,1.000000e+00,1.255740e-01,0.000000e+00,0.000000e+00,1.827564e-02,6.720575e-02
8.22750,0.600000,0.500000,0.000000e+00,0.000000e+00,1.000000e+00,1.255740e-01,0.000000e+00,0.000000e+00,1.827564e-02,6.720576e-02
8.23000,0.600000,0.500000,0.000000e+00,0.000000e+00,1.000000e+00,1.255740e-01,0.000000e+00,0.000000e+00,1.827564e-02,6.720577e-02
8.23250,0.600000,0.500000,0.000000e+00,0.000000e+00,1.000000e+00,1.255740e-01,0.000000e+00,0.000000e+00,1.827564e-02,6.720578e-02
8.23500,0.600000,0.500000,0.000000e+00,0.000000e+00,1.000000e+00,1.255740e-01,0.000000e+00,0.000000e+00,1.827564e-02,6.720579e-02
8.23750,0.600000,0.500000,0.000000e+00,0.000000e+00,1.000000e+00,1.255740e-01,0.000000e+00,0.000000e+00,1.827564e-02,6.720581e-02
8.24000,0.600000,0.500000,0.000000e+00,0.000000e+00,1.000000e+00,1.255740e-01,0.000000e+00,0.000000e+00,1.827564e-02,6.720582e-02
8.24250,0.600000,0.500000,0.000000e+00,0.000000e+00,1.000000e+00,1.255740e-01,0.000000e+00,0.000000e+00,1.827565e-02,6.720583e-02
8.24500,0.600000,0.500000,0.000000e+00,0.000000e+00,1.000000e+00,1.255740e-01,0.000000e+00,0.000000e+00,1.827565e-02,6.720584e-02
8.24750,0.600000,0.500000,0.000000e+00,0.000000e+00,1.000000e+00,1.255740e-01,0.000000e+00,0.000000e+00,1.827565e-02,6.720585e-02
8.25000,0.600000,0.500000,0.000000e+00,0.000000e+00,1.000000e+00,1.255740e-01,0.000000e+00,0.000000e+00,1.827565e-02,6.720586e-02
8.25250,0.600000,0.500000,0.000000e+00,0.000000e+00,1.000000e+00,1.255740e-01,0.000000e+00,0.000000e+00,1.827565e-02,6.720587e-02
8.25500,0.600000,0.500000,0.000000e+00,0.000000e+00,1.000000e+00,1.255740e-01,0.000000e+00,0.000000e+00,1.827565e-02,6.720589e-02
8.25750,0.600000,0.500000,0.000000e+00,0.000000e+00,1.000000e+00,1.255740e-01,0.000000e+00,0.000000e+00,1.827565e-02,6.720590e-02
8.26000,0.600000,0.500000,0.000000e+00,0.000000e+00,1.000000e+00,1.255740e-01,0.000000e+00,0.000000e+00,1.827565e-02,6.720591e-02
8.26250,0.600000,0.500000,0.000000e+00,0.000000e+00,1.000000e+00,1.255740e-01,0.000000e+00,0.000000e+00,1.827565e-02,6.720592e-02
8.26500,0.600000,0.500000,0.000000e+00,0.000000e+00,1.000000e+00,1.255740e-01,0.000000e+00,0.000000e+00,1.827565e-02,6.720593e-02
8.26750,0.600000,0.500000,0.000000e+00,0.000000e+00,1.000000e+00,1.255740e-01,0.000000e+00,0.000000e+00,1.827566e-02,6.720594e-02
8.27000,0.600000,0.500000,0.000000e+00,0.000000e+00,1.000000e+00,1.255740e-01,0.000000e+00,0.000000e+00,1.827566e-02,6.720595e-02
8.27250,0.600000,0.500000,0.000000e+00,0.000000e+00,1.000000e+00,1.255740e-01,0.000000e+00,0.000000e+00,1.827566e-02,6.720596e-02
8.27500,0.600000,0.500000,0.000000e+00,0.000000e+00,1.000000e+00,1.255740e-01,0.000000e+00,0.000000e+00,1.827566e-02,6.720597e-02
8.27750,0.600000,0.500000,0.000000e+00,0.000000e+00,1.000000e+00,1.255740e-01,0.000000e+00,0.000000e+00,1.827566e-02,6.720599e-02
8.28000,0.600000,0.500000,0.000000e+00,0.000000e+00,1.000000e+00,1.255740e-01,0.000000e+00,0.000000e+00,1.827566e-02,6.720600e-02
8.28250,0.600000,0.500000,0.000000e+00,0.000000e+00,1.000000e+00,1.255740e-01,0.000000e+00,0.000000e+00,1.827566e-02,6.720601e-02
8.28500,0.600000,0.500000,0.000000e+00,0.000000e+00,1.000000e+00,1.255740e-01,0.000000e+00,0.000000e+00,1.827566e-02,6.720602e-02
8.28750,0.600000,0.500000,0.000000e+00,0.000000e+00,1.000000e+00,1.255740e-01,0.000000e+00,0.000000e+00,1.827566e-02,6.720603e-02
8.29000,0.600000,0.500000,0.000000e+00,0.000000e+00,1.000000e+00,1.255740e-01,0.000000e+00,0.000000e+00,1.827566e-02,6.720604e-02
8.29250,0.600000,0.500000,0.000000e+00,0.000000e+00,1.000000e+00,1.255740e-01,0.000000e+00,0.000000e+00,1.827567e-02,6.720605e-02
8.29500,0.600000,0.500000,0.000000e+00,0.000000e+00,1.000000e+00,1.255740e-01,0.000000e+00,0.000000e+00,1.827567e-02,6.720606e-02
8.29750,0.600000,0.500000,0.000000e+00,0.000000e+00,1.000000e+00,1.255740e-01,0.000000e+00,0.000000e+00,1.827567e-02,6.720607e-02
8.30000,0.600000,0.500000,0.000000e+00,0.000000e+00,1.000000e+00,1.255740e-01,0.000000e+00,0.000000e+00,1.827567e-02,6.720608e-02
8.30250,0.600000,0.500000,0.000000e+00,0.000000e+00,1.000000e+00,1.255740e-01,0.000000e+00,0.000000e+00,1.827567e-02,6.720610e-02
8.30500,0.600000,0.500000,0.000000e+00,0.000000e+00,1.000000e+00,1.255740e-01,0.000000e+00,0.000000e+00,1.827567e-02,6.720611e-02
8.30750,0.600000,0.500000,0.000000e+00,0.000000e+00,1.000000e+00,1.255740e-01,0.000000e+00,0.000000e+00,1.827567e-02,6.720612e-02
8.31000,0.600000,0.500000,0.000000e+00,0.000000e+00,1.000000e+00,1.255740e-01,0.000000e+00,0.000000e+00,1.827567e-02,6.720613e-02
8.31250,0.600000,0.500000,0.000000e+00,0.000000e+00,1.000000e+00,1.255740e-01,0.000000e+00,0.000000e+00,1.827567e-02,6.720614e-02
8.31500,0.600000,0.500000,0.000000e+00,0.000000e+00,1.000000e+00,1.255740e-01,0.000000e+00,0.000000e+00,1.827567e-02,6.720615e-02
8.31750,0.600000,0.500000,0.000000e+00,0.000000e+00,1.000000e+00,1.255740e-01,0.000000e+00,0.000000e+00,1.827568e-02,6.720616e-02
8.32000,0.600000,0.500000,0.000000e+00,0.000000e+00,1.000000e+00,1.255740e-01,0.000000e+00,0.000000e+00,1.827568e-02,6.720617e-02
8.32250,0.600000,0.500000,0.000000e+00,0.000000e+00,1.000000e+00,1.255740e-01,0.000000e+00,0.000000e+00,1.827568e-02,6.720618e-02
8.32500,0.600000,0.500000,0.000000e+00,0.000000e+00,1.000000e+00,1.255740e-01,0.000000e+00,0.000000e+00,1.827568e-02,6.720619e-02
8.32750,0.600000,0.500000,0.000000e+00,0.000000e+00,1.000000e+00,1.255740e-01,0.000000e+00,0.000000e+00,1.827568e-02,6.720620e-02
8.33000,0.600000,0.500000,0.000000e+00,0.000000e+00,1.000000e+00,1.255740e-01,0.000000e+00,0.000000e+00,1.827568e-02,6.720621e-02
8.33250,0.600000,0.500000,0.000000e+00,0.000000e+00,1.000000e+00,1.255740e-01,0.000000e+00,0.000000e+00,1.827568e-02,6.720622e-02
8.33500,0.600000,0.500000,0.000000e+00,0.000000e+00,1.000000e+00,1.255740e-01,0.000000e+00,0.000000e+00,1.827568e-02,6.720623e-02
8.33750,0.600000,0.500000,0.000000e+00,0.000000e+00,1.000000e+00,1.255740e-01,0.000000e+00,0.000000e+00,1.827568e-02,6.720624e-02
8.34000,0.600000,0.500000,0.000000e+00,0.000000e+00,1.000000e+00,1.255740e-01,0.000000e+00,0.000000e+00,1.827568e-02,6.720625e-02
8.34250,0.600000,0.500000,0.000000e+00,0.000000e+00,1.000000e+00,1.255740e-01,0.000000e+00,0.000000e+00,1.827569e-02,6.720626e-02
8.34500,0.600000,0.500000,0.000000e+00,0.000000e+00,1.000000e+00,1.255740e-01,0.000000e+00,0.000000e+00,1.827569e-02,6.720627e-02
8.34750,0.600000,0.500000,0.000000e+00,0.000000e+00,1.000000e+00,1.255740e-01,0.000000e+00,0.000000e+00,1.827569e-02,6.720628e-02
8.35000,0.600000,0.500000,0.000000e+00,0.000000e+00,1.000000e+00,1.255740e-01,0.000000e+00,0.000000e+00,1.827569e-02,6.720629e-02
8.35250,0.600000,0.500000,0.000000e+00,0.000000e+00,1.000000e+00,1.255740e-01,0.000000e+00,0.000000e+00,1.827569e-02,6.720630e-02
8.35500,0.600000,0.500000,0.000000e+00,0.000000e+00,1.000000e+00,1.255740e-01,0.000000e+00,0.000000e+00,1.827569e-02,6.720632e-02
8.35750,0.600000,0.500000,0.000000e+00,0.000000e+00,1.000000e+00,1.255740e-01,0.000000e+00,0.000000e+00,1.827569e-02,6.720633e-02
8.36000,0.600000,0.500000,0.000000e+00,0.000000e+00,1.000000e+00,1.255740e-01,0.000000e+00,0.000000e+00,1.827569e-02,6.720634e-02
8.36250,0.600000,0.500000,0.000000e+00,0.000000e+00,1.000000e+00,1.255740e-01,0.000000e+00,0.000000e+00,1.827569e-02,6.720635e-02
8.36500,0.600000,0.500000,0.000000e+00,0.000000e+00,1.000000e+00,1.255740e-01,0.000000e+00,0.000000e+00,1.827569e-02,6.720636e-02
8.36750,0.600000,0.500000,0.000000e+00,0.000000e+00,1.000000e+00,1.255740e-01,0.000000e+00,0.000000e+00,1.827569e-02,6.720637e-02
8.37000,0.600000,0.500000,0.000000e+00,0.000000e+00,1.000000e+00,1.255740e-01,0.000000e+00,0.000000e+00,1.827570e-02,6.720638e-02
8.37250,0.600000,0.500000,0.000000e+00,0.000000e+00,1.000000e+00,1.255740e-01,0.000000e+00,0.000000e+00,1.827570e-02,6.720639e-02
8.37500,0.600000,0.500000,0.000000e+00,0.000000e+00,1.000000e+00,1.255740e-01,0.000000e+00,0.000000e+00,1.827570e-02,6.720640e-02
8.37750,0.600000,0.500000,0.000000e+00,0.000000e+00,1.000000e+00,1.255740e-01,0.000000e+00,0.000000e+00,1.827570e-02,6.720641e-02
8.38000,0.600000,0.500000,0.000000e+00,0.000000e+00,1.000000e+00,1.255740e-01,0.000000e+00,0.000000e+00,1.827570e-02,6.720642e-02
8.38250,0.600000,0.500000,0.000000e+00,0.000000e+00,1.000000e+00,1.255740e-01,0.000000e+00,0.000000e+00,1.827570e-02,6.720643e-02
8.38500,0.600000,0.500000,0.000000e+00,0.000000e+00,1.000000e+00,1.255740e-01,0.000000e+00,0.000000e+00,1.827570e-02,6.720644e-02
8.38750,0.600000,0.500000,0.000000e+00,0.000000e+00,1.000000e+00,1.255740e-01,0.000000e+00,0.000000e+00,1.827570e-02,6.720645e-02
8.39000,0.600000,0.500000,0.000000e+00,0.000000e+00,1.000000e+00,1.255740e-01,0.000000e+00,0.000000e+00,1.827570e-02,6.720645e-02
8.39250,0.600000,0.500000,0.000000e+00,0.000000e+00,1.000000e+00,1.255740e-01,0.000000e+00,0.000000e+00,1.827570e-02,6.720646e-02
8.39500,0.600000,0.500000,0.000000e+00,0.000000e+00,1.000000e+00,1.255740e-01,0.000000e+00,0.000000e+00,1.827570e-02,6.720647e-02
8.39750,0.600000,0.500000,0.000000e+00,0.000000e+00,1.000000e+00,1.255740e-01,0.000000e+00,0.000000e+00,1.827571e-02,6.720648e-02
8.40000,0.600000,0.500000,0.000000e+00,0.000000e+00,1.000000e+00,1.255740e-01,0.000000e+00,0.000000e+00,1.827571e-02,6.720649e-02
8.40250,0.600000,0.500000,0.000000e+00,0.000000e+00,1.000000e+00,1.255740e-01,0.000000e+00,0.000000e+00,1.827571e-02,6.720650e-02
8.40500,0.600000,0.500000,0.000000e+00,0.000000e+00,1.000000e+00,1.255740e-01,0.000000e+00,0.000000e+00,1.827571e-02,6.720651e-02
8.40750,0.600000,0.500000,0.000000e+00,0.000000e+00,1.000000e+00,1.255740e-01,0.000000e+00,0.000000e+00,1.827571e-02,6.720652e-02
8.41000,0.600000,0.500000,0.000000e+00,0.000000e+00,1.000000e+00,1.255740e-01,0.000000e+00,0.000000e+00,1.827571e-02,6.720653e-02
8.41250,0.600000,0.500000,0.000000e+00,0.000000e+00,1.000000e+00,1.255740e-01,0.000000e+00,0.000000e+00,1.827571e-02,6.720654e-02
8.41500,0.600000,0.500000,0.000000e+00,0.000000e+00,1.000000e+00,1.255740e-01,0.000000e+00,0.000000e+00,1.827571e-02,6.720655e-02
8.41750,0.600000,0.500000,0.000000e+00,0.000000e+00,1.000000e+00,1.255740e-01,0.000000e+00,0.000000e+00,1.827571e-02,6.720656e-02
8.42000,0.600000,0.500000,0.000000e+00,0.000000e+00,1.000000e+00,1.255740e-01,0.000000e+00,0.000000e+00,1.827571e-02,6.720657e-02
8.42250,0.600000,0.500000,0.000000e+00,0.000000e+00,1.000000e+00,1.255740e-01,0.000000e+00,0.000000e+00,1.827571e-02,6.720658e-02
8.42500,0.600000,0.500000,0.000000e+00,0.000000e+00,1.000000e+00,1.255740e-01,0.000000e+00,0.000000e+00,1.827572e-02,6.720659e-02
8.42750,0.600000,0.500000,0.000000e+00,0.000000e+00,1.000000e+00,1.255740e-01,0.000000e+00,0.000000e+00,1.827572e-02,6.720660e-02
8.43000,0.600000,0.500000,0.000000e+00,0.000000e+00,1.000000e+00,1.255740e-01,0.000000e+00,0.000000e+00,1.827572e-02,6.720661e-02
8.43250,0.600000,0.500000,0.000000e+00,0.000000e+00,1.000000e+00,1.255740e-01,0.000000e+00,0.000000e+00,1.827572e-02,6.720662e-02
8.43500,0.600000,0.500000,0.000000e+00,0.000000e+00,1.000000e+00,1.255740e-01,0.000000e+00,0.000000e+00,1.827572e-02,6.720663e-02
8.43750,0.600000,0.500000,0.000000e+00,0.000000e+00,1.000000e+00,1.255740e-01,0.000000e+00,0.000000e+00,1.827572e-02,6.720664e-02
8.44000,0.600000,0.500000,0.000000e+00,0.000000e+00,1.000000e+00,1.255740e-01,0.000000e+00,0.000000e+00,1.827572e-02,6.720665e-02
8.44250,0.600000,0.500000,0.000000e+00,0.000000e+00,1.000000e+00,1.255740e-01,0.000000e+00,0.000000e+00,1.827572e-02,6.720666e-02
8.44500,0.600000,0.500000,0.000000e+00,0.000000e+00,1.000000e+00,1.255740e-01,0.000000e+00,0.000000e+00,1.827572e-02,6.720666e-02
8.44750,0.600000,0.500000,0.000000e+00,0.000000e+00,1.000000e+00,1.255740e-01,0.000000e+00,0.000000e+00,1.827572e-02,6.720667e-02
8.45000,0.600000,0.500000,0.000000e+00,0.000000e+00,1.000000e+00,1.255740e-01,0.000000e+00,0.000000e+00,1.827572e-02,6.720668e-02
8.45250,0.600000,0.500000,0.000000e+00,0.000000e+00,1.000000e+00,1.255740e-01,0.000000e+00,0.000000e+00,1.827572e-02,6.720669e-02
8.45500,0.600000,0.500000,0.000000e+00,0.000000e+00,1.000000e+00,1.255740e-01,0.000000e+00,0.000000e+00,1.827573e-02,6.720670e-02
8.45750,0.600000,0.500000,0.000000e+00,0.000000e+00,1.000000e+00,1.255740e-01,0.000000e+00,0.000000e+00,1.827573e-02,6.720671e-02
8.46000,0.600000,0.500000,0.000000e+00,0.000000e+00,1.000000e+00,1.255740e-01,0.000000e+00,0.000000e+00,1.827573e-02,6.720672e-02
8.46250,0.600000,0.500000,0.000000e+00,0.000000e+00,1.000000e+00,1.255740e-01,0.000000e+00,0.000000e+00,1.827573e-02,6.720673e-02
8.46500,0.600000,0.500000,0.000000e+00,0.000000e+00,1.000000e+00,1.255740e-01,0.000000e+00,0.000000e+00,1.827573e-02,6.720674e-02
8.46750,0.600000,0.500000,0.000000e+00,0.000000e+00,1.000000e+00,1.255740e-01,0.000000e+00,0.000000e+00,1.827573e-02,6.720675e-02
8.47000,0.600000,0.500000,0.000000e+00,0.000000e+00,1.000000e+00,1.255740e-01,0.000000e+00,0.000000e+00,1.827573e-02,6.720676e-02
8.47250,0.600000,0.500000,0.000000e+00,0.000000e+00,1.000000e+00,1.255740e-01,0.000000e+00,0.000000e+00,1.827573e-02,6.720676e-02
8.47500,0.600000,0.500000,0.000000e+00,0.000000e+00,1.000000e+00,1.255740e-01,0.000000e+00,0.000000e+00,1.827573e-02,6.720677e-02
8.47750,0.600000,0.500000,0.000000e+00,0.000000e+00,1.000000e+00,1.255740e-01,0.000000e+00,0.000000e+00,1.827573e-02,6.720678e-02
8.48000,0.600000,0.500000,0.000000e+00,0.000000e+00,1.000000e+00,1.255740e-01,0.000000e+00,0.000000e+00,1.827573e-02,6.720679e-02
8.48250,0.600000,0.500000,0.000000e+00,0.000000e+00,1.000000e+00,1.255740e-01,0.000000e+00,0.000000e+00,1.827573e-02,6.720680e-02
8.48500,0.600000,0.500000,0.000000e+00,0.000000e+00,1.000000e+00,1.255740e-01,0.000000e+00,0.000000e+00,1.827574e-02,6.720681e-02
8.48750,0.600000,0.500000,0.000000e+00,0.000000e+00,1.000000e+00,1.255740e-01,0.000000e+00,0.000000e+00,1.827574e-02,6.720682e-02
8.49000,0.600000,0.500000,0.000000e+00,0.000000e+00,1.000000e+00,1.255740e-01,0.000000e+00,0.000000e+00,1.827574e-02,6.720683e-02
8.49250,0.600000,0.500000,0.000000e+00,0.000000e+00,1.000000e+00,1.255740e-01,0.000000e+00,0.000000e+00,1.827574e-02,6.720684e-02
8.49500,0.600000,0.500000,0.000000e+00,0.000000e+00,1.000000e+00,1.255740e-01,0.000000e+00,0.000000e+00,1.827574e-02,6.720684e-02
8.49750,0.600000,0.500000,0.000000e+00,0.000000e+00,1.000000e+00,1.255740e-01,0.000000e+00,0.000000e+00,1.827574e-02,6.720685e-02
8.50000,0.600000,0.500000,0.000000e+00,0.000000e+00,1.000000e+00,1.255740e-01,0.000000e+00,0.000000e+00,1.827574e-02,6.720686e-02
8.50250,0.600000,0.500000,0.000000e+00,0.000000e+00,1.000000e+00,1.255740e-01,0.000000e+00,0.000000e+00,1.827574e-02,6.720687e-02
8.50500,0.600000,0.500000,0.000000e+00,0.000000e+00,1.000000e+00,1.255740e-01,0.000000e+00,0.000000e+00,1.827574e-02,6.720688e-02
8.50750,0.600000,0.500000,0.000000e+00,0.000000e+00,1.000000e+00,1.255740e-01,0.000000e+00,0.000000e+00,1.827574e-02,6.720689e-02
8.51000,0.600000,0.500000,0.000000e+00,0.000000e+00,1.000000e+00,1.255740e-01,0.000000e+00,0.000000e+00,1.827574e-02,6.720690e-02
8.51250,0.600000,0.500000,0.000000e+00,0.000000e+00,1.000000e+00,1.255740e-01,0.000000e+00,0.000000e+00,1.827574e-02,6.720691e-02
8.51500,0.600000,0.500000,0.000000e+00,0.000000e+00,1.000000e+00,1.255740e-01,0.000000e+00,0.000000e+00,1.827575e-02,6.720691e-02
8.51750,0.600000,0.500000,0.000000e+00,0.000000e+00,1.000000e+00,1.255740e-01,0.000000e+00,0.000000e+00,1.827575e-02,6.720692e-02
8.52000,0.600000,0.500000,0.000000e+00,0.000000e+00,1.000000e+00,1.255740e-01,0.000000e+00,0.000000e+00,1.827575e-02,6.720693e-02
8.52250,0.600000,0.500000,0.000000e+00,0.000000e+00,1.000000e+00,1.255740e-01,0.000000e+00,0.000000e+00,1.827575e-02,6.720694e-02
8.52500,0.600000,0.500000,0.000000e+00,0.000000e+00,1.000000e+00,1.255740e-01,0.000000e+00,0.000000e+00,1.827575e-02,6.720695e-02
8.52750,0.600000,0.500000,0.000000e+00,0.000000e+00,1.000000e+00,1.255740e-01,0.000000e+00,0.000000e+00,1.827575e-02,6.720696e-02
8.53000,0.600000,0.500000,0.000000e+00,0.000000e+00,1.000000e+00,1.255740e-01,0.000000e+00,0.000000e+00,1.827575e-02,6.720697e-02
8.53250,0.600000,0.500000,0.000000e+00,0.000000e+00,1.000000e+00,1.255740e-01,0.000000e+00,0.000000e+00,1.827575e-02,6.720697e-02
8.53500,0.600000,0.500000,0.000000e+00,0.000000e+00,1.000000e+00,1.255740e-01,0.000000e+00,0.000000e+00,1.827575e-02,6.720698e-02
8.53750,0.600000,0.500000,0.000000e+00,0.000000e+00,1.000000e+00,1.255740e-01,0.000000e+00,0.000000e+00,1.827575e-02,6.720699e-02
8.54000,0.600000,0.500000,0.000000e+00,0.000000e+00,1.000000e+00,1.255740e-01,0.000000e+00,0.000000e+00,1.827575e-02,6.720700e-02
8.54250,0.600000,0.500000,0.000000e+00,0.000000e+00,1.000000e+00,1.255740e-01,0.000000e+00,0.000000e+00,1.827575e-02,6.720701e-02
8.54500,0.600000,0.500000,0.000000e+00,0.000000e+00,1.000000e+00,1.255740e-01,0.000000e+00,0.000000e+00,1.827575e-02,6.720702e-02
8.54750,0.600000,0.500000,0.000000e+00,0.000000e+00,1.000000e+00,1.255740e-01,0.000000e+00,0.000000e+00,1.827576e-02,6.720702e-02
8.55000,0.600000,0.500000,0.000000e+00,0.000000e+00,1.000000e+00,1.255740e-01,0.000000e+00,0.000000e+00,1.827576e-02,6.720703e-02
8.55250,0.600000,0.500000,0.000000e+00,0.000000e+00,1.000000e+00,1.255740e-01,0.000000e+00,0.000000e+00,1.827576e-02,6.720704e-02
8.55500,0.600000,0.500000,0.000000e+00,0.000000e+00,1.000000e+00,1.255740e-01,0.000000e+00,0.000000e+00,1.827576e-02,6.720705e-02
8.55750,0.600000,0.500000,0.000000e+00,0.000000e+00,1.000000e+00,1.255740e-01,0.000000e+00,0.000000e+00,1.827576e-02,6.720706e-02
8.56000,0.600000,0.500000,0.000000e+00,0.000000e+00,1.000000e+00,1.255740e-01,0.000000e+00,0.000000e+00,1.827576e-02,6.720706e-02
8.56250,0.600000,0.500000,0.000000e+00,0.000000e+00,1.000000e+00,1.255740e-01,0.000000e+00,0.000000e+00,1.827576e-02,6.720707e-02
8.56500,0.600000,0.500000,0.000000e+00,0.000000e+00,1.000000e+00,1.255740e-01,0.000000e+00,0.000000e+00,1.827576e-02,6.720708e-02
8.56750,0.600000,0.500000,0.000000e+00,0.000000e+00,1.000000e+00,1.255740e-01,0.000000e+00,0.000000e+00,1.827576e-02,6.720709e-02
8.57000,0.600000,0.500000,0.000000e+00,0.000000e+00,1.000000e+00,1.255740e-01,0.000000e+00,0.000000e+00,1.827576e-02,6.720710e-02
8.57250,0.600000,0.500000,0.000000e+00,0.000000e+00,1.000000e+00,1.255740e-01,0.000000e+00,0.000000e+00,1.827576e-02,6.720711e-02
8.57500,0.600000,0.500000,0.000000e+00,0.000000e+00,1.000000e+00,1.255740e-01,0.000000e+00,0.000000e+00,1.827576e-02,6.720711e-02
8.57750,0.600000,0.500000,0.000000e+00,0.000000e+00,1.000000e+00,1.255740e-01,0.000000e+00,0.000000e+00,1.827576e-02,6.720712e-02
8.58000,0.600000,0.500000,0.000000e+00,0.000000e+00,1.000000e+00,1.255740e-01,0.000000e+00,0.000000e+00,1.827576e-02,6.720713e-02
8.58250,0.600000,0.500000,0.000000e+00,0.000000e+00,1.000000e+00,1.255740e-01,0.000000e+00,0.000000e+00,1.827577e-02,6.720714e-02
8.58500,0.600000,0.500000,0.000000e+00,0.000000e+00,1.000000e+00,1.255740e-01,0.000000e+00,0.000000e+00,1.827577e-02,6.720715e-02
8.58750,0.600000,0.500000,0.000000e+00,0.000000e+00,1.000000e+00,1.255740e-01,0.000000e+00,0.000000e+00,1.827577e-02,6.720715e-02
8.59000,0.600000,0.500000,0.000000e+00,0.000000e+00,1.000000e+00,1.255740e-01,0.000000e+00,0.000000e+00,1.827577e-02,6.720716e-02
8.59250,0.600000,0.500000,0.000000e+00,0.000000e+00,1.000000e+00,1.255740e-01,0.000000e+00,0.000000e+00,1.827577e-02,6.720717e-02
8.59500,0.600000,0.500000,0.000000e+00,0.000000e+00,1.000000e+00,1.255740e-01,0.000000e+00,0.000000e+00,1.827577e-02,6.720718e-02
8.59750,0.600000,0.500000,0.000000e+00,0.000000e+00,1.000000e+00,1.255740e-01,0.000000e+00,0.000000e+00,1.827577e-02,6.720719e-02
8.60000,0.600000,0.500000,0.000000e+00,0.000000e+00,1.000000e+00,1.255740e-01,0.000000e+00,0.000000e+00,1.827577e-02,6.720719e-02
8.60250,0.600000,0.500000,0.000000e+00,0.000000e+00,1.000000e+00,1.255740e-01,0.000000e+00,0.000000e+00,1.827577e-02,6.720720e-02
8.60500,0.600000,0.500000,0.000000e+00,0.000000e+00,1.000000e+00,1.255740e-01,0.000000e+00,0.000000e+00,1.827577e-02,6.720721e-02
8.60750,0.600000,0.500000,0.000000e+00,0.000000e+00,1.000000e+00,1.255740e-01,0.000000e+00,0.000000e+00,1.827577e-02,6.720722e-02
8.61000,0.600000,0.500000,0.000000e+00,0.000000e+00,1.000000e+00,1.255740e-01,0.000000e+00,0.000000e+00,1.827577e-02,6.720722e-02
8.61250,0.600000,0.500000,0.000000e+00,0.000000e+00,1.000000e+00,1.255740e-01,0.000000e+00,0.000000e+00,1.827577e-02,6.720723e-02
8.61500,0.600000,0.500000,0.000000e+00,0.000000e+00,1.000000e+00,1.255740e-01,0.000000e+00,0.000000e+00,1.827577e-02,6.720724e-02
8.61750,0.600000,0.500000,0.000000e+00,0.000000e+00,1.000000e+00,1.255740e-01,0.000000e+00,0.000000e+00,1.827578e-02,6.720725e-02
8.62000,0.600000,0.500000,0.000000e+00,0.000000e+00,1.000000e+00,1.255740e-01,0.000000e+00,0.000000e+00,1.827578e-02,6.720725e-02
8.62250,0.600000,0.500000,0.000000e+00,0.000000e+00,1.000000e+00,1.255740e-01,0.000000e+00,0.000000e+00,1.827578e-02,6.720726e-02
8.62500,0.600000,0.500000,0.000000e+00,0.000000e+00,1.000000e+00,1.255740e-01,0.000000e+00,0.000000e+00,1.827578e-02,6.720727e-02
8.62750,0.600000,0.500000,0.000000e+00,0.000000e+00,1.000000e+00,1.255740e-01,0.000000e+00,0.000000e+00,1.827578e-02,6.720728e-02
8.63000,0.600000,0.500000,0.000000e+00,0.000000e+00,1.000000e+00,1.255740e-01,0.000000e+00,0.000000e+00,1.827578e-02,6.720729e-02
8.63250,0.600000,0.500000,0.000000e+00,0.000000e+00,1.000000e+00,1.255740e-01,0.000000e+00,0.000000e+00,1.827578e-02,6.720729e-02
8.63500,0.600000,0.500000,0.000000e+00,0.000000e+00,1.000000e+00,1.255740e-01,0.000000e+00,0.000000e+00,1.827578e-02,6.720730e-02
8.63750,0.600000,0.500000,0.000000e+00,0.000000e+00,1.000000e+00,1.255740e-01,0.000000e+00,0.000000e+00,1.827578e-02,6.720731e-02
8.64000,0.600000,0.500000,0.000000e+00,0.000000e+00,1.000000e+00,1.255740e-01,0.000000e+00,0.000000e+00,1.827578e-02,6.720732e-02
8.64250,0.600000,0.500000,0.000000e+00,0.000000e+00,1.000000e+00,1.255740e-01,0.000000e+00,0.000000e+00,1.827578e-02,6.720732e-02
8.64500,0.600000,0.500000,0.000000e+00,0.000000e+00,1.000000e+00,1.255740e-01,0.000000e+00,0.000000e+00,1.827578e-02,6.720733e-02
8.64750,0.600000,0.500000,0.000000e+00,0.000000e+00,1.000000e+00,1.255740e-01,0.000000e+00,0.000000e+00,1.827578e-02,6.720734e-02
8.65000,0.600000,0.500000,0.000000e+00,0.000000e+00,1.000000e+00,1.255740e-01,0.000000e+00,0.000000e+00,1.827578e-02,6.720735e-02
8.65250,0.600000,0.500000,0.000000e+00,0.000000e+00,1.000000e+00,1.255740e-01,0.000000e+00,0.000000e+00,1.827579e-02,6.720735e-02
8.65500,0.600000,0.500000,0.000000e+00,0.000000e+00,1.000000e+00,1.255740e-01,0.000000e+00,0.000000e+00,1.827579e-02,6.720736e-02
8.65750,0.600000,0.500000,0.000000e+00,0.000000e+00,1.000000e+00,1.255740e-01,0.000000e+00,0.000000e+00,1.827579e-02,6.720737e-02
8.66000,0.600000,0.500000,0.000000e+00,0.000000e+00,1.000000e+00,1.255740e-01,0.000000e+00,0.000000e+00,1.827579e-02,6.720738e-02
8.66250,0.600000,0.500000,0.000000e+00,0.000000e+00,1.000000e+00,1.255740e-01,0.000000e+00,0.000000e+00,1.827579e-02,6.720738e-02
8.66500,0.600000,0.500000,0.000000e+00,0.000000e+00,1.000000e+00,1.255740e-01,0.000000e+00,0.000000e+00,1.827579e-02,6.720739e-02
8.66750,0.600000,0.500000,0.000000e+00,0.000000e+00,1.000000e+00,1.255740e-01,0.000000e+00,0.000000e+00,1.827579e-02,6.720740e-02
8.67000,0.600000,0.500000,0.000000e+00,0.000000e+00,1.000000e+00,1.255740e-01,0.000000e+00,0.000000e+00,1.827579e-02,6.720740e-02
8.67250,0.600000,0.500000,0.000000e+00,0.000000e+00,1.000000e+00,1.255740e-01,0.000000e+00,0.000000e+00,1.827579e-02,6.720741e-02
8.67500,0.600000,0.500000,0.000000e+00,0.000000e+00,1.000000e+00,1.255740e-01,0.000000e+00,0.000000e+00,1.827579e-02,6.720742e-02
8.67750,0.600000,0.500000,0.000000e+00,0.000000e+00,1.000000e+00,1.255740e-01,0.000000e+00,0.000000e+00,1.827579e-02,6.720743e-02
8.68000,0.600000,0.500000,0.000000e+00,0.000000e+00,1.000000e+00,1.255740e-01,0.000000e+00,0.000000e+00,1.827579e-02,6.720743e-02
8.68250,0.600000,0.500000,0.000000e+00,0.000000e+00,1.000000e+00,1.255740e-01,0.000000e+00,0.000000e+00,1.827579e-02,6.720744e-02
8.68500,0.600000,0.500000,0.000000e+00,0.000000e+00,1.000000e+00,1.255740e-01,0.000000e+00,0.000000e+00,1.827579e-02,6.720745e-02
8.68750,0.600000,0.500000,0.000000e+00,0.000000e+00,1.000000e+00,1.255740e-01,0.000000e+00,0.000000e+00,1.827579e-02,6.720745e-02
8.69000,0.600000,0.500000,0.000000e+00,0.000000e+00,1.000000e+00,1.255740e-01,0.000000e+00,0.000000e+00,1.827580e-02,6.720746e-02
8.69250,0.600000,0.500000,0.000000e+00,0.000000e+00,1.000000e+00,1.255740e-01,0.000000e+00,0.000000e+00,1.827580e-02,6.720747e-02
8.69500,0.600000,0.500000,0.000000e+00,0.000000e+00,1.000000e+00,1.255740e-01,0.000000e+00,0.000000e+00,1.827580e-02,6.720748e-02
8.69750,0.600000,0.500000,0.000000e+00,0.000000e+00,1.000000e+00,1.255740e-01,0.000000e+00,0.000000e+00,1.827580e-02,6.720748e-02
8.70000,0.600000,0.500000,0.000000e+00,0.000000e+00,1.000000e+00,1.255740e-01,0.000000e+00,0.000000e+00,1.827580e-02,6.720749e-02
8.70250,0.600000,0.500000,0.000000e+00,0.000000e+00,1.000000e+00,1.255740e-01,0.000000e+00,0.000000e+00,1.827580e-02,6.720750e-02
8.70500,0.600000,0.500000,0.000000e+00,0.000000e+00,1.000000e+00,1.255740e-01,0.000000e+00,0.000000e+00,1.827580e-02,6.720750e-02
8.70750,0.600000,0.500000,0.000000e+00,0.000000e+00,1.000000e+00,1.255740e-01,0.000000e+00,0.000000e+00,1.827580e-02,6.720751e-02
8.71000,0.600000,0.500000,0.000000e+00,0.000000e+00,1.000000e+00,1.255740e-01,0.000000e+00,0.000000e+00,1.827580e-02,6.720752e-02
8.71250,0.600000,0.500000,0.000000e+00,0.000000e+00,1.000000e+00,1.255740e-01,0.000000e+00,0.000000e+00,1.827580e-02,6.720753e-02
8.71500,0.600000,0.500000,0.000000e+00,0.000000e+00,1.000000e+00,1.255740e-01,0.000000e+00,0.000000e+00,1.827580e-02,6.720753e-02
8.71750,0.600000,0.500000,0.000000e+00,0.000000e+00,1.000000e+00,1.255740e-01,0.000000e+00,0.000000e+00,1.827580e-02,6.720754e-02
8.72000,0.600000,0.500000,0.000000e+00,0.000000e+00,1.000000e+00,1.255740e-01,0.000000e+00,0.000000e+00,1.827580e-02,6.720755e-02
8.72250,0.600000,0.500000,0.000000e+00,0.000000e+00,1.000000e+00,1.255740e-01,0.000000e+00,0.000000e+00,1.827580e-02,6.720755e-02
8.72500,0.600000,0.500000,0.000000e+00,0.000000e+00,1.000000e+00,1.255740e-01,0.000000e+00,0.000000e+00,1.827580e-02,6.720756e-02
8.72750,0.600000,0.500000,0.000000e+00,0.000000e+00,1.000000e+00,1.255740e-01,0.000000e+00,0.000000e+00,1.827580e-02,6.720757e-02
8.73000,0.600000,0.500000,0.000000e+00,0.000000e+00,1.000000e+00,1.255740e-01,0.000000e+00,0.000000e+00,1.827581e-02,6.720757e-02
8.73250,0.600000,0.500000,0.000000e+00,0.000000e+00,1.000000e+00,1.255740e-01,0.000000e+00,0.000000e+00,1.827581e-02,6.720758e-02
8.73500,0.600000,0.500000,0.000000e+00,0.000000e+00,1.000000e+00,1.255740e-01,0.000000e+00,0.000000e+00,1.827581e-02,6.720759e-02
8.73750,0.600000,0.500000,0.000000e+00,0.000000e+00,1.000000e+00,1.255740e-01,0.000000e+00,0.000000e+00,1.827581e-02,6.720759e-02
8.74000,0.600000,0.500000,0.000000e+00,0.000000e+00,1.000000e+00,1.255740e-01,0.000000e+00,0.000000e+00,1.827581e-02,6.720760e-02
8.74250,0.600000,0.500000,0.000000e+00,0.000000e+00,1.000000e+00,1.255740e-01,0.000000e+00,0.000000e+00,1.827581e-02,6.720761e-02
8.74500,0.600000,0.500000,0.000000e+00,0.000000e+00,1.000000e+00,1.255740e-01,0.000000e+00,0.000000e+00,1.827581e-02,6.720761e-02
8.74750,0.600000,0.500000,0.000000e+00,0.000000e+00,1.000000e+00,1.255740e-01,0.000000e+00,0.000000e+00,1.827581e-02,6.720762e-02
8.75000,0.600000,0.500000,0.000000e+00,0.000000e+00,1.000000e+00,1.255740e-01,0.000000e+00,0.000000e+00,1.827581e-02,6.720763e-02
8.75250,0.600000,0.500000,0.000000e+00,0.000000e+00,1.000000e+00,1.255740e-01,0.000000e+00,0.000000e+00,1.827581e-02,6.720763e-02
8.75500,0.600000,0.500000,0.000000e+00,0.000000e+00,1.000000e+00,1.255740e-01,0.000000e+00,0.000000e+00,1.827581e-02,6.720764e-02
8.75750,0.600000,0.500000,0.000000e+00,0.000000e+00,1.000000e+00,1.255740e-01,0.000000e+00,0.000000e+00,1.827581e-02,6.720765e-02
8.76000,0.600000,0.500000,0.000000e+00,0.000000e+00,1.000000e+00,1.255740e-01,0.000000e+00,0.000000e+00,1.827581e-02,6.720765e-02
8.76250,0.600000,0.500000,0.000000e+00,0.000000e+00,1.000000e+00,1.255740e-01,0.000000e+00,0.000000e+00,1.827581e-02,6.720766e-02
8.76500,0.600000,0.500000,0.000000e+00,0.000000e+00,1.000000e+00,1.255740e-01,0.000000e+00,0.000000e+00,1.827581e-02,6.720767e-02
8.76750,0.600000,0.500000,0.000000e+00,0.000000e+00,1.000000e+00,1.255740e-01,0.000000e+00,0.000000e+00,1.827581e-02,6.720767e-02
8.77000,0.600000,0.500000,0.000000e+00,0.000000e+00,1.000000e+00,1.255740e-01,0.000000e+00,0.000000e+00,1.827582e-02,6.720768e-02
8.77250,0.600000,0.500000,0.000000e+00,0.000000e+00,1.000000e+00,1.255740e-01,0.000000e+00,0.000000e+00,1.827582e-02,6.720769e-02
8.77500,0.600000,0.500000,0.000000e+00,0.000000e+00,1.000000e+00,1.255740e-01,0.000000e+00,0.000000e+00,1.827582e-02,6.720769e-02
8.77750,0.600000,0.500000,0.000000e+00,0.000000e+00,1.000000e+00,1.255740e-01,0.000000e+00,0.000000e+00,1.827582e-02,6.720770e-02
8.78000,0.600000,0.500000,0.000000e+00,0.000000e+00,1.000000e+00,1.255740e-01,0.000000e+00,0.000000e+00,1.827582e-02,6.720771e-02
8.78250,0.600000,0.500000,0.000000e+00,0.000000e+00,1.000000e+00,1.255740e-01,0.000000e+00,0.000000e+00,1.827582e-02,6.720771e-02
8.78500,0.600000,0.500000,0.000000e+00,0.000000e+00,1.000000e+00,1.255740e-01,0.000000e+00,0.000000e+00,1.827582e-02,6.720772e-02
8.78750,0.600000,0.500000,0.000000e+00,0.000000e+00,1.000000e+00,1.255740e-01,0.000000e+00,0.000000e+00,1.827582e-02,6.720773e-02
8.79000,0.600000,0.500000,0.000000e+00,0.000000e+00,1.000000e+00,1.255740e-01,0.000000e+00,0.000000e+00,1.827582e-02,6.720773e-02
8.79250,0.600000,0.500000,0.000000e+00,0.000000e+00,1.000000e+00,1.255740e-01,0.000000e+00,0.000000e+00,1.827582e-02,6.720774e-02
8.79500,0.600000,0.500000,0.000000e+00,0.000000e+00,1.000000e+00,1.255740e-01,0.000000e+00,0.000000e+00,1.827582e-02,6.720774e-02
8.79750,0.600000,0.500000,0.000000e+00,0.000000e+00,1.000000e+00,1.255740e-01,0.000000e+00,0.000000e+00,1.827582e-02,6.720775e-02
8.80000,0.600000,0.500000,0.000000e+00,0.000000e+00,1.000000e+00,1.255740e-01,0.000000e+00,0.000000e+00,1.827582e-02,6.720776e-02
8.80250,0.600000,0.500000,0.000000e+00,0.000000e+00,1.000000e+00,1.255740e-01,0.000000e+00,0.000000e+00,1.827582e-02,6.720776e-02
8.80500,0.600000,0.500000,0.000000e+00,0.000000e+00,1.000000e+00,1.255740e-01,0.000000e+00,0.000000e+00,1.827582e-02,6.720777e-02
8.80750,0.600000,0.500000,0.000000e+00,0.000000e+00,1.000000e+00,1.255740e-01,0.000000e+00,0.000000e+00,1.827582e-02,6.720778e-02
8.81000,0.600000,0.500000,0.000000e+00,0.000000e+00,1.000000e+00,1.255740e-01,0.000000e+00,0.000000e+00,1.827582e-02,6.720778e-02
8.81250,0.600000,0.500000,0.000000e+00,0.000000e+00,1.000000e+00,1.255740e-01,0.000000e+00,0.000000e+00,1.827583e-02,6.720779e-02
8.81500,0.600000,0.500000,0.000000e+00,0.000000e+00,1.000000e+00,1.255740e-01,0.000000e+00,0.000000e+00,1.827583e-02,6.720779e-02
8.81750,0.600000,0.500000,0.000000e+00,0.000000e+00,1.000000e+00,1.255740e-01,0.000000e+00,0.000000e+00,1.827583e-02,6.720780e-02
8.82000,0.600000,0.500000,0.000000e+00,0.000000e+00,1.000000e+00,1.255740e-01,0.000000e+00,0.000000e+00,1.827583e-02,6.720781e-02
8.82250,0.600000,0.500000,0.000000e+00,0.000000e+00,1.000000e+00,1.255740e-01,0.000000e+00,0.000000e+00,1.827583e-02,6.720781e-02
8.82500,0.600000,0.500000,0.000000e+00,0.000000e+00,1.000000e+00,1.255740e-01,0.000000e+00,0.000000e+00,1.827583e-02,6.720782e-02
8.82750,0.600000,0.500000,0.000000e+00,0.000000e+00,1.000000e+00,1.255740e-01,0.000000e+00,0.000000e+00,1.827583e-02,6.720783e-02
8.83000,0.600000,0.500000,0.000000e+00,0.000000e+00,1.000000e+00,1.255740e-01,0.000000e+00,0.000000e+00,1.827583e-02,6.720783e-02
8.83250,0.600000,0.500000,0.000000e+00,0.000000e+00,1.000000e+00,1.255740e-01,0.000000e+00,0.000000e+00,1.827583e-02,6.720784e-02
8.83500,0.600000,0.500000,0.000000e+00,0.000000e+00,1.000000e+00,1.255740e-01,0.000000e+00,0.000000e+00,1.827583e-02,6.720784e-02
8.83750,0.600000,0.500000,0.000000e+00,0.000000e+00,1.000000e+00,1.255740e-01,0.000000e+00,0.000000e+00,1.827583e-02,6.720785e-02
8.84000,0.600000,0.500000,0.000000e+00,0.000000e+00,1.000000e+00,1.255740e-01,0.000000e+00,0.000000e+00,1.827583e-02,6.720786e-02
8.84250,0.600000,0.500000,0.000000e+00,0.000000e+00,1.000000e+00,1.255740e-01,0.000000e+00,0.000000e+00,1.827583e-02,6.720786e-02
8.84500,0.600000,0.500000,0.000000e+00,0.000000e+00,1.000000e+00,1.255740e-01,0.000000e+00,0.000000e+00,1.827583e-02,6.720787e-02
8.84750,0.600000,0.500000,0.000000e+00,0.000000e+00,1.000000e+00,1.255740e-01,0.000000e+00,0.000000e+00,1.827583e-02,6.720787e-02
8.85000,0.600000,0.500000,0.000000e+00,0.000000e+00,1.000000e+00,1.255740e-01,0.000000e+00,0.000000e+00,1.827583e-02,6.720788e-02
8.85250,0.600000,0.500000,0.000000e+00,0.000000e+00,1.000000e+00,1.255740e-01,0.000000e+00,0.000000e+00,1.827583e-02,6.720789e-02
8.85500,0.600000,0.500000,0.000000e+00,0.000000e+00,1.000000e+00,1.255740e-01,0.000000e+00,0.000000e+00,1.827583e-02,6.720789e-02
8.85750,0.600000,0.500000,0.000000e+00,0.000000e+00,1.000000e+00,1.255740e-01,0.000000e+00,0.000000e+00,1.827584e-02,6.720790e-02
8.86000,0.600000,0.500000,0.000000e+00,0.000000e+00,1.000000e+00,1.255740e-01,0.000000e+00,0.000000e+00,1.827584e-02,6.720790e-02
8.86250,0.600000,0.500000,0.000000e+00,0.000000e+00,1.000000e+00,1.255740e-01,0.000000e+00,0.000000e+00,1.827584e-02,6.720791e-02
8.86500,0.600000,0.500000,0.000000e+00,0.000000e+00,1.000000e+00,1.255740e-01,0.000000e+00,0.000000e+00,1.827584e-02,6.720792e-02
8.86750,0.600000,0.500000,0.000000e+00,0.000000e+00,1.000000e+00,1.255740e-01,0.000000e+00,0.000000e+00,1.827584e-02,6.720792e-02
8.87000,0.600000,0.500000,0.000000e+00,0.000000e+00,1.000000e+00,1.255740e-01,0.000000e+00,0.000000e+00,1.827584e-02,6.720793e-02
8.87250,0.600000,0.500000,0.000000e+00,0.000000e+00,1.000000e+00,1.255740e-01,0.000000e+00,0.000000e+00,1.827584e-02,6.720793e-02
8.87500,0.600000,0.500000,0.000000e+00,0.000000e+00,1.000000e+00,1.255740e-01,0.000000e+00,0.000000e+00,1.827584e-02,6.720794e-02
8.87750,0.600000,0.500000,0.000000e+00,0.000000e+00,1.000000e+00,1.255740e-01,0.000000e+00,0.000000e+00,1.827584e-02,6.720795e-02
8.88000,0.600000,0.500000,0.000000e+00,0.000000e+00,1.000000e+00,1.255740e-01,0.000000e+00,0.000000e+00,1.827584e-02,6.720795e-02
8.88250,0.600000,0.500000,0.000000e+00,0.000000e+00,1.000000e+00,1.255740e-01,0.000000e+00,0.000000e+00,1.827584e-02,6.720796e-02
8.88500,0.600000,0.500000,0.000000e+00,0.000000e+00,1.000000e+00,1.255740e-01,0.000000e+00,0.000000e+00,1.827584e-02,6.720796e-02
8.88750,0.600000,0.500000,0.000000e+00,0.000000e+00,1.000000e+00,1.255740e-01,0.000000e+00,0.000000e+00,1.827584e-02,6.720797e-02
8.89000,0.600000,0.500000,0.000000e+00,0.000000e+00,1.000000e+00,1.255740e-01,0.000000e+00,0.000000e+00,1.827584e-02,6.720797e-02
8.89250,0.600000,0.500000,0.000000e+00,0.000000e+00,1.000000e+00,1.255740e-01,0.000000e+00,0.000000e+00,1.827584e-02,6.720798e-02
8.89500,0.600000,0.500000,0.000000e+00,0.000000e+00,1.000000e+00,1.255740e-01,0.000000e+00,0.000000e+00,1.827584e-02,6.720799e-02
8.89750,0.600000,0.500000,0.000000e+00,0.000000e+00,1.000000e+00,1.255740e-01,0.000000e+00,0.000000e+00,1.827584e-02,6.720799e-02
8.90000,0.600000,0.500000,0.000000e+00,0.000000e+00,1.000000e+00,1.255740e-01,0.000000e+00,0.000000e+00,1.827584e-02,6.720800e-02
8.90250,0.600000,0.500000,0.000000e+00,0.000000e+00,1.000000e+00,1.255740e-01,0.000000e+00,0.000000e+00,1.827584e-02,6.720800e-02
8.90500,0.600000,0.500000,0.000000e+00,0.000000e+00,1.000000e+00,1.255740e-01,0.000000e+00,0.000000e+00,1.827585e-02,6.720801e-02
8.90750,0.600000,0.500000,0.000000e+00,0.000000e+00,1.000000e+00,1.255740e-01,0.000000e+00,0.000000e+00,1.827585e-02,6.720801e-02
8.91000,0.600000,0.500000,0.000000e+00,0.000000e+00,1.000000e+00,1.255740e-01,0.000000e+00,0.000000e+00,1.827585e-02,6.720802e-02
8.91250,0.600000,0.500000,0.000000e+00,0.000000e+00,1.000000e+00,1.255740e-01,0.000000e+00,0.000000e+00,1.827585e-02,6.720803e-02
8.91500,0.600000,0.500000,0.000000e+00,0.000000e+00,1.000000e+00,1.255740e-01,0.000000e+00,0.000000e+00,1.827585e-02,6.720803e-02
8.91750,0.600000,0.500000,0.000000e+00,0.000000e+00,1.000000e+00,1.255740e-01,0.000000e+00,0.000000e+00,1.827585e-02,6.720804e-02
8.92000,0.600000,0.500000,0.000000e+00,0.000000e+00,1.000000e+00,1.255740e-01,0.000000e+00,0.000000e+00,1.827585e-02,6.720804e-02
8.92250,0.600000,0.500000,0.000000e+00,0.000000e+00,1.000000e+00,1.255740e-01,0.000000e+00,0.000000e+00,1.827585e-02,6.720805e-02
8.92500,0.600000,0.500000,0.000000e+00,0.000000e+00,1.000000e+00,1.255740e-01,0.000000e+00,0.000000e+00,1.827585e-02,6.720805e-02
8.92750,0.600000,0.500000,0.000000e+00,0.000000e+00,1.000000e+00,1.255740e-01,0.000000e+00,0.000000e+00,1.827585e-02,6.720806e-02
8.93000,0.600000,0.500000,0.000000e+00,0.000000e+00,1.000000e+00,1.255740e-01,0.000000e+00,0.000000e+00,1.827585e-02,6.720806e-02
8.93250,0.600000,0.500000,0.000000e+00,0.000000e+00,1.000000e+00,1.255740e-01,0.000000e+00,0.000000e+00,1.827585e-02,6.720807e-02
8.93500,0.600000,0.500000,0.000000e+00,0.000000e+00,1.000000e+00,1.255740e-01,0.000000e+00,0.000000e+00,1.827585e-02,6.720808e-02
8.93750,0.600000,0.500000,0.000000e+00,0.000000e+00,1.000000e+00,1.255740e-01,0.000000e+00,0.000000e+00,1.827585e-02,6.720808e-02
8.94000,0.600000,0.500000,0.000000e+00,0.000000e+00,1.000000e+00,1.255740e-01,0.000000e+00,0.000000e+00,1.827585e-02,6.720809e-02
8.94250,0.600000,0.500000,0.000000e+00,0.000000e+00,1.000000e+00,1.255740e-01,0.000000e+00,0.000000e+00,1.827585e-02,6.720809e-02
8.94500,0.600000,0.500000,0.000000e+00,0.000000e+00,1.000000e+00,1.255740e-01,0.000000e+00,0.000000e+00,1.827585e-02,6.720810e-02
8.94750,0.600000,0.500000,0.000000e+00,0.000000e+00,1.000000e+00,1.255740e-01,0.000000e+00,0.000000e+00,1.827585e-02,6.720810e-02
8.95000,0.600000,0.500000,0.000000e+00,0.000000e+00,1.000000e+00,1.255740e-01,0.000000e+00,0.000000e+00,1.827585e-02,6.720811e-02
8.95250,0.600000,0.500000,0.000000e+00,0.000000e+00,1.000000e+00,1.255740e-01,0.000000e+00,0.000000e+00,1.827586e-02,6.720811e-02
8.95500,0.600000,0.500000,0.000000e+00,0.000000e+00,1.000000e+00,1.255740e-01,0.000000e+00,0.000000e+00,1.827586e-02,6.720812e-02
8.95750,0.600000,0.500000,0.000000e+00,0.000000e+00,1.000000e+00,1.255740e-01,0.000000e+00,0.000000e+00,1.827586e-02,6.720812e-02
8.96000,0.600000,0.500000,0.000000e+00,0.000000e+00,1.000000e+00,1.255740e-01,0.000000e+00,0.000000e+00,1.827586e-02,6.720813e-02
8.96250,0.600000,0.500000,0.000000e+00,0.000000e+00,1.000000e+00,1.255740e-01,0.000000e+00,0.000000e+00,1.827586e-02,6.720813e-02
8.96500,0.600000,0.500000,0.000000e+00,0.000000e+00,1.000000e+00,1.255740e-01,0.000000e+00,0.000000e+00,1.827586e-02,6.720814e-02
8.96750,0.600000,0.500000,0.000000e+00,0.000000e+00,1.000000e+00,1.255740e-01,0.000000e+00,0.000000e+00,1.827586e-02,6.720815e-02
8.97000,0.600000,0.500000,0.000000e+00,0.000000e+00,1.000000e+00,1.255740e-01,0.000000e+00,0.000000e+00,1.827586e-02,6.720815e-02
8.97250,0.600000,0.500000,0.000000e+00,0.000000e+00,1.000000e+00,1.255740e-01,0.000000e+00,0.000000e+00,1.827586e-02,6.720816e-02
8.97500,0.600000,0.500000,0.000000e+00,0.000000e+00,1.000000e+00,1.255740e-01,0.000000e+00,0.000000e+00,1.827586e-02,6.720816e-02
8.97750,0.600000,0.500000,0.000000e+00,0.000000e+00,1.000000e+00,1.255740e-01,0.000000e+00,0.000000e+00,1.827586e-02,6.720817e-02
8.98000,0.600000,0.500000,0.000000e+00,0.000000e+00,1.000000e+00,1.255740e-01,0.000000e+00,0.000000e+00,1.827586e-02,6.720817e-02
8.98250,0.600000,0.500000,0.000000e+00,0.000000e+00,1.000000e+00,1.255740e-01,0.000000e+00,0.000000e+00,1.827586e-02,6.720818e-02
8.98500,0.600000,0.500000,0.000000e+00,0.000000e+00,1.000000e+00,1.255740e-01,0.000000e+00,0.000000e+00,1.827586e-02,6.720818e-02
8.98750,0.600000,0.500000,0.000000e+00,0.000000e+00,1.000000e+00,1.255740e-01,0.000000e+00,0.000000e+00,1.827586e-02,6.720819e-02
8.99000,0.600000,0.500000,0.000000e+00,0.000000e+00,1.000000e+00,1.255740e-01,0.000000e+00,0.000000e+00,1.827586e-02,6.720819e-02
8.99250,0.600000,0.500000,0.000000e+00,0.000000e+00,1.000000e+00,1.255740e-01,0.000000e+00,0.000000e+00,1.827586e-02,6.720820e-02
8.99500,0.600000,0.500000,0.000000e+00,0.000000e+00,1.000000e+00,1.255740e-01,0.000000e+00,0.000000e+00,1.827586e-02,6.720820e-02
8.99750,0.600000,0.500000,0.000000e+00,0.000000e+00,1.000000e+00,1.255740e-01,0.000000e+00,0.000000e+00,1.827586e-02,6.720821e-02
9.00000,0.600000,0.500000,0.000000e+00,0.000000e+00,1.000000e+00,1.255740e-01,0.000000e+00,0.000000e+00,1.827586e-02,6.720821e-02
9.00250,0.600000,0.500000,0.000000e+00,0.000000e+00,1.000000e+00,1.255740e-01,0.000000e+00,0.000000e+00,1.827586e-02,6.720822e-02
9.00500,0.600000,0.500000,0.000000e+00,0.000000e+00,1.000000e+00,1.255740e-01,0.000000e+00,0.000000e+00,1.827587e-02,6.720822e-02
9.00750,0.600000,0.500000,0.000000e+00,0.000000e+00,1.000000e+00,1.255740e-01,0.000000e+00,0.000000e+00,1.827587e-02,6.720823e-02
9.01000,0.600000,0.500000,0.000000e+00,0.000000e+00,1.000000e+00,1.255740e-01,0.000000e+00,0.000000e+00,1.827587e-02,6.720823e-02
9.01250,0.600000,0.500000,0.000000e+00,0.000000e+00,1.000000e+00,1.255740e-01,0.000000e+00,0.000000e+00,1.827587e-02,6.720824e-02
9.01500,0.600000,0.500000,0.000000e+00,0.000000e+00,1.000000e+00,1.255740e-01,0.000000e+00,0.000000e+00,1.827587e-02,6.720824e-02
9.01750,0.600000,0.500000,0.000000e+00,0.000000e+00,1.000000e+00,1.255740e-01,0.000000e+00,0.000000e+00,1.827587e-02,6.720825e-02
9.02000,0.600000,0.500000,0.000000e+00,0.000000e+00,1.000000e+00,1.255740e-01,0.000000e+00,0.000000e+00,1.827587e-02,6.720825e-02
9.02250,0.600000,0.500000,0.000000e+00,0.000000e+00,1.000000e+00,1.255740e-01,0.000000e+00,0.000000e+00,1.827587e-02,6.720826e-02
9.02500,0.600000,0.500000,0.000000e+00,0.000000e+00,1.000000e+00,1.255740e-01,0.000000e+00,0.000000e+00,1.827587e-02,6.720826e-02
9.02750,0.600000,0.500000,0.000000e+00,0.000000e+00,1.000000e+00,1.255740e-01,0.000000e+00,0.000000e+00,1.827587e-02,6.720827e-02
9.03000,0.600000,0.500000,0.000000e+00,0.000000e+00,1.000000e+00,1.255740e-01,0.000000e+00,0.000000e+00,1.827587e-02,6.720827e-02
9.03250,0.600000,0.500000,0.000000e+00,0.000000e+00,1.000000e+00,1.255740e-01,0.000000e+00,0.000000e+00,1.827587e-02,6.720828e-02
9.03500,0.600000,0.500000,0.000000e+00,0.000000e+00,1.000000e+00,1.255740e-01,0.000000e+00,0.000000e+00,1.827587e-02,6.720828e-02
9.03750,0.600000,0.500000,0.000000e+00,0.000000e+00,1.000000e+00,1.255740e-01,0.000000e+00,0.000000e+00,1.827587e-02,6.720829e-02
9.04000,0.600000,0.500000,0.000000e+00,0.000000e+00,1.000000e+00,1.255740e-01,0.000000e+00,0.000000e+00,1.827587e-02,6.720829e-02
9.04250,0.600000,0.500000,0.000000e+00,0.000000e+00,1.000000e+00,1.255740e-01,0.000000e+00,0.000000e+00,1.827587e-02,6.720830e-02
9.04500,0.600000,0.500000,0.000000e+00,0.000000e+00,1.000000e+00,1.255740e-01,0.000000e+00,0.000000e+00,1.827587e-02,6.720830e-02
9.04750,0.600000,0.500000,0.000000e+00,0.000000e+00,1.000000e+00,1.255740e-01,0.000000e+00,0.000000e+00,1.827587e-02,6.720831e-02
9.05000,0.600000,0.500000,0.000000e+00,0.000000e+00,1.000000e+00,1.255740e-01,0.000000e+00,0.000000e+00,1.827587e-02,6.720831e-02
9.05250,0.600000,0.500000,0.000000e+00,0.000000e+00,1.000000e+00,1.255740e-01,0.000000e+00,0.000000e+00,1.827587e-02,6.720832e-02
9.05500,0.600000,0.500000,0.000000e+00,0.000000e+00,1.000000e+00,1.255740e-01,0.000000e+00,0.000000e+00,1.827587e-02,6.720832e-02
9.05750,0.600000,0.500000,0.000000e+00,0.000000e+00,1.000000e+00,1.255740e-01,0.000000e+00,0.000000e+00,1.827587e-02,6.720833e-02
9.06000,0.600000,0.500000,0.000000e+00,0.000000e+00,1.000000e+00,1.255740e-01,0.000000e+00,0.000000e+00,1.827588e-02,6.720833e-02
9.06250,0.600000,0.500000,0.000000e+00,0.000000e+00,1.000000e+00,1.255740e-01,0.000000e+00,0.000000e+00,1.827588e-02,6.720834e-02
9.06500,0.600000,0.500000,0.000000e+00,0.000000e+00,1.000000e+00,1.255740e-01,0.000000e+00,0.000000e+00,1.827588e-02,6.720834e-02
9.06750,0.600000,0.500000,0.000000e+00,0.000000e+00,1.000000e+00,1.255740e-01,0.000000e+00,0.000000e+00,1.827588e-02,6.720835e-02
9.07000,0.600000,0.500000,0.000000e+00,0.000000e+00,1.000000e+00,1.255740e-01,0.000000e+00,0.000000e+00,1.827588e-02,6.720835e-02
9.07250,0.600000,0.500000,0.000000e+00,0.000000e+00,1.000000e+00,1.255740e-01,0.000000e+00,0.000000e+00,1.827588e-02,6.720836e-02
9.07500,0.600000,0.500000,0.000000e+00,0.000000e+00,1.000000e+00,1.255740e-01,0.000000e+00,0.000000e+00,1.827588e-02,6.720836e-02
9.07750,0.600000,0.500000,0.000000e+00,0.000000e+00,1.000000e+00,1.255740e-01,0.000000e+00,0.000000e+00,1.827588e-02,6.720836e-02
9.08000,0.600000,0.500000,0.000000e+00,0.000000e+00,1.000000e+00,1.255740e-01,0.000000e+00,0.000000e+00,1.827588e-02,6.720837e-02
9.08250,0.600000,0.500000,0.000000e+00,0.000000e+00,1.000000e+00,1.255740e-01,0.000000e+00,0.000000e+00,1.827588e-02,6.720837e-02
9.08500,0.600000,0.500000,0.000000e+00,0.000000e+00,1.000000e+00,1.255740e-01,0.000000e+00,0.000000e+00,1.827588e-02,6.720838e-02
9.08750,0.600000,0.500000,0.000000e+00,0.000000e+00,1.000000e+00,1.255740e-01,0.000000e+00,0.000000e+00,1.827588e-02,6.720838e-02
9.09000,0.600000,0.500000,0.000000e+00,0.000000e+00,1.000000e+00,1.255740e-01,0.000000e+00,0.000000e+00,1.827588e-02,6.720839e-02
9.09250,0.600000,0.500000,0.000000e+00,0.000000e+00,1.000000e+00,1.255740e-01,0.000000e+00,0.000000e+00,1.827588e-02,6.720839e-02
9.09500,0.600000,0.500000,0.000000e+00,0.000000e+00,1.000000e+00,1.255740e-01,0.000000e+00,0.000000e+00,1.827588e-02,6.720840e-02
9.09750,0.600000,0.500000,0.000000e+00,0.000000e+00,1.000000e+00,1.255740e-01,0.000000e+00,0.000000e+00,1.827588e-02,6.720840e-02
9.10000,0.600000,0.500000,0.000000e+00,0.000000e+00,1.000000e+00,1.255740e-01,0.000000e+00,0.000000e+00,1.827588e-02,6.720841e-02
9.10250,0.600000,0.500000,0.000000e+00,0.000000e+00,1.000000e+00,1.255740e-01,0.000000e+00,0.000000e+00,1.827588e-02,6.720841e-02
9.10500,0.600000,0.500000,0.000000e+00,0.000000e+00,1.000000e+00,1.255740e-01,0.000000e+00,0.000000e+00,1.827588e-02,6.720842e-02
9.10750,0.600000,0.500000,0.000000e+00,0.000000e+00,1.000000e+00,1.255740e-01,0.000000e+00,0.000000e+00,1.827588e-02,6.720842e-02
9.11000,0.600000,0.500000,0.000000e+00,0.000000e+00,1.000000e+00,1.255740e-01,0.000000e+00,0.000000e+00,1.827588e-02,6.720843e-02
9.11250,0.600000,0.500000,0.000000e+00,0.000000e+00,1.000000e+00,1.255740e-01,0.000000e+00,0.000000e+00,1.827588e-02,6.720843e-02
9.11500,0.600000,0.500000,0.000000e+00,0.000000e+00,1.000000e+00,1.255740e-01,0.000000e+00,0.000000e+00,1.827588e-02,6.720843e-02
9.11750,0.600000,0.500000,0.000000e+00,0.000000e+00,1.000000e+00,1.255740e-01,0.000000e+00,0.000000e+00,1.827588e-02,6.720844e-02
9.12000,0.600000,0.500000,0.000000e+00,0.000000e+00,1.000000e+00,1.255740e-01,0.000000e+00,0.000000e+00,1.827589e-02,6.720844e-02
9.12250,0.600000,0.500000,0.000000e+00,0.000000e+00,1.000000e+00,1.255740e-01,0.000000e+00,0.000000e+00,1.827589e-02,6.720845e-02
9.12500,0.600000,0.500000,0.000000e+00,0.000000e+00,1.000000e+00,1.255740e-01,0.000000e+00,0.000000e+00,1.827589e-02,6.720845e-02
9.12750,0.600000,0.500000,0.000000e+00,0.000000e+00,1.000000e+00,1.255740e-01,0.000000e+00,0.000000e+00,1.827589e-02,6.720846e-02
9.13000,0.600000,0.500000,0.000000e+00,0.000000e+00,1.000000e+00,1.255740e-01,0.000000e+00,0.000000e+00,1.827589e-02,6.720846e-02
9.13250,0.600000,0.500000,0.000000e+00,0.000000e+00,1.000000e+00,1.255740e-01,0.000000e+00,0.000000e+00,1.827589e-02,6.720847e-02
9.13500,0.600000,0.500000,0.000000e+00,0.000000e+00,1.000000e+00,1.255740e-01,0.000000e+00,0.000000e+00,1.827589e-02,6.720847e-02
9.13750,0.600000,0.500000,0.000000e+00,0.000000e+00,1.000000e+00,1.255740e-01,0.000000e+00,0.000000e+00,1.827589e-02,6.720847e-02
9.14000,0.600000,0.500000,0.000000e+00,0.000000e+00,1.000000e+00,1.255740e-01,0.000000e+00,0.000000e+00,1.827589e-02,6.720848e-02
9.14250,0.600000,0.500000,0.000000e+00,0.000000e+00,1.000000e+00,1.255740e-01,0.000000e+00,0.000000e+00,1.827589e-02,6.720848e-02
9.14500,0.600000,0.500000,0.000000e+00,0.000000e+00,1.000000e+00,1.255740e-01,0.000000e+00,0.000000e+00,1.827589e-02,6.720849e-02
9.14750,0.600000,0.500000,0.000000e+00,0.000000e+00,1.000000e+00,1.255740e-01,0.000000e+00,0.000000e+00,1.827589e-02,6.720849e-02
9.15000,0.600000,0.500000,0.000000e+00,0.000000e+00,1.000000e+00,1.255740e-01,0.000000e+00,0.000000e+00,1.827589e-02,6.720850e-02
9.15250,0.600000,0.500000,0.000000e+00,0.000000e+00,1.000000e+00,1.255740e-01,0.000000e+00,0.000000e+00,1.827589e-02,6.720850e-02
9.15500,0.600000,0.500000,0.000000e+00,0.000000e+00,1.000000e+00,1.255740e-01,0.000000e+00,0.000000e+00,1.827589e-02,6.720850e-02
9.15750,0.600000,0.500000,0.000000e+00,0.000000e+00,1.000000e+00,1.255740e-01,0.000000e+00,0.000000e+00,1.827589e-02,6.720851e-02
9.16000,0.600000,0.500000,0.000000e+00,0.000000e+00,1.000000e+00,1.255740e-01,0.000000e+00,0.000000e+00,1.827589e-02,6.720851e-02
9.16250,0.600000,0.500000,0.000000e+00,0.000000e+00,1.000000e+00,1.255740e-01,0.000000e+00,0.000000e+00,1.827589e-02,6.720852e-02
9.16500,0.600000,0.500000,0.000000e+00,0.000000e+00,1.000000e+00,1.255740e-01,0.000000e+00,0.000000e+00,1.827589e-02,6.720852e-02
9.16750,0.600000,0.500000,0.000000e+00,0.000000e+00,1.000000e+00,1.255740e-01,0.000000e+00,0.000000e+00,1.827589e-02,6.720853e-02
9.17000,0.600000,0.500000,0.000000e+00,0.000000e+00,1.000000e+00,1.255740e-01,0.000000e+00,0.000000e+00,1.827589e-02,6.720853e-02
9.17250,0.600000,0.500000,0.000000e+00,0.000000e+00,1.000000e+00,1.255740e-01,0.000000e+00,0.000000e+00,1.827589e-02,6.720853e-02
9.17500,0.600000,0.500000,0.000000e+00,0.000000e+00,1.000000e+00,1.255740e-01,0.000000e+00,0.000000e+00,1.827589e-02,6.720854e-02
9.17750,0.600000,0.500000,0.000000e+00,0.000000e+00,1.000000e+00,1.255740e-01,0.000000e+00,0.000000e+00,1.827589e-02,6.720854e-02
9.18000,0.600000,0.500000,0.000000e+00,0.000000e+00,1.000000e+00,1.255740e-01,0.000000e+00,0.000000e+00,1.827589e-02,6.720855e-02
9.18250,0.600000,0.500000,0.000000e+00,0.000000e+00,1.000000e+00,1.255740e-01,0.000000e+00,0.000000e+00,1.827590e-02,6.720855e-02
9.18500,0.600000,0.500000,0.000000e+00,0.000000e+00,1.000000e+00,1.255740e-01,0.000000e+00,0.000000e+00,1.827590e-02,6.720856e-02
9.18750,0.600000,0.500000,0.000000e+00,0.000000e+00,1.000000e+00,1.255740e-01,0.000000e+00,0.000000e+00,1.827590e-02,6.720856e-02
9.19000,0.600000,0.500000,0.000000e+00,0.000000e+00,1.000000e+00,1.255740e-01,0.000000e+00,0.000000e+00,1.827590e-02,6.720856e-02
9.19250,0.600000,0.500000,0.000000e+00,0.000000e+00,1.000000e+00,1.255740e-01,0.000000e+00,0.000000e+00,1.827590e-02,6.720857e-02
9.19500,0.600000,0.500000,0.000000e+00,0.000000e+00,1.000000e+00,1.255740e-01,0.000000e+00,0.000000e+00,1.827590e-02,6.720857e-02
9.19750,0.600000,0.500000,0.000000e+00,0.000000e+00,1.000000e+00,1.255740e-01,0.000000e+00,0.000000e+00,1.827590e-02,6.720858e-02
9.20000,0.600000,0.500000,0.000000e+00,0.000000e+00,1.000000e+00,1.255740e-01,0.000000e+00,0.000000e+00,1.827590e-02,6.720858e-02
9.20250,0.600000,0.500000,0.000000e+00,0.000000e+00,1.000000e+00,1.255740e-01,0.000000e+00,0.000000e+00,1.827590e-02,6.720858e-02
9.20500,0.600000,0.500000,0.000000e+00,0.000000e+00,1.000000e+00,1.255740e-01,0.000000e+00,0.000000e+00,1.827590e-02,6.720859e-02
9.20750,0.600000,0.500000,0.000000e+00,0.000000e+00,1.000000e+00,1.255740e-01,0.000000e+00,0.000000e+00,1.827590e-02,6.720859e-02
9.21000,0.600000,0.500000,0.000000e+00,0.000000e+00,1.000000e+00,1.255740e-01,0.000000e+00,0.000000e+00,1.827590e-02,6.720860e-02
9.21250,0.600000,0.500000,0.000000e+00,0.000000e+00,1.000000e+00,1.255740e-01,0.000000e+00,0.000000e+00,1.827590e-02,6.720860e-02
9.21500,0.600000,0.500000,0.000000e+00,0.000000e+00,1.000000e+00,1.255740e-01,0.000000e+00,0.000000e+00,1.827590e-02,6.720861e-02
9.21750,0.600000,0.500000,0.000000e+00,0.000000e+00,1.000000e+00,1.255740e-01,0.000000e+00,0.000000e+00,1.827590e-02,6.720861e-02
9.22000,0.600000,0.500000,0.000000e+00,0.000000e+00,1.000000e+00,1.255740e-01,0.000000e+00,0.000000e+00,1.827590e-02,6.720861e-02
9.22250,0.600000,0.500000,0.000000e+00,0.000000e+00,1.000000e+00,1.255740e-01,0.000000e+00,0.000000e+00,1.827590e-02,6.720862e-02
9.22500,0.600000,0.500000,0.000000e+00,0.000000e+00,1.000000e+00,1.255740e-01,0.000000e+00,0.000000e+00,1.827590e-02,6.720862e-02
9.22750,0.600000,0.500000,0.000000e+00,0.000000e+00,1.000000e+00,1.255740e-01,0.000000e+00,0.000000e+00,1.827590e-02,6.720863e-02
9.23000,0.600000,0.500000,0.000000e+00,0.000000e+00,1.000000e+00,1.255740e-01,0.000000e+00,0.000000e+00,1.827590e-02,6.720863e-02
9.23250,0.600000,0.500000,0.000000e+00,0.000000e+00,1.000000e+00,1.255740e-01,0.000000e+00,0.000000e+00,1.827590e-02,6.720863e-02
9.23500,0.600000,0.500000,0.000000e+00,0.000000e+00,1.000000e+00,1.255740e-01,0.000000e+00,0.000000e+00,1.827590e-02,6.720864e-02
9.23750,0.600000,0.500000,0.000000e+00,0.000000e+00,1.000000e+00,1.255740e-01,0.000000e+00,0.000000e+00,1.827590e-02,6.720864e-02
9.24000,0.600000,0.500000,0.000000e+00,0.000000e+00,1.000000e+00,1.255740e-01,0.000000e+00,0.000000e+00,1.827590e-02,6.720865e-02
9.24250,0.600000,0.500000,0.000000e+00,0.000000e+00,1.000000e+00,1.255740e-01,0.000000e+00,0.000000e+00,1.827590e-02,6.720865e-02
9.24500,0.600000,0.500000,0.000000e+00,0.000000e+00,1.000000e+00,1.255740e-01,0.000000e+00,0.000000e+00,1.827590e-02,6.720865e-02
9.24750,0.600000,0.500000,0.000000e+00,0.000000e+00,1.000000e+00,1.255740e-01,0.000000e+00,0.000000e+00,1.827591e-02,6.720866e-02
9.25000,0.600000,0.500000,0.000000e+00,0.000000e+00,1.000000e+00,1.255740e-01,0.000000e+00,0.000000e+00,1.827591e-02,6.720866e-02
9.25250,0.600000,0.500000,0.000000e+00,0.000000e+00,1.000000e+00,1.255740e-01,0.000000e+00,0.000000e+00,1.827591e-02,6.720867e-02
9.25500,0.600000,0.500000,0.000000e+00,0.000000e+00,1.000000e+00,1.255740e-01,0.000000e+00,0.000000e+00,1.827591e-02,6.720867e-02
9.25750,0.600000,0.500000,0.000000e+00,0.000000e+00,1.000000e+00,1.255740e-01,0.000000e+00,0.000000e+00,1.827591e-02,6.720867e-02
9.26000,0.600000,0.500000,0.000000e+00,0.000000e+00,1.000000e+00,1.255740e-01,0.000000e+00,0.000000e+00,1.827591e-02,6.720868e-02
9.26250,0.600000,0.500000,0.000000e+00,0.000000e+00,1.000000e+00,1.255740e-01,0.000000e+00,0.000000e+00,1.827591e-02,6.720868e-02
9.26500,0.600000,0.500000,0.000000e+00,0.000000e+00,1.000000e+00,1.255740e-01,0.000000e+00,0.000000e+00,1.827591e-02,6.720868e-02
9.26750,0.600000,0.500000,0.000000e+00,0.000000e+00,1.000000e+00,1.255740e-01,0.000000e+00,0.000000e+00,1.827591e-02,6.720869e-02
9.27000,0.600000,0.500000,0.000000e+00,0.000000e+00,1.000000e+00,1.255740e-01,0.000000e+00,0.000000e+00,1.827591e-02,6.720869e-02
9.27250,0.600000,0.500000,0.000000e+00,0.000000e+00,1.000000e+00,1.255740e-01,0.000000e+00,0.000000e+00,1.827591e-02,6.720870e-02
9.27500,0.600000,0.500000,0.000000e+00,0.000000e+00,1.000000e+00,1.255740e-01,0.000000e+00,0.000000e+00,1.827591e-02,6.720870e-02
9.27750,0.600000,0.500000,0.000000e+00,0.000000e+00,1.000000e+00,1.255740e-01,0.000000e+00,0.000000e+00,1.827591e-02,6.720870e-02
9.28000,0.600000,0.500000,0.000000e+00,0.000000e+00,1.000000e+00,1.255740e-01,0.000000e+00,0.000000e+00,1.827591e-02,6.720871e-02
9.28250,0.600000,0.500000,0.000000e+00,0.000000e+00,1.000000e+00,1.255740e-01,0.000000e+00,0.000000e+00,1.827591e-02,6.720871e-02
9.28500,0.600000,0.500000,0.000000e+00,0.000000e+00,1.000000e+00,1.255740e-01,0.000000e+00,0.000000e+00,1.827591e-02,6.720871e-02
9.28750,0.600000,0.500000,0.000000e+00,0.000000e+00,1.000000e+00,1.255740e-01,0.000000e+00,0.000000e+00,1.827591e-02,6.720872e-02
9.29000,0.600000,0.500000,0.000000e+00,0.000000e+00,1.000000e+00,1.255740e-01,0.000000e+00,0.000000e+00,1.827591e-02,6.720872e-02
9.29250,0.600000,0.500000,0.000000e+00,0.000000e+00,1.000000e+00,1.255740e-01,0.000000e+00,0.000000e+00,1.827591e-02,6.720873e-02
9.29500,0.600000,0.500000,0.000000e+00,0.000000e+00,1.000000e+00,1.255740e-01,0.000000e+00,0.000000e+00,1.827591e-02,6.720873e-02
9.29750,0.600000,0.500000,0.000000e+00,0.000000e+00,1.000000e+00,1.255740e-01,0.000000e+00,0.000000e+00,1.827591e-02,6.720873e-02
9.30000,0.600000,0.500000,0.000000e+00,0.000000e+00,1.000000e+00,1.255740e-01,0.000000e+00,0.000000e+00,1.827591e-02,6.720874e-02
9.30250,0.600000,0.500000,0.000000e+00,0.000000e+00,1.000000e+00,1.255740e-01,0.000000e+00,0.000000e+00,1.827591e-02,6.720874e-02
9.30500,0.600000,0.500000,0.000000e+00,0.000000e+00,1.000000e+00,1.255740e-01,0.000000e+00,0.000000e+00,1.827591e-02,6.720874e-02
9.30750,0.600000,0.500000,0.000000e+00,0.000000e+00,1.000000e+00,1.255740e-01,0.000000e+00,0.000000e+00,1.827591e-02,6.720875e-02
9.31000,0.600000,0.500000,0.000000e+00,0.000000e+00,1.000000e+00,1.255740e-01,0.000000e+00,0.000000e+00,1.827591e-02,6.720875e-02
9.31250,0.600000,0.500000,0.000000e+00,0.000000e+00,1.000000e+00,1.255740e-01,0.000000e+00,0.000000e+00,1.827591e-02,6.720876e-02
9.31500,0.600000,0.500000,0.000000e+00,0.000000e+00,1.000000e+00,1.255740e-01,0.000000e+00,0.000000e+00,1.827591e-02,6.720876e-02
9.31750,0.600000,0.500000,0.000000e+00,0.000000e+00,1.000000e+00,1.255740e-01,0.000000e+00,0.000000e+00,1.827591e-02,6.720876e-02
9.32000,0.600000,0.500000,0.000000e+00,0.000000e+00,1.000000e+00,1.255740e-01,0.000000e+00,0.000000e+00,1.827592e-02,6.720877e-02
9.32250,0.600000,0.500000,0.000000e+00,0.000000e+00,1.000000e+00,1.255740e-01,0.000000e+00,0.000000e+00,1.827592e-02,6.720877e-02
9.32500,0.600000,0.500000,0.000000e+00,0.000000e+00,1.000000e+00,1.255740e-01,0.000000e+00,0.000000e+00,1.827592e-02,6.720877e-02
9.32750,0.600000,0.500000,0.000000e+00,0.000000e+00,1.000000e+00,1.255740e-01,0.000000e+00,0.000000e+00,1.827592e-02,6.720878e-02
9.33000,0.600000,0.500000,0.000000e+00,0.000000e+00,1.000000e+00,1.255740e-01,0.000000e+00,0.000000e+00,1.827592e-02,6.720878e-02
9.33250,0.600000,0.500000,0.000000e+00,0.000000e+00,1.000000e+00,1.255740e-01,0.000000e+00,0.000000e+00,1.827592e-02,6.720878e-02
9.33500,0.600000,0.500000,0.000000e+00,0.000000e+00,1.000000e+00,1.255740e-01,0.000000e+00,0.000000e+00,1.827592e-02,6.720879e-02
9.33750,0.600000,0.500000,0.000000e+00,0.000000e+00,1.000000e+00,1.255740e-01,0.000000e+00,0.000000e+00,1.827592e-02,6.720879e-02
9.34000,0.600000,0.500000,0.000000e+00,0.000000e+00,1.000000e+00,1.255740e-01,0.000000e+00,0.000000e+00,1.827592e-02,6.720880e-02
9.34250,0.600000,0.500000,0.000000e+00,0.000000e+00,1.000000e+00,1.255740e-01,0.000000e+00,0.000000e+00,1.827592e-02,6.720880e-02
9.34500,0.600000,0.500000,0.000000e+00,0.000000e+00,1.000000e+00,1.255740e-01,0.000000e+00,0.000000e+00,1.827592e-02,6.720880e-02
9.34750,0.600000,0.500000,0.000000e+00,0.000000e+00,1.000000e+00,1.255740e-01,0.000000e+00,0.000000e+00,1.827592e-02,6.720881e-02
9.35000,0.600000,0.500000,0.000000e+00,0.000000e+00,1.000000e+00,1.255740e-01,0.000000e+00,0.000000e+00,1.827592e-02,6.720881e-02
9.35250,0.600000,0.500000,0.000000e+00,0.000000e+00,1.000000e+00,1.255740e-01,0.000000e+00,0.000000e+00,1.827592e-02,6.720881e-02
9.35500,0.600000,0.500000,0.000000e+00,0.000000e+00,1.000000e+00,1.255740e-01,0.000000e+00,0.000000e+00,1.827592e-02,6.720882e-02
9.35750,0.600000,0.500000,0.000000e+00,0.000000e+00,1.000000e+00,1.255740e-01,0.000000e+00,0.000000e+00,1.827592e-02,6.720882e-02
9.36000,0.600000,0.500000,0.000000e+00,0.000000e+00,1.000000e+00,1.255740e-01,0.000000e+00,0.000000e+00,1.827592e-02,6.720882e-02
9.36250,0.600000,0.500000,0.000000e+00,0.000000e+00,1.000000e+00,1.255740e-01,0.000000e+00,0.000000e+00,1.827592e-02,6.720883e-02
9.36500,0.600000,0.500000,0.000000e+00,0.000000e+00,1.000000e+00,1.255740e-01,0.000000e+00,0.000000e+00,1.827592e-02,6.720883e-02
9.36750,0.600000,0.500000,0.000000e+00,0.000000e+00,1.000000e+00,1.255740e-01,0.000000e+00,0.000000e+00,1.827592e-02,6.720883e-02
9.37000,0.600000,0.500000,0.000000e+00,0.000000e+00,1.000000e+00,1.255740e-01,0.000000e+00,0.000000e+00,1.827592e-02,6.720884e-02
9.37250,0.600000,0.500000,0.000000e+00,0.000000e+00,1.000000e+00,1.255740e-01,0.000000e+00,0.000000e+00,1.827592e-02,6.720884e-02
9.37500,0.600000,0.500000,0.000000e+00,0.000000e+00,1.000000e+00,1.255740e-01,0.000000e+00,0.000000e+00,1.827592e-02,6.720884e-02
9.37750,0.600000,0.500000,0.000000e+00,0.000000e+00,1.000000e+00,1.255740e-01,0.000000e+00,0.000000e+00,1.827592e-02,6.720885e-02
9.38000,0.600000,0.500000,0.000000e+00,0.000000e+00,1.000000e+00,1.255740e-01,0.000000e+00,0.000000e+00,1.827592e-02,6.720885e-02
9.38250,0.600000,0.500000,0.000000e+00,0.000000e+00,1.000000e+00,1.255740e-01,0.000000e+00,0.000000e+00,1.827592e-02,6.720885e-02
9.38500,0.600000,0.500000,0.000000e+00,0.000000e+00,1.000000e+00,1.255740e-01,0.000000e+00,0.000000e+00,1.827592e-02,6.720886e-02
9.38750,0.600000,0.500000,0.000000e+00,0.000000e+00,1.000000e+00,1.255740e-01,0.000000e+00,0.000000e+00,1.827592e-02,6.720886e-02
9.39000,0.600000,0.500000,0.000000e+00,0.000000e+00,1.000000e+00,1.255740e-01,0.000000e+00,0.000000e+00,1.827592e-02,6.720886e-02
9.39250,0.600000,0.500000,0.000000e+00,0.000000e+00,1.000000e+00,1.255740e-01,0.000000e+00,0.000000e+00,1.827592e-02,6.720887e-02
9.39500,0.600000,0.500000,0.000000e+00,0.000000e+00,1.000000e+00,1.255740e-01,0.000000e+00,0.000000e+00,1.827592e-02,6.720887e-02
9.39750,0.600000,0.500000,0.000000e+00,0.000000e+00,1.000000e+00,1.255740e-01,0.000000e+00,0.000000e+00,1.827592e-02,6.720887e-02
9.40000,0.600000,0.500000,0.000000e+00,0.000000e+00,1.000000e+00,1.255740e-01,0.000000e+00,0.000000e+00,1.827593e-02,6.720888e-02
9.40250,0.600000,0.500000,0.000000e+00,0.000000e+00,1.000000e+00,1.255740e-01,0.000000e+00,0.000000e+00,1.827593e-02,6.720888e-02
9.40500,0.600000,0.500000,0.000000e+00,0.000000e+00,1.000000e+00,1.255740e-01,0.000000e+00,0.000000e+00,1.827593e-02,6.720888e-02
9.40750,0.600000,0.500000,0.000000e+00,0.000000e+00,1.000000e+00,1.255740e-01,0.000000e+00,0.000000e+00,1.827593e-02,6.720889e-02
9.41000,0.600000,0.500000,0.000000e+00,0.000000e+00,1.000000e+00,1.255740e-01,0.000000e+00,0.000000e+00,1.827593e-02,6.720889e-02
9.41250,0.600000,0.500000,0.000000e+00,0.000000e+00,1.000000e+00,1.255740e-01,0.000000e+00,0.000000e+00,1.827593e-02,6.720889e-02
9.41500,0.600000,0.500000,0.000000e+00,0.000000e+00,1.000000e+00,1.255740e-01,0.000000e+00,0.000000e+00,1.827593e-02,6.720890e-02
9.41750,0.600000,0.500000,0.000000e+00,0.000000e+00,1.000000e+00,1.255740e-01,0.000000e+00,0.000000e+00,1.827593e-02,6.720890e-02
9.42000,0.600000,0.500000,0.000000e+00,0.000000e+00,1.000000e+00,1.255740e-01,0.000000e+00,0.000000e+00,1.827593e-02,6.720890e-02
9.42250,0.600000,0.500000,0.000000e+00,0.000000e+00,1.000000e+00,1.255740e-01,0.000000e+00,0.000000e+00,1.827593e-02,6.720891e-02
9.42500,0.600000,0.500000,0.000000e+00,0.000000e+00,1.000000e+00,1.255740e-01,0.000000e+00,0.000000e+00,1.827593e-02,6.720891e-02
9.42750,0.600000,0.500000,0.000000e+00,0.000000e+00,1.000000e+00,1.255740e-01,0.000000e+00,0.000000e+00,1.827593e-02,6.720891e-02
9.43000,0.600000,0.500000,0.000000e+00,0.000000e+00,1.000000e+00,1.255740e-01,0.000000e+00,0.000000e+00,1.827593e-02,6.720892e-02
9.43250,0.600000,0.500000,0.000000e+00,0.000000e+00,1.000000e+00,1.255740e-01,0.000000e+00,0.000000e+00,1.827593e-02,6.720892e-02
9.43500,0.600000,0.500000,0.000000e+00,0.000000e+00,1.000000e+00,1.255740e-01,0.000000e+00,0.000000e+00,1.827593e-02,6.720892e-02
9.43750,0.600000,0.500000,0.000000e+00,0.000000e+00,1.000000e+00,1.255740e-01,0.000000e+00,0.000000e+00,1.827593e-02,6.720893e-02
9.44000,0.600000,0.500000,0.000000e+00,0.000000e+00,1.000000e+00,1.255740e-01,0.000000e+00,0.000000e+00,1.827593e-02,6.720893e-02
9.44250,0.600000,0.500000,0.000000e+00,0.000000e+00,1.000000e+00,1.255740e-01,0.000000e+00,0.000000e+00,1.827593e-02,6.720893e-02
9.44500,0.600000,0.500000,0.000000e+00,0.000000e+00,1.000000e+00,1.255740e-01,0.000000e+00,0.000000e+00,1.827593e-02,6.720894e-02
9.44750,0.600000,0.500000,0.000000e+00,0.000000e+00,1.000000e+00,1.255740e-01,0.000000e+00,0.000000e+00,1.827593e-02,6.720894e-02
9.45000,0.600000,0.500000,0.000000e+00,0.000000e+00,1.000000e+00,1.255740e-01,0.000000e+00,0.000000e+00,1.827593e-02,6.720894e-02
9.45250,0.600000,0.500000,0.000000e+00,0.000000e+00,1.000000e+00,1.255740e-01,0.000000e+00,0.000000e+00,1.827593e-02,6.720895e-02
9.45500,0.600000,0.500000,0.000000e+00,0.000000e+00,1.000000e+00,1.255740e-01,0.000000e+00,0.000000e+00,1.827593e-02,6.720895e-02
9.45750,0.600000,0.500000,0.000000e+00,0.000000e+00,1.000000e+00,1.255740e-01,0.000000e+00,0.000000e+00,1.827593e-02,6.720895e-02
9.46000,0.600000,0.500000,0.000000e+00,0.000000e+00,1.000000e+00,1.255740e-01,0.000000e+00,0.000000e+00,1.827593e-02,6.720896e-02
9.46250,0.600000,0.500000,0.000000e+00,0.000000e+00,1.000000e+00,1.255740e-01,0.000000e+00,0.000000e+00,1.827593e-02,6.720896e-02
9.46500,0.600000,0.500000,0.000000e+00,0.000000e+00,1.000000e+00,1.255740e-01,0.000000e+00,0.000000e+00,1.827593e-02,6.720896e-02
9.46750,0.600000,0.500000,0.000000e+00,0.000000e+00,1.000000e+00,1.255740e-01,0.000000e+00,0.000000e+00,1.827593e-02,6.720896e-02
9.47000,0.600000,0.500000,0.000000e+00,0.000000e+00,1.000000e+00,1.255740e-01,0.000000e+00,0.000000e+00,1.827593e-02,6.720897e-02
9.47250,0.600000,0.500000,0.000000e+00,0.000000e+00,1.000000e+00,1.255740e-01,0.000000e+00,0.000000e+00,1.827593e-02,6.720897e-02
9.47500,0.600000,0.500000,0.000000e+00,0.000000e+00,1.000000e+00,1.255740e-01,0.000000e+00,0.000000e+00,1.827593e-02,6.720897e-02
9.47750,0.600000,0.500000,0.000000e+00,0.000000e+00,1.000000e+00,1.255740e-01,0.000000e+00,0.000000e+00,1.827593e-02,6.720898e-02
9.48000,0.600000,0.500000,0.000000e+00,0.000000e+00,1.000000e+00,1.255740e-01,0.000000e+00,0.000000e+00,1.827593e-02,6.720898e-02
9.48250,0.600000,0.500000,0.000000e+00,0.000000e+00,1.000000e+00,1.255740e-01,0.000000e+00,0.000000e+00,1.827593e-02,6.720898e-02
9.48500,0.600000,0.500000,0.000000e+00,0.000000e+00,1.000000e+00,1.255740e-01,0.000000e+00,0.000000e+00,1.827594e-02,6.720899e-02
9.48750,0.600000,0.500000,0.000000e+00,0.000000e+00,1.000000e+00,1.255740e-01,0.000000e+00,0.000000e+00,1.827594e-02,6.720899e-02
9.49000,0.600000,0.500000,0.000000e+00,0.000000e+00,1.000000e+00,1.255740e-01,0.000000e+00,0.000000e+00,1.827594e-02,6.720899e-02
9.49250,0.600000,0.500000,0.000000e+00,0.000000e+00,1.000000e+00,1.255740e-01,0.000000e+00,0.000000e+00,1.827594e-02,6.720900e-02
9.49500,0.600000,0.500000,0.000000e+00,0.000000e+00,1.000000e+00,1.255740e-01,0.000000e+00,0.000000e+00,1.827594e-02,6.720900e-02
9.49750,0.600000,0.500000,0.000000e+00,0.000000e+00,1.000000e+00,1.255740e-01,0.000000e+00,0.000000e+00,1.827594e-02,6.720900e-02
9.50000,0.600000,0.500000,0.000000e+00,0.000000e+00,1.000000e+00,1.255740e-01,0.000000e+00,0.000000e+00,1.827594e-02,6.720900e-02
9.50250,0.600000,0.500000,0.000000e+00,0.000000e+00,1.000000e+00,1.255740e-01,0.000000e+00,0.000000e+00,1.827594e-02,6.720901e-02
9.50500,0.600000,0.500000,0.000000e+00,0.000000e+00,1.000000e+00,1.255740e-01,0.000000e+00,0.000000e+00,1.827594e-02,6.720901e-02
9.50750,0.600000,0.500000,0.000000e+00,0.000000e+00,1.000000e+00,1.255740e-01,0.000000e+00,0.000000e+00,1.827594e-02,6.720901e-02
9.51000,0.600000,0.500000,0.000000e+00,0.000000e+00,1.000000e+00,1.255740e-01,0.000000e+00,0.000000e+00,1.827594e-02,6.720902e-02
9.51250,0.600000,0.500000,0.000000e+00,0.000000e+00,1.000000e+00,1.255740e-01,0.000000e+00,0.000000e+00,1.827594e-02,6.720902e-02
9.51500,0.600000,0.500000,0.000000e+00,0.000000e+00,1.000000e+00,1.255740e-01,0.000000e+00,0.000000e+00,1.827594e-02,6.720902e-02
9.51750,0.600000,0.500000,0.000000e+00,0.000000e+00,1.000000e+00,1.255740e-01,0.000000e+00,0.000000e+00,1.827594e-02,6.720903e-02
9.52000,0.600000,0.500000,0.000000e+00,0.000000e+00,1.000000e+00,1.255740e-01,0.000000e+00,0.000000e+00,1.827594e-02,6.720903e-02
9.52250,0.600000,0.500000,0.000000e+00,0.000000e+00,1.000000e+00,1.255740e-01,0.000000e+00,0.000000e+00,1.827594e-02,6.720903e-02
9.52500,0.600000,0.500000,0.000000e+00,0.000000e+00,1.000000e+00,1.255740e-01,0.000000e+00,0.000000e+00,1.827594e-02,6.720903e-02
9.52750,0.600000,0.500000,0.000000e+00,0.000000e+00,1.000000e+00,1.255740e-01,0.000000e+00,0.000000e+00,1.827594e-02,6.720904e-02
9.53000,0.600000,0.500000,0.000000e+00,0.000000e+00,1.000000e+00,1.255740e-01,0.000000e+00,0.000000e+00,1.827594e-02,6.720904e-02
9.53250,0.600000,0.500000,0.000000e+00,0.000000e+00,1.000000e+00,1.255740e-01,0.000000e+00,0.000000e+00,1.827594e-02,6.720904e-02
9.53500,0.600000,0.500000,0.000000e+00,0.000000e+00,1.000000e+00,1.255740e-01,0.000000e+00,0.000000e+00,1.827594e-02,6.720905e-02
9.53750,0.600000,0.500000,0.000000e+00,0.000000e+00,1.000000e+00,1.255740e-01,0.000000e+00,0.000000e+00,1.827594e-02,6.720905e-02
9.54000,0.600000,0.500000,0.000000e+00,0.000000e+00,1.000000e+00,1.255740e-01,0.000000e+00,0.000000e+00,1.827594e-02,6.720905e-02
9.54250,0.600000,0.500000,0.000000e+00,0.000000e+00,1.000000e+00,1.255740e-01,0.000000e+00,0.000000e+00,1.827594e-02,6.720905e-02
9.54500,0.600000,0.500000,0.000000e+00,0.000000e+00,1.000000e+00,1.255740e-01,0.000000e+00,0.000000e+00,1.827594e-02,6.720906e-02
9.54750,0.600000,0.500000,0.000000e+00,0.000000e+00,1.000000e+00,1.255740e-01,0.000000e+00,0.000000e+00,1.827594e-02,6.720906e-02
9.55000,0.600000,0.500000,0.000000e+00,0.000000e+00,1.000000e+00,1.255740e-01,0.000000e+00,0.000000e+00,1.827594e-02,6.720906e-02
9.55250,0.600000,0.500000,0.000000e+00,0.000000e+00,1.000000e+00,1.255740e-01,0.000000e+00,0.000000e+00,1.827594e-02,6.720907e-02
9.55500,0.600000,0.500000,0.000000e+00,0.000000e+00,1.000000e+00,1.255740e-01,0.000000e+00,0.000000e+00,1.827594e-02,6.720907e-02
9.55750,0.600000,0.500000,0.000000e+00,0.000000e+00,1.000000e+00,1.255740e-01,0.000000e+00,0.000000e+00,1.827594e-02,6.720907e-02
9.56000,0.600000,0.500000,0.000000e+00,0.000000e+00,1.000000e+00,1.255740e-01,0.000000e+00,0.000000e+00,1.827594e-02,6.720907e-02
9.56250,0.600000,0.500000,0.000000e+00,0.000000e+00,1.000000e+00,1.255740e-01,0.000000e+00,0.000000e+00,1.827594e-02,6.720908e-02
9.56500,0.600000,0.500000,0.000000e+00,0.000000e+00,1.000000e+00,1.255740e-01,0.000000e+00,0.000000e+00,1.827594e-02,6.720908e-02
9.56750,0.600000,0.500000,0.000000e+00,0.000000e+00,1.000000e+00,1.255740e-01,0.000000e+00,0.000000e+00,1.827594e-02,6.720908e-02
9.57000,0.600000,0.500000,0.000000e+00,0.000000e+00,1.000000e+00,1.255740e-01,0.000000e+00,0.000000e+00,1.827594e-02,6.720908e-02
9.57250,0.600000,0.500000,0.000000e+00,0.000000e+00,1.000000e+00,1.255740e-01,0.000000e+00,0.000000e+00,1.827594e-02,6.720909e-02
9.57500,0.600000,0.500000,0.000000e+00,0.000000e+00,1.000000e+00,1.255740e-01,0.000000e+00,0.000000e+00,1.827594e-02,6.720909e-02
9.57750,0.600000,0.500000,0.000000e+00,0.000000e+00,1.000000e+00,1.255740e-01,0.000000e+00,0.000000e+00,1.827595e-02,6.720909e-02
9.58000,0.600000,0.500000,0.000000e+00,0.000000e+00,1.000000e+00,1.255740e-01,0.000000e+00,0.000000e+00,1.827595e-02,6.720910e-02
9.58250,0.600000,0.500000,0.000000e+00,0.000000e+00,1.000000e+00,1.255740e-01,0.000000e+00,0.000000e+00,1.827595e-02,6.720910e-02
9.58500,0.600000,0.500000,0.000000e+00,0.000000e+00,1.000000e+00,1.255740e-01,0.000000e+00,0.000000e+00,1.827595e-02,6.720910e-02
9.58750,0.600000,0.500000,0.000000e+00,0.000000e+00,1.000000e+00,1.255740e-01,0.000000e+00,0.000000e+00,1.827595e-02,6.720910e-02
9.59000,0.600000,0.500000,0.000000e+00,0.000000e+00,1.000000e+00,1.255740e-01,0.000000e+00,0.000000e+00,1.827595e-02,6.720911e-02
9.59250,0.600000,0.500000,0.000000e+00,0.000000e+00,1.000000e+00,1.255740e-01,0.000000e+00,0.000000e+00,1.827595e-02,6.720911e-02
9.59500,0.600000,0.500000,0.000000e+00,0.000000e+00,1.000000e+00,1.255740e-01,0.000000e+00,0.000000e+00,1.827595e-02,6.720911e-02
9.59750,0.600000,0.500000,0.000000e+00,0.000000e+00,1.000000e+00,1.255740e-01,0.000000e+00,0.000000e+00,1.827595e-02,6.720912e-02
9.60000,0.600000,0.500000,0.000000e+00,0.000000e+00,1.000000e+00,1.255740e-01,0.000000e+00,0.000000e+00,1.827595e-02,6.720912e-02
9.60250,0.600000,0.500000,0.000000e+00,0.000000e+00,1.000000e+00,1.255740e-01,0.000000e+00,0.000000e+00,1.827595e-02,6.720912e-02
9.60500,0.600000,0.500000,0.000000e+00,0.000000e+00,1.000000e+00,1.255740e-01,0.000000e+00,0.000000e+00,1.827595e-02,6.720912e-02
9.60750,0.600000,0.500000,0.000000e+00,0.000000e+00,1.000000e+00,1.255740e-01,0.000000e+00,0.000000e+00,1.827595e-02,6.720913e-02
9.61000,0.600000,0.500000,0.000000e+00,0.000000e+00,1.000000e+00,1.255740e-01,0.000000e+00,0.000000e+00,1.827595e-02,6.720913e-02
9.61250,0.600000,0.500000,0.000000e+00,0.000000e+00,1.000000e+00,1.255740e-01,0.000000e+00,0.000000e+00,1.827595e-02,6.720913e-02
9.61500,0.600000,0.500000,0.000000e+00,0.000000e+00,1.000000e+00,1.255740e-01,0.000000e+00,0.000000e+00,1.827595e-02,6.720913e-02
9.61750,0.600000,0.500000,0.000000e+00,0.000000e+00,1.000000e+00,1.255740e-01,0.000000e+00,0.000000e+00,1.827595e-02,6.720914e-02
9.62000,0.600000,0.500000,0.000000e+00,0.000000e+00,1.000000e+00,1.255740e-01,0.000000e+00,0.000000e+00,1.827595e-02,6.720914e-02
9.62250,0.600000,0.500000,0.000000e+00,0.000000e+00,1.000000e+00,1.255740e-01,0.000000e+00,0.000000e+00,1.827595e-02,6.720914e-02
9.62500,0.600000,0.500000,0.000000e+00,0.000000e+00,1.000000e+00,1.255740e-01,0.000000e+00,0.000000e+00,1.827595e-02,6.720914e-02
9.62750,0.600000,0.500000,0.000000e+00,0.000000e+00,1.000000e+00,1.255740e-01,0.000000e+00,0.000000e+00,1.827595e-02,6.720915e-02
9.63000,0.600000,0.500000,0.000000e+00,0.000000e+00,1.000000e+00,1.255740e-01,0.000000e+00,0.000000e+00,1.827595e-02,6.720915e-02
9.63250,0.600000,0.500000,0.000000e+00,0.000000e+00,1.000000e+00,1.255740e-01,0.000000e+00,0.000000e+00,1.827595e-02,6.720915e-02
9.63500,0.600000,0.500000,0.000000e+00,0.000000e+00,1.000000e+00,1.255740e-01,0.000000e+00,0.000000e+00,1.827595e-02,6.720915e-02
9.63750,0.600000,0.500000,0.000000e+00,0.000000e+00,1.000000e+00,1.255740e-01,0.000000e+00,0.000000e+00,1.827595e-02,6.720916e-02
9.64000,0.600000,0.500000,0.000000e+00,0.000000e+00,1.000000e+00,1.255740e-01,0.000000e+00,0.000000e+00,1.827595e-02,6.720916e-02
9.64250,0.600000,0.500000,0.000000e+00,0.000000e+00,1.000000e+00,1.255740e-01,0.000000e+00,0.000000e+00,1.827595e-02,6.720916e-02
9.64500,0.600000,0.500000,0.000000e+00,0.000000e+00,1.000000e+00,1.255740e-01,0.000000e+00,0.000000e+00,1.827595e-02,6.720917e-02
9.64750,0.600000,0.500000,0.000000e+00,0.000000e+00,1.000000e+00,1.255740e-01,0.000000e+00,0.000000e+00,1.827595e-02,6.720917e-02
9.65000,0.600000,0.500000,0.000000e+00,0.000000e+00,1.000000e+00,1.255740e-01,0.000000e+00,0.000000e+00,1.827595e-02,6.720917e-02
9.65250,0.600000,0.500000,0.000000e+00,0.000000e+00,1.000000e+00,1.255740e-01,0.000000e+00,0.000000e+00,1.827595e-02,6.720917e-02
9.65500,0.600000,0.500000,0.000000e+00,0.000000e+00,1.000000e+00,1.255740e-01,0.000000e+00,0.000000e+00,1.827595e-02,6.720918e-02
9.65750,0.600000,0.500000,0.000000e+00,0.000000e+00,1.000000e+00,1.255740e-01,0.000000e+00,0.000000e+00,1.827595e-02,6.720918e-02
9.66000,0.600000,0.500000,0.000000e+00,0.000000e+00,1.000000e+00,1.255740e-01,0.000000e+00,0.000000e+00,1.827595e-02,6.720918e-02
9.66250,0.600000,0.500000,0.000000e+00,0.000000e+00,1.000000e+00,1.255740e-01,0.000000e+00,0.000000e+00,1.827595e-02,6.720918e-02
9.66500,0.600000,0.500000,0.000000e+00,0.000000e+00,1.000000e+00,1.255740e-01,0.000000e+00,0.000000e+00,1.827595e-02,6.720919e-02
9.66750,0.600000,0.500000,0.000000e+00,0.000000e+00,1.000000e+00,1.255740e-01,0.000000e+00,0.000000e+00,1.827595e-02,6.720919e-02
9.67000,0.600000,0.500000,0.000000e+00,0.000000e+00,1.000000e+00,1.255740e-01,0.000000e+00,0.000000e+00,1.827595e-02,6.720919e-02
9.67250,0.600000,0.500000,0.000000e+00,0.000000e+00,1.000000e+00,1.255740e-01,0.000000e+00,0.000000e+00,1.827595e-02,6.720919e-02
9.67500,0.600000,0.500000,0.000000e+00,0.000000e+00,1.000000e+00,1.255740e-01,0.000000e+00,0.000000e+00,1.827595e-02,6.720920e-02
9.67750,0.600000,0.500000,0.000000e+00,0.000000e+00,1.000000e+00,1.255740e-01,0.000000e+00,0.000000e+00,1.827595e-02,6.720920e-02
9.68000,0.600000,0.500000,0.000000e+00,0.000000e+00,1.000000e+00,1.255740e-01,0.000000e+00,0.000000e+00,1.827595e-02,6.720920e-02
9.68250,0.600000,0.500000,0.000000e+00,0.000000e+00,1.000000e+00,1.255740e-01,0.000000e+00,0.000000e+00,1.827596e-02,6.720920e-02
9.68500,0.600000,0.500000,0.000000e+00,0.000000e+00,1.000000e+00,1.255740e-01,0.000000e+00,0.000000e+00,1.827596e-02,6.720921e-02
9.68750,0.600000,0.500000,0.000000e+00,0.000000e+00,1.000000e+00,1.255740e-01,0.000000e+00,0.000000e+00,1.827596e-02,6.720921e-02
9.69000,0.600000,0.500000,0.000000e+00,0.000000e+00,1.000000e+00,1.255740e-01,0.000000e+00,0.000000e+00,1.827596e-02,6.720921e-02
9.69250,0.600000,0.500000,0.000000e+00,0.000000e+00,1.000000e+00,1.255740e-01,0.000000e+00,0.000000e+00,1.827596e-02,6.720921e-02
9.69500,0.600000,0.500000,0.000000e+00,0.000000e+00,1.000000e+00,1.255740e-01,0.000000e+00,0.000000e+00,1.827596e-02,6.720921e-02
9.69750,0.600000,0.500000,0.000000e+00,0.000000e+00,1.000000e+00,1.255740e-01,0.000000e+00,0.000000e+00,1.827596e-02,6.720922e-02
9.70000,0.600000,0.500000,0.000000e+00,0.000000e+00,1.000000e+00,1.255740e-01,0.000000e+00,0.000000e+00,1.827596e-02,6.720922e-02
9.70250,0.600000,0.500000,0.000000e+00,0.000000e+00,1.000000e+00,1.255740e-01,0.000000e+00,0.000000e+00,1.827596e-02,6.720922e-02
9.70500,0.600000,0.500000,0.000000e+00,0.000000e+00,1.000000e+00,1.255740e-01,0.000000e+00,0.000000e+00,1.827596e-02,6.720922e-02
9.70750,0.600000,0.500000,0.000000e+00,0.000000e+00,1.000000e+00,1.255740e-01,0.000000e+00,0.000000e+00,1.827596e-02,6.720923e-02
9.71000,0.600000,0.500000,0.000000e+00,0.000000e+00,1.000000e+00,1.255740e-01,0.000000e+00,0.000000e+00,1.827596e-02,6.720923e-02
9.71250,0.600000,0.500000,0.000000e+00,0.000000e+00,1.000000e+00,1.255740e-01,0.000000e+00,0.000000e+00,1.827596e-02,6.720923e-02
9.71500,0.600000,0.500000,0.000000e+00,0.000000e+00,1.000000e+00,1.255740e-01,0.000000e+00,0.000000e+00,1.827596e-02,6.720923e-02
9.71750,0.600000,0.500000,0.000000e+00,0.000000e+00,1.000000e+00,1.255740e-01,0.000000e+00,0.000000e+00,1.827596e-02,6.720924e-02
9.72000,0.600000,0.500000,0.000000e+00,0.000000e+00,1.000000e+00,1.255740e-01,0.000000e+00,0.000000e+00,1.827596e-02,6.720924e-02
9.72250,0.600000,0.500000,0.000000e+00,0.000000e+00,1.000000e+00,1.255740e-01,0.000000e+00,0.000000e+00,1.827596e-02,6.720924e-02
9.72500,0.600000,0.500000,0.000000e+00,0.000000e+00,1.000000e+00,1.255740e-01,0.000000e+00,0.000000e+00,1.827596e-02,6.720924e-02
9.72750,0.600000,0.500000,0.000000e+00,0.000000e+00,1.000000e+00,1.255740e-01,0.000000e+00,0.000000e+00,1.827596e-02,6.720925e-02
9.73000,0.600000,0.500000,0.000000e+00,0.000000e+00,1.000000e+00,1.255740e-01,0.000000e+00,0.000000e+00,1.827596e-02,6.720925e-02
9.73250,0.600000,0.500000,0.000000e+00,0.000000e+00,1.000000e+00,1.255740e-01,0.000000e+00,0.000000e+00,1.827596e-02,6.720925e-02
9.73500,0.600000,0.500000,0.000000e+00,0.000000e+00,1.000000e+00,1.255740e-01,0.000000e+00,0.000000e+00,1.827596e-02,6.720925e-02
9.73750,0.600000,0.500000,0.000000e+00,0.000000e+00,1.000000e+00,1.255740e-01,0.000000e+00,0.000000e+00,1.827596e-02,6.720926e-02
9.74000,0.600000,0.500000,0.000000e+00,0.000000e+00,1.000000e+00,1.255740e-01,0.000000e+00,0.000000e+00,1.827596e-02,6.720926e-02
9.74250,0.600000,0.500000,0.000000e+00,0.000000e+00,1.000000e+00,1.255740e-01,0.000000e+00,0.000000e+00,1.827596e-02,6.720926e-02
9.74500,0.600000,0.500000,0.000000e+00,0.000000e+00,1.000000e+00,1.255740e-01,0.000000e+00,0.000000e+00,1.827596e-02,6.720926e-02
9.74750,0.600000,0.500000,0.000000e+00,0.000000e+00,1.000000e+00,1.255740e-01,0.000000e+00,0.000000e+00,1.827596e-02,6.720926e-02
9.75000,0.600000,0.500000,0.000000e+00,0.000000e+00,1.000000e+00,1.255740e-01,0.000000e+00,0.000000e+00,1.827596e-02,6.720927e-02
9.75250,0.600000,0.500000,0.000000e+00,0.000000e+00,1.000000e+00,1.255740e-01,0.000000e+00,0.000000e+00,1.827596e-02,6.720927e-02
9.75500,0.600000,0.500000,0.000000e+00,0.000000e+00,1.000000e+00,1.255740e-01,0.000000e+00,0.000000e+00,1.827596e-02,6.720927e-02
9.75750,0.600000,0.500000,0.000000e+00,0.000000e+00,1.000000e+00,1.255740e-01,0.000000e+00,0.000000e+00,1.827596e-02,6.720927e-02
9.76000,0.600000,0.500000,0.000000e+00,0.000000e+00,1.000000e+00,1.255740e-01,0.000000e+00,0.000000e+00,1.827596e-02,6.720928e-02
9.76250,0.600000,0.500000,0.000000e+00,0.000000e+00,1.000000e+00,1.255740e-01,0.000000e+00,0.000000e+00,1.827596e-02,6.720928e-02
9.76500,0.600000,0.500000,0.000000e+00,0.000000e+00,1.000000e+00,1.255740e-01,0.000000e+00,0.000000e+00,1.827596e-02,6.720928e-02
9.76750,0.600000,0.500000,0.000000e+00,0.000000e+00,1.000000e+00,1.255740e-01,0.000000e+00,0.000000e+00,1.827596e-02,6.720928e-02
9.77000,0.600000,0.500000,0.000000e+00,0.000000e+00,1.000000e+00,1.255740e-01,0.000000e+00,0.000000e+00,1.827596e-02,6.720928e-02
9.77250,0.600000,0.500000,0.000000e+00,0.000000e+00,1.000000e+00,1.255740e-01,0.000000e+00,0.000000e+00,1.827596e-02,6.720929e-02
9.77500,0.600000,0.500000,0.000000e+00,0.000000e+00,1.000000e+00,1.255740e-01,0.000000e+00,0.000000e+00,1.827596e-02,6.720929e-02
9.77750,0.600000,0.500000,0.000000e+00,0.000000e+00,1.000000e+00,1.255740e-01,0.000000e+00,0.000000e+00,1.827596e-02,6.720929e-02
9.78000,0.600000,0.500000,0.000000e+00,0.000000e+00,1.000000e+00,1.255740e-01,0.000000e+00,0.000000e+00,1.827596e-02,6.720929e-02
9.78250,0.600000,0.500000,0.000000e+00,0.000000e+00,1.000000e+00,1.255740e-01,0.000000e+00,0.000000e+00,1.827596e-02,6.720930e-02
9.78500,0.600000,0.500000,0.000000e+00,0.000000e+00,1.000000e+00,1.255740e-01,0.000000e+00,0.000000e+00,1.827596e-02,6.720930e-02
9.78750,0.600000,0.500000,0.000000e+00,0.000000e+00,1.000000e+00,1.255740e-01,0.000000e+00,0.000000e+00,1.827596e-02,6.720930e-02
9.79000,0.600000,0.500000,0.000000e+00,0.000000e+00,1.000000e+00,1.255740e-01,0.000000e+00,0.000000e+00,1.827596e-02,6.720930e-02
9.79250,0.600000,0.500000,0.000000e+00,0.000000e+00,1.000000e+00,1.255740e-01,0.000000e+00,0.000000e+00,1.827596e-02,6.720930e-02
9.79500,0.600000,0.500000,0.000000e+00,0.000000e+00,1.000000e+00,1.255740e-01,0.000000e+00,0.000000e+00,1.827596e-02,6.720931e-02
9.79750,0.600000,0.500000,0.000000e+00,0.000000e+00,1.000000e+00,1.255740e-01,0.000000e+00,0.000000e+00,1.827596e-02,6.720931e-02
9.80000,0.600000,0.500000,0.000000e+00,0.000000e+00,1.000000e+00,1.255740e-01,0.000000e+00,0.000000e+00,1.827597e-02,6.720931e-02
9.80250,0.600000,0.500000,0.000000e+00,0.000000e+00,1.000000e+00,1.255740e-01,0.000000e+00,0.000000e+00,1.827597e-02,6.720931e-02
9.80500,0.600000,0.500000,0.000000e+00,0.000000e+00,1.000000e+00,1.255740e-01,0.000000e+00,0.000000e+00,1.827597e-02,6.720932e-02
9.80750,0.600000,0.500000,0.000000e+00,0.000000e+00,1.000000e+00,1.255740e-01,0.000000e+00,0.000000e+00,1.827597e-02,6.720932e-02
9.81000,0.600000,0.500000,0.000000e+00,0.000000e+00,1.000000e+00,1.255740e-01,0.000000e+00,0.000000e+00,1.827597e-02,6.720932e-02
9.81250,0.600000,0.500000,0.000000e+00,0.000000e+00,1.000000e+00,1.255740e-01,0.000000e+00,0.000000e+00,1.827597e-02,6.720932e-02
9.81500,0.600000,0.500000,0.000000e+00,0.000000e+00,1.000000e+00,1.255740e-01,0.000000e+00,0.000000e+00,1.827597e-02,6.720932e-02
9.81750,0.600000,0.500000,0.000000e+00,0.000000e+00,1.000000e+00,1.255740e-01,0.000000e+00,0.000000e+00,1.827597e-02,6.720933e-02
9.82000,0.600000,0.500000,0.000000e+00,0.000000e+00,1.000000e+00,1.255740e-01,0.000000e+00,0.000000e+00,1.827597e-02,6.720933e-02
9.82250,0.600000,0.500000,0.000000e+00,0.000000e+00,1.000000e+00,1.255740e-01,0.000000e+00,0.000000e+00,1.827597e-02,6.720933e-02
9.82500,0.600000,0.500000,0.000000e+00,0.000000e+00,1.000000e+00,1.255740e-01,0.000000e+00,0.000000e+00,1.827597e-02,6.720933e-02
9.82750,0.600000,0.500000,0.000000e+00,0.000000e+00,1.000000e+00,1.255740e-01,0.000000e+00,0.000000e+00,1.827597e-02,6.720933e-02
9.83000,0.600000,0.500000,0.000000e+00,0.000000e+00,1.000000e+00,1.255740e-01,0.000000e+00,0.000000e+00,1.827597e-02,6.720934e-02
9.83250,0.600000,0.500000,0.000000e+00,0.000000e+00,1.000000e+00,1.255740e-01,0.000000e+00,0.000000e+00,1.827597e-02,6.720934e-02
9.83500,0.600000,0.500000,0.000000e+00,0.000000e+00,1.000000e+00,1.255740e-01,0.000000e+00,0.000000e+00,1.827597e-02,6.720934e-02
9.83750,0.600000,0.500000,0.000000e+00,0.000000e+00,1.000000e+00,1.255740e-01,0.000000e+00,0.000000e+00,1.827597e-02,6.720934e-02
9.84000,0.600000,0.500000,0.000000e+00,0.000000e+00,1.000000e+00,1.255740e-01,0.000000e+00,0.000000e+00,1.827597e-02,6.720935e-02
9.84250,0.600000,0.500000,0.000000e+00,0.000000e+00,1.000000e+00,1.255740e-01,0.000000e+00,0.000000e+00,1.827597e-02,6.720935e-02
9.84500,0.600000,0.500000,0.000000e+00,0.000000e+00,1.000000e+00,1.255740e-01,0.000000e+00,0.000000e+00,1.827597e-02,6.720935e-02
9.84750,0.600000,0.500000,0.000000e+00,0.000000e+00,1.000000e+00,1.255740e-01,0.000000e+00,0.000000e+00,1.827597e-02,6.720935e-02
9.85000,0.600000,0.500000,0.000000e+00,0.000000e+00,1.000000e+00,1.255740e-01,0.000000e+00,0.000000e+00,1.827597e-02,6.720935e-02
9.85250,0.600000,0.500000,0.000000e+00,0.000000e+00,1.000000e+00,1.255740e-01,0.000000e+00,0.000000e+00,1.827597e-02,6.720936e-02
9.85500,0.600000,0.500000,0.000000e+00,0.000000e+00,1.000000e+00,1.255740e-01,0.000000e+00,0.000000e+00,1.827597e-02,6.720936e-02
9.85750,0.600000,0.500000,0.000000e+00,0.000000e+00,1.000000e+00,1.255740e-01,0.000000e+00,0.000000e+00,1.827597e-02,6.720936e-02
9.86000,0.600000,0.500000,0.000000e+00,0.000000e+00,1.000000e+00,1.255740e-01,0.000000e+00,0.000000e+00,1.827597e-02,6.720936e-02
9.86250,0.600000,0.500000,0.000000e+00,0.000000e+00,1.000000e+00,1.255740e-01,0.000000e+00,0.000000e+00,1.827597e-02,6.720936e-02
9.86500,0.600000,0.500000,0.000000e+00,0.000000e+00,1.000000e+00,1.255740e-01,0.000000e+00,0.000000e+00,1.827597e-02,6.720937e-02
9.86750,0.600000,0.500000,0.000000e+00,0.000000e+00,1.000000e+00,1.255740e-01,0.000000e+00,0.000000e+00,1.827597e-02,6.720937e-02
9.87000,0.600000,0.500000,0.000000e+00,0.000000e+00,1.000000e+00,1.255740e-01,0.000000e+00,0.000000e+00,1.827597e-02,6.720937e-02
9.87250,0.600000,0.500000,0.000000e+00,0.000000e+00,1.000000e+00,1.255740e-01,0.000000e+00,0.000000e+00,1.827597e-02,6.720937e-02
9.87500,0.600000,0.500000,0.000000e+00,0.000000e+00,1.000000e+00,1.255740e-01,0.000000e+00,0.000000e+00,1.827597e-02,6.720937e-02
9.87750,0.600000,0.500000,0.000000e+00,0.000000e+00,1.000000e+00,1.255740e-01,0.000000e+00,0.000000e+00,1.827597e-02,6.720938e-02
9.88000,0.600000,0.500000,0.000000e+00,0.000000e+00,1.000000e+00,1.255740e-01,0.000000e+00,0.000000e+00,1.827597e-02,6.720938e-02
9.88250,0.600000,0.500000,0.000000e+00,0.000000e+00,1.000000e+00,1.255740e-01,0.000000e+00,0.000000e+00,1.827597e-02,6.720938e-02
9.88500,0.600000,0.500000,0.000000e+00,0.000000e+00,1.000000e+00,1.255740e-01,0.000000e+00,0.000000e+00,1.827597e-02,6.720938e-02
9.88750,0.600000,0.500000,0.000000e+00,0.000000e+00,1.000000e+00,1.255740e-01,0.000000e+00,0.000000e+00,1.827597e-02,6.720938e-02
9.89000,0.600000,0.500000,0.000000e+00,0.000000e+00,1.000000e+00,1.255740e-01,0.000000e+00,0.000000e+00,1.827597e-02,6.720939e-02
9.89250,0.600000,0.500000,0.000000e+00,0.000000e+00,1.000000e+00,1.255740e-01,0.000000e+00,0.000000e+00,1.827597e-02,6.720939e-02
9.89500,0.600000,0.500000,0.000000e+00,0.000000e+00,1.000000e+00,1.255740e-01,0.000000e+00,0.000000e+00,1.827597e-02,6.720939e-02
9.89750,0.600000,0.500000,0.000000e+00,0.000000e+00,1.000000e+00,1.255740e-01,0.000000e+00,0.000000e+00,1.827597e-02,6.720939e-02
9.90000,0.600000,0.500000,0.000000e+00,0.000000e+00,1.000000e+00,1.255740e-01,0.000000e+00,0.000000e+00,1.827597e-02,6.720939e-02
9.90250,0.600000,0.500000,0.000000e+00,0.000000e+00,1.000000e+00,1.255740e-01,0.000000e+00,0.000000e+00,1.827597e-02,6.720940e-02
9.90500,0.600000,0.500000,0.000000e+00,0.000000e+00,1.000000e+00,1.255740e-01,0.000000e+00,0.000000e+00,1.827597e-02,6.720940e-02
9.90750,0.600000,0.500000,0.000000e+00,0.000000e+00,1.000000e+00,1.255740e-01,0.000000e+00,0.000000e+00,1.827597e-02,6.720940e-02
9.91000,0.600000,0.500000,0.000000e+00,0.000000e+00,1.000000e+00,1.255740e-01,0.000000e+00,0.000000e+00,1.827597e-02,6.720940e-02
9.91250,0.600000,0.500000,0.000000e+00,0.000000e+00,1.000000e+00,1.255740e-01,0.000000e+00,0.000000e+00,1.827597e-02,6.720940e-02
9.91500,0.600000,0.500000,0.000000e+00,0.000000e+00,1.000000e+00,1.255740e-01,0.000000e+00,0.000000e+00,1.827597e-02,6.720941e-02
9.91750,0.600000,0.500000,0.000000e+00,0.000000e+00,1.000000e+00,1.255740e-01,0.000000e+00,0.000000e+00,1.827597e-02,6.720941e-02
9.92000,0.600000,0.500000,0.000000e+00,0.000000e+00,1.000000e+00,1.255740e-01,0.000000e+00,0.000000e+00,1.827597e-02,6.720941e-02
9.92250,0.600000,0.500000,0.000000e+00,0.000000e+00,1.000000e+00,1.255740e-01,0.000000e+00,0.000000e+00,1.827597e-02,6.720941e-02
9.92500,0.600000,0.500000,0.000000e+00,0.000000e+00,1.000000e+00,1.255740e-01,0.000000e+00,0.000000e+00,1.827597e-02,6.720941e-02
9.92750,0.600000,0.500000,0.000000e+00,0.000000e+00,1.000000e+00,1.255740e-01,0.000000e+00,0.000000e+00,1.827597e-02,6.720941e-02
9.93000,0.600000,0.500000,0.000000e+00,0.000000e+00,1.000000e+00,1.255740e-01,0.000000e+00,0.000000e+00,1.827597e-02,6.720942e-02
9.93250,0.600000,0.500000,0.000000e+00,0.000000e+00,1.000000e+00,1.255740e-01,0.000000e+00,0.000000e+00,1.827597e-02,6.720942e-02
9.93500,0.600000,0.500000,0.000000e+00,0.000000e+00,1.000000e+00,1.255740e-01,0.000000e+00,0.000000e+00,1.827598e-02,6.720942e-02
9.93750,0.600000,0.500000,0.000000e+00,0.000000e+00,1.000000e+00,1.255740e-01,0.000000e+00,0.000000e+00,1.827598e-02,6.720942e-02
9.94000,0.600000,0.500000,0.000000e+00,0.000000e+00,1.000000e+00,1.255740e-01,0.000000e+00,0.000000e+00,1.827598e-02,6.720942e-02
9.94250,0.600000,0.500000,0.000000e+00,0.000000e+00,1.000000e+00,1.255740e-01,0.000000e+00,0.000000e+00,1.827598e-02,6.720943e-02
9.94500,0.600000,0.500000,0.000000e+00,0.000000e+00,1.000000e+00,1.255740e-01,0.000000e+00,0.000000e+00,1.827598e-02,6.720943e-02
9.94750,0.600000,0.500000,0.000000e+00,0.000000e+00,1.000000e+00,1.255740e-01,0.000000e+00,0.000000e+00,1.827598e-02,6.720943e-02
9.95000,0.600000,0.500000,0.000000e+00,0.000000e+00,1.000000e+00,1.255740e-01,0.000000e+00,0.000000e+00,1.827598e-02,6.720943e-02
9.95250,0.600000,0.500000,0.000000e+00,0.000000e+00,1.000000e+00,1.255740e-01,0.000000e+00,0.000000e+00,1.827598e-02,6.720943e-02
9.95500,0.600000,0.500000,0.000000e+00,0.000000e+00,1.000000e+00,1.255740e-01,0.000000e+00,0.000000e+00,1.827598e-02,6.720944e-02
9.95750,0.600000,0.500000,0.000000e+00,0.000000e+00,1.000000e+00,1.255740e-01,0.000000e+00,0.000000e+00,1.827598e-02,6.720944e-02
9.96000,0.600000,0.500000,0.000000e+00,0.000000e+00,1.000000e+00,1.255740e-01,0.000000e+00,0.000000e+00,1.827598e-02,6.720944e-02
9.96250,0.600000,0.500000,0.000000e+00,0.000000e+00,1.000000e+00,1.255740e-01,0.000000e+00,0.000000e+00,1.827598e-02,6.720944e-02
9.96500,0.600000,0.500000,0.000000e+00,0.000000e+00,1.000000e+00,1.255740e-01,0.000000e+00,0.000000e+00,1.827598e-02,6.720944e-02
9.96750,0.600000,0.500000,0.000000e+00,0.000000e+00,1.000000e+00,1.255740e-01,0.000000e+00,0.000000e+00,1.827598e-02,6.720944e-02
9.97000,0.600000,0.500000,0.000000e+00,0.000000e+00,1.000000e+00,1.255740e-01,0.000000e+00,0.000000e+00,1.827598e-02,6.720945e-02
9.97250,0.600000,0.500000,0.000000e+00,0.000000e+00,1.000000e+00,1.255740e-01,0.000000e+00,0.000000e+00,1.827598e-02,6.720945e-02
9.97500,0.600000,0.500000,0.000000e+00,0.000000e+00,1.000000e+00,1.255740e-01,0.000000e+00,0.000000e+00,1.827598e-02,6.720945e-02
9.97750,0.600000,0.500000,0.000000e+00,0.000000e+00,1.000000e+00,1.255740e-01,0.000000e+00,0.000000e+00,1.827598e-02,6.720945e-02
9.98000,0.600000,0.500000,0.000000e+00,0.000000e+00,1.000000e+00,1.255740e-01,0.000000e+00,0.000000e+00,1.827598e-02,6.720945e-02
9.98250,0.600000,0.500000,0.000000e+00,0.000000e+00,1.000000e+00,1.255740e-01,0.000000e+00,0.000000e+00,1.827598e-02,6.720946e-02
9.98500,0.600000,0.500000,0.000000e+00,0.000000e+00,1.000000e+00,1.255740e-01,0.000000e+00,0.000000e+00,1.827598e-02,6.720946e-02
9.98750,0.600000,0.500000,0.000000e+00,0.000000e+00,1.000000e+00,1.255740e-01,0.000000e+00,0.000000e+00,1.827598e-02,6.720946e-02
9.99000,0.600000,0.500000,0.000000e+00,0.000000e+00,1.000000e+00,1.255740e-01,0.000000e+00,0.000000e+00,1.827598e-02,6.720946e-02
9.99250,0.600000,0.500000,0.000000e+00,0.000000e+00,1.000000e+00,1.255740e-01,0.000000e+00,0.000000e+00,1.827598e-02,6.720946e-02
9.99500,0.600000,0.500000,0.000000e+00,0.000000e+00,1.000000e+00,1.255740e-01,0.000000e+00,0.000000e+00,1.827598e-02,6.720946e-02
9.99750,0.600000,0.500000,0.000000e+00,0.000000e+00,1.000000e+00,1.255740e-01,0.000000e+00,0.000000e+00,1.827598e-02,6.720947e-02
10.00000,0.600000,0.500000,0.000000e+00,0.000000e+00,1.000000e+00,1.255740e-01,0.000000e+00,0.000000e+00,1.827598e-02,6.720947e-02
